0 10017 -19758
1 9897 -19358
2 9861 -19210
3 9865 -19258
4 9831 -19190
5 9775 -19030
6 9829 -19170
7 9797 -19066
8 9771 -18898
9 9745 -18930
10 9681 -18726
11 9687 -18866
12 9709 -18910
13 9679 -18818
14 9737 -18950
15 9703 -18882
16 9689 -18786
17 9693 -18810
18 9657 -18670
19 9725 -18886
20 9715 -18802
21 9745 -18894
22 9685 -18770
23 9733 -18822
24 9717 -18834
25 9757 -18886
26 9713 -18774
27 9741 -18826
28 9735 -18890
29 9757 -18970
30 9789 -18994
31 9793 -19078
32 9825 -19126
33 9785 -19038
34 9777 -18978
35 9735 -18954
36 9753 -18994
37 9769 -19026
38 9759 -19038
39 9731 -18914
40 9759 -18942
41 9717 -18930
42 9801 -19078
43 9787 -18966
44 9819 -19082
45 9793 -19058
46 9859 -19238
47 9831 -19178
48 9823 -19158
49 9805 -19134
50 9757 -19014
51 9797 -19122
52 9797 -19070
53 9769 -18994
54 9731 -18962
55 9725 -18902
56 9701 -18814
57 9751 -18934
58 9817 -19078
59 9845 -19170
60 9837 -19174
61 9745 -18942
62 9733 -18914
63 9743 -18922
64 9789 -19030
65 9785 -19078
66 9805 -19170
67 9717 -18862
68 9755 -19022
69 9731 -18870
70 9701 -18814
71 9683 -18742
72 9769 -19018
73 9775 -19022
74 9787 -19046
75 9787 -18986
76 9799 -19066
77 9781 -19022
78 9773 -18978
79 9773 -18954
80 9781 -18998
81 9729 -18918
82 9699 -18882
83 9697 -18826
84 9631 -18694
85 9703 -18894
86 9667 -18746
87 9717 -18826
88 9683 -18774
89 9767 -18982
90 9711 -18778
91 9719 -18786
92 9723 -18810
93 9747 -18866
94 9773 -18986
95 9753 -18958
96 9801 -19098
97 9807 -19066
98 9813 -19086
99 9751 -18894
100 9787 -19038
101 9755 -18894
102 9821 -19158
103 9801 -19042
104 9779 -18994
105 9751 -18862
106 9701 -18766
107 9679 -18734
108 9701 -18802
109 9711 -18918
110 9763 -19034
111 9755 -18942
112 9755 -18954
113 9779 -19018
114 9813 -19070
115 9727 -18830
116 9735 -18946
117 9747 -18866
118 9751 -18910
119 9687 -18730
120 9739 -18926
121 9759 -18978
122 9735 -18898
123 9719 -18858
124 9737 -18962
125 9761 -18974
126 9781 -19010
127 9777 -19006
128 9725 -18814
129 9761 -18990
130 9741 -18918
131 9771 -19030
132 9793 -19070
133 9819 -19146
134 9823 -19126
135 9759 -19010
136 9755 -18970
137 9773 -19038
138 9733 -18874
139 9737 -18898
140 9745 -18886
141 9713 -18850
142 9729 -18894
143 9771 -19038
144 9755 -18958
145 9699 -18842
146 9723 -18914
147 9767 -19054
148 9765 -18918
149 9767 -19010
150 9749 -18958
151 9763 -19034
152 9771 -19002
153 9769 -19058
154 9711 -18866
155 9681 -18750
156 9707 -18870
157 9697 -18858
158 9611 -18638
159 9565 -18522
160 9637 -18702
161 9623 -18674
162 9601 -18690
163 9643 -18818
164 9611 -18786
165 9641 -18766
166 9669 -18706
167 9657 -18666
168 9687 -18818
169 9705 -18838
170 9763 -18934
171 9769 -19010
172 9731 -18910
173 9717 -18982
174 9717 -18902
175 9731 -18878
176 9775 -19034
177 9795 -19070
178 9759 -18942
179 9777 -19014
180 9815 -19110
181 9799 -19062
182 9783 -19038
183 9729 -18850
184 9779 -19054
185 9795 -19074
186 9771 -19042
187 9727 -18918
188 9681 -18782
189 9729 -18934
190 9759 -18974
191 9747 -18990
192 9721 -18934
193 9693 -18882
194 9755 -19050
195 9687 -18806
196 9715 -18842
197 9689 -18778
198 9769 -18982
199 9793 -19014
200 9799 -19022
201 9803 -19006
202 9757 -18934
203 9737 -18846
204 9761 -18966
205 9789 -19022
206 9815 -19050
207 9783 -18982
208 9799 -18990
209 9821 -19086
210 9809 -19086
211 9795 -19094
212 9765 -19010
213 9749 -18874
214 9767 -18978
215 9785 -19050
216 9803 -19022
217 9799 -18962
218 9839 -19130
219 9809 -19070
220 9719 -18818
221 9763 -18986
222 9749 -18894
223 9817 -19102
224 9825 -19118
225 9779 -19022
226 9741 -18874
227 9793 -19046
228 9849 -19202
229 9879 -19318
230 9817 -19146
231 9791 -19062
232 9755 -18946
233 9803 -19010
234 9783 -19006
235 9811 -19106
236 9829 -19126
237 9749 -18878
238 9801 -19062
239 9821 -19118
240 9795 -19046
241 9817 -19078
242 9801 -19010
243 9805 -19038
244 9791 -19042
245 9791 -18978
246 9873 -19206
247 9875 -19250
248 9821 -19114
249 9789 -19010
250 9803 -19022
251 9785 -18990
252 9771 -18962
253 9825 -19122
254 9805 -19042
255 9777 -18986
256 9787 -18954
257 9797 -19022
258 9779 -19010
259 9757 -18962
260 9737 -18954
261 9699 -18854
262 9755 -19034
263 9689 -18834
264 9711 -18914
265 9729 -18990
266 9743 -18966
267 9741 -19034
268 9747 -19018
269 9739 -19014
270 9727 -18874
271 9709 -18786
272 9719 -18858
273 9747 -18950
274 9745 -18906
275 9757 -18938
276 9793 -19058
277 9795 -18982
278 9797 -19030
279 9781 -18966
280 9811 -19074
281 9787 -18990
282 9783 -19050
283 9781 -18970
284 9847 -19174
285 9799 -19034
286 9753 -18878
287 9765 -18954
288 9821 -19102
289 9793 -18998
290 9841 -19142
291 9803 -19026
292 9803 -18994
293 9839 -19130
294 9811 -19106
295 9835 -19178
296 9813 -19110
297 9757 -18930
298 9737 -18870
299 9717 -18854
300 9685 -18750
301 9687 -18726
302 9675 -18670
303 9673 -18670
304 9667 -18726
305 9711 -18826
306 9773 -18986
307 9797 -19030
308 9719 -18834
309 9713 -18766
310 9691 -18790
311 9717 -18846
312 9697 -18790
313 9717 -18814
314 9713 -18818
315 9681 -18774
316 9705 -18778
317 9757 -18990
318 9651 -18654
319 9655 -18626
320 9695 -18794
321 9721 -18926
322 9681 -18846
323 9685 -18838
324 9719 -18962
325 9691 -18898
326 9725 -18970
327 9735 -18894
328 9725 -18882
329 9705 -18806
330 9723 -18866
331 9737 -18970
332 9719 -18878
333 9721 -18886
334 9749 -18918
335 9747 -18958
336 9779 -19034
337 9783 -19098
338 9743 -18834
339 9737 -18898
340 9723 -18850
341 9685 -18762
342 9695 -18806
343 9721 -18874
344 9697 -18786
345 9683 -18762
346 9729 -18890
347 9719 -18822
348 9753 -18930
349 9711 -18878
350 9667 -18778
351 9679 -18750
352 9745 -18930
353 9777 -18990
354 9701 -18758
355 9713 -18818
356 9733 -18858
357 9801 -19094
358 9821 -19150
359 9775 -18938
360 9765 -18974
361 9779 -18966
362 9811 -19090
363 9821 -19134
364 9795 -19062
365 9787 -19006
366 9795 -19114
367 9799 -19046
368 9793 -19022
369 9819 -19094
370 9865 -19226
371 9805 -19050
372 9751 -18930
373 9733 -18858
374 9813 -19058
375 9793 -19046
376 9809 -19130
377 9771 -18986
378 9711 -18786
379 9729 -18898
380 9777 -19014
381 9727 -18854
382 9793 -19006
383 9797 -19078
384 9785 -19070
385 9835 -19230
386 9757 -18910
387 9807 -19082
388 9795 -19058
389 9819 -19126
390 9785 -19018
391 9737 -18922
392 9747 -18922
393 9809 -19162
394 9805 -19138
395 9749 -18994
396 9791 -19134
397 9739 -18914
398 9783 -19046
399 9767 -18962
400 9735 -18942
401 9797 -19086
402 9797 -19026
403 9789 -19022
404 9723 -18854
405 9791 -19042
406 9821 -19070
407 9755 -18890
408 9835 -19126
409 9777 -18970
410 9755 -18886
411 9719 -18810
412 9773 -18954
413 9729 -18918
414 9737 -18954
415 9745 -18954
416 9805 -19082
417 9763 -18946
418 9763 -18970
419 9783 -19038
420 9797 -19070
421 9779 -18982
422 9805 -19042
423 9753 -18966
424 9717 -18926
425 9731 -18910
426 9757 -18946
427 9729 -18822
428 9741 -18886
429 9753 -18990
430 9767 -18998
431 9755 -18954
432 9785 -19058
433 9799 -19022
434 9745 -18930
435 9753 -18942
436 9771 -18970
437 9725 -18850
438 9737 -18894
439 9729 -18862
440 9777 -19002
441 9767 -18954
442 9783 -19046
443 9769 -18870
444 9735 -18874
445 9759 -18942
446 9829 -19126
447 9777 -18954
448 9773 -19026
449 9741 -18954
450 9751 -19006
451 9721 -18878
452 9729 -18898
453 9761 -19074
454 9757 -18886
455 9753 -18930
456 9773 -18934
457 9695 -18766
458 9765 -18950
459 9789 -19010
460 9711 -18798
461 9741 -18902
462 9773 -18998
463 9745 -18874
464 9751 -18946
465 9735 -18878
466 9731 -18862
467 9741 -18850
468 9777 -18998
469 9771 -18950
470 9723 -18846
471 9781 -18986
472 9799 -19094
473 9803 -19090
474 9751 -18930
475 9761 -18958
476 9755 -18962
477 9781 -19070
478 9781 -19042
479 9703 -18838
480 9731 -18846
481 9763 -18958
482 9789 -19002
483 9727 -18846
484 9719 -18818
485 9745 -18842
486 9841 -19178
487 9847 -19214
488 9783 -19074
489 9801 -19086
490 9799 -19054
491 9751 -18934
492 9769 -19002
493 9799 -19098
494 9867 -19306
495 9755 -18946
496 9709 -18834
497 9739 -18866
498 9747 -18922
499 9835 -19146
500 9829 -19174
501 9843 -19222
502 9839 -19182
503 9819 -19102
504 9805 -19166
505 9731 -18886
506 9751 -18870
507 9807 -19082
508 9795 -19050
509 9749 -18998
510 9825 -19154
511 9835 -19130
512 9841 -19138
513 9787 -19054
514 9777 -18946
515 9783 -19030
516 9731 -18882
517 9721 -18882
518 9713 -18822
519 9779 -19082
520 9773 -19030
521 9729 -18874
522 9725 -18838
523 9759 -18938
524 9771 -19022
525 9829 -19114
526 9845 -19218
527 9771 -19034
528 9757 -18898
529 9809 -19062
530 9787 -19010
531 9841 -19142
532 9849 -19170
533 9787 -19042
534 9737 -18882
535 9767 -18982
536 9761 -18938
537 9745 -18962
538 9749 -18926
539 9741 -18822
540 9803 -19018
541 9789 -19050
542 9749 -18926
543 9751 -18970
544 9741 -18994
545 9721 -18902
546 9687 -18838
547 9739 -18942
548 9723 -18914
549 9703 -18858
550 9737 -18922
551 9741 -18850
552 9771 -18994
553 9769 -18934
554 9719 -18858
555 9749 -18926
556 9753 -18890
557 9785 -19022
558 9769 -19006
559 9741 -18962
560 9767 -18938
561 9773 -19022
562 9723 -18882
563 9695 -18802
564 9697 -18798
565 9753 -18906
566 9765 -18922
567 9771 -19018
568 9789 -19026
569 9775 -19082
570 9781 -19070
571 9769 -19014
572 9751 -18922
573 9791 -19022
574 9799 -19054
575 9805 -19110
576 9755 -18998
577 9773 -19106
578 9739 -18950
579 9767 -18986
580 9735 -19050
581 9719 -18970
582 9715 -18830
583 9703 -18766
584 9769 -18950
585 9773 -18970
586 9761 -18986
587 9761 -18974
588 9775 -18930
589 9741 -18882
590 9739 -18878
591 9793 -19054
592 9791 -19026
593 9817 -19142
594 9795 -19082
595 9805 -19042
596 9839 -19150
597 9829 -19122
598 9787 -19054
599 9753 -18930
600 9745 -18918
601 9767 -19062
602 9727 -18894
603 9763 -19026
604 9725 -18870
605 9745 -18894
606 9783 -18966
607 9769 -19010
608 9781 -18982
609 9765 -18954
610 9787 -19078
611 9809 -19154
612 9823 -19218
613 9731 -18882
614 9685 -18830
615 9757 -18934
616 9745 -18990
617 9755 -18986
618 9733 -18970
619 9787 -19070
620 9799 -19038
621 9699 -18826
622 9723 -18906
623 9681 -18862
624 9691 -18774
625 9655 -18782
626 9723 -18902
627 9767 -19022
628 9769 -18950
629 9769 -18998
630 9759 -18946
631 9783 -18994
632 9743 -18926
633 9805 -19062
634 9853 -19206
635 9835 -19150
636 9849 -19198
637 9799 -19106
638 9767 -18986
639 9779 -19006
640 9791 -19022
641 9799 -19046
642 9755 -18906
643 9723 -18842
644 9711 -18838
645 9741 -18942
646 9731 -18882
647 9729 -18882
648 9737 -18882
649 9737 -18846
650 9695 -18702
651 9673 -18694
652 9697 -18822
653 9747 -18910
654 9797 -19066
655 9837 -19170
656 9865 -19234
657 9773 -18994
658 9815 -19086
659 9815 -19070
660 9797 -19034
661 9779 -19042
662 9789 -19034
663 9773 -18942
664 9801 -19050
665 9795 -19038
666 9791 -19054
667 9765 -18946
668 9681 -18718
669 9707 -18754
670 9685 -18766
671 9711 -18762
672 9661 -18742
673 9635 -18702
674 9687 -18854
675 9715 -18866
676 9741 -18926
677 9767 -18970
678 9757 -18990
679 9775 -19030
680 9819 -19158
681 9765 -18946
682 9847 -19226
683 9837 -19198
684 9797 -19034
685 9753 -18870
686 9821 -19046
687 9847 -19170
688 9847 -19190
689 9849 -19198
690 9833 -19142
691 9795 -19022
692 9793 -19086
693 9795 -19038
694 9809 -19130
695 9763 -19018
696 9775 -19006
697 9841 -19190
698 9801 -19098
699 9817 -19134
700 9747 -18954
701 9785 -18986
702 9753 -18946
703 9697 -18758
704 9715 -18810
705 9683 -18842
706 9661 -18686
707 9687 -18766
708 9663 -18666
709 9643 -18710
710 9689 -18806
711 9687 -18818
712 9671 -18754
713 9703 -18930
714 9733 -19030
715 9785 -19126
716 9809 -19226
717 9835 -19186
718 9755 -18998
719 9727 -18950
720 9723 -18926
721 9725 -18986
722 9717 -18982
723 9743 -19062
724 9707 -18914
725 9739 -18954
726 9793 -19134
727 9737 -18982
728 9703 -18862
729 9725 -18950
730 9747 -19006
731 9725 -18954
732 9745 -18958
733 9683 -18790
734 9691 -18782
735 9729 -18914
736 9729 -18870
737 9723 -18874
738 9681 -18786
739 9683 -18870
740 9649 -18866
741 9625 -18794
742 9695 -18922
743 9715 -18982
744 9763 -19014
745 9781 -18978
746 9823 -19126
747 9775 -19054
748 9791 -19018
749 9727 -18942
750 9765 -19026
751 9789 -18994
752 9711 -18826
753 9731 -18922
754 9737 -18966
755 9721 -18902
756 9751 -18910
757 9761 -18966
758 9761 -18966
759 9815 -19078
760 9793 -18978
761 9753 -18886
762 9717 -18798
763 9747 -18946
764 9735 -18942
765 9729 -18906
766 9721 -18910
767 9719 -18858
768 9721 -18862
769 9717 -18862
770 9749 -18870
771 9765 -18990
772 9821 -19130
773 9817 -19098
774 9771 -18986
775 9753 -18926
776 9751 -19002
777 9793 -19110
778 9759 -18958
779 9791 -19010
780 9757 -19010
781 9719 -18874
782 9749 -19014
783 9815 -19150
784 9727 -18834
785 9767 -18966
786 9681 -18742
787 9743 -18930
788 9789 -19018
789 9801 -19062
790 9785 -18958
791 9839 -19110
792 9761 -18898
793 9831 -19058
794 9787 -19002
795 9777 -18946
796 9783 -18962
797 9759 -18886
798 9785 -19050
799 9761 -18922
800 9799 -18966
801 9805 -18990
802 9821 -19082
803 9807 -19018
804 9793 -19026
805 9787 -18990
806 9813 -19050
807 9779 -18962
808 9765 -18914
809 9705 -18746
810 9769 -18918
811 9809 -19102
812 9731 -18890
813 9781 -19070
814 9737 -18894
815 9739 -18874
816 9755 -18890
817 9739 -18922
818 9731 -18838
819 9767 -18962
820 9725 -18834
821 9717 -18866
822 9769 -18958
823 9743 -18930
824 9747 -18886
825 9773 -18990
826 9813 -19114
827 9791 -19014
828 9833 -19118
829 9803 -19074
830 9815 -19130
831 9745 -18954
832 9717 -18870
833 9701 -18838
834 9709 -18878
835 9729 -18974
836 9751 -19070
837 9765 -19002
838 9757 -18958
839 9747 -18986
840 9737 -18910
841 9735 -18926
842 9749 -18938
843 9713 -18898
844 9711 -18826
845 9749 -18982
846 9749 -18954
847 9733 -18950
848 9717 -18954
849 9725 -18970
850 9761 -18954
851 9793 -19022
852 9725 -18898
853 9741 -18962
854 9777 -19030
855 9729 -18898
856 9741 -18898
857 9787 -19026
858 9781 -18994
859 9791 -19018
860 9769 -18978
861 9643 -18594
862 9727 -18854
863 9685 -18762
864 9735 -18874
865 9731 -18862
866 9747 -18946
867 9791 -19054
868 9781 -19026
869 9801 -19026
870 9785 -19030
871 9847 -19182
872 9791 -18986
873 9763 -18942
874 9727 -18834
875 9771 -18958
876 9739 -18810
877 9727 -18838
878 9749 -18830
879 9709 -18810
880 9765 -18970
881 9749 -18902
882 9769 -18986
883 9729 -18882
884 9719 -18830
885 9689 -18758
886 9717 -18906
887 9675 -18766
888 9723 -18898
889 9789 -18986
890 9799 -19014
891 9721 -18774
892 9755 -18882
893 9785 -18930
894 9759 -18958
895 9757 -18938
896 9757 -18902
897 9763 -18962
898 9769 -19006
899 9727 -18842
900 9675 -18678
901 9751 -18942
902 9767 -19042
903 9785 -19066
904 9713 -18878
905 9731 -18918
906 9713 -18894
907 9687 -18830
908 9763 -18962
909 9789 -19054
910 9803 -19114
911 9813 -19086
912 9779 -19002
913 9751 -18982
914 9673 -18846
915 9687 -18846
916 9701 -18874
917 9741 -18994
918 9733 -18942
919 9735 -18958
920 9733 -18938
921 9795 -19038
922 9819 -19122
923 9799 -19042
924 9793 -18990
925 9807 -19090
926 9785 -19010
927 9771 -18958
928 9785 -19038
929 9839 -19186
930 9821 -19126
931 9801 -19098
932 9813 -19106
933 9789 -19034
934 9781 -19022
935 9759 -18962
936 9783 -19014
937 9765 -18938
938 9741 -18862
939 9761 -18934
940 9837 -19146
941 9789 -18990
942 9773 -19002
943 9795 -19054
944 9785 -19042
945 9771 -18974
946 9783 -19002
947 9759 -18954
948 9795 -19050
949 9839 -19158
950 9821 -19130
951 9851 -19202
952 9799 -19062
953 9823 -19138
954 9803 -19086
955 9809 -19034
956 9795 -19078
957 9793 -19070
958 9785 -19018
959 9855 -19238
960 9773 -18982
961 9805 -19066
962 9825 -19122
963 9829 -19178
964 9835 -19182
965 9815 -19134
966 9765 -18954
967 9761 -18938
968 9799 -19118
969 9795 -19026
970 9773 -18994
971 9767 -18962
972 9755 -18934
973 9717 -18822
974 9731 -18826
975 9791 -18990
976 9793 -19034
977 9809 -19110
978 9815 -19102
979 9779 -19086
980 9801 -19034
981 9761 -18930
982 9779 -19018
983 9803 -18994
984 9797 -19038
985 9805 -19062
986 9781 -18994
987 9855 -19222
988 9831 -19082
989 9821 -19098
990 9805 -19078
991 9821 -19066
992 9801 -18982
993 9747 -18886
994 9771 -18950
995 9787 -19026
996 9839 -19166
997 9829 -19150
998 9831 -19198
999 9775 -18994
1000 9801 -19054
1001 9787 -19010
1002 9785 -18994
1003 9737 -18862
1004 9795 -19042
1005 9773 -18962
1006 9773 -18902
1007 9759 -18902
1008 9783 -18970
1009 9739 -18850
1010 9733 -18866
1011 9803 -19110
1012 9809 -19110
1013 9811 -19162
1014 9773 -19022
1015 9731 -18938
1016 9769 -18994
1017 9833 -19222
1018 9813 -19186
1019 9807 -19178
1020 9807 -19154
1021 9813 -19146
1022 9779 -19054
1023 9747 -18986
1024 9751 -18914
1025 9665 -18742
1026 9709 -18858
1027 9753 -18902
1028 9759 -18938
1029 9665 -18742
1030 9687 -18746
1031 9675 -18786
1032 9693 -18858
1033 9705 -18898
1034 9699 -18854
1035 9709 -18878
1036 9695 -18942
1037 9705 -18866
1038 9751 -18970
1039 9719 -18830
1040 9749 -18938
1041 9733 -18902
1042 9761 -19050
1043 9723 -18890
1044 9749 -18946
1045 9683 -18818
1046 9729 -18922
1047 9813 -19154
1048 9793 -19074
1049 9751 -18930
1050 9837 -19110
1051 9797 -19038
1052 9811 -19114
1053 9821 -19066
1054 9799 -19066
1055 9803 -19030
1056 9809 -19070
1057 9799 -19054
1058 9767 -18990
1059 9783 -19006
1060 9783 -18994
1061 9763 -18926
1062 9715 -18778
1063 9727 -18818
1064 9715 -18878
1065 9699 -18774
1066 9691 -18750
1067 9743 -18870
1068 9727 -18866
1069 9745 -18926
1070 9807 -19086
1071 9817 -19114
1072 9797 -19050
1073 9819 -19150
1074 9815 -19058
1075 9787 -18974
1076 9799 -19050
1077 9719 -18794
1078 9757 -18870
1079 9813 -19054
1080 9821 -19094
1081 9851 -19202
1082 9795 -18998
1083 9791 -19062
1084 9763 -18926
1085 9733 -18938
1086 9775 -18970
1087 9829 -19122
1088 9889 -19314
1089 9811 -19070
1090 9825 -19062
1091 9765 -18902
1092 9767 -18970
1093 9783 -19002
1094 9775 -18978
1095 9813 -19086
1096 9771 -18970
1097 9773 -19006
1098 9769 -18966
1099 9785 -19018
1100 9749 -18878
1101 9765 -18982
1102 9769 -18934
1103 9793 -19002
1104 9761 -18882
1105 9801 -19034
1106 9769 -18978
1107 9765 -18994
1108 9811 -19154
1109 9765 -19014
1110 9767 -19050
1111 9767 -18934
1112 9725 -18866
1113 9761 -18970
1114 9789 -19042
1115 9771 -19010
1116 9751 -19062
1117 9711 -18902
1118 9683 -18842
1119 9671 -18774
1120 9701 -18818
1121 9727 -18954
1122 9709 -18770
1123 9717 -18814
1124 9793 -19054
1125 9783 -19054
1126 9785 -19042
1127 9831 -19134
1128 9835 -19146
1129 9833 -19174
1130 9827 -19142
1131 9773 -19030
1132 9731 -18918
1133 9773 -19050
1134 9779 -19018
1135 9749 -18958
1136 9725 -18818
1137 9657 -18678
1138 9629 -18566
1139 9681 -18690
1140 9693 -18774
1141 9661 -18718
1142 9655 -18678
1143 9733 -18842
1144 9743 -18946
1145 9743 -18922
1146 9739 -18886
1147 9737 -18882
1148 9739 -18898
1149 9731 -18886
1150 9769 -18958
1151 9793 -19070
1152 9813 -19142
1153 9791 -19026
1154 9809 -19106
1155 9779 -18970
1156 9827 -19170
1157 9781 -19002
1158 9771 -18982
1159 9805 -19078
1160 9859 -19314
1161 9855 -19302
1162 9773 -18986
1163 9755 -18938
1164 9803 -19066
1165 9801 -19054
1166 9769 -18974
1167 9791 -19018
1168 9725 -18862
1169 9675 -18738
1170 9733 -18878
1171 9795 -19018
1172 9791 -19086
1173 9763 -18926
1174 9825 -19106
1175 9821 -19074
1176 9821 -19118
1177 9761 -18974
1178 9719 -18826
1179 9777 -18986
1180 9791 -19026
1181 9787 -19050
1182 9767 -18966
1183 9747 -18958
1184 9785 -19014
1185 9751 -18926
1186 9727 -18910
1187 9745 -18910
1188 9741 -18870
1189 9753 -18938
1190 9683 -18734
1191 9709 -18842
1192 9719 -18858
1193 9685 -18790
1194 9695 -18826
1195 9751 -18958
1196 9793 -19042
1197 9739 -18962
1198 9753 -18982
1199 9721 -18850
1200 9745 -18878
1201 9777 -18978
1202 9763 -18958
1203 9751 -18922
1204 9685 -18758
1205 9771 -18942
1206 9759 -18958
1207 9703 -18798
1208 9753 -18918
1209 9761 -18954
1210 9761 -18986
1211 9775 -18978
1212 9803 -19042
1213 9797 -19034
1214 9781 -18970
1215 9793 -19046
1216 9833 -19178
1217 9771 -18990
1218 9729 -18826
1219 9773 -18958
1220 9781 -18942
1221 9773 -18922
1222 9795 -18978
1223 9795 -18954
1224 9751 -18930
1225 9815 -19142
1226 9855 -19214
1227 9815 -19102
1228 9799 -19086
1229 9787 -18998
1230 9809 -19042
1231 9809 -19050
1232 9807 -19058
1233 9761 -18946
1234 9765 -18986
1235 9767 -18986
1236 9787 -18994
1237 9765 -19010
1238 9761 -18982
1239 9773 -19022
1240 9787 -19078
1241 9823 -19118
1242 9759 -18978
1243 9753 -18922
1244 9711 -18874
1245 9735 -18946
1246 9805 -19130
1247 9781 -19086
1248 9781 -19098
1249 9843 -19198
1250 9797 -19050
1251 9773 -18990
1252 9821 -19158
1253 9739 -18914
1254 9699 -18854
1255 9743 -18878
1256 9813 -19098
1257 9835 -19214
1258 9843 -19182
1259 9857 -19214
1260 9799 -19026
1261 9841 -19154
1262 9771 -18950
1263 9717 -18786
1264 9793 -18978
1265 9805 -19042
1266 9849 -19210
1267 9801 -19090
1268 9813 -19074
1269 9759 -18870
1270 9783 -18978
1271 9743 -18826
1272 9721 -18854
1273 9739 -18886
1274 9765 -18970
1275 9753 -18910
1276 9715 -18870
1277 9707 -18810
1278 9749 -18950
1279 9757 -19046
1280 9797 -19022
1281 9759 -18938
1282 9779 -18950
1283 9787 -19042
1284 9743 -18890
1285 9719 -18858
1286 9741 -18886
1287 9803 -19054
1288 9753 -18894
1289 9767 -18906
1290 9789 -19014
1291 9781 -19054
1292 9769 -18938
1293 9755 -18910
1294 9777 -19014
1295 9837 -19178
1296 9821 -19142
1297 9827 -19134
1298 9819 -19110
1299 9783 -19034
1300 9765 -18974
1301 9743 -18930
1302 9727 -18910
1303 9677 -18818
1304 9685 -18890
1305 9665 -18842
1306 9653 -18830
1307 9659 -18782
1308 9721 -18990
1309 9679 -18866
1310 9683 -18842
1311 9711 -18938
1312 9741 -19018
1313 9727 -18906
1314 9739 -18962
1315 9725 -18926
1316 9749 -18986
1317 9809 -19150
1318 9835 -19278
1319 9811 -19170
1320 9797 -19086
1321 9799 -19114
1322 9769 -19006
1323 9715 -18826
1324 9771 -18966
1325 9775 -19042
1326 9731 -18806
1327 9791 -18974
1328 9795 -18990
1329 9741 -18822
1330 9745 -18786
1331 9795 -19038
1332 9751 -18966
1333 9757 -18934
1334 9739 -18882
1335 9783 -19038
1336 9799 -19078
1337 9821 -19162
1338 9793 -19070
1339 9779 -19026
1340 9763 -18950
1341 9735 -18814
1342 9739 -18854
1343 9775 -18958
1344 9791 -18966
1345 9765 -18890
1346 9751 -18918
1347 9785 -18986
1348 9799 -19046
1349 9797 -19090
1350 9805 -19066
1351 9835 -19138
1352 9785 -19010
1353 9799 -19090
1354 9749 -18966
1355 9773 -18998
1356 9843 -19206
1357 9833 -19150
1358 9859 -19234
1359 9791 -19046
1360 9817 -19110
1361 9777 -19018
1362 9783 -18978
1363 9731 -18822
1364 9729 -18842
1365 9825 -19134
1366 9843 -19162
1367 9831 -19122
1368 9865 -19206
1369 9807 -18998
1370 9803 -19050
1371 9789 -19030
1372 9825 -19074
1373 9817 -19094
1374 9799 -19054
1375 9801 -19050
1376 9751 -18898
1377 9755 -18914
1378 9799 -19038
1379 9793 -19038
1380 9765 -18942
1381 9845 -19130
1382 9809 -19098
1383 9787 -18982
1384 9757 -18890
1385 9801 -19070
1386 9777 -18946
1387 9797 -19030
1388 9819 -19110
1389 9805 -19070
1390 9855 -19238
1391 9827 -19162
1392 9775 -18990
1393 9713 -18794
1394 9755 -18886
1395 9787 -19006
1396 9791 -18994
1397 9821 -19090
1398 9755 -18906
1399 9715 -18762
1400 9727 -18834
1401 9753 -18922
1402 9773 -18954
1403 9773 -18970
1404 9779 -18970
1405 9771 -18950
1406 9805 -19018
1407 9815 -19054
1408 9781 -19022
1409 9737 -18918
1410 9773 -18990
1411 9815 -19134
1412 9811 -19042
1413 9791 -18998
1414 9751 -18922
1415 9791 -19094
1416 9747 -18934
1417 9733 -18918
1418 9757 -18970
1419 9757 -18990
1420 9753 -18958
1421 9731 -18958
1422 9747 -18946
1423 9737 -18962
1424 9765 -18942
1425 9775 -18974
1426 9839 -19150
1427 9795 -19102
1428 9757 -18974
1429 9713 -18862
1430 9729 -18846
1431 9667 -18690
1432 9723 -18790
1433 9781 -18958
1434 9791 -19010
1435 9735 -18906
1436 9759 -18926
1437 9773 -19006
1438 9725 -18826
1439 9695 -18762
1440 9685 -18818
1441 9753 -19026
1442 9733 -19002
1443 9787 -19118
1444 9753 -18918
1445 9733 -18814
1446 9785 -18986
1447 9821 -19082
1448 9743 -18858
1449 9807 -19018
1450 9785 -18942
1451 9755 -18910
1452 9829 -19110
1453 9755 -18938
1454 9767 -18906
1455 9777 -18986
1456 9791 -18974
1457 9775 -18994
1458 9689 -18750
1459 9741 -18922
1460 9703 -18810
1461 9733 -18882
1462 9651 -18694
1463 9677 -18742
1464 9615 -18626
1465 9645 -18730
1466 9681 -18770
1467 9701 -18850
1468 9815 -19122
1469 9853 -19234
1470 9843 -19170
1471 9863 -19250
1472 9867 -19266
1473 9845 -19170
1474 9795 -19010
1475 9757 -18874
1476 9795 -19034
1477 9759 -18954
1478 9785 -19078
1479 9745 -19014
1480 9709 -18822
1481 9735 -18882
1482 9815 -19110
1483 9817 -19082
1484 9795 -19002
1485 9703 -18790
1486 9673 -18770
1487 9663 -18738
1488 9699 -18766
1489 9733 -18846
1490 9743 -18870
1491 9731 -18946
1492 9701 -18802
1493 9793 -19034
1494 9795 -19078
1495 9765 -18990
1496 9713 -18866
1497 9711 -18866
1498 9715 -18846
1499 9759 -18934
1500 9777 -19022
1501 9735 -18898
1502 9741 -18950
1503 9775 -18994
1504 9783 -18994
1505 9787 -19022
1506 9735 -18858
1507 9747 -18886
1508 9727 -18898
1509 9755 -18990
1510 9727 -18874
1511 9697 -18774
1512 9753 -18894
1513 9777 -19022
1514 9755 -18978
1515 9753 -18918
1516 9751 -18906
1517 9721 -18842
1518 9815 -19054
1519 9803 -19054
1520 9763 -18966
1521 9705 -18830
1522 9727 -18862
1523 9803 -19106
1524 9739 -18866
1525 9775 -19014
1526 9789 -19002
1527 9789 -19082
1528 9765 -18954
1529 9785 -19022
1530 9763 -18950
1531 9725 -18842
1532 9779 -18958
1533 9769 -19002
1534 9803 -19062
1535 9781 -18982
1536 9781 -19006
1537 9833 -19114
1538 9845 -19166
1539 9831 -19114
1540 9777 -18998
1541 9749 -18890
1542 9775 -19062
1543 9787 -19014
1544 9745 -18898
1545 9707 -18806
1546 9717 -18910
1547 9711 -18890
1548 9731 -18922
1549 9745 -18946
1550 9793 -19010
1551 9807 -19086
1552 9809 -19062
1553 9801 -19082
1554 9735 -18938
1555 9729 -18942
1556 9765 -18998
1557 9767 -18990
1558 9727 -18794
1559 9669 -18678
1560 9715 -18814
1561 9721 -18818
1562 9731 -18834
1563 9777 -19018
1564 9857 -19222
1565 9809 -19066
1566 9797 -19038
1567 9735 -18854
1568 9735 -18906
1569 9743 -18926
1570 9733 -18986
1571 9717 -18934
1572 9667 -18794
1573 9793 -19114
1574 9757 -18958
1575 9755 -18950
1576 9719 -18858
1577 9717 -18878
1578 9613 -18654
1579 9621 -18702
1580 9683 -18854
1581 9719 -18882
1582 9717 -18854
1583 9721 -18858
1584 9759 -18990
1585 9775 -19050
1586 9765 -18986
1587 9777 -19154
1588 9763 -19090
1589 9715 -18966
1590 9739 -18942
1591 9717 -18974
1592 9727 -19002
1593 9717 -18902
1594 9763 -19046
1595 9745 -18922
1596 9755 -18986
1597 9773 -19014
1598 9771 -18958
1599 9781 -18998
1600 9755 -18922
1601 9741 -18882
1602 9777 -19022
1603 9775 -19006
1604 9821 -19110
1605 9769 -18962
1606 9831 -19102
1607 9787 -19014
1608 9843 -19214
1609 9809 -19118
1610 9781 -19030
1611 9801 -19074
1612 9753 -18934
1613 9727 -18866
1614 9735 -18914
1615 9767 -18986
1616 9769 -18982
1617 9789 -19098
1618 9847 -19178
1619 9821 -19086
1620 9749 -18862
1621 9719 -18818
1622 9729 -18830
1623 9781 -19002
1624 9741 -18886
1625 9723 -18774
1626 9731 -18870
1627 9691 -18798
1628 9717 -18870
1629 9679 -18750
1630 9711 -18930
1631 9765 -19098
1632 9713 -18946
1633 9711 -18886
1634 9745 -18990
1635 9721 -18942
1636 9713 -18874
1637 9745 -18906
1638 9767 -18966
1639 9779 -19006
1640 9817 -19122
1641 9815 -19142
1642 9781 -18994
1643 9789 -19014
1644 9765 -18994
1645 9751 -18902
1646 9737 -18882
1647 9747 -18926
1648 9755 -18938
1649 9779 -19022
1650 9827 -19146
1651 9785 -19022
1652 9749 -18902
1653 9687 -18710
1654 9735 -18842
1655 9739 -18930
1656 9793 -19030
1657 9839 -19190
1658 9823 -19114
1659 9797 -19026
1660 9807 -19026
1661 9785 -19018
1662 9787 -18986
1663 9835 -19106
1664 9861 -19198
1665 9759 -18998
1666 9721 -18814
1667 9755 -18930
1668 9673 -18774
1669 9695 -18758
1670 9739 -18878
1671 9743 -18882
1672 9741 -18910
1673 9761 -18954
1674 9789 -19066
1675 9801 -19094
1676 9845 -19186
1677 9791 -19050
1678 9789 -19022
1679 9761 -18922
1680 9805 -19054
1681 9793 -19018
1682 9753 -18938
1683 9725 -18842
1684 9763 -18958
1685 9785 -19054
1686 9739 -18954
1687 9723 -18810
1688 9753 -19038
1689 9749 -18958
1690 9757 -18930
1691 9771 -18938
1692 9737 -18858
1693 9729 -18898
1694 9749 -18990
1695 9741 -18958
1696 9719 -18902
1697 9783 -19066
1698 9789 -19026
1699 9791 -19058
1700 9839 -19162
1701 9823 -19166
1702 9787 -19070
1703 9821 -19114
1704 9827 -19158
1705 9787 -19126
1706 9809 -19086
1707 9845 -19182
1708 9859 -19274
1709 9857 -19254
1710 9847 -19218
1711 9809 -19026
1712 9759 -18874
1713 9783 -18986
1714 9725 -18778
1715 9781 -18986
1716 9795 -19054
1717 9757 -18986
1718 9725 -18954
1719 9791 -19098
1720 9787 -19050
1721 9783 -19014
1722 9743 -18862
1723 9803 -19074
1724 9795 -19030
1725 9765 -19022
1726 9753 -18990
1727 9747 -18970
1728 9695 -18770
1729 9745 -18874
1730 9739 -18918
1731 9723 -18934
1732 9665 -18798
1733 9657 -18746
1734 9689 -18838
1735 9747 -18990
1736 9723 -18954
1737 9739 -18922
1738 9761 -19066
1739 9823 -19194
1740 9793 -19106
1741 9759 -19022
1742 9759 -18954
1743 9795 -19014
1744 9829 -19126
1745 9783 -19030
1746 9769 -19050
1747 9753 -18942
1748 9723 -18858
1749 9765 -18926
1750 9747 -19010
1751 9777 -19122
1752 9729 -18910
1753 9731 -18834
1754 9771 -18946
1755 9737 -18874
1756 9765 -18970
1757 9797 -19114
1758 9799 -19034
1759 9797 -19030
1760 9783 -18942
1761 9791 -19006
1762 9809 -19066
1763 9827 -19086
1764 9759 -18942
1765 9809 -19054
1766 9723 -18790
1767 9735 -18866
1768 9715 -18866
1769 9695 -18890
1770 9803 -19090
1771 9803 -19054
1772 9759 -18918
1773 9797 -19046
1774 9805 -19094
1775 9765 -18970
1776 9747 -18942
1777 9783 -18962
1778 9745 -18886
1779 9729 -18822
1780 9739 -18834
1781 9751 -18942
1782 9765 -18974
1783 9813 -19038
1784 9823 -19098
1785 9831 -19182
1786 9863 -19270
1787 9787 -19006
1788 9815 -19110
1789 9803 -19078
1790 9807 -19070
1791 9739 -18882
1792 9691 -18770
1793 9735 -18938
1794 9801 -19098
1795 9745 -18850
1796 9783 -19062
1797 9763 -18934
1798 9769 -18970
1799 9763 -18938
1800 9749 -18994
1801 9755 -18974
1802 9755 -18946
1803 9839 -19166
1804 9791 -19010
1805 9771 -18982
1806 9743 -18954
1807 9759 -19058
1808 9771 -19022
1809 9757 -18994
1810 9771 -18986
1811 9791 -19018
1812 9781 -18982
1813 9773 -18970
1814 9741 -18842
1815 9749 -18918
1816 9771 -18954
1817 9761 -18950
1818 9785 -19014
1819 9819 -19118
1820 9765 -18914
1821 9781 -18978
1822 9761 -19034
1823 9729 -18838
1824 9715 -18778
1825 9687 -18730
1826 9659 -18690
1827 9711 -18834
1828 9743 -18886
1829 9755 -18986
1830 9687 -18726
1831 9735 -18918
1832 9719 -18890
1833 9671 -18758
1834 9715 -18834
1835 9743 -18858
1836 9789 -18986
1837 9831 -19118
1838 9737 -18862
1839 9721 -18830
1840 9795 -19066
1841 9749 -18958
1842 9765 -19034
1843 9725 -18886
1844 9761 -18942
1845 9717 -18838
1846 9689 -18802
1847 9729 -18918
1848 9723 -18878
1849 9711 -18854
1850 9679 -18774
1851 9753 -18958
1852 9829 -19166
1853 9821 -19158
1854 9779 -18978
1855 9805 -19046
1856 9815 -19054
1857 9803 -19070
1858 9847 -19150
1859 9845 -19206
1860 9785 -19002
1861 9725 -18878
1862 9667 -18726
1863 9719 -18826
1864 9743 -18894
1865 9719 -18862
1866 9713 -18894
1867 9737 -18902
1868 9731 -18866
1869 9769 -18950
1870 9699 -18818
1871 9743 -18970
1872 9719 -18838
1873 9749 -18938
1874 9789 -19014
1875 9801 -19070
1876 9755 -18898
1877 9809 -19038
1878 9823 -19138
1879 9823 -19086
1880 9821 -19086
1881 9851 -19198
1882 9853 -19258
1883 9809 -19158
1884 9779 -18994
1885 9729 -18866
1886 9743 -18878
1887 9719 -18834
1888 9757 -18938
1889 9783 -19030
1890 9747 -18870
1891 9757 -18854
1892 9717 -18870
1893 9689 -18702
1894 9679 -18610
1895 9747 -18862
1896 9799 -19042
1897 9795 -19098
1898 9771 -19018
1899 9807 -19062
1900 9817 -19090
1901 9791 -19074
1902 9821 -19142
1903 9813 -19146
1904 9807 -19046
1905 9771 -18966
1906 9787 -18958
1907 9851 -19190
1908 9781 -18986
1909 9795 -19038
1910 9783 -19038
1911 9735 -18890
1912 9771 -18998
1913 9717 -18810
1914 9711 -18818
1915 9753 -18970
1916 9731 -18862
1917 9733 -18906
1918 9713 -18866
1919 9747 -18874
1920 9813 -19054
1921 9759 -18898
1922 9725 -18834
1923 9795 -19022
1924 9877 -19270
1925 9857 -19210
1926 9843 -19170
1927 9791 -18998
1928 9753 -18970
1929 9701 -18806
1930 9715 -18838
1931 9725 -18866
1932 9723 -18890
1933 9771 -18982
1934 9771 -18930
1935 9725 -18806
1936 9735 -18826
1937 9777 -18962
1938 9791 -19062
1939 9851 -19198
1940 9813 -19054
1941 9791 -19002
1942 9823 -19082
1943 9825 -19082
1944 9831 -19110
1945 9807 -19062
1946 9775 -18990
1947 9729 -18858
1948 9821 -19146
1949 9827 -19170
1950 9853 -19230
1951 9849 -19186
1952 9835 -19122
1953 9799 -19042
1954 9753 -18918
1955 9785 -19006
1956 9793 -19014
1957 9711 -18766
1958 9709 -18826
1959 9765 -18922
1960 9807 -19062
1961 9761 -18962
1962 9761 -18934
1963 9761 -18958
1964 9749 -18982
1965 9787 -19062
1966 9799 -19062
1967 9803 -19134
1968 9771 -19042
1969 9739 -18974
1970 9669 -18698
1971 9705 -18814
1972 9621 -18546
1973 9673 -18722
1974 9675 -18678
1975 9739 -18898
1976 9713 -18866
1977 9705 -18814
1978 9761 -18866
1979 9739 -18910
1980 9773 -18982
1981 9741 -18894
1982 9699 -18842
1983 9761 -19022
1984 9773 -18994
1985 9801 -19018
1986 9815 -19090
1987 9785 -19042
1988 9769 -19030
1989 9789 -19054
1990 9759 -18922
1991 9843 -19186
1992 9837 -19194
1993 9817 -19050
1994 9871 -19218
1995 9793 -18986
1996 9797 -19074
1997 9859 -19278
1998 9753 -18958
1999 9821 -19170
2000 9797 -19086
2001 9761 -18974
2002 9813 -19078
2003 9787 -19062
2004 9759 -18930
2005 9701 -18782
2006 9695 -18794
2007 9771 -18966
2008 9783 -19038
2009 9765 -18978
2010 9743 -18894
2011 9749 -18894
2012 9773 -18982
2013 9735 -18906
2014 9807 -19066
2015 9769 -18978
2016 9705 -18822
2017 9765 -18954
2018 9649 -18698
2019 9617 -18674
2020 9645 -18750
2021 9661 -18810
2022 9665 -18786
2023 9769 -18974
2024 9771 -18998
2025 9787 -19030
2026 9757 -18934
2027 9773 -18926
2028 9777 -18998
2029 9749 -18910
2030 9785 -19018
2031 9755 -18934
2032 9769 -18898
2033 9769 -18918
2034 9813 -19114
2035 9799 -19094
2036 9823 -19138
2037 9757 -18990
2038 9765 -19030
2039 9749 -18990
2040 9745 -18966
2041 9789 -19042
2042 9817 -19090
2043 9811 -19098
2044 9831 -19134
2045 9823 -19062
2046 9795 -19046
2047 9809 -19102
2048 9763 -18930
2049 9821 -19150
2050 9743 -18914
2051 9789 -19042
2052 9733 -18910
2053 9749 -18914
2054 9753 -18926
2055 9773 -19002
2056 9805 -19038
2057 9771 -18926
2058 9799 -19014
2059 9827 -19114
2060 9831 -19142
2061 9781 -19042
2062 9793 -19058
2063 9769 -18934
2064 9803 -19070
2065 9755 -19042
2066 9783 -19030
2067 9733 -18886
2068 9775 -19006
2069 9811 -19162
2070 9739 -18878
2071 9751 -19026
2072 9767 -18958
2073 9751 -18970
2074 9735 -18958
2075 9671 -18834
2076 9623 -18706
2077 9653 -18758
2078 9639 -18714
2079 9611 -18586
2080 9671 -18790
2081 9625 -18670
2082 9741 -18958
2083 9757 -19014
2084 9709 -18870
2085 9729 -18998
2086 9747 -19018
2087 9769 -19058
2088 9709 -18850
2089 9767 -18954
2090 9785 -18986
2091 9825 -19102
2092 9845 -19182
2093 9797 -19074
2094 9805 -19134
2095 9777 -19002
2096 9723 -18826
2097 9765 -18994
2098 9739 -18890
2099 9771 -19026
2100 9755 -18938
2101 9767 -19014
2102 9733 -18898
2103 9771 -19074
2104 9799 -19102
2105 9783 -18970
2106 9795 -19026
2107 9765 -18922
2108 9821 -19114
2109 9773 -19002
2110 9811 -19118
2111 9789 -19038
2112 9819 -19126
2113 9809 -19034
2114 9801 -19082
2115 9797 -19038
2116 9749 -18898
2117 9843 -19214
2118 9871 -19274
2119 9867 -19258
2120 9805 -19046
2121 9793 -19030
2122 9775 -18978
2123 9751 -18906
2124 9759 -18990
2125 9757 -18970
2126 9737 -18914
2127 9753 -19014
2128 9721 -18982
2129 9735 -18894
2130 9695 -18902
2131 9663 -18782
2132 9709 -18894
2133 9755 -18974
2134 9701 -18838
2135 9697 -18898
2136 9647 -18658
2137 9715 -18878
2138 9773 -19006
2139 9757 -19018
2140 9715 -18898
2141 9737 -18930
2142 9755 -19014
2143 9763 -19038
2144 9767 -19014
2145 9759 -19010
2146 9747 -18978
2147 9773 -19014
2148 9751 -18974
2149 9759 -18910
2150 9723 -18854
2151 9711 -18794
2152 9729 -18866
2153 9795 -18994
2154 9783 -18994
2155 9735 -18898
2156 9783 -19010
2157 9771 -18946
2158 9793 -19034
2159 9841 -19134
2160 9845 -19114
2161 9823 -19094
2162 9795 -19066
2163 9773 -19054
2164 9815 -19130
2165 9761 -18966
2166 9735 -18910
2167 9777 -19030
2168 9715 -18946
2169 9711 -18830
2170 9713 -18870
2171 9731 -18850
2172 9807 -19074
2173 9801 -19130
2174 9843 -19230
2175 9793 -19074
2176 9781 -19030
2177 9699 -18838
2178 9681 -18806
2179 9715 -18850
2180 9725 -18886
2181 9765 -19002
2182 9743 -18914
2183 9577 -18450
2184 9619 -18554
2185 9695 -18818
2186 9731 -18910
2187 9699 -18814
2188 9695 -18810
2189 9783 -19030
2190 9797 -19058
2191 9799 -19074
2192 9741 -18950
2193 9725 -18922
2194 9725 -18910
2195 9741 -18974
2196 9713 -18854
2197 9683 -18778
2198 9653 -18682
2199 9667 -18626
2200 9707 -18778
2201 9709 -18810
2202 9761 -19010
2203 9761 -18950
2204 9731 -18910
2205 9685 -18806
2206 9625 -18634
2207 9735 -18910
2208 9743 -18998
2209 9723 -18950
2210 9755 -18954
2211 9759 -18942
2212 9747 -18878
2213 9737 -18850
2214 9713 -18766
2215 9697 -18846
2216 9677 -18834
2217 9759 -18978
2218 9779 -19010
2219 9751 -18898
2220 9791 -19054
2221 9793 -19046
2222 9815 -19066
2223 9785 -19010
2224 9813 -19158
2225 9745 -18938
2226 9731 -18954
2227 9755 -19014
2228 9729 -18918
2229 9713 -18858
2230 9769 -18994
2231 9795 -18998
2232 9801 -19026
2233 9793 -19026
2234 9785 -19050
2235 9837 -19166
2236 9825 -19114
2237 9801 -19018
2238 9819 -19150
2239 9801 -19054
2240 9723 -18890
2241 9741 -18882
2242 9679 -18722
2243 9805 -19026
2244 9725 -18846
2245 9697 -18782
2246 9723 -18846
2247 9723 -18834
2248 9705 -18834
2249 9687 -18818
2250 9643 -18714
2251 9691 -18794
2252 9727 -18862
2253 9727 -18918
2254 9731 -18866
2255 9747 -18970
2256 9707 -18850
2257 9723 -18814
2258 9709 -18806
2259 9743 -18942
2260 9717 -18898
2261 9745 -18922
2262 9721 -18814
2263 9749 -18938
2264 9757 -19010
2265 9763 -19030
2266 9775 -19074
2267 9797 -19158
2268 9767 -18950
2269 9757 -19010
2270 9801 -19102
2271 9757 -18926
2272 9767 -19018
2273 9765 -18970
2274 9735 -18954
2275 9769 -19046
2276 9813 -19138
2277 9745 -18890
2278 9753 -18902
2279 9769 -18942
2280 9731 -18834
2281 9763 -18890
2282 9721 -18858
2283 9739 -18950
2284 9711 -18874
2285 9783 -19082
2286 9773 -18994
2287 9765 -18970
2288 9725 -18822
2289 9729 -18862
2290 9759 -18886
2291 9763 -18970
2292 9761 -18950
2293 9789 -19026
2294 9807 -19094
2295 9815 -19146
2296 9795 -19026
2297 9763 -18926
2298 9809 -19078
2299 9773 -18950
2300 9759 -18970
2301 9785 -18982
2302 9741 -18894
2303 9741 -18914
2304 9755 -18930
2305 9767 -18950
2306 9783 -19042
2307 9751 -18946
2308 9769 -19010
2309 9791 -18970
2310 9739 -18854
2311 9753 -18918
2312 9759 -18926
2313 9693 -18810
2314 9685 -18802
2315 9737 -18842
2316 9739 -18906
2317 9705 -18878
2318 9737 -18902
2319 9737 -18878
2320 9743 -18926
2321 9771 -18978
2322 9785 -19002
2323 9751 -18922
2324 9817 -19098
2325 9853 -19206
2326 9883 -19314
2327 9853 -19238
2328 9801 -19074
2329 9779 -19030
2330 9841 -19222
2331 9883 -19270
2332 9823 -19130
2333 9839 -19166
2334 9821 -19090
2335 9825 -19130
2336 9767 -18994
2337 9773 -19018
2338 9747 -18898
2339 9747 -18942
2340 9733 -18894
2341 9737 -18926
2342 9717 -18770
2343 9753 -18906
2344 9777 -19026
2345 9725 -18918
2346 9703 -18782
2347 9685 -18730
2348 9731 -18862
2349 9755 -18878
2350 9701 -18806
2351 9729 -18914
2352 9713 -18870
2353 9713 -18922
2354 9725 -18870
2355 9765 -19058
2356 9729 -18914
2357 9715 -18818
2358 9725 -18822
2359 9743 -18874
2360 9781 -18994
2361 9755 -18926
2362 9809 -19078
2363 9809 -19106
2364 9833 -19174
2365 9821 -19102
2366 9807 -19054
2367 9787 -19026
2368 9773 -18942
2369 9733 -18838
2370 9789 -19006
2371 9817 -19114
2372 9829 -19098
2373 9827 -19090
2374 9825 -19102
2375 9791 -19090
2376 9773 -18998
2377 9765 -18998
2378 9787 -19058
2379 9787 -19090
2380 9795 -19062
2381 9761 -19002
2382 9763 -18990
2383 9655 -18730
2384 9655 -18730
2385 9661 -18734
2386 9709 -18834
2387 9757 -19006
2388 9821 -19166
2389 9819 -19154
2390 9823 -19050
2391 9811 -19026
2392 9791 -19054
2393 9807 -19034
2394 9867 -19270
2395 9879 -19294
2396 9821 -19058
2397 9837 -19170
2398 9813 -19054
2399 9833 -19150
2400 9775 -19022
2401 9757 -18978
2402 9723 -18918
2403 9803 -19114
2404 9791 -19042
2405 9785 -18962
2406 9763 -18966
2407 9691 -18818
2408 9729 -18938
2409 9709 -18814
2410 9725 -18874
2411 9761 -19030
2412 9795 -19046
2413 9813 -19106
2414 9795 -19034
2415 9793 -19050
2416 9829 -19146
2417 9831 -19158
2418 9795 -18954
2419 9787 -18946
2420 9813 -19074
2421 9807 -19106
2422 9749 -18902
2423 9691 -18758
2424 9721 -18910
2425 9751 -18962
2426 9713 -18854
2427 9749 -19002
2428 9761 -18970
2429 9771 -19018
2430 9737 -18974
2431 9721 -18878
2432 9721 -18862
2433 9719 -18862
2434 9715 -18802
2435 9717 -18842
2436 9765 -18930
2437 9825 -19122
2438 9805 -19070
2439 9729 -18878
2440 9765 -18910
2441 9793 -19022
2442 9763 -18946
2443 9741 -18886
2444 9775 -19022
2445 9795 -19042
2446 9761 -19006
2447 9757 -18934
2448 9785 -19014
2449 9739 -18858
2450 9733 -18882
2451 9765 -18938
2452 9761 -18958
2453 9789 -19058
2454 9749 -18962
2455 9791 -19106
2456 9797 -19138
2457 9761 -19022
2458 9729 -18982
2459 9713 -18922
2460 9773 -19106
2461 9811 -19134
2462 9775 -19010
2463 9775 -19050
2464 9761 -19006
2465 9781 -19078
2466 9753 -18946
2467 9761 -19022
2468 9705 -18782
2469 9595 -18562
2470 9695 -18758
2471 9693 -18786
2472 9721 -18866
2473 9749 -18990
2474 9793 -19022
2475 9761 -18914
2476 9815 -19110
2477 9853 -19206
2478 9799 -19030
2479 9727 -18858
2480 9721 -18830
2481 9723 -18846
2482 9759 -18978
2483 9745 -18878
2484 9785 -18974
2485 9759 -18986
2486 9719 -18834
2487 9697 -18826
2488 9785 -19050
2489 9803 -19094
2490 9839 -19186
2491 9823 -19102
2492 9841 -19154
2493 9839 -19134
2494 9859 -19194
2495 9807 -19086
2496 9779 -18962
2497 9759 -18990
2498 9771 -19018
2499 9761 -19042
2500 9749 -18942
2501 9809 -19106
2502 9755 -18982
2503 9685 -18750
2504 9697 -18850
2505 9649 -18770
2506 9647 -18762
2507 9649 -18770
2508 9703 -18854
2509 9741 -18954
2510 9733 -18882
2511 9751 -18986
2512 9795 -19094
2513 9807 -19110
2514 9819 -19162
2515 9769 -18994
2516 9791 -19022
2517 9777 -18966
2518 9825 -19166
2519 9785 -19106
2520 9771 -19018
2521 9717 -18890
2522 9723 -18850
2523 9747 -18910
2524 9797 -19066
2525 9849 -19242
2526 9843 -19158
2527 9801 -19070
2528 9773 -19066
2529 9803 -19098
2530 9771 -18966
2531 9739 -18898
2532 9763 -18966
2533 9783 -18994
2534 9809 -19106
2535 9775 -18978
2536 9765 -18966
2537 9751 -18962
2538 9797 -19038
2539 9751 -18954
2540 9749 -18890
2541 9751 -18902
2542 9729 -18870
2543 9715 -18830
2544 9715 -18834
2545 9683 -18754
2546 9731 -18878
2547 9741 -18918
2548 9791 -19070
2549 9753 -18970
2550 9773 -19030
2551 9759 -18890
2552 9731 -18834
2553 9797 -19106
2554 9799 -19054
2555 9809 -19106
2556 9817 -19130
2557 9783 -19022
2558 9785 -19046
2559 9787 -19078
2560 9775 -19062
2561 9735 -18938
2562 9725 -18878
2563 9719 -18938
2564 9747 -19038
2565 9751 -18946
2566 9733 -18902
2567 9705 -18794
2568 9733 -18894
2569 9809 -19138
2570 9767 -18954
2571 9755 -19002
2572 9817 -19126
2573 9769 -19010
2574 9739 -18930
2575 9751 -18942
2576 9733 -18930
2577 9757 -19018
2578 9771 -19078
2579 9775 -19066
2580 9835 -19150
2581 9777 -19042
2582 9779 -18990
2583 9753 -18882
2584 9757 -18966
2585 9819 -19126
2586 9805 -19074
2587 9817 -19118
2588 9781 -19058
2589 9849 -19230
2590 9839 -19146
2591 9861 -19214
2592 9839 -19166
2593 9801 -19066
2594 9843 -19194
2595 9819 -19106
2596 9775 -18946
2597 9789 -18954
2598 9813 -19042
2599 9733 -18886
2600 9671 -18666
2601 9733 -18914
2602 9709 -18822
2603 9727 -18842
2604 9737 -18862
2605 9767 -19006
2606 9769 -19038
2607 9769 -18958
2608 9707 -18762
2609 9771 -18962
2610 9771 -18970
2611 9829 -19194
2612 9825 -19118
2613 9819 -19194
2614 9845 -19226
2615 9781 -19102
2616 9799 -19142
2617 9799 -19070
2618 9715 -18862
2619 9699 -18738
2620 9665 -18666
2621 9665 -18682
2622 9807 -19134
2623 9829 -19146
2624 9765 -18954
2625 9759 -18966
2626 9715 -18842
2627 9765 -19038
2628 9847 -19230
2629 9787 -19046
2630 9829 -19126
2631 9825 -19158
2632 9843 -19202
2633 9785 -19050
2634 9757 -19034
2635 9771 -19046
2636 9779 -19002
2637 9791 -18998
2638 9779 -18930
2639 9787 -19002
2640 9791 -19038
2641 9767 -18978
2642 9769 -18966
2643 9817 -19114
2644 9783 -19046
2645 9823 -19130
2646 9813 -19074
2647 9789 -19018
2648 9831 -19126
2649 9815 -19090
2650 9801 -19026
2651 9767 -18998
2652 9729 -18922
2653 9781 -19050
2654 9797 -19086
2655 9823 -19174
2656 9833 -19186
2657 9835 -19162
2658 9781 -19042
2659 9747 -18906
2660 9763 -18890
2661 9835 -19174
2662 9837 -19218
2663 9779 -19050
2664 9767 -18994
2665 9753 -18970
2666 9783 -19022
2667 9785 -19002
2668 9811 -19106
2669 9789 -19030
2670 9829 -19150
2671 9793 -19070
2672 9817 -19138
2673 9849 -19230
2674 9857 -19282
2675 9813 -19098
2676 9817 -19126
2677 9829 -19178
2678 9835 -19138
2679 9835 -19126
2680 9793 -19002
2681 9805 -19086
2682 9753 -18906
2683 9755 -18966
2684 9737 -18814
2685 9749 -18902
2686 9715 -18754
2687 9709 -18834
2688 9665 -18706
2689 9659 -18666
2690 9725 -18842
2691 9705 -18762
2692 9743 -18882
2693 9721 -18862
2694 9741 -18930
2695 9711 -18822
2696 9733 -18862
2697 9689 -18774
2698 9695 -18794
2699 9737 -18866
2700 9709 -18822
2701 9685 -18818
2702 9751 -18970
2703 9759 -18998
2704 9745 -18898
2705 9783 -19058
2706 9781 -19058
2707 9793 -19154
2708 9811 -19154
2709 9769 -19010
2710 9755 -18962
2711 9773 -18954
2712 9705 -18826
2713 9711 -18842
2714 9733 -18914
2715 9737 -18878
2716 9755 -18930
2717 9719 -18846
2718 9725 -18886
2719 9729 -18838
2720 9753 -18942
2721 9787 -19026
2722 9727 -18894
2723 9755 -19006
2724 9771 -19014
2725 9753 -18894
2726 9787 -18986
2727 9771 -18974
2728 9779 -18950
2729 9715 -18818
2730 9753 -18974
2731 9723 -18930
2732 9705 -18834
2733 9681 -18750
2734 9757 -19002
2735 9739 -18914
2736 9741 -18878
2737 9789 -19030
2738 9811 -19110
2739 9781 -19010
2740 9797 -19078
2741 9801 -19058
2742 9835 -19170
2743 9845 -19190
2744 9809 -19054
2745 9785 -18982
2746 9805 -19094
2747 9715 -18774
2748 9733 -18782
2749 9743 -18858
2750 9759 -18998
2751 9741 -18930
2752 9771 -19078
2753 9721 -18874
2754 9703 -18850
2755 9735 -18922
2756 9641 -18754
2757 9741 -18918
2758 9685 -18786
2759 9693 -18774
2760 9679 -18818
2761 9657 -18750
2762 9651 -18794
2763 9631 -18630
2764 9659 -18778
2765 9647 -18634
2766 9679 -18802
2767 9705 -18806
2768 9775 -18998
2769 9721 -18898
2770 9669 -18806
2771 9755 -18938
2772 9703 -18850
2773 9767 -19070
2774 9801 -19138
2775 9759 -18966
2776 9755 -18990
2777 9789 -19078
2778 9813 -19154
2779 9821 -19146
2780 9805 -19134
2781 9733 -18966
2782 9769 -19046
2783 9811 -19118
2784 9787 -19006
2785 9745 -18906
2786 9763 -18930
2787 9767 -18910
2788 9791 -19018
2789 9867 -19230
2790 9857 -19238
2791 9793 -19066
2792 9741 -18922
2793 9747 -18874
2794 9733 -18878
2795 9781 -19022
2796 9843 -19182
2797 9857 -19226
2798 9837 -19146
2799 9797 -19042
2800 9769 -18994
2801 9743 -18918
2802 9743 -18914
2803 9753 -18858
2804 9763 -18938
2805 9741 -18878
2806 9809 -19094
2807 9789 -19006
2808 9791 -19070
2809 9747 -18906
2810 9751 -18930
2811 9741 -18906
2812 9737 -18938
2813 9725 -18834
2814 9723 -18802
2815 9737 -18838
2816 9749 -18854
2817 9737 -18890
2818 9705 -18878
2819 9721 -18906
2820 9679 -18818
2821 9693 -18866
2822 9745 -19042
2823 9743 -18982
2824 9715 -18914
2825 9721 -18866
2826 9755 -18930
2827 9855 -19234
2828 9843 -19190
2829 9807 -19082
2830 9773 -19026
2831 9739 -18894
2832 9733 -18910
2833 9765 -18982
2834 9741 -18906
2835 9739 -18906
2836 9813 -19138
2837 9753 -18922
2838 9775 -19034
2839 9791 -19042
2840 9823 -19138
2841 9815 -19106
2842 9817 -19106
2843 9815 -19070
2844 9767 -18982
2845 9761 -18974
2846 9779 -18990
2847 9739 -18938
2848 9705 -18762
2849 9603 -18578
2850 9655 -18642
2851 9669 -18706
2852 9631 -18634
2853 9635 -18630
2854 9657 -18678
2855 9691 -18822
2856 9697 -18802
2857 9719 -18826
2858 9733 -18886
2859 9711 -18886
2860 9715 -18842
2861 9751 -18842
2862 9747 -18914
2863 9769 -18910
2864 9749 -18850
2865 9719 -18802
2866 9745 -18954
2867 9713 -18850
2868 9725 -18826
2869 9683 -18702
2870 9689 -18830
2871 9739 -18966
2872 9669 -18734
2873 9677 -18790
2874 9663 -18810
2875 9661 -18714
2876 9679 -18694
2877 9731 -18862
2878 9729 -18862
2879 9767 -18978
2880 9769 -19010
2881 9781 -19066
2882 9775 -19002
2883 9773 -18974
2884 9823 -19130
2885 9719 -18786
2886 9689 -18794
2887 9711 -18842
2888 9759 -18958
2889 9813 -19070
2890 9839 -19182
2891 9849 -19238
2892 9829 -19142
2893 9769 -18958
2894 9789 -19046
2895 9793 -18998
2896 9751 -18902
2897 9747 -18902
2898 9769 -19086
2899 9751 -18974
2900 9737 -18950
2901 9825 -19134
2902 9795 -19018
2903 9787 -19022
2904 9737 -18846
2905 9735 -18858
2906 9757 -18922
2907 9737 -18866
2908 9751 -18926
2909 9735 -18850
2910 9719 -18858
2911 9725 -18926
2912 9711 -18930
2913 9739 -18958
2914 9773 -19042
2915 9763 -18986
2916 9745 -18914
2917 9773 -18970
2918 9783 -18942
2919 9759 -18934
2920 9751 -18982
2921 9713 -18854
2922 9747 -18946
2923 9751 -19002
2924 9681 -18882
2925 9667 -18690
2926 9669 -18766
2927 9697 -18886
2928 9683 -18798
2929 9669 -18830
2930 9721 -18914
2931 9741 -18982
2932 9667 -18798
2933 9671 -18806
2934 9683 -18830
2935 9721 -18866
2936 9741 -18922
2937 9799 -19062
2938 9785 -18966
2939 9763 -18890
2940 9803 -19022
2941 9813 -19118
2942 9789 -18958
2943 9777 -18974
2944 9795 -19022
2945 9817 -19078
2946 9801 -19050
2947 9827 -19094
2948 9747 -18870
2949 9723 -18798
2950 9717 -18806
2951 9685 -18702
2952 9675 -18714
2953 9629 -18658
2954 9699 -18830
2955 9733 -18870
2956 9769 -18982
2957 9721 -18846
2958 9731 -18822
2959 9643 -18730
2960 9679 -18914
2961 9753 -19082
2962 9737 -18898
2963 9729 -18974
2964 9653 -18738
2965 9621 -18662
2966 9663 -18762
2967 9779 -19042
2968 9769 -19130
2969 9787 -19018
2970 9793 -18978
2971 9759 -18922
2972 9767 -18946
2973 9737 -18886
2974 9771 -19022
2975 9761 -18970
2976 9697 -18826
2977 9755 -18914
2978 9775 -19002
2979 9767 -19010
2980 9799 -19118
2981 9747 -18926
2982 9759 -18954
2983 9791 -19094
2984 9745 -18946
2985 9709 -18890
2986 9753 -18966
2987 9725 -18974
2988 9729 -18942
2989 9793 -19026
2990 9765 -19022
2991 9783 -18986
2992 9771 -18970
2993 9733 -18938
2994 9681 -18806
2995 9625 -18602
2996 9681 -18842
2997 9769 -18990
2998 9797 -19030
2999 9849 -19182
3000 9851 -19214
3001 9777 -18998
3002 9803 -19134
3003 9793 -19010
3004 9755 -18954
3005 9747 -18902
3006 9737 -18834
3007 9757 -18926
3008 9729 -18934
3009 9685 -18730
3010 9717 -18854
3011 9747 -18954
3012 9697 -18874
3013 9649 -18758
3014 9717 -18898
3015 9673 -18778
3016 9743 -18942
3017 9781 -19026
3018 9757 -18958
3019 9789 -19078
3020 9749 -18934
3021 9685 -18774
3022 9635 -18702
3023 9667 -18790
3024 9771 -18974
3025 9773 -19030
3026 9795 -19130
3027 9791 -19042
3028 9743 -18998
3029 9799 -19158
3030 9763 -19046
3031 9759 -18986
3032 9775 -19018
3033 9763 -18982
3034 9785 -19026
3035 9733 -18830
3036 9745 -18830
3037 9729 -18786
3038 9741 -18846
3039 9699 -18818
3040 9689 -18874
3041 9727 -18930
3042 9707 -18890
3043 9659 -18774
3044 9657 -18706
3045 9681 -18830
3046 9737 -18962
3047 9795 -19102
3048 9759 -18986
3049 9761 -19002
3050 9717 -18746
3051 9747 -18898
3052 9791 -18998
3053 9785 -18994
3054 9831 -19118
3055 9779 -19002
3056 9753 -18938
3057 9693 -18846
3058 9647 -18758
3059 9619 -18706
3060 9669 -18846
3061 9677 -18822
3062 9755 -18990
3063 9755 -18974
3064 9777 -19098
3065 9799 -19058
3066 9803 -19054
3067 9797 -19050
3068 9805 -19006
3069 9851 -19174
3070 9787 -18950
3071 9803 -19038
3072 9759 -18850
3073 9819 -19118
3074 9817 -19090
3075 9787 -19014
3076 9793 -19082
3077 9753 -18982
3078 9729 -18862
3079 9757 -18906
3080 9745 -18954
3081 9763 -18926
3082 9753 -18914
3083 9753 -18886
3084 9761 -18910
3085 9795 -19038
3086 9835 -19206
3087 9771 -18922
3088 9775 -18958
3089 9819 -19166
3090 9829 -19182
3091 9789 -19018
3092 9781 -19042
3093 9737 -18894
3094 9691 -18750
3095 9761 -18954
3096 9799 -19070
3097 9849 -19230
3098 9747 -18838
3099 9785 -18958
3100 9801 -19010
3101 9743 -18822
3102 9775 -19010
3103 9779 -19022
3104 9843 -19202
3105 9817 -19138
3106 9835 -19222
3107 9789 -19098
3108 9811 -19118
3109 9767 -19022
3110 9797 -19082
3111 9751 -18994
3112 9783 -19042
3113 9787 -19038
3114 9841 -19162
3115 9813 -19050
3116 9857 -19222
3117 9789 -19014
3118 9765 -18950
3119 9775 -19014
3120 9753 -18918
3121 9733 -18818
3122 9805 -19006
3123 9841 -19186
3124 9857 -19190
3125 9813 -19094
3126 9843 -19166
3127 9795 -19046
3128 9801 -19066
3129 9769 -19006
3130 9707 -18818
3131 9657 -18762
3132 9687 -18746
3133 9757 -18918
3134 9749 -19018
3135 9807 -19114
3136 9757 -18990
3137 9719 -18902
3138 9713 -18918
3139 9707 -18886
3140 9761 -19058
3141 9747 -18986
3142 9753 -19026
3143 9807 -19114
3144 9819 -19118
3145 9799 -19050
3146 9793 -18998
3147 9751 -18946
3148 9775 -18974
3149 9743 -18874
3150 9809 -19062
3151 9799 -19046
3152 9831 -19122
3153 9803 -19094
3154 9797 -19006
3155 9827 -19150
3156 9799 -19070
3157 9807 -19150
3158 9845 -19158
3159 9815 -19078
3160 9795 -19054
3161 9807 -19034
3162 9813 -19090
3163 9793 -19022
3164 9765 -18970
3165 9775 -19046
3166 9737 -18902
3167 9717 -18854
3168 9779 -19006
3169 9765 -18962
3170 9733 -18814
3171 9773 -19002
3172 9757 -18970
3173 9775 -19010
3174 9823 -19138
3175 9789 -19042
3176 9751 -18882
3177 9751 -18942
3178 9723 -18846
3179 9787 -19038
3180 9735 -18898
3181 9765 -18974
3182 9803 -19062
3183 9785 -18954
3184 9783 -18994
3185 9763 -18882
3186 9797 -19018
3187 9777 -18910
3188 9779 -19030
3189 9781 -19030
3190 9757 -19042
3191 9743 -18998
3192 9739 -18886
3193 9753 -18934
3194 9733 -18970
3195 9777 -19030
3196 9845 -19174
3197 9809 -19054
3198 9743 -18902
3199 9773 -18954
3200 9799 -19050
3201 9707 -18806
3202 9713 -18750
3203 9709 -18746
3204 9743 -18890
3205 9775 -19002
3206 9723 -18834
3207 9733 -18862
3208 9779 -18962
3209 9791 -19018
3210 9783 -18990
3211 9757 -18914
3212 9745 -18970
3213 9727 -18950
3214 9767 -18994
3215 9741 -18834
3216 9759 -18966
3217 9815 -19146
3218 9783 -18982
3219 9783 -18986
3220 9739 -18870
3221 9761 -18998
3222 9751 -18974
3223 9667 -18786
3224 9707 -18810
3225 9753 -18974
3226 9773 -19010
3227 9795 -19086
3228 9733 -18914
3229 9755 -18934
3230 9757 -18954
3231 9723 -18838
3232 9751 -18894
3233 9727 -18850
3234 9751 -18842
3235 9847 -19182
3236 9807 -19038
3237 9805 -19010
3238 9805 -19054
3239 9843 -19154
3240 9847 -19186
3241 9799 -19042
3242 9799 -19078
3243 9777 -18986
3244 9797 -19006
3245 9767 -18930
3246 9761 -19062
3247 9765 -18950
3248 9729 -18862
3249 9733 -18934
3250 9669 -18758
3251 9725 -18886
3252 9721 -18814
3253 9697 -18754
3254 9743 -18894
3255 9759 -18894
3256 9763 -18918
3257 9781 -19010
3258 9853 -19218
3259 9869 -19278
3260 9827 -19110
3261 9803 -19090
3262 9763 -19034
3263 9715 -18834
3264 9743 -18930
3265 9687 -18774
3266 9731 -18942
3267 9781 -19002
3268 9723 -18942
3269 9633 -18762
3270 9607 -18642
3271 9633 -18722
3272 9663 -18754
3273 9681 -18778
3274 9685 -18790
3275 9709 -18790
3276 9691 -18794
3277 9721 -18858
3278 9765 -19006
3279 9757 -18894
3280 9811 -19126
3281 9795 -19006
3282 9797 -19078
3283 9829 -19162
3284 9829 -19102
3285 9779 -18934
3286 9777 -18970
3287 9821 -19102
3288 9813 -19034
3289 9793 -19006
3290 9787 -18986
3291 9817 -19042
3292 9795 -19086
3293 9767 -18942
3294 9801 -19094
3295 9779 -19050
3296 9731 -18838
3297 9715 -18786
3298 9769 -18970
3299 9787 -18986
3300 9761 -18938
3301 9773 -18974
3302 9775 -18958
3303 9787 -19054
3304 9771 -18962
3305 9809 -19050
3306 9761 -18974
3307 9781 -19038
3308 9723 -18830
3309 9773 -18994
3310 9699 -18798
3311 9763 -18974
3312 9779 -19078
3313 9757 -19006
3314 9741 -18938
3315 9741 -18954
3316 9667 -18826
3317 9675 -18898
3318 9759 -19074
3319 9713 -18894
3320 9699 -18858
3321 9773 -19042
3322 9773 -19002
3323 9771 -18982
3324 9825 -19098
3325 9805 -19074
3326 9789 -19022
3327 9803 -19054
3328 9819 -19138
3329 9789 -19074
3330 9803 -19054
3331 9829 -19130
3332 9829 -19146
3333 9799 -19074
3334 9787 -19110
3335 9777 -19050
3336 9763 -19006
3337 9795 -19066
3338 9787 -19014
3339 9799 -19074
3340 9785 -19038
3341 9783 -19026
3342 9779 -19046
3343 9781 -19010
3344 9749 -18898
3345 9809 -19098
3346 9719 -18866
3347 9795 -19134
3348 9837 -19178
3349 9787 -19046
3350 9797 -19046
3351 9823 -19090
3352 9807 -19046
3353 9789 -19026
3354 9787 -19030
3355 9763 -18942
3356 9725 -18842
3357 9749 -18942
3358 9777 -19030
3359 9767 -18998
3360 9773 -18946
3361 9803 -19006
3362 9799 -19034
3363 9805 -19042
3364 9759 -18918
3365 9791 -18978
3366 9729 -18794
3367 9811 -19074
3368 9815 -19098
3369 9805 -19070
3370 9751 -18922
3371 9793 -19070
3372 9801 -19046
3373 9805 -19034
3374 9793 -18954
3375 9805 -19066
3376 9771 -18966
3377 9755 -18942
3378 9735 -18838
3379 9779 -18998
3380 9799 -19022
3381 9667 -18778
3382 9683 -18786
3383 9709 -18906
3384 9673 -18794
3385 9687 -18842
3386 9679 -18782
3387 9777 -19054
3388 9783 -19062
3389 9785 -19058
3390 9777 -19018
3391 9771 -19042
3392 9771 -18990
3393 9737 -18930
3394 9731 -18974
3395 9761 -19014
3396 9711 -18922
3397 9647 -18670
3398 9659 -18742
3399 9655 -18702
3400 9667 -18702
3401 9689 -18830
3402 9743 -18978
3403 9759 -19050
3404 9781 -19026
3405 9731 -18870
3406 9681 -18754
3407 9687 -18838
3408 9697 -18802
3409 9775 -19010
3410 9751 -18894
3411 9803 -19058
3412 9791 -19030
3413 9825 -19118
3414 9779 -18970
3415 9809 -19026
3416 9821 -19098
3417 9829 -19150
3418 9809 -19078
3419 9773 -18974
3420 9769 -18946
3421 9789 -18998
3422 9769 -18962
3423 9793 -18974
3424 9783 -18982
3425 9817 -19122
3426 9799 -19066
3427 9789 -19070
3428 9831 -19202
3429 9821 -19178
3430 9803 -19074
3431 9791 -19026
3432 9773 -18990
3433 9765 -18934
3434 9777 -18990
3435 9751 -18938
3436 9755 -18910
3437 9809 -19054
3438 9795 -19062
3439 9775 -18950
3440 9763 -18906
3441 9795 -19002
3442 9771 -18918
3443 9757 -18930
3444 9693 -18774
3445 9743 -18898
3446 9729 -18850
3447 9801 -19086
3448 9811 -19114
3449 9743 -18894
3450 9739 -18910
3451 9709 -18790
3452 9675 -18730
3453 9721 -18838
3454 9739 -18898
3455 9745 -18938
3456 9675 -18774
3457 9765 -19050
3458 9693 -18866
3459 9741 -18946
3460 9753 -18926
3461 9821 -19090
3462 9801 -19082
3463 9803 -19058
3464 9813 -19114
3465 9753 -18986
3466 9747 -18982
3467 9681 -18834
3468 9701 -18822
3469 9681 -18774
3470 9641 -18750
3471 9689 -18850
3472 9717 -18906
3473 9691 -18830
3474 9717 -18806
3475 9737 -18906
3476 9755 -18942
3477 9795 -19058
3478 9751 -18934
3479 9767 -18974
3480 9749 -18918
3481 9749 -18874
3482 9723 -18822
3483 9755 -18902
3484 9731 -18858
3485 9725 -18822
3486 9719 -18858
3487 9755 -18902
3488 9775 -18970
3489 9779 -18962
3490 9821 -19102
3491 9787 -18990
3492 9767 -19002
3493 9795 -19054
3494 9803 -19054
3495 9757 -18926
3496 9759 -18954
3497 9787 -18986
3498 9783 -18966
3499 9841 -19194
3500 9797 -19066
3501 9745 -18938
3502 9725 -18862
3503 9791 -19074
3504 9775 -18986
3505 9767 -19014
3506 9791 -19038
3507 9761 -18950
3508 9727 -18838
3509 9635 -18650
3510 9677 -18794
3511 9769 -19026
3512 9731 -18946
3513 9753 -18990
3514 9837 -19198
3515 9811 -19102
3516 9859 -19230
3517 9843 -19178
3518 9771 -19022
3519 9747 -18898
3520 9775 -18970
3521 9801 -19062
3522 9805 -19034
3523 9859 -19174
3524 9847 -19122
3525 9767 -18894
3526 9827 -19138
3527 9757 -18942
3528 9735 -18874
3529 9719 -18798
3530 9729 -18810
3531 9729 -18834
3532 9677 -18682
3533 9769 -18994
3534 9759 -19022
3535 9727 -18926
3536 9747 -18938
3537 9747 -18950
3538 9737 -18958
3539 9735 -18950
3540 9773 -19034
3541 9717 -18806
3542 9821 -19126
3543 9795 -19086
3544 9805 -19122
3545 9749 -18898
3546 9761 -18938
3547 9713 -18802
3548 9759 -18954
3549 9825 -19090
3550 9773 -18958
3551 9737 -18902
3552 9739 -18886
3553 9765 -18994
3554 9765 -19018
3555 9755 -19006
3556 9737 -18858
3557 9687 -18726
3558 9701 -18778
3559 9741 -18898
3560 9751 -18894
3561 9821 -19154
3562 9795 -19058
3563 9823 -19106
3564 9829 -19154
3565 9755 -18846
3566 9783 -18974
3567 9753 -18886
3568 9783 -18966
3569 9813 -19078
3570 9741 -18918
3571 9727 -18894
3572 9715 -18826
3573 9771 -19034
3574 9783 -19050
3575 9783 -18994
3576 9781 -19002
3577 9697 -18694
3578 9713 -18770
3579 9731 -18818
3580 9691 -18730
3581 9701 -18830
3582 9697 -18810
3583 9739 -18934
3584 9749 -18962
3585 9737 -18998
3586 9775 -19062
3587 9745 -18982
3588 9713 -18910
3589 9703 -18918
3590 9733 -19014
3591 9745 -18958
3592 9771 -19014
3593 9727 -18886
3594 9761 -18978
3595 9775 -19018
3596 9825 -19090
3597 9759 -18906
3598 9815 -19114
3599 9775 -18946
3600 9735 -18830
3601 9767 -18978
3602 9839 -19166
3603 9833 -19154
3604 9811 -19078
3605 9805 -19090
3606 9809 -19110
3607 9833 -19134
3608 9837 -19166
3609 9811 -19086
3610 9823 -19110
3611 9771 -18990
3612 9767 -18946
3613 9755 -18854
3614 9821 -19130
3615 9827 -19154
3616 9745 -18890
3617 9755 -18882
3618 9753 -18922
3619 9777 -19018
3620 9825 -19118
3621 9765 -18918
3622 9723 -18802
3623 9717 -18770
3624 9697 -18710
3625 9639 -18578
3626 9677 -18714
3627 9735 -18894
3628 9733 -18910
3629 9693 -18790
3630 9705 -18830
3631 9721 -18802
3632 9671 -18730
3633 9703 -18846
3634 9685 -18790
3635 9671 -18750
3636 9619 -18582
3637 9683 -18750
3638 9695 -18854
3639 9723 -18934
3640 9791 -19062
3641 9789 -19010
3642 9783 -19058
3643 9727 -18882
3644 9745 -18874
3645 9787 -18990
3646 9827 -19106
3647 9803 -19062
3648 9813 -19110
3649 9837 -19170
3650 9833 -19166
3651 9789 -19042
3652 9785 -18974
3653 9765 -18958
3654 9765 -18986
3655 9681 -18774
3656 9701 -18798
3657 9621 -18598
3658 9661 -18750
3659 9633 -18734
3660 9647 -18730
3661 9667 -18774
3662 9689 -18786
3663 9745 -18982
3664 9725 -18874
3665 9723 -18842
3666 9741 -18846
3667 9795 -19078
3668 9795 -19042
3669 9825 -19122
3670 9787 -19022
3671 9811 -19134
3672 9815 -19098
3673 9773 -19002
3674 9715 -18838
3675 9691 -18834
3676 9733 -18966
3677 9759 -18986
3678 9721 -18866
3679 9795 -19038
3680 9765 -18946
3681 9711 -18810
3682 9721 -18862
3683 9707 -18842
3684 9777 -18990
3685 9725 -18862
3686 9751 -18874
3687 9781 -18934
3688 9853 -19190
3689 9869 -19274
3690 9847 -19226
3691 9821 -19106
3692 9839 -19142
3693 9815 -19078
3694 9749 -18934
3695 9785 -19014
3696 9827 -19146
3697 9839 -19162
3698 9797 -19042
3699 9789 -19006
3700 9789 -19042
3701 9809 -19150
3702 9835 -19118
3703 9831 -19138
3704 9771 -18978
3705 9753 -18922
3706 9699 -18838
3707 9709 -18822
3708 9655 -18722
3709 9663 -18734
3710 9685 -18798
3711 9759 -18942
3712 9787 -19034
3713 9763 -18994
3714 9781 -19014
3715 9721 -18898
3716 9721 -18930
3717 9757 -18986
3718 9735 -18870
3719 9683 -18774
3720 9693 -18806
3721 9759 -18970
3722 9737 -18878
3723 9743 -18878
3724 9723 -18842
3725 9701 -18826
3726 9697 -18854
3727 9711 -18854
3728 9745 -18926
3729 9747 -18930
3730 9773 -18986
3731 9825 -19102
3732 9769 -18986
3733 9693 -18870
3734 9687 -18782
3735 9673 -18802
3736 9713 -18950
3737 9713 -18910
3738 9769 -19034
3739 9799 -19054
3740 9823 -19150
3741 9839 -19222
3742 9771 -18974
3743 9757 -18978
3744 9771 -18970
3745 9721 -18878
3746 9719 -18838
3747 9753 -18946
3748 9777 -19050
3749 9749 -18870
3750 9715 -18790
3751 9729 -18870
3752 9727 -18874
3753 9723 -18818
3754 9743 -18918
3755 9795 -19070
3756 9827 -19154
3757 9791 -19042
3758 9843 -19150
3759 9813 -19118
3760 9727 -18874
3761 9751 -18882
3762 9745 -18866
3763 9775 -18966
3764 9795 -19038
3765 9765 -18958
3766 9771 -18982
3767 9763 -18978
3768 9735 -18918
3769 9761 -18934
3770 9723 -18818
3771 9701 -18762
3772 9719 -18818
3773 9753 -18950
3774 9755 -18866
3775 9795 -19030
3776 9785 -19034
3777 9749 -18954
3778 9765 -18966
3779 9775 -18934
3780 9721 -18866
3781 9763 -18974
3782 9747 -18918
3783 9721 -18818
3784 9737 -18898
3785 9765 -18970
3786 9809 -19142
3787 9747 -18922
3788 9747 -18918
3789 9783 -19002
3790 9779 -19054
3791 9765 -18966
3792 9795 -19062
3793 9819 -19118
3794 9835 -19126
3795 9851 -19198
3796 9815 -19126
3797 9771 -19002
3798 9775 -18962
3799 9781 -18978
3800 9817 -19074
3801 9845 -19202
3802 9867 -19278
3803 9787 -19050
3804 9753 -18938
3805 9783 -18994
3806 9807 -19078
3807 9815 -19102
3808 9757 -18938
3809 9717 -18850
3810 9787 -19026
3811 9799 -19074
3812 9809 -19046
3813 9777 -18998
3814 9819 -19074
3815 9783 -18994
3816 9785 -19002
3817 9817 -19110
3818 9757 -18934
3819 9787 -19030
3820 9767 -18906
3821 9817 -19106
3822 9799 -19002
3823 9835 -19122
3824 9797 -19026
3825 9799 -19046
3826 9709 -18818
3827 9771 -18954
3828 9773 -19026
3829 9809 -19078
3830 9801 -19102
3831 9791 -19018
3832 9819 -19090
3833 9789 -19038
3834 9749 -18870
3835 9723 -18870
3836 9781 -19002
3837 9817 -19102
3838 9817 -19054
3839 9825 -19082
3840 9867 -19254
3841 9805 -19038
3842 9789 -19058
3843 9773 -18978
3844 9771 -18958
3845 9809 -19082
3846 9811 -19098
3847 9807 -19030
3848 9765 -19006
3849 9713 -18802
3850 9765 -18906
3851 9767 -18906
3852 9795 -19058
3853 9813 -19118
3854 9775 -19030
3855 9777 -19094
3856 9709 -18902
3857 9685 -18830
3858 9697 -18814
3859 9721 -18922
3860 9761 -18978
3861 9737 -18870
3862 9757 -18906
3863 9807 -19094
3864 9747 -18898
3865 9801 -19066
3866 9829 -19182
3867 9845 -19166
3868 9801 -19066
3869 9747 -18954
3870 9753 -18942
3871 9749 -18926
3872 9717 -18838
3873 9695 -18874
3874 9653 -18774
3875 9619 -18598
3876 9641 -18658
3877 9731 -18862
3878 9749 -18930
3879 9745 -18978
3880 9711 -18866
3881 9725 -18898
3882 9763 -18990
3883 9765 -19006
3884 9781 -18994
3885 9749 -18958
3886 9719 -18870
3887 9711 -18874
3888 9717 -18858
3889 9703 -18810
3890 9683 -18746
3891 9675 -18746
3892 9729 -18866
3893 9737 -18858
3894 9723 -18822
3895 9769 -18934
3896 9777 -19050
3897 9803 -19122
3898 9767 -19014
3899 9797 -19098
3900 9807 -19070
3901 9839 -19122
3902 9821 -19098
3903 9837 -19098
3904 9809 -19110
3905 9775 -19026
3906 9777 -19018
3907 9743 -18818
3908 9771 -18994
3909 9761 -18978
3910 9699 -18778
3911 9755 -18906
3912 9773 -18874
3913 9819 -19082
3914 9793 -18994
3915 9781 -19014
3916 9809 -19098
3917 9841 -19190
3918 9811 -19162
3919 9791 -19098
3920 9789 -19062
3921 9799 -19110
3922 9775 -19074
3923 9787 -19034
3924 9773 -18958
3925 9719 -18850
3926 9765 -18946
3927 9753 -18942
3928 9707 -18862
3929 9723 -18906
3930 9731 -18978
3931 9785 -19046
3932 9731 -18850
3933 9723 -18842
3934 9751 -18886
3935 9663 -18678
3936 9749 -18926
3937 9761 -19070
3938 9703 -18966
3939 9723 -19010
3940 9771 -19090
3941 9755 -18954
3942 9803 -19146
3943 9765 -19022
3944 9775 -19010
3945 9783 -19054
3946 9797 -19062
3947 9771 -19018
3948 9763 -18986
3949 9741 -18886
3950 9717 -18882
3951 9697 -18774
3952 9731 -18890
3953 9691 -18818
3954 9803 -19122
3955 9769 -19050
3956 9803 -19106
3957 9789 -19018
3958 9759 -18946
3959 9749 -18910
3960 9719 -18870
3961 9739 -18982
3962 9739 -18986
3963 9701 -18910
3964 9691 -18838
3965 9707 -18854
3966 9729 -18926
3967 9713 -18778
3968 9705 -18746
3969 9791 -18970
3970 9815 -19078
3971 9769 -18982
3972 9727 -18898
3973 9727 -18878
3974 9723 -18854
3975 9771 -18930
3976 9803 -19042
3977 9721 -18834
3978 9709 -18834
3979 9795 -19054
3980 9775 -18966
3981 9753 -18886
3982 9727 -18870
3983 9737 -18926
3984 9693 -18750
3985 9711 -18730
3986 9749 -18894
3987 9819 -19086
3988 9765 -18930
3989 9813 -19054
3990 9827 -19102
3991 9847 -19170
3992 9871 -19218
3993 9833 -19118
3994 9813 -19046
3995 9805 -19018
3996 9787 -18994
3997 9779 -18970
3998 9813 -19090
3999 9833 -19126
4000 9823 -19194
4001 9855 -19202
4002 9851 -19218
4003 9791 -18998
4004 9807 -19114
4005 9813 -19130
4006 9811 -19054
4007 9789 -19026
4008 9761 -18954
4009 9801 -19054
4010 9873 -19234
4011 9765 -18938
4012 9799 -19074
4013 9781 -18990
4014 9741 -18846
4015 9693 -18758
4016 9707 -18826
4017 9721 -18782
4018 9693 -18642
4019 9683 -18742
4020 9711 -18794
4021 9701 -18782
4022 9709 -18866
4023 9767 -18962
4024 9749 -18886
4025 9713 -18822
4026 9721 -18874
4027 9729 -18870
4028 9747 -18906
4029 9793 -19062
4030 9823 -19142
4031 9779 -18962
4032 9787 -19010
4033 9789 -19086
4034 9767 -18970
4035 9753 -18902
4036 9767 -18922
4037 9761 -18930
4038 9727 -18810
4039 9785 -19010
4040 9763 -19014
4041 9797 -19030
4042 9849 -19186
4043 9847 -19210
4044 9755 -18894
4045 9747 -18874
4046 9739 -18870
4047 9703 -18842
4048 9677 -18850
4049 9685 -18846
4050 9697 -18822
4051 9753 -18942
4052 9741 -18926
4053 9717 -18870
4054 9723 -18886
4055 9749 -18874
4056 9757 -18942
4057 9765 -18962
4058 9681 -18774
4059 9733 -18886
4060 9719 -18850
4061 9721 -18878
4062 9761 -18990
4063 9721 -18934
4064 9677 -18858
4065 9735 -18990
4066 9715 -18846
4067 9767 -18954
4068 9779 -19014
4069 9803 -19042
4070 9791 -19018
4071 9763 -18942
4072 9813 -19082
4073 9795 -19010
4074 9827 -19138
4075 9807 -19062
4076 9811 -19106
4077 9815 -19086
4078 9827 -19070
4079 9819 -19090
4080 9831 -19126
4081 9811 -19062
4082 9835 -19118
4083 9829 -19154
4084 9797 -19058
4085 9745 -18910
4086 9747 -18954
4087 9709 -18838
4088 9739 -18858
4089 9719 -18862
4090 9691 -18778
4091 9749 -18918
4092 9775 -19026
4093 9725 -18910
4094 9761 -19050
4095 9757 -18978
4096 9801 -19114
4097 9801 -19130
4098 9789 -19050
4099 9769 -18930
4100 9771 -18990
4101 9761 -18954
4102 9767 -19022
4103 9759 -19030
4104 9793 -19050
4105 9803 -19046
4106 9775 -18994
4107 9789 -19038
4108 9711 -18834
4109 9771 -19046
4110 9719 -18914
4111 9757 -18994
4112 9785 -19090
4113 9881 -19286
4114 9915 -19406
4115 9901 -19382
4116 9871 -19262
4117 9811 -19086
4118 9783 -19090
4119 9729 -18890
4120 9727 -18902
4121 9745 -18846
4122 9803 -18998
4123 9815 -19094
4124 9845 -19158
4125 9805 -19066
4126 9815 -19146
4127 9815 -19070
4128 9821 -19130
4129 9797 -18986
4130 9787 -18958
4131 9813 -19070
4132 9855 -19238
4133 9843 -19186
4134 9791 -19046
4135 9785 -18978
4136 9835 -19114
4137 9837 -19202
4138 9803 -19094
4139 9797 -19094
4140 9785 -19058
4141 9827 -19150
4142 9795 -19090
4143 9789 -19106
4144 9783 -18982
4145 9797 -19030
4146 9729 -18806
4147 9711 -18802
4148 9719 -18886
4149 9719 -18882
4150 9721 -18834
4151 9707 -18850
4152 9749 -18966
4153 9789 -18990
4154 9785 -18974
4155 9783 -19018
4156 9797 -19026
4157 9797 -19030
4158 9805 -19002
4159 9795 -19042
4160 9741 -18918
4161 9759 -18990
4162 9721 -18954
4163 9691 -18878
4164 9707 -18966
4165 9743 -18982
4166 9731 -19022
4167 9717 -18930
4168 9669 -18766
4169 9651 -18654
4170 9587 -18602
4171 9597 -18610
4172 9675 -18754
4173 9727 -18898
4174 9677 -18746
4175 9669 -18770
4176 9685 -18778
4177 9701 -18778
4178 9677 -18738
4179 9711 -18842
4180 9735 -18862
4181 9767 -18978
4182 9791 -19022
4183 9833 -19094
4184 9825 -19094
4185 9807 -19046
4186 9777 -18990
4187 9739 -18882
4188 9751 -18886
4189 9713 -18810
4190 9755 -18946
4191 9793 -19014
4192 9799 -19050
4193 9767 -18918
4194 9773 -18930
4195 9727 -18850
4196 9739 -18878
4197 9767 -18954
4198 9827 -19130
4199 9833 -19170
4200 9751 -18978
4201 9805 -19154
4202 9779 -19034
4203 9763 -19058
4204 9775 -19050
4205 9773 -18978
4206 9819 -19074
4207 9811 -19082
4208 9779 -19006
4209 9735 -18886
4210 9755 -18890
4211 9783 -18994
4212 9741 -18850
4213 9743 -18914
4214 9801 -19054
4215 9729 -18842
4216 9767 -18962
4217 9725 -18834
4218 9729 -18834
4219 9749 -18894
4220 9739 -18910
4221 9755 -18934
4222 9775 -19026
4223 9711 -18802
4224 9719 -18918
4225 9699 -18826
4226 9765 -18998
4227 9705 -18882
4228 9735 -18950
4229 9751 -18990
4230 9737 -19042
4231 9689 -18906
4232 9699 -18810
4233 9721 -18870
4234 9739 -18922
4235 9779 -19086
4236 9729 -18918
4237 9709 -18838
4238 9685 -18834
4239 9749 -18938
4240 9769 -19014
4241 9727 -18974
4242 9759 -19018
4243 9733 -18926
4244 9749 -18990
4245 9727 -18846
4246 9757 -18970
4247 9751 -19030
4248 9793 -19078
4249 9781 -19046
4250 9849 -19214
4251 9811 -19062
4252 9839 -19210
4253 9861 -19182
4254 9833 -19118
4255 9811 -19106
4256 9731 -18894
4257 9741 -18930
4258 9749 -18950
4259 9737 -18898
4260 9779 -19002
4261 9759 -18950
4262 9773 -19018
4263 9811 -19070
4264 9827 -19162
4265 9813 -19074
4266 9839 -19162
4267 9827 -19138
4268 9831 -19146
4269 9821 -19126
4270 9763 -18938
4271 9809 -19074
4272 9815 -19078
4273 9847 -19158
4274 9855 -19214
4275 9825 -19094
4276 9813 -19070
4277 9793 -18998
4278 9827 -19142
4279 9837 -19134
4280 9803 -19014
4281 9815 -19082
4282 9801 -19070
4283 9797 -19058
4284 9807 -19026
4285 9765 -18942
4286 9773 -18922
4287 9759 -18954
4288 9789 -18990
4289 9839 -19146
4290 9813 -19094
4291 9833 -19118
4292 9865 -19226
4293 9805 -19018
4294 9779 -18950
4295 9763 -18942
4296 9765 -18954
4297 9783 -18990
4298 9747 -18950
4299 9803 -19078
4300 9769 -18994
4301 9769 -19062
4302 9755 -19038
4303 9745 -18982
4304 9733 -19026
4305 9739 -18978
4306 9693 -18814
4307 9725 -18846
4308 9703 -18822
4309 9717 -18842
4310 9711 -18838
4311 9747 -18902
4312 9769 -18970
4313 9713 -18730
4314 9787 -19030
4315 9819 -19134
4316 9785 -19074
4317 9775 -19046
4318 9761 -18998
4319 9793 -19030
4320 9817 -19126
4321 9807 -19126
4322 9729 -18866
4323 9789 -19038
4324 9787 -18970
4325 9743 -18858
4326 9693 -18718
4327 9663 -18614
4328 9641 -18614
4329 9715 -18826
4330 9717 -18814
4331 9717 -18802
4332 9709 -18826
4333 9767 -18986
4334 9699 -18922
4335 9737 -18878
4336 9741 -18882
4337 9745 -18906
4338 9705 -18786
4339 9743 -18890
4340 9739 -18914
4341 9755 -19002
4342 9777 -19078
4343 9773 -18998
4344 9801 -19086
4345 9771 -18974
4346 9779 -18978
4347 9799 -18998
4348 9773 -18974
4349 9769 -18946
4350 9745 -18930
4351 9725 -18934
4352 9679 -18786
4353 9627 -18666
4354 9675 -18774
4355 9719 -18810
4356 9755 -18926
4357 9777 -18990
4358 9701 -18762
4359 9709 -18774
4360 9731 -18886
4361 9787 -19070
4362 9727 -18858
4363 9759 -18954
4364 9731 -18918
4365 9777 -18986
4366 9825 -19118
4367 9791 -19018
4368 9775 -19002
4369 9773 -18970
4370 9751 -18914
4371 9759 -18906
4372 9739 -18918
4373 9745 -18878
4374 9793 -19026
4375 9809 -19074
4376 9803 -19050
4377 9769 -18950
4378 9727 -18930
4379 9731 -18906
4380 9723 -18906
4381 9821 -19114
4382 9797 -19098
4383 9817 -19094
4384 9815 -19062
4385 9783 -19038
4386 9819 -19146
4387 9767 -19002
4388 9799 -19062
4389 9733 -18842
4390 9793 -19010
4391 9821 -19106
4392 9789 -19022
4393 9831 -19134
4394 9815 -19110
4395 9819 -19110
4396 9853 -19198
4397 9829 -19150
4398 9811 -19114
4399 9801 -19066
4400 9775 -18958
4401 9765 -18930
4402 9821 -19086
4403 9837 -19138
4404 9841 -19174
4405 9779 -18978
4406 9807 -19094
4407 9727 -18810
4408 9787 -19010
4409 9745 -18886
4410 9759 -18994
4411 9767 -18914
4412 9767 -18934
4413 9739 -18878
4414 9753 -18974
4415 9775 -18966
4416 9797 -19062
4417 9769 -18946
4418 9803 -19106
4419 9787 -19074
4420 9805 -19090
4421 9779 -19030
4422 9783 -19002
4423 9771 -18990
4424 9761 -18982
4425 9765 -18994
4426 9749 -18914
4427 9817 -19110
4428 9763 -18930
4429 9765 -19014
4430 9819 -19126
4431 9793 -19054
4432 9767 -18990
4433 9745 -18938
4434 9697 -18802
4435 9709 -18890
4436 9759 -18970
4437 9763 -18946
4438 9695 -18746
4439 9709 -18806
4440 9703 -18838
4441 9771 -19018
4442 9693 -18774
4443 9725 -18942
4444 9703 -18898
4445 9715 -18802
4446 9703 -18894
4447 9747 -18966
4448 9707 -18910
4449 9601 -18650
4450 9639 -18806
4451 9607 -18718
4452 9607 -18662
4453 9697 -18882
4454 9721 -18954
4455 9751 -19066
4456 9741 -18950
4457 9753 -18966
4458 9767 -18978
4459 9779 -18978
4460 9745 -18910
4461 9731 -18842
4462 9767 -19022
4463 9813 -19166
4464 9795 -19078
4465 9781 -19034
4466 9775 -19018
4467 9791 -19046
4468 9751 -18938
4469 9739 -18934
4470 9769 -19014
4471 9749 -18914
4472 9749 -18998
4473 9721 -18970
4474 9705 -18922
4475 9687 -18930
4476 9633 -18794
4477 9677 -18834
4478 9645 -18734
4479 9671 -18750
4480 9673 -18774
4481 9697 -18866
4482 9749 -18998
4483 9767 -19054
4484 9833 -19214
4485 9805 -19086
4486 9821 -19102
4487 9759 -18966
4488 9703 -18766
4489 9769 -18970
4490 9757 -18922
4491 9787 -19026
4492 9791 -19058
4493 9773 -19046
4494 9769 -18970
4495 9711 -18786
4496 9769 -18970
4497 9751 -18962
4498 9749 -18990
4499 9741 -18958
4500 9709 -18874
4501 9635 -18678
4502 9693 -18854
4503 9739 -18978
4504 9715 -18918
4505 9725 -18942
4506 9717 -18974
4507 9669 -18750
4508 9641 -18714
4509 9685 -18874
4510 9699 -18850
4511 9703 -18866
4512 9693 -18842
4513 9721 -18886
4514 9769 -19030
4515 9737 -18894
4516 9693 -18834
4517 9735 -18906
4518 9739 -18918
4519 9771 -19066
4520 9769 -18962
4521 9733 -18914
4522 9773 -18990
4523 9807 -19074
4524 9787 -19022
4525 9777 -18966
4526 9779 -19026
4527 9755 -18922
4528 9759 -18958
4529 9757 -18966
4530 9703 -18898
4531 9705 -18934
4532 9757 -19082
4533 9707 -18922
4534 9753 -19026
4535 9685 -18774
4536 9701 -18822
4537 9751 -18990
4538 9693 -18830
4539 9753 -18886
4540 9737 -18918
4541 9753 -18962
4542 9691 -18754
4543 9715 -18814
4544 9663 -18718
4545 9635 -18602
4546 9733 -18898
4547 9717 -18890
4548 9653 -18706
4549 9611 -18594
4550 9595 -18554
4551 9671 -18766
4552 9701 -18834
4553 9725 -18914
4554 9705 -18898
4555 9751 -19038
4556 9737 -18982
4557 9741 -19042
4558 9691 -18846
4559 9673 -18810
4560 9645 -18742
4561 9639 -18682
4562 9665 -18718
4563 9739 -18918
4564 9707 -18866
4565 9715 -18874
4566 9735 -18922
4567 9735 -18858
4568 9781 -19058
4569 9793 -19090
4570 9803 -19102
4571 9739 -18914
4572 9741 -18918
4573 9777 -19074
4574 9755 -18910
4575 9753 -18934
4576 9777 -19054
4577 9773 -18978
4578 9765 -18998
4579 9769 -19050
4580 9747 -18918
4581 9767 -18974
4582 9741 -18854
4583 9777 -18990
4584 9771 -18942
4585 9719 -18846
4586 9767 -18958
4587 9753 -18918
4588 9735 -18866
4589 9789 -19022
4590 9837 -19194
4591 9861 -19258
4592 9833 -19126
4593 9815 -19070
4594 9787 -19018
4595 9791 -19046
4596 9743 -18954
4597 9755 -18970
4598 9793 -19082
4599 9757 -19010
4600 9797 -19082
4601 9805 -19118
4602 9793 -19046
4603 9771 -18990
4604 9793 -19070
4605 9811 -19170
4606 9787 -19142
4607 9767 -19002
4608 9771 -18970
4609 9793 -19002
4610 9789 -19062
4611 9795 -19030
4612 9773 -19066
4613 9739 -18930
4614 9743 -18866
4615 9733 -18794
4616 9783 -19022
4617 9783 -19030
4618 9701 -18874
4619 9731 -18902
4620 9705 -18834
4621 9731 -18950
4622 9743 -18966
4623 9733 -18902
4624 9763 -18978
4625 9801 -19074
4626 9729 -18894
4627 9837 -19166
4628 9791 -19042
4629 9751 -18874
4630 9761 -18922
4631 9773 -18958
4632 9781 -18982
4633 9735 -18862
4634 9735 -18890
4635 9777 -18978
4636 9751 -18838
4637 9793 -19002
4638 9807 -19050
4639 9829 -19126
4640 9799 -19042
4641 9781 -19018
4642 9753 -18906
4643 9757 -18966
4644 9753 -18974
4645 9827 -19126
4646 9789 -19026
4647 9795 -19026
4648 9737 -18878
4649 9723 -18814
4650 9745 -18890
4651 9749 -18938
4652 9737 -18870
4653 9717 -18922
4654 9739 -18898
4655 9719 -18798
4656 9771 -19042
4657 9803 -19082
4658 9811 -19094
4659 9779 -19018
4660 9745 -18882
4661 9749 -18926
4662 9783 -19010
4663 9805 -19070
4664 9831 -19150
4665 9837 -19146
4666 9839 -19154
4667 9849 -19174
4668 9841 -19158
4669 9767 -19002
4670 9737 -18874
4671 9731 -18810
4672 9691 -18722
4673 9691 -18746
4674 9763 -18934
4675 9807 -19070
4676 9811 -19038
4677 9773 -18986
4678 9775 -19002
4679 9787 -19046
4680 9789 -19034
4681 9793 -19066
4682 9737 -18946
4683 9773 -19026
4684 9711 -18806
4685 9731 -18814
4686 9717 -18826
4687 9695 -18794
4688 9673 -18710
4689 9669 -18746
4690 9699 -18862
4691 9719 -18842
4692 9741 -18938
4693 9731 -18938
4694 9757 -19006
4695 9765 -18962
4696 9755 -18922
4697 9725 -18874
4698 9687 -18778
4699 9725 -18886
4700 9777 -19086
4701 9761 -19038
4702 9737 -18934
4703 9687 -18790
4704 9727 -18930
4705 9783 -19106
4706 9795 -19110
4707 9769 -18930
4708 9753 -18982
4709 9775 -19018
4710 9809 -19078
4711 9775 -18938
4712 9767 -18934
4713 9753 -18878
4714 9689 -18726
4715 9699 -18794
4716 9729 -18890
4717 9735 -18906
4718 9783 -19022
4719 9785 -19034
4720 9801 -19086
4721 9777 -19038
4722 9825 -19162
4723 9787 -19014
4724 9781 -18990
4725 9805 -19042
4726 9771 -19006
4727 9725 -18874
4728 9789 -19070
4729 9797 -19078
4730 9783 -19054
4731 9763 -19018
4732 9785 -19030
4733 9803 -19042
4734 9809 -19086
4735 9833 -19142
4736 9803 -19018
4737 9745 -18966
4738 9765 -19002
4739 9761 -18950
4740 9829 -19150
4741 9855 -19242
4742 9783 -19030
4743 9735 -18866
4744 9751 -18918
4745 9705 -18794
4746 9753 -18914
4747 9699 -18730
4748 9727 -18834
4749 9709 -18798
4750 9701 -18810
4751 9713 -18846
4752 9811 -19122
4753 9795 -19066
4754 9795 -19038
4755 9737 -18866
4756 9783 -18950
4757 9807 -19014
4758 9781 -19034
4759 9755 -18894
4760 9789 -19022
4761 9789 -19046
4762 9775 -19030
4763 9767 -19026
4764 9713 -18822
4765 9719 -18822
4766 9723 -18830
4767 9787 -18998
4768 9757 -18910
4769 9793 -19038
4770 9781 -19014
4771 9737 -18826
4772 9777 -19030
4773 9715 -18838
4774 9723 -18830
4775 9735 -18902
4776 9759 -18918
4777 9829 -19150
4778 9831 -19130
4779 9831 -19138
4780 9835 -19114
4781 9793 -19010
4782 9787 -19002
4783 9821 -19062
4784 9823 -19130
4785 9801 -19018
4786 9831 -19198
4787 9827 -19154
4788 9807 -19118
4789 9767 -18950
4790 9823 -19102
4791 9839 -19158
4792 9825 -19114
4793 9779 -19002
4794 9803 -19074
4795 9819 -19098
4796 9801 -19018
4797 9825 -19110
4798 9811 -19090
4799 9823 -19114
4800 9815 -19090
4801 9799 -19034
4802 9793 -19046
4803 9815 -19062
4804 9795 -19070
4805 9809 -19078
4806 9807 -19082
4807 9771 -18958
4808 9701 -18790
4809 9727 -18886
4810 9771 -19002
4811 9775 -18986
4812 9777 -19014
4813 9731 -18910
4814 9711 -18818
4815 9783 -19018
4816 9809 -19078
4817 9835 -19110
4818 9823 -19102
4819 9831 -19190
4820 9829 -19142
4821 9787 -18986
4822 9753 -18930
4823 9765 -19002
4824 9761 -18922
4825 9823 -19174
4826 9795 -19150
4827 9785 -19046
4828 9781 -19042
4829 9731 -18958
4830 9691 -18766
4831 9675 -18798
4832 9753 -18994
4833 9757 -18990
4834 9757 -18950
4835 9755 -18890
4836 9717 -18890
4837 9747 -18890
4838 9765 -18954
4839 9743 -18970
4840 9733 -18862
4841 9727 -18910
4842 9783 -18950
4843 9677 -18670
4844 9737 -18882
4845 9697 -18798
4846 9757 -18958
4847 9767 -19010
4848 9797 -19030
4849 9785 -18942
4850 9793 -19022
4851 9749 -18854
4852 9721 -18814
4853 9763 -18902
4854 9719 -18846
4855 9733 -18906
4856 9825 -19170
4857 9795 -19054
4858 9845 -19170
4859 9797 -18994
4860 9851 -19154
4861 9813 -19026
4862 9823 -19090
4863 9771 -18974
4864 9755 -18942
4865 9777 -19050
4866 9817 -19126
4867 9801 -19118
4868 9783 -19078
4869 9743 -18958
4870 9833 -19178
4871 9801 -19150
4872 9773 -19070
4873 9733 -18890
4874 9727 -18930
4875 9707 -18838
4876 9725 -18854
4877 9791 -19066
4878 9779 -19074
4879 9737 -18910
4880 9731 -18874
4881 9731 -18894
4882 9783 -19002
4883 9793 -19050
4884 9765 -18966
4885 9671 -18702
4886 9719 -18846
4887 9757 -18982
4888 9795 -19050
4889 9811 -19166
4890 9845 -19206
4891 9833 -19142
4892 9781 -18990
4893 9813 -19094
4894 9797 -19078
4895 9801 -19030
4896 9725 -18834
4897 9775 -18954
4898 9803 -19090
4899 9799 -19058
4900 9753 -18878
4901 9821 -19050
4902 9795 -18986
4903 9767 -18886
4904 9747 -18922
4905 9729 -18874
4906 9731 -18866
4907 9775 -19010
4908 9795 -19102
4909 9803 -19046
4910 9811 -19074
4911 9795 -18998
4912 9765 -18994
4913 9723 -18846
4914 9739 -18938
4915 9731 -18866
4916 9725 -18834
4917 9791 -19022
4918 9767 -18990
4919 9711 -18806
4920 9689 -18790
4921 9709 -18898
4922 9715 -18850
4923 9761 -18954
4924 9729 -18822
4925 9731 -18890
4926 9761 -18914
4927 9755 -18962
4928 9749 -18910
4929 9735 -18890
4930 9765 -18954
4931 9767 -18962
4932 9795 -19046
4933 9757 -18982
4934 9799 -19130
4935 9775 -18998
4936 9735 -18922
4937 9729 -18914
4938 9741 -18954
4939 9753 -19062
4940 9753 -19010
4941 9771 -19010
4942 9703 -18762
4943 9745 -18842
4944 9765 -18894
4945 9805 -19042
4946 9789 -19010
4947 9747 -18878
4948 9715 -18798
4949 9769 -18978
4950 9805 -19034
4951 9775 -18974
4952 9717 -18834
4953 9695 -18730
4954 9749 -18878
4955 9817 -19070
4956 9783 -19014
4957 9777 -18982
4958 9837 -19170
4959 9825 -19114
4960 9809 -19090
4961 9799 -19094
4962 9779 -19070
4963 9795 -19058
4964 9757 -18970
4965 9745 -18878
4966 9685 -18750
4967 9681 -18778
4968 9621 -18686
4969 9661 -18786
4970 9699 -18890
4971 9695 -18886
4972 9673 -18750
4973 9715 -18898
4974 9717 -18834
4975 9757 -18950
4976 9783 -19022
4977 9805 -19110
4978 9789 -19074
4979 9753 -19002
4980 9757 -18994
4981 9753 -18902
4982 9773 -18950
4983 9779 -19030
4984 9769 -19038
4985 9729 -18914
4986 9757 -18958
4987 9773 -18962
4988 9751 -18866
4989 9775 -18934
4990 9757 -18866
4991 9767 -18990
4992 9775 -18962
4993 9785 -19030
4994 9777 -19082
4995 9783 -19046
4996 9779 -19058
4997 9773 -18986
4998 9741 -18950
4999 9749 -18946
5000 9757 -18998
5001 9755 -18946
5002 9751 -18934
5003 9729 -18926
5004 9759 -19042
5005 9705 -18942
5006 9721 -18942
5007 9761 -18994
5008 9729 -18902
5009 9725 -18866
5010 9723 -18894
5011 9739 -18878
5012 9741 -18878
5013 9719 -18846
5014 9721 -18866
5015 9713 -18858
5016 9767 -19026
5017 9733 -18922
5018 9733 -18910
5019 9745 -18910
5020 9749 -18922
5021 9813 -19078
5022 9795 -19022
5023 9737 -18882
5024 9803 -19050
5025 9779 -18998
5026 9805 -19126
5027 9751 -18966
5028 9779 -19046
5029 9729 -18886
5030 9791 -19090
5031 9757 -18982
5032 9781 -19062
5033 9719 -18886
5034 9689 -18802
5035 9763 -18914
5036 9731 -18854
5037 9775 -18962
5038 9729 -18878
5039 9795 -19078
5040 9737 -18882
5041 9735 -18894
5042 9697 -18806
5043 9741 -18946
5044 9773 -19026
5045 9745 -18930
5046 9729 -18930
5047 9749 -18894
5048 9791 -19042
5049 9823 -19142
5050 9831 -19086
5051 9801 -19046
5052 9781 -18962
5053 9789 -19042
5054 9807 -19062
5055 9823 -19102
5056 9775 -18982
5057 9731 -18894
5058 9765 -18970
5059 9799 -19078
5060 9809 -19054
5061 9785 -19010
5062 9839 -19170
5063 9815 -19126
5064 9773 -18982
5065 9799 -19026
5066 9751 -18926
5067 9769 -18906
5068 9759 -18882
5069 9797 -19002
5070 9765 -18930
5071 9781 -18982
5072 9787 -18990
5073 9773 -18998
5074 9715 -18866
5075 9683 -18806
5076 9691 -18886
5077 9675 -18838
5078 9635 -18650
5079 9683 -18814
5080 9691 -18858
5081 9725 -18930
5082 9711 -18902
5083 9779 -19106
5084 9801 -19154
5085 9717 -18910
5086 9719 -18866
5087 9721 -18818
5088 9751 -18938
5089 9737 -18890
5090 9705 -18798
5091 9681 -18670
5092 9749 -18978
5093 9777 -19062
5094 9795 -19162
5095 9773 -19042
5096 9741 -18978
5097 9715 -18866
5098 9671 -18694
5099 9747 -18910
5100 9713 -18834
5101 9703 -18834
5102 9673 -18638
5103 9709 -18850
5104 9745 -18986
5105 9743 -18918
5106 9773 -19046
5107 9787 -19058
5108 9781 -19034
5109 9769 -18966
5110 9729 -18842
5111 9787 -18962
5112 9763 -18962
5113 9803 -19090
5114 9733 -18894
5115 9739 -18926
5116 9765 -18994
5117 9771 -19010
5118 9755 -18946
5119 9745 -18898
5120 9795 -19026
5121 9785 -18990
5122 9793 -18994
5123 9757 -18946
5124 9751 -18982
5125 9757 -18978
5126 9725 -18914
5127 9753 -18962
5128 9745 -18970
5129 9741 -18906
5130 9741 -18906
5131 9721 -18882
5132 9761 -18962
5133 9711 -18846
5134 9695 -18710
5135 9731 -18826
5136 9729 -18830
5137 9817 -19106
5138 9779 -18970
5139 9795 -19066
5140 9731 -18966
5141 9789 -19114
5142 9821 -19150
5143 9775 -19042
5144 9773 -19038
5145 9787 -19122
5146 9763 -18942
5147 9769 -18958
5148 9751 -18954
5149 9737 -18986
5150 9743 -18934
5151 9741 -18938
5152 9775 -19038
5153 9811 -19062
5154 9777 -18946
5155 9801 -19098
5156 9805 -19034
5157 9793 -18934
5158 9749 -18878
5159 9781 -19002
5160 9759 -18954
5161 9795 -19034
5162 9753 -18926
5163 9783 -18994
5164 9771 -18954
5165 9727 -18826
5166 9719 -18882
5167 9747 -18930
5168 9781 -18990
5169 9787 -18978
5170 9781 -19046
5171 9791 -19102
5172 9821 -19086
5173 9847 -19222
5174 9799 -19078
5175 9753 -18990
5176 9751 -18946
5177 9801 -19022
5178 9723 -18886
5179 9789 -19082
5180 9739 -18882
5181 9759 -18958
5182 9821 -19190
5183 9821 -19170
5184 9751 -18986
5185 9771 -19006
5186 9763 -18990
5187 9751 -18946
5188 9783 -18994
5189 9731 -18938
5190 9727 -18882
5191 9751 -18898
5192 9705 -18750
5193 9675 -18794
5194 9681 -18766
5195 9741 -18910
5196 9743 -18950
5197 9759 -18986
5198 9781 -18974
5199 9751 -18862
5200 9729 -18842
5201 9691 -18730
5202 9679 -18758
5203 9699 -18778
5204 9783 -19054
5205 9759 -18918
5206 9771 -18930
5207 9717 -18874
5208 9733 -18878
5209 9737 -18878
5210 9705 -18754
5211 9655 -18682
5212 9645 -18654
5213 9691 -18790
5214 9697 -18774
5215 9765 -19034
5216 9813 -19150
5217 9779 -19074
5218 9777 -19146
5219 9707 -19034
5220 9689 -18866
5221 9743 -18946
5222 9715 -18870
5223 9723 -18862
5224 9741 -18942
5225 9693 -18802
5226 9689 -18826
5227 9723 -18858
5228 9705 -18830
5229 9709 -18898
5230 9715 -18910
5231 9725 -18926
5232 9761 -19006
5233 9803 -19090
5234 9787 -19102
5235 9741 -18862
5236 9721 -18854
5237 9757 -18894
5238 9709 -18766
5239 9761 -18970
5240 9789 -18986
5241 9765 -18898
5242 9785 -19042
5243 9793 -19070
5244 9753 -18958
5245 9751 -18974
5246 9719 -18854
5247 9741 -18882
5248 9715 -18802
5249 9763 -18934
5250 9761 -18958
5251 9725 -18954
5252 9659 -18762
5253 9713 -18894
5254 9725 -18970
5255 9765 -19098
5256 9761 -19054
5257 9733 -18970
5258 9715 -18894
5259 9735 -18970
5260 9787 -19046
5261 9789 -19054
5262 9749 -18978
5263 9731 -18906
5264 9769 -18926
5265 9781 -19014
5266 9755 -18922
5267 9733 -18926
5268 9767 -18994
5269 9783 -19106
5270 9793 -19078
5271 9775 -19042
5272 9737 -18934
5273 9761 -18994
5274 9801 -19130
5275 9771 -19062
5276 9781 -18998
5277 9781 -19042
5278 9697 -18782
5279 9773 -19034
5280 9739 -18974
5281 9741 -18954
5282 9751 -18958
5283 9717 -18838
5284 9753 -18922
5285 9797 -19046
5286 9827 -19154
5287 9819 -19130
5288 9831 -19138
5289 9823 -19106
5290 9829 -19190
5291 9807 -19082
5292 9807 -19102
5293 9751 -18930
5294 9757 -18978
5295 9761 -18970
5296 9783 -19030
5297 9793 -19098
5298 9735 -18914
5299 9717 -18874
5300 9753 -18934
5301 9767 -18986
5302 9775 -19090
5303 9793 -19110
5304 9767 -19042
5305 9789 -19082
5306 9815 -19154
5307 9771 -19026
5308 9773 -19062
5309 9771 -18970
5310 9739 -18942
5311 9763 -19006
5312 9781 -19018
5313 9755 -18922
5314 9747 -18946
5315 9735 -18974
5316 9771 -19074
5317 9791 -19086
5318 9781 -19014
5319 9737 -18906
5320 9769 -19014
5321 9729 -18970
5322 9751 -19066
5323 9775 -19122
5324 9789 -19158
5325 9789 -19138
5326 9785 -19046
5327 9707 -18786
5328 9739 -18854
5329 9803 -19042
5330 9783 -19078
5331 9835 -19130
5332 9807 -19074
5333 9793 -19030
5334 9833 -19126
5335 9837 -19182
5336 9809 -19126
5337 9767 -18990
5338 9755 -18958
5339 9745 -18894
5340 9759 -18894
5341 9781 -19002
5342 9783 -19034
5343 9805 -19050
5344 9817 -19070
5345 9831 -19142
5346 9831 -19150
5347 9801 -19058
5348 9783 -19010
5349 9789 -19022
5350 9805 -19122
5351 9751 -18942
5352 9793 -18986
5353 9781 -18942
5354 9723 -18890
5355 9779 -18990
5356 9775 -18978
5357 9781 -18986
5358 9827 -19086
5359 9759 -18914
5360 9785 -19014
5361 9801 -19046
5362 9785 -19086
5363 9763 -19018
5364 9801 -19118
5365 9807 -19134
5366 9783 -19034
5367 9739 -18842
5368 9729 -18866
5369 9763 -18978
5370 9783 -19026
5371 9819 -19122
5372 9821 -19130
5373 9741 -18822
5374 9729 -18874
5375 9667 -18754
5376 9721 -18954
5377 9715 -18910
5378 9759 -18978
5379 9769 -19030
5380 9779 -19050
5381 9775 -18978
5382 9799 -19114
5383 9773 -19010
5384 9761 -19050
5385 9765 -19050
5386 9755 -19026
5387 9733 -18926
5388 9701 -18882
5389 9711 -18922
5390 9685 -18806
5391 9671 -18830
5392 9681 -18926
5393 9751 -19086
5394 9753 -19046
5395 9753 -19038
5396 9761 -19026
5397 9747 -18898
5398 9715 -18922
5399 9731 -18898
5400 9753 -18986
5401 9771 -18986
5402 9757 -18978
5403 9801 -19042
5404 9785 -19026
5405 9745 -19010
5406 9743 -18970
5407 9733 -18922
5408 9697 -18818
5409 9723 -18842
5410 9675 -18802
5411 9733 -18942
5412 9767 -19062
5413 9777 -19062
5414 9773 -19086
5415 9767 -18994
5416 9783 -19006
5417 9745 -18922
5418 9737 -18882
5419 9733 -18870
5420 9725 -18834
5421 9713 -18794
5422 9699 -18850
5423 9719 -18822
5424 9681 -18734
5425 9717 -18898
5426 9759 -19058
5427 9773 -19114
5428 9777 -19110
5429 9723 -18942
5430 9731 -18970
5431 9713 -18814
5432 9705 -18774
5433 9717 -18818
5434 9745 -18894
5435 9765 -18982
5436 9727 -18950
5437 9777 -19046
5438 9759 -18942
5439 9793 -19006
5440 9787 -18982
5441 9821 -19186
5442 9753 -18994
5443 9707 -18902
5444 9791 -19026
5445 9819 -19110
5446 9795 -19010
5447 9747 -18938
5448 9719 -18798
5449 9715 -18882
5450 9747 -18982
5451 9719 -18882
5452 9741 -18850
5453 9807 -19042
5454 9739 -18882
5455 9695 -18774
5456 9751 -18970
5457 9739 -18902
5458 9755 -18926
5459 9761 -18930
5460 9755 -18918
5461 9821 -19122
5462 9819 -19158
5463 9751 -18934
5464 9781 -18990
5465 9751 -18950
5466 9755 -18898
5467 9773 -18970
5468 9723 -18834
5469 9693 -18746
5470 9687 -18746
5471 9757 -18962
5472 9771 -18946
5473 9775 -18978
5474 9763 -18974
5475 9737 -18826
5476 9787 -18982
5477 9823 -19054
5478 9733 -18922
5479 9675 -18730
5480 9703 -18806
5481 9723 -18830
5482 9733 -18814
5483 9777 -18970
5484 9793 -19030
5485 9825 -19086
5486 9809 -19078
5487 9773 -18938
5488 9733 -18874
5489 9819 -19134
5490 9805 -19134
5491 9793 -19066
5492 9799 -19050
5493 9797 -18978
5494 9735 -18886
5495 9767 -18994
5496 9771 -18982
5497 9719 -18870
5498 9695 -18798
5499 9701 -18738
5500 9733 -18786
5501 9737 -18898
5502 9731 -18898
5503 9787 -19018
5504 9763 -18962
5505 9783 -19002
5506 9781 -18982
5507 9821 -19106
5508 9777 -18998
5509 9815 -19094
5510 9795 -19050
5511 9787 -19074
5512 9757 -18946
5513 9771 -18990
5514 9837 -19234
5515 9797 -19138
5516 9717 -18854
5517 9787 -19098
5518 9793 -19074
5519 9741 -18958
5520 9743 -18954
5521 9703 -18846
5522 9721 -18886
5523 9729 -18914
5524 9761 -19002
5525 9761 -18966
5526 9777 -19070
5527 9751 -19026
5528 9743 -18922
5529 9739 -18962
5530 9679 -18766
5531 9691 -18746
5532 9697 -18870
5533 9755 -19022
5534 9743 -18934
5535 9735 -18862
5536 9719 -18834
5537 9735 -18902
5538 9715 -18806
5539 9707 -18782
5540 9729 -18866
5541 9777 -18966
5542 9835 -19166
5543 9793 -19050
5544 9803 -19042
5545 9795 -18966
5546 9837 -19118
5547 9855 -19182
5548 9831 -19094
5549 9879 -19278
5550 9889 -19334
5551 9829 -19146
5552 9823 -19142
5553 9781 -19086
5554 9723 -18854
5555 9759 -19010
5556 9735 -18858
5557 9763 -18986
5558 9729 -18942
5559 9721 -18910
5560 9727 -18862
5561 9703 -18822
5562 9741 -18878
5563 9781 -18986
5564 9765 -18958
5565 9781 -19038
5566 9745 -18934
5567 9677 -18766
5568 9717 -18842
5569 9697 -18798
5570 9737 -18890
5571 9787 -18910
5572 9819 -19082
5573 9891 -19278
5574 9909 -19338
5575 9835 -19134
5576 9785 -19010
5577 9801 -19058
5578 9827 -19182
5579 9841 -19182
5580 9833 -19202
5581 9775 -19010
5582 9759 -18918
5583 9795 -18982
5584 9827 -19090
5585 9867 -19222
5586 9807 -19054
5587 9837 -19138
5588 9799 -19086
5589 9819 -19194
5590 9781 -19026
5591 9737 -18918
5592 9717 -18850
5593 9663 -18734
5594 9727 -18854
5595 9713 -18842
5596 9751 -18906
5597 9753 -18894
5598 9693 -18746
5599 9729 -18898
5600 9779 -18982
5601 9811 -19090
5602 9809 -19026
5603 9795 -19114
5604 9805 -19078
5605 9787 -19006
5606 9753 -18914
5607 9701 -18794
5608 9655 -18690
5609 9689 -18790
5610 9737 -18950
5611 9755 -18978
5612 9819 -19170
5613 9789 -19078
5614 9767 -18970
5615 9795 -19062
5616 9797 -19070
5617 9803 -19106
5618 9761 -19030
5619 9759 -18990
5620 9765 -19014
5621 9705 -18858
5622 9705 -18926
5623 9667 -18790
5624 9755 -18970
5625 9721 -18878
5626 9703 -18906
5627 9711 -18970
5628 9715 -18910
5629 9785 -19070
5630 9825 -19186
5631 9831 -19202
5632 9849 -19258
5633 9789 -19010
5634 9677 -18730
5635 9733 -18882
5636 9709 -18834
5637 9683 -18822
5638 9705 -18894
5639 9787 -19006
5640 9829 -19190
5641 9829 -19150
5642 9823 -19114
5643 9835 -19142
5644 9825 -19094
5645 9785 -19062
5646 9779 -19050
5647 9795 -19050
5648 9877 -19286
5649 9849 -19166
5650 9809 -19062
5651 9763 -18906
5652 9751 -18938
5653 9781 -19014
5654 9735 -18802
5655 9761 -18942
5656 9761 -18950
5657 9791 -19102
5658 9759 -19010
5659 9767 -19022
5660 9779 -19062
5661 9783 -19038
5662 9685 -18774
5663 9751 -18966
5664 9727 -18990
5665 9685 -18866
5666 9749 -19026
5667 9789 -19106
5668 9715 -18850
5669 9697 -18862
5670 9725 -18950
5671 9737 -18922
5672 9715 -18830
5673 9705 -18818
5674 9691 -18830
5675 9737 -19006
5676 9811 -19098
5677 9769 -18950
5678 9791 -19038
5679 9777 -18970
5680 9803 -19042
5681 9819 -19082
5682 9785 -18994
5683 9805 -19038
5684 9745 -18910
5685 9745 -18950
5686 9711 -18854
5687 9699 -18822
5688 9723 -18878
5689 9725 -18858
5690 9733 -19010
5691 9737 -18946
5692 9727 -18890
5693 9745 -18922
5694 9723 -18810
5695 9673 -18682
5696 9789 -19078
5697 9775 -18994
5698 9809 -19086
5699 9779 -18990
5700 9731 -18846
5701 9735 -18830
5702 9763 -18938
5703 9837 -19106
5704 9875 -19262
5705 9825 -19178
5706 9809 -19146
5707 9803 -19138
5708 9801 -19118
5709 9753 -18926
5710 9797 -19026
5711 9809 -19098
5712 9813 -19086
5713 9801 -19026
5714 9775 -18950
5715 9727 -18794
5716 9719 -18822
5717 9737 -18866
5718 9731 -18838
5719 9745 -18906
5720 9761 -18970
5721 9783 -19046
5722 9775 -18982
5723 9745 -18914
5724 9761 -18970
5725 9779 -19026
5726 9745 -19030
5727 9719 -18906
5728 9737 -18874
5729 9773 -18938
5730 9805 -19058
5731 9775 -19014
5732 9719 -18834
5733 9733 -18854
5734 9761 -18938
5735 9693 -18738
5736 9655 -18698
5737 9675 -18762
5738 9649 -18678
5739 9749 -18934
5740 9803 -19098
5741 9791 -18978
5742 9805 -19078
5743 9825 -19166
5744 9789 -19062
5745 9789 -19058
5746 9751 -18970
5747 9719 -18858
5748 9723 -18902
5749 9675 -18706
5750 9695 -18790
5751 9751 -18926
5752 9775 -19054
5753 9741 -18950
5754 9821 -19146
5755 9775 -18978
5756 9777 -18990
5757 9831 -19102
5758 9771 -18942
5759 9759 -18950
5760 9753 -18970
5761 9757 -18942
5762 9767 -18946
5763 9791 -19054
5764 9677 -18742
5765 9795 -19054
5766 9815 -19106
5767 9805 -19046
5768 9821 -19106
5769 9789 -19034
5770 9813 -19050
5771 9851 -19182
5772 9839 -19130
5773 9809 -19106
5774 9793 -19042
5775 9825 -19142
5776 9831 -19190
5777 9861 -19242
5778 9803 -19050
5779 9733 -18962
5780 9727 -18894
5781 9737 -18914
5782 9711 -18830
5783 9705 -18854
5784 9673 -18694
5785 9741 -18918
5786 9717 -18846
5787 9681 -18770
5788 9693 -18854
5789 9701 -18770
5790 9751 -18958
5791 9767 -18962
5792 9745 -18934
5793 9753 -18918
5794 9771 -18986
5795 9781 -19018
5796 9749 -18938
5797 9735 -18894
5798 9749 -18894
5799 9753 -18914
5800 9727 -18854
5801 9793 -19042
5802 9757 -18942
5803 9785 -19074
5804 9735 -18886
5805 9737 -18930
5806 9775 -19014
5807 9805 -19142
5808 9723 -18866
5809 9777 -19054
5810 9743 -18926
5811 9805 -19102
5812 9791 -18978
5813 9807 -19098
5814 9779 -18994
5815 9747 -18946
5816 9751 -18970
5817 9765 -18978
5818 9821 -19146
5819 9797 -19078
5820 9781 -19042
5821 9763 -18914
5822 9691 -18674
5823 9717 -18866
5824 9733 -18822
5825 9781 -19026
5826 9787 -19086
5827 9701 -18742
5828 9707 -18750
5829 9723 -18826
5830 9755 -18966
5831 9795 -19030
5832 9791 -19090
5833 9731 -18890
5834 9771 -19002
5835 9763 -18982
5836 9757 -18898
5837 9711 -18830
5838 9735 -18850
5839 9687 -18830
5840 9709 -18902
5841 9701 -18870
5842 9719 -18882
5843 9681 -18710
5844 9737 -18842
5845 9761 -18938
5846 9775 -19042
5847 9787 -19002
5848 9777 -18962
5849 9799 -19042
5850 9753 -18914
5851 9787 -19062
5852 9767 -19026
5853 9739 -18934
5854 9699 -18814
5855 9727 -18870
5856 9711 -18806
5857 9731 -18894
5858 9703 -18854
5859 9739 -18918
5860 9685 -18770
5861 9745 -18910
5862 9817 -19118
5863 9821 -19110
5864 9827 -19122
5865 9753 -18886
5866 9713 -18838
5867 9781 -18990
5868 9795 -19030
5869 9759 -18854
5870 9817 -19126
5871 9771 -18994
5872 9765 -18974
5873 9833 -19086
5874 9845 -19182
5875 9839 -19170
5876 9831 -19122
5877 9821 -19118
5878 9797 -19094
5879 9811 -19078
5880 9813 -19086
5881 9803 -19046
5882 9781 -18998
5883 9797 -19030
5884 9773 -18974
5885 9777 -18982
5886 9787 -19034
5887 9723 -18826
5888 9785 -19050
5889 9755 -19018
5890 9759 -18942
5891 9747 -18918
5892 9735 -18958
5893 9733 -18894
5894 9715 -18834
5895 9755 -18958
5896 9739 -18882
5897 9775 -19054
5898 9797 -19062
5899 9769 -18930
5900 9799 -19054
5901 9787 -19078
5902 9793 -19054
5903 9791 -19038
5904 9767 -18958
5905 9729 -18854
5906 9715 -18762
5907 9725 -18846
5908 9783 -18978
5909 9727 -18834
5910 9675 -18742
5911 9727 -18870
5912 9709 -18874
5913 9745 -18962
5914 9807 -19094
5915 9789 -19030
5916 9765 -18938
5917 9743 -18930
5918 9687 -18746
5919 9775 -19006
5920 9689 -18762
5921 9707 -18818
5922 9673 -18678
5923 9729 -18842
5924 9715 -18814
5925 9755 -18926
5926 9741 -18894
5927 9777 -19002
5928 9783 -19030
5929 9807 -19110
5930 9779 -19010
5931 9773 -18966
5932 9817 -19098
5933 9803 -19034
5934 9803 -19022
5935 9823 -19170
5936 9799 -19070
5937 9771 -18994
5938 9723 -18838
5939 9707 -18810
5940 9749 -18918
5941 9721 -18886
5942 9747 -18954
5943 9783 -19018
5944 9799 -19086
5945 9787 -19030
5946 9805 -19038
5947 9795 -19042
5948 9875 -19298
5949 9841 -19198
5950 9781 -18986
5951 9811 -19102
5952 9777 -18994
5953 9799 -19018
5954 9733 -18878
5955 9761 -18926
5956 9755 -18898
5957 9763 -18938
5958 9765 -18922
5959 9795 -19030
5960 9727 -18838
5961 9753 -18922
5962 9717 -18898
5963 9669 -18706
5964 9711 -18742
5965 9765 -18874
5966 9741 -18870
5967 9749 -18958
5968 9719 -18926
5969 9731 -18882
5970 9745 -18910
5971 9721 -18798
5972 9743 -18870
5973 9807 -19062
5974 9781 -18978
5975 9739 -18846
5976 9795 -19006
5977 9769 -18970
5978 9741 -18882
5979 9755 -18930
5980 9769 -18942
5981 9791 -18994
5982 9819 -19074
5983 9787 -19022
5984 9817 -19102
5985 9755 -18934
5986 9795 -19014
5987 9811 -19078
5988 9753 -18906
5989 9769 -18962
5990 9773 -18986
5991 9811 -19110
5992 9811 -19102
5993 9809 -19106
5994 9843 -19202
5995 9837 -19150
5996 9805 -19142
5997 9779 -18998
5998 9767 -18966
5999 9743 -18922
6000 9747 -19026
6001 9685 -18834
6002 9765 -19038
6003 9743 -18950
6004 9733 -18902
6005 9749 -18922
6006 9763 -18918
6007 9769 -18910
6008 9813 -19070
6009 9795 -19078
6010 9797 -19062
6011 9753 -18922
6012 9809 -19050
6013 9771 -18934
6014 9669 -18646
6015 9755 -18902
6016 9773 -18918
6017 9783 -18990
6018 9769 -18978
6019 9759 -18974
6020 9777 -18970
6021 9767 -19006
6022 9749 -18914
6023 9759 -18950
6024 9729 -18834
6025 9755 -18930
6026 9741 -18886
6027 9767 -18966
6028 9815 -19138
6029 9789 -19006
6030 9759 -18970
6031 9755 -18878
6032 9803 -19038
6033 9821 -19098
6034 9773 -19006
6035 9807 -19150
6036 9717 -18922
6037 9769 -19034
6038 9793 -19058
6039 9889 -19278
6040 9865 -19230
6041 9805 -19062
6042 9765 -18970
6043 9723 -18950
6044 9713 -18826
6045 9685 -18718
6046 9675 -18698
6047 9703 -18798
6048 9687 -18782
6049 9677 -18782
6050 9707 -18838
6051 9725 -18922
6052 9761 -19010
6053 9747 -18966
6054 9739 -18898
6055 9731 -18898
6056 9737 -18930
6057 9813 -19130
6058 9815 -19074
6059 9811 -19102
6060 9755 -18982
6061 9747 -18930
6062 9811 -19082
6063 9801 -19042
6064 9787 -19042
6065 9769 -18954
6066 9777 -18998
6067 9767 -18950
6068 9783 -19006
6069 9775 -18958
6070 9743 -18890
6071 9801 -19050
6072 9773 -18954
6073 9711 -18766
6074 9685 -18766
6075 9691 -18726
6076 9721 -18786
6077 9741 -18862
6078 9751 -18894
6079 9819 -19134
6080 9787 -18998
6081 9767 -18958
6082 9785 -19034
6083 9797 -19102
6084 9813 -19086
6085 9799 -19098
6086 9771 -19026
6087 9813 -19106
6088 9753 -18906
6089 9747 -18926
6090 9771 -19010
6091 9751 -18966
6092 9731 -18926
6093 9801 -19102
6094 9777 -19038
6095 9835 -19178
6096 9779 -18970
6097 9767 -18962
6098 9777 -18990
6099 9805 -19054
6100 9807 -19086
6101 9839 -19154
6102 9857 -19250
6103 9827 -19162
6104 9831 -19154
6105 9757 -18902
6106 9767 -18950
6107 9773 -19042
6108 9811 -19118
6109 9763 -19010
6110 9819 -19154
6111 9801 -19022
6112 9777 -18914
6113 9801 -19018
6114 9805 -19074
6115 9727 -18850
6116 9719 -18834
6117 9711 -18826
6118 9769 -18994
6119 9749 -18962
6120 9767 -18998
6121 9821 -19102
6122 9753 -18918
6123 9743 -18882
6124 9775 -18978
6125 9773 -18934
6126 9795 -19034
6127 9799 -19034
6128 9847 -19186
6129 9841 -19158
6130 9811 -19058
6131 9815 -19066
6132 9797 -19046
6133 9839 -19162
6134 9855 -19246
6135 9775 -18998
6136 9781 -18966
6137 9777 -18986
6138 9759 -18906
6139 9811 -19114
6140 9831 -19130
6141 9747 -18874
6142 9789 -19038
6143 9717 -18882
6144 9725 -18818
6145 9701 -18718
6146 9749 -18854
6147 9727 -18846
6148 9727 -18918
6149 9699 -18894
6150 9755 -18942
6151 9819 -19102
6152 9757 -18950
6153 9753 -18938
6154 9783 -19074
6155 9783 -19006
6156 9769 -19014
6157 9735 -18898
6158 9711 -18878
6159 9763 -19014
6160 9759 -18934
6161 9777 -18962
6162 9775 -18922
6163 9819 -19094
6164 9833 -19178
6165 9843 -19250
6166 9839 -19218
6167 9823 -19138
6168 9831 -19162
6169 9789 -19046
6170 9801 -19082
6171 9743 -18862
6172 9765 -18982
6173 9721 -18898
6174 9695 -18874
6175 9787 -19086
6176 9661 -18718
6177 9689 -18790
6178 9749 -18954
6179 9763 -18950
6180 9763 -18894
6181 9725 -18882
6182 9773 -19002
6183 9729 -18890
6184 9719 -18902
6185 9763 -18986
6186 9795 -19038
6187 9795 -19050
6188 9721 -18898
6189 9771 -18982
6190 9747 -18922
6191 9793 -19042
6192 9801 -19066
6193 9823 -19142
6194 9839 -19166
6195 9881 -19302
6196 9829 -19190
6197 9777 -19046
6198 9765 -18942
6199 9717 -18838
6200 9753 -18870
6201 9799 -19086
6202 9701 -18786
6203 9743 -18874
6204 9731 -18830
6205 9731 -18902
6206 9653 -18734
6207 9691 -18738
6208 9725 -18890
6209 9739 -18966
6210 9751 -18890
6211 9781 -18986
6212 9765 -18994
6213 9823 -19158
6214 9793 -19098
6215 9773 -19054
6216 9757 -18962
6217 9759 -18958
6218 9739 -18914
6219 9743 -18886
6220 9703 -18814
6221 9767 -18998
6222 9765 -18938
6223 9773 -18950
6224 9725 -18850
6225 9689 -18786
6226 9725 -18882
6227 9743 -18946
6228 9781 -19030
6229 9803 -19130
6230 9739 -18966
6231 9711 -18906
6232 9697 -18942
6233 9695 -18902
6234 9741 -18998
6235 9773 -19070
6236 9731 -18838
6237 9767 -18930
6238 9711 -18862
6239 9735 -18882
6240 9719 -18878
6241 9709 -18914
6242 9783 -19062
6243 9785 -19026
6244 9805 -19086
6245 9799 -19070
6246 9833 -19178
6247 9777 -18982
6248 9759 -18878
6249 9765 -18878
6250 9703 -18738
6251 9763 -18950
6252 9797 -19054
6253 9789 -18978
6254 9741 -18890
6255 9723 -18834
6256 9735 -18894
6257 9719 -18866
6258 9807 -19110
6259 9781 -18978
6260 9801 -19122
6261 9837 -19166
6262 9807 -19070
6263 9835 -19178
6264 9795 -19034
6265 9739 -18870
6266 9751 -18946
6267 9733 -18938
6268 9757 -19038
6269 9731 -18882
6270 9765 -18986
6271 9727 -18938
6272 9705 -18834
6273 9767 -19022
6274 9695 -18862
6275 9749 -18914
6276 9745 -18942
6277 9721 -18890
6278 9719 -18866
6279 9761 -18914
6280 9747 -18890
6281 9773 -18962
6282 9735 -18838
6283 9791 -19042
6284 9755 -18894
6285 9761 -18926
6286 9857 -19190
6287 9795 -18986
6288 9795 -18998
6289 9741 -18882
6290 9761 -19010
6291 9727 -18874
6292 9723 -18918
6293 9723 -18870
6294 9757 -18942
6295 9755 -18950
6296 9775 -18990
6297 9803 -19054
6298 9801 -19054
6299 9741 -18874
6300 9761 -18898
6301 9797 -19058
6302 9837 -19146
6303 9819 -19094
6304 9805 -19026
6305 9753 -18926
6306 9729 -18878
6307 9691 -18746
6308 9723 -18870
6309 9707 -18846
6310 9729 -18918
6311 9757 -18962
6312 9741 -18906
6313 9809 -19074
6314 9763 -18934
6315 9741 -18850
6316 9751 -18874
6317 9793 -19046
6318 9811 -19078
6319 9779 -18990
6320 9775 -18926
6321 9861 -19202
6322 9823 -19126
6323 9769 -19010
6324 9781 -19094
6325 9779 -19050
6326 9833 -19170
6327 9839 -19186
6328 9751 -18934
6329 9759 -18966
6330 9811 -19074
6331 9799 -19066
6332 9809 -19170
6333 9759 -18898
6334 9797 -19022
6335 9799 -19002
6336 9773 -18942
6337 9759 -18946
6338 9787 -19014
6339 9747 -18858
6340 9755 -18962
6341 9751 -18902
6342 9789 -19070
6343 9795 -19054
6344 9827 -19174
6345 9769 -19018
6346 9763 -18954
6347 9815 -19086
6348 9803 -19066
6349 9801 -19018
6350 9799 -19046
6351 9809 -19078
6352 9795 -19022
6353 9781 -18998
6354 9803 -19074
6355 9797 -19078
6356 9823 -19166
6357 9791 -19062
6358 9763 -18974
6359 9755 -18938
6360 9787 -19090
6361 9745 -19002
6362 9721 -18898
6363 9777 -19050
6364 9731 -18954
6365 9705 -18818
6366 9713 -18858
6367 9747 -18886
6368 9771 -18914
6369 9807 -19058
6370 9817 -19102
6371 9805 -19102
6372 9739 -18922
6373 9771 -18950
6374 9749 -18922
6375 9751 -18974
6376 9735 -18894
6377 9775 -18978
6378 9735 -18874
6379 9775 -19002
6380 9755 -18898
6381 9723 -18822
6382 9789 -19002
6383 9813 -19118
6384 9771 -19038
6385 9823 -19154
6386 9841 -19134
6387 9861 -19222
6388 9807 -19066
6389 9799 -19030
6390 9831 -19082
6391 9793 -19070
6392 9761 -18994
6393 9775 -18994
6394 9711 -18846
6395 9705 -18786
6396 9739 -18898
6397 9777 -18974
6398 9781 -18994
6399 9817 -19042
6400 9787 -19014
6401 9801 -19002
6402 9779 -18966
6403 9803 -19038
6404 9813 -19170
6405 9785 -19026
6406 9829 -19218
6407 9869 -19238
6408 9831 -19134
6409 9781 -18970
6410 9811 -19042
6411 9805 -19090
6412 9775 -19038
6413 9773 -19018
6414 9779 -19034
6415 9763 -18978
6416 9801 -19110
6417 9771 -19010
6418 9777 -19058
6419 9793 -19058
6420 9797 -19074
6421 9777 -19030
6422 9763 -18954
6423 9873 -19234
6424 9797 -19054
6425 9763 -18922
6426 9777 -18994
6427 9755 -18942
6428 9795 -19046
6429 9785 -19010
6430 9789 -18974
6431 9817 -19070
6432 9813 -19050
6433 9823 -19098
6434 9757 -18934
6435 9761 -18958
6436 9741 -18978
6437 9739 -18898
6438 9753 -18874
6439 9731 -18850
6440 9801 -19090
6441 9771 -19030
6442 9713 -18866
6443 9723 -18898
6444 9709 -18862
6445 9743 -18962
6446 9707 -18798
6447 9731 -18846
6448 9749 -18942
6449 9727 -18862
6450 9833 -19154
6451 9831 -19146
6452 9837 -19190
6453 9831 -19170
6454 9835 -19230
6455 9827 -19186
6456 9801 -19154
6457 9763 -19014
6458 9733 -18950
6459 9735 -18962
6460 9747 -19014
6461 9683 -18822
6462 9693 -18830
6463 9695 -18790
6464 9745 -18954
6465 9741 -19026
6466 9727 -18986
6467 9741 -19022
6468 9721 -18978
6469 9681 -18810
6470 9697 -18874
6471 9763 -19018
6472 9741 -18978
6473 9737 -18890
6474 9765 -18998
6475 9763 -18938
6476 9753 -18898
6477 9743 -18902
6478 9783 -19030
6479 9789 -19038
6480 9763 -19002
6481 9707 -18850
6482 9711 -18870
6483 9709 -18766
6484 9737 -18850
6485 9745 -18882
6486 9757 -18954
6487 9733 -18870
6488 9735 -18846
6489 9719 -18814
6490 9747 -18882
6491 9729 -18954
6492 9741 -18974
6493 9743 -18914
6494 9707 -18834
6495 9697 -18798
6496 9693 -18834
6497 9699 -18794
6498 9705 -18830
6499 9759 -18934
6500 9801 -19098
6501 9731 -18898
6502 9729 -18858
6503 9757 -19014
6504 9755 -18998
6505 9779 -19050
6506 9733 -18962
6507 9687 -18774
6508 9723 -18938
6509 9787 -19086
6510 9737 -18942
6511 9719 -18894
6512 9743 -18962
6513 9763 -18974
6514 9779 -19058
6515 9799 -19094
6516 9757 -19026
6517 9725 -18990
6518 9739 -18998
6519 9793 -19054
6520 9791 -19078
6521 9731 -18830
6522 9755 -18858
6523 9819 -19070
6524 9799 -18998
6525 9811 -19030
6526 9801 -19002
6527 9797 -19010
6528 9823 -19066
6529 9821 -19110
6530 9821 -19110
6531 9767 -18990
6532 9761 -18966
6533 9765 -19006
6534 9751 -18902
6535 9747 -18954
6536 9755 -18982
6537 9801 -19090
6538 9787 -19018
6539 9757 -18978
6540 9673 -18774
6541 9673 -18754
6542 9699 -18726
6543 9745 -18914
6544 9713 -18846
6545 9745 -18934
6546 9765 -19010
6547 9717 -18894
6548 9701 -18802
6549 9705 -18802
6550 9721 -18778
6551 9745 -18886
6552 9745 -18858
6553 9807 -19066
6554 9753 -18934
6555 9739 -18842
6556 9767 -18950
6557 9731 -18906
6558 9771 -18898
6559 9737 -18866
6560 9751 -18938
6561 9767 -19022
6562 9751 -19006
6563 9673 -18786
6564 9727 -18862
6565 9765 -19014
6566 9809 -19154
6567 9753 -18950
6568 9765 -19038
6569 9713 -18906
6570 9709 -18918
6571 9671 -18818
6572 9665 -18726
6573 9741 -18938
6574 9749 -18966
6575 9731 -18934
6576 9739 -18918
6577 9739 -18958
6578 9759 -18926
6579 9777 -18990
6580 9799 -19038
6581 9751 -18902
6582 9813 -19130
6583 9811 -19066
6584 9769 -18934
6585 9763 -18946
6586 9719 -18862
6587 9715 -18842
6588 9763 -19006
6589 9711 -18882
6590 9719 -18898
6591 9723 -18902
6592 9707 -18878
6593 9741 -18934
6594 9705 -18778
6595 9653 -18726
6596 9681 -18778
6597 9657 -18702
6598 9669 -18722
6599 9723 -18806
6600 9737 -18870
6601 9753 -18930
6602 9845 -19222
6603 9839 -19198
6604 9795 -19062
6605 9805 -19030
6606 9791 -19022
6607 9813 -19046
6608 9859 -19258
6609 9809 -19118
6610 9827 -19166
6611 9835 -19146
6612 9747 -18862
6613 9791 -19006
6614 9755 -18902
6615 9783 -19046
6616 9785 -19018
6617 9731 -18926
6618 9781 -19030
6619 9865 -19266
6620 9891 -19298
6621 9893 -19330
6622 9793 -19030
6623 9775 -18974
6624 9755 -19086
6625 9753 -19030
6626 9757 -18946
6627 9699 -18834
6628 9725 -18854
6629 9687 -18734
6630 9771 -19006
6631 9749 -18874
6632 9731 -18802
6633 9715 -18790
6634 9759 -18934
6635 9743 -18890
6636 9713 -18770
6637 9785 -18998
6638 9777 -18982
6639 9801 -19042
6640 9847 -19194
6641 9789 -19034
6642 9807 -19102
6643 9801 -19078
6644 9791 -19070
6645 9747 -18962
6646 9767 -18998
6647 9703 -18878
6648 9667 -18682
6649 9691 -18762
6650 9717 -18854
6651 9731 -18866
6652 9757 -18962
6653 9803 -19146
6654 9777 -19066
6655 9765 -19014
6656 9729 -18854
6657 9773 -18966
6658 9781 -19034
6659 9677 -18814
6660 9667 -18754
6661 9683 -18810
6662 9715 -18854
6663 9689 -18810
6664 9705 -18818
6665 9735 -18906
6666 9721 -18822
6667 9745 -18902
6668 9769 -18894
6669 9799 -19038
6670 9813 -19102
6671 9781 -19026
6672 9757 -18890
6673 9739 -18942
6674 9723 -18878
6675 9685 -18754
6676 9715 -18890
6677 9707 -18810
6678 9705 -18842
6679 9707 -18870
6680 9783 -19078
6681 9827 -19142
6682 9759 -18938
6683 9767 -19042
6684 9761 -18966
6685 9753 -18986
6686 9757 -18970
6687 9799 -19054
6688 9721 -18830
6689 9749 -18974
6690 9713 -18902
6691 9725 -18862
6692 9801 -19106
6693 9797 -19066
6694 9779 -19014
6695 9739 -18910
6696 9807 -19074
6697 9777 -18962
6698 9831 -19130
6699 9817 -19098
6700 9809 -19050
6701 9815 -19070
6702 9843 -19146
6703 9819 -19094
6704 9797 -19034
6705 9803 -19042
6706 9737 -18930
6707 9745 -18978
6708 9723 -18874
6709 9693 -18774
6710 9751 -18934
6711 9769 -19026
6712 9771 -19018
6713 9719 -18866
6714 9767 -19002
6715 9791 -19114
6716 9789 -19046
6717 9797 -19118
6718 9693 -18934
6719 9755 -19054
6720 9727 -18978
6721 9719 -18890
6722 9737 -18890
6723 9737 -18966
6724 9781 -19066
6725 9745 -18898
6726 9697 -18742
6727 9753 -18886
6728 9791 -19014
6729 9749 -18906
6730 9767 -18994
6731 9775 -19038
6732 9749 -18890
6733 9749 -18922
6734 9771 -19010
6735 9755 -18930
6736 9755 -19014
6737 9729 -18862
6738 9747 -18982
6739 9751 -18894
6740 9779 -18966
6741 9767 -18978
6742 9753 -18946
6743 9691 -18770
6744 9747 -18942
6745 9749 -18994
6746 9791 -19102
6747 9789 -19014
6748 9773 -19010
6749 9753 -18906
6750 9745 -18894
6751 9775 -19010
6752 9761 -18966
6753 9763 -18982
6754 9751 -18962
6755 9777 -19118
6756 9737 -19018
6757 9747 -19002
6758 9773 -19118
6759 9737 -18986
6760 9745 -18998
6761 9721 -18942
6762 9733 -18942
6763 9693 -18806
6764 9703 -18878
6765 9623 -18690
6766 9635 -18646
6767 9647 -18702
6768 9639 -18602
6769 9671 -18682
6770 9651 -18686
6771 9733 -18930
6772 9707 -18794
6773 9759 -18930
6774 9773 -18986
6775 9767 -18982
6776 9713 -18778
6777 9741 -18874
6778 9719 -18802
6779 9743 -18910
6780 9765 -18942
6781 9777 -19006
6782 9767 -18974
6783 9753 -18894
6784 9771 -19010
6785 9819 -19178
6786 9807 -19062
6787 9813 -19082
6788 9851 -19178
6789 9753 -18978
6790 9749 -18918
6791 9719 -18838
6792 9697 -18826
6793 9711 -18834
6794 9721 -18930
6795 9725 -19014
6796 9751 -18998
6797 9745 -19002
6798 9687 -18814
6799 9773 -19006
6800 9785 -19006
6801 9795 -19014
6802 9789 -18986
6803 9753 -18906
6804 9777 -18926
6805 9823 -19090
6806 9789 -18990
6807 9751 -18946
6808 9793 -18990
6809 9791 -19050
6810 9803 -19130
6811 9749 -18918
6812 9729 -18890
6813 9803 -19106
6814 9753 -18954
6815 9771 -18994
6816 9769 -19018
6817 9729 -18882
6818 9743 -18978
6819 9685 -18786
6820 9729 -18902
6821 9771 -19026
6822 9765 -18958
6823 9753 -18918
6824 9685 -18750
6825 9687 -18734
6826 9713 -18778
6827 9707 -18798
6828 9735 -18850
6829 9723 -18754
6830 9781 -19026
6831 9791 -19058
6832 9753 -18994
6833 9757 -19010
6834 9721 -18798
6835 9757 -18926
6836 9885 -19330
6837 9875 -19282
6838 9889 -19346
6839 9827 -19162
6840 9843 -19178
6841 9783 -18974
6842 9773 -19030
6843 9743 -18974
6844 9661 -18878
6845 9725 -18974
6846 9725 -18922
6847 9771 -19018
6848 9699 -18798
6849 9627 -18642
6850 9637 -18570
6851 9683 -18778
6852 9707 -18862
6853 9707 -18826
6854 9673 -18662
6855 9775 -18966
6856 9751 -18870
6857 9777 -18962
6858 9737 -18830
6859 9771 -18934
6860 9771 -19022
6861 9739 -18962
6862 9689 -18806
6863 9729 -18874
6864 9731 -18898
6865 9739 -18842
6866 9815 -19090
6867 9795 -19034
6868 9771 -18962
6869 9751 -18958
6870 9767 -18994
6871 9803 -19130
6872 9763 -18950
6873 9807 -19014
6874 9747 -18846
6875 9699 -18814
6876 9751 -18978
6877 9731 -18910
6878 9777 -18970
6879 9795 -19082
6880 9769 -18926
6881 9737 -18910
6882 9747 -18922
6883 9767 -19030
6884 9777 -19082
6885 9795 -19066
6886 9743 -18974
6887 9775 -18954
6888 9795 -19062
6889 9817 -19106
6890 9687 -18790
6891 9675 -18754
6892 9749 -18930
6893 9751 -18982
6894 9703 -18874
6895 9721 -18954
6896 9713 -18886
6897 9715 -18922
6898 9733 -18894
6899 9733 -18862
6900 9699 -18766
6901 9731 -18818
6902 9773 -18986
6903 9795 -19002
6904 9795 -19042
6905 9799 -19074
6906 9773 -19054
6907 9773 -19010
6908 9779 -19002
6909 9739 -18858
6910 9749 -18938
6911 9725 -18822
6912 9731 -18822
6913 9801 -18990
6914 9829 -19102
6915 9829 -19158
6916 9803 -19050
6917 9823 -19142
6918 9803 -18986
6919 9781 -19010
6920 9729 -18930
6921 9749 -18942
6922 9697 -18722
6923 9709 -18734
6924 9749 -18942
6925 9669 -18706
6926 9651 -18634
6927 9667 -18694
6928 9715 -18842
6929 9753 -18890
6930 9787 -18982
6931 9801 -19026
6932 9835 -19138
6933 9815 -19074
6934 9807 -19070
6935 9815 -19098
6936 9753 -18938
6937 9765 -18990
6938 9727 -18890
6939 9723 -18842
6940 9737 -18966
6941 9735 -18986
6942 9729 -19006
6943 9737 -18938
6944 9731 -18974
6945 9717 -18926
6946 9745 -18938
6947 9709 -18862
6948 9751 -18874
6949 9753 -18942
6950 9751 -18938
6951 9757 -18946
6952 9779 -19026
6953 9773 -19030
6954 9759 -18954
6955 9793 -19002
6956 9785 -18982
6957 9755 -18906
6958 9763 -18890
6959 9825 -19078
6960 9823 -19122
6961 9757 -18934
6962 9741 -18970
6963 9709 -18818
6964 9745 -18934
6965 9743 -18866
6966 9807 -19034
6967 9873 -19242
6968 9851 -19238
6969 9785 -19050
6970 9759 -18942
6971 9747 -18886
6972 9809 -19050
6973 9851 -19222
6974 9843 -19186
6975 9839 -19194
6976 9845 -19190
6977 9817 -19114
6978 9817 -19058
6979 9813 -19094
6980 9731 -18854
6981 9741 -18878
6982 9757 -18866
6983 9719 -18790
6984 9739 -18942
6985 9707 -18874
6986 9703 -18778
6987 9693 -18798
6988 9733 -18874
6989 9731 -18822
6990 9775 -18962
6991 9769 -18870
6992 9783 -18990
6993 9807 -19086
6994 9787 -18974
6995 9741 -18898
6996 9773 -19014
6997 9787 -18986
6998 9751 -18982
6999 9661 -18750
7000 9673 -18778
7001 9719 -18838
7002 9763 -18966
7003 9793 -18978
7004 9769 -18922
7005 9771 -18942
7006 9793 -19022
7007 9781 -19034
7008 9775 -19042
7009 9777 -19002
7010 9805 -19042
7011 9787 -19046
7012 9753 -18946
7013 9751 -18914
7014 9757 -18846
7015 9719 -18782
7016 9697 -18798
7017 9731 -18906
7018 9717 -18818
7019 9721 -18798
7020 9751 -18922
7021 9721 -18826
7022 9779 -18938
7023 9759 -18918
7024 9789 -19050
7025 9731 -18898
7026 9721 -18826
7027 9789 -19042
7028 9799 -19050
7029 9747 -18906
7030 9737 -18862
7031 9773 -18986
7032 9831 -19146
7033 9807 -19082
7034 9805 -19182
7035 9765 -18974
7036 9759 -18978
7037 9725 -18846
7038 9755 -18974
7039 9779 -19022
7040 9745 -18938
7041 9767 -19018
7042 9813 -19238
7043 9811 -19170
7044 9801 -19082
7045 9775 -18958
7046 9787 -19014
7047 9771 -18914
7048 9815 -19074
7049 9709 -18770
7050 9799 -19006
7051 9775 -18894
7052 9723 -18774
7053 9755 -18954
7054 9765 -18962
7055 9761 -18966
7056 9787 -19054
7057 9801 -19010
7058 9753 -18918
7059 9751 -18950
7060 9761 -18910
7061 9743 -18902
7062 9735 -18846
7063 9767 -18934
7064 9793 -18986
7065 9773 -18938
7066 9759 -18946
7067 9723 -18794
7068 9791 -19078
7069 9829 -19150
7070 9767 -18994
7071 9717 -18770
7072 9771 -18958
7073 9787 -19038
7074 9771 -18978
7075 9843 -19222
7076 9815 -19142
7077 9811 -19110
7078 9839 -19182
7079 9809 -19134
7080 9853 -19230
7081 9803 -19094
7082 9773 -18922
7083 9783 -19046
7084 9775 -18942
7085 9767 -18946
7086 9747 -18850
7087 9711 -18854
7088 9713 -18846
7089 9725 -18914
7090 9703 -18822
7091 9717 -18822
7092 9763 -19034
7093 9731 -18834
7094 9753 -18938
7095 9747 -18926
7096 9731 -18958
7097 9763 -18970
7098 9755 -18902
7099 9703 -18762
7100 9755 -18986
7101 9747 -18942
7102 9727 -18978
7103 9755 -18898
7104 9827 -19150
7105 9835 -19130
7106 9777 -18990
7107 9785 -19010
7108 9755 -18934
7109 9801 -19074
7110 9753 -18914
7111 9747 -18954
7112 9769 -18970
7113 9821 -19086
7114 9803 -19034
7115 9821 -19086
7116 9847 -19222
7117 9879 -19274
7118 9837 -19178
7119 9781 -19002
7120 9819 -19162
7121 9811 -19082
7122 9849 -19170
7123 9869 -19234
7124 9843 -19198
7125 9785 -19022
7126 9765 -18950
7127 9739 -18854
7128 9757 -18934
7129 9765 -18998
7130 9751 -18922
7131 9703 -18782
7132 9773 -18966
7133 9785 -19002
7134 9843 -19142
7135 9791 -18994
7136 9763 -18954
7137 9757 -18938
7138 9701 -18738
7139 9665 -18726
7140 9705 -18782
7141 9683 -18778
7142 9699 -18782
7143 9763 -18982
7144 9763 -18986
7145 9785 -19038
7146 9807 -19122
7147 9853 -19162
7148 9853 -19230
7149 9815 -19110
7150 9815 -19066
7151 9759 -18946
7152 9801 -19054
7153 9781 -19074
7154 9741 -18914
7155 9759 -18958
7156 9745 -18966
7157 9747 -18914
7158 9763 -18922
7159 9791 -19038
7160 9785 -19030
7161 9797 -19050
7162 9705 -18746
7163 9717 -18850
7164 9691 -18750
7165 9717 -18894
7166 9745 -18994
7167 9779 -19046
7168 9783 -19034
7169 9763 -19010
7170 9759 -19022
7171 9755 -18986
7172 9757 -18962
7173 9855 -19206
7174 9837 -19138
7175 9855 -19226
7176 9829 -19102
7177 9817 -19090
7178 9789 -18966
7179 9845 -19158
7180 9803 -19082
7181 9727 -18838
7182 9793 -18978
7183 9811 -19038
7184 9787 -19014
7185 9791 -19026
7186 9799 -19054
7187 9755 -18994
7188 9773 -19022
7189 9755 -18978
7190 9773 -19014
7191 9771 -18974
7192 9799 -19118
7193 9861 -19234
7194 9803 -19082
7195 9731 -18910
7196 9757 -18914
7197 9785 -19058
7198 9781 -19002
7199 9765 -18998
7200 9765 -18970
7201 9807 -19074
7202 9793 -19086
7203 9743 -18942
7204 9695 -18790
7205 9753 -19018
7206 9737 -18906
7207 9755 -18922
7208 9731 -18874
7209 9775 -19006
7210 9795 -19070
7211 9751 -18894
7212 9761 -18978
7213 9779 -19042
7214 9683 -18830
7215 9697 -18822
7216 9729 -18906
7217 9781 -19098
7218 9709 -18890
7219 9713 -18826
7220 9741 -18930
7221 9743 -18882
7222 9833 -19190
7223 9781 -18986
7224 9761 -18994
7225 9785 -18994
7226 9819 -19070
7227 9813 -19086
7228 9763 -18954
7229 9765 -19006
7230 9767 -19042
7231 9741 -18958
7232 9795 -19038
7233 9821 -19102
7234 9813 -19106
7235 9819 -19174
7236 9751 -18946
7237 9779 -19014
7238 9717 -18854
7239 9759 -18978
7240 9791 -19042
7241 9751 -18930
7242 9781 -18998
7243 9785 -18962
7244 9793 -19046
7245 9813 -19058
7246 9819 -19094
7247 9781 -19046
7248 9735 -18878
7249 9727 -18870
7250 9729 -18870
7251 9767 -18982
7252 9777 -18990
7253 9787 -18974
7254 9721 -18826
7255 9803 -19086
7256 9773 -18970
7257 9809 -19106
7258 9841 -19170
7259 9789 -19050
7260 9789 -19042
7261 9777 -19050
7262 9799 -19102
7263 9785 -19054
7264 9805 -19002
7265 9781 -19022
7266 9741 -18898
7267 9793 -19038
7268 9773 -18990
7269 9697 -18838
7270 9655 -18818
7271 9735 -19030
7272 9699 -18966
7273 9723 -18962
7274 9687 -18866
7275 9715 -18918
7276 9665 -18774
7277 9717 -18922
7278 9715 -18962
7279 9653 -18806
7280 9601 -18658
7281 9715 -18910
7282 9689 -18854
7283 9689 -18886
7284 9649 -18726
7285 9685 -18878
7286 9737 -19030
7287 9697 -18878
7288 9721 -18886
7289 9675 -18730
7290 9699 -18786
7291 9709 -18790
7292 9765 -18942
7293 9751 -18890
7294 9759 -18938
7295 9803 -19082
7296 9875 -19218
7297 9819 -19094
7298 9819 -19106
7299 9809 -19070
7300 9811 -19086
7301 9783 -18966
7302 9721 -18806
7303 9757 -18934
7304 9795 -19042
7305 9785 -19086
7306 9715 -18874
7307 9675 -18702
7308 9653 -18702
7309 9713 -18858
7310 9741 -18954
7311 9731 -18858
7312 9779 -19014
7313 9751 -18930
7314 9771 -19006
7315 9739 -18854
7316 9797 -19050
7317 9765 -18994
7318 9809 -19070
7319 9775 -18958
7320 9697 -18778
7321 9731 -18878
7322 9689 -18710
7323 9693 -18754
7324 9725 -18810
7325 9729 -18842
7326 9739 -18878
7327 9735 -18878
7328 9683 -18734
7329 9643 -18630
7330 9707 -18834
7331 9679 -18746
7332 9573 -18446
7333 9657 -18758
7334 9607 -18642
7335 9645 -18706
7336 9655 -18754
7337 9627 -18626
7338 9693 -18846
7339 9685 -18882
7340 9733 -18946
7341 9765 -19010
7342 9751 -18918
7343 9783 -19026
7344 9749 -18878
7345 9835 -19162
7346 9835 -19158
7347 9845 -19214
7348 9791 -19022
7349 9773 -18954
7350 9753 -18906
7351 9769 -18942
7352 9793 -19010
7353 9749 -18938
7354 9781 -19086
7355 9761 -18954
7356 9757 -18910
7357 9711 -18766
7358 9745 -18854
7359 9801 -19050
7360 9753 -18950
7361 9711 -18858
7362 9713 -18878
7363 9739 -18934
7364 9765 -19038
7365 9713 -18878
7366 9713 -18886
7367 9757 -18998
7368 9759 -18982
7369 9763 -18954
7370 9741 -18902
7371 9803 -19102
7372 9781 -19018
7373 9801 -19090
7374 9787 -19018
7375 9759 -19002
7376 9741 -18886
7377 9801 -18986
7378 9821 -19138
7379 9787 -19054
7380 9791 -19054
7381 9783 -19010
7382 9751 -18982
7383 9743 -18874
7384 9697 -18750
7385 9743 -18902
7386 9753 -18954
7387 9755 -18994
7388 9749 -18894
7389 9765 -18918
7390 9827 -19098
7391 9807 -19034
7392 9765 -18934
7393 9731 -18866
7394 9797 -19074
7395 9783 -19054
7396 9751 -18906
7397 9811 -19042
7398 9813 -19074
7399 9777 -18994
7400 9753 -18934
7401 9731 -18906
7402 9725 -18786
7403 9739 -18866
7404 9721 -18854
7405 9773 -19090
7406 9719 -18898
7407 9677 -18862
7408 9753 -18998
7409 9751 -18910
7410 9739 -18930
7411 9751 -18958
7412 9751 -18930
7413 9827 -19130
7414 9813 -19086
7415 9771 -19026
7416 9789 -19058
7417 9725 -18894
7418 9709 -18802
7419 9741 -18842
7420 9749 -18902
7421 9755 -18882
7422 9803 -19038
7423 9797 -19066
7424 9813 -19094
7425 9767 -18938
7426 9799 -19058
7427 9711 -18806
7428 9725 -18870
7429 9749 -18958
7430 9751 -18958
7431 9791 -19102
7432 9721 -18814
7433 9735 -18862
7434 9775 -19002
7435 9821 -19126
7436 9771 -18938
7437 9815 -19090
7438 9741 -18826
7439 9765 -18962
7440 9841 -19178
7441 9857 -19254
7442 9799 -19042
7443 9823 -19098
7444 9823 -19106
7445 9789 -19026
7446 9829 -19134
7447 9795 -19026
7448 9759 -18918
7449 9779 -19002
7450 9773 -18958
7451 9759 -18954
7452 9777 -19010
7453 9827 -19134
7454 9785 -19058
7455 9797 -19010
7456 9733 -18838
7457 9681 -18718
7458 9669 -18682
7459 9705 -18730
7460 9741 -18870
7461 9755 -18954
7462 9769 -18978
7463 9763 -19006
7464 9821 -19122
7465 9785 -18990
7466 9783 -18974
7467 9809 -19066
7468 9797 -19070
7469 9795 -19026
7470 9773 -18978
7471 9733 -18826
7472 9719 -18798
7473 9805 -19026
7474 9799 -19014
7475 9801 -19030
7476 9743 -18942
7477 9743 -18930
7478 9791 -19086
7479 9823 -19086
7480 9809 -19034
7481 9719 -18810
7482 9701 -18790
7483 9711 -18762
7484 9797 -19006
7485 9755 -18918
7486 9737 -18950
7487 9721 -18930
7488 9737 -18962
7489 9761 -18954
7490 9751 -18882
7491 9747 -18934
7492 9763 -19010
7493 9735 -18906
7494 9777 -19006
7495 9753 -18906
7496 9761 -18970
7497 9779 -19014
7498 9851 -19206
7499 9803 -19030
7500 9811 -19130
7501 9757 -18950
7502 9779 -19006
7503 9811 -19062
7504 9855 -19214
7505 9829 -19110
7506 9847 -19230
7507 9805 -19114
7508 9799 -19030
7509 9773 -18966
7510 9703 -18830
7511 9671 -18754
7512 9685 -18774
7513 9775 -18990
7514 9735 -18830
7515 9745 -18950
7516 9715 -18782
7517 9709 -18818
7518 9745 -18946
7519 9793 -19086
7520 9799 -19110
7521 9771 -18978
7522 9703 -18734
7523 9723 -18806
7524 9777 -18974
7525 9789 -18978
7526 9835 -19138
7527 9805 -19050
7528 9837 -19182
7529 9825 -19134
7530 9779 -18974
7531 9799 -19038
7532 9829 -19126
7533 9811 -19126
7534 9783 -18962
7535 9743 -18846
7536 9735 -18858
7537 9759 -18934
7538 9813 -19106
7539 9817 -19094
7540 9807 -19054
7541 9779 -18954
7542 9749 -18894
7543 9755 -18918
7544 9737 -18822
7545 9759 -18918
7546 9737 -18918
7547 9731 -18898
7548 9753 -18938
7549 9763 -19006
7550 9747 -18862
7551 9809 -19070
7552 9815 -19102
7553 9789 -19034
7554 9821 -19062
7555 9829 -19134
7556 9771 -18978
7557 9685 -18662
7558 9719 -18894
7559 9731 -18974
7560 9717 -18802
7561 9759 -18926
7562 9697 -18790
7563 9721 -18902
7564 9799 -19090
7565 9827 -19154
7566 9787 -19014
7567 9815 -19110
7568 9799 -19062
7569 9775 -19050
7570 9751 -18982
7571 9793 -19070
7572 9757 -18982
7573 9763 -18942
7574 9751 -18882
7575 9753 -18990
7576 9777 -19034
7577 9735 -18870
7578 9731 -18946
7579 9785 -19082
7580 9797 -19022
7581 9805 -19054
7582 9791 -19066
7583 9795 -18978
7584 9797 -19042
7585 9785 -18990
7586 9763 -18974
7587 9825 -19122
7588 9795 -19058
7589 9787 -19026
7590 9775 -19038
7591 9735 -18874
7592 9747 -18914
7593 9755 -18966
7594 9729 -18870
7595 9737 -18946
7596 9757 -18950
7597 9755 -19002
7598 9805 -19074
7599 9815 -19130
7600 9799 -19126
7601 9777 -18966
7602 9753 -18906
7603 9719 -18834
7604 9667 -18690
7605 9737 -18910
7606 9691 -18726
7607 9739 -18870
7608 9757 -18946
7609 9727 -18918
7610 9745 -19046
7611 9703 -18874
7612 9701 -18862
7613 9703 -18802
7614 9743 -18930
7615 9781 -18994
7616 9807 -19166
7617 9731 -18922
7618 9761 -18950
7619 9775 -19042
7620 9731 -18894
7621 9729 -18910
7622 9699 -18850
7623 9683 -18782
7624 9689 -18858
7625 9717 -19002
7626 9713 -18902
7627 9777 -19106
7628 9831 -19214
7629 9771 -18998
7630 9717 -18818
7631 9733 -18902
7632 9707 -18814
7633 9655 -18626
7634 9669 -18650
7635 9761 -18978
7636 9745 -18918
7637 9763 -18926
7638 9791 -19014
7639 9797 -19046
7640 9827 -19046
7641 9783 -18938
7642 9817 -19094
7643 9805 -18986
7644 9727 -18834
7645 9715 -18894
7646 9741 -18938
7647 9759 -19002
7648 9703 -18802
7649 9699 -18818
7650 9655 -18722
7651 9677 -18774
7652 9677 -18834
7653 9691 -18854
7654 9691 -18882
7655 9663 -18770
7656 9717 -18870
7657 9773 -19042
7658 9757 -19046
7659 9719 -18918
7660 9755 -18978
7661 9735 -18990
7662 9677 -18790
7663 9691 -18870
7664 9667 -18710
7665 9675 -18710
7666 9737 -18890
7667 9827 -19186
7668 9795 -19054
7669 9731 -18854
7670 9771 -18934
7671 9831 -19134
7672 9783 -18986
7673 9863 -19246
7674 9805 -19094
7675 9803 -19102
7676 9787 -19070
7677 9771 -18990
7678 9743 -18886
7679 9747 -18874
7680 9811 -19114
7681 9847 -19146
7682 9795 -19082
7683 9801 -19062
7684 9767 -18994
7685 9729 -18834
7686 9761 -18882
7687 9755 -18926
7688 9773 -18950
7689 9773 -18950
7690 9735 -18822
7691 9781 -19018
7692 9827 -19130
7693 9821 -19118
7694 9839 -19154
7695 9815 -19070
7696 9771 -19002
7697 9749 -18918
7698 9747 -18946
7699 9719 -18814
7700 9751 -19002
7701 9739 -18918
7702 9765 -18978
7703 9719 -18890
7704 9795 -19014
7705 9813 -19034
7706 9819 -19078
7707 9813 -19078
7708 9779 -18966
7709 9691 -18742
7710 9705 -18746
7711 9751 -18894
7712 9829 -19106
7713 9839 -19118
7714 9769 -18886
7715 9773 -18970
7716 9801 -19034
7717 9695 -18762
7718 9705 -18766
7719 9741 -18906
7720 9747 -18942
7721 9675 -18662
7722 9701 -18766
7723 9731 -18786
7724 9777 -18974
7725 9777 -19030
7726 9809 -19134
7727 9813 -19122
7728 9835 -19106
7729 9801 -19050
7730 9833 -19078
7731 9839 -19190
7732 9823 -19130
7733 9789 -19054
7734 9727 -18886
7735 9695 -18782
7736 9667 -18698
7737 9717 -18810
7738 9705 -18826
7739 9687 -18858
7740 9707 -18854
7741 9751 -18886
7742 9775 -18930
7743 9793 -18978
7744 9791 -18978
7745 9865 -19250
7746 9863 -19254
7747 9853 -19238
7748 9787 -18938
7749 9761 -18942
7750 9769 -18994
7751 9701 -18750
7752 9709 -18830
7753 9725 -18878
7754 9761 -18918
7755 9743 -18958
7756 9715 -18858
7757 9739 -18918
7758 9763 -18970
7759 9721 -18830
7760 9727 -18970
7761 9743 -18974
7762 9769 -18994
7763 9735 -18870
7764 9737 -18846
7765 9675 -18682
7766 9705 -18802
7767 9683 -18690
7768 9691 -18714
7769 9677 -18694
7770 9699 -18754
7771 9713 -18874
7772 9709 -18834
7773 9727 -18858
7774 9691 -18670
7775 9749 -18850
7776 9779 -18946
7777 9751 -18874
7778 9717 -18846
7779 9775 -19022
7780 9739 -18878
7781 9717 -18786
7782 9723 -18890
7783 9693 -18814
7784 9763 -18990
7785 9745 -18882
7786 9799 -19046
7787 9761 -18926
7788 9793 -19034
7789 9809 -19062
7790 9803 -19042
7791 9867 -19282
7792 9891 -19346
7793 9889 -19378
7794 9887 -19434
7795 9837 -19270
7796 9807 -19166
7797 9773 -19030
7798 9711 -18906
7799 9695 -18866
7800 9707 -18854
7801 9751 -18946
7802 9767 -19038
7803 9781 -19038
7804 9777 -19018
7805 9757 -18930
7806 9767 -18998
7807 9773 -19090
7808 9749 -19066
7809 9689 -18858
7810 9745 -18982
7811 9739 -18990
7812 9709 -18954
7813 9721 -18822
7814 9677 -18722
7815 9665 -18642
7816 9677 -18694
7817 9729 -18798
7818 9799 -19086
7819 9669 -18702
7820 9703 -18778
7821 9727 -18886
7822 9713 -18854
7823 9701 -18930
7824 9705 -18870
7825 9689 -18778
7826 9683 -18738
7827 9773 -18978
7828 9729 -18874
7829 9751 -18998
7830 9767 -18974
7831 9807 -19158
7832 9827 -19162
7833 9845 -19166
7834 9763 -18950
7835 9769 -18974
7836 9711 -18710
7837 9791 -19010
7838 9749 -18918
7839 9797 -19042
7840 9823 -19102
7841 9803 -19090
7842 9821 -19054
7843 9805 -19062
7844 9799 -19066
7845 9783 -19106
7846 9789 -18994
7847 9753 -18934
7848 9761 -18954
7849 9773 -18938
7850 9775 -18974
7851 9723 -18858
7852 9723 -18866
7853 9767 -18982
7854 9777 -18958
7855 9757 -18914
7856 9757 -18902
7857 9727 -18870
7858 9739 -18834
7859 9767 -18942
7860 9793 -19010
7861 9789 -18978
7862 9771 -18966
7863 9711 -18866
7864 9751 -18930
7865 9751 -18898
7866 9751 -18898
7867 9715 -18810
7868 9723 -18858
7869 9749 -18922
7870 9773 -18958
7871 9795 -19014
7872 9783 -18998
7873 9721 -18834
7874 9707 -18850
7875 9735 -18902
7876 9675 -18814
7877 9657 -18750
7878 9739 -18978
7879 9775 -18990
7880 9789 -19058
7881 9783 -18982
7882 9745 -18914
7883 9755 -18906
7884 9691 -18750
7885 9719 -18934
7886 9813 -19134
7887 9787 -18974
7888 9791 -19086
7889 9761 -18906
7890 9797 -19038
7891 9815 -19074
7892 9789 -18998
7893 9821 -19110
7894 9733 -18846
7895 9753 -18930
7896 9773 -19014
7897 9697 -18798
7898 9741 -18878
7899 9751 -18970
7900 9761 -18994
7901 9781 -19022
7902 9803 -19078
7903 9737 -18942
7904 9731 -18902
7905 9735 -18938
7906 9797 -19118
7907 9751 -19002
7908 9775 -19066
7909 9819 -19178
7910 9803 -19110
7911 9793 -19094
7912 9799 -19078
7913 9765 -18986
7914 9777 -19010
7915 9767 -18946
7916 9769 -18962
7917 9737 -18894
7918 9667 -18650
7919 9717 -18842
7920 9793 -19038
7921 9715 -18790
7922 9699 -18718
7923 9725 -18838
7924 9745 -18862
7925 9751 -18914
7926 9761 -18922
7927 9757 -18950
7928 9769 -18962
7929 9801 -19078
7930 9751 -18946
7931 9777 -19038
7932 9751 -18846
7933 9755 -18994
7934 9669 -18714
7935 9741 -18882
7936 9755 -18970
7937 9765 -18998
7938 9745 -18974
7939 9713 -18850
7940 9735 -18934
7941 9763 -18954
7942 9765 -18974
7943 9789 -19138
7944 9753 -19070
7945 9801 -19142
7946 9777 -19082
7947 9695 -18898
7948 9679 -18806
7949 9651 -18682
7950 9703 -18826
7951 9729 -18886
7952 9773 -18994
7953 9757 -18990
7954 9805 -19126
7955 9771 -19006
7956 9739 -18958
7957 9763 -18954
7958 9685 -18758
7959 9713 -18798
7960 9767 -18954
7961 9753 -18950
7962 9709 -18958
7963 9737 -18986
7964 9723 -18918
7965 9777 -19046
7966 9773 -18982
7967 9783 -19010
7968 9765 -18918
7969 9777 -18998
7970 9749 -18942
7971 9715 -18810
7972 9715 -18862
7973 9701 -18798
7974 9725 -18898
7975 9729 -18842
7976 9703 -18818
7977 9679 -18722
7978 9679 -18770
7979 9759 -18950
7980 9729 -18850
7981 9743 -18938
7982 9715 -18814
7983 9745 -18926
7984 9737 -18862
7985 9777 -19038
7986 9745 -18942
7987 9753 -18934
7988 9773 -18938
7989 9757 -18910
7990 9783 -19006
7991 9789 -19074
7992 9809 -19042
7993 9805 -19058
7994 9829 -19138
7995 9789 -19026
7996 9791 -19022
7997 9815 -19090
7998 9793 -19006
7999 9785 -18950
8000 9827 -19110
8001 9823 -19078
8002 9787 -18978
8003 9819 -19090
8004 9771 -19022
8005 9783 -19018
8006 9769 -19010
8007 9781 -19010
8008 9795 -19102
8009 9759 -18978
8010 9735 -18950
8011 9717 -18878
8012 9741 -18942
8013 9703 -18786
8014 9771 -18994
8015 9771 -19034
8016 9715 -18898
8017 9721 -18934
8018 9705 -18886
8019 9729 -18942
8020 9691 -18778
8021 9671 -18714
8022 9695 -18830
8023 9763 -19010
8024 9817 -19102
8025 9791 -19026
8026 9757 -18926
8027 9749 -18970
8028 9793 -19046
8029 9801 -19042
8030 9747 -18894
8031 9699 -18786
8032 9765 -18978
8033 9755 -18942
8034 9767 -18974
8035 9791 -19010
8036 9847 -19150
8037 9847 -19178
8038 9803 -19006
8039 9785 -18966
8040 9853 -19222
8041 9837 -19186
8042 9823 -19058
8043 9713 -18766
8044 9717 -18898
8045 9719 -18898
8046 9771 -19018
8047 9759 -18978
8048 9777 -19002
8049 9767 -18998
8050 9817 -19118
8051 9771 -18998
8052 9783 -19046
8053 9761 -18926
8054 9797 -19026
8055 9773 -18942
8056 9787 -19030
8057 9803 -19042
8058 9769 -19010
8059 9707 -18862
8060 9691 -18782
8061 9705 -18830
8062 9731 -18878
8063 9741 -18862
8064 9723 -18794
8065 9723 -18810
8066 9805 -19046
8067 9741 -18958
8068 9723 -18910
8069 9715 -18918
8070 9725 -18982
8071 9737 -18886
8072 9707 -18822
8073 9645 -18670
8074 9637 -18698
8075 9665 -18754
8076 9721 -18914
8077 9733 -19046
8078 9717 -18970
8079 9723 -18950
8080 9753 -19050
8081 9753 -19018
8082 9717 -18902
8083 9681 -18802
8084 9733 -18898
8085 9713 -18794
8086 9719 -18858
8087 9709 -18838
8088 9755 -18942
8089 9805 -19178
8090 9749 -18970
8091 9731 -18862
8092 9719 -18878
8093 9709 -18842
8094 9703 -18850
8095 9747 -18902
8096 9791 -19010
8097 9759 -18926
8098 9741 -18890
8099 9737 -18934
8100 9747 -18986
8101 9757 -19050
8102 9727 -18886
8103 9735 -18946
8104 9743 -19026
8105 9735 -18998
8106 9679 -18866
8107 9739 -18894
8108 9743 -18938
8109 9777 -19026
8110 9843 -19202
8111 9823 -19082
8112 9783 -18958
8113 9769 -19002
8114 9715 -18826
8115 9707 -18834
8116 9731 -18946
8117 9727 -18838
8118 9725 -18854
8119 9749 -18886
8120 9765 -18950
8121 9771 -18934
8122 9815 -19058
8123 9847 -19174
8124 9835 -19138
8125 9811 -19074
8126 9841 -19150
8127 9821 -19114
8128 9771 -18946
8129 9725 -18870
8130 9765 -19086
8131 9751 -18946
8132 9775 -18942
8133 9811 -19062
8134 9827 -19126
8135 9837 -19126
8136 9797 -19030
8137 9765 -18906
8138 9747 -18886
8139 9777 -18950
8140 9747 -18886
8141 9785 -18982
8142 9763 -18902
8143 9821 -19058
8144 9807 -19038
8145 9761 -18886
8146 9781 -18950
8147 9775 -18934
8148 9795 -19090
8149 9809 -19098
8150 9797 -19090
8151 9755 -19066
8152 9771 -19134
8153 9755 -19050
8154 9777 -19038
8155 9781 -19054
8156 9807 -19126
8157 9807 -19074
8158 9785 -19002
8159 9837 -19190
8160 9825 -19118
8161 9839 -19146
8162 9835 -19118
8163 9867 -19254
8164 9861 -19314
8165 9775 -19018
8166 9773 -19022
8167 9751 -18978
8168 9743 -18926
8169 9763 -18946
8170 9777 -19042
8171 9763 -19002
8172 9767 -18942
8173 9751 -18910
8174 9799 -19062
8175 9835 -19210
8176 9799 -19082
8177 9781 -19050
8178 9789 -19018
8179 9763 -18970
8180 9771 -18974
8181 9785 -19002
8182 9761 -18922
8183 9785 -18990
8184 9787 -18966
8185 9783 -18978
8186 9763 -18922
8187 9801 -19082
8188 9773 -19022
8189 9819 -19102
8190 9795 -19066
8191 9703 -18790
8192 9711 -18794
8193 9727 -18878
8194 9729 -18898
8195 9759 -19022
8196 9777 -19030
8197 9727 -18926
8198 9729 -18898
8199 9747 -18938
8200 9793 -19046
8201 9721 -18890
8202 9727 -18858
8203 9661 -18718
8204 9737 -18918
8205 9815 -19130
8206 9815 -19090
8207 9761 -18938
8208 9743 -18914
8209 9761 -18986
8210 9747 -18966
8211 9785 -19050
8212 9817 -19106
8213 9813 -19074
8214 9763 -18950
8215 9815 -19126
8216 9815 -19174
8217 9811 -19134
8218 9705 -18830
8219 9677 -18722
8220 9735 -18882
8221 9771 -19006
8222 9777 -18986
8223 9785 -19050
8224 9743 -18926
8225 9755 -19058
8226 9771 -19074
8227 9767 -19010
8228 9753 -18946
8229 9719 -18842
8230 9763 -19014
8231 9799 -19066
8232 9843 -19210
8233 9809 -19094
8234 9799 -19038
8235 9837 -19182
8236 9883 -19294
8237 9835 -19146
8238 9795 -19078
8239 9807 -19086
8240 9825 -19146
8241 9731 -18858
8242 9737 -18886
8243 9745 -18970
8244 9753 -18998
8245 9753 -18954
8246 9759 -18886
8247 9787 -19034
8248 9731 -18890
8249 9689 -18794
8250 9735 -18930
8251 9711 -18830
8252 9667 -18762
8253 9687 -18770
8254 9719 -18862
8255 9725 -18786
8256 9731 -18834
8257 9775 -18914
8258 9817 -19086
8259 9821 -19098
8260 9825 -19078
8261 9789 -19006
8262 9819 -19114
8263 9843 -19218
8264 9791 -19074
8265 9751 -18930
8266 9793 -19050
8267 9767 -18998
8268 9753 -18918
8269 9765 -18994
8270 9733 -18902
8271 9741 -18850
8272 9791 -19034
8273 9821 -19126
8274 9799 -19010
8275 9831 -19070
8276 9777 -18970
8277 9783 -18982
8278 9741 -18918
8279 9809 -19106
8280 9805 -19070
8281 9783 -19002
8282 9741 -18902
8283 9705 -18794
8284 9691 -18814
8285 9717 -18866
8286 9699 -18802
8287 9741 -18858
8288 9767 -18974
8289 9755 -18954
8290 9725 -18854
8291 9763 -18970
8292 9823 -19094
8293 9799 -18990
8294 9741 -18934
8295 9763 -18950
8296 9717 -18854
8297 9659 -18818
8298 9655 -18822
8299 9663 -18774
8300 9653 -18694
8301 9707 -18834
8302 9705 -18886
8303 9707 -18906
8304 9753 -19014
8305 9733 -18946
8306 9771 -19018
8307 9805 -19094
8308 9761 -19026
8309 9705 -18790
8310 9779 -18994
8311 9829 -19178
8312 9831 -19134
8313 9869 -19294
8314 9813 -19086
8315 9791 -19034
8316 9791 -19042
8317 9769 -18982
8318 9787 -19050
8319 9753 -18986
8320 9727 -18942
8321 9765 -19022
8322 9785 -19098
8323 9729 -18898
8324 9733 -18882
8325 9711 -18818
8326 9687 -18762
8327 9683 -18778
8328 9727 -18890
8329 9727 -18898
8330 9703 -18850
8331 9689 -18798
8332 9701 -18874
8333 9693 -18878
8334 9715 -18906
8335 9715 -18850
8336 9685 -18774
8337 9665 -18734
8338 9681 -18794
8339 9747 -18978
8340 9707 -18930
8341 9673 -18762
8342 9781 -19010
8343 9787 -19010
8344 9797 -19066
8345 9755 -18970
8346 9779 -19042
8347 9745 -18934
8348 9753 -18922
8349 9755 -18906
8350 9753 -18974
8351 9665 -18606
8352 9691 -18774
8353 9715 -18794
8354 9705 -18794
8355 9767 -18990
8356 9793 -19010
8357 9721 -18854
8358 9717 -18842
8359 9735 -18862
8360 9701 -18722
8361 9695 -18774
8362 9711 -18838
8363 9771 -18994
8364 9759 -18930
8365 9739 -18858
8366 9739 -18842
8367 9735 -18830
8368 9737 -18874
8369 9727 -18838
8370 9837 -19146
8371 9821 -19074
8372 9853 -19206
8373 9775 -19026
8374 9795 -19082
8375 9851 -19186
8376 9847 -19206
8377 9853 -19254
8378 9783 -19034
8379 9757 -19014
8380 9777 -19062
8381 9787 -19018
8382 9781 -18970
8383 9753 -18942
8384 9679 -18798
8385 9669 -18866
8386 9723 -18926
8387 9735 -19014
8388 9685 -18842
8389 9691 -18906
8390 9697 -18902
8391 9689 -18850
8392 9679 -18778
8393 9717 -18938
8394 9711 -18938
8395 9709 -18870
8396 9747 -18994
8397 9819 -19102
8398 9811 -19046
8399 9771 -18966
8400 9743 -18962
8401 9765 -18982
8402 9791 -19038
8403 9765 -18894
8404 9801 -19014
8405 9815 -19078
8406 9753 -18974
8407 9707 -18870
8408 9655 -18726
8409 9641 -18658
8410 9601 -18582
8411 9569 -18542
8412 9637 -18686
8413 9647 -18694
8414 9679 -18702
8415 9695 -18714
8416 9723 -18822
8417 9779 -19002
8418 9773 -18986
8419 9795 -19094
8420 9821 -19054
8421 9765 -18970
8422 9779 -18954
8423 9715 -18774
8424 9723 -18810
8425 9745 -18858
8426 9699 -18794
8427 9689 -18774
8428 9725 -18934
8429 9757 -19018
8430 9803 -19066
8431 9831 -19150
8432 9899 -19350
8433 9853 -19218
8434 9781 -18990
8435 9769 -18970
8436 9683 -18694
8437 9715 -18770
8438 9767 -18922
8439 9749 -18906
8440 9711 -18818
8441 9753 -18934
8442 9807 -19110
8443 9763 -19038
8444 9775 -19026
8445 9753 -18926
8446 9807 -19154
8447 9779 -19030
8448 9785 -19038
8449 9801 -19002
8450 9727 -18782
8451 9713 -18818
8452 9781 -19030
8453 9753 -18970
8454 9765 -19022
8455 9767 -18982
8456 9715 -18810
8457 9699 -18806
8458 9645 -18710
8459 9699 -18882
8460 9663 -18782
8461 9677 -18770
8462 9681 -18722
8463 9795 -19094
8464 9771 -18998
8465 9763 -18994
8466 9809 -19114
8467 9855 -19246
8468 9807 -19050
8469 9867 -19278
8470 9849 -19190
8471 9841 -19162
8472 9821 -19082
8473 9753 -18958
8474 9745 -18926
8475 9773 -18986
8476 9791 -19046
8477 9767 -18922
8478 9793 -18994
8479 9809 -19034
8480 9809 -19066
8481 9799 -19074
8482 9743 -18854
8483 9777 -18966
8484 9801 -19026
8485 9803 -19122
8486 9773 -19026
8487 9797 -19046
8488 9791 -19070
8489 9847 -19166
8490 9795 -19058
8491 9819 -19106
8492 9805 -19078
8493 9783 -19006
8494 9785 -19034
8495 9777 -19006
8496 9789 -19018
8497 9763 -18938
8498 9793 -19014
8499 9763 -19010
8500 9753 -18966
8501 9811 -19098
8502 9819 -19102
8503 9765 -18998
8504 9743 -18998
8505 9687 -18826
8506 9735 -18866
8507 9755 -18862
8508 9777 -18942
8509 9739 -18862
8510 9783 -19034
8511 9721 -18802
8512 9735 -18870
8513 9661 -18746
8514 9689 -18766
8515 9713 -18866
8516 9753 -18970
8517 9785 -19078
8518 9795 -19014
8519 9793 -19074
8520 9807 -19046
8521 9803 -19050
8522 9817 -19082
8523 9851 -19230
8524 9835 -19206
8525 9813 -19114
8526 9735 -18910
8527 9759 -18942
8528 9733 -18934
8529 9741 -18974
8530 9745 -18950
8531 9757 -19006
8532 9731 -18882
8533 9733 -18926
8534 9673 -18806
8535 9677 -18774
8536 9737 -18922
8537 9785 -19094
8538 9775 -18954
8539 9831 -19150
8540 9697 -18694
8541 9699 -18770
8542 9693 -18758
8543 9693 -18810
8544 9713 -18902
8545 9771 -19042
8546 9783 -19014
8547 9755 -18994
8548 9759 -18966
8549 9739 -18914
8550 9809 -19058
8551 9841 -19138
8552 9851 -19230
8553 9891 -19326
8554 9835 -19182
8555 9779 -18950
8556 9851 -19290
8557 9831 -19226
8558 9797 -19070
8559 9803 -19014
8560 9835 -19138
8561 9805 -19126
8562 9791 -19074
8563 9775 -19078
8564 9733 -19010
8565 9741 -18986
8566 9755 -18974
8567 9743 -18966
8568 9789 -19038
8569 9731 -18918
8570 9729 -18878
8571 9717 -18906
8572 9709 -18818
8573 9737 -18902
8574 9771 -18942
8575 9815 -19078
8576 9815 -19130
8577 9819 -19138
8578 9803 -19098
8579 9813 -19150
8580 9817 -19114
8581 9847 -19190
8582 9787 -19030
8583 9765 -18966
8584 9801 -19098
8585 9827 -19138
8586 9769 -18922
8587 9797 -19058
8588 9757 -18966
8589 9719 -18846
8590 9761 -18974
8591 9711 -18834
8592 9693 -18786
8593 9699 -18798
8594 9715 -18874
8595 9707 -18854
8596 9747 -18970
8597 9739 -18930
8598 9751 -19006
8599 9769 -19054
8600 9747 -18942
8601 9721 -18958
8602 9721 -18918
8603 9709 -18898
8604 9677 -18770
8605 9705 -18870
8606 9721 -18918
8607 9715 -18838
8608 9711 -18866
8609 9691 -18858
8610 9693 -18874
8611 9629 -18710
8612 9717 -18894
8613 9785 -19150
8614 9765 -19058
8615 9777 -19110
8616 9697 -18878
8617 9669 -18742
8618 9701 -18802
8619 9737 -18926
8620 9793 -19090
8621 9783 -18982
8622 9833 -19122
8623 9837 -19114
8624 9793 -19106
8625 9845 -19218
8626 9773 -18978
8627 9797 -19078
8628 9779 -19018
8629 9807 -19078
8630 9769 -18986
8631 9763 -18914
8632 9787 -19038
8633 9759 -18894
8634 9733 -18854
8635 9703 -18810
8636 9735 -18870
8637 9719 -18866
8638 9817 -19126
8639 9781 -19026
8640 9767 -18954
8641 9767 -18910
8642 9791 -19022
8643 9773 -18934
8644 9745 -18882
8645 9769 -19022
8646 9755 -18994
8647 9735 -18894
8648 9805 -19030
8649 9811 -19070
8650 9781 -18966
8651 9801 -19102
8652 9801 -19046
8653 9897 -19338
8654 9881 -19294
8655 9873 -19234
8656 9869 -19242
8657 9881 -19270
8658 9847 -19190
8659 9807 -19114
8660 9855 -19218
8661 9837 -19158
8662 9847 -19186
8663 9791 -19038
8664 9783 -18982
8665 9807 -19070
8666 9787 -19054
8667 9837 -19174
8668 9839 -19142
8669 9829 -19130
8670 9805 -19030
8671 9821 -19086
8672 9785 -18998
8673 9797 -18986
8674 9807 -19078
8675 9785 -19026
8676 9803 -19038
8677 9793 -19018
8678 9789 -19042
8679 9713 -18778
8680 9811 -19070
8681 9811 -19098
8682 9757 -18902
8683 9781 -19042
8684 9791 -19062
8685 9775 -18962
8686 9763 -18958
8687 9753 -18950
8688 9741 -18974
8689 9755 -18958
8690 9741 -18946
8691 9753 -18938
8692 9705 -18754
8693 9761 -18978
8694 9719 -18806
8695 9735 -18882
8696 9747 -18918
8697 9801 -19062
8698 9755 -18978
8699 9755 -18902
8700 9763 -18938
8701 9781 -19014
8702 9803 -19086
8703 9817 -19118
8704 9811 -19098
8705 9791 -19062
8706 9855 -19210
8707 9809 -19114
8708 9819 -19146
8709 9813 -19106
8710 9835 -19178
8711 9825 -19130
8712 9831 -19142
8713 9801 -19046
8714 9789 -19018
8715 9771 -18990
8716 9785 -18974
8717 9847 -19138
8718 9795 -19050
8719 9739 -18866
8720 9817 -19114
8721 9827 -19102
8722 9797 -18998
8723 9773 -18966
8724 9793 -19014
8725 9807 -19106
8726 9831 -19154
8727 9833 -19114
8728 9765 -18954
8729 9731 -18822
8730 9717 -18806
8731 9749 -18902
8732 9739 -18938
8733 9711 -18806
8734 9725 -18942
8735 9711 -18838
8736 9665 -18770
8737 9711 -18874
8738 9749 -18942
8739 9731 -18846
8740 9717 -18834
8741 9795 -19130
8742 9765 -19042
8743 9737 -18902
8744 9705 -18798
8745 9677 -18746
8746 9691 -18806
8747 9727 -18950
8748 9811 -19138
8749 9799 -19082
8750 9739 -18894
8751 9753 -18890
8752 9763 -18958
8753 9831 -19142
8754 9735 -18838
8755 9749 -19006
8756 9767 -19090
8757 9721 -18890
8758 9727 -18842
8759 9695 -18762
8760 9675 -18762
8761 9699 -18778
8762 9825 -19150
8763 9807 -19046
8764 9771 -18942
8765 9763 -18966
8766 9803 -19018
8767 9725 -18878
8768 9755 -18954
8769 9757 -18950
8770 9793 -19090
8771 9753 -18918
8772 9777 -19006
8773 9757 -18958
8774 9731 -18950
8775 9751 -18946
8776 9767 -18930
8777 9715 -18798
8778 9729 -18858
8779 9793 -19014
8780 9819 -19118
8781 9863 -19242
8782 9849 -19210
8783 9777 -18966
8784 9763 -18914
8785 9775 -18990
8786 9733 -18814
8787 9721 -18834
8788 9757 -18914
8789 9751 -18998
8790 9657 -18666
8791 9693 -18790
8792 9717 -18866
8793 9777 -18970
8794 9663 -18654
8795 9663 -18686
8796 9691 -18790
8797 9711 -18838
8798 9735 -18906
8799 9811 -19034
8800 9839 -19174
8801 9843 -19194
8802 9789 -18998
8803 9799 -19054
8804 9811 -19106
8805 9799 -19034
8806 9829 -19094
8807 9785 -19006
8808 9767 -18966
8809 9767 -18946
8810 9781 -18970
8811 9767 -18962
8812 9745 -18906
8813 9737 -18906
8814 9811 -19078
8815 9783 -19014
8816 9787 -19018
8817 9767 -18946
8818 9765 -19002
8819 9791 -19074
8820 9789 -19054
8821 9783 -18986
8822 9779 -18974
8823 9775 -18974
8824 9737 -18822
8825 9735 -18882
8826 9739 -18926
8827 9743 -18886
8828 9767 -19010
8829 9741 -18958
8830 9699 -18798
8831 9781 -19042
8832 9803 -19086
8833 9747 -18882
8834 9719 -18822
8835 9699 -18778
8836 9667 -18754
8837 9671 -18782
8838 9683 -18878
8839 9691 -18818
8840 9715 -18874
8841 9769 -19002
8842 9783 -19014
8843 9857 -19186
8844 9807 -19098
8845 9779 -19010
8846 9831 -19098
8847 9801 -19014
8848 9839 -19154
8849 9823 -19094
8850 9797 -19046
8851 9777 -18962
8852 9765 -18914
8853 9771 -18938
8854 9753 -18918
8855 9805 -19054
8856 9775 -18950
8857 9693 -18762
8858 9727 -18882
8859 9701 -18834
8860 9697 -18822
8861 9731 -18882
8862 9735 -18950
8863 9739 -18906
8864 9715 -18866
8865 9723 -18918
8866 9717 -18858
8867 9713 -18874
8868 9765 -18986
8869 9767 -19038
8870 9747 -18918
8871 9751 -18906
8872 9743 -18862
8873 9785 -18994
8874 9761 -18926
8875 9769 -18898
8876 9777 -18906
8877 9833 -19070
8878 9795 -19066
8879 9803 -19074
8880 9823 -19118
8881 9839 -19186
8882 9797 -19094
8883 9759 -18898
8884 9819 -19122
8885 9893 -19346
8886 9887 -19282
8887 9815 -19078
8888 9797 -18994
8889 9747 -18874
8890 9731 -18834
8891 9723 -18874
8892 9729 -18882
8893 9745 -18930
8894 9803 -19078
8895 9791 -19046
8896 9833 -19158
8897 9783 -18990
8898 9807 -19026
8899 9787 -18966
8900 9813 -19066
8901 9803 -19054
8902 9813 -19094
8903 9771 -18958
8904 9749 -18842
8905 9731 -18858
8906 9763 -18914
8907 9795 -19014
8908 9799 -19054
8909 9791 -19046
8910 9801 -19134
8911 9849 -19254
8912 9763 -19014
8913 9719 -18870
8914 9741 -18962
8915 9729 -18874
8916 9775 -18982
8917 9797 -19038
8918 9789 -18966
8919 9755 -18874
8920 9675 -18714
8921 9777 -18978
8922 9795 -19106
8923 9815 -19150
8924 9837 -19206
8925 9783 -19038
8926 9723 -18866
8927 9731 -18846
8928 9687 -18698
8929 9765 -18986
8930 9795 -19090
8931 9803 -19150
8932 9721 -18954
8933 9697 -18894
8934 9749 -18986
8935 9751 -18978
8936 9755 -18934
8937 9829 -19118
8938 9797 -19022
8939 9779 -18914
8940 9813 -19058
8941 9845 -19202
8942 9811 -19054
8943 9841 -19146
8944 9835 -19118
8945 9809 -19082
8946 9831 -19110
8947 9811 -19074
8948 9843 -19170
8949 9821 -19090
8950 9823 -19050
8951 9777 -18946
8952 9715 -18790
8953 9709 -18822
8954 9675 -18810
8955 9689 -18794
8956 9765 -19042
8957 9807 -19158
8958 9793 -19022
8959 9827 -19126
8960 9823 -19110
8961 9795 -19042
8962 9819 -19062
8963 9757 -18962
8964 9797 -19026
8965 9775 -18994
8966 9793 -19130
8967 9803 -19154
8968 9809 -19206
8969 9771 -19082
8970 9773 -19106
8971 9773 -19010
8972 9745 -18890
8973 9715 -18790
8974 9745 -18902
8975 9721 -18826
8976 9779 -19014
8977 9785 -19082
8978 9741 -18918
8979 9715 -18834
8980 9683 -18754
8981 9717 -18826
8982 9745 -18990
8983 9761 -19002
8984 9713 -18890
8985 9703 -18850
8986 9703 -18842
8987 9695 -18882
8988 9657 -18798
8989 9665 -18842
8990 9629 -18650
8991 9651 -18762
8992 9647 -18814
8993 9671 -18814
8994 9701 -18898
8995 9717 -18954
8996 9747 -18974
8997 9717 -18906
8998 9745 -19026
8999 9741 -18978
9000 9745 -19014
9001 9727 -18918
9002 9701 -18858
9003 9767 -19054
9004 9741 -18902
9005 9713 -18930
9006 9713 -18914
9007 9743 -18982
9008 9741 -18918
9009 9733 -18862
9010 9737 -18858
9011 9761 -18954
9012 9763 -18982
9013 9751 -18954
9014 9773 -19042
9015 9803 -19118
9016 9809 -19078
9017 9833 -19162
9018 9807 -19090
9019 9775 -19054
9020 9777 -18990
9021 9785 -18994
9022 9769 -18962
9023 9753 -18882
9024 9775 -18938
9025 9755 -18910
9026 9775 -19014
9027 9757 -18898
9028 9741 -18882
9029 9793 -19126
9030 9715 -18810
9031 9763 -18954
9032 9745 -18882
9033 9789 -19074
9034 9841 -19234
9035 9829 -19174
9036 9781 -19006
9037 9829 -19142
9038 9813 -19070
9039 9803 -19014
9040 9823 -19090
9041 9787 -19054
9042 9761 -18934
9043 9761 -18966
9044 9763 -18962
9045 9765 -18910
9046 9803 -19078
9047 9799 -19050
9048 9873 -19306
9049 9835 -19198
9050 9771 -18970
9051 9769 -18942
9052 9753 -18914
9053 9791 -19018
9054 9727 -18830
9055 9705 -18814
9056 9729 -18978
9057 9733 -18926
9058 9773 -19018
9059 9751 -18958
9060 9777 -18998
9061 9747 -18894
9062 9791 -19002
9063 9833 -19166
9064 9817 -19138
9065 9795 -19070
9066 9777 -19038
9067 9787 -19038
9068 9747 -18898
9069 9747 -18910
9070 9721 -18918
9071 9785 -19114
9072 9763 -19126
9073 9665 -18758
9074 9669 -18698
9075 9693 -18838
9076 9667 -18674
9077 9715 -18766
9078 9739 -18838
9079 9757 -18842
9080 9749 -18886
9081 9761 -18914
9082 9811 -19046
9083 9785 -18950
9084 9729 -18818
9085 9737 -18886
9086 9743 -18878
9087 9707 -18850
9088 9691 -18802
9089 9735 -18946
9090 9753 -18974
9091 9767 -19002
9092 9809 -19098
9093 9789 -19046
9094 9811 -19082
9095 9775 -18994
9096 9713 -18850
9097 9749 -18934
9098 9759 -18946
9099 9741 -18858
9100 9751 -18918
9101 9765 -18982
9102 9815 -19106
9103 9787 -19086
9104 9791 -19046
9105 9771 -18950
9106 9753 -18906
9107 9747 -18866
9108 9765 -18974
9109 9795 -19026
9110 9799 -19082
9111 9779 -18934
9112 9757 -18918
9113 9777 -18986
9114 9827 -19142
9115 9869 -19250
9116 9769 -18950
9117 9825 -19122
9118 9759 -18870
9119 9741 -18882
9120 9735 -18906
9121 9749 -18942
9122 9763 -18950
9123 9761 -18926
9124 9789 -19014
9125 9821 -19090
9126 9809 -19022
9127 9817 -19098
9128 9827 -19162
9129 9809 -19082
9130 9779 -19026
9131 9741 -18930
9132 9759 -19002
9133 9737 -18918
9134 9767 -19010
9135 9785 -19066
9136 9783 -18998
9137 9809 -19122
9138 9847 -19174
9139 9795 -19066
9140 9763 -18962
9141 9779 -19034
9142 9799 -19082
9143 9797 -19046
9144 9749 -18910
9145 9743 -18946
9146 9745 -18934
9147 9815 -19226
9148 9761 -18954
9149 9797 -19062
9150 9789 -18998
9151 9809 -19122
9152 9783 -18970
9153 9787 -18970
9154 9691 -18706
9155 9687 -18758
9156 9733 -18886
9157 9681 -18726
9158 9711 -18850
9159 9749 -18954
9160 9727 -18918
9161 9699 -18834
9162 9747 -18990
9163 9739 -18918
9164 9739 -18890
9165 9769 -18994
9166 9777 -18978
9167 9767 -18966
9168 9747 -18910
9169 9753 -18994
9170 9703 -18842
9171 9783 -19014
9172 9783 -18978
9173 9735 -18914
9174 9761 -18986
9175 9733 -18866
9176 9773 -18958
9177 9739 -18778
9178 9727 -18790
9179 9743 -18854
9180 9763 -18950
9181 9809 -19082
9182 9739 -18858
9183 9817 -19094
9184 9805 -19042
9185 9773 -18994
9186 9731 -18938
9187 9707 -18838
9188 9735 -19022
9189 9681 -18790
9190 9677 -18798
9191 9665 -18758
9192 9647 -18638
9193 9653 -18642
9194 9727 -18834
9195 9699 -18786
9196 9757 -18990
9197 9739 -18906
9198 9759 -18966
9199 9755 -18870
9200 9781 -18986
9201 9781 -18994
9202 9775 -18966
9203 9761 -18970
9204 9801 -19066
9205 9787 -18978
9206 9759 -19006
9207 9745 -18922
9208 9717 -18906
9209 9727 -18954
9210 9773 -18974
9211 9795 -19070
9212 9807 -19114
9213 9811 -19118
9214 9765 -18942
9215 9757 -18958
9216 9743 -18882
9217 9751 -18898
9218 9765 -18930
9219 9773 -18986
9220 9821 -19122
9221 9815 -19086
9222 9791 -19002
9223 9739 -18890
9224 9823 -19150
9225 9777 -18990
9226 9783 -18986
9227 9775 -19030
9228 9799 -19058
9229 9795 -18986
9230 9791 -19030
9231 9833 -19142
9232 9815 -19130
9233 9847 -19174
9234 9809 -19058
9235 9789 -19006
9236 9821 -19110
9237 9763 -18970
9238 9779 -19018
9239 9807 -19094
9240 9827 -19170
9241 9817 -19066
9242 9827 -19126
9243 9785 -19026
9244 9809 -19150
9245 9797 -19082
9246 9795 -19082
9247 9833 -19158
9248 9809 -19114
9249 9763 -18930
9250 9767 -19034
9251 9801 -19090
9252 9813 -19122
9253 9739 -18898
9254 9723 -18790
9255 9695 -18738
9256 9759 -18890
9257 9765 -18918
9258 9769 -18970
9259 9769 -18974
9260 9747 -18910
9261 9711 -18778
9262 9677 -18658
9263 9743 -18870
9264 9803 -19110
9265 9767 -18990
9266 9821 -19178
9267 9803 -19058
9268 9793 -19098
9269 9799 -19022
9270 9809 -19082
9271 9791 -19062
9272 9839 -19114
9273 9831 -19122
9274 9827 -19098
9275 9829 -19106
9276 9827 -19130
9277 9751 -18942
9278 9763 -18914
9279 9803 -19042
9280 9747 -18870
9281 9721 -18798
9282 9775 -18938
9283 9745 -18842
9284 9811 -19018
9285 9809 -19106
9286 9765 -18994
9287 9785 -19066
9288 9859 -19218
9289 9835 -19122
9290 9791 -18974
9291 9805 -19090
9292 9803 -19166
9293 9801 -19090
9294 9731 -18894
9295 9775 -18978
9296 9743 -18970
9297 9783 -19050
9298 9829 -19170
9299 9725 -18882
9300 9725 -18878
9301 9763 -18994
9302 9791 -19050
9303 9799 -19054
9304 9813 -19146
9305 9835 -19194
9306 9831 -19130
9307 9807 -19026
9308 9827 -19082
9309 9815 -19082
9310 9763 -18962
9311 9739 -18934
9312 9709 -18846
9313 9671 -18690
9314 9745 -18934
9315 9765 -19026
9316 9695 -18754
9317 9687 -18822
9318 9759 -18926
9319 9803 -19086
9320 9779 -18930
9321 9851 -19206
9322 9845 -19146
9323 9827 -19122
9324 9771 -18998
9325 9767 -18922
9326 9795 -19066
9327 9767 -19066
9328 9783 -19098
9329 9791 -19126
9330 9791 -19074
9331 9783 -19050
9332 9747 -18934
9333 9797 -19050
9334 9859 -19246
9335 9859 -19266
9336 9793 -19050
9337 9789 -18994
9338 9767 -18954
9339 9803 -19046
9340 9779 -19002
9341 9733 -18902
9342 9721 -18850
9343 9745 -18934
9344 9743 -18934
9345 9751 -18970
9346 9721 -18838
9347 9705 -18846
9348 9719 -18858
9349 9779 -18974
9350 9731 -18906
9351 9773 -18938
9352 9789 -18994
9353 9745 -18894
9354 9785 -18974
9355 9811 -19062
9356 9781 -18982
9357 9843 -19146
9358 9851 -19182
9359 9795 -19022
9360 9735 -18906
9361 9769 -19034
9362 9779 -19038
9363 9795 -19026
9364 9741 -18894
9365 9719 -18862
9366 9803 -19050
9367 9781 -19014
9368 9787 -18990
9369 9789 -19010
9370 9747 -18906
9371 9773 -18970
9372 9719 -18842
9373 9757 -18922
9374 9815 -19050
9375 9773 -18962
9376 9779 -19046
9377 9793 -19042
9378 9829 -19202
9379 9795 -19078
9380 9795 -19010
9381 9885 -19290
9382 9783 -19010
9383 9829 -19118
9384 9773 -18934
9385 9761 -18950
9386 9789 -19034
9387 9735 -18870
9388 9751 -18898
9389 9777 -18974
9390 9721 -18874
9391 9737 -18882
9392 9833 -19154
9393 9809 -19146
9394 9833 -19214
9395 9819 -19182
9396 9777 -19094
9397 9859 -19302
9398 9777 -19106
9399 9751 -19010
9400 9721 -18914
9401 9703 -18926
9402 9719 -18878
9403 9771 -18974
9404 9797 -19010
9405 9803 -19094
9406 9777 -19050
9407 9743 -18934
9408 9827 -19170
9409 9797 -19118
9410 9743 -18902
9411 9751 -18946
9412 9725 -18834
9413 9739 -18942
9414 9767 -19098
9415 9705 -18890
9416 9751 -18978
9417 9737 -18878
9418 9703 -18862
9419 9713 -18854
9420 9709 -18842
9421 9757 -18958
9422 9745 -18938
9423 9739 -18938
9424 9783 -19014
9425 9801 -19102
9426 9797 -19002
9427 9785 -18990
9428 9753 -18898
9429 9707 -18770
9430 9757 -18922
9431 9805 -19034
9432 9825 -19106
9433 9799 -19026
9434 9819 -19158
9435 9785 -19054
9436 9799 -19062
9437 9797 -19062
9438 9783 -18986
9439 9795 -19062
9440 9725 -18850
9441 9739 -18882
9442 9745 -18834
9443 9799 -19030
9444 9771 -18958
9445 9785 -18986
9446 9779 -19046
9447 9671 -18726
9448 9689 -18722
9449 9751 -18978
9450 9759 -18982
9451 9815 -19154
9452 9795 -19138
9453 9751 -18958
9454 9739 -18978
9455 9691 -18826
9456 9695 -18914
9457 9675 -18866
9458 9669 -18874
9459 9651 -18758
9460 9623 -18706
9461 9623 -18738
9462 9653 -18806
9463 9685 -18790
9464 9675 -18750
9465 9611 -18682
9466 9641 -18694
9467 9677 -18746
9468 9733 -18914
9469 9683 -18738
9470 9629 -18554
9471 9647 -18678
9472 9669 -18686
9473 9711 -18798
9474 9763 -18978
9475 9773 -18966
9476 9817 -19150
9477 9829 -19182
9478 9847 -19178
9479 9783 -19054
9480 9749 -18970
9481 9723 -18910
9482 9715 -18814
9483 9735 -18878
9484 9781 -19022
9485 9789 -19046
9486 9771 -19042
9487 9797 -19102
9488 9795 -19070
9489 9881 -19330
9490 9805 -19098
9491 9797 -19090
9492 9797 -19074
9493 9765 -19010
9494 9783 -19042
9495 9739 -18910
9496 9757 -18962
9497 9765 -18950
9498 9775 -18970
9499 9755 -18902
9500 9777 -18990
9501 9787 -19066
9502 9779 -19006
9503 9809 -19102
9504 9777 -19006
9505 9749 -18966
9506 9799 -19110
9507 9789 -19034
9508 9761 -19014
9509 9763 -19070
9510 9725 -18958
9511 9735 -18882
9512 9711 -18890
9513 9735 -18942
9514 9709 -18882
9515 9693 -18878
9516 9679 -18782
9517 9707 -18806
9518 9691 -18778
9519 9707 -18786
9520 9803 -19114
9521 9783 -19006
9522 9831 -19158
9523 9813 -19126
9524 9791 -19030
9525 9773 -18998
9526 9721 -18778
9527 9729 -18878
9528 9763 -18994
9529 9731 -18846
9530 9745 -18886
9531 9773 -18982
9532 9801 -19038
9533 9729 -18790
9534 9745 -18946
9535 9747 -18962
9536 9789 -19130
9537 9831 -19138
9538 9775 -18970
9539 9805 -19106
9540 9765 -18978
9541 9813 -19138
9542 9779 -18970
9543 9847 -19214
9544 9839 -19222
9545 9799 -19034
9546 9761 -18950
9547 9729 -18850
9548 9739 -18866
9549 9809 -19062
9550 9833 -19142
9551 9805 -19046
9552 9769 -18938
9553 9717 -18798
9554 9741 -18918
9555 9685 -18766
9556 9727 -18886
9557 9707 -18818
9558 9699 -18742
9559 9743 -18962
9560 9745 -18926
9561 9801 -19034
9562 9835 -19114
9563 9803 -19002
9564 9791 -18954
9565 9785 -19002
9566 9771 -18898
9567 9807 -19062
9568 9777 -19006
9569 9775 -19022
9570 9827 -19174
9571 9819 -19106
9572 9829 -19134
9573 9797 -19118
9574 9777 -19014
9575 9735 -18890
9576 9717 -18810
9577 9687 -18786
9578 9673 -18674
9579 9705 -18774
9580 9635 -18622
9581 9645 -18774
9582 9667 -18822
9583 9683 -18774
9584 9705 -18814
9585 9727 -18986
9586 9717 -18858
9587 9813 -19114
9588 9787 -19022
9589 9805 -19046
9590 9791 -18982
9591 9765 -18966
9592 9707 -18862
9593 9671 -18722
9594 9671 -18718
9595 9647 -18622
9596 9647 -18626
9597 9671 -18710
9598 9761 -18962
9599 9775 -19002
9600 9775 -18978
9601 9753 -18902
9602 9825 -19106
9603 9781 -19010
9604 9799 -19030
9605 9743 -18870
9606 9813 -19098
9607 9813 -19138
9608 9803 -19038
9609 9769 -18938
9610 9843 -19150
9611 9831 -19146
9612 9775 -19010
9613 9775 -19050
9614 9797 -19034
9615 9771 -19058
9616 9759 -19022
9617 9687 -18826
9618 9703 -18822
9619 9755 -18998
9620 9739 -18878
9621 9783 -19058
9622 9769 -18974
9623 9813 -19054
9624 9809 -19062
9625 9811 -19090
9626 9763 -19006
9627 9759 -19022
9628 9685 -18766
9629 9697 -18790
9630 9671 -18706
9631 9675 -18710
9632 9697 -18830
9633 9737 -18950
9634 9747 -18918
9635 9767 -18974
9636 9749 -18954
9637 9789 -19022
9638 9753 -18870
9639 9729 -18874
9640 9757 -18978
9641 9791 -19070
9642 9805 -19118
9643 9829 -19174
9644 9817 -19078
9645 9793 -19082
9646 9735 -19018
9647 9679 -18758
9648 9743 -18934
9649 9727 -18882
9650 9789 -19110
9651 9727 -18898
9652 9791 -19026
9653 9805 -19050
9654 9841 -19186
9655 9829 -19118
9656 9821 -19154
9657 9811 -19074
9658 9815 -19158
9659 9775 -19034
9660 9735 -18922
9661 9753 -18894
9662 9709 -18782
9663 9739 -18898
9664 9725 -18846
9665 9649 -18642
9666 9699 -18810
9667 9717 -18826
9668 9773 -18978
9669 9789 -18998
9670 9767 -18970
9671 9789 -19026
9672 9769 -18978
9673 9743 -18838
9674 9711 -18818
9675 9741 -18842
9676 9787 -19066
9677 9779 -19050
9678 9747 -18930
9679 9729 -18946
9680 9659 -18674
9681 9655 -18622
9682 9673 -18706
9683 9729 -18862
9684 9733 -18934
9685 9745 -18978
9686 9731 -18926
9687 9633 -18746
9688 9685 -18794
9689 9711 -18830
9690 9779 -19010
9691 9753 -18982
9692 9757 -18910
9693 9759 -18954
9694 9753 -18930
9695 9765 -18990
9696 9777 -19018
9697 9763 -18970
9698 9777 -19014
9699 9783 -19002
9700 9857 -19242
9701 9819 -19118
9702 9817 -19058
9703 9805 -19030
9704 9817 -19126
9705 9865 -19234
9706 9811 -19110
9707 9757 -18942
9708 9763 -18942
9709 9787 -19010
9710 9815 -19066
9711 9793 -19062
9712 9783 -19038
9713 9817 -19122
9714 9837 -19122
9715 9823 -19110
9716 9805 -19054
9717 9853 -19186
9718 9803 -19046
9719 9799 -19042
9720 9829 -19150
9721 9837 -19178
9722 9771 -18974
9723 9749 -18978
9724 9703 -18822
9725 9729 -18842
9726 9759 -18934
9727 9711 -18810
9728 9761 -18910
9729 9801 -19106
9730 9751 -18986
9731 9771 -19058
9732 9741 -18926
9733 9757 -18982
9734 9793 -19110
9735 9811 -19130
9736 9753 -18990
9737 9761 -18906
9738 9781 -18974
9739 9801 -19026
9740 9809 -19046
9741 9817 -19114
9742 9841 -19138
9743 9831 -19126
9744 9863 -19254
9745 9797 -19054
9746 9773 -18970
9747 9761 -18962
9748 9749 -18894
9749 9819 -19094
9750 9841 -19142
9751 9815 -19082
9752 9847 -19182
9753 9823 -19082
9754 9879 -19282
9755 9861 -19222
9756 9819 -19094
9757 9837 -19146
9758 9791 -19058
9759 9801 -19118
9760 9765 -18942
9761 9775 -19002
9762 9735 -18822
9763 9757 -18958
9764 9765 -18942
9765 9795 -19074
9766 9851 -19174
9767 9793 -18962
9768 9763 -18934
9769 9753 -18962
9770 9745 -18914
9771 9743 -18982
9772 9711 -18894
9773 9699 -18914
9774 9733 -18942
9775 9775 -18978
9776 9835 -19162
9777 9845 -19194
9778 9837 -19206
9779 9785 -18998
9780 9759 -18918
9781 9731 -18790
9782 9799 -19086
9783 9843 -19170
9784 9787 -19026
9785 9841 -19166
9786 9853 -19170
9787 9811 -19118
9788 9783 -19038
9789 9773 -18962
9790 9755 -18926
9791 9713 -18874
9792 9695 -18834
9793 9707 -18846
9794 9667 -18806
9795 9703 -18842
9796 9693 -18822
9797 9729 -18902
9798 9819 -19182
9799 9743 -18970
9800 9757 -18998
9801 9799 -19050
9802 9823 -19194
9803 9749 -18958
9804 9739 -18926
9805 9751 -18978
9806 9767 -18978
9807 9769 -18962
9808 9771 -18958
9809 9805 -19102
9810 9735 -18890
9811 9751 -19058
9812 9769 -19010
9813 9767 -19010
9814 9781 -19070
9815 9747 -18922
9816 9745 -18978
9817 9809 -19054
9818 9777 -19002
9819 9779 -18994
9820 9771 -18974
9821 9793 -19010
9822 9767 -18962
9823 9765 -18990
9824 9765 -18946
9825 9839 -19150
9826 9809 -19078
9827 9789 -19014
9828 9745 -18930
9829 9755 -18898
9830 9797 -19010
9831 9767 -19046
9832 9739 -18926
9833 9749 -18926
9834 9745 -18902
9835 9793 -19066
9836 9817 -19142
9837 9783 -19038
9838 9757 -18966
9839 9759 -18994
9840 9735 -18902
9841 9719 -18882
9842 9737 -18918
9843 9771 -19014
9844 9741 -18938
9845 9671 -18746
9846 9713 -18794
9847 9729 -18878
9848 9787 -18994
9849 9781 -19014
9850 9717 -18826
9851 9727 -18910
9852 9721 -18930
9853 9711 -18850
9854 9699 -18810
9855 9719 -18814
9856 9787 -19078
9857 9765 -19038
9858 9759 -19030
9859 9747 -18902
9860 9749 -18962
9861 9733 -18886
9862 9693 -18846
9863 9741 -18878
9864 9809 -19114
9865 9863 -19214
9866 9785 -19082
9867 9807 -19082
9868 9843 -19178
9869 9799 -19078
9870 9839 -19222
9871 9795 -19038
9872 9787 -19102
9873 9723 -18886
9874 9709 -18894
9875 9717 -18954
9876 9703 -18862
9877 9701 -18890
9878 9635 -18702
9879 9677 -18790
9880 9669 -18742
9881 9693 -18778
9882 9701 -18830
9883 9727 -18918
9884 9721 -18926
9885 9791 -19070
9886 9699 -18798
9887 9749 -18934
9888 9703 -18806
9889 9699 -18778
9890 9681 -18658
9891 9671 -18662
9892 9705 -18818
9893 9711 -18890
9894 9753 -18962
9895 9747 -18874
9896 9703 -18726
9897 9737 -18846
9898 9789 -19006
9899 9739 -18842
9900 9777 -19014
9901 9715 -18906
9902 9685 -18898
9903 9683 -18802
9904 9723 -18890
9905 9773 -19014
9906 9743 -18906
9907 9767 -18866
9908 9775 -18978
9909 9751 -18918
9910 9759 -18958
9911 9763 -18962
9912 9729 -18858
9913 9753 -18918
9914 9745 -18906
9915 9741 -18866
9916 9791 -19038
9917 9743 -18954
9918 9811 -19166
9919 9737 -18954
9920 9737 -18950
9921 9723 -18902
9922 9775 -19150
9923 9767 -19078
9924 9739 -18914
9925 9755 -19018
9926 9699 -18830
9927 9703 -18810
9928 9765 -18974
9929 9753 -18986
9930 9741 -18930
9931 9731 -18882
9932 9743 -18834
9933 9749 -18890
9934 9789 -19042
9935 9745 -18954
9936 9745 -18930
9937 9745 -18874
9938 9729 -18874
9939 9729 -18874
9940 9731 -18854
9941 9729 -18874
9942 9619 -18622
9943 9711 -18842
9944 9737 -18870
9945 9727 -18854
9946 9799 -19058
9947 9767 -18998
9948 9731 -18902
9949 9709 -18906
9950 9745 -18926
9951 9783 -19066
9952 9777 -19026
9953 9801 -19098
9954 9825 -19154
9955 9803 -19086
9956 9769 -19022
9957 9699 -18822
9958 9725 -18858
9959 9707 -18866
9960 9729 -18866
9961 9769 -18942
9962 9729 -18886
9963 9737 -18886
9964 9693 -18746
9965 9749 -18938
9966 9723 -18870
9967 9693 -18778
9968 9689 -18746
9969 9741 -18878
9970 9715 -18906
9971 9763 -18966
9972 9713 -18830
9973 9703 -18762
9974 9749 -18914
9975 9787 -19030
9976 9789 -19014
9977 9801 -18990
9978 9809 -18994
9979 9759 -18858
9980 9817 -19074
9981 9773 -18958
9982 9759 -18958
9983 9723 -18902
9984 9763 -18986
9985 9759 -18926
9986 9787 -18970
9987 9781 -18942
9988 9799 -19058
9989 9789 -19038
9990 9809 -19034
9991 9827 -19094
9992 9759 -18894
9993 9797 -19042
9994 9727 -18794
9995 9731 -18790
9996 9763 -18882
9997 9739 -18858
9998 9793 -19002
9999 9777 -18954
