0 9949 -19506
1 9895 -19334
2 9837 -19154
3 9825 -19078
4 9753 -18898
5 9775 -18962
6 9731 -18814
7 9729 -18830
8 9661 -18634
9 9627 -18566
10 9667 -18742
11 9673 -18806
12 9689 -18782
13 9617 -18646
14 9597 -18454
15 9601 -18498
16 9613 -18534
17 9571 -18450
18 9581 -18430
19 9571 -18386
20 9555 -18426
21 9571 -18510
22 9527 -18434
23 9537 -18458
24 9643 -18726
25 9613 -18614
26 9641 -18610
27 9655 -18646
28 9669 -18642
29 9679 -18682
30 9689 -18710
31 9699 -18822
32 9679 -18810
33 9619 -18554
34 9603 -18542
35 9645 -18682
36 9671 -18622
37 9661 -18666
38 9627 -18578
39 9617 -18546
40 9625 -18582
41 9647 -18634
42 9651 -18606
43 9617 -18442
44 9629 -18622
45 9629 -18578
46 9601 -18618
47 9597 -18514
48 9593 -18530
49 9589 -18466
50 9599 -18578
51 9599 -18498
52 9549 -18434
53 9635 -18618
54 9611 -18574
55 9621 -18626
56 9641 -18650
57 9661 -18730
58 9627 -18574
59 9631 -18526
60 9595 -18478
61 9607 -18558
62 9611 -18534
63 9587 -18494
64 9627 -18622
65 9563 -18438
66 9539 -18406
67 9565 -18526
68 9521 -18390
69 9519 -18370
70 9595 -18558
71 9563 -18502
72 9551 -18434
73 9613 -18610
74 9623 -18666
75 9645 -18662
76 9611 -18570
77 9591 -18422
78 9625 -18586
79 9639 -18578
80 9659 -18678
81 9641 -18582
82 9615 -18542
83 9615 -18634
84 9573 -18546
85 9675 -18854
86 9675 -18798
87 9643 -18694
88 9595 -18586
89 9549 -18434
90 9607 -18566
91 9631 -18594
92 9677 -18786
93 9691 -18742
94 9657 -18682
95 9659 -18650
96 9627 -18602
97 9679 -18754
98 9705 -18842
99 9693 -18766
100 9637 -18622
101 9621 -18558
102 9661 -18726
103 9573 -18406
104 9609 -18414
105 9671 -18678
106 9601 -18510
107 9609 -18546
108 9537 -18418
109 9519 -18402
110 9499 -18278
111 9521 -18390
112 9565 -18430
113 9599 -18514
114 9619 -18570
115 9541 -18346
116 9513 -18270
117 9559 -18402
118 9617 -18522
119 9673 -18670
120 9593 -18438
121 9615 -18538
122 9641 -18690
123 9573 -18530
124 9583 -18518
125 9553 -18498
126 9507 -18362
127 9537 -18394
128 9569 -18390
129 9627 -18546
130 9735 -18846
131 9663 -18702
132 9617 -18574
133 9617 -18518
134 9629 -18558
135 9677 -18698
136 9711 -18794
137 9619 -18534
138 9695 -18714
139 9657 -18654
140 9643 -18642
141 9643 -18662
142 9621 -18606
143 9661 -18650
144 9629 -18574
145 9601 -18550
146 9615 -18610
147 9587 -18538
148 9635 -18626
149 9611 -18598
150 9557 -18366
151 9539 -18458
152 9567 -18482
153 9551 -18446
154 9557 -18418
155 9555 -18410
156 9561 -18382
157 9553 -18366
158 9571 -18550
159 9617 -18622
160 9657 -18682
161 9667 -18722
162 9721 -18818
163 9709 -18738
164 9643 -18626
165 9595 -18442
166 9601 -18518
167 9557 -18442
168 9547 -18338
169 9581 -18394
170 9641 -18518
171 9643 -18542
172 9667 -18682
173 9687 -18694
174 9629 -18598
175 9579 -18446
176 9673 -18718
177 9649 -18610
178 9697 -18730
179 9681 -18778
180 9633 -18542
181 9559 -18354
182 9589 -18486
183 9549 -18418
184 9607 -18578
185 9633 -18566
186 9623 -18610
187 9625 -18594
188 9539 -18454
189 9587 -18502
190 9613 -18586
191 9531 -18378
192 9583 -18542
193 9603 -18638
194 9601 -18590
195 9593 -18522
196 9543 -18362
197 9453 -18238
198 9455 -18126
199 9475 -18146
200 9549 -18358
201 9517 -18306
202 9535 -18410
203 9579 -18546
204 9599 -18442
205 9601 -18402
206 9555 -18474
207 9481 -18146
208 9491 -18182
209 9577 -18474
210 9589 -18438
211 9585 -18418
212 9621 -18490
213 9643 -18702
214 9543 -18366
215 9553 -18410
216 9585 -18502
217 9621 -18594
218 9575 -18542
219 9555 -18422
220 9535 -18474
221 9573 -18626
222 9611 -18646
223 9609 -18594
224 9649 -18674
225 9609 -18630
226 9595 -18602
227 9583 -18486
228 9529 -18274
229 9529 -18322
230 9629 -18610
231 9669 -18766
232 9657 -18722
233 9623 -18610
234 9561 -18494
235 9529 -18438
236 9601 -18630
237 9569 -18526
238 9527 -18466
239 9619 -18634
240 9639 -18586
241 9641 -18582
242 9647 -18578
243 9611 -18582
244 9581 -18538
245 9619 -18610
246 9599 -18622
247 9509 -18422
248 9581 -18490
249 9621 -18674
250 9581 -18498
251 9605 -18582
252 9635 -18646
253 9561 -18542
254 9535 -18434
255 9503 -18430
256 9477 -18434
257 9451 -18326
258 9489 -18338
259 9579 -18626
260 9615 -18658
261 9591 -18538
262 9651 -18642
263 9573 -18514
264 9535 -18374
265 9579 -18642
266 9521 -18502
267 9505 -18446
268 9501 -18454
269 9545 -18498
270 9545 -18318
271 9535 -18378
272 9539 -18450
273 9587 -18450
274 9601 -18482
275 9627 -18554
276 9643 -18594
277 9605 -18454
278 9631 -18570
279 9615 -18574
280 9595 -18506
281 9493 -18186
282 9533 -18474
283 9577 -18546
284 9615 -18602
285 9623 -18686
286 9517 -18330
287 9523 -18330
288 9575 -18554
289 9521 -18458
290 9547 -18482
291 9611 -18542
292 9597 -18530
293 9599 -18482
294 9619 -18562
295 9593 -18478
296 9561 -18430
297 9503 -18234
298 9539 -18390
299 9587 -18550
300 9625 -18614
301 9615 -18574
302 9605 -18518
303 9601 -18518
304 9593 -18462
305 9583 -18410
306 9539 -18426
307 9499 -18318
308 9601 -18562
309 9613 -18686
310 9603 -18698
311 9529 -18474
312 9511 -18382
313 9519 -18466
314 9541 -18538
315 9547 -18522
316 9507 -18430
317 9589 -18466
318 9617 -18562
319 9577 -18454
320 9621 -18574
321 9547 -18466
322 9585 -18486
323 9571 -18518
324 9607 -18594
325 9545 -18394
326 9565 -18502
327 9571 -18498
328 9527 -18358
329 9525 -18426
330 9503 -18458
331 9469 -18410
332 9519 -18478
333 9569 -18510
334 9559 -18502
335 9501 -18378
336 9543 -18606
337 9491 -18498
338 9455 -18342
339 9475 -18386
340 9425 -18270
341 9489 -18482
342 9485 -18350
343 9569 -18586
344 9651 -18714
345 9655 -18690
346 9673 -18782
347 9645 -18786
348 9637 -18734
349 9597 -18586
350 9609 -18594
351 9589 -18618
352 9551 -18526
353 9529 -18434
354 9579 -18634
355 9563 -18630
356 9447 -18246
357 9491 -18354
358 9527 -18422
359 9557 -18546
360 9595 -18574
361 9639 -18646
362 9641 -18678
363 9621 -18642
364 9621 -18642
365 9575 -18518
366 9623 -18594
367 9665 -18734
368 9555 -18338
369 9563 -18398
370 9579 -18510
371 9607 -18558
372 9643 -18690
373 9561 -18478
374 9607 -18558
375 9613 -18594
376 9643 -18622
377 9567 -18450
378 9659 -18638
379 9569 -18446
380 9697 -18778
381 9747 -18866
382 9783 -18938
383 9757 -18878
384 9653 -18618
385 9663 -18646
386 9651 -18638
387 9653 -18606
388 9617 -18506
389 9581 -18402
390 9531 -18234
391 9549 -18346
392 9547 -18438
393 9607 -18526
394 9535 -18358
395 9523 -18318
396 9585 -18442
397 9587 -18450
398 9581 -18486
399 9633 -18606
400 9609 -18542
401 9591 -18510
402 9587 -18494
403 9559 -18478
404 9585 -18482
405 9655 -18694
406 9623 -18586
407 9605 -18510
408 9579 -18558
409 9583 -18546
410 9633 -18690
411 9687 -18830
412 9627 -18662
413 9593 -18570
414 9667 -18758
415 9647 -18762
416 9669 -18762
417 9465 -18322
418 9491 -18422
419 9527 -18482
420 9469 -18306
421 9525 -18418
422 9595 -18518
423 9535 -18438
424 9599 -18622
425 9611 -18638
426 9535 -18342
427 9551 -18450
428 9543 -18438
429 9501 -18382
430 9587 -18594
431 9601 -18638
432 9605 -18666
433 9531 -18418
434 9501 -18302
435 9549 -18454
436 9647 -18674
437 9693 -18766
438 9669 -18770
439 9645 -18614
440 9655 -18630
441 9715 -18822
442 9687 -18730
443 9649 -18650
444 9631 -18590
445 9643 -18550
446 9587 -18374
447 9577 -18442
448 9553 -18366
449 9575 -18438
450 9543 -18474
451 9573 -18522
452 9551 -18370
453 9611 -18606
454 9603 -18566
455 9629 -18618
456 9595 -18514
457 9641 -18626
458 9623 -18538
459 9641 -18626
460 9625 -18542
461 9547 -18414
462 9593 -18510
463 9631 -18646
464 9669 -18686
465 9639 -18618
466 9621 -18602
467 9609 -18478
468 9589 -18506
469 9579 -18522
470 9549 -18438
471 9575 -18578
472 9581 -18578
473 9571 -18482
474 9577 -18490
475 9509 -18450
476 9563 -18482
477 9579 -18494
478 9577 -18474
479 9539 -18398
480 9605 -18478
481 9653 -18650
482 9639 -18666
483 9653 -18670
484 9607 -18610
485 9607 -18578
486 9647 -18570
487 9645 -18586
488 9623 -18574
489 9605 -18634
490 9545 -18518
491 9533 -18506
492 9511 -18382
493 9485 -18382
494 9489 -18406
495 9543 -18398
496 9593 -18566
497 9667 -18774
498 9635 -18522
499 9653 -18758
500 9663 -18666
501 9589 -18534
502 9595 -18490
503 9565 -18502
504 9531 -18370
505 9597 -18606
506 9609 -18606
507 9599 -18546
508 9555 -18462
509 9575 -18490
510 9557 -18550
511 9563 -18474
512 9621 -18598
513 9655 -18686
514 9687 -18750
515 9667 -18702
516 9627 -18582
517 9675 -18718
518 9681 -18722
519 9611 -18538
520 9613 -18526
521 9663 -18674
522 9633 -18582
523 9647 -18634
524 9555 -18414
525 9529 -18310
526 9583 -18510
527 9605 -18558
528 9621 -18590
529 9645 -18694
530 9699 -18742
531 9649 -18622
532 9641 -18558
533 9647 -18638
534 9631 -18602
535 9625 -18554
536 9653 -18666
537 9647 -18658
538 9641 -18646
539 9637 -18642
540 9633 -18594
541 9575 -18390
542 9577 -18450
543 9661 -18678
544 9629 -18550
545 9621 -18614
546 9645 -18654
547 9539 -18354
548 9517 -18302
549 9537 -18350
550 9643 -18598
551 9723 -18798
552 9659 -18642
553 9647 -18646
554 9597 -18562
555 9589 -18498
556 9613 -18570
557 9581 -18458
558 9609 -18530
559 9613 -18550
560 9571 -18450
561 9589 -18526
562 9599 -18490
563 9569 -18450
564 9621 -18550
565 9613 -18562
566 9641 -18642
567 9609 -18522
568 9623 -18550
569 9589 -18538
570 9559 -18414
571 9607 -18546
572 9657 -18626
573 9765 -18982
574 9725 -18822
575 9735 -18818
576 9723 -18842
577 9665 -18694
578 9711 -18758
579 9663 -18634
580 9617 -18506
581 9667 -18706
582 9631 -18650
583 9649 -18638
584 9663 -18666
585 9577 -18442
586 9641 -18590
587 9625 -18582
588 9593 -18458
589 9591 -18502
590 9595 -18486
591 9633 -18642
592 9645 -18646
593 9699 -18822
594 9635 -18574
595 9575 -18394
596 9565 -18454
597 9535 -18426
598 9611 -18522
599 9545 -18394
600 9627 -18630
601 9573 -18438
602 9603 -18562
603 9595 -18538
604 9697 -18862
605 9649 -18682
606 9579 -18526
607 9625 -18634
608 9731 -18842
609 9617 -18542
610 9611 -18538
611 9639 -18674
612 9621 -18566
613 9649 -18602
614 9689 -18746
615 9673 -18694
616 9631 -18506
617 9575 -18346
618 9629 -18590
619 9605 -18634
620 9665 -18726
621 9675 -18670
622 9701 -18742
623 9681 -18782
624 9597 -18614
625 9609 -18618
626 9663 -18706
627 9631 -18670
628 9553 -18390
629 9583 -18494
630 9611 -18606
631 9653 -18730
632 9633 -18634
633 9667 -18802
634 9627 -18646
635 9663 -18726
636 9681 -18706
637 9677 -18690
638 9681 -18718
639 9571 -18446
640 9607 -18514
641 9651 -18642
642 9665 -18738
643 9621 -18562
644 9635 -18582
645 9591 -18538
646 9581 -18566
647 9537 -18370
648 9587 -18554
649 9567 -18478
650 9481 -18330
651 9533 -18410
652 9563 -18494
653 9563 -18534
654 9543 -18438
655 9651 -18758
656 9643 -18678
657 9583 -18534
658 9553 -18470
659 9549 -18354
660 9573 -18514
661 9617 -18550
662 9617 -18494
663 9629 -18554
664 9623 -18438
665 9587 -18394
666 9663 -18602
667 9613 -18498
668 9637 -18578
669 9673 -18646
670 9685 -18654
671 9675 -18686
672 9639 -18570
673 9679 -18682
674 9755 -18870
675 9749 -18822
676 9735 -18778
677 9681 -18614
678 9611 -18466
679 9619 -18514
680 9653 -18722
681 9701 -18738
682 9703 -18722
683 9689 -18646
684 9641 -18546
685 9643 -18634
686 9631 -18606
687 9583 -18414
688 9649 -18606
689 9643 -18606
690 9603 -18522
691 9523 -18346
692 9575 -18494
693 9617 -18542
694 9627 -18566
695 9621 -18618
696 9623 -18610
697 9571 -18494
698 9591 -18446
699 9595 -18442
700 9671 -18674
701 9677 -18706
702 9679 -18726
703 9673 -18738
704 9639 -18658
705 9639 -18570
706 9553 -18422
707 9617 -18558
708 9665 -18674
709 9703 -18778
710 9683 -18778
711 9695 -18854
712 9665 -18702
713 9649 -18674
714 9637 -18694
715 9649 -18698
716 9675 -18678
717 9713 -18766
718 9663 -18598
719 9703 -18718
720 9617 -18558
721 9605 -18474
722 9597 -18378
723 9675 -18650
724 9683 -18694
725 9659 -18690
726 9647 -18634
727 9593 -18498
728 9627 -18570
729 9681 -18730
730 9639 -18638
731 9699 -18730
732 9643 -18622
733 9609 -18454
734 9649 -18670
735 9555 -18362
736 9651 -18578
737 9683 -18722
738 9617 -18482
739 9571 -18446
740 9467 -18198
741 9649 -18686
742 9631 -18582
743 9543 -18390
744 9547 -18386
745 9641 -18614
746 9591 -18458
747 9559 -18422
748 9561 -18474
749 9613 -18558
750 9615 -18582
751 9587 -18522
752 9617 -18570
753 9613 -18622
754 9613 -18582
755 9635 -18606
756 9625 -18570
757 9579 -18478
758 9577 -18418
759 9603 -18498
760 9621 -18522
761 9637 -18594
762 9537 -18346
763 9581 -18486
764 9633 -18610
765 9643 -18594
766 9669 -18626
767 9667 -18678
768 9589 -18514
769 9657 -18670
770 9649 -18618
771 9665 -18714
772 9661 -18642
773 9657 -18662
774 9619 -18542
775 9663 -18670
776 9651 -18706
777 9609 -18518
778 9631 -18538
779 9637 -18594
780 9669 -18734
781 9711 -18814
782 9697 -18822
783 9671 -18674
784 9701 -18846
785 9701 -18814
786 9687 -18718
787 9625 -18558
788 9659 -18698
789 9667 -18722
790 9681 -18666
791 9713 -18778
792 9703 -18766
793 9699 -18710
794 9691 -18694
795 9681 -18694
796 9613 -18558
797 9623 -18546
798 9519 -18314
799 9541 -18298
800 9567 -18366
801 9587 -18514
802 9527 -18338
803 9627 -18630
804 9601 -18642
805 9611 -18702
806 9513 -18414
807 9525 -18342
808 9517 -18246
809 9581 -18354
810 9603 -18414
811 9679 -18678
812 9687 -18742
813 9635 -18586
814 9581 -18434
815 9551 -18382
816 9545 -18378
817 9579 -18466
818 9627 -18638
819 9653 -18582
820 9643 -18542
821 9589 -18430
822 9655 -18642
823 9751 -18886
824 9657 -18702
825 9663 -18622
826 9569 -18470
827 9521 -18418
828 9523 -18398
829 9549 -18498
830 9523 -18390
831 9541 -18442
832 9571 -18534
833 9653 -18762
834 9645 -18666
835 9695 -18834
836 9587 -18498
837 9617 -18570
838 9631 -18598
839 9619 -18614
840 9729 -18918
841 9723 -18882
842 9641 -18618
843 9617 -18614
844 9563 -18414
845 9607 -18530
846 9497 -18262
847 9553 -18454
848 9597 -18522
849 9583 -18470
850 9563 -18534
851 9561 -18538
852 9619 -18558
853 9625 -18606
854 9531 -18390
855 9521 -18386
856 9529 -18382
857 9535 -18470
858 9557 -18510
859 9593 -18502
860 9567 -18494
861 9615 -18506
862 9615 -18610
863 9635 -18646
864 9701 -18822
865 9655 -18586
866 9647 -18642
867 9581 -18474
868 9625 -18606
869 9611 -18470
870 9619 -18590
871 9635 -18590
872 9677 -18802
873 9645 -18650
874 9665 -18730
875 9669 -18650
876 9657 -18582
877 9589 -18470
878 9631 -18538
879 9619 -18518
880 9615 -18602
881 9651 -18634
882 9631 -18626
883 9581 -18430
884 9565 -18402
885 9595 -18506
886 9549 -18294
887 9631 -18638
888 9651 -18710
889 9587 -18478
890 9625 -18558
891 9613 -18550
892 9595 -18586
893 9597 -18566
894 9587 -18530
895 9555 -18382
896 9579 -18518
897 9517 -18394
898 9555 -18466
899 9581 -18542
900 9489 -18294
901 9433 -18170
902 9553 -18446
903 9603 -18562
904 9605 -18538
905 9621 -18550
906 9589 -18454
907 9559 -18462
908 9585 -18502
909 9579 -18522
910 9499 -18258
911 9567 -18478
912 9603 -18614
913 9629 -18674
914 9637 -18686
915 9633 -18626
916 9623 -18598
917 9563 -18410
918 9597 -18538
919 9611 -18522
920 9589 -18470
921 9585 -18530
922 9553 -18470
923 9549 -18486
924 9543 -18538
925 9533 -18502
926 9579 -18678
927 9513 -18506
928 9595 -18638
929 9593 -18770
930 9575 -18562
931 9595 -18566
932 9597 -18498
933 9615 -18658
934 9649 -18722
935 9607 -18590
936 9605 -18626
937 9599 -18598
938 9555 -18410
939 9541 -18414
940 9549 -18418
941 9645 -18658
942 9645 -18650
943 9675 -18654
944 9593 -18506
945 9559 -18430
946 9651 -18662
947 9647 -18590
948 9669 -18674
949 9707 -18786
950 9647 -18602
951 9591 -18434
952 9613 -18594
953 9627 -18562
954 9585 -18426
955 9599 -18506
956 9609 -18538
957 9651 -18598
958 9621 -18490
959 9711 -18738
960 9681 -18662
961 9697 -18754
962 9683 -18706
963 9719 -18846
964 9731 -18794
965 9719 -18782
966 9659 -18598
967 9631 -18586
968 9667 -18634
969 9655 -18646
970 9649 -18662
971 9637 -18566
972 9693 -18702
973 9689 -18718
974 9697 -18786
975 9705 -18918
976 9685 -18846
977 9669 -18766
978 9557 -18530
979 9521 -18378
980 9595 -18510
981 9637 -18618
982 9587 -18410
983 9659 -18586
984 9701 -18802
985 9669 -18718
986 9731 -18858
987 9681 -18658
988 9659 -18594
989 9659 -18654
990 9575 -18390
991 9571 -18410
992 9605 -18586
993 9581 -18458
994 9613 -18542
995 9545 -18374
996 9611 -18602
997 9629 -18554
998 9553 -18414
999 9639 -18626
1000 9701 -18782
1001 9665 -18614
1002 9693 -18662
1003 9655 -18626
1004 9651 -18622
1005 9627 -18598
1006 9617 -18550
1007 9651 -18634
1008 9601 -18550
1009 9591 -18386
1010 9601 -18494
1011 9665 -18650
1012 9679 -18706
1013 9683 -18674
1014 9735 -18870
1015 9687 -18690
1016 9655 -18650
1017 9713 -18754
1018 9691 -18758
1019 9665 -18650
1020 9741 -18942
1021 9747 -18914
1022 9667 -18658
1023 9655 -18606
1024 9711 -18778
1025 9713 -18762
1026 9713 -18730
1027 9731 -18846
1028 9685 -18794
1029 9569 -18390
1030 9541 -18386
1031 9527 -18330
1032 9555 -18486
1033 9545 -18458
1034 9601 -18570
1035 9553 -18474
1036 9505 -18358
1037 9545 -18482
1038 9567 -18530
1039 9615 -18550
1040 9611 -18494
1041 9609 -18534
1042 9597 -18542
1043 9571 -18478
1044 9611 -18638
1045 9573 -18470
1046 9595 -18486
1047 9523 -18294
1048 9537 -18362
1049 9585 -18494
1050 9601 -18498
1051 9611 -18518
1052 9627 -18550
1053 9611 -18518
1054 9577 -18490
1055 9599 -18542
1056 9563 -18490
1057 9575 -18494
1058 9575 -18462
1059 9573 -18454
1060 9533 -18410
1061 9519 -18410
1062 9585 -18538
1063 9605 -18674
1064 9589 -18534
1065 9565 -18458
1066 9611 -18614
1067 9627 -18646
1068 9695 -18826
1069 9661 -18718
1070 9615 -18598
1071 9563 -18422
1072 9625 -18606
1073 9637 -18634
1074 9661 -18750
1075 9627 -18622
1076 9621 -18642
1077 9659 -18774
1078 9573 -18470
1079 9543 -18410
1080 9567 -18458
1081 9559 -18394
1082 9641 -18630
1083 9561 -18302
1084 9595 -18398
1085 9601 -18398
1086 9679 -18662
1087 9663 -18702
1088 9637 -18626
1089 9643 -18634
1090 9645 -18638
1091 9635 -18610
1092 9601 -18470
1093 9629 -18554
1094 9623 -18534
1095 9717 -18762
1096 9709 -18782
1097 9757 -18854
1098 9741 -18874
1099 9737 -18894
1100 9629 -18570
1101 9615 -18622
1102 9649 -18622
1103 9649 -18686
1104 9673 -18718
1105 9615 -18582
1106 9621 -18642
1107 9665 -18686
1108 9607 -18498
1109 9565 -18402
1110 9627 -18546
1111 9603 -18438
1112 9721 -18718
1113 9729 -18774
1114 9731 -18842
1115 9679 -18702
1116 9661 -18746
1117 9621 -18690
1118 9659 -18734
1119 9607 -18706
1120 9577 -18578
1121 9559 -18550
1122 9539 -18490
1123 9563 -18542
1124 9541 -18430
1125 9525 -18374
1126 9563 -18510
1127 9603 -18582
1128 9557 -18530
1129 9571 -18602
1130 9519 -18374
1131 9475 -18250
1132 9513 -18426
1133 9529 -18434
1134 9565 -18510
1135 9525 -18422
1136 9567 -18526
1137 9623 -18678
1138 9621 -18630
1139 9623 -18734
1140 9613 -18702
1141 9549 -18530
1142 9575 -18554
1143 9589 -18570
1144 9689 -18878
1145 9701 -18810
1146 9703 -18778
1147 9703 -18798
1148 9651 -18594
1149 9661 -18674
1150 9627 -18526
1151 9647 -18638
1152 9609 -18530
1153 9585 -18498
1154 9555 -18394
1155 9603 -18538
1156 9559 -18426
1157 9615 -18642
1158 9611 -18610
1159 9557 -18402
1160 9563 -18430
1161 9517 -18250
1162 9537 -18290
1163 9519 -18250
1164 9593 -18390
1165 9555 -18270
1166 9571 -18350
1167 9613 -18438
1168 9645 -18586
1169 9605 -18462
1170 9633 -18598
1171 9599 -18526
1172 9557 -18442
1173 9497 -18266
1174 9503 -18302
1175 9611 -18502
1176 9615 -18582
1177 9679 -18666
1178 9737 -18886
1179 9661 -18734
1180 9609 -18582
1181 9615 -18546
1182 9627 -18530
1183 9605 -18498
1184 9571 -18386
1185 9583 -18478
1186 9641 -18622
1187 9677 -18794
1188 9565 -18482
1189 9589 -18534
1190 9587 -18506
1191 9545 -18390
1192 9559 -18474
1193 9531 -18410
1194 9617 -18614
1195 9599 -18610
1196 9561 -18598
1197 9591 -18578
1198 9593 -18594
1199 9611 -18610
1200 9607 -18622
1201 9633 -18594
1202 9639 -18594
1203 9661 -18706
1204 9631 -18586
1205 9695 -18766
1206 9661 -18630
1207 9659 -18618
1208 9659 -18630
1209 9591 -18442
1210 9579 -18422
1211 9559 -18458
1212 9513 -18374
1213 9621 -18638
1214 9601 -18522
1215 9681 -18778
1216 9653 -18666
1217 9631 -18686
1218 9661 -18734
1219 9617 -18610
1220 9641 -18622
1221 9637 -18606
1222 9635 -18582
1223 9641 -18574
1224 9627 -18558
1225 9615 -18530
1226 9645 -18658
1227 9637 -18650
1228 9681 -18710
1229 9675 -18654
1230 9705 -18718
1231 9667 -18730
1232 9615 -18538
1233 9615 -18474
1234 9601 -18498
1235 9619 -18478
1236 9673 -18722
1237 9599 -18466
1238 9585 -18498
1239 9579 -18458
1240 9591 -18502
1241 9597 -18542
1242 9653 -18618
1243 9599 -18506
1244 9561 -18430
1245 9593 -18558
1246 9583 -18622
1247 9623 -18618
1248 9577 -18570
1249 9673 -18774
1250 9573 -18518
1251 9589 -18550
1252 9667 -18730
1253 9689 -18734
1254 9679 -18634
1255 9701 -18762
1256 9737 -18814
1257 9727 -18830
1258 9719 -18762
1259 9655 -18614
1260 9641 -18610
1261 9605 -18574
1262 9561 -18458
1263 9541 -18398
1264 9545 -18354
1265 9479 -18202
1266 9473 -18154
1267 9535 -18286
1268 9517 -18298
1269 9587 -18498
1270 9615 -18630
1271 9617 -18554
1272 9613 -18662
1273 9611 -18602
1274 9511 -18370
1275 9493 -18286
1276 9441 -18342
1277 9455 -18222
1278 9479 -18350
1279 9461 -18302
1280 9429 -18290
1281 9461 -18306
1282 9563 -18566
1283 9503 -18526
1284 9431 -18266
1285 9479 -18342
1286 9503 -18310
1287 9603 -18578
1288 9629 -18670
1289 9607 -18598
1290 9547 -18438
1291 9609 -18590
1292 9559 -18462
1293 9501 -18258
1294 9533 -18438
1295 9571 -18462
1296 9577 -18526
1297 9589 -18546
1298 9653 -18854
1299 9573 -18554
1300 9519 -18442
1301 9565 -18438
1302 9585 -18502
1303 9603 -18542
1304 9597 -18502
1305 9583 -18454
1306 9671 -18730
1307 9645 -18654
1308 9645 -18602
1309 9583 -18450
1310 9589 -18522
1311 9641 -18654
1312 9535 -18266
1313 9539 -18330
1314 9597 -18486
1315 9619 -18606
1316 9603 -18610
1317 9625 -18590
1318 9615 -18542
1319 9607 -18478
1320 9623 -18562
1321 9593 -18518
1322 9567 -18470
1323 9587 -18482
1324 9605 -18542
1325 9627 -18598
1326 9615 -18514
1327 9641 -18690
1328 9657 -18722
1329 9589 -18470
1330 9673 -18702
1331 9631 -18530
1332 9665 -18642
1333 9641 -18534
1334 9701 -18790
1335 9669 -18662
1336 9673 -18658
1337 9625 -18498
1338 9589 -18486
1339 9645 -18634
1340 9601 -18546
1341 9637 -18642
1342 9573 -18426
1343 9647 -18662
1344 9641 -18590
1345 9701 -18810
1346 9669 -18742
1347 9603 -18670
1348 9605 -18626
1349 9479 -18358
1350 9511 -18350
1351 9485 -18294
1352 9505 -18298
1353 9563 -18546
1354 9555 -18410
1355 9521 -18310
1356 9563 -18406
1357 9549 -18426
1358 9559 -18418
1359 9641 -18674
1360 9639 -18590
1361 9585 -18454
1362 9557 -18374
1363 9577 -18494
1364 9577 -18478
1365 9593 -18546
1366 9631 -18622
1367 9613 -18490
1368 9655 -18618
1369 9679 -18710
1370 9657 -18626
1371 9667 -18646
1372 9595 -18450
1373 9613 -18530
1374 9663 -18670
1375 9593 -18474
1376 9591 -18514
1377 9587 -18450
1378 9599 -18502
1379 9593 -18606
1380 9559 -18486
1381 9533 -18406
1382 9519 -18350
1383 9497 -18230
1384 9479 -18238
1385 9415 -18130
1386 9421 -18226
1387 9489 -18438
1388 9489 -18294
1389 9521 -18370
1390 9597 -18558
1391 9671 -18730
1392 9691 -18746
1393 9721 -18854
1394 9671 -18758
1395 9653 -18646
1396 9665 -18630
1397 9697 -18778
1398 9653 -18690
1399 9633 -18622
1400 9597 -18506
1401 9605 -18518
1402 9625 -18506
1403 9661 -18650
1404 9683 -18714
1405 9677 -18698
1406 9699 -18770
1407 9711 -18790
1408 9653 -18610
1409 9643 -18610
1410 9639 -18578
1411 9597 -18522
1412 9613 -18550
1413 9603 -18542
1414 9561 -18398
1415 9597 -18590
1416 9645 -18746
1417 9595 -18582
1418 9599 -18554
1419 9595 -18546
1420 9543 -18370
1421 9549 -18462
1422 9517 -18390
1423 9549 -18410
1424 9561 -18438
1425 9641 -18606
1426 9637 -18610
1427 9577 -18430
1428 9589 -18530
1429 9511 -18334
1430 9543 -18390
1431 9549 -18378
1432 9603 -18478
1433 9657 -18678
1434 9643 -18742
1435 9649 -18722
1436 9565 -18626
1437 9605 -18742
1438 9597 -18622
1439 9617 -18650
1440 9621 -18670
1441 9609 -18670
1442 9607 -18578
1443 9611 -18578
1444 9627 -18646
1445 9609 -18574
1446 9613 -18586
1447 9567 -18438
1448 9623 -18590
1449 9699 -18770
1450 9681 -18638
1451 9671 -18622
1452 9607 -18494
1453 9583 -18414
1454 9577 -18442
1455 9625 -18522
1456 9611 -18566
1457 9595 -18550
1458 9559 -18382
1459 9497 -18166
1460 9473 -18190
1461 9617 -18546
1462 9615 -18654
1463 9541 -18410
1464 9545 -18394
1465 9605 -18578
1466 9589 -18602
1467 9599 -18454
1468 9627 -18530
1469 9605 -18502
1470 9621 -18522
1471 9663 -18698
1472 9673 -18738
1473 9675 -18650
1474 9591 -18510
1475 9569 -18314
1476 9637 -18662
1477 9571 -18438
1478 9547 -18346
1479 9571 -18390
1480 9609 -18482
1481 9611 -18502
1482 9583 -18466
1483 9597 -18498
1484 9635 -18582
1485 9691 -18706
1486 9617 -18518
1487 9601 -18502
1488 9503 -18258
1489 9571 -18462
1490 9523 -18338
1491 9543 -18374
1492 9525 -18334
1493 9589 -18542
1494 9555 -18386
1495 9607 -18530
1496 9661 -18682
1497 9621 -18526
1498 9623 -18494
1499 9567 -18358
1500 9631 -18646
1501 9659 -18678
1502 9683 -18722
1503 9621 -18562
1504 9579 -18462
1505 9621 -18606
1506 9653 -18594
1507 9611 -18534
1508 9645 -18622
1509 9631 -18550
1510 9597 -18502
1511 9599 -18490
1512 9579 -18414
1513 9603 -18534
1514 9531 -18330
1515 9497 -18238
1516 9555 -18382
1517 9547 -18366
1518 9565 -18374
1519 9589 -18566
1520 9481 -18298
1521 9501 -18242
1522 9539 -18390
1523 9601 -18550
1524 9607 -18614
1525 9601 -18698
1526 9563 -18446
1527 9533 -18354
1528 9567 -18474
1529 9631 -18690
1530 9637 -18630
1531 9621 -18630
1532 9563 -18422
1533 9593 -18542
1534 9547 -18454
1535 9513 -18342
1536 9579 -18526
1537 9615 -18514
1538 9615 -18570
1539 9623 -18510
1540 9711 -18782
1541 9715 -18754
1542 9677 -18658
1543 9709 -18722
1544 9657 -18654
1545 9697 -18698
1546 9641 -18550
1547 9679 -18670
1548 9665 -18690
1549 9675 -18606
1550 9611 -18478
1551 9663 -18598
1552 9655 -18670
1553 9625 -18642
1554 9581 -18506
1555 9603 -18554
1556 9621 -18606
1557 9621 -18522
1558 9645 -18686
1559 9569 -18490
1560 9599 -18546
1561 9563 -18482
1562 9651 -18694
1563 9613 -18650
1564 9607 -18658
1565 9565 -18426
1566 9641 -18630
1567 9591 -18474
1568 9479 -18270
1569 9553 -18446
1570 9563 -18426
1571 9563 -18418
1572 9593 -18522
1573 9545 -18506
1574 9595 -18498
1575 9669 -18618
1576 9635 -18558
1577 9633 -18590
1578 9601 -18582
1579 9645 -18638
1580 9653 -18630
1581 9613 -18542
1582 9645 -18686
1583 9617 -18586
1584 9607 -18574
1585 9621 -18710
1586 9667 -18678
1587 9643 -18710
1588 9653 -18702
1589 9691 -18714
1590 9639 -18602
1591 9597 -18538
1592 9607 -18542
1593 9585 -18530
1594 9557 -18406
1595 9621 -18586
1596 9613 -18570
1597 9619 -18514
1598 9647 -18578
1599 9675 -18726
1600 9659 -18626
1601 9667 -18666
1602 9725 -18794
1603 9733 -18850
1604 9663 -18666
1605 9663 -18710
1606 9625 -18626
1607 9587 -18454
1608 9603 -18494
1609 9635 -18590
1610 9659 -18594
1611 9681 -18710
1612 9719 -18822
1613 9683 -18730
1614 9607 -18626
1615 9605 -18654
1616 9599 -18722
1617 9523 -18406
1618 9597 -18594
1619 9555 -18470
1620 9545 -18350
1621 9545 -18430
1622 9517 -18298
1623 9549 -18414
1624 9585 -18442
1625 9643 -18686
1626 9705 -18874
1627 9679 -18734
1628 9643 -18626
1629 9667 -18718
1630 9603 -18498
1631 9609 -18526
1632 9657 -18702
1633 9655 -18738
1634 9687 -18870
1635 9671 -18714
1636 9651 -18658
1637 9587 -18526
1638 9603 -18578
1639 9629 -18706
1640 9687 -18758
1641 9639 -18638
1642 9583 -18538
1643 9577 -18434
1644 9581 -18498
1645 9597 -18478
1646 9579 -18498
1647 9625 -18662
1648 9609 -18486
1649 9685 -18714
1650 9737 -18874
1651 9681 -18770
1652 9727 -18826
1653 9717 -18746
1654 9689 -18726
1655 9673 -18698
1656 9657 -18690
1657 9645 -18586
1658 9653 -18682
1659 9543 -18390
1660 9631 -18598
1661 9607 -18558
1662 9579 -18442
1663 9605 -18526
1664 9601 -18526
1665 9631 -18638
1666 9659 -18638
1667 9695 -18746
1668 9707 -18786
1669 9639 -18578
1670 9619 -18566
1671 9661 -18698
1672 9717 -18886
1673 9683 -18818
1674 9657 -18774
1675 9567 -18466
1676 9587 -18526
1677 9509 -18362
1678 9517 -18334
1679 9529 -18338
1680 9577 -18406
1681 9583 -18350
1682 9633 -18566
1683 9607 -18542
1684 9619 -18530
1685 9651 -18674
1686 9667 -18594
1687 9643 -18598
1688 9633 -18602
1689 9645 -18626
1690 9627 -18602
1691 9625 -18578
1692 9641 -18674
1693 9671 -18666
1694 9651 -18638
1695 9611 -18566
1696 9629 -18626
1697 9629 -18610
1698 9599 -18522
1699 9633 -18638
1700 9633 -18666
1701 9587 -18462
1702 9623 -18498
1703 9637 -18562
1704 9631 -18566
1705 9627 -18574
1706 9627 -18598
1707 9567 -18490
1708 9657 -18622
1709 9621 -18594
1710 9557 -18386
1711 9621 -18522
1712 9649 -18618
1713 9683 -18758
1714 9589 -18434
1715 9623 -18530
1716 9625 -18494
1717 9649 -18514
1718 9701 -18706
1719 9693 -18662
1720 9703 -18738
1721 9731 -18830
1722 9621 -18470
1723 9713 -18810
1724 9635 -18590
1725 9677 -18686
1726 9649 -18618
1727 9603 -18454
1728 9631 -18562
1729 9605 -18502
1730 9605 -18498
1731 9645 -18630
1732 9617 -18562
1733 9613 -18474
1734 9601 -18558
1735 9655 -18670
1736 9553 -18402
1737 9629 -18622
1738 9629 -18566
1739 9615 -18558
1740 9587 -18510
1741 9617 -18494
1742 9561 -18326
1743 9551 -18342
1744 9527 -18314
1745 9639 -18718
1746 9601 -18542
1747 9629 -18622
1748 9645 -18662
1749 9647 -18650
1750 9627 -18590
1751 9617 -18546
1752 9607 -18534
1753 9599 -18478
1754 9587 -18558
1755 9599 -18634
1756 9619 -18610
1757 9569 -18434
1758 9559 -18358
1759 9581 -18430
1760 9611 -18586
1761 9627 -18594
1762 9625 -18606
1763 9649 -18658
1764 9607 -18546
1765 9487 -18254
1766 9591 -18530
1767 9559 -18430
1768 9601 -18582
1769 9577 -18458
1770 9567 -18430
1771 9517 -18290
1772 9611 -18542
1773 9599 -18630
1774 9563 -18542
1775 9615 -18694
1776 9599 -18622
1777 9521 -18374
1778 9531 -18422
1779 9547 -18538
1780 9537 -18490
1781 9551 -18478
1782 9565 -18486
1783 9555 -18438
1784 9501 -18390
1785 9407 -18238
1786 9471 -18298
1787 9499 -18422
1788 9555 -18474
1789 9499 -18378
1790 9503 -18322
1791 9569 -18430
1792 9545 -18458
1793 9563 -18478
1794 9547 -18394
1795 9567 -18446
1796 9665 -18698
1797 9565 -18466
1798 9587 -18502
1799 9573 -18446
1800 9501 -18410
1801 9605 -18586
1802 9605 -18498
1803 9675 -18750
1804 9743 -18898
1805 9693 -18742
1806 9673 -18654
1807 9635 -18646
1808 9623 -18550
1809 9645 -18690
1810 9625 -18562
1811 9579 -18426
1812 9625 -18534
1813 9665 -18674
1814 9719 -18850
1815 9683 -18794
1816 9591 -18550
1817 9573 -18414
1818 9605 -18566
1819 9569 -18482
1820 9545 -18454
1821 9601 -18590
1822 9637 -18578
1823 9637 -18574
1824 9647 -18622
1825 9627 -18514
1826 9625 -18510
1827 9645 -18602
1828 9617 -18570
1829 9593 -18466
1830 9641 -18534
1831 9699 -18738
1832 9729 -18790
1833 9723 -18830
1834 9639 -18662
1835 9645 -18686
1836 9579 -18442
1837 9607 -18546
1838 9617 -18506
1839 9635 -18638
1840 9627 -18570
1841 9581 -18458
1842 9617 -18586
1843 9533 -18402
1844 9547 -18450
1845 9573 -18478
1846 9571 -18494
1847 9567 -18522
1848 9549 -18378
1849 9603 -18586
1850 9551 -18458
1851 9523 -18434
1852 9587 -18582
1853 9575 -18438
1854 9629 -18614
1855 9603 -18706
1856 9527 -18426
1857 9513 -18454
1858 9517 -18562
1859 9519 -18410
1860 9589 -18610
1861 9609 -18602
1862 9605 -18506
1863 9573 -18426
1864 9569 -18418
1865 9511 -18250
1866 9485 -18210
1867 9555 -18450
1868 9595 -18466
1869 9591 -18562
1870 9581 -18414
1871 9575 -18410
1872 9591 -18478
1873 9683 -18702
1874 9603 -18470
1875 9663 -18646
1876 9655 -18614
1877 9661 -18634
1878 9637 -18582
1879 9681 -18698
1880 9685 -18782
1881 9643 -18710
1882 9561 -18434
1883 9567 -18410
1884 9607 -18534
1885 9661 -18698
1886 9647 -18646
1887 9579 -18458
1888 9589 -18434
1889 9627 -18574
1890 9603 -18598
1891 9641 -18558
1892 9675 -18650
1893 9647 -18590
1894 9655 -18650
1895 9663 -18706
1896 9675 -18698
1897 9647 -18542
1898 9595 -18410
1899 9653 -18586
1900 9543 -18334
1901 9517 -18294
1902 9545 -18422
1903 9505 -18294
1904 9573 -18478
1905 9515 -18386
1906 9531 -18346
1907 9525 -18394
1908 9477 -18194
1909 9529 -18310
1910 9573 -18474
1911 9597 -18506
1912 9647 -18582
1913 9693 -18770
1914 9729 -18862
1915 9671 -18710
1916 9675 -18698
1917 9659 -18634
1918 9695 -18722
1919 9663 -18662
1920 9699 -18754
1921 9679 -18690
1922 9651 -18646
1923 9665 -18650
1924 9675 -18666
1925 9655 -18634
1926 9653 -18578
1927 9623 -18494
1928 9607 -18434
1929 9617 -18522
1930 9671 -18642
1931 9611 -18510
1932 9599 -18442
1933 9561 -18394
1934 9581 -18454
1935 9617 -18534
1936 9587 -18574
1937 9695 -18794
1938 9637 -18642
1939 9583 -18458
1940 9565 -18434
1941 9545 -18358
1942 9589 -18502
1943 9507 -18246
1944 9585 -18502
1945 9599 -18526
1946 9629 -18674
1947 9677 -18770
1948 9651 -18690
1949 9627 -18602
1950 9683 -18694
1951 9679 -18698
1952 9637 -18574
1953 9629 -18550
1954 9637 -18578
1955 9583 -18530
1956 9549 -18342
1957 9581 -18486
1958 9565 -18434
1959 9587 -18438
1960 9601 -18482
1961 9611 -18486
1962 9619 -18486
1963 9581 -18358
1964 9655 -18602
1965 9649 -18618
1966 9651 -18622
1967 9629 -18566
1968 9655 -18610
1969 9685 -18714
1970 9657 -18614
1971 9667 -18682
1972 9553 -18354
1973 9613 -18638
1974 9547 -18410
1975 9643 -18626
1976 9669 -18666
1977 9623 -18578
1978 9683 -18682
1979 9649 -18590
1980 9573 -18486
1981 9633 -18646
1982 9651 -18602
1983 9643 -18598
1984 9653 -18606
1985 9635 -18598
1986 9597 -18574
1987 9585 -18478
1988 9575 -18462
1989 9619 -18586
1990 9607 -18542
1991 9519 -18334
1992 9539 -18386
1993 9549 -18442
1994 9551 -18354
1995 9583 -18490
1996 9555 -18410
1997 9539 -18390
1998 9537 -18438
1999 9605 -18630
2000 9613 -18522
2001 9673 -18718
2002 9683 -18718
2003 9637 -18630
2004 9679 -18686
2005 9647 -18614
2006 9665 -18682
2007 9695 -18694
2008 9725 -18822
2009 9659 -18650
2010 9699 -18670
2011 9657 -18642
2012 9647 -18642
2013 9727 -18866
2014 9695 -18822
2015 9679 -18694
2016 9659 -18674
2017 9669 -18726
2018 9623 -18586
2019 9661 -18630
2020 9615 -18590
2021 9625 -18610
2022 9637 -18606
2023 9655 -18614
2024 9629 -18566
2025 9571 -18458
2026 9595 -18518
2027 9579 -18546
2028 9547 -18410
2029 9513 -18358
2030 9539 -18362
2031 9525 -18314
2032 9553 -18394
2033 9583 -18466
2034 9589 -18486
2035 9549 -18438
2036 9565 -18522
2037 9621 -18602
2038 9641 -18662
2039 9681 -18738
2040 9603 -18474
2041 9595 -18430
2042 9561 -18318
2043 9591 -18470
2044 9541 -18410
2045 9501 -18206
2046 9553 -18358
2047 9549 -18386
2048 9519 -18254
2049 9575 -18406
2050 9567 -18462
2051 9615 -18518
2052 9553 -18502
2053 9571 -18530
2054 9533 -18338
2055 9627 -18602
2056 9629 -18662
2057 9591 -18450
2058 9567 -18398
2059 9601 -18550
2060 9571 -18506
2061 9625 -18642
2062 9601 -18534
2063 9555 -18434
2064 9519 -18270
2065 9527 -18330
2066 9513 -18342
2067 9551 -18386
2068 9549 -18402
2069 9561 -18390
2070 9615 -18614
2071 9613 -18566
2072 9645 -18710
2073 9591 -18586
2074 9575 -18562
2075 9553 -18478
2076 9539 -18390
2077 9561 -18394
2078 9623 -18582
2079 9601 -18558
2080 9651 -18690
2081 9685 -18730
2082 9677 -18662
2083 9661 -18630
2084 9609 -18422
2085 9659 -18650
2086 9649 -18658
2087 9679 -18706
2088 9593 -18550
2089 9609 -18574
2090 9631 -18574
2091 9599 -18466
2092 9615 -18570
2093 9693 -18746
2094 9707 -18830
2095 9749 -18938
2096 9727 -18802
2097 9669 -18702
2098 9627 -18586
2099 9587 -18482
2100 9641 -18674
2101 9619 -18662
2102 9587 -18522
2103 9589 -18534
2104 9579 -18614
2105 9575 -18598
2106 9597 -18578
2107 9631 -18610
2108 9591 -18602
2109 9645 -18722
2110 9637 -18634
2111 9613 -18570
2112 9609 -18554
2113 9581 -18554
2114 9543 -18438
2115 9537 -18426
2116 9569 -18430
2117 9671 -18742
2118 9673 -18722
2119 9593 -18538
2120 9551 -18430
2121 9571 -18438
2122 9523 -18306
2123 9491 -18270
2124 9577 -18562
2125 9501 -18322
2126 9529 -18490
2127 9571 -18438
2128 9655 -18626
2129 9633 -18566
2130 9619 -18582
2131 9527 -18406
2132 9507 -18334
2133 9541 -18406
2134 9531 -18406
2135 9559 -18426
2136 9553 -18318
2137 9539 -18322
2138 9597 -18474
2139 9637 -18590
2140 9651 -18606
2141 9689 -18746
2142 9677 -18774
2143 9649 -18690
2144 9659 -18742
2145 9595 -18542
2146 9659 -18726
2147 9667 -18758
2148 9621 -18674
2149 9567 -18518
2150 9543 -18486
2151 9527 -18450
2152 9557 -18562
2153 9595 -18654
2154 9641 -18714
2155 9583 -18538
2156 9577 -18454
2157 9577 -18486
2158 9527 -18318
2159 9539 -18398
2160 9531 -18350
2161 9601 -18526
2162 9581 -18466
2163 9611 -18522
2164 9623 -18542
2165 9697 -18818
2166 9625 -18598
2167 9671 -18802
2168 9639 -18598
2169 9607 -18578
2170 9577 -18426
2171 9665 -18654
2172 9647 -18606
2173 9687 -18734
2174 9599 -18426
2175 9577 -18470
2176 9563 -18410
2177 9619 -18522
2178 9617 -18538
2179 9663 -18614
2180 9603 -18542
2181 9569 -18422
2182 9611 -18570
2183 9589 -18518
2184 9505 -18334
2185 9543 -18434
2186 9617 -18602
2187 9619 -18614
2188 9617 -18646
2189 9601 -18546
2190 9603 -18606
2191 9585 -18546
2192 9627 -18694
2193 9579 -18510
2194 9581 -18534
2195 9471 -18294
2196 9531 -18402
2197 9555 -18510
2198 9563 -18438
2199 9557 -18362
2200 9525 -18302
2201 9553 -18362
2202 9595 -18466
2203 9625 -18486
2204 9645 -18526
2205 9631 -18530
2206 9657 -18606
2207 9657 -18594
2208 9731 -18854
2209 9695 -18762
2210 9637 -18538
2211 9667 -18702
2212 9635 -18586
2213 9619 -18590
2214 9523 -18350
2215 9591 -18594
2216 9615 -18606
2217 9653 -18738
2218 9689 -18706
2219 9719 -18758
2220 9593 -18582
2221 9563 -18502
2222 9603 -18502
2223 9671 -18698
2224 9589 -18490
2225 9683 -18750
2226 9627 -18586
2227 9621 -18574
2228 9691 -18674
2229 9729 -18834
2230 9711 -18834
2231 9635 -18610
2232 9633 -18606
2233 9641 -18626
2234 9629 -18546
2235 9605 -18522
2236 9597 -18510
2237 9549 -18374
2238 9563 -18394
2239 9515 -18274
2240 9621 -18510
2241 9641 -18630
2242 9679 -18690
2243 9625 -18558
2244 9631 -18586
2245 9649 -18618
2246 9665 -18686
2247 9699 -18810
2248 9667 -18682
2249 9587 -18370
2250 9579 -18406
2251 9673 -18734
2252 9705 -18790
2253 9685 -18742
2254 9701 -18818
2255 9613 -18558
2256 9629 -18590
2257 9631 -18634
2258 9611 -18578
2259 9501 -18346
2260 9551 -18354
2261 9589 -18542
2262 9677 -18742
2263 9677 -18766
2264 9645 -18650
2265 9615 -18534
2266 9623 -18538
2267 9617 -18550
2268 9651 -18642
2269 9603 -18594
2270 9545 -18394
2271 9459 -18202
2272 9439 -18114
2273 9525 -18326
2274 9609 -18538
2275 9685 -18694
2276 9639 -18650
2277 9625 -18590
2278 9627 -18610
2279 9595 -18506
2280 9595 -18462
2281 9567 -18442
2282 9569 -18458
2283 9605 -18474
2284 9621 -18474
2285 9639 -18574
2286 9627 -18574
2287 9659 -18658
2288 9695 -18698
2289 9671 -18650
2290 9565 -18366
2291 9607 -18486
2292 9653 -18630
2293 9583 -18414
2294 9619 -18514
2295 9607 -18530
2296 9625 -18522
2297 9651 -18626
2298 9559 -18482
2299 9631 -18638
2300 9715 -18858
2301 9717 -18822
2302 9783 -18998
2303 9703 -18734
2304 9637 -18586
2305 9625 -18546
2306 9613 -18606
2307 9587 -18446
2308 9631 -18546
2309 9687 -18686
2310 9677 -18610
2311 9623 -18558
2312 9577 -18418
2313 9567 -18430
2314 9571 -18494
2315 9595 -18514
2316 9567 -18402
2317 9583 -18494
2318 9517 -18342
2319 9529 -18346
2320 9587 -18514
2321 9579 -18446
2322 9601 -18566
2323 9575 -18530
2324 9543 -18442
2325 9563 -18494
2326 9563 -18438
2327 9511 -18306
2328 9611 -18582
2329 9561 -18506
2330 9577 -18446
2331 9579 -18542
2332 9611 -18586
2333 9591 -18486
2334 9685 -18802
2335 9669 -18662
2336 9667 -18666
2337 9645 -18626
2338 9693 -18710
2339 9673 -18630
2340 9707 -18758
2341 9715 -18786
2342 9709 -18818
2343 9691 -18762
2344 9631 -18566
2345 9583 -18462
2346 9617 -18474
2347 9659 -18618
2348 9653 -18566
2349 9701 -18726
2350 9659 -18678
2351 9607 -18570
2352 9617 -18574
2353 9611 -18574
2354 9645 -18666
2355 9637 -18638
2356 9701 -18858
2357 9623 -18574
2358 9543 -18358
2359 9571 -18446
2360 9527 -18370
2361 9531 -18350
2362 9595 -18506
2363 9647 -18666
2364 9647 -18590
2365 9625 -18554
2366 9647 -18610
2367 9597 -18522
2368 9557 -18482
2369 9597 -18482
2370 9635 -18634
2371 9611 -18510
2372 9629 -18538
2373 9571 -18434
2374 9547 -18430
2375 9659 -18766
2376 9575 -18554
2377 9693 -18818
2378 9631 -18598
2379 9641 -18662
2380 9735 -18870
2381 9693 -18778
2382 9655 -18602
2383 9647 -18694
2384 9633 -18654
2385 9651 -18662
2386 9685 -18794
2387 9611 -18554
2388 9635 -18662
2389 9591 -18490
2390 9697 -18754
2391 9659 -18694
2392 9695 -18718
2393 9667 -18694
2394 9651 -18658
2395 9641 -18554
2396 9657 -18662
2397 9717 -18834
2398 9641 -18618
2399 9649 -18642
2400 9651 -18722
2401 9661 -18782
2402 9613 -18650
2403 9601 -18478
2404 9569 -18490
2405 9605 -18506
2406 9579 -18502
2407 9565 -18458
2408 9637 -18726
2409 9559 -18526
2410 9553 -18466
2411 9617 -18530
2412 9591 -18438
2413 9701 -18818
2414 9669 -18742
2415 9585 -18486
2416 9587 -18466
2417 9565 -18466
2418 9563 -18418
2419 9527 -18350
2420 9579 -18482
2421 9587 -18454
2422 9647 -18638
2423 9673 -18722
2424 9595 -18562
2425 9717 -18826
2426 9669 -18742
2427 9605 -18602
2428 9615 -18610
2429 9629 -18606
2430 9717 -18838
2431 9723 -18870
2432 9633 -18598
2433 9649 -18666
2434 9607 -18538
2435 9623 -18570
2436 9663 -18706
2437 9597 -18510
2438 9535 -18338
2439 9617 -18490
2440 9599 -18482
2441 9581 -18474
2442 9631 -18666
2443 9545 -18378
2444 9599 -18562
2445 9617 -18590
2446 9641 -18654
2447 9637 -18694
2448 9593 -18502
2449 9627 -18634
2450 9643 -18642
2451 9743 -18890
2452 9713 -18770
2453 9607 -18486
2454 9667 -18658
2455 9683 -18738
2456 9659 -18690
2457 9611 -18538
2458 9557 -18386
2459 9525 -18358
2460 9583 -18418
2461 9593 -18454
2462 9569 -18322
2463 9561 -18366
2464 9581 -18462
2465 9525 -18374
2466 9599 -18538
2467 9665 -18726
2468 9631 -18614
2469 9711 -18758
2470 9655 -18670
2471 9741 -18914
2472 9737 -18882
2473 9731 -18854
2474 9737 -18958
2475 9749 -18914
2476 9719 -18810
2477 9675 -18698
2478 9631 -18642
2479 9537 -18438
2480 9537 -18370
2481 9455 -18262
2482 9455 -18246
2483 9493 -18286
2484 9529 -18450
2485 9491 -18266
2486 9523 -18362
2487 9471 -18198
2488 9499 -18290
2489 9581 -18466
2490 9571 -18490
2491 9597 -18594
2492 9577 -18546
2493 9587 -18510
2494 9609 -18594
2495 9653 -18730
2496 9611 -18586
2497 9561 -18450
2498 9477 -18330
2499 9477 -18294
2500 9499 -18242
2501 9461 -18146
2502 9507 -18294
2503 9439 -18198
2504 9529 -18482
2505 9493 -18354
2506 9529 -18382
2507 9523 -18418
2508 9499 -18398
2509 9483 -18386
2510 9563 -18510
2511 9567 -18658
2512 9545 -18558
2513 9475 -18306
2514 9403 -18238
2515 9313 -18050
2516 9373 -18206
2517 9433 -18366
2518 9383 -18218
2519 9381 -18102
2520 9449 -18298
2521 9529 -18350
2522 9579 -18478
2523 9579 -18510
2524 9651 -18662
2525 9645 -18634
2526 9647 -18766
2527 9617 -18622
2528 9557 -18450
2529 9503 -18386
2530 9449 -18222
2531 9499 -18350
2532 9485 -18390
2533 9481 -18466
2534 9503 -18446
2535 9515 -18502
2536 9545 -18606
2537 9501 -18462
2538 9513 -18314
2539 9497 -18314
2540 9599 -18510
2541 9527 -18406
2542 9589 -18590
2543 9539 -18358
2544 9549 -18298
2545 9599 -18454
2546 9579 -18526
2547 9551 -18498
2548 9563 -18434
2549 9571 -18494
2550 9577 -18518
2551 9565 -18394
2552 9537 -18258
2553 9587 -18522
2554 9587 -18546
2555 9547 -18394
2556 9617 -18534
2557 9607 -18610
2558 9579 -18510
2559 9589 -18474
2560 9593 -18462
2561 9651 -18594
2562 9625 -18494
2563 9647 -18610
2564 9655 -18586
2565 9661 -18710
2566 9651 -18626
2567 9581 -18478
2568 9579 -18470
2569 9603 -18534
2570 9583 -18462
2571 9537 -18410
2572 9517 -18394
2573 9539 -18346
2574 9545 -18346
2575 9601 -18474
2576 9625 -18650
2577 9625 -18610
2578 9615 -18594
2579 9605 -18542
2580 9655 -18602
2581 9651 -18590
2582 9639 -18590
2583 9681 -18698
2584 9685 -18730
2585 9641 -18570
2586 9589 -18522
2587 9613 -18594
2588 9589 -18458
2589 9481 -18298
2590 9447 -18242
2591 9375 -18078
2592 9355 -18050
2593 9353 -17982
2594 9375 -18082
2595 9443 -18166
2596 9471 -18238
2597 9469 -18274
2598 9497 -18262
2599 9509 -18418
2600 9545 -18446
2601 9591 -18582
2602 9567 -18522
2603 9557 -18446
2604 9571 -18482
2605 9575 -18506
2606 9633 -18594
2607 9657 -18674
2608 9621 -18598
2609 9599 -18450
2610 9595 -18458
2611 9653 -18646
2612 9651 -18618
2613 9603 -18510
2614 9559 -18386
2615 9577 -18482
2616 9611 -18590
2617 9645 -18698
2618 9593 -18502
2619 9585 -18570
2620 9595 -18506
2621 9557 -18402
2622 9563 -18478
2623 9569 -18474
2624 9567 -18506
2625 9577 -18498
2626 9621 -18614
2627 9571 -18454
2628 9623 -18578
2629 9635 -18602
2630 9637 -18662
2631 9569 -18458
2632 9603 -18510
2633 9633 -18606
2634 9619 -18514
2635 9605 -18422
2636 9597 -18526
2637 9581 -18554
2638 9595 -18586
2639 9535 -18446
2640 9539 -18330
2641 9625 -18634
2642 9605 -18538
2643 9585 -18534
2644 9621 -18578
2645 9581 -18498
2646 9557 -18414
2647 9589 -18554
2648 9559 -18458
2649 9525 -18414
2650 9563 -18490
2651 9539 -18558
2652 9581 -18510
2653 9575 -18578
2654 9577 -18614
2655 9519 -18478
2656 9567 -18594
2657 9529 -18430
2658 9503 -18414
2659 9441 -18230
2660 9455 -18314
2661 9511 -18446
2662 9461 -18366
2663 9455 -18338
2664 9523 -18410
2665 9501 -18398
2666 9489 -18338
2667 9523 -18442
2668 9567 -18486
2669 9607 -18590
2670 9641 -18618
2671 9609 -18522
2672 9577 -18490
2673 9573 -18482
2674 9605 -18466
2675 9661 -18594
2676 9619 -18562
2677 9627 -18590
2678 9565 -18486
2679 9533 -18366
2680 9567 -18534
2681 9531 -18370
2682 9491 -18310
2683 9477 -18270
2684 9481 -18226
2685 9521 -18314
2686 9571 -18446
2687 9631 -18478
2688 9647 -18610
2689 9673 -18706
2690 9697 -18782
2691 9691 -18774
2692 9651 -18582
2693 9637 -18598
2694 9621 -18594
2695 9597 -18434
2696 9627 -18506
2697 9591 -18470
2698 9583 -18474
2699 9555 -18354
2700 9601 -18538
2701 9553 -18462
2702 9579 -18478
2703 9593 -18486
2704 9567 -18514
2705 9623 -18682
2706 9517 -18282
2707 9557 -18454
2708 9533 -18330
2709 9547 -18406
2710 9509 -18286
2711 9533 -18318
2712 9509 -18266
2713 9503 -18290
2714 9537 -18478
2715 9539 -18462
2716 9473 -18290
2717 9463 -18270
2718 9531 -18498
2719 9581 -18658
2720 9541 -18414
2721 9497 -18270
2722 9545 -18362
2723 9639 -18578
2724 9653 -18570
2725 9619 -18550
2726 9651 -18626
2727 9601 -18490
2728 9561 -18342
2729 9605 -18362
2730 9591 -18418
2731 9643 -18602
2732 9625 -18570
2733 9675 -18614
2734 9681 -18746
2735 9635 -18638
2736 9609 -18538
2737 9587 -18406
2738 9623 -18602
2739 9661 -18562
2740 9663 -18646
2741 9649 -18638
2742 9683 -18734
2743 9679 -18794
2744 9609 -18606
2745 9617 -18562
2746 9645 -18650
2747 9653 -18610
2748 9603 -18518
2749 9617 -18502
2750 9603 -18462
2751 9605 -18542
2752 9555 -18450
2753 9545 -18338
2754 9587 -18502
2755 9579 -18450
2756 9583 -18438
2757 9555 -18438
2758 9597 -18514
2759 9573 -18538
2760 9573 -18442
2761 9567 -18470
2762 9615 -18658
2763 9643 -18730
2764 9657 -18726
2765 9595 -18550
2766 9549 -18326
2767 9591 -18454
2768 9707 -18794
2769 9695 -18722
2770 9677 -18634
2771 9617 -18518
2772 9559 -18458
2773 9587 -18482
2774 9609 -18534
2775 9667 -18702
2776 9649 -18618
2777 9677 -18690
2778 9685 -18774
2779 9683 -18770
2780 9629 -18570
2781 9593 -18402
2782 9583 -18422
2783 9599 -18394
2784 9565 -18366
2785 9539 -18374
2786 9607 -18534
2787 9607 -18602
2788 9633 -18702
2789 9645 -18630
2790 9575 -18522
2791 9577 -18494
2792 9535 -18426
2793 9533 -18454
2794 9577 -18454
2795 9601 -18522
2796 9605 -18510
2797 9589 -18550
2798 9521 -18386
2799 9553 -18422
2800 9567 -18442
2801 9547 -18362
2802 9557 -18454
2803 9525 -18362
2804 9599 -18542
2805 9611 -18618
2806 9561 -18406
2807 9569 -18410
2808 9585 -18482
2809 9595 -18498
2810 9607 -18490
2811 9635 -18586
2812 9649 -18662
2813 9653 -18710
2814 9569 -18430
2815 9511 -18210
2816 9621 -18582
2817 9635 -18534
2818 9659 -18638
2819 9637 -18622
2820 9607 -18570
2821 9553 -18522
2822 9519 -18450
2823 9541 -18546
2824 9529 -18450
2825 9539 -18378
2826 9493 -18446
2827 9535 -18450
2828 9551 -18478
2829 9625 -18610
2830 9633 -18590
2831 9639 -18598
2832 9627 -18598
2833 9607 -18538
2834 9599 -18574
2835 9615 -18602
2836 9615 -18618
2837 9571 -18502
2838 9579 -18490
2839 9595 -18618
2840 9591 -18590
2841 9665 -18774
2842 9605 -18582
2843 9603 -18530
2844 9577 -18466
2845 9577 -18562
2846 9577 -18526
2847 9623 -18618
2848 9557 -18538
2849 9543 -18522
2850 9547 -18410
2851 9547 -18390
2852 9585 -18478
2853 9627 -18674
2854 9659 -18702
2855 9639 -18674
2856 9605 -18618
2857 9559 -18402
2858 9603 -18542
2859 9671 -18766
2860 9623 -18610
2861 9549 -18378
2862 9647 -18670
2863 9685 -18742
2864 9685 -18702
2865 9687 -18710
2866 9687 -18714
2867 9669 -18658
2868 9665 -18638
2869 9673 -18702
2870 9667 -18690
2871 9645 -18566
2872 9677 -18682
2873 9643 -18614
2874 9711 -18838
2875 9631 -18574
2876 9669 -18698
2877 9707 -18822
2878 9733 -18822
2879 9645 -18622
2880 9663 -18646
2881 9639 -18658
2882 9635 -18566
2883 9609 -18550
2884 9613 -18570
2885 9631 -18554
2886 9655 -18630
2887 9653 -18674
2888 9577 -18482
2889 9571 -18518
2890 9549 -18426
2891 9603 -18530
2892 9557 -18442
2893 9621 -18574
2894 9661 -18610
2895 9593 -18394
2896 9625 -18570
2897 9603 -18594
2898 9511 -18374
2899 9505 -18258
2900 9549 -18402
2901 9569 -18502
2902 9559 -18534
2903 9613 -18598
2904 9611 -18542
2905 9657 -18710
2906 9621 -18642
2907 9613 -18626
2908 9551 -18378
2909 9519 -18430
2910 9569 -18578
2911 9553 -18446
2912 9563 -18462
2913 9545 -18434
2914 9545 -18558
2915 9611 -18626
2916 9601 -18498
2917 9673 -18642
2918 9663 -18562
2919 9649 -18570
2920 9613 -18518
2921 9669 -18702
2922 9627 -18642
2923 9643 -18634
2924 9641 -18606
2925 9615 -18562
2926 9537 -18366
2927 9531 -18358
2928 9609 -18578
2929 9665 -18690
2930 9665 -18686
2931 9595 -18410
2932 9601 -18482
2933 9677 -18754
2934 9639 -18618
2935 9657 -18678
2936 9683 -18762
2937 9629 -18610
2938 9629 -18606
2939 9689 -18766
2940 9629 -18606
2941 9635 -18562
2942 9611 -18566
2943 9631 -18542
2944 9615 -18530
2945 9655 -18610
2946 9657 -18646
2947 9667 -18770
2948 9649 -18622
2949 9651 -18634
2950 9595 -18598
2951 9607 -18554
2952 9637 -18558
2953 9625 -18570
2954 9549 -18366
2955 9517 -18330
2956 9535 -18358
2957 9569 -18518
2958 9623 -18570
2959 9655 -18746
2960 9605 -18538
2961 9613 -18530
2962 9647 -18658
2963 9643 -18662
2964 9651 -18670
2965 9611 -18586
2966 9629 -18642
2967 9629 -18562
2968 9591 -18446
2969 9591 -18406
2970 9609 -18494
2971 9645 -18610
2972 9661 -18726
2973 9665 -18722
2974 9685 -18694
2975 9691 -18698
2976 9631 -18558
2977 9629 -18526
2978 9671 -18722
2979 9643 -18666
2980 9665 -18746
2981 9647 -18730
2982 9627 -18638
2983 9683 -18758
2984 9629 -18518
2985 9615 -18514
2986 9575 -18426
2987 9525 -18250
2988 9517 -18382
2989 9549 -18350
2990 9531 -18386
2991 9561 -18458
2992 9563 -18478
2993 9517 -18334
2994 9571 -18430
2995 9539 -18402
2996 9559 -18426
2997 9529 -18366
2998 9575 -18498
2999 9537 -18402
3000 9533 -18434
3001 9589 -18526
3002 9569 -18446
3003 9595 -18542
3004 9587 -18418
3005 9583 -18450
3006 9557 -18374
3007 9641 -18630
3008 9661 -18618
3009 9659 -18650
3010 9647 -18566
3011 9597 -18502
3012 9637 -18622
3013 9569 -18370
3014 9651 -18618
3015 9661 -18694
3016 9649 -18610
3017 9583 -18398
3018 9609 -18402
3019 9557 -18306
3020 9563 -18366
3021 9621 -18558
3022 9627 -18558
3023 9589 -18482
3024 9561 -18490
3025 9553 -18546
3026 9553 -18382
3027 9585 -18458
3028 9629 -18570
3029 9639 -18642
3030 9601 -18606
3031 9611 -18618
3032 9587 -18498
3033 9593 -18554
3034 9561 -18426
3035 9601 -18514
3036 9585 -18486
3037 9607 -18566
3038 9695 -18734
3039 9703 -18782
3040 9729 -18834
3041 9651 -18674
3042 9665 -18674
3043 9661 -18698
3044 9623 -18642
3045 9675 -18814
3046 9627 -18562
3047 9659 -18654
3048 9623 -18610
3049 9625 -18606
3050 9667 -18722
3051 9675 -18686
3052 9627 -18602
3053 9589 -18546
3054 9565 -18446
3055 9577 -18514
3056 9553 -18394
3057 9515 -18322
3058 9549 -18446
3059 9509 -18290
3060 9523 -18414
3061 9575 -18550
3062 9581 -18574
3063 9683 -18778
3064 9617 -18510
3065 9553 -18366
3066 9491 -18226
3067 9595 -18538
3068 9597 -18482
3069 9581 -18470
3070 9553 -18398
3071 9579 -18398
3072 9605 -18446
3073 9651 -18594
3074 9695 -18742
3075 9737 -18814
3076 9727 -18838
3077 9715 -18722
3078 9647 -18574
3079 9643 -18606
3080 9659 -18622
3081 9671 -18714
3082 9709 -18842
3083 9683 -18758
3084 9701 -18794
3085 9663 -18650
3086 9717 -18782
3087 9729 -18850
3088 9669 -18614
3089 9627 -18622
3090 9581 -18382
3091 9621 -18594
3092 9621 -18518
3093 9581 -18434
3094 9587 -18386
3095 9643 -18550
3096 9653 -18590
3097 9635 -18538
3098 9643 -18626
3099 9629 -18606
3100 9651 -18610
3101 9505 -18358
3102 9533 -18426
3103 9491 -18318
3104 9513 -18362
3105 9529 -18438
3106 9567 -18542
3107 9433 -18174
3108 9455 -18178
3109 9463 -18214
3110 9479 -18254
3111 9519 -18350
3112 9623 -18662
3113 9617 -18602
3114 9623 -18562
3115 9673 -18670
3116 9653 -18654
3117 9621 -18550
3118 9571 -18434
3119 9593 -18530
3120 9619 -18610
3121 9623 -18574
3122 9557 -18438
3123 9645 -18646
3124 9625 -18562
3125 9685 -18730
3126 9669 -18666
3127 9685 -18666
3128 9651 -18622
3129 9629 -18622
3130 9621 -18618
3131 9587 -18534
3132 9555 -18414
3133 9571 -18394
3134 9601 -18498
3135 9623 -18518
3136 9669 -18650
3137 9699 -18738
3138 9715 -18798
3139 9661 -18662
3140 9657 -18682
3141 9649 -18702
3142 9691 -18786
3143 9675 -18762
3144 9577 -18406
3145 9525 -18238
3146 9535 -18298
3147 9529 -18358
3148 9643 -18714
3149 9645 -18658
3150 9667 -18754
3151 9669 -18698
3152 9739 -18878
3153 9717 -18806
3154 9681 -18742
3155 9703 -18786
3156 9709 -18854
3157 9685 -18778
3158 9647 -18690
3159 9611 -18594
3160 9623 -18550
3161 9633 -18622
3162 9651 -18634
3163 9659 -18658
3164 9639 -18650
3165 9633 -18646
3166 9669 -18650
3167 9659 -18622
3168 9647 -18626
3169 9675 -18674
3170 9637 -18622
3171 9607 -18550
3172 9597 -18562
3173 9639 -18598
3174 9687 -18738
3175 9605 -18522
3176 9633 -18598
3177 9591 -18526
3178 9561 -18506
3179 9625 -18558
3180 9631 -18634
3181 9669 -18746
3182 9649 -18690
3183 9627 -18558
3184 9597 -18410
3185 9637 -18662
3186 9633 -18626
3187 9659 -18754
3188 9635 -18682
3189 9527 -18498
3190 9521 -18390
3191 9519 -18406
3192 9571 -18586
3193 9557 -18534
3194 9555 -18546
3195 9545 -18498
3196 9581 -18534
3197 9597 -18598
3198 9585 -18466
3199 9709 -18746
3200 9679 -18734
3201 9643 -18610
3202 9647 -18598
3203 9667 -18646
3204 9647 -18538
3205 9671 -18686
3206 9675 -18650
3207 9677 -18730
3208 9593 -18502
3209 9609 -18610
3210 9631 -18638
3211 9605 -18582
3212 9597 -18514
3213 9605 -18574
3214 9575 -18542
3215 9615 -18630
3216 9551 -18426
3217 9589 -18514
3218 9653 -18678
3219 9673 -18590
3220 9649 -18610
3221 9603 -18514
3222 9609 -18466
3223 9609 -18518
3224 9545 -18366
3225 9597 -18526
3226 9647 -18654
3227 9599 -18538
3228 9599 -18506
3229 9585 -18594
3230 9525 -18402
3231 9553 -18422
3232 9601 -18538
3233 9551 -18438
3234 9551 -18414
3235 9511 -18350
3236 9475 -18190
3237 9487 -18270
3238 9515 -18418
3239 9565 -18530
3240 9531 -18430
3241 9495 -18446
3242 9539 -18434
3243 9577 -18502
3244 9571 -18426
3245 9601 -18690
3246 9615 -18690
3247 9555 -18570
3248 9581 -18650
3249 9545 -18446
3250 9453 -18226
3251 9591 -18618
3252 9573 -18494
3253 9507 -18390
3254 9471 -18222
3255 9471 -18318
3256 9485 -18286
3257 9537 -18422
3258 9429 -18166
3259 9493 -18346
3260 9637 -18610
3261 9647 -18674
3262 9633 -18550
3263 9733 -18750
3264 9677 -18638
3265 9687 -18726
3266 9667 -18654
3267 9647 -18634
3268 9587 -18426
3269 9595 -18514
3270 9607 -18530
3271 9683 -18694
3272 9685 -18674
3273 9585 -18442
3274 9637 -18650
3275 9641 -18594
3276 9667 -18706
3277 9635 -18634
3278 9671 -18654
3279 9721 -18782
3280 9663 -18630
3281 9589 -18474
3282 9629 -18582
3283 9631 -18602
3284 9613 -18586
3285 9673 -18678
3286 9665 -18590
3287 9645 -18658
3288 9615 -18606
3289 9599 -18538
3290 9619 -18542
3291 9641 -18578
3292 9557 -18382
3293 9597 -18478
3294 9653 -18666
3295 9727 -18822
3296 9755 -18938
3297 9687 -18754
3298 9649 -18626
3299 9629 -18522
3300 9675 -18666
3301 9583 -18498
3302 9639 -18642
3303 9591 -18474
3304 9559 -18338
3305 9555 -18374
3306 9573 -18442
3307 9629 -18638
3308 9595 -18510
3309 9631 -18578
3310 9635 -18610
3311 9647 -18646
3312 9647 -18682
3313 9697 -18806
3314 9631 -18626
3315 9643 -18586
3316 9603 -18562
3317 9635 -18622
3318 9675 -18718
3319 9705 -18762
3320 9665 -18618
3321 9725 -18846
3322 9687 -18794
3323 9669 -18706
3324 9627 -18586
3325 9623 -18646
3326 9605 -18554
3327 9639 -18566
3328 9575 -18426
3329 9615 -18630
3330 9615 -18574
3331 9619 -18598
3332 9555 -18478
3333 9549 -18422
3334 9551 -18402
3335 9631 -18630
3336 9671 -18702
3337 9689 -18758
3338 9693 -18762
3339 9629 -18594
3340 9585 -18518
3341 9533 -18398
3342 9495 -18410
3343 9471 -18166
3344 9507 -18394
3345 9503 -18330
3346 9459 -18134
3347 9577 -18426
3348 9677 -18638
3349 9657 -18634
3350 9659 -18562
3351 9621 -18498
3352 9603 -18446
3353 9611 -18470
3354 9643 -18554
3355 9655 -18586
3356 9641 -18642
3357 9617 -18550
3358 9633 -18654
3359 9635 -18614
3360 9665 -18674
3361 9683 -18730
3362 9681 -18742
3363 9701 -18750
3364 9707 -18770
3365 9625 -18510
3366 9629 -18474
3367 9719 -18798
3368 9679 -18678
3369 9691 -18698
3370 9623 -18506
3371 9627 -18550
3372 9605 -18446
3373 9637 -18526
3374 9579 -18402
3375 9659 -18586
3376 9653 -18678
3377 9585 -18474
3378 9617 -18538
3379 9535 -18350
3380 9535 -18398
3381 9573 -18466
3382 9529 -18422
3383 9567 -18474
3384 9575 -18534
3385 9635 -18634
3386 9639 -18610
3387 9603 -18554
3388 9603 -18606
3389 9665 -18702
3390 9681 -18682
3391 9629 -18646
3392 9615 -18546
3393 9563 -18434
3394 9467 -18226
3395 9571 -18518
3396 9563 -18490
3397 9513 -18246
3398 9569 -18382
3399 9591 -18514
3400 9591 -18430
3401 9661 -18626
3402 9653 -18638
3403 9629 -18554
3404 9557 -18378
3405 9599 -18482
3406 9579 -18506
3407 9537 -18290
3408 9681 -18686
3409 9631 -18454
3410 9643 -18550
3411 9521 -18182
3412 9581 -18394
3413 9647 -18666
3414 9625 -18622
3415 9609 -18526
3416 9659 -18726
3417 9653 -18746
3418 9623 -18674
3419 9617 -18610
3420 9603 -18558
3421 9557 -18462
3422 9555 -18458
3423 9627 -18650
3424 9575 -18510
3425 9523 -18378
3426 9551 -18426
3427 9505 -18310
3428 9503 -18366
3429 9487 -18310
3430 9557 -18482
3431 9565 -18550
3432 9541 -18458
3433 9573 -18434
3434 9565 -18374
3435 9547 -18310
3436 9505 -18206
3437 9545 -18434
3438 9529 -18354
3439 9523 -18322
3440 9585 -18510
3441 9541 -18462
3442 9561 -18522
3443 9591 -18550
3444 9623 -18646
3445 9619 -18654
3446 9577 -18462
3447 9565 -18474
3448 9573 -18562
3449 9603 -18610
3450 9577 -18582
3451 9603 -18654
3452 9661 -18782
3453 9541 -18498
3454 9535 -18426
3455 9521 -18442
3456 9577 -18622
3457 9527 -18502
3458 9493 -18506
3459 9513 -18478
3460 9513 -18378
3461 9571 -18586
3462 9569 -18578
3463 9519 -18370
3464 9541 -18530
3465 9539 -18514
3466 9471 -18414
3467 9409 -18218
3468 9409 -18266
3469 9411 -18322
3470 9443 -18378
3471 9505 -18574
3472 9411 -18310
3473 9419 -18350
3474 9439 -18382
3475 9419 -18354
3476 9371 -18370
3477 9343 -18234
3478 9457 -18498
3479 9407 -18318
3480 9483 -18370
3481 9509 -18478
3482 9517 -18498
3483 9499 -18350
3484 9549 -18486
3485 9607 -18594
3486 9573 -18510
3487 9489 -18250
3488 9539 -18370
3489 9623 -18642
3490 9535 -18402
3491 9583 -18490
3492 9577 -18490
3493 9643 -18642
3494 9683 -18722
3495 9665 -18670
3496 9665 -18630
3497 9625 -18542
3498 9629 -18574
3499 9653 -18594
3500 9585 -18378
3501 9647 -18590
3502 9681 -18726
3503 9607 -18510
3504 9623 -18502
3505 9645 -18574
3506 9575 -18390
3507 9503 -18210
3508 9597 -18474
3509 9603 -18466
3510 9653 -18618
3511 9665 -18678
3512 9679 -18710
3513 9593 -18438
3514 9585 -18526
3515 9529 -18414
3516 9635 -18602
3517 9647 -18622
3518 9601 -18518
3519 9583 -18582
3520 9571 -18546
3521 9587 -18554
3522 9677 -18754
3523 9683 -18754
3524 9649 -18614
3525 9685 -18686
3526 9629 -18502
3527 9605 -18466
3528 9655 -18642
3529 9615 -18522
3530 9575 -18402
3531 9611 -18542
3532 9631 -18558
3533 9593 -18562
3534 9559 -18474
3535 9603 -18410
3536 9641 -18662
3537 9649 -18702
3538 9681 -18758
3539 9633 -18702
3540 9611 -18614
3541 9657 -18710
3542 9609 -18574
3543 9573 -18502
3544 9583 -18570
3545 9599 -18570
3546 9607 -18578
3547 9591 -18522
3548 9611 -18566
3549 9525 -18274
3550 9485 -18314
3551 9489 -18238
3552 9513 -18326
3553 9561 -18478
3554 9543 -18454
3555 9565 -18470
3556 9501 -18350
3557 9495 -18342
3558 9481 -18298
3559 9515 -18322
3560 9513 -18386
3561 9611 -18618
3562 9675 -18714
3563 9695 -18734
3564 9637 -18646
3565 9623 -18590
3566 9589 -18486
3567 9567 -18382
3568 9579 -18434
3569 9555 -18410
3570 9573 -18498
3571 9605 -18654
3572 9651 -18834
3573 9661 -18806
3574 9657 -18698
3575 9601 -18518
3576 9597 -18510
3577 9633 -18706
3578 9649 -18742
3579 9697 -18786
3580 9675 -18770
3581 9703 -18850
3582 9685 -18778
3583 9719 -18798
3584 9715 -18830
3585 9607 -18514
3586 9603 -18466
3587 9577 -18450
3588 9599 -18518
3589 9603 -18442
3590 9671 -18646
3591 9667 -18702
3592 9683 -18714
3593 9717 -18786
3594 9685 -18746
3595 9735 -18854
3596 9737 -18858
3597 9699 -18746
3598 9651 -18710
3599 9607 -18542
3600 9659 -18682
3601 9651 -18634
3602 9591 -18510
3603 9621 -18618
3604 9643 -18694
3605 9673 -18770
3606 9591 -18554
3607 9617 -18702
3608 9617 -18662
3609 9595 -18546
3610 9583 -18578
3611 9605 -18422
3612 9623 -18494
3613 9613 -18510
3614 9613 -18498
3615 9621 -18614
3616 9613 -18562
3617 9643 -18602
3618 9671 -18686
3619 9677 -18754
3620 9711 -18790
3621 9699 -18762
3622 9619 -18586
3623 9569 -18514
3624 9537 -18326
3625 9581 -18466
3626 9585 -18486
3627 9583 -18510
3628 9623 -18530
3629 9645 -18614
3630 9641 -18610
3631 9617 -18542
3632 9597 -18618
3633 9599 -18574
3634 9575 -18438
3635 9527 -18342
3636 9555 -18482
3637 9671 -18690
3638 9649 -18634
3639 9613 -18598
3640 9703 -18726
3641 9699 -18778
3642 9619 -18594
3643 9579 -18462
3644 9533 -18346
3645 9515 -18286
3646 9497 -18178
3647 9505 -18290
3648 9515 -18434
3649 9477 -18234
3650 9459 -18282
3651 9459 -18306
3652 9485 -18458
3653 9461 -18438
3654 9483 -18426
3655 9511 -18530
3656 9475 -18450
3657 9401 -18238
3658 9391 -18194
3659 9443 -18262
3660 9511 -18426
3661 9517 -18438
3662 9521 -18354
3663 9603 -18558
3664 9567 -18542
3665 9541 -18506
3666 9479 -18342
3667 9431 -18254
3668 9425 -18286
3669 9503 -18302
3670 9505 -18346
3671 9603 -18566
3672 9635 -18734
3673 9653 -18682
3674 9643 -18566
3675 9601 -18510
3676 9593 -18514
3677 9619 -18530
3678 9599 -18514
3679 9619 -18610
3680 9611 -18570
3681 9673 -18746
3682 9685 -18754
3683 9699 -18762
3684 9705 -18750
3685 9687 -18646
3686 9587 -18398
3687 9671 -18766
3688 9627 -18650
3689 9603 -18590
3690 9597 -18590
3691 9569 -18394
3692 9573 -18394
3693 9647 -18714
3694 9635 -18646
3695 9681 -18754
3696 9655 -18642
3697 9661 -18650
3698 9673 -18614
3699 9677 -18682
3700 9701 -18722
3701 9651 -18702
3702 9671 -18762
3703 9637 -18606
3704 9623 -18674
3705 9597 -18594
3706 9559 -18446
3707 9569 -18454
3708 9587 -18526
3709 9553 -18370
3710 9553 -18382
3711 9553 -18462
3712 9527 -18350
3713 9457 -18230
3714 9551 -18378
3715 9579 -18414
3716 9591 -18438
3717 9595 -18430
3718 9635 -18462
3719 9707 -18826
3720 9641 -18602
3721 9649 -18606
3722 9655 -18642
3723 9703 -18794
3724 9715 -18738
3725 9613 -18498
3726 9615 -18490
3727 9611 -18510
3728 9617 -18562
3729 9605 -18446
3730 9555 -18250
3731 9549 -18314
3732 9635 -18514
3733 9621 -18618
3734 9617 -18614
3735 9577 -18462
3736 9565 -18430
3737 9595 -18510
3738 9585 -18438
3739 9579 -18394
3740 9683 -18698
3741 9687 -18734
3742 9731 -18946
3743 9701 -18834
3744 9767 -18938
3745 9763 -18986
3746 9769 -18930
3747 9701 -18726
3748 9635 -18602
3749 9601 -18514
3750 9575 -18442
3751 9633 -18570
3752 9583 -18482
3753 9697 -18726
3754 9669 -18694
3755 9623 -18550
3756 9619 -18570
3757 9589 -18522
3758 9617 -18582
3759 9579 -18450
3760 9545 -18370
3761 9643 -18582
3762 9637 -18586
3763 9623 -18522
3764 9613 -18594
3765 9603 -18610
3766 9557 -18474
3767 9623 -18598
3768 9619 -18634
3769 9637 -18654
3770 9553 -18382
3771 9523 -18282
3772 9527 -18278
3773 9589 -18490
3774 9675 -18694
3775 9621 -18622
3776 9711 -18838
3777 9707 -18790
3778 9715 -18798
3779 9671 -18678
3780 9697 -18790
3781 9641 -18618
3782 9629 -18550
3783 9615 -18462
3784 9701 -18686
3785 9731 -18878
3786 9727 -18874
3787 9707 -18774
3788 9643 -18582
3789 9595 -18458
3790 9633 -18542
3791 9583 -18402
3792 9607 -18574
3793 9623 -18634
3794 9647 -18710
3795 9627 -18654
3796 9633 -18582
3797 9647 -18610
3798 9689 -18726
3799 9697 -18758
3800 9655 -18646
3801 9609 -18446
3802 9627 -18574
3803 9605 -18546
3804 9653 -18646
3805 9651 -18574
3806 9689 -18698
3807 9607 -18578
3808 9615 -18602
3809 9557 -18506
3810 9583 -18454
3811 9515 -18262
3812 9525 -18306
3813 9593 -18546
3814 9587 -18446
3815 9645 -18578
3816 9637 -18674
3817 9619 -18522
3818 9603 -18462
3819 9603 -18546
3820 9639 -18590
3821 9629 -18594
3822 9605 -18506
3823 9591 -18494
3824 9611 -18530
3825 9647 -18570
3826 9669 -18574
3827 9637 -18554
3828 9611 -18538
3829 9597 -18494
3830 9569 -18366
3831 9651 -18638
3832 9663 -18682
3833 9665 -18650
3834 9589 -18494
3835 9587 -18546
3836 9623 -18590
3837 9645 -18638
3838 9647 -18658
3839 9681 -18818
3840 9587 -18586
3841 9575 -18586
3842 9561 -18542
3843 9483 -18326
3844 9465 -18274
3845 9531 -18526
3846 9573 -18534
3847 9577 -18562
3848 9531 -18410
3849 9595 -18534
3850 9613 -18486
3851 9573 -18406
3852 9609 -18538
3853 9625 -18558
3854 9607 -18426
3855 9609 -18482
3856 9607 -18486
3857 9585 -18450
3858 9569 -18422
3859 9621 -18570
3860 9623 -18586
3861 9647 -18650
3862 9603 -18526
3863 9615 -18586
3864 9627 -18606
3865 9585 -18546
3866 9547 -18398
3867 9629 -18622
3868 9623 -18574
3869 9625 -18526
3870 9625 -18454
3871 9657 -18642
3872 9633 -18582
3873 9657 -18602
3874 9641 -18610
3875 9753 -18958
3876 9639 -18658
3877 9679 -18686
3878 9673 -18658
3879 9647 -18610
3880 9631 -18550
3881 9637 -18538
3882 9651 -18582
3883 9613 -18514
3884 9587 -18410
3885 9565 -18418
3886 9593 -18534
3887 9559 -18486
3888 9595 -18562
3889 9625 -18598
3890 9647 -18602
3891 9669 -18678
3892 9681 -18662
3893 9659 -18702
3894 9655 -18762
3895 9673 -18774
3896 9615 -18606
3897 9663 -18722
3898 9661 -18638
3899 9629 -18630
3900 9705 -18818
3901 9675 -18638
3902 9667 -18670
3903 9593 -18506
3904 9615 -18550
3905 9633 -18618
3906 9555 -18390
3907 9565 -18398
3908 9547 -18430
3909 9569 -18466
3910 9589 -18606
3911 9561 -18490
3912 9553 -18446
3913 9645 -18638
3914 9587 -18566
3915 9681 -18698
3916 9667 -18662
3917 9643 -18574
3918 9647 -18626
3919 9657 -18742
3920 9635 -18670
3921 9647 -18670
3922 9585 -18506
3923 9653 -18670
3924 9609 -18558
3925 9635 -18602
3926 9611 -18606
3927 9591 -18494
3928 9575 -18422
3929 9619 -18582
3930 9611 -18514
3931 9637 -18602
3932 9635 -18510
3933 9619 -18514
3934 9625 -18570
3935 9653 -18626
3936 9645 -18654
3937 9653 -18630
3938 9671 -18694
3939 9645 -18590
3940 9647 -18606
3941 9685 -18658
3942 9637 -18566
3943 9589 -18386
3944 9569 -18470
3945 9599 -18482
3946 9573 -18426
3947 9589 -18386
3948 9627 -18550
3949 9627 -18582
3950 9587 -18490
3951 9585 -18502
3952 9595 -18498
3953 9607 -18582
3954 9617 -18554
3955 9653 -18598
3956 9687 -18722
3957 9671 -18642
3958 9687 -18690
3959 9637 -18590
3960 9725 -18758
3961 9717 -18794
3962 9705 -18778
3963 9679 -18630
3964 9689 -18730
3965 9697 -18726
3966 9689 -18702
3967 9687 -18762
3968 9671 -18654
3969 9617 -18542
3970 9533 -18358
3971 9579 -18510
3972 9591 -18554
3973 9603 -18566
3974 9613 -18646
3975 9623 -18586
3976 9647 -18650
3977 9645 -18634
3978 9583 -18598
3979 9569 -18498
3980 9563 -18486
3981 9621 -18514
3982 9607 -18506
3983 9579 -18502
3984 9625 -18702
3985 9681 -18806
3986 9659 -18658
3987 9609 -18506
3988 9635 -18642
3989 9641 -18634
3990 9605 -18566
3991 9643 -18582
3992 9583 -18470
3993 9637 -18634
3994 9635 -18562
3995 9657 -18650
3996 9597 -18494
3997 9623 -18578
3998 9673 -18726
3999 9631 -18550
4000 9637 -18530
4001 9627 -18554
4002 9671 -18698
4003 9631 -18554
4004 9633 -18534
4005 9603 -18490
4006 9683 -18678
4007 9637 -18634
4008 9663 -18694
4009 9665 -18746
4010 9683 -18806
4011 9575 -18506
4012 9631 -18554
4013 9559 -18398
4014 9659 -18666
4015 9581 -18362
4016 9583 -18366
4017 9557 -18386
4018 9609 -18534
4019 9649 -18598
4020 9625 -18646
4021 9593 -18518
4022 9607 -18546
4023 9567 -18522
4024 9593 -18566
4025 9515 -18330
4026 9557 -18442
4027 9539 -18454
4028 9583 -18546
4029 9595 -18562
4030 9661 -18702
4031 9605 -18506
4032 9599 -18594
4033 9639 -18730
4034 9595 -18602
4035 9567 -18502
4036 9537 -18438
4037 9553 -18554
4038 9535 -18550
4039 9575 -18522
4040 9589 -18518
4041 9607 -18574
4042 9689 -18826
4043 9665 -18706
4044 9627 -18526
4045 9691 -18706
4046 9685 -18714
4047 9701 -18798
4048 9669 -18674
4049 9695 -18758
4050 9705 -18810
4051 9713 -18794
4052 9713 -18814
4053 9729 -18818
4054 9769 -18946
4055 9735 -18850
4056 9719 -18798
4057 9717 -18782
4058 9677 -18650
4059 9757 -18862
4060 9677 -18658
4061 9683 -18762
4062 9739 -18906
4063 9753 -18866
4064 9717 -18778
4065 9703 -18762
4066 9615 -18614
4067 9613 -18534
4068 9599 -18498
4069 9573 -18374
4070 9585 -18414
4071 9619 -18534
4072 9645 -18598
4073 9635 -18530
4074 9609 -18514
4075 9655 -18686
4076 9631 -18582
4077 9621 -18578
4078 9571 -18478
4079 9615 -18618
4080 9567 -18446
4081 9609 -18614
4082 9567 -18522
4083 9583 -18534
4084 9577 -18438
4085 9577 -18362
4086 9605 -18402
4087 9671 -18642
4088 9699 -18722
4089 9725 -18822
4090 9705 -18782
4091 9645 -18626
4092 9691 -18742
4093 9627 -18566
4094 9637 -18630
4095 9653 -18674
4096 9607 -18590
4097 9603 -18614
4098 9597 -18538
4099 9589 -18470
4100 9575 -18442
4101 9625 -18550
4102 9707 -18746
4103 9735 -18838
4104 9703 -18762
4105 9679 -18654
4106 9623 -18570
4107 9573 -18446
4108 9589 -18394
4109 9563 -18410
4110 9661 -18654
4111 9579 -18434
4112 9559 -18466
4113 9563 -18470
4114 9665 -18750
4115 9651 -18682
4116 9591 -18566
4117 9609 -18538
4118 9593 -18502
4119 9555 -18422
4120 9581 -18490
4121 9579 -18414
4122 9599 -18514
4123 9527 -18382
4124 9545 -18294
4125 9607 -18474
4126 9713 -18734
4127 9697 -18710
4128 9671 -18678
4129 9657 -18614
4130 9671 -18750
4131 9599 -18538
4132 9639 -18674
4133 9611 -18578
4134 9579 -18518
4135 9535 -18374
4136 9573 -18382
4137 9565 -18386
4138 9621 -18554
4139 9611 -18482
4140 9659 -18634
4141 9615 -18546
4142 9617 -18534
4143 9665 -18630
4144 9617 -18442
4145 9679 -18626
4146 9681 -18638
4147 9667 -18614
4148 9675 -18670
4149 9673 -18670
4150 9665 -18682
4151 9653 -18722
4152 9581 -18594
4153 9581 -18534
4154 9573 -18430
4155 9595 -18530
4156 9653 -18630
4157 9643 -18706
4158 9611 -18594
4159 9617 -18562
4160 9573 -18486
4161 9625 -18626
4162 9631 -18614
4163 9613 -18574
4164 9561 -18494
4165 9557 -18454
4166 9563 -18510
4167 9603 -18562
4168 9587 -18506
4169 9611 -18522
4170 9593 -18462
4171 9603 -18534
4172 9627 -18570
4173 9645 -18626
4174 9651 -18606
4175 9611 -18526
4176 9609 -18462
4177 9609 -18478
4178 9511 -18242
4179 9563 -18334
4180 9623 -18558
4181 9523 -18306
4182 9503 -18262
4183 9559 -18398
4184 9565 -18370
4185 9609 -18654
4186 9667 -18666
4187 9673 -18718
4188 9663 -18702
4189 9627 -18582
4190 9605 -18566
4191 9641 -18626
4192 9609 -18474
4193 9585 -18470
4194 9659 -18706
4195 9557 -18370
4196 9523 -18362
4197 9587 -18514
4198 9647 -18650
4199 9635 -18558
4200 9647 -18694
4201 9621 -18526
4202 9591 -18438
4203 9597 -18478
4204 9639 -18558
4205 9659 -18650
4206 9623 -18522
4207 9671 -18602
4208 9659 -18630
4209 9707 -18754
4210 9681 -18726
4211 9663 -18646
4212 9639 -18618
4213 9629 -18578
4214 9657 -18642
4215 9667 -18610
4216 9639 -18618
4217 9649 -18518
4218 9701 -18718
4219 9651 -18606
4220 9657 -18714
4221 9579 -18482
4222 9561 -18498
4223 9595 -18614
4224 9593 -18466
4225 9637 -18562
4226 9627 -18510
4227 9559 -18446
4228 9619 -18542
4229 9599 -18506
4230 9629 -18518
4231 9611 -18514
4232 9571 -18490
4233 9647 -18734
4234 9657 -18766
4235 9605 -18586
4236 9547 -18410
4237 9505 -18342
4238 9553 -18418
4239 9655 -18686
4240 9589 -18566
4241 9567 -18410
4242 9543 -18390
4243 9591 -18482
4244 9561 -18402
4245 9607 -18514
4246 9615 -18506
4247 9613 -18606
4248 9667 -18718
4249 9605 -18642
4250 9583 -18590
4251 9555 -18438
4252 9553 -18466
4253 9533 -18462
4254 9579 -18634
4255 9501 -18394
4256 9533 -18394
4257 9573 -18482
4258 9589 -18594
4259 9577 -18574
4260 9533 -18474
4261 9591 -18626
4262 9635 -18694
4263 9603 -18550
4264 9617 -18566
4265 9629 -18614
4266 9635 -18614
4267 9645 -18622
4268 9599 -18558
4269 9615 -18542
4270 9609 -18554
4271 9597 -18526
4272 9523 -18302
4273 9531 -18282
4274 9653 -18666
4275 9583 -18534
4276 9579 -18498
4277 9611 -18546
4278 9627 -18586
4279 9575 -18438
4280 9625 -18578
4281 9575 -18526
4282 9593 -18590
4283 9693 -18850
4284 9613 -18598
4285 9665 -18690
4286 9651 -18630
4287 9587 -18518
4288 9587 -18494
4289 9667 -18730
4290 9593 -18526
4291 9619 -18702
4292 9621 -18534
4293 9673 -18638
4294 9637 -18558
4295 9731 -18818
4296 9739 -18886
4297 9699 -18790
4298 9701 -18778
4299 9653 -18586
4300 9731 -18802
4301 9723 -18834
4302 9681 -18738
4303 9631 -18614
4304 9581 -18518
4305 9603 -18610
4306 9603 -18622
4307 9625 -18634
4308 9581 -18470
4309 9609 -18646
4310 9619 -18658
4311 9651 -18734
4312 9593 -18558
4313 9561 -18466
4314 9573 -18470
4315 9549 -18466
4316 9643 -18678
4317 9615 -18586
4318 9569 -18430
4319 9539 -18366
4320 9595 -18542
4321 9639 -18714
4322 9659 -18662
4323 9671 -18806
4324 9667 -18722
4325 9629 -18622
4326 9599 -18558
4327 9531 -18354
4328 9581 -18522
4329 9627 -18618
4330 9687 -18714
4331 9665 -18610
4332 9653 -18646
4333 9665 -18666
4334 9689 -18738
4335 9679 -18690
4336 9595 -18474
4337 9627 -18610
4338 9585 -18402
4339 9641 -18626
4340 9711 -18794
4341 9657 -18642
4342 9713 -18854
4343 9661 -18594
4344 9667 -18582
4345 9617 -18578
4346 9687 -18714
4347 9717 -18826
4348 9661 -18770
4349 9617 -18582
4350 9609 -18554
4351 9653 -18710
4352 9633 -18578
4353 9631 -18590
4354 9651 -18654
4355 9721 -18834
4356 9709 -18778
4357 9583 -18446
4358 9553 -18478
4359 9579 -18434
4360 9609 -18502
4361 9663 -18586
4362 9615 -18442
4363 9645 -18642
4364 9615 -18542
4365 9669 -18682
4366 9675 -18774
4367 9633 -18610
4368 9647 -18722
4369 9667 -18762
4370 9651 -18654
4371 9629 -18582
4372 9651 -18646
4373 9693 -18714
4374 9693 -18814
4375 9661 -18630
4376 9583 -18450
4377 9545 -18342
4378 9569 -18470
4379 9595 -18466
4380 9597 -18506
4381 9585 -18542
4382 9637 -18558
4383 9643 -18686
4384 9643 -18650
4385 9607 -18546
4386 9603 -18506
4387 9637 -18662
4388 9629 -18518
4389 9607 -18526
4390 9603 -18534
4391 9595 -18490
4392 9583 -18462
4393 9607 -18434
4394 9637 -18598
4395 9575 -18386
4396 9631 -18570
4397 9585 -18402
4398 9579 -18442
4399 9619 -18506
4400 9635 -18570
4401 9627 -18574
4402 9581 -18434
4403 9621 -18534
4404 9681 -18794
4405 9645 -18638
4406 9657 -18646
4407 9567 -18434
4408 9543 -18414
4409 9583 -18482
4410 9595 -18510
4411 9557 -18442
4412 9583 -18470
4413 9669 -18706
4414 9627 -18542
4415 9619 -18538
4416 9659 -18666
4417 9637 -18670
4418 9593 -18606
4419 9571 -18582
4420 9579 -18682
4421 9563 -18682
4422 9605 -18662
4423 9545 -18350
4424 9543 -18470
4425 9587 -18566
4426 9615 -18650
4427 9587 -18534
4428 9537 -18454
4429 9577 -18478
4430 9605 -18594
4431 9579 -18542
4432 9605 -18586
4433 9621 -18626
4434 9671 -18738
4435 9573 -18450
4436 9555 -18366
4437 9575 -18390
4438 9539 -18334
4439 9619 -18554
4440 9677 -18630
4441 9651 -18582
4442 9669 -18638
4443 9623 -18562
4444 9621 -18538
4445 9659 -18586
4446 9629 -18554
4447 9593 -18522
4448 9601 -18666
4449 9625 -18694
4450 9643 -18774
4451 9663 -18706
4452 9679 -18694
4453 9677 -18690
4454 9623 -18482
4455 9649 -18626
4456 9651 -18638
4457 9649 -18622
4458 9635 -18542
4459 9623 -18454
4460 9633 -18586
4461 9595 -18602
4462 9589 -18554
4463 9557 -18402
4464 9587 -18530
4465 9589 -18486
4466 9583 -18402
4467 9539 -18258
4468 9557 -18406
4469 9631 -18566
4470 9617 -18522
4471 9657 -18638
4472 9635 -18530
4473 9643 -18610
4474 9629 -18546
4475 9611 -18538
4476 9551 -18314
4477 9545 -18286
4478 9511 -18226
4479 9517 -18318
4480 9597 -18502
4481 9659 -18666
4482 9601 -18562
4483 9605 -18538
4484 9621 -18530
4485 9635 -18574
4486 9611 -18482
4487 9665 -18726
4488 9629 -18590
4489 9633 -18590
4490 9641 -18590
4491 9649 -18594
4492 9651 -18730
4493 9561 -18430
4494 9549 -18378
4495 9579 -18506
4496 9609 -18582
4497 9659 -18634
4498 9607 -18542
4499 9619 -18534
4500 9561 -18366
4501 9573 -18414
4502 9521 -18286
4503 9585 -18418
4504 9621 -18478
4505 9565 -18342
4506 9495 -18222
4507 9539 -18378
4508 9547 -18410
4509 9603 -18498
4510 9573 -18366
4511 9645 -18562
4512 9649 -18578
4513 9637 -18602
4514 9673 -18666
4515 9675 -18666
4516 9647 -18582
4517 9607 -18514
4518 9645 -18586
4519 9643 -18606
4520 9605 -18558
4521 9673 -18726
4522 9699 -18794
4523 9661 -18666
4524 9591 -18550
4525 9573 -18538
4526 9581 -18506
4527 9519 -18350
4528 9591 -18482
4529 9593 -18490
4530 9673 -18674
4531 9649 -18602
4532 9675 -18642
4533 9633 -18578
4534 9677 -18714
4535 9689 -18730
4536 9669 -18674
4537 9615 -18558
4538 9569 -18546
4539 9531 -18418
4540 9591 -18538
4541 9593 -18598
4542 9525 -18366
4543 9579 -18474
4544 9633 -18690
4545 9675 -18742
4546 9639 -18666
4547 9623 -18598
4548 9683 -18790
4549 9681 -18786
4550 9611 -18518
4551 9585 -18378
4552 9665 -18662
4553 9657 -18702
4554 9641 -18582
4555 9589 -18398
4556 9543 -18322
4557 9615 -18654
4558 9589 -18474
4559 9575 -18450
4560 9503 -18374
4561 9495 -18362
4562 9551 -18494
4563 9599 -18538
4564 9611 -18586
4565 9601 -18586
4566 9619 -18578
4567 9569 -18490
4568 9543 -18446
4569 9463 -18246
4570 9525 -18342
4571 9571 -18470
4572 9615 -18594
4573 9617 -18554
4574 9589 -18502
4575 9589 -18606
4576 9651 -18694
4577 9635 -18682
4578 9647 -18634
4579 9689 -18710
4580 9667 -18734
4581 9659 -18722
4582 9631 -18566
4583 9611 -18586
4584 9643 -18550
4585 9641 -18610
4586 9679 -18726
4587 9687 -18762
4588 9669 -18670
4589 9693 -18714
4590 9703 -18734
4591 9639 -18574
4592 9635 -18542
4593 9619 -18478
4594 9565 -18386
4595 9593 -18478
4596 9629 -18558
4597 9545 -18334
4598 9583 -18490
4599 9649 -18558
4600 9679 -18634
4601 9697 -18754
4602 9663 -18634
4603 9665 -18622
4604 9713 -18830
4605 9641 -18626
4606 9647 -18626
4607 9603 -18482
4608 9593 -18474
4609 9651 -18602
4610 9687 -18814
4611 9663 -18682
4612 9563 -18334
4613 9563 -18406
4614 9529 -18314
4615 9575 -18470
4616 9599 -18566
4617 9555 -18346
4618 9593 -18426
4619 9593 -18430
4620 9569 -18422
4621 9519 -18290
4622 9531 -18274
4623 9539 -18350
4624 9661 -18742
4625 9637 -18530
4626 9649 -18634
4627 9607 -18498
4628 9621 -18550
4629 9565 -18482
4630 9563 -18470
4631 9563 -18358
4632 9593 -18502
4633 9677 -18742
4634 9677 -18730
4635 9637 -18642
4636 9595 -18542
4637 9575 -18446
4638 9587 -18562
4639 9597 -18522
4640 9587 -18438
4641 9531 -18258
4642 9587 -18494
4643 9613 -18506
4644 9593 -18506
4645 9625 -18606
4646 9607 -18578
4647 9661 -18678
4648 9679 -18690
4649 9683 -18710
4650 9601 -18430
4651 9689 -18686
4652 9617 -18522
4653 9595 -18566
4654 9569 -18450
4655 9501 -18350
4656 9593 -18534
4657 9573 -18494
4658 9549 -18366
4659 9539 -18374
4660 9601 -18434
4661 9647 -18662
4662 9705 -18810
4663 9689 -18762
4664 9695 -18678
4665 9685 -18702
4666 9603 -18490
4667 9623 -18562
4668 9669 -18702
4669 9637 -18570
4670 9667 -18646
4671 9719 -18794
4672 9715 -18830
4673 9645 -18674
4674 9647 -18630
4675 9591 -18406
4676 9631 -18602
4677 9611 -18494
4678 9675 -18686
4679 9693 -18818
4680 9601 -18538
4681 9559 -18422
4682 9585 -18506
4683 9591 -18538
4684 9545 -18342
4685 9565 -18398
4686 9603 -18458
4687 9651 -18666
4688 9635 -18654
4689 9693 -18774
4690 9627 -18594
4691 9583 -18426
4692 9573 -18454
4693 9503 -18202
4694 9523 -18414
4695 9561 -18482
4696 9541 -18370
4697 9537 -18398
4698 9609 -18538
4699 9603 -18558
4700 9549 -18406
4701 9551 -18438
4702 9523 -18326
4703 9525 -18326
4704 9543 -18450
4705 9635 -18642
4706 9589 -18470
4707 9629 -18638
4708 9613 -18510
4709 9657 -18686
4710 9645 -18690
4711 9563 -18454
4712 9531 -18398
4713 9521 -18398
4714 9575 -18494
4715 9519 -18338
4716 9625 -18594
4717 9665 -18678
4718 9663 -18690
4719 9617 -18526
4720 9621 -18618
4721 9619 -18550
4722 9639 -18662
4723 9545 -18382
4724 9521 -18278
4725 9641 -18566
4726 9683 -18670
4727 9599 -18478
4728 9585 -18426
4729 9625 -18578
4730 9565 -18430
4731 9579 -18450
4732 9673 -18634
4733 9683 -18670
4734 9589 -18534
4735 9607 -18610
4736 9553 -18458
4737 9543 -18438
4738 9559 -18458
4739 9507 -18402
4740 9473 -18338
4741 9515 -18362
4742 9505 -18298
4743 9473 -18318
4744 9561 -18486
4745 9611 -18602
4746 9581 -18626
4747 9557 -18502
4748 9533 -18450
4749 9521 -18390
4750 9523 -18422
4751 9539 -18474
4752 9591 -18546
4753 9595 -18574
4754 9613 -18646
4755 9577 -18546
4756 9593 -18566
4757 9625 -18750
4758 9645 -18730
4759 9605 -18542
4760 9593 -18554
4761 9561 -18510
4762 9533 -18446
4763 9545 -18402
4764 9535 -18370
4765 9539 -18350
4766 9557 -18426
4767 9555 -18442
4768 9615 -18574
4769 9605 -18594
4770 9589 -18510
4771 9627 -18642
4772 9603 -18514
4773 9627 -18534
4774 9669 -18650
4775 9611 -18498
4776 9597 -18526
4777 9577 -18490
4778 9561 -18458
4779 9487 -18218
4780 9561 -18414
4781 9549 -18434
4782 9515 -18350
4783 9569 -18466
4784 9605 -18626
4785 9503 -18394
4786 9603 -18562
4787 9565 -18486
4788 9647 -18618
4789 9591 -18490
4790 9579 -18498
4791 9427 -18038
4792 9545 -18378
4793 9571 -18474
4794 9615 -18610
4795 9679 -18718
4796 9669 -18690
4797 9603 -18530
4798 9659 -18730
4799 9707 -18862
4800 9643 -18666
4801 9607 -18634
4802 9585 -18522
4803 9575 -18454
4804 9545 -18434
4805 9571 -18458
4806 9537 -18374
4807 9533 -18374
4808 9585 -18494
4809 9601 -18610
4810 9659 -18674
4811 9609 -18522
4812 9545 -18410
4813 9583 -18470
4814 9575 -18574
4815 9495 -18334
4816 9545 -18546
4817 9609 -18630
4818 9579 -18602
4819 9587 -18542
4820 9627 -18642
4821 9611 -18562
4822 9633 -18642
4823 9669 -18738
4824 9643 -18642
4825 9591 -18518
4826 9617 -18522
4827 9589 -18486
4828 9589 -18542
4829 9541 -18446
4830 9591 -18438
4831 9623 -18550
4832 9621 -18622
4833 9657 -18702
4834 9693 -18766
4835 9697 -18790
4836 9665 -18694
4837 9687 -18778
4838 9701 -18774
4839 9707 -18802
4840 9667 -18650
4841 9643 -18618
4842 9629 -18610
4843 9583 -18394
4844 9593 -18450
4845 9631 -18562
4846 9711 -18774
4847 9665 -18682
4848 9629 -18578
4849 9637 -18574
4850 9591 -18494
4851 9625 -18602
4852 9627 -18502
4853 9667 -18662
4854 9601 -18478
4855 9593 -18554
4856 9597 -18526
4857 9593 -18462
4858 9609 -18586
4859 9615 -18526
4860 9577 -18454
4861 9607 -18526
4862 9587 -18422
4863 9617 -18594
4864 9607 -18530
4865 9613 -18498
4866 9619 -18502
4867 9715 -18802
4868 9677 -18782
4869 9617 -18514
4870 9667 -18726
4871 9701 -18810
4872 9579 -18518
4873 9497 -18298
4874 9521 -18362
4875 9505 -18382
4876 9443 -18246
4877 9481 -18254
4878 9475 -18262
4879 9543 -18446
4880 9535 -18446
4881 9529 -18422
4882 9587 -18622
4883 9649 -18834
4884 9615 -18594
4885 9561 -18426
4886 9549 -18426
4887 9601 -18522
4888 9631 -18610
4889 9675 -18826
4890 9621 -18662
4891 9611 -18594
4892 9651 -18734
4893 9669 -18670
4894 9625 -18546
4895 9561 -18398
4896 9537 -18362
4897 9639 -18570
4898 9653 -18698
4899 9705 -18702
4900 9689 -18662
4901 9709 -18742
4902 9701 -18746
4903 9657 -18590
4904 9619 -18622
4905 9609 -18558
4906 9591 -18418
4907 9637 -18662
4908 9549 -18366
4909 9545 -18422
4910 9595 -18498
4911 9591 -18542
4912 9657 -18686
4913 9631 -18610
4914 9593 -18534
4915 9551 -18502
4916 9591 -18614
4917 9517 -18402
4918 9509 -18414
4919 9525 -18374
4920 9607 -18562
4921 9619 -18570
4922 9605 -18554
4923 9625 -18598
4924 9641 -18634
4925 9683 -18714
4926 9663 -18642
4927 9645 -18630
4928 9661 -18662
4929 9543 -18350
4930 9625 -18638
4931 9623 -18554
4932 9597 -18502
4933 9653 -18690
4934 9669 -18686
4935 9613 -18498
4936 9619 -18494
4937 9607 -18494
4938 9587 -18466
4939 9657 -18642
4940 9639 -18530
4941 9703 -18746
4942 9727 -18782
4943 9745 -18862
4944 9707 -18746
4945 9649 -18606
4946 9651 -18626
4947 9593 -18414
4948 9629 -18562
4949 9651 -18602
4950 9581 -18414
4951 9559 -18470
4952 9587 -18494
4953 9627 -18646
4954 9597 -18538
4955 9647 -18710
4956 9617 -18626
4957 9655 -18694
4958 9665 -18618
4959 9657 -18650
4960 9629 -18530
4961 9627 -18530
4962 9677 -18678
4963 9639 -18522
4964 9621 -18474
4965 9553 -18282
4966 9591 -18434
4967 9645 -18602
4968 9639 -18562
4969 9655 -18610
4970 9589 -18362
4971 9657 -18606
4972 9603 -18494
4973 9675 -18710
4974 9651 -18638
4975 9665 -18658
4976 9609 -18554
4977 9723 -18838
4978 9687 -18734
4979 9681 -18694
4980 9665 -18706
4981 9651 -18618
4982 9669 -18742
4983 9625 -18546
4984 9673 -18674
4985 9657 -18626
4986 9593 -18494
4987 9587 -18466
4988 9555 -18406
4989 9597 -18474
4990 9585 -18522
4991 9595 -18462
4992 9513 -18270
4993 9575 -18498
4994 9581 -18442
4995 9631 -18594
4996 9583 -18430
4997 9629 -18582
4998 9655 -18670
4999 9611 -18574
5000 9581 -18438
5001 9579 -18470
5002 9581 -18478
5003 9513 -18286
5004 9533 -18338
5005 9575 -18470
5006 9439 -18122
5007 9445 -18162
5008 9467 -18282
5009 9537 -18362
5010 9491 -18234
5011 9451 -18174
5012 9455 -18206
5013 9513 -18302
5014 9545 -18454
5015 9535 -18346
5016 9581 -18486
5017 9573 -18578
5018 9455 -18294
5019 9431 -18298
5020 9433 -18266
5021 9437 -18218
5022 9473 -18386
5023 9523 -18462
5024 9531 -18502
5025 9569 -18606
5026 9581 -18570
5027 9623 -18626
5028 9585 -18534
5029 9579 -18454
5030 9605 -18510
5031 9591 -18494
5032 9623 -18502
5033 9599 -18550
5034 9577 -18622
5035 9621 -18638
5036 9697 -18766
5037 9717 -18786
5038 9691 -18754
5039 9659 -18658
5040 9683 -18722
5041 9647 -18578
5042 9623 -18506
5043 9649 -18582
5044 9635 -18594
5045 9631 -18554
5046 9637 -18634
5047 9603 -18558
5048 9603 -18618
5049 9567 -18418
5050 9641 -18638
5051 9621 -18558
5052 9603 -18562
5053 9617 -18566
5054 9679 -18714
5055 9665 -18630
5056 9645 -18590
5057 9661 -18638
5058 9655 -18694
5059 9671 -18758
5060 9601 -18574
5061 9627 -18630
5062 9645 -18738
5063 9639 -18738
5064 9651 -18782
5065 9603 -18530
5066 9603 -18538
5067 9589 -18434
5068 9655 -18654
5069 9675 -18590
5070 9667 -18654
5071 9643 -18618
5072 9637 -18614
5073 9601 -18574
5074 9647 -18682
5075 9631 -18658
5076 9639 -18730
5077 9671 -18778
5078 9639 -18634
5079 9639 -18622
5080 9653 -18646
5081 9755 -18974
5082 9737 -18906
5083 9663 -18654
5084 9629 -18598
5085 9647 -18642
5086 9657 -18650
5087 9653 -18634
5088 9651 -18618
5089 9611 -18582
5090 9651 -18598
5091 9613 -18498
5092 9633 -18642
5093 9599 -18530
5094 9567 -18534
5095 9623 -18734
5096 9605 -18602
5097 9695 -18834
5098 9673 -18686
5099 9701 -18754
5100 9647 -18622
5101 9641 -18570
5102 9633 -18570
5103 9667 -18642
5104 9659 -18666
5105 9569 -18374
5106 9557 -18406
5107 9571 -18498
5108 9597 -18466
5109 9651 -18622
5110 9671 -18758
5111 9671 -18774
5112 9683 -18774
5113 9703 -18746
5114 9581 -18430
5115 9587 -18530
5116 9649 -18642
5117 9585 -18482
5118 9689 -18758
5119 9673 -18694
5120 9635 -18582
5121 9637 -18594
5122 9601 -18474
5123 9625 -18586
5124 9621 -18590
5125 9635 -18670
5126 9623 -18558
5127 9559 -18450
5128 9581 -18562
5129 9531 -18414
5130 9617 -18742
5131 9637 -18702
5132 9615 -18602
5133 9603 -18598
5134 9617 -18586
5135 9643 -18686
5136 9613 -18686
5137 9599 -18634
5138 9607 -18714
5139 9603 -18606
5140 9557 -18566
5141 9477 -18358
5142 9531 -18438
5143 9595 -18570
5144 9555 -18478
5145 9639 -18682
5146 9605 -18510
5147 9653 -18626
5148 9613 -18542
5149 9611 -18470
5150 9671 -18706
5151 9659 -18710
5152 9669 -18706
5153 9671 -18682
5154 9655 -18690
5155 9633 -18598
5156 9639 -18558
5157 9657 -18566
5158 9667 -18574
5159 9747 -18854
5160 9659 -18630
5161 9689 -18646
5162 9649 -18550
5163 9621 -18466
5164 9595 -18486
5165 9649 -18746
5166 9617 -18622
5167 9605 -18594
5168 9605 -18546
5169 9593 -18506
5170 9605 -18546
5171 9631 -18582
5172 9647 -18686
5173 9637 -18634
5174 9647 -18610
5175 9593 -18466
5176 9647 -18586
5177 9657 -18646
5178 9643 -18590
5179 9611 -18458
5180 9577 -18438
5181 9601 -18490
5182 9613 -18502
5183 9571 -18422
5184 9561 -18358
5185 9587 -18482
5186 9675 -18686
5187 9665 -18686
5188 9607 -18534
5189 9665 -18690
5190 9697 -18730
5191 9661 -18726
5192 9581 -18490
5193 9579 -18470
5194 9579 -18542
5195 9551 -18514
5196 9541 -18442
5197 9569 -18398
5198 9563 -18386
5199 9633 -18570
5200 9635 -18586
5201 9603 -18486
5202 9595 -18486
5203 9607 -18534
5204 9593 -18482
5205 9557 -18482
5206 9505 -18366
5207 9455 -18314
5208 9463 -18370
5209 9415 -18226
5210 9463 -18286
5211 9451 -18198
5212 9599 -18634
5213 9561 -18498
5214 9525 -18426
5215 9501 -18398
5216 9487 -18314
5217 9579 -18574
5218 9549 -18550
5219 9615 -18722
5220 9553 -18530
5221 9499 -18338
5222 9587 -18586
5223 9587 -18554
5224 9653 -18770
5225 9611 -18710
5226 9619 -18730
5227 9615 -18738
5228 9627 -18654
5229 9647 -18714
5230 9645 -18630
5231 9665 -18730
5232 9561 -18378
5233 9575 -18422
5234 9593 -18510
5235 9575 -18474
5236 9525 -18378
5237 9497 -18274
5238 9531 -18362
5239 9547 -18414
5240 9599 -18554
5241 9627 -18666
5242 9595 -18594
5243 9573 -18542
5244 9583 -18506
5245 9565 -18454
5246 9573 -18490
5247 9639 -18682
5248 9597 -18546
5249 9585 -18522
5250 9627 -18690
5251 9615 -18622
5252 9677 -18718
5253 9631 -18546
5254 9537 -18322
5255 9591 -18462
5256 9573 -18530
5257 9553 -18386
5258 9607 -18542
5259 9557 -18382
5260 9555 -18414
5261 9585 -18574
5262 9607 -18638
5263 9597 -18514
5264 9677 -18714
5265 9677 -18802
5266 9615 -18570
5267 9615 -18582
5268 9599 -18514
5269 9641 -18614
5270 9627 -18530
5271 9609 -18518
5272 9539 -18350
5273 9521 -18326
5274 9551 -18398
5275 9611 -18574
5276 9575 -18550
5277 9553 -18430
5278 9547 -18374
5279 9559 -18470
5280 9609 -18538
5281 9655 -18666
5282 9667 -18654
5283 9641 -18574
5284 9623 -18530
5285 9637 -18574
5286 9567 -18390
5287 9585 -18422
5288 9523 -18354
5289 9497 -18234
5290 9555 -18446
5291 9635 -18618
5292 9577 -18474
5293 9541 -18390
5294 9589 -18546
5295 9589 -18490
5296 9569 -18370
5297 9537 -18326
5298 9575 -18450
5299 9563 -18434
5300 9565 -18394
5301 9563 -18474
5302 9599 -18550
5303 9607 -18502
5304 9599 -18550
5305 9647 -18606
5306 9645 -18658
5307 9563 -18494
5308 9537 -18438
5309 9567 -18422
5310 9587 -18534
5311 9615 -18526
5312 9593 -18474
5313 9643 -18666
5314 9617 -18550
5315 9669 -18682
5316 9639 -18582
5317 9693 -18710
5318 9669 -18726
5319 9579 -18526
5320 9557 -18514
5321 9517 -18366
5322 9603 -18538
5323 9603 -18522
5324 9681 -18710
5325 9715 -18822
5326 9719 -18806
5327 9697 -18730
5328 9707 -18754
5329 9719 -18770
5330 9723 -18810
5331 9729 -18794
5332 9671 -18674
5333 9679 -18670
5334 9641 -18582
5335 9585 -18502
5336 9597 -18478
5337 9665 -18750
5338 9603 -18498
5339 9559 -18478
5340 9547 -18382
5341 9523 -18318
5342 9483 -18226
5343 9483 -18198
5344 9559 -18430
5345 9525 -18342
5346 9561 -18310
5347 9513 -18302
5348 9527 -18382
5349 9619 -18574
5350 9573 -18478
5351 9599 -18522
5352 9585 -18518
5353 9547 -18478
5354 9621 -18534
5355 9621 -18534
5356 9641 -18558
5357 9625 -18502
5358 9667 -18614
5359 9669 -18602
5360 9663 -18642
5361 9649 -18606
5362 9655 -18650
5363 9707 -18802
5364 9689 -18862
5365 9615 -18650
5366 9645 -18642
5367 9525 -18398
5368 9583 -18510
5369 9555 -18434
5370 9603 -18610
5371 9543 -18434
5372 9519 -18426
5373 9625 -18586
5374 9661 -18638
5375 9591 -18530
5376 9609 -18558
5377 9595 -18498
5378 9593 -18502
5379 9581 -18474
5380 9597 -18466
5381 9663 -18698
5382 9711 -18814
5383 9693 -18710
5384 9675 -18694
5385 9603 -18574
5386 9577 -18474
5387 9505 -18274
5388 9569 -18422
5389 9549 -18354
5390 9615 -18514
5391 9611 -18554
5392 9655 -18726
5393 9659 -18670
5394 9593 -18466
5395 9543 -18370
5396 9557 -18486
5397 9575 -18430
5398 9621 -18522
5399 9649 -18610
5400 9609 -18530
5401 9517 -18290
5402 9541 -18474
5403 9571 -18518
5404 9591 -18506
5405 9621 -18622
5406 9629 -18618
5407 9609 -18506
5408 9635 -18570
5409 9689 -18690
5410 9669 -18690
5411 9679 -18658
5412 9653 -18638
5413 9677 -18714
5414 9647 -18626
5415 9653 -18662
5416 9671 -18742
5417 9727 -18822
5418 9641 -18614
5419 9671 -18634
5420 9707 -18682
5421 9689 -18770
5422 9645 -18578
5423 9669 -18630
5424 9679 -18646
5425 9673 -18630
5426 9699 -18670
5427 9679 -18698
5428 9697 -18770
5429 9667 -18658
5430 9635 -18634
5431 9709 -18726
5432 9655 -18702
5433 9617 -18602
5434 9589 -18486
5435 9611 -18646
5436 9627 -18622
5437 9639 -18602
5438 9567 -18470
5439 9585 -18446
5440 9609 -18598
5441 9541 -18386
5442 9551 -18442
5443 9595 -18590
5444 9611 -18618
5445 9593 -18458
5446 9605 -18506
5447 9577 -18386
5448 9621 -18594
5449 9591 -18534
5450 9551 -18474
5451 9673 -18686
5452 9699 -18754
5453 9671 -18674
5454 9691 -18726
5455 9669 -18678
5456 9687 -18754
5457 9727 -18814
5458 9763 -18946
5459 9695 -18762
5460 9689 -18790
5461 9711 -18778
5462 9711 -18798
5463 9665 -18726
5464 9625 -18626
5465 9629 -18614
5466 9653 -18694
5467 9635 -18562
5468 9585 -18414
5469 9657 -18626
5470 9623 -18534
5471 9649 -18570
5472 9705 -18758
5473 9695 -18646
5474 9693 -18750
5475 9663 -18706
5476 9685 -18754
5477 9699 -18822
5478 9697 -18746
5479 9671 -18742
5480 9651 -18634
5481 9643 -18610
5482 9709 -18786
5483 9721 -18814
5484 9711 -18842
5485 9711 -18818
5486 9631 -18578
5487 9615 -18570
5488 9619 -18530
5489 9683 -18682
5490 9657 -18646
5491 9679 -18706
5492 9653 -18670
5493 9631 -18622
5494 9567 -18534
5495 9561 -18482
5496 9587 -18538
5497 9611 -18546
5498 9603 -18490
5499 9553 -18430
5500 9549 -18354
5501 9543 -18354
5502 9575 -18386
5503 9645 -18658
5504 9635 -18550
5505 9701 -18774
5506 9695 -18750
5507 9649 -18602
5508 9719 -18818
5509 9659 -18610
5510 9665 -18606
5511 9625 -18510
5512 9583 -18538
5513 9613 -18566
5514 9649 -18634
5515 9625 -18578
5516 9657 -18658
5517 9647 -18618
5518 9653 -18646
5519 9659 -18602
5520 9759 -18886
5521 9721 -18798
5522 9727 -18758
5523 9669 -18686
5524 9667 -18702
5525 9613 -18542
5526 9585 -18466
5527 9545 -18378
5528 9591 -18526
5529 9605 -18558
5530 9591 -18510
5531 9567 -18418
5532 9587 -18394
5533 9577 -18378
5534 9623 -18542
5535 9679 -18714
5536 9635 -18598
5537 9627 -18530
5538 9643 -18610
5539 9647 -18674
5540 9681 -18714
5541 9641 -18574
5542 9605 -18474
5543 9605 -18458
5544 9597 -18474
5545 9621 -18522
5546 9601 -18462
5547 9487 -18258
5548 9491 -18266
5549 9527 -18386
5550 9519 -18386
5551 9491 -18270
5552 9515 -18302
5553 9431 -18218
5554 9487 -18290
5555 9511 -18338
5556 9541 -18422
5557 9493 -18478
5558 9463 -18330
5559 9411 -18194
5560 9481 -18330
5561 9459 -18234
5562 9513 -18342
5563 9587 -18618
5564 9569 -18630
5565 9575 -18546
5566 9585 -18486
5567 9537 -18358
5568 9533 -18414
5569 9495 -18358
5570 9557 -18430
5571 9531 -18362
5572 9575 -18518
5573 9509 -18402
5574 9561 -18510
5575 9597 -18598
5576 9633 -18686
5577 9607 -18558
5578 9579 -18470
5579 9565 -18410
5580 9503 -18382
5581 9509 -18354
5582 9567 -18406
5583 9623 -18594
5584 9505 -18278
5585 9567 -18374
5586 9627 -18610
5587 9627 -18602
5588 9639 -18658
5589 9629 -18650
5590 9627 -18702
5591 9635 -18686
5592 9599 -18574
5593 9593 -18562
5594 9581 -18498
5595 9553 -18370
5596 9569 -18414
5597 9603 -18578
5598 9635 -18646
5599 9611 -18498
5600 9597 -18446
5601 9553 -18426
5602 9571 -18426
5603 9539 -18354
5604 9641 -18574
5605 9655 -18654
5606 9675 -18674
5607 9729 -18834
5608 9747 -18898
5609 9707 -18826
5610 9689 -18674
5611 9607 -18466
5612 9621 -18546
5613 9695 -18750
5614 9703 -18738
5615 9705 -18794
5616 9695 -18794
5617 9649 -18578
5618 9671 -18650
5619 9661 -18674
5620 9603 -18510
5621 9615 -18494
5622 9571 -18498
5623 9615 -18538
5624 9601 -18482
5625 9643 -18682
5626 9601 -18650
5627 9605 -18498
5628 9627 -18538
5629 9643 -18578
5630 9613 -18546
5631 9649 -18594
5632 9677 -18722
5633 9657 -18662
5634 9621 -18526
5635 9605 -18442
5636 9615 -18478
5637 9565 -18430
5638 9629 -18570
5639 9695 -18754
5640 9655 -18662
5641 9641 -18662
5642 9651 -18622
5643 9607 -18582
5644 9583 -18438
5645 9509 -18346
5646 9505 -18334
5647 9539 -18394
5648 9609 -18586
5649 9591 -18518
5650 9589 -18514
5651 9661 -18686
5652 9673 -18642
5653 9733 -18882
5654 9693 -18778
5655 9677 -18718
5656 9607 -18542
5657 9529 -18274
5658 9587 -18502
5659 9619 -18546
5660 9595 -18486
5661 9601 -18558
5662 9629 -18606
5663 9631 -18734
5664 9585 -18510
5665 9623 -18658
5666 9597 -18562
5667 9583 -18514
5668 9597 -18590
5669 9549 -18470
5670 9571 -18510
5671 9523 -18362
5672 9581 -18594
5673 9597 -18538
5674 9601 -18582
5675 9549 -18466
5676 9549 -18414
5677 9575 -18462
5678 9627 -18554
5679 9605 -18570
5680 9627 -18542
5681 9609 -18522
5682 9595 -18486
5683 9601 -18586
5684 9603 -18578
5685 9539 -18386
5686 9573 -18478
5687 9645 -18694
5688 9549 -18310
5689 9575 -18402
5690 9531 -18318
5691 9567 -18414
5692 9611 -18558
5693 9587 -18470
5694 9551 -18390
5695 9579 -18498
5696 9665 -18646
5697 9657 -18638
5698 9597 -18498
5699 9601 -18514
5700 9649 -18598
5701 9721 -18806
5702 9643 -18550
5703 9579 -18478
5704 9539 -18334
5705 9595 -18526
5706 9605 -18474
5707 9551 -18414
5708 9543 -18406
5709 9575 -18478
5710 9595 -18582
5711 9659 -18710
5712 9639 -18630
5713 9639 -18534
5714 9671 -18638
5715 9687 -18670
5716 9667 -18706
5717 9633 -18554
5718 9595 -18474
5719 9515 -18390
5720 9575 -18454
5721 9595 -18490
5722 9579 -18486
5723 9577 -18530
5724 9583 -18522
5725 9633 -18566
5726 9613 -18570
5727 9593 -18562
5728 9637 -18650
5729 9569 -18462
5730 9643 -18670
5731 9629 -18562
5732 9583 -18426
5733 9585 -18374
5734 9589 -18430
5735 9493 -18198
5736 9483 -18250
5737 9475 -18226
5738 9545 -18498
5739 9559 -18498
5740 9521 -18370
5741 9591 -18610
5742 9569 -18518
5743 9611 -18698
5744 9633 -18646
5745 9653 -18698
5746 9635 -18650
5747 9679 -18730
5748 9567 -18462
5749 9623 -18634
5750 9645 -18618
5751 9595 -18542
5752 9633 -18554
5753 9635 -18598
5754 9613 -18578
5755 9573 -18422
5756 9541 -18506
5757 9553 -18490
5758 9537 -18422
5759 9533 -18442
5760 9521 -18414
5761 9549 -18446
5762 9537 -18390
5763 9603 -18534
5764 9567 -18438
5765 9511 -18334
5766 9509 -18314
5767 9553 -18502
5768 9517 -18406
5769 9579 -18554
5770 9607 -18622
5771 9653 -18666
5772 9671 -18694
5773 9641 -18642
5774 9641 -18654
5775 9591 -18474
5776 9641 -18634
5777 9677 -18710
5778 9683 -18706
5779 9723 -18834
5780 9785 -18970
5781 9737 -18834
5782 9659 -18670
5783 9619 -18566
5784 9599 -18462
5785 9617 -18546
5786 9625 -18618
5787 9659 -18674
5788 9583 -18538
5789 9603 -18590
5790 9583 -18498
5791 9643 -18702
5792 9607 -18618
5793 9629 -18590
5794 9627 -18570
5795 9597 -18410
5796 9629 -18494
5797 9599 -18438
5798 9671 -18634
5799 9689 -18690
5800 9689 -18742
5801 9687 -18718
5802 9649 -18590
5803 9619 -18558
5804 9677 -18706
5805 9619 -18554
5806 9685 -18802
5807 9651 -18714
5808 9547 -18506
5809 9563 -18550
5810 9571 -18474
5811 9553 -18470
5812 9517 -18430
5813 9497 -18406
5814 9623 -18626
5815 9617 -18562
5816 9555 -18442
5817 9557 -18342
5818 9523 -18362
5819 9573 -18418
5820 9553 -18338
5821 9569 -18394
5822 9569 -18446
5823 9563 -18362
5824 9535 -18262
5825 9551 -18326
5826 9519 -18414
5827 9593 -18618
5828 9663 -18786
5829 9601 -18502
5830 9675 -18730
5831 9607 -18506
5832 9593 -18514
5833 9597 -18574
5834 9635 -18626
5835 9641 -18666
5836 9563 -18478
5837 9609 -18566
5838 9577 -18454
5839 9617 -18554
5840 9611 -18574
5841 9657 -18710
5842 9649 -18690
5843 9657 -18686
5844 9723 -18894
5845 9675 -18698
5846 9655 -18658
5847 9583 -18454
5848 9595 -18518
5849 9565 -18494
5850 9679 -18814
5851 9723 -18894
5852 9695 -18730
5853 9705 -18790
5854 9629 -18526
5855 9625 -18594
5856 9571 -18514
5857 9479 -18234
5858 9517 -18346
5859 9553 -18410
5860 9435 -18238
5861 9401 -18086
5862 9497 -18350
5863 9477 -18294
5864 9471 -18214
5865 9517 -18230
5866 9495 -18166
5867 9509 -18278
5868 9539 -18354
5869 9567 -18474
5870 9671 -18630
5871 9573 -18362
5872 9569 -18458
5873 9633 -18554
5874 9627 -18606
5875 9665 -18686
5876 9617 -18570
5877 9505 -18306
5878 9539 -18406
5879 9577 -18446
5880 9575 -18458
5881 9537 -18322
5882 9551 -18442
5883 9463 -18282
5884 9517 -18314
5885 9557 -18418
5886 9509 -18218
5887 9533 -18342
5888 9609 -18590
5889 9607 -18570
5890 9613 -18502
5891 9663 -18766
5892 9669 -18746
5893 9635 -18618
5894 9613 -18598
5895 9595 -18518
5896 9545 -18330
5897 9491 -18202
5898 9585 -18494
5899 9623 -18602
5900 9567 -18414
5901 9587 -18530
5902 9537 -18442
5903 9577 -18494
5904 9607 -18582
5905 9559 -18462
5906 9605 -18578
5907 9601 -18510
5908 9613 -18514
5909 9613 -18494
5910 9597 -18494
5911 9605 -18590
5912 9607 -18586
5913 9617 -18634
5914 9615 -18650
5915 9573 -18514
5916 9551 -18502
5917 9617 -18730
5918 9647 -18754
5919 9597 -18606
5920 9629 -18722
5921 9567 -18622
5922 9515 -18562
5923 9583 -18574
5924 9505 -18406
5925 9471 -18378
5926 9573 -18542
5927 9555 -18426
5928 9685 -18770
5929 9631 -18562
5930 9639 -18546
5931 9619 -18546
5932 9605 -18414
5933 9649 -18634
5934 9581 -18502
5935 9589 -18498
5936 9607 -18502
5937 9637 -18614
5938 9629 -18586
5939 9547 -18414
5940 9615 -18542
5941 9655 -18642
5942 9687 -18774
5943 9625 -18626
5944 9609 -18590
5945 9609 -18518
5946 9585 -18470
5947 9553 -18434
5948 9533 -18458
5949 9523 -18386
5950 9557 -18542
5951 9589 -18678
5952 9547 -18514
5953 9549 -18494
5954 9563 -18578
5955 9567 -18598
5956 9559 -18506
5957 9619 -18618
5958 9667 -18726
5959 9593 -18590
5960 9641 -18726
5961 9583 -18602
5962 9523 -18406
5963 9563 -18546
5964 9565 -18546
5965 9533 -18446
5966 9603 -18566
5967 9593 -18550
5968 9591 -18638
5969 9607 -18650
5970 9617 -18594
5971 9649 -18670
5972 9643 -18642
5973 9631 -18554
5974 9573 -18474
5975 9511 -18330
5976 9563 -18502
5977 9557 -18478
5978 9607 -18618
5979 9671 -18734
5980 9617 -18586
5981 9631 -18638
5982 9633 -18578
5983 9669 -18702
5984 9633 -18570
5985 9625 -18570
5986 9629 -18562
5987 9637 -18558
5988 9655 -18606
5989 9605 -18602
5990 9563 -18506
5991 9561 -18346
5992 9573 -18450
5993 9583 -18430
5994 9667 -18698
5995 9695 -18774
5996 9649 -18694
5997 9657 -18662
5998 9643 -18546
5999 9647 -18566
6000 9689 -18722
6001 9747 -18894
6002 9695 -18710
6003 9685 -18646
6004 9749 -18850
6005 9741 -18898
6006 9665 -18686
6007 9647 -18594
6008 9605 -18430
6009 9569 -18370
6010 9589 -18478
6011 9595 -18542
6012 9601 -18570
6013 9547 -18402
6014 9579 -18478
6015 9587 -18514
6016 9601 -18554
6017 9593 -18546
6018 9629 -18526
6019 9643 -18586
6020 9687 -18722
6021 9661 -18666
6022 9645 -18650
6023 9615 -18594
6024 9625 -18558
6025 9633 -18634
6026 9643 -18702
6027 9695 -18786
6028 9661 -18742
6029 9651 -18662
6030 9687 -18810
6031 9719 -18790
6032 9673 -18730
6033 9679 -18706
6034 9715 -18806
6035 9633 -18678
6036 9653 -18686
6037 9611 -18610
6038 9565 -18546
6039 9607 -18706
6040 9649 -18686
6041 9627 -18674
6042 9623 -18610
6043 9651 -18690
6044 9617 -18686
6045 9625 -18762
6046 9601 -18650
6047 9517 -18402
6048 9541 -18526
6049 9519 -18454
6050 9509 -18366
6051 9577 -18598
6052 9613 -18654
6053 9593 -18602
6054 9499 -18354
6055 9479 -18350
6056 9509 -18394
6057 9529 -18470
6058 9539 -18434
6059 9541 -18462
6060 9519 -18446
6061 9601 -18554
6062 9577 -18514
6063 9607 -18586
6064 9607 -18654
6065 9605 -18570
6066 9625 -18546
6067 9633 -18606
6068 9635 -18514
6069 9619 -18458
6070 9635 -18526
6071 9629 -18542
6072 9599 -18458
6073 9571 -18334
6074 9475 -18110
6075 9557 -18246
6076 9625 -18558
6077 9653 -18762
6078 9593 -18562
6079 9591 -18598
6080 9579 -18506
6081 9579 -18482
6082 9625 -18570
6083 9589 -18494
6084 9545 -18398
6085 9613 -18494
6086 9633 -18598
6087 9611 -18546
6088 9609 -18526
6089 9629 -18542
6090 9637 -18586
6091 9605 -18478
6092 9599 -18482
6093 9625 -18574
6094 9627 -18602
6095 9665 -18638
6096 9683 -18614
6097 9723 -18766
6098 9715 -18758
6099 9681 -18762
6100 9685 -18766
6101 9653 -18562
6102 9661 -18634
6103 9701 -18722
6104 9689 -18750
6105 9665 -18674
6106 9693 -18706
6107 9653 -18618
6108 9603 -18462
6109 9619 -18570
6110 9637 -18678
6111 9625 -18558
6112 9651 -18682
6113 9633 -18618
6114 9571 -18426
6115 9579 -18542
6116 9617 -18598
6117 9643 -18670
6118 9637 -18666
6119 9619 -18546
6120 9643 -18574
6121 9623 -18578
6122 9543 -18322
6123 9585 -18470
6124 9565 -18378
6125 9549 -18354
6126 9573 -18434
6127 9667 -18650
6128 9633 -18602
6129 9605 -18510
6130 9627 -18618
6131 9615 -18538
6132 9661 -18650
6133 9599 -18474
6134 9667 -18566
6135 9671 -18762
6136 9687 -18646
6137 9713 -18794
6138 9649 -18674
6139 9663 -18666
6140 9601 -18550
6141 9497 -18306
6142 9525 -18438
6143 9493 -18382
6144 9547 -18362
6145 9509 -18314
6146 9513 -18370
6147 9503 -18330
6148 9537 -18414
6149 9501 -18362
6150 9469 -18266
6151 9531 -18382
6152 9573 -18462
6153 9563 -18458
6154 9525 -18306
6155 9521 -18298
6156 9537 -18382
6157 9503 -18206
6158 9601 -18498
6159 9593 -18454
6160 9629 -18554
6161 9601 -18498
6162 9587 -18490
6163 9597 -18562
6164 9565 -18506
6165 9549 -18394
6166 9579 -18466
6167 9567 -18354
6168 9529 -18226
6169 9643 -18498
6170 9683 -18650
6171 9651 -18618
6172 9661 -18614
6173 9681 -18666
6174 9663 -18674
6175 9657 -18654
6176 9621 -18558
6177 9605 -18602
6178 9567 -18534
6179 9563 -18494
6180 9529 -18402
6181 9493 -18346
6182 9437 -18130
6183 9425 -18218
6184 9509 -18362
6185 9531 -18406
6186 9575 -18550
6187 9581 -18570
6188 9577 -18550
6189 9587 -18626
6190 9603 -18626
6191 9581 -18550
6192 9485 -18270
6193 9507 -18322
6194 9425 -18142
6195 9505 -18366
6196 9563 -18562
6197 9591 -18606
6198 9643 -18738
6199 9707 -18826
6200 9749 -18974
6201 9747 -18874
6202 9729 -18902
6203 9711 -18782
6204 9719 -18846
6205 9631 -18582
6206 9697 -18726
6207 9739 -18846
6208 9681 -18682
6209 9617 -18530
6210 9609 -18554
6211 9645 -18614
6212 9705 -18742
6213 9745 -18858
6214 9695 -18782
6215 9679 -18766
6216 9609 -18578
6217 9589 -18478
6218 9595 -18522
6219 9581 -18582
6220 9489 -18326
6221 9473 -18250
6222 9511 -18306
6223 9485 -18338
6224 9507 -18294
6225 9559 -18442
6226 9571 -18498
6227 9609 -18526
6228 9623 -18594
6229 9625 -18558
6230 9573 -18502
6231 9585 -18550
6232 9563 -18450
6233 9627 -18546
6234 9615 -18542
6235 9641 -18590
6236 9655 -18678
6237 9643 -18646
6238 9581 -18442
6239 9509 -18230
6240 9633 -18622
6241 9667 -18686
6242 9603 -18514
6243 9687 -18850
6244 9645 -18670
6245 9723 -18922
6246 9613 -18550
6247 9661 -18662
6248 9635 -18662
6249 9639 -18762
6250 9583 -18554
6251 9611 -18666
6252 9615 -18598
6253 9675 -18734
6254 9611 -18502
6255 9639 -18598
6256 9629 -18562
6257 9611 -18602
6258 9611 -18574
6259 9575 -18422
6260 9661 -18706
6261 9647 -18590
6262 9593 -18490
6263 9631 -18622
6264 9631 -18626
6265 9671 -18694
6266 9653 -18774
6267 9659 -18750
6268 9605 -18594
6269 9593 -18526
6270 9623 -18570
6271 9589 -18542
6272 9609 -18530
6273 9593 -18518
6274 9613 -18530
6275 9639 -18582
6276 9635 -18626
6277 9593 -18466
6278 9551 -18482
6279 9617 -18654
6280 9685 -18762
6281 9665 -18722
6282 9597 -18542
6283 9633 -18658
6284 9545 -18414
6285 9599 -18570
6286 9607 -18510
6287 9641 -18630
6288 9607 -18506
6289 9591 -18470
6290 9613 -18506
6291 9591 -18490
6292 9631 -18686
6293 9679 -18734
6294 9661 -18702
6295 9677 -18782
6296 9653 -18710
6297 9535 -18366
6298 9551 -18374
6299 9527 -18314
6300 9423 -18214
6301 9487 -18342
6302 9545 -18406
6303 9583 -18578
6304 9641 -18698
6305 9621 -18666
6306 9591 -18578
6307 9545 -18434
6308 9571 -18406
6309 9551 -18498
6310 9595 -18666
6311 9573 -18502
6312 9645 -18598
6313 9591 -18418
6314 9597 -18470
6315 9681 -18682
6316 9679 -18670
6317 9681 -18690
6318 9629 -18490
6319 9561 -18366
6320 9591 -18438
6321 9599 -18526
6322 9573 -18418
6323 9547 -18450
6324 9549 -18438
6325 9525 -18302
6326 9481 -18298
6327 9485 -18234
6328 9493 -18242
6329 9565 -18450
6330 9571 -18486
6331 9537 -18442
6332 9519 -18406
6333 9529 -18350
6334 9549 -18394
6335 9509 -18254
6336 9539 -18402
6337 9589 -18466
6338 9629 -18634
6339 9631 -18610
6340 9569 -18494
6341 9597 -18510
6342 9641 -18538
6343 9713 -18806
6344 9709 -18822
6345 9635 -18626
6346 9601 -18494
6347 9633 -18618
6348 9623 -18554
6349 9659 -18666
6350 9647 -18674
6351 9561 -18438
6352 9571 -18542
6353 9617 -18690
6354 9635 -18670
6355 9641 -18638
6356 9673 -18714
6357 9593 -18534
6358 9553 -18366
6359 9575 -18426
6360 9567 -18422
6361 9553 -18318
6362 9581 -18430
6363 9667 -18642
6364 9637 -18574
6365 9643 -18654
6366 9693 -18770
6367 9657 -18682
6368 9599 -18566
6369 9621 -18566
6370 9663 -18722
6371 9615 -18562
6372 9673 -18726
6373 9655 -18666
6374 9687 -18734
6375 9709 -18810
6376 9703 -18806
6377 9675 -18702
6378 9675 -18722
6379 9669 -18734
6380 9663 -18686
6381 9669 -18698
6382 9707 -18850
6383 9707 -18738
6384 9675 -18690
6385 9609 -18450
6386 9601 -18450
6387 9695 -18774
6388 9629 -18654
6389 9661 -18662
6390 9743 -18870
6391 9733 -18882
6392 9633 -18618
6393 9597 -18558
6394 9575 -18454
6395 9587 -18554
6396 9549 -18342
6397 9627 -18550
6398 9651 -18622
6399 9689 -18718
6400 9615 -18502
6401 9597 -18418
6402 9615 -18538
6403 9683 -18706
6404 9615 -18606
6405 9577 -18442
6406 9569 -18418
6407 9587 -18514
6408 9611 -18550
6409 9549 -18410
6410 9585 -18382
6411 9645 -18650
6412 9593 -18530
6413 9541 -18458
6414 9597 -18518
6415 9607 -18514
6416 9547 -18418
6417 9529 -18302
6418 9563 -18442
6419 9531 -18282
6420 9637 -18586
6421 9587 -18422
6422 9603 -18534
6423 9613 -18542
6424 9703 -18738
6425 9689 -18718
6426 9685 -18686
6427 9657 -18642
6428 9647 -18626
6429 9665 -18670
6430 9661 -18562
6431 9621 -18490
6432 9567 -18442
6433 9615 -18586
6434 9611 -18518
6435 9565 -18478
6436 9595 -18550
6437 9661 -18742
6438 9591 -18566
6439 9575 -18526
6440 9589 -18482
6441 9571 -18474
6442 9549 -18454
6443 9521 -18398
6444 9543 -18362
6445 9575 -18506
6446 9619 -18610
6447 9671 -18714
6448 9599 -18522
6449 9583 -18422
6450 9611 -18566
6451 9611 -18506
6452 9637 -18626
6453 9659 -18730
6454 9673 -18746
6455 9585 -18478
6456 9631 -18654
6457 9629 -18570
6458 9607 -18530
6459 9585 -18430
6460 9587 -18398
6461 9621 -18590
6462 9625 -18542
6463 9659 -18658
6464 9701 -18826
6465 9689 -18766
6466 9675 -18678
6467 9685 -18738
6468 9699 -18766
6469 9713 -18838
6470 9643 -18630
6471 9625 -18566
6472 9599 -18426
6473 9569 -18486
6474 9621 -18610
6475 9671 -18754
6476 9683 -18734
6477 9709 -18830
6478 9651 -18678
6479 9635 -18622
6480 9631 -18574
6481 9613 -18522
6482 9557 -18386
6483 9653 -18574
6484 9683 -18602
6485 9661 -18582
6486 9673 -18650
6487 9595 -18450
6488 9547 -18350
6489 9509 -18294
6490 9521 -18318
6491 9553 -18434
6492 9511 -18378
6493 9533 -18546
6494 9537 -18478
6495 9535 -18482
6496 9579 -18690
6497 9561 -18646
6498 9567 -18610
6499 9557 -18606
6500 9565 -18582
6501 9511 -18430
6502 9529 -18474
6503 9555 -18482
6504 9633 -18594
6505 9619 -18598
6506 9661 -18654
6507 9683 -18710
6508 9645 -18542
6509 9605 -18554
6510 9591 -18534
6511 9555 -18406
6512 9557 -18474
6513 9511 -18374
6514 9537 -18422
6515 9585 -18474
6516 9501 -18286
6517 9603 -18618
6518 9563 -18586
6519 9589 -18590
6520 9505 -18454
6521 9555 -18594
6522 9581 -18646
6523 9571 -18610
6524 9539 -18566
6525 9555 -18538
6526 9501 -18362
6527 9507 -18378
6528 9507 -18362
6529 9581 -18562
6530 9595 -18586
6531 9609 -18642
6532 9583 -18586
6533 9611 -18690
6534 9635 -18654
6535 9649 -18738
6536 9621 -18598
6537 9611 -18586
6538 9633 -18574
6539 9589 -18462
6540 9571 -18498
6541 9565 -18422
6542 9551 -18382
6543 9565 -18386
6544 9609 -18530
6545 9611 -18578
6546 9617 -18566
6547 9605 -18510
6548 9621 -18602
6549 9611 -18518
6550 9631 -18686
6551 9689 -18814
6552 9647 -18714
6553 9605 -18550
6554 9629 -18562
6555 9627 -18562
6556 9621 -18538
6557 9611 -18486
6558 9629 -18606
6559 9593 -18526
6560 9549 -18314
6561 9601 -18606
6562 9639 -18618
6563 9607 -18558
6564 9591 -18530
6565 9649 -18654
6566 9607 -18590
6567 9609 -18638
6568 9549 -18470
6569 9597 -18526
6570 9677 -18650
6571 9671 -18622
6572 9629 -18522
6573 9615 -18554
6574 9679 -18686
6575 9599 -18558
6576 9603 -18482
6577 9673 -18666
6578 9627 -18598
6579 9599 -18534
6580 9561 -18454
6581 9607 -18554
6582 9571 -18446
6583 9583 -18450
6584 9573 -18462
6585 9579 -18494
6586 9529 -18294
6587 9483 -18254
6588 9547 -18422
6589 9555 -18414
6590 9565 -18522
6591 9607 -18558
6592 9571 -18438
6593 9649 -18610
6594 9647 -18662
6595 9661 -18638
6596 9705 -18706
6597 9703 -18750
6598 9679 -18642
6599 9635 -18566
6600 9637 -18478
6601 9665 -18574
6602 9687 -18666
6603 9653 -18654
6604 9647 -18610
6605 9665 -18602
6606 9683 -18630
6607 9699 -18702
6608 9695 -18674
6609 9625 -18526
6610 9673 -18626
6611 9713 -18838
6612 9613 -18530
6613 9631 -18630
6614 9613 -18582
6615 9619 -18638
6616 9599 -18526
6617 9633 -18618
6618 9689 -18758
6619 9765 -18910
6620 9705 -18838
6621 9675 -18746
6622 9669 -18590
6623 9675 -18658
6624 9629 -18546
6625 9587 -18458
6626 9609 -18562
6627 9603 -18586
6628 9575 -18462
6629 9617 -18594
6630 9585 -18498
6631 9713 -18786
6632 9741 -18878
6633 9699 -18806
6634 9683 -18730
6635 9699 -18754
6636 9657 -18610
6637 9649 -18634
6638 9627 -18542
6639 9645 -18622
6640 9617 -18582
6641 9587 -18598
6642 9721 -18806
6643 9649 -18618
6644 9649 -18658
6645 9669 -18738
6646 9705 -18762
6647 9685 -18698
6648 9659 -18578
6649 9621 -18574
6650 9675 -18682
6651 9667 -18726
6652 9703 -18834
6653 9683 -18758
6654 9665 -18714
6655 9721 -18774
6656 9713 -18822
6657 9639 -18546
6658 9679 -18702
6659 9693 -18674
6660 9715 -18814
6661 9619 -18634
6662 9581 -18570
6663 9613 -18618
6664 9617 -18578
6665 9613 -18546
6666 9631 -18530
6667 9545 -18310
6668 9569 -18394
6669 9557 -18378
6670 9603 -18502
6671 9657 -18646
6672 9621 -18634
6673 9651 -18642
6674 9643 -18610
6675 9713 -18754
6676 9709 -18802
6677 9725 -18902
6678 9661 -18678
6679 9641 -18614
6680 9649 -18626
6681 9587 -18526
6682 9529 -18366
6683 9517 -18342
6684 9489 -18214
6685 9543 -18386
6686 9547 -18398
6687 9571 -18450
6688 9567 -18430
6689 9507 -18370
6690 9495 -18270
6691 9525 -18334
6692 9583 -18506
6693 9583 -18598
6694 9599 -18634
6695 9663 -18726
6696 9597 -18570
6697 9657 -18610
6698 9619 -18578
6699 9599 -18522
6700 9641 -18630
6701 9637 -18574
6702 9639 -18574
6703 9703 -18758
6704 9703 -18774
6705 9671 -18714
6706 9649 -18662
6707 9683 -18758
6708 9639 -18622
6709 9735 -18870
6710 9719 -18898
6711 9707 -18842
6712 9675 -18706
6713 9655 -18646
6714 9641 -18610
6715 9617 -18630
6716 9611 -18606
6717 9605 -18606
6718 9603 -18570
6719 9635 -18626
6720 9609 -18542
6721 9607 -18546
6722 9563 -18434
6723 9619 -18590
6724 9535 -18366
6725 9557 -18450
6726 9533 -18406
6727 9555 -18538
6728 9523 -18470
6729 9539 -18430
6730 9599 -18582
6731 9641 -18686
6732 9665 -18698
6733 9659 -18686
6734 9667 -18666
6735 9655 -18682
6736 9595 -18450
6737 9617 -18578
6738 9561 -18454
6739 9629 -18654
6740 9585 -18562
6741 9611 -18590
6742 9501 -18454
6743 9503 -18470
6744 9413 -18338
6745 9495 -18502
6746 9479 -18450
6747 9455 -18290
6748 9463 -18346
6749 9493 -18374
6750 9405 -18074
6751 9387 -18106
6752 9501 -18378
6753 9501 -18386
6754 9557 -18490
6755 9563 -18534
6756 9593 -18530
6757 9589 -18546
6758 9537 -18394
6759 9531 -18390
6760 9537 -18386
6761 9489 -18266
6762 9551 -18442
6763 9553 -18394
6764 9525 -18302
6765 9517 -18330
6766 9551 -18418
6767 9573 -18474
6768 9565 -18338
6769 9657 -18658
6770 9589 -18498
6771 9563 -18454
6772 9609 -18614
6773 9617 -18658
6774 9675 -18830
6775 9659 -18758
6776 9621 -18654
6777 9641 -18598
6778 9663 -18730
6779 9643 -18686
6780 9639 -18698
6781 9581 -18518
6782 9541 -18474
6783 9535 -18350
6784 9581 -18498
6785 9555 -18374
6786 9543 -18362
6787 9523 -18346
6788 9589 -18466
6789 9647 -18678
6790 9597 -18550
6791 9591 -18546
6792 9573 -18422
6793 9571 -18394
6794 9559 -18406
6795 9623 -18590
6796 9653 -18658
6797 9709 -18818
6798 9713 -18814
6799 9737 -18882
6800 9663 -18702
6801 9655 -18650
6802 9585 -18482
6803 9595 -18514
6804 9567 -18470
6805 9549 -18474
6806 9559 -18478
6807 9549 -18382
6808 9651 -18622
6809 9631 -18606
6810 9583 -18482
6811 9615 -18562
6812 9667 -18734
6813 9639 -18658
6814 9643 -18662
6815 9633 -18626
6816 9663 -18686
6817 9655 -18610
6818 9599 -18514
6819 9645 -18570
6820 9623 -18462
6821 9663 -18606
6822 9729 -18846
6823 9679 -18694
6824 9613 -18506
6825 9647 -18558
6826 9625 -18542
6827 9539 -18314
6828 9603 -18470
6829 9641 -18578
6830 9639 -18594
6831 9625 -18562
6832 9631 -18578
6833 9615 -18498
6834 9615 -18510
6835 9587 -18522
6836 9587 -18470
6837 9585 -18510
6838 9587 -18530
6839 9585 -18566
6840 9549 -18434
6841 9529 -18438
6842 9507 -18314
6843 9609 -18606
6844 9615 -18574
6845 9575 -18518
6846 9629 -18602
6847 9653 -18646
6848 9605 -18530
6849 9611 -18582
6850 9549 -18374
6851 9565 -18414
6852 9583 -18422
6853 9603 -18494
6854 9607 -18522
6855 9635 -18566
6856 9743 -18818
6857 9713 -18734
6858 9669 -18602
6859 9681 -18710
6860 9639 -18618
6861 9569 -18362
6862 9573 -18378
6863 9581 -18414
6864 9581 -18470
6865 9641 -18714
6866 9637 -18590
6867 9643 -18646
6868 9705 -18790
6869 9697 -18798
6870 9625 -18618
6871 9669 -18738
6872 9647 -18618
6873 9637 -18598
6874 9631 -18646
6875 9627 -18614
6876 9661 -18654
6877 9655 -18670
6878 9607 -18494
6879 9667 -18678
6880 9647 -18674
6881 9573 -18434
6882 9551 -18490
6883 9525 -18378
6884 9559 -18522
6885 9593 -18598
6886 9613 -18646
6887 9621 -18670
6888 9613 -18582
6889 9617 -18574
6890 9629 -18622
6891 9703 -18898
6892 9655 -18722
6893 9707 -18850
6894 9645 -18718
6895 9609 -18562
6896 9597 -18478
6897 9565 -18402
6898 9563 -18426
6899 9573 -18426
6900 9629 -18598
6901 9617 -18586
6902 9559 -18458
6903 9617 -18546
6904 9663 -18698
6905 9617 -18566
6906 9647 -18646
6907 9707 -18850
6908 9735 -18866
6909 9649 -18610
6910 9701 -18798
6911 9729 -18834
6912 9721 -18802
6913 9699 -18822
6914 9641 -18566
6915 9615 -18502
6916 9613 -18526
6917 9585 -18498
6918 9619 -18474
6919 9543 -18354
6920 9537 -18298
6921 9613 -18534
6922 9675 -18770
6923 9685 -18734
6924 9713 -18762
6925 9765 -18942
6926 9763 -18962
6927 9747 -18858
6928 9723 -18818
6929 9731 -18858
6930 9779 -19010
6931 9639 -18638
6932 9641 -18630
6933 9573 -18446
6934 9569 -18426
6935 9591 -18546
6936 9517 -18418
6937 9549 -18434
6938 9547 -18390
6939 9643 -18642
6940 9633 -18618
6941 9593 -18530
6942 9591 -18478
6943 9623 -18630
6944 9589 -18522
6945 9647 -18650
6946 9651 -18714
6947 9709 -18838
6948 9681 -18774
6949 9639 -18638
6950 9645 -18638
6951 9675 -18830
6952 9619 -18594
6953 9607 -18602
6954 9645 -18690
6955 9635 -18650
6956 9601 -18586
6957 9613 -18634
6958 9577 -18494
6959 9597 -18578
6960 9599 -18622
6961 9543 -18418
6962 9577 -18526
6963 9507 -18354
6964 9533 -18414
6965 9501 -18326
6966 9489 -18318
6967 9505 -18430
6968 9481 -18314
6969 9523 -18338
6970 9575 -18534
6971 9601 -18518
6972 9557 -18374
6973 9581 -18466
6974 9657 -18670
6975 9661 -18674
6976 9613 -18530
6977 9557 -18402
6978 9571 -18454
6979 9519 -18326
6980 9535 -18410
6981 9505 -18358
6982 9549 -18382
6983 9647 -18594
6984 9623 -18502
6985 9627 -18566
6986 9503 -18206
6987 9533 -18310
6988 9567 -18402
6989 9637 -18578
6990 9613 -18550
6991 9665 -18662
6992 9631 -18526
6993 9655 -18698
6994 9667 -18726
6995 9695 -18770
6996 9687 -18674
6997 9649 -18526
6998 9701 -18730
6999 9663 -18646
7000 9673 -18638
7001 9715 -18814
7002 9719 -18786
7003 9671 -18686
7004 9625 -18598
7005 9615 -18546
7006 9553 -18502
7007 9573 -18562
7008 9539 -18414
7009 9595 -18550
7010 9613 -18542
7011 9667 -18646
7012 9667 -18626
7013 9647 -18614
7014 9617 -18618
7015 9619 -18622
7016 9559 -18494
7017 9591 -18542
7018 9633 -18718
7019 9597 -18606
7020 9577 -18522
7021 9449 -18166
7022 9425 -18110
7023 9497 -18258
7024 9499 -18310
7025 9605 -18578
7026 9673 -18682
7027 9715 -18782
7028 9659 -18650
7029 9637 -18658
7030 9543 -18410
7031 9505 -18286
7032 9469 -18162
7033 9529 -18370
7034 9601 -18546
7035 9617 -18618
7036 9603 -18574
7037 9609 -18582
7038 9603 -18522
7039 9585 -18506
7040 9617 -18558
7041 9591 -18442
7042 9669 -18630
7043 9639 -18610
7044 9675 -18734
7045 9685 -18742
7046 9649 -18662
7047 9645 -18634
7048 9591 -18442
7049 9569 -18374
7050 9637 -18674
7051 9663 -18738
7052 9611 -18562
7053 9593 -18602
7054 9601 -18638
7055 9567 -18466
7056 9605 -18566
7057 9709 -18826
7058 9661 -18694
7059 9645 -18634
7060 9615 -18570
7061 9587 -18458
7062 9541 -18362
7063 9577 -18546
7064 9553 -18474
7065 9581 -18478
7066 9631 -18670
7067 9623 -18638
7068 9595 -18566
7069 9669 -18782
7070 9685 -18742
7071 9727 -18826
7072 9689 -18698
7073 9679 -18698
7074 9619 -18566
7075 9627 -18634
7076 9575 -18486
7077 9609 -18550
7078 9605 -18534
7079 9561 -18378
7080 9567 -18462
7081 9543 -18386
7082 9525 -18354
7083 9479 -18206
7084 9545 -18454
7085 9623 -18558
7086 9623 -18626
7087 9671 -18726
7088 9663 -18686
7089 9633 -18662
7090 9689 -18746
7091 9639 -18618
7092 9599 -18538
7093 9607 -18578
7094 9569 -18470
7095 9595 -18510
7096 9617 -18506
7097 9597 -18494
7098 9609 -18526
7099 9667 -18674
7100 9649 -18586
7101 9581 -18470
7102 9619 -18550
7103 9545 -18402
7104 9593 -18502
7105 9567 -18422
7106 9571 -18482
7107 9581 -18526
7108 9611 -18606
7109 9571 -18402
7110 9539 -18370
7111 9549 -18414
7112 9589 -18554
7113 9567 -18466
7114 9613 -18606
7115 9587 -18470
7116 9647 -18630
7117 9551 -18326
7118 9621 -18518
7119 9717 -18782
7120 9643 -18594
7121 9661 -18642
7122 9621 -18558
7123 9631 -18626
7124 9661 -18618
7125 9661 -18582
7126 9677 -18662
7127 9655 -18634
7128 9665 -18622
7129 9621 -18566
7130 9589 -18538
7131 9665 -18698
7132 9689 -18730
7133 9693 -18762
7134 9679 -18802
7135 9637 -18622
7136 9641 -18682
7137 9611 -18578
7138 9511 -18346
7139 9525 -18366
7140 9581 -18526
7141 9613 -18602
7142 9641 -18738
7143 9571 -18514
7144 9571 -18446
7145 9659 -18690
7146 9679 -18734
7147 9687 -18694
7148 9711 -18806
7149 9685 -18726
7150 9631 -18638
7151 9585 -18546
7152 9571 -18546
7153 9595 -18506
7154 9605 -18582
7155 9623 -18586
7156 9581 -18426
7157 9649 -18610
7158 9655 -18614
7159 9681 -18598
7160 9695 -18686
7161 9739 -18858
7162 9733 -18890
7163 9703 -18774
7164 9671 -18614
7165 9649 -18602
7166 9629 -18574
7167 9635 -18538
7168 9625 -18594
7169 9619 -18538
7170 9531 -18370
7171 9561 -18338
7172 9601 -18462
7173 9655 -18626
7174 9659 -18686
7175 9657 -18590
7176 9685 -18662
7177 9647 -18586
7178 9699 -18722
7179 9731 -18894
7180 9621 -18550
7181 9557 -18410
7182 9593 -18578
7183 9589 -18510
7184 9571 -18450
7185 9643 -18634
7186 9639 -18678
7187 9561 -18390
7188 9603 -18522
7189 9631 -18622
7190 9651 -18626
7191 9643 -18658
7192 9663 -18618
7193 9629 -18562
7194 9623 -18462
7195 9629 -18530
7196 9645 -18574
7197 9651 -18666
7198 9725 -18866
7199 9699 -18794
7200 9653 -18666
7201 9585 -18474
7202 9587 -18454
7203 9517 -18366
7204 9585 -18494
7205 9633 -18586
7206 9649 -18618
7207 9687 -18810
7208 9653 -18730
7209 9615 -18550
7210 9631 -18590
7211 9631 -18594
7212 9635 -18630
7213 9677 -18774
7214 9679 -18794
7215 9633 -18618
7216 9601 -18478
7217 9601 -18394
7218 9591 -18562
7219 9617 -18578
7220 9649 -18638
7221 9603 -18482
7222 9701 -18754
7223 9605 -18550
7224 9645 -18650
7225 9627 -18586
7226 9577 -18402
7227 9647 -18626
7228 9685 -18778
7229 9639 -18578
7230 9623 -18534
7231 9601 -18526
7232 9623 -18642
7233 9603 -18602
7234 9561 -18418
7235 9541 -18414
7236 9547 -18402
7237 9605 -18502
7238 9685 -18690
7239 9711 -18798
7240 9747 -18894
7241 9737 -18798
7242 9733 -18822
7243 9703 -18810
7244 9601 -18554
7245 9681 -18762
7246 9607 -18466
7247 9621 -18594
7248 9607 -18534
7249 9621 -18646
7250 9555 -18506
7251 9623 -18702
7252 9581 -18502
7253 9505 -18342
7254 9557 -18462
7255 9639 -18702
7256 9585 -18522
7257 9555 -18494
7258 9505 -18358
7259 9475 -18410
7260 9533 -18450
7261 9585 -18714
7262 9529 -18406
7263 9537 -18402
7264 9617 -18566
7265 9627 -18514
7266 9663 -18690
7267 9703 -18778
7268 9685 -18714
7269 9657 -18642
7270 9585 -18506
7271 9609 -18610
7272 9601 -18618
7273 9619 -18662
7274 9627 -18630
7275 9627 -18618
7276 9677 -18742
7277 9733 -18878
7278 9711 -18830
7279 9715 -18826
7280 9689 -18742
7281 9687 -18754
7282 9635 -18602
7283 9625 -18554
7284 9653 -18678
7285 9655 -18670
7286 9595 -18550
7287 9561 -18446
7288 9579 -18426
7289 9583 -18546
7290 9625 -18622
7291 9565 -18430
7292 9581 -18534
7293 9535 -18378
7294 9513 -18230
7295 9525 -18322
7296 9543 -18462
7297 9531 -18386
7298 9543 -18486
7299 9539 -18334
7300 9593 -18470
7301 9629 -18550
7302 9705 -18798
7303 9693 -18754
7304 9695 -18746
7305 9669 -18718
7306 9601 -18562
7307 9613 -18602
7308 9655 -18674
7309 9577 -18482
7310 9651 -18674
7311 9717 -18826
7312 9689 -18814
7313 9633 -18618
7314 9617 -18562
7315 9573 -18462
7316 9555 -18522
7317 9517 -18438
7318 9479 -18378
7319 9591 -18530
7320 9627 -18582
7321 9647 -18670
7322 9679 -18830
7323 9621 -18738
7324 9637 -18734
7325 9571 -18534
7326 9559 -18438
7327 9537 -18378
7328 9593 -18534
7329 9547 -18510
7330 9553 -18558
7331 9551 -18586
7332 9551 -18558
7333 9531 -18506
7334 9581 -18530
7335 9655 -18714
7336 9631 -18658
7337 9617 -18714
7338 9633 -18690
7339 9567 -18582
7340 9547 -18438
7341 9547 -18458
7342 9577 -18530
7343 9621 -18578
7344 9649 -18626
7345 9611 -18558
7346 9623 -18554
7347 9595 -18462
7348 9613 -18550
7349 9663 -18698
7350 9633 -18686
7351 9589 -18526
7352 9649 -18602
7353 9639 -18638
7354 9677 -18686
7355 9599 -18490
7356 9615 -18594
7357 9593 -18590
7358 9573 -18506
7359 9571 -18554
7360 9551 -18514
7361 9497 -18406
7362 9461 -18282
7363 9497 -18382
7364 9487 -18342
7365 9497 -18374
7366 9485 -18446
7367 9515 -18362
7368 9575 -18466
7369 9611 -18578
7370 9625 -18658
7371 9613 -18562
7372 9663 -18654
7373 9631 -18590
7374 9671 -18658
7375 9675 -18638
7376 9697 -18726
7377 9643 -18598
7378 9653 -18598
7379 9655 -18622
7380 9707 -18682
7381 9677 -18662
7382 9653 -18666
7383 9631 -18646
7384 9609 -18586
7385 9629 -18666
7386 9593 -18530
7387 9615 -18638
7388 9547 -18430
7389 9573 -18510
7390 9567 -18402
7391 9537 -18374
7392 9547 -18382
7393 9557 -18342
7394 9505 -18314
7395 9537 -18450
7396 9565 -18430
7397 9551 -18382
7398 9551 -18370
7399 9615 -18606
7400 9643 -18586
7401 9613 -18526
7402 9617 -18538
7403 9621 -18566
7404 9625 -18590
7405 9603 -18514
7406 9679 -18658
7407 9633 -18534
7408 9599 -18490
7409 9597 -18494
7410 9591 -18482
7411 9529 -18298
7412 9567 -18526
7413 9551 -18466
7414 9599 -18602
7415 9543 -18370
7416 9577 -18446
7417 9599 -18598
7418 9569 -18458
7419 9561 -18474
7420 9641 -18738
7421 9599 -18602
7422 9671 -18786
7423 9593 -18462
7424 9567 -18450
7425 9521 -18350
7426 9557 -18458
7427 9543 -18402
7428 9521 -18410
7429 9525 -18470
7430 9505 -18334
7431 9559 -18478
7432 9667 -18750
7433 9657 -18634
7434 9687 -18750
7435 9659 -18662
7436 9623 -18598
7437 9675 -18726
7438 9583 -18538
7439 9617 -18554
7440 9645 -18606
7441 9649 -18562
7442 9681 -18674
7443 9661 -18674
7444 9673 -18718
7445 9629 -18630
7446 9609 -18558
7447 9573 -18486
7448 9569 -18486
7449 9601 -18598
7450 9559 -18566
7451 9571 -18550
7452 9561 -18454
7453 9545 -18458
7454 9553 -18462
7455 9539 -18430
7456 9615 -18586
7457 9605 -18614
7458 9679 -18770
7459 9589 -18442
7460 9617 -18606
7461 9627 -18578
7462 9623 -18602
7463 9613 -18578
7464 9649 -18670
7465 9689 -18750
7466 9665 -18618
7467 9677 -18702
7468 9631 -18506
7469 9613 -18442
7470 9673 -18666
7471 9637 -18546
7472 9669 -18642
7473 9657 -18610
7474 9671 -18678
7475 9641 -18570
7476 9637 -18634
7477 9649 -18710
7478 9637 -18606
7479 9599 -18514
7480 9643 -18618
7481 9737 -18802
7482 9757 -18938
7483 9643 -18602
7484 9629 -18622
7485 9609 -18546
7486 9641 -18626
7487 9607 -18594
7488 9591 -18510
7489 9627 -18590
7490 9567 -18426
7491 9595 -18494
7492 9617 -18510
7493 9619 -18502
7494 9629 -18566
7495 9653 -18562
7496 9627 -18486
7497 9669 -18606
7498 9685 -18710
7499 9631 -18582
7500 9577 -18462
7501 9529 -18310
7502 9525 -18298
7503 9533 -18338
7504 9543 -18370
7505 9587 -18510
7506 9591 -18490
7507 9591 -18530
7508 9581 -18546
7509 9605 -18578
7510 9651 -18654
7511 9661 -18686
7512 9635 -18642
7513 9643 -18734
7514 9643 -18598
7515 9631 -18602
7516 9581 -18450
7517 9617 -18654
7518 9589 -18606
7519 9527 -18430
7520 9573 -18518
7521 9601 -18538
7522 9587 -18466
7523 9565 -18454
7524 9617 -18498
7525 9549 -18470
7526 9609 -18622
7527 9655 -18710
7528 9615 -18642
7529 9577 -18522
7530 9601 -18514
7531 9653 -18654
7532 9619 -18542
7533 9657 -18682
7534 9647 -18650
7535 9643 -18722
7536 9623 -18586
7537 9671 -18694
7538 9639 -18590
7539 9607 -18502
7540 9643 -18614
7541 9625 -18534
7542 9687 -18758
7543 9639 -18674
7544 9585 -18518
7545 9579 -18506
7546 9613 -18502
7547 9649 -18686
7548 9633 -18606
7549 9677 -18682
7550 9689 -18766
7551 9681 -18718
7552 9653 -18626
7553 9681 -18666
7554 9677 -18642
7555 9759 -18862
7556 9667 -18618
7557 9707 -18762
7558 9717 -18786
7559 9653 -18662
7560 9623 -18570
7561 9659 -18618
7562 9605 -18502
7563 9675 -18718
7564 9709 -18806
7565 9693 -18742
7566 9659 -18658
7567 9661 -18682
7568 9659 -18658
7569 9613 -18526
7570 9575 -18446
7571 9563 -18442
7572 9483 -18278
7573 9493 -18266
7574 9525 -18358
7575 9579 -18482
7576 9591 -18570
7577 9539 -18470
7578 9507 -18482
7579 9455 -18306
7580 9475 -18382
7581 9451 -18390
7582 9483 -18434
7583 9539 -18506
7584 9517 -18518
7585 9519 -18394
7586 9511 -18334
7587 9567 -18546
7588 9517 -18366
7589 9547 -18494
7590 9597 -18554
7591 9561 -18502
7592 9557 -18410
7593 9505 -18266
7594 9543 -18370
7595 9617 -18638
7596 9629 -18546
7597 9569 -18406
7598 9631 -18662
7599 9653 -18746
7600 9689 -18730
7601 9659 -18658
7602 9727 -18810
7603 9659 -18710
7604 9661 -18722
7605 9639 -18630
7606 9579 -18506
7607 9609 -18658
7608 9677 -18770
7609 9611 -18634
7610 9551 -18454
7611 9497 -18330
7612 9531 -18334
7613 9539 -18302
7614 9577 -18458
7615 9555 -18406
7616 9621 -18594
7617 9679 -18710
7618 9665 -18694
7619 9625 -18634
7620 9623 -18626
7621 9617 -18574
7622 9631 -18702
7623 9653 -18678
7624 9653 -18646
7625 9639 -18562
7626 9579 -18582
7627 9527 -18426
7628 9551 -18526
7629 9513 -18398
7630 9503 -18434
7631 9533 -18498
7632 9501 -18354
7633 9465 -18234
7634 9535 -18510
7635 9515 -18438
7636 9593 -18550
7637 9595 -18562
7638 9565 -18434
7639 9555 -18482
7640 9573 -18406
7641 9653 -18598
7642 9703 -18714
7643 9679 -18638
7644 9667 -18662
7645 9659 -18670
7646 9607 -18538
7647 9605 -18418
7648 9631 -18550
7649 9591 -18446
7650 9619 -18518
7651 9605 -18522
7652 9617 -18542
7653 9687 -18814
7654 9683 -18694
7655 9701 -18726
7656 9701 -18738
7657 9721 -18782
7658 9691 -18698
7659 9693 -18662
7660 9697 -18710
7661 9697 -18698
7662 9699 -18726
7663 9735 -18782
7664 9651 -18610
7665 9741 -18838
7666 9703 -18746
7667 9763 -18962
7668 9713 -18798
7669 9681 -18718
7670 9613 -18538
7671 9597 -18478
7672 9527 -18330
7673 9541 -18358
7674 9537 -18390
7675 9553 -18350
7676 9541 -18410
7677 9515 -18334
7678 9583 -18526
7679 9559 -18362
7680 9539 -18390
7681 9513 -18310
7682 9577 -18442
7683 9637 -18590
7684 9713 -18806
7685 9711 -18810
7686 9689 -18758
7687 9673 -18702
7688 9653 -18630
7689 9615 -18614
7690 9593 -18398
7691 9585 -18442
7692 9589 -18466
7693 9615 -18442
7694 9549 -18390
7695 9523 -18310
7696 9571 -18386
7697 9673 -18726
7698 9621 -18518
7699 9627 -18586
7700 9633 -18606
7701 9641 -18758
7702 9667 -18730
7703 9647 -18678
7704 9627 -18658
7705 9629 -18750
7706 9639 -18606
7707 9659 -18666
7708 9593 -18454
7709 9567 -18418
7710 9609 -18498
7711 9599 -18510
7712 9583 -18510
7713 9615 -18626
7714 9619 -18598
7715 9587 -18498
7716 9603 -18518
7717 9595 -18550
7718 9563 -18458
7719 9649 -18714
7720 9657 -18774
7721 9641 -18726
7722 9635 -18650
7723 9635 -18622
7724 9633 -18610
7725 9645 -18674
7726 9677 -18758
7727 9661 -18682
7728 9705 -18826
7729 9653 -18670
7730 9639 -18658
7731 9645 -18654
7732 9621 -18622
7733 9635 -18590
7734 9653 -18638
7735 9639 -18614
7736 9625 -18550
7737 9583 -18430
7738 9601 -18542
7739 9579 -18462
7740 9551 -18378
7741 9599 -18434
7742 9619 -18618
7743 9611 -18590
7744 9619 -18550
7745 9647 -18682
7746 9631 -18550
7747 9675 -18658
7748 9697 -18714
7749 9727 -18826
7750 9787 -18938
7751 9711 -18698
7752 9643 -18526
7753 9707 -18766
7754 9697 -18722
7755 9691 -18798
7756 9663 -18718
7757 9579 -18526
7758 9579 -18474
7759 9561 -18386
7760 9619 -18542
7761 9611 -18526
7762 9577 -18482
7763 9669 -18646
7764 9611 -18478
7765 9591 -18462
7766 9565 -18538
7767 9587 -18490
7768 9617 -18690
7769 9573 -18478
7770 9593 -18550
7771 9533 -18358
7772 9595 -18582
7773 9597 -18506
7774 9567 -18486
7775 9525 -18426
7776 9521 -18402
7777 9517 -18430
7778 9579 -18526
7779 9589 -18574
7780 9541 -18382
7781 9603 -18590
7782 9611 -18562
7783 9617 -18538
7784 9627 -18598
7785 9639 -18634
7786 9589 -18538
7787 9597 -18550
7788 9619 -18578
7789 9573 -18410
7790 9635 -18554
7791 9627 -18514
7792 9631 -18610
7793 9615 -18590
7794 9587 -18510
7795 9589 -18466
7796 9611 -18546
7797 9599 -18530
7798 9587 -18430
7799 9619 -18502
7800 9635 -18530
7801 9625 -18594
7802 9647 -18622
7803 9689 -18670
7804 9637 -18538
7805 9685 -18674
7806 9621 -18534
7807 9661 -18666
7808 9655 -18702
7809 9693 -18766
7810 9623 -18602
7811 9553 -18386
7812 9609 -18586
7813 9655 -18678
7814 9677 -18742
7815 9661 -18686
7816 9649 -18670
7817 9691 -18822
7818 9641 -18642
7819 9609 -18602
7820 9579 -18530
7821 9581 -18566
7822 9591 -18494
7823 9663 -18666
7824 9637 -18626
7825 9591 -18494
7826 9601 -18514
7827 9571 -18498
7828 9583 -18518
7829 9591 -18498
7830 9581 -18538
7831 9537 -18430
7832 9607 -18502
7833 9623 -18546
7834 9663 -18654
7835 9633 -18586
7836 9611 -18530
7837 9629 -18590
7838 9695 -18734
7839 9701 -18778
7840 9661 -18666
7841 9691 -18754
7842 9711 -18758
7843 9683 -18658
7844 9687 -18730
7845 9633 -18614
7846 9695 -18850
7847 9639 -18710
7848 9651 -18638
7849 9643 -18582
7850 9671 -18678
7851 9631 -18610
7852 9575 -18418
7853 9621 -18526
7854 9613 -18522
7855 9587 -18490
7856 9641 -18678
7857 9639 -18694
7858 9667 -18774
7859 9651 -18702
7860 9609 -18546
7861 9557 -18398
7862 9595 -18562
7863 9609 -18538
7864 9551 -18378
7865 9589 -18470
7866 9627 -18562
7867 9567 -18326
7868 9555 -18374
7869 9559 -18442
7870 9573 -18494
7871 9599 -18506
7872 9597 -18538
7873 9647 -18646
7874 9629 -18650
7875 9639 -18650
7876 9631 -18638
7877 9609 -18570
7878 9665 -18698
7879 9681 -18738
7880 9729 -18870
7881 9691 -18766
7882 9665 -18618
7883 9687 -18686
7884 9679 -18642
7885 9669 -18650
7886 9613 -18498
7887 9715 -18810
7888 9657 -18638
7889 9653 -18602
7890 9641 -18590
7891 9691 -18758
7892 9685 -18706
7893 9661 -18662
7894 9671 -18726
7895 9725 -18790
7896 9673 -18606
7897 9611 -18490
7898 9621 -18586
7899 9633 -18594
7900 9587 -18522
7901 9575 -18378
7902 9617 -18538
7903 9663 -18682
7904 9637 -18642
7905 9613 -18594
7906 9595 -18550
7907 9577 -18558
7908 9521 -18342
7909 9565 -18442
7910 9553 -18454
7911 9551 -18486
7912 9563 -18422
7913 9609 -18606
7914 9581 -18598
7915 9513 -18418
7916 9521 -18446
7917 9515 -18378
7918 9511 -18458
7919 9555 -18674
7920 9493 -18494
7921 9491 -18450
7922 9455 -18370
7923 9479 -18422
7924 9485 -18418
7925 9547 -18630
7926 9505 -18522
7927 9503 -18458
7928 9475 -18346
7929 9559 -18446
7930 9523 -18462
7931 9517 -18482
7932 9579 -18698
7933 9579 -18706
7934 9551 -18626
7935 9601 -18782
7936 9587 -18578
7937 9571 -18542
7938 9537 -18438
7939 9559 -18446
7940 9561 -18490
7941 9573 -18502
7942 9613 -18590
7943 9611 -18538
7944 9607 -18550
7945 9601 -18562
7946 9687 -18730
7947 9677 -18710
7948 9659 -18706
7949 9655 -18622
7950 9693 -18766
7951 9653 -18694
7952 9643 -18690
7953 9597 -18550
7954 9683 -18702
7955 9621 -18590
7956 9591 -18498
7957 9539 -18358
7958 9559 -18422
7959 9587 -18506
7960 9589 -18498
7961 9593 -18594
7962 9509 -18358
7963 9537 -18450
7964 9549 -18346
7965 9635 -18530
7966 9621 -18522
7967 9665 -18662
7968 9681 -18682
7969 9663 -18702
7970 9635 -18626
7971 9611 -18586
7972 9607 -18554
7973 9607 -18582
7974 9549 -18458
7975 9563 -18442
7976 9611 -18546
7977 9641 -18638
7978 9633 -18642
7979 9571 -18418
7980 9613 -18498
7981 9547 -18354
7982 9617 -18522
7983 9579 -18438
7984 9609 -18586
7985 9593 -18530
7986 9573 -18546
7987 9585 -18486
7988 9601 -18518
7989 9615 -18598
7990 9583 -18530
7991 9555 -18454
7992 9571 -18390
7993 9603 -18494
7994 9623 -18590
7995 9605 -18570
7996 9597 -18538
7997 9629 -18606
7998 9665 -18682
7999 9711 -18842
8000 9653 -18622
8001 9619 -18538
8002 9569 -18462
8003 9597 -18510
8004 9603 -18522
8005 9585 -18522
8006 9487 -18410
8007 9463 -18206
8008 9579 -18586
8009 9559 -18446
8010 9523 -18450
8011 9569 -18482
8012 9557 -18394
8013 9579 -18426
8014 9555 -18526
8015 9545 -18530
8016 9575 -18650
8017 9579 -18634
8018 9551 -18506
8019 9531 -18442
8020 9583 -18450
8021 9585 -18514
8022 9563 -18442
8023 9601 -18594
8024 9609 -18610
8025 9669 -18690
8026 9701 -18738
8027 9649 -18666
8028 9625 -18578
8029 9601 -18506
8030 9521 -18442
8031 9489 -18266
8032 9569 -18514
8033 9571 -18526
8034 9625 -18566
8035 9579 -18446
8036 9569 -18554
8037 9463 -18270
8038 9449 -18286
8039 9407 -18278
8040 9433 -18338
8041 9485 -18330
8042 9507 -18354
8043 9487 -18310
8044 9501 -18286
8045 9543 -18378
8046 9639 -18642
8047 9627 -18582
8048 9559 -18450
8049 9611 -18658
8050 9649 -18726
8051 9641 -18650
8052 9639 -18646
8053 9659 -18746
8054 9673 -18738
8055 9617 -18626
8056 9547 -18354
8057 9553 -18382
8058 9589 -18530
8059 9625 -18554
8060 9655 -18602
8061 9629 -18626
8062 9581 -18434
8063 9591 -18482
8064 9641 -18606
8065 9613 -18562
8066 9613 -18598
8067 9611 -18514
8068 9603 -18574
8069 9507 -18330
8070 9471 -18202
8071 9487 -18262
8072 9555 -18402
8073 9603 -18454
8074 9611 -18522
8075 9711 -18862
8076 9739 -18926
8077 9695 -18834
8078 9703 -18806
8079 9685 -18798
8080 9643 -18674
8081 9631 -18586
8082 9565 -18470
8083 9547 -18418
8084 9573 -18542
8085 9595 -18486
8086 9531 -18374
8087 9531 -18322
8088 9525 -18334
8089 9519 -18298
8090 9625 -18606
8091 9635 -18630
8092 9651 -18606
8093 9629 -18590
8094 9703 -18742
8095 9673 -18678
8096 9699 -18742
8097 9721 -18798
8098 9723 -18834
8099 9649 -18554
8100 9623 -18498
8101 9665 -18646
8102 9683 -18694
8103 9657 -18630
8104 9633 -18538
8105 9605 -18518
8106 9591 -18450
8107 9589 -18402
8108 9621 -18502
8109 9693 -18718
8110 9661 -18634
8111 9601 -18502
8112 9511 -18330
8113 9547 -18354
8114 9549 -18274
8115 9507 -18290
8116 9483 -18246
8117 9471 -18258
8118 9519 -18302
8119 9585 -18418
8120 9647 -18590
8121 9593 -18478
8122 9625 -18546
8123 9631 -18610
8124 9589 -18550
8125 9611 -18638
8126 9653 -18686
8127 9611 -18466
8128 9637 -18678
8129 9631 -18658
8130 9577 -18538
8131 9545 -18454
8132 9497 -18198
8133 9491 -18310
8134 9583 -18574
8135 9631 -18682
8136 9629 -18626
8137 9649 -18638
8138 9605 -18510
8139 9585 -18450
8140 9599 -18498
8141 9611 -18590
8142 9561 -18406
8143 9579 -18410
8144 9595 -18518
8145 9613 -18502
8146 9591 -18486
8147 9579 -18374
8148 9585 -18434
8149 9567 -18422
8150 9573 -18414
8151 9559 -18426
8152 9581 -18418
8153 9641 -18586
8154 9589 -18546
8155 9567 -18434
8156 9585 -18506
8157 9577 -18438
8158 9599 -18422
8159 9629 -18534
8160 9695 -18670
8161 9561 -18426
8162 9601 -18578
8163 9617 -18510
8164 9617 -18586
8165 9641 -18662
8166 9613 -18690
8167 9617 -18670
8168 9613 -18602
8169 9573 -18590
8170 9595 -18670
8171 9597 -18614
8172 9595 -18602
8173 9551 -18490
8174 9497 -18358
8175 9499 -18326
8176 9549 -18446
8177 9551 -18430
8178 9573 -18498
8179 9593 -18558
8180 9579 -18570
8181 9581 -18518
8182 9561 -18494
8183 9551 -18538
8184 9579 -18618
8185 9529 -18474
8186 9563 -18518
8187 9505 -18454
8188 9535 -18454
8189 9535 -18482
8190 9549 -18414
8191 9537 -18450
8192 9561 -18598
8193 9591 -18558
8194 9623 -18674
8195 9591 -18598
8196 9613 -18554
8197 9499 -18310
8198 9587 -18550
8199 9621 -18582
8200 9637 -18706
8201 9607 -18538
8202 9675 -18706
8203 9597 -18454
8204 9623 -18538
8205 9591 -18510
8206 9611 -18598
8207 9667 -18782
8208 9531 -18390
8209 9605 -18558
8210 9547 -18346
8211 9625 -18614
8212 9649 -18722
8213 9619 -18614
8214 9627 -18598
8215 9595 -18458
8216 9695 -18778
8217 9645 -18558
8218 9621 -18494
8219 9571 -18422
8220 9631 -18586
8221 9611 -18598
8222 9625 -18538
8223 9631 -18530
8224 9667 -18738
8225 9631 -18622
8226 9657 -18654
8227 9675 -18778
8228 9651 -18686
8229 9591 -18610
8230 9597 -18578
8231 9635 -18742
8232 9657 -18718
8233 9671 -18654
8234 9619 -18602
8235 9607 -18562
8236 9587 -18514
8237 9659 -18670
8238 9645 -18566
8239 9643 -18598
8240 9581 -18394
8241 9609 -18486
8242 9629 -18586
8243 9645 -18674
8244 9613 -18602
8245 9671 -18758
8246 9617 -18590
8247 9583 -18558
8248 9599 -18578
8249 9607 -18570
8250 9619 -18582
8251 9645 -18638
8252 9595 -18518
8253 9595 -18486
8254 9633 -18638
8255 9631 -18546
8256 9677 -18730
8257 9603 -18546
8258 9637 -18662
8259 9669 -18662
8260 9639 -18546
8261 9639 -18606
8262 9681 -18710
8263 9591 -18518
8264 9595 -18554
8265 9625 -18674
8266 9643 -18594
8267 9615 -18582
8268 9633 -18606
8269 9687 -18710
8270 9653 -18714
8271 9643 -18618
8272 9651 -18642
8273 9613 -18530
8274 9633 -18598
8275 9559 -18366
8276 9477 -18158
8277 9559 -18394
8278 9641 -18582
8279 9625 -18514
8280 9675 -18618
8281 9677 -18686
8282 9589 -18474
8283 9593 -18566
8284 9619 -18578
8285 9641 -18566
8286 9655 -18638
8287 9607 -18558
8288 9629 -18598
8289 9621 -18542
8290 9607 -18494
8291 9625 -18538
8292 9587 -18490
8293 9543 -18342
8294 9547 -18358
8295 9595 -18482
8296 9639 -18642
8297 9657 -18670
8298 9629 -18586
8299 9665 -18686
8300 9649 -18646
8301 9663 -18674
8302 9689 -18778
8303 9647 -18610
8304 9617 -18650
8305 9635 -18642
8306 9693 -18794
8307 9635 -18658
8308 9555 -18442
8309 9585 -18506
8310 9567 -18430
8311 9549 -18402
8312 9523 -18370
8313 9521 -18366
8314 9597 -18542
8315 9635 -18562
8316 9577 -18538
8317 9555 -18438
8318 9533 -18282
8319 9557 -18450
8320 9537 -18394
8321 9565 -18458
8322 9583 -18530
8323 9495 -18262
8324 9569 -18470
8325 9511 -18330
8326 9521 -18326
8327 9527 -18354
8328 9551 -18454
8329 9591 -18582
8330 9549 -18470
8331 9563 -18378
8332 9541 -18410
8333 9543 -18410
8334 9539 -18474
8335 9575 -18602
8336 9553 -18494
8337 9555 -18378
8338 9529 -18330
8339 9525 -18414
8340 9575 -18518
8341 9503 -18378
8342 9533 -18466
8343 9623 -18638
8344 9523 -18342
8345 9569 -18318
8346 9545 -18270
8347 9571 -18390
8348 9541 -18338
8349 9589 -18474
8350 9627 -18570
8351 9637 -18642
8352 9603 -18522
8353 9589 -18482
8354 9639 -18686
8355 9599 -18550
8356 9571 -18450
8357 9573 -18534
8358 9599 -18590
8359 9627 -18662
8360 9595 -18438
8361 9637 -18586
8362 9671 -18674
8363 9627 -18618
8364 9561 -18450
8365 9613 -18570
8366 9593 -18526
8367 9527 -18338
8368 9605 -18542
8369 9565 -18454
8370 9607 -18438
8371 9635 -18610
8372 9641 -18586
8373 9607 -18498
8374 9695 -18710
8375 9665 -18630
8376 9653 -18602
8377 9599 -18462
8378 9679 -18678
8379 9607 -18486
8380 9709 -18754
8381 9737 -18870
8382 9755 -18934
8383 9755 -18914
8384 9655 -18618
8385 9613 -18482
8386 9609 -18446
8387 9669 -18662
8388 9607 -18550
8389 9615 -18514
8390 9639 -18582
8391 9695 -18802
8392 9627 -18626
8393 9593 -18506
8394 9577 -18470
8395 9581 -18438
8396 9615 -18546
8397 9587 -18478
8398 9511 -18402
8399 9529 -18298
8400 9597 -18626
8401 9551 -18490
8402 9531 -18498
8403 9559 -18598
8404 9541 -18534
8405 9535 -18446
8406 9503 -18282
8407 9453 -18190
8408 9567 -18430
8409 9541 -18390
8410 9595 -18538
8411 9589 -18586
8412 9571 -18562
8413 9585 -18594
8414 9591 -18554
8415 9641 -18634
8416 9607 -18562
8417 9665 -18758
8418 9601 -18538
8419 9515 -18318
8420 9547 -18466
8421 9547 -18454
8422 9585 -18606
8423 9533 -18402
8424 9567 -18406
8425 9533 -18398
8426 9521 -18362
8427 9611 -18550
8428 9577 -18470
8429 9565 -18506
8430 9581 -18574
8431 9535 -18442
8432 9519 -18406
8433 9485 -18302
8434 9533 -18406
8435 9589 -18514
8436 9569 -18418
8437 9569 -18442
8438 9595 -18622
8439 9553 -18522
8440 9567 -18618
8441 9529 -18410
8442 9509 -18450
8443 9535 -18438
8444 9601 -18586
8445 9573 -18558
8446 9589 -18570
8447 9513 -18422
8448 9583 -18502
8449 9529 -18422
8450 9505 -18266
8451 9507 -18334
8452 9409 -18170
8453 9447 -18278
8454 9513 -18426
8455 9529 -18438
8456 9563 -18470
8457 9521 -18358
8458 9583 -18518
8459 9601 -18522
8460 9629 -18626
8461 9675 -18758
8462 9639 -18570
8463 9619 -18582
8464 9559 -18434
8465 9647 -18638
8466 9681 -18690
8467 9633 -18546
8468 9609 -18598
8469 9561 -18390
8470 9619 -18522
8471 9725 -18790
8472 9677 -18762
8473 9637 -18578
8474 9633 -18538
8475 9685 -18738
8476 9719 -18798
8477 9689 -18742
8478 9643 -18706
8479 9557 -18518
8480 9483 -18242
8481 9495 -18254
8482 9561 -18422
8483 9635 -18614
8484 9635 -18590
8485 9637 -18590
8486 9613 -18466
8487 9647 -18646
8488 9637 -18654
8489 9651 -18678
8490 9555 -18398
8491 9583 -18498
8492 9561 -18446
8493 9567 -18470
8494 9633 -18622
8495 9653 -18714
8496 9701 -18762
8497 9655 -18678
8498 9695 -18742
8499 9715 -18814
8500 9715 -18802
8501 9669 -18646
8502 9633 -18542
8503 9689 -18718
8504 9639 -18486
8505 9631 -18482
8506 9621 -18530
8507 9611 -18530
8508 9567 -18438
8509 9513 -18342
8510 9523 -18346
8511 9583 -18462
8512 9605 -18506
8513 9581 -18474
8514 9557 -18382
8515 9573 -18486
8516 9517 -18302
8517 9521 -18394
8518 9507 -18462
8519 9539 -18582
8520 9515 -18478
8521 9505 -18374
8522 9579 -18554
8523 9543 -18586
8524 9527 -18542
8525 9589 -18606
8526 9585 -18550
8527 9515 -18330
8528 9539 -18362
8529 9533 -18358
8530 9551 -18406
8531 9511 -18302
8532 9573 -18410
8533 9549 -18386
8534 9565 -18386
8535 9585 -18466
8536 9593 -18498
8537 9607 -18446
8538 9595 -18506
8539 9593 -18542
8540 9579 -18430
8541 9617 -18570
8542 9603 -18554
8543 9575 -18418
8544 9567 -18446
8545 9585 -18450
8546 9617 -18522
8547 9647 -18602
8548 9619 -18570
8549 9541 -18310
8550 9571 -18466
8551 9635 -18594
8552 9573 -18438
8553 9579 -18470
8554 9621 -18546
8555 9589 -18542
8556 9589 -18466
8557 9595 -18446
8558 9569 -18314
8559 9557 -18362
8560 9563 -18314
8561 9569 -18370
8562 9621 -18514
8563 9709 -18750
8564 9717 -18802
8565 9647 -18666
8566 9677 -18754
8567 9593 -18586
8568 9553 -18454
8569 9547 -18478
8570 9559 -18450
8571 9537 -18398
8572 9579 -18494
8573 9539 -18414
8574 9623 -18566
8575 9619 -18638
8576 9619 -18574
8577 9577 -18486
8578 9631 -18630
8579 9643 -18658
8580 9671 -18738
8581 9647 -18642
8582 9641 -18670
8583 9581 -18554
8584 9605 -18570
8585 9611 -18530
8586 9593 -18418
8587 9597 -18522
8588 9579 -18550
8589 9587 -18550
8590 9569 -18574
8591 9579 -18522
8592 9619 -18614
8593 9563 -18486
8594 9549 -18374
8595 9607 -18562
8596 9581 -18506
8597 9587 -18518
8598 9643 -18554
8599 9619 -18466
8600 9611 -18538
8601 9617 -18610
8602 9607 -18602
8603 9569 -18414
8604 9561 -18374
8605 9577 -18450
8606 9621 -18542
8607 9629 -18570
8608 9607 -18542
8609 9655 -18706
8610 9683 -18666
8611 9619 -18602
8612 9651 -18654
8613 9581 -18414
8614 9563 -18398
8615 9633 -18578
8616 9557 -18374
8617 9505 -18258
8618 9587 -18462
8619 9637 -18590
8620 9667 -18662
8621 9617 -18538
8622 9617 -18506
8623 9661 -18722
8624 9609 -18570
8625 9623 -18558
8626 9595 -18498
8627 9567 -18402
8628 9547 -18354
8629 9593 -18550
8630 9579 -18606
8631 9601 -18550
8632 9645 -18650
8633 9629 -18614
8634 9679 -18722
8635 9659 -18730
8636 9637 -18674
8637 9679 -18738
8638 9607 -18506
8639 9653 -18642
8640 9617 -18530
8641 9703 -18762
8642 9709 -18742
8643 9643 -18478
8644 9695 -18702
8645 9579 -18474
8646 9597 -18486
8647 9651 -18654
8648 9659 -18686
8649 9569 -18442
8650 9543 -18362
8651 9571 -18526
8652 9559 -18386
8653 9499 -18290
8654 9547 -18394
8655 9661 -18694
8656 9675 -18754
8657 9625 -18722
8658 9629 -18638
8659 9607 -18594
8660 9625 -18602
8661 9607 -18526
8662 9621 -18510
8663 9641 -18558
8664 9573 -18338
8665 9625 -18610
8666 9663 -18626
8667 9679 -18674
8668 9623 -18534
8669 9563 -18434
8670 9599 -18474
8671 9549 -18450
8672 9593 -18554
8673 9545 -18370
8674 9581 -18414
8675 9609 -18462
8676 9589 -18426
8677 9601 -18538
8678 9677 -18642
8679 9657 -18574
8680 9575 -18470
8681 9605 -18550
8682 9585 -18498
8683 9579 -18506
8684 9569 -18458
8685 9601 -18562
8686 9633 -18638
8687 9649 -18626
8688 9577 -18414
8689 9553 -18342
8690 9559 -18362
8691 9579 -18454
8692 9583 -18518
8693 9521 -18402
8694 9623 -18634
8695 9617 -18602
8696 9595 -18570
8697 9657 -18718
8698 9605 -18510
8699 9589 -18562
8700 9517 -18446
8701 9491 -18330
8702 9477 -18294
8703 9517 -18370
8704 9489 -18314
8705 9509 -18386
8706 9513 -18394
8707 9463 -18366
8708 9451 -18210
8709 9481 -18270
8710 9499 -18362
8711 9553 -18470
8712 9593 -18542
8713 9553 -18490
8714 9625 -18582
8715 9647 -18594
8716 9533 -18306
8717 9587 -18494
8718 9617 -18554
8719 9649 -18646
8720 9639 -18702
8721 9613 -18546
8722 9671 -18706
8723 9667 -18678
8724 9607 -18534
8725 9661 -18710
8726 9619 -18618
8727 9627 -18642
8728 9623 -18590
8729 9615 -18602
8730 9635 -18618
8731 9625 -18642
8732 9631 -18622
8733 9559 -18434
8734 9483 -18302
8735 9509 -18370
8736 9555 -18502
8737 9587 -18490
8738 9581 -18526
8739 9617 -18598
8740 9625 -18634
8741 9563 -18406
8742 9565 -18406
8743 9537 -18410
8744 9531 -18434
8745 9499 -18290
8746 9517 -18362
8747 9591 -18454
8748 9565 -18426
8749 9583 -18458
8750 9549 -18414
8751 9483 -18310
8752 9485 -18382
8753 9557 -18534
8754 9535 -18446
8755 9607 -18554
8756 9609 -18590
8757 9633 -18626
8758 9631 -18658
8759 9653 -18694
8760 9621 -18622
8761 9623 -18622
8762 9575 -18466
8763 9691 -18778
8764 9625 -18538
8765 9699 -18818
8766 9669 -18798
8767 9673 -18746
8768 9703 -18798
8769 9661 -18650
8770 9635 -18550
8771 9631 -18570
8772 9671 -18750
8773 9687 -18722
8774 9693 -18770
8775 9623 -18502
8776 9525 -18274
8777 9591 -18426
8778 9629 -18514
8779 9671 -18710
8780 9679 -18754
8781 9629 -18574
8782 9577 -18494
8783 9589 -18478
8784 9631 -18650
8785 9637 -18634
8786 9663 -18686
8787 9591 -18510
8788 9617 -18530
8789 9609 -18566
8790 9593 -18502
8791 9547 -18402
8792 9601 -18434
8793 9675 -18710
8794 9637 -18630
8795 9585 -18558
8796 9567 -18430
8797 9553 -18406
8798 9609 -18534
8799 9597 -18546
8800 9699 -18790
8801 9701 -18782
8802 9691 -18674
8803 9627 -18598
8804 9617 -18614
8805 9587 -18486
8806 9593 -18498
8807 9569 -18406
8808 9649 -18602
8809 9669 -18670
8810 9679 -18694
8811 9595 -18534
8812 9643 -18694
8813 9553 -18418
8814 9551 -18350
8815 9537 -18370
8816 9543 -18286
8817 9603 -18490
8818 9587 -18498
8819 9605 -18558
8820 9565 -18478
8821 9539 -18462
8822 9571 -18434
8823 9561 -18362
8824 9595 -18482
8825 9561 -18458
8826 9543 -18370
8827 9545 -18378
8828 9545 -18310
8829 9565 -18454
8830 9657 -18702
8831 9647 -18658
8832 9747 -18950
8833 9697 -18750
8834 9629 -18486
8835 9665 -18650
8836 9619 -18554
8837 9607 -18546
8838 9591 -18522
8839 9569 -18466
8840 9589 -18498
8841 9521 -18278
8842 9585 -18482
8843 9593 -18470
8844 9603 -18450
8845 9617 -18538
8846 9631 -18590
8847 9615 -18538
8848 9657 -18782
8849 9549 -18482
8850 9601 -18534
8851 9649 -18634
8852 9649 -18658
8853 9659 -18670
8854 9587 -18482
8855 9559 -18334
8856 9585 -18446
8857 9703 -18774
8858 9655 -18674
8859 9629 -18606
8860 9671 -18738
8861 9641 -18674
8862 9627 -18658
8863 9575 -18414
8864 9541 -18382
8865 9555 -18406
8866 9575 -18506
8867 9617 -18578
8868 9655 -18686
8869 9613 -18522
8870 9545 -18318
8871 9545 -18350
8872 9607 -18514
8873 9633 -18606
8874 9575 -18430
8875 9569 -18498
8876 9633 -18666
8877 9577 -18486
8878 9583 -18462
8879 9567 -18406
8880 9649 -18650
8881 9665 -18658
8882 9585 -18454
8883 9645 -18670
8884 9673 -18674
8885 9647 -18662
8886 9641 -18634
8887 9669 -18710
8888 9611 -18534
8889 9583 -18438
8890 9585 -18498
8891 9613 -18550
8892 9679 -18686
8893 9689 -18722
8894 9599 -18390
8895 9563 -18394
8896 9513 -18338
8897 9557 -18466
8898 9593 -18522
8899 9557 -18426
8900 9495 -18278
8901 9569 -18470
8902 9563 -18378
8903 9643 -18670
8904 9705 -18846
8905 9683 -18770
8906 9607 -18550
8907 9587 -18434
8908 9623 -18558
8909 9655 -18610
8910 9647 -18594
8911 9607 -18554
8912 9555 -18326
8913 9657 -18662
8914 9669 -18654
8915 9637 -18646
8916 9617 -18618
8917 9619 -18558
8918 9645 -18602
8919 9663 -18686
8920 9641 -18594
8921 9653 -18630
8922 9689 -18702
8923 9685 -18746
8924 9723 -18878
8925 9751 -18926
8926 9665 -18626
8927 9715 -18770
8928 9667 -18670
8929 9643 -18650
8930 9635 -18614
8931 9607 -18602
8932 9647 -18666
8933 9665 -18658
8934 9657 -18674
8935 9717 -18822
8936 9723 -18894
8937 9793 -19030
8938 9763 -18918
8939 9715 -18750
8940 9647 -18538
8941 9597 -18414
8942 9639 -18606
8943 9709 -18746
8944 9757 -18862
8945 9749 -18910
8946 9673 -18658
8947 9627 -18534
8948 9537 -18242
8949 9515 -18290
8950 9571 -18470
8951 9533 -18342
8952 9599 -18506
8953 9611 -18570
8954 9629 -18610
8955 9577 -18554
8956 9587 -18582
8957 9595 -18542
8958 9567 -18426
8959 9517 -18414
8960 9531 -18406
8961 9623 -18670
8962 9631 -18726
8963 9707 -18902
8964 9637 -18678
8965 9639 -18578
8966 9683 -18790
8967 9669 -18766
8968 9565 -18470
8969 9655 -18674
8970 9577 -18454
8971 9551 -18438
8972 9543 -18366
8973 9583 -18474
8974 9625 -18638
8975 9679 -18814
8976 9621 -18634
8977 9615 -18626
8978 9637 -18694
8979 9651 -18634
8980 9717 -18842
8981 9715 -18854
8982 9671 -18738
8983 9655 -18650
8984 9643 -18622
8985 9665 -18730
8986 9657 -18674
8987 9649 -18682
8988 9719 -18930
8989 9715 -18898
8990 9741 -18898
8991 9657 -18706
8992 9623 -18646
8993 9597 -18578
8994 9549 -18414
8995 9541 -18342
8996 9527 -18338
8997 9561 -18422
8998 9563 -18406
8999 9525 -18422
9000 9603 -18506
9001 9529 -18370
9002 9573 -18538
9003 9545 -18474
9004 9577 -18566
9005 9581 -18598
9006 9569 -18478
9007 9645 -18674
9008 9647 -18750
9009 9637 -18642
9010 9583 -18486
9011 9621 -18538
9012 9659 -18646
9013 9599 -18530
9014 9597 -18458
9015 9607 -18538
9016 9581 -18470
9017 9621 -18558
9018 9663 -18710
9019 9653 -18662
9020 9661 -18654
9021 9605 -18490
9022 9561 -18458
9023 9601 -18542
9024 9597 -18438
9025 9603 -18430
9026 9563 -18454
9027 9621 -18590
9028 9537 -18374
9029 9511 -18382
9030 9553 -18438
9031 9559 -18430
9032 9533 -18370
9033 9625 -18674
9034 9597 -18502
9035 9599 -18566
9036 9615 -18610
9037 9595 -18538
9038 9651 -18730
9039 9619 -18570
9040 9633 -18570
9041 9639 -18662
9042 9589 -18526
9043 9593 -18498
9044 9605 -18598
9045 9619 -18614
9046 9641 -18590
9047 9653 -18586
9048 9687 -18738
9049 9643 -18662
9050 9603 -18570
9051 9639 -18558
9052 9635 -18618
9053 9643 -18678
9054 9673 -18714
9055 9673 -18654
9056 9749 -18858
9057 9697 -18730
9058 9681 -18782
9059 9629 -18614
9060 9615 -18582
9061 9573 -18414
9062 9569 -18290
9063 9605 -18478
9064 9661 -18690
9065 9627 -18598
9066 9649 -18610
9067 9643 -18598
9068 9621 -18558
9069 9593 -18574
9070 9569 -18502
9071 9599 -18494
9072 9595 -18474
9073 9635 -18598
9074 9643 -18566
9075 9589 -18458
9076 9647 -18730
9077 9605 -18678
9078 9609 -18630
9079 9645 -18702
9080 9601 -18534
9081 9587 -18590
9082 9503 -18366
9083 9541 -18430
9084 9587 -18470
9085 9661 -18690
9086 9677 -18694
9087 9703 -18782
9088 9669 -18710
9089 9613 -18522
9090 9627 -18526
9091 9629 -18586
9092 9607 -18458
9093 9597 -18510
9094 9601 -18438
9095 9637 -18610
9096 9601 -18578
9097 9647 -18682
9098 9611 -18498
9099 9629 -18558
9100 9629 -18534
9101 9621 -18578
9102 9641 -18670
9103 9635 -18730
9104 9573 -18574
9105 9677 -18702
9106 9649 -18718
9107 9587 -18506
9108 9589 -18414
9109 9627 -18530
9110 9585 -18370
9111 9599 -18458
9112 9631 -18582
9113 9579 -18422
9114 9517 -18270
9115 9523 -18262
9116 9579 -18470
9117 9575 -18494
9118 9565 -18454
9119 9587 -18546
9120 9505 -18406
9121 9521 -18302
9122 9509 -18326
9123 9571 -18594
9124 9543 -18474
9125 9583 -18486
9126 9585 -18438
9127 9559 -18430
9128 9565 -18422
9129 9509 -18354
9130 9533 -18462
9131 9513 -18350
9132 9537 -18466
9133 9575 -18514
9134 9575 -18482
9135 9533 -18378
9136 9581 -18470
9137 9633 -18586
9138 9705 -18874
9139 9673 -18794
9140 9601 -18550
9141 9575 -18410
9142 9563 -18378
9143 9613 -18474
9144 9623 -18578
9145 9603 -18590
9146 9649 -18618
9147 9609 -18494
9148 9653 -18642
9149 9599 -18554
9150 9587 -18526
9151 9623 -18658
9152 9583 -18562
9153 9553 -18482
9154 9599 -18586
9155 9515 -18266
9156 9537 -18330
9157 9553 -18382
9158 9625 -18618
9159 9685 -18706
9160 9691 -18786
9161 9679 -18686
9162 9619 -18614
9163 9679 -18798
9164 9629 -18590
9165 9579 -18378
9166 9603 -18522
9167 9635 -18582
9168 9661 -18662
9169 9629 -18586
9170 9647 -18682
9171 9593 -18526
9172 9609 -18558
9173 9647 -18638
9174 9647 -18606
9175 9637 -18662
9176 9627 -18558
9177 9669 -18742
9178 9613 -18562
9179 9639 -18626
9180 9629 -18650
9181 9583 -18542
9182 9581 -18458
9183 9573 -18390
9184 9525 -18302
9185 9587 -18458
9186 9653 -18622
9187 9625 -18578
9188 9653 -18646
9189 9625 -18542
9190 9631 -18606
9191 9627 -18526
9192 9655 -18602
9193 9615 -18546
9194 9615 -18514
9195 9599 -18466
9196 9645 -18662
9197 9571 -18486
9198 9619 -18618
9199 9651 -18646
9200 9645 -18574
9201 9609 -18566
9202 9637 -18598
9203 9573 -18430
9204 9587 -18534
9205 9597 -18598
9206 9657 -18658
9207 9603 -18598
9208 9605 -18562
9209 9593 -18514
9210 9655 -18730
9211 9527 -18402
9212 9523 -18318
9213 9553 -18374
9214 9557 -18438
9215 9591 -18558
9216 9549 -18446
9217 9543 -18470
9218 9543 -18442
9219 9557 -18566
9220 9515 -18478
9221 9569 -18606
9222 9535 -18558
9223 9525 -18538
9224 9535 -18554
9225 9537 -18478
9226 9503 -18298
9227 9497 -18334
9228 9557 -18442
9229 9527 -18382
9230 9545 -18418
9231 9543 -18430
9232 9553 -18354
9233 9587 -18426
9234 9567 -18438
9235 9563 -18458
9236 9575 -18574
9237 9617 -18622
9238 9653 -18722
9239 9615 -18654
9240 9635 -18654
9241 9631 -18642
9242 9637 -18566
9243 9611 -18538
9244 9621 -18630
9245 9631 -18670
9246 9615 -18634
9247 9573 -18482
9248 9643 -18686
9249 9609 -18594
9250 9593 -18470
9251 9605 -18498
9252 9635 -18650
9253 9707 -18778
9254 9675 -18750
9255 9645 -18710
9256 9613 -18482
9257 9643 -18662
9258 9631 -18642
9259 9657 -18762
9260 9665 -18686
9261 9679 -18682
9262 9683 -18722
9263 9661 -18658
9264 9673 -18714
9265 9639 -18622
9266 9681 -18690
9267 9651 -18682
9268 9643 -18570
9269 9619 -18542
9270 9597 -18550
9271 9591 -18562
9272 9599 -18550
9273 9589 -18498
9274 9649 -18630
9275 9659 -18702
9276 9623 -18602
9277 9675 -18706
9278 9633 -18498
9279 9647 -18566
9280 9607 -18510
9281 9549 -18382
9282 9577 -18354
9283 9573 -18414
9284 9629 -18502
9285 9689 -18706
9286 9645 -18590
9287 9637 -18626
9288 9681 -18754
9289 9693 -18786
9290 9667 -18622
9291 9685 -18698
9292 9647 -18558
9293 9677 -18654
9294 9659 -18674
9295 9707 -18830
9296 9667 -18686
9297 9649 -18570
9298 9649 -18670
9299 9687 -18742
9300 9685 -18730
9301 9653 -18638
9302 9665 -18694
9303 9639 -18666
9304 9671 -18718
9305 9651 -18666
9306 9607 -18542
9307 9593 -18498
9308 9575 -18446
9309 9675 -18702
9310 9693 -18806
9311 9669 -18694
9312 9665 -18662
9313 9683 -18726
9314 9671 -18658
9315 9663 -18598
9316 9697 -18722
9317 9721 -18718
9318 9709 -18746
9319 9675 -18702
9320 9659 -18714
9321 9657 -18634
9322 9683 -18710
9323 9653 -18626
9324 9683 -18722
9325 9709 -18850
9326 9695 -18742
9327 9665 -18618
9328 9665 -18614
9329 9635 -18598
9330 9585 -18506
9331 9609 -18662
9332 9581 -18646
9333 9479 -18270
9334 9493 -18374
9335 9501 -18302
9336 9547 -18470
9337 9609 -18518
9338 9601 -18526
9339 9601 -18494
9340 9625 -18574
9341 9641 -18550
9342 9643 -18662
9343 9671 -18658
9344 9609 -18530
9345 9601 -18566
9346 9647 -18638
9347 9573 -18542
9348 9637 -18734
9349 9563 -18518
9350 9577 -18474
9351 9573 -18442
9352 9615 -18554
9353 9645 -18618
9354 9701 -18786
9355 9703 -18806
9356 9671 -18622
9357 9709 -18846
9358 9705 -18838
9359 9627 -18570
9360 9615 -18530
9361 9643 -18606
9362 9621 -18598
9363 9679 -18770
9364 9641 -18662
9365 9643 -18590
9366 9593 -18522
9367 9599 -18562
9368 9613 -18558
9369 9597 -18550
9370 9643 -18606
9371 9591 -18538
9372 9565 -18486
9373 9553 -18454
9374 9577 -18478
9375 9623 -18610
9376 9621 -18554
9377 9703 -18798
9378 9649 -18670
9379 9707 -18794
9380 9651 -18646
9381 9681 -18702
9382 9641 -18590
9383 9621 -18538
9384 9589 -18370
9385 9689 -18674
9386 9713 -18834
9387 9729 -18802
9388 9759 -18830
9389 9757 -18954
9390 9695 -18718
9391 9679 -18702
9392 9699 -18790
9393 9699 -18778
9394 9713 -18746
9395 9735 -18842
9396 9697 -18714
9397 9613 -18506
9398 9589 -18438
9399 9629 -18538
9400 9663 -18574
9401 9625 -18562
9402 9723 -18746
9403 9737 -18874
9404 9691 -18710
9405 9643 -18618
9406 9651 -18570
9407 9683 -18762
9408 9657 -18722
9409 9675 -18738
9410 9671 -18726
9411 9669 -18678
9412 9665 -18638
9413 9625 -18570
9414 9555 -18330
9415 9547 -18334
9416 9461 -18154
9417 9469 -18210
9418 9503 -18334
9419 9627 -18674
9420 9643 -18666
9421 9621 -18602
9422 9635 -18614
9423 9657 -18662
9424 9655 -18590
9425 9633 -18602
9426 9635 -18538
9427 9615 -18526
9428 9681 -18722
9429 9635 -18622
9430 9599 -18622
9431 9631 -18642
9432 9591 -18494
9433 9653 -18614
9434 9695 -18710
9435 9721 -18842
9436 9717 -18830
9437 9751 -18934
9438 9671 -18678
9439 9591 -18462
9440 9575 -18406
9441 9589 -18462
9442 9539 -18350
9443 9505 -18206
9444 9563 -18430
9445 9565 -18478
9446 9579 -18442
9447 9565 -18418
9448 9577 -18430
9449 9525 -18370
9450 9561 -18506
9451 9521 -18358
9452 9555 -18518
9453 9489 -18458
9454 9489 -18534
9455 9479 -18438
9456 9491 -18294
9457 9509 -18294
9458 9503 -18334
9459 9531 -18402
9460 9573 -18522
9461 9625 -18642
9462 9661 -18794
9463 9645 -18662
9464 9631 -18646
9465 9623 -18586
9466 9653 -18610
9467 9677 -18730
9468 9663 -18678
9469 9619 -18570
9470 9591 -18470
9471 9627 -18526
9472 9569 -18354
9473 9555 -18418
9474 9577 -18522
9475 9589 -18574
9476 9579 -18442
9477 9607 -18574
9478 9659 -18734
9479 9671 -18754
9480 9581 -18570
9481 9579 -18542
9482 9569 -18494
9483 9579 -18446
9484 9555 -18394
9485 9489 -18226
9486 9523 -18302
9487 9555 -18458
9488 9615 -18546
9489 9611 -18546
9490 9543 -18350
9491 9559 -18450
9492 9593 -18506
9493 9621 -18578
9494 9595 -18554
9495 9527 -18430
9496 9527 -18354
9497 9571 -18510
9498 9517 -18350
9499 9617 -18594
9500 9643 -18650
9501 9615 -18578
9502 9579 -18542
9503 9519 -18414
9504 9599 -18502
9505 9643 -18690
9506 9635 -18554
9507 9611 -18410
9508 9647 -18562
9509 9689 -18730
9510 9681 -18714
9511 9723 -18842
9512 9715 -18754
9513 9717 -18806
9514 9695 -18826
9515 9601 -18606
9516 9565 -18486
9517 9629 -18654
9518 9645 -18666
9519 9605 -18514
9520 9567 -18398
9521 9595 -18438
9522 9569 -18498
9523 9601 -18610
9524 9617 -18710
9525 9593 -18542
9526 9577 -18518
9527 9537 -18326
9528 9521 -18270
9529 9545 -18390
9530 9567 -18390
9531 9605 -18566
9532 9553 -18438
9533 9565 -18494
9534 9593 -18514
9535 9577 -18530
9536 9589 -18546
9537 9745 -18950
9538 9715 -18854
9539 9767 -19002
9540 9695 -18730
9541 9691 -18706
9542 9653 -18666
9543 9697 -18774
9544 9697 -18798
9545 9669 -18686
9546 9665 -18710
9547 9663 -18666
9548 9665 -18714
9549 9593 -18542
9550 9635 -18598
9551 9667 -18726
9552 9677 -18738
9553 9683 -18710
9554 9633 -18634
9555 9615 -18530
9556 9527 -18362
9557 9531 -18302
9558 9579 -18482
9559 9653 -18606
9560 9695 -18750
9561 9739 -18874
9562 9713 -18818
9563 9713 -18814
9564 9711 -18778
9565 9685 -18714
9566 9607 -18614
9567 9563 -18486
9568 9619 -18510
9569 9639 -18670
9570 9655 -18770
9571 9619 -18614
9572 9551 -18458
9573 9543 -18506
9574 9599 -18558
9575 9671 -18742
9576 9679 -18762
9577 9585 -18514
9578 9575 -18478
9579 9639 -18694
9580 9557 -18418
9581 9581 -18470
9582 9627 -18570
9583 9579 -18494
9584 9617 -18602
9585 9587 -18494
9586 9613 -18586
9587 9541 -18450
9588 9541 -18306
9589 9559 -18394
9590 9593 -18594
9591 9591 -18486
9592 9517 -18298
9593 9563 -18386
9594 9547 -18354
9595 9571 -18478
9596 9623 -18718
9597 9553 -18474
9598 9605 -18558
9599 9651 -18690
9600 9639 -18618
9601 9637 -18614
9602 9611 -18558
9603 9597 -18558
9604 9551 -18398
9605 9577 -18546
9606 9615 -18534
9607 9597 -18446
9608 9629 -18574
9609 9591 -18542
9610 9647 -18642
9611 9727 -18842
9612 9663 -18646
9613 9697 -18742
9614 9743 -18878
9615 9681 -18662
9616 9705 -18746
9617 9635 -18582
9618 9623 -18530
9619 9667 -18714
9620 9669 -18666
9621 9611 -18478
9622 9565 -18438
9623 9585 -18474
9624 9513 -18290
9625 9593 -18526
9626 9607 -18494
9627 9591 -18506
9628 9647 -18574
9629 9637 -18626
9630 9559 -18446
9631 9573 -18462
9632 9593 -18554
9633 9529 -18290
9634 9473 -18222
9635 9423 -18174
9636 9405 -18122
9637 9505 -18202
9638 9557 -18350
9639 9595 -18466
9640 9541 -18358
9641 9505 -18250
9642 9603 -18566
9643 9527 -18350
9644 9549 -18474
9645 9551 -18494
9646 9533 -18326
9647 9633 -18670
9648 9677 -18754
9649 9665 -18726
9650 9631 -18578
9651 9629 -18526
9652 9655 -18606
9653 9715 -18814
9654 9713 -18782
9655 9705 -18758
9656 9689 -18714
9657 9673 -18690
9658 9587 -18502
9659 9587 -18522
9660 9469 -18178
9661 9517 -18350
9662 9591 -18618
9663 9621 -18634
9664 9613 -18558
9665 9637 -18598
9666 9665 -18650
9667 9657 -18598
9668 9683 -18670
9669 9697 -18814
9670 9697 -18798
9671 9641 -18574
9672 9709 -18714
9673 9671 -18754
9674 9667 -18718
9675 9673 -18702
9676 9653 -18654
9677 9611 -18498
9678 9635 -18586
9679 9583 -18398
9680 9581 -18410
9681 9619 -18510
9682 9617 -18546
9683 9663 -18678
9684 9709 -18770
9685 9683 -18722
9686 9651 -18654
9687 9695 -18790
9688 9749 -18910
9689 9643 -18614
9690 9643 -18670
9691 9661 -18702
9692 9663 -18802
9693 9637 -18662
9694 9623 -18646
9695 9619 -18618
9696 9631 -18598
9697 9651 -18662
9698 9667 -18694
9699 9727 -18822
9700 9693 -18718
9701 9709 -18718
9702 9631 -18594
9703 9667 -18670
9704 9661 -18682
9705 9615 -18570
9706 9591 -18518
9707 9601 -18558
9708 9579 -18634
9709 9541 -18494
9710 9507 -18434
9711 9535 -18462
9712 9595 -18754
9713 9563 -18574
9714 9641 -18666
9715 9577 -18550
9716 9633 -18718
9717 9683 -18806
9718 9621 -18650
9719 9571 -18458
9720 9529 -18378
9721 9533 -18422
9722 9565 -18486
9723 9625 -18614
9724 9619 -18506
9725 9683 -18698
9726 9681 -18714
9727 9645 -18598
9728 9629 -18650
9729 9661 -18662
9730 9671 -18674
9731 9653 -18630
9732 9649 -18590
9733 9639 -18630
9734 9651 -18542
9735 9587 -18462
9736 9601 -18562
9737 9655 -18594
9738 9661 -18610
9739 9611 -18482
9740 9623 -18530
9741 9581 -18486
9742 9595 -18546
9743 9589 -18586
9744 9649 -18698
9745 9617 -18654
9746 9637 -18670
9747 9651 -18674
9748 9591 -18482
9749 9627 -18630
9750 9677 -18686
9751 9661 -18646
9752 9685 -18762
9753 9625 -18578
9754 9601 -18490
9755 9629 -18606
9756 9593 -18462
9757 9637 -18626
9758 9699 -18782
9759 9729 -18870
9760 9703 -18766
9761 9651 -18678
9762 9639 -18650
9763 9635 -18586
9764 9601 -18514
9765 9637 -18610
9766 9649 -18590
9767 9603 -18518
9768 9613 -18490
9769 9621 -18490
9770 9663 -18682
9771 9675 -18674
9772 9635 -18598
9773 9669 -18662
9774 9691 -18750
9775 9591 -18498
9776 9551 -18326
9777 9563 -18394
9778 9555 -18342
9779 9595 -18458
9780 9575 -18418
9781 9651 -18614
9782 9625 -18578
9783 9629 -18534
9784 9603 -18498
9785 9625 -18606
9786 9669 -18766
9787 9681 -18774
9788 9611 -18598
9789 9613 -18566
9790 9559 -18418
9791 9559 -18398
9792 9589 -18442
9793 9629 -18510
9794 9643 -18566
9795 9653 -18654
9796 9627 -18642
9797 9579 -18438
9798 9581 -18414
9799 9579 -18390
9800 9617 -18514
9801 9663 -18730
9802 9661 -18646
9803 9671 -18646
9804 9747 -18850
9805 9711 -18746
9806 9627 -18574
9807 9593 -18454
9808 9603 -18530
9809 9649 -18622
9810 9645 -18670
9811 9619 -18534
9812 9623 -18590
9813 9655 -18654
9814 9651 -18618
9815 9647 -18610
9816 9607 -18494
9817 9597 -18490
9818 9583 -18462
9819 9599 -18446
9820 9607 -18534
9821 9663 -18678
9822 9611 -18558
9823 9663 -18718
9824 9559 -18426
9825 9577 -18426
9826 9579 -18502
9827 9591 -18542
9828 9631 -18618
9829 9665 -18630
9830 9645 -18602
9831 9603 -18562
9832 9637 -18662
9833 9605 -18494
9834 9693 -18722
9835 9681 -18646
9836 9661 -18630
9837 9561 -18446
9838 9561 -18474
9839 9595 -18666
9840 9541 -18426
9841 9599 -18534
9842 9621 -18594
9843 9539 -18442
9844 9503 -18362
9845 9539 -18374
9846 9551 -18438
9847 9645 -18594
9848 9615 -18554
9849 9619 -18518
9850 9617 -18558
9851 9649 -18642
9852 9613 -18602
9853 9619 -18578
9854 9599 -18434
9855 9665 -18698
9856 9651 -18590
9857 9645 -18630
9858 9667 -18646
9859 9623 -18470
9860 9593 -18462
9861 9577 -18366
9862 9587 -18398
9863 9583 -18418
9864 9679 -18706
9865 9635 -18602
9866 9685 -18666
9867 9637 -18622
9868 9609 -18590
9869 9579 -18466
9870 9511 -18274
9871 9447 -18078
9872 9493 -18254
9873 9463 -18134
9874 9543 -18414
9875 9579 -18586
9876 9617 -18630
9877 9545 -18430
9878 9545 -18410
9879 9613 -18622
9880 9547 -18434
9881 9545 -18458
9882 9585 -18586
9883 9601 -18650
9884 9601 -18558
9885 9651 -18718
9886 9597 -18554
9887 9605 -18598
9888 9545 -18450
9889 9519 -18306
9890 9565 -18466
9891 9495 -18234
9892 9465 -18262
9893 9529 -18326
9894 9565 -18430
9895 9607 -18498
9896 9661 -18686
9897 9639 -18646
9898 9669 -18642
9899 9689 -18714
9900 9661 -18674
9901 9687 -18718
9902 9671 -18666
9903 9643 -18554
9904 9723 -18782
9905 9659 -18642
9906 9625 -18606
9907 9605 -18518
9908 9593 -18538
9909 9583 -18558
9910 9595 -18438
9911 9603 -18550
9912 9571 -18434
9913 9587 -18546
9914 9569 -18594
9915 9663 -18810
9916 9649 -18746
9917 9637 -18678
9918 9667 -18714
9919 9629 -18646
9920 9653 -18718
9921 9691 -18806
9922 9649 -18666
9923 9669 -18710
9924 9649 -18654
9925 9625 -18538
9926 9611 -18614
9927 9681 -18722
9928 9683 -18802
9929 9689 -18754
9930 9625 -18638
9931 9629 -18718
9932 9653 -18678
9933 9625 -18594
9934 9589 -18506
9935 9615 -18578
9936 9689 -18774
9937 9639 -18650
9938 9687 -18754
9939 9671 -18658
9940 9667 -18726
9941 9685 -18754
9942 9639 -18682
9943 9615 -18610
9944 9585 -18498
9945 9643 -18638
9946 9645 -18622
9947 9645 -18638
9948 9677 -18726
9949 9711 -18814
9950 9647 -18642
9951 9639 -18606
9952 9619 -18474
9953 9617 -18582
9954 9677 -18674
9955 9665 -18762
9956 9615 -18610
9957 9589 -18454
9958 9581 -18482
9959 9645 -18646
9960 9689 -18830
9961 9645 -18658
9962 9653 -18626
9963 9619 -18578
9964 9607 -18558
9965 9567 -18386
9966 9551 -18390
9967 9621 -18590
9968 9585 -18510
9969 9589 -18618
9970 9587 -18630
9971 9495 -18422
9972 9477 -18278
9973 9515 -18382
9974 9569 -18562
9975 9461 -18382
9976 9435 -18254
9977 9471 -18294
9978 9485 -18282
9979 9493 -18370
9980 9551 -18442
9981 9593 -18462
9982 9527 -18282
9983 9557 -18358
9984 9541 -18442
9985 9617 -18490
9986 9671 -18706
9987 9629 -18598
9988 9655 -18598
9989 9639 -18618
9990 9673 -18742
9991 9691 -18802
9992 9669 -18678
9993 9641 -18546
9994 9641 -18666
9995 9653 -18654
9996 9635 -18570
9997 9639 -18710
9998 9601 -18618
9999 9657 -18714
