0 9975 -19554
1 9919 -19398
2 9895 -19334
3 9853 -19202
4 9787 -19006
5 9745 -18854
6 9747 -18922
7 9753 -18850
8 9739 -18814
9 9729 -18870
10 9707 -18782
11 9737 -18818
12 9749 -18902
13 9771 -18938
14 9755 -18966
15 9737 -18922
16 9701 -18850
17 9729 -18946
18 9755 -18914
19 9747 -18930
20 9735 -18838
21 9733 -18882
22 9737 -18782
23 9759 -18954
24 9687 -18710
25 9683 -18766
26 9677 -18734
27 9613 -18562
28 9727 -18854
29 9725 -18858
30 9731 -18886
31 9699 -18790
32 9641 -18606
33 9685 -18682
34 9633 -18614
35 9605 -18626
36 9651 -18722
37 9617 -18674
38 9589 -18602
39 9683 -18938
40 9643 -18702
41 9693 -18834
42 9727 -18926
43 9665 -18766
44 9691 -18838
45 9671 -18874
46 9669 -18790
47 9701 -18810
48 9715 -18822
49 9717 -18810
50 9737 -18886
51 9639 -18590
52 9669 -18670
53 9597 -18586
54 9613 -18598
55 9627 -18622
56 9641 -18618
57 9645 -18630
58 9653 -18682
59 9705 -18786
60 9689 -18770
61 9661 -18658
62 9643 -18654
63 9647 -18730
64 9757 -18974
65 9743 -19002
66 9739 -18938
67 9755 -18914
68 9715 -18766
69 9709 -18754
70 9669 -18690
71 9685 -18766
72 9687 -18698
73 9669 -18718
74 9661 -18750
75 9683 -18822
76 9627 -18558
77 9701 -18726
78 9677 -18710
79 9687 -18822
80 9749 -18918
81 9747 -18946
82 9767 -19010
83 9745 -18974
84 9777 -18986
85 9707 -18766
86 9751 -18950
87 9777 -18958
88 9733 -18842
89 9731 -18882
90 9711 -18814
91 9753 -18958
92 9701 -18750
93 9743 -18906
94 9693 -18770
95 9695 -18758
96 9731 -18830
97 9737 -18858
98 9717 -18866
99 9683 -18798
100 9679 -18626
101 9639 -18554
102 9679 -18698
103 9745 -18838
104 9769 -18898
105 9745 -18874
106 9669 -18694
107 9697 -18766
108 9649 -18670
109 9625 -18686
110 9723 -18926
111 9765 -18994
112 9769 -18926
113 9749 -18946
114 9715 -18814
115 9703 -18834
116 9715 -18822
117 9725 -18822
118 9701 -18794
119 9677 -18814
120 9685 -18746
121 9651 -18690
122 9607 -18574
123 9667 -18666
124 9703 -18742
125 9745 -18894
126 9729 -18878
127 9747 -18898
128 9695 -18718
129 9675 -18646
130 9659 -18646
131 9713 -18838
132 9689 -18818
133 9637 -18606
134 9633 -18606
135 9613 -18538
136 9683 -18710
137 9661 -18658
138 9677 -18678
139 9667 -18790
140 9685 -18794
141 9631 -18626
142 9713 -18786
143 9619 -18658
144 9589 -18534
145 9617 -18574
146 9659 -18674
147 9661 -18718
148 9691 -18810
149 9687 -18794
150 9673 -18838
151 9705 -18886
152 9711 -18826
153 9705 -18806
154 9651 -18614
155 9641 -18610
156 9725 -18902
157 9725 -18842
158 9679 -18738
159 9581 -18486
160 9631 -18682
161 9599 -18602
162 9637 -18642
163 9647 -18594
164 9717 -18814
165 9705 -18810
166 9635 -18626
167 9621 -18638
168 9597 -18602
169 9613 -18650
170 9601 -18574
171 9601 -18542
172 9607 -18546
173 9575 -18502
174 9621 -18522
175 9683 -18754
176 9685 -18714
177 9725 -18794
178 9739 -18866
179 9717 -18818
180 9679 -18690
181 9639 -18590
182 9705 -18798
183 9681 -18746
184 9651 -18626
185 9619 -18570
186 9597 -18446
187 9559 -18378
188 9619 -18530
189 9691 -18718
190 9701 -18818
191 9649 -18734
192 9575 -18502
193 9575 -18490
194 9587 -18510
195 9577 -18494
196 9603 -18506
197 9625 -18598
198 9593 -18606
199 9593 -18514
200 9587 -18538
201 9553 -18414
202 9531 -18346
203 9563 -18518
204 9591 -18474
205 9571 -18466
206 9619 -18546
207 9615 -18590
208 9671 -18690
209 9699 -18738
210 9743 -18886
211 9671 -18670
212 9665 -18642
213 9753 -18898
214 9707 -18802
215 9739 -18914
216 9699 -18774
217 9653 -18666
218 9691 -18714
219 9703 -18690
220 9783 -18930
221 9823 -19066
222 9795 -19014
223 9749 -18942
224 9765 -18930
225 9777 -18934
226 9779 -18970
227 9749 -18950
228 9725 -18778
229 9639 -18650
230 9645 -18686
231 9721 -18902
232 9695 -18798
233 9683 -18802
234 9601 -18642
235 9691 -18854
236 9655 -18754
237 9615 -18594
238 9631 -18618
239 9689 -18734
240 9695 -18746
241 9759 -18850
242 9729 -18818
243 9675 -18670
244 9687 -18814
245 9673 -18786
246 9641 -18654
247 9573 -18454
248 9617 -18570
249 9597 -18498
250 9637 -18714
251 9679 -18778
252 9665 -18750
253 9717 -18906
254 9721 -18930
255 9681 -18810
256 9585 -18558
257 9625 -18686
258 9601 -18610
259 9567 -18614
260 9607 -18710
261 9663 -18818
262 9693 -18858
263 9743 -19026
264 9717 -18930
265 9731 -18946
266 9729 -18858
267 9705 -18762
268 9755 -18942
269 9751 -19030
270 9709 -18798
271 9715 -18870
272 9703 -18790
273 9663 -18642
274 9693 -18742
275 9729 -18874
276 9739 -18886
277 9693 -18738
278 9751 -18862
279 9751 -18938
280 9767 -18926
281 9765 -18910
282 9749 -18854
283 9773 -18926
284 9753 -18922
285 9759 -18946
286 9693 -18778
287 9703 -18846
288 9705 -18862
289 9659 -18682
290 9677 -18706
291 9653 -18718
292 9673 -18766
293 9701 -18802
294 9719 -18862
295 9705 -18798
296 9711 -18838
297 9723 -18862
298 9695 -18714
299 9679 -18674
300 9673 -18742
301 9691 -18706
302 9709 -18778
303 9745 -18918
304 9715 -18806
305 9705 -18782
306 9739 -18902
307 9753 -18930
308 9665 -18750
309 9629 -18690
310 9615 -18530
311 9627 -18606
312 9625 -18554
313 9639 -18582
314 9685 -18750
315 9685 -18810
316 9765 -18978
317 9739 -18962
318 9671 -18802
319 9719 -18906
320 9685 -18790
321 9631 -18618
322 9661 -18742
323 9561 -18538
324 9629 -18634
325 9669 -18642
326 9659 -18642
327 9691 -18718
328 9727 -18838
329 9677 -18710
330 9699 -18834
331 9675 -18702
332 9693 -18762
333 9655 -18674
334 9633 -18602
335 9639 -18550
336 9697 -18714
337 9813 -19066
338 9737 -18894
339 9679 -18714
340 9655 -18638
341 9691 -18786
342 9731 -18922
343 9679 -18806
344 9677 -18782
345 9635 -18606
346 9661 -18670
347 9667 -18794
348 9649 -18722
349 9583 -18522
350 9547 -18366
351 9619 -18590
352 9607 -18554
353 9601 -18482
354 9675 -18682
355 9671 -18730
356 9695 -18850
357 9683 -18822
358 9621 -18618
359 9635 -18694
360 9677 -18886
361 9661 -18766
362 9671 -18722
363 9725 -18846
364 9713 -18758
365 9689 -18750
366 9711 -18862
367 9713 -18802
368 9697 -18762
369 9625 -18538
370 9591 -18502
371 9633 -18634
372 9615 -18578
373 9639 -18570
374 9637 -18578
375 9707 -18766
376 9637 -18522
377 9697 -18802
378 9735 -18942
379 9729 -18866
380 9709 -18786
381 9675 -18642
382 9737 -18886
383 9791 -19050
384 9757 -18894
385 9773 -18918
386 9739 -18890
387 9719 -18922
388 9717 -18858
389 9667 -18710
390 9719 -18838
391 9709 -18802
392 9671 -18622
393 9699 -18790
394 9733 -18838
395 9785 -19022
396 9747 -18918
397 9681 -18778
398 9659 -18698
399 9643 -18630
400 9649 -18614
401 9627 -18618
402 9671 -18738
403 9729 -18946
404 9673 -18718
405 9665 -18666
406 9675 -18710
407 9653 -18650
408 9689 -18762
409 9703 -18770
410 9739 -18870
411 9755 -18942
412 9643 -18650
413 9719 -18794
414 9745 -18886
415 9715 -18782
416 9689 -18726
417 9663 -18698
418 9693 -18794
419 9715 -18802
420 9663 -18694
421 9667 -18718
422 9559 -18458
423 9617 -18554
424 9645 -18558
425 9657 -18658
426 9681 -18714
427 9777 -18974
428 9767 -18962
429 9767 -18942
430 9687 -18674
431 9737 -18846
432 9675 -18638
433 9701 -18770
434 9697 -18806
435 9687 -18806
436 9659 -18678
437 9705 -18814
438 9737 -18902
439 9757 -18922
440 9759 -18894
441 9763 -18902
442 9693 -18754
443 9659 -18590
444 9717 -18770
445 9703 -18786
446 9673 -18702
447 9769 -18986
448 9687 -18770
449 9691 -18670
450 9699 -18718
451 9775 -18958
452 9741 -18906
453 9693 -18770
454 9687 -18762
455 9627 -18630
456 9593 -18494
457 9641 -18726
458 9589 -18610
459 9563 -18498
460 9603 -18574
461 9651 -18694
462 9617 -18654
463 9675 -18890
464 9691 -18874
465 9695 -18762
466 9655 -18666
467 9723 -18870
468 9751 -18938
469 9805 -19038
470 9791 -18942
471 9727 -18782
472 9721 -18738
473 9757 -18894
474 9773 -18934
475 9775 -18962
476 9805 -19010
477 9737 -18898
478 9735 -18870
479 9709 -18782
480 9679 -18666
481 9711 -18794
482 9693 -18722
483 9737 -18950
484 9729 -18874
485 9715 -18790
486 9697 -18850
487 9711 -18790
488 9767 -18962
489 9769 -18942
490 9707 -18778
491 9753 -18950
492 9705 -18798
493 9707 -18818
494 9703 -18798
495 9731 -18898
496 9731 -18842
497 9703 -18734
498 9703 -18822
499 9685 -18734
500 9703 -18790
501 9715 -18862
502 9713 -18846
503 9713 -18818
504 9647 -18650
505 9683 -18766
506 9663 -18666
507 9739 -18850
508 9747 -18982
509 9703 -18866
510 9711 -18846
511 9645 -18694
512 9603 -18606
513 9607 -18678
514 9613 -18670
515 9595 -18538
516 9589 -18534
517 9645 -18654
518 9637 -18638
519 9607 -18722
520 9641 -18750
521 9627 -18650
522 9643 -18718
523 9611 -18610
524 9565 -18486
525 9597 -18602
526 9593 -18606
527 9629 -18674
528 9647 -18622
529 9609 -18550
530 9637 -18686
531 9649 -18674
532 9639 -18642
533 9663 -18734
534 9659 -18786
535 9649 -18690
536 9617 -18650
537 9689 -18790
538 9679 -18770
539 9693 -18766
540 9715 -18882
541 9707 -18846
542 9711 -18842
543 9705 -18774
544 9741 -18882
545 9725 -18810
546 9753 -18898
547 9725 -18834
548 9703 -18762
549 9709 -18786
550 9679 -18686
551 9653 -18634
552 9675 -18726
553 9717 -18866
554 9715 -18870
555 9693 -18786
556 9683 -18766
557 9661 -18710
558 9645 -18694
559 9669 -18694
560 9615 -18474
561 9657 -18610
562 9667 -18718
563 9701 -18778
564 9735 -18838
565 9679 -18662
566 9699 -18746
567 9693 -18762
568 9653 -18714
569 9595 -18486
570 9603 -18470
571 9669 -18726
572 9703 -18778
573 9691 -18838
574 9691 -18794
575 9701 -18862
576 9717 -18874
577 9677 -18774
578 9617 -18606
579 9639 -18770
580 9715 -18858
581 9691 -18842
582 9729 -18914
583 9709 -18858
584 9711 -18902
585 9679 -18754
586 9705 -18838
587 9727 -18926
588 9701 -18822
589 9733 -18882
590 9709 -18806
591 9679 -18674
592 9741 -18862
593 9729 -18886
594 9699 -18798
595 9685 -18738
596 9715 -18850
597 9671 -18726
598 9761 -18970
599 9687 -18750
600 9733 -18914
601 9699 -18766
602 9709 -18798
603 9665 -18666
604 9617 -18522
605 9659 -18638
606 9727 -18846
607 9737 -18906
608 9713 -18814
609 9709 -18814
610 9721 -18886
611 9737 -18862
612 9741 -18910
613 9701 -18786
614 9669 -18734
615 9671 -18666
616 9655 -18702
617 9615 -18570
618 9651 -18746
619 9691 -18834
620 9679 -18786
621 9651 -18686
622 9697 -18818
623 9731 -18958
624 9657 -18738
625 9659 -18714
626 9611 -18646
627 9647 -18738
628 9661 -18754
629 9685 -18886
630 9623 -18718
631 9655 -18782
632 9671 -18790
633 9639 -18658
634 9623 -18626
635 9611 -18622
636 9675 -18814
637 9619 -18602
638 9731 -18838
639 9711 -18858
640 9633 -18530
641 9713 -18802
642 9677 -18750
643 9779 -19030
644 9777 -19026
645 9789 -19010
646 9727 -18786
647 9693 -18714
648 9683 -18774
649 9699 -18822
650 9697 -18778
651 9615 -18506
652 9735 -18846
653 9731 -18894
654 9703 -18842
655 9717 -18890
656 9675 -18778
657 9651 -18618
658 9671 -18670
659 9671 -18718
660 9753 -18930
661 9703 -18790
662 9709 -18758
663 9675 -18710
664 9779 -19042
665 9741 -18846
666 9735 -18790
667 9627 -18534
668 9645 -18646
669 9699 -18726
670 9649 -18618
671 9693 -18734
672 9699 -18750
673 9693 -18830
674 9697 -18838
675 9733 -18870
676 9685 -18794
677 9737 -18906
678 9767 -19006
679 9759 -18962
680 9791 -18986
681 9801 -19006
682 9743 -18902
683 9771 -18954
684 9777 -18934
685 9733 -18838
686 9767 -18910
687 9739 -18990
688 9693 -18826
689 9741 -18970
690 9715 -18870
691 9747 -18922
692 9659 -18610
693 9733 -18842
694 9781 -18998
695 9801 -19066
696 9809 -19046
697 9755 -18902
698 9729 -18834
699 9663 -18714
700 9703 -18830
701 9711 -18778
702 9665 -18626
703 9737 -18858
704 9747 -18882
705 9701 -18830
706 9761 -18982
707 9719 -18870
708 9705 -18758
709 9727 -18850
710 9703 -18786
711 9723 -18882
712 9659 -18770
713 9647 -18710
714 9643 -18690
715 9635 -18698
716 9589 -18522
717 9585 -18450
718 9609 -18598
719 9633 -18646
720 9711 -18766
721 9705 -18774
722 9681 -18754
723 9737 -18894
724 9733 -18882
725 9781 -19026
726 9751 -18966
727 9727 -18906
728 9701 -18810
729 9719 -18782
730 9767 -18866
731 9747 -18882
732 9701 -18778
733 9711 -18746
734 9729 -18798
735 9717 -18762
736 9751 -18866
737 9745 -18850
738 9749 -18846
739 9747 -18870
740 9739 -18878
741 9667 -18658
742 9783 -18970
743 9813 -19042
744 9773 -18922
745 9767 -18938
746 9737 -18850
747 9763 -18970
748 9721 -18806
749 9695 -18750
750 9657 -18662
751 9701 -18786
752 9789 -19066
753 9745 -18914
754 9741 -18886
755 9765 -18950
756 9763 -18894
757 9761 -18870
758 9765 -18922
759 9675 -18754
760 9699 -18814
761 9733 -18906
762 9713 -18814
763 9753 -18914
764 9743 -18914
765 9735 -18878
766 9655 -18662
767 9657 -18702
768 9683 -18666
769 9719 -18850
770 9721 -18818
771 9745 -18870
772 9737 -18926
773 9749 -18978
774 9669 -18758
775 9661 -18726
776 9681 -18742
777 9719 -18794
778 9729 -18834
779 9795 -19038
780 9691 -18802
781 9629 -18618
782 9663 -18738
783 9685 -18802
784 9707 -18862
785 9747 -18950
786 9751 -18970
787 9743 -18934
788 9711 -18794
789 9751 -18918
790 9765 -18982
791 9775 -19014
792 9777 -18986
793 9779 -18986
794 9729 -18874
795 9655 -18654
796 9721 -18862
797 9733 -18870
798 9745 -18874
799 9695 -18794
800 9663 -18646
801 9689 -18774
802 9651 -18666
803 9661 -18686
804 9707 -18794
805 9723 -18838
806 9709 -18786
807 9713 -18782
808 9687 -18766
809 9671 -18762
810 9717 -18818
811 9729 -18850
812 9795 -19078
813 9795 -19102
814 9767 -18958
815 9767 -19014
816 9801 -19070
817 9785 -19038
818 9715 -18826
819 9715 -18850
820 9757 -18958
821 9767 -18974
822 9717 -18858
823 9781 -19034
824 9797 -19058
825 9765 -19022
826 9795 -19078
827 9763 -18994
828 9711 -18862
829 9689 -18730
830 9725 -18846
831 9735 -18822
832 9805 -19026
833 9809 -19034
834 9763 -18946
835 9773 -18954
836 9725 -18870
837 9725 -18866
838 9661 -18742
839 9605 -18702
840 9647 -18766
841 9693 -18898
842 9731 -18942
843 9727 -18874
844 9697 -18834
845 9687 -18806
846 9727 -18862
847 9707 -18826
848 9709 -18858
849 9709 -18870
850 9661 -18678
851 9667 -18646
852 9673 -18654
853 9699 -18774
854 9677 -18686
855 9711 -18806
856 9721 -18770
857 9689 -18718
858 9715 -18810
859 9685 -18794
860 9739 -18886
861 9735 -18870
862 9743 -18850
863 9733 -18862
864 9699 -18770
865 9655 -18682
866 9657 -18634
867 9645 -18578
868 9685 -18718
869 9707 -18770
870 9755 -18926
871 9725 -18830
872 9691 -18730
873 9695 -18694
874 9715 -18710
875 9705 -18790
876 9695 -18746
877 9637 -18634
878 9643 -18742
879 9651 -18678
880 9709 -18810
881 9737 -18886
882 9725 -18830
883 9737 -18870
884 9737 -18870
885 9703 -18890
886 9681 -18750
887 9669 -18682
888 9665 -18658
889 9603 -18518
890 9645 -18614
891 9637 -18566
892 9617 -18470
893 9607 -18566
894 9597 -18630
895 9661 -18778
896 9707 -18850
897 9717 -18910
898 9813 -19074
899 9825 -19122
900 9817 -19042
901 9759 -18962
902 9759 -18882
903 9793 -18954
904 9745 -18874
905 9695 -18730
906 9603 -18446
907 9633 -18638
908 9609 -18666
909 9699 -18914
910 9689 -18774
911 9747 -18982
912 9773 -18978
913 9811 -19134
914 9801 -19022
915 9747 -18894
916 9767 -18918
917 9761 -18942
918 9777 -18954
919 9731 -18866
920 9711 -18838
921 9755 -18942
922 9783 -18938
923 9741 -18870
924 9721 -18882
925 9731 -18886
926 9735 -18922
927 9689 -18782
928 9733 -18870
929 9719 -18886
930 9705 -18846
931 9769 -18966
932 9757 -18902
933 9677 -18610
934 9745 -18850
935 9749 -18870
936 9797 -19086
937 9815 -19106
938 9819 -19118
939 9777 -18954
940 9815 -19062
941 9751 -18894
942 9769 -18934
943 9707 -18742
944 9693 -18686
945 9675 -18694
946 9717 -18842
947 9743 -18870
948 9783 -18978
949 9775 -18966
950 9781 -18942
951 9733 -18810
952 9711 -18782
953 9719 -18802
954 9763 -18914
955 9761 -18882
956 9743 -18866
957 9699 -18790
958 9677 -18742
959 9645 -18678
960 9661 -18778
961 9663 -18790
962 9689 -18894
963 9671 -18722
964 9669 -18722
965 9659 -18746
966 9667 -18646
967 9721 -18822
968 9725 -18858
969 9725 -18878
970 9693 -18710
971 9717 -18802
972 9711 -18874
973 9691 -18762
974 9659 -18710
975 9631 -18634
976 9701 -18794
977 9673 -18674
978 9673 -18734
979 9691 -18814
980 9717 -18886
981 9679 -18734
982 9603 -18542
983 9619 -18614
984 9655 -18730
985 9681 -18706
986 9665 -18734
987 9675 -18770
988 9731 -18910
989 9777 -19014
990 9735 -18878
991 9711 -18786
992 9753 -18954
993 9755 -18982
994 9759 -18942
995 9771 -18958
996 9695 -18782
997 9673 -18730
998 9675 -18718
999 9655 -18650
1000 9725 -18838
1001 9737 -18926
1002 9727 -18862
1003 9691 -18794
1004 9689 -18762
1005 9699 -18770
1006 9685 -18790
1007 9677 -18726
1008 9687 -18742
1009 9637 -18678
1010 9647 -18618
1011 9685 -18774
1012 9733 -18838
1013 9717 -18802
1014 9675 -18670
1015 9649 -18638
1016 9661 -18654
1017 9729 -18846
1018 9729 -18842
1019 9647 -18650
1020 9665 -18690
1021 9595 -18434
1022 9623 -18538
1023 9615 -18542
1024 9541 -18334
1025 9621 -18598
1026 9681 -18746
1027 9687 -18790
1028 9719 -18810
1029 9697 -18770
1030 9683 -18802
1031 9691 -18802
1032 9727 -18838
1033 9737 -18858
1034 9649 -18658
1035 9747 -18914
1036 9769 -18958
1037 9683 -18702
1038 9683 -18798
1039 9741 -18874
1040 9803 -19050
1041 9793 -18982
1042 9753 -18838
1043 9735 -18870
1044 9719 -18794
1045 9691 -18718
1046 9651 -18566
1047 9675 -18630
1048 9683 -18682
1049 9701 -18758
1050 9685 -18786
1051 9725 -18874
1052 9701 -18782
1053 9697 -18690
1054 9673 -18674
1055 9739 -18846
1056 9751 -18854
1057 9793 -19114
1058 9773 -19010
1059 9799 -19054
1060 9815 -19066
1061 9825 -19122
1062 9791 -19042
1063 9787 -18994
1064 9737 -18870
1065 9763 -18942
1066 9753 -18950
1067 9735 -18854
1068 9729 -18770
1069 9685 -18618
1070 9713 -18734
1071 9703 -18722
1072 9659 -18630
1073 9683 -18722
1074 9673 -18746
1075 9649 -18622
1076 9595 -18534
1077 9625 -18618
1078 9673 -18670
1079 9685 -18778
1080 9599 -18538
1081 9663 -18634
1082 9677 -18726
1083 9677 -18818
1084 9667 -18642
1085 9663 -18694
1086 9667 -18742
1087 9707 -18806
1088 9733 -18882
1089 9745 -18910
1090 9737 -18886
1091 9689 -18782
1092 9701 -18822
1093 9733 -18922
1094 9701 -18878
1095 9741 -18922
1096 9739 -18922
1097 9681 -18734
1098 9735 -18850
1099 9783 -19014
1100 9733 -18854
1101 9703 -18778
1102 9725 -18810
1103 9739 -18946
1104 9721 -18914
1105 9745 -18914
1106 9717 -18878
1107 9665 -18782
1108 9667 -18830
1109 9645 -18666
1110 9579 -18486
1111 9623 -18606
1112 9587 -18554
1113 9665 -18718
1114 9721 -18818
1115 9721 -18782
1116 9765 -18922
1117 9807 -19050
1118 9739 -18830
1119 9783 -18986
1120 9737 -18778
1121 9703 -18698
1122 9751 -18862
1123 9785 -18982
1124 9773 -18978
1125 9723 -18818
1126 9671 -18658
1127 9691 -18726
1128 9705 -18734
1129 9681 -18698
1130 9669 -18650
1131 9777 -18950
1132 9767 -18990
1133 9787 -19014
1134 9693 -18762
1135 9669 -18690
1136 9739 -18910
1137 9683 -18698
1138 9655 -18650
1139 9647 -18650
1140 9639 -18602
1141 9625 -18638
1142 9625 -18590
1143 9701 -18742
1144 9769 -18982
1145 9771 -18978
1146 9787 -19050
1147 9759 -18902
1148 9781 -18954
1149 9805 -19034
1150 9787 -19002
1151 9769 -18930
1152 9759 -18998
1153 9665 -18710
1154 9725 -18938
1155 9705 -18858
1156 9733 -18922
1157 9751 -19006
1158 9741 -18938
1159 9733 -18930
1160 9739 -18938
1161 9675 -18750
1162 9709 -18830
1163 9697 -18782
1164 9713 -18790
1165 9689 -18770
1166 9687 -18746
1167 9683 -18686
1168 9687 -18762
1169 9659 -18770
1170 9671 -18742
1171 9623 -18618
1172 9649 -18686
1173 9661 -18814
1174 9657 -18726
1175 9597 -18566
1176 9683 -18774
1177 9743 -18890
1178 9741 -18866
1179 9697 -18770
1180 9707 -18778
1181 9739 -18854
1182 9767 -18890
1183 9757 -18882
1184 9743 -18830
1185 9709 -18750
1186 9681 -18658
1187 9633 -18718
1188 9613 -18574
1189 9733 -18898
1190 9695 -18802
1191 9677 -18730
1192 9723 -18822
1193 9725 -18826
1194 9725 -18818
1195 9729 -18838
1196 9683 -18742
1197 9755 -18946
1198 9749 -18938
1199 9761 -18934
1200 9705 -18802
1201 9641 -18642
1202 9693 -18766
1203 9701 -18762
1204 9643 -18698
1205 9671 -18746
1206 9713 -18862
1207 9701 -18818
1208 9687 -18762
1209 9697 -18814
1210 9699 -18790
1211 9685 -18762
1212 9725 -18858
1213 9675 -18682
1214 9651 -18578
1215 9717 -18802
1216 9693 -18790
1217 9673 -18762
1218 9635 -18678
1219 9649 -18670
1220 9593 -18550
1221 9669 -18710
1222 9655 -18670
1223 9677 -18742
1224 9663 -18714
1225 9707 -18806
1226 9653 -18658
1227 9617 -18586
1228 9639 -18674
1229 9653 -18646
1230 9651 -18662
1231 9627 -18614
1232 9673 -18778
1233 9645 -18726
1234 9665 -18762
1235 9697 -18858
1236 9733 -18910
1237 9703 -18762
1238 9739 -18850
1239 9733 -18858
1240 9685 -18738
1241 9723 -18794
1242 9739 -18878
1243 9763 -18970
1244 9773 -19034
1245 9659 -18710
1246 9663 -18762
1247 9629 -18682
1248 9623 -18582
1249 9577 -18462
1250 9643 -18690
1251 9649 -18714
1252 9689 -18806
1253 9619 -18622
1254 9689 -18666
1255 9707 -18734
1256 9663 -18638
1257 9625 -18626
1258 9655 -18646
1259 9685 -18726
1260 9675 -18734
1261 9653 -18666
1262 9673 -18690
1263 9657 -18646
1264 9627 -18562
1265 9649 -18686
1266 9679 -18742
1267 9649 -18586
1268 9717 -18862
1269 9691 -18666
1270 9729 -18834
1271 9683 -18718
1272 9609 -18570
1273 9635 -18598
1274 9603 -18522
1275 9597 -18506
1276 9639 -18626
1277 9649 -18642
1278 9713 -18858
1279 9737 -18854
1280 9759 -18910
1281 9767 -18954
1282 9693 -18722
1283 9693 -18754
1284 9669 -18658
1285 9683 -18702
1286 9627 -18590
1287 9667 -18726
1288 9649 -18706
1289 9715 -18962
1290 9669 -18770
1291 9575 -18534
1292 9615 -18586
1293 9637 -18610
1294 9655 -18682
1295 9631 -18570
1296 9637 -18682
1297 9619 -18646
1298 9679 -18854
1299 9675 -18882
1300 9655 -18790
1301 9687 -18802
1302 9691 -18766
1303 9769 -18982
1304 9711 -18766
1305 9707 -18802
1306 9727 -18870
1307 9667 -18658
1308 9681 -18670
1309 9683 -18646
1310 9679 -18714
1311 9673 -18670
1312 9657 -18662
1313 9687 -18646
1314 9703 -18718
1315 9733 -18858
1316 9743 -18842
1317 9711 -18746
1318 9745 -18834
1319 9745 -18890
1320 9773 -18966
1321 9777 -18942
1322 9743 -18826
1323 9717 -18850
1324 9785 -18994
1325 9761 -18902
1326 9779 -19010
1327 9775 -18974
1328 9699 -18778
1329 9707 -18770
1330 9677 -18726
1331 9701 -18822
1332 9715 -18886
1333 9693 -18858
1334 9671 -18718
1335 9725 -18926
1336 9607 -18614
1337 9607 -18602
1338 9625 -18618
1339 9695 -18790
1340 9609 -18586
1341 9669 -18742
1342 9613 -18662
1343 9631 -18670
1344 9581 -18486
1345 9655 -18794
1346 9683 -18838
1347 9685 -18814
1348 9619 -18646
1349 9697 -18842
1350 9683 -18742
1351 9717 -18846
1352 9703 -18842
1353 9621 -18586
1354 9663 -18698
1355 9663 -18702
1356 9625 -18646
1357 9579 -18546
1358 9559 -18506
1359 9577 -18498
1360 9681 -18706
1361 9677 -18686
1362 9693 -18774
1363 9721 -18858
1364 9685 -18698
1365 9747 -18910
1366 9701 -18842
1367 9741 -18878
1368 9757 -18906
1369 9731 -18878
1370 9707 -18790
1371 9679 -18706
1372 9707 -18762
1373 9731 -18770
1374 9677 -18626
1375 9707 -18742
1376 9687 -18650
1377 9677 -18670
1378 9681 -18714
1379 9705 -18846
1380 9625 -18594
1381 9677 -18770
1382 9589 -18490
1383 9661 -18718
1384 9669 -18754
1385 9703 -18794
1386 9635 -18622
1387 9641 -18690
1388 9655 -18786
1389 9639 -18606
1390 9651 -18670
1391 9663 -18710
1392 9667 -18746
1393 9677 -18678
1394 9675 -18698
1395 9603 -18582
1396 9637 -18614
1397 9747 -18874
1398 9707 -18786
1399 9611 -18562
1400 9633 -18562
1401 9683 -18662
1402 9699 -18762
1403 9707 -18802
1404 9717 -18910
1405 9673 -18778
1406 9637 -18614
1407 9685 -18734
1408 9613 -18518
1409 9681 -18682
1410 9669 -18658
1411 9649 -18546
1412 9701 -18734
1413 9663 -18622
1414 9689 -18690
1415 9723 -18838
1416 9797 -19046
1417 9807 -19058
1418 9755 -18894
1419 9699 -18766
1420 9699 -18686
1421 9749 -18886
1422 9677 -18734
1423 9695 -18810
1424 9715 -18834
1425 9767 -18998
1426 9819 -19094
1427 9805 -19026
1428 9761 -18906
1429 9733 -18898
1430 9673 -18682
1431 9749 -18982
1432 9705 -18818
1433 9683 -18750
1434 9711 -18762
1435 9711 -18778
1436 9733 -18838
1437 9685 -18794
1438 9673 -18742
1439 9623 -18682
1440 9599 -18578
1441 9601 -18562
1442 9583 -18462
1443 9551 -18450
1444 9645 -18682
1445 9677 -18794
1446 9711 -18854
1447 9665 -18730
1448 9647 -18618
1449 9687 -18722
1450 9755 -18966
1451 9757 -19026
1452 9715 -18810
1453 9643 -18618
1454 9661 -18678
1455 9655 -18698
1456 9649 -18622
1457 9685 -18666
1458 9673 -18718
1459 9753 -18954
1460 9779 -18986
1461 9801 -19094
1462 9785 -18994
1463 9787 -19014
1464 9751 -18914
1465 9705 -18778
1466 9715 -18818
1467 9687 -18798
1468 9689 -18818
1469 9695 -18834
1470 9681 -18814
1471 9669 -18842
1472 9601 -18686
1473 9635 -18654
1474 9637 -18614
1475 9661 -18670
1476 9647 -18654
1477 9591 -18502
1478 9641 -18650
1479 9711 -18834
1480 9701 -18842
1481 9719 -18830
1482 9727 -18834
1483 9729 -18834
1484 9753 -18874
1485 9727 -18846
1486 9707 -18794
1487 9791 -19058
1488 9763 -18966
1489 9713 -18806
1490 9689 -18750
1491 9697 -18810
1492 9691 -18754
1493 9723 -18910
1494 9661 -18722
1495 9615 -18602
1496 9601 -18558
1497 9647 -18662
1498 9641 -18678
1499 9623 -18606
1500 9623 -18642
1501 9621 -18546
1502 9685 -18734
1503 9727 -18902
1504 9757 -18934
1505 9715 -18874
1506 9685 -18754
1507 9677 -18766
1508 9687 -18818
1509 9701 -18874
1510 9661 -18726
1511 9677 -18706
1512 9683 -18790
1513 9643 -18726
1514 9663 -18670
1515 9593 -18666
1516 9625 -18686
1517 9601 -18718
1518 9611 -18674
1519 9541 -18462
1520 9603 -18634
1521 9621 -18746
1522 9583 -18682
1523 9555 -18634
1524 9561 -18582
1525 9535 -18490
1526 9517 -18530
1527 9559 -18642
1528 9525 -18522
1529 9563 -18566
1530 9563 -18590
1531 9621 -18690
1532 9645 -18786
1533 9671 -18830
1534 9677 -18778
1535 9651 -18794
1536 9579 -18690
1537 9579 -18706
1538 9627 -18726
1539 9645 -18818
1540 9567 -18610
1541 9569 -18606
1542 9635 -18762
1543 9627 -18718
1544 9657 -18886
1545 9599 -18666
1546 9643 -18754
1547 9649 -18890
1548 9595 -18650
1549 9581 -18646
1550 9607 -18654
1551 9659 -18878
1552 9647 -18778
1553 9615 -18734
1554 9549 -18582
1555 9539 -18618
1556 9535 -18538
1557 9531 -18534
1558 9581 -18734
1559 9537 -18598
1560 9557 -18590
1561 9525 -18510
1562 9583 -18634
1563 9583 -18630
1564 9675 -18834
1565 9685 -18866
1566 9683 -18878
1567 9667 -18818
1568 9681 -18882
1569 9661 -18790
1570 9653 -18822
1571 9645 -18778
1572 9691 -18878
1573 9617 -18710
1574 9653 -18806
1575 9689 -18846
1576 9713 -18902
1577 9723 -18934
1578 9709 -18830
1579 9713 -18846
1580 9695 -18786
1581 9737 -18886
1582 9721 -18858
1583 9713 -18770
1584 9771 -18946
1585 9673 -18682
1586 9673 -18658
1587 9715 -18730
1588 9665 -18686
1589 9703 -18694
1590 9747 -18866
1591 9737 -18842
1592 9769 -18966
1593 9767 -18954
1594 9659 -18670
1595 9643 -18610
1596 9667 -18638
1597 9673 -18718
1598 9683 -18758
1599 9687 -18734
1600 9741 -18910
1601 9733 -18838
1602 9715 -18826
1603 9757 -18950
1604 9777 -18958
1605 9779 -19018
1606 9703 -18786
1607 9675 -18730
1608 9721 -18866
1609 9727 -18842
1610 9707 -18694
1611 9707 -18738
1612 9733 -18834
1613 9747 -18870
1614 9697 -18778
1615 9661 -18690
1616 9701 -18810
1617 9625 -18618
1618 9629 -18598
1619 9595 -18530
1620 9603 -18546
1621 9629 -18670
1622 9661 -18762
1623 9681 -18814
1624 9745 -18998
1625 9707 -18842
1626 9671 -18698
1627 9739 -18862
1628 9721 -18858
1629 9711 -18798
1630 9625 -18562
1631 9605 -18534
1632 9631 -18566
1633 9643 -18698
1634 9687 -18754
1635 9651 -18670
1636 9599 -18538
1637 9639 -18578
1638 9627 -18586
1639 9617 -18550
1640 9673 -18710
1641 9705 -18806
1642 9671 -18682
1643 9683 -18702
1644 9659 -18670
1645 9729 -18854
1646 9701 -18738
1647 9687 -18738
1648 9703 -18734
1649 9689 -18726
1650 9749 -18882
1651 9759 -18894
1652 9737 -18846
1653 9773 -18938
1654 9725 -18826
1655 9785 -19022
1656 9785 -18986
1657 9773 -18990
1658 9785 -19006
1659 9821 -19114
1660 9801 -19086
1661 9751 -18930
1662 9757 -18922
1663 9713 -18810
1664 9695 -18770
1665 9681 -18670
1666 9713 -18778
1667 9699 -18726
1668 9683 -18734
1669 9699 -18842
1670 9773 -19010
1671 9695 -18774
1672 9741 -18802
1673 9785 -18934
1674 9731 -18902
1675 9737 -18878
1676 9721 -18774
1677 9661 -18610
1678 9625 -18670
1679 9675 -18718
1680 9673 -18702
1681 9707 -18870
1682 9667 -18682
1683 9671 -18754
1684 9669 -18778
1685 9679 -18694
1686 9675 -18698
1687 9683 -18742
1688 9683 -18766
1689 9725 -18842
1690 9761 -18970
1691 9783 -18954
1692 9733 -18894
1693 9733 -18898
1694 9647 -18650
1695 9649 -18686
1696 9665 -18798
1697 9629 -18626
1698 9617 -18582
1699 9711 -18798
1700 9743 -18858
1701 9719 -18874
1702 9725 -18886
1703 9725 -18890
1704 9737 -18866
1705 9711 -18846
1706 9683 -18758
1707 9663 -18722
1708 9767 -18974
1709 9743 -18890
1710 9733 -18854
1711 9761 -18926
1712 9799 -18990
1713 9757 -18914
1714 9719 -18738
1715 9663 -18618
1716 9709 -18850
1717 9721 -18878
1718 9681 -18694
1719 9659 -18654
1720 9651 -18542
1721 9551 -18430
1722 9565 -18414
1723 9689 -18786
1724 9715 -18850
1725 9673 -18806
1726 9647 -18782
1727 9689 -18862
1728 9689 -18782
1729 9785 -19026
1730 9711 -18870
1731 9747 -18914
1732 9715 -18846
1733 9759 -18994
1734 9687 -18730
1735 9753 -18930
1736 9683 -18722
1737 9661 -18646
1738 9719 -18922
1739 9753 -18958
1740 9715 -18866
1741 9669 -18754
1742 9657 -18674
1743 9663 -18754
1744 9645 -18610
1745 9583 -18518
1746 9643 -18658
1747 9649 -18682
1748 9657 -18770
1749 9623 -18666
1750 9617 -18630
1751 9651 -18698
1752 9615 -18602
1753 9621 -18610
1754 9629 -18618
1755 9607 -18546
1756 9617 -18578
1757 9687 -18762
1758 9687 -18806
1759 9669 -18742
1760 9703 -18806
1761 9675 -18738
1762 9703 -18774
1763 9649 -18710
1764 9613 -18582
1765 9613 -18522
1766 9633 -18642
1767 9645 -18586
1768 9635 -18570
1769 9701 -18774
1770 9737 -18842
1771 9717 -18810
1772 9761 -18918
1773 9767 -18966
1774 9811 -19082
1775 9803 -19030
1776 9753 -18962
1777 9795 -19110
1778 9753 -18954
1779 9663 -18634
1780 9703 -18878
1781 9715 -18918
1782 9729 -18906
1783 9737 -18962
1784 9717 -18878
1785 9731 -18990
1786 9759 -18998
1787 9745 -18934
1788 9721 -18834
1789 9689 -18778
1790 9727 -18818
1791 9759 -18954
1792 9707 -18778
1793 9687 -18674
1794 9697 -18750
1795 9725 -18794
1796 9727 -18858
1797 9749 -18854
1798 9689 -18698
1799 9781 -18966
1800 9799 -19026
1801 9789 -19026
1802 9755 -18930
1803 9695 -18742
1804 9707 -18754
1805 9727 -18830
1806 9673 -18730
1807 9705 -18774
1808 9753 -18914
1809 9749 -18894
1810 9697 -18806
1811 9655 -18670
1812 9675 -18718
1813 9679 -18718
1814 9693 -18726
1815 9713 -18822
1816 9719 -18818
1817 9701 -18826
1818 9725 -18942
1819 9639 -18614
1820 9565 -18434
1821 9587 -18506
1822 9669 -18706
1823 9697 -18718
1824 9727 -18826
1825 9757 -18910
1826 9769 -18914
1827 9701 -18822
1828 9729 -18894
1829 9661 -18686
1830 9667 -18706
1831 9677 -18690
1832 9683 -18738
1833 9727 -18882
1834 9747 -18890
1835 9757 -18954
1836 9725 -18826
1837 9745 -18874
1838 9765 -18910
1839 9731 -18846
1840 9731 -18798
1841 9769 -18922
1842 9735 -18858
1843 9755 -18990
1844 9745 -18918
1845 9755 -18898
1846 9765 -18934
1847 9737 -18858
1848 9749 -18938
1849 9747 -18890
1850 9703 -18778
1851 9715 -18822
1852 9697 -18798
1853 9745 -18918
1854 9699 -18790
1855 9687 -18778
1856 9699 -18870
1857 9689 -18762
1858 9649 -18702
1859 9655 -18686
1860 9603 -18606
1861 9627 -18670
1862 9647 -18702
1863 9661 -18774
1864 9607 -18546
1865 9621 -18678
1866 9597 -18606
1867 9597 -18578
1868 9527 -18382
1869 9607 -18602
1870 9631 -18694
1871 9647 -18698
1872 9637 -18678
1873 9631 -18658
1874 9683 -18750
1875 9671 -18718
1876 9695 -18802
1877 9727 -18818
1878 9691 -18754
1879 9703 -18742
1880 9683 -18746
1881 9687 -18750
1882 9725 -18838
1883 9703 -18850
1884 9731 -18898
1885 9709 -18846
1886 9685 -18818
1887 9667 -18774
1888 9717 -18886
1889 9705 -18914
1890 9715 -18830
1891 9699 -18798
1892 9717 -18766
1893 9771 -18994
1894 9767 -18998
1895 9661 -18690
1896 9701 -18726
1897 9747 -18914
1898 9725 -18802
1899 9727 -18870
1900 9753 -18870
1901 9769 -18898
1902 9759 -18902
1903 9757 -18926
1904 9661 -18630
1905 9673 -18666
1906 9681 -18694
1907 9731 -18854
1908 9729 -18886
1909 9755 -18926
1910 9705 -18762
1911 9773 -18950
1912 9791 -19078
1913 9705 -18878
1914 9701 -18878
1915 9659 -18738
1916 9647 -18762
1917 9613 -18662
1918 9665 -18826
1919 9655 -18698
1920 9615 -18626
1921 9601 -18530
1922 9651 -18634
1923 9647 -18646
1924 9763 -18966
1925 9731 -18902
1926 9701 -18738
1927 9631 -18578
1928 9705 -18798
1929 9689 -18758
1930 9671 -18750
1931 9719 -18898
1932 9691 -18814
1933 9709 -18798
1934 9673 -18658
1935 9707 -18750
1936 9685 -18678
1937 9725 -18858
1938 9709 -18798
1939 9729 -18874
1940 9783 -18978
1941 9705 -18702
1942 9685 -18678
1943 9657 -18694
1944 9679 -18798
1945 9715 -18794
1946 9695 -18758
1947 9629 -18538
1948 9689 -18698
1949 9745 -18886
1950 9773 -18954
1951 9801 -19038
1952 9775 -18950
1953 9837 -19174
1954 9713 -18762
1955 9683 -18670
1956 9695 -18794
1957 9681 -18642
1958 9737 -18822
1959 9701 -18742
1960 9759 -18886
1961 9735 -18830
1962 9737 -18938
1963 9759 -18966
1964 9751 -18918
1965 9761 -18950
1966 9741 -18838
1967 9747 -18810
1968 9713 -18866
1969 9679 -18714
1970 9707 -18782
1971 9707 -18826
1972 9757 -18966
1973 9679 -18782
1974 9677 -18662
1975 9673 -18750
1976 9781 -18998
1977 9759 -18950
1978 9727 -18854
1979 9771 -19014
1980 9771 -19046
1981 9711 -18774
1982 9675 -18698
1983 9665 -18662
1984 9655 -18626
1985 9645 -18642
1986 9675 -18690
1987 9703 -18762
1988 9705 -18806
1989 9697 -18806
1990 9701 -18746
1991 9697 -18758
1992 9683 -18750
1993 9701 -18774
1994 9751 -19002
1995 9691 -18838
1996 9699 -18846
1997 9697 -18822
1998 9729 -18930
1999 9761 -19010
2000 9783 -19022
2001 9801 -19094
2002 9757 -18974
2003 9755 -18898
2004 9721 -18826
2005 9731 -18838
2006 9725 -18834
2007 9753 -18910
2008 9775 -18978
2009 9773 -18982
2010 9771 -18926
2011 9723 -18802
2012 9681 -18726
2013 9679 -18666
2014 9665 -18646
2015 9691 -18802
2016 9683 -18802
2017 9743 -18878
2018 9689 -18730
2019 9703 -18710
2020 9661 -18694
2021 9685 -18738
2022 9693 -18762
2023 9709 -18798
2024 9703 -18846
2025 9707 -18782
2026 9771 -18954
2027 9745 -18930
2028 9729 -18906
2029 9715 -18842
2030 9725 -18878
2031 9659 -18618
2032 9669 -18622
2033 9693 -18718
2034 9691 -18718
2035 9707 -18810
2036 9711 -18790
2037 9745 -18934
2038 9725 -18822
2039 9721 -18834
2040 9681 -18818
2041 9755 -18998
2042 9759 -18998
2043 9747 -18886
2044 9723 -18854
2045 9697 -18790
2046 9703 -18810
2047 9659 -18718
2048 9669 -18750
2049 9677 -18694
2050 9709 -18910
2051 9703 -18794
2052 9659 -18610
2053 9689 -18686
2054 9691 -18778
2055 9741 -18886
2056 9695 -18734
2057 9639 -18618
2058 9643 -18618
2059 9619 -18542
2060 9647 -18598
2061 9667 -18798
2062 9687 -18734
2063 9699 -18742
2064 9759 -18910
2065 9755 -18890
2066 9745 -18862
2067 9699 -18738
2068 9695 -18774
2069 9679 -18686
2070 9743 -18874
2071 9773 -18994
2072 9703 -18746
2073 9715 -18806
2074 9669 -18742
2075 9569 -18510
2076 9577 -18406
2077 9675 -18706
2078 9725 -18818
2079 9741 -18914
2080 9723 -18918
2081 9769 -18954
2082 9761 -18914
2083 9735 -18830
2084 9675 -18714
2085 9661 -18626
2086 9727 -18818
2087 9719 -18866
2088 9643 -18638
2089 9753 -18922
2090 9709 -18826
2091 9669 -18650
2092 9653 -18670
2093 9667 -18694
2094 9697 -18846
2095 9693 -18810
2096 9713 -18830
2097 9713 -18862
2098 9719 -18830
2099 9739 -18926
2100 9707 -18830
2101 9741 -18882
2102 9737 -18938
2103 9707 -18794
2104 9683 -18766
2105 9707 -18830
2106 9709 -18778
2107 9735 -18866
2108 9701 -18762
2109 9651 -18582
2110 9743 -18934
2111 9653 -18698
2112 9653 -18722
2113 9689 -18786
2114 9641 -18666
2115 9691 -18814
2116 9699 -18798
2117 9705 -18878
2118 9713 -18854
2119 9679 -18830
2120 9693 -18838
2121 9679 -18750
2122 9677 -18790
2123 9635 -18674
2124 9613 -18606
2125 9665 -18738
2126 9657 -18630
2127 9701 -18782
2128 9655 -18626
2129 9571 -18446
2130 9653 -18638
2131 9699 -18802
2132 9665 -18710
2133 9671 -18734
2134 9625 -18610
2135 9625 -18646
2136 9611 -18582
2137 9549 -18466
2138 9627 -18670
2139 9605 -18602
2140 9589 -18614
2141 9621 -18646
2142 9659 -18770
2143 9617 -18734
2144 9585 -18602
2145 9549 -18566
2146 9575 -18594
2147 9625 -18758
2148 9593 -18590
2149 9585 -18590
2150 9545 -18490
2151 9603 -18666
2152 9601 -18542
2153 9715 -18898
2154 9703 -18798
2155 9749 -18894
2156 9711 -18746
2157 9759 -18862
2158 9735 -18794
2159 9725 -18778
2160 9715 -18774
2161 9707 -18802
2162 9655 -18718
2163 9663 -18690
2164 9777 -19038
2165 9727 -18898
2166 9749 -18966
2167 9765 -18942
2168 9755 -18982
2169 9721 -18846
2170 9693 -18762
2171 9651 -18626
2172 9729 -18850
2173 9729 -18794
2174 9715 -18758
2175 9725 -18858
2176 9673 -18758
2177 9667 -18718
2178 9703 -18874
2179 9687 -18798
2180 9603 -18602
2181 9653 -18786
2182 9675 -18730
2183 9671 -18730
2184 9677 -18686
2185 9695 -18766
2186 9727 -18842
2187 9753 -18914
2188 9713 -18862
2189 9737 -18838
2190 9695 -18774
2191 9765 -18950
2192 9759 -18970
2193 9711 -18798
2194 9681 -18674
2195 9663 -18574
2196 9651 -18610
2197 9671 -18778
2198 9711 -18814
2199 9691 -18782
2200 9699 -18738
2201 9683 -18694
2202 9723 -18850
2203 9705 -18786
2204 9683 -18726
2205 9681 -18710
2206 9671 -18650
2207 9681 -18686
2208 9675 -18754
2209 9659 -18678
2210 9585 -18530
2211 9609 -18686
2212 9589 -18550
2213 9561 -18454
2214 9629 -18654
2215 9605 -18570
2216 9587 -18578
2217 9627 -18590
2218 9597 -18510
2219 9675 -18714
2220 9635 -18614
2221 9647 -18678
2222 9647 -18602
2223 9639 -18618
2224 9653 -18686
2225 9645 -18558
2226 9643 -18674
2227 9693 -18730
2228 9759 -18918
2229 9797 -19018
2230 9795 -19026
2231 9757 -18958
2232 9681 -18714
2233 9695 -18846
2234 9723 -18938
2235 9697 -18846
2236 9765 -18942
2237 9777 -19026
2238 9719 -18770
2239 9703 -18742
2240 9695 -18818
2241 9693 -18782
2242 9739 -18902
2243 9673 -18702
2244 9693 -18726
2245 9755 -18934
2246 9735 -18866
2247 9745 -18854
2248 9737 -18858
2249 9649 -18694
2250 9633 -18682
2251 9651 -18738
2252 9689 -18754
2253 9699 -18786
2254 9717 -18770
2255 9703 -18734
2256 9799 -19034
2257 9723 -18810
2258 9729 -18878
2259 9749 -18926
2260 9767 -18990
2261 9773 -19022
2262 9777 -19030
2263 9767 -18986
2264 9747 -18958
2265 9755 -18922
2266 9735 -18862
2267 9667 -18658
2268 9701 -18742
2269 9675 -18730
2270 9703 -18814
2271 9759 -18950
2272 9797 -19026
2273 9825 -19138
2274 9797 -19034
2275 9789 -19074
2276 9691 -18802
2277 9687 -18706
2278 9729 -18850
2279 9779 -19082
2280 9737 -18910
2281 9681 -18778
2282 9659 -18766
2283 9623 -18686
2284 9609 -18546
2285 9613 -18610
2286 9673 -18766
2287 9651 -18650
2288 9639 -18618
2289 9629 -18610
2290 9677 -18730
2291 9579 -18402
2292 9723 -18834
2293 9657 -18798
2294 9683 -18810
2295 9661 -18710
2296 9653 -18750
2297 9623 -18622
2298 9647 -18790
2299 9681 -18842
2300 9665 -18826
2301 9741 -19010
2302 9685 -18798
2303 9717 -18942
2304 9687 -18806
2305 9729 -18874
2306 9729 -18922
2307 9739 -18922
2308 9701 -18870
2309 9707 -18834
2310 9727 -18894
2311 9671 -18690
2312 9697 -18742
2313 9727 -18850
2314 9685 -18714
2315 9683 -18682
2316 9729 -18870
2317 9657 -18626
2318 9679 -18706
2319 9681 -18662
2320 9655 -18686
2321 9637 -18670
2322 9575 -18466
2323 9551 -18398
2324 9631 -18678
2325 9613 -18574
2326 9593 -18478
2327 9641 -18710
2328 9663 -18682
2329 9679 -18766
2330 9659 -18706
2331 9651 -18642
2332 9717 -18830
2333 9727 -18858
2334 9735 -18870
2335 9677 -18726
2336 9705 -18890
2337 9727 -18958
2338 9701 -18782
2339 9633 -18654
2340 9693 -18778
2341 9649 -18674
2342 9605 -18570
2343 9645 -18690
2344 9619 -18654
2345 9657 -18702
2346 9635 -18682
2347 9655 -18778
2348 9655 -18758
2349 9641 -18694
2350 9645 -18610
2351 9557 -18410
2352 9583 -18542
2353 9583 -18502
2354 9623 -18594
2355 9649 -18622
2356 9695 -18782
2357 9701 -18794
2358 9733 -18934
2359 9625 -18614
2360 9645 -18574
2361 9713 -18790
2362 9643 -18598
2363 9703 -18798
2364 9697 -18778
2365 9691 -18746
2366 9677 -18682
2367 9717 -18810
2368 9679 -18710
2369 9643 -18614
2370 9635 -18558
2371 9721 -18818
2372 9703 -18770
2373 9717 -18810
2374 9715 -18846
2375 9717 -18878
2376 9699 -18758
2377 9745 -18882
2378 9757 -18930
2379 9705 -18854
2380 9659 -18698
2381 9667 -18682
2382 9651 -18638
2383 9629 -18622
2384 9657 -18702
2385 9671 -18718
2386 9677 -18726
2387 9655 -18622
2388 9723 -18846
2389 9745 -18874
2390 9707 -18778
2391 9753 -18866
2392 9725 -18794
2393 9723 -18794
2394 9701 -18738
2395 9707 -18834
2396 9743 -18878
2397 9697 -18790
2398 9671 -18706
2399 9703 -18854
2400 9665 -18622
2401 9675 -18646
2402 9725 -18858
2403 9701 -18790
2404 9641 -18662
2405 9679 -18798
2406 9673 -18750
2407 9651 -18674
2408 9709 -18858
2409 9667 -18718
2410 9703 -18822
2411 9727 -18882
2412 9761 -18954
2413 9747 -18906
2414 9737 -18874
2415 9773 -19014
2416 9743 -18922
2417 9721 -18830
2418 9677 -18754
2419 9699 -18822
2420 9719 -18786
2421 9701 -18758
2422 9727 -18846
2423 9659 -18662
2424 9609 -18522
2425 9619 -18554
2426 9655 -18654
2427 9677 -18674
2428 9633 -18554
2429 9673 -18682
2430 9683 -18710
2431 9685 -18774
2432 9719 -18890
2433 9645 -18678
2434 9671 -18686
2435 9663 -18646
2436 9663 -18622
2437 9679 -18666
2438 9703 -18750
2439 9777 -18962
2440 9737 -18858
2441 9677 -18766
2442 9705 -18790
2443 9691 -18794
2444 9689 -18870
2445 9709 -18834
2446 9689 -18758
2447 9625 -18718
2448 9653 -18730
2449 9653 -18702
2450 9747 -18870
2451 9703 -18802
2452 9711 -18834
2453 9757 -18874
2454 9737 -18806
2455 9741 -18826
2456 9719 -18826
2457 9713 -18818
2458 9711 -18818
2459 9687 -18818
2460 9751 -18934
2461 9725 -18814
2462 9765 -18918
2463 9815 -19122
2464 9747 -18878
2465 9751 -18882
2466 9719 -18766
2467 9735 -18854
2468 9615 -18562
2469 9655 -18670
2470 9709 -18806
2471 9677 -18734
2472 9599 -18470
2473 9589 -18478
2474 9597 -18546
2475 9609 -18618
2476 9683 -18770
2477 9711 -18838
2478 9751 -19006
2479 9759 -19006
2480 9689 -18858
2481 9647 -18718
2482 9647 -18674
2483 9691 -18742
2484 9715 -18870
2485 9685 -18806
2486 9705 -18830
2487 9643 -18662
2488 9679 -18718
2489 9663 -18626
2490 9677 -18746
2491 9727 -18810
2492 9705 -18778
2493 9715 -18786
2494 9687 -18734
2495 9689 -18662
2496 9711 -18770
2497 9743 -18882
2498 9719 -18758
2499 9765 -18930
2500 9711 -18762
2501 9659 -18690
2502 9643 -18662
2503 9621 -18526
2504 9711 -18774
2505 9643 -18630
2506 9667 -18674
2507 9619 -18554
2508 9657 -18682
2509 9725 -18858
2510 9731 -18882
2511 9703 -18718
2512 9747 -18902
2513 9691 -18686
2514 9767 -18878
2515 9715 -18766
2516 9717 -18786
2517 9697 -18770
2518 9725 -18810
2519 9723 -18786
2520 9743 -18914
2521 9745 -18914
2522 9719 -18794
2523 9741 -18934
2524 9717 -18866
2525 9705 -18758
2526 9691 -18826
2527 9669 -18738
2528 9685 -18762
2529 9683 -18790
2530 9677 -18802
2531 9715 -18878
2532 9679 -18786
2533 9669 -18734
2534 9663 -18686
2535 9613 -18594
2536 9693 -18858
2537 9657 -18822
2538 9701 -18854
2539 9725 -18810
2540 9719 -18822
2541 9795 -19042
2542 9795 -19018
2543 9679 -18746
2544 9719 -18818
2545 9687 -18710
2546 9729 -18822
2547 9731 -18866
2548 9709 -18850
2549 9707 -18730
2550 9757 -18946
2551 9743 -18926
2552 9729 -18862
2553 9749 -18922
2554 9665 -18702
2555 9637 -18654
2556 9613 -18574
2557 9609 -18546
2558 9595 -18506
2559 9589 -18522
2560 9635 -18658
2561 9617 -18590
2562 9589 -18522
2563 9629 -18634
2564 9663 -18622
2565 9673 -18698
2566 9661 -18622
2567 9647 -18522
2568 9723 -18838
2569 9755 -18858
2570 9751 -18890
2571 9689 -18798
2572 9723 -18814
2573 9729 -18870
2574 9669 -18654
2575 9683 -18702
2576 9749 -18914
2577 9733 -18866
2578 9767 -19022
2579 9777 -18998
2580 9683 -18702
2581 9685 -18714
2582 9655 -18566
2583 9695 -18682
2584 9729 -18766
2585 9817 -19074
2586 9853 -19242
2587 9807 -19062
2588 9745 -18866
2589 9709 -18826
2590 9733 -18942
2591 9731 -18854
2592 9757 -18922
2593 9773 -18974
2594 9759 -18922
2595 9703 -18802
2596 9679 -18762
2597 9599 -18514
2598 9581 -18454
2599 9615 -18554
2600 9637 -18586
2601 9641 -18682
2602 9737 -18946
2603 9639 -18658
2604 9671 -18670
2605 9689 -18718
2606 9711 -18790
2607 9713 -18814
2608 9753 -18934
2609 9743 -18902
2610 9749 -18942
2611 9789 -18942
2612 9757 -18922
2613 9693 -18786
2614 9751 -18938
2615 9769 -18982
2616 9787 -18986
2617 9771 -18902
2618 9727 -18870
2619 9697 -18714
2620 9677 -18726
2621 9655 -18666
2622 9639 -18630
2623 9723 -18854
2624 9707 -18758
2625 9669 -18678
2626 9679 -18706
2627 9707 -18766
2628 9709 -18802
2629 9645 -18646
2630 9659 -18658
2631 9605 -18566
2632 9647 -18730
2633 9691 -18810
2634 9683 -18794
2635 9683 -18706
2636 9701 -18794
2637 9733 -18966
2638 9771 -19018
2639 9767 -18978
2640 9761 -18994
2641 9717 -18866
2642 9683 -18710
2643 9725 -18782
2644 9753 -18886
2645 9739 -18822
2646 9747 -18874
2647 9771 -18958
2648 9785 -19066
2649 9769 -18922
2650 9727 -18822
2651 9715 -18838
2652 9679 -18754
2653 9741 -18930
2654 9705 -18858
2655 9747 -18942
2656 9687 -18818
2657 9655 -18674
2658 9711 -18814
2659 9763 -18954
2660 9739 -18858
2661 9705 -18862
2662 9667 -18714
2663 9665 -18714
2664 9619 -18614
2665 9689 -18774
2666 9667 -18654
2667 9633 -18670
2668 9595 -18614
2669 9557 -18510
2670 9545 -18490
2671 9571 -18530
2672 9521 -18394
2673 9561 -18506
2674 9599 -18682
2675 9585 -18682
2676 9611 -18690
2677 9599 -18610
2678 9593 -18578
2679 9561 -18482
2680 9697 -18782
2681 9717 -18794
2682 9747 -18910
2683 9745 -18970
2684 9705 -18782
2685 9723 -18910
2686 9667 -18806
2687 9663 -18786
2688 9587 -18538
2689 9657 -18746
2690 9691 -18782
2691 9729 -18906
2692 9731 -18866
2693 9665 -18638
2694 9747 -18926
2695 9805 -19074
2696 9815 -19090
2697 9779 -18922
2698 9797 -19058
2699 9737 -18818
2700 9745 -18898
2701 9775 -18994
2702 9763 -18942
2703 9809 -19086
2704 9749 -18918
2705 9743 -18914
2706 9731 -18930
2707 9685 -18730
2708 9695 -18826
2709 9713 -18790
2710 9741 -18862
2711 9781 -18970
2712 9761 -18926
2713 9803 -19042
2714 9767 -18954
2715 9763 -18922
2716 9757 -18906
2717 9745 -18898
2718 9723 -18882
2719 9683 -18790
2720 9689 -18854
2721 9719 -18870
2722 9675 -18734
2723 9673 -18678
2724 9659 -18690
2725 9619 -18630
2726 9665 -18758
2727 9705 -18778
2728 9703 -18746
2729 9697 -18766
2730 9659 -18686
2731 9729 -18838
2732 9765 -18946
2733 9721 -18822
2734 9699 -18750
2735 9713 -18822
2736 9777 -18974
2737 9803 -19042
2738 9803 -19046
2739 9765 -19022
2740 9795 -19002
2741 9681 -18674
2742 9691 -18730
2743 9699 -18702
2744 9673 -18770
2745 9719 -18910
2746 9689 -18782
2747 9661 -18718
2748 9661 -18746
2749 9663 -18814
2750 9673 -18910
2751 9681 -18910
2752 9681 -18806
2753 9691 -18758
2754 9705 -18822
2755 9705 -18846
2756 9727 -18862
2757 9735 -18934
2758 9711 -18746
2759 9687 -18754
2760 9689 -18762
2761 9631 -18674
2762 9661 -18678
2763 9723 -18858
2764 9697 -18758
2765 9759 -18950
2766 9689 -18786
2767 9717 -18858
2768 9709 -18818
2769 9719 -18834
2770 9717 -18802
2771 9693 -18718
2772 9727 -18822
2773 9677 -18714
2774 9665 -18654
2775 9735 -18814
2776 9735 -18842
2777 9707 -18778
2778 9669 -18778
2779 9745 -18962
2780 9711 -18834
2781 9685 -18750
2782 9653 -18666
2783 9741 -18822
2784 9729 -18838
2785 9739 -18886
2786 9669 -18726
2787 9657 -18702
2788 9663 -18682
2789 9703 -18786
2790 9625 -18634
2791 9673 -18766
2792 9611 -18602
2793 9585 -18574
2794 9609 -18646
2795 9623 -18634
2796 9633 -18646
2797 9689 -18786
2798 9743 -19014
2799 9713 -18834
2800 9747 -18910
2801 9773 -19026
2802 9749 -18914
2803 9687 -18694
2804 9667 -18710
2805 9689 -18762
2806 9717 -18830
2807 9717 -18794
2808 9699 -18766
2809 9711 -18814
2810 9701 -18810
2811 9647 -18610
2812 9721 -18878
2813 9763 -18942
2814 9701 -18834
2815 9687 -18698
2816 9705 -18766
2817 9667 -18714
2818 9633 -18666
2819 9629 -18674
2820 9635 -18710
2821 9663 -18790
2822 9675 -18794
2823 9707 -18822
2824 9695 -18734
2825 9683 -18678
2826 9655 -18654
2827 9643 -18634
2828 9733 -18882
2829 9735 -18850
2830 9749 -18902
2831 9739 -18838
2832 9743 -18830
2833 9763 -18894
2834 9739 -18870
2835 9651 -18594
2836 9661 -18710
2837 9633 -18566
2838 9627 -18626
2839 9653 -18662
2840 9677 -18690
2841 9695 -18770
2842 9675 -18774
2843 9651 -18630
2844 9619 -18638
2845 9649 -18682
2846 9609 -18630
2847 9585 -18550
2848 9609 -18630
2849 9645 -18718
2850 9605 -18630
2851 9591 -18590
2852 9625 -18642
2853 9687 -18834
2854 9649 -18806
2855 9649 -18718
2856 9675 -18890
2857 9661 -18754
2858 9645 -18638
2859 9667 -18762
2860 9661 -18790
2861 9605 -18682
2862 9669 -18814
2863 9619 -18718
2864 9585 -18606
2865 9657 -18758
2866 9657 -18758
2867 9615 -18666
2868 9655 -18726
2869 9665 -18814
2870 9711 -18794
2871 9673 -18698
2872 9671 -18650
2873 9733 -18778
2874 9737 -18858
2875 9847 -19202
2876 9759 -18950
2877 9747 -18926
2878 9723 -18862
2879 9727 -18826
2880 9751 -18902
2881 9737 -18790
2882 9737 -18882
2883 9629 -18610
2884 9687 -18726
2885 9717 -18834
2886 9713 -18778
2887 9681 -18678
2888 9647 -18554
2889 9685 -18702
2890 9673 -18706
2891 9735 -18846
2892 9747 -18914
2893 9693 -18698
2894 9687 -18722
2895 9719 -18858
2896 9637 -18618
2897 9695 -18698
2898 9699 -18746
2899 9709 -18738
2900 9697 -18774
2901 9695 -18754
2902 9677 -18702
2903 9713 -18774
2904 9663 -18698
2905 9691 -18770
2906 9751 -18910
2907 9737 -18866
2908 9775 -18994
2909 9719 -18838
2910 9701 -18738
2911 9663 -18694
2912 9673 -18718
2913 9683 -18770
2914 9731 -18874
2915 9691 -18738
2916 9709 -18806
2917 9683 -18718
2918 9723 -18862
2919 9751 -18958
2920 9725 -18886
2921 9721 -18866
2922 9659 -18654
2923 9705 -18770
2924 9735 -18874
2925 9725 -18794
2926 9793 -18986
2927 9791 -18998
2928 9755 -18914
2929 9757 -18930
2930 9719 -18786
2931 9673 -18670
2932 9663 -18738
2933 9693 -18770
2934 9727 -18898
2935 9695 -18846
2936 9691 -18766
2937 9761 -18894
2938 9703 -18686
2939 9731 -18810
2940 9759 -18910
2941 9759 -18962
2942 9783 -18958
2943 9761 -18894
2944 9743 -18878
2945 9721 -18866
2946 9673 -18674
2947 9765 -18986
2948 9697 -18802
2949 9713 -18762
2950 9713 -18830
2951 9705 -18798
2952 9739 -18898
2953 9733 -18822
2954 9677 -18682
2955 9645 -18630
2956 9689 -18750
2957 9711 -18810
2958 9735 -18794
2959 9737 -18878
2960 9685 -18666
2961 9719 -18782
2962 9709 -18750
2963 9733 -18850
2964 9733 -18830
2965 9723 -18822
2966 9723 -18818
2967 9779 -18934
2968 9769 -18966
2969 9745 -18890
2970 9731 -18882
2971 9731 -18898
2972 9731 -18898
2973 9723 -18858
2974 9721 -18830
2975 9691 -18794
2976 9705 -18774
2977 9713 -18794
2978 9715 -18774
2979 9735 -18842
2980 9777 -18962
2981 9725 -18938
2982 9665 -18726
2983 9655 -18646
2984 9685 -18774
2985 9669 -18854
2986 9619 -18622
2987 9695 -18818
2988 9747 -18962
2989 9679 -18710
2990 9613 -18570
2991 9651 -18658
2992 9713 -18822
2993 9691 -18794
2994 9743 -18854
2995 9769 -18926
2996 9765 -18902
2997 9789 -19010
2998 9803 -19074
2999 9771 -18954
3000 9683 -18742
3001 9641 -18626
3002 9675 -18730
3003 9681 -18754
3004 9637 -18698
3005 9605 -18550
3006 9641 -18618
3007 9701 -18678
3008 9711 -18774
3009 9693 -18726
3010 9691 -18758
3011 9707 -18766
3012 9723 -18818
3013 9683 -18810
3014 9687 -18722
3015 9729 -18902
3016 9771 -18974
3017 9729 -18882
3018 9629 -18646
3019 9577 -18534
3020 9549 -18482
3021 9549 -18446
3022 9611 -18594
3023 9697 -18894
3024 9657 -18798
3025 9629 -18666
3026 9603 -18594
3027 9623 -18658
3028 9635 -18678
3029 9609 -18650
3030 9587 -18646
3031 9567 -18614
3032 9605 -18710
3033 9593 -18642
3034 9685 -18794
3035 9721 -18914
3036 9717 -18858
3037 9679 -18822
3038 9667 -18822
3039 9619 -18750
3040 9671 -18906
3041 9629 -18726
3042 9653 -18766
3043 9725 -18962
3044 9701 -18922
3045 9675 -18842
3046 9709 -18882
3047 9679 -18730
3048 9745 -18898
3049 9695 -18818
3050 9677 -18742
3051 9655 -18670
3052 9683 -18754
3053 9749 -18878
3054 9701 -18778
3055 9741 -18850
3056 9759 -18882
3057 9753 -18914
3058 9739 -18854
3059 9769 -18954
3060 9729 -18762
3061 9717 -18826
3062 9695 -18810
3063 9703 -18810
3064 9735 -18922
3065 9761 -18966
3066 9711 -18842
3067 9739 -18934
3068 9719 -18846
3069 9723 -18910
3070 9651 -18778
3071 9645 -18706
3072 9649 -18618
3073 9631 -18626
3074 9705 -18810
3075 9795 -19078
3076 9747 -18938
3077 9751 -18926
3078 9655 -18670
3079 9669 -18726
3080 9595 -18526
3081 9631 -18638
3082 9543 -18354
3083 9627 -18586
3084 9609 -18506
3085 9625 -18614
3086 9651 -18662
3087 9731 -18870
3088 9685 -18782
3089 9693 -18790
3090 9717 -18814
3091 9693 -18802
3092 9675 -18734
3093 9677 -18654
3094 9717 -18794
3095 9789 -19050
3096 9761 -18950
3097 9757 -18898
3098 9767 -18922
3099 9725 -18842
3100 9717 -18842
3101 9645 -18674
3102 9645 -18598
3103 9641 -18694
3104 9623 -18650
3105 9617 -18662
3106 9631 -18534
3107 9685 -18710
3108 9655 -18726
3109 9769 -18998
3110 9709 -18790
3111 9735 -18898
3112 9781 -18990
3113 9721 -18778
3114 9753 -18958
3115 9651 -18634
3116 9683 -18790
3117 9677 -18714
3118 9769 -18998
3119 9775 -18906
3120 9753 -18890
3121 9735 -18910
3122 9711 -18770
3123 9673 -18694
3124 9701 -18766
3125 9741 -18902
3126 9723 -18822
3127 9753 -18950
3128 9711 -18798
3129 9697 -18842
3130 9665 -18674
3131 9655 -18702
3132 9549 -18350
3133 9517 -18370
3134 9569 -18394
3135 9619 -18630
3136 9599 -18574
3137 9653 -18730
3138 9655 -18782
3139 9641 -18702
3140 9673 -18794
3141 9679 -18694
3142 9689 -18774
3143 9693 -18726
3144 9677 -18722
3145 9719 -18854
3146 9681 -18670
3147 9657 -18662
3148 9683 -18750
3149 9711 -18782
3150 9735 -18878
3151 9775 -18930
3152 9779 -19002
3153 9749 -18930
3154 9727 -18890
3155 9707 -18830
3156 9665 -18726
3157 9609 -18558
3158 9609 -18526
3159 9639 -18518
3160 9663 -18594
3161 9691 -18722
3162 9699 -18834
3163 9651 -18666
3164 9687 -18778
3165 9683 -18786
3166 9699 -18838
3167 9683 -18774
3168 9707 -18826
3169 9647 -18690
3170 9623 -18642
3171 9651 -18714
3172 9725 -18934
3173 9725 -18898
3174 9697 -18834
3175 9737 -18870
3176 9685 -18722
3177 9675 -18702
3178 9671 -18698
3179 9685 -18706
3180 9733 -18894
3181 9667 -18782
3182 9635 -18658
3183 9695 -18810
3184 9679 -18742
3185 9675 -18754
3186 9723 -18882
3187 9689 -18706
3188 9701 -18806
3189 9705 -18766
3190 9689 -18802
3191 9691 -18862
3192 9669 -18754
3193 9605 -18562
3194 9637 -18726
3195 9675 -18810
3196 9613 -18614
3197 9613 -18550
3198 9675 -18794
3199 9733 -18914
3200 9769 -18946
3201 9743 -18878
3202 9763 -18930
3203 9677 -18714
3204 9703 -18770
3205 9681 -18686
3206 9647 -18626
3207 9723 -18794
3208 9707 -18758
3209 9699 -18730
3210 9641 -18578
3211 9661 -18670
3212 9699 -18786
3213 9709 -18818
3214 9655 -18670
3215 9703 -18782
3216 9715 -18754
3217 9777 -18954
3218 9757 -18882
3219 9787 -19034
3220 9731 -18858
3221 9791 -19066
3222 9787 -19030
3223 9681 -18690
3224 9639 -18602
3225 9671 -18686
3226 9687 -18766
3227 9745 -18882
3228 9685 -18718
3229 9649 -18686
3230 9675 -18670
3231 9719 -18830
3232 9743 -18878
3233 9745 -18830
3234 9729 -18830
3235 9689 -18794
3236 9617 -18670
3237 9663 -18766
3238 9667 -18682
3239 9649 -18746
3240 9689 -18858
3241 9691 -18846
3242 9671 -18658
3243 9711 -18834
3244 9697 -18786
3245 9725 -18826
3246 9713 -18850
3247 9703 -18774
3248 9627 -18514
3249 9667 -18654
3250 9697 -18746
3251 9671 -18722
3252 9717 -18830
3253 9669 -18670
3254 9667 -18666
3255 9673 -18726
3256 9709 -18826
3257 9691 -18742
3258 9701 -18774
3259 9743 -18886
3260 9667 -18654
3261 9713 -18802
3262 9739 -18906
3263 9793 -19070
3264 9693 -18758
3265 9653 -18650
3266 9667 -18694
3267 9693 -18786
3268 9683 -18734
3269 9693 -18762
3270 9705 -18794
3271 9683 -18734
3272 9711 -18858
3273 9673 -18734
3274 9659 -18666
3275 9681 -18786
3276 9747 -18898
3277 9747 -18930
3278 9727 -18818
3279 9689 -18790
3280 9645 -18650
3281 9731 -18850
3282 9721 -18850
3283 9717 -18778
3284 9707 -18738
3285 9667 -18670
3286 9641 -18594
3287 9617 -18542
3288 9635 -18602
3289 9617 -18626
3290 9697 -18734
3291 9693 -18778
3292 9687 -18794
3293 9673 -18726
3294 9673 -18706
3295 9667 -18610
3296 9721 -18782
3297 9717 -18738
3298 9757 -18962
3299 9753 -19002
3300 9717 -18818
3301 9695 -18758
3302 9741 -18950
3303 9745 -18874
3304 9783 -19014
3305 9801 -19074
3306 9765 -18954
3307 9731 -18838
3308 9749 -18910
3309 9697 -18818
3310 9671 -18766
3311 9743 -18906
3312 9729 -18862
3313 9691 -18786
3314 9721 -18914
3315 9741 -18914
3316 9731 -18874
3317 9767 -18954
3318 9661 -18742
3319 9623 -18566
3320 9589 -18534
3321 9669 -18766
3322 9657 -18710
3323 9657 -18642
3324 9663 -18670
3325 9659 -18726
3326 9633 -18638
3327 9659 -18638
3328 9685 -18702
3329 9693 -18722
3330 9703 -18762
3331 9701 -18818
3332 9689 -18750
3333 9691 -18854
3334 9681 -18778
3335 9707 -18850
3336 9711 -18838
3337 9713 -18742
3338 9737 -18846
3339 9719 -18842
3340 9695 -18786
3341 9711 -18818
3342 9709 -18822
3343 9723 -18930
3344 9787 -19042
3345 9741 -18850
3346 9667 -18718
3347 9683 -18718
3348 9661 -18702
3349 9703 -18854
3350 9657 -18750
3351 9583 -18626
3352 9675 -18770
3353 9679 -18806
3354 9691 -18814
3355 9673 -18690
3356 9701 -18746
3357 9655 -18618
3358 9651 -18626
3359 9719 -18854
3360 9639 -18706
3361 9631 -18682
3362 9579 -18494
3363 9623 -18630
3364 9553 -18526
3365 9575 -18598
3366 9595 -18646
3367 9709 -18906
3368 9675 -18750
3369 9725 -18846
3370 9679 -18814
3371 9685 -18794
3372 9657 -18690
3373 9647 -18610
3374 9727 -18758
3375 9741 -18790
3376 9735 -18786
3377 9719 -18746
3378 9661 -18602
3379 9663 -18670
3380 9707 -18794
3381 9657 -18606
3382 9683 -18710
3383 9643 -18686
3384 9693 -18826
3385 9673 -18842
3386 9691 -18770
3387 9659 -18706
3388 9685 -18846
3389 9689 -18874
3390 9659 -18742
3391 9647 -18718
3392 9621 -18610
3393 9657 -18762
3394 9693 -18810
3395 9677 -18826
3396 9691 -18866
3397 9687 -18786
3398 9707 -18922
3399 9699 -18806
3400 9675 -18854
3401 9725 -18878
3402 9651 -18686
3403 9625 -18642
3404 9623 -18606
3405 9569 -18446
3406 9609 -18610
3407 9591 -18566
3408 9649 -18734
3409 9659 -18742
3410 9649 -18686
3411 9657 -18782
3412 9635 -18626
3413 9605 -18514
3414 9657 -18710
3415 9707 -18826
3416 9745 -18986
3417 9727 -18878
3418 9703 -18802
3419 9689 -18722
3420 9683 -18730
3421 9701 -18774
3422 9729 -18870
3423 9693 -18766
3424 9733 -18830
3425 9709 -18850
3426 9709 -18802
3427 9747 -18950
3428 9747 -18894
3429 9719 -18854
3430 9601 -18570
3431 9583 -18538
3432 9629 -18650
3433 9627 -18550
3434 9673 -18690
3435 9659 -18734
3436 9661 -18782
3437 9669 -18782
3438 9655 -18738
3439 9659 -18730
3440 9679 -18838
3441 9685 -18850
3442 9663 -18834
3443 9631 -18682
3444 9605 -18590
3445 9601 -18570
3446 9641 -18618
3447 9687 -18906
3448 9679 -18786
3449 9663 -18746
3450 9699 -18862
3451 9689 -18774
3452 9703 -18830
3453 9761 -18910
3454 9793 -19022
3455 9703 -18826
3456 9629 -18658
3457 9673 -18726
3458 9685 -18762
3459 9671 -18702
3460 9661 -18714
3461 9621 -18710
3462 9657 -18730
3463 9675 -18686
3464 9701 -18818
3465 9741 -18906
3466 9759 -18930
3467 9711 -18854
3468 9699 -18810
3469 9735 -18894
3470 9785 -19062
3471 9731 -18874
3472 9723 -18826
3473 9677 -18734
3474 9621 -18538
3475 9639 -18618
3476 9711 -18794
3477 9759 -18906
3478 9741 -18926
3479 9775 -19006
3480 9707 -18806
3481 9687 -18730
3482 9753 -18894
3483 9763 -18910
3484 9751 -18906
3485 9737 -18874
3486 9715 -18822
3487 9715 -18882
3488 9679 -18678
3489 9645 -18598
3490 9693 -18770
3491 9699 -18766
3492 9671 -18750
3493 9647 -18622
3494 9715 -18830
3495 9707 -18762
3496 9693 -18726
3497 9653 -18638
3498 9637 -18618
3499 9641 -18682
3500 9649 -18646
3501 9619 -18570
3502 9631 -18626
3503 9653 -18694
3504 9641 -18710
3505 9625 -18690
3506 9677 -18782
3507 9663 -18762
3508 9667 -18770
3509 9643 -18682
3510 9625 -18630
3511 9659 -18698
3512 9639 -18626
3513 9655 -18662
3514 9699 -18818
3515 9753 -18922
3516 9661 -18650
3517 9677 -18742
3518 9743 -18954
3519 9707 -18834
3520 9757 -18946
3521 9807 -19110
3522 9813 -19130
3523 9765 -18942
3524 9737 -18862
3525 9691 -18694
3526 9731 -18850
3527 9697 -18786
3528 9665 -18694
3529 9621 -18614
3530 9621 -18658
3531 9637 -18678
3532 9639 -18706
3533 9639 -18694
3534 9599 -18490
3535 9637 -18634
3536 9623 -18590
3537 9679 -18754
3538 9705 -18822
3539 9705 -18778
3540 9731 -18834
3541 9659 -18626
3542 9715 -18802
3543 9687 -18706
3544 9647 -18614
3545 9653 -18642
3546 9675 -18706
3547 9687 -18722
3548 9695 -18770
3549 9707 -18862
3550 9701 -18866
3551 9673 -18802
3552 9653 -18726
3553 9671 -18802
3554 9689 -18806
3555 9795 -18962
3556 9767 -18974
3557 9757 -18942
3558 9725 -18782
3559 9679 -18670
3560 9671 -18662
3561 9681 -18754
3562 9675 -18690
3563 9625 -18534
3564 9593 -18542
3565 9645 -18574
3566 9681 -18702
3567 9671 -18710
3568 9719 -18882
3569 9711 -18906
3570 9709 -18862
3571 9639 -18658
3572 9617 -18642
3573 9629 -18678
3574 9675 -18770
3575 9655 -18618
3576 9649 -18694
3577 9685 -18790
3578 9663 -18686
3579 9607 -18618
3580 9553 -18422
3581 9629 -18698
3582 9713 -18894
3583 9735 -18950
3584 9729 -18882
3585 9651 -18638
3586 9619 -18566
3587 9607 -18574
3588 9695 -18862
3589 9711 -18846
3590 9739 -18970
3591 9727 -18966
3592 9675 -18830
3593 9635 -18742
3594 9665 -18774
3595 9567 -18462
3596 9561 -18482
3597 9617 -18622
3598 9701 -18814
3599 9707 -18822
3600 9723 -18870
3601 9691 -18778
3602 9737 -18850
3603 9733 -18942
3604 9669 -18706
3605 9711 -18802
3606 9657 -18622
3607 9677 -18774
3608 9675 -18778
3609 9637 -18646
3610 9675 -18742
3611 9641 -18654
3612 9645 -18706
3613 9669 -18722
3614 9667 -18690
3615 9691 -18706
3616 9743 -18902
3617 9773 -18958
3618 9701 -18854
3619 9695 -18810
3620 9665 -18734
3621 9659 -18782
3622 9607 -18634
3623 9597 -18462
3624 9637 -18638
3625 9653 -18634
3626 9711 -18778
3627 9719 -18826
3628 9705 -18790
3629 9685 -18662
3630 9709 -18742
3631 9705 -18738
3632 9707 -18738
3633 9695 -18758
3634 9715 -18786
3635 9633 -18574
3636 9607 -18510
3637 9665 -18738
3638 9665 -18758
3639 9661 -18746
3640 9659 -18742
3641 9655 -18750
3642 9715 -18922
3643 9789 -19074
3644 9743 -18918
3645 9787 -19030
3646 9771 -19002
3647 9699 -18838
3648 9701 -18798
3649 9699 -18730
3650 9747 -18850
3651 9717 -18754
3652 9745 -18878
3653 9747 -18826
3654 9769 -18942
3655 9793 -19046
3656 9715 -18842
3657 9723 -18794
3658 9683 -18682
3659 9721 -18834
3660 9711 -18838
3661 9649 -18626
3662 9565 -18490
3663 9709 -18830
3664 9687 -18706
3665 9659 -18714
3666 9715 -18890
3667 9729 -18822
3668 9759 -18954
3669 9749 -18914
3670 9773 -19002
3671 9775 -18958
3672 9705 -18886
3673 9697 -18858
3674 9711 -18802
3675 9697 -18770
3676 9705 -18834
3677 9751 -18894
3678 9763 -18902
3679 9757 -18910
3680 9701 -18742
3681 9701 -18774
3682 9595 -18506
3683 9589 -18574
3684 9641 -18722
3685 9625 -18654
3686 9657 -18678
3687 9719 -18866
3688 9781 -19034
3689 9773 -19014
3690 9739 -18894
3691 9685 -18750
3692 9687 -18714
3693 9673 -18682
3694 9695 -18738
3695 9655 -18622
3696 9707 -18766
3697 9745 -18894
3698 9725 -18802
3699 9777 -19006
3700 9729 -18802
3701 9665 -18658
3702 9633 -18638
3703 9601 -18602
3704 9691 -18766
3705 9687 -18694
3706 9653 -18606
3707 9687 -18698
3708 9667 -18718
3709 9705 -18834
3710 9779 -18982
3711 9765 -18902
3712 9765 -18890
3713 9679 -18726
3714 9711 -18782
3715 9733 -18906
3716 9753 -18938
3717 9775 -19006
3718 9715 -18866
3719 9711 -18790
3720 9737 -18826
3721 9765 -18934
3722 9821 -19138
3723 9813 -19118
3724 9759 -18946
3725 9765 -18998
3726 9795 -19086
3727 9765 -18990
3728 9701 -18770
3729 9605 -18578
3730 9665 -18726
3731 9685 -18762
3732 9691 -18762
3733 9727 -18926
3734 9703 -18866
3735 9709 -18874
3736 9705 -18878
3737 9743 -18886
3738 9657 -18626
3739 9653 -18610
3740 9635 -18682
3741 9687 -18798
3742 9669 -18698
3743 9653 -18646
3744 9717 -18798
3745 9741 -18874
3746 9771 -18962
3747 9753 -18938
3748 9771 -19022
3749 9763 -18922
3750 9733 -18898
3751 9773 -19002
3752 9801 -19062
3753 9807 -19066
3754 9731 -18886
3755 9743 -18874
3756 9803 -19070
3757 9739 -18886
3758 9755 -18970
3759 9727 -18946
3760 9731 -18918
3761 9759 -18962
3762 9767 -19034
3763 9795 -19014
3764 9785 -19070
3765 9717 -18842
3766 9703 -18722
3767 9697 -18730
3768 9655 -18662
3769 9711 -18826
3770 9711 -18826
3771 9727 -18858
3772 9723 -18866
3773 9689 -18778
3774 9697 -18846
3775 9709 -18862
3776 9685 -18746
3777 9759 -18922
3778 9753 -18926
3779 9775 -18974
3780 9737 -18846
3781 9661 -18710
3782 9657 -18714
3783 9647 -18742
3784 9711 -18822
3785 9655 -18754
3786 9669 -18826
3787 9713 -18818
3788 9757 -18922
3789 9721 -18850
3790 9663 -18762
3791 9645 -18702
3792 9645 -18734
3793 9629 -18678
3794 9665 -18710
3795 9671 -18790
3796 9665 -18718
3797 9619 -18538
3798 9729 -18878
3799 9741 -18922
3800 9693 -18822
3801 9697 -18770
3802 9629 -18566
3803 9625 -18666
3804 9633 -18634
3805 9637 -18662
3806 9655 -18742
3807 9739 -18914
3808 9767 -18990
3809 9743 -18922
3810 9771 -19010
3811 9743 -18938
3812 9725 -18874
3813 9695 -18826
3814 9641 -18698
3815 9721 -18866
3816 9701 -18894
3817 9689 -18734
3818 9739 -18854
3819 9701 -18794
3820 9691 -18674
3821 9677 -18742
3822 9635 -18618
3823 9647 -18662
3824 9651 -18658
3825 9599 -18478
3826 9647 -18630
3827 9651 -18682
3828 9651 -18630
3829 9659 -18662
3830 9675 -18762
3831 9623 -18586
3832 9641 -18602
3833 9657 -18626
3834 9671 -18702
3835 9651 -18686
3836 9641 -18678
3837 9675 -18706
3838 9633 -18634
3839 9615 -18618
3840 9639 -18590
3841 9665 -18690
3842 9697 -18790
3843 9677 -18690
3844 9713 -18766
3845 9657 -18674
3846 9701 -18758
3847 9749 -18854
3848 9709 -18766
3849 9675 -18666
3850 9683 -18674
3851 9727 -18854
3852 9781 -19010
3853 9783 -18994
3854 9733 -18810
3855 9687 -18658
3856 9731 -18886
3857 9693 -18754
3858 9691 -18774
3859 9691 -18770
3860 9663 -18682
3861 9679 -18758
3862 9715 -18842
3863 9755 -18946
3864 9703 -18802
3865 9679 -18762
3866 9721 -18882
3867 9717 -18930
3868 9715 -18874
3869 9647 -18638
3870 9723 -18850
3871 9679 -18734
3872 9685 -18758
3873 9665 -18694
3874 9713 -18842
3875 9701 -18846
3876 9697 -18770
3877 9761 -18874
3878 9783 -19006
3879 9793 -19066
3880 9749 -18914
3881 9735 -18858
3882 9743 -18862
3883 9727 -18838
3884 9757 -18910
3885 9753 -18898
3886 9755 -18898
3887 9781 -18990
3888 9757 -18986
3889 9725 -18894
3890 9747 -18898
3891 9705 -18862
3892 9719 -18886
3893 9661 -18778
3894 9735 -18986
3895 9679 -18810
3896 9643 -18590
3897 9669 -18638
3898 9635 -18566
3899 9659 -18718
3900 9651 -18682
3901 9655 -18670
3902 9693 -18758
3903 9669 -18674
3904 9703 -18782
3905 9711 -18822
3906 9737 -18882
3907 9703 -18810
3908 9683 -18746
3909 9683 -18758
3910 9731 -18826
3911 9685 -18758
3912 9725 -18822
3913 9701 -18694
3914 9713 -18758
3915 9679 -18770
3916 9651 -18682
3917 9651 -18734
3918 9669 -18810
3919 9681 -18818
3920 9677 -18750
3921 9717 -18890
3922 9717 -18810
3923 9739 -18850
3924 9737 -18810
3925 9775 -18982
3926 9751 -18906
3927 9783 -18978
3928 9765 -18946
3929 9773 -19030
3930 9737 -18894
3931 9747 -18942
3932 9731 -18918
3933 9657 -18718
3934 9713 -18894
3935 9711 -18882
3936 9725 -18858
3937 9675 -18642
3938 9691 -18690
3939 9733 -18902
3940 9733 -18850
3941 9721 -18826
3942 9697 -18802
3943 9763 -18950
3944 9773 -18926
3945 9755 -18846
3946 9695 -18722
3947 9533 -18342
3948 9539 -18362
3949 9563 -18382
3950 9591 -18490
3951 9611 -18550
3952 9631 -18614
3953 9669 -18686
3954 9691 -18678
3955 9745 -18838
3956 9813 -19082
3957 9825 -19078
3958 9785 -18974
3959 9781 -18974
3960 9817 -19134
3961 9791 -19034
3962 9741 -18922
3963 9675 -18766
3964 9647 -18754
3965 9663 -18754
3966 9685 -18778
3967 9695 -18710
3968 9705 -18754
3969 9721 -18874
3970 9749 -18970
3971 9721 -18926
3972 9731 -18870
3973 9745 -18986
3974 9685 -18774
3975 9659 -18726
3976 9659 -18762
3977 9707 -18786
3978 9693 -18810
3979 9723 -18842
3980 9633 -18602
3981 9623 -18594
3982 9705 -18798
3983 9707 -18822
3984 9737 -18858
3985 9739 -18822
3986 9707 -18730
3987 9645 -18590
3988 9667 -18742
3989 9663 -18778
3990 9641 -18738
3991 9661 -18702
3992 9733 -18926
3993 9727 -18854
3994 9667 -18794
3995 9659 -18738
3996 9705 -18818
3997 9721 -18874
3998 9655 -18610
3999 9671 -18658
4000 9725 -18866
4001 9745 -18890
4002 9723 -18794
4003 9703 -18786
4004 9719 -18854
4005 9717 -18874
4006 9699 -18842
4007 9721 -18922
4008 9735 -18934
4009 9749 -18874
4010 9727 -18866
4011 9749 -18958
4012 9655 -18694
4013 9583 -18530
4014 9617 -18618
4015 9671 -18746
4016 9689 -18786
4017 9757 -18870
4018 9769 -18922
4019 9809 -19066
4020 9769 -18914
4021 9769 -18982
4022 9721 -18834
4023 9667 -18662
4024 9741 -18850
4025 9691 -18706
4026 9741 -18862
4027 9769 -18982
4028 9785 -19082
4029 9781 -18954
4030 9721 -18822
4031 9749 -18898
4032 9729 -18862
4033 9713 -18798
4034 9769 -18942
4035 9773 -18986
4036 9713 -18794
4037 9669 -18654
4038 9681 -18662
4039 9693 -18722
4040 9671 -18714
4041 9653 -18682
4042 9685 -18798
4043 9715 -18842
4044 9709 -18798
4045 9725 -18810
4046 9693 -18726
4047 9735 -18806
4048 9703 -18742
4049 9717 -18794
4050 9737 -18938
4051 9721 -18818
4052 9667 -18634
4053 9729 -18870
4054 9687 -18694
4055 9671 -18686
4056 9669 -18786
4057 9719 -18926
4058 9721 -18882
4059 9723 -18858
4060 9697 -18794
4061 9611 -18590
4062 9583 -18582
4063 9637 -18714
4064 9691 -18790
4065 9717 -18782
4066 9757 -18902
4067 9661 -18670
4068 9737 -18858
4069 9705 -18834
4070 9671 -18702
4071 9689 -18770
4072 9681 -18766
4073 9719 -18786
4074 9687 -18790
4075 9687 -18810
4076 9661 -18702
4077 9679 -18754
4078 9657 -18678
4079 9709 -18814
4080 9749 -18890
4081 9681 -18730
4082 9705 -18774
4083 9731 -18810
4084 9769 -18926
4085 9775 -18950
4086 9801 -19026
4087 9803 -19070
4088 9791 -18982
4089 9793 -18994
4090 9745 -18850
4091 9775 -18946
4092 9781 -18998
4093 9767 -18922
4094 9747 -18854
4095 9729 -18786
4096 9735 -18882
4097 9717 -18810
4098 9755 -18954
4099 9741 -18978
4100 9699 -18806
4101 9705 -18758
4102 9725 -18822
4103 9705 -18750
4104 9659 -18618
4105 9655 -18646
4106 9593 -18590
4107 9629 -18646
4108 9719 -18842
4109 9709 -18798
4110 9693 -18766
4111 9667 -18730
4112 9709 -18806
4113 9685 -18786
4114 9677 -18766
4115 9661 -18698
4116 9685 -18794
4117 9673 -18694
4118 9679 -18710
4119 9643 -18654
4120 9679 -18702
4121 9697 -18770
4122 9699 -18774
4123 9673 -18690
4124 9643 -18618
4125 9645 -18698
4126 9697 -18926
4127 9707 -18970
4128 9679 -18806
4129 9561 -18494
4130 9591 -18550
4131 9649 -18702
4132 9667 -18702
4133 9681 -18798
4134 9705 -18874
4135 9659 -18662
4136 9675 -18758
4137 9667 -18702
4138 9699 -18726
4139 9721 -18822
4140 9681 -18718
4141 9677 -18790
4142 9671 -18754
4143 9621 -18610
4144 9675 -18718
4145 9615 -18606
4146 9667 -18754
4147 9693 -18798
4148 9647 -18658
4149 9647 -18634
4150 9675 -18782
4151 9691 -18738
4152 9715 -18766
4153 9651 -18638
4154 9671 -18730
4155 9635 -18638
4156 9649 -18662
4157 9651 -18722
4158 9669 -18706
4159 9709 -18790
4160 9709 -18738
4161 9715 -18762
4162 9669 -18666
4163 9709 -18790
4164 9707 -18750
4165 9683 -18646
4166 9671 -18574
4167 9659 -18566
4168 9645 -18582
4169 9655 -18602
4170 9729 -18842
4171 9785 -19030
4172 9703 -18790
4173 9701 -18754
4174 9703 -18774
4175 9745 -18982
4176 9705 -18746
4177 9721 -18846
4178 9713 -18818
4179 9721 -18910
4180 9695 -18882
4181 9689 -18758
4182 9671 -18714
4183 9685 -18810
4184 9731 -18866
4185 9707 -18722
4186 9691 -18782
4187 9691 -18706
4188 9681 -18710
4189 9703 -18846
4190 9687 -18846
4191 9701 -18750
4192 9653 -18626
4193 9659 -18734
4194 9631 -18598
4195 9683 -18858
4196 9709 -18902
4197 9667 -18818
4198 9663 -18786
4199 9605 -18630
4200 9665 -18690
4201 9607 -18602
4202 9675 -18742
4203 9709 -18854
4204 9681 -18742
4205 9673 -18762
4206 9679 -18738
4207 9733 -18858
4208 9713 -18802
4209 9783 -18998
4210 9745 -18882
4211 9803 -19030
4212 9727 -18774
4213 9691 -18818
4214 9743 -18930
4215 9691 -18742
4216 9685 -18774
4217 9653 -18678
4218 9671 -18702
4219 9655 -18638
4220 9671 -18698
4221 9731 -18802
4222 9707 -18762
4223 9703 -18822
4224 9741 -18918
4225 9681 -18782
4226 9663 -18690
4227 9617 -18590
4228 9639 -18670
4229 9615 -18594
4230 9643 -18634
4231 9633 -18630
4232 9599 -18506
4233 9635 -18682
4234 9669 -18710
4235 9677 -18642
4236 9617 -18570
4237 9689 -18790
4238 9693 -18782
4239 9653 -18642
4240 9665 -18638
4241 9731 -18802
4242 9717 -18854
4243 9695 -18798
4244 9705 -18826
4245 9681 -18702
4246 9755 -18942
4247 9707 -18834
4248 9663 -18674
4249 9681 -18710
4250 9741 -18854
4251 9769 -18938
4252 9747 -18910
4253 9799 -19062
4254 9785 -19026
4255 9681 -18702
4256 9675 -18662
4257 9675 -18730
4258 9711 -18822
4259 9733 -18906
4260 9711 -18842
4261 9705 -18770
4262 9715 -18778
4263 9701 -18770
4264 9687 -18702
4265 9725 -18866
4266 9691 -18718
4267 9685 -18730
4268 9699 -18770
4269 9695 -18782
4270 9641 -18562
4271 9649 -18622
4272 9615 -18562
4273 9673 -18722
4274 9681 -18690
4275 9687 -18802
4276 9751 -18978
4277 9737 -18850
4278 9737 -18874
4279 9695 -18782
4280 9635 -18530
4281 9669 -18594
4282 9665 -18714
4283 9715 -18798
4284 9677 -18714
4285 9659 -18626
4286 9745 -18850
4287 9697 -18726
4288 9707 -18766
4289 9635 -18570
4290 9639 -18642
4291 9661 -18714
4292 9681 -18738
4293 9691 -18786
4294 9759 -18926
4295 9717 -18810
4296 9709 -18826
4297 9763 -19006
4298 9759 -19078
4299 9683 -18782
4300 9695 -18838
4301 9689 -18778
4302 9673 -18694
4303 9711 -18826
4304 9713 -18822
4305 9789 -19006
4306 9745 -18922
4307 9761 -18934
4308 9751 -18934
4309 9761 -18930
4310 9715 -18758
4311 9693 -18658
4312 9699 -18766
4313 9725 -18838
4314 9693 -18682
4315 9717 -18806
4316 9721 -18806
4317 9717 -18870
4318 9683 -18798
4319 9655 -18610
4320 9657 -18594
4321 9685 -18722
4322 9723 -18874
4323 9715 -18838
4324 9623 -18614
4325 9625 -18598
4326 9747 -18866
4327 9737 -18890
4328 9727 -18790
4329 9725 -18790
4330 9633 -18614
4331 9597 -18478
4332 9611 -18542
4333 9587 -18450
4334 9611 -18514
4335 9607 -18634
4336 9697 -18766
4337 9703 -18866
4338 9711 -18846
4339 9727 -18842
4340 9767 -18930
4341 9745 -18854
4342 9729 -18794
4343 9801 -18994
4344 9773 -18938
4345 9761 -18886
4346 9781 -18970
4347 9763 -18918
4348 9781 -18990
4349 9791 -19006
4350 9767 -18926
4351 9697 -18726
4352 9741 -18954
4353 9675 -18826
4354 9689 -18906
4355 9653 -18714
4356 9613 -18554
4357 9625 -18586
4358 9707 -18774
4359 9669 -18658
4360 9703 -18834
4361 9713 -18802
4362 9657 -18666
4363 9637 -18718
4364 9641 -18682
4365 9579 -18542
4366 9595 -18534
4367 9639 -18610
4368 9671 -18706
4369 9723 -18818
4370 9731 -18826
4371 9685 -18690
4372 9621 -18634
4373 9705 -18822
4374 9747 -18862
4375 9695 -18718
4376 9679 -18742
4377 9693 -18674
4378 9687 -18746
4379 9629 -18670
4380 9667 -18734
4381 9729 -18878
4382 9697 -18802
4383 9719 -18830
4384 9747 -18894
4385 9723 -18762
4386 9735 -18882
4387 9703 -18826
4388 9711 -18858
4389 9729 -18870
4390 9689 -18842
4391 9679 -18798
4392 9677 -18746
4393 9679 -18710
4394 9739 -18894
4395 9737 -18934
4396 9767 -18970
4397 9771 -18994
4398 9793 -19038
4399 9783 -18934
4400 9737 -18822
4401 9749 -18858
4402 9749 -18870
4403 9737 -18874
4404 9677 -18698
4405 9675 -18682
4406 9703 -18818
4407 9693 -18774
4408 9745 -18922
4409 9719 -18822
4410 9751 -18938
4411 9761 -18914
4412 9719 -18794
4413 9745 -18806
4414 9813 -19030
4415 9785 -18938
4416 9771 -18986
4417 9725 -18870
4418 9735 -18934
4419 9695 -18734
4420 9715 -18830
4421 9703 -18754
4422 9693 -18742
4423 9693 -18730
4424 9649 -18590
4425 9691 -18746
4426 9739 -18878
4427 9761 -18942
4428 9779 -19014
4429 9717 -18838
4430 9669 -18694
4431 9705 -18762
4432 9739 -18838
4433 9689 -18770
4434 9747 -18930
4435 9737 -18902
4436 9687 -18778
4437 9697 -18786
4438 9719 -18786
4439 9739 -18846
4440 9763 -18978
4441 9767 -18994
4442 9715 -18826
4443 9723 -18882
4444 9771 -18982
4445 9765 -19010
4446 9671 -18690
4447 9701 -18742
4448 9681 -18674
4449 9645 -18618
4450 9709 -18778
4451 9709 -18842
4452 9703 -18750
4453 9703 -18738
4454 9761 -18910
4455 9709 -18822
4456 9673 -18842
4457 9657 -18794
4458 9619 -18726
4459 9589 -18626
4460 9651 -18850
4461 9659 -18770
4462 9611 -18658
4463 9661 -18742
4464 9659 -18738
4465 9663 -18742
4466 9641 -18714
4467 9675 -18774
4468 9655 -18754
4469 9579 -18562
4470 9613 -18658
4471 9629 -18670
4472 9607 -18590
4473 9665 -18694
4474 9701 -18746
4475 9709 -18762
4476 9677 -18714
4477 9591 -18530
4478 9631 -18662
4479 9651 -18702
4480 9603 -18522
4481 9595 -18514
4482 9577 -18534
4483 9559 -18446
4484 9629 -18706
4485 9645 -18774
4486 9641 -18718
4487 9657 -18666
4488 9667 -18718
4489 9635 -18662
4490 9649 -18814
4491 9679 -18838
4492 9681 -18734
4493 9741 -18890
4494 9717 -18894
4495 9647 -18670
4496 9595 -18494
4497 9595 -18558
4498 9709 -18838
4499 9699 -18790
4500 9709 -18794
4501 9693 -18730
4502 9767 -18914
4503 9763 -18890
4504 9703 -18766
4505 9709 -18734
4506 9661 -18646
4507 9725 -18826
4508 9787 -19030
4509 9775 -19026
4510 9753 -18914
4511 9763 -18950
4512 9717 -18774
4513 9679 -18682
4514 9733 -18898
4515 9715 -18818
4516 9753 -18970
4517 9709 -18842
4518 9691 -18798
4519 9697 -18746
4520 9697 -18794
4521 9687 -18778
4522 9735 -18878
4523 9725 -18826
4524 9717 -18822
4525 9731 -18846
4526 9711 -18842
4527 9721 -18834
4528 9713 -18822
4529 9731 -18850
4530 9721 -18814
4531 9697 -18818
4532 9687 -18758
4533 9729 -18870
4534 9749 -18894
4535 9717 -18834
4536 9705 -18834
4537 9725 -18858
4538 9655 -18634
4539 9723 -18874
4540 9731 -18886
4541 9743 -18846
4542 9775 -18954
4543 9797 -18950
4544 9813 -19014
4545 9761 -18878
4546 9749 -18878
4547 9729 -18814
4548 9675 -18738
4549 9695 -18770
4550 9721 -18886
4551 9741 -18946
4552 9745 -18918
4553 9697 -18766
4554 9685 -18746
4555 9701 -18786
4556 9697 -18742
4557 9693 -18762
4558 9737 -18890
4559 9745 -18846
4560 9733 -18818
4561 9741 -18878
4562 9693 -18786
4563 9637 -18638
4564 9649 -18626
4565 9637 -18506
4566 9659 -18682
4567 9671 -18770
4568 9687 -18750
4569 9659 -18714
4570 9585 -18498
4571 9591 -18546
4572 9643 -18694
4573 9621 -18578
4574 9683 -18738
4575 9705 -18850
4576 9693 -18806
4577 9731 -18942
4578 9711 -18822
4579 9723 -18918
4580 9707 -18862
4581 9699 -18894
4582 9721 -18902
4583 9705 -18846
4584 9661 -18666
4585 9721 -18846
4586 9733 -18930
4587 9775 -18990
4588 9769 -18998
4589 9763 -18966
4590 9821 -19182
4591 9789 -19022
4592 9799 -19070
4593 9791 -19054
4594 9787 -18966
4595 9777 -19038
4596 9793 -19070
4597 9773 -19026
4598 9739 -18910
4599 9681 -18726
4600 9707 -18762
4601 9733 -18870
4602 9683 -18742
4603 9689 -18754
4604 9645 -18674
4605 9699 -18754
4606 9713 -18766
4607 9735 -18814
4608 9715 -18806
4609 9713 -18742
4610 9727 -18866
4611 9749 -18954
4612 9725 -18886
4613 9715 -18910
4614 9673 -18710
4615 9697 -18790
4616 9647 -18798
4617 9587 -18550
4618 9595 -18598
4619 9641 -18658
4620 9669 -18766
4621 9751 -18914
4622 9711 -18794
4623 9755 -18878
4624 9733 -18870
4625 9715 -18778
4626 9709 -18738
4627 9705 -18706
4628 9675 -18658
4629 9657 -18650
4630 9679 -18742
4631 9709 -18826
4632 9721 -18826
4633 9743 -18926
4634 9695 -18730
4635 9633 -18634
4636 9627 -18590
4637 9695 -18802
4638 9713 -18810
4639 9725 -18830
4640 9677 -18718
4641 9685 -18730
4642 9709 -18770
4643 9737 -18886
4644 9745 -18962
4645 9767 -18994
4646 9655 -18650
4647 9667 -18598
4648 9715 -18806
4649 9791 -18990
4650 9807 -18998
4651 9747 -18894
4652 9783 -18950
4653 9721 -18786
4654 9687 -18766
4655 9741 -18826
4656 9785 -19002
4657 9755 -18934
4658 9743 -18858
4659 9723 -18842
4660 9761 -18998
4661 9765 -18962
4662 9781 -18978
4663 9787 -19014
4664 9765 -18938
4665 9695 -18742
4666 9687 -18718
4667 9647 -18590
4668 9741 -18846
4669 9693 -18694
4670 9709 -18762
4671 9691 -18766
4672 9709 -18778
4673 9747 -18994
4674 9711 -18854
4675 9731 -18902
4676 9755 -18950
4677 9759 -18966
4678 9715 -18866
4679 9737 -18954
4680 9685 -18802
4681 9705 -18806
4682 9705 -18750
4683 9697 -18770
4684 9673 -18734
4685 9721 -18842
4686 9761 -18958
4687 9747 -18934
4688 9733 -18878
4689 9739 -18910
4690 9755 -18986
4691 9695 -18786
4692 9717 -18802
4693 9729 -18874
4694 9627 -18562
4695 9619 -18562
4696 9639 -18662
4697 9677 -18762
4698 9641 -18710
4699 9649 -18678
4700 9661 -18778
4701 9637 -18714
4702 9695 -18874
4703 9665 -18822
4704 9643 -18790
4705 9693 -18942
4706 9687 -18878
4707 9687 -18858
4708 9587 -18682
4709 9585 -18726
4710 9525 -18574
4711 9523 -18522
4712 9581 -18658
4713 9635 -18714
4714 9669 -18898
4715 9699 -18942
4716 9699 -18866
4717 9669 -18774
4718 9615 -18714
4719 9581 -18618
4720 9563 -18498
4721 9591 -18578
4722 9689 -18834
4723 9641 -18714
4724 9669 -18798
4725 9707 -18862
4726 9659 -18702
4727 9627 -18622
4728 9597 -18594
4729 9537 -18514
4730 9581 -18606
4731 9567 -18558
4732 9531 -18434
4733 9545 -18442
4734 9573 -18554
4735 9635 -18666
4736 9579 -18610
4737 9597 -18662
4738 9653 -18874
4739 9673 -18850
4740 9669 -18798
4741 9645 -18610
4742 9627 -18590
4743 9599 -18526
4744 9623 -18506
4745 9633 -18618
4746 9675 -18766
4747 9769 -18934
4748 9741 -18898
4749 9731 -18838
4750 9669 -18726
4751 9667 -18674
4752 9705 -18818
4753 9665 -18670
4754 9719 -18850
4755 9749 -18938
4756 9791 -19034
4757 9729 -18838
4758 9711 -18802
4759 9683 -18718
4760 9703 -18798
4761 9667 -18690
4762 9755 -18866
4763 9725 -18794
4764 9763 -18886
4765 9695 -18722
4766 9707 -18802
4767 9777 -19070
4768 9765 -18978
4769 9689 -18770
4770 9759 -18958
4771 9773 -19018
4772 9761 -18922
4773 9773 -18978
4774 9735 -18926
4775 9687 -18710
4776 9743 -18938
4777 9717 -18906
4778 9703 -18822
4779 9699 -18790
4780 9741 -18878
4781 9701 -18806
4782 9701 -18750
4783 9649 -18670
4784 9705 -18842
4785 9717 -18838
4786 9743 -18878
4787 9733 -18938
4788 9671 -18742
4789 9587 -18674
4790 9607 -18650
4791 9561 -18490
4792 9615 -18658
4793 9625 -18730
4794 9599 -18574
4795 9627 -18670
4796 9637 -18698
4797 9631 -18630
4798 9609 -18594
4799 9623 -18610
4800 9657 -18742
4801 9673 -18666
4802 9713 -18814
4803 9713 -18894
4804 9747 -18914
4805 9629 -18614
4806 9649 -18694
4807 9631 -18634
4808 9619 -18574
4809 9681 -18698
4810 9687 -18778
4811 9697 -18730
4812 9619 -18506
4813 9717 -18782
4814 9643 -18662
4815 9611 -18550
4816 9707 -18738
4817 9695 -18902
4818 9713 -18806
4819 9709 -18754
4820 9667 -18682
4821 9685 -18674
4822 9737 -18886
4823 9705 -18806
4824 9695 -18770
4825 9675 -18730
4826 9723 -18874
4827 9717 -18754
4828 9787 -19026
4829 9759 -18926
4830 9719 -18818
4831 9721 -18818
4832 9707 -18750
4833 9713 -18794
4834 9705 -18834
4835 9701 -18854
4836 9719 -18858
4837 9681 -18758
4838 9607 -18542
4839 9695 -18810
4840 9691 -18766
4841 9653 -18670
4842 9643 -18662
4843 9663 -18750
4844 9661 -18730
4845 9593 -18586
4846 9631 -18742
4847 9609 -18610
4848 9617 -18690
4849 9657 -18746
4850 9709 -18874
4851 9707 -18806
4852 9713 -18810
4853 9735 -18902
4854 9727 -18826
4855 9713 -18818
4856 9631 -18570
4857 9649 -18622
4858 9643 -18562
4859 9687 -18722
4860 9705 -18850
4861 9719 -18842
4862 9659 -18750
4863 9647 -18662
4864 9647 -18658
4865 9681 -18722
4866 9759 -18934
4867 9727 -18882
4868 9727 -18894
4869 9687 -18762
4870 9749 -18922
4871 9719 -18814
4872 9713 -18754
4873 9733 -18850
4874 9751 -18914
4875 9705 -18758
4876 9721 -18818
4877 9755 -18910
4878 9783 -18966
4879 9747 -18814
4880 9695 -18794
4881 9661 -18666
4882 9673 -18734
4883 9747 -18926
4884 9727 -18886
4885 9709 -18850
4886 9717 -18834
4887 9713 -18838
4888 9647 -18602
4889 9667 -18682
4890 9691 -18738
4891 9693 -18702
4892 9709 -18802
4893 9615 -18518
4894 9653 -18614
4895 9639 -18634
4896 9619 -18602
4897 9753 -18926
4898 9713 -18802
4899 9725 -18886
4900 9693 -18802
4901 9701 -18818
4902 9649 -18650
4903 9711 -18802
4904 9691 -18694
4905 9747 -18818
4906 9689 -18714
4907 9663 -18634
4908 9645 -18662
4909 9605 -18638
4910 9691 -18786
4911 9695 -18762
4912 9667 -18770
4913 9631 -18622
4914 9549 -18470
4915 9599 -18630
4916 9601 -18618
4917 9631 -18630
4918 9645 -18658
4919 9685 -18730
4920 9703 -18746
4921 9753 -18930
4922 9737 -18914
4923 9709 -18806
4924 9675 -18726
4925 9691 -18786
4926 9691 -18750
4927 9727 -18910
4928 9729 -18862
4929 9729 -18850
4930 9677 -18782
4931 9681 -18778
4932 9643 -18606
4933 9641 -18602
4934 9681 -18710
4935 9675 -18730
4936 9751 -18878
4937 9791 -19026
4938 9733 -18806
4939 9681 -18670
4940 9673 -18702
4941 9675 -18734
4942 9675 -18774
4943 9677 -18766
4944 9717 -18842
4945 9675 -18786
4946 9607 -18562
4947 9659 -18694
4948 9675 -18762
4949 9637 -18542
4950 9627 -18618
4951 9605 -18622
4952 9655 -18722
4953 9653 -18786
4954 9633 -18626
4955 9639 -18562
4956 9643 -18594
4957 9699 -18786
4958 9695 -18794
4959 9657 -18674
4960 9661 -18742
4961 9703 -18778
4962 9705 -18810
4963 9779 -18990
4964 9811 -19098
4965 9797 -19010
4966 9743 -18834
4967 9717 -18758
4968 9657 -18654
4969 9649 -18618
4970 9677 -18670
4971 9695 -18702
4972 9729 -18830
4973 9761 -18938
4974 9781 -18966
4975 9683 -18694
4976 9735 -18894
4977 9683 -18698
4978 9673 -18722
4979 9683 -18758
4980 9655 -18634
4981 9667 -18674
4982 9611 -18522
4983 9639 -18710
4984 9647 -18710
4985 9649 -18754
4986 9695 -18806
4987 9725 -18986
4988 9709 -18958
4989 9647 -18742
4990 9639 -18718
4991 9699 -18778
4992 9709 -18894
4993 9681 -18666
4994 9699 -18766
4995 9741 -18870
4996 9679 -18674
4997 9641 -18614
4998 9661 -18654
4999 9667 -18742
5000 9623 -18682
5001 9643 -18682
5002 9653 -18786
5003 9627 -18598
5004 9641 -18742
5005 9673 -18830
5006 9689 -18910
5007 9637 -18706
5008 9669 -18766
5009 9695 -18830
5010 9747 -18834
5011 9759 -18918
5012 9811 -19090
5013 9791 -19062
5014 9733 -18870
5015 9735 -18830
5016 9777 -18962
5017 9757 -18982
5018 9731 -18862
5019 9733 -18882
5020 9633 -18642
5021 9591 -18582
5022 9659 -18642
5023 9673 -18754
5024 9651 -18714
5025 9673 -18774
5026 9667 -18758
5027 9651 -18726
5028 9647 -18630
5029 9599 -18502
5030 9679 -18674
5031 9621 -18574
5032 9613 -18606
5033 9577 -18502
5034 9557 -18458
5035 9579 -18626
5036 9603 -18646
5037 9651 -18646
5038 9651 -18690
5039 9647 -18694
5040 9651 -18682
5041 9683 -18762
5042 9681 -18782
5043 9647 -18738
5044 9679 -18750
5045 9679 -18702
5046 9723 -18838
5047 9727 -18890
5048 9761 -18938
5049 9785 -19058
5050 9749 -18930
5051 9727 -18890
5052 9709 -18818
5053 9717 -18830
5054 9705 -18834
5055 9693 -18802
5056 9673 -18782
5057 9707 -18890
5058 9635 -18602
5059 9639 -18606
5060 9637 -18622
5061 9617 -18594
5062 9621 -18614
5063 9683 -18822
5064 9699 -18810
5065 9665 -18690
5066 9677 -18706
5067 9657 -18614
5068 9721 -18846
5069 9719 -18790
5070 9689 -18766
5071 9691 -18742
5072 9653 -18630
5073 9697 -18702
5074 9699 -18766
5075 9725 -18910
5076 9733 -18838
5077 9705 -18790
5078 9675 -18734
5079 9735 -18918
5080 9707 -18878
5081 9731 -18878
5082 9681 -18750
5083 9719 -18770
5084 9737 -18830
5085 9709 -18798
5086 9737 -18826
5087 9729 -18874
5088 9709 -18794
5089 9701 -18782
5090 9727 -18878
5091 9767 -18930
5092 9761 -18938
5093 9719 -18806
5094 9751 -18842
5095 9767 -18938
5096 9741 -18834
5097 9725 -18838
5098 9707 -18802
5099 9643 -18654
5100 9673 -18766
5101 9695 -18682
5102 9659 -18638
5103 9629 -18586
5104 9627 -18610
5105 9645 -18622
5106 9609 -18482
5107 9599 -18514
5108 9637 -18626
5109 9657 -18590
5110 9665 -18694
5111 9611 -18642
5112 9671 -18702
5113 9585 -18582
5114 9563 -18526
5115 9631 -18734
5116 9739 -18994
5117 9697 -18886
5118 9703 -18842
5119 9749 -18978
5120 9795 -19074
5121 9749 -19030
5122 9707 -18902
5123 9729 -18950
5124 9693 -18822
5125 9673 -18718
5126 9651 -18642
5127 9693 -18806
5128 9711 -18842
5129 9691 -18698
5130 9731 -18854
5131 9719 -18782
5132 9775 -18938
5133 9719 -18878
5134 9709 -18850
5135 9697 -18774
5136 9721 -18830
5137 9681 -18698
5138 9659 -18634
5139 9689 -18718
5140 9637 -18654
5141 9671 -18834
5142 9677 -18786
5143 9675 -18754
5144 9667 -18726
5145 9639 -18746
5146 9647 -18710
5147 9647 -18770
5148 9603 -18554
5149 9641 -18670
5150 9703 -18842
5151 9691 -18802
5152 9651 -18698
5153 9661 -18714
5154 9625 -18526
5155 9659 -18654
5156 9631 -18554
5157 9609 -18550
5158 9641 -18586
5159 9645 -18622
5160 9633 -18654
5161 9595 -18538
5162 9623 -18602
5163 9667 -18746
5164 9701 -18798
5165 9677 -18682
5166 9733 -18810
5167 9771 -18998
5168 9711 -18830
5169 9669 -18558
5170 9679 -18710
5171 9669 -18622
5172 9695 -18786
5173 9673 -18662
5174 9623 -18506
5175 9665 -18678
5176 9635 -18682
5177 9659 -18666
5178 9675 -18766
5179 9671 -18762
5180 9695 -18710
5181 9657 -18578
5182 9643 -18530
5183 9641 -18598
5184 9683 -18698
5185 9675 -18674
5186 9597 -18526
5187 9701 -18858
5188 9611 -18538
5189 9623 -18634
5190 9619 -18574
5191 9581 -18410
5192 9579 -18546
5193 9609 -18650
5194 9651 -18706
5195 9623 -18562
5196 9715 -18906
5197 9777 -19074
5198 9803 -19114
5199 9709 -18770
5200 9717 -18750
5201 9745 -18870
5202 9737 -18918
5203 9683 -18814
5204 9693 -18890
5205 9711 -18810
5206 9765 -19014
5207 9707 -18934
5208 9705 -18934
5209 9655 -18806
5210 9689 -18742
5211 9701 -18782
5212 9721 -18822
5213 9725 -18830
5214 9737 -18898
5215 9769 -18982
5216 9787 -19014
5217 9753 -18854
5218 9669 -18698
5219 9705 -18762
5220 9695 -18722
5221 9681 -18794
5222 9739 -18886
5223 9683 -18718
5224 9693 -18726
5225 9699 -18706
5226 9701 -18814
5227 9701 -18810
5228 9745 -18854
5229 9729 -18858
5230 9717 -18842
5231 9707 -18770
5232 9645 -18570
5233 9665 -18638
5234 9657 -18714
5235 9703 -18794
5236 9655 -18686
5237 9661 -18766
5238 9701 -18830
5239 9733 -18926
5240 9739 -18938
5241 9779 -19030
5242 9709 -18838
5243 9723 -18834
5244 9725 -18882
5245 9783 -19046
5246 9803 -19066
5247 9791 -18974
5248 9757 -18890
5249 9795 -19030
5250 9741 -18878
5251 9701 -18750
5252 9679 -18738
5253 9727 -18838
5254 9717 -18914
5255 9691 -18814
5256 9673 -18702
5257 9665 -18594
5258 9715 -18786
5259 9757 -18942
5260 9709 -18826
5261 9741 -18838
5262 9659 -18594
5263 9703 -18834
5264 9693 -18838
5265 9703 -18786
5266 9693 -18758
5267 9667 -18678
5268 9695 -18766
5269 9679 -18726
5270 9631 -18662
5271 9647 -18642
5272 9641 -18754
5273 9679 -18886
5274 9637 -18778
5275 9651 -18754
5276 9707 -18906
5277 9697 -18902
5278 9597 -18578
5279 9605 -18586
5280 9619 -18598
5281 9639 -18742
5282 9667 -18762
5283 9645 -18678
5284 9613 -18602
5285 9645 -18774
5286 9647 -18726
5287 9683 -18734
5288 9721 -18854
5289 9665 -18674
5290 9635 -18686
5291 9655 -18678
5292 9677 -18786
5293 9675 -18718
5294 9677 -18694
5295 9685 -18686
5296 9729 -18870
5297 9785 -18994
5298 9777 -18978
5299 9805 -19018
5300 9767 -18926
5301 9799 -19042
5302 9801 -19010
5303 9731 -18782
5304 9769 -18926
5305 9785 -18942
5306 9751 -18890
5307 9797 -19018
5308 9713 -18786
5309 9705 -18842
5310 9757 -18946
5311 9715 -18854
5312 9635 -18578
5313 9665 -18602
5314 9675 -18634
5315 9645 -18614
5316 9673 -18690
5317 9687 -18786
5318 9653 -18666
5319 9675 -18654
5320 9719 -18830
5321 9685 -18778
5322 9695 -18818
5323 9707 -18830
5324 9645 -18638
5325 9677 -18714
5326 9691 -18682
5327 9679 -18702
5328 9659 -18674
5329 9681 -18746
5330 9667 -18678
5331 9687 -18718
5332 9703 -18766
5333 9657 -18654
5334 9645 -18630
5335 9749 -18882
5336 9721 -18778
5337 9753 -18862
5338 9771 -18886
5339 9771 -18962
5340 9747 -18830
5341 9793 -18966
5342 9765 -18938
5343 9685 -18722
5344 9679 -18722
5345 9653 -18626
5346 9625 -18642
5347 9661 -18762
5348 9695 -18802
5349 9713 -18842
5350 9783 -19022
5351 9725 -18850
5352 9703 -18750
5353 9687 -18742
5354 9681 -18698
5355 9677 -18782
5356 9675 -18770
5357 9719 -18886
5358 9659 -18718
5359 9707 -18842
5360 9663 -18754
5361 9637 -18758
5362 9615 -18738
5363 9575 -18582
5364 9559 -18506
5365 9513 -18442
5366 9585 -18666
5367 9577 -18610
5368 9551 -18622
5369 9591 -18598
5370 9549 -18482
5371 9611 -18654
5372 9503 -18242
5373 9571 -18478
5374 9605 -18590
5375 9677 -18766
5376 9637 -18658
5377 9575 -18518
5378 9587 -18570
5379 9595 -18518
5380 9535 -18394
5381 9629 -18558
5382 9603 -18530
5383 9651 -18686
5384 9661 -18650
5385 9675 -18674
5386 9735 -18870
5387 9723 -18798
5388 9641 -18614
5389 9695 -18734
5390 9755 -18862
5391 9675 -18674
5392 9677 -18690
5393 9683 -18706
5394 9683 -18690
5395 9689 -18690
5396 9693 -18702
5397 9685 -18674
5398 9667 -18662
5399 9717 -18794
5400 9741 -18930
5401 9765 -18998
5402 9715 -18842
5403 9691 -18722
5404 9659 -18662
5405 9687 -18738
5406 9655 -18606
5407 9665 -18674
5408 9675 -18678
5409 9693 -18786
5410 9703 -18814
5411 9727 -18906
5412 9775 -18982
5413 9759 -18922
5414 9779 -19014
5415 9719 -18850
5416 9649 -18726
5417 9643 -18722
5418 9637 -18650
5419 9635 -18582
5420 9659 -18750
5421 9731 -18890
5422 9689 -18822
5423 9651 -18638
5424 9687 -18758
5425 9641 -18602
5426 9697 -18810
5427 9669 -18698
5428 9621 -18578
5429 9575 -18454
5430 9671 -18698
5431 9721 -18846
5432 9693 -18730
5433 9637 -18574
5434 9719 -18790
5435 9689 -18722
5436 9669 -18658
5437 9701 -18850
5438 9725 -18910
5439 9751 -18974
5440 9737 -18894
5441 9699 -18726
5442 9711 -18814
5443 9705 -18806
5444 9727 -18802
5445 9709 -18850
5446 9659 -18618
5447 9649 -18574
5448 9637 -18602
5449 9581 -18450
5450 9673 -18702
5451 9675 -18770
5452 9665 -18686
5453 9705 -18794
5454 9703 -18838
5455 9727 -18930
5456 9703 -18874
5457 9681 -18730
5458 9719 -18910
5459 9645 -18678
5460 9595 -18582
5461 9645 -18678
5462 9649 -18634
5463 9695 -18754
5464 9695 -18770
5465 9663 -18750
5466 9603 -18586
5467 9663 -18750
5468 9607 -18610
5469 9599 -18590
5470 9641 -18618
5471 9717 -18886
5472 9727 -18858
5473 9729 -18890
5474 9709 -18814
5475 9719 -18874
5476 9715 -18822
5477 9691 -18806
5478 9721 -18818
5479 9741 -18918
5480 9729 -18846
5481 9695 -18782
5482 9693 -18830
5483 9683 -18794
5484 9631 -18626
5485 9645 -18734
5486 9627 -18730
5487 9681 -18790
5488 9677 -18878
5489 9617 -18650
5490 9573 -18506
5491 9593 -18610
5492 9619 -18690
5493 9653 -18670
5494 9681 -18706
5495 9725 -18846
5496 9761 -18910
5497 9771 -18962
5498 9725 -18762
5499 9723 -18814
5500 9687 -18726
5501 9777 -18982
5502 9765 -18950
5503 9729 -18874
5504 9751 -18918
5505 9701 -18814
5506 9713 -18854
5507 9685 -18690
5508 9679 -18786
5509 9641 -18666
5510 9681 -18706
5511 9679 -18710
5512 9653 -18622
5513 9619 -18494
5514 9651 -18586
5515 9699 -18810
5516 9709 -18830
5517 9723 -18798
5518 9715 -18846
5519 9747 -18890
5520 9739 -18826
5521 9673 -18706
5522 9697 -18770
5523 9725 -18886
5524 9739 -18930
5525 9715 -18826
5526 9709 -18822
5527 9707 -18802
5528 9679 -18770
5529 9605 -18570
5530 9623 -18594
5531 9615 -18594
5532 9659 -18674
5533 9681 -18770
5534 9653 -18674
5535 9661 -18694
5536 9635 -18606
5537 9715 -18782
5538 9745 -18878
5539 9737 -18810
5540 9751 -18878
5541 9769 -19022
5542 9707 -18814
5543 9697 -18770
5544 9663 -18698
5545 9637 -18578
5546 9631 -18514
5547 9609 -18498
5548 9647 -18654
5549 9623 -18606
5550 9605 -18610
5551 9661 -18682
5552 9633 -18626
5553 9665 -18782
5554 9619 -18666
5555 9609 -18626
5556 9675 -18770
5557 9661 -18698
5558 9697 -18842
5559 9711 -18842
5560 9661 -18706
5561 9639 -18586
5562 9551 -18430
5563 9605 -18570
5564 9631 -18630
5565 9679 -18646
5566 9713 -18794
5567 9671 -18726
5568 9707 -18750
5569 9663 -18658
5570 9723 -18810
5571 9699 -18786
5572 9731 -18898
5573 9711 -18790
5574 9803 -19018
5575 9741 -18946
5576 9763 -18934
5577 9745 -18926
5578 9771 -19014
5579 9699 -18778
5580 9687 -18722
5581 9731 -18794
5582 9685 -18750
5583 9683 -18778
5584 9577 -18558
5585 9593 -18566
5586 9549 -18470
5587 9575 -18458
5588 9591 -18538
5589 9645 -18666
5590 9651 -18698
5591 9687 -18750
5592 9707 -18846
5593 9725 -18862
5594 9561 -18398
5595 9635 -18586
5596 9667 -18682
5597 9677 -18710
5598 9649 -18674
5599 9653 -18678
5600 9691 -18794
5601 9637 -18590
5602 9679 -18630
5603 9751 -18890
5604 9819 -19090
5605 9789 -18998
5606 9719 -18810
5607 9705 -18730
5608 9659 -18598
5609 9703 -18754
5610 9695 -18766
5611 9719 -18846
5612 9685 -18718
5613 9713 -18810
5614 9673 -18626
5615 9677 -18634
5616 9675 -18706
5617 9699 -18758
5618 9663 -18658
5619 9667 -18654
5620 9669 -18638
5621 9673 -18678
5622 9631 -18622
5623 9627 -18626
5624 9731 -18914
5625 9729 -18874
5626 9727 -18838
5627 9741 -18930
5628 9729 -18898
5629 9687 -18798
5630 9717 -18882
5631 9727 -18850
5632 9769 -18942
5633 9759 -18910
5634 9721 -18842
5635 9715 -18774
5636 9693 -18814
5637 9685 -18782
5638 9737 -18826
5639 9755 -18890
5640 9691 -18802
5641 9739 -18886
5642 9735 -18878
5643 9725 -18838
5644 9717 -18854
5645 9697 -18798
5646 9713 -18886
5647 9669 -18806
5648 9639 -18762
5649 9657 -18786
5650 9623 -18626
5651 9671 -18722
5652 9649 -18646
5653 9651 -18706
5654 9601 -18562
5655 9587 -18674
5656 9579 -18542
5657 9583 -18590
5658 9567 -18586
5659 9623 -18650
5660 9685 -18766
5661 9663 -18702
5662 9649 -18622
5663 9733 -18906
5664 9667 -18654
5665 9673 -18694
5666 9649 -18578
5667 9643 -18634
5668 9701 -18822
5669 9691 -18766
5670 9669 -18654
5671 9703 -18738
5672 9713 -18810
5673 9765 -18950
5674 9751 -18954
5675 9717 -18846
5676 9783 -18998
5677 9725 -18794
5678 9771 -18978
5679 9739 -18890
5680 9761 -18934
5681 9717 -18806
5682 9709 -18834
5683 9725 -18878
5684 9755 -18910
5685 9741 -18882
5686 9675 -18654
5687 9685 -18774
5688 9709 -18770
5689 9693 -18786
5690 9637 -18622
5691 9655 -18698
5692 9703 -18842
5693 9691 -18778
5694 9677 -18706
5695 9697 -18786
5696 9721 -18874
5697 9717 -18906
5698 9667 -18718
5699 9661 -18746
5700 9695 -18818
5701 9641 -18646
5702 9651 -18662
5703 9645 -18694
5704 9689 -18790
5705 9657 -18682
5706 9721 -18902
5707 9727 -18886
5708 9719 -18858
5709 9683 -18754
5710 9737 -18886
5711 9713 -18830
5712 9761 -18938
5713 9769 -18998
5714 9727 -18858
5715 9737 -18854
5716 9723 -18842
5717 9733 -18882
5718 9741 -18842
5719 9755 -18946
5720 9685 -18762
5721 9737 -18894
5722 9743 -18858
5723 9763 -18978
5724 9787 -18990
5725 9769 -18890
5726 9747 -18830
5727 9787 -18946
5728 9725 -18778
5729 9675 -18742
5730 9693 -18798
5731 9703 -18830
5732 9669 -18754
5733 9693 -18766
5734 9701 -18846
5735 9705 -18834
5736 9691 -18798
5737 9683 -18854
5738 9653 -18738
5739 9619 -18582
5740 9679 -18778
5741 9633 -18646
5742 9645 -18726
5743 9565 -18550
5744 9577 -18502
5745 9551 -18518
5746 9653 -18734
5747 9707 -18790
5748 9735 -18898
5749 9715 -18822
5750 9667 -18718
5751 9625 -18622
5752 9623 -18646
5753 9635 -18762
5754 9607 -18762
5755 9593 -18710
5756 9575 -18550
5757 9519 -18474
5758 9555 -18498
5759 9671 -18858
5760 9605 -18678
5761 9569 -18562
5762 9615 -18762
5763 9599 -18634
5764 9645 -18790
5765 9607 -18590
5766 9695 -18822
5767 9653 -18698
5768 9653 -18746
5769 9673 -18774
5770 9663 -18734
5771 9671 -18766
5772 9707 -18774
5773 9707 -18702
5774 9683 -18722
5775 9649 -18662
5776 9687 -18650
5777 9687 -18690
5778 9715 -18874
5779 9685 -18666
5780 9677 -18694
5781 9713 -18810
5782 9727 -18778
5783 9681 -18714
5784 9699 -18738
5785 9685 -18722
5786 9655 -18630
5787 9651 -18642
5788 9635 -18582
5789 9643 -18654
5790 9673 -18750
5791 9699 -18790
5792 9771 -18990
5793 9771 -18942
5794 9761 -18918
5795 9683 -18718
5796 9713 -18806
5797 9695 -18742
5798 9685 -18702
5799 9683 -18662
5800 9719 -18866
5801 9741 -18914
5802 9759 -18950
5803 9693 -18766
5804 9691 -18730
5805 9683 -18766
5806 9713 -18846
5807 9705 -18830
5808 9647 -18654
5809 9691 -18830
5810 9693 -18834
5811 9717 -18762
5812 9755 -18846
5813 9761 -18934
5814 9711 -18822
5815 9661 -18694
5816 9677 -18770
5817 9711 -18794
5818 9695 -18754
5819 9677 -18654
5820 9657 -18718
5821 9721 -18802
5822 9713 -18778
5823 9685 -18766
5824 9675 -18706
5825 9671 -18770
5826 9595 -18578
5827 9631 -18638
5828 9673 -18782
5829 9641 -18686
5830 9597 -18462
5831 9585 -18514
5832 9637 -18646
5833 9557 -18390
5834 9595 -18506
5835 9651 -18626
5836 9659 -18670
5837 9683 -18738
5838 9645 -18714
5839 9629 -18634
5840 9661 -18690
5841 9665 -18750
5842 9661 -18750
5843 9649 -18654
5844 9677 -18662
5845 9693 -18842
5846 9663 -18810
5847 9685 -18778
5848 9717 -18874
5849 9669 -18738
5850 9651 -18650
5851 9647 -18646
5852 9725 -18862
5853 9709 -18822
5854 9733 -18854
5855 9741 -18910
5856 9713 -18926
5857 9663 -18722
5858 9687 -18838
5859 9709 -18854
5860 9703 -18826
5861 9691 -18810
5862 9647 -18690
5863 9665 -18746
5864 9689 -18790
5865 9749 -18962
5866 9715 -18894
5867 9669 -18738
5868 9693 -18746
5869 9737 -18886
5870 9771 -18962
5871 9791 -18966
5872 9753 -18950
5873 9787 -19086
5874 9779 -19034
5875 9809 -19150
5876 9781 -19062
5877 9739 -18982
5878 9673 -18710
5879 9677 -18770
5880 9649 -18702
5881 9727 -18890
5882 9679 -18734
5883 9735 -18874
5884 9763 -18922
5885 9711 -18758
5886 9671 -18634
5887 9703 -18806
5888 9735 -18866
5889 9765 -18962
5890 9701 -18850
5891 9695 -18838
5892 9699 -18858
5893 9673 -18730
5894 9663 -18714
5895 9687 -18866
5896 9685 -18830
5897 9697 -18850
5898 9703 -18814
5899 9703 -18790
5900 9707 -18774
5901 9693 -18746
5902 9713 -18750
5903 9725 -18898
5904 9689 -18842
5905 9629 -18678
5906 9613 -18546
5907 9569 -18494
5908 9593 -18534
5909 9681 -18786
5910 9681 -18814
5911 9641 -18650
5912 9705 -18842
5913 9721 -18806
5914 9725 -18914
5915 9741 -18902
5916 9743 -18970
5917 9755 -18930
5918 9745 -18894
5919 9807 -19090
5920 9783 -19006
5921 9749 -18910
5922 9745 -18922
5923 9725 -18826
5924 9701 -18782
5925 9667 -18702
5926 9711 -18882
5927 9669 -18706
5928 9673 -18702
5929 9717 -18846
5930 9731 -18894
5931 9755 -18970
5932 9725 -18902
5933 9753 -18958
5934 9691 -18786
5935 9721 -18946
5936 9719 -18858
5937 9737 -18866
5938 9719 -18810
5939 9741 -18894
5940 9749 -18938
5941 9639 -18618
5942 9703 -18830
5943 9707 -18814
5944 9727 -18870
5945 9727 -18890
5946 9737 -18882
5947 9717 -18870
5948 9715 -18822
5949 9719 -18798
5950 9721 -18842
5951 9771 -19042
5952 9805 -19090
5953 9797 -19034
5954 9745 -18926
5955 9715 -18834
5956 9749 -18914
5957 9699 -18790
5958 9707 -18766
5959 9709 -18790
5960 9717 -18830
5961 9741 -18830
5962 9731 -18878
5963 9733 -18934
5964 9715 -18786
5965 9735 -18822
5966 9709 -18750
5967 9699 -18766
5968 9661 -18662
5969 9681 -18718
5970 9623 -18622
5971 9587 -18494
5972 9631 -18566
5973 9655 -18738
5974 9655 -18782
5975 9625 -18650
5976 9597 -18610
5977 9617 -18658
5978 9621 -18678
5979 9587 -18538
5980 9611 -18618
5981 9593 -18546
5982 9565 -18494
5983 9623 -18582
5984 9583 -18486
5985 9543 -18338
5986 9645 -18650
5987 9639 -18706
5988 9677 -18794
5989 9697 -18870
5990 9631 -18690
5991 9721 -19014
5992 9699 -18894
5993 9701 -18890
5994 9641 -18682
5995 9611 -18578
5996 9647 -18738
5997 9639 -18646
5998 9615 -18622
5999 9657 -18678
6000 9639 -18542
6001 9691 -18702
6002 9693 -18710
6003 9761 -18910
6004 9743 -18890
6005 9777 -18982
6006 9755 -18918
6007 9721 -18822
6008 9721 -18806
6009 9721 -18874
6010 9681 -18758
6011 9669 -18622
6012 9683 -18710
6013 9673 -18670
6014 9671 -18722
6015 9669 -18690
6016 9683 -18810
6017 9703 -18870
6018 9755 -18962
6019 9749 -18890
6020 9759 -18946
6021 9769 -19010
6022 9745 -18906
6023 9677 -18734
6024 9663 -18638
6025 9701 -18798
6026 9697 -18826
6027 9709 -18786
6028 9741 -18862
6029 9741 -18878
6030 9671 -18670
6031 9701 -18774
6032 9683 -18730
6033 9725 -18850
6034 9701 -18774
6035 9699 -18782
6036 9721 -18870
6037 9623 -18614
6038 9657 -18782
6039 9627 -18594
6040 9687 -18838
6041 9697 -18754
6042 9683 -18686
6043 9673 -18626
6044 9731 -18886
6045 9753 -18914
6046 9697 -18738
6047 9663 -18626
6048 9647 -18670
6049 9607 -18546
6050 9567 -18542
6051 9603 -18582
6052 9685 -18782
6053 9651 -18678
6054 9637 -18662
6055 9681 -18834
6056 9747 -18958
6057 9713 -18818
6058 9683 -18754
6059 9753 -18998
6060 9755 -18962
6061 9741 -18934
6062 9683 -18722
6063 9687 -18786
6064 9677 -18810
6065 9609 -18602
6066 9619 -18642
6067 9669 -18858
6068 9607 -18706
6069 9635 -18674
6070 9627 -18746
6071 9683 -18758
6072 9709 -18882
6073 9763 -18974
6074 9697 -18834
6075 9745 -18954
6076 9679 -18714
6077 9627 -18602
6078 9721 -18786
6079 9715 -18830
6080 9673 -18734
6081 9689 -18810
6082 9731 -18894
6083 9655 -18598
6084 9681 -18742
6085 9633 -18626
6086 9673 -18790
6087 9629 -18674
6088 9543 -18362
6089 9483 -18306
6090 9609 -18566
6091 9641 -18554
6092 9709 -18746
6093 9727 -18834
6094 9661 -18674
6095 9681 -18706
6096 9709 -18894
6097 9699 -18830
6098 9665 -18790
6099 9623 -18606
6100 9671 -18654
6101 9681 -18782
6102 9681 -18734
6103 9705 -18814
6104 9649 -18586
6105 9733 -18834
6106 9753 -18938
6107 9735 -18926
6108 9723 -18778
6109 9697 -18742
6110 9659 -18718
6111 9603 -18638
6112 9555 -18514
6113 9571 -18486
6114 9593 -18478
6115 9607 -18542
6116 9687 -18782
6117 9649 -18678
6118 9595 -18542
6119 9621 -18682
6120 9657 -18778
6121 9685 -18778
6122 9633 -18590
6123 9707 -18810
6124 9781 -19026
6125 9767 -19018
6126 9681 -18830
6127 9653 -18758
6128 9681 -18702
6129 9657 -18658
6130 9679 -18778
6131 9727 -18918
6132 9721 -18918
6133 9709 -18866
6134 9695 -18798
6135 9707 -18834
6136 9675 -18718
6137 9673 -18690
6138 9719 -18826
6139 9771 -18962
6140 9719 -18822
6141 9755 -18942
6142 9695 -18802
6143 9681 -18662
6144 9743 -18858
6145 9779 -18990
6146 9731 -18850
6147 9667 -18694
6148 9725 -18850
6149 9649 -18762
6150 9683 -18810
6151 9717 -18842
6152 9747 -18974
6153 9751 -18942
6154 9837 -19170
6155 9799 -19062
6156 9727 -18842
6157 9763 -18926
6158 9759 -18914
6159 9711 -18818
6160 9735 -18854
6161 9749 -18862
6162 9667 -18634
6163 9737 -18850
6164 9685 -18750
6165 9675 -18774
6166 9693 -18782
6167 9719 -18810
6168 9721 -18854
6169 9721 -18838
6170 9727 -18790
6171 9739 -18870
6172 9749 -18874
6173 9731 -18882
6174 9711 -18830
6175 9735 -18862
6176 9711 -18838
6177 9723 -18894
6178 9757 -18938
6179 9711 -18810
6180 9727 -18870
6181 9747 -18906
6182 9763 -18918
6183 9755 -18910
6184 9701 -18738
6185 9681 -18690
6186 9735 -18822
6187 9689 -18682
6188 9673 -18722
6189 9651 -18610
6190 9645 -18606
6191 9755 -18950
6192 9747 -18930
6193 9733 -18918
6194 9753 -18930
6195 9789 -18970
6196 9769 -18902
6197 9821 -19054
6198 9779 -18918
6199 9795 -18966
6200 9751 -18878
6201 9689 -18766
6202 9689 -18814
6203 9715 -18766
6204 9665 -18602
6205 9715 -18798
6206 9663 -18646
6207 9729 -18810
6208 9715 -18790
6209 9735 -18806
6210 9679 -18698
6211 9743 -18922
6212 9773 -18986
6213 9737 -18870
6214 9733 -18858
6215 9697 -18778
6216 9713 -18814
6217 9721 -18858
6218 9689 -18834
6219 9667 -18698
6220 9723 -18830
6221 9695 -18746
6222 9677 -18742
6223 9685 -18734
6224 9725 -18874
6225 9737 -18882
6226 9743 -18886
6227 9751 -18930
6228 9737 -18866
6229 9689 -18758
6230 9727 -18850
6231 9699 -18746
6232 9665 -18690
6233 9647 -18662
6234 9681 -18886
6235 9701 -18862
6236 9735 -18922
6237 9753 -18918
6238 9751 -18834
6239 9675 -18758
6240 9719 -18866
6241 9687 -18722
6242 9657 -18650
6243 9661 -18626
6244 9677 -18714
6245 9667 -18742
6246 9705 -18818
6247 9727 -18886
6248 9683 -18770
6249 9661 -18606
6250 9645 -18658
6251 9699 -18790
6252 9667 -18734
6253 9661 -18706
6254 9669 -18662
6255 9685 -18790
6256 9657 -18754
6257 9613 -18614
6258 9579 -18522
6259 9637 -18706
6260 9571 -18498
6261 9609 -18598
6262 9597 -18522
6263 9651 -18614
6264 9625 -18590
6265 9615 -18530
6266 9661 -18682
6267 9697 -18762
6268 9729 -18806
6269 9753 -18918
6270 9733 -18818
6271 9705 -18822
6272 9717 -18810
6273 9763 -18910
6274 9771 -18934
6275 9741 -18838
6276 9679 -18690
6277 9731 -18838
6278 9791 -19018
6279 9795 -19022
6280 9781 -18954
6281 9817 -19110
6282 9827 -19094
6283 9737 -18802
6284 9701 -18738
6285 9733 -18830
6286 9731 -18910
6287 9745 -18914
6288 9737 -18922
6289 9633 -18622
6290 9617 -18610
6291 9645 -18690
6292 9667 -18730
6293 9653 -18638
6294 9681 -18662
6295 9739 -18830
6296 9725 -18798
6297 9733 -18830
6298 9705 -18798
6299 9725 -18914
6300 9709 -18862
6301 9749 -18994
6302 9725 -18894
6303 9731 -18894
6304 9675 -18706
6305 9683 -18682
6306 9655 -18714
6307 9689 -18782
6308 9697 -18702
6309 9715 -18830
6310 9771 -18990
6311 9771 -18970
6312 9767 -19002
6313 9661 -18638
6314 9671 -18670
6315 9629 -18538
6316 9691 -18678
6317 9681 -18774
6318 9651 -18746
6319 9675 -18810
6320 9597 -18574
6321 9611 -18642
6322 9587 -18490
6323 9679 -18750
6324 9737 -18866
6325 9721 -18802
6326 9685 -18670
6327 9767 -18966
6328 9747 -18902
6329 9723 -18866
6330 9697 -18758
6331 9683 -18726
6332 9687 -18754
6333 9729 -18866
6334 9789 -19022
6335 9781 -19026
6336 9737 -18874
6337 9709 -18854
6338 9693 -18790
6339 9721 -18838
6340 9679 -18754
6341 9677 -18686
6342 9725 -18850
6343 9721 -18822
6344 9733 -18818
6345 9685 -18718
6346 9757 -18966
6347 9737 -18886
6348 9771 -18930
6349 9779 -18998
6350 9719 -18822
6351 9657 -18730
6352 9609 -18546
6353 9663 -18722
6354 9641 -18666
6355 9733 -18882
6356 9771 -18954
6357 9741 -18898
6358 9769 -18942
6359 9759 -18886
6360 9763 -18962
6361 9765 -18982
6362 9763 -18974
6363 9731 -18858
6364 9697 -18754
6365 9663 -18634
6366 9669 -18722
6367 9681 -18762
6368 9715 -18878
6369 9761 -18986
6370 9733 -18854
6371 9739 -18890
6372 9755 -18902
6373 9791 -19014
6374 9767 -18990
6375 9731 -18914
6376 9719 -18874
6377 9669 -18766
6378 9719 -18858
6379 9725 -18838
6380 9715 -18790
6381 9759 -18946
6382 9737 -18906
6383 9719 -18854
6384 9739 -18914
6385 9709 -18838
6386 9735 -18922
6387 9705 -18814
6388 9735 -18810
6389 9717 -18838
6390 9685 -18770
6391 9717 -18834
6392 9657 -18626
6393 9649 -18594
6394 9587 -18454
6395 9677 -18666
6396 9653 -18650
6397 9663 -18694
6398 9693 -18706
6399 9683 -18738
6400 9697 -18782
6401 9681 -18778
6402 9685 -18794
6403 9705 -18862
6404 9709 -18850
6405 9693 -18810
6406 9709 -18770
6407 9663 -18606
6408 9641 -18550
6409 9715 -18834
6410 9679 -18762
6411 9701 -18798
6412 9777 -19038
6413 9783 -18998
6414 9733 -18822
6415 9663 -18674
6416 9677 -18770
6417 9663 -18646
6418 9613 -18554
6419 9653 -18678
6420 9595 -18518
6421 9685 -18714
6422 9683 -18750
6423 9735 -18898
6424 9769 -19074
6425 9687 -18802
6426 9701 -18834
6427 9609 -18550
6428 9595 -18554
6429 9639 -18682
6430 9695 -18790
6431 9651 -18618
6432 9701 -18786
6433 9675 -18694
6434 9649 -18630
6435 9609 -18618
6436 9653 -18722
6437 9647 -18622
6438 9701 -18862
6439 9693 -18810
6440 9761 -18974
6441 9745 -18838
6442 9747 -18930
6443 9745 -18882
6444 9739 -18858
6445 9731 -18894
6446 9719 -18938
6447 9677 -18838
6448 9749 -18946
6449 9675 -18750
6450 9765 -18974
6451 9731 -18898
6452 9693 -18702
6453 9731 -18850
6454 9717 -18794
6455 9679 -18682
6456 9657 -18598
6457 9643 -18634
6458 9671 -18670
6459 9693 -18818
6460 9705 -18926
6461 9701 -18814
6462 9721 -18858
6463 9641 -18690
6464 9535 -18434
6465 9677 -18782
6466 9617 -18574
6467 9677 -18714
6468 9715 -18858
6469 9717 -18814
6470 9647 -18678
6471 9683 -18774
6472 9659 -18694
6473 9643 -18634
6474 9673 -18610
6475 9709 -18774
6476 9659 -18686
6477 9705 -18830
6478 9715 -18810
6479 9747 -18938
6480 9717 -18826
6481 9745 -18954
6482 9743 -18898
6483 9691 -18794
6484 9715 -18910
6485 9657 -18694
6486 9607 -18546
6487 9649 -18690
6488 9661 -18742
6489 9635 -18742
6490 9681 -18882
6491 9705 -18890
6492 9677 -18746
6493 9667 -18706
6494 9639 -18610
6495 9637 -18570
6496 9651 -18606
6497 9647 -18710
6498 9729 -18902
6499 9713 -18870
6500 9767 -18974
6501 9767 -18970
6502 9755 -18862
6503 9707 -18790
6504 9731 -18870
6505 9777 -19046
6506 9825 -19126
6507 9787 -19026
6508 9759 -18910
6509 9717 -18778
6510 9697 -18718
6511 9729 -18794
6512 9735 -18850
6513 9761 -18958
6514 9729 -18862
6515 9705 -18774
6516 9719 -18826
6517 9719 -18842
6518 9685 -18686
6519 9717 -18802
6520 9787 -18974
6521 9787 -19014
6522 9705 -18738
6523 9709 -18798
6524 9729 -18802
6525 9791 -19034
6526 9703 -18754
6527 9713 -18782
6528 9735 -18866
6529 9729 -18842
6530 9715 -18810
6531 9711 -18782
6532 9685 -18746
6533 9653 -18670
6534 9699 -18774
6535 9711 -18818
6536 9661 -18646
6537 9665 -18690
6538 9643 -18670
6539 9643 -18634
6540 9657 -18726
6541 9631 -18614
6542 9641 -18654
6543 9617 -18578
6544 9647 -18630
6545 9691 -18762
6546 9649 -18610
6547 9607 -18494
6548 9609 -18598
6549 9635 -18662
6550 9667 -18698
6551 9689 -18782
6552 9715 -18834
6553 9711 -18902
6554 9687 -18734
6555 9695 -18782
6556 9675 -18738
6557 9665 -18718
6558 9663 -18770
6559 9685 -18802
6560 9709 -18846
6561 9667 -18702
6562 9651 -18690
6563 9703 -18782
6564 9699 -18762
6565 9733 -18854
6566 9751 -18878
6567 9779 -18982
6568 9809 -19086
6569 9889 -19302
6570 9807 -19050
6571 9763 -18954
6572 9775 -18950
6573 9743 -18830
6574 9715 -18822
6575 9703 -18818
6576 9677 -18786
6577 9695 -18862
6578 9733 -18990
6579 9697 -18866
6580 9613 -18586
6581 9667 -18786
6582 9689 -18882
6583 9687 -18858
6584 9725 -18882
6585 9757 -18998
6586 9775 -19014
6587 9689 -18770
6588 9705 -18794
6589 9675 -18694
6590 9769 -18958
6591 9735 -18898
6592 9709 -18802
6593 9657 -18730
6594 9645 -18730
6595 9697 -18814
6596 9685 -18786
6597 9765 -18958
6598 9725 -18850
6599 9713 -18826
6600 9725 -18842
6601 9715 -18854
6602 9765 -18958
6603 9779 -18974
6604 9715 -18778
6605 9709 -18802
6606 9729 -18790
6607 9737 -18806
6608 9681 -18714
6609 9685 -18770
6610 9619 -18594
6611 9645 -18654
6612 9671 -18678
6613 9695 -18794
6614 9771 -18970
6615 9777 -18994
6616 9751 -18890
6617 9727 -18806
6618 9763 -18950
6619 9769 -18922
6620 9737 -18874
6621 9741 -18918
6622 9741 -18886
6623 9765 -18926
6624 9691 -18766
6625 9701 -18786
6626 9767 -18938
6627 9737 -18914
6628 9725 -18858
6629 9693 -18746
6630 9701 -18758
6631 9711 -18786
6632 9701 -18766
6633 9755 -18922
6634 9693 -18702
6635 9673 -18730
6636 9727 -18818
6637 9699 -18782
6638 9697 -18794
6639 9599 -18494
6640 9655 -18722
6641 9623 -18550
6642 9565 -18454
6643 9697 -18798
6644 9643 -18618
6645 9687 -18738
6646 9771 -18986
6647 9737 -18870
6648 9755 -18922
6649 9773 -18970
6650 9753 -18934
6651 9679 -18730
6652 9609 -18642
6653 9649 -18754
6654 9665 -18694
6655 9727 -18846
6656 9711 -18818
6657 9689 -18766
6658 9705 -18882
6659 9697 -18862
6660 9639 -18606
6661 9653 -18686
6662 9651 -18650
6663 9745 -18982
6664 9699 -18850
6665 9683 -18754
6666 9671 -18746
6667 9687 -18766
6668 9685 -18698
6669 9709 -18818
6670 9659 -18730
6671 9639 -18706
6672 9711 -18862
6673 9737 -18966
6674 9687 -18890
6675 9675 -18826
6676 9605 -18610
6677 9667 -18674
6678 9667 -18766
6679 9605 -18658
6680 9615 -18690
6681 9571 -18546
6682 9613 -18602
6683 9643 -18726
6684 9643 -18766
6685 9573 -18502
6686 9581 -18542
6687 9549 -18466
6688 9545 -18446
6689 9569 -18478
6690 9633 -18650
6691 9619 -18694
6692 9661 -18806
6693 9601 -18614
6694 9641 -18654
6695 9739 -18942
6696 9711 -18854
6697 9709 -18854
6698 9669 -18754
6699 9627 -18662
6700 9625 -18598
6701 9701 -18706
6702 9665 -18706
6703 9657 -18642
6704 9617 -18506
6705 9649 -18586
6706 9713 -18814
6707 9711 -18874
6708 9721 -18922
6709 9741 -19022
6710 9673 -18782
6711 9649 -18786
6712 9679 -18766
6713 9697 -18774
6714 9721 -18834
6715 9767 -18998
6716 9689 -18730
6717 9655 -18698
6718 9711 -18838
6719 9697 -18742
6720 9713 -18710
6721 9727 -18798
6722 9701 -18746
6723 9665 -18686
6724 9623 -18682
6725 9603 -18642
6726 9583 -18586
6727 9539 -18538
6728 9561 -18526
6729 9637 -18722
6730 9653 -18670
6731 9669 -18806
6732 9707 -18790
6733 9705 -18790
6734 9747 -18886
6735 9725 -18794
6736 9689 -18650
6737 9697 -18714
6738 9773 -18942
6739 9741 -18854
6740 9797 -19006
6741 9695 -18798
6742 9627 -18610
6743 9641 -18626
6744 9675 -18642
6745 9609 -18422
6746 9565 -18474
6747 9551 -18442
6748 9557 -18514
6749 9603 -18610
6750 9595 -18578
6751 9637 -18638
6752 9609 -18626
6753 9597 -18538
6754 9653 -18662
6755 9663 -18690
6756 9741 -18898
6757 9709 -18838
6758 9681 -18698
6759 9639 -18598
6760 9717 -18790
6761 9661 -18610
6762 9751 -18806
6763 9643 -18566
6764 9657 -18638
6765 9655 -18742
6766 9679 -18778
6767 9671 -18746
6768 9701 -18818
6769 9705 -18914
6770 9713 -18882
6771 9683 -18794
6772 9641 -18662
6773 9709 -18870
6774 9685 -18782
6775 9681 -18750
6776 9661 -18626
6777 9663 -18718
6778 9603 -18582
6779 9615 -18602
6780 9609 -18530
6781 9601 -18574
6782 9685 -18762
6783 9639 -18590
6784 9641 -18614
6785 9621 -18574
6786 9657 -18754
6787 9661 -18798
6788 9699 -18762
6789 9643 -18662
6790 9689 -18798
6791 9673 -18718
6792 9671 -18758
6793 9685 -18802
6794 9681 -18770
6795 9731 -18846
6796 9735 -18830
6797 9725 -18782
6798 9707 -18822
6799 9721 -18854
6800 9735 -18854
6801 9683 -18674
6802 9663 -18718
6803 9667 -18686
6804 9661 -18718
6805 9685 -18778
6806 9747 -18910
6807 9731 -18930
6808 9701 -18882
6809 9729 -18902
6810 9707 -18806
6811 9679 -18714
6812 9655 -18702
6813 9633 -18622
6814 9633 -18742
6815 9679 -18802
6816 9689 -18806
6817 9667 -18762
6818 9673 -18694
6819 9719 -18886
6820 9725 -18886
6821 9695 -18802
6822 9675 -18714
6823 9731 -18898
6824 9679 -18766
6825 9709 -18834
6826 9709 -18834
6827 9709 -18794
6828 9713 -18762
6829 9739 -18818
6830 9733 -18874
6831 9735 -18858
6832 9699 -18734
6833 9723 -18810
6834 9757 -18934
6835 9683 -18778
6836 9723 -18874
6837 9749 -18898
6838 9705 -18730
6839 9739 -18862
6840 9703 -18854
6841 9687 -18818
6842 9713 -18898
6843 9751 -18962
6844 9689 -18774
6845 9703 -18758
6846 9693 -18710
6847 9709 -18798
6848 9751 -18850
6849 9711 -18858
6850 9713 -18830
6851 9703 -18778
6852 9667 -18642
6853 9661 -18646
6854 9673 -18746
6855 9699 -18754
6856 9695 -18726
6857 9695 -18718
6858 9709 -18754
6859 9719 -18838
6860 9745 -18922
6861 9725 -18894
6862 9691 -18826
6863 9673 -18826
6864 9749 -18966
6865 9755 -18874
6866 9751 -18878
6867 9791 -18974
6868 9773 -18954
6869 9735 -18878
6870 9755 -18946
6871 9735 -18906
6872 9763 -18966
6873 9701 -18782
6874 9681 -18722
6875 9675 -18722
6876 9669 -18694
6877 9699 -18834
6878 9661 -18682
6879 9635 -18646
6880 9605 -18518
6881 9603 -18546
6882 9649 -18726
6883 9633 -18682
6884 9739 -18878
6885 9761 -18918
6886 9735 -18866
6887 9741 -18910
6888 9743 -18950
6889 9721 -18794
6890 9697 -18750
6891 9733 -18818
6892 9741 -18890
6893 9651 -18634
6894 9723 -18894
6895 9679 -18758
6896 9681 -18734
6897 9651 -18594
6898 9665 -18626
6899 9715 -18798
6900 9709 -18774
6901 9721 -18842
6902 9675 -18682
6903 9677 -18798
6904 9743 -18950
6905 9727 -18878
6906 9687 -18838
6907 9723 -18890
6908 9679 -18722
6909 9645 -18594
6910 9665 -18714
6911 9693 -18802
6912 9653 -18666
6913 9673 -18774
6914 9635 -18638
6915 9637 -18582
6916 9603 -18466
6917 9575 -18438
6918 9501 -18270
6919 9495 -18258
6920 9513 -18362
6921 9561 -18382
6922 9613 -18510
6923 9635 -18646
6924 9689 -18730
6925 9685 -18810
6926 9633 -18614
6927 9687 -18754
6928 9631 -18678
6929 9639 -18702
6930 9699 -18806
6931 9681 -18742
6932 9729 -18926
6933 9741 -18814
6934 9753 -18878
6935 9751 -18938
6936 9807 -19118
6937 9779 -18986
6938 9769 -18934
6939 9733 -18802
6940 9723 -18802
6941 9733 -18842
6942 9735 -18822
6943 9703 -18750
6944 9707 -18818
6945 9687 -18806
6946 9663 -18638
6947 9657 -18610
6948 9677 -18738
6949 9705 -18770
6950 9679 -18706
6951 9695 -18786
6952 9551 -18362
6953 9629 -18574
6954 9735 -18906
6955 9647 -18670
6956 9689 -18774
6957 9713 -18826
6958 9701 -18810
6959 9727 -18846
6960 9719 -18834
6961 9705 -18718
6962 9763 -18934
6963 9747 -18994
6964 9745 -18950
6965 9767 -19010
6966 9707 -18858
6967 9675 -18650
6968 9667 -18658
6969 9749 -18894
6970 9687 -18666
6971 9653 -18630
6972 9671 -18634
6973 9677 -18606
6974 9701 -18710
6975 9759 -18898
6976 9803 -19102
6977 9711 -18766
6978 9661 -18618
6979 9683 -18666
6980 9661 -18674
6981 9765 -18986
6982 9783 -18974
6983 9685 -18766
6984 9711 -18794
6985 9697 -18782
6986 9729 -18858
6987 9781 -19034
6988 9733 -18874
6989 9667 -18698
6990 9705 -18770
6991 9753 -18914
6992 9761 -18950
6993 9719 -18854
6994 9737 -18926
6995 9769 -18982
6996 9793 -19070
6997 9679 -18694
6998 9687 -18738
6999 9737 -18838
7000 9733 -18842
7001 9749 -18922
7002 9777 -19018
7003 9719 -18826
7004 9729 -18810
7005 9729 -18886
7006 9733 -18858
7007 9677 -18726
7008 9645 -18654
7009 9621 -18574
7010 9621 -18590
7011 9627 -18582
7012 9719 -18870
7013 9729 -18818
7014 9691 -18686
7015 9695 -18762
7016 9685 -18718
7017 9655 -18650
7018 9671 -18710
7019 9753 -18918
7020 9691 -18742
7021 9691 -18766
7022 9709 -18790
7023 9751 -18946
7024 9719 -18834
7025 9695 -18750
7026 9679 -18738
7027 9701 -18806
7028 9687 -18762
7029 9685 -18726
7030 9679 -18746
7031 9739 -18846
7032 9735 -18846
7033 9743 -18902
7034 9715 -18838
7035 9707 -18818
7036 9669 -18698
7037 9667 -18702
7038 9655 -18710
7039 9573 -18558
7040 9579 -18562
7041 9613 -18598
7042 9577 -18402
7043 9533 -18394
7044 9617 -18626
7045 9625 -18526
7046 9655 -18574
7047 9671 -18706
7048 9671 -18658
7049 9675 -18706
7050 9675 -18798
7051 9651 -18666
7052 9685 -18758
7053 9713 -18806
7054 9681 -18762
7055 9681 -18814
7056 9671 -18790
7057 9665 -18802
7058 9659 -18754
7059 9681 -18802
7060 9667 -18794
7061 9609 -18614
7062 9583 -18490
7063 9605 -18598
7064 9653 -18734
7065 9661 -18734
7066 9657 -18734
7067 9677 -18746
7068 9655 -18678
7069 9645 -18714
7070 9675 -18802
7071 9649 -18718
7072 9683 -18818
7073 9679 -18794
7074 9693 -18770
7075 9691 -18790
7076 9719 -18818
7077 9737 -18814
7078 9691 -18754
7079 9687 -18726
7080 9667 -18730
7081 9715 -18822
7082 9711 -18846
7083 9713 -18902
7084 9665 -18730
7085 9683 -18806
7086 9675 -18770
7087 9705 -18842
7088 9665 -18730
7089 9707 -18726
7090 9743 -18902
7091 9735 -18850
7092 9763 -18974
7093 9757 -18922
7094 9743 -18830
7095 9757 -18926
7096 9749 -18874
7097 9771 -18982
7098 9771 -18946
7099 9781 -18950
7100 9749 -18918
7101 9701 -18786
7102 9717 -18810
7103 9731 -18830
7104 9713 -18786
7105 9703 -18826
7106 9681 -18758
7107 9647 -18682
7108 9647 -18662
7109 9629 -18598
7110 9687 -18762
7111 9663 -18718
7112 9709 -18806
7113 9757 -18962
7114 9693 -18770
7115 9719 -18766
7116 9729 -18862
7117 9703 -18802
7118 9775 -19010
7119 9709 -18818
7120 9713 -18838
7121 9713 -18850
7122 9697 -18782
7123 9731 -18910
7124 9733 -18826
7125 9709 -18790
7126 9721 -18786
7127 9681 -18702
7128 9745 -18858
7129 9741 -18870
7130 9717 -18822
7131 9655 -18674
7132 9689 -18794
7133 9603 -18550
7134 9627 -18590
7135 9547 -18446
7136 9559 -18494
7137 9597 -18554
7138 9675 -18766
7139 9595 -18614
7140 9621 -18682
7141 9577 -18562
7142 9547 -18530
7143 9581 -18578
7144 9641 -18730
7145 9593 -18614
7146 9589 -18618
7147 9571 -18566
7148 9595 -18614
7149 9643 -18766
7150 9607 -18618
7151 9673 -18790
7152 9651 -18734
7153 9647 -18722
7154 9637 -18666
7155 9593 -18570
7156 9633 -18754
7157 9631 -18750
7158 9649 -18746
7159 9647 -18626
7160 9759 -18954
7161 9723 -18818
7162 9685 -18674
7163 9733 -18846
7164 9685 -18698
7165 9701 -18754
7166 9643 -18590
7167 9723 -18846
7168 9743 -18906
7169 9717 -18874
7170 9685 -18790
7171 9673 -18710
7172 9663 -18818
7173 9569 -18562
7174 9575 -18546
7175 9619 -18566
7176 9625 -18670
7177 9691 -18846
7178 9619 -18602
7179 9663 -18718
7180 9659 -18682
7181 9725 -18874
7182 9731 -18890
7183 9741 -18954
7184 9665 -18710
7185 9629 -18602
7186 9639 -18714
7187 9655 -18734
7188 9679 -18782
7189 9669 -18702
7190 9731 -18926
7191 9677 -18678
7192 9679 -18662
7193 9661 -18662
7194 9667 -18658
7195 9673 -18718
7196 9723 -18866
7197 9721 -18898
7198 9703 -18798
7199 9729 -18866
7200 9735 -18874
7201 9743 -18894
7202 9773 -18942
7203 9775 -18970
7204 9739 -18798
7205 9713 -18734
7206 9733 -18766
7207 9677 -18662
7208 9679 -18734
7209 9759 -18946
7210 9739 -18862
7211 9713 -18734
7212 9661 -18602
7213 9647 -18610
7214 9677 -18662
7215 9707 -18742
7216 9693 -18766
7217 9709 -18778
7218 9649 -18702
7219 9709 -18858
7220 9717 -18886
7221 9757 -18910
7222 9725 -18842
7223 9773 -18970
7224 9765 -19018
7225 9781 -19042
7226 9801 -19082
7227 9755 -18978
7228 9707 -18814
7229 9749 -18894
7230 9715 -18794
7231 9721 -18818
7232 9717 -18810
7233 9707 -18706
7234 9697 -18690
7235 9717 -18806
7236 9729 -18778
7237 9755 -18914
7238 9761 -18930
7239 9707 -18798
7240 9697 -18846
7241 9661 -18686
7242 9719 -18822
7243 9655 -18750
7244 9655 -18666
7245 9643 -18738
7246 9585 -18558
7247 9663 -18738
7248 9625 -18666
7249 9579 -18578
7250 9651 -18746
7251 9653 -18674
7252 9699 -18742
7253 9713 -18802
7254 9671 -18742
7255 9679 -18742
7256 9609 -18670
7257 9629 -18618
7258 9641 -18634
7259 9717 -18830
7260 9685 -18718
7261 9715 -18798
7262 9735 -18878
7263 9707 -18782
7264 9741 -18874
7265 9645 -18642
7266 9649 -18734
7267 9633 -18646
7268 9645 -18718
7269 9609 -18654
7270 9625 -18730
7271 9641 -18766
7272 9603 -18738
7273 9643 -18706
7274 9601 -18630
7275 9537 -18506
7276 9531 -18614
7277 9489 -18434
7278 9535 -18522
7279 9623 -18758
7280 9683 -18906
7281 9659 -18798
7282 9643 -18718
7283 9645 -18766
7284 9647 -18714
7285 9619 -18574
7286 9667 -18746
7287 9699 -18818
7288 9611 -18634
7289 9621 -18650
7290 9591 -18590
7291 9571 -18482
7292 9595 -18570
7293 9629 -18674
7294 9637 -18562
7295 9677 -18742
7296 9677 -18762
7297 9703 -18846
7298 9711 -18806
7299 9683 -18714
7300 9721 -18810
7301 9717 -18842
7302 9759 -18942
7303 9733 -18858
7304 9755 -18822
7305 9785 -18950
7306 9737 -18878
7307 9711 -18878
7308 9687 -18738
7309 9689 -18674
7310 9675 -18726
7311 9677 -18742
7312 9667 -18658
7313 9661 -18666
7314 9675 -18726
7315 9717 -18794
7316 9605 -18522
7317 9573 -18578
7318 9697 -18826
7319 9673 -18746
7320 9663 -18714
7321 9691 -18670
7322 9671 -18670
7323 9731 -18902
7324 9757 -18982
7325 9719 -18794
7326 9619 -18538
7327 9689 -18726
7328 9735 -18878
7329 9703 -18730
7330 9705 -18766
7331 9685 -18722
7332 9675 -18714
7333 9745 -18930
7334 9713 -18918
7335 9669 -18822
7336 9689 -18878
7337 9747 -19066
7338 9749 -18918
7339 9757 -18930
7340 9715 -18822
7341 9779 -19030
7342 9665 -18766
7343 9735 -18906
7344 9735 -18886
7345 9699 -18802
7346 9709 -18814
7347 9673 -18662
7348 9637 -18670
7349 9589 -18518
7350 9591 -18518
7351 9657 -18590
7352 9657 -18590
7353 9671 -18646
7354 9635 -18618
7355 9685 -18786
7356 9629 -18654
7357 9613 -18598
7358 9557 -18470
7359 9687 -18762
7360 9645 -18634
7361 9613 -18574
7362 9657 -18738
7363 9735 -18934
7364 9717 -18918
7365 9731 -18938
7366 9671 -18722
7367 9665 -18710
7368 9665 -18650
7369 9685 -18722
7370 9693 -18818
7371 9691 -18858
7372 9613 -18650
7373 9599 -18574
7374 9611 -18518
7375 9547 -18394
7376 9625 -18626
7377 9645 -18730
7378 9563 -18514
7379 9695 -18818
7380 9763 -18926
7381 9767 -18938
7382 9703 -18750
7383 9757 -18926
7384 9789 -19006
7385 9741 -18882
7386 9777 -18978
7387 9713 -18858
7388 9709 -18822
7389 9687 -18714
7390 9729 -18790
7391 9735 -18798
7392 9699 -18754
7393 9681 -18650
7394 9723 -18822
7395 9665 -18690
7396 9701 -18790
7397 9789 -19006
7398 9759 -18906
7399 9745 -18866
7400 9709 -18798
7401 9669 -18646
7402 9707 -18746
7403 9763 -18926
7404 9745 -18978
7405 9803 -19082
7406 9727 -18922
7407 9761 -18950
7408 9741 -18886
7409 9695 -18786
7410 9701 -18778
7411 9713 -18814
7412 9719 -18794
7413 9751 -18854
7414 9769 -18930
7415 9713 -18742
7416 9649 -18690
7417 9627 -18610
7418 9649 -18698
7419 9693 -18806
7420 9699 -18798
7421 9719 -18938
7422 9685 -18850
7423 9691 -18914
7424 9663 -18762
7425 9623 -18670
7426 9675 -18786
7427 9635 -18770
7428 9697 -18810
7429 9713 -18862
7430 9747 -18990
7431 9731 -18978
7432 9717 -18878
7433 9635 -18638
7434 9623 -18650
7435 9589 -18498
7436 9637 -18606
7437 9655 -18662
7438 9637 -18546
7439 9575 -18466
7440 9559 -18506
7441 9557 -18570
7442 9629 -18734
7443 9635 -18762
7444 9687 -18814
7445 9689 -18754
7446 9669 -18718
7447 9735 -18922
7448 9737 -18890
7449 9735 -18938
7450 9713 -18770
7451 9675 -18702
7452 9677 -18662
7453 9723 -18834
7454 9753 -18918
7455 9735 -18862
7456 9739 -18894
7457 9707 -18786
7458 9621 -18582
7459 9649 -18590
7460 9639 -18606
7461 9681 -18754
7462 9683 -18770
7463 9663 -18622
7464 9653 -18694
7465 9647 -18650
7466 9643 -18630
7467 9677 -18734
7468 9723 -18898
7469 9781 -18978
7470 9733 -18866
7471 9701 -18726
7472 9763 -18938
7473 9759 -18946
7474 9735 -18906
7475 9733 -18866
7476 9689 -18758
7477 9677 -18770
7478 9633 -18634
7479 9673 -18750
7480 9621 -18558
7481 9693 -18790
7482 9715 -18802
7483 9695 -18782
7484 9705 -18786
7485 9705 -18762
7486 9633 -18586
7487 9671 -18734
7488 9761 -18970
7489 9771 -18958
7490 9751 -18878
7491 9785 -19006
7492 9785 -18958
7493 9707 -18754
7494 9747 -18870
7495 9773 -18934
7496 9843 -19118
7497 9753 -18942
7498 9763 -18970
7499 9733 -18894
7500 9691 -18746
7501 9737 -18878
7502 9773 -19018
7503 9761 -18966
7504 9759 -18930
7505 9715 -18786
7506 9723 -18790
7507 9733 -18822
7508 9779 -18958
7509 9713 -18806
7510 9731 -18846
7511 9697 -18762
7512 9677 -18702
7513 9621 -18646
7514 9653 -18662
7515 9693 -18770
7516 9715 -18910
7517 9681 -18894
7518 9741 -18954
7519 9703 -18746
7520 9699 -18742
7521 9777 -18934
7522 9725 -18870
7523 9691 -18754
7524 9647 -18606
7525 9709 -18874
7526 9703 -18782
7527 9735 -18910
7528 9719 -18886
7529 9715 -18810
7530 9743 -18906
7531 9677 -18846
7532 9697 -18798
7533 9717 -18802
7534 9697 -18702
7535 9699 -18730
7536 9765 -18970
7537 9787 -18974
7538 9803 -19034
7539 9727 -18882
7540 9735 -18834
7541 9771 -18922
7542 9755 -18826
7543 9763 -18938
7544 9725 -18782
7545 9745 -18866
7546 9677 -18706
7547 9601 -18482
7548 9657 -18622
7549 9693 -18710
7550 9743 -18806
7551 9661 -18562
7552 9613 -18554
7553 9685 -18814
7554 9691 -18834
7555 9731 -18838
7556 9723 -18830
7557 9741 -18830
7558 9741 -18866
7559 9717 -18810
7560 9679 -18706
7561 9663 -18654
7562 9723 -18826
7563 9701 -18766
7564 9739 -18902
7565 9743 -18906
7566 9747 -18890
7567 9707 -18794
7568 9713 -18742
7569 9689 -18722
7570 9767 -18946
7571 9769 -18938
7572 9733 -18810
7573 9705 -18794
7574 9625 -18634
7575 9601 -18630
7576 9579 -18550
7577 9501 -18318
7578 9507 -18334
7579 9639 -18646
7580 9617 -18582
7581 9587 -18578
7582 9593 -18558
7583 9699 -18818
7584 9755 -18926
7585 9745 -18866
7586 9737 -18858
7587 9697 -18710
7588 9607 -18510
7589 9617 -18630
7590 9555 -18510
7591 9677 -18742
7592 9711 -18818
7593 9691 -18790
7594 9667 -18690
7595 9691 -18766
7596 9683 -18662
7597 9689 -18718
7598 9749 -18934
7599 9731 -18842
7600 9731 -18842
7601 9663 -18674
7602 9679 -18710
7603 9665 -18746
7604 9647 -18590
7605 9681 -18746
7606 9717 -18834
7607 9647 -18610
7608 9639 -18642
7609 9671 -18718
7610 9637 -18646
7611 9627 -18646
7612 9609 -18586
7613 9649 -18670
7614 9655 -18742
7615 9631 -18642
7616 9655 -18662
7617 9683 -18846
7618 9645 -18702
7619 9711 -18826
7620 9725 -18902
7621 9725 -18866
7622 9725 -18890
7623 9703 -18786
7624 9771 -18958
7625 9727 -18854
7626 9677 -18742
7627 9619 -18570
7628 9629 -18550
7629 9671 -18742
7630 9629 -18622
7631 9677 -18694
7632 9619 -18490
7633 9617 -18614
7634 9603 -18570
7635 9679 -18814
7636 9745 -18878
7637 9739 -18914
7638 9705 -18778
7639 9689 -18690
7640 9683 -18690
7641 9693 -18726
7642 9753 -18878
7643 9755 -18938
7644 9713 -18782
7645 9699 -18742
7646 9723 -18838
7647 9683 -18726
7648 9665 -18658
7649 9711 -18826
7650 9699 -18842
7651 9731 -18866
7652 9665 -18706
7653 9671 -18714
7654 9695 -18738
7655 9671 -18714
7656 9687 -18746
7657 9657 -18638
7658 9685 -18762
7659 9661 -18658
7660 9649 -18650
7661 9703 -18826
7662 9739 -18954
7663 9773 -18990
7664 9761 -18874
7665 9741 -18878
7666 9697 -18754
7667 9707 -18714
7668 9693 -18730
7669 9699 -18722
7670 9689 -18706
7671 9605 -18478
7672 9661 -18678
7673 9723 -18774
7674 9735 -18858
7675 9753 -18930
7676 9765 -18962
7677 9751 -18978
7678 9715 -18802
7679 9689 -18782
7680 9731 -18834
7681 9737 -18918
7682 9775 -18982
7683 9711 -18790
7684 9667 -18698
7685 9647 -18642
7686 9727 -18850
7687 9737 -18878
7688 9719 -18794
7689 9769 -18986
7690 9691 -18786
7691 9677 -18654
7692 9755 -18854
7693 9781 -18978
7694 9775 -18938
7695 9719 -18834
7696 9731 -18894
7697 9713 -18850
7698 9709 -18874
7699 9787 -19094
7700 9731 -18894
7701 9737 -18890
7702 9705 -18774
7703 9737 -18886
7704 9747 -18842
7705 9681 -18722
7706 9633 -18638
7707 9681 -18730
7708 9643 -18638
7709 9693 -18898
7710 9717 -18878
7711 9715 -18806
7712 9733 -18870
7713 9715 -18822
7714 9727 -18862
7715 9785 -19010
7716 9743 -18878
7717 9665 -18710
7718 9705 -18746
7719 9659 -18614
7720 9695 -18794
7721 9621 -18606
7722 9607 -18506
7723 9677 -18754
7724 9677 -18770
7725 9753 -18910
7726 9723 -18862
7727 9647 -18638
7728 9643 -18642
7729 9607 -18554
7730 9601 -18550
7731 9635 -18594
7732 9689 -18750
7733 9655 -18698
7734 9667 -18738
7735 9603 -18566
7736 9595 -18538
7737 9599 -18570
7738 9599 -18522
7739 9559 -18550
7740 9561 -18518
7741 9555 -18550
7742 9571 -18546
7743 9543 -18390
7744 9625 -18642
7745 9603 -18622
7746 9673 -18750
7747 9643 -18690
7748 9681 -18762
7749 9693 -18858
7750 9727 -18906
7751 9731 -18930
7752 9769 -19002
7753 9693 -18750
7754 9649 -18650
7755 9709 -18830
7756 9683 -18714
7757 9701 -18734
7758 9709 -18786
7759 9709 -18742
7760 9683 -18734
7761 9621 -18546
7762 9635 -18618
7763 9653 -18630
7764 9709 -18790
7765 9685 -18778
7766 9661 -18686
7767 9683 -18786
7768 9669 -18710
7769 9759 -18982
7770 9707 -18846
7771 9677 -18714
7772 9735 -18870
7773 9667 -18706
7774 9717 -18798
7775 9675 -18738
7776 9667 -18714
7777 9727 -18866
7778 9757 -18890
7779 9757 -18910
7780 9703 -18778
7781 9699 -18710
7782 9705 -18798
7783 9715 -18878
7784 9757 -18954
7785 9713 -18790
7786 9751 -18958
7787 9777 -19030
7788 9803 -19022
7789 9751 -18914
7790 9759 -18890
7791 9723 -18882
7792 9679 -18742
7793 9575 -18474
7794 9619 -18586
7795 9607 -18594
7796 9645 -18758
7797 9617 -18602
7798 9623 -18558
7799 9641 -18614
7800 9703 -18838
7801 9679 -18774
7802 9627 -18642
7803 9651 -18722
7804 9677 -18710
7805 9675 -18746
7806 9659 -18710
7807 9713 -18842
7808 9629 -18758
7809 9597 -18722
7810 9581 -18650
7811 9629 -18710
7812 9631 -18730
7813 9665 -18830
7814 9635 -18690
7815 9593 -18650
7816 9545 -18534
7817 9517 -18366
7818 9543 -18418
7819 9605 -18570
7820 9661 -18730
7821 9587 -18510
7822 9619 -18558
7823 9651 -18706
7824 9641 -18590
7825 9637 -18654
7826 9679 -18678
7827 9747 -18870
7828 9723 -18834
7829 9741 -18906
7830 9681 -18738
7831 9721 -18858
7832 9653 -18638
7833 9667 -18650
7834 9679 -18706
7835 9693 -18722
7836 9663 -18650
7837 9715 -18730
7838 9749 -18862
7839 9791 -18998
7840 9785 -19018
7841 9763 -18966
7842 9719 -18834
7843 9677 -18698
7844 9685 -18718
7845 9739 -18898
7846 9725 -18830
7847 9661 -18670
7848 9671 -18666
7849 9681 -18722
7850 9693 -18766
7851 9705 -18814
7852 9707 -18714
7853 9695 -18710
7854 9647 -18698
7855 9735 -18830
7856 9709 -18810
7857 9645 -18630
7858 9669 -18714
7859 9737 -18834
7860 9761 -18898
7861 9759 -18982
7862 9745 -19006
7863 9715 -18922
7864 9673 -18838
7865 9711 -18874
7866 9703 -18778
7867 9713 -18830
7868 9719 -18798
7869 9687 -18714
7870 9745 -18898
7871 9771 -18906
7872 9697 -18798
7873 9647 -18762
7874 9667 -18762
7875 9689 -18862
7876 9639 -18702
7877 9621 -18610
7878 9581 -18514
7879 9595 -18538
7880 9667 -18722
7881 9683 -18718
7882 9697 -18726
7883 9745 -18986
7884 9731 -18938
7885 9665 -18762
7886 9729 -18822
7887 9745 -18802
7888 9785 -18938
7889 9759 -18874
7890 9703 -18782
7891 9675 -18730
7892 9743 -18914
7893 9691 -18742
7894 9661 -18722
7895 9737 -18878
7896 9721 -18830
7897 9761 -18962
7898 9723 -18790
7899 9687 -18766
7900 9721 -18854
7901 9659 -18702
7902 9663 -18694
7903 9685 -18702
7904 9709 -18754
7905 9679 -18718
7906 9699 -18830
7907 9699 -18770
7908 9691 -18726
7909 9731 -18894
7910 9683 -18766
7911 9697 -18770
7912 9687 -18790
7913 9721 -18854
7914 9685 -18778
7915 9659 -18686
7916 9677 -18762
7917 9647 -18634
7918 9637 -18638
7919 9701 -18770
7920 9667 -18742
7921 9707 -18826
7922 9709 -18830
7923 9675 -18758
7924 9733 -18962
7925 9717 -18826
7926 9723 -18830
7927 9731 -18834
7928 9733 -18870
7929 9719 -18838
7930 9743 -18910
7931 9717 -18858
7932 9723 -18906
7933 9669 -18718
7934 9637 -18650
7935 9641 -18690
7936 9665 -18698
7937 9641 -18666
7938 9631 -18666
7939 9661 -18746
7940 9671 -18738
7941 9611 -18578
7942 9647 -18654
7943 9667 -18738
7944 9623 -18622
7945 9649 -18586
7946 9609 -18538
7947 9671 -18706
7948 9741 -18942
7949 9811 -19066
7950 9813 -19034
7951 9759 -18910
7952 9737 -18846
7953 9723 -18838
7954 9663 -18678
7955 9667 -18686
7956 9695 -18802
7957 9671 -18622
7958 9669 -18674
7959 9679 -18682
7960 9677 -18726
7961 9707 -18778
7962 9721 -18838
7963 9733 -18858
7964 9759 -18930
7965 9769 -18958
7966 9689 -18778
7967 9721 -18898
7968 9683 -18818
7969 9649 -18722
7970 9659 -18702
7971 9633 -18742
7972 9627 -18666
7973 9653 -18694
7974 9643 -18718
7975 9689 -18822
7976 9739 -18938
7977 9717 -18790
7978 9719 -18870
7979 9703 -18838
7980 9661 -18698
7981 9643 -18594
7982 9683 -18758
7983 9677 -18686
7984 9687 -18750
7985 9683 -18706
7986 9709 -18810
7987 9737 -18834
7988 9745 -18842
7989 9759 -18942
7990 9795 -19050
7991 9745 -18902
7992 9779 -18974
7993 9729 -18866
7994 9739 -18910
7995 9691 -18730
7996 9691 -18790
7997 9667 -18698
7998 9661 -18662
7999 9741 -18922
8000 9665 -18706
8001 9631 -18570
8002 9625 -18582
8003 9669 -18706
8004 9647 -18698
8005 9669 -18718
8006 9591 -18522
8007 9583 -18478
8008 9631 -18618
8009 9613 -18542
8010 9647 -18722
8011 9665 -18742
8012 9643 -18694
8013 9647 -18758
8014 9589 -18590
8015 9601 -18530
8016 9663 -18654
8017 9619 -18598
8018 9601 -18590
8019 9601 -18466
8020 9683 -18718
8021 9713 -18850
8022 9677 -18690
8023 9731 -18822
8024 9715 -18754
8025 9717 -18794
8026 9729 -18862
8027 9737 -18926
8028 9739 -18906
8029 9739 -18878
8030 9769 -18946
8031 9823 -19094
8032 9735 -18826
8033 9669 -18650
8034 9655 -18590
8035 9615 -18582
8036 9695 -18758
8037 9731 -18866
8038 9709 -18806
8039 9715 -18794
8040 9717 -18838
8041 9681 -18706
8042 9735 -18846
8043 9731 -18882
8044 9763 -18914
8045 9729 -18830
8046 9711 -18854
8047 9629 -18570
8048 9637 -18642
8049 9697 -18726
8050 9691 -18730
8051 9691 -18770
8052 9729 -18906
8053 9725 -18838
8054 9741 -18890
8055 9765 -18962
8056 9753 -18966
8057 9735 -18898
8058 9697 -18846
8059 9741 -18970
8060 9705 -18758
8061 9661 -18726
8062 9645 -18610
8063 9633 -18698
8064 9671 -18674
8065 9701 -18818
8066 9667 -18734
8067 9655 -18678
8068 9657 -18726
8069 9697 -18766
8070 9703 -18734
8071 9653 -18578
8072 9707 -18802
8073 9663 -18698
8074 9731 -18774
8075 9767 -18902
8076 9763 -18870
8077 9729 -18834
8078 9761 -18982
8079 9687 -18762
8080 9739 -18886
8081 9661 -18758
8082 9667 -18674
8083 9641 -18614
8084 9667 -18678
8085 9731 -18842
8086 9683 -18726
8087 9669 -18710
8088 9603 -18434
8089 9639 -18602
8090 9705 -18842
8091 9679 -18726
8092 9689 -18766
8093 9747 -18938
8094 9737 -18942
8095 9711 -18798
8096 9677 -18722
8097 9701 -18830
8098 9679 -18698
8099 9685 -18734
8100 9703 -18774
8101 9727 -18858
8102 9709 -18842
8103 9641 -18582
8104 9703 -18814
8105 9753 -18882
8106 9739 -18782
8107 9621 -18498
8108 9703 -18726
8109 9761 -18966
8110 9703 -18822
8111 9705 -18862
8112 9705 -18782
8113 9725 -18762
8114 9741 -18866
8115 9705 -18754
8116 9699 -18818
8117 9667 -18766
8118 9679 -18758
8119 9615 -18678
8120 9621 -18582
8121 9725 -18850
8122 9703 -18762
8123 9727 -18882
8124 9763 -19022
8125 9751 -19006
8126 9717 -18846
8127 9729 -18870
8128 9741 -18942
8129 9699 -18798
8130 9673 -18646
8131 9651 -18650
8132 9691 -18694
8133 9663 -18738
8134 9629 -18634
8135 9685 -18798
8136 9705 -18814
8137 9719 -18810
8138 9753 -18898
8139 9677 -18678
8140 9723 -18806
8141 9727 -18842
8142 9713 -18826
8143 9719 -18822
8144 9703 -18862
8145 9737 -18942
8146 9699 -18778
8147 9755 -18910
8148 9723 -18810
8149 9749 -18930
8150 9743 -18874
8151 9761 -18886
8152 9777 -18930
8153 9799 -19042
8154 9759 -18890
8155 9815 -19038
8156 9781 -18938
8157 9773 -18922
8158 9791 -19066
8159 9779 -18946
8160 9825 -19122
8161 9753 -18942
8162 9769 -18982
8163 9701 -18706
8164 9731 -18930
8165 9717 -18826
8166 9641 -18550
8167 9663 -18670
8168 9701 -18758
8169 9687 -18722
8170 9653 -18610
8171 9643 -18594
8172 9599 -18514
8173 9647 -18750
8174 9707 -18854
8175 9693 -18766
8176 9743 -18902
8177 9755 -18966
8178 9709 -18846
8179 9637 -18594
8180 9699 -18786
8181 9711 -18774
8182 9745 -18874
8183 9711 -18734
8184 9749 -18830
8185 9703 -18718
8186 9751 -18866
8187 9717 -18858
8188 9659 -18654
8189 9671 -18670
8190 9675 -18766
8191 9711 -18782
8192 9743 -18910
8193 9715 -18882
8194 9689 -18722
8195 9661 -18638
8196 9743 -18874
8197 9743 -18854
8198 9725 -18902
8199 9695 -18814
8200 9669 -18786
8201 9679 -18742
8202 9715 -18838
8203 9647 -18702
8204 9623 -18626
8205 9661 -18666
8206 9669 -18734
8207 9687 -18738
8208 9731 -18902
8209 9737 -18906
8210 9725 -18842
8211 9701 -18818
8212 9637 -18642
8213 9657 -18718
8214 9637 -18582
8215 9677 -18650
8216 9739 -18866
8217 9743 -18846
8218 9757 -18906
8219 9747 -18910
8220 9723 -18882
8221 9755 -18934
8222 9747 -18898
8223 9715 -18810
8224 9681 -18666
8225 9719 -18810
8226 9717 -18814
8227 9717 -18814
8228 9725 -18830
8229 9777 -18946
8230 9799 -19054
8231 9757 -18946
8232 9765 -18950
8233 9711 -18766
8234 9701 -18710
8235 9767 -18966
8236 9769 -18998
8237 9825 -19114
8238 9799 -19074
8239 9767 -19006
8240 9771 -18926
8241 9761 -18910
8242 9707 -18778
8243 9751 -18898
8244 9799 -19078
8245 9785 -18990
8246 9709 -18790
8247 9661 -18614
8248 9721 -18762
8249 9787 -18998
8250 9771 -18882
8251 9745 -18798
8252 9807 -19042
8253 9695 -18698
8254 9719 -18842
8255 9717 -18854
8256 9695 -18738
8257 9653 -18622
8258 9657 -18746
8259 9577 -18514
8260 9593 -18578
8261 9525 -18446
8262 9499 -18318
8263 9583 -18578
8264 9569 -18590
8265 9537 -18462
8266 9559 -18518
8267 9585 -18514
8268 9559 -18490
8269 9647 -18718
8270 9691 -18746
8271 9609 -18550
8272 9659 -18654
8273 9679 -18618
8274 9751 -18854
8275 9773 -18910
8276 9751 -18918
8277 9733 -18870
8278 9655 -18658
8279 9695 -18798
8280 9701 -18818
8281 9665 -18670
8282 9663 -18702
8283 9729 -18890
8284 9705 -18854
8285 9685 -18866
8286 9671 -18718
8287 9661 -18754
8288 9625 -18738
8289 9647 -18774
8290 9653 -18774
8291 9647 -18690
8292 9689 -18790
8293 9637 -18678
8294 9669 -18670
8295 9679 -18758
8296 9693 -18726
8297 9703 -18766
8298 9753 -18934
8299 9743 -18894
8300 9681 -18690
8301 9739 -18834
8302 9681 -18626
8303 9667 -18606
8304 9643 -18610
8305 9681 -18694
8306 9639 -18582
8307 9713 -18814
8308 9755 -18958
8309 9745 -18930
8310 9775 -19030
8311 9701 -18874
8312 9673 -18714
8313 9697 -18754
8314 9665 -18666
8315 9651 -18610
8316 9697 -18690
8317 9783 -18962
8318 9757 -18950
8319 9735 -18806
8320 9713 -18746
8321 9717 -18806
8322 9665 -18662
8323 9657 -18694
8324 9723 -18882
8325 9781 -19078
8326 9757 -18946
8327 9765 -18898
8328 9769 -18930
8329 9797 -19050
8330 9767 -18942
8331 9767 -18950
8332 9697 -18774
8333 9693 -18778
8334 9743 -18938
8335 9735 -18890
8336 9745 -18902
8337 9729 -18886
8338 9753 -19034
8339 9731 -18938
8340 9721 -18902
8341 9723 -18906
8342 9775 -19018
8343 9721 -18842
8344 9669 -18698
8345 9691 -18766
8346 9703 -18822
8347 9679 -18746
8348 9667 -18694
8349 9669 -18750
8350 9677 -18734
8351 9633 -18618
8352 9685 -18694
8353 9703 -18786
8354 9725 -18842
8355 9667 -18714
8356 9627 -18678
8357 9639 -18598
8358 9711 -18806
8359 9717 -18838
8360 9695 -18778
8361 9705 -18818
8362 9769 -18938
8363 9755 -18930
8364 9711 -18846
8365 9665 -18710
8366 9677 -18666
8367 9733 -18858
8368 9771 -18986
8369 9767 -18938
8370 9689 -18650
8371 9711 -18786
8372 9735 -18858
8373 9763 -18902
8374 9783 -18970
8375 9723 -18826
8376 9747 -18862
8377 9739 -18810
8378 9781 -18958
8379 9811 -19070
8380 9781 -19014
8381 9699 -18762
8382 9675 -18742
8383 9675 -18702
8384 9621 -18606
8385 9657 -18714
8386 9659 -18702
8387 9619 -18606
8388 9631 -18642
8389 9617 -18586
8390 9693 -18730
8391 9721 -18798
8392 9743 -18906
8393 9747 -18974
8394 9691 -18770
8395 9597 -18542
8396 9669 -18662
8397 9667 -18642
8398 9661 -18718
8399 9661 -18718
8400 9657 -18658
8401 9653 -18642
8402 9655 -18698
8403 9645 -18694
8404 9703 -18830
8405 9677 -18738
8406 9685 -18726
8407 9703 -18730
8408 9731 -18886
8409 9695 -18734
8410 9745 -18930
8411 9811 -19018
8412 9725 -18830
8413 9723 -18850
8414 9789 -18974
8415 9733 -18770
8416 9729 -18802
8417 9745 -18902
8418 9755 -18922
8419 9751 -18902
8420 9797 -18994
8421 9685 -18750
8422 9755 -18910
8423 9751 -18862
8424 9723 -18854
8425 9733 -18854
8426 9697 -18774
8427 9691 -18730
8428 9639 -18586
8429 9655 -18702
8430 9721 -18938
8431 9701 -18926
8432 9715 -18978
8433 9701 -18906
8434 9651 -18738
8435 9657 -18734
8436 9673 -18682
8437 9651 -18578
8438 9607 -18522
8439 9631 -18606
8440 9595 -18598
8441 9601 -18538
8442 9641 -18738
8443 9615 -18718
8444 9607 -18718
8445 9605 -18654
8446 9661 -18666
8447 9669 -18718
8448 9675 -18718
8449 9693 -18778
8450 9711 -18770
8451 9741 -18826
8452 9747 -18922
8453 9643 -18666
8454 9561 -18438
8455 9565 -18482
8456 9617 -18582
8457 9611 -18642
8458 9675 -18802
8459 9657 -18742
8460 9707 -18874
8461 9631 -18654
8462 9661 -18714
8463 9601 -18650
8464 9619 -18698
8465 9637 -18590
8466 9623 -18622
8467 9615 -18630
8468 9649 -18786
8469 9709 -18946
8470 9637 -18614
8471 9613 -18618
8472 9675 -18754
8473 9713 -18906
8474 9693 -18918
8475 9705 -18926
8476 9659 -18770
8477 9683 -18910
8478 9741 -18982
8479 9737 -18914
8480 9693 -18834
8481 9683 -18742
8482 9707 -18782
8483 9681 -18742
8484 9731 -18910
8485 9741 -18918
8486 9687 -18726
8487 9673 -18734
8488 9695 -18790
8489 9683 -18714
8490 9687 -18718
8491 9711 -18798
8492 9695 -18710
8493 9717 -18774
8494 9723 -18802
8495 9729 -18838
8496 9703 -18722
8497 9627 -18534
8498 9685 -18658
8499 9683 -18694
8500 9641 -18662
8501 9649 -18714
8502 9619 -18594
8503 9607 -18558
8504 9583 -18510
8505 9599 -18466
8506 9649 -18622
8507 9693 -18766
8508 9699 -18774
8509 9753 -18914
8510 9805 -19022
8511 9815 -19098
8512 9785 -19054
8513 9783 -18990
8514 9755 -18942
8515 9697 -18718
8516 9685 -18678
8517 9733 -18846
8518 9745 -18914
8519 9757 -18870
8520 9753 -18926
8521 9713 -18774
8522 9685 -18706
8523 9681 -18682
8524 9709 -18866
8525 9719 -18882
8526 9665 -18746
8527 9697 -18826
8528 9679 -18758
8529 9705 -18806
8530 9703 -18786
8531 9725 -18902
8532 9685 -18810
8533 9691 -18766
8534 9663 -18638
8535 9701 -18826
8536 9699 -18690
8537 9705 -18766
8538 9701 -18794
8539 9729 -18870
8540 9741 -18890
8541 9759 -18858
8542 9699 -18750
8543 9707 -18778
8544 9691 -18754
8545 9613 -18506
8546 9633 -18570
8547 9619 -18502
8548 9687 -18706
8549 9719 -18842
8550 9695 -18810
8551 9657 -18630
8552 9673 -18770
8553 9693 -18774
8554 9665 -18730
8555 9639 -18646
8556 9621 -18566
8557 9675 -18718
8558 9669 -18734
8559 9679 -18750
8560 9669 -18754
8561 9657 -18730
8562 9653 -18730
8563 9657 -18786
8564 9637 -18766
8565 9607 -18634
8566 9627 -18774
8567 9547 -18526
8568 9599 -18666
8569 9647 -18806
8570 9619 -18654
8571 9683 -18842
8572 9685 -18806
8573 9615 -18762
8574 9615 -18698
8575 9619 -18718
8576 9607 -18630
8577 9621 -18722
8578 9655 -18738
8579 9651 -18650
8580 9655 -18678
8581 9737 -18946
8582 9793 -19086
8583 9779 -18954
8584 9707 -18858
8585 9661 -18734
8586 9657 -18658
8587 9665 -18738
8588 9675 -18786
8589 9667 -18774
8590 9697 -18762
8591 9719 -18822
8592 9699 -18702
8593 9747 -18858
8594 9761 -18962
8595 9747 -18906
8596 9763 -18958
8597 9777 -19018
8598 9781 -19030
8599 9773 -18982
8600 9689 -18730
8601 9721 -18882
8602 9679 -18774
8603 9729 -18954
8604 9659 -18714
8605 9727 -18926
8606 9735 -18910
8607 9737 -18858
8608 9649 -18686
8609 9695 -18662
8610 9733 -18854
8611 9771 -18986
8612 9817 -19086
8613 9787 -19026
8614 9751 -18922
8615 9753 -18938
8616 9729 -18842
8617 9739 -18834
8618 9753 -18854
8619 9717 -18818
8620 9727 -18886
8621 9737 -18858
8622 9695 -18802
8623 9701 -18814
8624 9729 -18862
8625 9749 -18922
8626 9757 -18930
8627 9721 -18910
8628 9687 -18838
8629 9609 -18574
8630 9629 -18746
8631 9707 -18850
8632 9643 -18742
8633 9611 -18514
8634 9673 -18734
8635 9677 -18614
8636 9745 -18878
8637 9705 -18778
8638 9643 -18682
8639 9639 -18678
8640 9663 -18734
8641 9637 -18722
8642 9665 -18730
8643 9573 -18538
8644 9611 -18646
8645 9561 -18418
8646 9571 -18490
8647 9639 -18654
8648 9667 -18622
8649 9677 -18682
8650 9725 -18894
8651 9739 -18850
8652 9763 -18982
8653 9749 -18870
8654 9709 -18786
8655 9739 -18838
8656 9777 -18942
8657 9727 -18778
8658 9731 -18818
8659 9705 -18750
8660 9777 -18998
8661 9811 -19066
8662 9807 -19078
8663 9749 -18894
8664 9757 -18990
8665 9769 -18958
8666 9817 -19078
8667 9755 -18902
8668 9745 -18902
8669 9815 -19058
8670 9795 -19010
8671 9825 -19098
8672 9795 -18998
8673 9739 -18878
8674 9759 -18938
8675 9737 -18854
8676 9751 -18914
8677 9733 -18842
8678 9729 -18806
8679 9735 -18810
8680 9643 -18642
8681 9675 -18722
8682 9699 -18822
8683 9725 -18866
8684 9713 -18854
8685 9689 -18754
8686 9735 -18894
8687 9697 -18782
8688 9641 -18606
8689 9743 -18870
8690 9731 -18798
8691 9731 -18850
8692 9713 -18742
8693 9749 -18898
8694 9733 -18806
8695 9695 -18666
8696 9749 -18922
8697 9763 -18934
8698 9783 -18970
8699 9727 -18834
8700 9719 -18818
8701 9711 -18818
8702 9741 -18878
8703 9737 -18810
8704 9679 -18702
8705 9669 -18666
8706 9711 -18826
8707 9727 -18902
8708 9725 -18870
8709 9697 -18806
8710 9699 -18814
8711 9681 -18818
8712 9695 -18790
8713 9727 -18850
8714 9715 -18826
8715 9713 -18822
8716 9763 -18930
8717 9717 -18766
8718 9673 -18678
8719 9713 -18826
8720 9767 -18930
8721 9675 -18690
8722 9681 -18670
8723 9717 -18762
8724 9693 -18770
8725 9737 -18946
8726 9685 -18814
8727 9719 -18766
8728 9791 -18998
8729 9793 -19022
8730 9761 -18942
8731 9757 -18914
8732 9747 -18898
8733 9727 -18826
8734 9657 -18634
8735 9715 -18802
8736 9671 -18678
8737 9645 -18598
8738 9617 -18426
8739 9663 -18658
8740 9707 -18806
8741 9659 -18782
8742 9681 -18814
8743 9709 -18826
8744 9739 -18914
8745 9707 -18830
8746 9701 -18794
8747 9661 -18694
8748 9725 -18858
8749 9733 -18942
8750 9747 -18966
8751 9753 -19018
8752 9681 -18758
8753 9733 -18866
8754 9733 -18878
8755 9737 -18910
8756 9709 -18842
8757 9663 -18634
8758 9687 -18694
8759 9699 -18774
8760 9669 -18726
8761 9665 -18682
8762 9645 -18698
8763 9673 -18794
8764 9659 -18746
8765 9663 -18666
8766 9659 -18618
8767 9675 -18674
8768 9747 -18922
8769 9725 -18934
8770 9763 -19014
8771 9799 -19070
8772 9799 -19102
8773 9805 -19110
8774 9753 -18914
8775 9719 -18834
8776 9669 -18750
8777 9685 -18734
8778 9651 -18658
8779 9653 -18738
8780 9729 -18918
8781 9663 -18746
8782 9613 -18606
8783 9551 -18450
8784 9611 -18506
8785 9705 -18750
8786 9669 -18722
8787 9705 -18770
8788 9719 -18834
8789 9697 -18750
8790 9679 -18698
8791 9637 -18650
8792 9735 -18910
8793 9763 -18942
8794 9731 -18882
8795 9693 -18790
8796 9685 -18778
8797 9689 -18786
8798 9667 -18738
8799 9599 -18534
8800 9655 -18622
8801 9669 -18694
8802 9709 -18846
8803 9745 -18954
8804 9727 -18862
8805 9687 -18798
8806 9655 -18750
8807 9713 -18842
8808 9733 -18858
8809 9765 -19010
8810 9773 -18986
8811 9787 -19010
8812 9793 -18994
8813 9751 -18902
8814 9683 -18746
8815 9759 -18930
8816 9715 -18834
8817 9637 -18690
8818 9677 -18802
8819 9775 -19026
8820 9771 -18978
8821 9773 -18934
8822 9771 -19010
8823 9787 -19066
8824 9735 -18902
8825 9697 -18806
8826 9665 -18722
8827 9667 -18710
8828 9697 -18798
8829 9695 -18798
8830 9713 -18818
8831 9725 -18870
8832 9727 -18850
8833 9803 -19094
8834 9769 -18942
8835 9755 -18862
8836 9751 -18934
8837 9699 -18738
8838 9689 -18754
8839 9735 -18846
8840 9709 -18758
8841 9705 -18722
8842 9707 -18778
8843 9707 -18778
8844 9685 -18722
8845 9681 -18650
8846 9623 -18570
8847 9629 -18650
8848 9707 -18830
8849 9683 -18742
8850 9695 -18714
8851 9677 -18718
8852 9749 -18878
8853 9745 -18894
8854 9757 -18962
8855 9727 -18866
8856 9703 -18846
8857 9673 -18730
8858 9637 -18630
8859 9611 -18558
8860 9675 -18670
8861 9663 -18670
8862 9623 -18602
8863 9675 -18774
8864 9725 -18842
8865 9709 -18890
8866 9725 -18838
8867 9739 -18902
8868 9753 -18934
8869 9709 -18846
8870 9667 -18758
8871 9681 -18758
8872 9679 -18706
8873 9699 -18742
8874 9687 -18786
8875 9683 -18754
8876 9725 -18790
8877 9731 -18838
8878 9747 -18882
8879 9719 -18782
8880 9721 -18758
8881 9727 -18846
8882 9715 -18830
8883 9661 -18678
8884 9603 -18558
8885 9647 -18714
8886 9653 -18698
8887 9661 -18750
8888 9715 -18874
8889 9723 -18874
8890 9719 -18882
8891 9725 -18830
8892 9677 -18782
8893 9671 -18758
8894 9671 -18762
8895 9613 -18606
8896 9617 -18670
8897 9643 -18782
8898 9671 -18822
8899 9629 -18670
8900 9625 -18642
8901 9597 -18542
8902 9609 -18582
8903 9669 -18734
8904 9651 -18738
8905 9641 -18638
8906 9663 -18778
8907 9705 -18846
8908 9739 -18966
8909 9747 -18994
8910 9683 -18786
8911 9697 -18798
8912 9695 -18798
8913 9657 -18686
8914 9687 -18798
8915 9659 -18610
8916 9685 -18750
8917 9665 -18706
8918 9679 -18762
8919 9661 -18650
8920 9643 -18610
8921 9707 -18834
8922 9625 -18626
8923 9575 -18546
8924 9649 -18670
8925 9677 -18798
8926 9679 -18794
8927 9653 -18682
8928 9701 -18766
8929 9717 -18802
8930 9719 -18786
8931 9755 -18906
8932 9783 -18994
8933 9741 -18906
8934 9743 -18878
8935 9765 -18938
8936 9699 -18718
8937 9673 -18706
8938 9661 -18650
8939 9727 -18798
8940 9737 -18826
8941 9721 -18830
8942 9745 -18930
8943 9703 -18794
8944 9677 -18674
8945 9671 -18714
8946 9657 -18678
8947 9683 -18766
8948 9697 -18722
8949 9703 -18782
8950 9617 -18558
8951 9663 -18670
8952 9715 -18842
8953 9711 -18790
8954 9683 -18698
8955 9721 -18854
8956 9785 -19002
8957 9709 -18762
8958 9703 -18774
8959 9681 -18690
8960 9683 -18730
8961 9717 -18846
8962 9701 -18806
8963 9749 -18946
8964 9777 -18978
8965 9775 -18990
8966 9683 -18810
8967 9693 -18818
8968 9609 -18594
8969 9593 -18530
8970 9659 -18726
8971 9725 -18826
8972 9697 -18726
8973 9711 -18794
8974 9745 -18874
8975 9811 -19098
8976 9791 -19010
8977 9769 -18918
8978 9721 -18834
8979 9713 -18806
8980 9715 -18846
8981 9693 -18762
8982 9677 -18750
8983 9649 -18678
8984 9609 -18526
8985 9689 -18746
8986 9659 -18710
8987 9693 -18734
8988 9689 -18698
8989 9673 -18710
8990 9693 -18834
8991 9689 -18778
8992 9697 -18774
8993 9663 -18746
8994 9689 -18750
8995 9671 -18718
8996 9647 -18678
8997 9583 -18562
8998 9633 -18598
8999 9693 -18794
9000 9649 -18666
9001 9685 -18750
9002 9675 -18662
9003 9669 -18698
9004 9645 -18586
9005 9627 -18558
9006 9667 -18722
9007 9699 -18710
9008 9665 -18554
9009 9709 -18814
9010 9719 -18870
9011 9691 -18850
9012 9705 -18850
9013 9723 -18886
9014 9707 -18810
9015 9715 -18878
9016 9649 -18734
9017 9633 -18574
9018 9563 -18482
9019 9549 -18410
9020 9581 -18434
9021 9625 -18646
9022 9591 -18534
9023 9601 -18586
9024 9689 -18818
9025 9703 -18774
9026 9729 -18858
9027 9693 -18770
9028 9687 -18738
9029 9713 -18786
9030 9711 -18718
9031 9757 -18934
9032 9733 -18842
9033 9749 -18882
9034 9753 -18938
9035 9701 -18786
9036 9697 -18718
9037 9681 -18734
9038 9727 -18802
9039 9735 -18898
9040 9725 -18862
9041 9705 -18802
9042 9723 -18850
9043 9729 -18786
9044 9729 -18766
9045 9705 -18734
9046 9751 -18890
9047 9719 -18866
9048 9733 -18902
9049 9719 -18842
9050 9715 -18810
9051 9725 -18850
9052 9719 -18826
9053 9721 -18798
9054 9679 -18726
9055 9715 -18770
9056 9769 -18890
9057 9687 -18666
9058 9709 -18782
9059 9663 -18710
9060 9639 -18662
9061 9619 -18602
9062 9625 -18598
9063 9581 -18598
9064 9529 -18422
9065 9555 -18466
9066 9543 -18422
9067 9593 -18486
9068 9631 -18574
9069 9637 -18606
9070 9677 -18822
9071 9709 -18926
9072 9697 -18898
9073 9695 -18886
9074 9679 -18766
9075 9651 -18694
9076 9665 -18746
9077 9675 -18710
9078 9655 -18646
9079 9655 -18670
9080 9651 -18722
9081 9579 -18610
9082 9649 -18694
9083 9637 -18686
9084 9607 -18590
9085 9593 -18558
9086 9601 -18482
9087 9681 -18698
9088 9657 -18682
9089 9675 -18722
9090 9637 -18634
9091 9637 -18614
9092 9651 -18658
9093 9641 -18606
9094 9721 -18882
9095 9717 -18826
9096 9673 -18666
9097 9691 -18726
9098 9693 -18734
9099 9711 -18818
9100 9705 -18742
9101 9679 -18766
9102 9667 -18758
9103 9709 -18894
9104 9655 -18710
9105 9603 -18562
9106 9563 -18414
9107 9595 -18490
9108 9663 -18734
9109 9671 -18754
9110 9623 -18586
9111 9619 -18698
9112 9639 -18734
9113 9561 -18494
9114 9645 -18702
9115 9621 -18722
9116 9601 -18638
9117 9613 -18666
9118 9663 -18754
9119 9677 -18718
9120 9709 -18910
9121 9677 -18774
9122 9665 -18686
9123 9671 -18746
9124 9695 -18718
9125 9757 -18914
9126 9703 -18810
9127 9689 -18742
9128 9687 -18810
9129 9665 -18694
9130 9655 -18722
9131 9633 -18614
9132 9655 -18686
9133 9653 -18586
9134 9669 -18662
9135 9711 -18830
9136 9717 -18938
9137 9665 -18718
9138 9629 -18698
9139 9697 -18798
9140 9697 -18774
9141 9713 -18798
9142 9743 -18890
9143 9733 -18794
9144 9753 -18894
9145 9707 -18778
9146 9665 -18590
9147 9687 -18702
9148 9673 -18766
9149 9647 -18610
9150 9627 -18562
9151 9685 -18786
9152 9701 -18762
9153 9747 -18862
9154 9775 -18982
9155 9727 -18862
9156 9747 -18942
9157 9761 -18958
9158 9689 -18786
9159 9653 -18694
9160 9711 -18790
9161 9699 -18766
9162 9735 -18854
9163 9699 -18770
9164 9719 -18830
9165 9779 -18958
9166 9751 -18882
9167 9723 -18802
9168 9727 -18814
9169 9735 -18810
9170 9705 -18770
9171 9727 -18838
9172 9689 -18722
9173 9693 -18730
9174 9685 -18698
9175 9745 -18870
9176 9707 -18734
9177 9721 -18894
9178 9695 -18794
9179 9703 -18774
9180 9717 -18838
9181 9693 -18726
9182 9699 -18730
9183 9785 -18994
9184 9759 -18898
9185 9709 -18850
9186 9735 -18898
9187 9783 -19030
9188 9749 -18882
9189 9733 -18902
9190 9663 -18762
9191 9645 -18682
9192 9621 -18646
9193 9711 -18838
9194 9693 -18794
9195 9659 -18658
9196 9715 -18778
9197 9717 -18842
9198 9643 -18598
9199 9673 -18654
9200 9657 -18546
9201 9725 -18818
9202 9707 -18786
9203 9691 -18738
9204 9695 -18674
9205 9743 -18850
9206 9701 -18742
9207 9703 -18846
9208 9721 -18838
9209 9711 -18802
9210 9707 -18762
9211 9735 -18874
9212 9661 -18702
9213 9619 -18534
9214 9647 -18678
9215 9587 -18514
9216 9645 -18630
9217 9669 -18718
9218 9647 -18670
9219 9643 -18638
9220 9669 -18794
9221 9671 -18754
9222 9671 -18778
9223 9675 -18858
9224 9631 -18702
9225 9663 -18794
9226 9661 -18770
9227 9627 -18634
9228 9683 -18818
9229 9709 -18790
9230 9737 -18854
9231 9689 -18754
9232 9645 -18602
9233 9715 -18846
9234 9705 -18802
9235 9725 -18822
9236 9681 -18698
9237 9735 -18814
9238 9757 -18894
9239 9699 -18714
9240 9733 -18818
9241 9731 -18858
9242 9723 -18842
9243 9663 -18686
9244 9691 -18758
9245 9669 -18730
9246 9719 -18870
9247 9707 -18886
9248 9663 -18754
9249 9737 -18938
9250 9729 -18922
9251 9695 -18794
9252 9707 -18782
9253 9709 -18766
9254 9715 -18822
9255 9669 -18714
9256 9627 -18562
9257 9653 -18666
9258 9735 -18810
9259 9771 -18894
9260 9755 -18858
9261 9705 -18810
9262 9711 -18778
9263 9715 -18834
9264 9681 -18710
9265 9689 -18774
9266 9725 -18798
9267 9719 -18850
9268 9729 -18874
9269 9745 -18946
9270 9729 -18902
9271 9773 -19038
9272 9721 -18906
9273 9711 -18934
9274 9759 -19006
9275 9659 -18750
9276 9613 -18638
9277 9639 -18630
9278 9663 -18682
9279 9693 -18742
9280 9663 -18742
9281 9659 -18710
9282 9675 -18754
9283 9605 -18574
9284 9615 -18622
9285 9627 -18626
9286 9675 -18738
9287 9753 -18930
9288 9713 -18958
9289 9753 -18946
9290 9743 -19002
9291 9697 -18866
9292 9625 -18622
9293 9631 -18590
9294 9617 -18550
9295 9667 -18750
9296 9639 -18606
9297 9681 -18674
9298 9665 -18778
9299 9711 -18806
9300 9653 -18742
9301 9663 -18770
9302 9665 -18674
9303 9659 -18662
9304 9701 -18766
9305 9655 -18702
9306 9685 -18850
9307 9655 -18666
9308 9619 -18622
9309 9673 -18702
9310 9611 -18638
9311 9651 -18654
9312 9705 -18858
9313 9741 -18886
9314 9659 -18682
9315 9611 -18622
9316 9599 -18682
9317 9579 -18458
9318 9655 -18714
9319 9649 -18770
9320 9697 -18850
9321 9693 -18802
9322 9681 -18834
9323 9743 -18902
9324 9695 -18822
9325 9707 -18806
9326 9703 -18854
9327 9721 -18826
9328 9729 -18902
9329 9723 -18846
9330 9745 -18910
9331 9723 -18866
9332 9739 -18898
9333 9703 -18722
9334 9753 -18858
9335 9767 -18894
9336 9763 -18890
9337 9821 -19090
9338 9763 -18906
9339 9733 -18874
9340 9697 -18730
9341 9705 -18742
9342 9641 -18678
9343 9687 -18734
9344 9697 -18778
9345 9737 -18810
9346 9777 -18950
9347 9691 -18706
9348 9657 -18674
9349 9685 -18770
9350 9705 -18770
9351 9709 -18778
9352 9763 -18958
9353 9727 -18878
9354 9727 -18846
9355 9753 -18922
9356 9719 -18806
9357 9741 -18946
9358 9737 -18866
9359 9755 -18898
9360 9781 -18974
9361 9715 -18862
9362 9703 -18826
9363 9707 -18782
9364 9645 -18650
9365 9611 -18546
9366 9653 -18690
9367 9653 -18666
9368 9593 -18526
9369 9675 -18690
9370 9701 -18786
9371 9745 -18886
9372 9739 -18858
9373 9683 -18754
9374 9643 -18594
9375 9671 -18718
9376 9725 -18870
9377 9711 -18794
9378 9683 -18686
9379 9613 -18482
9380 9669 -18738
9381 9683 -18770
9382 9671 -18690
9383 9699 -18778
9384 9745 -18802
9385 9733 -18802
9386 9739 -18862
9387 9717 -18802
9388 9695 -18782
9389 9679 -18706
9390 9721 -18870
9391 9737 -18894
9392 9685 -18778
9393 9621 -18598
9394 9643 -18666
9395 9635 -18614
9396 9563 -18454
9397 9629 -18586
9398 9655 -18718
9399 9637 -18718
9400 9611 -18594
9401 9659 -18722
9402 9673 -18814
9403 9673 -18826
9404 9573 -18562
9405 9643 -18746
9406 9653 -18786
9407 9685 -18902
9408 9659 -18798
9409 9639 -18742
9410 9667 -18758
9411 9639 -18638
9412 9613 -18638
9413 9705 -18806
9414 9753 -18918
9415 9673 -18682
9416 9675 -18686
9417 9699 -18818
9418 9713 -18790
9419 9713 -18874
9420 9655 -18706
9421 9697 -18762
9422 9707 -18858
9423 9705 -18822
9424 9737 -18966
9425 9649 -18742
9426 9677 -18670
9427 9709 -18802
9428 9653 -18658
9429 9605 -18514
9430 9687 -18698
9431 9693 -18814
9432 9733 -18878
9433 9695 -18714
9434 9723 -18818
9435 9715 -18862
9436 9673 -18726
9437 9705 -18830
9438 9677 -18858
9439 9715 -18874
9440 9727 -18878
9441 9729 -18950
9442 9715 -18898
9443 9719 -18910
9444 9739 -18946
9445 9717 -18846
9446 9721 -18910
9447 9715 -18886
9448 9675 -18786
9449 9649 -18706
9450 9609 -18626
9451 9609 -18578
9452 9531 -18502
9453 9567 -18602
9454 9553 -18562
9455 9547 -18650
9456 9495 -18354
9457 9569 -18578
9458 9585 -18754
9459 9575 -18622
9460 9629 -18758
9461 9521 -18558
9462 9495 -18434
9463 9549 -18634
9464 9587 -18622
9465 9643 -18778
9466 9599 -18586
9467 9591 -18594
9468 9619 -18698
9469 9661 -18754
9470 9617 -18610
9471 9617 -18582
9472 9661 -18754
9473 9683 -18774
9474 9683 -18726
9475 9665 -18702
9476 9679 -18662
9477 9679 -18774
9478 9735 -18846
9479 9799 -19042
9480 9789 -18998
9481 9771 -18998
9482 9721 -18846
9483 9721 -18826
9484 9699 -18746
9485 9693 -18858
9486 9669 -18814
9487 9643 -18722
9488 9649 -18734
9489 9621 -18654
9490 9667 -18778
9491 9689 -18746
9492 9691 -18818
9493 9721 -18922
9494 9763 -18946
9495 9761 -18974
9496 9693 -18750
9497 9689 -18782
9498 9719 -18822
9499 9699 -18766
9500 9663 -18702
9501 9675 -18730
9502 9639 -18618
9503 9689 -18786
9504 9675 -18682
9505 9709 -18822
9506 9685 -18714
9507 9719 -18838
9508 9769 -19034
9509 9763 -18978
9510 9757 -18946
9511 9701 -18782
9512 9683 -18770
9513 9697 -18726
9514 9737 -18930
9515 9673 -18762
9516 9691 -18766
9517 9731 -18870
9518 9731 -18878
9519 9723 -18878
9520 9675 -18706
9521 9621 -18562
9522 9619 -18614
9523 9627 -18622
9524 9601 -18538
9525 9599 -18530
9526 9623 -18630
9527 9573 -18446
9528 9663 -18738
9529 9673 -18810
9530 9697 -18858
9531 9721 -18898
9532 9753 -18922
9533 9691 -18794
9534 9697 -18774
9535 9757 -18878
9536 9701 -18854
9537 9657 -18850
9538 9673 -18814
9539 9633 -18714
9540 9595 -18566
9541 9645 -18646
9542 9691 -18762
9543 9709 -18850
9544 9673 -18738
9545 9651 -18666
9546 9699 -18834
9547 9647 -18690
9548 9641 -18710
9549 9669 -18714
9550 9641 -18638
9551 9613 -18662
9552 9581 -18558
9553 9595 -18642
9554 9553 -18546
9555 9611 -18666
9556 9661 -18838
9557 9711 -18902
9558 9721 -18818
9559 9739 -18842
9560 9745 -18862
9561 9743 -18830
9562 9763 -18934
9563 9757 -18870
9564 9753 -18882
9565 9753 -18926
9566 9749 -18870
9567 9675 -18738
9568 9677 -18698
9569 9683 -18702
9570 9671 -18682
9571 9713 -18850
9572 9733 -18834
9573 9677 -18670
9574 9735 -18826
9575 9723 -18714
9576 9745 -18870
9577 9711 -18798
9578 9677 -18714
9579 9649 -18638
9580 9597 -18534
9581 9615 -18558
9582 9695 -18838
9583 9697 -18862
9584 9677 -18814
9585 9695 -18794
9586 9623 -18534
9587 9623 -18598
9588 9633 -18578
9589 9677 -18674
9590 9629 -18574
9591 9731 -18814
9592 9737 -18866
9593 9707 -18818
9594 9659 -18710
9595 9633 -18702
9596 9647 -18762
9597 9657 -18730
9598 9645 -18686
9599 9697 -18802
9600 9695 -18742
9601 9677 -18710
9602 9723 -18870
9603 9751 -18902
9604 9739 -18870
9605 9717 -18890
9606 9699 -18822
9607 9699 -18778
9608 9687 -18742
9609 9673 -18718
9610 9661 -18706
9611 9699 -18794
9612 9683 -18802
9613 9655 -18782
9614 9645 -18718
9615 9627 -18654
9616 9635 -18614
9617 9589 -18562
9618 9641 -18634
9619 9681 -18726
9620 9721 -18850
9621 9727 -18798
9622 9719 -18798
9623 9697 -18734
9624 9689 -18702
9625 9681 -18682
9626 9733 -18922
9627 9677 -18730
9628 9633 -18690
9629 9687 -18786
9630 9709 -18842
9631 9737 -18898
9632 9681 -18782
9633 9697 -18834
9634 9663 -18706
9635 9681 -18758
9636 9767 -18942
9637 9725 -18858
9638 9649 -18646
9639 9637 -18650
9640 9693 -18734
9641 9645 -18662
9642 9663 -18810
9643 9647 -18678
9644 9711 -18806
9645 9717 -18814
9646 9671 -18714
9647 9663 -18634
9648 9715 -18766
9649 9685 -18718
9650 9681 -18794
9651 9711 -18814
9652 9749 -18878
9653 9765 -18930
9654 9693 -18762
9655 9725 -18830
9656 9723 -18790
9657 9733 -18842
9658 9745 -18866
9659 9743 -18878
9660 9747 -18918
9661 9705 -18814
9662 9727 -18850
9663 9701 -18770
9664 9721 -18786
9665 9733 -18806
9666 9759 -19002
9667 9803 -19062
9668 9763 -18930
9669 9723 -18850
9670 9751 -18894
9671 9723 -18798
9672 9703 -18758
9673 9745 -18878
9674 9747 -18854
9675 9735 -18878
9676 9729 -18866
9677 9643 -18574
9678 9681 -18706
9679 9735 -18846
9680 9695 -18830
9681 9735 -18898
9682 9691 -18846
9683 9703 -18734
9684 9697 -18734
9685 9639 -18658
9686 9647 -18622
9687 9681 -18778
9688 9751 -18890
9689 9777 -19002
9690 9711 -18734
9691 9733 -18906
9692 9721 -18894
9693 9713 -18866
9694 9729 -18886
9695 9741 -18938
9696 9751 -18946
9697 9681 -18762
9698 9723 -18866
9699 9753 -18942
9700 9717 -18890
9701 9701 -18758
9702 9695 -18814
9703 9671 -18714
9704 9643 -18730
9705 9633 -18662
9706 9653 -18670
9707 9695 -18746
9708 9707 -18838
9709 9703 -18890
9710 9685 -18722
9711 9645 -18630
9712 9663 -18666
9713 9685 -18726
9714 9721 -18802
9715 9665 -18610
9716 9677 -18674
9717 9687 -18666
9718 9735 -18806
9719 9677 -18682
9720 9743 -18874
9721 9729 -18886
9722 9707 -18750
9723 9667 -18686
9724 9703 -18750
9725 9675 -18690
9726 9647 -18690
9727 9695 -18754
9728 9715 -18846
9729 9711 -18862
9730 9687 -18758
9731 9689 -18726
9732 9691 -18746
9733 9727 -18802
9734 9733 -18834
9735 9731 -18846
9736 9699 -18770
9737 9695 -18826
9738 9731 -18858
9739 9725 -18778
9740 9751 -18890
9741 9797 -19018
9742 9759 -18842
9743 9747 -18926
9744 9777 -19002
9745 9723 -18838
9746 9699 -18778
9747 9647 -18630
9748 9609 -18542
9749 9641 -18566
9750 9677 -18682
9751 9733 -18890
9752 9799 -19030
9753 9709 -18802
9754 9711 -18806
9755 9705 -18782
9756 9645 -18646
9757 9577 -18510
9758 9605 -18574
9759 9643 -18706
9760 9615 -18546
9761 9677 -18682
9762 9687 -18730
9763 9719 -18806
9764 9749 -18898
9765 9721 -18726
9766 9719 -18866
9767 9713 -18858
9768 9633 -18642
9769 9637 -18610
9770 9625 -18590
9771 9573 -18446
9772 9563 -18382
9773 9659 -18642
9774 9707 -18762
9775 9671 -18690
9776 9653 -18614
9777 9679 -18646
9778 9725 -18870
9779 9713 -18814
9780 9741 -18826
9781 9743 -18870
9782 9743 -18894
9783 9741 -18914
9784 9727 -18790
9785 9751 -18890
9786 9751 -18958
9787 9701 -18702
9788 9641 -18546
9789 9619 -18478
9790 9683 -18750
9791 9731 -18850
9792 9729 -18834
9793 9741 -18938
9794 9705 -18798
9795 9691 -18730
9796 9693 -18730
9797 9727 -18810
9798 9687 -18774
9799 9757 -18990
9800 9711 -18806
9801 9677 -18694
9802 9685 -18806
9803 9711 -18850
9804 9645 -18730
9805 9657 -18706
9806 9669 -18690
9807 9629 -18626
9808 9731 -18878
9809 9723 -18886
9810 9707 -18806
9811 9695 -18738
9812 9665 -18650
9813 9677 -18702
9814 9703 -18754
9815 9673 -18666
9816 9685 -18742
9817 9667 -18714
9818 9693 -18734
9819 9717 -18794
9820 9733 -18834
9821 9715 -18802
9822 9727 -18802
9823 9725 -18810
9824 9703 -18802
9825 9649 -18650
9826 9727 -18882
9827 9741 -18858
9828 9731 -18818
9829 9769 -18946
9830 9727 -18846
9831 9723 -18850
9832 9753 -18918
9833 9763 -18942
9834 9757 -18922
9835 9755 -18914
9836 9717 -18826
9837 9725 -18838
9838 9691 -18810
9839 9693 -18754
9840 9709 -18794
9841 9721 -18846
9842 9681 -18686
9843 9779 -18986
9844 9759 -18962
9845 9731 -18858
9846 9739 -18898
9847 9673 -18706
9848 9697 -18826
9849 9637 -18586
9850 9611 -18598
9851 9599 -18678
9852 9615 -18626
9853 9567 -18442
9854 9655 -18622
9855 9657 -18638
9856 9687 -18746
9857 9679 -18726
9858 9647 -18682
9859 9699 -18806
9860 9737 -18846
9861 9689 -18706
9862 9753 -18870
9863 9745 -18934
9864 9769 -18938
9865 9749 -18858
9866 9711 -18750
9867 9727 -18874
9868 9697 -18826
9869 9667 -18722
9870 9741 -18962
9871 9779 -19034
9872 9715 -18874
9873 9623 -18550
9874 9617 -18562
9875 9627 -18598
9876 9653 -18662
9877 9677 -18730
9878 9689 -18754
9879 9739 -18946
9880 9723 -18886
9881 9755 -18954
9882 9713 -18822
9883 9735 -18906
9884 9725 -18866
9885 9659 -18626
9886 9695 -18694
9887 9717 -18814
9888 9703 -18862
9889 9663 -18698
9890 9605 -18554
9891 9633 -18582
9892 9631 -18558
9893 9635 -18638
9894 9665 -18746
9895 9647 -18666
9896 9625 -18650
9897 9603 -18554
9898 9637 -18610
9899 9697 -18814
9900 9691 -18794
9901 9751 -18926
9902 9735 -18866
9903 9727 -18826
9904 9769 -18986
9905 9795 -18990
9906 9793 -19018
9907 9681 -18618
9908 9653 -18642
9909 9659 -18650
9910 9657 -18630
9911 9651 -18658
9912 9691 -18750
9913 9665 -18734
9914 9693 -18794
9915 9699 -18750
9916 9709 -18754
9917 9713 -18834
9918 9727 -18842
9919 9731 -18862
9920 9733 -18858
9921 9637 -18582
9922 9687 -18694
9923 9671 -18782
9924 9673 -18694
9925 9603 -18574
9926 9663 -18738
9927 9637 -18658
9928 9641 -18650
9929 9693 -18758
9930 9663 -18634
9931 9633 -18602
9932 9587 -18506
9933 9609 -18598
9934 9595 -18602
9935 9617 -18574
9936 9617 -18522
9937 9659 -18626
9938 9651 -18662
9939 9653 -18650
9940 9677 -18810
9941 9633 -18758
9942 9597 -18562
9943 9619 -18682
9944 9667 -18838
9945 9649 -18802
9946 9655 -18846
9947 9631 -18754
9948 9657 -18782
9949 9621 -18666
9950 9633 -18722
9951 9669 -18850
9952 9661 -18774
9953 9717 -18834
9954 9705 -18830
9955 9689 -18806
9956 9695 -18826
9957 9709 -18826
9958 9693 -18790
9959 9749 -18938
9960 9729 -18830
9961 9637 -18610
9962 9683 -18710
9963 9705 -18774
9964 9669 -18718
9965 9693 -18718
9966 9667 -18682
9967 9659 -18682
9968 9671 -18682
9969 9687 -18746
9970 9685 -18718
9971 9685 -18762
9972 9665 -18722
9973 9657 -18658
9974 9717 -18838
9975 9721 -18926
9976 9675 -18762
9977 9641 -18718
9978 9659 -18754
9979 9661 -18786
9980 9713 -18970
9981 9671 -18770
9982 9673 -18818
9983 9649 -18746
9984 9619 -18770
9985 9601 -18678
9986 9667 -18826
9987 9709 -18898
9988 9663 -18762
9989 9655 -18714
9990 9693 -18774
9991 9663 -18690
9992 9625 -18634
9993 9679 -18774
9994 9701 -18762
9995 9727 -18826
9996 9669 -18722
9997 9707 -18758
9998 9711 -18758
9999 9685 -18666
