0 9933 -19478
1 9731 -18838
2 9567 -18330
3 9555 -18298
4 9515 -18254
5 9445 -18062
6 9549 -18322
7 9551 -18354
8 9553 -18346
9 9613 -18454
10 9467 -18058
11 9491 -18106
12 9467 -18090
13 9465 -18134
14 9389 -17998
15 9313 -17874
16 9313 -17922
17 9165 -17646
18 9193 -17742
19 9195 -17722
20 9307 -17782
21 9303 -17842
22 9353 -17998
23 9361 -17950
24 9295 -17834
25 9345 -17914
26 9271 -17782
27 9267 -17798
28 9139 -17578
29 9169 -17562
30 9213 -17646
31 9237 -17634
32 9305 -17846
33 9269 -17738
34 9301 -17882
35 9297 -17858
36 9267 -17782
37 9257 -17790
38 9301 -17898
39 9339 -18022
40 9321 -17830
41 9295 -17762
42 9351 -17858
43 9345 -17942
44 9347 -17886
45 9411 -18022
46 9399 -17990
47 9335 -17974
48 9345 -17774
49 9357 -17930
50 9389 -17934
51 9375 -17854
52 9437 -18014
53 9453 -18118
54 9501 -18170
55 9547 -18426
56 9551 -18310
57 9509 -18102
58 9537 -18234
59 9483 -18210
60 9507 -18270
61 9495 -18178
62 9577 -18442
63 9503 -18250
64 9445 -18014
65 9489 -18162
66 9493 -18150
67 9523 -18182
68 9483 -18226
69 9505 -18238
70 9505 -18346
71 9449 -18242
72 9379 -17978
73 9329 -17894
74 9339 -17866
75 9317 -17854
76 9369 -17942
77 9415 -17962
78 9439 -18046
79 9441 -18014
80 9459 -18134
81 9397 -17970
82 9453 -18070
83 9479 -18170
84 9445 -18134
85 9453 -18142
86 9445 -18050
87 9533 -18338
88 9485 -18158
89 9435 -17974
90 9463 -18062
91 9437 -17978
92 9479 -18070
93 9455 -18106
94 9343 -17778
95 9365 -17758
96 9387 -17990
97 9323 -17778
98 9293 -17902
99 9239 -17798
100 9195 -17610
101 9105 -17478
102 9157 -17526
103 9189 -17654
104 9181 -17734
105 9137 -17598
106 9151 -17534
107 9237 -17658
108 9313 -17882
109 9219 -17618
110 9267 -17750
111 9273 -17766
112 9367 -17926
113 9415 -18058
114 9433 -18022
115 9399 -18066
116 9393 -18102
117 9377 -17950
118 9325 -17838
119 9345 -17842
120 9307 -17746
121 9391 -17926
122 9413 -17950
123 9409 -18046
124 9491 -18206
125 9403 -17914
126 9413 -18090
127 9459 -18194
128 9439 -17978
129 9291 -17714
130 9309 -17770
131 9311 -17818
132 9295 -17834
133 9409 -18070
134 9361 -17982
135 9309 -17834
136 9321 -17770
137 9293 -17798
138 9283 -17706
139 9365 -17838
140 9345 -17830
141 9405 -18002
142 9431 -18106
143 9397 -18038
144 9387 -18186
145 9391 -18126
146 9325 -17910
147 9291 -17822
148 9253 -17718
149 9169 -17502
150 9219 -17622
151 9375 -17974
152 9347 -18018
153 9405 -18070
154 9323 -17878
155 9347 -18002
156 9289 -17762
157 9261 -17826
158 9255 -17754
159 9237 -17762
160 9277 -17862
161 9277 -17806
162 9293 -17822
163 9293 -17906
164 9293 -17870
165 9321 -17870
166 9369 -18074
167 9367 -18026
168 9365 -18006
169 9385 -18034
170 9441 -18226
171 9389 -18022
172 9327 -17830
173 9345 -17874
174 9357 -17970
175 9311 -17830
176 9277 -17726
177 9297 -17814
178 9329 -17858
179 9247 -17698
180 9295 -17794
181 9321 -17886
182 9337 -18038
183 9367 -18050
184 9241 -17730
185 9259 -17822
186 9215 -17798
187 9203 -17750
188 9223 -17774
189 9257 -17866
190 9241 -17842
191 9243 -17790
192 9289 -17914
193 9299 -17930
194 9327 -17926
195 9335 -17938
196 9331 -17954
197 9303 -17906
198 9325 -17874
199 9377 -18114
200 9409 -18266
201 9377 -18118
202 9427 -18326
203 9335 -18162
204 9329 -18110
205 9267 -17946
206 9283 -18038
207 9231 -17914
208 9285 -17938
209 9205 -17682
210 9199 -17758
211 9237 -17802
212 9179 -17774
213 9117 -17718
214 9199 -17822
215 9291 -17970
216 9281 -17850
217 9297 -17870
218 9329 -17862
219 9311 -17798
220 9349 -18098
221 9283 -17958
222 9235 -17810
223 9367 -18030
224 9335 -17898
225 9289 -17790
226 9391 -17926
227 9361 -17910
228 9329 -17930
229 9383 -18050
230 9311 -17810
231 9335 -17886
232 9305 -17786
233 9281 -17566
234 9385 -17898
235 9449 -18130
236 9377 -17926
237 9277 -17670
238 9269 -17722
239 9323 -17874
240 9375 -18014
241 9351 -17970
242 9351 -17886
243 9397 -17978
244 9409 -18066
245 9429 -18142
246 9333 -17938
247 9353 -17922
248 9361 -17942
249 9397 -18062
250 9381 -17966
251 9363 -17886
252 9375 -18014
253 9371 -17882
254 9379 -17870
255 9455 -18034
256 9507 -18178
257 9483 -18158
258 9439 -18006
259 9383 -17894
260 9365 -17894
261 9433 -18062
262 9519 -18254
263 9465 -18122
264 9485 -18134
265 9493 -18158
266 9469 -18062
267 9501 -18110
268 9481 -18130
269 9497 -18226
270 9493 -18242
271 9449 -18098
272 9431 -18102
273 9459 -18162
274 9435 -17994
275 9435 -18006
276 9427 -18030
277 9383 -17878
278 9435 -18038
279 9483 -18094
280 9437 -18118
281 9435 -18106
282 9419 -18086
283 9437 -18138
284 9453 -18066
285 9479 -18182
286 9489 -18226
287 9477 -18234
288 9439 -18058
289 9439 -17998
290 9369 -17930
291 9321 -17766
292 9393 -17950
293 9453 -18070
294 9419 -18022
295 9417 -18054
296 9295 -17826
297 9283 -17854
298 9267 -17742
299 9231 -17638
300 9331 -17814
301 9357 -17858
302 9401 -18042
303 9373 -17974
304 9361 -17862
305 9353 -17906
306 9419 -18186
307 9375 -18110
308 9349 -17922
309 9281 -17762
310 9347 -18030
311 9245 -17674
312 9359 -17926
313 9363 -17858
314 9455 -18034
315 9399 -17982
316 9335 -17814
317 9391 -17878
318 9403 -17846
319 9345 -17898
320 9243 -17718
321 9285 -17626
322 9363 -17858
323 9405 -18006
324 9393 -18114
325 9397 -18098
326 9379 -17974
327 9305 -17790
328 9333 -17990
329 9305 -17838
330 9307 -17754
331 9303 -17858
332 9327 -17954
333 9333 -17974
334 9357 -17954
335 9349 -17954
336 9287 -17846
337 9359 -17910
338 9311 -17874
339 9307 -17838
340 9325 -17850
341 9233 -17706
342 9263 -17790
343 9261 -17734
344 9279 -17786
345 9213 -17682
346 9309 -17790
347 9243 -17670
348 9239 -17754
349 9221 -17690
350 9217 -17642
351 9233 -17654
352 9299 -17782
353 9331 -17862
354 9375 -18010
355 9355 -17922
356 9319 -17974
357 9325 -18030
358 9355 -17906
359 9313 -17762
360 9409 -18066
361 9343 -17890
362 9385 -17966
363 9411 -17990
364 9399 -18042
365 9439 -18018
366 9445 -18002
367 9373 -17970
368 9347 -17846
369 9303 -17718
370 9329 -17790
371 9329 -17882
372 9277 -17734
373 9329 -17898
374 9345 -17906
375 9339 -17786
376 9377 -17862
377 9375 -17914
378 9399 -18062
379 9395 -17998
380 9353 -17914
381 9339 -17882
382 9383 -18038
383 9395 -18046
384 9313 -17810
385 9329 -17866
386 9355 -17930
387 9429 -18002
388 9417 -17962
389 9341 -17746
390 9413 -17950
391 9451 -18266
392 9317 -17898
393 9391 -18074
394 9399 -17958
395 9343 -17862
396 9289 -17806
397 9343 -17870
398 9299 -17830
399 9351 -18010
400 9243 -17806
401 9257 -17762
402 9407 -18086
403 9431 -18174
404 9417 -18066
405 9465 -18194
406 9437 -18190
407 9419 -18094
408 9303 -17750
409 9255 -17482
410 9353 -17790
411 9251 -17646
412 9285 -17722
413 9341 -17862
414 9347 -17818
415 9385 -17942
416 9369 -17986
417 9345 -17994
418 9361 -17902
419 9283 -17698
420 9301 -17850
421 9349 -17930
422 9319 -17766
423 9329 -17938
424 9359 -18002
425 9289 -17742
426 9357 -17966
427 9381 -18030
428 9367 -18006
429 9309 -17802
430 9339 -17894
431 9297 -17798
432 9305 -17810
433 9305 -17862
434 9283 -17818
435 9371 -18110
436 9377 -18014
437 9425 -18154
438 9313 -17706
439 9387 -17874
440 9429 -17954
441 9473 -18178
442 9467 -18150
443 9451 -18094
444 9479 -18158
445 9457 -18002
446 9475 -18146
447 9445 -18074
448 9407 -17998
449 9343 -17922
450 9371 -18022
451 9401 -18258
452 9331 -18058
453 9303 -17990
454 9289 -17898
455 9327 -18058
456 9313 -17918
457 9349 -17922
458 9271 -17618
459 9323 -17882
460 9293 -17806
461 9275 -17842
462 9213 -17738
463 9175 -17634
464 9237 -17710
465 9239 -17674
466 9357 -17970
467 9315 -17986
468 9331 -18018
469 9327 -17926
470 9429 -18178
471 9383 -18010
472 9315 -17890
473 9333 -17930
474 9367 -18094
475 9369 -18102
476 9277 -17926
477 9295 -18018
478 9373 -18170
479 9329 -18090
480 9423 -18290
481 9399 -18154
482 9401 -18154
483 9393 -18078
484 9393 -18122
485 9393 -18114
486 9371 -18034
487 9323 -17990
488 9363 -18058
489 9347 -18002
490 9357 -18006
491 9487 -18278
492 9427 -18198
493 9465 -18246
494 9389 -18058
495 9309 -17970
496 9409 -18154
497 9355 -18010
498 9379 -18034
499 9345 -17882
500 9399 -18066
501 9369 -18038
502 9373 -17990
503 9343 -17910
504 9283 -17770
505 9283 -17642
506 9347 -17818
507 9253 -17682
508 9271 -17750
509 9245 -17754
510 9281 -17822
511 9287 -17786
512 9269 -17798
513 9313 -17818
514 9433 -18046
515 9371 -17866
516 9443 -18186
517 9333 -17766
518 9361 -17942
519 9323 -17770
520 9309 -17730
521 9293 -17642
522 9309 -17818
523 9317 -17790
524 9347 -17882
525 9345 -17850
526 9383 -17970
527 9367 -17982
528 9349 -17906
529 9343 -17918
530 9367 -17982
531 9403 -18126
532 9457 -18270
533 9445 -18154
534 9497 -18198
535 9465 -18090
536 9497 -18230
537 9501 -18254
538 9369 -17938
539 9401 -18086
540 9347 -17898
541 9355 -17898
542 9343 -17894
543 9281 -17718
544 9321 -17950
545 9299 -17858
546 9179 -17722
547 9281 -17894
548 9295 -17846
549 9267 -17726
550 9315 -17882
551 9341 -17966
552 9319 -17982
553 9239 -17774
554 9275 -17902
555 9251 -17770
556 9275 -17834
557 9347 -17898
558 9333 -17910
559 9267 -17770
560 9295 -17766
561 9417 -18102
562 9345 -17854
563 9429 -18070
564 9449 -18046
565 9427 -18018
566 9491 -18290
567 9425 -18054
568 9451 -18114
569 9397 -17922
570 9439 -18106
571 9391 -18026
572 9407 -18130
573 9379 -18078
574 9427 -18074
575 9359 -17906
576 9381 -18038
577 9375 -18086
578 9395 -18150
579 9361 -18034
580 9363 -17938
581 9345 -17990
582 9271 -17874
583 9177 -17578
584 9203 -17626
585 9175 -17570
586 9213 -17602
587 9185 -17542
588 9263 -17906
589 9227 -17878
590 9165 -17682
591 9275 -17850
592 9265 -17802
593 9215 -17714
594 9191 -17794
595 9279 -17854
596 9329 -17966
597 9259 -17870
598 9317 -18022
599 9325 -17962
600 9273 -17834
601 9295 -17834
602 9311 -17878
603 9315 -17906
604 9287 -17738
605 9417 -18122
606 9521 -18378
607 9559 -18314
608 9439 -18038
609 9469 -18090
610 9521 -18154
611 9361 -17902
612 9393 -18006
613 9371 -17898
614 9487 -18150
615 9437 -18034
616 9445 -17974
617 9421 -18034
618 9447 -18018
619 9495 -18130
620 9547 -18306
621 9477 -18098
622 9509 -18278
623 9479 -18198
624 9485 -18222
625 9481 -18150
626 9423 -18006
627 9381 -17902
628 9469 -18170
629 9507 -18246
630 9499 -18326
631 9423 -17986
632 9389 -18006
633 9381 -17890
634 9439 -18070
635 9483 -18094
636 9481 -18106
637 9335 -17782
638 9419 -17998
639 9439 -18014
640 9407 -18078
641 9403 -17970
642 9421 -18042
643 9425 -18086
644 9389 -18078
645 9327 -17766
646 9395 -17930
647 9357 -17906
648 9389 -17958
649 9357 -17950
650 9343 -17994
651 9423 -18138
652 9423 -18194
653 9333 -17890
654 9371 -17978
655 9299 -17778
656 9315 -17762
657 9309 -17770
658 9337 -17834
659 9337 -17866
660 9231 -17626
661 9305 -17854
662 9411 -18042
663 9439 -18046
664 9367 -17942
665 9381 -17986
666 9433 -18142
667 9407 -18126
668 9433 -18142
669 9299 -17882
670 9207 -17662
671 9233 -17702
672 9347 -17974
673 9217 -17710
674 9263 -17894
675 9221 -17746
676 9275 -17862
677 9321 -17910
678 9269 -17790
679 9197 -17718
680 9197 -17666
681 9375 -18014
682 9367 -18066
683 9341 -17894
684 9369 -18054
685 9277 -17738
686 9295 -17750
687 9265 -17770
688 9291 -17946
689 9211 -17722
690 9225 -17770
691 9263 -17750
692 9293 -17790
693 9299 -17894
694 9349 -17994
695 9293 -17890
696 9281 -17914
697 9245 -17894
698 9207 -17738
699 9235 -17754
700 9331 -17930
701 9297 -17854
702 9361 -17998
703 9393 -18082
704 9337 -17934
705 9273 -17766
706 9243 -17738
707 9331 -17930
708 9303 -17838
709 9315 -17854
710 9257 -17650
711 9321 -17818
712 9265 -17794
713 9277 -17734
714 9261 -17674
715 9225 -17578
716 9247 -17666
717 9181 -17594
718 9245 -17730
719 9189 -17518
720 9261 -17798
721 9329 -17982
722 9293 -17674
723 9373 -17906
724 9375 -17930
725 9279 -17790
726 9381 -18114
727 9483 -18286
728 9441 -18146
729 9423 -18078
730 9453 -18058
731 9523 -18334
732 9475 -18226
733 9427 -18078
734 9441 -18114
735 9459 -18110
736 9451 -18094
737 9375 -17870
738 9399 -17890
739 9397 -17926
740 9439 -18018
741 9467 -18134
742 9463 -18134
743 9455 -18114
744 9351 -17802
745 9443 -18086
746 9407 -17994
747 9397 -17942
748 9461 -18090
749 9343 -17782
750 9409 -17958
751 9357 -17902
752 9359 -17890
753 9331 -17850
754 9355 -17786
755 9349 -17902
756 9401 -17950
757 9367 -17974
758 9347 -18018
759 9407 -18186
760 9425 -18186
761 9299 -17930
762 9329 -17946
763 9315 -17830
764 9307 -17814
765 9347 -17934
766 9361 -18002
767 9411 -18190
768 9391 -18130
769 9411 -18026
770 9341 -17922
771 9315 -17902
772 9349 -18030
773 9375 -18034
774 9275 -17854
775 9233 -17750
776 9223 -17730
777 9303 -17854
778 9353 -17946
779 9343 -17918
780 9269 -17886
781 9305 -17882
782 9305 -17910
783 9291 -17806
784 9277 -17798
785 9283 -17762
786 9317 -17762
787 9403 -18006
788 9289 -17810
789 9393 -18118
790 9357 -17946
791 9295 -17738
792 9283 -17678
793 9387 -17986
794 9335 -17858
795 9347 -17946
796 9367 -17958
797 9359 -17990
798 9301 -17894
799 9229 -17630
800 9269 -17634
801 9299 -17762
802 9335 -17882
803 9279 -17766
804 9231 -17614
805 9285 -17734
806 9401 -18046
807 9335 -17914
808 9287 -17734
809 9319 -17774
810 9335 -17798
811 9265 -17866
812 9333 -17986
813 9345 -17982
814 9387 -18062
815 9435 -18246
816 9469 -18274
817 9487 -18274
818 9465 -18182
819 9433 -18062
820 9485 -18198
821 9379 -17906
822 9375 -17954
823 9347 -17862
824 9313 -17814
825 9319 -17870
826 9271 -17770
827 9249 -17730
828 9289 -17742
829 9273 -17670
830 9233 -17654
831 9287 -17782
832 9329 -17802
833 9301 -17782
834 9319 -17850
835 9295 -17770
836 9319 -17850
837 9363 -18022
838 9345 -17954
839 9269 -17646
840 9191 -17562
841 9239 -17686
842 9233 -17726
843 9285 -17914
844 9377 -18062
845 9283 -17766
846 9403 -18014
847 9393 -17974
848 9405 -18046
849 9377 -17950
850 9379 -17958
851 9373 -17842
852 9413 -18002
853 9473 -18194
854 9421 -18014
855 9317 -17870
856 9313 -17866
857 9291 -17834
858 9315 -17822
859 9403 -18110
860 9345 -17958
861 9337 -17978
862 9359 -17970
863 9297 -17834
864 9353 -17958
865 9303 -17970
866 9337 -17962
867 9409 -18102
868 9395 -18010
869 9361 -17922
870 9361 -17894
871 9427 -18074
872 9399 -17938
873 9503 -18242
874 9415 -18050
875 9359 -17850
876 9411 -17962
877 9443 -18022
878 9407 -17922
879 9389 -17926
880 9401 -17994
881 9415 -18050
882 9383 -18010
883 9445 -18154
884 9349 -17990
885 9319 -17854
886 9375 -18010
887 9389 -18010
888 9399 -18086
889 9455 -18194
890 9443 -18130
891 9445 -18122
892 9391 -17982
893 9405 -18066
894 9397 -18042
895 9335 -17914
896 9263 -17734
897 9201 -17658
898 9265 -17718
899 9345 -17918
900 9289 -17882
901 9257 -17718
902 9335 -17842
903 9319 -17890
904 9401 -18086
905 9337 -17894
906 9373 -17974
907 9429 -18082
908 9395 -18002
909 9461 -18110
910 9487 -18178
911 9377 -17830
912 9461 -18074
913 9425 -18070
914 9459 -18094
915 9447 -17990
916 9441 -18078
917 9475 -18114
918 9475 -18106
919 9529 -18294
920 9461 -18118
921 9253 -17694
922 9195 -17582
923 9257 -17650
924 9297 -17718
925 9319 -17690
926 9423 -17998
927 9455 -18074
928 9501 -18202
929 9383 -17866
930 9415 -18058
931 9365 -17866
932 9215 -17538
933 9329 -17842
934 9337 -17858
935 9419 -18046
936 9439 -18026
937 9459 -18090
938 9469 -18170
939 9455 -18126
940 9461 -18042
941 9377 -17886
942 9457 -18054
943 9439 -18138
944 9429 -18130
945 9353 -17954
946 9399 -18134
947 9375 -18006
948 9365 -17970
949 9281 -17674
950 9247 -17646
951 9345 -17794
952 9341 -17790
953 9333 -17778
954 9279 -17682
955 9407 -18110
956 9427 -18102
957 9451 -18094
958 9495 -18238
959 9471 -18206
960 9409 -18034
961 9445 -18074
962 9429 -18006
963 9407 -17922
964 9375 -17902
965 9359 -17810
966 9385 -17890
967 9421 -18070
968 9351 -17886
969 9359 -17914
970 9427 -17986
971 9429 -18042
972 9427 -18022
973 9351 -17902
974 9353 -17902
975 9337 -17854
976 9363 -17870
977 9321 -17830
978 9393 -17978
979 9439 -18090
980 9355 -17886
981 9345 -17850
982 9415 -17978
983 9329 -17662
984 9393 -17950
985 9343 -17730
986 9361 -17794
987 9365 -17790
988 9419 -17870
989 9437 -17974
990 9439 -17934
991 9417 -17970
992 9449 -18018
993 9485 -18202
994 9467 -18102
995 9397 -17926
996 9429 -18014
997 9439 -17954
998 9373 -17810
999 9325 -17726
1000 9327 -17822
1001 9357 -18026
1002 9411 -18102
1003 9385 -17998
1004 9409 -18150
1005 9361 -18054
1006 9435 -18174
1007 9373 -18034
1008 9373 -17906
1009 9365 -17930
1010 9349 -17878
1011 9339 -17890
1012 9443 -18102
1013 9479 -18206
1014 9437 -18094
1015 9469 -18134
1016 9441 -17994
1017 9501 -18158
1018 9489 -18162
1019 9519 -18242
1020 9431 -18018
1021 9445 -18098
1022 9405 -18066
1023 9337 -17818
1024 9315 -17766
1025 9319 -17906
1026 9381 -18022
1027 9365 -17998
1028 9303 -17858
1029 9281 -17806
1030 9291 -17906
1031 9253 -17802
1032 9189 -17638
1033 9271 -17770
1034 9283 -17822
1035 9339 -17998
1036 9305 -17938
1037 9243 -17838
1038 9193 -17774
1039 9229 -17890
1040 9237 -17790
1041 9285 -17818
1042 9301 -17898
1043 9377 -17982
1044 9239 -17846
1045 9207 -17754
1046 9137 -17758
1047 9045 -17430
1048 9133 -17730
1049 9141 -17582
1050 9151 -17646
1051 9213 -17774
1052 9297 -17934
1053 9231 -17786
1054 9219 -17746
1055 9295 -17934
1056 9221 -17750
1057 9227 -17838
1058 9269 -17862
1059 9293 -17922
1060 9313 -18042
1061 9213 -17854
1062 9271 -17866
1063 9231 -17802
1064 9217 -17810
1065 9159 -17602
1066 9149 -17506
1067 9225 -17638
1068 9327 -17838
1069 9349 -17974
1070 9243 -17762
1071 9193 -17662
1072 9249 -17878
1073 9259 -17806
1074 9195 -17710
1075 9273 -17806
1076 9297 -17886
1077 9327 -17898
1078 9289 -17834
1079 9287 -17842
1080 9315 -17814
1081 9337 -17998
1082 9411 -18114
1083 9403 -18090
1084 9389 -17922
1085 9383 -17918
1086 9403 -18002
1087 9433 -18018
1088 9387 -17998
1089 9357 -17930
1090 9353 -17934
1091 9317 -17818
1092 9319 -17870
1093 9235 -17718
1094 9263 -17918
1095 9297 -17902
1096 9359 -17966
1097 9393 -18098
1098 9371 -18014
1099 9339 -17898
1100 9331 -18034
1101 9281 -17922
1102 9217 -17734
1103 9191 -17654
1104 9197 -17554
1105 9227 -17618
1106 9235 -17650
1107 9321 -17914
1108 9329 -17858
1109 9341 -17882
1110 9325 -17918
1111 9285 -17810
1112 9269 -17894
1113 9233 -17806
1114 9233 -17982
1115 9229 -17986
1116 9221 -18010
1117 9199 -17874
1118 9085 -17682
1119 9063 -17642
1120 9101 -17650
1121 9081 -17574
1122 9035 -17438
1123 9083 -17530
1124 9171 -17698
1125 9141 -17546
1126 9091 -17622
1127 9105 -17666
1128 9149 -17690
1129 9175 -17810
1130 9197 -17850
1131 9261 -17918
1132 9241 -17970
1133 9117 -17614
1134 9123 -17742
1135 8989 -17478
1136 8995 -17542
1137 8981 -17534
1138 8977 -17398
1139 8947 -17358
1140 8935 -17278
1141 8927 -17270
1142 8917 -17346
1143 8977 -17570
1144 9025 -17658
1145 8953 -17402
1146 8937 -17354
1147 8939 -17378
1148 8851 -17186
1149 8813 -17186
1150 8969 -17494
1151 9011 -17550
1152 8975 -17554
1153 8999 -17574
1154 9135 -17758
1155 9037 -17558
1156 9027 -17654
1157 9001 -17606
1158 9001 -17578
1159 9081 -17650
1160 9041 -17558
1161 9063 -17606
1162 9147 -17722
1163 9183 -17762
1164 9159 -17682
1165 9211 -17910
1166 9223 -17918
1167 9201 -17802
1168 9245 -17990
1169 9263 -17898
1170 9157 -17714
1171 9185 -17742
1172 9249 -17874
1173 9225 -17802
1174 9261 -17838
1175 9187 -17830
1176 9141 -17670
1177 9199 -17874
1178 9267 -17962
1179 9151 -17678
1180 9109 -17530
1181 9133 -17662
1182 9211 -17798
1183 9163 -17746
1184 9169 -17714
1185 9263 -17902
1186 9231 -17746
1187 9241 -17786
1188 9235 -17682
1189 9251 -17750
1190 9217 -17646
1191 9325 -17922
1192 9233 -17602
1193 9185 -17550
1194 9277 -17746
1195 9301 -17806
1196 9339 -17862
1197 9391 -17990
1198 9423 -18074
1199 9391 -18042
1200 9271 -17790
1201 9241 -17730
1202 9265 -17850
1203 9299 -17826
1204 9271 -17694
1205 9303 -17758
1206 9307 -17806
1207 9383 -17914
1208 9405 -17974
1209 9391 -17986
1210 9307 -17790
1211 9331 -17846
1212 9311 -17734
1213 9369 -17982
1214 9367 -17874
1215 9399 -17950
1216 9345 -17742
1217 9383 -17886
1218 9459 -18122
1219 9473 -18130
1220 9409 -17962
1221 9421 -17998
1222 9451 -18090
1223 9389 -17950
1224 9331 -17850
1225 9337 -17922
1226 9345 -17890
1227 9385 -17942
1228 9393 -17938
1229 9377 -17878
1230 9355 -17918
1231 9329 -17854
1232 9341 -17834
1233 9307 -17802
1234 9331 -17786
1235 9325 -17770
1236 9407 -18066
1237 9417 -18114
1238 9363 -18006
1239 9389 -18114
1240 9329 -17886
1241 9319 -17842
1242 9295 -17710
1243 9247 -17698
1244 9283 -17818
1245 9335 -17862
1246 9355 -17974
1247 9389 -18026
1248 9387 -17926
1249 9351 -17874
1250 9387 -18074
1251 9309 -17990
1252 9271 -17806
1253 9359 -18074
1254 9289 -17750
1255 9219 -17630
1256 9297 -17894
1257 9329 -18034
1258 9371 -18242
1259 9309 -18022
1260 9231 -17854
1261 9229 -17798
1262 9257 -17838
1263 9211 -17698
1264 9255 -17814
1265 9297 -17866
1266 9301 -17786
1267 9339 -17910
1268 9325 -17830
1269 9363 -17878
1270 9317 -17698
1271 9321 -17778
1272 9399 -17898
1273 9333 -17774
1274 9377 -17942
1275 9365 -17962
1276 9357 -17930
1277 9349 -17918
1278 9371 -18022
1279 9371 -17898
1280 9333 -17814
1281 9269 -17698
1282 9281 -17742
1283 9263 -17778
1284 9317 -17854
1285 9355 -17878
1286 9399 -18090
1287 9433 -18114
1288 9437 -18090
1289 9409 -18074
1290 9421 -18138
1291 9365 -17958
1292 9407 -18038
1293 9335 -17910
1294 9413 -18170
1295 9383 -17994
1296 9359 -17898
1297 9353 -17874
1298 9339 -17814
1299 9287 -17698
1300 9285 -17706
1301 9271 -17638
1302 9295 -17730
1303 9301 -17778
1304 9329 -17710
1305 9401 -18006
1306 9335 -17930
1307 9279 -17818
1308 9359 -18010
1309 9341 -17914
1310 9381 -18082
1311 9443 -18194
1312 9381 -18054
1313 9405 -18074
1314 9357 -17930
1315 9377 -17982
1316 9359 -17950
1317 9307 -17874
1318 9295 -17762
1319 9329 -17754
1320 9371 -17878
1321 9397 -18070
1322 9419 -18010
1323 9399 -17914
1324 9349 -17782
1325 9315 -17754
1326 9281 -17658
1327 9241 -17654
1328 9373 -17950
1329 9395 -18066
1330 9295 -17706
1331 9203 -17478
1332 9327 -17786
1333 9329 -17866
1334 9335 -17794
1335 9359 -17834
1336 9361 -17850
1337 9401 -17946
1338 9429 -18078
1339 9295 -17766
1340 9251 -17702
1341 9369 -18010
1342 9335 -18034
1343 9289 -17982
1344 9355 -18078
1345 9351 -18062
1346 9345 -18026
1347 9291 -17838
1348 9327 -17938
1349 9381 -18018
1350 9349 -17966
1351 9285 -17734
1352 9349 -17910
1353 9315 -17762
1354 9309 -17814
1355 9403 -18034
1356 9371 -18058
1357 9363 -18038
1358 9387 -18038
1359 9279 -17834
1360 9273 -17806
1361 9277 -17886
1362 9233 -17742
1363 9225 -17750
1364 9149 -17674
1365 9261 -17878
1366 9241 -17758
1367 9231 -17702
1368 9327 -17938
1369 9267 -17746
1370 9307 -17918
1371 9313 -17846
1372 9273 -17750
1373 9271 -17738
1374 9169 -17674
1375 9251 -17694
1376 9257 -17710
1377 9211 -17594
1378 9177 -17578
1379 9183 -17682
1380 9187 -17614
1381 9319 -17850
1382 9355 -17894
1383 9231 -17686
1384 9369 -17974
1385 9359 -18026
1386 9327 -17994
1387 9343 -17930
1388 9389 -18010
1389 9313 -17946
1390 9361 -17994
1391 9357 -18102
1392 9373 -18118
1393 9393 -18118
1394 9471 -18286
1395 9407 -18202
1396 9343 -18074
1397 9253 -17874
1398 9277 -17894
1399 9283 -17806
1400 9295 -17838
1401 9305 -17870
1402 9321 -18006
1403 9305 -17894
1404 9305 -17826
1405 9301 -17814
1406 9333 -18006
1407 9387 -18082
1408 9279 -17822
1409 9295 -17958
1410 9321 -18054
1411 9253 -17914
1412 9265 -17906
1413 9195 -17766
1414 9251 -17814
1415 9215 -17898
1416 9167 -17854
1417 9139 -17786
1418 9093 -17602
1419 9167 -17790
1420 9177 -17950
1421 9179 -17842
1422 9237 -17870
1423 9213 -17850
1424 9287 -17978
1425 9229 -17742
1426 9307 -17798
1427 9339 -17786
1428 9367 -17954
1429 9449 -18106
1430 9495 -18266
1431 9441 -18114
1432 9445 -18126
1433 9443 -18082
1434 9435 -18082
1435 9487 -18266
1436 9471 -18186
1437 9477 -18194
1438 9451 -18126
1439 9417 -18046
1440 9461 -18174
1441 9385 -18106
1442 9365 -17922
1443 9349 -17894
1444 9295 -17814
1445 9301 -17794
1446 9411 -18058
1447 9399 -17970
1448 9379 -17958
1449 9371 -17954
1450 9323 -17818
1451 9361 -17942
1452 9345 -17926
1453 9311 -17830
1454 9237 -17642
1455 9185 -17614
1456 9195 -17598
1457 9165 -17618
1458 9099 -17446
1459 9057 -17470
1460 9103 -17606
1461 9129 -17626
1462 9137 -17614
1463 9093 -17586
1464 9027 -17482
1465 9101 -17774
1466 9157 -17826
1467 9105 -17746
1468 9235 -17922
1469 9217 -17830
1470 9245 -17862
1471 9211 -17790
1472 9229 -17786
1473 9295 -17826
1474 9275 -17750
1475 9289 -17814
1476 9293 -17718
1477 9381 -17954
1478 9405 -17962
1479 9379 -17954
1480 9381 -18086
1481 9337 -17926
1482 9349 -18038
1483 9309 -17842
1484 9279 -17698
1485 9291 -17750
1486 9341 -17862
1487 9365 -17974
1488 9335 -17946
1489 9325 -17794
1490 9299 -17758
1491 9349 -17966
1492 9411 -18074
1493 9363 -17978
1494 9379 -18010
1495 9383 -17986
1496 9341 -17870
1497 9357 -18002
1498 9327 -17894
1499 9367 -18002
1500 9341 -18030
1501 9393 -18078
1502 9459 -18170
1503 9419 -18166
1504 9323 -17978
1505 9451 -18186
1506 9481 -18226
1507 9383 -17950
1508 9455 -18178
1509 9401 -17946
1510 9371 -17854
1511 9375 -17862
1512 9401 -18010
1513 9421 -17978
1514 9383 -17938
1515 9361 -17870
1516 9283 -17794
1517 9313 -17866
1518 9269 -17834
1519 9227 -17622
1520 9205 -17578
1521 9137 -17498
1522 9145 -17518
1523 9167 -17562
1524 9221 -17658
1525 9273 -17830
1526 9367 -17994
1527 9431 -18122
1528 9337 -17874
1529 9419 -18170
1530 9463 -18158
1531 9405 -18090
1532 9325 -17934
1533 9361 -18090
1534 9335 -17918
1535 9293 -17818
1536 9351 -17898
1537 9335 -17898
1538 9271 -17622
1539 9329 -17818
1540 9323 -17826
1541 9363 -17946
1542 9469 -18246
1543 9457 -18214
1544 9395 -17950
1545 9467 -18162
1546 9455 -18110
1547 9433 -17994
1548 9531 -18334
1549 9459 -18118
1550 9505 -18234
1551 9511 -18234
1552 9463 -18142
1553 9475 -18122
1554 9359 -17834
1555 9379 -17846
1556 9337 -17770
1557 9319 -17758
1558 9383 -17910
1559 9415 -18010
1560 9361 -18078
1561 9321 -17914
1562 9447 -18130
1563 9473 -18150
1564 9419 -18002
1565 9413 -18030
1566 9305 -17726
1567 9261 -17626
1568 9331 -17798
1569 9301 -17806
1570 9321 -17770
1571 9335 -17814
1572 9299 -17794
1573 9303 -17734
1574 9399 -17978
1575 9413 -17950
1576 9445 -18086
1577 9485 -18166
1578 9463 -18198
1579 9415 -18002
1580 9337 -17822
1581 9313 -17726
1582 9293 -17722
1583 9207 -17554
1584 9289 -17778
1585 9291 -17902
1586 9333 -17886
1587 9369 -17926
1588 9431 -17998
1589 9415 -18034
1590 9477 -18134
1591 9371 -17782
1592 9393 -17926
1593 9361 -17866
1594 9315 -17758
1595 9393 -17914
1596 9385 -17902
1597 9373 -17850
1598 9441 -18106
1599 9417 -18094
1600 9309 -17862
1601 9331 -17986
1602 9337 -17982
1603 9331 -17898
1604 9339 -17986
1605 9375 -18030
1606 9331 -17862
1607 9397 -18098
1608 9313 -17874
1609 9403 -18102
1610 9409 -18126
1611 9353 -17926
1612 9301 -17774
1613 9395 -17910
1614 9369 -17906
1615 9355 -17906
1616 9359 -18010
1617 9363 -17990
1618 9303 -17798
1619 9315 -17954
1620 9285 -17882
1621 9289 -17730
1622 9229 -17642
1623 9261 -17674
1624 9307 -17822
1625 9325 -17930
1626 9307 -17806
1627 9287 -17742
1628 9249 -17606
1629 9257 -17718
1630 9253 -17750
1631 9253 -17666
1632 9297 -17830
1633 9325 -17850
1634 9305 -17814
1635 9393 -17922
1636 9401 -18010
1637 9373 -17938
1638 9395 -18010
1639 9333 -17798
1640 9317 -17666
1641 9411 -18058
1642 9375 -18030
1643 9409 -18066
1644 9413 -18066
1645 9279 -17794
1646 9295 -17834
1647 9317 -17826
1648 9363 -17894
1649 9425 -18138
1650 9433 -18042
1651 9343 -17902
1652 9303 -17754
1653 9363 -17902
1654 9273 -17678
1655 9221 -17510
1656 9283 -17750
1657 9321 -17938
1658 9391 -18042
1659 9443 -18146
1660 9483 -18190
1661 9429 -18094
1662 9473 -18278
1663 9409 -17998
1664 9417 -18070
1665 9495 -18254
1666 9387 -17970
1667 9397 -18018
1668 9391 -17946
1669 9421 -18002
1670 9379 -17922
1671 9377 -17938
1672 9387 -17930
1673 9373 -17918
1674 9455 -18174
1675 9469 -18130
1676 9437 -18182
1677 9365 -18030
1678 9389 -18042
1679 9349 -18002
1680 9403 -18002
1681 9319 -17746
1682 9315 -17810
1683 9261 -17598
1684 9367 -17770
1685 9379 -17906
1686 9405 -17930
1687 9473 -18138
1688 9459 -18098
1689 9493 -18158
1690 9531 -18326
1691 9563 -18374
1692 9573 -18342
1693 9485 -18086
1694 9391 -17870
1695 9387 -17930
1696 9337 -17922
1697 9363 -17938
1698 9417 -18086
1699 9417 -18202
1700 9459 -18274
1701 9383 -18026
1702 9365 -18042
1703 9363 -18058
1704 9411 -18102
1705 9381 -18038
1706 9379 -18038
1707 9349 -17986
1708 9399 -18118
1709 9331 -17874
1710 9383 -17974
1711 9369 -17918
1712 9477 -18138
1713 9403 -18022
1714 9341 -17886
1715 9347 -17978
1716 9365 -17926
1717 9339 -17890
1718 9281 -17746
1719 9327 -17894
1720 9279 -17798
1721 9329 -18014
1722 9307 -17966
1723 9397 -18034
1724 9357 -18026
1725 9309 -17822
1726 9333 -17946
1727 9335 -17902
1728 9295 -17762
1729 9323 -17822
1730 9447 -18142
1731 9413 -18114
1732 9431 -18090
1733 9449 -18218
1734 9379 -18050
1735 9343 -17966
1736 9349 -17986
1737 9327 -17886
1738 9289 -17774
1739 9165 -17478
1740 9265 -17750
1741 9343 -17854
1742 9333 -17846
1743 9371 -17970
1744 9335 -17878
1745 9325 -17814
1746 9391 -18018
1747 9307 -17834
1748 9347 -17870
1749 9347 -17874
1750 9361 -17766
1751 9441 -18066
1752 9373 -17930
1753 9391 -18006
1754 9431 -17994
1755 9383 -17970
1756 9415 -18006
1757 9437 -18050
1758 9461 -18142
1759 9513 -18206
1760 9491 -18150
1761 9511 -18306
1762 9515 -18234
1763 9471 -18070
1764 9461 -18062
1765 9421 -17950
1766 9341 -17706
1767 9273 -17618
1768 9289 -17614
1769 9255 -17650
1770 9341 -17842
1771 9369 -17938
1772 9359 -17922
1773 9251 -17690
1774 9321 -17846
1775 9337 -17930
1776 9335 -17950
1777 9337 -17910
1778 9367 -17978
1779 9321 -17846
1780 9279 -17786
1781 9259 -17670
1782 9211 -17586
1783 9223 -17618
1784 9173 -17562
1785 9171 -17574
1786 9147 -17470
1787 9199 -17626
1788 9163 -17626
1789 9163 -17522
1790 9277 -17890
1791 9221 -17730
1792 9201 -17714
1793 9099 -17366
1794 9189 -17622
1795 9257 -17742
1796 9327 -17838
1797 9429 -18034
1798 9413 -17986
1799 9365 -17874
1800 9417 -17974
1801 9459 -18122
1802 9459 -18122
1803 9451 -18098
1804 9461 -18042
1805 9545 -18282
1806 9549 -18314
1807 9545 -18338
1808 9561 -18386
1809 9499 -18170
1810 9463 -18130
1811 9487 -18186
1812 9457 -18250
1813 9401 -18066
1814 9385 -18054
1815 9345 -17946
1816 9249 -17674
1817 9297 -17894
1818 9353 -18050
1819 9333 -17926
1820 9339 -18026
1821 9311 -17866
1822 9333 -17942
1823 9391 -18070
1824 9341 -17986
1825 9325 -17958
1826 9413 -18138
1827 9443 -18066
1828 9469 -18194
1829 9377 -17918
1830 9345 -18006
1831 9375 -17974
1832 9431 -18014
1833 9319 -17786
1834 9381 -18050
1835 9455 -18282
1836 9363 -18006
1837 9343 -17938
1838 9245 -17618
1839 9303 -17846
1840 9181 -17594
1841 9177 -17674
1842 9225 -17686
1843 9297 -17866
1844 9357 -17986
1845 9413 -18214
1846 9325 -17814
1847 9279 -17758
1848 9293 -17786
1849 9279 -17794
1850 9265 -17786
1851 9241 -17742
1852 9221 -17662
1853 9275 -17774
1854 9333 -17854
1855 9331 -17914
1856 9265 -17702
1857 9247 -17718
1858 9279 -17858
1859 9287 -17934
1860 9213 -17726
1861 9255 -17886
1862 9193 -17730
1863 9249 -17738
1864 9243 -17718
1865 9277 -17762
1866 9259 -17574
1867 9249 -17726
1868 9255 -17826
1869 9227 -17714
1870 9277 -17778
1871 9359 -17958
1872 9337 -17878
1873 9311 -17838
1874 9355 -17986
1875 9323 -17930
1876 9289 -17870
1877 9249 -17686
1878 9295 -17842
1879 9297 -17762
1880 9369 -17990
1881 9349 -17930
1882 9317 -17838
1883 9291 -17746
1884 9315 -17810
1885 9357 -17926
1886 9377 -18030
1887 9381 -17994
1888 9363 -17990
1889 9347 -17878
1890 9339 -17898
1891 9311 -17774
1892 9381 -17978
1893 9431 -18078
1894 9361 -17858
1895 9295 -17770
1896 9317 -17818
1897 9315 -17802
1898 9365 -17906
1899 9387 -17922
1900 9363 -17854
1901 9383 -17866
1902 9415 -17982
1903 9409 -17970
1904 9443 -18086
1905 9367 -17874
1906 9385 -17962
1907 9403 -18014
1908 9333 -17806
1909 9361 -17822
1910 9393 -18006
1911 9475 -18186
1912 9453 -18242
1913 9417 -18130
1914 9395 -18034
1915 9379 -18038
1916 9359 -17834
1917 9413 -18118
1918 9375 -17998
1919 9331 -17830
1920 9341 -17938
1921 9269 -17810
1922 9341 -17850
1923 9399 -18026
1924 9359 -17894
1925 9353 -17842
1926 9311 -17918
1927 9241 -17778
1928 9239 -17702
1929 9161 -17562
1930 9195 -17698
1931 9175 -17694
1932 9225 -17862
1933 9257 -17874
1934 9259 -17786
1935 9331 -17982
1936 9345 -17946
1937 9403 -18030
1938 9445 -18198
1939 9311 -17810
1940 9273 -17726
1941 9237 -17550
1942 9257 -17762
1943 9163 -17558
1944 9273 -17870
1945 9303 -17970
1946 9281 -17850
1947 9271 -17718
1948 9329 -17878
1949 9287 -17786
1950 9229 -17766
1951 9273 -17862
1952 9261 -17806
1953 9287 -17878
1954 9331 -17962
1955 9327 -18010
1956 9275 -17818
1957 9269 -17842
1958 9301 -17842
1959 9413 -18014
1960 9379 -17938
1961 9391 -17974
1962 9373 -18010
1963 9343 -17998
1964 9315 -17918
1965 9349 -17970
1966 9375 -17958
1967 9407 -18030
1968 9321 -17822
1969 9235 -17610
1970 9201 -17530
1971 9267 -17762
1972 9275 -17662
1973 9339 -17862
1974 9313 -17838
1975 9253 -17646
1976 9249 -17678
1977 9219 -17646
1978 9239 -17646
1979 9325 -17902
1980 9431 -18102
1981 9347 -17966
1982 9411 -18038
1983 9371 -17990
1984 9423 -18178
1985 9451 -18194
1986 9441 -18174
1987 9379 -18014
1988 9321 -17834
1989 9335 -17926
1990 9473 -18226
1991 9471 -18174
1992 9449 -18042
1993 9401 -18038
1994 9347 -18006
1995 9177 -17602
1996 9205 -17626
1997 9189 -17578
1998 9217 -17710
1999 9205 -17790
2000 9259 -17846
2001 9275 -17834
2002 9297 -17750
2003 9271 -17730
2004 9153 -17446
2005 9237 -17610
2006 9221 -17654
2007 9249 -17762
2008 9299 -17762
2009 9341 -17962
2010 9345 -17978
2011 9315 -17902
2012 9371 -17986
2013 9399 -18066
2014 9403 -18178
2015 9371 -18066
2016 9411 -18162
2017 9349 -17990
2018 9365 -17950
2019 9203 -17714
2020 9237 -17818
2021 9207 -17750
2022 9285 -17978
2023 9247 -17934
2024 9253 -17946
2025 9309 -18054
2026 9291 -17930
2027 9209 -17838
2028 9191 -17742
2029 9219 -17738
2030 9167 -17626
2031 9243 -17778
2032 9273 -17882
2033 9151 -17558
2034 9123 -17566
2035 9165 -17734
2036 9247 -17838
2037 9245 -17898
2038 9149 -17710
2039 9255 -17822
2040 9327 -17926
2041 9309 -17938
2042 9295 -17850
2043 9299 -17822
2044 9285 -17782
2045 9385 -18074
2046 9417 -18158
2047 9359 -18046
2048 9327 -17922
2049 9263 -17790
2050 9329 -18014
2051 9389 -18018
2052 9355 -17926
2053 9329 -17782
2054 9335 -17942
2055 9173 -17654
2056 9221 -17770
2057 9219 -17706
2058 9113 -17458
2059 9183 -17646
2060 9277 -17894
2061 9217 -17814
2062 9187 -17830
2063 9163 -17654
2064 9195 -17818
2065 9173 -17750
2066 9191 -17878
2067 9033 -17450
2068 9081 -17638
2069 9135 -17854
2070 9169 -17862
2071 9171 -17902
2072 9155 -17934
2073 9155 -17894
2074 9161 -17830
2075 9197 -17886
2076 9147 -17674
2077 9203 -17866
2078 9163 -17870
2079 9165 -17758
2080 9169 -17826
2081 9161 -17642
2082 9209 -17814
2083 9275 -17982
2084 9251 -17858
2085 9293 -17958
2086 9283 -17966
2087 9293 -17902
2088 9285 -17822
2089 9335 -18114
2090 9361 -18166
2091 9359 -17998
2092 9445 -18210
2093 9389 -18066
2094 9323 -17954
2095 9367 -18050
2096 9373 -17914
2097 9331 -17846
2098 9301 -17826
2099 9251 -17814
2100 9211 -17710
2101 9195 -17622
2102 9205 -17642
2103 9241 -17590
2104 9249 -17762
2105 9245 -17754
2106 9383 -18030
2107 9451 -18266
2108 9415 -18114
2109 9403 -18074
2110 9371 -17874
2111 9411 -17950
2112 9433 -18106
2113 9355 -18014
2114 9353 -18018
2115 9335 -17926
2116 9291 -17790
2117 9367 -17982
2118 9373 -17966
2119 9365 -17958
2120 9439 -18110
2121 9425 -18134
2122 9369 -18030
2123 9389 -18110
2124 9303 -17930
2125 9317 -17970
2126 9215 -17758
2127 9337 -18018
2128 9329 -18026
2129 9365 -18046
2130 9323 -17998
2131 9331 -17886
2132 9315 -17834
2133 9251 -17726
2134 9317 -17906
2135 9347 -17986
2136 9313 -17946
2137 9301 -17894
2138 9279 -17886
2139 9231 -17870
2140 9217 -17794
2141 9135 -17490
2142 9227 -17770
2143 9277 -17810
2144 9287 -17874
2145 9373 -18006
2146 9365 -17958
2147 9383 -18026
2148 9391 -17994
2149 9287 -17754
2150 9283 -17814
2151 9289 -17830
2152 9219 -17554
2153 9157 -17518
2154 9241 -17570
2155 9325 -17818
2156 9343 -17850
2157 9357 -17842
2158 9381 -17954
2159 9335 -17874
2160 9477 -18254
2161 9487 -18210
2162 9497 -18250
2163 9521 -18262
2164 9471 -18150
2165 9453 -18046
2166 9389 -18002
2167 9453 -18174
2168 9423 -18054
2169 9435 -18026
2170 9415 -17930
2171 9423 -18018
2172 9447 -18022
2173 9433 -18006
2174 9427 -17974
2175 9429 -18026
2176 9369 -17870
2177 9367 -17910
2178 9347 -17830
2179 9349 -17774
2180 9443 -18078
2181 9437 -18214
2182 9411 -18026
2183 9369 -17926
2184 9423 -18130
2185 9463 -18114
2186 9385 -17998
2187 9369 -18034
2188 9401 -18074
2189 9379 -18106
2190 9423 -18102
2191 9311 -17834
2192 9345 -17894
2193 9277 -17762
2194 9271 -17738
2195 9253 -17658
2196 9329 -17918
2197 9295 -17770
2198 9309 -17766
2199 9331 -17910
2200 9339 -17950
2201 9315 -17962
2202 9257 -17866
2203 9331 -17914
2204 9415 -18114
2205 9369 -17906
2206 9357 -17814
2207 9277 -17662
2208 9207 -17514
2209 9267 -17658
2210 9309 -17790
2211 9291 -17746
2212 9333 -17910
2213 9315 -17822
2214 9357 -17994
2215 9337 -17910
2216 9373 -18010
2217 9329 -17838
2218 9359 -17926
2219 9337 -17878
2220 9389 -17922
2221 9341 -17890
2222 9353 -17898
2223 9291 -17766
2224 9359 -18026
2225 9271 -17862
2226 9273 -17854
2227 9227 -17738
2228 9165 -17550
2229 9213 -17610
2230 9161 -17582
2231 9163 -17654
2232 9229 -17722
2233 9275 -17682
2234 9309 -17686
2235 9335 -17850
2236 9275 -17830
2237 9315 -17946
2238 9357 -18074
2239 9313 -17874
2240 9329 -17946
2241 9401 -18002
2242 9375 -17994
2243 9395 -17990
2244 9395 -18086
2245 9373 -17994
2246 9341 -17846
2247 9397 -18058
2248 9329 -17846
2249 9279 -17710
2250 9337 -17858
2251 9373 -18074
2252 9355 -17966
2253 9265 -17842
2254 9221 -17602
2255 9255 -17770
2256 9211 -17582
2257 9305 -17726
2258 9339 -17922
2259 9367 -17882
2260 9361 -17918
2261 9385 -17894
2262 9451 -18118
2263 9411 -17970
2264 9465 -18070
2265 9365 -17894
2266 9409 -17982
2267 9405 -17998
2268 9385 -17922
2269 9449 -18050
2270 9449 -18122
2271 9401 -18070
2272 9373 -17994
2273 9427 -18178
2274 9399 -18030
2275 9449 -18114
2276 9393 -18002
2277 9287 -17778
2278 9331 -17870
2279 9367 -17902
2280 9373 -17926
2281 9451 -18142
2282 9421 -18062
2283 9481 -18238
2284 9381 -17994
2285 9425 -18046
2286 9465 -18206
2287 9395 -18066
2288 9403 -17978
2289 9315 -17754
2290 9319 -17818
2291 9313 -17758
2292 9323 -17814
2293 9327 -17878
2294 9295 -17734
2295 9289 -17782
2296 9221 -17558
2297 9263 -17594
2298 9291 -17746
2299 9337 -17886
2300 9341 -17890
2301 9327 -17866
2302 9287 -17810
2303 9283 -17790
2304 9339 -17966
2305 9261 -17790
2306 9281 -17870
2307 9269 -17790
2308 9257 -17714
2309 9347 -18030
2310 9395 -18098
2311 9409 -18114
2312 9343 -17970
2313 9317 -17778
2314 9343 -17922
2315 9359 -17962
2316 9397 -17990
2317 9385 -17890
2318 9275 -17650
2319 9279 -17794
2320 9319 -17826
2321 9291 -17758
2322 9303 -17806
2323 9261 -17734
2324 9241 -17702
2325 9277 -17718
2326 9287 -17778
2327 9387 -18042
2328 9331 -17914
2329 9279 -17822
2330 9229 -17686
2331 9197 -17658
2332 9177 -17606
2333 9145 -17522
2334 9081 -17370
2335 9117 -17490
2336 9169 -17646
2337 9239 -17926
2338 9211 -17782
2339 9239 -17842
2340 9333 -18006
2341 9353 -17962
2342 9369 -18026
2343 9441 -18162
2344 9451 -18158
2345 9503 -18266
2346 9457 -18134
2347 9439 -18078
2348 9351 -17938
2349 9317 -17754
2350 9355 -17922
2351 9323 -17902
2352 9309 -17910
2353 9335 -17918
2354 9279 -17826
2355 9357 -17918
2356 9379 -18006
2357 9405 -18170
2358 9327 -17906
2359 9333 -18062
2360 9397 -18074
2361 9403 -18038
2362 9305 -17866
2363 9325 -17914
2364 9359 -18074
2365 9381 -18098
2366 9361 -17978
2367 9373 -18030
2368 9337 -17910
2369 9339 -17850
2370 9367 -18058
2371 9421 -18146
2372 9407 -18074
2373 9447 -18142
2374 9267 -17706
2375 9319 -17938
2376 9243 -17850
2377 9235 -17742
2378 9281 -17886
2379 9359 -18046
2380 9325 -17974
2381 9191 -17674
2382 9243 -17706
2383 9303 -17886
2384 9247 -17770
2385 9233 -17846
2386 9179 -17662
2387 9185 -17830
2388 9263 -17938
2389 9249 -17886
2390 9221 -17882
2391 9161 -17802
2392 9173 -17710
2393 9229 -17958
2394 9323 -18022
2395 9251 -17798
2396 9233 -17902
2397 9257 -17998
2398 9321 -17994
2399 9351 -18126
2400 9321 -18022
2401 9317 -18026
2402 9301 -18042
2403 9319 -18102
2404 9345 -18126
2405 9365 -18094
2406 9331 -18030
2407 9297 -17978
2408 9277 -17850
2409 9299 -17910
2410 9305 -17950
2411 9387 -18090
2412 9359 -17974
2413 9359 -18082
2414 9345 -18062
2415 9325 -17974
2416 9437 -18214
2417 9455 -18246
2418 9439 -18162
2419 9425 -18094
2420 9409 -18150
2421 9373 -17962
2422 9313 -17818
2423 9425 -18046
2424 9415 -18090
2425 9365 -17942
2426 9305 -17878
2427 9237 -17662
2428 9309 -17806
2429 9291 -17774
2430 9283 -17802
2431 9351 -17866
2432 9371 -18006
2433 9377 -17994
2434 9327 -17882
2435 9303 -17866
2436 9367 -17938
2437 9247 -17598
2438 9317 -17930
2439 9359 -17882
2440 9331 -17774
2441 9385 -17906
2442 9375 -17910
2443 9353 -17902
2444 9415 -18130
2445 9381 -18066
2446 9345 -17934
2447 9433 -18126
2448 9393 -17974
2449 9427 -18046
2450 9421 -17994
2451 9391 -17898
2452 9367 -17926
2453 9439 -18142
2454 9427 -18030
2455 9449 -18214
2456 9377 -17922
2457 9429 -18022
2458 9485 -18186
2459 9483 -18226
2460 9477 -18278
2461 9479 -18162
2462 9415 -17998
2463 9487 -18230
2464 9447 -18090
2465 9457 -18114
2466 9433 -18022
2467 9469 -18238
2468 9513 -18238
2469 9449 -18094
2470 9463 -18210
2471 9403 -17962
2472 9379 -17938
2473 9389 -17934
2474 9335 -17898
2475 9337 -17894
2476 9355 -17830
2477 9417 -18018
2478 9353 -17930
2479 9349 -17842
2480 9379 -17946
2481 9341 -17830
2482 9213 -17634
2483 9133 -17518
2484 9179 -17634
2485 9169 -17638
2486 9283 -17838
2487 9311 -17858
2488 9329 -17978
2489 9345 -17930
2490 9323 -17902
2491 9215 -17590
2492 9221 -17598
2493 9279 -17826
2494 9371 -18050
2495 9389 -17958
2496 9423 -18138
2497 9315 -17854
2498 9395 -17898
2499 9303 -17746
2500 9273 -17794
2501 9221 -17594
2502 9273 -17750
2503 9363 -18030
2504 9379 -17966
2505 9313 -17766
2506 9233 -17638
2507 9281 -17726
2508 9353 -17858
2509 9345 -17826
2510 9413 -18022
2511 9343 -17846
2512 9335 -17830
2513 9365 -17930
2514 9483 -18086
2515 9447 -17950
2516 9429 -17966
2517 9407 -17990
2518 9301 -17810
2519 9307 -17814
2520 9309 -17842
2521 9295 -17806
2522 9407 -17950
2523 9423 -17938
2524 9459 -18034
2525 9449 -18030
2526 9423 -18054
2527 9429 -18078
2528 9423 -17986
2529 9369 -17842
2530 9323 -17722
2531 9239 -17446
2532 9319 -17690
2533 9231 -17690
2534 9213 -17614
2535 9329 -17918
2536 9357 -18050
2537 9363 -17982
2538 9365 -17890
2539 9345 -17834
2540 9303 -17826
2541 9277 -17850
2542 9239 -17710
2543 9241 -17710
2544 9315 -17838
2545 9319 -17962
2546 9429 -18106
2547 9417 -17938
2548 9463 -18054
2549 9415 -17950
2550 9363 -17914
2551 9407 -17994
2552 9375 -17858
2553 9415 -17970
2554 9543 -18342
2555 9493 -18162
2556 9403 -18070
2557 9347 -17906
2558 9339 -17966
2559 9339 -17870
2560 9297 -17818
2561 9383 -17978
2562 9393 -18094
2563 9315 -17838
2564 9289 -17698
2565 9269 -17710
2566 9399 -17950
2567 9445 -18114
2568 9469 -18138
2569 9485 -18210
2570 9481 -18214
2571 9473 -18286
2572 9451 -18170
2573 9359 -17882
2574 9301 -17822
2575 9281 -17818
2576 9279 -17886
2577 9305 -17906
2578 9347 -17998
2579 9445 -18182
2580 9327 -17886
2581 9399 -18126
2582 9379 -17938
2583 9401 -17950
2584 9365 -17902
2585 9397 -18042
2586 9349 -17874
2587 9325 -17890
2588 9309 -17738
2589 9341 -17814
2590 9295 -17790
2591 9331 -17938
2592 9325 -17782
2593 9305 -17774
2594 9363 -17898
2595 9319 -17790
2596 9321 -17842
2597 9323 -17890
2598 9367 -17878
2599 9437 -18094
2600 9419 -18078
2601 9359 -17862
2602 9385 -17898
2603 9479 -18142
2604 9463 -18050
2605 9425 -18002
2606 9405 -17946
2607 9341 -17882
2608 9397 -18046
2609 9441 -18034
2610 9381 -17890
2611 9373 -17838
2612 9417 -18158
2613 9425 -18126
2614 9369 -17954
2615 9347 -17950
2616 9245 -17650
2617 9277 -17774
2618 9205 -17546
2619 9201 -17706
2620 9285 -17866
2621 9341 -17938
2622 9325 -17906
2623 9203 -17606
2624 9231 -17654
2625 9211 -17558
2626 9301 -17926
2627 9311 -17918
2628 9269 -17826
2629 9269 -17846
2630 9273 -17886
2631 9331 -18110
2632 9351 -18070
2633 9395 -18142
2634 9353 -18006
2635 9235 -17786
2636 9273 -17774
2637 9289 -17838
2638 9343 -17942
2639 9369 -18090
2640 9375 -18090
2641 9303 -17922
2642 9233 -17778
2643 9281 -17814
2644 9209 -17594
2645 9081 -17374
2646 9183 -17622
2647 9147 -17570
2648 9243 -17838
2649 9291 -17998
2650 9243 -17698
2651 9193 -17698
2652 9111 -17490
2653 9115 -17454
2654 9165 -17566
2655 9169 -17586
2656 9257 -17782
2657 9249 -17682
2658 9355 -18046
2659 9379 -18062
2660 9277 -17774
2661 9329 -17878
2662 9345 -17962
2663 9323 -17834
2664 9351 -17962
2665 9357 -17886
2666 9367 -17926
2667 9439 -18142
2668 9415 -18070
2669 9399 -18022
2670 9329 -17854
2671 9351 -17986
2672 9403 -18106
2673 9385 -17998
2674 9367 -18006
2675 9383 -17926
2676 9409 -18018
2677 9373 -17958
2678 9299 -17738
2679 9351 -17826
2680 9381 -17946
2681 9353 -17858
2682 9417 -18118
2683 9303 -17834
2684 9323 -17986
2685 9329 -17902
2686 9329 -17902
2687 9275 -17734
2688 9327 -17850
2689 9395 -18014
2690 9373 -17954
2691 9427 -18134
2692 9387 -18022
2693 9355 -17878
2694 9275 -17714
2695 9325 -17890
2696 9321 -17866
2697 9313 -17878
2698 9313 -17882
2699 9283 -17714
2700 9291 -17782
2701 9337 -17930
2702 9395 -18018
2703 9407 -18026
2704 9389 -18002
2705 9383 -17962
2706 9417 -18106
2707 9415 -18050
2708 9469 -18142
2709 9509 -18138
2710 9477 -18070
2711 9451 -18026
2712 9541 -18298
2713 9481 -18170
2714 9479 -18174
2715 9455 -18034
2716 9491 -18070
2717 9413 -18106
2718 9447 -18194
2719 9425 -17998
2720 9393 -17946
2721 9385 -17938
2722 9403 -17978
2723 9315 -17842
2724 9291 -17802
2725 9267 -17754
2726 9343 -17978
2727 9395 -18062
2728 9363 -17830
2729 9315 -17838
2730 9391 -17978
2731 9363 -17954
2732 9399 -17966
2733 9359 -17954
2734 9341 -17990
2735 9363 -17922
2736 9373 -18082
2737 9379 -18046
2738 9275 -17770
2739 9217 -17658
2740 9267 -17782
2741 9243 -17778
2742 9281 -17810
2743 9271 -17678
2744 9333 -17838
2745 9357 -17866
2746 9311 -17890
2747 9303 -17846
2748 9375 -17970
2749 9339 -17958
2750 9367 -18038
2751 9427 -18034
2752 9459 -18070
2753 9487 -18090
2754 9417 -18006
2755 9433 -18034
2756 9403 -17998
2757 9343 -17914
2758 9293 -17850
2759 9225 -17722
2760 9243 -17754
2761 9343 -17882
2762 9381 -18014
2763 9433 -18182
2764 9377 -18022
2765 9363 -17970
2766 9323 -17942
2767 9323 -17986
2768 9245 -17866
2769 9193 -17674
2770 9193 -17626
2771 9199 -17626
2772 9269 -17714
2773 9265 -17718
2774 9293 -17782
2775 9265 -17714
2776 9273 -17690
2777 9331 -17810
2778 9347 -17866
2779 9351 -17786
2780 9357 -17914
2781 9293 -17822
2782 9309 -17906
2783 9303 -18002
2784 9217 -17854
2785 9185 -17710
2786 9165 -17662
2787 9119 -17638
2788 9095 -17698
2789 9129 -17654
2790 9191 -17794
2791 9195 -17722
2792 9203 -17706
2793 9273 -17842
2794 9243 -17770
2795 9297 -17814
2796 9271 -17746
2797 9285 -17826
2798 9277 -17890
2799 9265 -17770
2800 9233 -17706
2801 9253 -17650
2802 9353 -17866
2803 9415 -18058
2804 9419 -18146
2805 9283 -17798
2806 9375 -18014
2807 9395 -17986
2808 9413 -18110
2809 9385 -18006
2810 9353 -17970
2811 9403 -18066
2812 9379 -18038
2813 9425 -18230
2814 9501 -18342
2815 9473 -18242
2816 9377 -18046
2817 9361 -18082
2818 9327 -18006
2819 9289 -17766
2820 9253 -17650
2821 9269 -17662
2822 9299 -17846
2823 9317 -17922
2824 9337 -17970
2825 9371 -18022
2826 9333 -17910
2827 9313 -17842
2828 9343 -17962
2829 9351 -17990
2830 9375 -18078
2831 9363 -17990
2832 9333 -17834
2833 9369 -17946
2834 9373 -17886
2835 9375 -18022
2836 9351 -18022
2837 9341 -17906
2838 9333 -17874
2839 9377 -18074
2840 9401 -18138
2841 9355 -18114
2842 9393 -18122
2843 9269 -17814
2844 9269 -17754
2845 9229 -17662
2846 9239 -17694
2847 9263 -17690
2848 9291 -17654
2849 9299 -17738
2850 9343 -17894
2851 9297 -17866
2852 9361 -18014
2853 9331 -17986
2854 9279 -17802
2855 9375 -18014
2856 9341 -17926
2857 9345 -17846
2858 9375 -18002
2859 9277 -17718
2860 9333 -17842
2861 9431 -18058
2862 9473 -18078
2863 9441 -18038
2864 9453 -18038
2865 9469 -18126
2866 9449 -17990
2867 9493 -18150
2868 9393 -17934
2869 9471 -18166
2870 9377 -17906
2871 9397 -18042
2872 9307 -17818
2873 9325 -17910
2874 9351 -17938
2875 9323 -17898
2876 9313 -17778
2877 9257 -17770
2878 9263 -17770
2879 9291 -17806
2880 9287 -17794
2881 9329 -17974
2882 9283 -17918
2883 9359 -18110
2884 9369 -17898
2885 9379 -17914
2886 9431 -18054
2887 9451 -18030
2888 9397 -17910
2889 9423 -17946
2890 9443 -18134
2891 9383 -18006
2892 9351 -17918
2893 9325 -17826
2894 9259 -17654
2895 9243 -17722
2896 9239 -17582
2897 9391 -18010
2898 9333 -17830
2899 9383 -17938
2900 9439 -18074
2901 9425 -18042
2902 9387 -17902
2903 9325 -17794
2904 9367 -17974
2905 9279 -17882
2906 9225 -17658
2907 9255 -17726
2908 9241 -17754
2909 9263 -17826
2910 9313 -18018
2911 9381 -18010
2912 9335 -17846
2913 9301 -17722
2914 9311 -17830
2915 9239 -17698
2916 9183 -17662
2917 9265 -17882
2918 9319 -17894
2919 9403 -18042
2920 9379 -18066
2921 9299 -17890
2922 9375 -18074
2923 9311 -17842
2924 9387 -17978
2925 9329 -17958
2926 9213 -17690
2927 9245 -17686
2928 9313 -17746
2929 9351 -17926
2930 9333 -17838
2931 9313 -17806
2932 9351 -17930
2933 9381 -18062
2934 9353 -18034
2935 9317 -17818
2936 9353 -17970
2937 9435 -18082
2938 9321 -17738
2939 9375 -17910
2940 9389 -18006
2941 9455 -18198
2942 9383 -18018
2943 9353 -17934
2944 9371 -17894
2945 9411 -18106
2946 9387 -17942
2947 9341 -17822
2948 9387 -17870
2949 9373 -17958
2950 9357 -17866
2951 9285 -17722
2952 9313 -17702
2953 9325 -17710
2954 9351 -17810
2955 9389 -17906
2956 9361 -17846
2957 9383 -17926
2958 9361 -17910
2959 9449 -18110
2960 9431 -18146
2961 9417 -18114
2962 9381 -18010
2963 9435 -18058
2964 9445 -18042
2965 9399 -17918
2966 9399 -17966
2967 9345 -17902
2968 9337 -17870
2969 9393 -18022
2970 9331 -17926
2971 9357 -17858
2972 9441 -18034
2973 9439 -18102
2974 9401 -17922
2975 9461 -18014
2976 9395 -17922
2977 9445 -18090
2978 9377 -18078
2979 9319 -17886
2980 9399 -18170
2981 9343 -18014
2982 9319 -17950
2983 9349 -18002
2984 9355 -17934
2985 9369 -17926
2986 9359 -18058
2987 9407 -18166
2988 9413 -18190
2989 9411 -18122
2990 9457 -18106
2991 9407 -18094
2992 9373 -17942
2993 9347 -17762
2994 9315 -17814
2995 9299 -17814
2996 9381 -17982
2997 9435 -18146
2998 9451 -18186
2999 9417 -18118
3000 9351 -18006
3001 9377 -18082
3002 9371 -17962
3003 9431 -18018
3004 9447 -18018
3005 9393 -17922
3006 9391 -17958
3007 9385 -17990
3008 9323 -17850
3009 9341 -17850
3010 9319 -17694
3011 9343 -17822
3012 9361 -17838
3013 9293 -17642
3014 9295 -17742
3015 9299 -17702
3016 9335 -17890
3017 9261 -17810
3018 9223 -17646
3019 9233 -17598
3020 9241 -17722
3021 9345 -17926
3022 9389 -18058
3023 9371 -18022
3024 9309 -17794
3025 9369 -17994
3026 9357 -17878
3027 9371 -17914
3028 9345 -17870
3029 9291 -17722
3030 9381 -17906
3031 9425 -18106
3032 9435 -18122
3033 9411 -18002
3034 9467 -18170
3035 9421 -18082
3036 9425 -18010
3037 9443 -18010
3038 9485 -18142
3039 9431 -18018
3040 9373 -17918
3041 9427 -18018
3042 9425 -18014
3043 9451 -18094
3044 9431 -17998
3045 9425 -17954
3046 9347 -17938
3047 9365 -17894
3048 9501 -18210
3049 9543 -18338
3050 9485 -18190
3051 9415 -17962
3052 9333 -17814
3053 9367 -17922
3054 9285 -17838
3055 9325 -17886
3056 9271 -17718
3057 9295 -17846
3058 9323 -17990
3059 9287 -17830
3060 9349 -17902
3061 9391 -18050
3062 9389 -18002
3063 9405 -18050
3064 9401 -18030
3065 9413 -18050
3066 9403 -17978
3067 9413 -18070
3068 9463 -18142
3069 9477 -18198
3070 9323 -17786
3071 9309 -17802
3072 9345 -17886
3073 9359 -17934
3074 9379 -17994
3075 9303 -17782
3076 9265 -17694
3077 9225 -17594
3078 9269 -17690
3079 9333 -17898
3080 9353 -17850
3081 9329 -17734
3082 9331 -17822
3083 9365 -17970
3084 9341 -17858
3085 9315 -17830
3086 9331 -17814
3087 9311 -17722
3088 9339 -17810
3089 9313 -17714
3090 9327 -17826
3091 9345 -17810
3092 9317 -17826
3093 9289 -17746
3094 9395 -17906
3095 9371 -17958
3096 9401 -17918
3097 9329 -17762
3098 9295 -17830
3099 9333 -17830
3100 9389 -18074
3101 9385 -17982
3102 9395 -18014
3103 9377 -17886
3104 9379 -17966
3105 9347 -17894
3106 9313 -17738
3107 9327 -17766
3108 9381 -17966
3109 9463 -18094
3110 9485 -18150
3111 9455 -18070
3112 9455 -18014
3113 9489 -18086
3114 9495 -18190
3115 9467 -18126
3116 9523 -18322
3117 9447 -18158
3118 9437 -18122
3119 9509 -18350
3120 9411 -18066
3121 9381 -17986
3122 9345 -17942
3123 9267 -17778
3124 9297 -17702
3125 9417 -18110
3126 9413 -18014
3127 9481 -18194
3128 9461 -18158
3129 9431 -17998
3130 9463 -18138
3131 9405 -18046
3132 9359 -17870
3133 9327 -17926
3134 9319 -17994
3135 9309 -17934
3136 9373 -18078
3137 9409 -18146
3138 9375 -18002
3139 9429 -18142
3140 9437 -18098
3141 9427 -18006
3142 9423 -18110
3143 9477 -18166
3144 9439 -18126
3145 9473 -18166
3146 9363 -17966
3147 9333 -17962
3148 9355 -17966
3149 9393 -17922
3150 9387 -17974
3151 9417 -18126
3152 9299 -17806
3153 9327 -17826
3154 9291 -17794
3155 9317 -17878
3156 9371 -17994
3157 9361 -17918
3158 9437 -18062
3159 9427 -18050
3160 9427 -18002
3161 9379 -17970
3162 9253 -17702
3163 9259 -17726
3164 9261 -17778
3165 9267 -17726
3166 9295 -17830
3167 9311 -17922
3168 9291 -17854
3169 9307 -17850
3170 9373 -17938
3171 9357 -17950
3172 9381 -17986
3173 9335 -17822
3174 9423 -18034
3175 9401 -17950
3176 9347 -17858
3177 9361 -17938
3178 9409 -18154
3179 9363 -18034
3180 9357 -17954
3181 9343 -17874
3182 9319 -17726
3183 9269 -17786
3184 9283 -17678
3185 9347 -17918
3186 9347 -17970
3187 9319 -17994
3188 9293 -17922
3189 9323 -17846
3190 9351 -17986
3191 9271 -17750
3192 9285 -17790
3193 9315 -17834
3194 9351 -17934
3195 9411 -17978
3196 9393 -17926
3197 9461 -18150
3198 9431 -18070
3199 9437 -17998
3200 9339 -17874
3201 9387 -17930
3202 9423 -17934
3203 9453 -18074
3204 9385 -17950
3205 9425 -18062
3206 9323 -17870
3207 9323 -17798
3208 9395 -17994
3209 9461 -18194
3210 9471 -18150
3211 9441 -18054
3212 9435 -17962
3213 9459 -18006
3214 9489 -18150
3215 9429 -18038
3216 9401 -18010
3217 9317 -17786
3218 9231 -17602
3219 9247 -17602
3220 9273 -17698
3221 9263 -17834
3222 9335 -18018
3223 9319 -17966
3224 9255 -17734
3225 9315 -17970
3226 9317 -17994
3227 9351 -18058
3228 9301 -17874
3229 9315 -17978
3230 9301 -17834
3231 9205 -17626
3232 9201 -17666
3233 9205 -17622
3234 9261 -17826
3235 9305 -17878
3236 9311 -17914
3237 9201 -17650
3238 9197 -17722
3239 9189 -17770
3240 9281 -17966
3241 9333 -18114
3242 9221 -17826
3243 9247 -17806
3244 9291 -17790
3245 9247 -17806
3246 9275 -17906
3247 9263 -17786
3248 9227 -17710
3249 9215 -17666
3250 9221 -17610
3251 9281 -17734
3252 9263 -17682
3253 9253 -17810
3254 9189 -17662
3255 9203 -17558
3256 9245 -17670
3257 9285 -17770
3258 9257 -17770
3259 9263 -17802
3260 9273 -17786
3261 9237 -17706
3262 9147 -17454
3263 9181 -17590
3264 9229 -17754
3265 9239 -17774
3266 9209 -17746
3267 9291 -17838
3268 9233 -17722
3269 9299 -17942
3270 9249 -17866
3271 9269 -17894
3272 9287 -17954
3273 9333 -18122
3274 9381 -18142
3275 9333 -17958
3276 9309 -17822
3277 9301 -17842
3278 9325 -18002
3279 9399 -18094
3280 9381 -17982
3281 9329 -17822
3282 9385 -17926
3283 9371 -17818
3284 9397 -17922
3285 9365 -17930
3286 9305 -17770
3287 9347 -17870
3288 9453 -18022
3289 9433 -17966
3290 9425 -17970
3291 9395 -17938
3292 9379 -17874
3293 9393 -18070
3294 9371 -17874
3295 9441 -17982
3296 9373 -17958
3297 9387 -17938
3298 9393 -17934
3299 9433 -18034
3300 9349 -17698
3301 9389 -17938
3302 9435 -18046
3303 9397 -17930
3304 9389 -17874
3305 9403 -17998
3306 9417 -18026
3307 9443 -18114
3308 9449 -18050
3309 9485 -18154
3310 9411 -17974
3311 9421 -17986
3312 9351 -17894
3313 9329 -17898
3314 9345 -17902
3315 9389 -17986
3316 9439 -18138
3317 9431 -18126
3318 9359 -17934
3319 9319 -17862
3320 9317 -17898
3321 9409 -18046
3322 9385 -17998
3323 9357 -17898
3324 9371 -17942
3325 9389 -17934
3326 9421 -18022
3327 9387 -17994
3328 9371 -17906
3329 9435 -18098
3330 9369 -17950
3331 9313 -17842
3332 9315 -17786
3333 9377 -17950
3334 9367 -17922
3335 9351 -17882
3336 9287 -17782
3337 9305 -17854
3338 9409 -18098
3339 9433 -18150
3340 9345 -17858
3341 9307 -17718
3342 9285 -17670
3343 9269 -17730
3344 9317 -17758
3345 9225 -17622
3346 9261 -17710
3347 9309 -17762
3348 9319 -17798
3349 9423 -17970
3350 9395 -17878
3351 9349 -17846
3352 9359 -17874
3353 9253 -17686
3354 9301 -17798
3355 9317 -17838
3356 9323 -17934
3357 9323 -17810
3358 9283 -17826
3359 9429 -18102
3360 9415 -18138
3361 9489 -18282
3362 9393 -18062
3363 9389 -18038
3364 9363 -17986
3365 9355 -17910
3366 9393 -18050
3367 9447 -18166
3368 9323 -17926
3369 9323 -17850
3370 9365 -17918
3371 9407 -18118
3372 9399 -18014
3373 9339 -17810
3374 9323 -17838
3375 9299 -17790
3376 9285 -17758
3377 9281 -17738
3378 9245 -17722
3379 9219 -17638
3380 9315 -17850
3381 9275 -17846
3382 9343 -17978
3383 9371 -18034
3384 9393 -18210
3385 9347 -18022
3386 9213 -17702
3387 9221 -17818
3388 9169 -17610
3389 9121 -17562
3390 9187 -17678
3391 9253 -17762
3392 9323 -17870
3393 9317 -17914
3394 9369 -18074
3395 9327 -17894
3396 9271 -17714
3397 9339 -17898
3398 9369 -17982
3399 9379 -18062
3400 9451 -18262
3401 9387 -18070
3402 9361 -17938
3403 9383 -18030
3404 9447 -18162
3405 9411 -18066
3406 9323 -17782
3407 9207 -17550
3408 9253 -17566
3409 9307 -17838
3410 9365 -17890
3411 9365 -17926
3412 9393 -17986
3413 9293 -17762
3414 9363 -17922
3415 9367 -17934
3416 9369 -17898
3417 9439 -18050
3418 9457 -18006
3419 9531 -18278
3420 9483 -18222
3421 9515 -18242
3422 9455 -18110
3423 9429 -18066
3424 9435 -18146
3425 9465 -18158
3426 9445 -18130
3427 9399 -17942
3428 9371 -17906
3429 9435 -18102
3430 9461 -18082
3431 9369 -17942
3432 9391 -17994
3433 9397 -17982
3434 9327 -17866
3435 9361 -17946
3436 9447 -18130
3437 9461 -18110
3438 9447 -18042
3439 9387 -17850
3440 9323 -17826
3441 9361 -17882
3442 9409 -17946
3443 9439 -18094
3444 9451 -18130
3445 9377 -17882
3446 9459 -18102
3447 9459 -18082
3448 9429 -18086
3449 9403 -17990
3450 9435 -18110
3451 9469 -18054
3452 9521 -18210
3453 9461 -18054
3454 9419 -17946
3455 9321 -17738
3456 9319 -17754
3457 9239 -17622
3458 9371 -17990
3459 9479 -18290
3460 9371 -18034
3461 9385 -18062
3462 9397 -18098
3463 9473 -18246
3464 9433 -18114
3465 9463 -18274
3466 9431 -18062
3467 9305 -17810
3468 9345 -17822
3469 9311 -17742
3470 9267 -17634
3471 9307 -17738
3472 9295 -17698
3473 9379 -17986
3474 9373 -17994
3475 9403 -18050
3476 9427 -18038
3477 9409 -18022
3478 9405 -17942
3479 9455 -18042
3480 9395 -18038
3481 9423 -18070
3482 9411 -18002
3483 9399 -18018
3484 9357 -18014
3485 9333 -17950
3486 9347 -17910
3487 9251 -17646
3488 9231 -17762
3489 9285 -17790
3490 9289 -17766
3491 9309 -17766
3492 9289 -17706
3493 9461 -18194
3494 9411 -17986
3495 9457 -18090
3496 9397 -17986
3497 9481 -18174
3498 9499 -18194
3499 9371 -17970
3500 9327 -17818
3501 9289 -17642
3502 9181 -17506
3503 9175 -17602
3504 9239 -17682
3505 9239 -17702
3506 9237 -17810
3507 9229 -17770
3508 9193 -17630
3509 9181 -17626
3510 9193 -17662
3511 9207 -17734
3512 9175 -17654
3513 9155 -17626
3514 9117 -17518
3515 9097 -17474
3516 9221 -17722
3517 9249 -17842
3518 9169 -17606
3519 9139 -17582
3520 9195 -17690
3521 9205 -17682
3522 9203 -17582
3523 9221 -17722
3524 9229 -17750
3525 9293 -17878
3526 9247 -17858
3527 9235 -17662
3528 9243 -17682
3529 9209 -17626
3530 9209 -17594
3531 9319 -17766
3532 9307 -17806
3533 9363 -17898
3534 9397 -17902
3535 9327 -17774
3536 9335 -17806
3537 9371 -17946
3538 9283 -17714
3539 9275 -17650
3540 9201 -17554
3541 9107 -17418
3542 9151 -17598
3543 9133 -17594
3544 9087 -17470
3545 9101 -17610
3546 9113 -17478
3547 9155 -17626
3548 9151 -17554
3549 9265 -17754
3550 9189 -17626
3551 9221 -17710
3552 9295 -17958
3553 9263 -17642
3554 9299 -17694
3555 9365 -17850
3556 9461 -18078
3557 9517 -18242
3558 9533 -18270
3559 9431 -18050
3560 9469 -18178
3561 9419 -18014
3562 9413 -18002
3563 9367 -17946
3564 9313 -17894
3565 9297 -17938
3566 9347 -18042
3567 9393 -18122
3568 9347 -17974
3569 9351 -17898
3570 9281 -17762
3571 9311 -17910
3572 9351 -17914
3573 9307 -17850
3574 9315 -17950
3575 9303 -17950
3576 9231 -17686
3577 9255 -17718
3578 9245 -17826
3579 9259 -17698
3580 9257 -17758
3581 9217 -17682
3582 9267 -17854
3583 9267 -17790
3584 9175 -17622
3585 9191 -17610
3586 9201 -17574
3587 9223 -17718
3588 9243 -17686
3589 9333 -17850
3590 9373 -17974
3591 9347 -18066
3592 9305 -17910
3593 9325 -17994
3594 9305 -17934
3595 9191 -17610
3596 9219 -17630
3597 9221 -17726
3598 9245 -17790
3599 9217 -17722
3600 9241 -17754
3601 9307 -17926
3602 9311 -17958
3603 9339 -17866
3604 9321 -17750
3605 9401 -17902
3606 9345 -17722
3607 9417 -17966
3608 9445 -18066
3609 9473 -18194
3610 9473 -18210
3611 9549 -18346
3612 9559 -18386
3613 9499 -18278
3614 9463 -18046
3615 9481 -18170
3616 9357 -17882
3617 9409 -17990
3618 9433 -18130
3619 9361 -17966
3620 9249 -17654
3621 9149 -17590
3622 9233 -17630
3623 9247 -17654
3624 9325 -17886
3625 9353 -17926
3626 9373 -17982
3627 9461 -18134
3628 9397 -17902
3629 9381 -17946
3630 9393 -17946
3631 9363 -17930
3632 9315 -17882
3633 9331 -17878
3634 9259 -17754
3635 9163 -17582
3636 9131 -17506
3637 9215 -17526
3638 9209 -17498
3639 9197 -17538
3640 9231 -17558
3641 9353 -17810
3642 9307 -17750
3643 9335 -17750
3644 9295 -17754
3645 9269 -17626
3646 9291 -17746
3647 9395 -17978
3648 9439 -18046
3649 9547 -18282
3650 9529 -18390
3651 9453 -18194
3652 9481 -18278
3653 9481 -18154
3654 9503 -18174
3655 9477 -18118
3656 9413 -17978
3657 9437 -18062
3658 9363 -17910
3659 9351 -17918
3660 9433 -18038
3661 9405 -17994
3662 9461 -18158
3663 9479 -18238
3664 9407 -18042
3665 9349 -17826
3666 9435 -18010
3667 9463 -18114
3668 9457 -17998
3669 9409 -18002
3670 9391 -17990
3671 9413 -17986
3672 9363 -17902
3673 9295 -17646
3674 9291 -17718
3675 9197 -17666
3676 9247 -17686
3677 9225 -17622
3678 9291 -17750
3679 9317 -17802
3680 9413 -18082
3681 9379 -17986
3682 9403 -17958
3683 9389 -17946
3684 9419 -18006
3685 9423 -18038
3686 9405 -18114
3687 9351 -17978
3688 9335 -17894
3689 9351 -17862
3690 9339 -17890
3691 9383 -18022
3692 9335 -17842
3693 9389 -17978
3694 9415 -18070
3695 9473 -18114
3696 9427 -18018
3697 9403 -17990
3698 9417 -18098
3699 9443 -18170
3700 9503 -18238
3701 9415 -17986
3702 9351 -17822
3703 9351 -17798
3704 9403 -17894
3705 9447 -17986
3706 9401 -18006
3707 9463 -18106
3708 9461 -18050
3709 9363 -17814
3710 9343 -17834
3711 9401 -17950
3712 9377 -18050
3713 9433 -18130
3714 9373 -17954
3715 9415 -18026
3716 9407 -18014
3717 9379 -17850
3718 9275 -17698
3719 9199 -17538
3720 9235 -17662
3721 9151 -17386
3722 9235 -17798
3723 9151 -17638
3724 9203 -17706
3725 9239 -17834
3726 9257 -17858
3727 9221 -17730
3728 9237 -17754
3729 9167 -17658
3730 9245 -17834
3731 9289 -17918
3732 9227 -17870
3733 9205 -17774
3734 9275 -17814
3735 9367 -18110
3736 9327 -17942
3737 9257 -17702
3738 9231 -17694
3739 9145 -17554
3740 9143 -17590
3741 9099 -17670
3742 9109 -17594
3743 9187 -17726
3744 9139 -17650
3745 9129 -17538
3746 9163 -17486
3747 9243 -17778
3748 9329 -18010
3749 9277 -17746
3750 9287 -17926
3751 9253 -17946
3752 9297 -18030
3753 9241 -17878
3754 9247 -17842
3755 9303 -17846
3756 9375 -17978
3757 9289 -17854
3758 9239 -17762
3759 9211 -17658
3760 9253 -17830
3761 9337 -17970
3762 9293 -17886
3763 9317 -17942
3764 9355 -18058
3765 9305 -17842
3766 9319 -17902
3767 9351 -17982
3768 9209 -17714
3769 9167 -17598
3770 9213 -17766
3771 9187 -17654
3772 9187 -17642
3773 9191 -17550
3774 9251 -17726
3775 9275 -17746
3776 9249 -17754
3777 9299 -17922
3778 9291 -17866
3779 9313 -17842
3780 9273 -17822
3781 9405 -18142
3782 9357 -17902
3783 9369 -18010
3784 9331 -17958
3785 9235 -17666
3786 9275 -17598
3787 9335 -17882
3788 9427 -18114
3789 9391 -18010
3790 9379 -17982
3791 9349 -17906
3792 9259 -17694
3793 9261 -17622
3794 9441 -18058
3795 9419 -17998
3796 9375 -17986
3797 9395 -17974
3798 9419 -18034
3799 9399 -18090
3800 9417 -18054
3801 9389 -17930
3802 9321 -17782
3803 9341 -17866
3804 9309 -17834
3805 9333 -18022
3806 9277 -17802
3807 9303 -17850
3808 9335 -17878
3809 9307 -17858
3810 9261 -17766
3811 9345 -17970
3812 9343 -18026
3813 9381 -18086
3814 9327 -17966
3815 9325 -17890
3816 9373 -17922
3817 9323 -17822
3818 9251 -17674
3819 9271 -17762
3820 9259 -17766
3821 9251 -17742
3822 9281 -17874
3823 9217 -17794
3824 9187 -17794
3825 9233 -17806
3826 9277 -17890
3827 9289 -17934
3828 9279 -17846
3829 9297 -17882
3830 9251 -17754
3831 9319 -17838
3832 9383 -17962
3833 9395 -18022
3834 9411 -18006
3835 9407 -17954
3836 9435 -18050
3837 9385 -17934
3838 9267 -17654
3839 9291 -17690
3840 9333 -17754
3841 9357 -17866
3842 9431 -18018
3843 9457 -18126
3844 9389 -18026
3845 9351 -17862
3846 9379 -17990
3847 9353 -17934
3848 9279 -17742
3849 9299 -17802
3850 9325 -17810
3851 9303 -17706
3852 9331 -17766
3853 9317 -17738
3854 9335 -17774
3855 9321 -17746
3856 9337 -17802
3857 9351 -17970
3858 9383 -18006
3859 9319 -17786
3860 9315 -17762
3861 9327 -17790
3862 9413 -17970
3863 9407 -18018
3864 9415 -17982
3865 9373 -17930
3866 9435 -18058
3867 9441 -18058
3868 9447 -18162
3869 9385 -18010
3870 9413 -18086
3871 9369 -18010
3872 9409 -18026
3873 9329 -17946
3874 9365 -17870
3875 9265 -17710
3876 9335 -17870
3877 9347 -17830
3878 9381 -17974
3879 9443 -18102
3880 9369 -17962
3881 9373 -17938
3882 9425 -18106
3883 9439 -18166
3884 9453 -18138
3885 9427 -18098
3886 9427 -18130
3887 9421 -18018
3888 9439 -18098
3889 9383 -17998
3890 9285 -17638
3891 9319 -17774
3892 9355 -17850
3893 9443 -18070
3894 9433 -17990
3895 9461 -18078
3896 9527 -18306
3897 9415 -17982
3898 9433 -17942
3899 9437 -18074
3900 9401 -17942
3901 9493 -18118
3902 9557 -18338
3903 9519 -18234
3904 9513 -18238
3905 9521 -18242
3906 9493 -18242
3907 9461 -18066
3908 9525 -18166
3909 9435 -18074
3910 9431 -17990
3911 9413 -17986
3912 9407 -18066
3913 9377 -18014
3914 9261 -17770
3915 9201 -17650
3916 9217 -17698
3917 9213 -17770
3918 9285 -17934
3919 9343 -18014
3920 9281 -17770
3921 9271 -17706
3922 9355 -18082
3923 9397 -18006
3924 9299 -17790
3925 9381 -18030
3926 9357 -17930
3927 9339 -17850
3928 9379 -17994
3929 9403 -18086
3930 9463 -18138
3931 9481 -18106
3932 9397 -17978
3933 9363 -17994
3934 9365 -17954
3935 9409 -18054
3936 9443 -18086
3937 9421 -17986
3938 9365 -17914
3939 9435 -18094
3940 9427 -17966
3941 9399 -17846
3942 9381 -17826
3943 9351 -17878
3944 9403 -18058
3945 9453 -18126
3946 9459 -18186
3947 9389 -17998
3948 9369 -17910
3949 9331 -17874
3950 9391 -18014
3951 9427 -18138
3952 9405 -18070
3953 9373 -18058
3954 9363 -17998
3955 9379 -18030
3956 9405 -18054
3957 9391 -17994
3958 9415 -18082
3959 9333 -17910
3960 9351 -17906
3961 9335 -17878
3962 9249 -17646
3963 9217 -17562
3964 9207 -17514
3965 9251 -17694
3966 9303 -17802
3967 9325 -17846
3968 9287 -17818
3969 9397 -18006
3970 9403 -18022
3971 9433 -18058
3972 9503 -18254
3973 9495 -18190
3974 9539 -18278
3975 9535 -18298
3976 9499 -18214
3977 9433 -18010
3978 9439 -17994
3979 9547 -18318
3980 9443 -18010
3981 9387 -17990
3982 9447 -18106
3983 9431 -18098
3984 9415 -18062
3985 9437 -18078
3986 9493 -18190
3987 9479 -18122
3988 9519 -18202
3989 9445 -18078
3990 9355 -17878
3991 9311 -17850
3992 9297 -17826
3993 9373 -17990
3994 9251 -17662
3995 9273 -17714
3996 9309 -17782
3997 9339 -17882
3998 9357 -17958
3999 9451 -18198
4000 9351 -17882
4001 9303 -17818
4002 9335 -17854
4003 9315 -17870
4004 9419 -18066
4005 9511 -18290
4006 9435 -18150
4007 9485 -18234
4008 9475 -18250
4009 9435 -18094
4010 9365 -18022
4011 9401 -18062
4012 9437 -18122
4013 9329 -17894
4014 9319 -17798
4015 9319 -17822
4016 9307 -17874
4017 9227 -17750
4018 9173 -17514
4019 9247 -17698
4020 9193 -17546
4021 9297 -17902
4022 9195 -17554
4023 9297 -17694
4024 9365 -17878
4025 9331 -17762
4026 9319 -17866
4027 9337 -17918
4028 9355 -17838
4029 9295 -17638
4030 9361 -17938
4031 9349 -17878
4032 9421 -18026
4033 9405 -18006
4034 9331 -17898
4035 9369 -17930
4036 9411 -18018
4037 9455 -18074
4038 9387 -17906
4039 9477 -18186
4040 9461 -18226
4041 9443 -18190
4042 9441 -18170
4043 9441 -18202
4044 9433 -18190
4045 9425 -18038
4046 9433 -18042
4047 9347 -17726
4048 9303 -17742
4049 9349 -17822
4050 9443 -17974
4051 9489 -18194
4052 9419 -18102
4053 9383 -18090
4054 9435 -18146
4055 9343 -17898
4056 9353 -17966
4057 9311 -17810
4058 9297 -17834
4059 9345 -17914
4060 9277 -17834
4061 9231 -17746
4062 9219 -17674
4063 9245 -17738
4064 9303 -17898
4065 9329 -18030
4066 9339 -18038
4067 9309 -17822
4068 9341 -17890
4069 9345 -17862
4070 9321 -17818
4071 9263 -17618
4072 9315 -17714
4073 9323 -17710
4074 9345 -17870
4075 9361 -17870
4076 9373 -17950
4077 9393 -18030
4078 9423 -18030
4079 9357 -17850
4080 9429 -17974
4081 9443 -18038
4082 9417 -17990
4083 9409 -17986
4084 9463 -18090
4085 9439 -18074
4086 9427 -18130
4087 9427 -18106
4088 9457 -18134
4089 9477 -18202
4090 9473 -18190
4091 9415 -18034
4092 9421 -18058
4093 9345 -17818
4094 9331 -17774
4095 9295 -17694
4096 9341 -17894
4097 9389 -17958
4098 9375 -17930
4099 9343 -17818
4100 9329 -17754
4101 9279 -17750
4102 9289 -17718
4103 9259 -17718
4104 9257 -17658
4105 9333 -17750
4106 9383 -17918
4107 9357 -17814
4108 9349 -17866
4109 9383 -17890
4110 9423 -17962
4111 9351 -17866
4112 9319 -17866
4113 9333 -17862
4114 9265 -17718
4115 9297 -17810
4116 9275 -17778
4117 9303 -17838
4118 9281 -17698
4119 9297 -17802
4120 9301 -17794
4121 9259 -17694
4122 9273 -17782
4123 9275 -17670
4124 9267 -17742
4125 9229 -17626
4126 9277 -17718
4127 9247 -17718
4128 9285 -17738
4129 9237 -17678
4130 9319 -17862
4131 9279 -17774
4132 9305 -17806
4133 9329 -17846
4134 9361 -17978
4135 9339 -17874
4136 9403 -18062
4137 9311 -17922
4138 9295 -17830
4139 9275 -17858
4140 9251 -17734
4141 9327 -17942
4142 9359 -17974
4143 9235 -17598
4144 9201 -17642
4145 9219 -17730
4146 9243 -17698
4147 9327 -17786
4148 9409 -18026
4149 9373 -17974
4150 9387 -18018
4151 9421 -18110
4152 9385 -18006
4153 9457 -18126
4154 9483 -18214
4155 9449 -18098
4156 9415 -18018
4157 9407 -18094
4158 9451 -18126
4159 9403 -17994
4160 9461 -18054
4161 9429 -18014
4162 9395 -17998
4163 9443 -18146
4164 9507 -18190
4165 9521 -18194
4166 9489 -18142
4167 9483 -18154
4168 9515 -18298
4169 9475 -18134
4170 9449 -18106
4171 9473 -18154
4172 9447 -18154
4173 9481 -18226
4174 9453 -18106
4175 9377 -17918
4176 9361 -17822
4177 9411 -17930
4178 9399 -18090
4179 9423 -18054
4180 9361 -17910
4181 9347 -17838
4182 9309 -17690
4183 9345 -17806
4184 9345 -17830
4185 9357 -17974
4186 9385 -18054
4187 9351 -18018
4188 9373 -18082
4189 9413 -18154
4190 9389 -17970
4191 9365 -17870
4192 9397 -17994
4193 9387 -17962
4194 9357 -17994
4195 9317 -17762
4196 9307 -17722
4197 9341 -17882
4198 9319 -17842
4199 9311 -17770
4200 9341 -17754
4201 9323 -17726
4202 9299 -17662
4203 9303 -17726
4204 9333 -17846
4205 9287 -17722
4206 9297 -17822
4207 9279 -17782
4208 9337 -17774
4209 9391 -17994
4210 9459 -18138
4211 9423 -18042
4212 9387 -17990
4213 9377 -17942
4214 9405 -18054
4215 9429 -18198
4216 9329 -17982
4217 9281 -17814
4218 9281 -17826
4219 9291 -17842
4220 9239 -17734
4221 9253 -17786
4222 9291 -17854
4223 9291 -17798
4224 9207 -17618
4225 9191 -17562
4226 9117 -17430
4227 9079 -17342
4228 9159 -17558
4229 9133 -17494
4230 9191 -17758
4231 9149 -17602
4232 9203 -17614
4233 9259 -17778
4234 9247 -17798
4235 9327 -17986
4236 9433 -18186
4237 9363 -17970
4238 9351 -17882
4239 9425 -17994
4240 9387 -17942
4241 9431 -18018
4242 9499 -18146
4243 9493 -18230
4244 9403 -18002
4245 9411 -17962
4246 9357 -17858
4247 9357 -17878
4248 9377 -17914
4249 9413 -17894
4250 9369 -17886
4251 9395 -17902
4252 9389 -17982
4253 9447 -18102
4254 9467 -18050
4255 9437 -17990
4256 9379 -17778
4257 9407 -17930
4258 9445 -18034
4259 9383 -17930
4260 9415 -18086
4261 9351 -17882
4262 9363 -17806
4263 9357 -17874
4264 9331 -17830
4265 9361 -17954
4266 9307 -17794
4267 9313 -17870
4268 9319 -17882
4269 9369 -18026
4270 9449 -18170
4271 9391 -18054
4272 9381 -18102
4273 9411 -18034
4274 9435 -18170
4275 9387 -17978
4276 9319 -17862
4277 9339 -17850
4278 9393 -18026
4279 9345 -17878
4280 9341 -17766
4281 9431 -17938
4282 9471 -18150
4283 9529 -18314
4284 9477 -18114
4285 9395 -17906
4286 9435 -18090
4287 9387 -17982
4288 9435 -18074
4289 9389 -18022
4290 9461 -18230
4291 9371 -17886
4292 9347 -17854
4293 9353 -17874
4294 9361 -17882
4295 9373 -17926
4296 9485 -18194
4297 9465 -18166
4298 9367 -17990
4299 9375 -18002
4300 9391 -18078
4301 9435 -18086
4302 9419 -18066
4303 9325 -17850
4304 9403 -18122
4305 9375 -18006
4306 9419 -18110
4307 9417 -18058
4308 9371 -17798
4309 9337 -17846
4310 9397 -17970
4311 9447 -18018
4312 9413 -18022
4313 9427 -18170
4314 9333 -17874
4315 9403 -17994
4316 9427 -18138
4317 9403 -18106
4318 9333 -17946
4319 9297 -17862
4320 9237 -17622
4321 9347 -17826
4322 9337 -17854
4323 9301 -17734
4324 9297 -17750
4325 9259 -17746
4326 9331 -17846
4327 9403 -17934
4328 9445 -18078
4329 9465 -18062
4330 9477 -18238
4331 9471 -18150
4332 9481 -18126
4333 9507 -18290
4334 9429 -18098
4335 9363 -17934
4336 9337 -17918
4337 9383 -17934
4338 9335 -17902
4339 9361 -17978
4340 9359 -17926
4341 9371 -18070
4342 9305 -17774
4343 9301 -17766
4344 9371 -17998
4345 9429 -18134
4346 9419 -18018
4347 9325 -17834
4348 9263 -17678
4349 9381 -18026
4350 9327 -17858
4351 9361 -17954
4352 9331 -17902
4353 9321 -17826
4354 9403 -18150
4355 9325 -17898
4356 9349 -17966
4357 9311 -17870
4358 9347 -17890
4359 9339 -17806
4360 9403 -17922
4361 9385 -17942
4362 9355 -17882
4363 9331 -17858
4364 9359 -17906
4365 9443 -18178
4366 9447 -18138
4367 9405 -18030
4368 9415 -18014
4369 9395 -18082
4370 9363 -17990
4371 9409 -18062
4372 9361 -17930
4373 9481 -18218
4374 9421 -18110
4375 9401 -18082
4376 9317 -17978
4377 9339 -18002
4378 9371 -17986
4379 9369 -17998
4380 9303 -17770
4381 9307 -17834
4382 9287 -17914
4383 9327 -17998
4384 9399 -18162
4385 9269 -17798
4386 9227 -17790
4387 9237 -17718
4388 9199 -17718
4389 9119 -17574
4390 9191 -17506
4391 9233 -17714
4392 9309 -17922
4393 9243 -17774
4394 9207 -17666
4395 9321 -17834
4396 9285 -17754
4397 9293 -17906
4398 9277 -17834
4399 9361 -18018
4400 9357 -17858
4401 9431 -18022
4402 9365 -17846
4403 9477 -18138
4404 9445 -18090
4405 9357 -18042
4406 9329 -17862
4407 9259 -17846
4408 9205 -17714
4409 9213 -17674
4410 9241 -17694
4411 9267 -17766
4412 9257 -17774
4413 9305 -17814
4414 9271 -17806
4415 9293 -17846
4416 9293 -17866
4417 9319 -17802
4418 9351 -17982
4419 9291 -17750
4420 9271 -17642
4421 9359 -18010
4422 9385 -18158
4423 9423 -18206
4424 9457 -18182
4425 9473 -18170
4426 9313 -17762
4427 9289 -17802
4428 9299 -17918
4429 9293 -17890
4430 9281 -17854
4431 9205 -17758
4432 9297 -17910
4433 9317 -17982
4434 9385 -18022
4435 9383 -18130
4436 9347 -17966
4437 9301 -17810
4438 9333 -17858
4439 9303 -17834
4440 9345 -17818
4441 9393 -18030
4442 9379 -17926
4443 9411 -17986
4444 9441 -18050
4445 9415 -18006
4446 9377 -17862
4447 9353 -17886
4448 9383 -17942
4449 9391 -18010
4450 9421 -17926
4451 9409 -17930
4452 9401 -17946
4453 9363 -17898
4454 9251 -17634
4455 9239 -17782
4456 9203 -17694
4457 9203 -17650
4458 9195 -17706
4459 9213 -17678
4460 9309 -17822
4461 9325 -17914
4462 9303 -17834
4463 9357 -18022
4464 9387 -18038
4465 9323 -17738
4466 9281 -17678
4467 9329 -17874
4468 9305 -17802
4469 9329 -17886
4470 9399 -18058
4471 9415 -18134
4472 9401 -18070
4473 9485 -18330
4474 9479 -18194
4475 9451 -18142
4476 9525 -18266
4477 9405 -17942
4478 9377 -17866
4479 9337 -17862
4480 9287 -17678
4481 9311 -17810
4482 9317 -17806
4483 9299 -17746
4484 9303 -17850
4485 9267 -17786
4486 9333 -17890
4487 9337 -17874
4488 9281 -17810
4489 9185 -17558
4490 9279 -17778
4491 9253 -17682
4492 9307 -17762
4493 9375 -17870
4494 9411 -18018
4495 9365 -17946
4496 9365 -17978
4497 9317 -17978
4498 9369 -18106
4499 9393 -18078
4500 9367 -17994
4501 9337 -17938
4502 9427 -18178
4503 9413 -18106
4504 9393 -18026
4505 9351 -17822
4506 9301 -17750
4507 9279 -17698
4508 9287 -17678
4509 9351 -17938
4510 9397 -18058
4511 9353 -17970
4512 9293 -17850
4513 9259 -17634
4514 9269 -17738
4515 9189 -17602
4516 9251 -17686
4517 9315 -17754
4518 9351 -17938
4519 9365 -18014
4520 9333 -17774
4521 9327 -17902
4522 9345 -17970
4523 9287 -17746
4524 9269 -17726
4525 9247 -17550
4526 9215 -17590
4527 9249 -17702
4528 9323 -17790
4529 9295 -17678
4530 9349 -17822
4531 9401 -18010
4532 9405 -17990
4533 9383 -18002
4534 9349 -17922
4535 9317 -17846
4536 9259 -17698
4537 9211 -17590
4538 9129 -17402
4539 9143 -17454
4540 9199 -17546
4541 9219 -17670
4542 9303 -17870
4543 9291 -17814
4544 9287 -17778
4545 9299 -17810
4546 9267 -17798
4547 9207 -17650
4548 9173 -17602
4549 9281 -17766
4550 9263 -17758
4551 9339 -17958
4552 9319 -17878
4553 9313 -17950
4554 9309 -17922
4555 9319 -18006
4556 9287 -17934
4557 9213 -17774
4558 9271 -17958
4559 9287 -17950
4560 9295 -17834
4561 9257 -17798
4562 9223 -17750
4563 9223 -17806
4564 9227 -17770
4565 9179 -17662
4566 9225 -17722
4567 9269 -17950
4568 9309 -17982
4569 9291 -17986
4570 9319 -17946
4571 9307 -17878
4572 9341 -17926
4573 9369 -17970
4574 9295 -17846
4575 9345 -18006
4576 9303 -17882
4577 9219 -17618
4578 9231 -17750
4579 9251 -17798
4580 9251 -17770
4581 9289 -17762
4582 9269 -17838
4583 9193 -17662
4584 9223 -17734
4585 9343 -17930
4586 9351 -17910
4587 9387 -18018
4588 9367 -17982
4589 9383 -18054
4590 9407 -18054
4591 9493 -18238
4592 9447 -18138
4593 9323 -17822
4594 9357 -17942
4595 9375 -18106
4596 9331 -17982
4597 9359 -18078
4598 9359 -18014
4599 9355 -18026
4600 9369 -18038
4601 9287 -17882
4602 9359 -17986
4603 9361 -17994
4604 9339 -17918
4605 9347 -17926
4606 9421 -18086
4607 9371 -17866
4608 9343 -17794
4609 9299 -17718
4610 9301 -17726
4611 9353 -17826
4612 9353 -17890
4613 9307 -17754
4614 9321 -17794
4615 9289 -17642
4616 9327 -17882
4617 9281 -17706
4618 9373 -18002
4619 9437 -18086
4620 9379 -17914
4621 9471 -18130
4622 9417 -18034
4623 9431 -18154
4624 9339 -17930
4625 9347 -17922
4626 9195 -17570
4627 9225 -17614
4628 9259 -17698
4629 9269 -17738
4630 9257 -17718
4631 9373 -17934
4632 9379 -17886
4633 9467 -18070
4634 9399 -17882
4635 9371 -17922
4636 9355 -17934
4637 9279 -17762
4638 9307 -17810
4639 9397 -17974
4640 9341 -17914
4641 9375 -17930
4642 9415 -18114
4643 9483 -18130
4644 9455 -18058
4645 9449 -18054
4646 9459 -18062
4647 9499 -18202
4648 9513 -18266
4649 9497 -18186
4650 9485 -18098
4651 9477 -18114
4652 9429 -18070
4653 9465 -18130
4654 9467 -18026
4655 9461 -17982
4656 9501 -18166
4657 9463 -18082
4658 9517 -18274
4659 9435 -18142
4660 9413 -18110
4661 9381 -18038
4662 9393 -18218
4663 9369 -18082
4664 9437 -18294
4665 9351 -18002
4666 9327 -18026
4667 9303 -17882
4668 9337 -17874
4669 9355 -18018
4670 9403 -18058
4671 9315 -17930
4672 9313 -18026
4673 9303 -17906
4674 9241 -17730
4675 9323 -17886
4676 9327 -17858
4677 9289 -17798
4678 9229 -17634
4679 9271 -17690
4680 9335 -17814
4681 9337 -17858
4682 9365 -17978
4683 9407 -17966
4684 9343 -17962
4685 9257 -17678
4686 9327 -17842
4687 9287 -17806
4688 9245 -17706
4689 9253 -17706
4690 9231 -17726
4691 9227 -17778
4692 9239 -17822
4693 9293 -17942
4694 9293 -17970
4695 9209 -17622
4696 9235 -17750
4697 9171 -17582
4698 9211 -17634
4699 9281 -17782
4700 9305 -17934
4701 9297 -17710
4702 9277 -17814
4703 9267 -17818
4704 9225 -17698
4705 9181 -17458
4706 9311 -17866
4707 9339 -17918
4708 9367 -18006
4709 9325 -17874
4710 9391 -18042
4711 9399 -18010
4712 9487 -18210
4713 9483 -18146
4714 9465 -18094
4715 9521 -18254
4716 9533 -18382
4717 9539 -18390
4718 9485 -18258
4719 9459 -18070
4720 9369 -17934
4721 9395 -18026
4722 9441 -18190
4723 9379 -18014
4724 9317 -17806
4725 9393 -17970
4726 9443 -18098
4727 9399 -18006
4728 9479 -18194
4729 9503 -18166
4730 9499 -18186
4731 9535 -18274
4732 9601 -18426
4733 9517 -18178
4734 9545 -18270
4735 9501 -18178
4736 9457 -18134
4737 9475 -18114
4738 9339 -17866
4739 9427 -18138
4740 9487 -18162
4741 9497 -18238
4742 9513 -18254
4743 9475 -18170
4744 9451 -18054
4745 9431 -18018
4746 9479 -18246
4747 9369 -17954
4748 9395 -18046
4749 9291 -17810
4750 9227 -17714
4751 9279 -17846
4752 9239 -17790
4753 9335 -17970
4754 9397 -18058
4755 9439 -18210
4756 9389 -17882
4757 9373 -17886
4758 9399 -17954
4759 9351 -17926
4760 9289 -17866
4761 9251 -17894
4762 9307 -17910
4763 9315 -17802
4764 9285 -17770
4765 9295 -17746
4766 9237 -17662
4767 9167 -17582
4768 9201 -17754
4769 9175 -17666
4770 9203 -17610
4771 9225 -17718
4772 9197 -17694
4773 9171 -17566
4774 9165 -17586
4775 9103 -17474
4776 9233 -17622
4777 9253 -17730
4778 9333 -17810
4779 9357 -17946
4780 9413 -18018
4781 9415 -18102
4782 9469 -18258
4783 9459 -18290
4784 9405 -18134
4785 9429 -18318
4786 9437 -18202
4787 9385 -18046
4788 9467 -18178
4789 9427 -18154
4790 9403 -18126
4791 9423 -18118
4792 9457 -18218
4793 9391 -17962
4794 9407 -18046
4795 9391 -18018
4796 9337 -17866
4797 9363 -17810
4798 9389 -17910
4799 9383 -17986
4800 9369 -17822
4801 9435 -18078
4802 9439 -18126
4803 9415 -17978
4804 9397 -17950
4805 9411 -17942
4806 9365 -17806
4807 9341 -17774
4808 9395 -18006
4809 9445 -18050
4810 9491 -18246
4811 9529 -18326
4812 9587 -18462
4813 9495 -18110
4814 9433 -18070
4815 9471 -18206
4816 9457 -18118
4817 9471 -18182
4818 9417 -18074
4819 9383 -18054
4820 9347 -17942
4821 9365 -17962
4822 9391 -18086
4823 9401 -17994
4824 9355 -17790
4825 9443 -18114
4826 9357 -17858
4827 9363 -17830
4828 9387 -17934
4829 9395 -17914
4830 9421 -17946
4831 9415 -17982
4832 9489 -18150
4833 9431 -17998
4834 9491 -18094
4835 9367 -17822
4836 9385 -17914
4837 9375 -17922
4838 9421 -18010
4839 9445 -18034
4840 9517 -18298
4841 9481 -18090
4842 9431 -18034
4843 9439 -18042
4844 9443 -18074
4845 9437 -18094
4846 9499 -18350
4847 9459 -18170
4848 9465 -18126
4849 9473 -18166
4850 9431 -18098
4851 9421 -18070
4852 9523 -18366
4853 9501 -18218
4854 9413 -17994
4855 9315 -17762
4856 9323 -17882
4857 9405 -18082
4858 9391 -17934
4859 9295 -17842
4860 9239 -17738
4861 9269 -17674
4862 9359 -17930
4863 9315 -17830
4864 9243 -17690
4865 9277 -17634
4866 9273 -17662
4867 9281 -17670
4868 9345 -17774
4869 9349 -17730
4870 9295 -17722
4871 9249 -17718
4872 9189 -17618
4873 9183 -17566
4874 9197 -17610
4875 9253 -17746
4876 9317 -17914
4877 9393 -18066
4878 9343 -17834
4879 9233 -17666
4880 9225 -17654
4881 9207 -17586
4882 9225 -17738
4883 9267 -17838
4884 9345 -17866
4885 9375 -17990
4886 9325 -17942
4887 9347 -17902
4888 9267 -17770
4889 9285 -17874
4890 9219 -17594
4891 9313 -17922
4892 9307 -17882
4893 9359 -18022
4894 9297 -17798
4895 9367 -18042
4896 9327 -17854
4897 9281 -17754
4898 9279 -17810
4899 9341 -17906
4900 9277 -17938
4901 9315 -17858
4902 9389 -17994
4903 9343 -17862
4904 9435 -18142
4905 9389 -17914
4906 9367 -17978
4907 9413 -18154
4908 9439 -18158
4909 9387 -17994
4910 9433 -18090
4911 9383 -17954
4912 9425 -18058
4913 9347 -18038
4914 9327 -17974
4915 9269 -17774
4916 9291 -17918
4917 9317 -17966
4918 9335 -17850
4919 9327 -17866
4920 9337 -17910
4921 9277 -17842
4922 9311 -17822
4923 9331 -17966
4924 9343 -17898
4925 9307 -17766
4926 9349 -17798
4927 9403 -18026
4928 9279 -17758
4929 9287 -17750
4930 9285 -17854
4931 9305 -17862
4932 9283 -17850
4933 9345 -18058
4934 9357 -17974
4935 9251 -17674
4936 9301 -17802
4937 9309 -17878
4938 9277 -17898
4939 9369 -18074
4940 9349 -17862
4941 9421 -18050
4942 9427 -17986
4943 9357 -17874
4944 9229 -17602
4945 9273 -17642
4946 9257 -17710
4947 9351 -17946
4948 9355 -18038
4949 9423 -18118
4950 9417 -18174
4951 9371 -18034
4952 9337 -17922
4953 9299 -17914
4954 9373 -17946
4955 9381 -17946
4956 9415 -18054
4957 9397 -18034
4958 9441 -18122
4959 9355 -17918
4960 9427 -18070
4961 9477 -18190
4962 9415 -18034
4963 9479 -18150
4964 9481 -18222
4965 9465 -18182
4966 9501 -18218
4967 9521 -18258
4968 9483 -18214
4969 9405 -18042
4970 9393 -17902
4971 9367 -17870
4972 9439 -18058
4973 9487 -18198
4974 9451 -18190
4975 9459 -18182
4976 9461 -18178
4977 9387 -18066
4978 9413 -18054
4979 9391 -17918
4980 9431 -18074
4981 9445 -18130
4982 9457 -18158
4983 9397 -17998
4984 9373 -17994
4985 9449 -18198
4986 9367 -17870
4987 9351 -17802
4988 9369 -17898
4989 9361 -17826
4990 9389 -17974
4991 9431 -18066
4992 9375 -17858
4993 9405 -17926
4994 9361 -17910
4995 9335 -17754
4996 9391 -17926
4997 9423 -18098
4998 9379 -17874
4999 9343 -17890
5000 9283 -17778
5001 9361 -18042
5002 9329 -17902
5003 9309 -17782
5004 9337 -17894
5005 9343 -17858
5006 9299 -17726
5007 9349 -17834
5008 9263 -17642
5009 9303 -17798
5010 9343 -17866
5011 9303 -17998
5012 9275 -17846
5013 9209 -17746
5014 9215 -17782
5015 9147 -17702
5016 9247 -17762
5017 9301 -17882
5018 9301 -17854
5019 9343 -18102
5020 9301 -17890
5021 9281 -17774
5022 9367 -17950
5023 9451 -18130
5024 9413 -18114
5025 9453 -18162
5026 9423 -18110
5027 9461 -18270
5028 9337 -17806
5029 9309 -17858
5030 9289 -17926
5031 9275 -17946
5032 9269 -17846
5033 9239 -17854
5034 9231 -17766
5035 9193 -17562
5036 9235 -17662
5037 9383 -18078
5038 9375 -18114
5039 9443 -18134
5040 9399 -18058
5041 9371 -18026
5042 9417 -18122
5043 9353 -17874
5044 9383 -17990
5045 9369 -17990
5046 9365 -18026
5047 9301 -17838
5048 9361 -17970
5049 9451 -18146
5050 9439 -18110
5051 9393 -18038
5052 9353 -17914
5053 9431 -18110
5054 9471 -18138
5055 9429 -18058
5056 9357 -17846
5057 9385 -17994
5058 9371 -17926
5059 9481 -18174
5060 9441 -18142
5061 9437 -18146
5062 9419 -17982
5063 9409 -18022
5064 9337 -17778
5065 9345 -17810
5066 9337 -17890
5067 9327 -17906
5068 9349 -17942
5069 9331 -17870
5070 9289 -17798
5071 9273 -17766
5072 9311 -17918
5073 9377 -17978
5074 9335 -17930
5075 9361 -17898
5076 9371 -18046
5077 9307 -17938
5078 9309 -17982
5079 9255 -17806
5080 9273 -17778
5081 9301 -17862
5082 9317 -17894
5083 9323 -17910
5084 9255 -17662
5085 9319 -17798
5086 9269 -17846
5087 9271 -17810
5088 9245 -17694
5089 9311 -17838
5090 9291 -17818
5091 9345 -18010
5092 9331 -17922
5093 9353 -17942
5094 9353 -17954
5095 9345 -17906
5096 9291 -17798
5097 9247 -17754
5098 9295 -17738
5099 9375 -17894
5100 9443 -18122
5101 9417 -18070
5102 9415 -17998
5103 9425 -18050
5104 9373 -17858
5105 9409 -18034
5106 9417 -18034
5107 9349 -17918
5108 9311 -17826
5109 9313 -17842
5110 9419 -18094
5111 9449 -18242
5112 9441 -18198
5113 9435 -18142
5114 9467 -18214
5115 9417 -18162
5116 9401 -18078
5117 9329 -17886
5118 9371 -18118
5119 9359 -18094
5120 9301 -17886
5121 9205 -17494
5122 9285 -17746
5123 9239 -17566
5124 9283 -17714
5125 9303 -17702
5126 9375 -17994
5127 9401 -18046
5128 9391 -18086
5129 9391 -18046
5130 9391 -18030
5131 9487 -18206
5132 9473 -18174
5133 9491 -18182
5134 9455 -18182
5135 9517 -18246
5136 9439 -18034
5137 9425 -17970
5138 9329 -17786
5139 9377 -17958
5140 9383 -17906
5141 9399 -18022
5142 9415 -18094
5143 9329 -17834
5144 9329 -17886
5145 9283 -17802
5146 9355 -17858
5147 9323 -17838
5148 9353 -17930
5149 9383 -17922
5150 9389 -17942
5151 9433 -17930
5152 9443 -18018
5153 9387 -17866
5154 9331 -17822
5155 9317 -17826
5156 9307 -17842
5157 9331 -17810
5158 9361 -17958
5159 9431 -18170
5160 9433 -18134
5161 9375 -18066
5162 9385 -18110
5163 9317 -17942
5164 9299 -17938
5165 9283 -17854
5166 9325 -17926
5167 9383 -18058
5168 9319 -17926
5169 9317 -18026
5170 9337 -17950
5171 9387 -18070
5172 9361 -17998
5173 9259 -17622
5174 9293 -17734
5175 9395 -17930
5176 9341 -17750
5177 9367 -17970
5178 9403 -18038
5179 9415 -18014
5180 9277 -17626
5181 9367 -17846
5182 9341 -17806
5183 9443 -18070
5184 9363 -17866
5185 9351 -17770
5186 9365 -17898
5187 9429 -18058
5188 9379 -17898
5189 9313 -17806
5190 9351 -17978
5191 9389 -18054
5192 9393 -18038
5193 9479 -18210
5194 9491 -18178
5195 9507 -18286
5196 9495 -18130
5197 9495 -18130
5198 9477 -18126
5199 9413 -17974
5200 9409 -17910
5201 9431 -17938
5202 9427 -17926
5203 9341 -17750
5204 9333 -17726
5205 9331 -17914
5206 9363 -17934
5207 9321 -17850
5208 9305 -17818
5209 9395 -18078
5210 9413 -18126
5211 9435 -18146
5212 9447 -18142
5213 9479 -18198
5214 9365 -17978
5215 9411 -18022
5216 9447 -18142
5217 9387 -18038
5218 9423 -18038
5219 9379 -17978
5220 9439 -18098
5221 9523 -18358
5222 9527 -18358
5223 9467 -18222
5224 9411 -18082
5225 9353 -17978
5226 9337 -17894
5227 9439 -18122
5228 9379 -17918
5229 9371 -17962
5230 9353 -17854
5231 9361 -17918
5232 9351 -17858
5233 9393 -18030
5234 9447 -18174
5235 9487 -18278
5236 9405 -17974
5237 9399 -18058
5238 9401 -18058
5239 9463 -18070
5240 9403 -18074
5241 9419 -17978
5242 9409 -17958
5243 9427 -18066
5244 9405 -18066
5245 9367 -18010
5246 9365 -17970
5247 9369 -17990
5248 9393 -18022
5249 9413 -18014
5250 9331 -17866
5251 9417 -18010
5252 9421 -17986
5253 9395 -17842
5254 9437 -18050
5255 9383 -17890
5256 9309 -17802
5257 9293 -17782
5258 9353 -17958
5259 9293 -17742
5260 9315 -17902
5261 9293 -17918
5262 9325 -17998
5263 9337 -17914
5264 9403 -18098
5265 9445 -18186
5266 9439 -18218
5267 9423 -18206
5268 9407 -18170
5269 9437 -18162
5270 9369 -18034
5271 9387 -17942
5272 9345 -17802
5273 9319 -17902
5274 9351 -17982
5275 9307 -17858
5276 9355 -17994
5277 9389 -17954
5278 9435 -17998
5279 9401 -17986
5280 9441 -18046
5281 9479 -18246
5282 9427 -18166
5283 9391 -18014
5284 9343 -17934
5285 9355 -17990
5286 9267 -17694
5287 9329 -17910
5288 9297 -17786
5289 9273 -17874
5290 9275 -17770
5291 9231 -17658
5292 9213 -17670
5293 9235 -17798
5294 9273 -17818
5295 9247 -17746
5296 9231 -17798
5297 9241 -17686
5298 9163 -17566
5299 9395 -17982
5300 9363 -17886
5301 9383 -17938
5302 9343 -17898
5303 9473 -18074
5304 9457 -18166
5305 9519 -18282
5306 9561 -18446
5307 9505 -18330
5308 9409 -18098
5309 9429 -18102
5310 9377 -17950
5311 9379 -18002
5312 9429 -18078
5313 9441 -18062
5314 9335 -17822
5315 9381 -18014
5316 9427 -17974
5317 9457 -18066
5318 9469 -18162
5319 9417 -17926
5320 9447 -18174
5321 9395 -18054
5322 9339 -17894
5323 9307 -17838
5324 9263 -17674
5325 9277 -17798
5326 9241 -17622
5327 9211 -17514
5328 9275 -17622
5329 9387 -17910
5330 9423 -18070
5331 9393 -18018
5332 9371 -17990
5333 9371 -17898
5334 9377 -18066
5335 9359 -17898
5336 9405 -18046
5337 9397 -18002
5338 9351 -17810
5339 9379 -17890
5340 9307 -17706
5341 9375 -17874
5342 9441 -17990
5343 9409 -17918
5344 9475 -18134
5345 9459 -18146
5346 9459 -18206
5347 9383 -17978
5348 9429 -18118
5349 9423 -17978
5350 9395 -17978
5351 9463 -18214
5352 9449 -18146
5353 9485 -18190
5354 9443 -18130
5355 9449 -18022
5356 9443 -18002
5357 9371 -17830
5358 9383 -17894
5359 9297 -17730
5360 9299 -17818
5361 9367 -17982
5362 9395 -17942
5363 9359 -17862
5364 9315 -17758
5365 9295 -17742
5366 9267 -17718
5367 9295 -17714
5368 9265 -17850
5369 9271 -17854
5370 9271 -17734
5371 9369 -18026
5372 9325 -17914
5373 9363 -17922
5374 9369 -17970
5375 9353 -17830
5376 9367 -17846
5377 9393 -17930
5378 9467 -18146
5379 9403 -18070
5380 9393 -18002
5381 9373 -17950
5382 9349 -17926
5383 9187 -17514
5384 9219 -17678
5385 9177 -17494
5386 9283 -17790
5387 9333 -17918
5388 9397 -18034
5389 9455 -18154
5390 9365 -17878
5391 9393 -17934
5392 9443 -18118
5393 9463 -18198
5394 9339 -17838
5395 9329 -17754
5396 9399 -17946
5397 9433 -18022
5398 9477 -18162
5399 9479 -18258
5400 9393 -18042
5401 9385 -18050
5402 9457 -18282
5403 9447 -18234
5404 9381 -17946
5405 9339 -17878
5406 9383 -18038
5407 9309 -17934
5408 9161 -17506
5409 9137 -17450
5410 9233 -17610
5411 9285 -17746
5412 9303 -17782
5413 9333 -17826
5414 9413 -18090
5415 9539 -18370
5416 9463 -18190
5417 9463 -18106
5418 9477 -18186
5419 9483 -18226
5420 9459 -18126
5421 9465 -18126
5422 9443 -17974
5423 9399 -17958
5424 9311 -17774
5425 9279 -17750
5426 9273 -17750
5427 9303 -17842
5428 9209 -17670
5429 9223 -17582
5430 9261 -17742
5431 9317 -17810
5432 9277 -17750
5433 9319 -17890
5434 9355 -18086
5435 9397 -18186
5436 9403 -18234
5437 9417 -18130
5438 9415 -18126
5439 9349 -18070
5440 9229 -17734
5441 9349 -17910
5442 9355 -18010
5443 9347 -17874
5444 9373 -17802
5445 9421 -18098
5446 9409 -18078
5447 9389 -18070
5448 9303 -17782
5449 9285 -17770
5450 9243 -17722
5451 9301 -17838
5452 9295 -17982
5453 9271 -17962
5454 9279 -17974
5455 9255 -17878
5456 9247 -17866
5457 9249 -17914
5458 9283 -17874
5459 9305 -18050
5460 9247 -17858
5461 9197 -17662
5462 9241 -17782
5463 9171 -17710
5464 9155 -17606
5465 9129 -17590
5466 9091 -17486
5467 9107 -17610
5468 9129 -17534
5469 9193 -17682
5470 9239 -17746
5471 9291 -17806
5472 9301 -17862
5473 9319 -17922
5474 9267 -17922
5475 9307 -17998
5476 9269 -17974
5477 9221 -17762
5478 9253 -17838
5479 9269 -17878
5480 9285 -18098
5481 9189 -17738
5482 9139 -17578
5483 9225 -17938
5484 9279 -17986
5485 9335 -18098
5486 9373 -18118
5487 9301 -17834
5488 9341 -17866
5489 9361 -18034
5490 9285 -17866
5491 9311 -18002
5492 9275 -18034
5493 9293 -17878
5494 9245 -17734
5495 9223 -17698
5496 9263 -17774
5497 9209 -17710
5498 9153 -17526
5499 9157 -17474
5500 9173 -17490
5501 9237 -17570
5502 9279 -17798
5503 9265 -17622
5504 9195 -17530
5505 9163 -17558
5506 9155 -17458
5507 9127 -17354
5508 9145 -17438
5509 9283 -17742
5510 9321 -17814
5511 9325 -17966
5512 9357 -17938
5513 9283 -17794
5514 9271 -17846
5515 9295 -17910
5516 9243 -17822
5517 9279 -17930
5518 9305 -17906
5519 9363 -17950
5520 9389 -18022
5521 9351 -17862
5522 9347 -17958
5523 9311 -17926
5524 9321 -17966
5525 9333 -17814
5526 9323 -17822
5527 9321 -17750
5528 9281 -17790
5529 9297 -17822
5530 9369 -17930
5531 9295 -17806
5532 9263 -17810
5533 9189 -17498
5534 9173 -17518
5535 9277 -17678
5536 9323 -17814
5537 9339 -17802
5538 9387 -17894
5539 9395 -17942
5540 9393 -18070
5541 9391 -18138
5542 9415 -18090
5543 9445 -18202
5544 9393 -17950
5545 9305 -17678
5546 9359 -17822
5547 9329 -17706
5548 9405 -17950
5549 9375 -17970
5550 9355 -17974
5551 9303 -17754
5552 9353 -17966
5553 9375 -17950
5554 9407 -18050
5555 9427 -18002
5556 9529 -18250
5557 9509 -18218
5558 9485 -18190
5559 9523 -18282
5560 9497 -18214
5561 9487 -18134
5562 9425 -18030
5563 9413 -17978
5564 9493 -18202
5565 9481 -18142
5566 9503 -18150
5567 9487 -18130
5568 9491 -18186
5569 9457 -18070
5570 9361 -17858
5571 9439 -18070
5572 9397 -17946
5573 9401 -18026
5574 9361 -17878
5575 9371 -17958
5576 9403 -18110
5577 9379 -18018
5578 9335 -17946
5579 9317 -17950
5580 9325 -17934
5581 9307 -17906
5582 9363 -17962
5583 9481 -18182
5584 9419 -18010
5585 9317 -17854
5586 9305 -17826
5587 9373 -18026
5588 9357 -17918
5589 9415 -18002
5590 9429 -18086
5591 9395 -18010
5592 9311 -17854
5593 9365 -17926
5594 9381 -18030
5595 9359 -17906
5596 9407 -17946
5597 9383 -17818
5598 9373 -17986
5599 9359 -17902
5600 9365 -17826
5601 9331 -17770
5602 9313 -17782
5603 9331 -17878
5604 9349 -17930
5605 9387 -18054
5606 9353 -17938
5607 9341 -17910
5608 9431 -18178
5609 9417 -18254
5610 9361 -18062
5611 9379 -18146
5612 9367 -17950
5613 9379 -17974
5614 9347 -18010
5615 9371 -18106
5616 9297 -17830
5617 9321 -17902
5618 9285 -17718
5619 9327 -17794
5620 9427 -18130
5621 9441 -18210
5622 9471 -18210
5623 9539 -18362
5624 9459 -18202
5625 9447 -18142
5626 9379 -18042
5627 9377 -18074
5628 9325 -17886
5629 9395 -18166
5630 9423 -18138
5631 9427 -18150
5632 9493 -18338
5633 9393 -17998
5634 9357 -17954
5635 9273 -17790
5636 9313 -17950
5637 9253 -17766
5638 9343 -17962
5639 9397 -18002
5640 9391 -17930
5641 9333 -17834
5642 9375 -17926
5643 9383 -17854
5644 9397 -17894
5645 9401 -17890
5646 9351 -17798
5647 9317 -17806
5648 9269 -17786
5649 9325 -17854
5650 9381 -17986
5651 9409 -17926
5652 9369 -17910
5653 9429 -18006
5654 9441 -18042
5655 9363 -17866
5656 9329 -17878
5657 9307 -17774
5658 9327 -17974
5659 9333 -17778
5660 9327 -17926
5661 9349 -17870
5662 9423 -18046
5663 9397 -17854
5664 9445 -17990
5665 9421 -17898
5666 9417 -18042
5667 9469 -18086
5668 9405 -18010
5669 9379 -18006
5670 9411 -17986
5671 9361 -17950
5672 9353 -17898
5673 9335 -17910
5674 9289 -17770
5675 9255 -17618
5676 9277 -17642
5677 9311 -17714
5678 9363 -17882
5679 9407 -18062
5680 9445 -18134
5681 9383 -18010
5682 9289 -17806
5683 9253 -17774
5684 9217 -17626
5685 9303 -17842
5686 9305 -17858
5687 9383 -18038
5688 9447 -18130
5689 9451 -18054
5690 9409 -17986
5691 9395 -17930
5692 9403 -18106
5693 9355 -17794
5694 9323 -17902
5695 9313 -17918
5696 9327 -17958
5697 9307 -17790
5698 9277 -17794
5699 9211 -17726
5700 9311 -17930
5701 9327 -17850
5702 9349 -17974
5703 9395 -18118
5704 9375 -18098
5705 9479 -18222
5706 9467 -18246
5707 9381 -17998
5708 9329 -17846
5709 9347 -17894
5710 9285 -17694
5711 9391 -17922
5712 9313 -17794
5713 9367 -17998
5714 9301 -17770
5715 9373 -17902
5716 9399 -17982
5717 9383 -18018
5718 9281 -17714
5719 9319 -17766
5720 9351 -17910
5721 9225 -17578
5722 9293 -17818
5723 9309 -17886
5724 9315 -17866
5725 9267 -17862
5726 9255 -17866
5727 9295 -17842
5728 9313 -17922
5729 9353 -17950
5730 9369 -17934
5731 9373 -17930
5732 9409 -18074
5733 9373 -17990
5734 9425 -18086
5735 9395 -17954
5736 9445 -18098
5737 9383 -17842
5738 9379 -17854
5739 9409 -17982
5740 9403 -17938
5741 9449 -18094
5742 9423 -18098
5743 9439 -18074
5744 9419 -18018
5745 9371 -18018
5746 9313 -17794
5747 9237 -17578
5748 9337 -17766
5749 9339 -17754
5750 9393 -17918
5751 9441 -18098
5752 9367 -17978
5753 9401 -18010
5754 9353 -17934
5755 9369 -17910
5756 9437 -18070
5757 9467 -18278
5758 9365 -18062
5759 9323 -17850
5760 9401 -18046
5761 9369 -18038
5762 9435 -18106
5763 9433 -18050
5764 9447 -18154
5765 9397 -17950
5766 9519 -18278
5767 9533 -18270
5768 9553 -18302
5769 9525 -18222
5770 9605 -18490
5771 9529 -18270
5772 9449 -18062
5773 9435 -18098
5774 9403 -18002
5775 9467 -18114
5776 9443 -18130
5777 9347 -17842
5778 9395 -18022
5779 9365 -17970
5780 9461 -18278
5781 9367 -17998
5782 9355 -17894
5783 9329 -17862
5784 9351 -17970
5785 9335 -17918
5786 9325 -17942
5787 9231 -17702
5788 9243 -17742
5789 9293 -17830
5790 9281 -17694
5791 9253 -17814
5792 9161 -17530
5793 9197 -17670
5794 9209 -17682
5795 9139 -17502
5796 9229 -17866
5797 9213 -17818
5798 9213 -17846
5799 9147 -17590
5800 9257 -17918
5801 9243 -17854
5802 9199 -17738
5803 9229 -17790
5804 9231 -17686
5805 9297 -17838
5806 9287 -17922
5807 9283 -17790
5808 9367 -17966
5809 9373 -17942
5810 9391 -17986
5811 9359 -17906
5812 9347 -17918
5813 9283 -17818
5814 9287 -17774
5815 9327 -17918
5816 9405 -17946
5817 9503 -18330
5818 9489 -18198
5819 9471 -18150
5820 9491 -18190
5821 9411 -17902
5822 9437 -18066
5823 9319 -17866
5824 9371 -18042
5825 9373 -17986
5826 9359 -18010
5827 9441 -18242
5828 9495 -18246
5829 9527 -18310
5830 9499 -18206
5831 9441 -18118
5832 9479 -18158
5833 9443 -18154
5834 9455 -18114
5835 9421 -18082
5836 9389 -18046
5837 9427 -18042
5838 9409 -18062
5839 9399 -18030
5840 9345 -17930
5841 9353 -17922
5842 9347 -17850
5843 9347 -17850
5844 9379 -17978
5845 9301 -17802
5846 9291 -17786
5847 9273 -17750
5848 9307 -17734
5849 9263 -17710
5850 9285 -17750
5851 9311 -17798
5852 9247 -17642
5853 9277 -17734
5854 9273 -17726
5855 9283 -17722
5856 9339 -17822
5857 9477 -18262
5858 9443 -18166
5859 9415 -18026
5860 9353 -17890
5861 9341 -17834
5862 9325 -17798
5863 9355 -17886
5864 9401 -18018
5865 9347 -17794
5866 9341 -17822
5867 9355 -17894
5868 9311 -17806
5869 9299 -17746
5870 9299 -17902
5871 9307 -17774
5872 9255 -17686
5873 9285 -17762
5874 9341 -17902
5875 9399 -17978
5876 9393 -18050
5877 9379 -17942
5878 9443 -18110
5879 9503 -18182
5880 9483 -18194
5881 9483 -18202
5882 9457 -18038
5883 9491 -18186
5884 9459 -18114
5885 9499 -18206
5886 9461 -18162
5887 9395 -17998
5888 9407 -18042
5889 9389 -17994
5890 9429 -18194
5891 9409 -18074
5892 9447 -18262
5893 9375 -17978
5894 9427 -18138
5895 9327 -17910
5896 9341 -17882
5897 9359 -18030
5898 9387 -18158
5899 9375 -18094
5900 9417 -18114
5901 9355 -18002
5902 9307 -17798
5903 9337 -17862
5904 9409 -18098
5905 9409 -18054
5906 9371 -18026
5907 9333 -17930
5908 9281 -17758
5909 9263 -17650
5910 9341 -17890
5911 9295 -17754
5912 9293 -17722
5913 9257 -17802
5914 9319 -17926
5915 9247 -17822
5916 9279 -17870
5917 9295 -17838
5918 9315 -17850
5919 9331 -17970
5920 9339 -17910
5921 9371 -18022
5922 9463 -18234
5923 9453 -18186
5924 9463 -18254
5925 9445 -18122
5926 9409 -18046
5927 9461 -18258
5928 9477 -18130
5929 9435 -18062
5930 9443 -18098
5931 9461 -18146
5932 9417 -18046
5933 9377 -17942
5934 9363 -18054
5935 9357 -18054
5936 9349 -17990
5937 9343 -17858
5938 9379 -18022
5939 9267 -17890
5940 9225 -17778
5941 9079 -17538
5942 9089 -17506
5943 9125 -17610
5944 9267 -17906
5945 9225 -17742
5946 9253 -17786
5947 9271 -17914
5948 9299 -18050
5949 9327 -18074
5950 9259 -17798
5951 9241 -17698
5952 9273 -17786
5953 9323 -17990
5954 9275 -17730
5955 9301 -17858
5956 9351 -17946
5957 9325 -17866
5958 9371 -17994
5959 9377 -17898
5960 9403 -18058
5961 9389 -17930
5962 9393 -17994
5963 9399 -17970
5964 9315 -17786
5965 9313 -17814
5966 9353 -17930
5967 9323 -17850
5968 9309 -17698
5969 9385 -17894
5970 9453 -18054
5971 9529 -18322
5972 9487 -18150
5973 9467 -18102
5974 9443 -18110
5975 9349 -17866
5976 9293 -17850
5977 9321 -17866
5978 9277 -17758
5979 9269 -17802
5980 9263 -17742
5981 9193 -17654
5982 9299 -17742
5983 9359 -17934
5984 9347 -17918
5985 9345 -17922
5986 9413 -18002
5987 9377 -17874
5988 9425 -18010
5989 9455 -18122
5990 9425 -17998
5991 9459 -17994
5992 9463 -17994
5993 9365 -17826
5994 9433 -18046
5995 9379 -17850
5996 9417 -17978
5997 9409 -17994
5998 9413 -18046
5999 9365 -17934
6000 9427 -18034
6001 9351 -17830
6002 9375 -17982
6003 9383 -18002
6004 9407 -17994
6005 9403 -18086
6006 9397 -18014
6007 9345 -17946
6008 9261 -17726
6009 9205 -17586
6010 9275 -17738
6011 9249 -17658
6012 9245 -17634
6013 9351 -17842
6014 9383 -17938
6015 9467 -18170
6016 9475 -18070
6017 9399 -17986
6018 9265 -17726
6019 9379 -17878
6020 9383 -17902
6021 9327 -17806
6022 9353 -17826
6023 9409 -17938
6024 9429 -18066
6025 9373 -17946
6026 9311 -17830
6027 9289 -17758
6028 9297 -17834
6029 9305 -17758
6030 9321 -17842
6031 9425 -18042
6032 9415 -18062
6033 9479 -18170
6034 9433 -18018
6035 9485 -18262
6036 9473 -18158
6037 9473 -18102
6038 9455 -18166
6039 9425 -17978
6040 9499 -18254
6041 9493 -18226
6042 9497 -18294
6043 9491 -18274
6044 9389 -17938
6045 9407 -18014
6046 9483 -18202
6047 9479 -18202
6048 9357 -17914
6049 9385 -18018
6050 9375 -17978
6051 9457 -18186
6052 9461 -18198
6053 9467 -18246
6054 9499 -18314
6055 9487 -18250
6056 9401 -18118
6057 9421 -18174
6058 9445 -18190
6059 9367 -18022
6060 9411 -17990
6061 9407 -18002
6062 9377 -17834
6063 9491 -18146
6064 9487 -18190
6065 9445 -18138
6066 9411 -18078
6067 9449 -18126
6068 9489 -18198
6069 9421 -18038
6070 9423 -18066
6071 9431 -18086
6072 9445 -18114
6073 9467 -18102
6074 9233 -17758
6075 9231 -17622
6076 9223 -17706
6077 9295 -17890
6078 9315 -17982
6079 9233 -17638
6080 9333 -17874
6081 9279 -17738
6082 9195 -17574
6083 9133 -17434
6084 9069 -17226
6085 9163 -17442
6086 9205 -17562
6087 9241 -17638
6088 9345 -17834
6089 9325 -17878
6090 9345 -17870
6091 9255 -17614
6092 9365 -17878
6093 9447 -18098
6094 9383 -17922
6095 9421 -18082
6096 9341 -17922
6097 9301 -17826
6098 9275 -17710
6099 9349 -18034
6100 9247 -17742
6101 9233 -17654
6102 9357 -17918
6103 9333 -17942
6104 9395 -18038
6105 9391 -17990
6106 9357 -17978
6107 9391 -18082
6108 9365 -18010
6109 9395 -18050
6110 9395 -18122
6111 9425 -18186
6112 9391 -18006
6113 9437 -18174
6114 9449 -18166
6115 9473 -18274
6116 9393 -18082
6117 9439 -18086
6118 9487 -18222
6119 9469 -18150
6120 9415 -18126
6121 9343 -17946
6122 9307 -17738
6123 9319 -17854
6124 9399 -17982
6125 9295 -17790
6126 9291 -17758
6127 9341 -17954
6128 9263 -17770
6129 9231 -17686
6130 9249 -17710
6131 9325 -17874
6132 9313 -17978
6133 9303 -17842
6134 9369 -18118
6135 9339 -17998
6136 9279 -17874
6137 9245 -17794
6138 9241 -17790
6139 9277 -18046
6140 9215 -17822
6141 9261 -17950
6142 9239 -17966
6143 9211 -17846
6144 9191 -17702
6145 9217 -17838
6146 9187 -17742
6147 9117 -17630
6148 9155 -17614
6149 9219 -17790
6150 9167 -17710
6151 9155 -17606
6152 9183 -17698
6153 9275 -17894
6154 9213 -17858
6155 9171 -17678
6156 9211 -17650
6157 9261 -17790
6158 9273 -17826
6159 9287 -17826
6160 9263 -17734
6161 9217 -17774
6162 9121 -17442
6163 9153 -17682
6164 9197 -17650
6165 9203 -17698
6166 9241 -17722
6167 9299 -17902
6168 9325 -17910
6169 9359 -17938
6170 9333 -17898
6171 9321 -17878
6172 9349 -17818
6173 9289 -17690
6174 9357 -17806
6175 9339 -17870
6176 9335 -17854
6177 9363 -17922
6178 9459 -18138
6179 9431 -18006
6180 9411 -18010
6181 9395 -17942
6182 9363 -17990
6183 9379 -17990
6184 9393 -18010
6185 9331 -17806
6186 9369 -17954
6187 9341 -17822
6188 9323 -17882
6189 9241 -17694
6190 9273 -17726
6191 9363 -17946
6192 9303 -17802
6193 9319 -17726
6194 9355 -17838
6195 9295 -17750
6196 9301 -17778
6197 9387 -17898
6198 9385 -17966
6199 9345 -17858
6200 9343 -17922
6201 9371 -17970
6202 9353 -17946
6203 9375 -17990
6204 9387 -17882
6205 9363 -17878
6206 9351 -17894
6207 9341 -17906
6208 9359 -17910
6209 9353 -17950
6210 9325 -17962
6211 9311 -17870
6212 9415 -18142
6213 9395 -18142
6214 9447 -18234
6215 9371 -17930
6216 9397 -18090
6217 9375 -17986
6218 9341 -17838
6219 9389 -17946
6220 9431 -18118
6221 9353 -17906
6222 9269 -17650
6223 9275 -17694
6224 9351 -17846
6225 9385 -17910
6226 9445 -18098
6227 9333 -17810
6228 9311 -17794
6229 9341 -17882
6230 9431 -18062
6231 9479 -18266
6232 9513 -18250
6233 9499 -18166
6234 9469 -18138
6235 9495 -18326
6236 9519 -18266
6237 9469 -18138
6238 9475 -18094
6239 9463 -18038
6240 9419 -17898
6241 9371 -17862
6242 9343 -17842
6243 9373 -17974
6244 9317 -17886
6245 9281 -17842
6246 9317 -17910
6247 9283 -17794
6248 9231 -17690
6249 9273 -17754
6250 9259 -17666
6251 9325 -17846
6252 9403 -18082
6253 9353 -17842
6254 9333 -17758
6255 9375 -18014
6256 9367 -17934
6257 9341 -17882
6258 9427 -18078
6259 9323 -17806
6260 9331 -17906
6261 9277 -17738
6262 9293 -17818
6263 9339 -17914
6264 9341 -17902
6265 9291 -17802
6266 9325 -17922
6267 9327 -17814
6268 9367 -17978
6269 9435 -18162
6270 9415 -17986
6271 9345 -17782
6272 9385 -17858
6273 9461 -18098
6274 9507 -18218
6275 9447 -18150
6276 9565 -18414
6277 9411 -18058
6278 9415 -17962
6279 9425 -17986
6280 9355 -17986
6281 9309 -17866
6282 9315 -17802
6283 9339 -17906
6284 9317 -17882
6285 9335 -17914
6286 9329 -17814
6287 9377 -17898
6288 9361 -17954
6289 9333 -17870
6290 9321 -17906
6291 9343 -17954
6292 9285 -17874
6293 9333 -17922
6294 9345 -17882
6295 9337 -17990
6296 9243 -17730
6297 9361 -18010
6298 9417 -18102
6299 9473 -18170
6300 9373 -17890
6301 9369 -17974
6302 9355 -17990
6303 9287 -17810
6304 9275 -17770
6305 9323 -17834
6306 9287 -17734
6307 9377 -17978
6308 9337 -17810
6309 9349 -17902
6310 9409 -18102
6311 9433 -18166
6312 9371 -17978
6313 9359 -17930
6314 9355 -18018
6315 9393 -18154
6316 9405 -17982
6317 9399 -17974
6318 9397 -17958
6319 9417 -18010
6320 9423 -18006
6321 9459 -18110
6322 9467 -18170
6323 9397 -17998
6324 9341 -17850
6325 9427 -18094
6326 9491 -18286
6327 9491 -18274
6328 9539 -18270
6329 9485 -18138
6330 9451 -17958
6331 9433 -18062
6332 9421 -18066
6333 9421 -18010
6334 9455 -18094
6335 9409 -18026
6336 9333 -17898
6337 9251 -17726
6338 9279 -17662
6339 9369 -17950
6340 9369 -17950
6341 9367 -18002
6342 9345 -17926
6343 9313 -17814
6344 9365 -17974
6345 9319 -17946
6346 9279 -17826
6347 9253 -17782
6348 9231 -17698
6349 9255 -17698
6350 9203 -17578
6351 9289 -17802
6352 9363 -17922
6353 9393 -18038
6354 9327 -17822
6355 9289 -17654
6356 9305 -17842
6357 9327 -17842
6358 9339 -17858
6359 9303 -17854
6360 9331 -17894
6361 9315 -17822
6362 9341 -17854
6363 9335 -17834
6364 9381 -18030
6365 9363 -17954
6366 9393 -18054
6367 9399 -17986
6368 9417 -18098
6369 9421 -18150
6370 9429 -18198
6371 9311 -17830
6372 9353 -17902
6373 9353 -17974
6374 9183 -17466
6375 9227 -17618
6376 9335 -17846
6377 9283 -17718
6378 9217 -17610
6379 9167 -17490
6380 9217 -17594
6381 9267 -17706
6382 9289 -17758
6383 9333 -17806
6384 9287 -17702
6385 9385 -18022
6386 9399 -18006
6387 9359 -17910
6388 9359 -17934
6389 9421 -18086
6390 9433 -18110
6391 9403 -18070
6392 9365 -17982
6393 9379 -18070
6394 9463 -18178
6395 9489 -18278
6396 9455 -18330
6397 9481 -18258
6398 9355 -17994
6399 9319 -18002
6400 9381 -18146
6401 9337 -18018
6402 9315 -17898
6403 9475 -18218
6404 9483 -18206
6405 9439 -18102
6406 9461 -18110
6407 9451 -18122
6408 9367 -17890
6409 9347 -17926
6410 9395 -18042
6411 9423 -18034
6412 9457 -18206
6413 9395 -17938
6414 9469 -18234
6415 9467 -18146
6416 9363 -17950
6417 9367 -17902
6418 9381 -18034
6419 9425 -18038
6420 9365 -17950
6421 9357 -17902
6422 9375 -17930
6423 9373 -17930
6424 9471 -18162
6425 9403 -17918
6426 9409 -17978
6427 9363 -17826
6428 9383 -17986
6429 9409 -17982
6430 9373 -17970
6431 9333 -17810
6432 9301 -17858
6433 9337 -17862
6434 9347 -18030
6435 9279 -17914
6436 9249 -17858
6437 9291 -17898
6438 9289 -17874
6439 9269 -17738
6440 9345 -17898
6441 9391 -17954
6442 9351 -17810
6443 9385 -18022
6444 9361 -17946
6445 9325 -17950
6446 9371 -18006
6447 9389 -18030
6448 9397 -18174
6449 9409 -17990
6450 9453 -18150
6451 9403 -18050
6452 9393 -18082
6453 9317 -17894
6454 9309 -17906
6455 9285 -17786
6456 9375 -17958
6457 9373 -18018
6458 9385 -18006
6459 9459 -18078
6460 9395 -17926
6461 9379 -17946
6462 9379 -17846
6463 9415 -17970
6464 9425 -18030
6465 9369 -17878
6466 9365 -17742
6467 9325 -17806
6468 9373 -17950
6469 9319 -17766
6470 9351 -17938
6471 9429 -18118
6472 9437 -18078
6473 9411 -18070
6474 9387 -18086
6475 9383 -18030
6476 9403 -18046
6477 9421 -18202
6478 9463 -18238
6479 9465 -18122
6480 9475 -18154
6481 9545 -18338
6482 9487 -18146
6483 9471 -18074
6484 9461 -18090
6485 9461 -18166
6486 9469 -18194
6487 9435 -18106
6488 9427 -17966
6489 9355 -17902
6490 9283 -17854
6491 9327 -17822
6492 9379 -17930
6493 9401 -18018
6494 9439 -18154
6495 9417 -18098
6496 9407 -18038
6497 9429 -18142
6498 9337 -17986
6499 9281 -17830
6500 9203 -17638
6501 9247 -17730
6502 9243 -17754
6503 9297 -17890
6504 9347 -17966
6505 9319 -17990
6506 9299 -17986
6507 9217 -17894
6508 9241 -17790
6509 9187 -17666
6510 9197 -17770
6511 9209 -17730
6512 9241 -17814
6513 9237 -17802
6514 9299 -17954
6515 9303 -17922
6516 9273 -17846
6517 9267 -17938
6518 9313 -18058
6519 9323 -18058
6520 9327 -17974
6521 9371 -17990
6522 9377 -18002
6523 9477 -18214
6524 9465 -18186
6525 9483 -18206
6526 9411 -18030
6527 9381 -17974
6528 9421 -18026
6529 9383 -18026
6530 9337 -17894
6531 9409 -18078
6532 9343 -17922
6533 9283 -17682
6534 9349 -17854
6535 9275 -17782
6536 9287 -17778
6537 9361 -17982
6538 9379 -18006
6539 9361 -17998
6540 9417 -18150
6541 9357 -17930
6542 9359 -17882
6543 9321 -17830
6544 9235 -17614
6545 9207 -17574
6546 9317 -17818
6547 9231 -17694
6548 9247 -17562
6549 9257 -17738
6550 9291 -17746
6551 9323 -17910
6552 9371 -17990
6553 9379 -17914
6554 9371 -17874
6555 9393 -17934
6556 9421 -18030
6557 9409 -18058
6558 9493 -18178
6559 9465 -18174
6560 9357 -17946
6561 9385 -17954
6562 9359 -17922
6563 9385 -17910
6564 9435 -18102
6565 9503 -18270
6566 9509 -18274
6567 9493 -18222
6568 9545 -18334
6569 9477 -18146
6570 9519 -18270
6571 9483 -18170
6572 9475 -18062
6573 9519 -18230
6574 9471 -18182
6575 9489 -18214
6576 9485 -18194
6577 9423 -17986
6578 9375 -17866
6579 9365 -17894
6580 9407 -17954
6581 9357 -17842
6582 9375 -17930
6583 9441 -18142
6584 9411 -18054
6585 9407 -18050
6586 9463 -18086
6587 9497 -18206
6588 9429 -17978
6589 9373 -17874
6590 9417 -17958
6591 9387 -17850
6592 9419 -18002
6593 9441 -18070
6594 9459 -18154
6595 9421 -17982
6596 9349 -17842
6597 9385 -17902
6598 9357 -17910
6599 9337 -17898
6600 9375 -17990
6601 9397 -17962
6602 9447 -18110
6603 9409 -17954
6604 9525 -18358
6605 9447 -18182
6606 9449 -18178
6607 9427 -18082
6608 9391 -18054
6609 9379 -18058
6610 9365 -18030
6611 9429 -18106
6612 9469 -18190
6613 9501 -18250
6614 9543 -18382
6615 9397 -18014
6616 9401 -17966
6617 9455 -18002
6618 9377 -17866
6619 9283 -17730
6620 9325 -17722
6621 9413 -17946
6622 9343 -17786
6623 9413 -18010
6624 9423 -18074
6625 9401 -18042
6626 9391 -17914
6627 9405 -18062
6628 9481 -18266
6629 9375 -18006
6630 9383 -17974
6631 9317 -17806
6632 9293 -17774
6633 9285 -17786
6634 9345 -17810
6635 9295 -17714
6636 9449 -18090
6637 9465 -18106
6638 9467 -18138
6639 9437 -18042
6640 9447 -18102
6641 9343 -17822
6642 9361 -17838
6643 9243 -17690
6644 9297 -17782
6645 9329 -17830
6646 9347 -17870
6647 9399 -17966
6648 9341 -17794
6649 9365 -17986
6650 9367 -17978
6651 9357 -17886
6652 9323 -17842
6653 9371 -17950
6654 9327 -17746
6655 9277 -17722
6656 9375 -17918
6657 9375 -17938
6658 9265 -17678
6659 9377 -17970
6660 9339 -17970
6661 9405 -18082
6662 9429 -18102
6663 9413 -18226
6664 9339 -17994
6665 9339 -17966
6666 9315 -17838
6667 9387 -18042
6668 9377 -17942
6669 9387 -17874
6670 9481 -18102
6671 9473 -18054
6672 9477 -18114
6673 9407 -17982
6674 9337 -17846
6675 9313 -17726
6676 9371 -17838
6677 9383 -17974
6678 9411 -17966
6679 9389 -17874
6680 9421 -17990
6681 9449 -18114
6682 9437 -18102
6683 9397 -18094
6684 9417 -18014
6685 9365 -17894
6686 9399 -17986
6687 9405 -17990
6688 9429 -18022
6689 9443 -18090
6690 9429 -18022
6691 9449 -18114
6692 9371 -17898
6693 9393 -17886
6694 9333 -17902
6695 9409 -18090
6696 9381 -18034
6697 9369 -18018
6698 9291 -17862
6699 9259 -17822
6700 9277 -17874
6701 9313 -17942
6702 9291 -17802
6703 9275 -17826
6704 9329 -17822
6705 9325 -17870
6706 9385 -17894
6707 9347 -17826
6708 9343 -17910
6709 9331 -17930
6710 9373 -18022
6711 9403 -18086
6712 9393 -18038
6713 9221 -17618
6714 9261 -17738
6715 9307 -17858
6716 9337 -17938
6717 9357 -17802
6718 9433 -17958
6719 9469 -18062
6720 9567 -18342
6721 9559 -18318
6722 9499 -18142
6723 9583 -18414
6724 9563 -18402
6725 9489 -18222
6726 9425 -18082
6727 9425 -18046
6728 9469 -18162
6729 9441 -18078
6730 9411 -18026
6731 9355 -17818
6732 9363 -17882
6733 9271 -17682
6734 9307 -17754
6735 9293 -17766
6736 9339 -17806
6737 9417 -18062
6738 9377 -17950
6739 9447 -18058
6740 9395 -17914
6741 9407 -17954
6742 9399 -17970
6743 9387 -17966
6744 9303 -17798
6745 9307 -17914
6746 9273 -17798
6747 9253 -17706
6748 9295 -17734
6749 9301 -17750
6750 9373 -17946
6751 9325 -17830
6752 9295 -17746
6753 9385 -17998
6754 9335 -17898
6755 9353 -17862
6756 9399 -18066
6757 9371 -17962
6758 9325 -17746
6759 9467 -18126
6760 9471 -18114
6761 9479 -18118
6762 9465 -18098
6763 9407 -18034
6764 9309 -17770
6765 9297 -17730
6766 9345 -17842
6767 9439 -18090
6768 9397 -18062
6769 9403 -18022
6770 9385 -17866
6771 9349 -17838
6772 9131 -17370
6773 9107 -17286
6774 9321 -17834
6775 9347 -18030
6776 9357 -17854
6777 9411 -17994
6778 9461 -18162
6779 9441 -18050
6780 9367 -17842
6781 9389 -17890
6782 9417 -17994
6783 9353 -17818
6784 9339 -17762
6785 9409 -17954
6786 9417 -18066
6787 9455 -18162
6788 9469 -18218
6789 9513 -18262
6790 9375 -17994
6791 9331 -17858
6792 9365 -17962
6793 9249 -17630
6794 9233 -17578
6795 9195 -17622
6796 9255 -17730
6797 9255 -17638
6798 9283 -17878
6799 9345 -18030
6800 9305 -17862
6801 9289 -17830
6802 9217 -17634
6803 9255 -17766
6804 9375 -18090
6805 9431 -18166
6806 9411 -18142
6807 9337 -17958
6808 9343 -17894
6809 9347 -18002
6810 9237 -17710
6811 9261 -17798
6812 9281 -17858
6813 9321 -17842
6814 9279 -17778
6815 9241 -17642
6816 9177 -17606
6817 9151 -17626
6818 9289 -17946
6819 9271 -17826
6820 9309 -18026
6821 9313 -18070
6822 9281 -17918
6823 9189 -17698
6824 9263 -17866
6825 9257 -17794
6826 9211 -17750
6827 9215 -17738
6828 9337 -18046
6829 9301 -17838
6830 9347 -17954
6831 9429 -18134
6832 9335 -17814
6833 9333 -17794
6834 9471 -18154
6835 9333 -17742
6836 9411 -17946
6837 9393 -17910
6838 9383 -17862
6839 9399 -17934
6840 9409 -17990
6841 9401 -17994
6842 9357 -17966
6843 9349 -17922
6844 9369 -17862
6845 9425 -18070
6846 9495 -18194
6847 9513 -18234
6848 9515 -18202
6849 9453 -18070
6850 9425 -18054
6851 9425 -18138
6852 9505 -18238
6853 9467 -18150
6854 9477 -18178
6855 9385 -17990
6856 9409 -18154
6857 9421 -18150
6858 9393 -17962
6859 9381 -17910
6860 9377 -17934
6861 9335 -17886
6862 9315 -17874
6863 9281 -17774
6864 9303 -17810
6865 9221 -17690
6866 9249 -17814
6867 9233 -17794
6868 9309 -17910
6869 9299 -17858
6870 9267 -17770
6871 9307 -18006
6872 9209 -17834
6873 9163 -17774
6874 9217 -17858
6875 9225 -17806
6876 9251 -17878
6877 9177 -17618
6878 9179 -17658
6879 9171 -17702
6880 9205 -17722
6881 9129 -17630
6882 9129 -17618
6883 9135 -17682
6884 9149 -17758
6885 9097 -17674
6886 9297 -18030
6887 9273 -17918
6888 9231 -17906
6889 9203 -17754
6890 9255 -17842
6891 9265 -17902
6892 9261 -17890
6893 9207 -17722
6894 9297 -17962
6895 9231 -17754
6896 9245 -17830
6897 9251 -17830
6898 9263 -17814
6899 9345 -17986
6900 9369 -18094
6901 9337 -18058
6902 9303 -17914
6903 9333 -17974
6904 9401 -18158
6905 9319 -18002
6906 9259 -17882
6907 9335 -18110
6908 9281 -17986
6909 9281 -17966
6910 9305 -18050
6911 9221 -17822
6912 9173 -17770
6913 9205 -17794
6914 9125 -17622
6915 9169 -17666
6916 9243 -17930
6917 9265 -17930
6918 9149 -17754
6919 9239 -17986
6920 9273 -18094
6921 9219 -17914
6922 9189 -17970
6923 9145 -17754
6924 9101 -17694
6925 9157 -17750
6926 9147 -17738
6927 9147 -17826
6928 9095 -17706
6929 9135 -17774
6930 9037 -17586
6931 9105 -17650
6932 9119 -17630
6933 9147 -17746
6934 9167 -17774
6935 9211 -17914
6936 9111 -17682
6937 9129 -17682
6938 9147 -17790
6939 9089 -17658
6940 9079 -17678
6941 9057 -17666
6942 9065 -17642
6943 9097 -17674
6944 9113 -17846
6945 9095 -17790
6946 9105 -17734
6947 9147 -17594
6948 9177 -17758
6949 9263 -17894
6950 9263 -17914
6951 9233 -17794
6952 9131 -17674
6953 9177 -17770
6954 9221 -17862
6955 9199 -17758
6956 9273 -17978
6957 9157 -17702
6958 9167 -17674
6959 9247 -17894
6960 9289 -17902
6961 9349 -18022
6962 9393 -18082
6963 9339 -18030
6964 9295 -17818
6965 9299 -17886
6966 9363 -18070
6967 9387 -18142
6968 9349 -17970
6969 9401 -18138
6970 9323 -17922
6971 9317 -17890
6972 9409 -18126
6973 9305 -17822
6974 9357 -17918
6975 9405 -18006
6976 9383 -17890
6977 9375 -17890
6978 9391 -17962
6979 9349 -17854
6980 9385 -17902
6981 9457 -18114
6982 9473 -18094
6983 9493 -18202
6984 9527 -18326
6985 9385 -17966
6986 9397 -18066
6987 9411 -18186
6988 9365 -18078
6989 9401 -18122
6990 9413 -18022
6991 9377 -17950
6992 9321 -17786
6993 9261 -17790
6994 9337 -17934
6995 9385 -17942
6996 9343 -17790
6997 9259 -17578
6998 9337 -17714
6999 9365 -17866
7000 9343 -17850
7001 9295 -17618
7002 9289 -17630
7003 9267 -17706
7004 9303 -17882
7005 9305 -17954
7006 9187 -17506
7007 9145 -17490
7008 9195 -17494
7009 9189 -17462
7010 9217 -17526
7011 9283 -17754
7012 9221 -17510
7013 9263 -17790
7014 9239 -17778
7015 9307 -17846
7016 9341 -17954
7017 9309 -17866
7018 9345 -17826
7019 9385 -17906
7020 9431 -18110
7021 9437 -18138
7022 9365 -18014
7023 9335 -17898
7024 9399 -18086
7025 9441 -18178
7026 9397 -18034
7027 9363 -17986
7028 9423 -18126
7029 9397 -18050
7030 9411 -18010
7031 9391 -17894
7032 9399 -18078
7033 9367 -17958
7034 9371 -17966
7035 9459 -18266
7036 9435 -18086
7037 9393 -18026
7038 9319 -17758
7039 9359 -17946
7040 9395 -17990
7041 9297 -17806
7042 9329 -17838
7043 9265 -17642
7044 9237 -17598
7045 9233 -17658
7046 9303 -17766
7047 9267 -17786
7048 9347 -17938
7049 9315 -17842
7050 9379 -17950
7051 9427 -18106
7052 9489 -18270
7053 9427 -18054
7054 9337 -17926
7055 9261 -17742
7056 9253 -17606
7057 9259 -17650
7058 9263 -17658
7059 9227 -17602
7060 9221 -17734
7061 9211 -17682
7062 9259 -17950
7063 9269 -17810
7064 9221 -17646
7065 9309 -17894
7066 9261 -17766
7067 9277 -17870
7068 9313 -17994
7069 9305 -17982
7070 9373 -18058
7071 9317 -17914
7072 9319 -17858
7073 9345 -18050
7074 9309 -17890
7075 9317 -17978
7076 9401 -18098
7077 9415 -18166
7078 9481 -18238
7079 9419 -18154
7080 9371 -18010
7081 9431 -18154
7082 9355 -18006
7083 9351 -17918
7084 9289 -17886
7085 9275 -17798
7086 9291 -17710
7087 9341 -18022
7088 9249 -17822
7089 9317 -17902
7090 9369 -17950
7091 9301 -17774
7092 9375 -17958
7093 9383 -17922
7094 9381 -17830
7095 9361 -17842
7096 9321 -17746
7097 9391 -18062
7098 9377 -17994
7099 9389 -17958
7100 9391 -17990
7101 9333 -17834
7102 9371 -17930
7103 9435 -18090
7104 9373 -17890
7105 9319 -17782
7106 9361 -17974
7107 9369 -18006
7108 9387 -18022
7109 9501 -18178
7110 9497 -18166
7111 9485 -18206
7112 9445 -17974
7113 9473 -18090
7114 9439 -18002
7115 9505 -18138
7116 9549 -18314
7117 9517 -18318
7118 9401 -18010
7119 9333 -17878
7120 9313 -17834
7121 9359 -18014
7122 9301 -17950
7123 9261 -17838
7124 9279 -17882
7125 9255 -17890
7126 9259 -17806
7127 9199 -17634
7128 9183 -17674
7129 9205 -17598
7130 9305 -17786
7131 9317 -17826
7132 9303 -17738
7133 9297 -17730
7134 9305 -17826
7135 9319 -17918
7136 9285 -17802
7137 9359 -17966
7138 9357 -17958
7139 9293 -17878
7140 9257 -17702
7141 9305 -17866
7142 9221 -17798
7143 9297 -17902
7144 9285 -17770
7145 9357 -17986
7146 9291 -17858
7147 9235 -17690
7148 9243 -17726
7149 9265 -17798
7150 9293 -17802
7151 9343 -18050
7152 9357 -18098
7153 9401 -18182
7154 9367 -17946
7155 9395 -18054
7156 9439 -18250
7157 9353 -18062
7158 9323 -17946
7159 9263 -17822
7160 9335 -18010
7161 9287 -17834
7162 9261 -17750
7163 9357 -18006
7164 9433 -18118
7165 9427 -18038
7166 9383 -17950
7167 9385 -17934
7168 9321 -17746
7169 9367 -17870
7170 9307 -17738
7171 9383 -17958
7172 9453 -18150
7173 9485 -18270
7174 9431 -18166
7175 9381 -17998
7176 9371 -17990
7177 9373 -17986
7178 9337 -17846
7179 9389 -18062
7180 9367 -17966
7181 9339 -17794
7182 9333 -17902
7183 9383 -17930
7184 9297 -17710
7185 9317 -17698
7186 9309 -17758
7187 9317 -17790
7188 9303 -17898
7189 9359 -17878
7190 9365 -18038
7191 9193 -17754
7192 9157 -17646
7193 9195 -17746
7194 9193 -17770
7195 9145 -17582
7196 9205 -17718
7197 9271 -17870
7198 9259 -17878
7199 9283 -17862
7200 9317 -18026
7201 9271 -17786
7202 9269 -17882
7203 9363 -18122
7204 9401 -18146
7205 9389 -18078
7206 9387 -17994
7207 9333 -17974
7208 9317 -17894
7209 9275 -17910
7210 9321 -17878
7211 9265 -17766
7212 9231 -17710
7213 9143 -17614
7214 9261 -17782
7215 9207 -17674
7216 9217 -17730
7217 9287 -17902
7218 9279 -17814
7219 9287 -17906
7220 9293 -17954
7221 9379 -18134
7222 9261 -17914
7223 9219 -17702
7224 9253 -17746
7225 9321 -17914
7226 9299 -17734
7227 9399 -17950
7228 9291 -17690
7229 9269 -17674
7230 9275 -17782
7231 9387 -17966
7232 9389 -18034
7233 9333 -17890
7234 9325 -17778
7235 9261 -17598
7236 9331 -17906
7237 9293 -17798
7238 9325 -17942
7239 9363 -18010
7240 9355 -17986
7241 9337 -17946
7242 9385 -18114
7243 9333 -17914
7244 9395 -17974
7245 9465 -18166
7246 9377 -18002
7247 9363 -17866
7248 9405 -18078
7249 9385 -18082
7250 9349 -17950
7251 9269 -17770
7252 9333 -17890
7253 9435 -18138
7254 9423 -17970
7255 9435 -18038
7256 9477 -18134
7257 9397 -17954
7258 9363 -17890
7259 9363 -17966
7260 9377 -17890
7261 9349 -17990
7262 9353 -17986
7263 9315 -17842
7264 9319 -17886
7265 9335 -17762
7266 9295 -17734
7267 9415 -18086
7268 9401 -17998
7269 9349 -17878
7270 9365 -17910
7271 9369 -18006
7272 9387 -18122
7273 9333 -17938
7274 9415 -18122
7275 9363 -17998
7276 9279 -17766
7277 9215 -17654
7278 9155 -17534
7279 9271 -17850
7280 9329 -18002
7281 9369 -18134
7282 9325 -18042
7283 9303 -17846
7284 9299 -17810
7285 9255 -17666
7286 9157 -17522
7287 9259 -17786
7288 9189 -17598
7289 9227 -17694
7290 9261 -17730
7291 9361 -18018
7292 9395 -18062
7293 9371 -17998
7294 9401 -17970
7295 9405 -18126
7296 9347 -18022
7297 9223 -17754
7298 9247 -17750
7299 9263 -17714
7300 9193 -17598
7301 9217 -17606
7302 9363 -17934
7303 9305 -17874
7304 9275 -17794
7305 9341 -17942
7306 9311 -17966
7307 9269 -17754
7308 9259 -17730
7309 9251 -17750
7310 9201 -17590
7311 9249 -17774
7312 9295 -17886
7313 9281 -17866
7314 9223 -17794
7315 9163 -17802
7316 9157 -17678
7317 9221 -17730
7318 9179 -17762
7319 9191 -17658
7320 9147 -17650
7321 9159 -17542
7322 9069 -17434
7323 9139 -17610
7324 9061 -17546
7325 9165 -17698
7326 9217 -17798
7327 9223 -17646
7328 9209 -17698
7329 9283 -17922
7330 9225 -17858
7331 9193 -17754
7332 9193 -17526
7333 9211 -17754
7334 9265 -17946
7335 9277 -17990
7336 9271 -17838
7337 9261 -17650
7338 9323 -17934
7339 9295 -17850
7340 9305 -17914
7341 9307 -17838
7342 9331 -17986
7343 9341 -17766
7344 9383 -17902
7345 9415 -18066
7346 9423 -18070
7347 9431 -18042
7348 9373 -18014
7349 9323 -17858
7350 9353 -17862
7351 9423 -18038
7352 9423 -18106
7353 9401 -18078
7354 9331 -17850
7355 9337 -17782
7356 9369 -17930
7357 9411 -18006
7358 9463 -18054
7359 9437 -17998
7360 9437 -18058
7361 9451 -18114
7362 9425 -17994
7363 9401 -17910
7364 9305 -17698
7365 9343 -17766
7366 9373 -17794
7367 9381 -17874
7368 9371 -17922
7369 9379 -17998
7370 9407 -18058
7371 9429 -18118
7372 9429 -18074
7373 9387 -18090
7374 9351 -17958
7375 9287 -17762
7376 9249 -17702
7377 9197 -17682
7378 9187 -17602
7379 9209 -17618
7380 9243 -17806
7381 9169 -17594
7382 9177 -17662
7383 9277 -17810
7384 9275 -17722
7385 9349 -17850
7386 9321 -17890
7387 9295 -17762
7388 9369 -17878
7389 9311 -17750
7390 9273 -17714
7391 9235 -17690
7392 9145 -17510
7393 9207 -17702
7394 9237 -17858
7395 9227 -17838
7396 9239 -17810
7397 9297 -17918
7398 9295 -17882
7399 9339 -17906
7400 9367 -17986
7401 9255 -17818
7402 9323 -17854
7403 9345 -17910
7404 9287 -17734
7405 9319 -17770
7406 9313 -17754
7407 9299 -17706
7408 9363 -17954
7409 9387 -18054
7410 9483 -18246
7411 9519 -18250
7412 9473 -18162
7413 9485 -18266
7414 9441 -18074
7415 9407 -18006
7416 9393 -18106
7417 9395 -17974
7418 9411 -18050
7419 9381 -17982
7420 9361 -17890
7421 9421 -17970
7422 9373 -17894
7423 9415 -18014
7424 9345 -17958
7425 9369 -17918
7426 9327 -17878
7427 9377 -18014
7428 9367 -17990
7429 9297 -17850
7430 9335 -17942
7431 9355 -17918
7432 9401 -18034
7433 9353 -17970
7434 9449 -18066
7435 9427 -18182
7436 9349 -17998
7437 9363 -18010
7438 9441 -18134
7439 9379 -17958
7440 9347 -17894
7441 9339 -17814
7442 9267 -17702
7443 9315 -17894
7444 9333 -17870
7445 9325 -17770
7446 9365 -17890
7447 9365 -18018
7448 9283 -17718
7449 9369 -17938
7450 9419 -18110
7451 9431 -18062
7452 9393 -17910
7453 9381 -17910
7454 9379 -17922
7455 9421 -17950
7456 9371 -17938
7457 9385 -17934
7458 9431 -18022
7459 9479 -18214
7460 9421 -18002
7461 9357 -17926
7462 9409 -17946
7463 9443 -18062
7464 9447 -18058
7465 9421 -18022
7466 9423 -17994
7467 9425 -18070
7468 9553 -18298
7469 9455 -18122
7470 9449 -18146
7471 9351 -17866
7472 9357 -17962
7473 9289 -17838
7474 9327 -17834
7475 9339 -17898
7476 9361 -17874
7477 9411 -18022
7478 9383 -18010
7479 9377 -18078
7480 9419 -18174
7481 9313 -18102
7482 9321 -18154
7483 9297 -18006
7484 9285 -17930
7485 9275 -17822
7486 9279 -17858
7487 9327 -17938
7488 9309 -17898
7489 9267 -17906
7490 9249 -17738
7491 9225 -17822
7492 9215 -17694
7493 9293 -17950
7494 9237 -17806
7495 9251 -17846
7496 9235 -17814
7497 9231 -17862
7498 9299 -17814
7499 9285 -17818
7500 9387 -18054
7501 9377 -18050
7502 9335 -17954
7503 9259 -17654
7504 9283 -17758
7505 9433 -18174
7506 9367 -17986
7507 9369 -17910
7508 9391 -18038
7509 9399 -18082
7510 9379 -18026
7511 9321 -17902
7512 9361 -17958
7513 9287 -17826
7514 9345 -17902
7515 9357 -17878
7516 9309 -17794
7517 9319 -17810
7518 9349 -17846
7519 9345 -17866
7520 9407 -18018
7521 9399 -17974
7522 9345 -17942
7523 9331 -17894
7524 9311 -17774
7525 9373 -17970
7526 9309 -17958
7527 9233 -17846
7528 9331 -18050
7529 9345 -18078
7530 9313 -18022
7531 9211 -17622
7532 9233 -17662
7533 9301 -17846
7534 9309 -17862
7535 9327 -17946
7536 9331 -17858
7537 9323 -17930
7538 9275 -17798
7539 9321 -17846
7540 9405 -17990
7541 9409 -17982
7542 9411 -18002
7543 9363 -17898
7544 9349 -17870
7545 9361 -17934
7546 9351 -17870
7547 9419 -18126
7548 9385 -18122
7549 9409 -18090
7550 9427 -18174
7551 9455 -18202
7552 9483 -18302
7553 9369 -17982
7554 9287 -17910
7555 9269 -17810
7556 9251 -17658
7557 9275 -17794
7558 9341 -17938
7559 9309 -17778
7560 9339 -17954
7561 9273 -17786
7562 9289 -17934
7563 9349 -18030
7564 9257 -17886
7565 9291 -17906
7566 9345 -17990
7567 9447 -18154
7568 9431 -18162
7569 9411 -18166
7570 9377 -17970
7571 9397 -18042
7572 9397 -17986
7573 9405 -17982
7574 9397 -17966
7575 9415 -18006
7576 9333 -17886
7577 9355 -17870
7578 9387 -17922
7579 9347 -17910
7580 9313 -17898
7581 9261 -17802
7582 9221 -17702
7583 9221 -17586
7584 9271 -17774
7585 9279 -17726
7586 9361 -17958
7587 9359 -17978
7588 9249 -17694
7589 9273 -17714
7590 9379 -17990
7591 9461 -18142
7592 9469 -18258
7593 9463 -18146
7594 9413 -18006
7595 9421 -18066
7596 9379 -17910
7597 9437 -18066
7598 9403 -17974
7599 9329 -17854
7600 9357 -17934
7601 9399 -18086
7602 9373 -18058
7603 9261 -17674
7604 9279 -17650
7605 9247 -17634
7606 9305 -17798
7607 9331 -17786
7608 9371 -17882
7609 9341 -17866
7610 9331 -17974
7611 9349 -17990
7612 9371 -18026
7613 9349 -17978
7614 9329 -17854
7615 9417 -18070
7616 9405 -18074
7617 9369 -17926
7618 9307 -17794
7619 9293 -17706
7620 9399 -17998
7621 9429 -18186
7622 9427 -18154
7623 9381 -17986
7624 9381 -17910
7625 9399 -17930
7626 9397 -17898
7627 9389 -17906
7628 9413 -18078
7629 9431 -18102
7630 9449 -17994
7631 9523 -18254
7632 9491 -18138
7633 9583 -18438
7634 9557 -18342
7635 9465 -18098
7636 9519 -18242
7637 9421 -18010
7638 9465 -18154
7639 9487 -18306
7640 9479 -18250
7641 9447 -18090
7642 9449 -18106
7643 9467 -18130
7644 9375 -17902
7645 9365 -18006
7646 9337 -17818
7647 9325 -17762
7648 9303 -17778
7649 9305 -17746
7650 9359 -17830
7651 9375 -17906
7652 9401 -17966
7653 9419 -17982
7654 9325 -17766
7655 9329 -17866
7656 9309 -17754
7657 9353 -17994
7658 9405 -18026
7659 9377 -17910
7660 9491 -18278
7661 9463 -18174
7662 9423 -18022
7663 9425 -18018
7664 9327 -17806
7665 9325 -17782
7666 9307 -17854
7667 9373 -18002
7668 9379 -17982
7669 9321 -17870
7670 9343 -17870
7671 9315 -17838
7672 9421 -18038
7673 9455 -18110
7674 9411 -18018
7675 9425 -18102
7676 9417 -18050
7677 9419 -18054
7678 9347 -17962
7679 9267 -17762
7680 9279 -17850
7681 9395 -17994
7682 9409 -18018
7683 9337 -17758
7684 9409 -17882
7685 9437 -18026
7686 9449 -18050
7687 9445 -18066
7688 9379 -17850
7689 9405 -17962
7690 9467 -18134
7691 9443 -18106
7692 9481 -18106
7693 9433 -18010
7694 9371 -17990
7695 9457 -18110
7696 9415 -18054
7697 9335 -17946
7698 9389 -18082
7699 9407 -18086
7700 9321 -17830
7701 9295 -17750
7702 9285 -17754
7703 9277 -17770
7704 9229 -17710
7705 9233 -17674
7706 9163 -17586
7707 9155 -17570
7708 9399 -18058
7709 9365 -17890
7710 9357 -17942
7711 9379 -18010
7712 9379 -18002
7713 9269 -17726
7714 9273 -17722
7715 9273 -17766
7716 9289 -17798
7717 9291 -17802
7718 9297 -17814
7719 9281 -17762
7720 9321 -17786
7721 9263 -17770
7722 9261 -17674
7723 9299 -17726
7724 9339 -17846
7725 9379 -17862
7726 9357 -17830
7727 9357 -17950
7728 9359 -17978
7729 9311 -17850
7730 9359 -17994
7731 9303 -17822
7732 9347 -17898
7733 9317 -17926
7734 9301 -17826
7735 9283 -17746
7736 9247 -17706
7737 9279 -17730
7738 9335 -17806
7739 9303 -17786
7740 9329 -17830
7741 9341 -17986
7742 9381 -18014
7743 9411 -18146
7744 9401 -18106
7745 9309 -17914
7746 9305 -17894
7747 9251 -17742
7748 9243 -17814
7749 9263 -17846
7750 9253 -17778
7751 9333 -17938
7752 9387 -17970
7753 9319 -17758
7754 9351 -17870
7755 9399 -17970
7756 9335 -17826
7757 9455 -17994
7758 9503 -18142
7759 9477 -18106
7760 9441 -17998
7761 9395 -17902
7762 9363 -17846
7763 9293 -17822
7764 9281 -17798
7765 9311 -17694
7766 9447 -17994
7767 9387 -17970
7768 9393 -18002
7769 9403 -18098
7770 9305 -17730
7771 9215 -17570
7772 9135 -17394
7773 9205 -17642
7774 9145 -17482
7775 9227 -17646
7776 9151 -17518
7777 9203 -17618
7778 9363 -17914
7779 9411 -17994
7780 9431 -18034
7781 9407 -18014
7782 9311 -17734
7783 9417 -18050
7784 9417 -18062
7785 9423 -18046
7786 9449 -18110
7787 9433 -18022
7788 9433 -17998
7789 9425 -18058
7790 9415 -18042
7791 9401 -17970
7792 9371 -17946
7793 9453 -18142
7794 9479 -18182
7795 9435 -18114
7796 9409 -18134
7797 9427 -18046
7798 9459 -18182
7799 9395 -17990
7800 9377 -17878
7801 9447 -18174
7802 9465 -18366
7803 9395 -18094
7804 9365 -17978
7805 9303 -17902
7806 9263 -17830
7807 9233 -17750
7808 9239 -17802
7809 9265 -17778
7810 9211 -17706
7811 9227 -17702
7812 9297 -17866
7813 9263 -17794
7814 9269 -17870
7815 9345 -18130
7816 9327 -18102
7817 9235 -17970
7818 9277 -17938
7819 9235 -17818
7820 9111 -17498
7821 9119 -17406
7822 9243 -17814
7823 9199 -17730
7824 9209 -17798
7825 9181 -17770
7826 9175 -17878
7827 9155 -17654
7828 9143 -17554
7829 9191 -17682
7830 9245 -17798
7831 9225 -17834
7832 9245 -17842
7833 9213 -17726
7834 9259 -17834
7835 9195 -17758
7836 9191 -17722
7837 9219 -17822
7838 9225 -17846
7839 9269 -17822
7840 9327 -17950
7841 9327 -17978
7842 9391 -18042
7843 9467 -18266
7844 9487 -18362
7845 9427 -18198
7846 9469 -18178
7847 9421 -18086
7848 9431 -18078
7849 9369 -17950
7850 9405 -18106
7851 9465 -18210
7852 9451 -18102
7853 9381 -17938
7854 9331 -17842
7855 9301 -17858
7856 9271 -17742
7857 9311 -17882
7858 9303 -17798
7859 9325 -17846
7860 9349 -17922
7861 9331 -17926
7862 9303 -17966
7863 9295 -17806
7864 9365 -17950
7865 9369 -17954
7866 9469 -18158
7867 9411 -18002
7868 9401 -18006
7869 9453 -18078
7870 9531 -18242
7871 9507 -18170
7872 9491 -18066
7873 9513 -18170
7874 9453 -18042
7875 9439 -17978
7876 9481 -18126
7877 9469 -18090
7878 9521 -18322
7879 9447 -18114
7880 9475 -18162
7881 9379 -17870
7882 9319 -17826
7883 9371 -17894
7884 9371 -17826
7885 9351 -17774
7886 9377 -17914
7887 9333 -17794
7888 9399 -17986
7889 9429 -18006
7890 9335 -17734
7891 9275 -17666
7892 9301 -17758
7893 9277 -17714
7894 9291 -17690
7895 9331 -17790
7896 9345 -17858
7897 9335 -17922
7898 9395 -18050
7899 9357 -17902
7900 9359 -17858
7901 9423 -18074
7902 9409 -18030
7903 9357 -17970
7904 9407 -18082
7905 9327 -17882
7906 9297 -17818
7907 9327 -17830
7908 9335 -17922
7909 9261 -17730
7910 9219 -17534
7911 9253 -17574
7912 9271 -17702
7913 9263 -17678
7914 9273 -17790
7915 9367 -17942
7916 9467 -18254
7917 9481 -18182
7918 9405 -18066
7919 9379 -17990
7920 9337 -17982
7921 9309 -17898
7922 9273 -17754
7923 9217 -17718
7924 9239 -17686
7925 9233 -17742
7926 9369 -18086
7927 9381 -17970
7928 9415 -18038
7929 9457 -18150
7930 9443 -18102
7931 9393 -18142
7932 9319 -17902
7933 9349 -18030
7934 9281 -17798
7935 9309 -17774
7936 9411 -18062
7937 9421 -18106
7938 9411 -18082
7939 9297 -17866
7940 9289 -17838
7941 9331 -17970
7942 9313 -17934
7943 9281 -17834
7944 9211 -17702
7945 9319 -17978
7946 9317 -17954
7947 9297 -17830
7948 9223 -17682
7949 9249 -17722
7950 9243 -17646
7951 9275 -17922
7952 9295 -17846
7953 9303 -17838
7954 9307 -17838
7955 9327 -17810
7956 9329 -17854
7957 9383 -17970
7958 9331 -17786
7959 9313 -17862
7960 9373 -18014
7961 9417 -18102
7962 9451 -18174
7963 9435 -18166
7964 9389 -17942
7965 9345 -17906
7966 9201 -17542
7967 9219 -17682
7968 9235 -17774
7969 9281 -17810
7970 9277 -17722
7971 9393 -18026
7972 9413 -18018
7973 9285 -17770
7974 9329 -17826
7975 9331 -17842
7976 9295 -17838
7977 9351 -17858
7978 9363 -17930
7979 9371 -17834
7980 9397 -17946
7981 9365 -17978
7982 9371 -17926
7983 9387 -17918
7984 9407 -17978
7985 9421 -18014
7986 9423 -18018
7987 9425 -18042
7988 9401 -17954
7989 9357 -17838
7990 9401 -18026
7991 9339 -17906
7992 9299 -17878
7993 9325 -17954
7994 9295 -17906
7995 9325 -17890
7996 9315 -17766
7997 9253 -17674
7998 9291 -17794
7999 9317 -17882
8000 9301 -17886
8001 9401 -18010
8002 9363 -17970
8003 9427 -18162
8004 9399 -18010
8005 9321 -17886
8006 9313 -17962
8007 9299 -17898
8008 9259 -17734
8009 9265 -17846
8010 9327 -18078
8011 9257 -17870
8012 9239 -17690
8013 9185 -17650
8014 9177 -17530
8015 9287 -17814
8016 9339 -17918
8017 9377 -17918
8018 9421 -18058
8019 9451 -18086
8020 9395 -18046
8021 9357 -17926
8022 9413 -18030
8023 9403 -18078
8024 9327 -17822
8025 9465 -18146
8026 9505 -18142
8027 9511 -18138
8028 9429 -18002
8029 9415 -17962
8030 9419 -17982
8031 9423 -17982
8032 9441 -18034
8033 9335 -17822
8034 9431 -17974
8035 9481 -18146
8036 9349 -17822
8037 9411 -18030
8038 9497 -18246
8039 9495 -18214
8040 9463 -18082
8041 9447 -18106
8042 9437 -18082
8043 9361 -17882
8044 9351 -17846
8045 9325 -17770
8046 9317 -17746
8047 9405 -17970
8048 9357 -17890
8049 9373 -17994
8050 9305 -17838
8051 9361 -17974
8052 9321 -17962
8053 9349 -17974
8054 9347 -17998
8055 9409 -18070
8056 9441 -18126
8057 9401 -18002
8058 9387 -18042
8059 9353 -18006
8060 9411 -18014
8061 9357 -17830
8062 9387 -18010
8063 9365 -17894
8064 9379 -17858
8065 9413 -18062
8066 9369 -18022
8067 9345 -17918
8068 9359 -17990
8069 9389 -18014
8070 9357 -17950
8071 9399 -18050
8072 9375 -17994
8073 9355 -17998
8074 9317 -17818
8075 9307 -17774
8076 9257 -17806
8077 9301 -17838
8078 9301 -17842
8079 9319 -17858
8080 9289 -17726
8081 9395 -17930
8082 9403 -18022
8083 9377 -17974
8084 9369 -18054
8085 9379 -18030
8086 9399 -18002
8087 9373 -17874
8088 9423 -18030
8089 9387 -17890
8090 9297 -17714
8091 9297 -17826
8092 9313 -17878
8093 9277 -17886
8094 9215 -17690
8095 9193 -17654
8096 9207 -17702
8097 9153 -17506
8098 9173 -17634
8099 9207 -17754
8100 9185 -17690
8101 9169 -17710
8102 9127 -17642
8103 9097 -17638
8104 9165 -17774
8105 9197 -17830
8106 9189 -17714
8107 9191 -17778
8108 9177 -17774
8109 9121 -17618
8110 9139 -17610
8111 9215 -17742
8112 9191 -17610
8113 9159 -17702
8114 9219 -17834
8115 9283 -17882
8116 9233 -17770
8117 9253 -17754
8118 9211 -17674
8119 9231 -17654
8120 9285 -17686
8121 9323 -17822
8122 9247 -17730
8123 9379 -18070
8124 9323 -18002
8125 9215 -17690
8126 9327 -17974
8127 9333 -17942
8128 9283 -17866
8129 9311 -17834
8130 9357 -17934
8131 9415 -17978
8132 9435 -18082
8133 9409 -17982
8134 9507 -18206
8135 9469 -18118
8136 9465 -18186
8137 9483 -18138
8138 9449 -18046
8139 9451 -18102
8140 9473 -18034
8141 9435 -17982
8142 9429 -18014
8143 9441 -18078
8144 9343 -17846
8145 9323 -17850
8146 9313 -17838
8147 9223 -17674
8148 9239 -17706
8149 9237 -17662
8150 9285 -17798
8151 9301 -17818
8152 9261 -17690
8153 9315 -17830
8154 9361 -17906
8155 9331 -17758
8156 9293 -17742
8157 9303 -17762
8158 9409 -18098
8159 9351 -17886
8160 9405 -18002
8161 9429 -18098
8162 9413 -18066
8163 9379 -17946
8164 9243 -17662
8165 9221 -17602
8166 9281 -17966
8167 9341 -17978
8168 9309 -17826
8169 9317 -17850
8170 9339 -17842
8171 9353 -17810
8172 9353 -17934
8173 9353 -17950
8174 9347 -17786
8175 9331 -17782
8176 9323 -17762
8177 9259 -17646
8178 9237 -17674
8179 9403 -17986
8180 9371 -18018
8181 9381 -17986
8182 9337 -17922
8183 9213 -17590
8184 9319 -17874
8185 9323 -17818
8186 9309 -17862
8187 9305 -17866
8188 9335 -17898
8189 9267 -17706
8190 9385 -17910
8191 9359 -17882
8192 9367 -18034
8193 9361 -17846
8194 9299 -17610
8195 9371 -17866
8196 9321 -17754
8197 9313 -17718
8198 9289 -17758
8199 9259 -17782
8200 9263 -17862
8201 9179 -17642
8202 9283 -17926
8203 9353 -18050
8204 9345 -17942
8205 9369 -18038
8206 9443 -18162
8207 9493 -18278
8208 9471 -18218
8209 9381 -17970
8210 9295 -17774
8211 9261 -17778
8212 9285 -17762
8213 9235 -17678
8214 9239 -17574
8215 9295 -17806
8216 9185 -17590
8217 9261 -17650
8218 9247 -17706
8219 9279 -17838
8220 9203 -17670
8221 9239 -17722
8222 9137 -17510
8223 9135 -17638
8224 9267 -17910
8225 9289 -17886
8226 9307 -17958
8227 9397 -18170
8228 9275 -17814
8229 9241 -17718
8230 9285 -17826
8231 9333 -17878
8232 9345 -17902
8233 9331 -18054
8234 9365 -18102
8235 9375 -18126
8236 9419 -18114
8237 9445 -18182
8238 9473 -18270
8239 9467 -18222
8240 9463 -18202
8241 9435 -18122
8242 9449 -18134
8243 9409 -18054
8244 9515 -18214
8245 9477 -18234
8246 9419 -18238
8247 9401 -18150
8248 9361 -18022
8249 9403 -18082
8250 9277 -17662
8251 9399 -17982
8252 9347 -17886
8253 9377 -17870
8254 9379 -17934
8255 9355 -17870
8256 9313 -17770
8257 9347 -17790
8258 9339 -17758
8259 9299 -17714
8260 9325 -17818
8261 9367 -17822
8262 9387 -17934
8263 9423 -18034
8264 9457 -18094
8265 9389 -17978
8266 9473 -18186
8267 9417 -17998
8268 9381 -17902
8269 9471 -18058
8270 9439 -17982
8271 9415 -17938
8272 9333 -17826
8273 9309 -17806
8274 9303 -17730
8275 9393 -17934
8276 9417 -18102
8277 9457 -18138
8278 9375 -17902
8279 9363 -17926
8280 9327 -17798
8281 9267 -17646
8282 9241 -17562
8283 9289 -17690
8284 9255 -17742
8285 9255 -17734
8286 9205 -17670
8287 9275 -17802
8288 9207 -17654
8289 9327 -17918
8290 9289 -17846
8291 9345 -17950
8292 9399 -18014
8293 9393 -18030
8294 9433 -18074
8295 9361 -17922
8296 9269 -17622
8297 9371 -17890
8298 9331 -17858
8299 9263 -17730
8300 9229 -17606
8301 9259 -17782
8302 9331 -17930
8303 9273 -17762
8304 9275 -17806
8305 9333 -17982
8306 9259 -17774
8307 9225 -17582
8308 9239 -17638
8309 9281 -17698
8310 9301 -17750
8311 9287 -17874
8312 9291 -17818
8313 9277 -17834
8314 9359 -17950
8315 9319 -17822
8316 9355 -17826
8317 9479 -18162
8318 9481 -18158
8319 9455 -18138
8320 9411 -18098
8321 9399 -18014
8322 9355 -17830
8323 9323 -17798
8324 9321 -17738
8325 9241 -17646
8326 9321 -17938
8327 9387 -17946
8328 9403 -18006
8329 9435 -18186
8330 9475 -18186
8331 9429 -18054
8332 9461 -18098
8333 9481 -18134
8334 9447 -18086
8335 9467 -18166
8336 9475 -18122
8337 9415 -18010
8338 9389 -17902
8339 9381 -17874
8340 9445 -18042
8341 9409 -17998
8342 9435 -18054
8343 9377 -17966
8344 9371 -17882
8345 9415 -17966
8346 9379 -17898
8347 9391 -17930
8348 9381 -17906
8349 9359 -17878
8350 9335 -17898
8351 9315 -17830
8352 9309 -17790
8353 9347 -17854
8354 9375 -17874
8355 9359 -17894
8356 9341 -17826
8357 9355 -17770
8358 9421 -18018
8359 9371 -17926
8360 9433 -18042
8361 9483 -18226
8362 9389 -17846
8363 9379 -17822
8364 9399 -17970
8365 9465 -18126
8366 9467 -18134
8367 9415 -18046
8368 9431 -18098
8369 9443 -18102
8370 9467 -18110
8371 9389 -17962
8372 9449 -18006
8373 9453 -18074
8374 9461 -18070
8375 9411 -17998
8376 9457 -18062
8377 9497 -18242
8378 9431 -18066
8379 9429 -18010
8380 9391 -17938
8381 9333 -17786
8382 9233 -17506
8383 9177 -17446
8384 9307 -17810
8385 9325 -17910
8386 9401 -17986
8387 9489 -18270
8388 9369 -18018
8389 9255 -17770
8390 9205 -17694
8391 9239 -17650
8392 9187 -17518
8393 9271 -17798
8394 9329 -18002
8395 9405 -18102
8396 9407 -18110
8397 9327 -17930
8398 9357 -17982
8399 9331 -17922
8400 9325 -17942
8401 9225 -17762
8402 9163 -17742
8403 9267 -17902
8404 9255 -17826
8405 9239 -17842
8406 9263 -17898
8407 9263 -17858
8408 9219 -17702
8409 9193 -17726
8410 9239 -17742
8411 9283 -17898
8412 9233 -17838
8413 9191 -17682
8414 9249 -17854
8415 9129 -17610
8416 9269 -17918
8417 9307 -17970
8418 9333 -17942
8419 9237 -17766
8420 9317 -17906
8421 9293 -17830
8422 9267 -17758
8423 9291 -17898
8424 9315 -17850
8425 9355 -17930
8426 9359 -17994
8427 9329 -17838
8428 9361 -18002
8429 9441 -18178
8430 9379 -18026
8431 9309 -17818
8432 9319 -17810
8433 9301 -17818
8434 9321 -17934
8435 9359 -17982
8436 9191 -17646
8437 9255 -17682
8438 9311 -17698
8439 9271 -17666
8440 9387 -17942
8441 9355 -17870
8442 9365 -17918
8443 9399 -17994
8444 9367 -17954
8445 9449 -18158
8446 9415 -18166
8447 9353 -18030
8448 9339 -17970
8449 9307 -17846
8450 9303 -17818
8451 9237 -17634
8452 9289 -17810
8453 9269 -17818
8454 9351 -17942
8455 9331 -17830
8456 9325 -17834
8457 9369 -17934
8458 9291 -17734
8459 9261 -17642
8460 9313 -17802
8461 9293 -17786
8462 9329 -17902
8463 9365 -17982
8464 9433 -18074
8465 9443 -17982
8466 9445 -18150
8467 9457 -18126
8468 9425 -17954
8469 9435 -18062
8470 9367 -17922
8471 9377 -17954
8472 9419 -18026
8473 9377 -17950
8474 9389 -18042
8475 9353 -17938
8476 9369 -17938
8477 9459 -18170
8478 9379 -17918
8479 9375 -17942
8480 9353 -17918
8481 9255 -17686
8482 9345 -17874
8483 9375 -17990
8484 9379 -17918
8485 9365 -17994
8486 9353 -17902
8487 9321 -17794
8488 9407 -18054
8489 9433 -18070
8490 9371 -17890
8491 9317 -17690
8492 9347 -17770
8493 9351 -17894
8494 9321 -17878
8495 9291 -17722
8496 9237 -17614
8497 9235 -17618
8498 9265 -17702
8499 9373 -18030
8500 9387 -18034
8501 9361 -17966
8502 9383 -17910
8503 9425 -17954
8504 9391 -17966
8505 9365 -17922
8506 9361 -17858
8507 9457 -18190
8508 9379 -17938
8509 9357 -17846
8510 9325 -17746
8511 9347 -17894
8512 9337 -17810
8513 9427 -18138
8514 9373 -18082
8515 9289 -17858
8516 9291 -17718
8517 9335 -17874
8518 9371 -17874
8519 9415 -18026
8520 9405 -18018
8521 9389 -17950
8522 9423 -18018
8523 9379 -17914
8524 9359 -17934
8525 9405 -18038
8526 9339 -17958
8527 9377 -18066
8528 9285 -17834
8529 9303 -17810
8530 9377 -18042
8531 9433 -18202
8532 9385 -18154
8533 9337 -17898
8534 9339 -17790
8535 9383 -18050
8536 9401 -18078
8537 9407 -18090
8538 9437 -18094
8539 9423 -18114
8540 9357 -17946
8541 9333 -17950
8542 9345 -17990
8543 9351 -17902
8544 9261 -17898
8545 9329 -17978
8546 9369 -17970
8547 9393 -17898
8548 9353 -17902
8549 9261 -17670
8550 9365 -17898
8551 9419 -18090
8552 9381 -17886
8553 9391 -17946
8554 9387 -17826
8555 9435 -17974
8556 9355 -17842
8557 9387 -17986
8558 9441 -18082
8559 9475 -18178
8560 9431 -18094
8561 9471 -18114
8562 9443 -18078
8563 9433 -18078
8564 9419 -17970
8565 9409 -17994
8566 9351 -17938
8567 9271 -17730
8568 9319 -17686
8569 9277 -17710
8570 9295 -17842
8571 9291 -17818
8572 9269 -17830
8573 9313 -17922
8574 9365 -17962
8575 9371 -18014
8576 9397 -17958
8577 9271 -17714
8578 9313 -17794
8579 9299 -17750
8580 9291 -17850
8581 9269 -17742
8582 9317 -17938
8583 9197 -17582
8584 9319 -17934
8585 9271 -17794
8586 9327 -17874
8587 9327 -17906
8588 9359 -17942
8589 9353 -17942
8590 9311 -17902
8591 9271 -17718
8592 9249 -17750
8593 9259 -17802
8594 9253 -17790
8595 9237 -17646
8596 9209 -17646
8597 9231 -17722
8598 9271 -17758
8599 9317 -17826
8600 9275 -17826
8601 9301 -17894
8602 9327 -17906
8603 9359 -18030
8604 9325 -17890
8605 9315 -17986
8606 9259 -17894
8607 9179 -17698
8608 9155 -17494
8609 9173 -17630
8610 9193 -17666
8611 9275 -17838
8612 9253 -17726
8613 9291 -17834
8614 9305 -17794
8615 9363 -17958
8616 9269 -17782
8617 9291 -17834
8618 9231 -17770
8619 9217 -17654
8620 9273 -17734
8621 9455 -18110
8622 9447 -18130
8623 9413 -18026
8624 9363 -17862
8625 9361 -17962
8626 9293 -17862
8627 9239 -17682
8628 9271 -17762
8629 9223 -17686
8630 9235 -17714
8631 9277 -17786
8632 9265 -17746
8633 9265 -17706
8634 9267 -17738
8635 9347 -18010
8636 9357 -17878
8637 9413 -17986
8638 9497 -18278
8639 9523 -18334
8640 9465 -18174
8641 9461 -18114
8642 9451 -18054
8643 9417 -17998
8644 9383 -17882
8645 9369 -17890
8646 9361 -17886
8647 9407 -17978
8648 9313 -17778
8649 9293 -17826
8650 9263 -17582
8651 9291 -17646
8652 9243 -17590
8653 9287 -17770
8654 9315 -17922
8655 9213 -17666
8656 9299 -17862
8657 9271 -17794
8658 9243 -17730
8659 9221 -17734
8660 9267 -17746
8661 9275 -17750
8662 9259 -17658
8663 9219 -17666
8664 9283 -17862
8665 9367 -18062
8666 9347 -18102
8667 9311 -17946
8668 9423 -18174
8669 9415 -18142
8670 9415 -18178
8671 9407 -18214
8672 9343 -17982
8673 9337 -17978
8674 9345 -17946
8675 9317 -17798
8676 9331 -17834
8677 9411 -18046
8678 9425 -18074
8679 9453 -18062
8680 9459 -18098
8681 9417 -17962
8682 9457 -18230
8683 9453 -18122
8684 9471 -18198
8685 9407 -18018
8686 9379 -17978
8687 9357 -17854
8688 9399 -17866
8689 9359 -17830
8690 9373 -17946
8691 9417 -17970
8692 9431 -18086
8693 9407 -18022
8694 9421 -18026
8695 9411 -17998
8696 9385 -17938
8697 9447 -18086
8698 9413 -18046
8699 9435 -18134
8700 9463 -18166
8701 9443 -18066
8702 9453 -18126
8703 9453 -18102
8704 9443 -18086
8705 9391 -17874
8706 9373 -17838
8707 9331 -17842
8708 9337 -17958
8709 9353 -17978
8710 9343 -18050
8711 9335 -17866
8712 9327 -17858
8713 9279 -17794
8714 9327 -17878
8715 9299 -17850
8716 9413 -18118
8717 9281 -17842
8718 9361 -17950
8719 9363 -17822
8720 9367 -17930
8721 9391 -17942
8722 9423 -17982
8723 9475 -18222
8724 9459 -18114
8725 9419 -17986
8726 9471 -18094
8727 9467 -18066
8728 9439 -18030
8729 9459 -18074
8730 9421 -18030
8731 9391 -17930
8732 9323 -17790
8733 9339 -17794
8734 9399 -17934
8735 9429 -18122
8736 9365 -17914
8737 9371 -17862
8738 9261 -17682
8739 9319 -17778
8740 9373 -17914
8741 9423 -18026
8742 9481 -18238
8743 9417 -18066
8744 9361 -17954
8745 9373 -17930
8746 9375 -17930
8747 9427 -17942
8748 9379 -17926
8749 9469 -18202
8750 9377 -17918
8751 9299 -17694
8752 9251 -17626
8753 9255 -17734
8754 9297 -17846
8755 9387 -17974
8756 9373 -17914
8757 9411 -18018
8758 9453 -18202
8759 9429 -18094
8760 9427 -18138
8761 9393 -17970
8762 9319 -17914
8763 9371 -17918
8764 9387 -18070
8765 9385 -18134
8766 9399 -18098
8767 9399 -18042
8768 9353 -17942
8769 9357 -17998
8770 9293 -17862
8771 9407 -18038
8772 9383 -18046
8773 9339 -17986
8774 9361 -17958
8775 9283 -17838
8776 9285 -17686
8777 9277 -17698
8778 9379 -17942
8779 9355 -17954
8780 9295 -17770
8781 9331 -17850
8782 9335 -17870
8783 9309 -17762
8784 9367 -18002
8785 9329 -17934
8786 9367 -17982
8787 9419 -18134
8788 9335 -17894
8789 9263 -17734
8790 9251 -17766
8791 9225 -17730
8792 9397 -18030
8793 9511 -18242
8794 9467 -18090
8795 9461 -18102
8796 9417 -17982
8797 9459 -18090
8798 9467 -18058
8799 9487 -18118
8800 9395 -17874
8801 9409 -18026
8802 9395 -17946
8803 9359 -17838
8804 9359 -17906
8805 9325 -17870
8806 9413 -18074
8807 9361 -17882
8808 9355 -17890
8809 9355 -17894
8810 9243 -17706
8811 9299 -17862
8812 9291 -17878
8813 9311 -17814
8814 9283 -17790
8815 9313 -17922
8816 9277 -17858
8817 9327 -17910
8818 9299 -17834
8819 9315 -17918
8820 9239 -17734
8821 9279 -17866
8822 9263 -17830
8823 9243 -17866
8824 9199 -17870
8825 9271 -17974
8826 9319 -18098
8827 9207 -17774
8828 9203 -17774
8829 9185 -17738
8830 9321 -17946
8831 9335 -18014
8832 9307 -18042
8833 9311 -17994
8834 9353 -18102
8835 9323 -18078
8836 9283 -17978
8837 9289 -17966
8838 9213 -17814
8839 9207 -17686
8840 9231 -17794
8841 9267 -17850
8842 9235 -17714
8843 9193 -17646
8844 9203 -17526
8845 9173 -17590
8846 9317 -17934
8847 9267 -17598
8848 9275 -17682
8849 9247 -17702
8850 9309 -17790
8851 9317 -17690
8852 9339 -17770
8853 9369 -17998
8854 9355 -17874
8855 9395 -18038
8856 9481 -18214
8857 9491 -18190
8858 9467 -18138
8859 9477 -18058
8860 9495 -18222
8861 9425 -18002
8862 9349 -17798
8863 9341 -17842
8864 9269 -17742
8865 9303 -17742
8866 9345 -17862
8867 9365 -17842
8868 9383 -18094
8869 9363 -17950
8870 9407 -18222
8871 9339 -18018
8872 9361 -18038
8873 9345 -17826
8874 9309 -17830
8875 9341 -17878
8876 9361 -18042
8877 9321 -17914
8878 9389 -17902
8879 9379 -18030
8880 9453 -18230
8881 9439 -18150
8882 9387 -17962
8883 9375 -17962
8884 9357 -17814
8885 9399 -18014
8886 9337 -17822
8887 9433 -18098
8888 9345 -17830
8889 9331 -17882
8890 9277 -17786
8891 9257 -17658
8892 9329 -17914
8893 9329 -17902
8894 9333 -17926
8895 9289 -17862
8896 9319 -17970
8897 9243 -17818
8898 9297 -17890
8899 9405 -18050
8900 9411 -17978
8901 9343 -17914
8902 9379 -18006
8903 9403 -18046
8904 9347 -17930
8905 9309 -17802
8906 9237 -17698
8907 9253 -17718
8908 9323 -17850
8909 9301 -17930
8910 9307 -17870
8911 9339 -17866
8912 9347 -17802
8913 9387 -17970
8914 9415 -18054
8915 9445 -18114
8916 9403 -17978
8917 9385 -17942
8918 9321 -17834
8919 9353 -17914
8920 9307 -17746
8921 9311 -17730
8922 9317 -17826
8923 9315 -17890
8924 9331 -17846
8925 9373 -18014
8926 9351 -17922
8927 9261 -17678
8928 9255 -17638
8929 9275 -17822
8930 9305 -17782
8931 9343 -17918
8932 9371 -17842
8933 9401 -17942
8934 9419 -18078
8935 9367 -17922
8936 9451 -18066
8937 9409 -17950
8938 9335 -17830
8939 9363 -17934
8940 9449 -18122
8941 9395 -17982
8942 9343 -17834
8943 9345 -17934
8944 9309 -17850
8945 9251 -17794
8946 9249 -17610
8947 9275 -17766
8948 9229 -17626
8949 9257 -17654
8950 9323 -17814
8951 9351 -17890
8952 9377 -17922
8953 9359 -17946
8954 9413 -18122
8955 9453 -18162
8956 9393 -18050
8957 9385 -17974
8958 9357 -17906
8959 9275 -17770
8960 9309 -17962
8961 9341 -17982
8962 9355 -17922
8963 9337 -17886
8964 9301 -17754
8965 9357 -17890
8966 9371 -17854
8967 9347 -17858
8968 9389 -17982
8969 9393 -18030
8970 9433 -18126
8971 9397 -17950
8972 9329 -17774
8973 9335 -17798
8974 9393 -17930
8975 9365 -17970
8976 9291 -17790
8977 9251 -17622
8978 9281 -17762
8979 9355 -18022
8980 9367 -17950
8981 9353 -17918
8982 9401 -17922
8983 9385 -18050
8984 9401 -18114
8985 9363 -17974
8986 9359 -18102
8987 9323 -17962
8988 9267 -17782
8989 9393 -18078
8990 9321 -17882
8991 9351 -17826
8992 9275 -17698
8993 9347 -17878
8994 9361 -17878
8995 9371 -17962
8996 9365 -17906
8997 9311 -17790
8998 9331 -17978
8999 9427 -18154
9000 9351 -17918
9001 9397 -17998
9002 9323 -17854
9003 9417 -17966
9004 9343 -17838
9005 9253 -17586
9006 9273 -17634
9007 9235 -17586
9008 9299 -17870
9009 9299 -17838
9010 9327 -17810
9011 9367 -17958
9012 9389 -18026
9013 9367 -17918
9014 9323 -17790
9015 9281 -17678
9016 9349 -17902
9017 9439 -18042
9018 9489 -18238
9019 9559 -18346
9020 9489 -18194
9021 9521 -18246
9022 9501 -18178
9023 9527 -18282
9024 9509 -18290
9025 9521 -18330
9026 9487 -18206
9027 9459 -18126
9028 9491 -18238
9029 9405 -17910
9030 9429 -17954
9031 9413 -17938
9032 9421 -18078
9033 9479 -18158
9034 9543 -18334
9035 9511 -18290
9036 9471 -18102
9037 9513 -18242
9038 9483 -18242
9039 9479 -18158
9040 9483 -18178
9041 9455 -18126
9042 9527 -18290
9043 9455 -18118
9044 9477 -18122
9045 9447 -18162
9046 9451 -18070
9047 9491 -18170
9048 9445 -18050
9049 9435 -18010
9050 9365 -17894
9051 9301 -17670
9052 9289 -17778
9053 9349 -17858
9054 9333 -17770
9055 9361 -17938
9056 9377 -17918
9057 9405 -17950
9058 9371 -17914
9059 9495 -18142
9060 9467 -18154
9061 9483 -18218
9062 9489 -18250
9063 9485 -18106
9064 9453 -18014
9065 9503 -18198
9066 9521 -18326
9067 9459 -18130
9068 9489 -18182
9069 9483 -18194
9070 9499 -18174
9071 9525 -18274
9072 9415 -18098
9073 9319 -17874
9074 9281 -17742
9075 9321 -17802
9076 9369 -17914
9077 9393 -18046
9078 9395 -18062
9079 9403 -18098
9080 9347 -18026
9081 9339 -18010
9082 9267 -17922
9083 9301 -17954
9084 9313 -17858
9085 9319 -17918
9086 9315 -17918
9087 9309 -17822
9088 9259 -17774
9089 9295 -17874
9090 9307 -17862
9091 9377 -17966
9092 9349 -17870
9093 9407 -18082
9094 9339 -17958
9095 9343 -18014
9096 9351 -17942
9097 9351 -17854
9098 9379 -17970
9099 9327 -17890
9100 9273 -17782
9101 9243 -17690
9102 9305 -17870
9103 9267 -17806
9104 9189 -17638
9105 9225 -17702
9106 9245 -17754
9107 9193 -17730
9108 9265 -17758
9109 9241 -17754
9110 9249 -17702
9111 9239 -17726
9112 9283 -17810
9113 9259 -17754
9114 9347 -17918
9115 9285 -17966
9116 9379 -17990
9117 9395 -18046
9118 9445 -18250
9119 9401 -18018
9120 9311 -17850
9121 9325 -17802
9122 9371 -17910
9123 9349 -17814
9124 9377 -17906
9125 9397 -18022
9126 9313 -17834
9127 9403 -18010
9128 9405 -18030
9129 9387 -18050
9130 9529 -18322
9131 9495 -18190
9132 9443 -17994
9133 9381 -17986
9134 9433 -18154
9135 9459 -18158
9136 9537 -18374
9137 9523 -18234
9138 9511 -18222
9139 9519 -18202
9140 9553 -18330
9141 9567 -18374
9142 9431 -18134
9143 9405 -18050
9144 9405 -18026
9145 9379 -17990
9146 9319 -17882
9147 9259 -17654
9148 9193 -17538
9149 9225 -17662
9150 9223 -17646
9151 9249 -17670
9152 9257 -17806
9153 9305 -17870
9154 9311 -17818
9155 9279 -17734
9156 9327 -17778
9157 9335 -17878
9158 9337 -17826
9159 9369 -17926
9160 9373 -17918
9161 9347 -17926
9162 9361 -17910
9163 9395 -18006
9164 9369 -18006
9165 9391 -18026
9166 9373 -18014
9167 9353 -18018
9168 9369 -17922
9169 9363 -17950
9170 9273 -17706
9171 9327 -17822
9172 9375 -17926
9173 9489 -18230
9174 9455 -18162
9175 9453 -18106
9176 9421 -18106
9177 9453 -18134
9178 9449 -18010
9179 9431 -17994
9180 9429 -18074
9181 9353 -17898
9182 9313 -17858
9183 9323 -17878
9184 9299 -17802
9185 9337 -17746
9186 9397 -18078
9187 9285 -17802
9188 9263 -17714
9189 9263 -17862
9190 9269 -17886
9191 9281 -18002
9192 9263 -17750
9193 9317 -17890
9194 9347 -17930
9195 9365 -17962
9196 9355 -17946
9197 9357 -17974
9198 9369 -17938
9199 9377 -18010
9200 9355 -17922
9201 9317 -17858
9202 9359 -18006
9203 9369 -17986
9204 9331 -17938
9205 9253 -17810
9206 9267 -17766
9207 9355 -17990
9208 9361 -17954
9209 9279 -17722
9210 9373 -17982
9211 9353 -17966
9212 9329 -17954
9213 9287 -17810
9214 9347 -17922
9215 9313 -17898
9216 9323 -17874
9217 9265 -17734
9218 9273 -17774
9219 9399 -18038
9220 9405 -18002
9221 9393 -17926
9222 9275 -17794
9223 9255 -17822
9224 9315 -17914
9225 9291 -17886
9226 9351 -17970
9227 9305 -17802
9228 9253 -17758
9229 9261 -17762
9230 9311 -17914
9231 9291 -17838
9232 9247 -17818
9233 9225 -17670
9234 9307 -17890
9235 9309 -17874
9236 9339 -17982
9237 9339 -17866
9238 9361 -17950
9239 9309 -17834
9240 9305 -17930
9241 9327 -17982
9242 9393 -18018
9243 9389 -17982
9244 9249 -17642
9245 9325 -17890
9246 9335 -17922
9247 9347 -17942
9248 9329 -17926
9249 9305 -17822
9250 9315 -17906
9251 9307 -17894
9252 9373 -18042
9253 9333 -17994
9254 9233 -17742
9255 9193 -17746
9256 9081 -17650
9257 9055 -17518
9258 9067 -17518
9259 9157 -17742
9260 9115 -17834
9261 9163 -17842
9262 9201 -17850
9263 9167 -17778
9264 9163 -17642
9265 9143 -17650
9266 9119 -17618
9267 9145 -17750
9268 9201 -17854
9269 9195 -17778
9270 9187 -17826
9271 9159 -17786
9272 9129 -17914
9273 9199 -17922
9274 9157 -17806
9275 9163 -17766
9276 9185 -17826
9277 9183 -17930
9278 9137 -17634
9279 9179 -17758
9280 9097 -17674
9281 9089 -17634
9282 9089 -17590
9283 9185 -17838
9284 9277 -17922
9285 9195 -17690
9286 9275 -17810
9287 9291 -17846
9288 9307 -17942
9289 9251 -17846
9290 9213 -17782
9291 9175 -17774
9292 9257 -17878
9293 9223 -17762
9294 9269 -17782
9295 9333 -17950
9296 9335 -17946
9297 9315 -17886
9298 9341 -17898
9299 9241 -17678
9300 9143 -17586
9301 9135 -17562
9302 9137 -17498
9303 9133 -17450
9304 9119 -17478
9305 9155 -17554
9306 9155 -17566
9307 9259 -17742
9308 9243 -17662
9309 9235 -17638
9310 9261 -17738
9311 9301 -17718
9312 9299 -17722
9313 9359 -17886
9314 9371 -17862
9315 9341 -17794
9316 9341 -17818
9317 9279 -17718
9318 9265 -17726
9319 9343 -17814
9320 9379 -17966
9321 9397 -17962
9322 9401 -18046
9323 9491 -18294
9324 9541 -18354
9325 9591 -18506
9326 9549 -18358
9327 9505 -18206
9328 9467 -18058
9329 9399 -17962
9330 9351 -17870
9331 9301 -17646
9332 9257 -17530
9333 9363 -17894
9334 9333 -17846
9335 9355 -17894
9336 9361 -17974
9337 9267 -17902
9338 9291 -17934
9339 9223 -17750
9340 9205 -17626
9341 9251 -17746
9342 9271 -17818
9343 9261 -17830
9344 9285 -17806
9345 9337 -17910
9346 9333 -17850
9347 9341 -17802
9348 9365 -17866
9349 9385 -17914
9350 9373 -17890
9351 9385 -17914
9352 9335 -17822
9353 9375 -17918
9354 9357 -17886
9355 9397 -17906
9356 9389 -17934
9357 9363 -17950
9358 9409 -17966
9359 9381 -17986
9360 9397 -17974
9361 9397 -18090
9362 9417 -18090
9363 9391 -18002
9364 9401 -18130
9365 9367 -18126
9366 9399 -18170
9367 9443 -18206
9368 9453 -18270
9369 9365 -18010
9370 9325 -17882
9371 9323 -17934
9372 9369 -18042
9373 9329 -18006
9374 9315 -17958
9375 9297 -17946
9376 9287 -17850
9377 9225 -17650
9378 9291 -17806
9379 9305 -17894
9380 9371 -17954
9381 9353 -17970
9382 9411 -17994
9383 9399 -17978
9384 9447 -18150
9385 9351 -17914
9386 9401 -18054
9387 9385 -18042
9388 9395 -17966
9389 9411 -17950
9390 9483 -18214
9391 9509 -18270
9392 9427 -18042
9393 9371 -17822
9394 9335 -17718
9395 9323 -17722
9396 9317 -17734
9397 9301 -17770
9398 9273 -17654
9399 9341 -17794
9400 9379 -17930
9401 9439 -18122
9402 9429 -18062
9403 9387 -17894
9404 9329 -17754
9405 9401 -17998
9406 9321 -17826
9407 9329 -17786
9408 9379 -18038
9409 9455 -18170
9410 9417 -18114
9411 9357 -18094
9412 9393 -18078
9413 9359 -17934
9414 9311 -17786
9415 9361 -17842
9416 9423 -18030
9417 9513 -18254
9418 9499 -18210
9419 9579 -18446
9420 9497 -18286
9421 9487 -18134
9422 9459 -18098
9423 9417 -18122
9424 9393 -18022
9425 9369 -17922
9426 9359 -17918
9427 9395 -18074
9428 9389 -17990
9429 9341 -17858
9430 9377 -17986
9431 9433 -17998
9432 9463 -18102
9433 9475 -18190
9434 9489 -18186
9435 9525 -18210
9436 9513 -18238
9437 9501 -18318
9438 9461 -18114
9439 9389 -17982
9440 9447 -18142
9441 9409 -18074
9442 9405 -18006
9443 9405 -17978
9444 9387 -17986
9445 9371 -18030
9446 9337 -17874
9447 9397 -17938
9448 9377 -18002
9449 9379 -17954
9450 9363 -17866
9451 9407 -18042
9452 9443 -18126
9453 9441 -18066
9454 9395 -17934
9455 9385 -17978
9456 9395 -18074
9457 9385 -17918
9458 9345 -17798
9459 9327 -17770
9460 9369 -17958
9461 9433 -18146
9462 9341 -17870
9463 9435 -18074
9464 9419 -18050
9465 9487 -18258
9466 9441 -18050
9467 9419 -18018
9468 9387 -17926
9469 9419 -18058
9470 9431 -18058
9471 9393 -17978
9472 9459 -18094
9473 9445 -18054
9474 9403 -18034
9475 9367 -17978
9476 9463 -18250
9477 9461 -18250
9478 9431 -18210
9479 9491 -18190
9480 9507 -18290
9481 9515 -18390
9482 9495 -18290
9483 9495 -18350
9484 9479 -18270
9485 9371 -17806
9486 9345 -17826
9487 9285 -17706
9488 9375 -17954
9489 9307 -17766
9490 9359 -17886
9491 9399 -18026
9492 9483 -18150
9493 9375 -17774
9494 9401 -18006
9495 9357 -17882
9496 9419 -17994
9497 9531 -18254
9498 9475 -18154
9499 9463 -18114
9500 9441 -18098
9501 9347 -17878
9502 9371 -17910
9503 9333 -17814
9504 9331 -17822
9505 9305 -17822
9506 9369 -18078
9507 9323 -17802
9508 9363 -17926
9509 9433 -18034
9510 9491 -18102
9511 9491 -18190
9512 9363 -17774
9513 9341 -17830
9514 9357 -17890
9515 9425 -18038
9516 9435 -18098
9517 9353 -17998
9518 9431 -18162
9519 9429 -18126
9520 9363 -18034
9521 9249 -17722
9522 9269 -17750
9523 9313 -17734
9524 9203 -17450
9525 9271 -17650
9526 9375 -17810
9527 9365 -17838
9528 9283 -17582
9529 9355 -17850
9530 9389 -17914
9531 9471 -18094
9532 9433 -18162
9533 9439 -18058
9534 9489 -18226
9535 9471 -18270
9536 9503 -18278
9537 9447 -18186
9538 9415 -18106
9539 9401 -18134
9540 9371 -18030
9541 9355 -18050
9542 9331 -18026
9543 9327 -18002
9544 9389 -18010
9545 9297 -17842
9546 9291 -17890
9547 9315 -17930
9548 9377 -17994
9549 9357 -18050
9550 9311 -17978
9551 9329 -17914
9552 9339 -17886
9553 9277 -17814
9554 9299 -17866
9555 9343 -17962
9556 9411 -18230
9557 9283 -17894
9558 9347 -18066
9559 9331 -18038
9560 9335 -18014
9561 9291 -17862
9562 9325 -17994
9563 9361 -18094
9564 9373 -18058
9565 9261 -17810
9566 9305 -17954
9567 9279 -17778
9568 9167 -17642
9569 9205 -17678
9570 9269 -17770
9571 9153 -17430
9572 9167 -17514
9573 9261 -17774
9574 9265 -17858
9575 9227 -17802
9576 9247 -17814
9577 9251 -17774
9578 9281 -17866
9579 9245 -17794
9580 9293 -17818
9581 9277 -17782
9582 9299 -17758
9583 9273 -17702
9584 9291 -17698
9585 9271 -17614
9586 9307 -17802
9587 9321 -17850
9588 9353 -17982
9589 9393 -18070
9590 9293 -17718
9591 9319 -17738
9592 9327 -17886
9593 9401 -18030
9594 9435 -18042
9595 9443 -18134
9596 9421 -17934
9597 9493 -18182
9598 9461 -18126
9599 9435 -18006
9600 9491 -18154
9601 9405 -17862
9602 9463 -17982
9603 9527 -18178
9604 9537 -18350
9605 9433 -18030
9606 9357 -17862
9607 9343 -17878
9608 9403 -18090
9609 9491 -18194
9610 9491 -18198
9611 9453 -18158
9612 9475 -18158
9613 9461 -18118
9614 9501 -18234
9615 9465 -18222
9616 9521 -18366
9617 9339 -17990
9618 9341 -17906
9619 9363 -17954
9620 9293 -17830
9621 9209 -17578
9622 9271 -17774
9623 9259 -17646
9624 9283 -17802
9625 9295 -17754
9626 9405 -18098
9627 9395 -17966
9628 9367 -17910
9629 9383 -18038
9630 9369 -18002
9631 9293 -17786
9632 9205 -17634
9633 9165 -17602
9634 9241 -17742
9635 9191 -17566
9636 9185 -17574
9637 9183 -17662
9638 9145 -17578
9639 9101 -17538
9640 9195 -17582
9641 9207 -17730
9642 9291 -17854
9643 9267 -17738
9644 9249 -17642
9645 9275 -17638
9646 9295 -17746
9647 9243 -17662
9648 9343 -17886
9649 9377 -17894
9650 9435 -18022
9651 9395 -17966
9652 9473 -18170
9653 9393 -17870
9654 9411 -17938
9655 9449 -18082
9656 9517 -18322
9657 9437 -18078
9658 9399 -17970
9659 9407 -18074
9660 9389 -17890
9661 9403 -18022
9662 9423 -18110
9663 9383 -18074
9664 9405 -18066
9665 9365 -17906
9666 9437 -18154
9667 9385 -17978
9668 9395 -18038
9669 9391 -17894
9670 9397 -17974
9671 9337 -17810
9672 9241 -17662
9673 9311 -17846
9674 9423 -18074
9675 9489 -18246
9676 9463 -18190
9677 9475 -18198
9678 9445 -18190
9679 9373 -18006
9680 9369 -17966
9681 9425 -18102
9682 9425 -17966
9683 9423 -17982
9684 9389 -18006
9685 9457 -18110
9686 9415 -17914
9687 9451 -18002
9688 9407 -18030
9689 9379 -17918
9690 9397 -17962
9691 9393 -17946
9692 9397 -17890
9693 9385 -17906
9694 9315 -17718
9695 9407 -17946
9696 9433 -18026
9697 9349 -17802
9698 9473 -18090
9699 9385 -17994
9700 9391 -18038
9701 9365 -17878
9702 9461 -18190
9703 9439 -18050
9704 9437 -18062
9705 9391 -17914
9706 9379 -18050
9707 9405 -18058
9708 9385 -18010
9709 9435 -18054
9710 9397 -17910
9711 9399 -17894
9712 9373 -17810
9713 9395 -17910
9714 9411 -17930
9715 9389 -17898
9716 9381 -17830
9717 9429 -18050
9718 9441 -18058
9719 9439 -18042
9720 9465 -18098
9721 9519 -18238
9722 9489 -18146
9723 9427 -18002
9724 9429 -18034
9725 9437 -18074
9726 9369 -17890
9727 9351 -17854
9728 9377 -17914
9729 9381 -17946
9730 9397 -17910
9731 9443 -18078
9732 9481 -18166
9733 9469 -18146
9734 9407 -18030
9735 9391 -17954
9736 9377 -18010
9737 9383 -17938
9738 9367 -17826
9739 9367 -17910
9740 9287 -17806
9741 9363 -18030
9742 9299 -17862
9743 9323 -17926
9744 9329 -17878
9745 9315 -17782
9746 9373 -17882
9747 9435 -18010
9748 9441 -18042
9749 9405 -17974
9750 9371 -17970
9751 9337 -17926
9752 9417 -18138
9753 9425 -18058
9754 9365 -17926
9755 9355 -17950
9756 9307 -17874
9757 9261 -17690
9758 9249 -17678
9759 9277 -17698
9760 9329 -17954
9761 9305 -17862
9762 9307 -17846
9763 9383 -18042
9764 9335 -17942
9765 9383 -18062
9766 9347 -17902
9767 9403 -18126
9768 9369 -18050
9769 9363 -18034
9770 9421 -18310
9771 9399 -18150
9772 9337 -18026
9773 9191 -17790
9774 9231 -17814
9775 9165 -17670
9776 9199 -17786
9777 9151 -17694
9778 9191 -17882
9779 9211 -17966
9780 9201 -17814
9781 9237 -17950
9782 9225 -17838
9783 9259 -17698
9784 9289 -17734
9785 9391 -17922
9786 9375 -17926
9787 9397 -18018
9788 9463 -18034
9789 9473 -18166
9790 9481 -18166
9791 9471 -18174
9792 9455 -18058
9793 9493 -18146
9794 9491 -18314
9795 9473 -18234
9796 9407 -18086
9797 9413 -18050
9798 9425 -18202
9799 9301 -17830
9800 9323 -17886
9801 9339 -17882
9802 9403 -18070
9803 9351 -17878
9804 9407 -18054
9805 9413 -18106
9806 9435 -18174
9807 9409 -18106
9808 9339 -17966
9809 9297 -17894
9810 9327 -17906
9811 9337 -17998
9812 9291 -17874
9813 9341 -18102
9814 9423 -18170
9815 9311 -17986
9816 9279 -17658
9817 9259 -17670
9818 9265 -17758
9819 9319 -17854
9820 9317 -17930
9821 9283 -17818
9822 9255 -17766
9823 9283 -17834
9824 9365 -18154
9825 9385 -18134
9826 9311 -17950
9827 9259 -17822
9828 9255 -17802
9829 9281 -17806
9830 9355 -18070
9831 9355 -18054
9832 9377 -17986
9833 9335 -17890
9834 9391 -18074
9835 9377 -17958
9836 9407 -17982
9837 9401 -18066
9838 9381 -17918
9839 9439 -18110
9840 9383 -17954
9841 9351 -17942
9842 9351 -17890
9843 9377 -17978
9844 9387 -18014
9845 9385 -17998
9846 9313 -17794
9847 9331 -17846
9848 9315 -17854
9849 9281 -17746
9850 9303 -17774
9851 9281 -17690
9852 9271 -17674
9853 9297 -17710
9854 9311 -17890
9855 9359 -17870
9856 9311 -17766
9857 9345 -17966
9858 9329 -17938
9859 9345 -17966
9860 9307 -17826
9861 9329 -17934
9862 9293 -17918
9863 9345 -17946
9864 9377 -18018
9865 9411 -17998
9866 9379 -17898
9867 9303 -17726
9868 9291 -17766
9869 9283 -17798
9870 9315 -17842
9871 9295 -17778
9872 9371 -17882
9873 9385 -17842
9874 9391 -18022
9875 9395 -18014
9876 9393 -18022
9877 9409 -18014
9878 9401 -17994
9879 9395 -18014
9880 9395 -17898
9881 9389 -17926
9882 9395 -17906
9883 9437 -18042
9884 9427 -18030
9885 9455 -18162
9886 9457 -18074
9887 9427 -17978
9888 9483 -18214
9889 9487 -18258
9890 9481 -18226
9891 9471 -18174
9892 9483 -18170
9893 9495 -18214
9894 9451 -18074
9895 9451 -18154
9896 9341 -17866
9897 9285 -17726
9898 9365 -17898
9899 9345 -17830
9900 9307 -17710
9901 9371 -17898
9902 9379 -17958
9903 9353 -17958
9904 9299 -17794
9905 9351 -17974
9906 9281 -17850
9907 9293 -17930
9908 9289 -17766
9909 9295 -17778
9910 9373 -17978
9911 9393 -18086
9912 9343 -17798
9913 9345 -17818
9914 9289 -17786
9915 9329 -17826
9916 9261 -17706
9917 9227 -17762
9918 9237 -17738
9919 9205 -17674
9920 9299 -17958
9921 9321 -17898
9922 9389 -18022
9923 9347 -17946
9924 9343 -17822
9925 9439 -18098
9926 9457 -18070
9927 9477 -18154
9928 9447 -18074
9929 9343 -17850
9930 9303 -17734
9931 9339 -17854
9932 9309 -17898
9933 9241 -17642
9934 9287 -17754
9935 9255 -17690
9936 9245 -17582
9937 9357 -17858
9938 9335 -17862
9939 9229 -17594
9940 9281 -17690
9941 9243 -17594
9942 9253 -17622
9943 9231 -17558
9944 9339 -17730
9945 9321 -17810
9946 9377 -18002
9947 9337 -17806
9948 9331 -17834
9949 9345 -17954
9950 9341 -17914
9951 9453 -18170
9952 9409 -18078
9953 9427 -18062
9954 9423 -18010
9955 9421 -18074
9956 9329 -17902
9957 9323 -17930
9958 9373 -17886
9959 9357 -17926
9960 9405 -17954
9961 9405 -18038
9962 9417 -18158
9963 9375 -17978
9964 9345 -17930
9965 9345 -17902
9966 9381 -17934
9967 9385 -17930
9968 9435 -18082
9969 9399 -17902
9970 9367 -17862
9971 9341 -17802
9972 9403 -17962
9973 9495 -18174
9974 9505 -18206
9975 9497 -18162
9976 9391 -17882
9977 9373 -17970
9978 9353 -17926
9979 9407 -17994
9980 9389 -17994
9981 9389 -17962
9982 9409 -18034
9983 9375 -17950
9984 9335 -17710
9985 9385 -17938
9986 9443 -18046
9987 9505 -18294
9988 9517 -18318
9989 9493 -18178
9990 9543 -18314
9991 9509 -18210
9992 9481 -18230
9993 9429 -18194
9994 9481 -18142
9995 9395 -17910
9996 9475 -18086
9997 9447 -18058
9998 9415 -17946
9999 9371 -17910
