0 9933 -19422
1 9799 -18982
2 9739 -18818
3 9721 -18746
4 9633 -18582
5 9657 -18626
6 9717 -18842
7 9601 -18418
8 9559 -18342
9 9583 -18454
10 9503 -18234
11 9533 -18330
12 9537 -18338
13 9567 -18382
14 9571 -18394
15 9549 -18338
16 9553 -18414
17 9557 -18378
18 9595 -18514
19 9559 -18418
20 9473 -18194
21 9473 -18206
22 9487 -18162
23 9447 -18042
24 9477 -18086
25 9493 -18186
26 9367 -17870
27 9429 -18138
28 9405 -18038
29 9425 -18014
30 9451 -18042
31 9495 -18134
32 9511 -18190
33 9547 -18270
34 9495 -18246
35 9493 -18210
36 9491 -18306
37 9467 -18210
38 9381 -18034
39 9411 -18038
40 9463 -18134
41 9519 -18238
42 9463 -18226
43 9451 -18154
44 9423 -18158
45 9395 -18054
46 9393 -17942
47 9411 -17962
48 9395 -17878
49 9423 -18114
50 9429 -18046
51 9427 -18006
52 9469 -18082
53 9429 -18110
54 9487 -18230
55 9519 -18250
56 9531 -18386
57 9487 -18194
58 9529 -18258
59 9529 -18346
60 9517 -18222
61 9493 -18266
62 9481 -18234
63 9431 -18082
64 9365 -17894
65 9479 -18158
66 9499 -18254
67 9511 -18254
68 9477 -18250
69 9453 -18054
70 9465 -18190
71 9447 -18186
72 9499 -18246
73 9405 -18002
74 9469 -18234
75 9475 -18214
76 9487 -18266
77 9447 -18246
78 9451 -18174
79 9493 -18230
80 9475 -18182
81 9437 -18146
82 9349 -17862
83 9415 -18082
84 9457 -18138
85 9389 -17894
86 9377 -17934
87 9369 -17942
88 9407 -18082
89 9359 -18054
90 9381 -18034
91 9427 -18090
92 9441 -18062
93 9485 -18210
94 9423 -18046
95 9463 -18186
96 9443 -18110
97 9363 -18042
98 9333 -17982
99 9401 -18046
100 9391 -18042
101 9419 -18066
102 9437 -18086
103 9429 -18118
104 9377 -17930
105 9437 -18142
106 9387 -18054
107 9505 -18318
108 9563 -18478
109 9485 -18278
110 9475 -18258
111 9471 -18266
112 9521 -18406
113 9503 -18458
114 9417 -17986
115 9365 -17898
116 9371 -17918
117 9419 -18022
118 9417 -18034
119 9439 -18110
120 9465 -18146
121 9463 -18098
122 9501 -18254
123 9463 -18174
124 9473 -18218
125 9467 -18146
126 9395 -17962
127 9445 -18038
128 9361 -17978
129 9373 -17926
130 9459 -18234
131 9535 -18482
132 9613 -18630
133 9573 -18462
134 9555 -18358
135 9531 -18298
136 9571 -18386
137 9563 -18318
138 9603 -18430
139 9567 -18378
140 9511 -18186
141 9417 -17990
142 9375 -17994
143 9247 -17738
144 9283 -17726
145 9311 -17814
146 9301 -17974
147 9289 -17954
148 9343 -18030
149 9355 -17950
150 9433 -18022
151 9417 -18010
152 9459 -18234
153 9421 -18062
154 9475 -18202
155 9427 -18126
156 9463 -18102
157 9479 -18214
158 9529 -18286
159 9539 -18294
160 9549 -18346
161 9501 -18282
162 9505 -18270
163 9551 -18350
164 9521 -18330
165 9481 -18142
166 9411 -17986
167 9473 -18106
168 9423 -18042
169 9419 -18118
170 9479 -18210
171 9517 -18366
172 9487 -18170
173 9481 -18214
174 9501 -18254
175 9507 -18250
176 9511 -18354
177 9469 -18226
178 9467 -18158
179 9499 -18294
180 9481 -18230
181 9483 -18330
182 9497 -18266
183 9405 -18010
184 9525 -18374
185 9559 -18334
186 9467 -18090
187 9447 -18062
188 9529 -18282
189 9563 -18470
190 9557 -18466
191 9489 -18186
192 9449 -18038
193 9457 -18118
194 9449 -18198
195 9489 -18298
196 9399 -18162
197 9369 -18054
198 9411 -18026
199 9443 -18150
200 9515 -18338
201 9519 -18294
202 9551 -18434
203 9519 -18198
204 9529 -18242
205 9531 -18278
206 9651 -18614
207 9701 -18750
208 9583 -18462
209 9517 -18338
210 9511 -18242
211 9489 -18310
212 9541 -18402
213 9595 -18530
214 9453 -18118
215 9443 -18202
216 9451 -18122
217 9501 -18226
218 9517 -18330
219 9493 -18250
220 9509 -18258
221 9519 -18274
222 9517 -18302
223 9533 -18322
224 9537 -18382
225 9507 -18230
226 9507 -18242
227 9451 -18102
228 9501 -18166
229 9521 -18334
230 9489 -18178
231 9481 -18158
232 9533 -18306
233 9463 -18102
234 9555 -18374
235 9571 -18374
236 9571 -18398
237 9559 -18506
238 9479 -18290
239 9495 -18314
240 9463 -18186
241 9469 -18146
242 9395 -17934
243 9421 -18054
244 9447 -18002
245 9393 -17898
246 9455 -18086
247 9519 -18210
248 9561 -18426
249 9469 -18182
250 9477 -18198
251 9519 -18462
252 9529 -18282
253 9555 -18478
254 9553 -18366
255 9573 -18370
256 9545 -18282
257 9489 -18078
258 9477 -18138
259 9385 -18042
260 9339 -17874
261 9439 -18094
262 9403 -17914
263 9455 -18126
264 9453 -18110
265 9499 -18310
266 9457 -18206
267 9477 -18202
268 9529 -18302
269 9591 -18426
270 9573 -18370
271 9543 -18298
272 9529 -18206
273 9497 -18186
274 9489 -18106
275 9535 -18322
276 9525 -18242
277 9531 -18334
278 9493 -18218
279 9497 -18190
280 9471 -18078
281 9483 -18202
282 9517 -18254
283 9539 -18322
284 9527 -18246
285 9489 -18218
286 9477 -18218
287 9501 -18326
288 9543 -18366
289 9509 -18294
290 9441 -18066
291 9449 -18134
292 9485 -18238
293 9421 -18122
294 9393 -18070
295 9503 -18314
296 9513 -18314
297 9529 -18390
298 9459 -18234
299 9453 -18270
300 9523 -18422
301 9501 -18306
302 9561 -18414
303 9557 -18358
304 9583 -18422
305 9529 -18294
306 9513 -18206
307 9543 -18274
308 9651 -18598
309 9655 -18590
310 9583 -18426
311 9541 -18410
312 9531 -18418
313 9457 -18134
314 9461 -18082
315 9513 -18310
316 9511 -18218
317 9525 -18286
318 9593 -18490
319 9533 -18390
320 9515 -18330
321 9417 -18126
322 9353 -18014
323 9377 -18066
324 9355 -17938
325 9373 -18058
326 9397 -18146
327 9405 -18182
328 9385 -18142
329 9353 -17898
330 9475 -18246
331 9437 -18150
332 9415 -18118
333 9369 -18018
334 9417 -18178
335 9419 -18110
336 9399 -18114
337 9429 -18146
338 9411 -18114
339 9373 -18038
340 9427 -18110
341 9553 -18418
342 9523 -18294
343 9511 -18314
344 9459 -18206
345 9549 -18322
346 9561 -18390
347 9519 -18318
348 9549 -18470
349 9515 -18354
350 9485 -18338
351 9445 -18166
352 9415 -18058
353 9389 -17998
354 9331 -17934
355 9401 -18022
356 9415 -18062
357 9397 -17974
358 9389 -18034
359 9445 -18114
360 9461 -18278
361 9565 -18538
362 9531 -18326
363 9507 -18234
364 9439 -18090
365 9331 -17894
366 9329 -17874
367 9375 -17926
368 9443 -18086
369 9443 -18142
370 9379 -17930
371 9425 -18114
372 9449 -18186
373 9363 -17962
374 9387 -18062
375 9447 -18126
376 9463 -18114
377 9511 -18262
378 9471 -18290
379 9353 -17858
380 9371 -18070
381 9361 -18102
382 9359 -18038
383 9377 -18086
384 9319 -17974
385 9329 -17910
386 9401 -18210
387 9395 -18090
388 9481 -18370
389 9429 -18166
390 9431 -18186
391 9505 -18318
392 9467 -18230
393 9447 -18162
394 9529 -18342
395 9493 -18174
396 9481 -18166
397 9453 -18142
398 9443 -18062
399 9475 -18142
400 9473 -18178
401 9503 -18250
402 9473 -18202
403 9489 -18286
404 9503 -18258
405 9575 -18434
406 9587 -18418
407 9603 -18466
408 9531 -18302
409 9487 -18226
410 9413 -17922
411 9453 -18130
412 9509 -18218
413 9433 -18110
414 9433 -18082
415 9485 -18130
416 9517 -18366
417 9531 -18258
418 9589 -18446
419 9575 -18430
420 9535 -18406
421 9421 -18010
422 9435 -17934
423 9447 -18082
424 9507 -18206
425 9505 -18162
426 9455 -18118
427 9419 -17954
428 9373 -17950
429 9387 -17966
430 9401 -18070
431 9353 -17894
432 9381 -17966
433 9383 -18030
434 9457 -18146
435 9439 -18006
436 9461 -18126
437 9351 -17834
438 9313 -17766
439 9261 -17734
440 9357 -17926
441 9421 -18078
442 9397 -18066
443 9413 -18142
444 9375 -18050
445 9391 -18078
446 9445 -18154
447 9465 -18206
448 9557 -18410
449 9537 -18350
450 9537 -18390
451 9441 -18182
452 9371 -18094
453 9423 -18254
454 9371 -18050
455 9367 -18078
456 9379 -18062
457 9439 -18158
458 9435 -18278
459 9411 -18186
460 9411 -18182
461 9345 -17906
462 9283 -17822
463 9345 -18014
464 9365 -18086
465 9361 -17990
466 9405 -18106
467 9363 -17906
468 9427 -18054
469 9469 -18170
470 9551 -18346
471 9553 -18278
472 9561 -18346
473 9559 -18406
474 9519 -18366
475 9489 -18230
476 9471 -18270
477 9479 -18294
478 9465 -18174
479 9485 -18266
480 9523 -18374
481 9491 -18226
482 9411 -18010
483 9423 -17958
484 9397 -17954
485 9415 -18074
486 9465 -18158
487 9461 -18138
488 9405 -18098
489 9389 -18026
490 9429 -18138
491 9465 -18138
492 9473 -18190
493 9415 -18090
494 9427 -18050
495 9465 -18234
496 9469 -18266
497 9459 -18250
498 9417 -18210
499 9437 -18178
500 9481 -18226
501 9405 -17966
502 9391 -18018
503 9421 -18114
504 9465 -18234
505 9457 -18218
506 9427 -18090
507 9421 -17962
508 9453 -18122
509 9531 -18290
510 9493 -18246
511 9463 -18174
512 9437 -17962
513 9503 -18282
514 9437 -18010
515 9443 -18082
516 9441 -18166
517 9387 -17914
518 9461 -18142
519 9425 -18106
520 9427 -18202
521 9413 -18166
522 9375 -18086
523 9373 -18078
524 9403 -18134
525 9393 -18106
526 9367 -18066
527 9419 -18142
528 9317 -18014
529 9405 -18194
530 9399 -18090
531 9427 -18150
532 9417 -18186
533 9471 -18270
534 9521 -18298
535 9429 -18058
536 9383 -17906
537 9449 -18066
538 9515 -18286
539 9531 -18374
540 9481 -18210
541 9563 -18446
542 9543 -18414
543 9519 -18314
544 9503 -18246
545 9475 -18234
546 9417 -18030
547 9465 -18174
548 9377 -17942
549 9445 -18262
550 9461 -18306
551 9459 -18238
552 9461 -18262
553 9389 -17990
554 9425 -18162
555 9429 -18266
556 9457 -18306
557 9441 -18190
558 9417 -18146
559 9375 -18130
560 9341 -18022
561 9413 -18150
562 9439 -18198
563 9475 -18250
564 9349 -17978
565 9419 -18158
566 9429 -18134
567 9375 -17926
568 9337 -17934
569 9427 -18262
570 9421 -18214
571 9409 -18158
572 9349 -17922
573 9381 -18034
574 9507 -18334
575 9523 -18350
576 9517 -18230
577 9497 -18246
578 9539 -18294
579 9489 -18218
580 9547 -18298
581 9561 -18338
582 9571 -18418
583 9459 -18182
584 9471 -18182
585 9491 -18194
586 9421 -18118
587 9387 -18050
588 9395 -18034
589 9363 -17874
590 9501 -18234
591 9535 -18354
592 9529 -18362
593 9481 -18138
594 9519 -18274
595 9465 -18126
596 9337 -17926
597 9369 -18034
598 9411 -18050
599 9419 -18114
600 9467 -18190
601 9447 -18102
602 9427 -18054
603 9429 -18050
604 9461 -18106
605 9371 -17902
606 9283 -17626
607 9299 -17694
608 9439 -18002
609 9395 -17910
610 9411 -18062
611 9503 -18302
612 9547 -18410
613 9485 -18274
614 9473 -18234
615 9383 -18090
616 9365 -17890
617 9397 -18022
618 9391 -17990
619 9301 -17782
620 9321 -17926
621 9353 -18026
622 9473 -18250
623 9427 -18062
624 9487 -18326
625 9483 -18430
626 9431 -18186
627 9403 -18070
628 9429 -18162
629 9429 -18086
630 9379 -17942
631 9429 -18246
632 9469 -18398
633 9491 -18366
634 9525 -18414
635 9503 -18254
636 9467 -18174
637 9451 -18186
638 9497 -18318
639 9511 -18350
640 9509 -18302
641 9483 -18114
642 9433 -18038
643 9447 -18106
644 9451 -18130
645 9437 -18174
646 9439 -18090
647 9459 -18198
648 9417 -18050
649 9425 -17990
650 9439 -18022
651 9415 -18010
652 9485 -18182
653 9521 -18282
654 9493 -18146
655 9475 -18110
656 9465 -18162
657 9465 -18162
658 9497 -18222
659 9559 -18378
660 9469 -18230
661 9469 -18170
662 9379 -18002
663 9349 -17958
664 9481 -18238
665 9343 -17858
666 9299 -17874
667 9271 -17782
668 9283 -17746
669 9327 -17862
670 9335 -18014
671 9299 -17818
672 9331 -17846
673 9399 -18042
674 9421 -18094
675 9391 -17986
676 9417 -18098
677 9423 -18214
678 9419 -18050
679 9431 -18118
680 9429 -18226
681 9479 -18302
682 9493 -18262
683 9453 -18238
684 9405 -18066
685 9381 -18070
686 9369 -17990
687 9405 -18174
688 9439 -18226
689 9399 -18070
690 9413 -18026
691 9401 -18110
692 9411 -18022
693 9443 -18182
694 9451 -18158
695 9443 -18130
696 9403 -17950
697 9469 -18174
698 9445 -18146
699 9431 -18246
700 9427 -18114
701 9423 -18102
702 9449 -18238
703 9517 -18394
704 9483 -18310
705 9455 -18178
706 9383 -18042
707 9329 -17938
708 9385 -18038
709 9489 -18306
710 9459 -18326
711 9463 -18298
712 9413 -18186
713 9411 -18190
714 9455 -18330
715 9453 -18306
716 9417 -18202
717 9373 -18038
718 9421 -18270
719 9499 -18446
720 9507 -18442
721 9505 -18370
722 9503 -18338
723 9455 -18246
724 9487 -18274
725 9437 -18106
726 9509 -18358
727 9541 -18418
728 9485 -18282
729 9499 -18302
730 9555 -18498
731 9565 -18410
732 9473 -18170
733 9493 -18286
734 9493 -18162
735 9531 -18294
736 9485 -18250
737 9539 -18346
738 9623 -18550
739 9617 -18574
740 9545 -18346
741 9501 -18210
742 9553 -18390
743 9573 -18450
744 9509 -18390
745 9495 -18290
746 9501 -18270
747 9487 -18290
748 9485 -18266
749 9453 -18206
750 9465 -18350
751 9487 -18326
752 9541 -18482
753 9509 -18342
754 9445 -18222
755 9437 -18126
756 9491 -18226
757 9417 -18026
758 9395 -18034
759 9455 -18198
760 9455 -18158
761 9475 -18206
762 9517 -18254
763 9453 -18102
764 9505 -18278
765 9539 -18366
766 9509 -18262
767 9523 -18302
768 9521 -18402
769 9595 -18506
770 9569 -18410
771 9559 -18418
772 9533 -18346
773 9509 -18230
774 9459 -18142
775 9415 -18026
776 9427 -17998
777 9417 -17962
778 9525 -18318
779 9441 -18150
780 9465 -18210
781 9453 -18126
782 9429 -18130
783 9447 -18194
784 9467 -18194
785 9433 -18106
786 9491 -18242
787 9543 -18298
788 9573 -18350
789 9599 -18450
790 9609 -18510
791 9551 -18378
792 9561 -18278
793 9611 -18434
794 9551 -18318
795 9599 -18526
796 9595 -18518
797 9585 -18506
798 9571 -18378
799 9609 -18498
800 9511 -18262
801 9551 -18370
802 9541 -18358
803 9503 -18210
804 9525 -18246
805 9537 -18294
806 9539 -18306
807 9529 -18322
808 9421 -18010
809 9437 -18010
810 9509 -18274
811 9509 -18246
812 9471 -18082
813 9453 -18130
814 9445 -18090
815 9479 -18126
816 9531 -18286
817 9559 -18330
818 9535 -18290
819 9531 -18214
820 9473 -18150
821 9515 -18274
822 9521 -18314
823 9503 -18134
824 9469 -18082
825 9443 -18062
826 9407 -17922
827 9437 -18094
828 9473 -18130
829 9487 -18222
830 9469 -18094
831 9515 -18198
832 9491 -18206
833 9501 -18162
834 9561 -18378
835 9549 -18274
836 9589 -18398
837 9533 -18326
838 9575 -18362
839 9619 -18486
840 9593 -18482
841 9607 -18578
842 9521 -18370
843 9449 -18118
844 9507 -18202
845 9521 -18198
846 9489 -18186
847 9521 -18334
848 9529 -18422
849 9509 -18418
850 9465 -18170
851 9493 -18214
852 9499 -18250
853 9487 -18278
854 9491 -18294
855 9463 -18190
856 9383 -18170
857 9319 -17950
858 9333 -17994
859 9315 -17818
860 9383 -17978
861 9457 -18158
862 9441 -18198
863 9525 -18434
864 9501 -18338
865 9503 -18378
866 9505 -18254
867 9463 -18174
868 9465 -18334
869 9363 -18034
870 9327 -17982
871 9389 -18250
872 9419 -18222
873 9433 -18306
874 9453 -18334
875 9395 -18162
876 9383 -18086
877 9429 -18174
878 9455 -18246
879 9449 -18262
880 9443 -18178
881 9343 -18074
882 9417 -18274
883 9391 -18130
884 9413 -18230
885 9431 -18234
886 9415 -18314
887 9349 -18138
888 9363 -18102
889 9435 -18318
890 9349 -18050
891 9323 -18014
892 9329 -17978
893 9433 -18198
894 9449 -18258
895 9409 -18226
896 9401 -18150
897 9429 -18286
898 9421 -18326
899 9311 -18010
900 9333 -17934
901 9447 -18194
902 9433 -18134
903 9451 -18214
904 9387 -18034
905 9313 -17882
906 9361 -17946
907 9347 -17922
908 9427 -18090
909 9449 -18082
910 9437 -18194
911 9445 -18306
912 9389 -18142
913 9397 -18134
914 9517 -18370
915 9581 -18470
916 9505 -18290
917 9511 -18358
918 9355 -18090
919 9387 -18226
920 9415 -18142
921 9437 -18258
922 9419 -18290
923 9423 -18254
924 9377 -18182
925 9373 -18134
926 9425 -18206
927 9393 -18134
928 9463 -18230
929 9511 -18370
930 9489 -18198
931 9505 -18290
932 9523 -18394
933 9563 -18506
934 9543 -18382
935 9595 -18438
936 9593 -18430
937 9545 -18314
938 9551 -18338
939 9455 -18090
940 9441 -18078
941 9493 -18330
942 9577 -18422
943 9583 -18502
944 9609 -18502
945 9533 -18394
946 9559 -18410
947 9495 -18166
948 9467 -18114
949 9513 -18278
950 9585 -18462
951 9549 -18346
952 9561 -18362
953 9535 -18318
954 9513 -18342
955 9555 -18378
956 9591 -18422
957 9587 -18398
958 9627 -18430
959 9597 -18394
960 9499 -18186
961 9481 -18182
962 9445 -18194
963 9391 -18066
964 9431 -18154
965 9445 -18118
966 9553 -18406
967 9557 -18366
968 9515 -18270
969 9475 -18154
970 9561 -18374
971 9543 -18318
972 9541 -18374
973 9543 -18266
974 9507 -18242
975 9521 -18270
976 9477 -18150
977 9471 -18162
978 9497 -18150
979 9539 -18298
980 9517 -18282
981 9503 -18294
982 9413 -18046
983 9429 -18014
984 9393 -18074
985 9523 -18334
986 9597 -18534
987 9545 -18410
988 9515 -18418
989 9527 -18382
990 9505 -18230
991 9511 -18306
992 9479 -18262
993 9459 -18138
994 9441 -18186
995 9441 -18138
996 9461 -18146
997 9477 -18218
998 9465 -18210
999 9567 -18542
1000 9589 -18550
1001 9603 -18510
1002 9511 -18210
1003 9551 -18294
1004 9537 -18354
1005 9507 -18286
1006 9495 -18242
1007 9443 -18070
1008 9519 -18322
1009 9403 -18054
1010 9409 -18142
1011 9377 -18030
1012 9383 -17986
1013 9407 -18010
1014 9429 -18166
1015 9497 -18206
1016 9519 -18310
1017 9451 -18134
1018 9437 -18202
1019 9463 -18286
1020 9403 -18106
1021 9377 -18094
1022 9435 -18214
1023 9363 -17986
1024 9419 -18138
1025 9451 -18142
1026 9433 -18170
1027 9455 -18206
1028 9459 -18170
1029 9463 -18102
1030 9513 -18338
1031 9465 -18150
1032 9421 -17994
1033 9397 -18046
1034 9455 -18154
1035 9409 -18026
1036 9439 -18022
1037 9551 -18358
1038 9605 -18570
1039 9611 -18462
1040 9553 -18350
1041 9565 -18410
1042 9485 -18210
1043 9545 -18362
1044 9529 -18334
1045 9441 -18158
1046 9441 -18102
1047 9389 -18022
1048 9541 -18358
1049 9551 -18374
1050 9617 -18482
1051 9607 -18610
1052 9589 -18450
1053 9621 -18534
1054 9623 -18678
1055 9625 -18550
1056 9627 -18698
1057 9553 -18382
1058 9559 -18398
1059 9523 -18274
1060 9513 -18226
1061 9527 -18346
1062 9549 -18430
1063 9519 -18342
1064 9523 -18314
1065 9481 -18306
1066 9487 -18286
1067 9449 -18186
1068 9393 -18030
1069 9407 -18134
1070 9395 -18058
1071 9337 -17790
1072 9389 -18062
1073 9395 -18102
1074 9433 -18130
1075 9359 -17982
1076 9405 -18018
1077 9425 -18106
1078 9469 -18222
1079 9511 -18310
1080 9527 -18314
1081 9509 -18246
1082 9463 -18190
1083 9411 -18130
1084 9389 -18078
1085 9445 -18202
1086 9495 -18278
1087 9469 -18166
1088 9459 -18294
1089 9473 -18250
1090 9419 -18082
1091 9481 -18142
1092 9519 -18194
1093 9439 -18090
1094 9569 -18430
1095 9593 -18498
1096 9559 -18370
1097 9509 -18294
1098 9459 -18254
1099 9365 -18026
1100 9363 -17990
1101 9395 -18094
1102 9387 -17946
1103 9337 -17934
1104 9371 -18062
1105 9423 -18158
1106 9415 -18050
1107 9389 -18074
1108 9401 -18062
1109 9437 -18174
1110 9395 -18018
1111 9391 -17922
1112 9437 -18102
1113 9373 -17894
1114 9391 -17998
1115 9429 -18074
1116 9437 -18066
1117 9489 -18210
1118 9501 -18250
1119 9455 -18070
1120 9495 -18214
1121 9543 -18362
1122 9567 -18406
1123 9581 -18482
1124 9447 -18130
1125 9441 -18042
1126 9499 -18222
1127 9485 -18254
1128 9571 -18506
1129 9485 -18258
1130 9533 -18358
1131 9501 -18322
1132 9457 -18182
1133 9417 -18098
1134 9457 -18238
1135 9431 -18134
1136 9433 -18186
1137 9477 -18214
1138 9465 -18070
1139 9421 -18106
1140 9481 -18182
1141 9509 -18426
1142 9553 -18470
1143 9527 -18298
1144 9457 -18222
1145 9443 -18202
1146 9461 -18230
1147 9389 -18002
1148 9531 -18402
1149 9477 -18258
1150 9507 -18274
1151 9513 -18186
1152 9527 -18266
1153 9437 -18062
1154 9477 -18118
1155 9497 -18242
1156 9537 -18322
1157 9515 -18318
1158 9477 -18306
1159 9417 -18142
1160 9451 -18150
1161 9489 -18178
1162 9583 -18462
1163 9557 -18410
1164 9487 -18258
1165 9439 -18118
1166 9497 -18222
1167 9435 -18018
1168 9473 -18070
1169 9407 -17970
1170 9461 -18102
1171 9471 -18174
1172 9417 -17982
1173 9429 -18062
1174 9427 -18078
1175 9507 -18290
1176 9437 -18130
1177 9407 -18118
1178 9477 -18222
1179 9523 -18290
1180 9521 -18278
1181 9531 -18302
1182 9493 -18218
1183 9455 -18014
1184 9483 -18166
1185 9513 -18226
1186 9565 -18342
1187 9509 -18234
1188 9505 -18218
1189 9575 -18366
1190 9509 -18266
1191 9487 -18178
1192 9477 -18198
1193 9457 -18230
1194 9477 -18322
1195 9403 -18142
1196 9471 -18282
1197 9461 -18242
1198 9459 -18186
1199 9407 -18062
1200 9499 -18374
1201 9491 -18382
1202 9453 -18262
1203 9499 -18306
1204 9455 -18098
1205 9393 -18038
1206 9455 -18138
1207 9509 -18230
1208 9493 -18214
1209 9479 -18194
1210 9533 -18270
1211 9491 -18174
1212 9481 -18186
1213 9481 -18206
1214 9547 -18418
1215 9549 -18438
1216 9477 -18270
1217 9465 -18262
1218 9435 -18170
1219 9421 -18070
1220 9433 -18222
1221 9481 -18342
1222 9471 -18286
1223 9481 -18358
1224 9487 -18330
1225 9431 -18178
1226 9443 -18210
1227 9465 -18254
1228 9499 -18398
1229 9421 -18234
1230 9359 -17978
1231 9379 -18034
1232 9447 -18218
1233 9393 -18062
1234 9375 -18030
1235 9403 -18170
1236 9419 -18206
1237 9427 -18174
1238 9555 -18426
1239 9573 -18438
1240 9553 -18378
1241 9517 -18358
1242 9481 -18206
1243 9515 -18326
1244 9519 -18294
1245 9537 -18310
1246 9451 -18058
1247 9487 -18230
1248 9495 -18398
1249 9491 -18322
1250 9521 -18374
1251 9481 -18282
1252 9415 -18082
1253 9409 -18078
1254 9431 -18242
1255 9417 -18234
1256 9385 -18018
1257 9373 -17990
1258 9379 -17902
1259 9359 -18010
1260 9339 -17954
1261 9313 -17850
1262 9359 -17906
1263 9415 -18042
1264 9415 -18030
1265 9445 -18106
1266 9441 -18118
1267 9441 -18098
1268 9485 -18250
1269 9509 -18150
1270 9579 -18386
1271 9515 -18266
1272 9487 -18142
1273 9483 -18226
1274 9541 -18354
1275 9511 -18302
1276 9467 -18206
1277 9423 -18094
1278 9375 -18010
1279 9449 -18146
1280 9513 -18258
1281 9495 -18202
1282 9453 -18210
1283 9523 -18346
1284 9491 -18298
1285 9439 -18194
1286 9417 -18158
1287 9355 -17950
1288 9401 -18066
1289 9423 -18154
1290 9361 -17978
1291 9389 -17950
1292 9393 -17926
1293 9359 -17882
1294 9415 -18014
1295 9433 -18134
1296 9411 -18106
1297 9451 -18098
1298 9409 -17930
1299 9379 -17978
1300 9473 -18070
1301 9511 -18214
1302 9457 -18150
1303 9419 -17954
1304 9393 -17854
1305 9459 -18110
1306 9461 -18098
1307 9459 -18094
1308 9461 -18118
1309 9523 -18202
1310 9515 -18266
1311 9503 -18338
1312 9497 -18282
1313 9549 -18438
1314 9453 -18242
1315 9447 -18142
1316 9471 -18218
1317 9391 -18018
1318 9367 -18098
1319 9407 -18158
1320 9417 -18082
1321 9465 -18226
1322 9479 -18190
1323 9429 -18026
1324 9421 -18022
1325 9483 -18186
1326 9419 -17970
1327 9539 -18314
1328 9443 -18034
1329 9495 -18150
1330 9515 -18194
1331 9605 -18426
1332 9583 -18386
1333 9601 -18510
1334 9493 -18262
1335 9481 -18250
1336 9495 -18350
1337 9425 -18146
1338 9411 -18018
1339 9423 -18062
1340 9433 -18054
1341 9445 -18066
1342 9401 -18022
1343 9433 -18014
1344 9413 -17994
1345 9375 -17834
1346 9451 -18098
1347 9491 -18154
1348 9507 -18250
1349 9583 -18486
1350 9595 -18466
1351 9619 -18462
1352 9623 -18498
1353 9571 -18382
1354 9593 -18506
1355 9593 -18454
1356 9555 -18330
1357 9481 -18166
1358 9557 -18374
1359 9523 -18290
1360 9511 -18362
1361 9483 -18246
1362 9451 -18222
1363 9477 -18222
1364 9485 -18262
1365 9487 -18170
1366 9477 -18178
1367 9445 -18186
1368 9459 -18070
1369 9467 -18158
1370 9395 -18050
1371 9409 -18090
1372 9421 -18154
1373 9397 -18122
1374 9389 -18070
1375 9503 -18246
1376 9519 -18218
1377 9425 -18058
1378 9477 -18230
1379 9523 -18246
1380 9473 -18138
1381 9525 -18370
1382 9477 -18270
1383 9505 -18254
1384 9525 -18374
1385 9485 -18342
1386 9477 -18238
1387 9543 -18374
1388 9543 -18414
1389 9433 -18158
1390 9419 -18090
1391 9389 -17990
1392 9433 -18142
1393 9427 -18058
1394 9429 -18102
1395 9471 -18206
1396 9465 -18162
1397 9427 -18118
1398 9441 -18134
1399 9539 -18314
1400 9537 -18302
1401 9455 -18222
1402 9477 -18206
1403 9425 -18058
1404 9463 -18234
1405 9399 -18006
1406 9473 -18210
1407 9481 -18150
1408 9493 -18250
1409 9491 -18270
1410 9439 -18078
1411 9485 -18266
1412 9449 -18198
1413 9417 -18130
1414 9401 -17990
1415 9399 -17990
1416 9421 -18042
1417 9431 -18082
1418 9337 -17918
1419 9413 -18018
1420 9405 -18026
1421 9451 -18066
1422 9465 -18190
1423 9535 -18322
1424 9483 -18190
1425 9489 -18186
1426 9437 -17990
1427 9415 -17978
1428 9449 -18086
1429 9367 -17962
1430 9431 -18026
1431 9423 -18110
1432 9445 -18182
1433 9439 -18150
1434 9531 -18490
1435 9539 -18438
1436 9547 -18354
1437 9497 -18218
1438 9425 -18098
1439 9459 -18198
1440 9493 -18374
1441 9453 -18254
1442 9371 -17990
1443 9413 -18154
1444 9453 -18274
1445 9483 -18386
1446 9437 -18222
1447 9463 -18254
1448 9519 -18310
1449 9487 -18286
1450 9413 -18094
1451 9405 -18018
1452 9399 -18090
1453 9413 -18210
1454 9383 -18086
1455 9339 -17982
1456 9337 -17878
1457 9319 -17802
1458 9245 -17662
1459 9243 -17734
1460 9189 -17646
1461 9167 -17590
1462 9341 -17946
1463 9389 -18102
1464 9419 -18174
1465 9421 -18222
1466 9439 -18130
1467 9475 -18146
1468 9533 -18338
1469 9547 -18410
1470 9491 -18258
1471 9419 -18090
1472 9413 -18086
1473 9407 -18142
1474 9421 -18138
1475 9455 -18202
1476 9467 -18106
1477 9477 -18322
1478 9487 -18278
1479 9491 -18166
1480 9531 -18366
1481 9531 -18314
1482 9561 -18434
1483 9537 -18342
1484 9547 -18370
1485 9525 -18318
1486 9563 -18366
1487 9573 -18334
1488 9535 -18310
1489 9479 -18150
1490 9551 -18374
1491 9531 -18326
1492 9569 -18418
1493 9523 -18314
1494 9485 -18214
1495 9531 -18258
1496 9487 -18266
1497 9445 -18086
1498 9401 -18074
1499 9417 -18114
1500 9429 -18154
1501 9415 -18162
1502 9415 -18034
1503 9447 -18070
1504 9499 -18170
1505 9481 -18182
1506 9399 -18054
1507 9467 -18238
1508 9425 -18122
1509 9471 -18078
1510 9431 -18118
1511 9441 -18098
1512 9465 -18186
1513 9453 -18190
1514 9457 -18146
1515 9473 -18270
1516 9445 -18158
1517 9439 -18098
1518 9321 -17902
1519 9291 -17806
1520 9419 -18114
1521 9447 -18178
1522 9439 -18114
1523 9421 -18002
1524 9519 -18242
1525 9485 -18242
1526 9483 -18266
1527 9465 -18262
1528 9473 -18226
1529 9439 -18106
1530 9409 -18038
1531 9417 -17902
1532 9423 -17974
1533 9441 -18198
1534 9427 -18218
1535 9491 -18326
1536 9369 -17982
1537 9415 -18102
1538 9391 -18062
1539 9457 -18258
1540 9479 -18146
1541 9379 -18058
1542 9323 -17846
1543 9309 -17898
1544 9405 -18130
1545 9335 -18002
1546 9257 -17766
1547 9329 -18014
1548 9415 -18198
1549 9419 -18338
1550 9473 -18326
1551 9471 -18310
1552 9503 -18370
1553 9483 -18278
1554 9461 -18194
1555 9413 -18130
1556 9343 -17874
1557 9303 -17914
1558 9339 -17994
1559 9377 -17926
1560 9473 -18094
1561 9521 -18302
1562 9543 -18314
1563 9481 -18210
1564 9421 -18094
1565 9381 -17922
1566 9385 -17898
1567 9433 -18094
1568 9459 -18214
1569 9465 -18198
1570 9445 -18170
1571 9439 -18178
1572 9465 -18146
1573 9479 -18150
1574 9439 -18154
1575 9513 -18402
1576 9563 -18450
1577 9505 -18366
1578 9517 -18318
1579 9541 -18374
1580 9493 -18278
1581 9551 -18334
1582 9535 -18318
1583 9535 -18226
1584 9557 -18398
1585 9487 -18106
1586 9567 -18422
1587 9527 -18398
1588 9475 -18146
1589 9463 -18202
1590 9387 -18178
1591 9427 -18158
1592 9469 -18202
1593 9391 -17998
1594 9427 -18118
1595 9475 -18258
1596 9491 -18366
1597 9445 -18230
1598 9507 -18314
1599 9509 -18294
1600 9493 -18242
1601 9539 -18310
1602 9641 -18538
1603 9619 -18590
1604 9591 -18466
1605 9495 -18262
1606 9453 -18214
1607 9495 -18362
1608 9445 -18130
1609 9435 -18098
1610 9483 -18142
1611 9529 -18314
1612 9487 -18250
1613 9495 -18342
1614 9555 -18418
1615 9479 -18162
1616 9483 -18270
1617 9419 -18066
1618 9491 -18318
1619 9571 -18546
1620 9651 -18682
1621 9645 -18586
1622 9641 -18598
1623 9623 -18550
1624 9567 -18414
1625 9533 -18306
1626 9469 -18210
1627 9489 -18286
1628 9393 -18038
1629 9353 -17926
1630 9407 -18062
1631 9397 -17978
1632 9407 -18042
1633 9403 -18038
1634 9399 -17966
1635 9511 -18242
1636 9511 -18326
1637 9521 -18330
1638 9457 -18110
1639 9523 -18270
1640 9489 -18218
1641 9469 -18154
1642 9479 -18278
1643 9455 -18230
1644 9511 -18318
1645 9567 -18362
1646 9589 -18390
1647 9585 -18470
1648 9597 -18486
1649 9617 -18510
1650 9567 -18410
1651 9483 -18230
1652 9449 -18274
1653 9483 -18346
1654 9509 -18346
1655 9531 -18382
1656 9507 -18254
1657 9549 -18346
1658 9565 -18386
1659 9467 -18198
1660 9479 -18202
1661 9499 -18238
1662 9479 -18282
1663 9445 -18082
1664 9369 -18030
1665 9445 -18202
1666 9423 -18118
1667 9387 -17998
1668 9467 -18178
1669 9379 -17926
1670 9451 -18014
1671 9425 -18070
1672 9415 -18098
1673 9415 -18050
1674 9385 -17890
1675 9457 -18094
1676 9611 -18470
1677 9607 -18418
1678 9595 -18470
1679 9575 -18322
1680 9513 -18222
1681 9511 -18210
1682 9517 -18198
1683 9471 -18126
1684 9421 -17990
1685 9511 -18322
1686 9481 -18262
1687 9567 -18406
1688 9571 -18450
1689 9571 -18398
1690 9547 -18294
1691 9499 -18178
1692 9489 -18178
1693 9567 -18430
1694 9493 -18250
1695 9479 -18238
1696 9527 -18302
1697 9505 -18278
1698 9517 -18298
1699 9515 -18354
1700 9465 -18270
1701 9435 -18230
1702 9423 -18194
1703 9377 -18118
1704 9377 -18042
1705 9395 -18126
1706 9469 -18206
1707 9487 -18322
1708 9499 -18230
1709 9483 -18222
1710 9469 -18270
1711 9527 -18342
1712 9511 -18310
1713 9375 -18002
1714 9439 -18182
1715 9455 -18174
1716 9389 -18046
1717 9309 -17906
1718 9303 -18006
1719 9301 -18130
1720 9395 -18218
1721 9363 -18106
1722 9331 -17898
1723 9387 -18122
1724 9317 -17910
1725 9323 -17910
1726 9359 -17886
1727 9383 -17986
1728 9433 -18126
1729 9497 -18298
1730 9471 -18254
1731 9443 -18130
1732 9459 -18142
1733 9435 -18126
1734 9429 -18146
1735 9409 -18158
1736 9371 -17986
1737 9387 -18058
1738 9397 -18118
1739 9397 -18094
1740 9409 -18102
1741 9441 -18218
1742 9497 -18330
1743 9475 -18274
1744 9359 -17986
1745 9385 -18046
1746 9403 -18166
1747 9381 -18094
1748 9375 -18018
1749 9359 -17938
1750 9351 -17866
1751 9455 -18102
1752 9417 -18126
1753 9479 -18310
1754 9443 -18170
1755 9465 -18358
1756 9427 -18234
1757 9447 -18234
1758 9431 -18238
1759 9401 -18114
1760 9447 -18190
1761 9485 -18246
1762 9407 -18034
1763 9423 -18062
1764 9431 -18106
1765 9423 -18090
1766 9459 -18114
1767 9389 -17918
1768 9445 -18126
1769 9455 -18166
1770 9487 -18162
1771 9473 -18246
1772 9521 -18382
1773 9603 -18502
1774 9561 -18406
1775 9571 -18434
1776 9523 -18326
1777 9473 -18266
1778 9555 -18410
1779 9577 -18442
1780 9523 -18298
1781 9589 -18478
1782 9503 -18302
1783 9429 -18086
1784 9395 -18014
1785 9315 -17858
1786 9381 -17990
1787 9399 -18050
1788 9439 -18098
1789 9553 -18414
1790 9529 -18294
1791 9475 -18154
1792 9469 -18114
1793 9535 -18278
1794 9533 -18350
1795 9495 -18258
1796 9519 -18294
1797 9623 -18518
1798 9547 -18378
1799 9553 -18290
1800 9581 -18338
1801 9545 -18306
1802 9581 -18458
1803 9469 -18134
1804 9477 -18170
1805 9477 -18122
1806 9515 -18310
1807 9497 -18270
1808 9457 -18122
1809 9431 -18026
1810 9385 -18002
1811 9445 -18202
1812 9351 -17878
1813 9381 -17962
1814 9417 -18154
1815 9317 -17838
1816 9415 -18022
1817 9459 -18146
1818 9533 -18338
1819 9497 -18210
1820 9553 -18270
1821 9569 -18342
1822 9561 -18318
1823 9457 -18078
1824 9519 -18274
1825 9527 -18318
1826 9509 -18266
1827 9533 -18270
1828 9533 -18362
1829 9503 -18246
1830 9541 -18306
1831 9477 -18126
1832 9499 -18206
1833 9517 -18314
1834 9513 -18234
1835 9465 -18270
1836 9457 -18254
1837 9423 -18134
1838 9463 -18146
1839 9391 -18022
1840 9439 -18170
1841 9381 -18014
1842 9417 -18062
1843 9461 -18150
1844 9467 -18238
1845 9451 -18162
1846 9473 -18250
1847 9459 -18226
1848 9515 -18306
1849 9405 -18002
1850 9425 -18122
1851 9391 -17994
1852 9421 -18142
1853 9367 -18026
1854 9383 -18082
1855 9389 -18162
1856 9421 -18170
1857 9453 -18318
1858 9397 -18038
1859 9433 -18118
1860 9433 -18170
1861 9467 -18222
1862 9459 -18270
1863 9467 -18274
1864 9449 -18210
1865 9471 -18318
1866 9379 -18210
1867 9441 -18322
1868 9397 -18158
1869 9321 -18058
1870 9399 -18210
1871 9381 -18186
1872 9391 -18202
1873 9405 -18150
1874 9357 -18018
1875 9413 -18166
1876 9473 -18302
1877 9515 -18378
1878 9563 -18422
1879 9583 -18574
1880 9573 -18546
1881 9485 -18298
1882 9491 -18338
1883 9475 -18274
1884 9533 -18434
1885 9533 -18430
1886 9487 -18270
1887 9531 -18462
1888 9523 -18486
1889 9471 -18318
1890 9397 -18202
1891 9419 -18074
1892 9501 -18282
1893 9473 -18286
1894 9497 -18282
1895 9523 -18366
1896 9543 -18402
1897 9493 -18282
1898 9507 -18346
1899 9527 -18406
1900 9469 -18246
1901 9391 -18066
1902 9391 -18054
1903 9415 -18170
1904 9377 -18054
1905 9447 -18214
1906 9421 -18114
1907 9463 -18194
1908 9431 -18122
1909 9369 -17918
1910 9405 -18034
1911 9475 -18086
1912 9527 -18274
1913 9573 -18442
1914 9603 -18534
1915 9495 -18254
1916 9469 -18166
1917 9537 -18290
1918 9559 -18382
1919 9531 -18342
1920 9523 -18382
1921 9507 -18358
1922 9509 -18246
1923 9559 -18346
1924 9505 -18274
1925 9489 -18298
1926 9511 -18362
1927 9525 -18334
1928 9505 -18282
1929 9487 -18194
1930 9477 -18190
1931 9543 -18418
1932 9507 -18314
1933 9451 -18206
1934 9411 -18042
1935 9379 -17962
1936 9469 -18150
1937 9515 -18250
1938 9517 -18290
1939 9537 -18278
1940 9601 -18474
1941 9555 -18406
1942 9557 -18338
1943 9611 -18502
1944 9619 -18562
1945 9585 -18510
1946 9511 -18346
1947 9595 -18442
1948 9537 -18374
1949 9541 -18454
1950 9543 -18366
1951 9539 -18338
1952 9529 -18314
1953 9499 -18286
1954 9473 -18158
1955 9481 -18202
1956 9447 -18186
1957 9485 -18194
1958 9465 -18170
1959 9415 -17962
1960 9477 -18174
1961 9511 -18234
1962 9467 -18150
1963 9449 -18166
1964 9439 -18102
1965 9439 -18078
1966 9517 -18302
1967 9557 -18374
1968 9533 -18314
1969 9513 -18322
1970 9419 -18090
1971 9453 -18174
1972 9403 -18062
1973 9507 -18286
1974 9495 -18290
1975 9577 -18454
1976 9527 -18354
1977 9449 -18142
1978 9449 -18114
1979 9463 -18162
1980 9447 -18114
1981 9483 -18278
1982 9559 -18370
1983 9489 -18194
1984 9577 -18418
1985 9591 -18438
1986 9555 -18470
1987 9585 -18498
1988 9605 -18514
1989 9577 -18362
1990 9637 -18594
1991 9615 -18506
1992 9601 -18502
1993 9467 -18130
1994 9439 -18054
1995 9489 -18198
1996 9525 -18202
1997 9459 -18170
1998 9469 -18214
1999 9449 -18130
2000 9481 -18174
2001 9439 -18018
2002 9449 -18022
2003 9491 -18266
2004 9503 -18178
2005 9543 -18330
2006 9485 -18218
2007 9549 -18382
2008 9495 -18250
2009 9543 -18386
2010 9515 -18350
2011 9431 -18054
2012 9409 -18070
2013 9439 -18138
2014 9377 -18042
2015 9405 -18102
2016 9531 -18350
2017 9507 -18322
2018 9553 -18318
2019 9547 -18362
2020 9495 -18222
2021 9537 -18354
2022 9577 -18374
2023 9533 -18290
2024 9531 -18258
2025 9527 -18302
2026 9509 -18370
2027 9519 -18402
2028 9545 -18374
2029 9483 -18166
2030 9523 -18278
2031 9503 -18238
2032 9527 -18386
2033 9513 -18282
2034 9469 -18158
2035 9517 -18378
2036 9513 -18338
2037 9499 -18206
2038 9469 -18174
2039 9465 -18246
2040 9407 -18086
2041 9439 -18242
2042 9465 -18238
2043 9497 -18314
2044 9487 -18210
2045 9507 -18350
2046 9499 -18322
2047 9523 -18310
2048 9407 -17946
2049 9427 -18054
2050 9457 -18226
2051 9413 -18078
2052 9391 -17986
2053 9401 -18134
2054 9391 -18090
2055 9393 -17974
2056 9383 -18046
2057 9465 -18174
2058 9455 -18218
2059 9367 -18038
2060 9291 -17870
2061 9337 -17954
2062 9389 -18130
2063 9377 -18034
2064 9443 -18250
2065 9381 -18042
2066 9349 -17850
2067 9357 -17982
2068 9375 -18006
2069 9395 -17966
2070 9349 -17910
2071 9361 -17978
2072 9447 -18162
2073 9383 -17982
2074 9417 -18130
2075 9379 -18022
2076 9357 -17914
2077 9397 -17950
2078 9347 -17846
2079 9327 -17810
2080 9385 -17974
2081 9411 -18034
2082 9435 -18018
2083 9419 -18014
2084 9457 -18182
2085 9435 -18058
2086 9443 -18066
2087 9383 -18002
2088 9353 -17974
2089 9385 -18050
2090 9395 -18146
2091 9363 -18102
2092 9407 -18186
2093 9395 -18078
2094 9375 -18030
2095 9269 -17946
2096 9289 -17954
2097 9283 -17854
2098 9309 -17962
2099 9397 -18118
2100 9423 -18150
2101 9369 -18058
2102 9375 -18050
2103 9399 -18086
2104 9393 -18070
2105 9437 -18118
2106 9447 -18178
2107 9411 -18054
2108 9443 -18118
2109 9473 -18170
2110 9475 -18102
2111 9543 -18354
2112 9577 -18370
2113 9587 -18454
2114 9549 -18398
2115 9485 -18262
2116 9419 -18118
2117 9447 -18186
2118 9493 -18218
2119 9455 -18174
2120 9501 -18222
2121 9515 -18258
2122 9507 -18338
2123 9433 -18106
2124 9389 -17986
2125 9407 -18062
2126 9429 -18082
2127 9411 -18086
2128 9491 -18350
2129 9471 -18286
2130 9503 -18290
2131 9479 -18290
2132 9489 -18230
2133 9409 -18102
2134 9329 -17830
2135 9329 -17898
2136 9357 -18050
2137 9353 -18034
2138 9385 -17974
2139 9375 -18054
2140 9349 -18034
2141 9351 -17970
2142 9387 -18122
2143 9399 -18106
2144 9355 -18018
2145 9363 -17962
2146 9435 -18166
2147 9437 -18162
2148 9395 -18098
2149 9445 -18262
2150 9465 -18178
2151 9465 -18158
2152 9443 -18122
2153 9437 -18098
2154 9477 -18266
2155 9467 -18262
2156 9451 -18154
2157 9501 -18334
2158 9485 -18222
2159 9427 -18078
2160 9469 -18226
2161 9451 -18214
2162 9455 -18150
2163 9525 -18370
2164 9489 -18178
2165 9455 -18154
2166 9545 -18286
2167 9521 -18178
2168 9573 -18394
2169 9571 -18386
2170 9621 -18406
2171 9521 -18286
2172 9485 -18146
2173 9479 -18134
2174 9507 -18218
2175 9539 -18274
2176 9537 -18310
2177 9577 -18454
2178 9619 -18498
2179 9627 -18534
2180 9573 -18406
2181 9555 -18410
2182 9511 -18314
2183 9457 -18166
2184 9525 -18334
2185 9583 -18486
2186 9541 -18342
2187 9485 -18226
2188 9489 -18262
2189 9501 -18318
2190 9485 -18274
2191 9475 -18138
2192 9477 -18198
2193 9473 -18218
2194 9477 -18258
2195 9463 -18270
2196 9441 -18162
2197 9441 -18182
2198 9463 -18186
2199 9463 -18134
2200 9467 -18110
2201 9525 -18226
2202 9603 -18402
2203 9505 -18274
2204 9571 -18442
2205 9509 -18174
2206 9529 -18302
2207 9577 -18494
2208 9547 -18386
2209 9515 -18354
2210 9507 -18226
2211 9563 -18406
2212 9573 -18474
2213 9555 -18466
2214 9525 -18298
2215 9553 -18414
2216 9499 -18182
2217 9541 -18310
2218 9535 -18286
2219 9523 -18230
2220 9585 -18382
2221 9517 -18250
2222 9543 -18338
2223 9575 -18418
2224 9577 -18438
2225 9585 -18374
2226 9569 -18386
2227 9547 -18294
2228 9549 -18374
2229 9607 -18466
2230 9553 -18302
2231 9543 -18302
2232 9569 -18354
2233 9497 -18182
2234 9449 -18118
2235 9489 -18234
2236 9425 -18134
2237 9425 -18130
2238 9377 -17958
2239 9441 -18046
2240 9421 -18102
2241 9513 -18314
2242 9507 -18390
2243 9467 -18342
2244 9469 -18254
2245 9431 -18194
2246 9441 -18258
2247 9513 -18414
2248 9447 -18122
2249 9429 -18090
2250 9429 -18070
2251 9453 -18194
2252 9445 -18130
2253 9377 -17978
2254 9383 -18026
2255 9401 -17986
2256 9415 -18006
2257 9495 -18290
2258 9471 -18238
2259 9427 -18042
2260 9423 -18114
2261 9459 -18210
2262 9407 -18102
2263 9431 -18198
2264 9379 -18102
2265 9359 -17918
2266 9353 -17950
2267 9339 -17938
2268 9355 -17922
2269 9429 -18062
2270 9483 -18190
2271 9451 -18070
2272 9433 -18102
2273 9503 -18322
2274 9461 -18190
2275 9415 -18166
2276 9381 -17982
2277 9421 -18038
2278 9461 -18150
2279 9377 -17938
2280 9461 -18086
2281 9455 -18178
2282 9411 -17994
2283 9423 -18002
2284 9439 -18154
2285 9449 -18086
2286 9507 -18218
2287 9569 -18418
2288 9551 -18370
2289 9521 -18270
2290 9493 -18218
2291 9503 -18278
2292 9465 -18126
2293 9455 -18074
2294 9425 -17982
2295 9543 -18310
2296 9501 -18294
2297 9487 -18162
2298 9515 -18270
2299 9419 -18050
2300 9429 -18046
2301 9393 -17986
2302 9473 -18186
2303 9519 -18354
2304 9485 -18198
2305 9509 -18242
2306 9541 -18386
2307 9581 -18458
2308 9613 -18502
2309 9529 -18286
2310 9501 -18166
2311 9495 -18086
2312 9445 -18058
2313 9425 -18070
2314 9419 -18014
2315 9403 -17894
2316 9523 -18250
2317 9589 -18414
2318 9493 -18182
2319 9421 -18018
2320 9477 -18150
2321 9393 -17974
2322 9551 -18362
2323 9537 -18318
2324 9489 -18142
2325 9461 -18090
2326 9477 -18226
2327 9499 -18282
2328 9479 -18170
2329 9463 -18182
2330 9413 -18058
2331 9447 -18174
2332 9379 -17974
2333 9477 -18222
2334 9469 -18166
2335 9483 -18258
2336 9419 -18158
2337 9423 -18122
2338 9387 -18074
2339 9427 -18142
2340 9439 -18202
2341 9407 -18066
2342 9385 -17966
2343 9399 -18030
2344 9483 -18354
2345 9501 -18266
2346 9501 -18314
2347 9495 -18282
2348 9503 -18342
2349 9503 -18302
2350 9435 -18114
2351 9473 -18190
2352 9423 -18010
2353 9459 -18222
2354 9463 -18302
2355 9489 -18306
2356 9553 -18550
2357 9531 -18398
2358 9507 -18366
2359 9443 -18218
2360 9441 -18138
2361 9469 -18150
2362 9517 -18298
2363 9565 -18430
2364 9545 -18450
2365 9567 -18402
2366 9573 -18306
2367 9499 -18150
2368 9461 -18182
2369 9509 -18382
2370 9427 -18030
2371 9505 -18254
2372 9521 -18326
2373 9551 -18430
2374 9567 -18474
2375 9547 -18410
2376 9543 -18378
2377 9567 -18518
2378 9585 -18542
2379 9477 -18210
2380 9479 -18246
2381 9491 -18254
2382 9491 -18250
2383 9525 -18350
2384 9523 -18354
2385 9471 -18238
2386 9395 -18190
2387 9417 -18154
2388 9419 -18142
2389 9303 -18022
2390 9335 -17998
2391 9407 -18174
2392 9431 -18166
2393 9399 -18066
2394 9391 -18014
2395 9401 -17994
2396 9409 -18074
2397 9485 -18250
2398 9473 -18214
2399 9473 -18258
2400 9421 -18126
2401 9443 -18334
2402 9491 -18310
2403 9501 -18302
2404 9449 -18294
2405 9407 -18098
2406 9401 -18106
2407 9395 -18110
2408 9413 -18166
2409 9423 -18154
2410 9401 -18226
2411 9357 -18054
2412 9427 -18154
2413 9425 -18170
2414 9463 -18246
2415 9411 -18206
2416 9411 -18138
2417 9411 -18006
2418 9441 -18102
2419 9447 -18222
2420 9481 -18190
2421 9479 -18158
2422 9523 -18310
2423 9539 -18350
2424 9487 -18270
2425 9533 -18430
2426 9613 -18506
2427 9619 -18542
2428 9539 -18330
2429 9401 -17886
2430 9487 -18126
2431 9499 -18194
2432 9467 -18082
2433 9443 -18162
2434 9471 -18178
2435 9397 -18058
2436 9391 -18098
2437 9375 -18150
2438 9331 -17986
2439 9399 -18110
2440 9401 -18026
2441 9379 -18118
2442 9389 -18066
2443 9423 -18170
2444 9383 -18002
2445 9393 -18014
2446 9443 -18122
2447 9387 -17922
2448 9395 -18130
2449 9419 -18130
2450 9485 -18378
2451 9481 -18250
2452 9447 -18178
2453 9325 -17858
2454 9397 -18014
2455 9411 -17974
2456 9407 -18078
2457 9445 -18218
2458 9415 -18098
2459 9405 -18110
2460 9411 -18066
2461 9451 -18218
2462 9435 -18166
2463 9449 -18226
2464 9489 -18282
2465 9555 -18418
2466 9483 -18230
2467 9415 -18094
2468 9471 -18250
2469 9511 -18442
2470 9539 -18506
2471 9467 -18282
2472 9463 -18278
2473 9465 -18270
2474 9415 -18186
2475 9521 -18422
2476 9439 -18162
2477 9383 -18030
2478 9401 -18054
2479 9359 -18066
2480 9417 -18202
2481 9415 -18182
2482 9407 -18058
2483 9441 -18118
2484 9423 -18062
2485 9421 -18130
2486 9433 -18138
2487 9435 -18158
2488 9457 -18118
2489 9461 -18094
2490 9441 -18050
2491 9469 -18198
2492 9473 -18142
2493 9479 -18178
2494 9441 -18086
2495 9425 -18206
2496 9527 -18350
2497 9501 -18278
2498 9465 -18178
2499 9485 -18302
2500 9487 -18226
2501 9487 -18202
2502 9433 -18110
2503 9465 -18218
2504 9481 -18282
2505 9401 -18162
2506 9401 -18030
2507 9487 -18150
2508 9525 -18286
2509 9545 -18266
2510 9589 -18414
2511 9563 -18390
2512 9499 -18186
2513 9535 -18330
2514 9495 -18246
2515 9497 -18322
2516 9405 -18078
2517 9429 -18222
2518 9285 -17790
2519 9269 -17802
2520 9277 -17878
2521 9293 -17970
2522 9301 -17974
2523 9315 -17962
2524 9277 -17914
2525 9271 -17786
2526 9365 -17982
2527 9345 -17866
2528 9377 -18066
2529 9381 -18062
2530 9361 -17994
2531 9309 -17994
2532 9417 -18118
2533 9365 -18022
2534 9463 -18238
2535 9507 -18354
2536 9473 -18282
2537 9457 -18122
2538 9553 -18390
2539 9575 -18422
2540 9427 -18162
2541 9483 -18330
2542 9489 -18302
2543 9471 -18314
2544 9415 -18166
2545 9437 -18198
2546 9541 -18414
2547 9461 -18174
2548 9477 -18266
2549 9415 -18090
2550 9381 -17930
2551 9429 -18186
2552 9349 -17978
2553 9373 -17978
2554 9429 -18122
2555 9521 -18322
2556 9589 -18514
2557 9553 -18418
2558 9511 -18330
2559 9447 -18226
2560 9441 -18178
2561 9483 -18214
2562 9497 -18270
2563 9575 -18442
2564 9559 -18322
2565 9463 -18198
2566 9431 -18242
2567 9417 -18098
2568 9395 -18114
2569 9367 -18070
2570 9427 -18126
2571 9453 -18262
2572 9449 -18234
2573 9505 -18390
2574 9423 -18098
2575 9413 -18082
2576 9483 -18170
2577 9507 -18374
2578 9525 -18334
2579 9539 -18246
2580 9599 -18514
2581 9597 -18506
2582 9613 -18530
2583 9587 -18422
2584 9589 -18458
2585 9595 -18538
2586 9595 -18510
2587 9577 -18378
2588 9565 -18282
2589 9541 -18346
2590 9465 -18094
2591 9391 -17982
2592 9353 -17874
2593 9463 -18122
2594 9445 -18070
2595 9457 -18126
2596 9455 -18094
2597 9487 -18222
2598 9439 -18078
2599 9387 -17970
2600 9503 -18366
2601 9499 -18278
2602 9447 -18190
2603 9479 -18330
2604 9493 -18282
2605 9493 -18150
2606 9483 -18218
2607 9433 -18122
2608 9463 -18154
2609 9411 -18058
2610 9413 -18146
2611 9413 -18094
2612 9399 -18182
2613 9415 -18222
2614 9375 -18150
2615 9437 -18214
2616 9411 -18150
2617 9343 -17966
2618 9363 -17986
2619 9441 -18106
2620 9453 -18166
2621 9497 -18234
2622 9513 -18286
2623 9605 -18538
2624 9541 -18330
2625 9541 -18338
2626 9569 -18474
2627 9485 -18158
2628 9467 -18166
2629 9461 -18090
2630 9425 -17970
2631 9473 -18134
2632 9525 -18362
2633 9441 -18174
2634 9443 -18162
2635 9389 -18130
2636 9439 -18122
2637 9511 -18250
2638 9547 -18362
2639 9541 -18362
2640 9593 -18454
2641 9527 -18190
2642 9523 -18206
2643 9527 -18234
2644 9519 -18206
2645 9583 -18418
2646 9571 -18334
2647 9519 -18190
2648 9535 -18342
2649 9483 -18218
2650 9589 -18462
2651 9581 -18442
2652 9551 -18446
2653 9533 -18374
2654 9513 -18346
2655 9445 -18142
2656 9417 -17982
2657 9421 -18126
2658 9445 -18178
2659 9389 -17966
2660 9375 -18038
2661 9385 -17986
2662 9415 -18122
2663 9385 -18066
2664 9425 -18186
2665 9371 -18042
2666 9433 -18178
2667 9357 -18002
2668 9305 -17926
2669 9347 -18082
2670 9411 -18222
2671 9357 -18062
2672 9407 -18150
2673 9533 -18470
2674 9569 -18582
2675 9549 -18486
2676 9543 -18434
2677 9577 -18478
2678 9521 -18386
2679 9497 -18298
2680 9485 -18170
2681 9449 -18066
2682 9427 -17986
2683 9387 -18034
2684 9433 -18062
2685 9479 -18226
2686 9411 -17990
2687 9451 -18082
2688 9483 -18206
2689 9473 -18238
2690 9541 -18378
2691 9565 -18394
2692 9545 -18382
2693 9599 -18518
2694 9541 -18366
2695 9473 -18054
2696 9459 -18022
2697 9473 -18206
2698 9441 -18094
2699 9411 -17990
2700 9413 -18074
2701 9439 -18086
2702 9429 -17966
2703 9427 -18046
2704 9479 -18166
2705 9525 -18290
2706 9577 -18434
2707 9625 -18522
2708 9609 -18554
2709 9531 -18278
2710 9373 -17910
2711 9481 -18202
2712 9479 -18162
2713 9459 -18142
2714 9439 -18110
2715 9469 -18214
2716 9449 -18154
2717 9521 -18318
2718 9559 -18426
2719 9631 -18598
2720 9547 -18350
2721 9561 -18366
2722 9565 -18430
2723 9455 -18118
2724 9423 -18118
2725 9425 -18170
2726 9447 -18174
2727 9465 -18218
2728 9439 -18022
2729 9489 -18250
2730 9507 -18298
2731 9519 -18330
2732 9507 -18230
2733 9477 -18218
2734 9529 -18238
2735 9503 -18130
2736 9497 -18186
2737 9473 -18158
2738 9423 -18046
2739 9395 -17918
2740 9437 -18134
2741 9479 -18226
2742 9487 -18246
2743 9607 -18550
2744 9641 -18534
2745 9599 -18398
2746 9625 -18510
2747 9537 -18254
2748 9529 -18246
2749 9529 -18298
2750 9497 -18278
2751 9459 -18170
2752 9479 -18214
2753 9513 -18338
2754 9451 -18110
2755 9465 -18178
2756 9389 -17994
2757 9483 -18190
2758 9517 -18318
2759 9503 -18314
2760 9461 -18118
2761 9371 -17894
2762 9397 -18022
2763 9375 -18034
2764 9377 -17954
2765 9413 -18114
2766 9437 -18214
2767 9499 -18302
2768 9465 -18166
2769 9401 -17990
2770 9355 -17846
2771 9395 -18018
2772 9485 -18230
2773 9487 -18242
2774 9493 -18206
2775 9513 -18218
2776 9467 -18138
2777 9509 -18278
2778 9617 -18494
2779 9603 -18470
2780 9443 -18058
2781 9513 -18246
2782 9503 -18266
2783 9487 -18242
2784 9511 -18254
2785 9481 -18138
2786 9521 -18230
2787 9519 -18274
2788 9477 -18194
2789 9471 -18118
2790 9479 -18158
2791 9459 -18066
2792 9409 -17950
2793 9409 -18082
2794 9461 -18186
2795 9509 -18214
2796 9501 -18190
2797 9459 -18178
2798 9429 -18146
2799 9413 -18022
2800 9431 -18070
2801 9503 -18338
2802 9483 -18242
2803 9449 -18242
2804 9487 -18298
2805 9489 -18214
2806 9385 -18026
2807 9391 -18118
2808 9429 -18226
2809 9425 -18158
2810 9403 -18138
2811 9439 -18222
2812 9415 -18114
2813 9449 -18174
2814 9439 -18206
2815 9465 -18306
2816 9515 -18422
2817 9493 -18406
2818 9469 -18238
2819 9403 -18094
2820 9417 -18150
2821 9369 -18078
2822 9409 -18074
2823 9435 -18098
2824 9471 -18182
2825 9495 -18246
2826 9513 -18298
2827 9509 -18302
2828 9433 -18118
2829 9467 -18202
2830 9389 -17974
2831 9367 -17978
2832 9425 -18102
2833 9457 -18218
2834 9509 -18398
2835 9555 -18414
2836 9501 -18206
2837 9501 -18262
2838 9545 -18378
2839 9507 -18258
2840 9553 -18414
2841 9559 -18330
2842 9549 -18402
2843 9491 -18194
2844 9527 -18306
2845 9517 -18246
2846 9533 -18322
2847 9561 -18398
2848 9607 -18530
2849 9547 -18458
2850 9499 -18250
2851 9393 -18006
2852 9413 -18086
2853 9487 -18306
2854 9501 -18374
2855 9447 -18206
2856 9507 -18326
2857 9459 -18182
2858 9467 -18114
2859 9551 -18294
2860 9563 -18338
2861 9557 -18290
2862 9551 -18302
2863 9469 -18146
2864 9549 -18394
2865 9563 -18450
2866 9619 -18570
2867 9545 -18402
2868 9507 -18410
2869 9469 -18278
2870 9477 -18258
2871 9449 -18238
2872 9551 -18462
2873 9487 -18310
2874 9481 -18246
2875 9499 -18234
2876 9437 -18078
2877 9357 -17802
2878 9403 -17946
2879 9425 -18102
2880 9333 -17830
2881 9359 -17922
2882 9417 -18094
2883 9441 -18138
2884 9453 -18154
2885 9445 -18178
2886 9423 -18190
2887 9389 -18050
2888 9435 -18206
2889 9449 -18254
2890 9423 -18194
2891 9487 -18290
2892 9383 -18082
2893 9441 -18206
2894 9419 -18042
2895 9337 -17954
2896 9433 -18242
2897 9431 -18182
2898 9447 -18178
2899 9459 -18230
2900 9413 -18082
2901 9449 -18166
2902 9507 -18338
2903 9541 -18302
2904 9527 -18398
2905 9553 -18478
2906 9565 -18538
2907 9475 -18302
2908 9409 -18158
2909 9373 -18050
2910 9475 -18246
2911 9487 -18282
2912 9463 -18222
2913 9465 -18190
2914 9533 -18330
2915 9551 -18374
2916 9579 -18422
2917 9529 -18346
2918 9505 -18314
2919 9493 -18198
2920 9463 -18026
2921 9423 -17962
2922 9413 -17970
2923 9471 -18154
2924 9473 -18174
2925 9453 -18134
2926 9453 -18122
2927 9451 -18186
2928 9457 -18174
2929 9517 -18294
2930 9495 -18266
2931 9537 -18378
2932 9559 -18362
2933 9557 -18366
2934 9509 -18238
2935 9485 -18230
2936 9483 -18150
2937 9559 -18390
2938 9557 -18430
2939 9539 -18354
2940 9511 -18230
2941 9549 -18362
2942 9501 -18254
2943 9495 -18202
2944 9555 -18350
2945 9603 -18498
2946 9601 -18482
2947 9565 -18434
2948 9525 -18278
2949 9485 -18250
2950 9433 -18114
2951 9435 -18090
2952 9433 -18094
2953 9427 -18086
2954 9443 -18142
2955 9399 -18042
2956 9431 -18046
2957 9431 -18114
2958 9413 -18042
2959 9475 -18326
2960 9487 -18214
2961 9449 -18154
2962 9481 -18210
2963 9475 -18190
2964 9379 -17938
2965 9357 -17822
2966 9413 -18106
2967 9391 -18094
2968 9333 -17978
2969 9285 -17838
2970 9335 -17954
2971 9383 -18030
2972 9411 -18106
2973 9477 -18186
2974 9443 -18122
2975 9457 -18142
2976 9445 -18078
2977 9531 -18250
2978 9605 -18474
2979 9577 -18450
2980 9545 -18382
2981 9605 -18546
2982 9587 -18466
2983 9531 -18290
2984 9561 -18350
2985 9451 -18046
2986 9499 -18294
2987 9473 -18258
2988 9505 -18314
2989 9465 -18138
2990 9405 -18002
2991 9425 -18014
2992 9437 -18078
2993 9489 -18230
2994 9495 -18178
2995 9577 -18358
2996 9573 -18318
2997 9583 -18406
2998 9517 -18254
2999 9477 -18182
3000 9543 -18242
3001 9535 -18314
3002 9539 -18358
3003 9561 -18454
3004 9581 -18446
3005 9565 -18354
3006 9555 -18318
3007 9477 -18102
3008 9513 -18218
3009 9533 -18250
3010 9563 -18382
3011 9489 -18146
3012 9515 -18254
3013 9531 -18306
3014 9541 -18338
3015 9557 -18390
3016 9469 -18186
3017 9467 -18182
3018 9445 -18094
3019 9439 -18018
3020 9489 -18138
3021 9435 -18194
3022 9467 -18254
3023 9441 -18130
3024 9475 -18146
3025 9471 -18122
3026 9461 -18194
3027 9463 -18262
3028 9527 -18274
3029 9565 -18374
3030 9539 -18334
3031 9473 -18270
3032 9467 -18194
3033 9465 -18234
3034 9451 -18110
3035 9509 -18314
3036 9407 -18026
3037 9417 -18102
3038 9473 -18230
3039 9489 -18234
3040 9459 -18138
3041 9503 -18206
3042 9491 -18210
3043 9449 -18130
3044 9401 -18018
3045 9449 -18174
3046 9449 -18142
3047 9485 -18246
3048 9509 -18246
3049 9405 -17910
3050 9385 -17914
3051 9405 -18006
3052 9419 -18118
3053 9457 -18138
3054 9461 -18078
3055 9503 -18242
3056 9555 -18342
3057 9543 -18378
3058 9581 -18526
3059 9567 -18466
3060 9563 -18450
3061 9545 -18398
3062 9519 -18358
3063 9581 -18426
3064 9613 -18450
3065 9633 -18558
3066 9631 -18550
3067 9641 -18586
3068 9583 -18410
3069 9539 -18214
3070 9473 -18110
3071 9499 -18198
3072 9411 -18126
3073 9457 -18170
3074 9483 -18258
3075 9447 -18090
3076 9547 -18274
3077 9507 -18298
3078 9529 -18306
3079 9497 -18250
3080 9495 -18262
3081 9477 -18194
3082 9507 -18270
3083 9531 -18330
3084 9503 -18258
3085 9485 -18194
3086 9431 -17970
3087 9501 -18150
3088 9465 -18026
3089 9535 -18206
3090 9531 -18230
3091 9535 -18422
3092 9465 -18218
3093 9395 -18054
3094 9413 -18126
3095 9495 -18318
3096 9433 -18182
3097 9429 -18126
3098 9387 -18102
3099 9467 -18230
3100 9435 -18062
3101 9407 -18050
3102 9351 -17950
3103 9355 -17974
3104 9373 -17914
3105 9393 -17990
3106 9491 -18286
3107 9429 -18086
3108 9455 -18186
3109 9499 -18190
3110 9537 -18322
3111 9537 -18334
3112 9505 -18226
3113 9499 -18258
3114 9569 -18454
3115 9519 -18286
3116 9551 -18346
3117 9561 -18398
3118 9517 -18250
3119 9555 -18430
3120 9525 -18350
3121 9567 -18374
3122 9549 -18350
3123 9533 -18278
3124 9467 -18098
3125 9437 -18082
3126 9475 -18218
3127 9459 -18094
3128 9453 -18070
3129 9385 -17930
3130 9425 -17970
3131 9467 -18070
3132 9517 -18170
3133 9509 -18226
3134 9505 -18194
3135 9495 -18226
3136 9545 -18318
3137 9525 -18190
3138 9519 -18270
3139 9481 -18146
3140 9535 -18362
3141 9543 -18382
3142 9655 -18582
3143 9519 -18222
3144 9513 -18298
3145 9473 -18130
3146 9497 -18306
3147 9483 -18202
3148 9505 -18230
3149 9609 -18522
3150 9559 -18474
3151 9535 -18378
3152 9459 -18174
3153 9477 -18102
3154 9509 -18278
3155 9541 -18342
3156 9491 -18226
3157 9497 -18186
3158 9517 -18278
3159 9561 -18346
3160 9549 -18358
3161 9463 -18174
3162 9485 -18298
3163 9457 -18286
3164 9457 -18178
3165 9461 -18118
3166 9463 -18202
3167 9433 -18122
3168 9383 -18058
3169 9251 -17722
3170 9281 -17906
3171 9341 -18058
3172 9303 -17766
3173 9317 -17830
3174 9387 -17998
3175 9411 -18010
3176 9453 -18238
3177 9499 -18350
3178 9525 -18426
3179 9493 -18346
3180 9517 -18402
3181 9457 -18202
3182 9485 -18318
3183 9413 -18086
3184 9399 -18022
3185 9429 -17986
3186 9417 -17974
3187 9453 -18090
3188 9447 -18134
3189 9417 -18090
3190 9401 -18094
3191 9339 -17946
3192 9357 -18002
3193 9327 -17954
3194 9341 -17966
3195 9279 -17858
3196 9363 -18154
3197 9475 -18282
3198 9505 -18282
3199 9543 -18410
3200 9475 -18302
3201 9419 -18218
3202 9465 -18298
3203 9479 -18418
3204 9417 -18210
3205 9371 -18114
3206 9411 -18234
3207 9389 -18174
3208 9337 -18090
3209 9363 -18198
3210 9371 -18102
3211 9427 -18238
3212 9385 -18134
3213 9313 -17962
3214 9283 -17850
3215 9249 -17718
3216 9283 -17742
3217 9371 -17942
3218 9373 -17854
3219 9413 -17922
3220 9415 -18030
3221 9455 -18110
3222 9453 -18134
3223 9465 -18222
3224 9449 -18158
3225 9477 -18270
3226 9471 -18090
3227 9479 -18182
3228 9457 -18142
3229 9449 -18122
3230 9441 -18150
3231 9471 -18222
3232 9407 -18046
3233 9483 -18282
3234 9463 -18154
3235 9443 -18074
3236 9395 -17950
3237 9473 -18170
3238 9415 -18114
3239 9395 -18038
3240 9375 -17986
3241 9447 -18238
3242 9405 -18090
3243 9361 -18046
3244 9365 -18042
3245 9353 -17998
3246 9391 -18010
3247 9379 -18086
3248 9393 -18002
3249 9389 -18014
3250 9433 -18106
3251 9369 -17978
3252 9453 -18182
3253 9489 -18110
3254 9565 -18394
3255 9495 -18206
3256 9489 -18238
3257 9543 -18310
3258 9491 -18270
3259 9433 -18070
3260 9481 -18230
3261 9411 -18030
3262 9421 -18126
3263 9433 -18150
3264 9451 -18106
3265 9443 -18114
3266 9493 -18206
3267 9517 -18258
3268 9457 -18174
3269 9411 -18166
3270 9355 -17942
3271 9351 -17922
3272 9311 -17858
3273 9369 -18014
3274 9425 -18014
3275 9491 -18182
3276 9405 -18026
3277 9505 -18298
3278 9435 -18130
3279 9397 -18090
3280 9365 -18010
3281 9309 -17958
3282 9371 -18038
3283 9395 -18006
3284 9445 -18218
3285 9495 -18318
3286 9521 -18406
3287 9525 -18370
3288 9451 -18114
3289 9507 -18330
3290 9531 -18354
3291 9557 -18442
3292 9501 -18258
3293 9549 -18274
3294 9609 -18510
3295 9603 -18558
3296 9585 -18446
3297 9565 -18330
3298 9421 -17962
3299 9415 -17978
3300 9425 -18122
3301 9441 -17998
3302 9439 -18098
3303 9463 -18230
3304 9439 -18126
3305 9385 -17974
3306 9379 -17990
3307 9433 -18114
3308 9457 -18118
3309 9411 -18010
3310 9443 -18190
3311 9373 -17998
3312 9389 -18046
3313 9381 -17974
3314 9375 -17978
3315 9383 -17958
3316 9443 -18162
3317 9399 -18046
3318 9385 -17986
3319 9465 -18246
3320 9461 -18310
3321 9417 -18126
3322 9461 -18206
3323 9471 -18298
3324 9453 -18214
3325 9417 -18102
3326 9387 -18094
3327 9423 -18134
3328 9409 -18150
3329 9431 -18262
3330 9395 -18158
3331 9365 -18098
3332 9451 -18286
3333 9447 -18218
3334 9381 -18106
3335 9421 -18182
3336 9473 -18338
3337 9417 -18038
3338 9415 -18082
3339 9379 -17990
3340 9407 -18126
3341 9411 -18114
3342 9455 -18198
3343 9517 -18366
3344 9507 -18242
3345 9527 -18374
3346 9579 -18434
3347 9501 -18234
3348 9513 -18198
3349 9529 -18278
3350 9555 -18378
3351 9571 -18390
3352 9535 -18354
3353 9503 -18286
3354 9489 -18298
3355 9437 -18234
3356 9415 -18058
3357 9375 -17986
3358 9437 -18234
3359 9411 -18146
3360 9423 -18154
3361 9357 -18026
3362 9327 -17898
3363 9349 -17826
3364 9371 -17858
3365 9375 -17822
3366 9357 -17782
3367 9439 -17962
3368 9483 -18118
3369 9527 -18262
3370 9565 -18362
3371 9531 -18282
3372 9499 -18186
3373 9389 -17870
3374 9445 -18094
3375 9427 -18094
3376 9431 -18178
3377 9409 -18078
3378 9413 -18102
3379 9435 -18198
3380 9503 -18362
3381 9489 -18262
3382 9497 -18290
3383 9469 -18202
3384 9493 -18198
3385 9473 -18118
3386 9479 -18194
3387 9531 -18298
3388 9551 -18362
3389 9487 -18130
3390 9539 -18366
3391 9501 -18238
3392 9503 -18250
3393 9469 -18166
3394 9427 -18166
3395 9433 -18210
3396 9521 -18378
3397 9507 -18358
3398 9411 -18178
3399 9373 -17982
3400 9459 -18242
3401 9495 -18330
3402 9333 -18082
3403 9365 -18178
3404 9369 -18054
3405 9337 -17994
3406 9359 -17974
3407 9361 -17954
3408 9363 -17890
3409 9381 -17970
3410 9421 -18026
3411 9419 -18014
3412 9433 -18102
3413 9413 -18006
3414 9463 -18202
3415 9445 -18182
3416 9501 -18222
3417 9535 -18418
3418 9461 -18198
3419 9385 -18030
3420 9353 -17978
3421 9345 -17898
3422 9343 -17926
3423 9387 -18150
3424 9361 -18058
3425 9453 -18174
3426 9503 -18314
3427 9389 -18026
3428 9395 -18110
3429 9393 -18082
3430 9513 -18298
3431 9497 -18170
3432 9455 -18038
3433 9437 -18074
3434 9453 -18022
3435 9527 -18274
3436 9539 -18306
3437 9591 -18442
3438 9645 -18538
3439 9661 -18694
3440 9651 -18710
3441 9607 -18574
3442 9567 -18470
3443 9609 -18570
3444 9579 -18398
3445 9599 -18538
3446 9523 -18370
3447 9533 -18322
3448 9585 -18506
3449 9531 -18314
3450 9543 -18426
3451 9547 -18418
3452 9571 -18514
3453 9529 -18386
3454 9483 -18238
3455 9385 -18010
3456 9421 -18078
3457 9401 -18014
3458 9401 -17974
3459 9403 -18098
3460 9401 -18038
3461 9387 -18010
3462 9399 -18138
3463 9417 -18214
3464 9425 -18158
3465 9433 -18078
3466 9413 -18110
3467 9387 -18006
3468 9453 -18022
3469 9491 -18154
3470 9381 -17994
3471 9507 -18302
3472 9527 -18346
3473 9491 -18166
3474 9449 -18090
3475 9477 -18158
3476 9489 -18250
3477 9491 -18222
3478 9477 -18230
3479 9469 -18242
3480 9541 -18282
3481 9481 -18114
3482 9503 -18178
3483 9477 -18202
3484 9551 -18378
3485 9557 -18434
3486 9581 -18394
3487 9617 -18566
3488 9577 -18386
3489 9441 -18086
3490 9459 -18074
3491 9489 -18150
3492 9497 -18198
3493 9521 -18282
3494 9531 -18346
3495 9539 -18398
3496 9519 -18366
3497 9519 -18362
3498 9447 -18294
3499 9497 -18366
3500 9411 -18098
3501 9401 -17950
3502 9449 -18090
3503 9445 -18074
3504 9439 -18170
3505 9521 -18342
3506 9525 -18322
3507 9551 -18358
3508 9481 -18214
3509 9509 -18174
3510 9541 -18310
3511 9549 -18322
3512 9579 -18378
3513 9629 -18562
3514 9537 -18278
3515 9553 -18410
3516 9441 -18174
3517 9467 -18258
3518 9459 -18174
3519 9491 -18330
3520 9533 -18346
3521 9633 -18530
3522 9591 -18426
3523 9529 -18286
3524 9479 -18274
3525 9491 -18434
3526 9469 -18274
3527 9471 -18218
3528 9461 -18146
3529 9481 -18230
3530 9505 -18286
3531 9495 -18254
3532 9591 -18454
3533 9539 -18338
3534 9523 -18358
3535 9525 -18314
3536 9501 -18182
3537 9549 -18386
3538 9519 -18298
3539 9463 -18202
3540 9485 -18246
3541 9475 -18262
3542 9409 -18042
3543 9411 -17974
3544 9477 -18178
3545 9501 -18238
3546 9481 -18306
3547 9453 -18250
3548 9463 -18198
3549 9475 -18110
3550 9461 -18022
3551 9401 -17962
3552 9425 -18138
3553 9389 -17934
3554 9471 -18214
3555 9505 -18366
3556 9467 -18174
3557 9407 -18098
3558 9479 -18306
3559 9483 -18218
3560 9577 -18490
3561 9617 -18606
3562 9651 -18654
3563 9699 -18734
3564 9641 -18558
3565 9595 -18430
3566 9577 -18354
3567 9569 -18326
3568 9483 -18162
3569 9521 -18198
3570 9531 -18310
3571 9525 -18274
3572 9451 -18130
3573 9433 -18138
3574 9367 -17910
3575 9391 -18090
3576 9435 -18094
3577 9507 -18330
3578 9465 -18186
3579 9437 -18158
3580 9441 -18074
3581 9441 -18162
3582 9421 -18086
3583 9371 -17910
3584 9369 -17910
3585 9431 -18262
3586 9395 -18086
3587 9447 -18246
3588 9419 -18058
3589 9397 -17998
3590 9411 -18138
3591 9475 -18322
3592 9469 -18286
3593 9465 -18218
3594 9395 -18078
3595 9339 -17970
3596 9363 -18078
3597 9373 -18066
3598 9367 -18066
3599 9385 -18142
3600 9337 -18074
3601 9387 -18178
3602 9357 -18082
3603 9473 -18234
3604 9483 -18158
3605 9497 -18130
3606 9471 -18182
3607 9423 -18078
3608 9401 -18050
3609 9327 -17834
3610 9361 -18050
3611 9379 -18042
3612 9407 -18070
3613 9463 -18190
3614 9425 -18098
3615 9503 -18254
3616 9473 -18106
3617 9453 -18150
3618 9479 -18166
3619 9451 -18134
3620 9461 -18174
3621 9387 -18030
3622 9363 -17966
3623 9443 -18150
3624 9353 -18066
3625 9395 -18206
3626 9387 -18106
3627 9427 -18198
3628 9411 -18070
3629 9517 -18378
3630 9477 -18186
3631 9449 -18134
3632 9469 -18186
3633 9481 -18214
3634 9499 -18246
3635 9571 -18478
3636 9519 -18274
3637 9461 -18110
3638 9481 -18178
3639 9493 -18150
3640 9531 -18242
3641 9511 -18190
3642 9475 -18078
3643 9559 -18310
3644 9551 -18338
3645 9515 -18246
3646 9555 -18358
3647 9551 -18354
3648 9569 -18430
3649 9477 -18134
3650 9421 -17974
3651 9401 -17982
3652 9387 -18126
3653 9435 -18158
3654 9423 -18226
3655 9451 -18242
3656 9471 -18226
3657 9445 -18250
3658 9521 -18418
3659 9463 -18262
3660 9449 -18346
3661 9459 -18330
3662 9417 -18106
3663 9417 -18066
3664 9409 -18086
3665 9429 -18062
3666 9379 -18062
3667 9431 -18010
3668 9453 -18186
3669 9449 -18038
3670 9505 -18222
3671 9451 -18186
3672 9427 -18070
3673 9391 -18074
3674 9349 -17934
3675 9389 -18098
3676 9431 -18126
3677 9431 -18162
3678 9513 -18338
3679 9497 -18246
3680 9491 -18306
3681 9519 -18310
3682 9429 -17970
3683 9427 -18034
3684 9461 -18178
3685 9503 -18290
3686 9479 -18242
3687 9467 -18238
3688 9509 -18326
3689 9479 -18198
3690 9531 -18282
3691 9489 -18190
3692 9513 -18242
3693 9581 -18470
3694 9505 -18130
3695 9533 -18294
3696 9521 -18290
3697 9493 -18194
3698 9511 -18346
3699 9527 -18358
3700 9547 -18334
3701 9525 -18278
3702 9613 -18526
3703 9675 -18730
3704 9607 -18482
3705 9603 -18442
3706 9549 -18262
3707 9553 -18306
3708 9529 -18230
3709 9513 -18282
3710 9463 -18154
3711 9497 -18230
3712 9447 -18150
3713 9447 -18190
3714 9465 -18126
3715 9525 -18358
3716 9477 -18150
3717 9543 -18370
3718 9515 -18194
3719 9537 -18286
3720 9557 -18330
3721 9577 -18478
3722 9477 -18198
3723 9433 -18090
3724 9489 -18254
3725 9567 -18402
3726 9497 -18158
3727 9457 -18026
3728 9505 -18206
3729 9581 -18402
3730 9581 -18382
3731 9579 -18438
3732 9599 -18458
3733 9563 -18418
3734 9485 -18214
3735 9381 -17926
3736 9449 -18022
3737 9455 -18058
3738 9475 -18138
3739 9435 -18126
3740 9453 -18110
3741 9459 -18150
3742 9403 -18014
3743 9421 -17998
3744 9437 -18074
3745 9429 -17994
3746 9489 -18106
3747 9475 -18218
3748 9459 -18234
3749 9417 -18158
3750 9403 -18118
3751 9477 -18202
3752 9505 -18274
3753 9471 -18250
3754 9487 -18194
3755 9555 -18406
3756 9555 -18362
3757 9555 -18386
3758 9525 -18402
3759 9523 -18398
3760 9543 -18382
3761 9451 -18118
3762 9405 -18066
3763 9445 -18066
3764 9411 -18150
3765 9459 -18166
3766 9477 -18234
3767 9433 -18110
3768 9521 -18390
3769 9465 -18202
3770 9445 -18190
3771 9413 -17978
3772 9385 -18026
3773 9475 -18214
3774 9447 -18114
3775 9441 -18138
3776 9423 -18154
3777 9407 -18082
3778 9451 -18258
3779 9483 -18358
3780 9503 -18314
3781 9495 -18338
3782 9521 -18402
3783 9531 -18366
3784 9467 -18226
3785 9383 -18034
3786 9487 -18234
3787 9505 -18242
3788 9515 -18254
3789 9523 -18270
3790 9495 -18182
3791 9447 -18042
3792 9419 -18042
3793 9445 -18194
3794 9399 -17986
3795 9447 -18058
3796 9551 -18278
3797 9563 -18314
3798 9541 -18374
3799 9485 -18258
3800 9463 -18182
3801 9419 -18074
3802 9445 -18178
3803 9401 -17986
3804 9361 -17958
3805 9367 -17894
3806 9435 -18126
3807 9355 -17970
3808 9355 -17970
3809 9349 -17898
3810 9483 -18274
3811 9429 -18106
3812 9439 -18090
3813 9429 -18018
3814 9403 -17890
3815 9443 -18070
3816 9585 -18374
3817 9585 -18454
3818 9563 -18410
3819 9535 -18342
3820 9527 -18390
3821 9553 -18426
3822 9585 -18466
3823 9607 -18498
3824 9603 -18478
3825 9567 -18366
3826 9587 -18450
3827 9493 -18218
3828 9429 -17962
3829 9513 -18238
3830 9547 -18282
3831 9541 -18258
3832 9523 -18190
3833 9497 -18234
3834 9461 -18194
3835 9429 -18122
3836 9421 -18090
3837 9519 -18370
3838 9483 -18246
3839 9471 -18142
3840 9531 -18286
3841 9599 -18522
3842 9617 -18542
3843 9659 -18586
3844 9645 -18498
3845 9635 -18582
3846 9575 -18462
3847 9545 -18342
3848 9481 -18206
3849 9531 -18246
3850 9507 -18170
3851 9535 -18294
3852 9589 -18450
3853 9597 -18458
3854 9657 -18686
3855 9617 -18538
3856 9519 -18282
3857 9513 -18354
3858 9569 -18446
3859 9555 -18378
3860 9489 -18246
3861 9505 -18290
3862 9503 -18266
3863 9505 -18242
3864 9445 -17974
3865 9515 -18222
3866 9589 -18430
3867 9501 -18238
3868 9475 -18270
3869 9375 -18034
3870 9371 -17986
3871 9369 -18002
3872 9463 -18370
3873 9445 -18162
3874 9465 -18226
3875 9495 -18302
3876 9507 -18406
3877 9573 -18514
3878 9601 -18498
3879 9555 -18386
3880 9541 -18334
3881 9559 -18430
3882 9493 -18322
3883 9511 -18310
3884 9471 -18186
3885 9465 -18122
3886 9501 -18250
3887 9457 -18218
3888 9459 -18178
3889 9467 -18082
3890 9407 -18090
3891 9383 -18118
3892 9419 -18146
3893 9415 -18066
3894 9483 -18266
3895 9513 -18354
3896 9415 -18078
3897 9383 -18010
3898 9461 -18266
3899 9521 -18338
3900 9491 -18154
3901 9489 -18154
3902 9493 -18106
3903 9533 -18294
3904 9563 -18434
3905 9613 -18598
3906 9559 -18414
3907 9593 -18518
3908 9545 -18314
3909 9557 -18434
3910 9551 -18410
3911 9591 -18430
3912 9551 -18306
3913 9549 -18318
3914 9583 -18402
3915 9583 -18394
3916 9543 -18254
3917 9505 -18198
3918 9495 -18182
3919 9525 -18222
3920 9549 -18294
3921 9601 -18430
3922 9609 -18510
3923 9549 -18418
3924 9611 -18486
3925 9527 -18270
3926 9591 -18510
3927 9517 -18374
3928 9477 -18262
3929 9411 -18118
3930 9479 -18234
3931 9417 -18158
3932 9455 -18286
3933 9377 -18046
3934 9499 -18350
3935 9405 -18118
3936 9465 -18314
3937 9487 -18374
3938 9421 -18110
3939 9395 -18130
3940 9437 -18166
3941 9447 -18278
3942 9495 -18386
3943 9465 -18266
3944 9425 -18162
3945 9417 -18174
3946 9423 -18162
3947 9397 -18014
3948 9417 -18090
3949 9473 -18234
3950 9521 -18390
3951 9527 -18382
3952 9515 -18314
3953 9505 -18250
3954 9477 -18198
3955 9409 -18090
3956 9363 -17978
3957 9423 -18158
3958 9457 -18182
3959 9401 -18066
3960 9417 -18018
3961 9415 -18150
3962 9467 -18186
3963 9567 -18342
3964 9513 -18226
3965 9595 -18494
3966 9603 -18478
3967 9573 -18430
3968 9547 -18390
3969 9541 -18346
3970 9511 -18338
3971 9523 -18330
3972 9509 -18326
3973 9537 -18358
3974 9501 -18298
3975 9503 -18282
3976 9539 -18322
3977 9531 -18406
3978 9499 -18322
3979 9527 -18390
3980 9461 -18194
3981 9419 -18090
3982 9417 -18086
3983 9435 -18042
3984 9425 -18050
3985 9375 -18002
3986 9419 -18114
3987 9421 -18146
3988 9419 -18098
3989 9427 -18102
3990 9469 -18222
3991 9399 -17966
3992 9375 -17930
3993 9443 -18090
3994 9463 -18114
3995 9467 -18154
3996 9495 -18322
3997 9459 -18166
3998 9519 -18286
3999 9457 -18214
4000 9359 -18046
4001 9383 -17986
4002 9401 -17978
4003 9427 -18146
4004 9427 -18142
4005 9449 -18206
4006 9411 -18066
4007 9425 -18218
4008 9507 -18402
4009 9467 -18174
4010 9401 -18014
4011 9417 -18098
4012 9407 -18038
4013 9403 -18010
4014 9393 -17986
4015 9401 -18018
4016 9449 -18150
4017 9459 -18190
4018 9417 -18170
4019 9421 -18226
4020 9441 -18314
4021 9337 -17998
4022 9389 -18018
4023 9391 -17954
4024 9421 -17966
4025 9431 -18046
4026 9509 -18222
4027 9439 -18214
4028 9429 -18166
4029 9451 -18138
4030 9383 -18042
4031 9407 -18062
4032 9325 -17818
4033 9417 -18082
4034 9459 -18210
4035 9421 -18118
4036 9353 -17874
4037 9407 -18026
4038 9425 -18058
4039 9443 -18162
4040 9421 -18042
4041 9413 -18014
4042 9335 -17910
4043 9381 -18170
4044 9381 -18202
4045 9305 -17934
4046 9341 -18146
4047 9283 -18010
4048 9269 -18014
4049 9363 -18218
4050 9267 -18102
4051 9333 -18178
4052 9371 -18214
4053 9291 -17906
4054 9293 -17906
4055 9387 -18102
4056 9387 -18118
4057 9443 -18194
4058 9433 -18146
4059 9467 -18258
4060 9503 -18262
4061 9541 -18414
4062 9461 -18258
4063 9495 -18310
4064 9507 -18378
4065 9485 -18170
4066 9479 -18134
4067 9503 -18198
4068 9497 -18146
4069 9541 -18290
4070 9585 -18454
4071 9627 -18550
4072 9529 -18318
4073 9517 -18350
4074 9521 -18306
4075 9465 -18178
4076 9459 -18250
4077 9417 -18134
4078 9463 -18166
4079 9555 -18398
4080 9543 -18406
4081 9499 -18262
4082 9439 -18118
4083 9413 -18142
4084 9369 -17994
4085 9449 -18186
4086 9433 -18130
4087 9481 -18238
4088 9487 -18246
4089 9481 -18182
4090 9527 -18202
4091 9501 -18210
4092 9423 -18066
4093 9405 -18018
4094 9407 -18038
4095 9497 -18186
4096 9519 -18338
4097 9535 -18330
4098 9501 -18250
4099 9465 -18186
4100 9533 -18382
4101 9583 -18470
4102 9573 -18538
4103 9563 -18458
4104 9561 -18382
4105 9529 -18354
4106 9469 -18146
4107 9407 -18074
4108 9473 -18118
4109 9425 -18038
4110 9501 -18198
4111 9557 -18290
4112 9481 -18122
4113 9527 -18326
4114 9577 -18490
4115 9547 -18334
4116 9495 -18186
4117 9513 -18338
4118 9483 -18218
4119 9439 -18158
4120 9537 -18354
4121 9483 -18222
4122 9355 -17902
4123 9239 -17694
4124 9297 -17802
4125 9279 -17794
4126 9359 -17974
4127 9395 -18066
4128 9501 -18298
4129 9475 -18198
4130 9421 -18026
4131 9413 -18034
4132 9523 -18302
4133 9521 -18318
4134 9459 -18154
4135 9505 -18322
4136 9507 -18258
4137 9529 -18358
4138 9513 -18326
4139 9551 -18446
4140 9573 -18502
4141 9531 -18426
4142 9473 -18206
4143 9467 -18278
4144 9461 -18194
4145 9581 -18474
4146 9577 -18558
4147 9371 -17974
4148 9407 -18098
4149 9413 -18046
4150 9363 -17974
4151 9383 -18022
4152 9343 -17890
4153 9403 -18110
4154 9381 -18042
4155 9393 -18102
4156 9465 -18222
4157 9467 -18158
4158 9481 -18354
4159 9455 -18326
4160 9393 -18162
4161 9435 -18234
4162 9349 -18046
4163 9335 -17950
4164 9301 -17990
4165 9341 -18118
4166 9389 -18286
4167 9389 -18246
4168 9435 -18294
4169 9435 -18226
4170 9439 -18302
4171 9333 -18154
4172 9347 -18166
4173 9373 -18342
4174 9397 -18334
4175 9381 -18250
4176 9315 -18122
4177 9325 -18050
4178 9375 -18162
4179 9433 -18234
4180 9449 -18266
4181 9443 -18234
4182 9447 -18262
4183 9481 -18334
4184 9435 -18194
4185 9447 -18134
4186 9431 -18098
4187 9413 -18030
4188 9411 -18062
4189 9451 -18206
4190 9513 -18378
4191 9529 -18318
4192 9521 -18258
4193 9511 -18278
4194 9439 -18142
4195 9391 -18090
4196 9447 -18218
4197 9521 -18314
4198 9493 -18274
4199 9533 -18374
4200 9567 -18438
4201 9545 -18318
4202 9597 -18482
4203 9587 -18466
4204 9605 -18502
4205 9547 -18358
4206 9485 -18306
4207 9469 -18198
4208 9455 -18246
4209 9427 -18190
4210 9379 -18050
4211 9431 -18182
4212 9457 -18118
4213 9429 -18042
4214 9469 -18158
4215 9541 -18362
4216 9509 -18338
4217 9501 -18330
4218 9493 -18246
4219 9495 -18274
4220 9491 -18214
4221 9519 -18278
4222 9531 -18374
4223 9491 -18210
4224 9481 -18186
4225 9459 -18198
4226 9505 -18282
4227 9507 -18218
4228 9485 -18178
4229 9537 -18310
4230 9469 -18162
4231 9477 -18182
4232 9461 -18050
4233 9407 -18034
4234 9405 -18054
4235 9423 -18010
4236 9491 -18294
4237 9497 -18286
4238 9499 -18426
4239 9483 -18318
4240 9465 -18206
4241 9525 -18278
4242 9495 -18250
4243 9443 -18106
4244 9471 -18182
4245 9531 -18270
4246 9531 -18274
4247 9529 -18246
4248 9569 -18386
4249 9561 -18358
4250 9527 -18294
4251 9531 -18382
4252 9509 -18338
4253 9553 -18398
4254 9579 -18550
4255 9633 -18650
4256 9587 -18434
4257 9563 -18466
4258 9579 -18510
4259 9593 -18598
4260 9527 -18386
4261 9495 -18258
4262 9479 -18182
4263 9425 -18054
4264 9451 -18094
4265 9415 -18014
4266 9407 -18062
4267 9351 -17946
4268 9317 -17774
4269 9373 -17962
4270 9351 -17890
4271 9415 -18138
4272 9513 -18202
4273 9501 -18190
4274 9547 -18414
4275 9539 -18390
4276 9517 -18470
4277 9529 -18358
4278 9489 -18194
4279 9505 -18266
4280 9497 -18250
4281 9491 -18226
4282 9475 -18110
4283 9585 -18466
4284 9595 -18538
4285 9513 -18310
4286 9505 -18314
4287 9475 -18190
4288 9493 -18186
4289 9511 -18206
4290 9511 -18194
4291 9581 -18394
4292 9595 -18438
4293 9517 -18290
4294 9523 -18266
4295 9473 -18174
4296 9503 -18222
4297 9527 -18338
4298 9535 -18306
4299 9561 -18310
4300 9565 -18322
4301 9609 -18474
4302 9559 -18378
4303 9551 -18454
4304 9479 -18194
4305 9475 -18234
4306 9479 -18246
4307 9487 -18242
4308 9541 -18342
4309 9485 -18238
4310 9559 -18386
4311 9653 -18606
4312 9599 -18442
4313 9499 -18250
4314 9595 -18506
4315 9505 -18314
4316 9547 -18454
4317 9505 -18386
4318 9509 -18318
4319 9527 -18406
4320 9553 -18382
4321 9545 -18422
4322 9523 -18370
4323 9499 -18298
4324 9407 -17954
4325 9375 -17882
4326 9429 -18134
4327 9457 -18174
4328 9451 -18150
4329 9447 -18154
4330 9453 -18126
4331 9441 -18214
4332 9507 -18286
4333 9483 -18142
4334 9457 -18070
4335 9411 -18034
4336 9423 -18058
4337 9441 -18070
4338 9377 -17906
4339 9409 -18018
4340 9407 -18066
4341 9503 -18274
4342 9557 -18514
4343 9581 -18506
4344 9549 -18406
4345 9547 -18350
4346 9543 -18326
4347 9485 -18198
4348 9445 -18110
4349 9529 -18282
4350 9479 -18222
4351 9423 -18138
4352 9431 -18086
4353 9565 -18446
4354 9525 -18254
4355 9497 -18286
4356 9461 -18086
4357 9529 -18406
4358 9517 -18302
4359 9477 -18226
4360 9525 -18354
4361 9455 -18222
4362 9455 -18166
4363 9443 -18138
4364 9413 -18142
4365 9451 -18266
4366 9407 -18114
4367 9423 -18186
4368 9423 -18070
4369 9497 -18306
4370 9511 -18294
4371 9555 -18462
4372 9523 -18342
4373 9535 -18262
4374 9445 -18054
4375 9515 -18290
4376 9529 -18326
4377 9567 -18330
4378 9563 -18354
4379 9483 -18178
4380 9451 -18102
4381 9473 -18138
4382 9571 -18414
4383 9587 -18486
4384 9595 -18478
4385 9611 -18498
4386 9585 -18422
4387 9543 -18350
4388 9607 -18546
4389 9575 -18418
4390 9627 -18470
4391 9667 -18594
4392 9629 -18582
4393 9615 -18442
4394 9551 -18338
4395 9589 -18358
4396 9519 -18234
4397 9495 -18222
4398 9423 -18058
4399 9471 -18170
4400 9521 -18350
4401 9491 -18262
4402 9559 -18398
4403 9489 -18206
4404 9533 -18294
4405 9517 -18278
4406 9425 -17966
4407 9483 -18266
4408 9467 -18262
4409 9495 -18318
4410 9423 -18086
4411 9463 -18186
4412 9473 -18086
4413 9541 -18250
4414 9541 -18294
4415 9559 -18378
4416 9529 -18318
4417 9451 -18114
4418 9485 -18182
4419 9465 -18202
4420 9481 -18198
4421 9505 -18282
4422 9485 -18286
4423 9547 -18406
4424 9531 -18346
4425 9577 -18454
4426 9521 -18434
4427 9469 -18238
4428 9495 -18166
4429 9551 -18482
4430 9501 -18190
4431 9483 -18214
4432 9439 -18090
4433 9529 -18414
4434 9513 -18338
4435 9471 -18242
4436 9423 -18070
4437 9395 -18082
4438 9401 -18006
4439 9399 -18010
4440 9417 -18122
4441 9407 -18106
4442 9453 -18282
4443 9517 -18342
4444 9455 -18190
4445 9385 -18018
4446 9379 -18050
4447 9411 -18086
4448 9427 -18146
4449 9429 -18082
4450 9433 -18074
4451 9481 -18282
4452 9463 -18334
4453 9439 -18226
4454 9425 -18286
4455 9391 -18110
4456 9397 -18158
4457 9471 -18314
4458 9519 -18310
4459 9443 -18174
4460 9435 -18078
4461 9421 -17998
4462 9483 -18226
4463 9551 -18342
4464 9523 -18314
4465 9515 -18310
4466 9511 -18294
4467 9511 -18374
4468 9507 -18326
4469 9449 -18042
4470 9483 -18110
4471 9449 -18106
4472 9521 -18342
4473 9523 -18370
4474 9525 -18394
4475 9545 -18394
4476 9483 -18218
4477 9437 -18026
4478 9495 -18238
4479 9467 -18174
4480 9543 -18314
4481 9513 -18266
4482 9525 -18266
4483 9537 -18330
4484 9585 -18446
4485 9605 -18486
4486 9625 -18562
4487 9731 -18882
4488 9623 -18570
4489 9583 -18442
4490 9503 -18334
4491 9547 -18402
4492 9525 -18330
4493 9485 -18266
4494 9539 -18378
4495 9489 -18278
4496 9507 -18282
4497 9489 -18298
4498 9475 -18258
4499 9367 -18066
4500 9447 -18230
4501 9399 -18078
4502 9405 -18110
4503 9423 -18082
4504 9449 -18178
4505 9407 -18122
4506 9431 -18158
4507 9471 -18214
4508 9499 -18374
4509 9427 -18250
4510 9401 -18110
4511 9407 -18194
4512 9399 -18170
4513 9397 -18174
4514 9433 -18114
4515 9467 -18202
4516 9445 -18166
4517 9425 -18062
4518 9417 -18022
4519 9445 -18094
4520 9539 -18314
4521 9431 -18110
4522 9437 -18066
4523 9403 -18186
4524 9371 -18066
4525 9383 -18030
4526 9399 -18034
4527 9383 -18090
4528 9357 -17950
4529 9397 -18102
4530 9403 -18174
4531 9441 -18210
4532 9429 -18122
4533 9415 -17954
4534 9495 -18242
4535 9467 -18170
4536 9473 -18218
4537 9415 -18022
4538 9445 -18146
4539 9461 -18210
4540 9425 -18106
4541 9451 -18142
4542 9429 -18094
4543 9439 -18094
4544 9487 -18318
4545 9445 -18174
4546 9459 -18218
4547 9405 -18090
4548 9415 -18054
4549 9481 -18186
4550 9547 -18358
4551 9421 -18054
4552 9435 -18042
4553 9465 -18178
4554 9451 -18066
4555 9467 -18222
4556 9503 -18342
4557 9457 -18242
4558 9497 -18262
4559 9541 -18302
4560 9507 -18226
4561 9561 -18342
4562 9559 -18374
4563 9549 -18382
4564 9487 -18162
4565 9537 -18394
4566 9611 -18534
4567 9621 -18518
4568 9659 -18586
4569 9669 -18658
4570 9629 -18582
4571 9613 -18550
4572 9467 -18210
4573 9511 -18326
4574 9613 -18614
4575 9601 -18602
4576 9577 -18534
4577 9555 -18442
4578 9425 -18198
4579 9445 -18202
4580 9455 -18178
4581 9519 -18398
4582 9511 -18402
4583 9501 -18362
4584 9493 -18298
4585 9469 -18210
4586 9443 -18138
4587 9453 -18130
4588 9423 -18066
4589 9509 -18278
4590 9449 -18142
4591 9365 -17958
4592 9375 -17938
4593 9389 -17906
4594 9469 -18110
4595 9415 -17998
4596 9395 -18010
4597 9431 -18058
4598 9499 -18310
4599 9409 -18178
4600 9385 -18090
4601 9433 -18202
4602 9451 -18242
4603 9459 -18210
4604 9529 -18346
4605 9429 -18062
4606 9367 -18026
4607 9461 -18150
4608 9475 -18254
4609 9541 -18310
4610 9487 -18166
4611 9451 -18074
4612 9433 -17982
4613 9471 -18202
4614 9439 -18010
4615 9517 -18262
4616 9503 -18262
4617 9485 -18218
4618 9445 -18090
4619 9483 -18182
4620 9445 -18062
4621 9455 -18098
4622 9425 -18018
4623 9411 -18070
4624 9409 -18074
4625 9431 -18194
4626 9425 -18178
4627 9419 -18094
4628 9431 -18110
4629 9489 -18338
4630 9575 -18526
4631 9523 -18386
4632 9577 -18470
4633 9485 -18198
4634 9529 -18394
4635 9459 -18270
4636 9491 -18242
4637 9475 -18218
4638 9473 -18198
4639 9507 -18182
4640 9503 -18206
4641 9427 -18122
4642 9419 -18014
4643 9467 -18198
4644 9539 -18354
4645 9547 -18350
4646 9517 -18306
4647 9437 -18226
4648 9409 -18054
4649 9455 -18078
4650 9395 -17890
4651 9419 -18030
4652 9437 -18050
4653 9425 -18058
4654 9417 -18030
4655 9461 -18106
4656 9475 -18190
4657 9451 -18106
4658 9527 -18342
4659 9463 -18102
4660 9525 -18218
4661 9493 -18146
4662 9423 -17986
4663 9457 -18038
4664 9381 -17934
4665 9449 -18066
4666 9419 -18070
4667 9455 -18154
4668 9429 -18058
4669 9455 -18142
4670 9527 -18242
4671 9455 -18070
4672 9483 -18186
4673 9513 -18322
4674 9551 -18350
4675 9549 -18322
4676 9547 -18326
4677 9543 -18326
4678 9555 -18330
4679 9549 -18322
4680 9485 -18250
4681 9471 -18170
4682 9487 -18242
4683 9565 -18490
4684 9561 -18490
4685 9481 -18222
4686 9417 -18170
4687 9363 -18006
4688 9371 -18038
4689 9467 -18250
4690 9459 -18190
4691 9353 -17986
4692 9377 -17986
4693 9407 -18106
4694 9517 -18398
4695 9499 -18262
4696 9463 -18134
4697 9473 -18246
4698 9537 -18382
4699 9561 -18366
4700 9515 -18254
4701 9459 -18218
4702 9491 -18274
4703 9519 -18382
4704 9463 -18222
4705 9441 -18150
4706 9487 -18322
4707 9443 -18210
4708 9401 -18114
4709 9405 -18118
4710 9399 -18146
4711 9379 -18114
4712 9295 -17846
4713 9315 -17970
4714 9299 -17846
4715 9241 -17722
4716 9363 -18010
4717 9425 -18098
4718 9423 -18102
4719 9509 -18366
4720 9449 -18150
4721 9501 -18238
4722 9507 -18194
4723 9551 -18262
4724 9559 -18314
4725 9517 -18230
4726 9483 -18154
4727 9563 -18430
4728 9529 -18254
4729 9529 -18334
4730 9461 -18146
4731 9391 -17818
4732 9443 -18142
4733 9487 -18198
4734 9447 -18090
4735 9561 -18290
4736 9511 -18226
4737 9469 -18146
4738 9481 -18234
4739 9527 -18362
4740 9429 -18066
4741 9469 -18110
4742 9455 -18138
4743 9473 -18190
4744 9377 -17946
4745 9479 -18194
4746 9421 -18118
4747 9491 -18266
4748 9455 -18174
4749 9443 -18054
4750 9517 -18250
4751 9481 -18142
4752 9567 -18414
4753 9527 -18314
4754 9499 -18202
4755 9477 -18090
4756 9461 -18026
4757 9447 -18030
4758 9467 -18138
4759 9453 -18086
4760 9465 -18194
4761 9497 -18258
4762 9551 -18438
4763 9555 -18394
4764 9551 -18318
4765 9499 -18210
4766 9449 -18082
4767 9423 -17974
4768 9495 -18206
4769 9481 -18206
4770 9459 -18194
4771 9495 -18246
4772 9561 -18358
4773 9457 -18134
4774 9419 -18118
4775 9521 -18322
4776 9419 -18134
4777 9387 -18022
4778 9445 -18190
4779 9443 -18210
4780 9395 -18030
4781 9425 -18222
4782 9397 -18146
4783 9385 -17978
4784 9433 -18054
4785 9389 -17958
4786 9381 -17978
4787 9441 -18122
4788 9567 -18454
4789 9525 -18302
4790 9447 -18166
4791 9383 -17998
4792 9475 -18198
4793 9433 -18142
4794 9387 -18014
4795 9385 -18078
4796 9417 -18134
4797 9513 -18338
4798 9543 -18346
4799 9551 -18462
4800 9443 -18190
4801 9487 -18294
4802 9431 -18138
4803 9501 -18254
4804 9457 -18194
4805 9557 -18482
4806 9561 -18350
4807 9563 -18402
4808 9511 -18302
4809 9487 -18262
4810 9393 -18022
4811 9333 -17878
4812 9347 -17942
4813 9453 -18146
4814 9429 -18138
4815 9377 -18066
4816 9407 -18042
4817 9409 -17938
4818 9435 -18134
4819 9421 -18062
4820 9491 -18294
4821 9557 -18314
4822 9505 -18194
4823 9521 -18258
4824 9511 -18214
4825 9515 -18222
4826 9443 -18010
4827 9481 -18210
4828 9543 -18378
4829 9555 -18318
4830 9589 -18438
4831 9585 -18398
4832 9587 -18398
4833 9515 -18218
4834 9491 -18194
4835 9477 -18150
4836 9511 -18170
4837 9507 -18274
4838 9559 -18266
4839 9563 -18422
4840 9543 -18374
4841 9517 -18350
4842 9477 -18218
4843 9453 -18174
4844 9421 -17998
4845 9477 -18114
4846 9467 -18186
4847 9453 -18098
4848 9451 -18190
4849 9465 -18258
4850 9477 -18318
4851 9503 -18322
4852 9429 -18182
4853 9457 -18326
4854 9443 -18314
4855 9417 -18186
4856 9467 -18274
4857 9455 -18190
4858 9439 -18134
4859 9465 -18270
4860 9437 -18082
4861 9409 -18058
4862 9451 -18262
4863 9513 -18330
4864 9481 -18154
4865 9515 -18238
4866 9553 -18342
4867 9589 -18526
4868 9453 -18234
4869 9445 -18178
4870 9493 -18258
4871 9525 -18274
4872 9537 -18378
4873 9493 -18198
4874 9521 -18258
4875 9571 -18414
4876 9541 -18314
4877 9509 -18298
4878 9535 -18446
4879 9517 -18354
4880 9545 -18442
4881 9559 -18466
4882 9575 -18486
4883 9489 -18258
4884 9575 -18394
4885 9549 -18394
4886 9515 -18266
4887 9555 -18366
4888 9485 -18278
4889 9455 -18170
4890 9465 -18170
4891 9383 -17966
4892 9457 -18142
4893 9493 -18190
4894 9533 -18374
4895 9511 -18250
4896 9505 -18230
4897 9449 -18146
4898 9449 -18138
4899 9477 -18134
4900 9431 -18006
4901 9431 -18042
4902 9431 -18082
4903 9373 -17994
4904 9453 -18246
4905 9341 -18086
4906 9447 -18318
4907 9427 -18182
4908 9391 -18130
4909 9387 -18082
4910 9401 -18126
4911 9395 -18118
4912 9461 -18274
4913 9425 -18170
4914 9451 -18266
4915 9469 -18170
4916 9411 -17994
4917 9373 -17962
4918 9397 -18006
4919 9457 -18154
4920 9463 -18226
4921 9477 -18250
4922 9501 -18270
4923 9457 -18226
4924 9483 -18210
4925 9427 -18094
4926 9395 -18066
4927 9333 -17974
4928 9377 -18030
4929 9299 -17798
4930 9293 -17822
4931 9243 -17654
4932 9241 -17702
4933 9231 -17690
4934 9317 -17882
4935 9357 -18086
4936 9357 -18066
4937 9433 -18146
4938 9467 -18154
4939 9473 -18210
4940 9531 -18326
4941 9509 -18230
4942 9547 -18430
4943 9461 -18250
4944 9497 -18290
4945 9527 -18322
4946 9493 -18178
4947 9533 -18366
4948 9517 -18178
4949 9493 -18186
4950 9483 -18198
4951 9385 -17890
4952 9419 -18102
4953 9429 -18202
4954 9505 -18262
4955 9507 -18330
4956 9391 -18054
4957 9413 -18130
4958 9461 -18246
4959 9515 -18398
4960 9495 -18314
4961 9531 -18418
4962 9507 -18294
4963 9461 -18178
4964 9473 -18178
4965 9519 -18246
4966 9457 -18102
4967 9445 -18150
4968 9449 -18158
4969 9349 -17898
4970 9433 -18062
4971 9381 -18010
4972 9403 -18030
4973 9373 -18030
4974 9359 -18090
4975 9349 -18058
4976 9379 -18126
4977 9347 -17954
4978 9385 -18126
4979 9403 -18110
4980 9403 -18082
4981 9403 -18122
4982 9433 -18090
4983 9427 -18050
4984 9477 -18158
4985 9531 -18318
4986 9541 -18350
4987 9561 -18462
4988 9597 -18558
4989 9625 -18514
4990 9635 -18586
4991 9617 -18498
4992 9633 -18606
4993 9571 -18410
4994 9499 -18282
4995 9477 -18206
4996 9431 -18166
4997 9379 -18002
4998 9391 -18106
4999 9427 -18170
5000 9505 -18390
5001 9453 -18170
5002 9501 -18298
5003 9479 -18298
5004 9459 -18222
5005 9435 -18290
5006 9467 -18314
5007 9437 -18178
5008 9429 -18134
5009 9539 -18410
5010 9543 -18402
5011 9479 -18258
5012 9437 -18018
5013 9417 -18002
5014 9467 -18134
5015 9503 -18226
5016 9601 -18446
5017 9569 -18322
5018 9547 -18306
5019 9547 -18370
5020 9527 -18386
5021 9499 -18222
5022 9497 -18166
5023 9537 -18350
5024 9559 -18430
5025 9583 -18546
5026 9507 -18330
5027 9527 -18366
5028 9495 -18286
5029 9487 -18362
5030 9439 -18346
5031 9451 -18262
5032 9451 -18210
5033 9377 -18098
5034 9477 -18370
5035 9425 -18198
5036 9401 -18118
5037 9449 -18266
5038 9413 -18230
5039 9495 -18306
5040 9437 -18110
5041 9441 -18202
5042 9429 -18218
5043 9443 -18238
5044 9421 -18130
5045 9373 -18030
5046 9457 -18246
5047 9495 -18270
5048 9519 -18422
5049 9483 -18294
5050 9543 -18430
5051 9533 -18310
5052 9567 -18450
5053 9567 -18446
5054 9547 -18306
5055 9575 -18466
5056 9557 -18414
5057 9475 -18266
5058 9547 -18398
5059 9535 -18342
5060 9531 -18330
5061 9541 -18342
5062 9533 -18318
5063 9533 -18282
5064 9551 -18326
5065 9517 -18242
5066 9481 -18222
5067 9483 -18190
5068 9469 -18214
5069 9481 -18254
5070 9483 -18258
5071 9483 -18318
5072 9507 -18322
5073 9471 -18210
5074 9477 -18330
5075 9511 -18358
5076 9569 -18510
5077 9519 -18390
5078 9497 -18378
5079 9479 -18370
5080 9477 -18254
5081 9463 -18250
5082 9469 -18278
5083 9449 -18178
5084 9457 -18162
5085 9373 -18002
5086 9391 -18038
5087 9423 -18066
5088 9449 -18162
5089 9335 -17830
5090 9343 -17778
5091 9429 -18022
5092 9451 -18182
5093 9513 -18194
5094 9507 -18202
5095 9569 -18310
5096 9555 -18378
5097 9567 -18358
5098 9561 -18354
5099 9537 -18334
5100 9513 -18290
5101 9543 -18410
5102 9557 -18450
5103 9511 -18294
5104 9505 -18362
5105 9509 -18314
5106 9587 -18510
5107 9557 -18462
5108 9543 -18358
5109 9497 -18278
5110 9515 -18254
5111 9569 -18386
5112 9591 -18478
5113 9659 -18626
5114 9659 -18662
5115 9563 -18398
5116 9573 -18422
5117 9551 -18406
5118 9575 -18510
5119 9451 -18166
5120 9503 -18210
5121 9455 -18126
5122 9401 -17970
5123 9469 -18154
5124 9529 -18358
5125 9489 -18202
5126 9465 -18174
5127 9509 -18202
5128 9453 -18066
5129 9441 -18030
5130 9481 -18170
5131 9419 -17934
5132 9479 -18106
5133 9431 -18082
5134 9457 -18162
5135 9517 -18322
5136 9497 -18234
5137 9529 -18278
5138 9459 -18270
5139 9469 -18266
5140 9529 -18374
5141 9535 -18326
5142 9505 -18270
5143 9531 -18310
5144 9541 -18398
5145 9487 -18290
5146 9527 -18322
5147 9605 -18442
5148 9581 -18470
5149 9511 -18218
5150 9519 -18278
5151 9515 -18262
5152 9439 -18086
5153 9421 -18086
5154 9479 -18190
5155 9453 -18178
5156 9509 -18230
5157 9505 -18294
5158 9533 -18382
5159 9551 -18426
5160 9541 -18430
5161 9505 -18314
5162 9477 -18302
5163 9441 -18150
5164 9473 -18370
5165 9431 -18046
5166 9439 -18250
5167 9443 -18302
5168 9395 -18162
5169 9399 -18154
5170 9395 -18086
5171 9299 -17818
5172 9323 -17906
5173 9425 -18106
5174 9471 -18146
5175 9511 -18226
5176 9487 -18134
5177 9491 -18122
5178 9513 -18210
5179 9563 -18370
5180 9577 -18362
5181 9555 -18414
5182 9591 -18418
5183 9559 -18366
5184 9607 -18466
5185 9579 -18374
5186 9483 -18186
5187 9463 -18086
5188 9499 -18222
5189 9441 -18062
5190 9467 -18106
5191 9415 -17946
5192 9479 -18150
5193 9443 -17978
5194 9475 -18134
5195 9479 -18186
5196 9439 -18114
5197 9447 -18138
5198 9415 -18026
5199 9511 -18242
5200 9475 -18090
5201 9447 -18018
5202 9483 -18114
5203 9463 -18086
5204 9415 -17998
5205 9445 -18118
5206 9491 -18230
5207 9447 -18150
5208 9353 -18090
5209 9413 -18130
5210 9451 -18098
5211 9515 -18318
5212 9529 -18306
5213 9525 -18246
5214 9485 -18178
5215 9437 -18134
5216 9441 -18086
5217 9463 -18102
5218 9485 -18166
5219 9481 -18186
5220 9531 -18310
5221 9547 -18318
5222 9575 -18402
5223 9531 -18298
5224 9445 -18042
5225 9475 -18090
5226 9499 -18286
5227 9521 -18302
5228 9479 -18138
5229 9493 -18206
5230 9513 -18206
5231 9499 -18170
5232 9531 -18278
5233 9493 -18182
5234 9473 -18118
5235 9505 -18274
5236 9537 -18362
5237 9507 -18210
5238 9525 -18306
5239 9473 -18158
5240 9513 -18274
5241 9509 -18282
5242 9529 -18382
5243 9433 -18102
5244 9485 -18210
5245 9467 -18046
5246 9523 -18346
5247 9479 -18190
5248 9477 -18246
5249 9457 -18226
5250 9487 -18266
5251 9495 -18338
5252 9431 -18078
5253 9335 -17850
5254 9385 -17906
5255 9421 -18014
5256 9465 -18090
5257 9509 -18234
5258 9565 -18258
5259 9563 -18378
5260 9497 -18218
5261 9515 -18282
5262 9549 -18346
5263 9541 -18374
5264 9473 -18098
5265 9415 -18074
5266 9429 -18038
5267 9459 -18146
5268 9501 -18302
5269 9557 -18410
5270 9523 -18266
5271 9551 -18366
5272 9513 -18254
5273 9541 -18226
5274 9575 -18394
5275 9579 -18526
5276 9505 -18290
5277 9527 -18266
5278 9467 -18154
5279 9475 -18146
5280 9491 -18138
5281 9567 -18370
5282 9671 -18646
5283 9645 -18578
5284 9621 -18494
5285 9577 -18378
5286 9575 -18346
5287 9545 -18314
5288 9519 -18274
5289 9475 -18150
5290 9475 -18158
5291 9463 -18182
5292 9465 -18202
5293 9533 -18306
5294 9479 -18178
5295 9537 -18334
5296 9523 -18290
5297 9569 -18386
5298 9607 -18410
5299 9579 -18414
5300 9467 -18082
5301 9461 -18110
5302 9427 -18170
5303 9463 -18094
5304 9447 -18110
5305 9431 -18198
5306 9353 -17990
5307 9417 -18214
5308 9371 -18078
5309 9387 -18038
5310 9391 -18130
5311 9367 -18098
5312 9413 -18226
5313 9429 -18186
5314 9469 -18302
5315 9423 -18222
5316 9363 -18134
5317 9321 -18110
5318 9329 -18046
5319 9401 -18118
5320 9407 -18194
5321 9449 -18190
5322 9417 -18206
5323 9381 -18130
5324 9355 -18158
5325 9333 -17962
5326 9309 -17898
5327 9319 -18090
5328 9319 -18006
5329 9375 -18050
5330 9435 -18126
5331 9443 -18146
5332 9467 -18222
5333 9509 -18430
5334 9545 -18450
5335 9579 -18474
5336 9499 -18302
5337 9477 -18290
5338 9525 -18310
5339 9525 -18298
5340 9505 -18286
5341 9477 -18102
5342 9437 -18094
5343 9423 -18074
5344 9415 -18042
5345 9441 -18106
5346 9493 -18254
5347 9437 -18134
5348 9451 -18106
5349 9413 -18130
5350 9475 -18278
5351 9395 -18058
5352 9339 -17974
5353 9319 -17970
5354 9237 -17842
5355 9221 -17814
5356 9233 -17866
5357 9227 -17822
5358 9265 -18022
5359 9239 -17918
5360 9317 -18082
5361 9293 -17998
5362 9293 -17822
5363 9371 -18078
5364 9339 -17990
5365 9363 -18038
5366 9417 -18106
5367 9469 -18214
5368 9393 -17966
5369 9441 -18154
5370 9463 -18154
5371 9507 -18294
5372 9463 -18222
5373 9459 -18186
5374 9397 -17982
5375 9455 -18138
5376 9441 -18182
5377 9465 -18190
5378 9429 -18138
5379 9425 -18210
5380 9377 -18162
5381 9381 -18166
5382 9409 -18114
5383 9437 -18258
5384 9401 -18154
5385 9419 -18198
5386 9435 -18194
5387 9461 -18226
5388 9513 -18290
5389 9525 -18286
5390 9401 -17954
5391 9393 -18098
5392 9445 -18222
5393 9441 -18186
5394 9397 -18126
5395 9385 -18154
5396 9403 -18174
5397 9387 -18082
5398 9379 -18082
5399 9313 -17926
5400 9313 -17922
5401 9313 -18154
5402 9275 -18030
5403 9221 -17954
5404 9317 -18134
5405 9335 -18214
5406 9321 -18194
5407 9245 -18006
5408 9315 -18090
5409 9331 -18166
5410 9337 -18114
5411 9349 -18090
5412 9343 -18050
5413 9353 -18002
5414 9363 -18114
5415 9323 -18014
5416 9345 -18030
5417 9353 -17938
5418 9443 -18130
5419 9457 -18138
5420 9443 -17966
5421 9465 -18122
5422 9413 -17994
5423 9453 -18122
5424 9495 -18274
5425 9503 -18174
5426 9547 -18362
5427 9575 -18442
5428 9559 -18418
5429 9521 -18382
5430 9537 -18450
5431 9515 -18366
5432 9527 -18306
5433 9563 -18382
5434 9521 -18274
5435 9515 -18314
5436 9461 -18154
5437 9489 -18186
5438 9417 -18030
5439 9383 -17954
5440 9295 -17858
5441 9269 -17694
5442 9375 -17966
5443 9477 -18226
5444 9451 -18154
5445 9371 -18030
5446 9389 -18190
5447 9341 -18066
5448 9345 -17974
5449 9375 -17990
5450 9335 -17806
5451 9353 -18014
5452 9337 -18022
5453 9367 -18070
5454 9321 -17966
5455 9387 -18114
5456 9459 -18270
5457 9409 -18118
5458 9423 -18094
5459 9469 -18206
5460 9473 -18298
5461 9527 -18406
5462 9457 -18178
5463 9483 -18286
5464 9429 -18062
5465 9417 -18110
5466 9439 -18194
5467 9407 -18046
5468 9409 -18162
5469 9429 -18166
5470 9461 -18210
5471 9467 -18146
5472 9511 -18278
5473 9445 -18054
5474 9405 -18074
5475 9475 -18214
5476 9521 -18230
5477 9519 -18306
5478 9469 -18078
5479 9419 -18038
5480 9425 -18074
5481 9533 -18374
5482 9447 -18218
5483 9453 -18142
5484 9425 -18074
5485 9389 -18030
5486 9365 -18054
5487 9331 -18010
5488 9349 -18058
5489 9349 -18082
5490 9373 -18202
5491 9437 -18350
5492 9411 -18226
5493 9351 -18162
5494 9413 -18202
5495 9441 -18298
5496 9399 -18134
5497 9439 -18146
5498 9343 -17942
5499 9379 -18058
5500 9421 -18214
5501 9507 -18358
5502 9509 -18338
5503 9479 -18274
5504 9509 -18362
5505 9459 -18222
5506 9429 -18170
5507 9419 -18090
5508 9375 -17966
5509 9383 -18042
5510 9441 -18090
5511 9437 -18130
5512 9365 -17994
5513 9447 -18166
5514 9439 -18194
5515 9393 -18142
5516 9413 -18126
5517 9365 -17942
5518 9409 -18182
5519 9387 -18078
5520 9467 -18250
5521 9427 -18094
5522 9489 -18162
5523 9519 -18150
5524 9461 -18090
5525 9485 -18114
5526 9415 -18058
5527 9507 -18174
5528 9485 -18122
5529 9515 -18258
5530 9443 -18106
5531 9461 -18122
5532 9463 -18190
5533 9485 -18162
5534 9527 -18274
5535 9459 -18142
5536 9413 -18094
5537 9411 -18070
5538 9375 -17982
5539 9433 -18138
5540 9471 -18218
5541 9441 -18206
5542 9369 -18018
5543 9375 -17970
5544 9457 -18230
5545 9423 -18114
5546 9389 -18022
5547 9395 -17994
5548 9433 -18098
5549 9407 -18070
5550 9415 -18090
5551 9421 -18166
5552 9377 -18206
5553 9449 -18310
5554 9457 -18250
5555 9465 -18234
5556 9429 -18042
5557 9495 -18242
5558 9509 -18362
5559 9545 -18370
5560 9515 -18354
5561 9479 -18206
5562 9505 -18290
5563 9501 -18286
5564 9445 -18122
5565 9465 -18162
5566 9419 -18126
5567 9445 -18130
5568 9399 -18006
5569 9397 -18054
5570 9443 -18094
5571 9389 -17934
5572 9369 -17950
5573 9389 -17994
5574 9331 -17914
5575 9423 -18082
5576 9491 -18238
5577 9589 -18510
5578 9611 -18558
5579 9523 -18290
5580 9505 -18318
5581 9505 -18182
5582 9495 -18166
5583 9525 -18278
5584 9583 -18502
5585 9557 -18402
5586 9537 -18434
5587 9475 -18126
5588 9477 -18178
5589 9461 -18082
5590 9419 -18054
5591 9477 -18206
5592 9545 -18310
5593 9551 -18378
5594 9559 -18358
5595 9553 -18354
5596 9543 -18274
5597 9571 -18398
5598 9575 -18434
5599 9587 -18446
5600 9567 -18382
5601 9605 -18530
5602 9555 -18354
5603 9467 -18142
5604 9459 -18118
5605 9459 -18122
5606 9441 -18142
5607 9519 -18394
5608 9513 -18322
5609 9555 -18410
5610 9553 -18406
5611 9439 -18142
5612 9449 -18126
5613 9405 -18046
5614 9397 -18118
5615 9461 -18386
5616 9475 -18274
5617 9471 -18294
5618 9461 -18178
5619 9427 -18070
5620 9403 -17934
5621 9397 -17922
5622 9441 -18126
5623 9475 -18222
5624 9341 -17834
5625 9325 -17966
5626 9303 -17862
5627 9427 -18066
5628 9339 -17826
5629 9427 -18034
5630 9457 -18138
5631 9505 -18286
5632 9543 -18418
5633 9515 -18318
5634 9637 -18642
5635 9551 -18430
5636 9467 -18242
5637 9445 -18146
5638 9491 -18214
5639 9423 -18066
5640 9443 -18134
5641 9519 -18250
5642 9499 -18262
5643 9455 -18174
5644 9521 -18278
5645 9481 -18246
5646 9485 -18266
5647 9527 -18266
5648 9493 -18182
5649 9413 -17986
5650 9377 -17898
5651 9335 -17814
5652 9337 -17938
5653 9327 -17850
5654 9325 -17814
5655 9335 -17898
5656 9319 -17910
5657 9341 -17978
5658 9377 -17942
5659 9455 -18226
5660 9501 -18298
5661 9487 -18230
5662 9489 -18210
5663 9585 -18502
5664 9581 -18430
5665 9591 -18538
5666 9519 -18318
5667 9521 -18294
5668 9489 -18302
5669 9527 -18358
5670 9533 -18382
5671 9529 -18330
5672 9483 -18258
5673 9429 -18090
5674 9441 -18106
5675 9523 -18366
5676 9471 -18138
5677 9517 -18334
5678 9441 -18102
5679 9475 -18162
5680 9515 -18250
5681 9443 -18066
5682 9469 -18138
5683 9479 -18230
5684 9491 -18222
5685 9489 -18118
5686 9479 -18154
5687 9559 -18342
5688 9559 -18366
5689 9591 -18438
5690 9613 -18490
5691 9625 -18550
5692 9547 -18266
5693 9557 -18314
5694 9483 -18226
5695 9481 -18254
5696 9447 -18086
5697 9409 -17942
5698 9449 -18146
5699 9459 -18182
5700 9459 -18054
5701 9471 -18194
5702 9461 -18190
5703 9521 -18346
5704 9485 -18190
5705 9539 -18326
5706 9467 -18186
5707 9413 -18042
5708 9449 -18162
5709 9455 -18258
5710 9511 -18346
5711 9495 -18362
5712 9463 -18230
5713 9473 -18182
5714 9495 -18302
5715 9529 -18370
5716 9505 -18330
5717 9515 -18362
5718 9489 -18318
5719 9405 -18118
5720 9449 -18142
5721 9443 -18226
5722 9383 -18042
5723 9371 -18026
5724 9337 -18066
5725 9413 -18182
5726 9395 -18118
5727 9487 -18270
5728 9473 -18238
5729 9535 -18450
5730 9465 -18230
5731 9377 -18034
5732 9387 -18038
5733 9379 -18146
5734 9421 -18246
5735 9341 -18026
5736 9369 -18050
5737 9345 -18066
5738 9413 -18186
5739 9429 -18242
5740 9483 -18326
5741 9411 -18198
5742 9387 -18154
5743 9453 -18234
5744 9459 -18214
5745 9537 -18486
5746 9563 -18418
5747 9503 -18194
5748 9505 -18126
5749 9517 -18142
5750 9507 -18234
5751 9555 -18294
5752 9539 -18298
5753 9441 -18046
5754 9393 -17894
5755 9407 -18022
5756 9419 -18166
5757 9467 -18158
5758 9519 -18278
5759 9493 -18218
5760 9523 -18334
5761 9439 -18170
5762 9417 -18106
5763 9483 -18226
5764 9437 -18098
5765 9449 -18086
5766 9463 -18114
5767 9551 -18346
5768 9531 -18278
5769 9499 -18270
5770 9463 -18158
5771 9447 -18102
5772 9407 -18030
5773 9335 -17962
5774 9195 -17606
5775 9251 -17678
5776 9345 -17922
5777 9353 -17906
5778 9337 -17806
5779 9381 -17974
5780 9407 -18074
5781 9463 -18170
5782 9541 -18330
5783 9537 -18318
5784 9565 -18350
5785 9567 -18450
5786 9481 -18302
5787 9479 -18178
5788 9417 -18054
5789 9477 -18314
5790 9481 -18314
5791 9445 -18146
5792 9451 -18162
5793 9541 -18342
5794 9491 -18210
5795 9475 -18182
5796 9449 -18062
5797 9417 -17982
5798 9421 -18122
5799 9389 -18050
5800 9359 -17986
5801 9391 -18074
5802 9363 -18002
5803 9393 -18202
5804 9447 -18146
5805 9387 -18042
5806 9381 -17922
5807 9405 -18138
5808 9401 -18062
5809 9379 -18066
5810 9477 -18298
5811 9381 -18146
5812 9337 -17978
5813 9403 -18122
5814 9347 -18034
5815 9287 -17938
5816 9289 -18042
5817 9301 -17982
5818 9315 -18038
5819 9269 -17814
5820 9291 -17946
5821 9331 -18062
5822 9425 -18186
5823 9391 -18106
5824 9401 -18162
5825 9425 -18154
5826 9429 -18166
5827 9437 -18230
5828 9471 -18198
5829 9467 -18234
5830 9505 -18322
5831 9475 -18266
5832 9473 -18250
5833 9433 -18110
5834 9513 -18258
5835 9389 -17962
5836 9459 -18162
5837 9477 -18210
5838 9471 -18222
5839 9405 -18074
5840 9393 -18066
5841 9337 -18026
5842 9323 -18022
5843 9417 -18250
5844 9365 -18086
5845 9435 -18210
5846 9445 -18234
5847 9457 -18250
5848 9469 -18290
5849 9399 -18106
5850 9275 -17830
5851 9285 -17994
5852 9323 -17978
5853 9261 -17762
5854 9285 -17790
5855 9345 -18014
5856 9359 -17974
5857 9407 -17986
5858 9409 -18010
5859 9425 -18050
5860 9359 -17902
5861 9333 -17830
5862 9347 -17902
5863 9455 -18202
5864 9423 -18142
5865 9457 -18126
5866 9503 -18306
5867 9461 -18146
5868 9503 -18334
5869 9525 -18458
5870 9517 -18370
5871 9519 -18402
5872 9525 -18314
5873 9491 -18242
5874 9433 -18170
5875 9419 -18034
5876 9423 -18142
5877 9367 -17982
5878 9413 -18054
5879 9411 -18050
5880 9461 -18110
5881 9455 -18146
5882 9413 -18158
5883 9433 -18022
5884 9471 -18186
5885 9515 -18242
5886 9511 -18182
5887 9481 -18146
5888 9529 -18238
5889 9463 -18062
5890 9469 -18154
5891 9491 -18218
5892 9509 -18218
5893 9509 -18250
5894 9583 -18430
5895 9611 -18442
5896 9549 -18386
5897 9497 -18262
5898 9433 -18126
5899 9445 -18142
5900 9481 -18254
5901 9477 -18206
5902 9471 -18146
5903 9493 -18146
5904 9495 -18154
5905 9479 -18078
5906 9437 -17986
5907 9429 -17974
5908 9523 -18234
5909 9503 -18210
5910 9537 -18290
5911 9515 -18306
5912 9473 -18194
5913 9429 -18078
5914 9397 -17970
5915 9395 -18066
5916 9461 -18174
5917 9463 -18210
5918 9487 -18234
5919 9497 -18234
5920 9487 -18210
5921 9481 -18166
5922 9595 -18450
5923 9625 -18578
5924 9557 -18406
5925 9515 -18254
5926 9533 -18318
5927 9497 -18262
5928 9551 -18278
5929 9559 -18382
5930 9475 -18162
5931 9465 -18338
5932 9461 -18302
5933 9391 -18114
5934 9405 -18090
5935 9451 -18258
5936 9389 -18170
5937 9369 -18078
5938 9381 -18034
5939 9337 -17938
5940 9373 -18126
5941 9365 -17998
5942 9445 -18182
5943 9419 -18070
5944 9387 -17966
5945 9341 -17774
5946 9351 -17826
5947 9381 -17978
5948 9405 -18022
5949 9427 -18110
5950 9427 -18038
5951 9387 -17938
5952 9397 -18038
5953 9385 -17974
5954 9453 -18118
5955 9427 -18078
5956 9465 -18110
5957 9591 -18418
5958 9609 -18430
5959 9537 -18262
5960 9533 -18222
5961 9529 -18294
5962 9565 -18414
5963 9601 -18502
5964 9515 -18330
5965 9505 -18346
5966 9503 -18314
5967 9527 -18486
5968 9517 -18334
5969 9483 -18202
5970 9485 -18218
5971 9509 -18286
5972 9425 -18006
5973 9485 -18198
5974 9475 -18222
5975 9545 -18386
5976 9491 -18206
5977 9467 -18094
5978 9393 -17994
5979 9503 -18258
5980 9517 -18258
5981 9501 -18234
5982 9587 -18434
5983 9563 -18350
5984 9553 -18402
5985 9393 -18134
5986 9307 -17898
5987 9295 -17882
5988 9457 -18146
5989 9487 -18322
5990 9549 -18418
5991 9481 -18250
5992 9491 -18274
5993 9505 -18282
5994 9501 -18302
5995 9439 -17986
5996 9503 -18162
5997 9519 -18222
5998 9473 -18138
5999 9439 -18026
6000 9453 -18170
6001 9419 -18010
6002 9463 -18178
6003 9417 -18034
6004 9471 -18182
6005 9519 -18278
6006 9525 -18310
6007 9543 -18358
6008 9547 -18390
6009 9505 -18166
6010 9511 -18298
6011 9587 -18490
6012 9529 -18414
6013 9515 -18390
6014 9467 -18206
6015 9339 -17878
6016 9411 -18062
6017 9505 -18326
6018 9595 -18522
6019 9551 -18438
6020 9535 -18378
6021 9583 -18562
6022 9545 -18422
6023 9481 -18182
6024 9551 -18362
6025 9501 -18286
6026 9481 -18266
6027 9475 -18310
6028 9469 -18258
6029 9529 -18282
6030 9513 -18258
6031 9513 -18258
6032 9517 -18346
6033 9455 -18198
6034 9437 -18114
6035 9395 -17994
6036 9427 -18058
6037 9403 -18018
6038 9429 -18022
6039 9413 -18006
6040 9449 -18118
6041 9461 -18142
6042 9469 -18202
6043 9551 -18338
6044 9527 -18290
6045 9531 -18314
6046 9529 -18250
6047 9579 -18478
6048 9589 -18470
6049 9497 -18262
6050 9459 -18118
6051 9459 -18154
6052 9525 -18282
6053 9525 -18262
6054 9573 -18450
6055 9489 -18158
6056 9533 -18298
6057 9465 -18102
6058 9547 -18294
6059 9569 -18478
6060 9523 -18354
6061 9549 -18278
6062 9501 -18206
6063 9455 -18166
6064 9423 -18078
6065 9301 -17818
6066 9413 -18122
6067 9445 -18218
6068 9415 -18210
6069 9431 -18282
6070 9443 -18214
6071 9505 -18442
6072 9473 -18254
6073 9511 -18330
6074 9503 -18302
6075 9505 -18286
6076 9515 -18178
6077 9497 -18238
6078 9519 -18262
6079 9511 -18254
6080 9491 -18194
6081 9477 -18214
6082 9519 -18394
6083 9485 -18234
6084 9511 -18318
6085 9455 -18170
6086 9485 -18190
6087 9537 -18322
6088 9603 -18478
6089 9611 -18450
6090 9515 -18206
6091 9531 -18326
6092 9535 -18282
6093 9509 -18278
6094 9433 -18018
6095 9437 -18098
6096 9489 -18246
6097 9391 -17966
6098 9489 -18218
6099 9531 -18350
6100 9527 -18314
6101 9589 -18470
6102 9581 -18454
6103 9545 -18258
6104 9597 -18354
6105 9507 -18238
6106 9473 -18162
6107 9497 -18142
6108 9533 -18278
6109 9597 -18414
6110 9537 -18258
6111 9521 -18274
6112 9405 -17986
6113 9449 -18038
6114 9469 -18090
6115 9449 -18234
6116 9427 -18210
6117 9317 -17970
6118 9293 -17802
6119 9329 -17958
6120 9361 -18018
6121 9411 -18114
6122 9443 -18154
6123 9465 -18166
6124 9445 -18058
6125 9465 -18182
6126 9423 -18002
6127 9387 -17982
6128 9369 -17890
6129 9345 -17954
6130 9371 -17998
6131 9403 -18066
6132 9355 -18066
6133 9399 -18098
6134 9449 -18142
6135 9481 -18326
6136 9445 -18154
6137 9467 -18138
6138 9397 -17902
6139 9435 -18066
6140 9435 -18138
6141 9471 -18254
6142 9537 -18386
6143 9543 -18382
6144 9523 -18342
6145 9513 -18330
6146 9517 -18358
6147 9445 -18114
6148 9459 -18134
6149 9417 -17946
6150 9469 -18082
6151 9505 -18206
6152 9539 -18446
6153 9487 -18266
6154 9471 -18226
6155 9573 -18454
6156 9559 -18322
6157 9617 -18458
6158 9581 -18390
6159 9547 -18302
6160 9501 -18222
6161 9473 -18250
6162 9471 -18246
6163 9499 -18262
6164 9499 -18198
6165 9515 -18270
6166 9469 -18242
6167 9473 -18186
6168 9419 -18042
6169 9477 -18282
6170 9491 -18354
6171 9485 -18294
6172 9443 -18142
6173 9449 -18146
6174 9421 -18038
6175 9411 -17994
6176 9475 -18094
6177 9529 -18302
6178 9571 -18490
6179 9497 -18346
6180 9553 -18426
6181 9507 -18234
6182 9561 -18406
6183 9517 -18122
6184 9539 -18218
6185 9585 -18422
6186 9561 -18294
6187 9517 -18198
6188 9519 -18254
6189 9491 -18202
6190 9485 -18130
6191 9503 -18202
6192 9489 -18246
6193 9505 -18186
6194 9531 -18338
6195 9563 -18418
6196 9525 -18398
6197 9545 -18414
6198 9571 -18422
6199 9535 -18430
6200 9533 -18354
6201 9475 -18238
6202 9527 -18402
6203 9521 -18322
6204 9563 -18458
6205 9561 -18450
6206 9557 -18322
6207 9579 -18434
6208 9581 -18394
6209 9539 -18302
6210 9519 -18246
6211 9525 -18206
6212 9579 -18430
6213 9579 -18426
6214 9505 -18158
6215 9469 -18050
6216 9487 -18190
6217 9397 -18014
6218 9519 -18254
6219 9609 -18510
6220 9535 -18374
6221 9565 -18406
6222 9511 -18274
6223 9493 -18206
6224 9537 -18370
6225 9541 -18458
6226 9527 -18410
6227 9499 -18282
6228 9503 -18242
6229 9449 -18134
6230 9453 -18098
6231 9515 -18290
6232 9517 -18274
6233 9491 -18214
6234 9453 -18214
6235 9373 -17882
6236 9425 -18090
6237 9493 -18250
6238 9477 -18190
6239 9497 -18202
6240 9567 -18354
6241 9495 -18210
6242 9481 -18150
6243 9483 -18178
6244 9497 -18226
6245 9415 -18002
6246 9385 -17822
6247 9451 -18074
6248 9521 -18246
6249 9517 -18138
6250 9433 -17998
6251 9517 -18402
6252 9483 -18258
6253 9511 -18262
6254 9449 -18182
6255 9563 -18434
6256 9541 -18462
6257 9559 -18446
6258 9491 -18166
6259 9549 -18366
6260 9571 -18434
6261 9509 -18250
6262 9503 -18230
6263 9497 -18230
6264 9569 -18406
6265 9551 -18402
6266 9599 -18498
6267 9473 -18194
6268 9399 -18070
6269 9411 -18030
6270 9465 -18246
6271 9377 -18050
6272 9389 -18026
6273 9481 -18202
6274 9465 -18162
6275 9471 -18162
6276 9507 -18274
6277 9523 -18318
6278 9487 -18382
6279 9453 -18278
6280 9469 -18238
6281 9513 -18318
6282 9489 -18166
6283 9401 -18158
6284 9403 -18198
6285 9393 -18002
6286 9403 -18022
6287 9453 -18082
6288 9491 -18166
6289 9419 -18058
6290 9453 -18142
6291 9401 -18042
6292 9363 -17902
6293 9473 -18282
6294 9469 -18250
6295 9463 -18170
6296 9499 -18254
6297 9499 -18242
6298 9495 -18238
6299 9495 -18306
6300 9483 -18178
6301 9529 -18294
6302 9469 -18146
6303 9433 -18154
6304 9443 -18202
6305 9459 -18186
6306 9467 -18158
6307 9479 -18214
6308 9477 -18090
6309 9475 -18106
6310 9465 -18058
6311 9485 -18086
6312 9493 -18158
6313 9481 -18210
6314 9425 -18066
6315 9433 -18118
6316 9425 -18078
6317 9445 -18178
6318 9487 -18242
6319 9499 -18198
6320 9485 -18194
6321 9479 -18238
6322 9475 -18238
6323 9429 -18138
6324 9463 -18326
6325 9445 -18298
6326 9451 -18270
6327 9443 -18170
6328 9447 -18262
6329 9499 -18378
6330 9453 -18266
6331 9435 -18202
6332 9441 -18226
6333 9385 -18078
6334 9477 -18302
6335 9531 -18278
6336 9485 -18246
6337 9557 -18338
6338 9535 -18282
6339 9419 -18010
6340 9367 -17882
6341 9331 -17846
6342 9441 -18086
6343 9445 -18106
6344 9429 -18134
6345 9443 -18182
6346 9397 -18054
6347 9489 -18218
6348 9507 -18386
6349 9481 -18278
6350 9481 -18310
6351 9449 -18278
6352 9441 -18238
6353 9441 -18254
6354 9421 -18210
6355 9427 -18130
6356 9399 -18082
6357 9457 -18178
6358 9461 -18250
6359 9507 -18422
6360 9559 -18494
6361 9583 -18430
6362 9499 -18218
6363 9479 -18142
6364 9505 -18202
6365 9453 -18082
6366 9461 -18114
6367 9539 -18302
6368 9497 -18198
6369 9455 -18134
6370 9427 -18102
6371 9561 -18378
6372 9567 -18402
6373 9501 -18290
6374 9497 -18222
6375 9527 -18310
6376 9487 -18198
6377 9395 -18006
6378 9343 -17870
6379 9283 -17758
6380 9317 -17870
6381 9341 -17890
6382 9403 -18074
6383 9377 -17982
6384 9399 -18078
6385 9467 -18218
6386 9405 -17938
6387 9415 -17994
6388 9397 -17998
6389 9377 -18078
6390 9403 -18014
6391 9447 -18146
6392 9511 -18302
6393 9467 -18234
6394 9431 -18142
6395 9423 -18134
6396 9405 -18110
6397 9405 -18086
6398 9379 -17974
6399 9407 -18178
6400 9385 -18054
6401 9463 -18198
6402 9427 -18190
6403 9447 -18226
6404 9459 -18186
6405 9481 -18270
6406 9485 -18390
6407 9475 -18358
6408 9411 -18162
6409 9355 -17962
6410 9339 -17954
6411 9409 -18114
6412 9459 -18206
6413 9471 -18254
6414 9449 -18174
6415 9445 -18086
6416 9497 -18190
6417 9501 -18222
6418 9571 -18414
6419 9603 -18482
6420 9585 -18358
6421 9607 -18466
6422 9617 -18554
6423 9659 -18590
6424 9613 -18498
6425 9623 -18514
6426 9567 -18394
6427 9503 -18290
6428 9425 -18046
6429 9483 -18110
6430 9499 -18238
6431 9473 -18234
6432 9503 -18298
6433 9467 -18218
6434 9423 -18030
6435 9339 -17818
6436 9453 -18206
6437 9371 -18086
6438 9361 -17934
6439 9379 -17922
6440 9475 -18130
6441 9523 -18370
6442 9563 -18414
6443 9495 -18354
6444 9385 -18066
6445 9359 -17926
6446 9393 -18110
6447 9453 -18162
6448 9389 -18090
6449 9485 -18206
6450 9519 -18282
6451 9485 -18198
6452 9515 -18314
6453 9483 -18314
6454 9479 -18258
6455 9467 -18142
6456 9491 -18242
6457 9529 -18318
6458 9481 -18254
6459 9507 -18254
6460 9475 -18206
6461 9541 -18314
6462 9527 -18270
6463 9521 -18354
6464 9535 -18342
6465 9511 -18218
6466 9527 -18282
6467 9559 -18322
6468 9571 -18382
6469 9503 -18298
6470 9521 -18326
6471 9529 -18306
6472 9485 -18190
6473 9455 -18126
6474 9493 -18134
6475 9473 -18126
6476 9523 -18398
6477 9567 -18398
6478 9557 -18370
6479 9583 -18450
6480 9589 -18394
6481 9555 -18286
6482 9595 -18506
6483 9619 -18526
6484 9545 -18290
6485 9573 -18374
6486 9561 -18362
6487 9469 -18090
6488 9513 -18242
6489 9503 -18206
6490 9479 -18230
6491 9509 -18222
6492 9483 -18134
6493 9423 -18054
6494 9521 -18306
6495 9511 -18274
6496 9455 -18182
6497 9377 -17954
6498 9375 -17994
6499 9315 -17934
6500 9379 -18214
6501 9407 -18118
6502 9425 -18166
6503 9499 -18346
6504 9561 -18454
6505 9517 -18330
6506 9541 -18334
6507 9611 -18510
6508 9567 -18430
6509 9477 -18174
6510 9481 -18218
6511 9571 -18430
6512 9565 -18426
6513 9531 -18294
6514 9511 -18254
6515 9385 -17982
6516 9401 -18070
6517 9419 -18114
6518 9457 -18186
6519 9473 -18238
6520 9465 -18214
6521 9467 -18214
6522 9483 -18214
6523 9551 -18378
6524 9521 -18254
6525 9503 -18186
6526 9501 -18278
6527 9545 -18382
6528 9511 -18274
6529 9495 -18198
6530 9561 -18350
6531 9547 -18418
6532 9497 -18266
6533 9535 -18354
6534 9523 -18350
6535 9539 -18322
6536 9489 -18258
6537 9447 -18146
6538 9481 -18198
6539 9531 -18374
6540 9495 -18274
6541 9443 -18246
6542 9507 -18390
6543 9511 -18262
6544 9513 -18346
6545 9469 -18246
6546 9477 -18250
6547 9481 -18134
6548 9407 -18074
6549 9361 -17986
6550 9281 -17794
6551 9381 -17978
6552 9357 -17942
6553 9359 -18090
6554 9417 -18218
6555 9403 -18122
6556 9437 -18174
6557 9371 -17998
6558 9401 -18006
6559 9385 -18074
6560 9371 -18094
6561 9401 -18090
6562 9417 -18210
6563 9391 -18082
6564 9387 -17922
6565 9475 -18170
6566 9423 -18098
6567 9399 -18014
6568 9483 -18214
6569 9549 -18306
6570 9569 -18458
6571 9533 -18402
6572 9541 -18378
6573 9591 -18438
6574 9633 -18562
6575 9583 -18458
6576 9565 -18442
6577 9533 -18322
6578 9525 -18270
6579 9503 -18214
6580 9467 -18214
6581 9425 -18074
6582 9451 -18222
6583 9431 -18010
6584 9353 -17910
6585 9411 -18066
6586 9355 -17918
6587 9369 -17914
6588 9471 -18218
6589 9509 -18250
6590 9437 -18070
6591 9407 -18078
6592 9453 -18230
6593 9485 -18306
6594 9491 -18270
6595 9501 -18310
6596 9521 -18354
6597 9535 -18426
6598 9473 -18190
6599 9513 -18350
6600 9527 -18390
6601 9599 -18498
6602 9619 -18490
6603 9579 -18478
6604 9603 -18502
6605 9581 -18434
6606 9577 -18414
6607 9441 -18110
6608 9471 -18246
6609 9421 -18066
6610 9419 -18006
6611 9453 -18134
6612 9425 -18126
6613 9447 -18142
6614 9445 -18174
6615 9465 -18206
6616 9465 -18242
6617 9481 -18182
6618 9435 -17994
6619 9459 -18078
6620 9437 -18078
6621 9433 -18102
6622 9427 -18166
6623 9417 -18174
6624 9399 -18066
6625 9463 -18254
6626 9383 -17962
6627 9373 -17930
6628 9301 -17790
6629 9323 -17878
6630 9379 -18026
6631 9391 -18098
6632 9361 -17878
6633 9409 -17978
6634 9393 -18090
6635 9489 -18282
6636 9429 -17986
6637 9529 -18262
6638 9559 -18386
6639 9537 -18358
6640 9545 -18294
6641 9583 -18550
6642 9581 -18578
6643 9599 -18638
6644 9531 -18378
6645 9431 -18090
6646 9443 -18162
6647 9479 -18282
6648 9525 -18310
6649 9557 -18338
6650 9595 -18446
6651 9527 -18370
6652 9541 -18318
6653 9535 -18334
6654 9475 -18170
6655 9423 -17966
6656 9443 -18062
6657 9381 -18046
6658 9329 -17990
6659 9311 -17994
6660 9307 -17966
6661 9453 -18350
6662 9491 -18258
6663 9507 -18238
6664 9471 -18170
6665 9455 -18146
6666 9467 -18174
6667 9531 -18366
6668 9527 -18330
6669 9515 -18326
6670 9503 -18278
6671 9457 -18182
6672 9507 -18354
6673 9511 -18434
6674 9463 -18238
6675 9423 -18142
6676 9485 -18378
6677 9477 -18298
6678 9469 -18210
6679 9507 -18322
6680 9509 -18314
6681 9455 -18218
6682 9395 -18122
6683 9403 -18050
6684 9343 -17974
6685 9429 -18074
6686 9387 -18070
6687 9437 -18190
6688 9441 -18182
6689 9451 -18114
6690 9493 -18258
6691 9497 -18274
6692 9467 -18202
6693 9479 -18322
6694 9503 -18266
6695 9421 -18074
6696 9433 -18058
6697 9449 -18066
6698 9419 -18026
6699 9455 -18154
6700 9531 -18278
6701 9545 -18394
6702 9545 -18418
6703 9509 -18306
6704 9549 -18366
6705 9499 -18306
6706 9509 -18350
6707 9395 -18018
6708 9419 -18022
6709 9429 -18054
6710 9551 -18442
6711 9485 -18330
6712 9441 -18226
6713 9507 -18418
6714 9493 -18250
6715 9521 -18318
6716 9577 -18366
6717 9555 -18374
6718 9557 -18366
6719 9505 -18278
6720 9473 -18242
6721 9511 -18322
6722 9513 -18366
6723 9535 -18458
6724 9555 -18466
6725 9559 -18406
6726 9593 -18430
6727 9573 -18482
6728 9605 -18490
6729 9621 -18578
6730 9527 -18206
6731 9511 -18198
6732 9527 -18282
6733 9551 -18358
6734 9479 -18242
6735 9455 -18206
6736 9383 -18182
6737 9367 -18038
6738 9471 -18318
6739 9539 -18386
6740 9497 -18290
6741 9489 -18278
6742 9385 -18082
6743 9387 -18142
6744 9373 -18074
6745 9395 -18018
6746 9549 -18478
6747 9573 -18442
6748 9529 -18310
6749 9499 -18258
6750 9495 -18186
6751 9525 -18258
6752 9567 -18438
6753 9569 -18418
6754 9549 -18346
6755 9541 -18402
6756 9543 -18326
6757 9475 -18210
6758 9457 -18142
6759 9505 -18178
6760 9549 -18394
6761 9553 -18366
6762 9503 -18150
6763 9509 -18150
6764 9513 -18298
6765 9555 -18390
6766 9511 -18258
6767 9569 -18482
6768 9457 -18202
6769 9393 -18122
6770 9421 -18062
6771 9341 -17866
6772 9345 -17918
6773 9423 -18074
6774 9435 -18154
6775 9449 -18210
6776 9527 -18326
6777 9593 -18502
6778 9587 -18394
6779 9529 -18230
6780 9499 -18226
6781 9485 -18166
6782 9543 -18422
6783 9503 -18302
6784 9543 -18390
6785 9609 -18494
6786 9655 -18578
6787 9539 -18270
6788 9533 -18286
6789 9547 -18286
6790 9555 -18334
6791 9589 -18466
6792 9561 -18458
6793 9579 -18298
6794 9587 -18406
6795 9539 -18326
6796 9577 -18390
6797 9539 -18346
6798 9603 -18486
6799 9589 -18442
6800 9543 -18286
6801 9483 -18114
6802 9549 -18314
6803 9591 -18374
6804 9597 -18474
6805 9533 -18278
6806 9497 -18210
6807 9555 -18410
6808 9527 -18246
6809 9431 -18026
6810 9467 -18162
6811 9481 -18206
6812 9497 -18230
6813 9553 -18346
6814 9565 -18406
6815 9535 -18402
6816 9587 -18550
6817 9573 -18398
6818 9513 -18250
6819 9495 -18214
6820 9461 -18138
6821 9515 -18290
6822 9457 -18242
6823 9467 -18178
6824 9537 -18354
6825 9539 -18426
6826 9509 -18246
6827 9609 -18522
6828 9597 -18450
6829 9597 -18454
6830 9519 -18262
6831 9451 -18162
6832 9541 -18294
6833 9507 -18206
6834 9499 -18206
6835 9495 -18110
6836 9501 -18118
6837 9483 -18126
6838 9495 -18122
6839 9585 -18414
6840 9501 -18118
6841 9531 -18246
6842 9543 -18246
6843 9467 -18086
6844 9539 -18398
6845 9507 -18266
6846 9547 -18370
6847 9543 -18362
6848 9489 -18174
6849 9503 -18230
6850 9469 -18246
6851 9459 -18122
6852 9383 -17922
6853 9405 -17974
6854 9413 -18078
6855 9373 -18038
6856 9351 -17958
6857 9371 -17998
6858 9375 -18046
6859 9349 -18046
6860 9389 -18106
6861 9385 -18066
6862 9365 -18050
6863 9401 -18130
6864 9353 -18042
6865 9453 -18210
6866 9489 -18286
6867 9449 -18050
6868 9499 -18202
6869 9511 -18266
6870 9453 -18198
6871 9519 -18322
6872 9529 -18338
6873 9557 -18350
6874 9507 -18310
6875 9467 -18134
6876 9377 -18026
6877 9349 -17958
6878 9465 -18242
6879 9451 -18250
6880 9445 -18230
6881 9451 -18110
6882 9471 -18210
6883 9467 -18198
6884 9395 -18030
6885 9477 -18314
6886 9453 -18262
6887 9385 -18030
6888 9311 -17902
6889 9329 -17966
6890 9385 -18058
6891 9385 -18006
6892 9401 -18106
6893 9429 -18166
6894 9457 -18222
6895 9487 -18306
6896 9423 -18178
6897 9415 -18126
6898 9439 -18178
6899 9461 -18238
6900 9513 -18282
6901 9539 -18414
6902 9581 -18554
6903 9583 -18498
6904 9483 -18218
6905 9477 -18230
6906 9509 -18306
6907 9541 -18310
6908 9535 -18410
6909 9473 -18330
6910 9487 -18382
6911 9427 -18102
6912 9493 -18222
6913 9503 -18298
6914 9437 -18070
6915 9525 -18354
6916 9485 -18246
6917 9463 -18282
6918 9459 -18270
6919 9449 -18186
6920 9577 -18514
6921 9503 -18346
6922 9517 -18382
6923 9543 -18410
6924 9535 -18374
6925 9539 -18378
6926 9545 -18490
6927 9505 -18370
6928 9465 -18142
6929 9495 -18246
6930 9503 -18194
6931 9529 -18274
6932 9529 -18358
6933 9545 -18438
6934 9491 -18426
6935 9509 -18294
6936 9469 -18154
6937 9495 -18254
6938 9523 -18318
6939 9443 -18134
6940 9467 -18262
6941 9445 -18258
6942 9403 -18190
6943 9359 -18038
6944 9321 -17950
6945 9445 -18222
6946 9425 -18170
6947 9475 -18214
6948 9507 -18230
6949 9477 -18210
6950 9501 -18278
6951 9411 -18102
6952 9353 -18014
6953 9293 -17786
6954 9261 -17738
6955 9343 -17974
6956 9329 -17982
6957 9353 -18010
6958 9417 -18086
6959 9481 -18234
6960 9451 -18094
6961 9365 -17890
6962 9407 -18058
6963 9467 -18226
6964 9517 -18310
6965 9497 -18246
6966 9417 -18058
6967 9417 -17930
6968 9491 -18146
6969 9519 -18258
6970 9413 -17998
6971 9351 -17978
6972 9385 -17970
6973 9447 -18106
6974 9477 -18218
6975 9507 -18346
6976 9499 -18338
6977 9513 -18338
6978 9505 -18314
6979 9513 -18378
6980 9519 -18294
6981 9513 -18286
6982 9509 -18326
6983 9395 -18030
6984 9415 -18074
6985 9417 -18118
6986 9389 -18022
6987 9331 -17990
6988 9347 -18046
6989 9357 -18222
6990 9223 -17830
6991 9291 -17990
6992 9311 -18090
6993 9289 -18058
6994 9283 -18098
6995 9267 -17998
6996 9287 -18042
6997 9305 -18110
6998 9341 -18094
6999 9251 -17806
7000 9331 -18046
7001 9337 -17954
7002 9347 -18018
7003 9305 -17862
7004 9363 -18050
7005 9403 -18114
7006 9411 -18202
7007 9427 -18206
7008 9441 -18214
7009 9403 -18078
7010 9411 -18074
7011 9445 -18106
7012 9471 -18206
7013 9397 -18074
7014 9393 -18110
7015 9319 -17962
7016 9305 -17954
7017 9309 -17962
7018 9243 -17890
7019 9153 -17594
7020 9205 -17750
7021 9415 -18102
7022 9373 -18038
7023 9365 -17990
7024 9477 -18218
7025 9499 -18182
7026 9517 -18254
7027 9541 -18314
7028 9585 -18466
7029 9605 -18494
7030 9537 -18362
7031 9583 -18534
7032 9487 -18262
7033 9395 -18090
7034 9443 -18206
7035 9403 -18114
7036 9469 -18190
7037 9435 -18174
7038 9471 -18206
7039 9509 -18374
7040 9567 -18410
7041 9575 -18418
7042 9609 -18494
7043 9649 -18630
7044 9585 -18522
7045 9491 -18294
7046 9545 -18374
7047 9441 -18174
7048 9419 -18150
7049 9399 -18122
7050 9379 -18002
7051 9297 -17746
7052 9297 -17726
7053 9321 -17870
7054 9383 -18074
7055 9391 -18074
7056 9397 -18102
7057 9403 -17978
7058 9397 -18050
7059 9427 -18130
7060 9405 -18170
7061 9391 -18098
7062 9329 -17910
7063 9349 -18030
7064 9431 -18162
7065 9493 -18254
7066 9453 -18174
7067 9451 -18266
7068 9403 -18186
7069 9365 -18094
7070 9397 -18082
7071 9411 -18130
7072 9397 -18138
7073 9339 -18094
7074 9317 -17930
7075 9325 -17926
7076 9321 -17914
7077 9371 -17962
7078 9383 -17958
7079 9309 -17870
7080 9367 -17874
7081 9403 -17998
7082 9427 -18090
7083 9507 -18258
7084 9437 -18066
7085 9567 -18378
7086 9541 -18334
7087 9627 -18566
7088 9615 -18590
7089 9553 -18438
7090 9491 -18210
7091 9433 -18030
7092 9413 -18034
7093 9367 -17938
7094 9297 -17862
7095 9375 -18054
7096 9363 -18038
7097 9373 -17958
7098 9379 -18070
7099 9413 -18174
7100 9425 -18150
7101 9411 -18194
7102 9497 -18382
7103 9503 -18346
7104 9597 -18574
7105 9555 -18426
7106 9527 -18282
7107 9445 -18018
7108 9499 -18210
7109 9493 -18278
7110 9533 -18378
7111 9553 -18466
7112 9511 -18302
7113 9423 -18038
7114 9471 -18214
7115 9453 -18238
7116 9431 -18154
7117 9385 -18018
7118 9437 -18086
7119 9379 -18022
7120 9425 -18102
7121 9429 -18102
7122 9503 -18186
7123 9469 -18170
7124 9479 -18190
7125 9473 -18174
7126 9437 -18114
7127 9523 -18278
7128 9515 -18294
7129 9531 -18306
7130 9569 -18398
7131 9571 -18474
7132 9605 -18482
7133 9563 -18338
7134 9535 -18238
7135 9535 -18234
7136 9495 -18214
7137 9461 -18182
7138 9439 -18078
7139 9383 -17966
7140 9475 -18258
7141 9403 -18002
7142 9409 -18118
7143 9403 -18114
7144 9403 -18206
7145 9417 -18198
7146 9423 -18218
7147 9417 -18098
7148 9435 -18098
7149 9393 -17942
7150 9385 -17882
7151 9487 -18202
7152 9433 -18138
7153 9423 -18062
7154 9457 -18150
7155 9499 -18294
7156 9493 -18238
7157 9443 -18142
7158 9463 -18246
7159 9483 -18218
7160 9487 -18162
7161 9445 -18106
7162 9415 -17942
7163 9463 -18086
7164 9409 -18006
7165 9411 -18094
7166 9473 -18162
7167 9475 -18086
7168 9541 -18338
7169 9505 -18226
7170 9455 -18130
7171 9475 -18274
7172 9499 -18334
7173 9495 -18338
7174 9447 -18146
7175 9479 -18282
7176 9455 -18138
7177 9383 -17930
7178 9413 -18102
7179 9347 -17998
7180 9359 -18058
7181 9315 -17966
7182 9319 -17958
7183 9339 -18058
7184 9387 -18142
7185 9355 -18066
7186 9365 -18282
7187 9391 -18170
7188 9431 -18146
7189 9433 -18086
7190 9425 -18122
7191 9493 -18270
7192 9531 -18406
7193 9567 -18454
7194 9617 -18622
7195 9541 -18386
7196 9523 -18346
7197 9527 -18238
7198 9459 -18138
7199 9435 -18070
7200 9469 -18086
7201 9543 -18506
7202 9547 -18386
7203 9511 -18294
7204 9557 -18402
7205 9487 -18246
7206 9523 -18362
7207 9519 -18282
7208 9513 -18374
7209 9565 -18454
7210 9547 -18442
7211 9503 -18242
7212 9489 -18222
7213 9525 -18390
7214 9525 -18394
7215 9485 -18250
7216 9439 -18122
7217 9441 -18150
7218 9397 -18086
7219 9441 -18102
7220 9497 -18318
7221 9511 -18318
7222 9461 -18222
7223 9433 -18146
7224 9477 -18274
7225 9523 -18450
7226 9505 -18318
7227 9533 -18370
7228 9503 -18246
7229 9533 -18306
7230 9541 -18390
7231 9513 -18450
7232 9529 -18466
7233 9557 -18486
7234 9509 -18298
7235 9429 -18130
7236 9557 -18438
7237 9577 -18486
7238 9571 -18422
7239 9553 -18362
7240 9571 -18414
7241 9495 -18226
7242 9553 -18398
7243 9589 -18462
7244 9497 -18310
7245 9467 -18170
7246 9503 -18194
7247 9589 -18494
7248 9513 -18330
7249 9509 -18294
7250 9481 -18218
7251 9451 -18190
7252 9469 -18282
7253 9415 -18150
7254 9445 -18146
7255 9433 -18110
7256 9401 -17998
7257 9511 -18282
7258 9457 -18178
7259 9523 -18270
7260 9525 -18334
7261 9413 -18126
7262 9465 -18158
7263 9465 -18154
7264 9373 -17926
7265 9385 -18110
7266 9447 -18238
7267 9405 -18042
7268 9335 -17818
7269 9493 -18218
7270 9519 -18350
7271 9483 -18206
7272 9475 -18198
7273 9507 -18222
7274 9551 -18322
7275 9511 -18274
7276 9511 -18178
7277 9517 -18270
7278 9521 -18322
7279 9581 -18514
7280 9547 -18382
7281 9547 -18286
7282 9501 -18174
7283 9469 -18162
7284 9493 -18166
7285 9481 -18118
7286 9469 -18146
7287 9377 -18010
7288 9513 -18238
7289 9479 -18174
7290 9463 -18198
7291 9473 -18250
7292 9513 -18354
7293 9539 -18330
7294 9585 -18554
7295 9605 -18518
7296 9607 -18510
7297 9615 -18562
7298 9515 -18306
7299 9419 -17990
7300 9441 -18074
7301 9433 -18098
7302 9449 -18186
7303 9413 -18102
7304 9397 -18074
7305 9377 -17974
7306 9463 -18154
7307 9449 -18230
7308 9505 -18258
7309 9407 -18022
7310 9471 -18114
7311 9529 -18294
7312 9527 -18154
7313 9493 -18170
7314 9503 -18254
7315 9473 -18098
7316 9457 -18118
7317 9449 -18230
7318 9467 -18198
7319 9451 -18138
7320 9539 -18402
7321 9553 -18398
7322 9587 -18462
7323 9573 -18438
7324 9537 -18394
7325 9513 -18326
7326 9401 -18042
7327 9453 -18106
7328 9517 -18214
7329 9521 -18234
7330 9565 -18342
7331 9523 -18262
7332 9525 -18266
7333 9513 -18218
7334 9465 -18106
7335 9501 -18170
7336 9481 -18210
7337 9569 -18486
7338 9499 -18274
7339 9547 -18310
7340 9581 -18406
7341 9527 -18266
7342 9477 -18174
7343 9567 -18454
7344 9561 -18354
7345 9555 -18462
7346 9523 -18350
7347 9561 -18378
7348 9485 -18166
7349 9479 -18118
7350 9475 -18182
7351 9421 -18062
7352 9433 -18078
7353 9427 -18082
7354 9475 -18230
7355 9475 -18210
7356 9461 -18174
7357 9499 -18198
7358 9397 -18014
7359 9449 -18158
7360 9491 -18254
7361 9447 -18118
7362 9441 -18082
7363 9479 -18154
7364 9525 -18306
7365 9471 -18186
7366 9481 -18226
7367 9443 -18154
7368 9421 -18014
7369 9397 -18074
7370 9397 -18198
7371 9383 -17902
7372 9333 -17914
7373 9305 -17902
7374 9405 -18110
7375 9415 -18222
7376 9429 -18290
7377 9497 -18302
7378 9469 -18238
7379 9559 -18374
7380 9455 -18178
7381 9481 -18150
7382 9511 -18250
7383 9569 -18442
7384 9515 -18198
7385 9485 -18258
7386 9521 -18286
7387 9477 -18178
7388 9457 -18190
7389 9431 -18118
7390 9491 -18278
7391 9483 -18114
7392 9429 -18038
7393 9425 -17982
7394 9497 -18294
7395 9431 -18022
7396 9415 -17942
7397 9537 -18298
7398 9557 -18318
7399 9551 -18298
7400 9571 -18370
7401 9511 -18210
7402 9563 -18334
7403 9591 -18474
7404 9549 -18310
7405 9611 -18438
7406 9629 -18530
7407 9579 -18410
7408 9643 -18566
7409 9575 -18350
7410 9487 -18266
7411 9487 -18166
7412 9529 -18350
7413 9517 -18326
7414 9505 -18294
7415 9461 -18246
7416 9433 -18086
7417 9391 -17918
7418 9431 -18030
7419 9415 -18070
7420 9451 -18050
7421 9471 -18086
7422 9561 -18406
7423 9589 -18470
7424 9561 -18378
7425 9559 -18326
7426 9517 -18246
7427 9515 -18358
7428 9535 -18374
7429 9609 -18526
7430 9601 -18466
7431 9591 -18446
7432 9545 -18430
7433 9495 -18338
7434 9543 -18458
7435 9579 -18482
7436 9521 -18298
7437 9449 -18226
7438 9447 -18186
7439 9477 -18250
7440 9425 -18146
7441 9459 -18146
7442 9449 -18150
7443 9491 -18298
7444 9543 -18418
7445 9481 -18266
7446 9587 -18550
7447 9509 -18246
7448 9513 -18278
7449 9543 -18366
7450 9541 -18362
7451 9485 -18262
7452 9455 -18278
7453 9487 -18262
7454 9449 -18238
7455 9451 -18206
7456 9447 -18186
7457 9439 -18106
7458 9499 -18346
7459 9521 -18286
7460 9555 -18390
7461 9551 -18434
7462 9549 -18442
7463 9457 -18226
7464 9525 -18390
7465 9513 -18306
7466 9537 -18294
7467 9509 -18226
7468 9519 -18274
7469 9575 -18502
7470 9541 -18274
7471 9547 -18282
7472 9583 -18330
7473 9659 -18654
7474 9617 -18490
7475 9593 -18434
7476 9623 -18486
7477 9597 -18518
7478 9595 -18526
7479 9531 -18214
7480 9505 -18226
7481 9531 -18378
7482 9459 -18254
7483 9393 -18030
7484 9453 -18186
7485 9521 -18282
7486 9517 -18430
7487 9411 -18130
7488 9463 -18230
7489 9435 -18162
7490 9395 -18054
7491 9431 -18098
7492 9435 -18118
7493 9461 -18254
7494 9453 -18162
7495 9483 -18290
7496 9459 -18266
7497 9405 -18050
7498 9501 -18362
7499 9501 -18266
7500 9485 -18234
7501 9527 -18330
7502 9529 -18306
7503 9541 -18442
7504 9585 -18474
7505 9551 -18366
7506 9503 -18282
7507 9471 -18230
7508 9511 -18334
7509 9439 -18238
7510 9559 -18506
7511 9511 -18414
7512 9533 -18378
7513 9529 -18402
7514 9501 -18314
7515 9495 -18326
7516 9423 -18106
7517 9373 -18002
7518 9433 -18218
7519 9433 -18218
7520 9413 -18022
7521 9461 -18114
7522 9487 -18178
7523 9375 -17950
7524 9415 -18046
7525 9475 -18182
7526 9493 -18226
7527 9499 -18222
7528 9551 -18374
7529 9577 -18470
7530 9499 -18194
7531 9633 -18558
7532 9639 -18534
7533 9637 -18562
7534 9611 -18510
7535 9581 -18494
7536 9557 -18374
7537 9427 -18118
7538 9367 -18002
7539 9383 -18062
7540 9415 -18082
7541 9535 -18422
7542 9465 -18194
7543 9471 -18198
7544 9477 -18218
7545 9437 -18126
7546 9445 -18246
7547 9439 -18154
7548 9433 -18150
7549 9459 -18162
7550 9479 -18190
7551 9513 -18238
7552 9549 -18310
7553 9581 -18370
7554 9589 -18362
7555 9511 -18178
7556 9415 -18006
7557 9567 -18398
7558 9501 -18278
7559 9525 -18330
7560 9483 -18206
7561 9525 -18174
7562 9489 -18222
7563 9495 -18166
7564 9531 -18318
7565 9521 -18298
7566 9529 -18306
7567 9645 -18542
7568 9603 -18454
7569 9611 -18478
7570 9571 -18422
7571 9511 -18298
7572 9517 -18234
7573 9545 -18302
7574 9451 -18130
7575 9545 -18306
7576 9547 -18354
7577 9541 -18406
7578 9551 -18358
7579 9571 -18458
7580 9591 -18498
7581 9563 -18358
7582 9495 -18230
7583 9469 -18162
7584 9447 -18194
7585 9477 -18174
7586 9439 -18018
7587 9495 -18202
7588 9525 -18346
7589 9501 -18318
7590 9477 -18206
7591 9483 -18214
7592 9503 -18266
7593 9555 -18406
7594 9519 -18390
7595 9559 -18358
7596 9509 -18178
7597 9537 -18374
7598 9619 -18534
7599 9579 -18318
7600 9631 -18442
7601 9571 -18322
7602 9561 -18294
7603 9561 -18334
7604 9531 -18238
7605 9459 -18102
7606 9455 -18118
7607 9421 -18026
7608 9381 -17958
7609 9339 -17778
7610 9397 -17946
7611 9427 -17974
7612 9449 -18106
7613 9403 -17962
7614 9393 -17934
7615 9423 -18070
7616 9399 -18070
7617 9425 -18042
7618 9471 -18234
7619 9409 -17938
7620 9417 -18026
7621 9465 -18094
7622 9537 -18258
7623 9567 -18406
7624 9491 -18074
7625 9455 -18102
7626 9499 -18126
7627 9453 -18110
7628 9441 -18126
7629 9463 -18178
7630 9435 -18090
7631 9407 -17966
7632 9459 -18074
7633 9437 -18022
7634 9499 -18238
7635 9533 -18310
7636 9515 -18266
7637 9479 -18230
7638 9489 -18242
7639 9493 -18218
7640 9531 -18258
7641 9513 -18174
7642 9573 -18306
7643 9603 -18410
7644 9587 -18446
7645 9617 -18534
7646 9505 -18222
7647 9477 -18222
7648 9535 -18310
7649 9539 -18282
7650 9449 -18054
7651 9465 -18114
7652 9455 -18066
7653 9473 -18086
7654 9491 -18222
7655 9429 -18082
7656 9401 -17970
7657 9523 -18322
7658 9549 -18362
7659 9489 -18218
7660 9417 -18154
7661 9383 -18006
7662 9429 -18106
7663 9449 -18178
7664 9485 -18242
7665 9505 -18322
7666 9473 -18286
7667 9467 -18198
7668 9429 -18202
7669 9461 -18286
7670 9541 -18406
7671 9531 -18402
7672 9537 -18394
7673 9503 -18322
7674 9513 -18406
7675 9549 -18430
7676 9503 -18270
7677 9505 -18262
7678 9531 -18278
7679 9467 -18070
7680 9475 -18178
7681 9419 -17998
7682 9497 -18314
7683 9471 -18146
7684 9481 -18130
7685 9435 -18026
7686 9391 -17922
7687 9477 -18050
7688 9467 -18138
7689 9513 -18210
7690 9527 -18338
7691 9523 -18318
7692 9463 -18086
7693 9463 -18230
7694 9441 -18142
7695 9391 -18042
7696 9419 -18054
7697 9549 -18366
7698 9531 -18274
7699 9495 -18278
7700 9487 -18230
7701 9401 -18066
7702 9407 -18030
7703 9469 -18214
7704 9447 -18154
7705 9421 -18034
7706 9421 -18090
7707 9447 -18110
7708 9447 -18138
7709 9405 -17922
7710 9413 -17970
7711 9463 -18122
7712 9487 -18170
7713 9525 -18314
7714 9483 -18242
7715 9461 -18254
7716 9511 -18338
7717 9591 -18422
7718 9609 -18482
7719 9569 -18410
7720 9633 -18586
7721 9591 -18454
7722 9469 -18202
7723 9473 -18194
7724 9445 -18098
7725 9515 -18250
7726 9523 -18238
7727 9515 -18250
7728 9501 -18186
7729 9435 -17994
7730 9419 -17926
7731 9403 -17934
7732 9429 -18070
7733 9427 -18034
7734 9513 -18254
7735 9593 -18446
7736 9551 -18306
7737 9479 -18102
7738 9455 -17986
7739 9499 -18098
7740 9557 -18326
7741 9621 -18562
7742 9619 -18542
7743 9473 -18182
7744 9453 -18126
7745 9499 -18242
7746 9441 -18082
7747 9399 -17998
7748 9355 -17938
7749 9341 -18034
7750 9313 -17930
7751 9237 -17734
7752 9275 -17806
7753 9215 -17690
7754 9271 -17922
7755 9401 -18038
7756 9391 -18114
7757 9371 -18022
7758 9401 -18090
7759 9391 -18018
7760 9431 -18122
7761 9489 -18170
7762 9463 -18218
7763 9437 -18150
7764 9387 -17974
7765 9425 -18090
7766 9493 -18190
7767 9517 -18242
7768 9501 -18194
7769 9465 -18130
7770 9451 -18126
7771 9433 -18138
7772 9521 -18306
7773 9519 -18414
7774 9487 -18246
7775 9461 -18202
7776 9483 -18234
7777 9399 -18006
7778 9417 -18014
7779 9415 -18102
7780 9401 -18118
7781 9381 -18034
7782 9391 -18110
7783 9481 -18322
7784 9489 -18306
7785 9407 -18154
7786 9395 -17970
7787 9351 -17934
7788 9413 -18122
7789 9405 -18054
7790 9373 -17998
7791 9363 -17894
7792 9411 -18122
7793 9455 -18274
7794 9379 -18026
7795 9363 -17934
7796 9363 -17934
7797 9425 -18014
7798 9381 -17986
7799 9447 -18126
7800 9425 -18186
7801 9477 -18314
7802 9367 -18026
7803 9371 -18010
7804 9337 -17858
7805 9403 -18002
7806 9321 -17814
7807 9409 -18094
7808 9459 -18162
7809 9485 -18222
7810 9445 -18154
7811 9445 -18074
7812 9449 -18094
7813 9481 -18166
7814 9477 -18218
7815 9481 -18250
7816 9487 -18274
7817 9453 -18174
7818 9513 -18314
7819 9541 -18454
7820 9521 -18398
7821 9417 -18074
7822 9487 -18278
7823 9455 -18234
7824 9395 -18070
7825 9435 -18206
7826 9349 -17862
7827 9377 -18018
7828 9381 -17966
7829 9417 -18070
7830 9375 -17990
7831 9307 -17914
7832 9301 -17982
7833 9269 -17834
7834 9345 -18022
7835 9369 -18130
7836 9337 -18134
7837 9355 -18066
7838 9351 -18122
7839 9319 -18018
7840 9317 -17942
7841 9361 -18006
7842 9385 -18054
7843 9391 -18050
7844 9339 -17930
7845 9403 -18054
7846 9413 -18078
7847 9389 -18066
7848 9455 -18202
7849 9473 -18206
7850 9467 -18214
7851 9447 -18230
7852 9449 -18198
7853 9501 -18262
7854 9527 -18330
7855 9555 -18406
7856 9553 -18362
7857 9567 -18394
7858 9595 -18482
7859 9581 -18378
7860 9525 -18246
7861 9563 -18410
7862 9537 -18310
7863 9537 -18382
7864 9455 -18190
7865 9457 -18250
7866 9465 -18174
7867 9437 -18118
7868 9579 -18414
7869 9559 -18350
7870 9519 -18222
7871 9551 -18374
7872 9503 -18226
7873 9465 -18206
7874 9379 -17994
7875 9443 -18106
7876 9495 -18254
7877 9449 -18190
7878 9497 -18194
7879 9415 -17890
7880 9457 -18158
7881 9485 -18282
7882 9503 -18254
7883 9605 -18546
7884 9549 -18422
7885 9611 -18506
7886 9559 -18286
7887 9521 -18270
7888 9547 -18294
7889 9633 -18642
7890 9605 -18554
7891 9587 -18470
7892 9543 -18414
7893 9597 -18530
7894 9641 -18698
7895 9557 -18454
7896 9551 -18286
7897 9497 -18206
7898 9557 -18350
7899 9495 -18210
7900 9469 -18218
7901 9517 -18302
7902 9559 -18346
7903 9535 -18310
7904 9507 -18282
7905 9421 -18054
7906 9401 -18098
7907 9387 -18050
7908 9395 -18046
7909 9415 -18182
7910 9373 -18082
7911 9409 -18178
7912 9423 -18174
7913 9467 -18230
7914 9455 -18258
7915 9471 -18342
7916 9417 -18130
7917 9507 -18330
7918 9471 -18294
7919 9503 -18410
7920 9435 -18170
7921 9457 -18278
7922 9427 -18198
7923 9395 -18130
7924 9333 -18038
7925 9299 -17854
7926 9357 -17942
7927 9365 -17914
7928 9333 -17830
7929 9415 -18134
7930 9483 -18262
7931 9457 -18182
7932 9405 -18102
7933 9399 -18134
7934 9489 -18382
7935 9487 -18334
7936 9443 -18254
7937 9403 -18118
7938 9381 -18022
7939 9373 -18066
7940 9377 -18102
7941 9431 -18230
7942 9429 -18194
7943 9383 -18034
7944 9371 -18018
7945 9387 -18022
7946 9431 -18054
7947 9407 -18038
7948 9421 -18074
7949 9415 -17966
7950 9473 -18166
7951 9501 -18246
7952 9429 -18058
7953 9491 -18250
7954 9521 -18298
7955 9517 -18394
7956 9521 -18454
7957 9493 -18290
7958 9463 -18166
7959 9467 -18130
7960 9459 -18150
7961 9465 -18226
7962 9399 -18110
7963 9427 -18126
7964 9479 -18206
7965 9507 -18302
7966 9445 -18182
7967 9515 -18338
7968 9487 -18214
7969 9465 -18174
7970 9467 -18150
7971 9477 -18214
7972 9535 -18382
7973 9541 -18390
7974 9525 -18390
7975 9473 -18142
7976 9459 -18090
7977 9481 -18118
7978 9395 -17914
7979 9483 -18250
7980 9513 -18310
7981 9525 -18234
7982 9485 -18102
7983 9473 -18278
7984 9537 -18334
7985 9487 -18222
7986 9491 -18234
7987 9413 -18006
7988 9337 -17886
7989 9385 -17942
7990 9477 -18242
7991 9471 -18218
7992 9495 -18334
7993 9441 -18202
7994 9405 -18062
7995 9411 -18002
7996 9439 -18094
7997 9447 -18126
7998 9379 -18010
7999 9461 -18258
8000 9459 -18162
8001 9505 -18206
8002 9535 -18250
8003 9601 -18462
8004 9639 -18550
8005 9647 -18602
8006 9597 -18502
8007 9503 -18346
8008 9507 -18270
8009 9577 -18510
8010 9517 -18286
8011 9551 -18322
8012 9623 -18534
8013 9541 -18354
8014 9509 -18262
8015 9479 -18210
8016 9459 -18158
8017 9421 -18106
8018 9399 -18030
8019 9315 -17822
8020 9309 -17890
8021 9333 -17878
8022 9443 -18090
8023 9431 -18070
8024 9491 -18274
8025 9455 -18122
8026 9447 -18078
8027 9475 -18178
8028 9505 -18246
8029 9465 -18138
8030 9497 -18242
8031 9501 -18302
8032 9497 -18222
8033 9579 -18334
8034 9571 -18334
8035 9597 -18514
8036 9567 -18410
8037 9571 -18430
8038 9431 -18130
8039 9423 -18102
8040 9497 -18194
8041 9573 -18454
8042 9549 -18454
8043 9539 -18358
8044 9535 -18430
8045 9471 -18246
8046 9493 -18330
8047 9539 -18406
8048 9533 -18362
8049 9535 -18414
8050 9473 -18190
8051 9445 -18142
8052 9423 -18150
8053 9413 -18094
8054 9345 -17994
8055 9385 -18010
8056 9455 -18142
8057 9523 -18294
8058 9541 -18326
8059 9451 -17998
8060 9393 -18018
8061 9473 -18258
8062 9535 -18402
8063 9499 -18282
8064 9453 -18134
8065 9485 -18250
8066 9557 -18398
8067 9573 -18426
8068 9529 -18266
8069 9535 -18270
8070 9577 -18446
8071 9525 -18222
8072 9461 -18098
8073 9495 -18174
8074 9521 -18302
8075 9453 -18154
8076 9365 -18006
8077 9387 -18066
8078 9401 -18066
8079 9309 -17834
8080 9393 -17974
8081 9429 -18082
8082 9439 -18030
8083 9513 -18218
8084 9541 -18294
8085 9623 -18554
8086 9569 -18390
8087 9503 -18202
8088 9513 -18246
8089 9615 -18550
8090 9613 -18530
8091 9551 -18382
8092 9591 -18530
8093 9539 -18398
8094 9487 -18270
8095 9533 -18342
8096 9433 -18122
8097 9411 -18110
8098 9415 -18130
8099 9499 -18294
8100 9489 -18290
8101 9441 -18262
8102 9469 -18306
8103 9441 -18262
8104 9393 -18066
8105 9403 -18178
8106 9397 -18142
8107 9407 -18122
8108 9393 -18066
8109 9413 -18250
8110 9361 -18062
8111 9377 -18034
8112 9331 -17982
8113 9335 -17962
8114 9367 -18070
8115 9395 -18182
8116 9419 -18210
8117 9451 -18294
8118 9493 -18446
8119 9513 -18402
8120 9445 -18242
8121 9437 -18098
8122 9391 -18138
8123 9439 -18210
8124 9415 -18178
8125 9443 -18182
8126 9453 -18206
8127 9443 -18194
8128 9363 -17966
8129 9417 -18070
8130 9401 -18010
8131 9445 -18082
8132 9475 -18190
8133 9527 -18342
8134 9481 -18198
8135 9543 -18406
8136 9471 -18182
8137 9405 -18094
8138 9401 -18122
8139 9449 -18098
8140 9469 -18202
8141 9455 -18102
8142 9515 -18298
8143 9429 -18126
8144 9511 -18342
8145 9425 -18242
8146 9415 -18106
8147 9429 -18038
8148 9495 -18310
8149 9501 -18406
8150 9443 -18166
8151 9419 -18126
8152 9461 -18238
8153 9475 -18262
8154 9475 -18190
8155 9431 -18114
8156 9439 -18154
8157 9341 -17886
8158 9447 -18166
8159 9413 -18170
8160 9453 -18278
8161 9439 -18174
8162 9413 -18006
8163 9415 -18134
8164 9401 -18134
8165 9441 -18138
8166 9431 -18098
8167 9439 -18074
8168 9433 -18014
8169 9429 -18014
8170 9485 -18194
8171 9433 -18086
8172 9467 -18170
8173 9453 -18126
8174 9433 -18058
8175 9475 -18222
8176 9485 -18194
8177 9509 -18222
8178 9479 -18202
8179 9491 -18246
8180 9471 -18166
8181 9519 -18422
8182 9453 -18298
8183 9499 -18326
8184 9583 -18490
8185 9561 -18402
8186 9535 -18234
8187 9561 -18350
8188 9533 -18274
8189 9531 -18222
8190 9545 -18334
8191 9587 -18322
8192 9599 -18450
8193 9581 -18474
8194 9511 -18402
8195 9473 -18270
8196 9453 -18198
8197 9429 -18162
8198 9357 -18054
8199 9261 -17766
8200 9351 -17966
8201 9439 -18162
8202 9385 -18006
8203 9395 -18010
8204 9393 -18078
8205 9413 -18150
8206 9307 -17798
8207 9273 -17918
8208 9315 -17986
8209 9353 -18086
8210 9349 -18038
8211 9325 -17986
8212 9291 -17842
8213 9331 -17934
8214 9401 -18102
8215 9429 -18150
8216 9435 -18186
8217 9443 -18190
8218 9363 -17918
8219 9477 -18330
8220 9501 -18278
8221 9531 -18438
8222 9415 -17978
8223 9449 -18034
8224 9401 -18046
8225 9429 -18210
8226 9477 -18354
8227 9457 -18290
8228 9363 -18110
8229 9391 -18094
8230 9453 -18338
8231 9485 -18330
8232 9511 -18334
8233 9463 -18214
8234 9507 -18270
8235 9505 -18210
8236 9535 -18362
8237 9487 -18258
8238 9531 -18330
8239 9479 -18306
8240 9471 -18166
8241 9555 -18322
8242 9455 -18038
8243 9387 -18030
8244 9361 -18010
8245 9391 -18126
8246 9467 -18262
8247 9459 -18190
8248 9391 -17990
8249 9387 -18094
8250 9485 -18294
8251 9459 -18242
8252 9449 -18178
8253 9499 -18218
8254 9513 -18254
8255 9517 -18258
8256 9543 -18442
8257 9523 -18398
8258 9483 -18318
8259 9457 -18242
8260 9435 -18082
8261 9493 -18142
8262 9481 -18110
8263 9487 -18114
8264 9453 -18046
8265 9485 -18142
8266 9477 -18198
8267 9469 -18194
8268 9465 -18230
8269 9515 -18306
8270 9475 -18206
8271 9437 -18214
8272 9409 -18054
8273 9427 -18114
8274 9463 -18194
8275 9529 -18334
8276 9549 -18414
8277 9561 -18366
8278 9493 -18254
8279 9479 -18218
8280 9373 -18026
8281 9399 -18110
8282 9381 -18094
8283 9407 -18130
8284 9373 -18002
8285 9315 -17858
8286 9387 -18154
8287 9397 -18138
8288 9401 -18114
8289 9319 -17958
8290 9321 -18014
8291 9309 -17986
8292 9343 -18066
8293 9357 -18062
8294 9355 -18134
8295 9385 -18142
8296 9361 -17894
8297 9389 -18002
8298 9409 -18110
8299 9313 -17866
8300 9319 -17874
8301 9355 -18038
8302 9343 -18138
8303 9369 -18118
8304 9415 -18182
8305 9395 -18130
8306 9413 -18178
8307 9397 -18206
8308 9379 -18154
8309 9385 -18226
8310 9377 -18114
8311 9409 -18158
8312 9413 -18294
8313 9341 -17986
8314 9313 -17862
8315 9315 -17978
8316 9319 -18022
8317 9323 -18102
8318 9379 -18166
8319 9415 -18142
8320 9485 -18266
8321 9433 -18134
8322 9499 -18346
8323 9469 -18290
8324 9411 -18150
8325 9383 -18102
8326 9443 -18358
8327 9501 -18502
8328 9421 -18218
8329 9425 -18198
8330 9493 -18342
8331 9471 -18258
8332 9481 -18262
8333 9405 -18174
8334 9373 -18066
8335 9355 -18098
8336 9391 -18126
8337 9411 -18210
8338 9451 -18210
8339 9447 -18262
8340 9413 -18214
8341 9359 -18078
8342 9375 -18074
8343 9439 -18206
8344 9527 -18470
8345 9525 -18398
8346 9471 -18210
8347 9425 -18090
8348 9445 -18154
8349 9505 -18286
8350 9523 -18282
8351 9521 -18342
8352 9539 -18342
8353 9469 -18278
8354 9391 -18174
8355 9387 -18166
8356 9397 -18190
8357 9387 -18194
8358 9329 -18106
8359 9371 -18098
8360 9343 -18010
8361 9363 -18146
8362 9413 -18298
8363 9517 -18446
8364 9535 -18546
8365 9489 -18426
8366 9513 -18478
8367 9519 -18354
8368 9463 -18210
8369 9481 -18274
8370 9483 -18226
8371 9407 -18218
8372 9363 -18134
8373 9361 -18082
8374 9339 -18062
8375 9381 -18190
8376 9399 -18138
8377 9335 -17930
8378 9399 -18182
8379 9431 -18330
8380 9439 -18242
8381 9343 -17962
8382 9275 -17742
8383 9293 -17882
8384 9327 -17874
8385 9259 -17842
8386 9253 -17874
8387 9267 -17814
8388 9333 -18006
8389 9299 -17990
8390 9287 -17898
8391 9255 -17830
8392 9311 -17946
8393 9327 -17982
8394 9405 -18158
8395 9377 -18126
8396 9381 -18218
8397 9421 -18266
8398 9433 -18238
8399 9401 -18122
8400 9409 -18054
8401 9357 -17834
8402 9421 -18018
8403 9465 -18218
8404 9487 -18298
8405 9459 -18262
8406 9449 -18154
8407 9485 -18222
8408 9459 -18106
8409 9465 -18134
8410 9447 -18098
8411 9435 -18150
8412 9405 -18238
8413 9441 -18166
8414 9411 -18122
8415 9431 -18150
8416 9357 -18010
8417 9355 -17838
8418 9397 -18014
8419 9419 -18130
8420 9419 -18126
8421 9375 -17934
8422 9497 -18154
8423 9447 -18066
8424 9421 -18034
8425 9459 -18174
8426 9449 -18098
8427 9481 -18234
8428 9475 -18210
8429 9363 -17994
8430 9429 -18134
8431 9469 -18162
8432 9437 -18038
8433 9431 -18094
8434 9489 -18238
8435 9429 -18094
8436 9471 -18282
8437 9469 -18274
8438 9529 -18434
8439 9481 -18258
8440 9453 -18174
8441 9501 -18370
8442 9493 -18202
8443 9527 -18330
8444 9489 -18226
8445 9467 -18202
8446 9437 -18094
8447 9453 -18226
8448 9439 -18150
8449 9431 -18070
8450 9439 -18146
8451 9407 -17994
8452 9427 -18086
8453 9439 -17986
8454 9443 -18030
8455 9483 -18230
8456 9467 -18302
8457 9493 -18194
8458 9523 -18278
8459 9525 -18366
8460 9519 -18358
8461 9585 -18518
8462 9523 -18334
8463 9483 -18202
8464 9419 -18066
8465 9485 -18238
8466 9429 -18078
8467 9431 -18030
8468 9475 -18106
8469 9529 -18278
8470 9473 -18150
8471 9433 -17974
8472 9285 -17674
8473 9425 -18030
8474 9423 -17970
8475 9465 -18166
8476 9551 -18362
8477 9491 -18230
8478 9483 -18182
8479 9487 -18146
8480 9531 -18258
8481 9365 -17942
8482 9463 -18110
8483 9473 -18258
8484 9503 -18326
8485 9403 -18002
8486 9489 -18294
8487 9461 -18110
8488 9503 -18286
8489 9549 -18350
8490 9547 -18418
8491 9457 -18206
8492 9497 -18254
8493 9471 -18190
8494 9505 -18198
8495 9467 -18210
8496 9455 -17986
8497 9507 -18290
8498 9541 -18370
8499 9433 -18030
8500 9379 -17950
8501 9419 -18038
8502 9383 -17990
8503 9329 -17910
8504 9427 -18114
8505 9523 -18406
8506 9427 -18210
8507 9449 -18298
8508 9373 -18118
8509 9375 -18194
8510 9343 -18106
8511 9351 -17994
8512 9311 -17878
8513 9243 -17786
8514 9365 -18030
8515 9385 -18186
8516 9409 -18222
8517 9367 -18022
8518 9347 -17882
8519 9439 -18042
8520 9405 -18046
8521 9457 -18146
8522 9445 -18142
8523 9449 -18058
8524 9429 -18066
8525 9507 -18302
8526 9455 -18146
8527 9531 -18350
8528 9495 -18198
8529 9515 -18294
8530 9509 -18310
8531 9489 -18246
8532 9515 -18294
8533 9517 -18270
8534 9489 -18302
8535 9487 -18166
8536 9401 -18062
8537 9393 -17998
8538 9455 -18114
8539 9505 -18250
8540 9455 -18114
8541 9485 -18174
8542 9571 -18338
8543 9579 -18398
8544 9577 -18394
8545 9533 -18206
8546 9525 -18262
8547 9537 -18350
8548 9505 -18306
8549 9429 -18134
8550 9397 -18086
8551 9407 -18130
8552 9411 -18086
8553 9443 -18262
8554 9487 -18310
8555 9433 -18178
8556 9425 -18150
8557 9515 -18398
8558 9539 -18410
8559 9473 -18242
8560 9403 -18038
8561 9431 -18174
8562 9429 -18174
8563 9471 -18234
8564 9451 -18202
8565 9419 -18070
8566 9443 -18094
8567 9487 -18214
8568 9463 -18158
8569 9469 -18190
8570 9457 -18182
8571 9337 -17822
8572 9319 -17754
8573 9415 -18002
8574 9423 -18066
8575 9405 -18046
8576 9377 -18010
8577 9391 -18038
8578 9381 -17990
8579 9373 -17934
8580 9411 -17982
8581 9359 -17890
8582 9357 -17978
8583 9429 -18222
8584 9407 -18142
8585 9377 -18122
8586 9303 -17994
8587 9357 -17994
8588 9347 -18042
8589 9287 -17962
8590 9329 -18070
8591 9381 -18138
8592 9373 -18054
8593 9433 -18202
8594 9465 -18262
8595 9455 -18210
8596 9531 -18370
8597 9493 -18278
8598 9459 -18042
8599 9461 -18174
8600 9455 -18178
8601 9501 -18298
8602 9479 -18194
8603 9503 -18338
8604 9477 -18222
8605 9467 -18082
8606 9481 -18178
8607 9415 -18058
8608 9457 -18218
8609 9417 -18202
8610 9487 -18198
8611 9429 -18050
8612 9373 -17890
8613 9381 -17970
8614 9445 -18046
8615 9377 -17994
8616 9433 -18222
8617 9455 -18274
8618 9447 -18182
8619 9501 -18290
8620 9503 -18374
8621 9531 -18374
8622 9565 -18402
8623 9455 -18102
8624 9469 -18222
8625 9425 -18114
8626 9385 -18050
8627 9345 -17910
8628 9445 -18114
8629 9405 -18046
8630 9403 -18070
8631 9491 -18262
8632 9475 -18162
8633 9517 -18274
8634 9565 -18426
8635 9527 -18326
8636 9521 -18326
8637 9439 -18154
8638 9435 -18142
8639 9469 -18218
8640 9519 -18282
8641 9557 -18418
8642 9581 -18402
8643 9601 -18482
8644 9553 -18334
8645 9483 -18130
8646 9483 -18142
8647 9529 -18330
8648 9505 -18274
8649 9475 -18210
8650 9463 -18162
8651 9463 -18242
8652 9441 -18138
8653 9497 -18190
8654 9495 -18178
8655 9503 -18186
8656 9413 -18018
8657 9437 -18050
8658 9461 -18106
8659 9581 -18478
8660 9583 -18490
8661 9565 -18462
8662 9557 -18466
8663 9605 -18534
8664 9533 -18334
8665 9513 -18274
8666 9531 -18342
8667 9553 -18430
8668 9533 -18406
8669 9517 -18378
8670 9515 -18302
8671 9481 -18070
8672 9561 -18354
8673 9597 -18454
8674 9563 -18342
8675 9485 -18214
8676 9479 -18174
8677 9537 -18350
8678 9633 -18490
8679 9573 -18466
8680 9527 -18306
8681 9547 -18226
8682 9543 -18254
8683 9479 -18174
8684 9567 -18450
8685 9519 -18382
8686 9473 -18262
8687 9445 -18182
8688 9481 -18218
8689 9371 -17942
8690 9389 -18090
8691 9397 -18078
8692 9375 -18038
8693 9441 -18258
8694 9423 -18282
8695 9391 -18142
8696 9401 -18218
8697 9391 -18102
8698 9403 -18206
8699 9425 -18286
8700 9429 -18134
8701 9389 -18086
8702 9457 -18186
8703 9409 -18102
8704 9473 -18246
8705 9465 -18210
8706 9487 -18242
8707 9523 -18390
8708 9491 -18270
8709 9423 -18138
8710 9503 -18282
8711 9501 -18330
8712 9487 -18302
8713 9457 -18230
8714 9423 -18138
8715 9465 -18190
8716 9405 -18094
8717 9449 -18098
8718 9409 -18102
8719 9317 -17946
8720 9399 -18106
8721 9379 -17870
8722 9387 -18014
8723 9495 -18274
8724 9535 -18374
8725 9569 -18398
8726 9505 -18210
8727 9543 -18502
8728 9513 -18398
8729 9555 -18406
8730 9583 -18462
8731 9577 -18394
8732 9517 -18186
8733 9541 -18286
8734 9541 -18302
8735 9603 -18522
8736 9627 -18490
8737 9609 -18558
8738 9601 -18438
8739 9477 -18174
8740 9455 -18166
8741 9477 -18174
8742 9423 -18014
8743 9413 -17994
8744 9411 -18018
8745 9471 -18182
8746 9495 -18190
8747 9509 -18226
8748 9549 -18362
8749 9555 -18350
8750 9619 -18562
8751 9617 -18526
8752 9565 -18374
8753 9543 -18346
8754 9555 -18502
8755 9573 -18510
8756 9523 -18310
8757 9549 -18390
8758 9543 -18398
8759 9557 -18322
8760 9553 -18334
8761 9515 -18290
8762 9421 -18086
8763 9445 -18146
8764 9455 -18178
8765 9437 -18114
8766 9433 -18098
8767 9441 -18194
8768 9371 -17938
8769 9345 -17882
8770 9431 -18122
8771 9425 -18058
8772 9447 -18134
8773 9417 -18098
8774 9397 -18090
8775 9393 -18066
8776 9383 -18130
8777 9373 -18146
8778 9329 -18034
8779 9393 -18110
8780 9491 -18262
8781 9473 -18222
8782 9431 -18206
8783 9541 -18434
8784 9481 -18278
8785 9455 -18258
8786 9397 -18046
8787 9363 -18078
8788 9397 -18094
8789 9481 -18342
8790 9441 -18294
8791 9513 -18354
8792 9489 -18250
8793 9509 -18362
8794 9507 -18310
8795 9455 -18190
8796 9459 -18106
8797 9491 -18250
8798 9569 -18510
8799 9507 -18322
8800 9527 -18350
8801 9553 -18434
8802 9517 -18314
8803 9559 -18394
8804 9439 -18138
8805 9455 -18174
8806 9431 -18074
8807 9479 -18230
8808 9509 -18226
8809 9523 -18238
8810 9579 -18458
8811 9565 -18326
8812 9549 -18322
8813 9561 -18302
8814 9533 -18258
8815 9481 -18118
8816 9427 -18022
8817 9425 -18134
8818 9481 -18270
8819 9417 -18082
8820 9367 -17970
8821 9429 -18094
8822 9509 -18302
8823 9525 -18250
8824 9541 -18298
8825 9525 -18286
8826 9597 -18406
8827 9641 -18538
8828 9573 -18406
8829 9581 -18430
8830 9535 -18330
8831 9547 -18442
8832 9549 -18362
8833 9581 -18466
8834 9649 -18650
8835 9609 -18478
8836 9559 -18334
8837 9481 -18166
8838 9513 -18226
8839 9537 -18306
8840 9547 -18334
8841 9497 -18202
8842 9517 -18282
8843 9553 -18410
8844 9497 -18238
8845 9519 -18406
8846 9521 -18498
8847 9449 -18254
8848 9447 -18238
8849 9543 -18430
8850 9557 -18370
8851 9509 -18302
8852 9445 -18126
8853 9475 -18194
8854 9485 -18226
8855 9441 -18050
8856 9361 -17918
8857 9439 -18110
8858 9471 -18178
8859 9513 -18298
8860 9563 -18398
8861 9535 -18434
8862 9529 -18422
8863 9475 -18294
8864 9505 -18434
8865 9483 -18326
8866 9485 -18258
8867 9513 -18370
8868 9449 -18178
8869 9537 -18458
8870 9437 -18074
8871 9539 -18378
8872 9501 -18266
8873 9515 -18398
8874 9445 -18082
8875 9393 -17978
8876 9423 -18090
8877 9437 -18130
8878 9425 -18030
8879 9445 -18118
8880 9457 -18082
8881 9435 -18094
8882 9389 -18058
8883 9379 -17978
8884 9331 -17878
8885 9329 -17894
8886 9307 -17814
8887 9323 -17854
8888 9395 -18030
8889 9409 -18066
8890 9481 -18174
8891 9523 -18290
8892 9435 -18082
8893 9451 -18138
8894 9473 -18226
8895 9479 -18218
8896 9477 -18282
8897 9371 -18142
8898 9333 -18050
8899 9419 -18138
8900 9399 -18126
8901 9463 -18322
8902 9451 -18254
8903 9389 -18046
8904 9445 -18122
8905 9509 -18306
8906 9505 -18238
8907 9531 -18318
8908 9511 -18246
8909 9515 -18254
8910 9557 -18370
8911 9473 -18166
8912 9499 -18330
8913 9443 -18078
8914 9491 -18194
8915 9477 -18250
8916 9455 -18186
8917 9477 -18154
8918 9509 -18210
8919 9479 -18226
8920 9523 -18370
8921 9453 -18158
8922 9549 -18402
8923 9579 -18458
8924 9567 -18426
8925 9553 -18350
8926 9505 -18230
8927 9493 -18118
8928 9503 -18226
8929 9533 -18378
8930 9599 -18518
8931 9567 -18442
8932 9555 -18450
8933 9575 -18534
8934 9545 -18422
8935 9569 -18394
8936 9529 -18258
8937 9553 -18310
8938 9541 -18350
8939 9513 -18234
8940 9521 -18254
8941 9463 -18210
8942 9409 -18134
8943 9443 -18214
8944 9443 -18106
8945 9421 -18018
8946 9409 -18014
8947 9391 -18090
8948 9449 -18198
8949 9439 -18162
8950 9481 -18230
8951 9543 -18338
8952 9515 -18374
8953 9541 -18342
8954 9559 -18354
8955 9483 -18002
8956 9561 -18338
8957 9557 -18346
8958 9539 -18314
8959 9511 -18266
8960 9555 -18414
8961 9525 -18246
8962 9549 -18382
8963 9501 -18278
8964 9441 -18142
8965 9479 -18182
8966 9521 -18202
8967 9613 -18534
8968 9551 -18334
8969 9475 -18118
8970 9479 -18230
8971 9477 -18206
8972 9453 -18142
8973 9403 -18102
8974 9391 -18122
8975 9395 -18110
8976 9425 -18110
8977 9443 -18178
8978 9373 -18118
8979 9465 -18266
8980 9445 -18206
8981 9441 -18158
8982 9451 -18170
8983 9369 -17974
8984 9367 -17910
8985 9357 -17870
8986 9363 -18054
8987 9425 -18178
8988 9429 -18170
8989 9443 -18162
8990 9361 -18050
8991 9423 -18162
8992 9425 -18186
8993 9417 -18182
8994 9417 -18014
8995 9467 -18158
8996 9499 -18302
8997 9479 -18178
8998 9363 -17954
8999 9373 -17990
9000 9427 -18086
9001 9381 -18014
9002 9323 -17770
9003 9439 -18118
9004 9535 -18342
9005 9571 -18398
9006 9541 -18254
9007 9627 -18522
9008 9603 -18410
9009 9601 -18498
9010 9569 -18394
9011 9567 -18358
9012 9499 -18162
9013 9515 -18166
9014 9507 -18150
9015 9545 -18270
9016 9553 -18246
9017 9551 -18230
9018 9537 -18246
9019 9441 -18114
9020 9485 -18290
9021 9457 -18166
9022 9467 -18274
9023 9443 -18198
9024 9439 -18170
9025 9469 -18214
9026 9445 -18194
9027 9383 -17978
9028 9449 -18058
9029 9451 -17978
9030 9461 -18058
9031 9511 -18206
9032 9505 -18222
9033 9449 -18170
9034 9505 -18306
9035 9411 -18090
9036 9293 -17842
9037 9253 -17778
9038 9261 -17790
9039 9317 -17838
9040 9371 -18002
9041 9423 -18226
9042 9393 -18058
9043 9389 -18138
9044 9393 -18098
9045 9431 -18174
9046 9401 -18114
9047 9433 -18174
9048 9477 -18290
9049 9551 -18414
9050 9481 -18178
9051 9469 -18170
9052 9449 -18086
9053 9501 -18250
9054 9521 -18410
9055 9475 -18194
9056 9531 -18374
9057 9535 -18314
9058 9551 -18354
9059 9553 -18298
9060 9519 -18258
9061 9547 -18322
9062 9501 -18242
9063 9549 -18382
9064 9519 -18334
9065 9513 -18302
9066 9525 -18274
9067 9521 -18254
9068 9495 -18302
9069 9455 -18182
9070 9457 -18166
9071 9493 -18306
9072 9463 -18262
9073 9451 -18226
9074 9413 -18130
9075 9383 -18070
9076 9417 -18162
9077 9357 -18014
9078 9363 -17966
9079 9413 -18070
9080 9489 -18302
9081 9489 -18242
9082 9487 -18178
9083 9491 -18262
9084 9493 -18258
9085 9497 -18202
9086 9457 -18102
9087 9475 -18190
9088 9533 -18410
9089 9537 -18454
9090 9529 -18330
9091 9527 -18306
9092 9531 -18302
9093 9543 -18366
9094 9543 -18318
9095 9519 -18262
9096 9531 -18250
9097 9535 -18326
9098 9481 -18206
9099 9523 -18270
9100 9537 -18258
9101 9589 -18430
9102 9563 -18314
9103 9575 -18418
9104 9587 -18470
9105 9571 -18390
9106 9465 -18174
9107 9505 -18266
9108 9503 -18278
9109 9403 -18078
9110 9349 -17994
9111 9325 -17906
9112 9385 -18054
9113 9409 -18090
9114 9501 -18314
9115 9499 -18342
9116 9453 -18242
9117 9381 -18078
9118 9393 -18074
9119 9425 -18162
9120 9395 -18038
9121 9407 -18062
9122 9435 -18086
9123 9507 -18262
9124 9501 -18326
9125 9469 -18118
9126 9377 -17942
9127 9377 -17942
9128 9421 -18102
9129 9415 -18046
9130 9443 -18070
9131 9455 -18118
9132 9475 -18154
9133 9497 -18218
9134 9523 -18330
9135 9509 -18262
9136 9437 -18090
9137 9437 -18166
9138 9431 -18046
9139 9505 -18242
9140 9495 -18262
9141 9465 -18238
9142 9481 -18306
9143 9447 -18242
9144 9441 -18234
9145 9455 -18282
9146 9421 -18214
9147 9443 -18254
9148 9391 -18066
9149 9385 -18086
9150 9355 -18154
9151 9319 -18070
9152 9273 -17926
9153 9255 -17922
9154 9233 -17790
9155 9233 -17778
9156 9315 -17962
9157 9335 -18026
9158 9355 -18030
9159 9425 -18210
9160 9419 -18142
9161 9437 -18174
9162 9489 -18218
9163 9479 -18266
9164 9453 -18166
9165 9405 -18082
9166 9373 -18042
9167 9389 -18054
9168 9391 -17990
9169 9395 -18062
9170 9441 -18162
9171 9473 -18226
9172 9513 -18214
9173 9511 -18246
9174 9551 -18350
9175 9553 -18330
9176 9511 -18286
9177 9511 -18354
9178 9485 -18314
9179 9497 -18306
9180 9537 -18370
9181 9511 -18386
9182 9517 -18394
9183 9475 -18286
9184 9425 -18110
9185 9439 -18114
9186 9455 -18042
9187 9481 -18186
9188 9497 -18166
9189 9479 -18162
9190 9389 -17810
9191 9445 -18026
9192 9557 -18334
9193 9555 -18382
9194 9511 -18238
9195 9483 -18162
9196 9455 -18102
9197 9383 -17942
9198 9421 -18102
9199 9401 -18034
9200 9351 -18018
9201 9363 -18062
9202 9453 -18234
9203 9435 -18154
9204 9485 -18278
9205 9489 -18302
9206 9415 -18102
9207 9381 -18110
9208 9389 -18174
9209 9315 -17922
9210 9319 -17906
9211 9343 -17966
9212 9305 -17814
9213 9351 -17926
9214 9403 -18022
9215 9487 -18234
9216 9419 -18130
9217 9467 -18294
9218 9477 -18294
9219 9499 -18286
9220 9453 -18290
9221 9441 -18218
9222 9429 -18150
9223 9471 -18214
9224 9451 -18182
9225 9453 -18174
9226 9529 -18242
9227 9573 -18414
9228 9645 -18578
9229 9701 -18674
9230 9611 -18422
9231 9541 -18270
9232 9541 -18286
9233 9543 -18290
9234 9511 -18206
9235 9547 -18326
9236 9543 -18310
9237 9595 -18486
9238 9481 -18218
9239 9469 -18190
9240 9417 -18082
9241 9415 -18102
9242 9441 -18178
9243 9391 -18010
9244 9401 -18070
9245 9381 -18022
9246 9413 -18106
9247 9437 -18174
9248 9405 -18138
9249 9439 -18230
9250 9487 -18226
9251 9453 -18230
9252 9399 -18086
9253 9363 -17918
9254 9445 -18074
9255 9487 -18158
9256 9455 -18106
9257 9383 -18030
9258 9439 -18182
9259 9423 -18094
9260 9403 -18070
9261 9371 -18062
9262 9365 -18074
9263 9437 -18234
9264 9463 -18230
9265 9481 -18230
9266 9435 -18094
9267 9415 -18014
9268 9361 -17986
9269 9379 -18098
9270 9339 -17906
9271 9381 -18006
9272 9419 -18102
9273 9401 -18078
9274 9391 -18014
9275 9453 -18154
9276 9411 -18058
9277 9475 -18142
9278 9443 -18122
9279 9453 -18078
9280 9469 -18082
9281 9445 -18078
9282 9457 -18106
9283 9539 -18354
9284 9479 -18150
9285 9439 -17978
9286 9509 -18214
9287 9545 -18362
9288 9455 -18010
9289 9473 -18062
9290 9505 -18170
9291 9509 -18234
9292 9527 -18286
9293 9467 -18166
9294 9517 -18302
9295 9591 -18442
9296 9641 -18554
9297 9581 -18398
9298 9527 -18346
9299 9539 -18530
9300 9555 -18458
9301 9475 -18266
9302 9523 -18402
9303 9467 -18230
9304 9561 -18394
9305 9547 -18382
9306 9531 -18242
9307 9399 -17950
9308 9423 -17962
9309 9409 -17990
9310 9443 -18090
9311 9391 -17906
9312 9441 -18094
9313 9479 -18202
9314 9561 -18466
9315 9531 -18342
9316 9511 -18234
9317 9529 -18354
9318 9443 -18138
9319 9487 -18190
9320 9497 -18082
9321 9483 -18210
9322 9463 -18182
9323 9369 -18102
9324 9419 -18106
9325 9401 -18146
9326 9451 -18250
9327 9453 -18298
9328 9399 -18238
9329 9397 -18086
9330 9433 -18314
9331 9329 -18158
9332 9303 -18170
9333 9329 -18178
9334 9389 -18214
9335 9333 -18094
9336 9433 -18230
9337 9403 -18194
9338 9309 -17962
9339 9321 -17914
9340 9333 -18010
9341 9323 -17922
9342 9267 -17830
9343 9339 -17954
9344 9357 -18054
9345 9399 -18226
9346 9413 -18214
9347 9391 -18150
9348 9383 -18226
9349 9385 -18218
9350 9387 -18090
9351 9275 -18010
9352 9407 -18262
9353 9421 -18254
9354 9397 -18134
9355 9497 -18278
9356 9523 -18306
9357 9501 -18298
9358 9485 -18286
9359 9477 -18282
9360 9463 -18130
9361 9545 -18378
9362 9451 -18134
9363 9401 -18002
9364 9489 -18322
9365 9461 -18206
9366 9479 -18266
9367 9433 -18134
9368 9439 -18242
9369 9467 -18182
9370 9525 -18310
9371 9551 -18378
9372 9493 -18254
9373 9487 -18206
9374 9487 -18130
9375 9451 -18030
9376 9445 -18086
9377 9447 -18138
9378 9481 -18258
9379 9565 -18370
9380 9437 -18126
9381 9417 -18098
9382 9481 -18250
9383 9399 -18002
9384 9425 -18002
9385 9395 -18010
9386 9395 -18086
9387 9383 -17954
9388 9371 -18006
9389 9379 -18074
9390 9487 -18322
9391 9415 -18146
9392 9477 -18238
9393 9495 -18246
9394 9495 -18246
9395 9523 -18250
9396 9529 -18262
9397 9501 -18190
9398 9475 -18210
9399 9539 -18270
9400 9469 -18234
9401 9457 -18186
9402 9425 -18158
9403 9453 -18146
9404 9473 -18242
9405 9451 -18126
9406 9399 -18014
9407 9315 -17930
9408 9291 -17754
9409 9303 -17794
9410 9345 -17918
9411 9267 -17778
9412 9291 -17830
9413 9357 -18034
9414 9387 -18070
9415 9383 -18090
9416 9373 -18026
9417 9399 -18018
9418 9477 -18250
9419 9427 -18114
9420 9471 -18230
9421 9489 -18194
9422 9413 -17986
9423 9463 -18178
9424 9517 -18306
9425 9491 -18190
9426 9483 -18210
9427 9509 -18290
9428 9429 -18110
9429 9549 -18354
9430 9539 -18326
9431 9487 -18138
9432 9479 -18094
9433 9505 -18222
9434 9471 -18142
9435 9475 -18250
9436 9433 -18154
9437 9375 -17950
9438 9381 -18034
9439 9375 -17922
9440 9443 -18166
9441 9495 -18290
9442 9495 -18290
9443 9499 -18210
9444 9517 -18330
9445 9399 -17990
9446 9405 -18062
9447 9381 -17990
9448 9417 -18130
9449 9405 -18086
9450 9413 -18122
9451 9409 -18078
9452 9481 -18246
9453 9481 -18190
9454 9553 -18338
9455 9521 -18318
9456 9521 -18414
9457 9443 -18090
9458 9455 -18210
9459 9443 -18206
9460 9451 -18266
9461 9449 -18222
9462 9419 -18226
9463 9493 -18294
9464 9457 -18226
9465 9421 -18042
9466 9339 -17854
9467 9345 -17838
9468 9489 -18214
9469 9483 -18250
9470 9449 -18134
9471 9541 -18402
9472 9403 -18090
9473 9347 -17974
9474 9435 -18162
9475 9417 -18074
9476 9379 -17958
9477 9397 -18010
9478 9399 -17994
9479 9445 -18166
9480 9493 -18274
9481 9499 -18238
9482 9491 -18242
9483 9545 -18282
9484 9531 -18334
9485 9589 -18514
9486 9589 -18474
9487 9539 -18354
9488 9449 -18086
9489 9465 -18170
9490 9557 -18330
9491 9541 -18310
9492 9479 -18138
9493 9445 -18106
9494 9413 -18034
9495 9453 -18114
9496 9431 -18066
9497 9463 -18210
9498 9417 -18082
9499 9459 -18142
9500 9399 -18014
9501 9405 -18066
9502 9411 -18070
9503 9389 -18034
9504 9435 -18194
9505 9451 -18174
9506 9451 -18174
9507 9503 -18310
9508 9447 -18126
9509 9429 -18090
9510 9383 -18054
9511 9459 -18222
9512 9477 -18190
9513 9481 -18146
9514 9497 -18210
9515 9495 -18170
9516 9403 -18002
9517 9471 -18170
9518 9471 -18226
9519 9403 -17998
9520 9465 -18038
9521 9543 -18326
9522 9573 -18394
9523 9583 -18450
9524 9563 -18410
9525 9569 -18426
9526 9539 -18394
9527 9451 -18182
9528 9467 -18218
9529 9437 -18098
9530 9479 -18246
9531 9501 -18230
9532 9511 -18274
9533 9515 -18250
9534 9429 -18042
9535 9395 -17926
9536 9365 -17922
9537 9399 -18038
9538 9413 -18110
9539 9481 -18226
9540 9517 -18270
9541 9541 -18238
9542 9561 -18386
9543 9547 -18306
9544 9515 -18186
9545 9459 -18130
9546 9439 -18062
9547 9399 -17998
9548 9361 -17930
9549 9365 -17958
9550 9369 -17842
9551 9469 -18214
9552 9473 -18162
9553 9493 -18158
9554 9495 -18202
9555 9501 -18234
9556 9453 -18106
9557 9445 -18170
9558 9477 -18278
9559 9495 -18302
9560 9465 -18254
9561 9459 -18242
9562 9439 -18178
9563 9453 -18214
9564 9387 -18066
9565 9437 -18186
9566 9365 -17998
9567 9417 -17998
9568 9429 -18054
9569 9469 -18218
9570 9475 -18266
9571 9451 -18310
9572 9443 -18302
9573 9433 -18238
9574 9437 -18210
9575 9379 -18162
9576 9447 -18242
9577 9483 -18294
9578 9455 -18102
9579 9439 -18030
9580 9447 -18006
9581 9507 -18226
9582 9499 -18214
9583 9411 -17970
9584 9409 -17946
9585 9395 -17918
9586 9467 -18130
9587 9491 -18166
9588 9529 -18290
9589 9489 -18146
9590 9519 -18306
9591 9451 -18046
9592 9531 -18298
9593 9535 -18282
9594 9521 -18250
9595 9525 -18262
9596 9471 -18130
9597 9417 -17998
9598 9459 -18114
9599 9493 -18298
9600 9449 -18154
9601 9383 -18074
9602 9387 -18042
9603 9277 -17718
9604 9379 -18046
9605 9299 -17790
9606 9403 -18126
9607 9451 -18174
9608 9475 -18078
9609 9475 -18118
9610 9469 -18174
9611 9459 -18186
9612 9513 -18330
9613 9477 -18254
9614 9529 -18338
9615 9449 -18178
9616 9465 -18238
9617 9377 -18062
9618 9405 -17978
9619 9459 -18138
9620 9477 -18194
9621 9459 -18114
9622 9411 -17982
9623 9485 -18254
9624 9467 -18282
9625 9477 -18166
9626 9393 -18018
9627 9377 -17962
9628 9403 -18134
9629 9409 -18210
9630 9413 -18138
9631 9457 -18190
9632 9457 -18226
9633 9525 -18326
9634 9433 -18066
9635 9427 -18142
9636 9393 -18070
9637 9417 -18102
9638 9411 -18114
9639 9417 -18178
9640 9453 -18206
9641 9471 -18174
9642 9427 -18022
9643 9485 -18158
9644 9509 -18338
9645 9475 -18238
9646 9453 -18178
9647 9505 -18366
9648 9537 -18382
9649 9507 -18258
9650 9475 -18154
9651 9473 -18074
9652 9475 -18066
9653 9509 -18318
9654 9529 -18318
9655 9547 -18414
9656 9535 -18394
9657 9551 -18406
9658 9615 -18590
9659 9545 -18410
9660 9517 -18274
9661 9523 -18338
9662 9503 -18358
9663 9549 -18346
9664 9531 -18294
9665 9461 -18122
9666 9457 -18178
9667 9409 -18066
9668 9397 -17950
9669 9429 -18042
9670 9481 -18082
9671 9467 -18054
9672 9461 -18138
9673 9501 -18274
9674 9455 -18206
9675 9409 -18062
9676 9405 -18050
9677 9487 -18318
9678 9495 -18418
9679 9451 -18282
9680 9453 -18286
9681 9413 -18194
9682 9463 -18206
9683 9453 -18226
9684 9443 -18066
9685 9465 -18166
9686 9527 -18346
9687 9525 -18258
9688 9555 -18410
9689 9569 -18370
9690 9539 -18246
9691 9567 -18394
9692 9621 -18510
9693 9531 -18286
9694 9471 -18094
9695 9459 -18122
9696 9519 -18262
9697 9505 -18318
9698 9511 -18350
9699 9555 -18430
9700 9487 -18198
9701 9547 -18410
9702 9521 -18314
9703 9527 -18354
9704 9545 -18438
9705 9481 -18226
9706 9553 -18386
9707 9553 -18390
9708 9621 -18658
9709 9605 -18606
9710 9543 -18350
9711 9421 -18134
9712 9427 -18110
9713 9417 -18050
9714 9425 -18010
9715 9323 -17774
9716 9371 -17942
9717 9391 -17978
9718 9477 -18258
9719 9513 -18390
9720 9531 -18390
9721 9549 -18346
9722 9477 -18126
9723 9435 -18074
9724 9481 -18238
9725 9441 -18138
9726 9475 -18206
9727 9507 -18258
9728 9549 -18402
9729 9591 -18470
9730 9635 -18590
9731 9527 -18330
9732 9419 -18070
9733 9451 -18214
9734 9439 -18210
9735 9483 -18258
9736 9503 -18242
9737 9475 -18214
9738 9457 -18206
9739 9397 -18042
9740 9395 -17942
9741 9399 -18042
9742 9471 -18230
9743 9527 -18490
9744 9523 -18446
9745 9561 -18498
9746 9483 -18278
9747 9489 -18358
9748 9355 -18054
9749 9345 -17950
9750 9309 -17874
9751 9341 -17922
9752 9449 -18222
9753 9409 -18174
9754 9427 -18170
9755 9375 -18102
9756 9419 -18234
9757 9441 -18154
9758 9459 -18170
9759 9523 -18286
9760 9549 -18346
9761 9493 -18226
9762 9539 -18386
9763 9441 -18110
9764 9413 -18014
9765 9349 -17934
9766 9433 -18054
9767 9447 -18086
9768 9509 -18398
9769 9489 -18342
9770 9531 -18438
9771 9491 -18198
9772 9511 -18278
9773 9455 -18198
9774 9469 -18202
9775 9453 -18086
9776 9379 -17954
9777 9419 -18094
9778 9527 -18374
9779 9447 -18078
9780 9509 -18274
9781 9475 -18186
9782 9505 -18310
9783 9519 -18306
9784 9491 -18210
9785 9525 -18382
9786 9507 -18314
9787 9533 -18386
9788 9511 -18286
9789 9501 -18262
9790 9565 -18426
9791 9639 -18546
9792 9545 -18294
9793 9509 -18266
9794 9491 -18130
9795 9587 -18414
9796 9535 -18354
9797 9451 -18190
9798 9447 -18194
9799 9567 -18470
9800 9481 -18174
9801 9467 -18226
9802 9483 -18294
9803 9431 -18166
9804 9427 -18174
9805 9419 -18130
9806 9467 -18282
9807 9473 -18354
9808 9423 -18262
9809 9501 -18446
9810 9499 -18362
9811 9457 -18222
9812 9417 -18098
9813 9371 -18022
9814 9363 -17974
9815 9365 -17974
9816 9411 -18078
9817 9435 -18202
9818 9427 -18190
9819 9389 -18174
9820 9379 -18106
9821 9355 -18022
9822 9363 -18106
9823 9469 -18334
9824 9421 -18210
9825 9377 -18090
9826 9337 -17962
9827 9341 -17950
9828 9423 -18098
9829 9419 -18162
9830 9449 -18170
9831 9437 -18118
9832 9413 -17978
9833 9447 -18022
9834 9543 -18302
9835 9545 -18206
9836 9495 -18178
9837 9575 -18434
9838 9563 -18430
9839 9479 -18094
9840 9451 -18094
9841 9501 -18246
9842 9467 -18206
9843 9451 -18154
9844 9419 -18054
9845 9437 -18062
9846 9407 -18062
9847 9485 -18102
9848 9505 -18182
9849 9511 -18282
9850 9553 -18450
9851 9507 -18330
9852 9383 -18038
9853 9439 -18178
9854 9421 -18086
9855 9479 -18190
9856 9469 -18166
9857 9415 -18038
9858 9449 -18118
9859 9459 -18298
9860 9477 -18210
9861 9457 -18206
9862 9429 -18202
9863 9493 -18402
9864 9419 -18238
9865 9429 -18126
9866 9451 -18166
9867 9483 -18322
9868 9499 -18310
9869 9479 -18242
9870 9443 -18190
9871 9377 -17894
9872 9361 -18042
9873 9399 -18166
9874 9393 -18142
9875 9503 -18346
9876 9499 -18326
9877 9519 -18294
9878 9507 -18254
9879 9455 -18154
9880 9431 -17994
9881 9531 -18290
9882 9497 -18234
9883 9409 -17958
9884 9411 -18050
9885 9463 -18182
9886 9431 -18014
9887 9495 -18178
9888 9505 -18210
9889 9497 -18178
9890 9569 -18378
9891 9549 -18314
9892 9487 -18254
9893 9391 -17954
9894 9505 -18258
9895 9573 -18402
9896 9575 -18346
9897 9605 -18470
9898 9535 -18286
9899 9535 -18222
9900 9545 -18330
9901 9589 -18518
9902 9541 -18362
9903 9509 -18282
9904 9483 -18198
9905 9517 -18338
9906 9493 -18258
9907 9485 -18250
9908 9447 -18046
9909 9467 -18158
9910 9477 -18238
9911 9421 -18070
9912 9437 -18190
9913 9503 -18298
9914 9483 -18230
9915 9379 -18026
9916 9391 -17990
9917 9459 -18050
9918 9529 -18290
9919 9503 -18222
9920 9441 -18106
9921 9515 -18318
9922 9451 -18138
9923 9395 -17986
9924 9467 -18146
9925 9507 -18278
9926 9537 -18350
9927 9557 -18346
9928 9603 -18582
9929 9561 -18362
9930 9527 -18258
9931 9547 -18326
9932 9589 -18426
9933 9609 -18534
9934 9577 -18402
9935 9507 -18310
9936 9509 -18238
9937 9489 -18238
9938 9423 -18122
9939 9383 -18010
9940 9353 -17946
9941 9425 -18146
9942 9429 -18090
9943 9457 -18226
9944 9451 -18194
9945 9475 -18218
9946 9425 -18042
9947 9431 -17942
9948 9415 -18006
9949 9437 -18058
9950 9429 -18114
9951 9463 -18186
9952 9543 -18358
9953 9525 -18310
9954 9535 -18270
9955 9489 -18186
9956 9479 -18182
9957 9499 -18270
9958 9461 -18218
9959 9423 -18122
9960 9395 -18078
9961 9411 -18022
9962 9495 -18206
9963 9589 -18506
9964 9507 -18182
9965 9447 -18078
9966 9437 -18066
9967 9449 -18082
9968 9401 -17974
9969 9385 -17922
9970 9381 -18038
9971 9331 -17850
9972 9371 -18022
9973 9389 -18110
9974 9351 -17918
9975 9439 -18122
9976 9351 -17994
9977 9413 -18102
9978 9447 -18122
9979 9495 -18218
9980 9453 -18090
9981 9443 -17966
9982 9431 -18034
9983 9365 -17850
9984 9403 -18078
9985 9465 -18110
9986 9459 -18206
9987 9531 -18274
9988 9581 -18514
9989 9559 -18394
9990 9585 -18470
9991 9575 -18358
9992 9613 -18462
9993 9571 -18374
9994 9567 -18378
9995 9515 -18230
9996 9493 -18250
9997 9525 -18362
9998 9529 -18326
9999 9535 -18290
