0 9975 -19586
1 9795 -18958
2 9661 -18622
3 9689 -18694
4 9627 -18562
5 9587 -18414
6 9627 -18470
7 9637 -18514
8 9619 -18450
9 9629 -18542
10 9593 -18446
11 9491 -18154
12 9555 -18362
13 9557 -18322
14 9551 -18366
15 9471 -18126
16 9545 -18374
17 9581 -18446
18 9597 -18370
19 9593 -18474
20 9593 -18450
21 9617 -18458
22 9553 -18378
23 9553 -18270
24 9523 -18218
25 9587 -18366
26 9557 -18354
27 9547 -18422
28 9515 -18262
29 9499 -18154
30 9639 -18494
31 9603 -18466
32 9685 -18766
33 9593 -18478
34 9557 -18422
35 9539 -18362
36 9537 -18354
37 9499 -18270
38 9383 -17998
39 9425 -18090
40 9503 -18278
41 9535 -18358
42 9567 -18490
43 9433 -18194
44 9417 -18150
45 9473 -18210
46 9487 -18234
47 9457 -18218
48 9441 -18198
49 9421 -18018
50 9431 -18122
51 9455 -18178
52 9507 -18354
53 9529 -18426
54 9561 -18378
55 9549 -18382
56 9489 -18266
57 9479 -18294
58 9447 -18238
59 9385 -18038
60 9359 -17982
61 9347 -17982
62 9385 -18098
63 9335 -17922
64 9415 -18082
65 9449 -18098
66 9527 -18362
67 9503 -18290
68 9493 -18266
69 9525 -18366
70 9571 -18530
71 9537 -18386
72 9521 -18322
73 9609 -18574
74 9497 -18298
75 9491 -18226
76 9459 -18230
77 9487 -18302
78 9443 -18274
79 9445 -18314
80 9405 -18114
81 9443 -18098
82 9473 -18182
83 9439 -18054
84 9475 -18222
85 9465 -18234
86 9475 -18238
87 9445 -18078
88 9469 -18234
89 9493 -18250
90 9443 -18146
91 9467 -18278
92 9437 -18166
93 9419 -18034
94 9451 -18102
95 9401 -17990
96 9363 -17918
97 9457 -18190
98 9499 -18282
99 9475 -18214
100 9515 -18334
101 9547 -18310
102 9549 -18362
103 9505 -18150
104 9543 -18262
105 9575 -18394
106 9573 -18362
107 9549 -18338
108 9523 -18342
109 9541 -18378
110 9541 -18366
111 9557 -18338
112 9565 -18402
113 9505 -18246
114 9553 -18414
115 9571 -18438
116 9575 -18502
117 9495 -18358
118 9543 -18406
119 9539 -18314
120 9507 -18194
121 9527 -18230
122 9561 -18450
123 9613 -18534
124 9549 -18374
125 9585 -18386
126 9613 -18490
127 9619 -18606
128 9553 -18454
129 9499 -18306
130 9469 -18190
131 9439 -18194
132 9479 -18246
133 9477 -18230
134 9543 -18318
135 9565 -18462
136 9549 -18378
137 9631 -18618
138 9579 -18490
139 9559 -18430
140 9589 -18462
141 9571 -18442
142 9569 -18510
143 9515 -18378
144 9541 -18414
145 9513 -18334
146 9459 -18238
147 9495 -18382
148 9471 -18262
149 9573 -18454
150 9577 -18426
151 9629 -18526
152 9569 -18362
153 9585 -18374
154 9605 -18442
155 9595 -18462
156 9573 -18386
157 9581 -18422
158 9629 -18510
159 9615 -18582
160 9533 -18334
161 9491 -18270
162 9457 -18054
163 9559 -18358
164 9589 -18422
165 9573 -18414
166 9635 -18578
167 9541 -18270
168 9629 -18554
169 9607 -18582
170 9573 -18442
171 9595 -18506
172 9603 -18506
173 9581 -18498
174 9475 -18174
175 9457 -18226
176 9505 -18270
177 9485 -18238
178 9473 -18190
179 9499 -18370
180 9519 -18450
181 9493 -18330
182 9465 -18150
183 9455 -18082
184 9507 -18238
185 9525 -18298
186 9463 -18102
187 9449 -18174
188 9423 -18082
189 9469 -18210
190 9491 -18390
191 9377 -18086
192 9331 -18050
193 9303 -17866
194 9357 -17974
195 9437 -18202
196 9433 -18142
197 9473 -18350
198 9429 -18214
199 9503 -18302
200 9543 -18470
201 9511 -18354
202 9551 -18406
203 9505 -18386
204 9415 -18106
205 9469 -18314
206 9507 -18342
207 9481 -18278
208 9543 -18418
209 9467 -18166
210 9485 -18310
211 9407 -18126
212 9381 -18066
213 9415 -18118
214 9383 -18038
215 9429 -18218
216 9459 -18230
217 9465 -18218
218 9469 -18234
219 9525 -18398
220 9523 -18418
221 9477 -18270
222 9521 -18338
223 9621 -18630
224 9607 -18598
225 9613 -18498
226 9527 -18350
227 9571 -18458
228 9635 -18590
229 9583 -18486
230 9583 -18394
231 9597 -18450
232 9593 -18550
233 9587 -18466
234 9571 -18406
235 9635 -18494
236 9673 -18622
237 9633 -18538
238 9623 -18534
239 9647 -18614
240 9669 -18654
241 9639 -18518
242 9649 -18542
243 9629 -18490
244 9591 -18386
245 9587 -18434
246 9581 -18446
247 9543 -18334
248 9435 -18026
249 9517 -18266
250 9491 -18270
251 9379 -17954
252 9473 -18214
253 9591 -18554
254 9605 -18502
255 9609 -18430
256 9645 -18570
257 9571 -18314
258 9571 -18338
259 9623 -18538
260 9609 -18462
261 9591 -18442
262 9581 -18494
263 9465 -18190
264 9489 -18202
265 9509 -18322
266 9495 -18246
267 9467 -18154
268 9461 -18138
269 9489 -18210
270 9519 -18266
271 9535 -18342
272 9461 -18138
273 9501 -18294
274 9487 -18234
275 9563 -18386
276 9491 -18210
277 9433 -18134
278 9459 -18146
279 9525 -18330
280 9559 -18398
281 9537 -18402
282 9581 -18514
283 9483 -18190
284 9485 -18218
285 9503 -18226
286 9533 -18342
287 9581 -18458
288 9489 -18274
289 9523 -18418
290 9531 -18402
291 9523 -18254
292 9485 -18226
293 9473 -18230
294 9491 -18282
295 9487 -18362
296 9547 -18458
297 9469 -18250
298 9421 -18062
299 9507 -18254
300 9533 -18286
301 9571 -18410
302 9543 -18310
303 9617 -18486
304 9589 -18354
305 9563 -18442
306 9543 -18382
307 9557 -18402
308 9477 -18286
309 9489 -18310
310 9541 -18366
311 9537 -18346
312 9533 -18354
313 9493 -18250
314 9489 -18242
315 9515 -18218
316 9529 -18354
317 9597 -18434
318 9579 -18458
319 9537 -18338
320 9499 -18246
321 9539 -18358
322 9561 -18378
323 9527 -18398
324 9475 -18282
325 9497 -18242
326 9505 -18238
327 9475 -18174
328 9497 -18274
329 9507 -18254
330 9577 -18442
331 9447 -18046
332 9579 -18406
333 9605 -18514
334 9607 -18510
335 9623 -18562
336 9659 -18590
337 9719 -18802
338 9677 -18666
339 9635 -18562
340 9503 -18170
341 9529 -18302
342 9539 -18390
343 9555 -18370
344 9543 -18250
345 9621 -18510
346 9501 -18166
347 9557 -18314
348 9609 -18510
349 9585 -18434
350 9579 -18374
351 9597 -18494
352 9593 -18490
353 9597 -18510
354 9563 -18422
355 9521 -18234
356 9423 -18014
357 9433 -17990
358 9411 -18050
359 9437 -18094
360 9523 -18282
361 9563 -18414
362 9561 -18390
363 9531 -18342
364 9519 -18322
365 9555 -18382
366 9535 -18346
367 9539 -18330
368 9535 -18358
369 9501 -18342
370 9533 -18410
371 9543 -18418
372 9497 -18266
373 9445 -18206
374 9445 -18302
375 9543 -18426
376 9561 -18446
377 9515 -18302
378 9533 -18282
379 9529 -18274
380 9539 -18346
381 9499 -18222
382 9479 -18238
383 9543 -18314
384 9525 -18250
385 9559 -18362
386 9603 -18546
387 9571 -18506
388 9557 -18378
389 9609 -18514
390 9613 -18486
391 9659 -18646
392 9565 -18366
393 9573 -18494
394 9587 -18414
395 9557 -18370
396 9621 -18590
397 9599 -18474
398 9555 -18450
399 9547 -18470
400 9567 -18442
401 9501 -18262
402 9553 -18326
403 9537 -18366
404 9569 -18470
405 9527 -18310
406 9505 -18290
407 9577 -18510
408 9631 -18606
409 9593 -18506
410 9643 -18586
411 9581 -18394
412 9595 -18450
413 9553 -18390
414 9491 -18290
415 9445 -18250
416 9455 -18238
417 9409 -18078
418 9375 -18002
419 9409 -18094
420 9417 -18094
421 9467 -18214
422 9561 -18418
423 9573 -18422
424 9535 -18422
425 9459 -18222
426 9547 -18482
427 9523 -18350
428 9517 -18378
429 9369 -17994
430 9463 -18182
431 9397 -18070
432 9443 -18270
433 9475 -18254
434 9497 -18266
435 9455 -18106
436 9521 -18270
437 9451 -18106
438 9449 -18154
439 9503 -18306
440 9489 -18282
441 9523 -18326
442 9517 -18294
443 9573 -18550
444 9613 -18558
445 9585 -18418
446 9585 -18402
447 9509 -18194
448 9547 -18382
449 9443 -18078
450 9495 -18262
451 9409 -18026
452 9437 -18130
453 9407 -18146
454 9477 -18258
455 9517 -18310
456 9463 -18234
457 9467 -18318
458 9423 -18202
459 9463 -18154
460 9445 -18082
461 9487 -18186
462 9511 -18258
463 9523 -18338
464 9463 -18174
465 9403 -18010
466 9441 -18146
467 9495 -18234
468 9459 -18150
469 9429 -18050
470 9549 -18354
471 9563 -18358
472 9563 -18422
473 9489 -18146
474 9469 -18194
475 9555 -18430
476 9555 -18390
477 9525 -18306
478 9573 -18478
479 9473 -18106
480 9509 -18254
481 9427 -18118
482 9489 -18310
483 9515 -18318
484 9563 -18394
485 9545 -18314
486 9577 -18466
487 9603 -18538
488 9557 -18382
489 9621 -18590
490 9497 -18214
491 9511 -18270
492 9477 -18206
493 9513 -18286
494 9529 -18286
495 9531 -18282
496 9483 -18218
497 9431 -18174
498 9369 -18046
499 9453 -18254
500 9463 -18158
501 9445 -18274
502 9391 -18034
503 9445 -18090
504 9485 -18302
505 9473 -18150
506 9549 -18346
507 9515 -18210
508 9589 -18378
509 9549 -18350
510 9651 -18594
511 9649 -18598
512 9613 -18518
513 9531 -18266
514 9535 -18294
515 9525 -18230
516 9473 -18142
517 9535 -18306
518 9543 -18382
519 9605 -18470
520 9567 -18342
521 9513 -18298
522 9525 -18298
523 9559 -18438
524 9555 -18378
525 9493 -18254
526 9435 -18066
527 9453 -18150
528 9405 -18098
529 9343 -17890
530 9353 -17906
531 9381 -18042
532 9407 -18082
533 9441 -18178
534 9441 -18102
535 9411 -18106
536 9453 -18142
537 9419 -18090
538 9399 -18058
539 9505 -18310
540 9505 -18270
541 9503 -18286
542 9531 -18290
543 9523 -18242
544 9579 -18390
545 9645 -18634
546 9591 -18534
547 9599 -18562
548 9653 -18610
549 9617 -18570
550 9617 -18622
551 9589 -18418
552 9529 -18250
553 9561 -18354
554 9529 -18214
555 9599 -18498
556 9585 -18426
557 9589 -18438
558 9637 -18614
559 9629 -18626
560 9529 -18394
561 9553 -18418
562 9411 -18126
563 9493 -18378
564 9449 -18306
565 9431 -18218
566 9419 -18162
567 9411 -18070
568 9457 -18322
569 9511 -18458
570 9437 -18214
571 9475 -18266
572 9455 -18234
573 9477 -18358
574 9537 -18454
575 9529 -18354
576 9551 -18338
577 9535 -18418
578 9455 -18142
579 9389 -18194
580 9425 -18090
581 9353 -17954
582 9403 -18134
583 9417 -18226
584 9451 -18342
585 9405 -18190
586 9375 -18090
587 9437 -18298
588 9421 -18194
589 9449 -18190
590 9473 -18178
591 9541 -18274
592 9557 -18382
593 9579 -18346
594 9605 -18418
595 9581 -18406
596 9541 -18326
597 9521 -18330
598 9589 -18442
599 9589 -18414
600 9553 -18406
601 9533 -18330
602 9539 -18314
603 9531 -18298
604 9543 -18310
605 9557 -18526
606 9573 -18506
607 9595 -18614
608 9581 -18598
609 9503 -18318
610 9461 -18178
611 9405 -18042
612 9355 -18026
613 9417 -18210
614 9469 -18214
615 9455 -18290
616 9501 -18318
617 9521 -18278
618 9517 -18358
619 9517 -18374
620 9505 -18322
621 9489 -18322
622 9481 -18274
623 9453 -18170
624 9501 -18338
625 9507 -18390
626 9565 -18410
627 9601 -18530
628 9563 -18382
629 9579 -18398
630 9601 -18554
631 9551 -18462
632 9545 -18442
633 9525 -18358
634 9427 -18074
635 9411 -18042
636 9439 -18222
637 9521 -18294
638 9501 -18386
639 9459 -18266
640 9449 -18198
641 9505 -18334
642 9487 -18170
643 9559 -18330
644 9499 -18218
645 9599 -18482
646 9579 -18514
647 9561 -18518
648 9531 -18382
649 9525 -18342
650 9565 -18374
651 9651 -18654
652 9675 -18722
653 9579 -18446
654 9547 -18402
655 9461 -18214
656 9445 -18198
657 9409 -18186
658 9479 -18306
659 9417 -18070
660 9513 -18282
661 9581 -18550
662 9513 -18394
663 9431 -18158
664 9511 -18362
665 9511 -18402
666 9513 -18350
667 9481 -18210
668 9489 -18214
669 9517 -18282
670 9601 -18502
671 9611 -18510
672 9547 -18270
673 9545 -18350
674 9541 -18402
675 9487 -18270
676 9527 -18306
677 9543 -18314
678 9559 -18370
679 9567 -18394
680 9567 -18418
681 9595 -18458
682 9553 -18402
683 9495 -18202
684 9511 -18322
685 9509 -18222
686 9539 -18406
687 9499 -18366
688 9525 -18418
689 9445 -18218
690 9451 -18234
691 9481 -18270
692 9459 -18134
693 9529 -18326
694 9475 -18166
695 9441 -18010
696 9411 -18042
697 9465 -18102
698 9457 -18126
699 9453 -18194
700 9457 -18254
701 9545 -18322
702 9483 -18278
703 9505 -18310
704 9513 -18346
705 9449 -18258
706 9405 -18118
707 9343 -17938
708 9397 -18150
709 9375 -17994
710 9469 -18246
711 9579 -18406
712 9547 -18418
713 9677 -18670
714 9649 -18634
715 9645 -18578
716 9659 -18650
717 9633 -18574
718 9683 -18750
719 9607 -18506
720 9601 -18482
721 9623 -18542
722 9633 -18538
723 9575 -18434
724 9585 -18438
725 9595 -18462
726 9651 -18670
727 9573 -18514
728 9507 -18198
729 9543 -18354
730 9557 -18434
731 9509 -18266
732 9493 -18250
733 9501 -18270
734 9465 -18182
735 9489 -18230
736 9579 -18442
737 9503 -18262
738 9537 -18342
739 9519 -18286
740 9513 -18254
741 9563 -18478
742 9503 -18218
743 9465 -18142
744 9525 -18290
745 9501 -18278
746 9575 -18418
747 9509 -18298
748 9555 -18382
749 9545 -18386
750 9587 -18522
751 9565 -18434
752 9609 -18586
753 9579 -18498
754 9539 -18406
755 9583 -18474
756 9531 -18258
757 9545 -18262
758 9611 -18518
759 9559 -18430
760 9565 -18450
761 9427 -18062
762 9481 -18266
763 9481 -18298
764 9541 -18454
765 9549 -18414
766 9549 -18338
767 9431 -18074
768 9391 -18006
769 9423 -18066
770 9489 -18330
771 9483 -18322
772 9499 -18274
773 9521 -18318
774 9475 -18230
775 9519 -18342
776 9487 -18206
777 9467 -18114
778 9469 -18182
779 9499 -18306
780 9543 -18378
781 9557 -18370
782 9577 -18474
783 9617 -18582
784 9579 -18462
785 9595 -18474
786 9571 -18454
787 9595 -18542
788 9561 -18410
789 9605 -18626
790 9597 -18574
791 9621 -18646
792 9573 -18458
793 9523 -18382
794 9579 -18574
795 9551 -18350
796 9521 -18366
797 9481 -18318
798 9543 -18402
799 9439 -18098
800 9489 -18250
801 9533 -18438
802 9509 -18294
803 9533 -18270
804 9551 -18422
805 9521 -18418
806 9535 -18450
807 9499 -18470
808 9529 -18402
809 9483 -18222
810 9551 -18390
811 9561 -18498
812 9513 -18402
813 9497 -18322
814 9389 -18138
815 9381 -18150
816 9365 -18006
817 9367 -18002
818 9405 -18118
819 9443 -18034
820 9469 -18078
821 9511 -18314
822 9465 -18138
823 9491 -18298
824 9447 -18258
825 9417 -18254
826 9393 -18258
827 9381 -18106
828 9405 -18194
829 9487 -18474
830 9559 -18534
831 9545 -18458
832 9565 -18502
833 9623 -18642
834 9551 -18386
835 9523 -18314
836 9511 -18278
837 9571 -18406
838 9549 -18350
839 9475 -18226
840 9483 -18294
841 9511 -18454
842 9507 -18334
843 9495 -18262
844 9497 -18238
845 9561 -18454
846 9513 -18302
847 9525 -18390
848 9525 -18350
849 9585 -18558
850 9587 -18462
851 9541 -18358
852 9583 -18430
853 9593 -18474
854 9579 -18518
855 9559 -18542
856 9481 -18218
857 9457 -18126
858 9501 -18274
859 9511 -18298
860 9561 -18398
861 9577 -18422
862 9547 -18358
863 9567 -18326
864 9609 -18494
865 9591 -18442
866 9561 -18334
867 9591 -18394
868 9515 -18158
869 9505 -18130
870 9537 -18286
871 9459 -18170
872 9505 -18250
873 9571 -18430
874 9587 -18494
875 9569 -18398
876 9507 -18358
877 9547 -18434
878 9655 -18590
879 9613 -18550
880 9597 -18462
881 9537 -18390
882 9429 -18162
883 9411 -18162
884 9443 -18230
885 9435 -18174
886 9431 -18250
887 9373 -18154
888 9389 -18066
889 9381 -18022
890 9447 -18146
891 9377 -18042
892 9529 -18374
893 9467 -18226
894 9499 -18310
895 9475 -18314
896 9491 -18338
897 9463 -18202
898 9453 -18154
899 9467 -18190
900 9477 -18214
901 9485 -18190
902 9431 -18042
903 9495 -18262
904 9443 -18166
905 9531 -18374
906 9485 -18226
907 9559 -18434
908 9563 -18422
909 9573 -18430
910 9623 -18542
911 9573 -18502
912 9549 -18446
913 9549 -18318
914 9539 -18422
915 9421 -18182
916 9439 -18170
917 9353 -17866
918 9303 -17738
919 9379 -18018
920 9337 -17934
921 9481 -18306
922 9453 -18182
923 9491 -18258
924 9499 -18258
925 9561 -18422
926 9483 -18226
927 9563 -18466
928 9545 -18462
929 9537 -18450
930 9567 -18422
931 9533 -18350
932 9599 -18482
933 9609 -18586
934 9579 -18490
935 9631 -18618
936 9701 -18822
937 9663 -18666
938 9609 -18450
939 9557 -18310
940 9557 -18334
941 9589 -18474
942 9579 -18406
943 9551 -18334
944 9501 -18226
945 9497 -18294
946 9553 -18366
947 9557 -18378
948 9549 -18406
949 9539 -18294
950 9543 -18386
951 9549 -18374
952 9579 -18418
953 9513 -18306
954 9527 -18346
955 9485 -18130
956 9557 -18350
957 9549 -18378
958 9487 -18154
959 9543 -18310
960 9543 -18342
961 9597 -18498
962 9541 -18330
963 9559 -18410
964 9545 -18406
965 9529 -18306
966 9487 -18278
967 9421 -18162
968 9443 -18234
969 9449 -18298
970 9405 -18194
971 9411 -18178
972 9435 -18214
973 9385 -18226
974 9461 -18362
975 9447 -18290
976 9411 -18154
977 9449 -18210
978 9507 -18318
979 9523 -18370
980 9465 -18306
981 9441 -18206
982 9497 -18310
983 9411 -18162
984 9381 -18014
985 9435 -18126
986 9569 -18510
987 9539 -18378
988 9555 -18442
989 9581 -18490
990 9645 -18698
991 9609 -18558
992 9569 -18462
993 9609 -18530
994 9547 -18394
995 9581 -18434
996 9527 -18234
997 9575 -18330
998 9599 -18478
999 9625 -18546
1000 9619 -18482
1001 9607 -18442
1002 9619 -18518
1003 9557 -18362
1004 9573 -18370
1005 9589 -18458
1006 9555 -18362
1007 9535 -18330
1008 9535 -18354
1009 9557 -18334
1010 9523 -18222
1011 9557 -18286
1012 9589 -18442
1013 9587 -18550
1014 9541 -18326
1015 9567 -18482
1016 9489 -18310
1017 9487 -18218
1018 9585 -18486
1019 9595 -18590
1020 9581 -18474
1021 9599 -18514
1022 9537 -18458
1023 9491 -18266
1024 9515 -18362
1025 9505 -18346
1026 9521 -18454
1027 9563 -18470
1028 9539 -18410
1029 9545 -18438
1030 9533 -18330
1031 9599 -18506
1032 9577 -18458
1033 9609 -18494
1034 9601 -18442
1035 9597 -18382
1036 9569 -18318
1037 9545 -18298
1038 9529 -18298
1039 9523 -18306
1040 9529 -18266
1041 9473 -18214
1042 9487 -18254
1043 9509 -18194
1044 9537 -18306
1045 9589 -18402
1046 9529 -18262
1047 9509 -18258
1048 9485 -18198
1049 9501 -18234
1050 9585 -18486
1051 9525 -18258
1052 9627 -18626
1053 9603 -18530
1054 9595 -18438
1055 9559 -18374
1056 9637 -18574
1057 9559 -18362
1058 9473 -18178
1059 9541 -18314
1060 9539 -18306
1061 9483 -18178
1062 9461 -18150
1063 9441 -18122
1064 9467 -18242
1065 9505 -18206
1066 9475 -18198
1067 9469 -18182
1068 9479 -18166
1069 9515 -18206
1070 9559 -18386
1071 9573 -18358
1072 9587 -18466
1073 9635 -18594
1074 9611 -18530
1075 9623 -18578
1076 9541 -18426
1077 9465 -18266
1078 9513 -18338
1079 9455 -18130
1080 9467 -18330
1081 9477 -18338
1082 9517 -18338
1083 9557 -18406
1084 9551 -18306
1085 9499 -18286
1086 9507 -18282
1087 9495 -18266
1088 9477 -18310
1089 9501 -18346
1090 9579 -18450
1091 9563 -18498
1092 9529 -18318
1093 9491 -18230
1094 9477 -18238
1095 9509 -18414
1096 9541 -18410
1097 9557 -18434
1098 9547 -18318
1099 9503 -18238
1100 9479 -18230
1101 9505 -18286
1102 9531 -18254
1103 9569 -18402
1104 9545 -18374
1105 9545 -18394
1106 9503 -18246
1107 9555 -18450
1108 9551 -18398
1109 9557 -18254
1110 9557 -18294
1111 9537 -18266
1112 9549 -18306
1113 9513 -18222
1114 9549 -18314
1115 9451 -18062
1116 9557 -18434
1117 9575 -18458
1118 9533 -18310
1119 9559 -18374
1120 9589 -18398
1121 9605 -18466
1122 9609 -18526
1123 9605 -18566
1124 9567 -18434
1125 9573 -18374
1126 9591 -18446
1127 9619 -18554
1128 9673 -18634
1129 9583 -18442
1130 9615 -18486
1131 9597 -18434
1132 9471 -18114
1133 9497 -18226
1134 9499 -18282
1135 9559 -18470
1136 9567 -18578
1137 9535 -18538
1138 9601 -18606
1139 9617 -18618
1140 9655 -18718
1141 9639 -18586
1142 9591 -18502
1143 9501 -18214
1144 9551 -18338
1145 9509 -18234
1146 9539 -18338
1147 9447 -18086
1148 9505 -18230
1149 9533 -18290
1150 9527 -18246
1151 9499 -18238
1152 9507 -18290
1153 9485 -18210
1154 9563 -18354
1155 9577 -18394
1156 9499 -18218
1157 9517 -18266
1158 9485 -18230
1159 9423 -18102
1160 9419 -17994
1161 9505 -18218
1162 9489 -18186
1163 9507 -18234
1164 9557 -18466
1165 9481 -18198
1166 9441 -18082
1167 9527 -18326
1168 9609 -18550
1169 9601 -18486
1170 9627 -18542
1171 9579 -18446
1172 9427 -18034
1173 9457 -18198
1174 9499 -18242
1175 9459 -18222
1176 9513 -18306
1177 9465 -18142
1178 9449 -18086
1179 9453 -18002
1180 9539 -18286
1181 9575 -18426
1182 9559 -18406
1183 9485 -18162
1184 9513 -18250
1185 9531 -18294
1186 9483 -18210
1187 9545 -18350
1188 9611 -18498
1189 9611 -18566
1190 9595 -18550
1191 9543 -18374
1192 9507 -18298
1193 9553 -18394
1194 9563 -18434
1195 9453 -18202
1196 9519 -18358
1197 9459 -18210
1198 9521 -18438
1199 9465 -18330
1200 9485 -18350
1201 9439 -18294
1202 9461 -18306
1203 9467 -18278
1204 9471 -18298
1205 9383 -18070
1206 9417 -18214
1207 9431 -18302
1208 9333 -17922
1209 9365 -18098
1210 9433 -18286
1211 9429 -18130
1212 9549 -18414
1213 9501 -18318
1214 9565 -18502
1215 9557 -18554
1216 9509 -18494
1217 9489 -18362
1218 9491 -18346
1219 9493 -18298
1220 9449 -18158
1221 9389 -18106
1222 9433 -18282
1223 9497 -18342
1224 9413 -18174
1225 9415 -18110
1226 9511 -18314
1227 9513 -18262
1228 9577 -18394
1229 9533 -18250
1230 9535 -18266
1231 9547 -18370
1232 9571 -18454
1233 9489 -18286
1234 9471 -18242
1235 9469 -18290
1236 9553 -18402
1237 9531 -18310
1238 9527 -18266
1239 9449 -18154
1240 9511 -18290
1241 9433 -18134
1242 9503 -18210
1243 9457 -18186
1244 9457 -18230
1245 9519 -18322
1246 9501 -18206
1247 9555 -18406
1248 9521 -18294
1249 9533 -18378
1250 9545 -18358
1251 9509 -18274
1252 9503 -18254
1253 9523 -18322
1254 9511 -18322
1255 9505 -18218
1256 9527 -18338
1257 9569 -18406
1258 9547 -18426
1259 9591 -18546
1260 9585 -18498
1261 9521 -18366
1262 9537 -18426
1263 9483 -18330
1264 9471 -18266
1265 9445 -18166
1266 9425 -18134
1267 9479 -18186
1268 9507 -18298
1269 9467 -18158
1270 9483 -18198
1271 9503 -18250
1272 9495 -18170
1273 9519 -18266
1274 9549 -18482
1275 9511 -18298
1276 9535 -18286
1277 9569 -18430
1278 9569 -18386
1279 9563 -18346
1280 9655 -18558
1281 9661 -18594
1282 9681 -18678
1283 9691 -18694
1284 9659 -18602
1285 9583 -18510
1286 9629 -18542
1287 9551 -18354
1288 9505 -18222
1289 9461 -18126
1290 9505 -18150
1291 9513 -18246
1292 9529 -18354
1293 9555 -18410
1294 9549 -18422
1295 9521 -18334
1296 9535 -18354
1297 9559 -18438
1298 9557 -18414
1299 9587 -18462
1300 9505 -18286
1301 9411 -18042
1302 9477 -18262
1303 9461 -18262
1304 9433 -18190
1305 9399 -18010
1306 9487 -18222
1307 9451 -18178
1308 9497 -18282
1309 9503 -18306
1310 9479 -18358
1311 9517 -18366
1312 9495 -18310
1313 9543 -18422
1314 9559 -18406
1315 9563 -18362
1316 9549 -18342
1317 9537 -18414
1318 9533 -18294
1319 9525 -18338
1320 9537 -18330
1321 9523 -18306
1322 9539 -18366
1323 9515 -18326
1324 9591 -18498
1325 9581 -18490
1326 9573 -18406
1327 9523 -18346
1328 9537 -18310
1329 9531 -18250
1330 9473 -18234
1331 9463 -18142
1332 9485 -18366
1333 9501 -18362
1334 9439 -18214
1335 9477 -18302
1336 9463 -18214
1337 9471 -18282
1338 9513 -18310
1339 9497 -18346
1340 9513 -18338
1341 9515 -18390
1342 9489 -18294
1343 9525 -18334
1344 9499 -18346
1345 9491 -18330
1346 9491 -18306
1347 9487 -18286
1348 9515 -18350
1349 9505 -18354
1350 9499 -18326
1351 9595 -18518
1352 9579 -18430
1353 9541 -18330
1354 9527 -18366
1355 9571 -18326
1356 9587 -18450
1357 9559 -18338
1358 9551 -18382
1359 9563 -18474
1360 9573 -18426
1361 9617 -18482
1362 9553 -18326
1363 9569 -18482
1364 9493 -18310
1365 9487 -18270
1366 9509 -18362
1367 9511 -18282
1368 9513 -18338
1369 9511 -18318
1370 9553 -18542
1371 9515 -18246
1372 9549 -18406
1373 9511 -18354
1374 9521 -18326
1375 9521 -18362
1376 9479 -18226
1377 9493 -18302
1378 9545 -18350
1379 9551 -18366
1380 9575 -18458
1381 9515 -18274
1382 9543 -18334
1383 9493 -18238
1384 9499 -18262
1385 9459 -18166
1386 9457 -18074
1387 9493 -18226
1388 9477 -18302
1389 9465 -18278
1390 9475 -18162
1391 9517 -18186
1392 9515 -18266
1393 9561 -18330
1394 9503 -18258
1395 9545 -18338
1396 9617 -18534
1397 9577 -18366
1398 9503 -18254
1399 9441 -18166
1400 9487 -18134
1401 9563 -18386
1402 9569 -18438
1403 9581 -18450
1404 9485 -18222
1405 9515 -18266
1406 9453 -18158
1407 9461 -18262
1408 9491 -18322
1409 9519 -18366
1410 9543 -18402
1411 9527 -18378
1412 9495 -18374
1413 9469 -18314
1414 9489 -18318
1415 9509 -18362
1416 9523 -18262
1417 9509 -18314
1418 9475 -18270
1419 9455 -18210
1420 9487 -18222
1421 9423 -18110
1422 9489 -18258
1423 9535 -18374
1424 9555 -18502
1425 9479 -18278
1426 9457 -18186
1427 9465 -18306
1428 9491 -18370
1429 9567 -18654
1430 9515 -18442
1431 9573 -18582
1432 9477 -18390
1433 9499 -18342
1434 9523 -18358
1435 9563 -18458
1436 9619 -18566
1437 9571 -18474
1438 9487 -18218
1439 9519 -18258
1440 9487 -18218
1441 9483 -18246
1442 9475 -18234
1443 9555 -18414
1444 9601 -18466
1445 9585 -18426
1446 9541 -18354
1447 9501 -18246
1448 9447 -18138
1449 9449 -18102
1450 9487 -18274
1451 9509 -18306
1452 9525 -18318
1453 9513 -18326
1454 9549 -18350
1455 9597 -18406
1456 9551 -18370
1457 9537 -18334
1458 9515 -18294
1459 9501 -18322
1460 9577 -18558
1461 9573 -18510
1462 9539 -18350
1463 9511 -18230
1464 9529 -18338
1465 9529 -18330
1466 9581 -18494
1467 9587 -18498
1468 9577 -18442
1469 9605 -18546
1470 9525 -18330
1471 9523 -18362
1472 9493 -18322
1473 9495 -18302
1474 9555 -18438
1475 9507 -18246
1476 9517 -18258
1477 9537 -18270
1478 9559 -18270
1479 9521 -18214
1480 9573 -18462
1481 9577 -18522
1482 9537 -18478
1483 9557 -18506
1484 9475 -18294
1485 9459 -18294
1486 9473 -18362
1487 9473 -18342
1488 9457 -18258
1489 9463 -18258
1490 9471 -18278
1491 9421 -18082
1492 9287 -17850
1493 9373 -18182
1494 9417 -18302
1495 9369 -18142
1496 9423 -18210
1497 9451 -18246
1498 9439 -18234
1499 9563 -18598
1500 9513 -18434
1501 9501 -18406
1502 9465 -18266
1503 9435 -18094
1504 9383 -18058
1505 9489 -18330
1506 9517 -18326
1507 9453 -18226
1508 9461 -18102
1509 9535 -18286
1510 9573 -18426
1511 9561 -18390
1512 9545 -18354
1513 9497 -18234
1514 9483 -18182
1515 9485 -18242
1516 9465 -18130
1517 9551 -18398
1518 9591 -18594
1519 9519 -18350
1520 9539 -18326
1521 9503 -18282
1522 9559 -18350
1523 9543 -18298
1524 9577 -18402
1525 9505 -18186
1526 9505 -18318
1527 9523 -18290
1528 9533 -18390
1529 9577 -18434
1530 9615 -18474
1531 9557 -18398
1532 9569 -18542
1533 9513 -18318
1534 9559 -18446
1535 9601 -18486
1536 9581 -18370
1537 9577 -18402
1538 9587 -18394
1539 9613 -18466
1540 9619 -18494
1541 9581 -18378
1542 9593 -18406
1543 9663 -18642
1544 9559 -18378
1545 9551 -18470
1546 9525 -18366
1547 9599 -18526
1548 9551 -18422
1549 9569 -18462
1550 9567 -18454
1551 9545 -18286
1552 9535 -18262
1553 9539 -18286
1554 9535 -18302
1555 9509 -18230
1556 9549 -18358
1557 9505 -18290
1558 9547 -18354
1559 9535 -18426
1560 9535 -18462
1561 9557 -18478
1562 9595 -18494
1563 9611 -18554
1564 9587 -18586
1565 9533 -18402
1566 9489 -18282
1567 9439 -18146
1568 9471 -18234
1569 9511 -18330
1570 9543 -18366
1571 9585 -18530
1572 9555 -18394
1573 9627 -18574
1574 9613 -18538
1575 9563 -18382
1576 9673 -18622
1577 9617 -18462
1578 9635 -18522
1579 9627 -18550
1580 9667 -18618
1581 9627 -18494
1582 9647 -18530
1583 9613 -18558
1584 9551 -18394
1585 9591 -18498
1586 9503 -18302
1587 9541 -18402
1588 9533 -18266
1589 9521 -18438
1590 9585 -18474
1591 9515 -18294
1592 9543 -18446
1593 9569 -18498
1594 9553 -18414
1595 9599 -18570
1596 9567 -18470
1597 9567 -18418
1598 9591 -18454
1599 9597 -18458
1600 9551 -18274
1601 9523 -18222
1602 9527 -18174
1603 9573 -18298
1604 9541 -18190
1605 9545 -18258
1606 9559 -18362
1607 9541 -18326
1608 9527 -18338
1609 9517 -18326
1610 9519 -18386
1611 9469 -18282
1612 9517 -18318
1613 9527 -18354
1614 9481 -18218
1615 9535 -18462
1616 9445 -18234
1617 9431 -18194
1618 9533 -18454
1619 9591 -18578
1620 9537 -18354
1621 9523 -18326
1622 9521 -18310
1623 9545 -18362
1624 9567 -18354
1625 9549 -18358
1626 9513 -18362
1627 9513 -18282
1628 9523 -18274
1629 9529 -18326
1630 9549 -18402
1631 9569 -18430
1632 9507 -18242
1633 9525 -18238
1634 9495 -18154
1635 9461 -18114
1636 9505 -18222
1637 9467 -18198
1638 9593 -18466
1639 9587 -18514
1640 9551 -18346
1641 9633 -18650
1642 9569 -18490
1643 9493 -18282
1644 9467 -18158
1645 9407 -18074
1646 9415 -17942
1647 9437 -18186
1648 9419 -18090
1649 9459 -18194
1650 9467 -18254
1651 9523 -18390
1652 9529 -18378
1653 9495 -18270
1654 9529 -18282
1655 9493 -18274
1656 9471 -18210
1657 9553 -18410
1658 9589 -18494
1659 9511 -18274
1660 9523 -18246
1661 9475 -18054
1662 9571 -18378
1663 9569 -18382
1664 9497 -18286
1665 9449 -18210
1666 9499 -18246
1667 9531 -18338
1668 9519 -18322
1669 9467 -18130
1670 9557 -18366
1671 9585 -18486
1672 9571 -18478
1673 9609 -18638
1674 9581 -18554
1675 9553 -18386
1676 9571 -18426
1677 9609 -18502
1678 9593 -18498
1679 9527 -18302
1680 9601 -18510
1681 9557 -18350
1682 9537 -18262
1683 9501 -18198
1684 9541 -18354
1685 9557 -18394
1686 9561 -18370
1687 9469 -18134
1688 9505 -18246
1689 9535 -18282
1690 9519 -18218
1691 9539 -18306
1692 9651 -18658
1693 9617 -18482
1694 9597 -18406
1695 9599 -18474
1696 9565 -18330
1697 9575 -18386
1698 9577 -18462
1699 9537 -18334
1700 9627 -18518
1701 9555 -18414
1702 9533 -18362
1703 9513 -18250
1704 9533 -18322
1705 9529 -18306
1706 9487 -18210
1707 9571 -18382
1708 9567 -18498
1709 9553 -18446
1710 9505 -18214
1711 9529 -18302
1712 9531 -18318
1713 9481 -18194
1714 9475 -18110
1715 9463 -18138
1716 9517 -18266
1717 9563 -18370
1718 9613 -18474
1719 9579 -18374
1720 9597 -18474
1721 9651 -18554
1722 9649 -18566
1723 9653 -18650
1724 9677 -18762
1725 9621 -18502
1726 9543 -18390
1727 9533 -18318
1728 9427 -18034
1729 9523 -18362
1730 9513 -18370
1731 9517 -18350
1732 9519 -18258
1733 9525 -18362
1734 9531 -18318
1735 9495 -18194
1736 9509 -18210
1737 9565 -18438
1738 9575 -18486
1739 9531 -18314
1740 9519 -18234
1741 9515 -18198
1742 9499 -18162
1743 9511 -18234
1744 9501 -18278
1745 9519 -18394
1746 9469 -18302
1747 9499 -18266
1748 9461 -18234
1749 9519 -18306
1750 9495 -18182
1751 9505 -18322
1752 9537 -18482
1753 9531 -18394
1754 9541 -18406
1755 9499 -18238
1756 9541 -18338
1757 9449 -18138
1758 9489 -18218
1759 9503 -18298
1760 9477 -18326
1761 9455 -18326
1762 9439 -18294
1763 9393 -18078
1764 9291 -17726
1765 9401 -18006
1766 9483 -18218
1767 9491 -18202
1768 9499 -18210
1769 9467 -18118
1770 9467 -18166
1771 9527 -18338
1772 9541 -18278
1773 9561 -18486
1774 9565 -18450
1775 9557 -18346
1776 9575 -18386
1777 9617 -18494
1778 9611 -18518
1779 9575 -18442
1780 9565 -18434
1781 9559 -18562
1782 9537 -18382
1783 9495 -18326
1784 9529 -18418
1785 9585 -18510
1786 9571 -18498
1787 9493 -18290
1788 9479 -18138
1789 9475 -18214
1790 9491 -18214
1791 9489 -18234
1792 9497 -18274
1793 9551 -18442
1794 9547 -18366
1795 9487 -18162
1796 9527 -18402
1797 9547 -18434
1798 9561 -18462
1799 9519 -18306
1800 9561 -18470
1801 9541 -18482
1802 9527 -18418
1803 9475 -18234
1804 9569 -18474
1805 9547 -18338
1806 9559 -18286
1807 9503 -18218
1808 9555 -18378
1809 9491 -18222
1810 9461 -18186
1811 9495 -18310
1812 9527 -18342
1813 9557 -18458
1814 9609 -18626
1815 9545 -18406
1816 9505 -18294
1817 9497 -18342
1818 9521 -18330
1819 9533 -18398
1820 9573 -18470
1821 9507 -18322
1822 9605 -18566
1823 9607 -18534
1824 9663 -18690
1825 9617 -18598
1826 9629 -18726
1827 9629 -18702
1828 9583 -18450
1829 9589 -18490
1830 9565 -18434
1831 9545 -18346
1832 9539 -18318
1833 9563 -18370
1834 9609 -18502
1835 9609 -18546
1836 9547 -18430
1837 9623 -18642
1838 9581 -18506
1839 9503 -18378
1840 9535 -18414
1841 9515 -18446
1842 9491 -18430
1843 9433 -18278
1844 9451 -18338
1845 9487 -18478
1846 9457 -18346
1847 9397 -18246
1848 9351 -18182
1849 9257 -17934
1850 9173 -17798
1851 9317 -18090
1852 9305 -18090
1853 9357 -18254
1854 9433 -18346
1855 9363 -18130
1856 9391 -18314
1857 9403 -18294
1858 9437 -18370
1859 9467 -18398
1860 9511 -18394
1861 9473 -18374
1862 9447 -18334
1863 9483 -18430
1864 9471 -18414
1865 9493 -18402
1866 9463 -18222
1867 9449 -18194
1868 9535 -18330
1869 9547 -18458
1870 9571 -18530
1871 9549 -18446
1872 9521 -18482
1873 9475 -18394
1874 9413 -18194
1875 9373 -18150
1876 9361 -18090
1877 9371 -18154
1878 9403 -18250
1879 9377 -18174
1880 9339 -18218
1881 9399 -18246
1882 9431 -18358
1883 9465 -18446
1884 9495 -18490
1885 9455 -18246
1886 9437 -18310
1887 9405 -18166
1888 9361 -18134
1889 9369 -18134
1890 9403 -18278
1891 9341 -18074
1892 9345 -18094
1893 9351 -18102
1894 9429 -18290
1895 9473 -18294
1896 9477 -18338
1897 9451 -18250
1898 9525 -18406
1899 9531 -18390
1900 9611 -18650
1901 9563 -18498
1902 9549 -18314
1903 9487 -18278
1904 9603 -18414
1905 9577 -18346
1906 9521 -18262
1907 9555 -18398
1908 9543 -18306
1909 9663 -18606
1910 9671 -18654
1911 9643 -18586
1912 9647 -18626
1913 9567 -18342
1914 9615 -18542
1915 9521 -18318
1916 9523 -18314
1917 9557 -18366
1918 9589 -18422
1919 9619 -18442
1920 9581 -18382
1921 9583 -18370
1922 9565 -18414
1923 9611 -18550
1924 9661 -18718
1925 9599 -18478
1926 9503 -18270
1927 9535 -18306
1928 9579 -18442
1929 9571 -18410
1930 9585 -18494
1931 9517 -18418
1932 9539 -18446
1933 9619 -18522
1934 9645 -18602
1935 9607 -18470
1936 9627 -18554
1937 9653 -18602
1938 9645 -18606
1939 9601 -18426
1940 9635 -18506
1941 9525 -18194
1942 9603 -18538
1943 9577 -18462
1944 9663 -18686
1945 9609 -18534
1946 9545 -18466
1947 9473 -18234
1948 9439 -18158
1949 9461 -18346
1950 9457 -18238
1951 9415 -18114
1952 9431 -18182
1953 9429 -18142
1954 9451 -18230
1955 9481 -18206
1956 9471 -18234
1957 9521 -18354
1958 9515 -18358
1959 9545 -18370
1960 9477 -18254
1961 9477 -18302
1962 9475 -18290
1963 9539 -18422
1964 9511 -18326
1965 9483 -18286
1966 9453 -18230
1967 9467 -18250
1968 9455 -18174
1969 9501 -18238
1970 9523 -18338
1971 9509 -18270
1972 9413 -18062
1973 9413 -18078
1974 9479 -18314
1975 9403 -18070
1976 9507 -18378
1977 9477 -18158
1978 9493 -18266
1979 9483 -18250
1980 9569 -18494
1981 9563 -18422
1982 9547 -18434
1983 9533 -18330
1984 9513 -18258
1985 9531 -18222
1986 9537 -18238
1987 9533 -18250
1988 9557 -18298
1989 9553 -18358
1990 9487 -18162
1991 9557 -18378
1992 9557 -18450
1993 9479 -18250
1994 9569 -18430
1995 9469 -18058
1996 9563 -18330
1997 9517 -18342
1998 9499 -18342
1999 9513 -18318
2000 9455 -18138
2001 9419 -18046
2002 9471 -18162
2003 9409 -18030
2004 9501 -18206
2005 9523 -18342
2006 9525 -18346
2007 9515 -18274
2008 9549 -18446
2009 9519 -18402
2010 9529 -18334
2011 9509 -18338
2012 9605 -18618
2013 9579 -18430
2014 9533 -18306
2015 9601 -18486
2016 9529 -18294
2017 9525 -18290
2018 9477 -18150
2019 9599 -18570
2020 9609 -18518
2021 9495 -18242
2022 9517 -18306
2023 9547 -18446
2024 9597 -18542
2025 9549 -18438
2026 9537 -18446
2027 9497 -18278
2028 9523 -18214
2029 9547 -18266
2030 9511 -18278
2031 9473 -18094
2032 9537 -18310
2033 9573 -18438
2034 9493 -18250
2035 9461 -18194
2036 9545 -18410
2037 9533 -18338
2038 9557 -18490
2039 9549 -18398
2040 9543 -18334
2041 9481 -18226
2042 9459 -18162
2043 9463 -18158
2044 9431 -18186
2045 9483 -18314
2046 9455 -18198
2047 9527 -18422
2048 9533 -18422
2049 9515 -18330
2050 9531 -18390
2051 9567 -18478
2052 9531 -18446
2053 9565 -18410
2054 9539 -18374
2055 9571 -18446
2056 9591 -18526
2057 9609 -18626
2058 9605 -18482
2059 9589 -18530
2060 9587 -18526
2061 9557 -18346
2062 9617 -18574
2063 9601 -18502
2064 9555 -18438
2065 9593 -18582
2066 9491 -18294
2067 9583 -18510
2068 9553 -18430
2069 9593 -18506
2070 9573 -18422
2071 9657 -18734
2072 9581 -18470
2073 9535 -18318
2074 9573 -18434
2075 9541 -18386
2076 9539 -18322
2077 9555 -18414
2078 9551 -18346
2079 9527 -18290
2080 9533 -18318
2081 9529 -18270
2082 9577 -18370
2083 9595 -18494
2084 9555 -18330
2085 9557 -18426
2086 9521 -18230
2087 9439 -18070
2088 9505 -18258
2089 9531 -18310
2090 9499 -18238
2091 9491 -18278
2092 9541 -18406
2093 9545 -18338
2094 9573 -18382
2095 9551 -18338
2096 9523 -18302
2097 9537 -18378
2098 9541 -18478
2099 9557 -18454
2100 9493 -18282
2101 9551 -18302
2102 9457 -18118
2103 9519 -18318
2104 9551 -18358
2105 9607 -18462
2106 9615 -18486
2107 9533 -18322
2108 9605 -18442
2109 9639 -18562
2110 9597 -18446
2111 9493 -18182
2112 9561 -18446
2113 9557 -18430
2114 9605 -18558
2115 9613 -18562
2116 9623 -18598
2117 9529 -18378
2118 9547 -18394
2119 9501 -18274
2120 9469 -18254
2121 9497 -18310
2122 9463 -18226
2123 9417 -18062
2124 9437 -18118
2125 9509 -18306
2126 9521 -18386
2127 9589 -18506
2128 9597 -18474
2129 9589 -18490
2130 9635 -18682
2131 9573 -18522
2132 9467 -18222
2133 9509 -18330
2134 9479 -18214
2135 9507 -18350
2136 9513 -18266
2137 9521 -18322
2138 9597 -18450
2139 9555 -18318
2140 9537 -18338
2141 9555 -18370
2142 9565 -18370
2143 9549 -18358
2144 9569 -18386
2145 9563 -18366
2146 9531 -18362
2147 9531 -18306
2148 9591 -18438
2149 9609 -18434
2150 9595 -18454
2151 9533 -18402
2152 9517 -18370
2153 9515 -18330
2154 9545 -18366
2155 9573 -18374
2156 9573 -18446
2157 9639 -18542
2158 9625 -18622
2159 9663 -18670
2160 9621 -18498
2161 9621 -18546
2162 9595 -18430
2163 9539 -18302
2164 9547 -18298
2165 9459 -18106
2166 9523 -18234
2167 9517 -18294
2168 9579 -18406
2169 9527 -18322
2170 9539 -18406
2171 9477 -18206
2172 9511 -18306
2173 9541 -18350
2174 9575 -18522
2175 9521 -18370
2176 9545 -18358
2177 9503 -18322
2178 9441 -18206
2179 9511 -18294
2180 9483 -18262
2181 9539 -18386
2182 9485 -18358
2183 9477 -18150
2184 9531 -18402
2185 9567 -18522
2186 9595 -18518
2187 9611 -18514
2188 9559 -18442
2189 9591 -18490
2190 9569 -18426
2191 9515 -18354
2192 9503 -18278
2193 9541 -18402
2194 9597 -18518
2195 9583 -18394
2196 9553 -18370
2197 9589 -18546
2198 9601 -18490
2199 9597 -18574
2200 9537 -18390
2201 9533 -18330
2202 9507 -18342
2203 9495 -18218
2204 9477 -18206
2205 9515 -18298
2206 9465 -18158
2207 9453 -18070
2208 9483 -18114
2209 9515 -18250
2210 9535 -18330
2211 9535 -18390
2212 9559 -18426
2213 9527 -18350
2214 9509 -18346
2215 9497 -18298
2216 9487 -18334
2217 9449 -18262
2218 9441 -18102
2219 9431 -18002
2220 9443 -18166
2221 9533 -18434
2222 9531 -18310
2223 9515 -18346
2224 9585 -18426
2225 9627 -18570
2226 9601 -18490
2227 9579 -18446
2228 9573 -18414
2229 9585 -18378
2230 9599 -18470
2231 9583 -18454
2232 9605 -18534
2233 9547 -18410
2234 9489 -18234
2235 9393 -18118
2236 9381 -18170
2237 9265 -17942
2238 9319 -18050
2239 9373 -18218
2240 9383 -18242
2241 9325 -18022
2242 9405 -18218
2243 9415 -18182
2244 9465 -18342
2245 9411 -18210
2246 9379 -18066
2247 9393 -18118
2248 9349 -17946
2249 9337 -17950
2250 9377 -18086
2251 9445 -18306
2252 9417 -18202
2253 9363 -18074
2254 9281 -17930
2255 9343 -17938
2256 9397 -18182
2257 9457 -18286
2258 9503 -18386
2259 9549 -18554
2260 9485 -18410
2261 9469 -18290
2262 9431 -18138
2263 9491 -18334
2264 9491 -18342
2265 9451 -18370
2266 9409 -18158
2267 9463 -18294
2268 9447 -18250
2269 9471 -18346
2270 9473 -18226
2271 9467 -18258
2272 9471 -18230
2273 9495 -18282
2274 9529 -18318
2275 9527 -18290
2276 9583 -18430
2277 9573 -18442
2278 9607 -18650
2279 9547 -18482
2280 9531 -18446
2281 9569 -18506
2282 9613 -18614
2283 9633 -18654
2284 9557 -18470
2285 9563 -18378
2286 9543 -18338
2287 9563 -18322
2288 9647 -18594
2289 9595 -18430
2290 9503 -18198
2291 9533 -18294
2292 9571 -18458
2293 9527 -18378
2294 9455 -18210
2295 9453 -18210
2296 9491 -18286
2297 9511 -18334
2298 9521 -18338
2299 9421 -18186
2300 9439 -18142
2301 9443 -18094
2302 9361 -17866
2303 9371 -17998
2304 9447 -18218
2305 9483 -18190
2306 9473 -18194
2307 9519 -18322
2308 9551 -18378
2309 9527 -18430
2310 9525 -18378
2311 9497 -18334
2312 9469 -18250
2313 9503 -18394
2314 9491 -18258
2315 9487 -18194
2316 9505 -18274
2317 9519 -18162
2318 9585 -18514
2319 9539 -18434
2320 9529 -18394
2321 9513 -18322
2322 9505 -18234
2323 9549 -18358
2324 9593 -18546
2325 9547 -18366
2326 9589 -18462
2327 9577 -18394
2328 9583 -18414
2329 9579 -18374
2330 9581 -18430
2331 9587 -18386
2332 9637 -18558
2333 9603 -18414
2334 9583 -18422
2335 9587 -18454
2336 9571 -18342
2337 9515 -18266
2338 9461 -18250
2339 9503 -18334
2340 9503 -18286
2341 9537 -18342
2342 9479 -18174
2343 9547 -18390
2344 9495 -18238
2345 9499 -18126
2346 9515 -18238
2347 9445 -18126
2348 9405 -18058
2349 9467 -18254
2350 9431 -18198
2351 9351 -17978
2352 9469 -18270
2353 9549 -18366
2354 9441 -18106
2355 9497 -18298
2356 9445 -18266
2357 9479 -18262
2358 9473 -18218
2359 9459 -18118
2360 9479 -18142
2361 9455 -18194
2362 9445 -18066
2363 9479 -18190
2364 9453 -18066
2365 9463 -18022
2366 9503 -18146
2367 9581 -18366
2368 9625 -18474
2369 9631 -18590
2370 9565 -18422
2371 9565 -18454
2372 9521 -18398
2373 9575 -18494
2374 9561 -18426
2375 9603 -18558
2376 9621 -18598
2377 9541 -18310
2378 9553 -18414
2379 9501 -18290
2380 9517 -18290
2381 9435 -18110
2382 9409 -18066
2383 9431 -18074
2384 9429 -18190
2385 9401 -18142
2386 9463 -18250
2387 9467 -18242
2388 9523 -18338
2389 9501 -18266
2390 9577 -18506
2391 9565 -18450
2392 9503 -18258
2393 9453 -18078
2394 9475 -18106
2395 9529 -18330
2396 9557 -18394
2397 9581 -18410
2398 9613 -18482
2399 9499 -18262
2400 9519 -18354
2401 9571 -18482
2402 9543 -18406
2403 9465 -18318
2404 9419 -18126
2405 9439 -18198
2406 9473 -18170
2407 9427 -17978
2408 9511 -18254
2409 9589 -18414
2410 9505 -18250
2411 9499 -18206
2412 9537 -18302
2413 9499 -18230
2414 9503 -18306
2415 9605 -18582
2416 9599 -18578
2417 9535 -18414
2418 9551 -18410
2419 9535 -18334
2420 9515 -18242
2421 9469 -18150
2422 9483 -18158
2423 9491 -18230
2424 9477 -18126
2425 9363 -17890
2426 9353 -17890
2427 9437 -18122
2428 9425 -18062
2429 9517 -18326
2430 9481 -18218
2431 9435 -18110
2432 9399 -18102
2433 9423 -18062
2434 9503 -18330
2435 9507 -18270
2436 9507 -18294
2437 9583 -18466
2438 9561 -18374
2439 9619 -18506
2440 9583 -18470
2441 9505 -18302
2442 9531 -18354
2443 9493 -18278
2444 9505 -18294
2445 9487 -18254
2446 9507 -18262
2447 9511 -18290
2448 9459 -18058
2449 9523 -18302
2450 9517 -18270
2451 9529 -18270
2452 9559 -18434
2453 9579 -18558
2454 9559 -18338
2455 9515 -18294
2456 9541 -18354
2457 9469 -18134
2458 9567 -18410
2459 9565 -18422
2460 9549 -18450
2461 9555 -18430
2462 9571 -18398
2463 9559 -18354
2464 9501 -18222
2465 9501 -18210
2466 9567 -18454
2467 9543 -18322
2468 9563 -18410
2469 9549 -18402
2470 9605 -18494
2471 9483 -18186
2472 9519 -18310
2473 9529 -18362
2474 9533 -18506
2475 9487 -18314
2476 9471 -18118
2477 9485 -18254
2478 9537 -18422
2479 9557 -18430
2480 9555 -18386
2481 9599 -18474
2482 9583 -18430
2483 9603 -18502
2484 9605 -18526
2485 9559 -18386
2486 9485 -18238
2487 9505 -18262
2488 9587 -18470
2489 9641 -18554
2490 9637 -18602
2491 9603 -18502
2492 9571 -18442
2493 9557 -18382
2494 9539 -18402
2495 9581 -18398
2496 9537 -18326
2497 9611 -18542
2498 9583 -18446
2499 9551 -18454
2500 9551 -18506
2501 9561 -18430
2502 9587 -18542
2503 9523 -18434
2504 9539 -18398
2505 9443 -18206
2506 9509 -18294
2507 9487 -18298
2508 9547 -18370
2509 9573 -18462
2510 9569 -18454
2511 9549 -18434
2512 9441 -18158
2513 9473 -18242
2514 9473 -18154
2515 9395 -17982
2516 9409 -18062
2517 9473 -18142
2518 9519 -18314
2519 9523 -18310
2520 9593 -18510
2521 9577 -18462
2522 9579 -18458
2523 9595 -18474
2524 9555 -18470
2525 9637 -18650
2526 9547 -18426
2527 9569 -18486
2528 9555 -18474
2529 9475 -18190
2530 9495 -18282
2531 9411 -18066
2532 9337 -18038
2533 9441 -18186
2534 9431 -18126
2535 9431 -18118
2536 9469 -18262
2537 9437 -18202
2538 9517 -18338
2539 9555 -18434
2540 9531 -18486
2541 9511 -18334
2542 9511 -18306
2543 9479 -18282
2544 9473 -18338
2545 9489 -18178
2546 9531 -18330
2547 9471 -18166
2548 9543 -18402
2549 9473 -18262
2550 9567 -18498
2551 9573 -18510
2552 9565 -18430
2553 9481 -18218
2554 9531 -18310
2555 9499 -18274
2556 9551 -18430
2557 9503 -18266
2558 9463 -18146
2559 9527 -18302
2560 9547 -18314
2561 9533 -18406
2562 9535 -18386
2563 9563 -18410
2564 9571 -18438
2565 9581 -18458
2566 9573 -18430
2567 9523 -18338
2568 9529 -18354
2569 9529 -18274
2570 9461 -18174
2571 9469 -18182
2572 9463 -18250
2573 9503 -18338
2574 9507 -18262
2575 9487 -18258
2576 9499 -18246
2577 9429 -18146
2578 9439 -18146
2579 9467 -18170
2580 9541 -18318
2581 9589 -18454
2582 9579 -18470
2583 9639 -18518
2584 9663 -18586
2585 9627 -18582
2586 9613 -18446
2587 9639 -18546
2588 9715 -18742
2589 9665 -18582
2590 9613 -18470
2591 9625 -18566
2592 9615 -18450
2593 9631 -18582
2594 9703 -18822
2595 9641 -18654
2596 9591 -18538
2597 9601 -18514
2598 9609 -18526
2599 9651 -18678
2600 9645 -18654
2601 9645 -18626
2602 9627 -18610
2603 9623 -18486
2604 9583 -18386
2605 9557 -18386
2606 9525 -18310
2607 9541 -18282
2608 9561 -18430
2609 9539 -18382
2610 9555 -18338
2611 9565 -18390
2612 9535 -18410
2613 9507 -18342
2614 9535 -18350
2615 9587 -18506
2616 9587 -18578
2617 9509 -18426
2618 9473 -18314
2619 9527 -18410
2620 9443 -18198
2621 9481 -18282
2622 9531 -18382
2623 9537 -18486
2624 9543 -18346
2625 9469 -18154
2626 9465 -18206
2627 9529 -18298
2628 9543 -18374
2629 9609 -18530
2630 9577 -18430
2631 9581 -18386
2632 9575 -18502
2633 9511 -18266
2634 9521 -18286
2635 9491 -18266
2636 9533 -18370
2637 9565 -18454
2638 9541 -18386
2639 9539 -18334
2640 9525 -18314
2641 9513 -18342
2642 9539 -18434
2643 9513 -18378
2644 9555 -18474
2645 9491 -18302
2646 9491 -18318
2647 9557 -18430
2648 9557 -18462
2649 9483 -18206
2650 9465 -18218
2651 9431 -18170
2652 9475 -18186
2653 9371 -17930
2654 9403 -18034
2655 9409 -18154
2656 9365 -18062
2657 9413 -18110
2658 9425 -18202
2659 9431 -18214
2660 9455 -18254
2661 9407 -18118
2662 9479 -18274
2663 9489 -18310
2664 9505 -18398
2665 9523 -18434
2666 9567 -18430
2667 9585 -18490
2668 9535 -18370
2669 9563 -18370
2670 9549 -18430
2671 9489 -18302
2672 9533 -18418
2673 9523 -18418
2674 9545 -18430
2675 9509 -18402
2676 9507 -18306
2677 9533 -18366
2678 9467 -18218
2679 9513 -18350
2680 9475 -18218
2681 9525 -18398
2682 9441 -18114
2683 9431 -18054
2684 9459 -18130
2685 9497 -18298
2686 9497 -18330
2687 9537 -18354
2688 9497 -18270
2689 9533 -18390
2690 9587 -18514
2691 9529 -18366
2692 9489 -18302
2693 9477 -18226
2694 9389 -18010
2695 9389 -18050
2696 9465 -18242
2697 9441 -18266
2698 9445 -18162
2699 9527 -18394
2700 9499 -18322
2701 9515 -18506
2702 9511 -18498
2703 9543 -18494
2704 9423 -18202
2705 9411 -18210
2706 9437 -18234
2707 9451 -18238
2708 9435 -18234
2709 9387 -18074
2710 9419 -18170
2711 9419 -18150
2712 9439 -18162
2713 9459 -18238
2714 9433 -18182
2715 9431 -18202
2716 9479 -18370
2717 9581 -18650
2718 9563 -18558
2719 9531 -18402
2720 9447 -18198
2721 9495 -18306
2722 9489 -18350
2723 9399 -18086
2724 9391 -18106
2725 9457 -18194
2726 9471 -18246
2727 9469 -18142
2728 9543 -18346
2729 9447 -18154
2730 9515 -18274
2731 9509 -18294
2732 9531 -18366
2733 9545 -18422
2734 9467 -18214
2735 9533 -18410
2736 9491 -18270
2737 9435 -18202
2738 9413 -18150
2739 9441 -18134
2740 9433 -18150
2741 9513 -18378
2742 9549 -18378
2743 9555 -18470
2744 9541 -18390
2745 9531 -18430
2746 9499 -18342
2747 9495 -18318
2748 9521 -18522
2749 9521 -18390
2750 9475 -18314
2751 9513 -18410
2752 9487 -18250
2753 9465 -18298
2754 9525 -18398
2755 9511 -18310
2756 9519 -18322
2757 9501 -18290
2758 9463 -18202
2759 9453 -18254
2760 9519 -18358
2761 9555 -18414
2762 9553 -18426
2763 9559 -18482
2764 9535 -18422
2765 9581 -18462
2766 9519 -18234
2767 9525 -18398
2768 9471 -18246
2769 9543 -18326
2770 9507 -18314
2771 9575 -18446
2772 9549 -18406
2773 9557 -18394
2774 9519 -18386
2775 9535 -18430
2776 9495 -18314
2777 9549 -18402
2778 9579 -18510
2779 9557 -18370
2780 9529 -18390
2781 9547 -18386
2782 9535 -18346
2783 9573 -18438
2784 9561 -18410
2785 9567 -18466
2786 9567 -18410
2787 9531 -18306
2788 9561 -18486
2789 9557 -18498
2790 9517 -18378
2791 9485 -18298
2792 9515 -18486
2793 9499 -18394
2794 9411 -18102
2795 9435 -18102
2796 9537 -18362
2797 9521 -18282
2798 9429 -18206
2799 9455 -18230
2800 9429 -18190
2801 9461 -18198
2802 9443 -18070
2803 9473 -18130
2804 9541 -18358
2805 9533 -18378
2806 9513 -18270
2807 9513 -18314
2808 9579 -18474
2809 9643 -18626
2810 9543 -18354
2811 9543 -18338
2812 9595 -18490
2813 9611 -18478
2814 9649 -18562
2815 9585 -18390
2816 9625 -18562
2817 9567 -18490
2818 9607 -18450
2819 9559 -18390
2820 9535 -18378
2821 9529 -18330
2822 9529 -18346
2823 9507 -18282
2824 9557 -18474
2825 9535 -18382
2826 9519 -18322
2827 9425 -18090
2828 9485 -18170
2829 9461 -18218
2830 9507 -18294
2831 9477 -18198
2832 9553 -18350
2833 9509 -18202
2834 9575 -18398
2835 9597 -18370
2836 9519 -18170
2837 9529 -18302
2838 9449 -18210
2839 9551 -18410
2840 9541 -18390
2841 9543 -18474
2842 9487 -18242
2843 9481 -18198
2844 9505 -18222
2845 9535 -18342
2846 9573 -18394
2847 9575 -18422
2848 9637 -18570
2849 9589 -18510
2850 9555 -18410
2851 9605 -18578
2852 9609 -18546
2853 9641 -18602
2854 9555 -18350
2855 9545 -18362
2856 9521 -18306
2857 9553 -18422
2858 9541 -18394
2859 9523 -18282
2860 9589 -18494
2861 9545 -18322
2862 9483 -18182
2863 9493 -18330
2864 9483 -18234
2865 9533 -18322
2866 9553 -18418
2867 9445 -18166
2868 9449 -18166
2869 9417 -18130
2870 9517 -18322
2871 9499 -18258
2872 9467 -18218
2873 9451 -18146
2874 9487 -18262
2875 9535 -18286
2876 9481 -18234
2877 9541 -18358
2878 9527 -18322
2879 9533 -18358
2880 9577 -18442
2881 9561 -18366
2882 9589 -18418
2883 9675 -18678
2884 9613 -18510
2885 9635 -18550
2886 9557 -18302
2887 9573 -18370
2888 9549 -18366
2889 9573 -18402
2890 9567 -18346
2891 9537 -18334
2892 9517 -18282
2893 9473 -18154
2894 9501 -18242
2895 9517 -18314
2896 9541 -18374
2897 9527 -18450
2898 9513 -18378
2899 9499 -18370
2900 9467 -18370
2901 9455 -18314
2902 9467 -18342
2903 9497 -18418
2904 9483 -18374
2905 9547 -18418
2906 9549 -18370
2907 9633 -18602
2908 9627 -18586
2909 9577 -18506
2910 9583 -18466
2911 9501 -18314
2912 9535 -18382
2913 9601 -18506
2914 9547 -18394
2915 9585 -18506
2916 9537 -18310
2917 9597 -18478
2918 9551 -18314
2919 9597 -18502
2920 9575 -18430
2921 9551 -18382
2922 9601 -18478
2923 9599 -18450
2924 9553 -18346
2925 9639 -18662
2926 9643 -18622
2927 9619 -18598
2928 9595 -18498
2929 9595 -18482
2930 9591 -18474
2931 9565 -18358
2932 9565 -18382
2933 9591 -18478
2934 9541 -18438
2935 9563 -18398
2936 9561 -18422
2937 9603 -18490
2938 9551 -18386
2939 9547 -18314
2940 9621 -18526
2941 9537 -18398
2942 9539 -18310
2943 9517 -18238
2944 9567 -18466
2945 9531 -18306
2946 9533 -18310
2947 9591 -18422
2948 9561 -18334
2949 9591 -18418
2950 9575 -18406
2951 9613 -18542
2952 9539 -18362
2953 9535 -18326
2954 9559 -18434
2955 9615 -18598
2956 9569 -18426
2957 9553 -18378
2958 9535 -18330
2959 9525 -18318
2960 9469 -18170
2961 9517 -18250
2962 9505 -18286
2963 9503 -18262
2964 9533 -18314
2965 9511 -18302
2966 9557 -18274
2967 9539 -18338
2968 9545 -18402
2969 9529 -18290
2970 9525 -18258
2971 9551 -18346
2972 9527 -18286
2973 9479 -18242
2974 9577 -18414
2975 9595 -18414
2976 9527 -18310
2977 9607 -18458
2978 9595 -18378
2979 9609 -18502
2980 9601 -18530
2981 9563 -18458
2982 9567 -18430
2983 9555 -18374
2984 9541 -18318
2985 9551 -18298
2986 9569 -18330
2987 9527 -18298
2988 9577 -18382
2989 9561 -18382
2990 9609 -18514
2991 9565 -18414
2992 9483 -18262
2993 9475 -18158
2994 9487 -18290
2995 9491 -18282
2996 9527 -18374
2997 9529 -18306
2998 9561 -18366
2999 9567 -18450
3000 9491 -18266
3001 9465 -18258
3002 9429 -18110
3003 9437 -18106
3004 9525 -18378
3005 9553 -18362
3006 9509 -18302
3007 9523 -18386
3008 9585 -18498
3009 9591 -18518
3010 9585 -18402
3011 9573 -18358
3012 9569 -18410
3013 9567 -18458
3014 9531 -18390
3015 9505 -18338
3016 9405 -18166
3017 9387 -18178
3018 9397 -18198
3019 9379 -18166
3020 9355 -18118
3021 9363 -18138
3022 9393 -18066
3023 9369 -18050
3024 9363 -18170
3025 9387 -18198
3026 9343 -18082
3027 9387 -18178
3028 9347 -18026
3029 9335 -18094
3030 9419 -18274
3031 9347 -18010
3032 9473 -18274
3033 9535 -18406
3034 9555 -18402
3035 9553 -18434
3036 9491 -18258
3037 9577 -18438
3038 9513 -18334
3039 9529 -18426
3040 9603 -18542
3041 9513 -18414
3042 9417 -18134
3043 9409 -18074
3044 9451 -18174
3045 9435 -18146
3046 9423 -18162
3047 9459 -18250
3048 9429 -18194
3049 9479 -18258
3050 9419 -18178
3051 9407 -18046
3052 9369 -17990
3053 9459 -18290
3054 9471 -18326
3055 9379 -18114
3056 9387 -18086
3057 9355 -17942
3058 9389 -18122
3059 9395 -18026
3060 9363 -18026
3061 9365 -18074
3062 9325 -17806
3063 9351 -17954
3064 9389 -18022
3065 9517 -18318
3066 9587 -18458
3067 9571 -18382
3068 9537 -18350
3069 9587 -18450
3070 9577 -18478
3071 9497 -18358
3072 9535 -18390
3073 9507 -18294
3074 9475 -18190
3075 9477 -18114
3076 9491 -18178
3077 9559 -18382
3078 9499 -18178
3079 9503 -18250
3080 9519 -18322
3081 9519 -18298
3082 9597 -18518
3083 9613 -18558
3084 9591 -18490
3085 9559 -18430
3086 9607 -18462
3087 9571 -18378
3088 9529 -18302
3089 9605 -18570
3090 9587 -18430
3091 9523 -18318
3092 9557 -18382
3093 9567 -18386
3094 9545 -18330
3095 9545 -18338
3096 9569 -18414
3097 9517 -18270
3098 9561 -18390
3099 9575 -18446
3100 9577 -18390
3101 9555 -18358
3102 9543 -18326
3103 9575 -18430
3104 9529 -18302
3105 9523 -18338
3106 9523 -18418
3107 9541 -18422
3108 9561 -18474
3109 9643 -18674
3110 9577 -18494
3111 9631 -18574
3112 9555 -18330
3113 9575 -18454
3114 9557 -18350
3115 9635 -18522
3116 9681 -18766
3117 9637 -18494
3118 9631 -18478
3119 9661 -18614
3120 9647 -18562
3121 9635 -18578
3122 9641 -18522
3123 9607 -18486
3124 9599 -18494
3125 9585 -18410
3126 9523 -18242
3127 9559 -18358
3128 9625 -18498
3129 9611 -18542
3130 9557 -18390
3131 9545 -18362
3132 9579 -18478
3133 9545 -18414
3134 9543 -18382
3135 9557 -18442
3136 9497 -18258
3137 9515 -18398
3138 9537 -18322
3139 9555 -18378
3140 9573 -18410
3141 9615 -18538
3142 9603 -18494
3143 9519 -18310
3144 9619 -18546
3145 9549 -18370
3146 9519 -18330
3147 9583 -18434
3148 9605 -18442
3149 9617 -18494
3150 9601 -18494
3151 9673 -18710
3152 9635 -18582
3153 9617 -18462
3154 9605 -18462
3155 9625 -18538
3156 9531 -18254
3157 9477 -18150
3158 9441 -18110
3159 9417 -18074
3160 9435 -18138
3161 9451 -18170
3162 9427 -18150
3163 9463 -18130
3164 9513 -18274
3165 9525 -18330
3166 9539 -18262
3167 9639 -18522
3168 9667 -18638
3169 9649 -18598
3170 9679 -18642
3171 9629 -18510
3172 9625 -18494
3173 9577 -18406
3174 9551 -18338
3175 9595 -18462
3176 9621 -18574
3177 9561 -18354
3178 9607 -18410
3179 9565 -18338
3180 9611 -18506
3181 9607 -18430
3182 9555 -18322
3183 9483 -18142
3184 9495 -18246
3185 9557 -18354
3186 9591 -18498
3187 9557 -18462
3188 9491 -18354
3189 9481 -18274
3190 9499 -18442
3191 9467 -18366
3192 9449 -18214
3193 9385 -17986
3194 9447 -18186
3195 9475 -18230
3196 9523 -18362
3197 9525 -18426
3198 9471 -18274
3199 9483 -18334
3200 9481 -18386
3201 9445 -18266
3202 9475 -18294
3203 9491 -18302
3204 9499 -18398
3205 9465 -18258
3206 9517 -18370
3207 9541 -18498
3208 9583 -18498
3209 9517 -18374
3210 9533 -18326
3211 9557 -18514
3212 9599 -18566
3213 9635 -18578
3214 9621 -18534
3215 9561 -18458
3216 9523 -18398
3217 9577 -18562
3218 9617 -18626
3219 9573 -18454
3220 9579 -18482
3221 9597 -18518
3222 9533 -18314
3223 9455 -18178
3224 9529 -18270
3225 9585 -18474
3226 9519 -18266
3227 9487 -18218
3228 9481 -18258
3229 9503 -18218
3230 9557 -18354
3231 9497 -18194
3232 9489 -18154
3233 9513 -18178
3234 9549 -18310
3235 9557 -18438
3236 9549 -18366
3237 9557 -18430
3238 9511 -18338
3239 9561 -18358
3240 9579 -18502
3241 9559 -18410
3242 9499 -18210
3243 9513 -18358
3244 9525 -18374
3245 9525 -18342
3246 9517 -18270
3247 9567 -18398
3248 9547 -18330
3249 9571 -18434
3250 9591 -18378
3251 9525 -18294
3252 9415 -18082
3253 9509 -18254
3254 9493 -18290
3255 9541 -18506
3256 9495 -18370
3257 9519 -18438
3258 9535 -18350
3259 9549 -18414
3260 9523 -18350
3261 9469 -18214
3262 9509 -18286
3263 9497 -18338
3264 9523 -18438
3265 9521 -18394
3266 9599 -18594
3267 9513 -18334
3268 9493 -18278
3269 9523 -18330
3270 9547 -18378
3271 9545 -18362
3272 9655 -18646
3273 9641 -18510
3274 9665 -18674
3275 9641 -18578
3276 9601 -18434
3277 9609 -18446
3278 9621 -18578
3279 9625 -18538
3280 9557 -18450
3281 9523 -18318
3282 9569 -18450
3283 9585 -18438
3284 9553 -18370
3285 9625 -18606
3286 9633 -18546
3287 9595 -18486
3288 9631 -18546
3289 9591 -18506
3290 9691 -18718
3291 9655 -18650
3292 9585 -18442
3293 9569 -18542
3294 9543 -18346
3295 9521 -18322
3296 9467 -18154
3297 9463 -18206
3298 9419 -18142
3299 9399 -18094
3300 9397 -18046
3301 9487 -18242
3302 9465 -18210
3303 9451 -18246
3304 9445 -18142
3305 9375 -17982
3306 9379 -17950
3307 9457 -18166
3308 9483 -18246
3309 9525 -18298
3310 9531 -18410
3311 9515 -18326
3312 9511 -18282
3313 9565 -18394
3314 9647 -18598
3315 9563 -18418
3316 9539 -18302
3317 9537 -18362
3318 9593 -18454
3319 9551 -18306
3320 9517 -18294
3321 9565 -18454
3322 9571 -18426
3323 9517 -18358
3324 9463 -18166
3325 9459 -18158
3326 9447 -18122
3327 9433 -18134
3328 9473 -18210
3329 9461 -18142
3330 9451 -18194
3331 9455 -18098
3332 9457 -18122
3333 9533 -18314
3334 9541 -18306
3335 9527 -18250
3336 9509 -18282
3337 9445 -18114
3338 9503 -18234
3339 9523 -18250
3340 9533 -18334
3341 9585 -18546
3342 9593 -18522
3343 9515 -18314
3344 9489 -18314
3345 9517 -18390
3346 9509 -18378
3347 9451 -18194
3348 9487 -18234
3349 9463 -18222
3350 9543 -18398
3351 9527 -18318
3352 9571 -18430
3353 9577 -18430
3354 9569 -18526
3355 9553 -18382
3356 9485 -18218
3357 9461 -18206
3358 9491 -18350
3359 9493 -18238
3360 9567 -18398
3361 9529 -18306
3362 9527 -18350
3363 9563 -18422
3364 9573 -18486
3365 9581 -18478
3366 9609 -18498
3367 9577 -18434
3368 9565 -18382
3369 9583 -18426
3370 9539 -18346
3371 9605 -18526
3372 9643 -18598
3373 9657 -18662
3374 9573 -18382
3375 9605 -18506
3376 9505 -18254
3377 9551 -18350
3378 9531 -18330
3379 9575 -18466
3380 9593 -18434
3381 9631 -18594
3382 9609 -18498
3383 9529 -18226
3384 9547 -18274
3385 9497 -18246
3386 9489 -18194
3387 9541 -18254
3388 9579 -18438
3389 9503 -18334
3390 9555 -18454
3391 9483 -18218
3392 9489 -18370
3393 9445 -18210
3394 9449 -18286
3395 9457 -18222
3396 9439 -18270
3397 9413 -18098
3398 9413 -18078
3399 9389 -18070
3400 9385 -18062
3401 9397 -18186
3402 9417 -18190
3403 9471 -18302
3404 9409 -18110
3405 9411 -18090
3406 9343 -18030
3407 9335 -18042
3408 9407 -18222
3409 9397 -18102
3410 9423 -18234
3411 9469 -18210
3412 9441 -18214
3413 9425 -18162
3414 9501 -18322
3415 9475 -18194
3416 9549 -18438
3417 9511 -18366
3418 9503 -18310
3419 9535 -18438
3420 9523 -18418
3421 9461 -18242
3422 9487 -18394
3423 9461 -18310
3424 9515 -18454
3425 9451 -18274
3426 9433 -18230
3427 9373 -18166
3428 9443 -18242
3429 9457 -18306
3430 9445 -18242
3431 9495 -18286
3432 9527 -18338
3433 9597 -18502
3434 9567 -18406
3435 9491 -18222
3436 9543 -18306
3437 9547 -18418
3438 9505 -18210
3439 9465 -18146
3440 9469 -18142
3441 9429 -17930
3442 9467 -18106
3443 9479 -18174
3444 9465 -18134
3445 9471 -18122
3446 9557 -18426
3447 9565 -18398
3448 9569 -18434
3449 9495 -18258
3450 9483 -18182
3451 9547 -18362
3452 9559 -18346
3453 9479 -18230
3454 9461 -18222
3455 9467 -18130
3456 9467 -18214
3457 9431 -18162
3458 9501 -18350
3459 9401 -18070
3460 9469 -18182
3461 9405 -18006
3462 9425 -18114
3463 9531 -18438
3464 9511 -18318
3465 9487 -18262
3466 9411 -18034
3467 9377 -18066
3468 9287 -17834
3469 9387 -18074
3470 9443 -18114
3471 9417 -18118
3472 9357 -17922
3473 9449 -18102
3474 9479 -18198
3475 9539 -18402
3476 9499 -18258
3477 9507 -18218
3478 9585 -18390
3479 9589 -18410
3480 9601 -18426
3481 9663 -18646
3482 9629 -18582
3483 9639 -18610
3484 9531 -18302
3485 9465 -18174
3486 9495 -18298
3487 9523 -18282
3488 9479 -18178
3489 9463 -18034
3490 9471 -18114
3491 9481 -18134
3492 9577 -18386
3493 9639 -18594
3494 9691 -18698
3495 9609 -18482
3496 9619 -18590
3497 9641 -18526
3498 9645 -18630
3499 9661 -18614
3500 9669 -18654
3501 9691 -18770
3502 9625 -18530
3503 9655 -18690
3504 9663 -18738
3505 9633 -18542
3506 9593 -18446
3507 9557 -18426
3508 9535 -18262
3509 9525 -18270
3510 9557 -18366
3511 9573 -18370
3512 9615 -18534
3513 9595 -18474
3514 9517 -18318
3515 9537 -18382
3516 9557 -18330
3517 9523 -18290
3518 9499 -18270
3519 9505 -18210
3520 9469 -18046
3521 9499 -18234
3522 9475 -18214
3523 9485 -18226
3524 9577 -18466
3525 9647 -18622
3526 9665 -18690
3527 9607 -18538
3528 9577 -18418
3529 9625 -18586
3530 9541 -18354
3531 9619 -18578
3532 9575 -18434
3533 9551 -18250
3534 9587 -18402
3535 9529 -18350
3536 9605 -18538
3537 9521 -18358
3538 9553 -18494
3539 9557 -18406
3540 9597 -18510
3541 9595 -18474
3542 9541 -18402
3543 9479 -18206
3544 9477 -18338
3545 9549 -18466
3546 9567 -18470
3547 9579 -18470
3548 9525 -18338
3549 9579 -18466
3550 9515 -18274
3551 9489 -18134
3552 9529 -18366
3553 9509 -18290
3554 9511 -18294
3555 9475 -18174
3556 9457 -18222
3557 9459 -18158
3558 9467 -18186
3559 9517 -18266
3560 9557 -18414
3561 9533 -18410
3562 9485 -18338
3563 9477 -18238
3564 9519 -18338
3565 9487 -18246
3566 9451 -18086
3567 9437 -18218
3568 9507 -18374
3569 9491 -18226
3570 9497 -18346
3571 9477 -18254
3572 9547 -18458
3573 9477 -18278
3574 9457 -18202
3575 9539 -18458
3576 9549 -18462
3577 9511 -18306
3578 9423 -18162
3579 9413 -18162
3580 9459 -18206
3581 9549 -18358
3582 9551 -18390
3583 9597 -18618
3584 9497 -18334
3585 9497 -18314
3586 9527 -18398
3587 9511 -18346
3588 9563 -18442
3589 9601 -18478
3590 9613 -18566
3591 9599 -18550
3592 9527 -18310
3593 9561 -18426
3594 9609 -18518
3595 9551 -18306
3596 9515 -18250
3597 9469 -18106
3598 9485 -18146
3599 9545 -18378
3600 9517 -18346
3601 9563 -18402
3602 9593 -18470
3603 9559 -18394
3604 9557 -18282
3605 9637 -18538
3606 9599 -18450
3607 9601 -18506
3608 9503 -18210
3609 9545 -18358
3610 9541 -18338
3611 9589 -18470
3612 9539 -18366
3613 9553 -18398
3614 9501 -18250
3615 9507 -18258
3616 9479 -18250
3617 9469 -18198
3618 9465 -18242
3619 9539 -18426
3620 9545 -18426
3621 9555 -18398
3622 9535 -18386
3623 9523 -18354
3624 9491 -18266
3625 9493 -18266
3626 9565 -18406
3627 9481 -18186
3628 9509 -18218
3629 9501 -18270
3630 9515 -18398
3631 9495 -18246
3632 9497 -18158
3633 9611 -18554
3634 9647 -18646
3635 9621 -18582
3636 9609 -18550
3637 9595 -18486
3638 9567 -18490
3639 9595 -18514
3640 9563 -18422
3641 9533 -18266
3642 9529 -18366
3643 9581 -18398
3644 9545 -18378
3645 9529 -18258
3646 9547 -18270
3647 9547 -18350
3648 9513 -18366
3649 9503 -18282
3650 9585 -18494
3651 9583 -18466
3652 9619 -18582
3653 9621 -18570
3654 9641 -18626
3655 9619 -18454
3656 9611 -18450
3657 9589 -18478
3658 9581 -18410
3659 9659 -18622
3660 9627 -18514
3661 9599 -18474
3662 9553 -18350
3663 9557 -18358
3664 9523 -18358
3665 9563 -18394
3666 9605 -18498
3667 9571 -18398
3668 9561 -18514
3669 9545 -18434
3670 9543 -18406
3671 9517 -18362
3672 9541 -18418
3673 9475 -18154
3674 9515 -18266
3675 9461 -18154
3676 9459 -18178
3677 9517 -18314
3678 9589 -18458
3679 9519 -18298
3680 9461 -18150
3681 9569 -18486
3682 9595 -18550
3683 9529 -18366
3684 9497 -18262
3685 9429 -18042
3686 9533 -18386
3687 9507 -18302
3688 9519 -18294
3689 9509 -18266
3690 9575 -18426
3691 9545 -18338
3692 9573 -18422
3693 9577 -18358
3694 9509 -18222
3695 9505 -18238
3696 9521 -18314
3697 9493 -18182
3698 9463 -18154
3699 9507 -18254
3700 9441 -18094
3701 9477 -18082
3702 9537 -18234
3703 9557 -18354
3704 9495 -18170
3705 9551 -18310
3706 9573 -18374
3707 9593 -18426
3708 9651 -18654
3709 9653 -18574
3710 9635 -18518
3711 9541 -18278
3712 9619 -18522
3713 9573 -18310
3714 9565 -18370
3715 9543 -18382
3716 9583 -18478
3717 9549 -18298
3718 9587 -18442
3719 9575 -18410
3720 9643 -18606
3721 9631 -18630
3722 9617 -18542
3723 9645 -18594
3724 9593 -18470
3725 9531 -18330
3726 9483 -18186
3727 9473 -18226
3728 9433 -18070
3729 9503 -18250
3730 9487 -18182
3731 9529 -18346
3732 9535 -18346
3733 9509 -18254
3734 9543 -18386
3735 9519 -18350
3736 9579 -18570
3737 9537 -18446
3738 9555 -18494
3739 9503 -18318
3740 9547 -18414
3741 9495 -18322
3742 9633 -18662
3743 9533 -18462
3744 9585 -18578
3745 9591 -18562
3746 9515 -18238
3747 9501 -18218
3748 9567 -18370
3749 9547 -18330
3750 9515 -18162
3751 9539 -18294
3752 9451 -18086
3753 9529 -18338
3754 9471 -18226
3755 9509 -18346
3756 9487 -18306
3757 9485 -18270
3758 9537 -18386
3759 9599 -18526
3760 9595 -18534
3761 9563 -18510
3762 9551 -18490
3763 9519 -18322
3764 9513 -18302
3765 9525 -18318
3766 9501 -18402
3767 9513 -18334
3768 9493 -18214
3769 9489 -18222
3770 9535 -18318
3771 9537 -18342
3772 9521 -18294
3773 9571 -18446
3774 9611 -18586
3775 9601 -18506
3776 9491 -18226
3777 9565 -18366
3778 9513 -18150
3779 9529 -18290
3780 9513 -18134
3781 9539 -18302
3782 9591 -18474
3783 9651 -18686
3784 9685 -18754
3785 9627 -18574
3786 9599 -18438
3787 9567 -18338
3788 9587 -18426
3789 9601 -18474
3790 9565 -18390
3791 9515 -18314
3792 9503 -18390
3793 9537 -18426
3794 9503 -18342
3795 9453 -18166
3796 9417 -18046
3797 9491 -18198
3798 9503 -18190
3799 9499 -18150
3800 9513 -18166
3801 9515 -18258
3802 9455 -18162
3803 9447 -18062
3804 9409 -18030
3805 9511 -18254
3806 9511 -18354
3807 9521 -18310
3808 9497 -18262
3809 9469 -18186
3810 9471 -18274
3811 9473 -18314
3812 9501 -18334
3813 9541 -18446
3814 9503 -18390
3815 9481 -18238
3816 9485 -18274
3817 9477 -18266
3818 9503 -18338
3819 9561 -18490
3820 9619 -18594
3821 9629 -18618
3822 9607 -18466
3823 9535 -18270
3824 9517 -18254
3825 9575 -18398
3826 9561 -18410
3827 9579 -18426
3828 9513 -18222
3829 9411 -17966
3830 9501 -18322
3831 9503 -18314
3832 9517 -18370
3833 9453 -18178
3834 9487 -18442
3835 9511 -18458
3836 9463 -18338
3837 9513 -18394
3838 9451 -18158
3839 9481 -18274
3840 9503 -18374
3841 9517 -18406
3842 9471 -18238
3843 9567 -18590
3844 9551 -18454
3845 9589 -18630
3846 9549 -18462
3847 9615 -18598
3848 9521 -18306
3849 9477 -18246
3850 9493 -18326
3851 9483 -18242
3852 9481 -18334
3853 9629 -18618
3854 9551 -18406
3855 9591 -18586
3856 9559 -18442
3857 9545 -18386
3858 9485 -18230
3859 9527 -18402
3860 9583 -18470
3861 9641 -18582
3862 9581 -18434
3863 9501 -18214
3864 9421 -18038
3865 9403 -18002
3866 9391 -18066
3867 9383 -17974
3868 9471 -18290
3869 9517 -18434
3870 9521 -18294
3871 9505 -18278
3872 9509 -18282
3873 9531 -18350
3874 9513 -18350
3875 9589 -18482
3876 9573 -18366
3877 9569 -18398
3878 9557 -18318
3879 9489 -18158
3880 9469 -18110
3881 9503 -18282
3882 9507 -18282
3883 9459 -18226
3884 9461 -18250
3885 9477 -18230
3886 9455 -18170
3887 9523 -18438
3888 9553 -18442
3889 9551 -18458
3890 9487 -18298
3891 9417 -18138
3892 9455 -18242
3893 9417 -18090
3894 9505 -18314
3895 9533 -18466
3896 9547 -18474
3897 9559 -18502
3898 9547 -18538
3899 9559 -18486
3900 9477 -18342
3901 9473 -18350
3902 9429 -18254
3903 9391 -18122
3904 9413 -18158
3905 9393 -18190
3906 9349 -18046
3907 9409 -18214
3908 9367 -18078
3909 9383 -18082
3910 9337 -17938
3911 9313 -17834
3912 9327 -18010
3913 9347 -18066
3914 9319 -18014
3915 9363 -18182
3916 9371 -18222
3917 9341 -18190
3918 9261 -18026
3919 9229 -17898
3920 9229 -17902
3921 9309 -18086
3922 9291 -18090
3923 9329 -18266
3924 9331 -18206
3925 9345 -18182
3926 9371 -18170
3927 9357 -18150
3928 9315 -17970
3929 9379 -18162
3930 9437 -18286
3931 9397 -18122
3932 9375 -18118
3933 9425 -18162
3934 9451 -18230
3935 9437 -18206
3936 9423 -18134
3937 9457 -18194
3938 9535 -18442
3939 9491 -18278
3940 9499 -18282
3941 9561 -18474
3942 9495 -18394
3943 9495 -18366
3944 9505 -18378
3945 9487 -18358
3946 9505 -18318
3947 9463 -18214
3948 9431 -18102
3949 9437 -18150
3950 9521 -18462
3951 9439 -18214
3952 9489 -18430
3953 9437 -18214
3954 9459 -18234
3955 9365 -17902
3956 9393 -18098
3957 9465 -18178
3958 9481 -18310
3959 9541 -18522
3960 9523 -18462
3961 9575 -18622
3962 9467 -18302
3963 9489 -18386
3964 9437 -18290
3965 9447 -18282
3966 9445 -18230
3967 9443 -18202
3968 9429 -18174
3969 9539 -18430
3970 9541 -18426
3971 9565 -18398
3972 9563 -18430
3973 9613 -18502
3974 9573 -18354
3975 9583 -18430
3976 9495 -18194
3977 9517 -18254
3978 9539 -18314
3979 9507 -18206
3980 9505 -18298
3981 9515 -18322
3982 9459 -18178
3983 9443 -18254
3984 9427 -18198
3985 9425 -18194
3986 9427 -18210
3987 9411 -18198
3988 9421 -18290
3989 9399 -18242
3990 9447 -18198
3991 9379 -18054
3992 9367 -18070
3993 9353 -18014
3994 9403 -18086
3995 9381 -17934
3996 9433 -18054
3997 9447 -18170
3998 9489 -18250
3999 9523 -18342
4000 9555 -18454
4001 9571 -18458
4002 9529 -18350
4003 9557 -18330
4004 9575 -18350
4005 9567 -18334
4006 9547 -18238
4007 9549 -18290
4008 9529 -18290
4009 9495 -18314
4010 9549 -18422
4011 9531 -18410
4012 9493 -18186
4013 9459 -18158
4014 9447 -18082
4015 9505 -18326
4016 9467 -18270
4017 9483 -18294
4018 9491 -18382
4019 9413 -18054
4020 9419 -18110
4021 9469 -18294
4022 9459 -18306
4023 9435 -18162
4024 9415 -18162
4025 9397 -18134
4026 9447 -18262
4027 9495 -18358
4028 9481 -18358
4029 9539 -18462
4030 9519 -18358
4031 9523 -18402
4032 9517 -18414
4033 9433 -18130
4034 9493 -18262
4035 9475 -18182
4036 9493 -18218
4037 9499 -18262
4038 9555 -18382
4039 9611 -18462
4040 9627 -18538
4041 9641 -18638
4042 9627 -18534
4043 9533 -18326
4044 9541 -18318
4045 9479 -18242
4046 9571 -18398
4047 9511 -18222
4048 9495 -18170
4049 9499 -18174
4050 9481 -18138
4051 9559 -18370
4052 9605 -18422
4053 9527 -18326
4054 9515 -18318
4055 9501 -18266
4056 9521 -18346
4057 9559 -18322
4058 9561 -18422
4059 9557 -18390
4060 9535 -18370
4061 9535 -18330
4062 9507 -18386
4063 9529 -18414
4064 9511 -18338
4065 9503 -18262
4066 9479 -18238
4067 9525 -18282
4068 9483 -18254
4069 9517 -18266
4070 9473 -18114
4071 9483 -18150
4072 9483 -18182
4073 9551 -18362
4074 9573 -18466
4075 9585 -18470
4076 9559 -18410
4077 9549 -18434
4078 9617 -18498
4079 9615 -18494
4080 9615 -18426
4081 9673 -18618
4082 9639 -18486
4083 9637 -18526
4084 9595 -18394
4085 9577 -18398
4086 9605 -18522
4087 9581 -18414
4088 9525 -18242
4089 9593 -18490
4090 9585 -18394
4091 9599 -18514
4092 9585 -18482
4093 9559 -18358
4094 9543 -18362
4095 9471 -18270
4096 9409 -18126
4097 9467 -18250
4098 9429 -18146
4099 9493 -18226
4100 9481 -18274
4101 9491 -18262
4102 9417 -18026
4103 9449 -18182
4104 9503 -18374
4105 9515 -18442
4106 9497 -18378
4107 9441 -18238
4108 9475 -18342
4109 9451 -18198
4110 9431 -18154
4111 9437 -18154
4112 9493 -18242
4113 9419 -18062
4114 9473 -18218
4115 9527 -18354
4116 9547 -18390
4117 9585 -18522
4118 9571 -18398
4119 9587 -18442
4120 9455 -18126
4121 9555 -18326
4122 9559 -18382
4123 9461 -18114
4124 9387 -18030
4125 9429 -18122
4126 9393 -18126
4127 9475 -18306
4128 9555 -18414
4129 9609 -18558
4130 9581 -18422
4131 9529 -18310
4132 9539 -18322
4133 9549 -18338
4134 9599 -18502
4135 9503 -18222
4136 9541 -18406
4137 9549 -18418
4138 9555 -18358
4139 9549 -18310
4140 9555 -18386
4141 9507 -18222
4142 9523 -18358
4143 9561 -18330
4144 9551 -18434
4145 9581 -18542
4146 9625 -18586
4147 9553 -18410
4148 9531 -18346
4149 9557 -18494
4150 9537 -18466
4151 9473 -18282
4152 9527 -18322
4153 9477 -18270
4154 9509 -18342
4155 9493 -18402
4156 9481 -18322
4157 9475 -18290
4158 9523 -18366
4159 9547 -18314
4160 9455 -18186
4161 9431 -18206
4162 9477 -18302
4163 9469 -18334
4164 9495 -18406
4165 9383 -18022
4166 9463 -18222
4167 9533 -18254
4168 9521 -18198
4169 9509 -18270
4170 9527 -18358
4171 9497 -18330
4172 9579 -18494
4173 9531 -18326
4174 9621 -18550
4175 9585 -18494
4176 9483 -18274
4177 9513 -18414
4178 9429 -18178
4179 9351 -17990
4180 9423 -18158
4181 9395 -18134
4182 9527 -18446
4183 9471 -18350
4184 9449 -18166
4185 9527 -18402
4186 9483 -18314
4187 9539 -18410
4188 9421 -18090
4189 9419 -18074
4190 9419 -18114
4191 9477 -18174
4192 9501 -18274
4193 9497 -18318
4194 9481 -18286
4195 9471 -18182
4196 9481 -18222
4197 9537 -18330
4198 9521 -18266
4199 9543 -18318
4200 9545 -18358
4201 9559 -18426
4202 9475 -18186
4203 9475 -18226
4204 9535 -18406
4205 9541 -18386
4206 9577 -18430
4207 9535 -18382
4208 9521 -18406
4209 9519 -18350
4210 9601 -18594
4211 9589 -18514
4212 9547 -18358
4213 9553 -18318
4214 9595 -18454
4215 9563 -18374
4216 9593 -18466
4217 9505 -18246
4218 9555 -18350
4219 9561 -18402
4220 9571 -18370
4221 9537 -18338
4222 9525 -18314
4223 9553 -18354
4224 9543 -18318
4225 9573 -18514
4226 9545 -18374
4227 9521 -18302
4228 9467 -18146
4229 9483 -18178
4230 9461 -18054
4231 9501 -18206
4232 9529 -18318
4233 9519 -18262
4234 9515 -18234
4235 9539 -18306
4236 9529 -18330
4237 9559 -18410
4238 9547 -18446
4239 9505 -18306
4240 9527 -18406
4241 9575 -18510
4242 9545 -18438
4243 9473 -18182
4244 9471 -18230
4245 9423 -17958
4246 9489 -18170
4247 9589 -18462
4248 9549 -18290
4249 9557 -18326
4250 9601 -18478
4251 9505 -18194
4252 9565 -18334
4253 9569 -18370
4254 9561 -18454
4255 9491 -18202
4256 9413 -17998
4257 9417 -18010
4258 9463 -18098
4259 9463 -18174
4260 9543 -18358
4261 9521 -18362
4262 9503 -18334
4263 9461 -18198
4264 9443 -18162
4265 9455 -18134
4266 9537 -18374
4267 9479 -18226
4268 9469 -18122
4269 9547 -18326
4270 9569 -18318
4271 9527 -18214
4272 9561 -18414
4273 9531 -18270
4274 9555 -18402
4275 9513 -18338
4276 9515 -18274
4277 9481 -18134
4278 9489 -18274
4279 9563 -18430
4280 9531 -18394
4281 9541 -18378
4282 9493 -18262
4283 9461 -18194
4284 9479 -18238
4285 9527 -18286
4286 9541 -18386
4287 9583 -18390
4288 9645 -18538
4289 9681 -18630
4290 9647 -18626
4291 9625 -18554
4292 9577 -18486
4293 9491 -18174
4294 9537 -18278
4295 9579 -18410
4296 9535 -18270
4297 9479 -18142
4298 9473 -18170
4299 9487 -18214
4300 9473 -18126
4301 9469 -18190
4302 9487 -18202
4303 9511 -18278
4304 9543 -18374
4305 9539 -18330
4306 9505 -18374
4307 9565 -18422
4308 9591 -18562
4309 9561 -18442
4310 9573 -18478
4311 9549 -18414
4312 9557 -18450
4313 9583 -18454
4314 9575 -18474
4315 9559 -18382
4316 9491 -18162
4317 9591 -18438
4318 9617 -18522
4319 9701 -18802
4320 9703 -18754
4321 9739 -18830
4322 9657 -18646
4323 9647 -18674
4324 9595 -18462
4325 9589 -18410
4326 9583 -18386
4327 9601 -18478
4328 9543 -18354
4329 9523 -18326
4330 9529 -18402
4331 9549 -18442
4332 9517 -18258
4333 9443 -18054
4334 9495 -18278
4335 9549 -18342
4336 9521 -18306
4337 9511 -18314
4338 9473 -18226
4339 9559 -18398
4340 9535 -18302
4341 9581 -18446
4342 9591 -18466
4343 9491 -18202
4344 9545 -18378
4345 9521 -18250
4346 9409 -17998
4347 9449 -18230
4348 9541 -18422
4349 9501 -18306
4350 9459 -18254
4351 9475 -18310
4352 9383 -18074
4353 9413 -18150
4354 9407 -17922
4355 9479 -18194
4356 9435 -18106
4357 9487 -18322
4358 9533 -18374
4359 9573 -18438
4360 9549 -18510
4361 9535 -18490
4362 9559 -18446
4363 9523 -18290
4364 9519 -18266
4365 9529 -18342
4366 9539 -18346
4367 9505 -18386
4368 9515 -18422
4369 9549 -18534
4370 9523 -18382
4371 9549 -18470
4372 9537 -18466
4373 9557 -18510
4374 9551 -18522
4375 9513 -18450
4376 9523 -18502
4377 9443 -18318
4378 9521 -18390
4379 9509 -18370
4380 9427 -18214
4381 9487 -18338
4382 9467 -18330
4383 9425 -18162
4384 9425 -18274
4385 9427 -18154
4386 9495 -18302
4387 9469 -18178
4388 9527 -18298
4389 9497 -18250
4390 9453 -18122
4391 9531 -18330
4392 9553 -18330
4393 9459 -18094
4394 9541 -18306
4395 9587 -18438
4396 9595 -18482
4397 9579 -18438
4398 9505 -18178
4399 9479 -18230
4400 9497 -18314
4401 9517 -18346
4402 9575 -18518
4403 9511 -18314
4404 9547 -18346
4405 9507 -18386
4406 9467 -18278
4407 9491 -18358
4408 9443 -18210
4409 9353 -17962
4410 9361 -17978
4411 9459 -18202
4412 9457 -18182
4413 9435 -18238
4414 9475 -18334
4415 9535 -18530
4416 9469 -18202
4417 9401 -18050
4418 9387 -18106
4419 9359 -17994
4420 9419 -18162
4421 9407 -18090
4422 9385 -18086
4423 9433 -18218
4424 9527 -18470
4425 9529 -18442
4426 9485 -18350
4427 9525 -18318
4428 9501 -18298
4429 9503 -18342
4430 9501 -18298
4431 9557 -18410
4432 9487 -18310
4433 9497 -18378
4434 9477 -18258
4435 9387 -18146
4436 9489 -18330
4437 9535 -18486
4438 9523 -18454
4439 9537 -18394
4440 9479 -18182
4441 9479 -18258
4442 9527 -18318
4443 9577 -18530
4444 9565 -18430
4445 9541 -18398
4446 9569 -18406
4447 9513 -18294
4448 9503 -18358
4449 9479 -18286
4450 9465 -18198
4451 9515 -18362
4452 9519 -18390
4453 9531 -18294
4454 9499 -18182
4455 9469 -18114
4456 9485 -18150
4457 9579 -18382
4458 9641 -18534
4459 9605 -18486
4460 9681 -18718
4461 9691 -18714
4462 9683 -18718
4463 9613 -18514
4464 9621 -18562
4465 9653 -18662
4466 9619 -18582
4467 9513 -18318
4468 9475 -18170
4469 9441 -18090
4470 9461 -18102
4471 9501 -18130
4472 9501 -18162
4473 9539 -18350
4474 9583 -18450
4475 9597 -18506
4476 9595 -18466
4477 9605 -18522
4478 9629 -18606
4479 9679 -18758
4480 9683 -18662
4481 9619 -18558
4482 9619 -18534
4483 9617 -18550
4484 9555 -18330
4485 9631 -18506
4486 9597 -18450
4487 9525 -18306
4488 9493 -18190
4489 9559 -18374
4490 9603 -18454
4491 9649 -18514
4492 9611 -18478
4493 9575 -18446
4494 9543 -18350
4495 9489 -18174
4496 9509 -18166
4497 9473 -18202
4498 9535 -18470
4499 9473 -18282
4500 9477 -18322
4501 9471 -18214
4502 9545 -18406
4503 9541 -18334
4504 9513 -18242
4505 9557 -18294
4506 9515 -18294
4507 9557 -18414
4508 9537 -18306
4509 9543 -18382
4510 9543 -18394
4511 9579 -18458
4512 9583 -18466
4513 9557 -18486
4514 9547 -18438
4515 9493 -18286
4516 9531 -18354
4517 9493 -18274
4518 9421 -18062
4519 9471 -18230
4520 9497 -18282
4521 9557 -18510
4522 9535 -18426
4523 9519 -18326
4524 9499 -18358
4525 9483 -18258
4526 9507 -18262
4527 9449 -18082
4528 9475 -18218
4529 9515 -18238
4530 9447 -18106
4531 9513 -18198
4532 9481 -18206
4533 9473 -18226
4534 9497 -18250
4535 9441 -18198
4536 9481 -18286
4537 9537 -18334
4538 9481 -18118
4539 9471 -18206
4540 9437 -18090
4541 9503 -18266
4542 9499 -18222
4543 9573 -18550
4544 9539 -18430
4545 9519 -18322
4546 9411 -18186
4547 9455 -18114
4548 9501 -18226
4549 9521 -18306
4550 9501 -18234
4551 9491 -18206
4552 9537 -18250
4553 9493 -18098
4554 9447 -18046
4555 9479 -18202
4556 9487 -18226
4557 9503 -18294
4558 9507 -18342
4559 9565 -18474
4560 9583 -18534
4561 9521 -18358
4562 9493 -18302
4563 9445 -18186
4564 9437 -18174
4565 9455 -18274
4566 9393 -18106
4567 9509 -18330
4568 9597 -18462
4569 9601 -18550
4570 9539 -18350
4571 9551 -18386
4572 9565 -18378
4573 9543 -18334
4574 9525 -18242
4575 9507 -18198
4576 9599 -18450
4577 9569 -18422
4578 9601 -18474
4579 9589 -18434
4580 9597 -18402
4581 9565 -18358
4582 9617 -18486
4583 9613 -18486
4584 9579 -18406
4585 9565 -18450
4586 9561 -18414
4587 9553 -18418
4588 9507 -18238
4589 9485 -18170
4590 9521 -18338
4591 9497 -18270
4592 9555 -18430
4593 9609 -18558
4594 9509 -18366
4595 9471 -18282
4596 9539 -18534
4597 9497 -18330
4598 9447 -18294
4599 9489 -18322
4600 9447 -18258
4601 9503 -18346
4602 9475 -18318
4603 9441 -18230
4604 9505 -18350
4605 9483 -18342
4606 9441 -18278
4607 9377 -18034
4608 9429 -18218
4609 9437 -18222
4610 9441 -18226
4611 9425 -18234
4612 9447 -18302
4613 9429 -18154
4614 9503 -18274
4615 9503 -18266
4616 9491 -18238
4617 9491 -18294
4618 9551 -18410
4619 9563 -18398
4620 9539 -18266
4621 9503 -18222
4622 9553 -18234
4623 9589 -18458
4624 9603 -18522
4625 9543 -18338
4626 9501 -18230
4627 9531 -18302
4628 9597 -18458
4629 9539 -18398
4630 9547 -18378
4631 9565 -18438
4632 9523 -18242
4633 9523 -18218
4634 9611 -18546
4635 9543 -18358
4636 9515 -18294
4637 9511 -18250
4638 9451 -18146
4639 9535 -18322
4640 9539 -18290
4641 9597 -18410
4642 9573 -18314
4643 9585 -18446
4644 9651 -18570
4645 9659 -18614
4646 9587 -18534
4647 9569 -18506
4648 9583 -18478
4649 9531 -18314
4650 9573 -18402
4651 9601 -18566
4652 9615 -18530
4653 9621 -18486
4654 9633 -18538
4655 9585 -18454
4656 9481 -18178
4657 9545 -18390
4658 9563 -18366
4659 9589 -18450
4660 9587 -18446
4661 9553 -18338
4662 9525 -18418
4663 9625 -18590
4664 9631 -18658
4665 9635 -18566
4666 9631 -18590
4667 9663 -18678
4668 9663 -18718
4669 9599 -18546
4670 9555 -18382
4671 9549 -18414
4672 9531 -18318
4673 9465 -18118
4674 9481 -18190
4675 9519 -18250
4676 9549 -18366
4677 9513 -18242
4678 9595 -18550
4679 9547 -18486
4680 9537 -18410
4681 9487 -18266
4682 9527 -18342
4683 9553 -18382
4684 9459 -18198
4685 9423 -18046
4686 9481 -18270
4687 9465 -18346
4688 9497 -18374
4689 9463 -18282
4690 9535 -18370
4691 9599 -18562
4692 9603 -18562
4693 9611 -18574
4694 9589 -18450
4695 9589 -18386
4696 9573 -18442
4697 9555 -18298
4698 9619 -18510
4699 9553 -18262
4700 9509 -18270
4701 9513 -18230
4702 9547 -18274
4703 9509 -18182
4704 9503 -18218
4705 9537 -18318
4706 9583 -18414
4707 9589 -18530
4708 9569 -18458
4709 9485 -18198
4710 9607 -18606
4711 9547 -18398
4712 9571 -18410
4713 9597 -18482
4714 9619 -18518
4715 9675 -18714
4716 9637 -18590
4717 9627 -18554
4718 9605 -18518
4719 9643 -18658
4720 9653 -18686
4721 9659 -18746
4722 9627 -18682
4723 9619 -18554
4724 9611 -18582
4725 9569 -18370
4726 9553 -18338
4727 9507 -18294
4728 9515 -18286
4729 9571 -18498
4730 9545 -18298
4731 9523 -18282
4732 9577 -18430
4733 9499 -18262
4734 9429 -18162
4735 9495 -18282
4736 9541 -18442
4737 9469 -18346
4738 9397 -18158
4739 9373 -18118
4740 9425 -18258
4741 9475 -18282
4742 9399 -18126
4743 9455 -18314
4744 9419 -18234
4745 9411 -18198
4746 9467 -18358
4747 9471 -18362
4748 9535 -18470
4749 9461 -18322
4750 9395 -18146
4751 9367 -18178
4752 9383 -18050
4753 9475 -18246
4754 9491 -18370
4755 9457 -18238
4756 9529 -18410
4757 9489 -18442
4758 9379 -18182
4759 9361 -18162
4760 9419 -18142
4761 9473 -18382
4762 9451 -18270
4763 9435 -18270
4764 9425 -18322
4765 9375 -18250
4766 9317 -18090
4767 9379 -18198
4768 9473 -18394
4769 9397 -18202
4770 9401 -18218
4771 9413 -18266
4772 9405 -18250
4773 9427 -18286
4774 9383 -18214
4775 9469 -18378
4776 9499 -18366
4777 9491 -18342
4778 9487 -18346
4779 9483 -18330
4780 9483 -18262
4781 9433 -18158
4782 9507 -18206
4783 9517 -18210
4784 9511 -18314
4785 9515 -18266
4786 9503 -18238
4787 9515 -18254
4788 9569 -18378
4789 9573 -18482
4790 9573 -18426
4791 9601 -18514
4792 9597 -18550
4793 9563 -18450
4794 9543 -18326
4795 9571 -18446
4796 9571 -18458
4797 9609 -18498
4798 9607 -18530
4799 9483 -18202
4800 9483 -18350
4801 9429 -18126
4802 9437 -18178
4803 9413 -18014
4804 9483 -18274
4805 9509 -18282
4806 9531 -18290
4807 9521 -18282
4808 9521 -18274
4809 9587 -18414
4810 9539 -18334
4811 9527 -18318
4812 9517 -18290
4813 9439 -18142
4814 9421 -18142
4815 9439 -18054
4816 9503 -18298
4817 9525 -18350
4818 9547 -18366
4819 9483 -18322
4820 9523 -18346
4821 9523 -18354
4822 9559 -18406
4823 9619 -18466
4824 9557 -18402
4825 9517 -18318
4826 9523 -18390
4827 9513 -18422
4828 9477 -18318
4829 9455 -18294
4830 9429 -18214
4831 9523 -18370
4832 9471 -18338
4833 9513 -18418
4834 9477 -18274
4835 9505 -18302
4836 9547 -18302
4837 9533 -18330
4838 9603 -18566
4839 9507 -18242
4840 9459 -18186
4841 9449 -18294
4842 9441 -18186
4843 9455 -18246
4844 9497 -18322
4845 9483 -18262
4846 9543 -18410
4847 9499 -18258
4848 9455 -18226
4849 9457 -18214
4850 9481 -18266
4851 9469 -18206
4852 9417 -18026
4853 9485 -18262
4854 9489 -18242
4855 9437 -18154
4856 9451 -18186
4857 9393 -17978
4858 9479 -18202
4859 9439 -17990
4860 9425 -18110
4861 9453 -18134
4862 9515 -18302
4863 9517 -18286
4864 9593 -18534
4865 9639 -18654
4866 9599 -18574
4867 9653 -18642
4868 9627 -18566
4869 9583 -18510
4870 9571 -18414
4871 9595 -18506
4872 9609 -18586
4873 9577 -18418
4874 9525 -18354
4875 9453 -18238
4876 9427 -18198
4877 9415 -17994
4878 9347 -17862
4879 9471 -18202
4880 9499 -18334
4881 9415 -17954
4882 9411 -18042
4883 9497 -18286
4884 9529 -18506
4885 9497 -18458
4886 9449 -18246
4887 9459 -18210
4888 9379 -18130
4889 9399 -18166
4890 9429 -18126
4891 9511 -18394
4892 9389 -18074
4893 9399 -18006
4894 9513 -18346
4895 9493 -18322
4896 9503 -18298
4897 9519 -18326
4898 9515 -18306
4899 9537 -18314
4900 9619 -18530
4901 9565 -18422
4902 9575 -18466
4903 9553 -18394
4904 9497 -18262
4905 9439 -18182
4906 9499 -18338
4907 9481 -18222
4908 9543 -18294
4909 9519 -18266
4910 9543 -18322
4911 9545 -18386
4912 9455 -18122
4913 9545 -18374
4914 9565 -18470
4915 9499 -18326
4916 9473 -18246
4917 9567 -18502
4918 9591 -18470
4919 9591 -18422
4920 9599 -18534
4921 9565 -18454
4922 9567 -18394
4923 9537 -18298
4924 9487 -18186
4925 9511 -18270
4926 9493 -18166
4927 9485 -18162
4928 9505 -18278
4929 9491 -18374
4930 9435 -18258
4931 9393 -18166
4932 9381 -18182
4933 9343 -18010
4934 9299 -17998
4935 9359 -18086
4936 9409 -18086
4937 9353 -17950
4938 9405 -18086
4939 9379 -18002
4940 9417 -18118
4941 9415 -18190
4942 9481 -18334
4943 9493 -18254
4944 9493 -18270
4945 9465 -18190
4946 9523 -18346
4947 9463 -18246
4948 9493 -18230
4949 9557 -18350
4950 9623 -18594
4951 9595 -18506
4952 9585 -18482
4953 9603 -18554
4954 9505 -18266
4955 9479 -18270
4956 9461 -18254
4957 9465 -18190
4958 9475 -18190
4959 9503 -18258
4960 9509 -18282
4961 9543 -18386
4962 9633 -18558
4963 9637 -18606
4964 9581 -18418
4965 9599 -18454
4966 9607 -18506
4967 9595 -18570
4968 9541 -18378
4969 9511 -18218
4970 9483 -18238
4971 9575 -18554
4972 9515 -18398
4973 9585 -18510
4974 9549 -18314
4975 9585 -18466
4976 9611 -18534
4977 9595 -18434
4978 9587 -18462
4979 9487 -18266
4980 9471 -18174
4981 9553 -18470
4982 9603 -18526
4983 9571 -18478
4984 9545 -18414
4985 9551 -18418
4986 9517 -18330
4987 9473 -18326
4988 9499 -18198
4989 9551 -18342
4990 9561 -18406
4991 9527 -18326
4992 9511 -18342
4993 9525 -18382
4994 9501 -18338
4995 9519 -18390
4996 9547 -18442
4997 9519 -18294
4998 9491 -18294
4999 9501 -18270
5000 9489 -18250
5001 9507 -18274
5002 9505 -18250
5003 9495 -18222
5004 9407 -17994
5005 9469 -18190
5006 9475 -18178
5007 9511 -18198
5008 9485 -18134
5009 9481 -18142
5010 9455 -18162
5011 9489 -18214
5012 9447 -18142
5013 9477 -18254
5014 9513 -18318
5015 9545 -18382
5016 9491 -18310
5017 9469 -18226
5018 9413 -18126
5019 9499 -18362
5020 9369 -18026
5021 9353 -18066
5022 9305 -17974
5023 9301 -17930
5024 9231 -17834
5025 9329 -18082
5026 9325 -17962
5027 9499 -18362
5028 9491 -18262
5029 9433 -18226
5030 9475 -18242
5031 9431 -18246
5032 9463 -18270
5033 9447 -18214
5034 9517 -18410
5035 9531 -18430
5036 9571 -18506
5037 9527 -18282
5038 9553 -18378
5039 9585 -18442
5040 9601 -18538
5041 9561 -18374
5042 9565 -18362
5043 9539 -18310
5044 9505 -18226
5045 9483 -18214
5046 9495 -18222
5047 9481 -18154
5048 9539 -18330
5049 9515 -18266
5050 9537 -18358
5051 9547 -18426
5052 9619 -18594
5053 9565 -18358
5054 9513 -18218
5055 9567 -18354
5056 9567 -18366
5057 9557 -18342
5058 9515 -18274
5059 9529 -18322
5060 9415 -17986
5061 9385 -17854
5062 9397 -17898
5063 9391 -17990
5064 9491 -18198
5065 9543 -18238
5066 9651 -18570
5067 9627 -18562
5068 9593 -18542
5069 9515 -18414
5070 9503 -18394
5071 9587 -18486
5072 9503 -18302
5073 9487 -18206
5074 9523 -18198
5075 9511 -18258
5076 9539 -18386
5077 9517 -18342
5078 9569 -18410
5079 9561 -18426
5080 9551 -18418
5081 9597 -18530
5082 9561 -18382
5083 9529 -18330
5084 9543 -18342
5085 9539 -18334
5086 9577 -18358
5087 9609 -18454
5088 9603 -18422
5089 9619 -18506
5090 9575 -18386
5091 9513 -18250
5092 9507 -18254
5093 9527 -18366
5094 9537 -18470
5095 9469 -18190
5096 9437 -18046
5097 9471 -18130
5098 9485 -18234
5099 9411 -17994
5100 9439 -18138
5101 9375 -18030
5102 9423 -18126
5103 9473 -18242
5104 9467 -18158
5105 9461 -18122
5106 9601 -18466
5107 9581 -18482
5108 9595 -18482
5109 9525 -18406
5110 9511 -18366
5111 9531 -18322
5112 9551 -18354
5113 9499 -18218
5114 9429 -18102
5115 9483 -18254
5116 9517 -18414
5117 9541 -18382
5118 9543 -18418
5119 9525 -18350
5120 9485 -18126
5121 9437 -18110
5122 9503 -18322
5123 9507 -18194
5124 9581 -18414
5125 9585 -18434
5126 9545 -18370
5127 9595 -18522
5128 9471 -18118
5129 9429 -18058
5130 9471 -18162
5131 9557 -18394
5132 9507 -18198
5133 9495 -18230
5134 9455 -18230
5135 9503 -18318
5136 9477 -18134
5137 9489 -18134
5138 9517 -18330
5139 9501 -18286
5140 9557 -18514
5141 9505 -18398
5142 9477 -18270
5143 9533 -18318
5144 9495 -18162
5145 9495 -18222
5146 9523 -18390
5147 9581 -18402
5148 9569 -18410
5149 9529 -18358
5150 9589 -18522
5151 9557 -18470
5152 9559 -18466
5153 9569 -18414
5154 9589 -18538
5155 9505 -18278
5156 9535 -18366
5157 9519 -18426
5158 9439 -18206
5159 9375 -18094
5160 9333 -18022
5161 9311 -18058
5162 9383 -18130
5163 9495 -18494
5164 9473 -18334
5165 9485 -18282
5166 9519 -18366
5167 9469 -18214
5168 9531 -18362
5169 9595 -18558
5170 9551 -18386
5171 9571 -18454
5172 9505 -18266
5173 9573 -18366
5174 9563 -18374
5175 9539 -18310
5176 9457 -18110
5177 9437 -18082
5178 9489 -18274
5179 9509 -18414
5180 9527 -18530
5181 9485 -18326
5182 9427 -18206
5183 9513 -18426
5184 9501 -18334
5185 9535 -18382
5186 9543 -18422
5187 9595 -18630
5188 9515 -18414
5189 9545 -18450
5190 9529 -18334
5191 9561 -18374
5192 9485 -18198
5193 9495 -18290
5194 9465 -18174
5195 9447 -18114
5196 9437 -18098
5197 9513 -18246
5198 9469 -18178
5199 9507 -18306
5200 9413 -18094
5201 9413 -18146
5202 9461 -18238
5203 9419 -18174
5204 9403 -18146
5205 9287 -17926
5206 9351 -18114
5207 9405 -18210
5208 9403 -18146
5209 9397 -18150
5210 9405 -18142
5211 9365 -18114
5212 9359 -18014
5213 9297 -17946
5214 9303 -17846
5215 9445 -18222
5216 9445 -18202
5217 9367 -17986
5218 9363 -17998
5219 9453 -18302
5220 9397 -18222
5221 9385 -18178
5222 9389 -18146
5223 9413 -18166
5224 9437 -18242
5225 9425 -18226
5226 9447 -18362
5227 9415 -18194
5228 9445 -18298
5229 9441 -18258
5230 9425 -18294
5231 9399 -18194
5232 9491 -18410
5233 9493 -18418
5234 9473 -18298
5235 9501 -18342
5236 9471 -18278
5237 9461 -18266
5238 9389 -18222
5239 9441 -18394
5240 9461 -18370
5241 9519 -18506
5242 9517 -18346
5243 9497 -18322
5244 9469 -18226
5245 9425 -18122
5246 9455 -18194
5247 9473 -18262
5248 9497 -18422
5249 9561 -18458
5250 9581 -18458
5251 9551 -18370
5252 9547 -18414
5253 9593 -18346
5254 9631 -18526
5255 9559 -18438
5256 9565 -18318
5257 9547 -18354
5258 9553 -18394
5259 9571 -18386
5260 9573 -18394
5261 9537 -18226
5262 9583 -18382
5263 9557 -18334
5264 9543 -18274
5265 9539 -18350
5266 9483 -18166
5267 9571 -18374
5268 9577 -18382
5269 9531 -18330
5270 9539 -18310
5271 9543 -18342
5272 9577 -18446
5273 9537 -18366
5274 9501 -18254
5275 9531 -18366
5276 9539 -18390
5277 9589 -18518
5278 9545 -18366
5279 9593 -18546
5280 9573 -18490
5281 9549 -18358
5282 9527 -18342
5283 9519 -18342
5284 9509 -18398
5285 9539 -18486
5286 9521 -18322
5287 9511 -18422
5288 9473 -18334
5289 9483 -18454
5290 9463 -18322
5291 9489 -18266
5292 9523 -18414
5293 9507 -18310
5294 9521 -18334
5295 9573 -18450
5296 9509 -18222
5297 9451 -18138
5298 9443 -18054
5299 9463 -18110
5300 9519 -18210
5301 9529 -18294
5302 9495 -18226
5303 9481 -18182
5304 9487 -18258
5305 9489 -18370
5306 9453 -18270
5307 9451 -18150
5308 9487 -18278
5309 9479 -18290
5310 9465 -18150
5311 9545 -18378
5312 9491 -18230
5313 9497 -18330
5314 9555 -18430
5315 9535 -18366
5316 9519 -18230
5317 9613 -18494
5318 9625 -18478
5319 9603 -18410
5320 9569 -18418
5321 9545 -18358
5322 9595 -18534
5323 9593 -18458
5324 9643 -18710
5325 9659 -18670
5326 9597 -18522
5327 9597 -18518
5328 9513 -18306
5329 9451 -18146
5330 9485 -18298
5331 9549 -18462
5332 9479 -18210
5333 9511 -18422
5334 9521 -18378
5335 9517 -18374
5336 9477 -18194
5337 9501 -18314
5338 9535 -18362
5339 9553 -18418
5340 9535 -18398
5341 9501 -18334
5342 9565 -18442
5343 9543 -18402
5344 9549 -18426
5345 9549 -18490
5346 9631 -18726
5347 9615 -18626
5348 9541 -18442
5349 9459 -18230
5350 9455 -18174
5351 9497 -18318
5352 9523 -18306
5353 9497 -18322
5354 9487 -18394
5355 9405 -18274
5356 9357 -18034
5357 9431 -18170
5358 9441 -18246
5359 9527 -18398
5360 9545 -18442
5361 9511 -18378
5362 9545 -18346
5363 9543 -18438
5364 9501 -18374
5365 9535 -18350
5366 9587 -18486
5367 9589 -18446
5368 9561 -18354
5369 9613 -18486
5370 9549 -18342
5371 9557 -18358
5372 9633 -18554
5373 9613 -18514
5374 9511 -18230
5375 9585 -18454
5376 9573 -18434
5377 9627 -18546
5378 9531 -18198
5379 9507 -18202
5380 9489 -18142
5381 9497 -18230
5382 9433 -18098
5383 9437 -18162
5384 9343 -17830
5385 9423 -17922
5386 9483 -18182
5387 9525 -18322
5388 9605 -18478
5389 9549 -18354
5390 9647 -18618
5391 9651 -18566
5392 9677 -18622
5393 9637 -18534
5394 9639 -18610
5395 9653 -18622
5396 9597 -18478
5397 9603 -18458
5398 9589 -18506
5399 9587 -18482
5400 9573 -18454
5401 9653 -18582
5402 9695 -18702
5403 9599 -18514
5404 9609 -18510
5405 9493 -18298
5406 9523 -18330
5407 9577 -18478
5408 9617 -18558
5409 9541 -18370
5410 9621 -18466
5411 9593 -18490
5412 9577 -18430
5413 9597 -18470
5414 9617 -18534
5415 9575 -18422
5416 9501 -18282
5417 9445 -18194
5418 9439 -18114
5419 9371 -17910
5420 9435 -18050
5421 9517 -18362
5422 9485 -18318
5423 9463 -18254
5424 9521 -18454
5425 9517 -18314
5426 9485 -18318
5427 9501 -18278
5428 9523 -18346
5429 9575 -18462
5430 9503 -18318
5431 9493 -18266
5432 9547 -18430
5433 9525 -18390
5434 9533 -18354
5435 9537 -18474
5436 9521 -18266
5437 9511 -18302
5438 9573 -18422
5439 9509 -18230
5440 9455 -18110
5441 9471 -18242
5442 9495 -18190
5443 9563 -18438
5444 9557 -18386
5445 9477 -18214
5446 9561 -18446
5447 9551 -18490
5448 9575 -18518
5449 9603 -18530
5450 9563 -18446
5451 9575 -18478
5452 9579 -18478
5453 9567 -18430
5454 9465 -18098
5455 9527 -18282
5456 9539 -18382
5457 9517 -18302
5458 9537 -18314
5459 9495 -18238
5460 9457 -18162
5461 9535 -18442
5462 9531 -18454
5463 9575 -18514
5464 9551 -18454
5465 9553 -18422
5466 9571 -18458
5467 9557 -18390
5468 9527 -18194
5469 9547 -18354
5470 9509 -18238
5471 9521 -18238
5472 9527 -18286
5473 9529 -18390
5474 9539 -18406
5475 9513 -18226
5476 9575 -18338
5477 9609 -18430
5478 9533 -18298
5479 9555 -18374
5480 9571 -18426
5481 9531 -18378
5482 9597 -18566
5483 9603 -18482
5484 9573 -18370
5485 9557 -18338
5486 9635 -18686
5487 9657 -18730
5488 9627 -18598
5489 9645 -18594
5490 9651 -18662
5491 9645 -18614
5492 9601 -18506
5493 9599 -18586
5494 9509 -18338
5495 9449 -18078
5496 9541 -18438
5497 9533 -18378
5498 9591 -18534
5499 9577 -18486
5500 9599 -18526
5501 9505 -18366
5502 9477 -18246
5503 9411 -18094
5504 9461 -18186
5505 9471 -18246
5506 9435 -18178
5507 9471 -18294
5508 9513 -18302
5509 9505 -18290
5510 9497 -18290
5511 9457 -18154
5512 9457 -18110
5513 9417 -18018
5514 9531 -18418
5515 9535 -18382
5516 9565 -18434
5517 9629 -18626
5518 9655 -18718
5519 9605 -18514
5520 9611 -18530
5521 9591 -18502
5522 9603 -18474
5523 9525 -18234
5524 9491 -18190
5525 9437 -18066
5526 9475 -18182
5527 9493 -18206
5528 9469 -18166
5529 9503 -18206
5530 9485 -18230
5531 9531 -18238
5532 9485 -18226
5533 9469 -18146
5534 9447 -18066
5535 9487 -18150
5536 9555 -18326
5537 9497 -18114
5538 9513 -18266
5539 9493 -18290
5540 9491 -18238
5541 9487 -18230
5542 9521 -18302
5543 9565 -18426
5544 9579 -18450
5545 9515 -18478
5546 9485 -18394
5547 9511 -18310
5548 9511 -18354
5549 9497 -18250
5550 9465 -18186
5551 9383 -17954
5552 9419 -18134
5553 9385 -18118
5554 9363 -18014
5555 9413 -18174
5556 9421 -18146
5557 9483 -18274
5558 9517 -18422
5559 9461 -18202
5560 9521 -18342
5561 9471 -18182
5562 9403 -18078
5563 9399 -18086
5564 9417 -18122
5565 9369 -17978
5566 9417 -18154
5567 9481 -18310
5568 9545 -18414
5569 9485 -18242
5570 9475 -18286
5571 9585 -18526
5572 9605 -18454
5573 9563 -18322
5574 9563 -18346
5575 9569 -18406
5576 9513 -18242
5577 9439 -18062
5578 9493 -18210
5579 9507 -18242
5580 9537 -18366
5581 9573 -18510
5582 9549 -18426
5583 9503 -18342
5584 9505 -18350
5585 9465 -18226
5586 9487 -18218
5587 9475 -18226
5588 9527 -18346
5589 9497 -18314
5590 9563 -18350
5591 9541 -18394
5592 9515 -18286
5593 9533 -18306
5594 9473 -18206
5595 9531 -18306
5596 9575 -18366
5597 9583 -18418
5598 9581 -18422
5599 9581 -18458
5600 9587 -18454
5601 9623 -18574
5602 9569 -18458
5603 9593 -18518
5604 9547 -18398
5605 9525 -18382
5606 9519 -18358
5607 9517 -18334
5608 9479 -18274
5609 9449 -18250
5610 9413 -18094
5611 9399 -18114
5612 9451 -18170
5613 9461 -18134
5614 9495 -18290
5615 9529 -18398
5616 9479 -18322
5617 9481 -18246
5618 9527 -18434
5619 9553 -18366
5620 9607 -18494
5621 9669 -18666
5622 9647 -18622
5623 9597 -18482
5624 9631 -18594
5625 9557 -18430
5626 9547 -18410
5627 9443 -18126
5628 9545 -18434
5629 9507 -18322
5630 9475 -18234
5631 9463 -18150
5632 9423 -18110
5633 9407 -18074
5634 9443 -18062
5635 9455 -18198
5636 9521 -18266
5637 9593 -18474
5638 9587 -18470
5639 9635 -18546
5640 9545 -18306
5641 9501 -18138
5642 9483 -18166
5643 9569 -18414
5644 9595 -18490
5645 9541 -18402
5646 9483 -18106
5647 9491 -18286
5648 9593 -18526
5649 9519 -18354
5650 9489 -18226
5651 9565 -18462
5652 9571 -18490
5653 9575 -18462
5654 9587 -18398
5655 9511 -18186
5656 9501 -18118
5657 9545 -18370
5658 9609 -18598
5659 9541 -18342
5660 9503 -18322
5661 9435 -18206
5662 9499 -18346
5663 9507 -18330
5664 9521 -18230
5665 9523 -18290
5666 9475 -18206
5667 9567 -18446
5668 9503 -18238
5669 9489 -18218
5670 9547 -18434
5671 9499 -18314
5672 9509 -18238
5673 9439 -18102
5674 9485 -18274
5675 9441 -18146
5676 9427 -18082
5677 9493 -18202
5678 9571 -18366
5679 9599 -18522
5680 9545 -18358
5681 9583 -18474
5682 9539 -18390
5683 9505 -18186
5684 9505 -18254
5685 9519 -18326
5686 9471 -18066
5687 9551 -18250
5688 9489 -18122
5689 9463 -18162
5690 9507 -18282
5691 9597 -18530
5692 9597 -18570
5693 9609 -18634
5694 9567 -18506
5695 9579 -18458
5696 9641 -18610
5697 9625 -18646
5698 9603 -18458
5699 9601 -18490
5700 9549 -18418
5701 9511 -18346
5702 9447 -18298
5703 9393 -18142
5704 9411 -18110
5705 9449 -18210
5706 9425 -17994
5707 9421 -18002
5708 9455 -18250
5709 9471 -18250
5710 9457 -18202
5711 9501 -18314
5712 9511 -18462
5713 9507 -18358
5714 9567 -18518
5715 9529 -18430
5716 9567 -18530
5717 9551 -18414
5718 9529 -18310
5719 9587 -18462
5720 9543 -18362
5721 9587 -18546
5722 9603 -18574
5723 9553 -18510
5724 9475 -18198
5725 9455 -18122
5726 9453 -18254
5727 9463 -18206
5728 9491 -18314
5729 9485 -18318
5730 9489 -18338
5731 9459 -18150
5732 9453 -18174
5733 9473 -18234
5734 9485 -18226
5735 9409 -18058
5736 9425 -18106
5737 9503 -18310
5738 9519 -18366
5739 9465 -18198
5740 9489 -18330
5741 9411 -18162
5742 9463 -18282
5743 9429 -18206
5744 9467 -18330
5745 9465 -18202
5746 9477 -18302
5747 9447 -18166
5748 9499 -18270
5749 9503 -18230
5750 9513 -18354
5751 9467 -18186
5752 9563 -18362
5753 9537 -18298
5754 9545 -18386
5755 9593 -18498
5756 9677 -18662
5757 9629 -18562
5758 9577 -18490
5759 9571 -18318
5760 9563 -18362
5761 9529 -18310
5762 9571 -18390
5763 9513 -18322
5764 9533 -18338
5765 9561 -18510
5766 9557 -18442
5767 9575 -18378
5768 9635 -18630
5769 9615 -18522
5770 9587 -18442
5771 9549 -18370
5772 9479 -18266
5773 9509 -18410
5774 9513 -18470
5775 9469 -18242
5776 9529 -18422
5777 9577 -18458
5778 9601 -18494
5779 9595 -18490
5780 9555 -18418
5781 9523 -18326
5782 9485 -18246
5783 9517 -18434
5784 9505 -18306
5785 9559 -18510
5786 9439 -18238
5787 9503 -18274
5788 9585 -18498
5789 9595 -18502
5790 9601 -18466
5791 9581 -18454
5792 9553 -18346
5793 9597 -18438
5794 9623 -18582
5795 9589 -18566
5796 9571 -18410
5797 9581 -18438
5798 9533 -18366
5799 9517 -18282
5800 9459 -18118
5801 9461 -18270
5802 9441 -18162
5803 9489 -18254
5804 9567 -18470
5805 9545 -18338
5806 9481 -18178
5807 9519 -18298
5808 9599 -18494
5809 9585 -18446
5810 9599 -18554
5811 9601 -18542
5812 9573 -18442
5813 9575 -18454
5814 9597 -18518
5815 9629 -18566
5816 9737 -18858
5817 9649 -18510
5818 9681 -18774
5819 9569 -18470
5820 9585 -18502
5821 9571 -18410
5822 9527 -18306
5823 9551 -18366
5824 9603 -18538
5825 9545 -18434
5826 9595 -18526
5827 9591 -18542
5828 9501 -18254
5829 9421 -18010
5830 9411 -18026
5831 9479 -18162
5832 9481 -18290
5833 9483 -18226
5834 9503 -18262
5835 9475 -18214
5836 9529 -18358
5837 9517 -18298
5838 9511 -18214
5839 9533 -18254
5840 9541 -18398
5841 9617 -18558
5842 9619 -18518
5843 9685 -18686
5844 9599 -18450
5845 9577 -18414
5846 9559 -18330
5847 9539 -18326
5848 9497 -18294
5849 9447 -18234
5850 9371 -18102
5851 9415 -18242
5852 9391 -18062
5853 9455 -18222
5854 9425 -18186
5855 9445 -18266
5856 9523 -18390
5857 9463 -18174
5858 9509 -18322
5859 9495 -18358
5860 9507 -18334
5861 9447 -18170
5862 9513 -18310
5863 9519 -18310
5864 9517 -18446
5865 9459 -18242
5866 9487 -18278
5867 9455 -18162
5868 9435 -18130
5869 9471 -18170
5870 9531 -18430
5871 9449 -18166
5872 9429 -18162
5873 9431 -18114
5874 9525 -18318
5875 9541 -18346
5876 9571 -18386
5877 9489 -18270
5878 9531 -18414
5879 9569 -18454
5880 9553 -18406
5881 9549 -18390
5882 9589 -18454
5883 9595 -18446
5884 9635 -18550
5885 9591 -18450
5886 9603 -18506
5887 9583 -18470
5888 9577 -18502
5889 9553 -18418
5890 9521 -18330
5891 9573 -18466
5892 9517 -18290
5893 9565 -18366
5894 9609 -18454
5895 9573 -18458
5896 9563 -18458
5897 9563 -18390
5898 9565 -18362
5899 9541 -18326
5900 9557 -18354
5901 9517 -18186
5902 9505 -18246
5903 9497 -18278
5904 9539 -18314
5905 9541 -18354
5906 9559 -18378
5907 9609 -18490
5908 9553 -18350
5909 9537 -18326
5910 9493 -18210
5911 9501 -18302
5912 9487 -18222
5913 9473 -18214
5914 9513 -18394
5915 9535 -18302
5916 9519 -18278
5917 9543 -18318
5918 9589 -18482
5919 9597 -18586
5920 9525 -18350
5921 9527 -18362
5922 9517 -18342
5923 9421 -18050
5924 9507 -18334
5925 9555 -18402
5926 9531 -18346
5927 9567 -18450
5928 9493 -18294
5929 9499 -18234
5930 9521 -18254
5931 9563 -18382
5932 9539 -18382
5933 9521 -18378
5934 9529 -18410
5935 9567 -18502
5936 9515 -18282
5937 9501 -18242
5938 9533 -18266
5939 9479 -18290
5940 9599 -18582
5941 9565 -18466
5942 9531 -18290
5943 9577 -18434
5944 9517 -18346
5945 9565 -18458
5946 9513 -18294
5947 9499 -18294
5948 9601 -18554
5949 9577 -18530
5950 9581 -18598
5951 9535 -18426
5952 9551 -18434
5953 9541 -18322
5954 9555 -18342
5955 9515 -18302
5956 9575 -18446
5957 9527 -18294
5958 9525 -18362
5959 9523 -18422
5960 9461 -18210
5961 9405 -18038
5962 9377 -18018
5963 9441 -18150
5964 9463 -18194
5965 9475 -18206
5966 9503 -18170
5967 9499 -18262
5968 9481 -18234
5969 9491 -18222
5970 9493 -18246
5971 9527 -18362
5972 9525 -18346
5973 9479 -18182
5974 9533 -18322
5975 9529 -18334
5976 9453 -18106
5977 9433 -18046
5978 9431 -18042
5979 9537 -18318
5980 9535 -18346
5981 9505 -18170
5982 9577 -18346
5983 9545 -18362
5984 9611 -18546
5985 9661 -18666
5986 9685 -18670
5987 9699 -18758
5988 9671 -18654
5989 9607 -18538
5990 9603 -18582
5991 9547 -18430
5992 9517 -18334
5993 9479 -18186
5994 9517 -18282
5995 9507 -18334
5996 9565 -18418
5997 9575 -18378
5998 9551 -18406
5999 9529 -18334
6000 9501 -18226
6001 9505 -18218
6002 9527 -18334
6003 9485 -18214
6004 9481 -18242
6005 9525 -18278
6006 9551 -18370
6007 9479 -18290
6008 9493 -18294
6009 9415 -18082
6010 9387 -17978
6011 9373 -17950
6012 9479 -18178
6013 9489 -18174
6014 9531 -18338
6015 9501 -18282
6016 9469 -18254
6017 9511 -18322
6018 9477 -18338
6019 9473 -18294
6020 9561 -18494
6021 9495 -18374
6022 9501 -18310
6023 9521 -18310
6024 9547 -18278
6025 9533 -18334
6026 9481 -18238
6027 9539 -18366
6028 9519 -18346
6029 9501 -18266
6030 9481 -18198
6031 9443 -18034
6032 9437 -18102
6033 9593 -18434
6034 9543 -18334
6035 9625 -18522
6036 9581 -18474
6037 9517 -18246
6038 9523 -18318
6039 9497 -18126
6040 9521 -18398
6041 9529 -18290
6042 9485 -18206
6043 9531 -18394
6044 9551 -18338
6045 9545 -18350
6046 9521 -18226
6047 9427 -18058
6048 9455 -18190
6049 9439 -18114
6050 9463 -18114
6051 9491 -18186
6052 9547 -18418
6053 9513 -18278
6054 9489 -18210
6055 9509 -18298
6056 9493 -18230
6057 9555 -18390
6058 9605 -18578
6059 9589 -18578
6060 9593 -18554
6061 9541 -18366
6062 9557 -18394
6063 9525 -18354
6064 9439 -18150
6065 9475 -18210
6066 9481 -18290
6067 9503 -18438
6068 9523 -18354
6069 9539 -18410
6070 9549 -18510
6071 9497 -18414
6072 9471 -18334
6073 9413 -18082
6074 9361 -17938
6075 9415 -18194
6076 9435 -18218
6077 9451 -18274
6078 9447 -18358
6079 9375 -18314
6080 9421 -18346
6081 9445 -18326
6082 9535 -18510
6083 9473 -18378
6084 9453 -18358
6085 9415 -18218
6086 9421 -18154
6087 9449 -18222
6088 9485 -18210
6089 9499 -18258
6090 9417 -18206
6091 9415 -18218
6092 9505 -18378
6093 9443 -18202
6094 9411 -18134
6095 9463 -18154
6096 9493 -18258
6097 9469 -18178
6098 9453 -18142
6099 9319 -17882
6100 9321 -17882
6101 9417 -18182
6102 9419 -18234
6103 9467 -18386
6104 9431 -18222
6105 9469 -18230
6106 9529 -18282
6107 9473 -18154
6108 9549 -18330
6109 9583 -18498
6110 9609 -18482
6111 9599 -18502
6112 9655 -18630
6113 9617 -18562
6114 9591 -18466
6115 9617 -18546
6116 9593 -18442
6117 9473 -18094
6118 9481 -18154
6119 9511 -18298
6120 9519 -18266
6121 9513 -18230
6122 9479 -18186
6123 9549 -18426
6124 9561 -18406
6125 9499 -18310
6126 9519 -18294
6127 9577 -18414
6128 9569 -18318
6129 9573 -18366
6130 9617 -18490
6131 9629 -18546
6132 9643 -18622
6133 9599 -18438
6134 9577 -18434
6135 9529 -18358
6136 9571 -18410
6137 9589 -18446
6138 9617 -18506
6139 9637 -18586
6140 9553 -18462
6141 9509 -18206
6142 9507 -18226
6143 9435 -18146
6144 9459 -18326
6145 9445 -18238
6146 9471 -18298
6147 9417 -18134
6148 9437 -18086
6149 9511 -18322
6150 9459 -18166
6151 9497 -18298
6152 9405 -18074
6153 9429 -18130
6154 9493 -18262
6155 9525 -18366
6156 9581 -18538
6157 9531 -18430
6158 9533 -18486
6159 9513 -18390
6160 9447 -18230
6161 9477 -18254
6162 9413 -18050
6163 9493 -18258
6164 9503 -18346
6165 9507 -18370
6166 9519 -18378
6167 9565 -18450
6168 9589 -18578
6169 9537 -18334
6170 9483 -18254
6171 9461 -18190
6172 9443 -18146
6173 9509 -18318
6174 9503 -18270
6175 9535 -18398
6176 9541 -18370
6177 9519 -18410
6178 9509 -18314
6179 9475 -18222
6180 9435 -18106
6181 9531 -18362
6182 9541 -18406
6183 9579 -18422
6184 9595 -18506
6185 9531 -18386
6186 9555 -18462
6187 9589 -18530
6188 9579 -18490
6189 9629 -18510
6190 9651 -18666
6191 9643 -18642
6192 9593 -18558
6193 9593 -18474
6194 9487 -18194
6195 9499 -18302
6196 9513 -18374
6197 9555 -18446
6198 9515 -18302
6199 9439 -18098
6200 9499 -18254
6201 9491 -18294
6202 9501 -18290
6203 9549 -18474
6204 9475 -18322
6205 9465 -18302
6206 9457 -18174
6207 9361 -18074
6208 9327 -17866
6209 9357 -17946
6210 9343 -17970
6211 9291 -17882
6212 9273 -17938
6213 9271 -17930
6214 9361 -18014
6215 9369 -18070
6216 9447 -18250
6217 9381 -18094
6218 9485 -18210
6219 9511 -18326
6220 9463 -18206
6221 9479 -18226
6222 9483 -18194
6223 9479 -18246
6224 9483 -18278
6225 9497 -18294
6226 9399 -18070
6227 9445 -18170
6228 9463 -18242
6229 9487 -18242
6230 9529 -18338
6231 9537 -18286
6232 9533 -18342
6233 9549 -18406
6234 9561 -18390
6235 9549 -18298
6236 9545 -18290
6237 9513 -18302
6238 9515 -18250
6239 9557 -18418
6240 9561 -18426
6241 9529 -18394
6242 9555 -18422
6243 9577 -18526
6244 9569 -18518
6245 9517 -18338
6246 9433 -18118
6247 9437 -18070
6248 9439 -18182
6249 9461 -18234
6250 9501 -18414
6251 9483 -18274
6252 9561 -18438
6253 9559 -18354
6254 9557 -18382
6255 9539 -18318
6256 9481 -18254
6257 9481 -18210
6258 9533 -18386
6259 9471 -18150
6260 9505 -18306
6261 9587 -18454
6262 9515 -18234
6263 9505 -18214
6264 9443 -18018
6265 9499 -18258
6266 9565 -18410
6267 9467 -18234
6268 9415 -18102
6269 9433 -18090
6270 9437 -18138
6271 9515 -18286
6272 9539 -18414
6273 9589 -18498
6274 9557 -18330
6275 9603 -18558
6276 9561 -18422
6277 9561 -18406
6278 9549 -18410
6279 9635 -18634
6280 9595 -18586
6281 9535 -18382
6282 9475 -18210
6283 9503 -18402
6284 9491 -18358
6285 9461 -18306
6286 9457 -18358
6287 9403 -18154
6288 9355 -18054
6289 9361 -17994
6290 9329 -17958
6291 9305 -17938
6292 9471 -18358
6293 9515 -18334
6294 9545 -18518
6295 9519 -18326
6296 9573 -18466
6297 9531 -18290
6298 9551 -18386
6299 9599 -18554
6300 9549 -18342
6301 9577 -18442
6302 9521 -18322
6303 9555 -18414
6304 9471 -18298
6305 9441 -18174
6306 9489 -18306
6307 9433 -18150
6308 9445 -18154
6309 9557 -18410
6310 9533 -18326
6311 9585 -18482
6312 9571 -18478
6313 9529 -18238
6314 9529 -18238
6315 9483 -18130
6316 9575 -18342
6317 9573 -18330
6318 9535 -18350
6319 9543 -18342
6320 9563 -18418
6321 9627 -18598
6322 9535 -18306
6323 9575 -18414
6324 9601 -18514
6325 9639 -18630
6326 9639 -18654
6327 9581 -18410
6328 9521 -18286
6329 9465 -18150
6330 9505 -18330
6331 9541 -18426
6332 9553 -18458
6333 9571 -18522
6334 9485 -18242
6335 9475 -18242
6336 9517 -18198
6337 9587 -18438
6338 9551 -18366
6339 9565 -18406
6340 9481 -18338
6341 9467 -18282
6342 9513 -18334
6343 9499 -18310
6344 9527 -18370
6345 9489 -18214
6346 9491 -18178
6347 9509 -18230
6348 9453 -18110
6349 9483 -18254
6350 9519 -18354
6351 9495 -18234
6352 9443 -18122
6353 9425 -18118
6354 9439 -18210
6355 9493 -18246
6356 9497 -18166
6357 9509 -18190
6358 9579 -18422
6359 9615 -18450
6360 9665 -18594
6361 9573 -18434
6362 9587 -18406
6363 9509 -18210
6364 9471 -18234
6365 9475 -18266
6366 9455 -18190
6367 9409 -17982
6368 9395 -17974
6369 9467 -18178
6370 9429 -18062
6371 9429 -18118
6372 9397 -18010
6373 9401 -18054
6374 9405 -18098
6375 9567 -18394
6376 9609 -18566
6377 9591 -18478
6378 9543 -18354
6379 9581 -18574
6380 9581 -18414
6381 9551 -18438
6382 9551 -18362
6383 9599 -18550
6384 9519 -18298
6385 9505 -18326
6386 9477 -18186
6387 9503 -18314
6388 9399 -18070
6389 9493 -18266
6390 9489 -18154
6391 9485 -18182
6392 9599 -18530
6393 9585 -18358
6394 9661 -18626
6395 9573 -18390
6396 9531 -18266
6397 9537 -18230
6398 9555 -18354
6399 9599 -18550
6400 9597 -18458
6401 9551 -18498
6402 9587 -18502
6403 9529 -18410
6404 9549 -18386
6405 9487 -18206
6406 9521 -18278
6407 9509 -18262
6408 9443 -18254
6409 9459 -18178
6410 9487 -18214
6411 9555 -18386
6412 9599 -18510
6413 9633 -18554
6414 9657 -18630
6415 9651 -18582
6416 9651 -18622
6417 9663 -18610
6418 9713 -18806
6419 9727 -18834
6420 9659 -18594
6421 9635 -18550
6422 9627 -18442
6423 9573 -18418
6424 9623 -18586
6425 9597 -18550
6426 9559 -18406
6427 9585 -18510
6428 9605 -18506
6429 9619 -18498
6430 9641 -18614
6431 9565 -18382
6432 9647 -18586
6433 9677 -18678
6434 9639 -18586
6435 9541 -18342
6436 9501 -18162
6437 9493 -18106
6438 9467 -18186
6439 9469 -18182
6440 9471 -18202
6441 9473 -18202
6442 9427 -18114
6443 9387 -17966
6444 9417 -18106
6445 9455 -18198
6446 9449 -18170
6447 9449 -18118
6448 9459 -18106
6449 9489 -18134
6450 9611 -18418
6451 9611 -18418
6452 9571 -18298
6453 9635 -18474
6454 9603 -18398
6455 9593 -18482
6456 9625 -18566
6457 9587 -18466
6458 9565 -18386
6459 9557 -18334
6460 9557 -18398
6461 9533 -18334
6462 9639 -18554
6463 9623 -18526
6464 9523 -18202
6465 9481 -18166
6466 9523 -18242
6467 9599 -18554
6468 9527 -18334
6469 9563 -18402
6470 9559 -18334
6471 9451 -18046
6472 9445 -18066
6473 9419 -18054
6474 9487 -18246
6475 9519 -18242
6476 9509 -18254
6477 9517 -18314
6478 9497 -18218
6479 9491 -18198
6480 9497 -18318
6481 9539 -18346
6482 9469 -18310
6483 9487 -18366
6484 9519 -18374
6485 9525 -18330
6486 9463 -18242
6487 9471 -18210
6488 9445 -18198
6489 9411 -18158
6490 9383 -18062
6491 9381 -18054
6492 9405 -18026
6493 9367 -17950
6494 9427 -18122
6495 9453 -18246
6496 9425 -18166
6497 9431 -18218
6498 9411 -18114
6499 9479 -18150
6500 9509 -18306
6501 9443 -18162
6502 9435 -18118
6503 9487 -18294
6504 9491 -18290
6505 9491 -18222
6506 9555 -18318
6507 9521 -18254
6508 9501 -18298
6509 9521 -18354
6510 9495 -18262
6511 9495 -18258
6512 9449 -18138
6513 9457 -18090
6514 9401 -17974
6515 9519 -18282
6516 9551 -18362
6517 9563 -18362
6518 9543 -18322
6519 9579 -18414
6520 9585 -18438
6521 9573 -18342
6522 9553 -18350
6523 9509 -18098
6524 9561 -18374
6525 9537 -18262
6526 9561 -18310
6527 9537 -18358
6528 9497 -18286
6529 9525 -18294
6530 9517 -18310
6531 9617 -18526
6532 9633 -18618
6533 9593 -18590
6534 9585 -18546
6535 9517 -18350
6536 9563 -18510
6537 9633 -18642
6538 9611 -18578
6539 9593 -18594
6540 9547 -18362
6541 9575 -18454
6542 9575 -18406
6543 9571 -18470
6544 9655 -18650
6545 9631 -18558
6546 9639 -18594
6547 9641 -18506
6548 9637 -18566
6549 9621 -18462
6550 9573 -18386
6551 9551 -18322
6552 9583 -18422
6553 9615 -18470
6554 9641 -18526
6555 9597 -18454
6556 9561 -18270
6557 9573 -18358
6558 9595 -18538
6559 9577 -18470
6560 9533 -18342
6561 9499 -18294
6562 9495 -18226
6563 9505 -18270
6564 9573 -18394
6565 9607 -18442
6566 9645 -18538
6567 9609 -18402
6568 9539 -18358
6569 9579 -18438
6570 9587 -18494
6571 9561 -18414
6572 9575 -18482
6573 9553 -18358
6574 9591 -18438
6575 9521 -18206
6576 9517 -18290
6577 9517 -18266
6578 9445 -18170
6579 9473 -18202
6580 9511 -18342
6581 9539 -18398
6582 9513 -18270
6583 9497 -18266
6584 9539 -18318
6585 9625 -18614
6586 9579 -18498
6587 9655 -18654
6588 9665 -18658
6589 9699 -18738
6590 9641 -18522
6591 9605 -18478
6592 9541 -18294
6593 9437 -18026
6594 9489 -18174
6595 9521 -18226
6596 9469 -18134
6597 9567 -18386
6598 9555 -18306
6599 9621 -18502
6600 9569 -18366
6601 9595 -18458
6602 9559 -18386
6603 9535 -18234
6604 9509 -18186
6605 9511 -18170
6606 9521 -18254
6607 9573 -18466
6608 9563 -18338
6609 9593 -18474
6610 9607 -18526
6611 9603 -18502
6612 9555 -18382
6613 9601 -18522
6614 9563 -18450
6615 9641 -18634
6616 9615 -18582
6617 9537 -18390
6618 9563 -18518
6619 9567 -18462
6620 9475 -18190
6621 9475 -18162
6622 9451 -18122
6623 9521 -18290
6624 9561 -18474
6625 9483 -18278
6626 9445 -18106
6627 9459 -18230
6628 9495 -18350
6629 9519 -18458
6630 9549 -18366
6631 9607 -18590
6632 9497 -18282
6633 9515 -18358
6634 9501 -18298
6635 9485 -18242
6636 9473 -18286
6637 9463 -18322
6638 9513 -18390
6639 9535 -18418
6640 9599 -18554
6641 9645 -18590
6642 9641 -18546
6643 9605 -18490
6644 9583 -18430
6645 9595 -18466
6646 9587 -18366
6647 9655 -18634
6648 9609 -18498
6649 9539 -18250
6650 9535 -18274
6651 9579 -18542
6652 9565 -18458
6653 9503 -18250
6654 9543 -18362
6655 9521 -18266
6656 9529 -18350
6657 9549 -18438
6658 9575 -18430
6659 9579 -18382
6660 9601 -18510
6661 9473 -18278
6662 9427 -18226
6663 9391 -18082
6664 9375 -18138
6665 9415 -18150
6666 9373 -18038
6667 9437 -18226
6668 9563 -18470
6669 9495 -18282
6670 9431 -18054
6671 9489 -18158
6672 9543 -18402
6673 9547 -18386
6674 9557 -18346
6675 9561 -18430
6676 9569 -18350
6677 9505 -18230
6678 9573 -18398
6679 9511 -18306
6680 9503 -18278
6681 9483 -18194
6682 9501 -18186
6683 9467 -18150
6684 9475 -18138
6685 9517 -18290
6686 9489 -18262
6687 9557 -18274
6688 9683 -18610
6689 9661 -18594
6690 9623 -18518
6691 9627 -18566
6692 9591 -18410
6693 9529 -18166
6694 9497 -18170
6695 9519 -18282
6696 9515 -18210
6697 9485 -18154
6698 9465 -18106
6699 9441 -18110
6700 9513 -18342
6701 9551 -18438
6702 9597 -18482
6703 9545 -18398
6704 9537 -18422
6705 9503 -18310
6706 9491 -18246
6707 9449 -18254
6708 9395 -18098
6709 9505 -18270
6710 9459 -18202
6711 9481 -18358
6712 9509 -18446
6713 9543 -18494
6714 9559 -18418
6715 9525 -18362
6716 9519 -18286
6717 9495 -18178
6718 9475 -18098
6719 9537 -18338
6720 9543 -18470
6721 9599 -18434
6722 9505 -18282
6723 9557 -18386
6724 9497 -18254
6725 9539 -18354
6726 9541 -18514
6727 9511 -18426
6728 9541 -18470
6729 9519 -18390
6730 9587 -18526
6731 9553 -18410
6732 9563 -18498
6733 9593 -18534
6734 9517 -18278
6735 9455 -18158
6736 9533 -18422
6737 9477 -18166
6738 9493 -18222
6739 9527 -18334
6740 9479 -18182
6741 9483 -18258
6742 9483 -18106
6743 9513 -18278
6744 9509 -18286
6745 9457 -18210
6746 9479 -18286
6747 9375 -18006
6748 9369 -17958
6749 9397 -18034
6750 9457 -18210
6751 9477 -18270
6752 9403 -18058
6753 9423 -18154
6754 9527 -18386
6755 9491 -18218
6756 9541 -18330
6757 9567 -18374
6758 9597 -18490
6759 9679 -18642
6760 9661 -18726
6761 9643 -18654
6762 9563 -18474
6763 9545 -18398
6764 9505 -18282
6765 9551 -18322
6766 9551 -18406
6767 9487 -18262
6768 9553 -18426
6769 9603 -18526
6770 9599 -18526
6771 9549 -18430
6772 9563 -18446
6773 9495 -18366
6774 9513 -18442
6775 9537 -18450
6776 9533 -18358
6777 9553 -18414
6778 9605 -18602
6779 9655 -18682
6780 9635 -18650
6781 9615 -18498
6782 9573 -18398
6783 9515 -18274
6784 9447 -18138
6785 9413 -18046
6786 9367 -17970
6787 9427 -18122
6788 9513 -18434
6789 9505 -18362
6790 9459 -18166
6791 9455 -18110
6792 9435 -18122
6793 9507 -18266
6794 9501 -18250
6795 9551 -18378
6796 9557 -18382
6797 9641 -18646
6798 9643 -18622
6799 9655 -18598
6800 9609 -18434
6801 9551 -18346
6802 9593 -18486
6803 9495 -18298
6804 9527 -18358
6805 9537 -18342
6806 9583 -18498
6807 9499 -18310
6808 9557 -18462
6809 9487 -18238
6810 9473 -18302
6811 9499 -18362
6812 9499 -18398
6813 9545 -18426
6814 9499 -18354
6815 9525 -18426
6816 9495 -18262
6817 9493 -18306
6818 9545 -18378
6819 9547 -18250
6820 9521 -18266
6821 9469 -18162
6822 9459 -18062
6823 9485 -18166
6824 9465 -18202
6825 9479 -18210
6826 9511 -18274
6827 9523 -18322
6828 9533 -18338
6829 9601 -18538
6830 9557 -18418
6831 9583 -18478
6832 9535 -18250
6833 9521 -18302
6834 9557 -18362
6835 9537 -18454
6836 9559 -18466
6837 9547 -18402
6838 9575 -18466
6839 9537 -18382
6840 9531 -18286
6841 9471 -18226
6842 9437 -18142
6843 9427 -18190
6844 9487 -18346
6845 9531 -18450
6846 9531 -18378
6847 9517 -18282
6848 9515 -18402
6849 9583 -18502
6850 9583 -18542
6851 9497 -18354
6852 9497 -18358
6853 9441 -18170
6854 9471 -18182
6855 9551 -18414
6856 9571 -18514
6857 9577 -18486
6858 9537 -18346
6859 9553 -18354
6860 9577 -18462
6861 9533 -18462
6862 9523 -18290
6863 9513 -18446
6864 9527 -18410
6865 9529 -18402
6866 9485 -18274
6867 9557 -18470
6868 9527 -18322
6869 9525 -18294
6870 9501 -18286
6871 9553 -18438
6872 9555 -18438
6873 9581 -18490
6874 9523 -18350
6875 9549 -18310
6876 9601 -18482
6877 9583 -18478
6878 9613 -18586
6879 9581 -18482
6880 9597 -18526
6881 9629 -18582
6882 9635 -18578
6883 9581 -18478
6884 9595 -18442
6885 9537 -18330
6886 9577 -18434
6887 9521 -18374
6888 9565 -18498
6889 9495 -18310
6890 9485 -18194
6891 9575 -18434
6892 9585 -18486
6893 9571 -18426
6894 9555 -18426
6895 9539 -18386
6896 9547 -18390
6897 9593 -18522
6898 9559 -18438
6899 9583 -18454
6900 9629 -18614
6901 9569 -18494
6902 9519 -18350
6903 9549 -18406
6904 9551 -18422
6905 9567 -18438
6906 9547 -18398
6907 9533 -18370
6908 9555 -18402
6909 9539 -18338
6910 9469 -18158
6911 9565 -18406
6912 9549 -18438
6913 9599 -18538
6914 9515 -18290
6915 9549 -18394
6916 9527 -18322
6917 9563 -18474
6918 9573 -18530
6919 9585 -18410
6920 9569 -18366
6921 9611 -18510
6922 9575 -18410
6923 9595 -18510
6924 9559 -18454
6925 9525 -18322
6926 9507 -18290
6927 9501 -18246
6928 9511 -18198
6929 9515 -18338
6930 9479 -18222
6931 9455 -18306
6932 9537 -18338
6933 9565 -18454
6934 9539 -18370
6935 9549 -18462
6936 9549 -18418
6937 9537 -18414
6938 9585 -18446
6939 9575 -18458
6940 9617 -18542
6941 9591 -18406
6942 9533 -18266
6943 9619 -18470
6944 9579 -18342
6945 9645 -18614
6946 9633 -18554
6947 9643 -18602
6948 9585 -18470
6949 9571 -18478
6950 9543 -18346
6951 9587 -18486
6952 9591 -18478
6953 9509 -18334
6954 9519 -18290
6955 9497 -18170
6956 9537 -18282
6957 9611 -18506
6958 9563 -18382
6959 9573 -18326
6960 9633 -18566
6961 9661 -18678
6962 9659 -18562
6963 9543 -18218
6964 9577 -18466
6965 9603 -18562
6966 9575 -18474
6967 9515 -18346
6968 9501 -18206
6969 9507 -18354
6970 9507 -18386
6971 9561 -18454
6972 9505 -18250
6973 9479 -18274
6974 9481 -18222
6975 9425 -18050
6976 9511 -18226
6977 9519 -18354
6978 9545 -18438
6979 9551 -18438
6980 9569 -18358
6981 9531 -18258
6982 9601 -18490
6983 9627 -18570
6984 9663 -18666
6985 9667 -18654
6986 9633 -18570
6987 9519 -18302
6988 9605 -18550
6989 9601 -18466
6990 9585 -18342
6991 9659 -18634
6992 9669 -18642
6993 9541 -18298
6994 9459 -18054
6995 9487 -18234
6996 9527 -18278
6997 9523 -18262
6998 9589 -18450
6999 9573 -18434
7000 9555 -18390
7001 9537 -18346
7002 9551 -18358
7003 9557 -18394
7004 9541 -18382
7005 9525 -18338
7006 9531 -18374
7007 9551 -18382
7008 9599 -18590
7009 9651 -18626
7010 9595 -18494
7011 9559 -18458
7012 9573 -18418
7013 9601 -18558
7014 9605 -18498
7015 9593 -18438
7016 9551 -18414
7017 9459 -18242
7018 9407 -18034
7019 9503 -18242
7020 9545 -18298
7021 9541 -18334
7022 9551 -18370
7023 9525 -18258
7024 9465 -18162
7025 9515 -18362
7026 9559 -18498
7027 9563 -18442
7028 9587 -18570
7029 9571 -18506
7030 9597 -18574
7031 9567 -18430
7032 9577 -18442
7033 9527 -18322
7034 9555 -18422
7035 9569 -18458
7036 9531 -18442
7037 9519 -18274
7038 9539 -18310
7039 9541 -18290
7040 9545 -18326
7041 9521 -18326
7042 9571 -18406
7043 9627 -18606
7044 9675 -18574
7045 9605 -18462
7046 9589 -18414
7047 9551 -18402
7048 9603 -18518
7049 9597 -18470
7050 9525 -18422
7051 9485 -18242
7052 9503 -18282
7053 9555 -18374
7054 9635 -18614
7055 9571 -18486
7056 9597 -18454
7057 9605 -18458
7058 9577 -18346
7059 9577 -18342
7060 9579 -18342
7061 9587 -18438
7062 9573 -18366
7063 9555 -18330
7064 9573 -18414
7065 9571 -18426
7066 9551 -18474
7067 9553 -18358
7068 9597 -18566
7069 9551 -18342
7070 9593 -18482
7071 9629 -18586
7072 9647 -18554
7073 9579 -18342
7074 9629 -18462
7075 9525 -18306
7076 9535 -18314
7077 9591 -18470
7078 9621 -18554
7079 9573 -18398
7080 9601 -18498
7081 9613 -18522
7082 9505 -18194
7083 9501 -18174
7084 9511 -18274
7085 9539 -18378
7086 9477 -18322
7087 9573 -18598
7088 9535 -18398
7089 9473 -18310
7090 9443 -18226
7091 9431 -18090
7092 9465 -18234
7093 9461 -18166
7094 9421 -18086
7095 9439 -18094
7096 9441 -18198
7097 9399 -18118
7098 9365 -18086
7099 9355 -18026
7100 9395 -18174
7101 9519 -18506
7102 9477 -18290
7103 9505 -18406
7104 9487 -18390
7105 9507 -18338
7106 9503 -18398
7107 9465 -18310
7108 9473 -18230
7109 9493 -18250
7110 9477 -18270
7111 9407 -18186
7112 9473 -18322
7113 9465 -18298
7114 9463 -18266
7115 9471 -18282
7116 9447 -18210
7117 9485 -18338
7118 9447 -18150
7119 9453 -18150
7120 9491 -18306
7121 9417 -18066
7122 9449 -18126
7123 9457 -18206
7124 9445 -18086
7125 9547 -18326
7126 9577 -18330
7127 9593 -18434
7128 9617 -18426
7129 9583 -18406
7130 9645 -18574
7131 9613 -18558
7132 9583 -18462
7133 9585 -18514
7134 9491 -18182
7135 9471 -18242
7136 9443 -18194
7137 9475 -18158
7138 9505 -18258
7139 9489 -18174
7140 9481 -18150
7141 9577 -18438
7142 9613 -18562
7143 9595 -18466
7144 9599 -18354
7145 9573 -18410
7146 9503 -18286
7147 9543 -18362
7148 9573 -18454
7149 9553 -18426
7150 9549 -18422
7151 9605 -18562
7152 9557 -18430
7153 9497 -18226
7154 9571 -18410
7155 9427 -18174
7156 9473 -18254
7157 9457 -18226
7158 9493 -18306
7159 9537 -18326
7160 9491 -18162
7161 9527 -18302
7162 9495 -18290
7163 9505 -18330
7164 9513 -18350
7165 9497 -18282
7166 9597 -18574
7167 9545 -18430
7168 9449 -18206
7169 9435 -18218
7170 9499 -18318
7171 9527 -18298
7172 9543 -18250
7173 9531 -18266
7174 9531 -18246
7175 9487 -18122
7176 9501 -18234
7177 9521 -18278
7178 9543 -18358
7179 9465 -18194
7180 9453 -18166
7181 9519 -18398
7182 9503 -18250
7183 9475 -18206
7184 9475 -18266
7185 9465 -18270
7186 9485 -18306
7187 9443 -18178
7188 9389 -18034
7189 9449 -18254
7190 9403 -18130
7191 9423 -18118
7192 9417 -18118
7193 9479 -18250
7194 9511 -18330
7195 9485 -18310
7196 9419 -18086
7197 9425 -18202
7198 9379 -18014
7199 9433 -18086
7200 9407 -18054
7201 9467 -18294
7202 9531 -18374
7203 9479 -18250
7204 9497 -18234
7205 9517 -18318
7206 9525 -18346
7207 9473 -18270
7208 9477 -18294
7209 9481 -18198
7210 9553 -18354
7211 9559 -18446
7212 9597 -18518
7213 9577 -18410
7214 9587 -18470
7215 9593 -18490
7216 9529 -18334
7217 9567 -18442
7218 9497 -18342
7219 9409 -18062
7220 9433 -18050
7221 9553 -18434
7222 9563 -18394
7223 9497 -18214
7224 9511 -18178
7225 9601 -18438
7226 9591 -18418
7227 9559 -18362
7228 9565 -18390
7229 9547 -18374
7230 9537 -18390
7231 9569 -18410
7232 9521 -18438
7233 9483 -18226
7234 9467 -18194
7235 9403 -18170
7236 9347 -17934
7237 9445 -18166
7238 9415 -18034
7239 9405 -18010
7240 9431 -18122
7241 9473 -18178
7242 9395 -18002
7243 9393 -18038
7244 9377 -17906
7245 9289 -17882
7246 9371 -18034
7247 9437 -18134
7248 9369 -17998
7249 9375 -18010
7250 9477 -18250
7251 9567 -18522
7252 9591 -18470
7253 9621 -18474
7254 9623 -18550
7255 9603 -18454
7256 9567 -18414
7257 9611 -18550
7258 9577 -18478
7259 9585 -18430
7260 9575 -18442
7261 9533 -18342
7262 9419 -18086
7263 9477 -18222
7264 9513 -18354
7265 9539 -18298
7266 9517 -18234
7267 9553 -18342
7268 9619 -18526
7269 9557 -18322
7270 9485 -18238
7271 9549 -18358
7272 9467 -18154
7273 9501 -18270
7274 9525 -18402
7275 9527 -18286
7276 9569 -18430
7277 9515 -18346
7278 9637 -18562
7279 9645 -18494
7280 9689 -18642
7281 9605 -18442
7282 9533 -18246
7283 9537 -18290
7284 9547 -18370
7285 9581 -18374
7286 9591 -18450
7287 9627 -18522
7288 9603 -18482
7289 9597 -18514
7290 9587 -18382
7291 9615 -18470
7292 9613 -18398
7293 9645 -18542
7294 9605 -18402
7295 9593 -18390
7296 9557 -18294
7297 9491 -18258
7298 9547 -18362
7299 9545 -18414
7300 9491 -18338
7301 9493 -18230
7302 9519 -18282
7303 9491 -18254
7304 9527 -18282
7305 9493 -18178
7306 9429 -18058
7307 9537 -18406
7308 9541 -18418
7309 9449 -18134
7310 9449 -18122
7311 9475 -18250
7312 9427 -18082
7313 9417 -18086
7314 9469 -18170
7315 9451 -18170
7316 9469 -18226
7317 9523 -18350
7318 9519 -18422
7319 9597 -18538
7320 9597 -18478
7321 9575 -18502
7322 9493 -18298
7323 9513 -18326
7324 9503 -18230
7325 9539 -18430
7326 9495 -18294
7327 9509 -18290
7328 9579 -18446
7329 9555 -18470
7330 9521 -18398
7331 9589 -18498
7332 9571 -18398
7333 9497 -18246
7334 9459 -18170
7335 9473 -18186
7336 9517 -18270
7337 9541 -18306
7338 9539 -18378
7339 9519 -18226
7340 9439 -18034
7341 9493 -18130
7342 9537 -18382
7343 9529 -18366
7344 9605 -18558
7345 9567 -18366
7346 9555 -18330
7347 9595 -18422
7348 9569 -18370
7349 9547 -18322
7350 9597 -18446
7351 9565 -18430
7352 9643 -18614
7353 9585 -18470
7354 9525 -18266
7355 9533 -18298
7356 9539 -18298
7357 9547 -18334
7358 9593 -18446
7359 9557 -18370
7360 9495 -18130
7361 9559 -18362
7362 9581 -18450
7363 9563 -18398
7364 9569 -18418
7365 9557 -18410
7366 9573 -18438
7367 9457 -18202
7368 9501 -18330
7369 9529 -18326
7370 9535 -18450
7371 9469 -18258
7372 9453 -18062
7373 9501 -18226
7374 9499 -18166
7375 9599 -18490
7376 9505 -18226
7377 9523 -18294
7378 9581 -18374
7379 9529 -18354
7380 9527 -18382
7381 9539 -18418
7382 9565 -18534
7383 9521 -18434
7384 9527 -18378
7385 9523 -18278
7386 9487 -18234
7387 9521 -18422
7388 9539 -18370
7389 9515 -18302
7390 9503 -18298
7391 9453 -18274
7392 9445 -18186
7393 9541 -18418
7394 9561 -18526
7395 9577 -18482
7396 9527 -18350
7397 9547 -18358
7398 9529 -18330
7399 9529 -18422
7400 9519 -18318
7401 9451 -18238
7402 9433 -18266
7403 9433 -18230
7404 9411 -18086
7405 9517 -18346
7406 9495 -18310
7407 9499 -18358
7408 9515 -18474
7409 9419 -18254
7410 9373 -18166
7411 9349 -18066
7412 9359 -18082
7413 9397 -18166
7414 9433 -18242
7415 9457 -18254
7416 9443 -18070
7417 9471 -18174
7418 9431 -18046
7419 9517 -18338
7420 9543 -18378
7421 9539 -18338
7422 9471 -18258
7423 9451 -18098
7424 9467 -18186
7425 9467 -18206
7426 9385 -18058
7427 9389 -18054
7428 9357 -18018
7429 9427 -18206
7430 9403 -18218
7431 9423 -18302
7432 9319 -18006
7433 9347 -17918
7434 9497 -18230
7435 9525 -18314
7436 9483 -18134
7437 9585 -18466
7438 9555 -18422
7439 9565 -18422
7440 9549 -18410
7441 9533 -18334
7442 9523 -18242
7443 9493 -18178
7444 9471 -18170
7445 9439 -18042
7446 9531 -18310
7447 9601 -18474
7448 9613 -18542
7449 9629 -18518
7450 9639 -18614
7451 9593 -18470
7452 9571 -18442
7453 9555 -18462
7454 9545 -18426
7455 9547 -18438
7456 9511 -18318
7457 9495 -18206
7458 9495 -18206
7459 9543 -18374
7460 9589 -18470
7461 9643 -18614
7462 9625 -18534
7463 9545 -18350
7464 9541 -18346
7465 9483 -18258
7466 9531 -18350
7467 9579 -18446
7468 9497 -18246
7469 9481 -18218
7470 9543 -18358
7471 9543 -18350
7472 9555 -18398
7473 9465 -18222
7474 9491 -18294
7475 9465 -18170
7476 9485 -18254
7477 9493 -18234
7478 9417 -18018
7479 9455 -18206
7480 9421 -18234
7481 9451 -18122
7482 9511 -18298
7483 9533 -18446
7484 9527 -18270
7485 9461 -18134
7486 9429 -18030
7487 9481 -18154
7488 9529 -18358
7489 9515 -18334
7490 9477 -18202
7491 9501 -18318
7492 9533 -18298
7493 9513 -18346
7494 9495 -18162
7495 9585 -18414
7496 9535 -18278
7497 9483 -18102
7498 9491 -18178
7499 9473 -18118
7500 9509 -18302
7501 9503 -18274
7502 9457 -18214
7503 9463 -18230
7504 9497 -18306
7505 9503 -18298
7506 9485 -18206
7507 9495 -18218
7508 9459 -18166
7509 9453 -18166
7510 9541 -18358
7511 9543 -18402
7512 9509 -18246
7513 9507 -18314
7514 9497 -18246
7515 9597 -18470
7516 9529 -18322
7517 9511 -18262
7518 9529 -18350
7519 9525 -18346
7520 9549 -18390
7521 9565 -18426
7522 9545 -18314
7523 9547 -18386
7524 9453 -18110
7525 9427 -18050
7526 9437 -18090
7527 9443 -18094
7528 9475 -18214
7529 9473 -18210
7530 9539 -18330
7531 9561 -18422
7532 9535 -18390
7533 9529 -18370
7534 9557 -18446
7535 9605 -18518
7536 9597 -18530
7537 9551 -18458
7538 9545 -18398
7539 9555 -18422
7540 9555 -18374
7541 9571 -18462
7542 9501 -18242
7543 9493 -18290
7544 9567 -18454
7545 9553 -18446
7546 9547 -18398
7547 9491 -18254
7548 9475 -18138
7549 9509 -18358
7550 9465 -18306
7551 9487 -18278
7552 9495 -18330
7553 9541 -18386
7554 9619 -18546
7555 9581 -18438
7556 9577 -18478
7557 9551 -18350
7558 9601 -18510
7559 9629 -18558
7560 9647 -18666
7561 9619 -18602
7562 9641 -18694
7563 9577 -18510
7564 9579 -18490
7565 9573 -18486
7566 9507 -18230
7567 9511 -18274
7568 9523 -18274
7569 9643 -18586
7570 9633 -18590
7571 9555 -18382
7572 9603 -18474
7573 9563 -18486
7574 9589 -18554
7575 9595 -18438
7576 9569 -18454
7577 9567 -18406
7578 9547 -18406
7579 9523 -18354
7580 9619 -18554
7581 9647 -18622
7582 9613 -18510
7583 9577 -18422
7584 9623 -18594
7585 9607 -18582
7586 9637 -18602
7587 9629 -18570
7588 9609 -18506
7589 9601 -18474
7590 9583 -18410
7591 9627 -18558
7592 9563 -18382
7593 9591 -18450
7594 9557 -18342
7595 9575 -18398
7596 9607 -18522
7597 9543 -18314
7598 9591 -18462
7599 9521 -18338
7600 9537 -18386
7601 9595 -18486
7602 9583 -18546
7603 9503 -18282
7604 9505 -18370
7605 9577 -18490
7606 9511 -18218
7607 9559 -18442
7608 9573 -18498
7609 9523 -18342
7610 9555 -18386
7611 9465 -18278
7612 9467 -18098
7613 9489 -18282
7614 9485 -18298
7615 9445 -18206
7616 9435 -18134
7617 9435 -18090
7618 9435 -18146
7619 9467 -18166
7620 9453 -18078
7621 9511 -18274
7622 9527 -18206
7623 9491 -18274
7624 9511 -18306
7625 9485 -18310
7626 9461 -18194
7627 9403 -17998
7628 9495 -18330
7629 9535 -18410
7630 9593 -18546
7631 9511 -18314
7632 9563 -18470
7633 9571 -18474
7634 9507 -18362
7635 9455 -18314
7636 9467 -18414
7637 9365 -18078
7638 9333 -17970
7639 9377 -18202
7640 9339 -18098
7641 9311 -18006
7642 9397 -18162
7643 9379 -18118
7644 9413 -18190
7645 9397 -18194
7646 9357 -18226
7647 9323 -18030
7648 9365 -18146
7649 9289 -18030
7650 9287 -17998
7651 9343 -18130
7652 9371 -18118
7653 9447 -18186
7654 9473 -18246
7655 9547 -18318
7656 9515 -18310
7657 9509 -18310
7658 9555 -18338
7659 9591 -18450
7660 9541 -18302
7661 9611 -18574
7662 9605 -18482
7663 9561 -18314
7664 9459 -18074
7665 9441 -18086
7666 9401 -18054
7667 9363 -17918
7668 9361 -17950
7669 9367 -17918
7670 9473 -18290
7671 9495 -18306
7672 9497 -18238
7673 9539 -18318
7674 9543 -18386
7675 9509 -18238
7676 9443 -18226
7677 9457 -18290
7678 9481 -18362
7679 9467 -18282
7680 9465 -18382
7681 9433 -18262
7682 9385 -18254
7683 9461 -18382
7684 9505 -18422
7685 9469 -18318
7686 9499 -18442
7687 9531 -18434
7688 9493 -18334
7689 9467 -18226
7690 9421 -18030
7691 9395 -18098
7692 9415 -18070
7693 9517 -18370
7694 9567 -18506
7695 9617 -18626
7696 9613 -18598
7697 9611 -18602
7698 9517 -18334
7699 9447 -18074
7700 9451 -18170
7701 9475 -18154
7702 9491 -18214
7703 9599 -18538
7704 9563 -18438
7705 9589 -18518
7706 9509 -18270
7707 9539 -18422
7708 9557 -18430
7709 9567 -18442
7710 9557 -18466
7711 9561 -18410
7712 9501 -18310
7713 9537 -18274
7714 9535 -18294
7715 9553 -18350
7716 9553 -18298
7717 9583 -18342
7718 9565 -18350
7719 9513 -18354
7720 9563 -18422
7721 9589 -18434
7722 9633 -18666
7723 9581 -18534
7724 9615 -18562
7725 9605 -18526
7726 9581 -18486
7727 9539 -18362
7728 9519 -18374
7729 9471 -18282
7730 9477 -18306
7731 9497 -18282
7732 9557 -18494
7733 9537 -18466
7734 9571 -18418
7735 9587 -18462
7736 9549 -18302
7737 9575 -18410
7738 9563 -18414
7739 9509 -18298
7740 9515 -18266
7741 9551 -18330
7742 9563 -18350
7743 9671 -18618
7744 9581 -18414
7745 9585 -18470
7746 9599 -18546
7747 9619 -18662
7748 9633 -18642
7749 9553 -18398
7750 9477 -18134
7751 9505 -18314
7752 9561 -18358
7753 9571 -18386
7754 9537 -18370
7755 9531 -18338
7756 9605 -18546
7757 9585 -18482
7758 9541 -18334
7759 9569 -18494
7760 9587 -18446
7761 9547 -18298
7762 9515 -18302
7763 9483 -18266
7764 9521 -18282
7765 9533 -18358
7766 9537 -18330
7767 9459 -18186
7768 9511 -18290
7769 9561 -18362
7770 9541 -18314
7771 9559 -18398
7772 9539 -18438
7773 9613 -18582
7774 9605 -18490
7775 9625 -18538
7776 9589 -18498
7777 9543 -18294
7778 9611 -18450
7779 9551 -18302
7780 9557 -18354
7781 9561 -18426
7782 9553 -18318
7783 9569 -18422
7784 9539 -18270
7785 9493 -18258
7786 9543 -18370
7787 9455 -18270
7788 9439 -18138
7789 9455 -18162
7790 9497 -18322
7791 9429 -18014
7792 9533 -18286
7793 9501 -18250
7794 9551 -18414
7795 9465 -18226
7796 9499 -18282
7797 9557 -18410
7798 9519 -18338
7799 9505 -18282
7800 9637 -18546
7801 9595 -18458
7802 9573 -18406
7803 9617 -18470
7804 9585 -18426
7805 9611 -18490
7806 9575 -18414
7807 9613 -18530
7808 9629 -18550
7809 9515 -18186
7810 9493 -18262
7811 9525 -18306
7812 9513 -18290
7813 9525 -18310
7814 9575 -18350
7815 9569 -18386
7816 9571 -18402
7817 9487 -18138
7818 9373 -17886
7819 9411 -18094
7820 9353 -18010
7821 9465 -18366
7822 9419 -18150
7823 9403 -18062
7824 9397 -18082
7825 9423 -18138
7826 9491 -18342
7827 9503 -18274
7828 9523 -18258
7829 9497 -18270
7830 9475 -18270
7831 9511 -18374
7832 9493 -18402
7833 9525 -18458
7834 9457 -18270
7835 9437 -18130
7836 9437 -18146
7837 9543 -18422
7838 9451 -18118
7839 9491 -18194
7840 9505 -18306
7841 9477 -18202
7842 9477 -18198
7843 9513 -18338
7844 9491 -18250
7845 9523 -18410
7846 9493 -18306
7847 9495 -18270
7848 9571 -18398
7849 9577 -18422
7850 9579 -18454
7851 9553 -18386
7852 9517 -18294
7853 9509 -18254
7854 9505 -18230
7855 9521 -18242
7856 9553 -18302
7857 9545 -18346
7858 9551 -18266
7859 9593 -18494
7860 9607 -18446
7861 9663 -18686
7862 9619 -18662
7863 9581 -18522
7864 9547 -18330
7865 9551 -18342
7866 9553 -18330
7867 9625 -18570
7868 9563 -18398
7869 9639 -18598
7870 9545 -18314
7871 9599 -18518
7872 9603 -18526
7873 9537 -18366
7874 9511 -18290
7875 9443 -18010
7876 9545 -18270
7877 9595 -18454
7878 9611 -18506
7879 9559 -18426
7880 9581 -18538
7881 9555 -18410
7882 9521 -18222
7883 9495 -18282
7884 9579 -18498
7885 9653 -18702
7886 9615 -18498
7887 9577 -18442
7888 9607 -18434
7889 9623 -18514
7890 9653 -18618
7891 9643 -18642
7892 9579 -18482
7893 9549 -18314
7894 9585 -18378
7895 9661 -18622
7896 9621 -18498
7897 9563 -18362
7898 9651 -18634
7899 9541 -18390
7900 9545 -18402
7901 9541 -18382
7902 9483 -18210
7903 9527 -18282
7904 9501 -18242
7905 9527 -18318
7906 9595 -18506
7907 9515 -18234
7908 9483 -18214
7909 9465 -18154
7910 9529 -18326
7911 9509 -18302
7912 9467 -18258
7913 9565 -18518
7914 9633 -18666
7915 9587 -18526
7916 9531 -18358
7917 9551 -18430
7918 9545 -18338
7919 9503 -18178
7920 9549 -18342
7921 9587 -18486
7922 9537 -18374
7923 9521 -18354
7924 9545 -18410
7925 9575 -18430
7926 9535 -18346
7927 9497 -18294
7928 9463 -18142
7929 9509 -18274
7930 9585 -18518
7931 9643 -18634
7932 9625 -18574
7933 9615 -18538
7934 9573 -18398
7935 9531 -18338
7936 9593 -18446
7937 9585 -18482
7938 9585 -18410
7939 9593 -18446
7940 9605 -18510
7941 9571 -18470
7942 9589 -18530
7943 9527 -18266
7944 9547 -18310
7945 9601 -18434
7946 9607 -18422
7947 9561 -18302
7948 9651 -18578
7949 9591 -18478
7950 9555 -18370
7951 9561 -18374
7952 9607 -18474
7953 9597 -18470
7954 9517 -18366
7955 9529 -18354
7956 9583 -18514
7957 9527 -18322
7958 9495 -18238
7959 9403 -17970
7960 9373 -17950
7961 9387 -17990
7962 9493 -18230
7963 9533 -18326
7964 9611 -18566
7965 9521 -18214
7966 9497 -18166
7967 9507 -18206
7968 9563 -18330
7969 9563 -18338
7970 9495 -18226
7971 9489 -18262
7972 9453 -18206
7973 9513 -18450
7974 9573 -18518
7975 9601 -18510
7976 9577 -18422
7977 9517 -18366
7978 9539 -18430
7979 9461 -18294
7980 9381 -18122
7981 9515 -18346
7982 9555 -18506
7983 9499 -18314
7984 9531 -18398
7985 9553 -18486
7986 9629 -18686
7987 9565 -18482
7988 9583 -18494
7989 9525 -18386
7990 9551 -18406
7991 9579 -18490
7992 9573 -18534
7993 9513 -18306
7994 9589 -18474
7995 9595 -18490
7996 9565 -18466
7997 9487 -18290
7998 9495 -18258
7999 9589 -18466
8000 9569 -18442
8001 9603 -18510
8002 9649 -18630
8003 9563 -18410
8004 9583 -18426
8005 9615 -18458
8006 9593 -18422
8007 9549 -18370
8008 9543 -18450
8009 9599 -18546
8010 9565 -18410
8011 9573 -18510
8012 9625 -18578
8013 9609 -18458
8014 9551 -18354
8015 9569 -18430
8016 9555 -18342
8017 9535 -18282
8018 9561 -18390
8019 9497 -18206
8020 9545 -18334
8021 9507 -18314
8022 9507 -18262
8023 9517 -18278
8024 9451 -18198
8025 9577 -18414
8026 9519 -18290
8027 9503 -18278
8028 9493 -18206
8029 9529 -18286
8030 9545 -18310
8031 9583 -18482
8032 9577 -18454
8033 9583 -18450
8034 9527 -18302
8035 9571 -18310
8036 9611 -18486
8037 9551 -18350
8038 9597 -18482
8039 9625 -18558
8040 9583 -18514
8041 9579 -18394
8042 9577 -18430
8043 9575 -18430
8044 9587 -18438
8045 9603 -18462
8046 9541 -18318
8047 9585 -18434
8048 9569 -18366
8049 9577 -18450
8050 9491 -18258
8051 9461 -18094
8052 9419 -18162
8053 9461 -18118
8054 9463 -18126
8055 9551 -18418
8056 9547 -18410
8057 9553 -18418
8058 9503 -18390
8059 9483 -18302
8060 9403 -18070
8061 9443 -18186
8062 9397 -18122
8063 9433 -18166
8064 9467 -18346
8065 9473 -18206
8066 9477 -18230
8067 9521 -18418
8068 9519 -18342
8069 9525 -18430
8070 9451 -18310
8071 9487 -18322
8072 9499 -18346
8073 9507 -18358
8074 9555 -18486
8075 9661 -18682
8076 9659 -18722
8077 9579 -18390
8078 9527 -18210
8079 9505 -18210
8080 9489 -18194
8081 9531 -18334
8082 9553 -18354
8083 9553 -18434
8084 9499 -18178
8085 9517 -18286
8086 9523 -18246
8087 9539 -18270
8088 9561 -18366
8089 9567 -18398
8090 9543 -18298
8091 9545 -18414
8092 9549 -18398
8093 9593 -18478
8094 9535 -18354
8095 9539 -18302
8096 9609 -18514
8097 9551 -18350
8098 9511 -18290
8099 9505 -18282
8100 9529 -18326
8101 9571 -18438
8102 9553 -18326
8103 9543 -18270
8104 9613 -18538
8105 9625 -18590
8106 9553 -18354
8107 9629 -18546
8108 9599 -18398
8109 9511 -18282
8110 9529 -18274
8111 9627 -18470
8112 9545 -18294
8113 9591 -18426
8114 9527 -18254
8115 9553 -18354
8116 9529 -18366
8117 9507 -18318
8118 9557 -18386
8119 9563 -18422
8120 9557 -18394
8121 9541 -18338
8122 9613 -18546
8123 9567 -18386
8124 9613 -18538
8125 9603 -18558
8126 9549 -18390
8127 9609 -18486
8128 9619 -18526
8129 9633 -18602
8130 9511 -18226
8131 9577 -18430
8132 9527 -18354
8133 9555 -18394
8134 9577 -18474
8135 9519 -18286
8136 9575 -18466
8137 9525 -18346
8138 9553 -18430
8139 9573 -18410
8140 9581 -18458
8141 9547 -18322
8142 9509 -18218
8143 9627 -18498
8144 9601 -18426
8145 9543 -18350
8146 9495 -18222
8147 9579 -18518
8148 9531 -18410
8149 9495 -18294
8150 9459 -18274
8151 9461 -18342
8152 9537 -18374
8153 9539 -18462
8154 9615 -18626
8155 9607 -18530
8156 9585 -18490
8157 9575 -18502
8158 9547 -18446
8159 9583 -18482
8160 9579 -18390
8161 9607 -18474
8162 9663 -18630
8163 9617 -18510
8164 9605 -18394
8165 9593 -18398
8166 9587 -18494
8167 9571 -18430
8168 9509 -18210
8169 9523 -18254
8170 9557 -18410
8171 9589 -18486
8172 9595 -18502
8173 9589 -18474
8174 9541 -18322
8175 9583 -18474
8176 9579 -18354
8177 9681 -18706
8178 9619 -18506
8179 9589 -18450
8180 9663 -18626
8181 9637 -18610
8182 9589 -18466
8183 9599 -18422
8184 9603 -18474
8185 9655 -18694
8186 9617 -18550
8187 9569 -18418
8188 9617 -18538
8189 9617 -18518
8190 9655 -18582
8191 9613 -18538
8192 9601 -18426
8193 9667 -18654
8194 9633 -18646
8195 9661 -18670
8196 9613 -18482
8197 9613 -18522
8198 9571 -18358
8199 9593 -18422
8200 9537 -18338
8201 9547 -18390
8202 9523 -18306
8203 9493 -18230
8204 9455 -18154
8205 9509 -18326
8206 9509 -18282
8207 9531 -18310
8208 9453 -18138
8209 9513 -18322
8210 9475 -18294
8211 9495 -18318
8212 9481 -18270
8213 9559 -18422
8214 9543 -18410
8215 9431 -18054
8216 9447 -18150
8217 9539 -18394
8218 9531 -18294
8219 9515 -18218
8220 9541 -18362
8221 9535 -18330
8222 9523 -18294
8223 9553 -18318
8224 9469 -18194
8225 9465 -18194
8226 9521 -18402
8227 9499 -18294
8228 9503 -18278
8229 9489 -18262
8230 9423 -18102
8231 9427 -18210
8232 9477 -18254
8233 9559 -18394
8234 9555 -18366
8235 9571 -18382
8236 9567 -18386
8237 9607 -18430
8238 9615 -18578
8239 9579 -18446
8240 9617 -18490
8241 9597 -18410
8242 9565 -18334
8243 9603 -18438
8244 9607 -18586
8245 9625 -18622
8246 9595 -18478
8247 9611 -18598
8248 9619 -18530
8249 9647 -18614
8250 9633 -18546
8251 9643 -18610
8252 9609 -18454
8253 9579 -18498
8254 9519 -18234
8255 9549 -18298
8256 9495 -18118
8257 9451 -18106
8258 9497 -18198
8259 9531 -18466
8260 9541 -18458
8261 9519 -18378
8262 9515 -18334
8263 9499 -18290
8264 9449 -18114
8265 9447 -18230
8266 9477 -18298
8267 9503 -18378
8268 9533 -18378
8269 9571 -18498
8270 9569 -18538
8271 9571 -18482
8272 9503 -18290
8273 9487 -18370
8274 9561 -18510
8275 9563 -18458
8276 9575 -18486
8277 9543 -18358
8278 9505 -18254
8279 9559 -18414
8280 9615 -18570
8281 9569 -18438
8282 9571 -18410
8283 9497 -18370
8284 9479 -18290
8285 9497 -18414
8286 9483 -18298
8287 9529 -18338
8288 9561 -18378
8289 9557 -18302
8290 9525 -18214
8291 9519 -18218
8292 9477 -18030
8293 9529 -18298
8294 9557 -18294
8295 9577 -18366
8296 9555 -18310
8297 9571 -18406
8298 9531 -18326
8299 9429 -18218
8300 9441 -18238
8301 9429 -18170
8302 9481 -18262
8303 9527 -18438
8304 9547 -18566
8305 9479 -18386
8306 9501 -18358
8307 9479 -18258
8308 9397 -18094
8309 9459 -18278
8310 9357 -18122
8311 9353 -18070
8312 9441 -18286
8313 9469 -18382
8314 9479 -18230
8315 9411 -18138
8316 9447 -18234
8317 9433 -18126
8318 9485 -18278
8319 9469 -18258
8320 9483 -18362
8321 9461 -18230
8322 9455 -18226
8323 9513 -18354
8324 9489 -18298
8325 9527 -18382
8326 9529 -18462
8327 9533 -18494
8328 9477 -18374
8329 9501 -18346
8330 9501 -18350
8331 9451 -18162
8332 9475 -18278
8333 9479 -18382
8334 9463 -18398
8335 9483 -18414
8336 9443 -18202
8337 9495 -18306
8338 9415 -18174
8339 9439 -18214
8340 9403 -18034
8341 9407 -18002
8342 9463 -18206
8343 9453 -18190
8344 9557 -18458
8345 9519 -18282
8346 9429 -18078
8347 9407 -17998
8348 9535 -18270
8349 9553 -18462
8350 9543 -18326
8351 9551 -18378
8352 9601 -18422
8353 9567 -18342
8354 9585 -18418
8355 9665 -18618
8356 9565 -18366
8357 9597 -18466
8358 9653 -18662
8359 9629 -18550
8360 9669 -18710
8361 9625 -18542
8362 9575 -18406
8363 9569 -18530
8364 9517 -18398
8365 9499 -18306
8366 9453 -18242
8367 9463 -18290
8368 9469 -18298
8369 9473 -18278
8370 9411 -18170
8371 9395 -17990
8372 9449 -18210
8373 9469 -18290
8374 9409 -18082
8375 9407 -18158
8376 9453 -18290
8377 9491 -18294
8378 9503 -18298
8379 9449 -18254
8380 9395 -18110
8381 9437 -18266
8382 9437 -18206
8383 9427 -18050
8384 9443 -18078
8385 9445 -18162
8386 9515 -18250
8387 9419 -18034
8388 9483 -18126
8389 9515 -18254
8390 9545 -18394
8391 9515 -18318
8392 9455 -18146
8393 9461 -18150
8394 9437 -18126
8395 9425 -18122
8396 9377 -18078
8397 9403 -18046
8398 9463 -18210
8399 9551 -18390
8400 9449 -18214
8401 9405 -18142
8402 9355 -18034
8403 9347 -18006
8404 9357 -17998
8405 9361 -18010
8406 9369 -17922
8407 9355 -17886
8408 9239 -17666
8409 9277 -17854
8410 9287 -17954
8411 9273 -17986
8412 9365 -18086
8413 9381 -18130
8414 9343 -17990
8415 9391 -18134
8416 9361 -18010
8417 9461 -18278
8418 9487 -18334
8419 9445 -18310
8420 9445 -18186
8421 9387 -18070
8422 9439 -18074
8423 9475 -18394
8424 9419 -18154
8425 9449 -18226
8426 9471 -18222
8427 9483 -18282
8428 9483 -18254
8429 9483 -18230
8430 9399 -18130
8431 9419 -18142
8432 9449 -18214
8433 9433 -18142
8434 9475 -18194
8435 9537 -18286
8436 9503 -18234
8437 9555 -18362
8438 9529 -18334
8439 9543 -18398
8440 9561 -18314
8441 9597 -18474
8442 9611 -18538
8443 9597 -18502
8444 9629 -18570
8445 9661 -18726
8446 9613 -18562
8447 9609 -18538
8448 9531 -18314
8449 9583 -18422
8450 9625 -18542
8451 9593 -18442
8452 9571 -18418
8453 9619 -18446
8454 9597 -18466
8455 9617 -18406
8456 9619 -18526
8457 9655 -18646
8458 9623 -18522
8459 9607 -18502
8460 9571 -18430
8461 9503 -18286
8462 9535 -18338
8463 9587 -18582
8464 9451 -18182
8465 9499 -18258
8466 9509 -18346
8467 9453 -18186
8468 9447 -18234
8469 9451 -18238
8470 9457 -18290
8471 9505 -18342
8472 9437 -18210
8473 9365 -18114
8474 9357 -18006
8475 9347 -17962
8476 9501 -18290
8477 9561 -18386
8478 9485 -18170
8479 9549 -18402
8480 9483 -18238
8481 9517 -18202
8482 9509 -18250
8483 9609 -18498
8484 9551 -18398
8485 9579 -18414
8486 9581 -18434
8487 9611 -18534
8488 9561 -18430
8489 9537 -18346
8490 9517 -18366
8491 9561 -18458
8492 9545 -18398
8493 9553 -18358
8494 9597 -18430
8495 9591 -18506
8496 9543 -18390
8497 9603 -18546
8498 9609 -18510
8499 9609 -18526
8500 9617 -18590
8501 9545 -18374
8502 9523 -18354
8503 9603 -18534
8504 9625 -18574
8505 9673 -18654
8506 9621 -18538
8507 9547 -18338
8508 9473 -18178
8509 9441 -18118
8510 9471 -18114
8511 9459 -18190
8512 9469 -18222
8513 9453 -18174
8514 9489 -18298
8515 9451 -18198
8516 9485 -18234
8517 9467 -18166
8518 9479 -18194
8519 9547 -18390
8520 9535 -18358
8521 9535 -18350
8522 9465 -18278
8523 9509 -18226
8524 9489 -18298
8525 9561 -18494
8526 9591 -18482
8527 9539 -18322
8528 9547 -18374
8529 9589 -18534
8530 9569 -18478
8531 9561 -18370
8532 9543 -18314
8533 9593 -18454
8534 9593 -18374
8535 9619 -18530
8536 9603 -18510
8537 9581 -18446
8538 9487 -18182
8539 9531 -18282
8540 9555 -18314
8541 9529 -18230
8542 9499 -18218
8543 9533 -18294
8544 9531 -18362
8545 9571 -18474
8546 9519 -18358
8547 9467 -18190
8548 9445 -18210
8549 9495 -18270
8550 9531 -18418
8551 9525 -18422
8552 9465 -18214
8553 9483 -18226
8554 9511 -18422
8555 9483 -18326
8556 9437 -18146
8557 9467 -18182
8558 9437 -18138
8559 9459 -18242
8560 9467 -18206
8561 9493 -18318
8562 9501 -18366
8563 9561 -18446
8564 9557 -18338
8565 9533 -18290
8566 9521 -18386
8567 9511 -18346
8568 9465 -18198
8569 9565 -18434
8570 9563 -18362
8571 9575 -18462
8572 9645 -18710
8573 9631 -18570
8574 9597 -18534
8575 9543 -18346
8576 9619 -18514
8577 9663 -18614
8578 9555 -18322
8579 9659 -18634
8580 9669 -18654
8581 9611 -18506
8582 9567 -18326
8583 9595 -18398
8584 9653 -18574
8585 9599 -18462
8586 9617 -18554
8587 9579 -18502
8588 9485 -18298
8589 9523 -18402
8590 9569 -18578
8591 9583 -18466
8592 9607 -18518
8593 9573 -18462
8594 9533 -18278
8595 9535 -18402
8596 9509 -18402
8597 9465 -18102
8598 9449 -18102
8599 9451 -18162
8600 9585 -18478
8601 9621 -18570
8602 9605 -18450
8603 9523 -18282
8604 9595 -18462
8605 9619 -18550
8606 9655 -18522
8607 9627 -18494
8608 9595 -18462
8609 9609 -18478
8610 9611 -18510
8611 9593 -18454
8612 9575 -18398
8613 9573 -18414
8614 9601 -18570
8615 9593 -18506
8616 9591 -18510
8617 9511 -18418
8618 9459 -18270
8619 9453 -18190
8620 9505 -18306
8621 9517 -18326
8622 9525 -18442
8623 9531 -18398
8624 9483 -18226
8625 9523 -18318
8626 9533 -18434
8627 9543 -18410
8628 9517 -18322
8629 9517 -18274
8630 9493 -18258
8631 9601 -18554
8632 9629 -18618
8633 9475 -18206
8634 9477 -18226
8635 9535 -18238
8636 9541 -18286
8637 9557 -18278
8638 9585 -18398
8639 9545 -18318
8640 9583 -18486
8641 9581 -18446
8642 9621 -18610
8643 9573 -18522
8644 9473 -18262
8645 9455 -18158
8646 9409 -17998
8647 9437 -17978
8648 9469 -18154
8649 9525 -18246
8650 9521 -18382
8651 9591 -18438
8652 9597 -18462
8653 9553 -18354
8654 9531 -18258
8655 9565 -18442
8656 9597 -18454
8657 9621 -18510
8658 9577 -18358
8659 9535 -18410
8660 9619 -18658
8661 9559 -18422
8662 9469 -18214
8663 9433 -18058
8664 9483 -18262
8665 9469 -18246
8666 9433 -18122
8667 9375 -17998
8668 9411 -18130
8669 9395 -18126
8670 9401 -18014
8671 9389 -18054
8672 9407 -18074
8673 9447 -18198
8674 9407 -18014
8675 9431 -18110
8676 9401 -18018
8677 9419 -18002
8678 9445 -18158
8679 9495 -18226
8680 9425 -18106
8681 9501 -18330
8682 9507 -18254
8683 9573 -18466
8684 9615 -18534
8685 9583 -18414
8686 9567 -18458
8687 9549 -18358
8688 9541 -18390
8689 9597 -18578
8690 9573 -18490
8691 9589 -18502
8692 9669 -18670
8693 9633 -18546
8694 9629 -18582
8695 9585 -18418
8696 9573 -18430
8697 9583 -18418
8698 9651 -18598
8699 9605 -18538
8700 9563 -18414
8701 9475 -18142
8702 9525 -18306
8703 9497 -18206
8704 9495 -18278
8705 9497 -18130
8706 9469 -18078
8707 9547 -18334
8708 9617 -18506
8709 9585 -18398
8710 9641 -18510
8711 9607 -18450
8712 9555 -18362
8713 9605 -18506
8714 9561 -18342
8715 9519 -18278
8716 9615 -18506
8717 9557 -18346
8718 9561 -18334
8719 9553 -18326
8720 9565 -18282
8721 9557 -18314
8722 9595 -18478
8723 9589 -18418
8724 9507 -18286
8725 9517 -18294
8726 9553 -18326
8727 9541 -18410
8728 9503 -18226
8729 9553 -18338
8730 9523 -18278
8731 9509 -18218
8732 9571 -18346
8733 9483 -18198
8734 9475 -18154
8735 9493 -18218
8736 9609 -18550
8737 9535 -18386
8738 9551 -18442
8739 9577 -18438
8740 9569 -18366
8741 9579 -18482
8742 9515 -18254
8743 9439 -18030
8744 9443 -18106
8745 9427 -17934
8746 9483 -18166
8747 9481 -18194
8748 9529 -18274
8749 9451 -18182
8750 9465 -18198
8751 9457 -18334
8752 9539 -18434
8753 9515 -18346
8754 9501 -18362
8755 9533 -18498
8756 9499 -18270
8757 9527 -18422
8758 9549 -18446
8759 9557 -18406
8760 9529 -18402
8761 9495 -18246
8762 9511 -18318
8763 9463 -18174
8764 9525 -18382
8765 9597 -18602
8766 9439 -18162
8767 9407 -18078
8768 9463 -18202
8769 9469 -18090
8770 9511 -18270
8771 9513 -18190
8772 9479 -18110
8773 9511 -18154
8774 9579 -18410
8775 9633 -18638
8776 9593 -18510
8777 9483 -18270
8778 9507 -18346
8779 9483 -18314
8780 9469 -18218
8781 9501 -18318
8782 9509 -18266
8783 9549 -18346
8784 9503 -18174
8785 9505 -18222
8786 9509 -18230
8787 9543 -18398
8788 9565 -18438
8789 9437 -18182
8790 9455 -18170
8791 9553 -18470
8792 9579 -18522
8793 9543 -18354
8794 9605 -18526
8795 9545 -18406
8796 9597 -18530
8797 9667 -18722
8798 9653 -18586
8799 9573 -18450
8800 9603 -18506
8801 9627 -18622
8802 9565 -18454
8803 9555 -18358
8804 9545 -18474
8805 9517 -18362
8806 9529 -18362
8807 9529 -18302
8808 9631 -18526
8809 9519 -18242
8810 9467 -18170
8811 9575 -18438
8812 9527 -18394
8813 9517 -18338
8814 9601 -18674
8815 9613 -18554
8816 9585 -18398
8817 9549 -18362
8818 9503 -18246
8819 9495 -18318
8820 9529 -18298
8821 9535 -18374
8822 9465 -18198
8823 9455 -18142
8824 9443 -18134
8825 9391 -18070
8826 9429 -18098
8827 9475 -18270
8828 9517 -18442
8829 9487 -18410
8830 9495 -18354
8831 9455 -18298
8832 9497 -18406
8833 9475 -18254
8834 9457 -18262
8835 9519 -18366
8836 9505 -18430
8837 9555 -18554
8838 9493 -18358
8839 9583 -18426
8840 9601 -18514
8841 9627 -18566
8842 9561 -18398
8843 9547 -18274
8844 9613 -18490
8845 9575 -18406
8846 9611 -18474
8847 9611 -18438
8848 9543 -18350
8849 9465 -18170
8850 9549 -18358
8851 9551 -18458
8852 9505 -18334
8853 9569 -18406
8854 9623 -18602
8855 9569 -18450
8856 9565 -18490
8857 9647 -18566
8858 9617 -18510
8859 9557 -18390
8860 9549 -18370
8861 9501 -18306
8862 9507 -18290
8863 9405 -18114
8864 9483 -18310
8865 9569 -18490
8866 9497 -18370
8867 9517 -18358
8868 9557 -18534
8869 9553 -18590
8870 9461 -18350
8871 9457 -18282
8872 9419 -18286
8873 9441 -18214
8874 9477 -18274
8875 9489 -18346
8876 9503 -18398
8877 9499 -18370
8878 9539 -18514
8879 9555 -18438
8880 9597 -18518
8881 9593 -18526
8882 9541 -18338
8883 9535 -18450
8884 9557 -18566
8885 9565 -18418
8886 9515 -18314
8887 9553 -18418
8888 9619 -18538
8889 9565 -18470
8890 9555 -18390
8891 9511 -18242
8892 9477 -18178
8893 9531 -18306
8894 9563 -18274
8895 9575 -18334
8896 9563 -18466
8897 9543 -18386
8898 9511 -18334
8899 9579 -18434
8900 9587 -18522
8901 9593 -18474
8902 9547 -18374
8903 9553 -18386
8904 9539 -18354
8905 9569 -18414
8906 9571 -18478
8907 9539 -18434
8908 9587 -18530
8909 9637 -18554
8910 9581 -18402
8911 9551 -18346
8912 9517 -18310
8913 9527 -18374
8914 9563 -18434
8915 9509 -18194
8916 9509 -18258
8917 9493 -18222
8918 9497 -18402
8919 9463 -18254
8920 9517 -18334
8921 9489 -18334
8922 9523 -18338
8923 9509 -18270
8924 9469 -18186
8925 9559 -18330
8926 9557 -18338
8927 9491 -18282
8928 9527 -18338
8929 9545 -18422
8930 9551 -18378
8931 9539 -18302
8932 9591 -18434
8933 9519 -18290
8934 9539 -18310
8935 9519 -18246
8936 9561 -18442
8937 9521 -18326
8938 9433 -18098
8939 9407 -18078
8940 9459 -18146
8941 9457 -18126
8942 9487 -18190
8943 9515 -18322
8944 9501 -18282
8945 9493 -18246
8946 9497 -18242
8947 9465 -18234
8948 9463 -18298
8949 9493 -18314
8950 9555 -18450
8951 9561 -18394
8952 9527 -18294
8953 9531 -18278
8954 9573 -18506
8955 9639 -18626
8956 9607 -18474
8957 9619 -18522
8958 9487 -18186
8959 9487 -18194
8960 9537 -18382
8961 9551 -18410
8962 9495 -18306
8963 9527 -18422
8964 9469 -18302
8965 9503 -18362
8966 9461 -18158
8967 9523 -18366
8968 9505 -18282
8969 9545 -18446
8970 9551 -18458
8971 9481 -18242
8972 9429 -18202
8973 9475 -18286
8974 9493 -18382
8975 9459 -18270
8976 9527 -18430
8977 9493 -18318
8978 9517 -18482
8979 9475 -18282
8980 9485 -18286
8981 9467 -18158
8982 9365 -17986
8983 9291 -17766
8984 9363 -18018
8985 9497 -18314
8986 9485 -18410
8987 9431 -18214
8988 9451 -18214
8989 9489 -18274
8990 9475 -18238
8991 9551 -18322
8992 9517 -18278
8993 9575 -18454
8994 9565 -18402
8995 9599 -18490
8996 9563 -18386
8997 9555 -18442
8998 9523 -18374
8999 9507 -18354
9000 9435 -18178
9001 9461 -18222
9002 9489 -18262
9003 9513 -18342
9004 9571 -18466
9005 9523 -18346
9006 9549 -18374
9007 9533 -18366
9008 9491 -18294
9009 9509 -18318
9010 9515 -18254
9011 9453 -18182
9012 9459 -18186
9013 9535 -18358
9014 9567 -18390
9015 9537 -18282
9016 9471 -18238
9017 9573 -18462
9018 9581 -18462
9019 9589 -18422
9020 9583 -18506
9021 9567 -18482
9022 9585 -18478
9023 9567 -18390
9024 9623 -18586
9025 9647 -18566
9026 9651 -18586
9027 9701 -18734
9028 9701 -18662
9029 9643 -18602
9030 9737 -18798
9031 9661 -18650
9032 9629 -18538
9033 9539 -18314
9034 9537 -18306
9035 9531 -18358
9036 9583 -18450
9037 9533 -18330
9038 9585 -18462
9039 9577 -18398
9040 9627 -18518
9041 9579 -18358
9042 9649 -18562
9043 9551 -18318
9044 9569 -18326
9045 9553 -18358
9046 9499 -18258
9047 9519 -18262
9048 9509 -18274
9049 9553 -18426
9050 9517 -18206
9051 9501 -18230
9052 9529 -18262
9053 9511 -18178
9054 9531 -18274
9055 9517 -18318
9056 9501 -18234
9057 9431 -18006
9058 9473 -18146
9059 9509 -18194
9060 9499 -18190
9061 9489 -18246
9062 9505 -18226
9063 9581 -18466
9064 9595 -18506
9065 9579 -18490
9066 9529 -18386
9067 9519 -18346
9068 9411 -18042
9069 9439 -18094
9070 9571 -18414
9071 9593 -18490
9072 9601 -18530
9073 9605 -18454
9074 9573 -18458
9075 9589 -18422
9076 9575 -18366
9077 9495 -18238
9078 9537 -18270
9079 9619 -18434
9080 9591 -18482
9081 9451 -18254
9082 9457 -18150
9083 9519 -18298
9084 9527 -18330
9085 9555 -18390
9086 9541 -18466
9087 9517 -18406
9088 9457 -18222
9089 9475 -18274
9090 9491 -18326
9091 9557 -18410
9092 9539 -18358
9093 9559 -18350
9094 9533 -18314
9095 9551 -18346
9096 9557 -18342
9097 9539 -18254
9098 9523 -18306
9099 9499 -18318
9100 9433 -18174
9101 9469 -18202
9102 9487 -18242
9103 9515 -18430
9104 9475 -18334
9105 9443 -18234
9106 9475 -18326
9107 9547 -18438
9108 9573 -18506
9109 9573 -18450
9110 9527 -18378
9111 9509 -18242
9112 9515 -18274
9113 9561 -18418
9114 9597 -18514
9115 9529 -18374
9116 9455 -18194
9117 9475 -18238
9118 9469 -18178
9119 9403 -17998
9120 9415 -17986
9121 9431 -18086
9122 9447 -18178
9123 9563 -18478
9124 9537 -18430
9125 9525 -18438
9126 9489 -18318
9127 9527 -18330
9128 9517 -18274
9129 9491 -18266
9130 9575 -18378
9131 9625 -18566
9132 9545 -18498
9133 9581 -18506
9134 9555 -18370
9135 9575 -18402
9136 9637 -18558
9137 9617 -18518
9138 9549 -18386
9139 9575 -18486
9140 9533 -18342
9141 9467 -18274
9142 9413 -18158
9143 9473 -18274
9144 9451 -18138
9145 9509 -18298
9146 9501 -18306
9147 9569 -18446
9148 9561 -18378
9149 9571 -18366
9150 9503 -18250
9151 9537 -18386
9152 9541 -18410
9153 9503 -18366
9154 9551 -18382
9155 9499 -18162
9156 9513 -18218
9157 9497 -18266
9158 9497 -18230
9159 9491 -18262
9160 9537 -18322
9161 9499 -18234
9162 9509 -18198
9163 9545 -18354
9164 9601 -18518
9165 9565 -18390
9166 9529 -18318
9167 9591 -18482
9168 9511 -18250
9169 9523 -18370
9170 9471 -18162
9171 9495 -18286
9172 9477 -18150
9173 9467 -18134
9174 9467 -18194
9175 9593 -18486
9176 9623 -18534
9177 9623 -18626
9178 9641 -18606
9179 9587 -18490
9180 9615 -18594
9181 9629 -18586
9182 9529 -18326
9183 9579 -18454
9184 9613 -18622
9185 9613 -18542
9186 9549 -18358
9187 9509 -18226
9188 9559 -18398
9189 9529 -18290
9190 9557 -18326
9191 9609 -18462
9192 9571 -18438
9193 9587 -18478
9194 9597 -18466
9195 9485 -18162
9196 9559 -18394
9197 9627 -18654
9198 9587 -18490
9199 9553 -18326
9200 9553 -18338
9201 9557 -18326
9202 9559 -18438
9203 9531 -18270
9204 9525 -18314
9205 9541 -18274
9206 9569 -18430
9207 9479 -18302
9208 9461 -18226
9209 9473 -18194
9210 9487 -18190
9211 9511 -18406
9212 9447 -18170
9213 9515 -18318
9214 9515 -18386
9215 9417 -18130
9216 9471 -18330
9217 9401 -18142
9218 9467 -18274
9219 9413 -18074
9220 9397 -18014
9221 9509 -18370
9222 9599 -18542
9223 9659 -18690
9224 9665 -18622
9225 9591 -18534
9226 9527 -18318
9227 9569 -18522
9228 9623 -18670
9229 9569 -18526
9230 9545 -18382
9231 9529 -18310
9232 9553 -18438
9233 9563 -18422
9234 9557 -18486
9235 9569 -18482
9236 9517 -18254
9237 9577 -18474
9238 9557 -18354
9239 9625 -18590
9240 9595 -18542
9241 9595 -18538
9242 9573 -18542
9243 9605 -18610
9244 9541 -18390
9245 9439 -18146
9246 9439 -18146
9247 9531 -18470
9248 9529 -18398
9249 9547 -18402
9250 9571 -18522
9251 9555 -18474
9252 9579 -18466
9253 9527 -18358
9254 9503 -18270
9255 9519 -18310
9256 9507 -18246
9257 9545 -18406
9258 9539 -18358
9259 9537 -18362
9260 9525 -18302
9261 9433 -18130
9262 9411 -18082
9263 9469 -18206
9264 9441 -18118
9265 9439 -18190
9266 9459 -18254
9267 9531 -18386
9268 9547 -18466
9269 9505 -18374
9270 9461 -18114
9271 9575 -18490
9272 9525 -18358
9273 9487 -18202
9274 9523 -18346
9275 9507 -18270
9276 9513 -18266
9277 9495 -18234
9278 9519 -18458
9279 9403 -18182
9280 9405 -18102
9281 9365 -17950
9282 9411 -18094
9283 9411 -18094
9284 9437 -18110
9285 9363 -18030
9286 9451 -18218
9287 9439 -18242
9288 9425 -18270
9289 9373 -18038
9290 9483 -18314
9291 9559 -18422
9292 9549 -18522
9293 9517 -18366
9294 9523 -18434
9295 9471 -18258
9296 9431 -18150
9297 9455 -18162
9298 9537 -18350
9299 9483 -18166
9300 9447 -18158
9301 9477 -18214
9302 9487 -18158
9303 9525 -18350
9304 9513 -18298
9305 9523 -18334
9306 9475 -18142
9307 9457 -18162
9308 9419 -18178
9309 9545 -18534
9310 9595 -18630
9311 9585 -18502
9312 9553 -18446
9313 9523 -18322
9314 9489 -18242
9315 9497 -18230
9316 9497 -18250
9317 9523 -18346
9318 9603 -18594
9319 9559 -18434
9320 9555 -18390
9321 9553 -18410
9322 9615 -18526
9323 9533 -18218
9324 9547 -18282
9325 9509 -18238
9326 9467 -18214
9327 9501 -18314
9328 9499 -18286
9329 9509 -18382
9330 9523 -18394
9331 9555 -18470
9332 9591 -18530
9333 9503 -18302
9334 9485 -18254
9335 9541 -18314
9336 9479 -18242
9337 9529 -18418
9338 9511 -18314
9339 9611 -18630
9340 9619 -18670
9341 9567 -18430
9342 9531 -18318
9343 9455 -18118
9344 9485 -18346
9345 9499 -18374
9346 9463 -18230
9347 9489 -18230
9348 9547 -18414
9349 9527 -18394
9350 9473 -18286
9351 9541 -18330
9352 9533 -18266
9353 9541 -18382
9354 9607 -18486
9355 9615 -18414
9356 9523 -18234
9357 9535 -18262
9358 9533 -18342
9359 9523 -18286
9360 9517 -18194
9361 9517 -18246
9362 9607 -18542
9363 9575 -18506
9364 9533 -18346
9365 9515 -18266
9366 9499 -18234
9367 9543 -18286
9368 9541 -18382
9369 9555 -18430
9370 9567 -18370
9371 9573 -18466
9372 9583 -18494
9373 9533 -18330
9374 9505 -18210
9375 9513 -18298
9376 9531 -18282
9377 9505 -18170
9378 9475 -18182
9379 9505 -18234
9380 9561 -18346
9381 9551 -18358
9382 9567 -18422
9383 9549 -18350
9384 9499 -18170
9385 9491 -18174
9386 9551 -18318
9387 9561 -18466
9388 9559 -18398
9389 9537 -18266
9390 9547 -18302
9391 9441 -18082
9392 9499 -18282
9393 9475 -18190
9394 9455 -18186
9395 9499 -18346
9396 9469 -18326
9397 9471 -18218
9398 9517 -18342
9399 9517 -18346
9400 9487 -18242
9401 9513 -18258
9402 9499 -18218
9403 9569 -18478
9404 9601 -18578
9405 9619 -18582
9406 9595 -18530
9407 9559 -18374
9408 9517 -18282
9409 9571 -18394
9410 9505 -18306
9411 9539 -18334
9412 9527 -18386
9413 9471 -18254
9414 9519 -18250
9415 9567 -18350
9416 9549 -18346
9417 9563 -18454
9418 9541 -18350
9419 9441 -18074
9420 9499 -18262
9421 9409 -18066
9422 9435 -18206
9423 9445 -18202
9424 9567 -18482
9425 9567 -18498
9426 9541 -18382
9427 9485 -18234
9428 9497 -18274
9429 9509 -18286
9430 9573 -18454
9431 9567 -18366
9432 9543 -18270
9433 9635 -18558
9434 9525 -18306
9435 9519 -18354
9436 9507 -18294
9437 9579 -18530
9438 9581 -18466
9439 9585 -18450
9440 9629 -18614
9441 9629 -18574
9442 9609 -18466
9443 9679 -18714
9444 9639 -18634
9445 9641 -18578
9446 9619 -18562
9447 9607 -18502
9448 9547 -18334
9449 9667 -18598
9450 9657 -18594
9451 9587 -18382
9452 9549 -18354
9453 9567 -18338
9454 9497 -18190
9455 9415 -18010
9456 9347 -17870
9457 9367 -18006
9458 9309 -17846
9459 9377 -18098
9460 9445 -18274
9461 9449 -18186
9462 9417 -18106
9463 9411 -18034
9464 9405 -18058
9465 9381 -18030
9466 9369 -18030
9467 9413 -18130
9468 9405 -18150
9469 9453 -18302
9470 9483 -18314
9471 9473 -18318
9472 9477 -18350
9473 9481 -18342
9474 9521 -18422
9475 9585 -18430
9476 9577 -18462
9477 9491 -18414
9478 9435 -18314
9479 9375 -18130
9480 9345 -18070
9481 9335 -17966
9482 9339 -17946
9483 9377 -18014
9484 9409 -18082
9485 9389 -18050
9486 9411 -18102
9487 9383 -17990
9488 9311 -17910
9489 9383 -18102
9490 9335 -17926
9491 9409 -18042
9492 9443 -18130
9493 9453 -18202
9494 9361 -18098
9495 9289 -17906
9496 9307 -18002
9497 9417 -18318
9498 9437 -18326
9499 9403 -18170
9500 9415 -18158
9501 9465 -18338
9502 9497 -18310
9503 9409 -18126
9504 9313 -17914
9505 9367 -18114
9506 9293 -17946
9507 9347 -18070
9508 9417 -18242
9509 9433 -18270
9510 9391 -18262
9511 9367 -18074
9512 9371 -17958
9513 9473 -18234
9514 9453 -18254
9515 9381 -18198
9516 9325 -18002
9517 9315 -17854
9518 9385 -18082
9519 9333 -17994
9520 9423 -18238
9521 9433 -18266
9522 9379 -18142
9523 9369 -18018
9524 9431 -18214
9525 9437 -18138
9526 9531 -18350
9527 9517 -18406
9528 9483 -18302
9529 9523 -18282
9530 9523 -18266
9531 9457 -18262
9532 9429 -18238
9533 9365 -18050
9534 9399 -18066
9535 9443 -18126
9536 9481 -18242
9537 9491 -18266
9538 9519 -18314
9539 9553 -18458
9540 9519 -18298
9541 9519 -18274
9542 9471 -18162
9543 9499 -18166
9544 9471 -18254
9545 9503 -18270
9546 9453 -18250
9547 9437 -18198
9548 9497 -18262
9549 9477 -18222
9550 9505 -18278
9551 9551 -18346
9552 9535 -18346
9553 9555 -18298
9554 9515 -18166
9555 9569 -18410
9556 9607 -18522
9557 9591 -18446
9558 9545 -18310
9559 9539 -18294
9560 9613 -18478
9561 9507 -18198
9562 9553 -18406
9563 9557 -18514
9564 9607 -18570
9565 9625 -18678
9566 9541 -18390
9567 9527 -18294
9568 9553 -18382
9569 9507 -18366
9570 9463 -18146
9571 9395 -18058
9572 9387 -18070
9573 9335 -17902
9574 9385 -18094
9575 9411 -18162
9576 9433 -18154
9577 9511 -18362
9578 9539 -18366
9579 9525 -18354
9580 9557 -18394
9581 9537 -18374
9582 9519 -18362
9583 9473 -18302
9584 9495 -18186
9585 9529 -18234
9586 9535 -18310
9587 9497 -18294
9588 9473 -18202
9589 9433 -18078
9590 9475 -18246
9591 9523 -18410
9592 9475 -18346
9593 9467 -18338
9594 9441 -18178
9595 9491 -18274
9596 9533 -18434
9597 9525 -18394
9598 9495 -18310
9599 9517 -18334
9600 9515 -18282
9601 9515 -18226
9602 9603 -18490
9603 9591 -18502
9604 9535 -18310
9605 9547 -18350
9606 9627 -18510
9607 9549 -18278
9608 9543 -18266
9609 9511 -18250
9610 9483 -18218
9611 9459 -18250
9612 9523 -18410
9613 9489 -18242
9614 9465 -18258
9615 9375 -18030
9616 9493 -18390
9617 9519 -18254
9618 9547 -18290
9619 9519 -18250
9620 9531 -18290
9621 9533 -18326
9622 9567 -18358
9623 9621 -18614
9624 9653 -18598
9625 9697 -18742
9626 9645 -18574
9627 9663 -18630
9628 9667 -18718
9629 9615 -18590
9630 9599 -18594
9631 9545 -18394
9632 9555 -18466
9633 9503 -18258
9634 9521 -18266
9635 9429 -18106
9636 9435 -18162
9637 9449 -18078
9638 9479 -18170
9639 9461 -18130
9640 9471 -18186
9641 9437 -18106
9642 9483 -18298
9643 9457 -18302
9644 9373 -17982
9645 9327 -17970
9646 9385 -18102
9647 9413 -18146
9648 9379 -18110
9649 9423 -18258
9650 9451 -18170
9651 9535 -18434
9652 9523 -18302
9653 9605 -18474
9654 9609 -18494
9655 9601 -18470
9656 9583 -18434
9657 9573 -18470
9658 9489 -18178
9659 9467 -18118
9660 9535 -18298
9661 9557 -18390
9662 9603 -18430
9663 9597 -18434
9664 9549 -18262
9665 9579 -18454
9666 9577 -18430
9667 9527 -18358
9668 9517 -18318
9669 9547 -18354
9670 9489 -18226
9671 9515 -18266
9672 9571 -18458
9673 9537 -18370
9674 9523 -18226
9675 9509 -18282
9676 9565 -18378
9677 9533 -18298
9678 9521 -18346
9679 9545 -18342
9680 9521 -18342
9681 9547 -18354
9682 9495 -18162
9683 9503 -18206
9684 9523 -18266
9685 9569 -18422
9686 9649 -18630
9687 9623 -18598
9688 9571 -18486
9689 9629 -18574
9690 9613 -18562
9691 9581 -18454
9692 9539 -18338
9693 9523 -18230
9694 9517 -18302
9695 9547 -18370
9696 9541 -18302
9697 9537 -18258
9698 9549 -18334
9699 9573 -18402
9700 9607 -18430
9701 9605 -18486
9702 9603 -18390
9703 9519 -18254
9704 9453 -18110
9705 9439 -18114
9706 9389 -18006
9707 9471 -18194
9708 9483 -18198
9709 9525 -18262
9710 9459 -18142
9711 9539 -18426
9712 9539 -18358
9713 9573 -18466
9714 9575 -18430
9715 9563 -18382
9716 9547 -18422
9717 9533 -18374
9718 9527 -18346
9719 9573 -18450
9720 9579 -18570
9721 9557 -18442
9722 9505 -18282
9723 9505 -18294
9724 9529 -18438
9725 9473 -18238
9726 9497 -18226
9727 9491 -18234
9728 9443 -18150
9729 9471 -18222
9730 9451 -18042
9731 9449 -18026
9732 9489 -18270
9733 9519 -18310
9734 9499 -18314
9735 9479 -18238
9736 9391 -18002
9737 9461 -18274
9738 9483 -18330
9739 9461 -18206
9740 9429 -18202
9741 9439 -18278
9742 9455 -18174
9743 9427 -18110
9744 9481 -18206
9745 9471 -18226
9746 9489 -18230
9747 9519 -18290
9748 9519 -18354
9749 9503 -18350
9750 9493 -18262
9751 9527 -18282
9752 9519 -18290
9753 9505 -18290
9754 9585 -18510
9755 9539 -18346
9756 9525 -18370
9757 9541 -18514
9758 9549 -18374
9759 9523 -18430
9760 9567 -18438
9761 9557 -18470
9762 9547 -18426
9763 9499 -18266
9764 9543 -18438
9765 9523 -18382
9766 9471 -18282
9767 9395 -18078
9768 9479 -18194
9769 9493 -18202
9770 9549 -18350
9771 9539 -18350
9772 9517 -18338
9773 9551 -18362
9774 9537 -18282
9775 9537 -18302
9776 9539 -18326
9777 9599 -18406
9778 9567 -18382
9779 9587 -18418
9780 9581 -18494
9781 9643 -18626
9782 9591 -18406
9783 9607 -18538
9784 9625 -18598
9785 9621 -18598
9786 9573 -18510
9787 9517 -18262
9788 9623 -18602
9789 9593 -18598
9790 9555 -18510
9791 9521 -18382
9792 9485 -18266
9793 9513 -18342
9794 9475 -18234
9795 9447 -18166
9796 9515 -18254
9797 9455 -18158
9798 9499 -18214
9799 9463 -18198
9800 9419 -18042
9801 9447 -18174
9802 9403 -18094
9803 9409 -18154
9804 9403 -18134
9805 9449 -18194
9806 9429 -18130
9807 9499 -18298
9808 9563 -18462
9809 9623 -18534
9810 9533 -18286
9811 9561 -18406
9812 9577 -18470
9813 9535 -18342
9814 9499 -18234
9815 9513 -18250
9816 9555 -18382
9817 9605 -18506
9818 9585 -18450
9819 9561 -18450
9820 9515 -18358
9821 9607 -18534
9822 9619 -18550
9823 9517 -18362
9824 9413 -18090
9825 9451 -18138
9826 9419 -18082
9827 9367 -18002
9828 9373 -18142
9829 9409 -18302
9830 9417 -18418
9831 9469 -18410
9832 9445 -18510
9833 9455 -18418
9834 9373 -18234
9835 9361 -18154
9836 9371 -18206
9837 9343 -18154
9838 9379 -18166
9839 9369 -18090
9840 9357 -18018
9841 9375 -18054
9842 9385 -18226
9843 9407 -18278
9844 9379 -18150
9845 9421 -18242
9846 9421 -18178
9847 9505 -18362
9848 9443 -18262
9849 9471 -18298
9850 9495 -18370
9851 9493 -18254
9852 9495 -18242
9853 9479 -18226
9854 9523 -18318
9855 9507 -18230
9856 9545 -18346
9857 9543 -18470
9858 9457 -18282
9859 9479 -18234
9860 9443 -18154
9861 9461 -18198
9862 9473 -18266
9863 9567 -18506
9864 9581 -18546
9865 9551 -18458
9866 9571 -18438
9867 9561 -18510
9868 9567 -18446
9869 9561 -18442
9870 9465 -18198
9871 9465 -18250
9872 9401 -18078
9873 9471 -18250
9874 9497 -18238
9875 9529 -18290
9876 9559 -18350
9877 9517 -18242
9878 9507 -18186
9879 9569 -18366
9880 9585 -18406
9881 9599 -18422
9882 9531 -18298
9883 9619 -18482
9884 9611 -18450
9885 9617 -18502
9886 9647 -18614
9887 9587 -18406
9888 9543 -18350
9889 9547 -18286
9890 9535 -18282
9891 9515 -18242
9892 9545 -18398
9893 9513 -18290
9894 9569 -18378
9895 9555 -18458
9896 9509 -18246
9897 9493 -18190
9898 9483 -18194
9899 9539 -18402
9900 9479 -18158
9901 9487 -18258
9902 9483 -18210
9903 9477 -18130
9904 9455 -18126
9905 9531 -18342
9906 9473 -18186
9907 9489 -18286
9908 9505 -18350
9909 9473 -18182
9910 9453 -18158
9911 9505 -18262
9912 9535 -18326
9913 9499 -18342
9914 9475 -18206
9915 9509 -18290
9916 9577 -18422
9917 9593 -18422
9918 9527 -18246
9919 9545 -18374
9920 9593 -18338
9921 9593 -18306
9922 9573 -18362
9923 9521 -18246
9924 9535 -18294
9925 9495 -18190
9926 9467 -18106
9927 9517 -18210
9928 9523 -18230
9929 9609 -18506
9930 9533 -18310
9931 9499 -18298
9932 9547 -18346
9933 9555 -18418
9934 9565 -18430
9935 9563 -18422
9936 9533 -18394
9937 9561 -18474
9938 9569 -18418
9939 9541 -18406
9940 9591 -18430
9941 9611 -18526
9942 9549 -18346
9943 9511 -18222
9944 9571 -18390
9945 9545 -18286
9946 9573 -18502
9947 9563 -18390
9948 9537 -18330
9949 9575 -18382
9950 9509 -18286
9951 9559 -18398
9952 9601 -18514
9953 9599 -18482
9954 9583 -18434
9955 9601 -18506
9956 9559 -18438
9957 9587 -18526
9958 9515 -18314
9959 9515 -18226
9960 9513 -18222
9961 9557 -18462
9962 9589 -18494
9963 9561 -18366
9964 9659 -18666
9965 9551 -18302
9966 9559 -18314
9967 9573 -18406
9968 9571 -18426
9969 9515 -18250
9970 9539 -18282
9971 9519 -18234
9972 9555 -18326
9973 9533 -18294
9974 9549 -18406
9975 9589 -18446
9976 9561 -18326
9977 9529 -18330
9978 9593 -18498
9979 9599 -18526
9980 9609 -18538
9981 9631 -18618
9982 9565 -18466
9983 9543 -18458
9984 9555 -18466
9985 9523 -18474
9986 9619 -18622
9987 9601 -18526
9988 9549 -18434
9989 9515 -18382
9990 9511 -18326
9991 9425 -18222
9992 9313 -17934
9993 9383 -18206
9994 9397 -18138
9995 9487 -18306
9996 9509 -18310
9997 9547 -18442
9998 9547 -18414
9999 9573 -18490
