0 9899 -19286
1 9659 -18574
2 9497 -18170
3 9411 -17970
4 9331 -17762
5 9281 -17702
6 9305 -17710
7 9301 -17746
8 9199 -17534
9 9165 -17498
10 9185 -17554
11 9149 -17438
12 9211 -17526
13 9221 -17726
14 9243 -17746
15 9145 -17566
16 9135 -17650
17 9121 -17518
18 9161 -17534
19 9079 -17402
20 9161 -17522
21 9217 -17690
22 9177 -17382
23 9265 -17878
24 9111 -17430
25 9071 -17394
26 9221 -17726
27 9221 -17730
28 9167 -17542
29 9157 -17598
30 9213 -17706
31 9159 -17630
32 9217 -17718
33 9165 -17518
34 9163 -17502
35 9117 -17450
36 9183 -17470
37 9191 -17518
38 9229 -17766
39 9219 -17794
40 9219 -17762
41 9145 -17578
42 9147 -17642
43 9147 -17570
44 9161 -17562
45 9225 -17774
46 9267 -17850
47 9325 -17858
48 9247 -17698
49 9365 -17946
50 9289 -17842
51 9281 -17790
52 9269 -17738
53 9251 -17670
54 9255 -17666
55 9253 -17618
56 9357 -17874
57 9393 -17934
58 9305 -17654
59 9257 -17642
60 9241 -17594
61 9259 -17622
62 9253 -17646
63 9347 -17798
64 9355 -17842
65 9433 -18070
66 9301 -17766
67 9309 -17806
68 9351 -17834
69 9355 -17822
70 9271 -17710
71 9303 -17746
72 9299 -17810
73 9251 -17718
74 9297 -17858
75 9317 -17898
76 9291 -17734
77 9251 -17674
78 9291 -17778
79 9205 -17594
80 9221 -17666
81 9309 -17802
82 9247 -17658
83 9283 -17738
84 9329 -17798
85 9317 -17714
86 9263 -17714
87 9315 -17794
88 9261 -17606
89 9263 -17714
90 9213 -17570
91 9175 -17530
92 9197 -17614
93 9273 -17826
94 9295 -17902
95 9273 -17718
96 9175 -17594
97 9125 -17338
98 9113 -17494
99 9057 -17290
100 9039 -17270
101 9149 -17462
102 9267 -17642
103 9249 -17758
104 9245 -17722
105 9233 -17606
106 9263 -17618
107 9177 -17558
108 9193 -17638
109 9261 -17706
110 9275 -17614
111 9267 -17598
112 9297 -17750
113 9253 -17582
114 9355 -17850
115 9271 -17698
116 9215 -17586
117 9195 -17546
118 9297 -17790
119 9259 -17642
120 9229 -17686
121 9207 -17574
122 9225 -17638
123 9327 -17826
124 9213 -17570
125 9225 -17594
126 9223 -17518
127 9205 -17614
128 9241 -17734
129 9117 -17510
130 9175 -17550
131 9261 -17742
132 9293 -17862
133 9265 -17862
134 9203 -17630
135 9157 -17526
136 9155 -17466
137 9255 -17810
138 9203 -17638
139 9195 -17562
140 9155 -17582
141 9063 -17386
142 9113 -17474
143 9029 -17278
144 9081 -17326
145 9135 -17578
146 9231 -17722
147 9267 -17854
148 9247 -17790
149 9229 -17658
150 9215 -17630
151 9251 -17778
152 9195 -17674
153 9131 -17442
154 9107 -17550
155 9105 -17494
156 9073 -17510
157 9117 -17546
158 9079 -17446
159 8991 -17286
160 8981 -17282
161 9087 -17486
162 9015 -17342
163 9027 -17302
164 9101 -17486
165 9211 -17662
166 9219 -17678
167 9201 -17614
168 9229 -17698
169 9289 -17766
170 9253 -17654
171 9297 -17718
172 9299 -17822
173 9351 -17962
174 9341 -17850
175 9363 -17882
176 9267 -17694
177 9229 -17666
178 9145 -17518
179 9159 -17574
180 9087 -17326
181 9075 -17294
182 9065 -17366
183 9039 -17402
184 9075 -17462
185 9091 -17490
186 9047 -17370
187 9083 -17490
188 9169 -17626
189 9205 -17778
190 9155 -17782
191 9097 -17614
192 9107 -17614
193 9161 -17558
194 9193 -17642
195 9215 -17662
196 9255 -17906
197 9321 -18010
198 9317 -18054
199 9219 -17762
200 9205 -17738
201 9191 -17618
202 9243 -17710
203 9335 -17958
204 9313 -17962
205 9333 -17894
206 9305 -17886
207 9261 -17702
208 9237 -17522
209 9331 -17858
210 9277 -17746
211 9261 -17710
212 9207 -17662
213 9157 -17490
214 9093 -17406
215 9183 -17578
216 9205 -17662
217 9243 -17650
218 9207 -17562
219 9255 -17702
220 9259 -17894
221 9207 -17746
222 9171 -17602
223 9187 -17614
224 9241 -17718
225 9279 -17842
226 9185 -17502
227 9183 -17514
228 9147 -17430
229 9281 -17754
230 9223 -17622
231 9281 -17702
232 9209 -17566
233 9279 -17646
234 9285 -17634
235 9251 -17614
236 9333 -17682
237 9299 -17646
238 9305 -17702
239 9341 -17742
240 9377 -17790
241 9405 -17994
242 9381 -17894
243 9335 -17702
244 9283 -17482
245 9335 -17794
246 9405 -17942
247 9327 -17766
248 9365 -17766
249 9371 -17966
250 9305 -17866
251 9223 -17654
252 9253 -17678
253 9223 -17530
254 9211 -17694
255 9169 -17554
256 9079 -17330
257 9257 -17766
258 9307 -17806
259 9299 -17786
260 9287 -17862
261 9247 -17682
262 9173 -17506
263 9213 -17618
264 9215 -17594
265 9121 -17366
266 9175 -17506
267 9223 -17650
268 9281 -17910
269 9273 -17814
270 9297 -17834
271 9241 -17690
272 9151 -17506
273 9233 -17586
274 9257 -17730
275 9191 -17730
276 9145 -17494
277 9117 -17426
278 9081 -17226
279 9091 -17370
280 9101 -17394
281 9023 -17218
282 9101 -17406
283 9167 -17610
284 9197 -17666
285 9203 -17802
286 9215 -17718
287 9219 -17694
288 9231 -17694
289 9251 -17782
290 9281 -17838
291 9237 -17870
292 9231 -17722
293 9249 -17746
294 9257 -17798
295 9209 -17642
296 9189 -17518
297 9137 -17470
298 9147 -17394
299 9175 -17466
300 9211 -17582
301 9233 -17698
302 9253 -17802
303 9225 -17774
304 9207 -17670
305 9139 -17518
306 9137 -17530
307 9073 -17338
308 9129 -17406
309 9185 -17610
310 9207 -17690
311 9143 -17694
312 9001 -17370
313 9061 -17466
314 9105 -17594
315 9043 -17258
316 8963 -17182
317 8871 -17190
318 8843 -17054
319 8891 -17138
320 9071 -17562
321 9125 -17686
322 9155 -17614
323 9119 -17518
324 9079 -17438
325 9081 -17422
326 9145 -17450
327 9143 -17434
328 9113 -17354
329 9105 -17390
330 9119 -17402
331 9129 -17370
332 9109 -17310
333 9117 -17322
334 9193 -17506
335 9191 -17486
336 9165 -17486
337 9183 -17514
338 9097 -17398
339 9059 -17330
340 9029 -17314
341 9039 -17314
342 9033 -17258
343 9061 -17382
344 9191 -17722
345 9203 -17810
346 9275 -17734
347 9343 -17926
348 9339 -17910
349 9321 -17782
350 9287 -17678
351 9209 -17550
352 9225 -17578
353 9263 -17510
354 9323 -17730
355 9291 -17638
356 9243 -17714
357 9267 -17706
358 9227 -17574
359 9181 -17510
360 9253 -17694
361 9255 -17726
362 9255 -17818
363 9261 -17818
364 9207 -17598
365 9167 -17586
366 9225 -17694
367 9085 -17266
368 9097 -17254
369 9119 -17286
370 9087 -17286
371 9141 -17426
372 9143 -17474
373 9143 -17578
374 8931 -17118
375 8929 -17002
376 8969 -17166
377 9029 -17190
378 9073 -17322
379 9039 -17254
380 9061 -17418
381 9047 -17310
382 9045 -17394
383 9069 -17438
384 9087 -17534
385 9043 -17358
386 9131 -17550
387 9135 -17614
388 9111 -17550
389 9153 -17602
390 9209 -17718
391 9239 -17734
392 9287 -17854
393 9273 -17782
394 9191 -17718
395 9207 -17634
396 9199 -17670
397 9207 -17770
398 9207 -17690
399 9189 -17722
400 9159 -17650
401 9141 -17602
402 9089 -17538
403 9071 -17462
404 9177 -17750
405 9195 -17790
406 9123 -17614
407 9115 -17526
408 9161 -17722
409 9085 -17362
410 9045 -17298
411 9157 -17530
412 9117 -17366
413 9179 -17578
414 9173 -17510
415 9185 -17586
416 9193 -17614
417 9099 -17342
418 9151 -17590
419 9215 -17626
420 9155 -17534
421 9127 -17566
422 9097 -17538
423 9061 -17502
424 9093 -17546
425 9129 -17702
426 9063 -17462
427 9155 -17650
428 9215 -17794
429 9139 -17578
430 9171 -17666
431 9203 -17758
432 9215 -17794
433 9221 -17758
434 9175 -17618
435 9229 -17706
436 9201 -17674
437 9225 -17654
438 9239 -17794
439 9233 -17650
440 9233 -17586
441 9273 -17686
442 9195 -17534
443 9239 -17686
444 9365 -18018
445 9421 -18062
446 9403 -18010
447 9359 -18010
448 9337 -17922
449 9331 -17882
450 9283 -17786
451 9245 -17566
452 9283 -17758
453 9239 -17654
454 9145 -17422
455 9159 -17338
456 9245 -17746
457 9301 -17794
458 9337 -17822
459 9315 -17818
460 9251 -17550
461 9145 -17466
462 9143 -17550
463 9239 -17722
464 9257 -17762
465 9215 -17662
466 9209 -17590
467 9073 -17314
468 9097 -17526
469 9169 -17582
470 9149 -17434
471 9063 -17278
472 9047 -17238
473 9147 -17530
474 9157 -17446
475 9257 -17702
476 9297 -17818
477 9155 -17462
478 9197 -17666
479 9071 -17338
480 9107 -17358
481 9109 -17370
482 9123 -17378
483 9215 -17582
484 9225 -17602
485 9217 -17706
486 9181 -17510
487 9295 -17790
488 9281 -17790
489 9263 -17882
490 9287 -17902
491 9305 -17946
492 9291 -17794
493 9281 -17706
494 9347 -17758
495 9381 -17938
496 9317 -17822
497 9275 -17714
498 9253 -17730
499 9259 -17730
500 9243 -17690
501 9277 -17674
502 9255 -17626
503 9155 -17402
504 9269 -17626
505 9315 -17822
506 9289 -17710
507 9351 -17822
508 9317 -17722
509 9291 -17734
510 9355 -17982
511 9293 -17698
512 9211 -17618
513 9229 -17706
514 9233 -17686
515 9259 -17670
516 9237 -17586
517 9233 -17634
518 9217 -17634
519 9149 -17442
520 9181 -17482
521 9261 -17678
522 9277 -17526
523 9273 -17558
524 9225 -17458
525 9297 -17650
526 9267 -17622
527 9211 -17538
528 9283 -17838
529 9225 -17626
530 9257 -17682
531 9209 -17474
532 9281 -17654
533 9215 -17510
534 9279 -17706
535 9309 -17810
536 9285 -17710
537 9205 -17466
538 9223 -17570
539 9297 -17858
540 9181 -17630
541 9187 -17538
542 9313 -17870
543 9229 -17718
544 9331 -17922
545 9295 -17770
546 9203 -17642
547 9139 -17470
548 9149 -17486
549 9175 -17574
550 9167 -17494
551 9189 -17522
552 9123 -17454
553 9097 -17282
554 9131 -17362
555 9153 -17474
556 9237 -17662
557 9215 -17678
558 9269 -17794
559 9219 -17602
560 9187 -17666
561 9129 -17530
562 9181 -17654
563 9125 -17582
564 9151 -17570
565 9091 -17474
566 9111 -17446
567 9099 -17402
568 9105 -17534
569 9101 -17446
570 9079 -17402
571 9027 -17210
572 8997 -17274
573 9121 -17538
574 9099 -17530
575 9123 -17486
576 9089 -17434
577 9143 -17598
578 9121 -17470
579 9165 -17538
580 9101 -17422
581 9045 -17302
582 9029 -17326
583 9081 -17330
584 9105 -17554
585 9139 -17550
586 9057 -17438
587 9031 -17354
588 9065 -17334
589 9079 -17382
590 9217 -17526
591 9191 -17610
592 9179 -17554
593 9153 -17466
594 9151 -17450
595 9133 -17494
596 9183 -17650
597 9259 -17826
598 9273 -17874
599 9255 -17814
600 9197 -17654
601 9199 -17806
602 9115 -17742
603 9129 -17550
604 9183 -17678
605 9221 -17698
606 9197 -17618
607 9171 -17498
608 9211 -17666
609 9177 -17734
610 9147 -17446
611 9125 -17466
612 9141 -17530
613 9067 -17426
614 9041 -17318
615 9133 -17410
616 9139 -17374
617 9195 -17550
618 9193 -17474
619 9187 -17446
620 9211 -17490
621 9201 -17606
622 9181 -17550
623 9317 -17802
624 9279 -17642
625 9253 -17702
626 9281 -17754
627 9299 -17854
628 9287 -17826
629 9349 -17890
630 9329 -17850
631 9305 -17834
632 9321 -17842
633 9309 -17858
634 9171 -17450
635 9215 -17510
636 9157 -17426
637 9225 -17562
638 9269 -17802
639 9247 -17738
640 9227 -17762
641 9235 -17706
642 9225 -17594
643 9231 -17554
644 9297 -17726
645 9247 -17670
646 9265 -17706
647 9235 -17610
648 9261 -17786
649 9283 -17702
650 9263 -17610
651 9271 -17662
652 9241 -17582
653 9229 -17610
654 9289 -17690
655 9237 -17674
656 9115 -17458
657 9069 -17290
658 9165 -17462
659 9161 -17418
660 9149 -17442
661 9183 -17506
662 9109 -17330
663 9225 -17570
664 9237 -17558
665 9137 -17330
666 9133 -17442
667 9103 -17318
668 9183 -17474
669 9247 -17698
670 9227 -17538
671 9331 -17862
672 9261 -17662
673 9269 -17718
674 9293 -17758
675 9321 -17898
676 9295 -17902
677 9225 -17622
678 9189 -17626
679 9165 -17458
680 9145 -17330
681 9057 -17186
682 9075 -17242
683 9133 -17446
684 9177 -17538
685 9203 -17622
686 9157 -17582
687 9143 -17406
688 9185 -17554
689 9129 -17518
690 9091 -17414
691 9053 -17378
692 9125 -17662
693 9073 -17482
694 9067 -17434
695 9135 -17514
696 9095 -17466
697 9059 -17266
698 8967 -17154
699 9021 -17242
700 9071 -17218
701 9049 -17250
702 9149 -17554
703 9283 -17746
704 9309 -17686
705 9321 -17690
706 9233 -17518
707 9195 -17526
708 9215 -17554
709 9249 -17654
710 9243 -17566
711 9201 -17490
712 9217 -17546
713 9193 -17546
714 9161 -17438
715 9191 -17546
716 9209 -17646
717 9187 -17526
718 9143 -17422
719 9161 -17466
720 9203 -17602
721 9125 -17322
722 9141 -17390
723 9177 -17498
724 9261 -17630
725 9209 -17482
726 9197 -17618
727 9225 -17642
728 9181 -17498
729 9249 -17686
730 9239 -17770
731 9147 -17506
732 9179 -17550
733 9273 -17646
734 9313 -17770
735 9293 -17798
736 9339 -17842
737 9323 -17706
738 9269 -17706
739 9305 -17878
740 9297 -17798
741 9283 -17730
742 9355 -17842
743 9279 -17746
744 9319 -17770
745 9285 -17798
746 9289 -17606
747 9255 -17534
748 9193 -17414
749 9247 -17614
750 9137 -17434
751 9075 -17258
752 9097 -17446
753 9189 -17602
754 9173 -17666
755 9219 -17738
756 9223 -17682
757 9235 -17646
758 9139 -17366
759 9089 -17346
760 9185 -17614
761 9203 -17606
762 9235 -17658
763 9257 -17726
764 9407 -18122
765 9421 -18082
766 9345 -17846
767 9327 -17830
768 9347 -17830
769 9283 -17642
770 9223 -17502
771 9261 -17610
772 9287 -17658
773 9271 -17754
774 9333 -17930
775 9307 -17942
776 9269 -17750
777 9259 -17710
778 9329 -17958
779 9277 -17818
780 9289 -17822
781 9227 -17618
782 9191 -17526
783 9199 -17558
784 9223 -17586
785 9289 -17710
786 9315 -17814
787 9253 -17750
788 9241 -17722
789 9219 -17542
790 9181 -17494
791 9177 -17642
792 9245 -17610
793 9267 -17682
794 9261 -17798
795 9239 -17698
796 9215 -17530
797 9249 -17638
798 9261 -17670
799 9239 -17606
800 9229 -17618
801 9247 -17566
802 9227 -17570
803 9289 -17734
804 9295 -17690
805 9219 -17542
806 9221 -17642
807 9189 -17574
808 9245 -17818
809 9297 -17914
810 9221 -17638
811 9133 -17498
812 9115 -17442
813 9211 -17646
814 9135 -17454
815 9093 -17342
816 9083 -17366
817 9113 -17506
818 9103 -17542
819 9103 -17594
820 9103 -17638
821 9031 -17466
822 8999 -17474
823 8953 -17422
824 8971 -17386
825 8981 -17550
826 8967 -17314
827 8949 -17346
828 8895 -17298
829 8895 -17322
830 8903 -17422
831 8935 -17522
832 8953 -17458
833 8977 -17562
834 8895 -17398
835 8853 -17170
836 8897 -17214
837 8855 -17218
838 8935 -17290
839 8887 -17130
840 9019 -17582
841 8963 -17514
842 9091 -17678
843 8999 -17478
844 8963 -17254
845 8867 -17182
846 8915 -17330
847 8931 -17262
848 8889 -17250
849 9005 -17394
850 9077 -17442
851 9099 -17374
852 9123 -17482
853 9133 -17478
854 9229 -17750
855 9215 -17802
856 9231 -17642
857 9279 -17734
858 9241 -17726
859 9181 -17570
860 9257 -17690
861 9253 -17658
862 9297 -17742
863 9287 -17754
864 9333 -17802
865 9319 -17770
866 9269 -17606
867 9197 -17482
868 9299 -17634
869 9291 -17678
870 9281 -17710
871 9243 -17678
872 9113 -17414
873 9087 -17306
874 9053 -17274
875 9093 -17294
876 9151 -17518
877 9229 -17610
878 9301 -17882
879 9319 -17774
880 9233 -17682
881 9125 -17482
882 9209 -17734
883 9197 -17694
884 9217 -17638
885 9249 -17670
886 9205 -17526
887 9221 -17638
888 9187 -17658
889 9131 -17530
890 9119 -17522
891 9113 -17482
892 9117 -17422
893 9171 -17614
894 9193 -17590
895 9197 -17542
896 9287 -17798
897 9359 -17934
898 9323 -17818
899 9277 -17862
900 9265 -17594
901 9277 -17638
902 9237 -17594
903 9253 -17634
904 9291 -17802
905 9311 -17646
906 9413 -18034
907 9413 -17946
908 9229 -17566
909 9171 -17350
910 9179 -17514
911 9185 -17526
912 9197 -17586
913 9229 -17546
914 9251 -17538
915 9243 -17534
916 9187 -17486
917 9255 -17742
918 9213 -17706
919 9203 -17614
920 9215 -17602
921 9201 -17554
922 9275 -17674
923 9239 -17758
924 9137 -17494
925 9027 -17226
926 9051 -17426
927 9207 -17746
928 9153 -17578
929 9193 -17574
930 9205 -17542
931 9205 -17686
932 9165 -17522
933 9187 -17542
934 9161 -17478
935 9153 -17426
936 9107 -17350
937 9189 -17498
938 9257 -17598
939 9259 -17730
940 9233 -17798
941 9071 -17398
942 9141 -17550
943 9169 -17518
944 9213 -17774
945 9259 -17886
946 9209 -17774
947 9199 -17602
948 9213 -17690
949 9241 -17666
950 9211 -17578
951 9151 -17542
952 9073 -17238
953 9135 -17242
954 9209 -17530
955 9247 -17538
956 9299 -17734
957 9353 -17870
958 9343 -17898
959 9329 -17830
960 9365 -18058
961 9309 -17882
962 9159 -17366
963 9233 -17670
964 9217 -17478
965 9185 -17446
966 9245 -17590
967 9235 -17634
968 9203 -17550
969 9141 -17438
970 9163 -17546
971 9195 -17642
972 9207 -17634
973 9211 -17714
974 9275 -17806
975 9305 -17918
976 9309 -17854
977 9315 -17858
978 9293 -17750
979 9305 -17830
980 9373 -17886
981 9399 -18006
982 9297 -17694
983 9227 -17554
984 9187 -17542
985 9157 -17502
986 9207 -17654
987 9219 -17710
988 9165 -17590
989 9085 -17302
990 9161 -17458
991 9171 -17542
992 9241 -17750
993 9337 -17998
994 9425 -18138
995 9425 -18006
996 9387 -17938
997 9377 -17886
998 9407 -18042
999 9419 -17946
1000 9411 -18038
1001 9283 -17738
1002 9325 -17866
1003 9265 -17694
1004 9221 -17650
1005 9237 -17834
1006 9273 -17774
1007 9153 -17526
1008 9139 -17686
1009 9257 -17838
1010 9251 -17686
1011 9231 -17782
1012 9265 -17814
1013 9253 -17714
1014 9211 -17570
1015 9201 -17678
1016 9221 -17642
1017 9359 -17926
1018 9367 -17910
1019 9437 -18170
1020 9327 -17914
1021 9287 -17646
1022 9325 -17714
1023 9285 -17698
1024 9329 -17930
1025 9287 -17798
1026 9225 -17638
1027 9223 -17702
1028 9327 -17906
1029 9273 -17710
1030 9267 -17638
1031 9259 -17782
1032 9223 -17658
1033 9255 -17686
1034 9257 -17746
1035 9283 -17770
1036 9251 -17678
1037 9327 -17878
1038 9323 -17894
1039 9317 -17894
1040 9311 -17910
1041 9265 -17870
1042 9289 -17858
1043 9235 -17854
1044 9251 -17870
1045 9191 -17682
1046 9161 -17518
1047 9091 -17394
1048 9201 -17610
1049 9165 -17658
1050 9153 -17526
1051 9073 -17434
1052 8987 -17110
1053 8943 -17130
1054 8939 -17158
1055 8971 -17258
1056 9035 -17322
1057 9029 -17510
1058 9029 -17478
1059 9075 -17538
1060 9047 -17386
1061 9037 -17446
1062 8975 -17242
1063 9009 -17398
1064 9073 -17550
1065 9093 -17606
1066 9161 -17810
1067 9107 -17650
1068 9079 -17466
1069 9093 -17410
1070 9135 -17410
1071 9121 -17442
1072 9033 -17274
1073 9043 -17274
1074 9061 -17338
1075 9187 -17566
1076 9199 -17502
1077 9185 -17566
1078 9227 -17602
1079 9189 -17590
1080 9147 -17446
1081 9217 -17614
1082 9143 -17426
1083 9189 -17614
1084 9193 -17578
1085 9177 -17534
1086 9111 -17414
1087 9073 -17234
1088 9153 -17374
1089 9209 -17470
1090 9195 -17494
1091 9205 -17554
1092 9273 -17762
1093 9237 -17770
1094 9219 -17598
1095 9245 -17666
1096 9255 -17626
1097 9289 -17758
1098 9279 -17690
1099 9231 -17618
1100 9223 -17634
1101 9299 -17834
1102 9299 -17822
1103 9193 -17586
1104 9199 -17610
1105 9199 -17594
1106 9179 -17422
1107 9199 -17434
1108 9139 -17402
1109 9135 -17398
1110 9129 -17514
1111 9209 -17646
1112 9167 -17570
1113 9213 -17662
1114 9125 -17594
1115 9171 -17538
1116 9155 -17442
1117 9177 -17454
1118 9211 -17574
1119 9211 -17570
1120 9149 -17374
1121 9113 -17382
1122 9201 -17494
1123 9189 -17602
1124 9293 -17718
1125 9295 -17790
1126 9287 -17826
1127 9193 -17598
1128 9201 -17630
1129 9165 -17650
1130 9197 -17578
1131 9071 -17378
1132 9071 -17314
1133 9119 -17318
1134 9007 -17178
1135 9105 -17302
1136 9129 -17510
1137 9183 -17650
1138 9155 -17534
1139 9203 -17630
1140 9173 -17618
1141 9155 -17598
1142 9041 -17386
1143 9097 -17466
1144 9147 -17546
1145 9169 -17606
1146 9219 -17718
1147 9187 -17670
1148 9233 -17690
1149 9211 -17614
1150 9161 -17506
1151 9199 -17582
1152 9219 -17562
1153 9161 -17454
1154 9179 -17594
1155 9203 -17546
1156 9155 -17466
1157 9177 -17534
1158 9139 -17554
1159 9165 -17566
1160 9163 -17494
1161 9215 -17570
1162 9159 -17434
1163 9179 -17442
1164 9237 -17582
1165 9201 -17510
1166 9199 -17458
1167 9251 -17678
1168 9293 -17706
1169 9325 -17814
1170 9313 -17794
1171 9367 -17926
1172 9335 -17854
1173 9307 -17666
1174 9259 -17630
1175 9235 -17606
1176 9317 -17842
1177 9305 -17734
1178 9321 -17806
1179 9291 -17782
1180 9243 -17746
1181 9275 -17826
1182 9289 -17854
1183 9307 -17878
1184 9321 -17770
1185 9301 -17650
1186 9225 -17502
1187 9189 -17370
1188 9143 -17438
1189 9141 -17386
1190 9137 -17450
1191 9037 -17206
1192 9133 -17398
1193 9173 -17578
1194 9261 -17774
1195 9199 -17554
1196 9271 -17678
1197 9201 -17474
1198 9175 -17438
1199 9187 -17542
1200 9155 -17454
1201 9133 -17518
1202 9101 -17330
1203 9093 -17442
1204 9079 -17450
1205 9163 -17514
1206 9159 -17574
1207 9231 -17650
1208 9191 -17610
1209 9245 -17730
1210 9257 -17854
1211 9229 -17702
1212 9171 -17526
1213 9129 -17442
1214 9145 -17470
1215 9195 -17562
1216 9215 -17502
1217 9225 -17682
1218 9223 -17606
1219 9243 -17766
1220 9161 -17550
1221 9137 -17566
1222 9149 -17586
1223 9087 -17398
1224 9115 -17510
1225 8985 -17258
1226 9051 -17306
1227 9055 -17362
1228 9039 -17358
1229 9039 -17486
1230 9047 -17566
1231 9099 -17474
1232 9185 -17678
1233 9205 -17762
1234 9147 -17562
1235 9223 -17574
1236 9249 -17734
1237 9181 -17482
1238 9207 -17654
1239 9203 -17666
1240 9261 -17918
1241 9189 -17650
1242 9243 -17882
1243 9285 -17894
1244 9245 -17750
1245 9183 -17706
1246 9139 -17678
1247 9185 -17810
1248 9151 -17598
1249 9181 -17598
1250 9127 -17442
1251 9201 -17698
1252 9253 -17766
1253 9257 -17758
1254 9351 -17974
1255 9307 -17874
1256 9273 -17834
1257 9269 -17822
1258 9167 -17654
1259 9033 -17386
1260 9115 -17494
1261 9073 -17450
1262 9071 -17542
1263 9141 -17546
1264 9111 -17470
1265 9087 -17478
1266 9121 -17418
1267 9071 -17350
1268 9113 -17450
1269 9013 -17362
1270 8987 -17258
1271 9025 -17334
1272 9071 -17454
1273 9081 -17462
1274 9121 -17618
1275 9199 -17742
1276 9275 -17806
1277 9333 -17934
1278 9233 -17626
1279 9259 -17770
1280 9261 -17758
1281 9197 -17638
1282 9149 -17566
1283 9177 -17590
1284 9185 -17650
1285 9169 -17662
1286 9125 -17498
1287 9169 -17486
1288 9143 -17442
1289 9119 -17306
1290 9107 -17446
1291 9107 -17430
1292 9231 -17642
1293 9259 -17754
1294 9181 -17534
1295 9219 -17590
1296 9233 -17658
1297 9251 -17626
1298 9317 -17774
1299 9303 -17726
1300 9261 -17706
1301 9257 -17650
1302 9203 -17558
1303 9233 -17590
1304 9221 -17558
1305 9301 -17778
1306 9287 -17750
1307 9267 -17710
1308 9287 -17746
1309 9155 -17454
1310 9113 -17414
1311 9109 -17350
1312 9087 -17042
1313 9201 -17406
1314 9155 -17270
1315 9199 -17526
1316 9273 -17686
1317 9331 -17866
1318 9313 -17738
1319 9323 -17802
1320 9353 -17890
1321 9311 -17802
1322 9325 -17782
1323 9311 -17694
1324 9387 -18022
1325 9341 -17798
1326 9319 -17810
1327 9269 -17666
1328 9191 -17570
1329 9135 -17526
1330 9185 -17622
1331 9237 -17714
1332 9027 -17414
1333 9033 -17350
1334 9077 -17438
1335 9169 -17594
1336 9227 -17798
1337 9155 -17434
1338 9181 -17570
1339 9175 -17542
1340 9129 -17454
1341 9101 -17182
1342 9209 -17498
1343 9185 -17502
1344 9203 -17602
1345 9165 -17522
1346 9253 -17866
1347 9275 -17790
1348 9217 -17638
1349 9247 -17698
1350 9281 -17746
1351 9315 -17854
1352 9269 -17670
1353 9221 -17654
1354 9231 -17614
1355 9289 -17790
1356 9223 -17730
1357 9185 -17654
1358 9209 -17662
1359 9101 -17330
1360 8987 -17186
1361 9053 -17398
1362 9065 -17330
1363 9135 -17458
1364 9103 -17490
1365 9059 -17358
1366 9151 -17630
1367 9107 -17426
1368 9089 -17310
1369 9023 -17234
1370 9145 -17486
1371 9263 -17602
1372 9277 -17662
1373 9323 -17914
1374 9311 -17826
1375 9333 -17822
1376 9357 -17890
1377 9379 -17978
1378 9343 -17818
1379 9285 -17678
1380 9209 -17430
1381 9293 -17626
1382 9203 -17414
1383 9261 -17694
1384 9279 -17754
1385 9289 -17738
1386 9251 -17594
1387 9341 -17826
1388 9359 -17918
1389 9317 -17762
1390 9305 -17750
1391 9295 -17786
1392 9303 -17678
1393 9221 -17550
1394 9297 -17694
1395 9189 -17530
1396 9215 -17650
1397 9173 -17654
1398 9269 -17918
1399 9227 -17598
1400 9217 -17618
1401 9173 -17462
1402 9289 -17738
1403 9245 -17570
1404 9233 -17562
1405 9307 -17842
1406 9241 -17622
1407 9239 -17706
1408 9175 -17606
1409 9205 -17602
1410 9271 -17758
1411 9207 -17534
1412 9209 -17530
1413 9241 -17582
1414 9261 -17806
1415 9243 -17742
1416 9263 -17734
1417 9289 -17726
1418 9219 -17558
1419 9227 -17582
1420 9297 -17842
1421 9231 -17706
1422 9169 -17554
1423 9325 -17906
1424 9307 -17834
1425 9205 -17646
1426 9283 -17822
1427 9277 -17766
1428 9363 -18078
1429 9369 -18006
1430 9239 -17674
1431 9275 -17758
1432 9257 -17726
1433 9221 -17658
1434 9147 -17350
1435 9161 -17450
1436 9089 -17418
1437 9101 -17258
1438 9175 -17474
1439 9193 -17542
1440 9183 -17510
1441 9117 -17362
1442 9103 -17398
1443 9101 -17530
1444 9127 -17510
1445 9197 -17762
1446 9215 -17778
1447 9323 -17922
1448 9317 -17858
1449 9337 -17862
1450 9389 -17990
1451 9405 -17954
1452 9413 -17974
1453 9369 -17922
1454 9355 -17918
1455 9273 -17670
1456 9347 -17906
1457 9351 -17906
1458 9357 -17886
1459 9351 -17902
1460 9369 -17862
1461 9295 -17774
1462 9243 -17602
1463 9207 -17530
1464 9191 -17546
1465 9157 -17490
1466 9189 -17522
1467 9277 -17722
1468 9275 -17702
1469 9257 -17574
1470 9325 -17706
1471 9367 -17846
1472 9403 -17910
1473 9335 -17750
1474 9375 -17954
1475 9407 -18030
1476 9369 -17838
1477 9353 -17762
1478 9365 -17770
1479 9349 -17814
1480 9321 -17846
1481 9223 -17538
1482 9221 -17518
1483 9255 -17606
1484 9315 -17738
1485 9317 -17710
1486 9301 -17746
1487 9305 -17698
1488 9377 -17926
1489 9305 -17826
1490 9283 -17738
1491 9301 -17814
1492 9293 -17742
1493 9315 -17682
1494 9305 -17714
1495 9251 -17582
1496 9219 -17618
1497 9221 -17502
1498 9273 -17670
1499 9261 -17714
1500 9399 -18066
1501 9425 -18082
1502 9305 -17746
1503 9275 -17734
1504 9395 -18086
1505 9339 -17914
1506 9299 -17802
1507 9321 -17878
1508 9203 -17534
1509 9241 -17650
1510 9243 -17638
1511 9205 -17614
1512 9239 -17714
1513 9193 -17510
1514 9241 -17670
1515 9155 -17550
1516 9171 -17466
1517 9211 -17546
1518 9167 -17394
1519 9215 -17486
1520 9221 -17562
1521 9223 -17634
1522 9231 -17722
1523 9269 -17758
1524 9155 -17502
1525 9161 -17522
1526 9153 -17562
1527 9107 -17470
1528 9097 -17470
1529 9203 -17554
1530 9277 -17818
1531 9207 -17558
1532 9161 -17434
1533 9223 -17642
1534 9295 -17794
1535 9191 -17546
1536 9249 -17734
1537 9193 -17578
1538 9227 -17546
1539 9267 -17742
1540 9269 -17710
1541 9285 -17742
1542 9279 -17718
1543 9241 -17578
1544 9211 -17614
1545 9193 -17522
1546 9225 -17546
1547 9319 -17714
1548 9269 -17710
1549 9309 -17782
1550 9233 -17586
1551 9227 -17526
1552 9213 -17582
1553 9203 -17666
1554 9297 -17854
1555 9313 -17818
1556 9193 -17526
1557 9133 -17418
1558 9187 -17426
1559 9217 -17462
1560 9279 -17654
1561 9311 -17818
1562 9267 -17682
1563 9271 -17730
1564 9325 -17822
1565 9283 -17718
1566 9269 -17686
1567 9295 -17670
1568 9169 -17422
1569 9139 -17466
1570 9039 -17158
1571 8961 -16966
1572 8985 -17090
1573 9111 -17370
1574 9143 -17466
1575 9109 -17402
1576 9049 -17294
1577 9193 -17674
1578 9177 -17562
1579 9179 -17686
1580 9183 -17678
1581 9095 -17330
1582 9107 -17486
1583 9167 -17546
1584 9067 -17306
1585 9145 -17582
1586 9193 -17550
1587 9235 -17726
1588 9203 -17542
1589 9257 -17662
1590 9263 -17826
1591 9253 -17674
1592 9257 -17674
1593 9145 -17386
1594 9133 -17450
1595 9233 -17638
1596 9227 -17606
1597 9255 -17734
1598 9163 -17574
1599 9105 -17398
1600 9219 -17642
1601 9273 -17898
1602 9263 -17918
1603 9211 -17638
1604 9173 -17614
1605 9211 -17658
1606 9215 -17682
1607 9117 -17558
1608 9135 -17562
1609 9131 -17534
1610 9049 -17414
1611 9155 -17602
1612 9161 -17650
1613 9245 -17778
1614 9293 -17742
1615 9257 -17618
1616 9173 -17394
1617 9207 -17554
1618 9247 -17694
1619 9259 -17670
1620 9345 -17794
1621 9313 -17738
1622 9291 -17678
1623 9323 -17774
1624 9291 -17858
1625 9291 -17862
1626 9271 -17810
1627 9201 -17650
1628 9229 -17682
1629 9141 -17338
1630 9251 -17778
1631 9235 -17698
1632 9185 -17606
1633 9221 -17654
1634 9145 -17446
1635 9175 -17442
1636 9157 -17434
1637 9147 -17454
1638 9215 -17726
1639 9257 -17694
1640 9277 -17786
1641 9279 -17770
1642 9227 -17702
1643 9243 -17726
1644 9273 -17802
1645 9239 -17562
1646 9191 -17582
1647 9185 -17558
1648 9265 -17786
1649 9223 -17658
1650 9203 -17574
1651 9211 -17526
1652 9071 -17274
1653 9053 -17274
1654 9061 -17294
1655 9053 -17266
1656 9067 -17254
1657 9105 -17418
1658 9073 -17334
1659 9139 -17446
1660 9199 -17634
1661 9263 -17710
1662 9227 -17622
1663 9323 -17810
1664 9309 -17866
1665 9259 -17878
1666 9279 -17922
1667 9205 -17730
1668 9109 -17446
1669 9187 -17698
1670 9115 -17606
1671 9063 -17474
1672 9127 -17674
1673 9185 -17778
1674 9197 -17766
1675 9257 -17734
1676 9339 -17962
1677 9281 -17934
1678 9265 -17850
1679 9219 -17678
1680 9215 -17646
1681 9187 -17582
1682 9089 -17406
1683 9095 -17458
1684 9169 -17626
1685 9117 -17370
1686 9145 -17358
1687 9223 -17546
1688 9261 -17702
1689 9353 -17742
1690 9325 -17794
1691 9321 -17738
1692 9365 -17874
1693 9287 -17766
1694 9179 -17462
1695 9153 -17526
1696 9215 -17598
1697 9203 -17638
1698 9277 -17778
1699 9273 -17698
1700 9317 -17882
1701 9337 -17842
1702 9257 -17754
1703 9259 -17650
1704 9253 -17650
1705 9221 -17650
1706 9217 -17694
1707 9155 -17502
1708 9235 -17730
1709 9131 -17430
1710 9175 -17594
1711 9161 -17550
1712 9201 -17666
1713 9267 -17698
1714 9337 -17930
1715 9241 -17826
1716 9221 -17678
1717 9173 -17458
1718 9197 -17562
1719 9243 -17642
1720 9293 -17814
1721 9311 -17774
1722 9345 -17898
1723 9321 -17790
1724 9355 -17870
1725 9419 -18038
1726 9363 -17862
1727 9369 -17978
1728 9447 -18110
1729 9431 -18054
1730 9335 -17874
1731 9297 -17802
1732 9323 -17802
1733 9281 -17702
1734 9239 -17622
1735 9261 -17742
1736 9303 -17826
1737 9251 -17774
1738 9313 -18014
1739 9263 -17790
1740 9203 -17578
1741 9195 -17682
1742 9193 -17654
1743 9095 -17514
1744 9045 -17390
1745 9041 -17362
1746 9087 -17510
1747 9107 -17578
1748 9165 -17594
1749 9227 -17790
1750 9177 -17670
1751 9239 -17794
1752 9273 -17818
1753 9257 -17786
1754 9243 -17762
1755 9215 -17554
1756 9207 -17626
1757 9161 -17534
1758 9191 -17542
1759 9279 -17762
1760 9331 -17838
1761 9257 -17638
1762 9261 -17562
1763 9279 -17662
1764 9181 -17478
1765 9275 -17602
1766 9273 -17638
1767 9237 -17590
1768 9225 -17478
1769 9231 -17526
1770 9251 -17598
1771 9267 -17634
1772 9251 -17702
1773 9221 -17606
1774 9255 -17550
1775 9409 -17990
1776 9477 -18062
1777 9281 -17674
1778 9207 -17562
1779 9201 -17510
1780 9153 -17366
1781 9175 -17522
1782 9223 -17626
1783 9185 -17494
1784 9213 -17562
1785 9227 -17686
1786 9149 -17474
1787 9115 -17398
1788 9059 -17254
1789 9113 -17454
1790 9105 -17406
1791 9149 -17470
1792 9065 -17306
1793 9129 -17386
1794 9257 -17686
1795 9229 -17542
1796 9231 -17518
1797 9239 -17606
1798 9251 -17714
1799 9247 -17626
1800 9219 -17634
1801 9203 -17558
1802 9303 -17722
1803 9247 -17530
1804 9311 -17722
1805 9339 -17762
1806 9317 -17662
1807 9337 -17646
1808 9327 -17770
1809 9307 -17822
1810 9307 -17682
1811 9397 -17994
1812 9391 -17978
1813 9361 -17994
1814 9333 -17802
1815 9301 -17734
1816 9211 -17574
1817 9331 -17890
1818 9297 -17766
1819 9223 -17538
1820 9237 -17550
1821 9177 -17478
1822 9223 -17546
1823 9213 -17534
1824 9193 -17526
1825 9185 -17554
1826 9211 -17534
1827 9173 -17506
1828 9287 -17734
1829 9261 -17562
1830 9325 -17842
1831 9261 -17638
1832 9255 -17810
1833 9291 -17722
1834 9233 -17662
1835 9297 -17782
1836 9253 -17706
1837 9239 -17778
1838 9241 -17698
1839 9145 -17550
1840 9191 -17586
1841 9149 -17502
1842 9097 -17414
1843 9135 -17514
1844 9153 -17530
1845 9081 -17358
1846 9027 -17190
1847 9059 -17194
1848 9095 -17254
1849 9183 -17478
1850 9183 -17458
1851 9301 -17698
1852 9333 -17782
1853 9267 -17730
1854 9225 -17574
1855 9229 -17530
1856 9265 -17614
1857 9275 -17554
1858 9255 -17666
1859 9223 -17610
1860 9219 -17606
1861 9259 -17666
1862 9239 -17614
1863 9319 -17802
1864 9319 -17894
1865 9217 -17602
1866 9185 -17586
1867 9211 -17570
1868 9207 -17590
1869 9175 -17578
1870 9239 -17722
1871 9321 -17922
1872 9221 -17558
1873 9229 -17610
1874 9207 -17606
1875 9239 -17594
1876 9239 -17630
1877 9271 -17854
1878 9237 -17698
1879 9169 -17470
1880 9213 -17550
1881 9243 -17594
1882 9165 -17534
1883 9185 -17542
1884 9147 -17474
1885 9211 -17610
1886 9237 -17586
1887 9235 -17594
1888 9243 -17526
1889 9285 -17670
1890 9201 -17634
1891 9231 -17654
1892 9147 -17458
1893 9127 -17398
1894 9175 -17578
1895 9171 -17634
1896 9155 -17574
1897 9191 -17574
1898 9227 -17670
1899 9145 -17486
1900 9195 -17562
1901 9207 -17582
1902 9215 -17598
1903 9189 -17714
1904 9185 -17602
1905 9169 -17538
1906 9083 -17478
1907 9133 -17462
1908 9153 -17522
1909 9095 -17470
1910 9089 -17366
1911 9107 -17502
1912 9189 -17682
1913 9211 -17610
1914 9207 -17510
1915 9305 -17678
1916 9291 -17734
1917 9267 -17614
1918 9223 -17642
1919 9261 -17610
1920 9229 -17722
1921 9297 -17846
1922 9291 -17850
1923 9305 -17766
1924 9295 -17758
1925 9287 -17802
1926 9285 -17862
1927 9277 -17838
1928 9231 -17710
1929 9201 -17662
1930 9209 -17590
1931 9197 -17550
1932 9225 -17698
1933 9241 -17578
1934 9291 -17762
1935 9273 -17694
1936 9237 -17618
1937 9199 -17470
1938 9237 -17510
1939 9289 -17750
1940 9289 -17654
1941 9259 -17654
1942 9185 -17490
1943 9281 -17674
1944 9303 -17706
1945 9301 -17666
1946 9231 -17558
1947 9293 -17638
1948 9271 -17622
1949 9325 -17754
1950 9323 -17898
1951 9321 -17842
1952 9335 -17922
1953 9243 -17650
1954 9273 -17690
1955 9251 -17690
1956 9123 -17494
1957 9093 -17426
1958 9119 -17450
1959 9089 -17370
1960 9127 -17454
1961 9169 -17522
1962 9179 -17522
1963 9229 -17534
1964 9311 -17802
1965 9273 -17746
1966 9255 -17682
1967 9183 -17410
1968 9173 -17554
1969 9187 -17470
1970 9301 -17798
1971 9223 -17622
1972 9259 -17610
1973 9357 -17854
1974 9317 -17846
1975 9283 -17730
1976 9251 -17662
1977 9281 -17762
1978 9247 -17710
1979 9323 -17842
1980 9343 -17902
1981 9269 -17686
1982 9337 -17810
1983 9315 -17762
1984 9335 -17718
1985 9285 -17650
1986 9343 -17834
1987 9367 -17906
1988 9457 -18182
1989 9433 -18130
1990 9359 -17898
1991 9313 -17826
1992 9353 -17926
1993 9369 -17946
1994 9409 -18094
1995 9307 -17790
1996 9311 -17782
1997 9345 -17754
1998 9339 -17774
1999 9353 -17802
2000 9347 -17942
2001 9179 -17598
2002 9225 -17754
2003 9215 -17810
2004 9315 -17934
2005 9309 -17902
2006 9359 -17978
2007 9307 -17810
2008 9241 -17698
2009 9203 -17658
2010 9155 -17530
2011 9075 -17318
2012 9059 -17414
2013 9129 -17510
2014 9153 -17602
2015 9207 -17682
2016 9315 -17966
2017 9265 -17738
2018 9177 -17470
2019 9177 -17526
2020 9233 -17606
2021 9171 -17542
2022 9169 -17410
2023 9287 -17634
2024 9263 -17606
2025 9233 -17566
2026 9273 -17698
2027 9289 -17878
2028 9233 -17710
2029 9121 -17526
2030 9123 -17462
2031 9097 -17386
2032 9147 -17450
2033 9193 -17550
2034 9197 -17494
2035 9111 -17394
2036 9171 -17406
2037 9213 -17534
2038 9333 -17734
2039 9327 -17762
2040 9303 -17762
2041 9269 -17778
2042 9275 -17642
2043 9225 -17594
2044 9179 -17546
2045 9161 -17606
2046 9211 -17790
2047 9153 -17482
2048 9191 -17494
2049 9237 -17694
2050 9269 -17706
2051 9267 -17714
2052 9249 -17678
2053 9303 -17718
2054 9335 -17826
2055 9311 -17838
2056 9259 -17582
2057 9301 -17762
2058 9243 -17602
2059 9313 -17754
2060 9345 -17830
2061 9373 -17866
2062 9407 -17866
2063 9331 -17790
2064 9333 -17774
2065 9349 -17886
2066 9301 -17734
2067 9385 -17978
2068 9343 -17938
2069 9245 -17586
2070 9191 -17346
2071 9227 -17514
2072 9277 -17742
2073 9227 -17646
2074 9245 -17710
2075 9269 -17738
2076 9293 -17826
2077 9169 -17562
2078 9099 -17522
2079 9155 -17586
2080 9251 -17714
2081 9231 -17674
2082 9197 -17622
2083 9303 -17806
2084 9357 -17918
2085 9343 -17914
2086 9261 -17694
2087 9313 -17818
2088 9261 -17634
2089 9303 -17790
2090 9303 -17750
2091 9285 -17738
2092 9285 -17830
2093 9267 -17794
2094 9173 -17470
2095 9121 -17358
2096 9081 -17302
2097 9109 -17398
2098 9141 -17446
2099 9131 -17318
2100 9169 -17378
2101 9183 -17334
2102 9229 -17574
2103 9257 -17710
2104 9157 -17538
2105 9053 -17350
2106 9041 -17350
2107 9093 -17410
2108 9081 -17362
2109 9155 -17454
2110 9171 -17430
2111 9095 -17262
2112 9169 -17498
2113 9177 -17442
2114 9221 -17566
2115 9247 -17666
2116 9211 -17462
2117 9287 -17662
2118 9277 -17594
2119 9175 -17498
2120 9291 -17650
2121 9247 -17506
2122 9181 -17446
2123 9207 -17582
2124 9205 -17614
2125 9257 -17654
2126 9303 -17722
2127 9291 -17766
2128 9239 -17534
2129 9293 -17686
2130 9271 -17654
2131 9275 -17734
2132 9269 -17746
2133 9259 -17702
2134 9137 -17390
2135 9097 -17194
2136 9127 -17390
2137 9181 -17594
2138 9107 -17450
2139 9057 -17306
2140 9115 -17462
2141 9171 -17518
2142 9107 -17338
2143 9099 -17322
2144 8987 -17242
2145 8989 -17162
2146 8985 -17074
2147 8957 -17286
2148 8875 -17122
2149 8899 -17190
2150 8861 -17122
2151 8767 -16874
2152 8899 -17106
2153 8963 -17234
2154 9007 -17294
2155 9143 -17702
2156 9157 -17650
2157 9171 -17682
2158 9135 -17470
2159 9271 -17674
2160 9349 -17806
2161 9307 -17790
2162 9289 -17730
2163 9291 -17722
2164 9257 -17670
2165 9211 -17534
2166 9199 -17578
2167 9333 -17794
2168 9337 -17782
2169 9321 -17682
2170 9431 -18038
2171 9399 -17930
2172 9373 -17918
2173 9429 -18106
2174 9293 -17694
2175 9361 -17930
2176 9331 -17894
2177 9263 -17734
2178 9233 -17598
2179 9277 -17714
2180 9279 -17702
2181 9335 -17830
2182 9261 -17690
2183 9223 -17614
2184 9237 -17570
2185 9283 -17654
2186 9305 -17738
2187 9283 -17702
2188 9185 -17478
2189 9205 -17510
2190 9167 -17466
2191 9159 -17438
2192 9127 -17402
2193 9175 -17502
2194 9279 -17630
2195 9297 -17806
2196 9225 -17594
2197 9211 -17530
2198 9209 -17666
2199 9293 -17746
2200 9267 -17606
2201 9241 -17546
2202 9309 -17666
2203 9353 -17730
2204 9349 -17766
2205 9293 -17682
2206 9289 -17702
2207 9299 -17830
2208 9267 -17702
2209 9237 -17570
2210 9237 -17586
2211 9241 -17642
2212 9205 -17538
2213 9151 -17590
2214 9207 -17718
2215 9251 -17650
2216 9267 -17670
2217 9253 -17674
2218 9285 -17650
2219 9223 -17614
2220 9185 -17550
2221 9179 -17642
2222 9145 -17566
2223 9149 -17522
2224 9139 -17510
2225 9105 -17498
2226 9177 -17694
2227 9161 -17606
2228 9183 -17550
2229 9297 -17898
2230 9367 -18026
2231 9319 -17866
2232 9299 -17770
2233 9341 -17846
2234 9253 -17618
2235 9173 -17386
2236 9271 -17758
2237 9187 -17582
2238 9149 -17494
2239 9115 -17450
2240 9165 -17614
2241 9151 -17510
2242 9187 -17498
2243 9251 -17722
2244 9271 -17686
2245 9325 -17778
2246 9307 -17626
2247 9283 -17746
2248 9269 -17614
2249 9217 -17438
2250 9201 -17414
2251 9149 -17370
2252 9111 -17242
2253 9175 -17438
2254 9259 -17638
2255 9265 -17658
2256 9269 -17814
2257 9287 -17818
2258 9223 -17594
2259 9227 -17630
2260 9199 -17646
2261 9157 -17522
2262 9123 -17362
2263 9033 -17290
2264 9051 -17358
2265 9045 -17246
2266 9117 -17382
2267 9159 -17514
2268 9167 -17514
2269 9137 -17462
2270 9201 -17574
2271 9177 -17394
2272 9235 -17706
2273 9175 -17594
2274 9159 -17658
2275 9183 -17486
2276 9229 -17654
2277 9303 -17798
2278 9271 -17750
2279 9259 -17718
2280 9265 -17782
2281 9253 -17794
2282 9263 -17702
2283 9317 -17870
2284 9325 -17810
2285 9345 -17794
2286 9323 -17822
2287 9331 -17938
2288 9385 -17946
2289 9323 -17854
2290 9311 -17746
2291 9247 -17586
2292 9223 -17550
2293 9313 -17698
2294 9291 -17658
2295 9301 -17746
2296 9261 -17738
2297 9153 -17402
2298 9271 -17674
2299 9305 -17774
2300 9453 -18214
2301 9413 -18058
2302 9255 -17670
2303 9313 -17846
2304 9319 -17814
2305 9287 -17802
2306 9277 -17806
2307 9305 -17758
2308 9289 -17810
2309 9299 -17774
2310 9299 -17802
2311 9319 -17818
2312 9331 -17794
2313 9395 -17886
2314 9369 -17978
2315 9305 -17870
2316 9343 -17874
2317 9385 -17858
2318 9347 -17918
2319 9331 -17842
2320 9405 -18078
2321 9453 -18190
2322 9463 -18114
2323 9415 -18014
2324 9461 -18142
2325 9393 -17970
2326 9313 -17746
2327 9229 -17614
2328 9285 -17738
2329 9207 -17494
2330 9213 -17458
2331 9295 -17662
2332 9177 -17454
2333 9213 -17506
2334 9233 -17670
2335 9261 -17694
2336 9215 -17454
2337 9255 -17510
2338 9213 -17534
2339 9239 -17686
2340 9235 -17638
2341 9281 -17662
2342 9327 -17854
2343 9269 -17666
2344 9257 -17590
2345 9297 -17654
2346 9303 -17714
2347 9315 -17734
2348 9337 -17878
2349 9275 -17586
2350 9311 -17758
2351 9305 -17710
2352 9305 -17670
2353 9335 -17730
2354 9319 -17822
2355 9393 -17902
2356 9389 -17922
2357 9333 -17726
2358 9235 -17522
2359 9183 -17418
2360 9211 -17438
2361 9157 -17410
2362 9173 -17542
2363 9179 -17546
2364 9155 -17446
2365 9153 -17370
2366 9111 -17354
2367 9083 -17374
2368 9109 -17350
2369 9113 -17338
2370 9115 -17302
2371 9123 -17306
2372 9077 -17306
2373 9153 -17566
2374 9135 -17474
2375 9171 -17558
2376 9207 -17622
2377 9177 -17462
2378 9207 -17702
2379 9275 -17834
2380 9213 -17658
2381 9125 -17522
2382 9143 -17542
2383 9127 -17498
2384 9187 -17478
2385 9201 -17546
2386 9153 -17462
2387 9203 -17598
2388 9167 -17490
2389 9183 -17510
2390 9277 -17726
2391 9193 -17578
2392 9237 -17678
2393 9229 -17598
2394 9227 -17650
2395 9173 -17642
2396 9179 -17630
2397 9165 -17570
2398 9135 -17606
2399 9129 -17670
2400 9167 -17558
2401 9263 -17794
2402 9171 -17698
2403 9105 -17526
2404 9171 -17730
2405 9207 -17770
2406 9223 -17514
2407 9165 -17554
2408 9215 -17578
2409 9255 -17650
2410 9153 -17386
2411 9213 -17566
2412 9219 -17522
2413 9289 -17790
2414 9409 -18086
2415 9301 -17794
2416 9271 -17726
2417 9209 -17586
2418 9155 -17386
2419 9247 -17626
2420 9187 -17454
2421 9167 -17394
2422 9327 -17794
2423 9383 -17950
2424 9369 -17866
2425 9363 -17866
2426 9311 -17754
2427 9375 -17942
2428 9351 -17846
2429 9395 -17982
2430 9415 -18054
2431 9361 -17922
2432 9313 -17690
2433 9363 -17810
2434 9311 -17674
2435 9319 -17762
2436 9443 -18034
2437 9313 -17746
2438 9285 -17706
2439 9317 -17770
2440 9275 -17706
2441 9247 -17566
2442 9263 -17614
2443 9331 -17758
2444 9289 -17702
2445 9229 -17658
2446 9195 -17634
2447 9159 -17450
2448 9199 -17514
2449 9235 -17558
2450 9217 -17482
2451 9231 -17546
2452 9273 -17674
2453 9279 -17702
2454 9303 -17774
2455 9251 -17614
2456 9259 -17658
2457 9275 -17686
2458 9283 -17622
2459 9345 -17762
2460 9379 -17862
2461 9331 -17802
2462 9409 -17894
2463 9397 -17986
2464 9365 -17886
2465 9301 -17730
2466 9263 -17630
2467 9329 -17734
2468 9241 -17502
2469 9295 -17610
2470 9211 -17362
2471 9245 -17490
2472 9237 -17618
2473 9073 -17246
2474 9069 -17238
2475 9025 -17178
2476 8989 -17170
2477 9115 -17502
2478 9209 -17554
2479 9151 -17390
2480 9261 -17714
2481 9347 -17862
2482 9325 -17882
2483 9199 -17658
2484 9155 -17554
2485 9139 -17474
2486 9149 -17410
2487 9191 -17534
2488 9097 -17414
2489 9095 -17454
2490 9089 -17306
2491 9143 -17490
2492 9273 -17766
2493 9241 -17710
2494 9317 -17870
2495 9303 -17930
2496 9193 -17690
2497 9235 -17682
2498 9187 -17610
2499 9193 -17670
2500 9149 -17570
2501 9089 -17442
2502 9149 -17518
2503 9207 -17594
2504 9231 -17706
2505 9355 -17922
2506 9351 -17938
2507 9331 -17918
2508 9283 -17894
2509 9259 -17802
2510 9217 -17742
2511 9201 -17678
2512 9199 -17566
2513 9255 -17754
2514 9189 -17710
2515 9201 -17730
2516 9273 -17890
2517 9221 -17754
2518 9209 -17774
2519 9181 -17646
2520 9135 -17558
2521 9221 -17694
2522 9189 -17650
2523 9107 -17378
2524 9125 -17474
2525 9177 -17614
2526 9121 -17446
2527 9223 -17750
2528 9143 -17646
2529 9119 -17630
2530 9209 -17854
2531 9207 -17742
2532 9209 -17802
2533 9263 -17894
2534 9199 -17674
2535 9237 -17746
2536 9327 -17882
2537 9267 -17642
2538 9303 -17738
2539 9351 -17834
2540 9307 -17862
2541 9229 -17670
2542 9233 -17582
2543 9181 -17434
2544 9231 -17614
2545 9169 -17446
2546 9123 -17410
2547 9177 -17558
2548 9215 -17706
2549 9181 -17602
2550 9197 -17586
2551 9179 -17514
2552 9223 -17554
2553 9275 -17638
2554 9229 -17466
2555 9303 -17722
2556 9285 -17746
2557 9325 -17746
2558 9229 -17522
2559 9303 -17746
2560 9367 -17870
2561 9379 -17946
2562 9419 -18074
2563 9341 -17826
2564 9379 -17914
2565 9365 -17834
2566 9287 -17742
2567 9261 -17698
2568 9237 -17666
2569 9287 -17810
2570 9235 -17682
2571 9253 -17770
2572 9251 -17666
2573 9291 -17802
2574 9365 -18046
2575 9321 -17958
2576 9415 -18278
2577 9315 -17898
2578 9193 -17678
2579 9209 -17686
2580 9221 -17770
2581 9237 -17778
2582 9233 -17742
2583 9209 -17734
2584 9141 -17446
2585 9153 -17470
2586 9159 -17514
2587 9161 -17446
2588 9217 -17570
2589 9253 -17622
2590 9239 -17718
2591 9321 -17778
2592 9257 -17754
2593 9215 -17526
2594 9225 -17530
2595 9285 -17778
2596 9275 -17730
2597 9269 -17674
2598 9181 -17498
2599 9245 -17726
2600 9167 -17602
2601 9099 -17406
2602 9063 -17322
2603 9053 -17206
2604 9077 -17290
2605 9119 -17534
2606 9127 -17490
2607 9073 -17426
2608 9071 -17458
2609 9119 -17534
2610 9099 -17470
2611 9025 -17398
2612 8997 -17562
2613 8951 -17382
2614 8991 -17498
2615 9061 -17698
2616 8985 -17310
2617 9001 -17398
2618 9021 -17374
2619 9087 -17582
2620 9129 -17674
2621 9105 -17562
2622 9183 -17562
2623 9205 -17566
2624 9173 -17578
2625 9145 -17546
2626 9141 -17534
2627 9159 -17426
2628 9127 -17414
2629 9153 -17534
2630 9145 -17546
2631 9165 -17510
2632 9209 -17518
2633 9205 -17714
2634 9187 -17630
2635 9189 -17662
2636 9221 -17670
2637 9207 -17578
2638 9223 -17590
2639 9307 -17806
2640 9289 -17726
2641 9331 -17786
2642 9363 -17838
2643 9257 -17658
2644 9291 -17706
2645 9303 -17686
2646 9259 -17670
2647 9233 -17518
2648 9371 -17914
2649 9363 -17894
2650 9441 -18094
2651 9439 -18162
2652 9383 -17934
2653 9379 -17958
2654 9311 -17798
2655 9331 -17898
2656 9203 -17558
2657 9203 -17466
2658 9235 -17606
2659 9283 -17698
2660 9169 -17506
2661 9103 -17378
2662 9079 -17334
2663 9159 -17434
2664 9199 -17554
2665 9179 -17482
2666 9201 -17430
2667 9185 -17514
2668 9253 -17654
2669 9239 -17682
2670 9263 -17774
2671 9231 -17694
2672 9201 -17662
2673 9153 -17590
2674 9123 -17454
2675 9089 -17410
2676 9071 -17438
2677 9111 -17566
2678 9113 -17502
2679 9027 -17298
2680 9055 -17394
2681 9151 -17698
2682 9101 -17518
2683 9087 -17446
2684 9171 -17602
2685 9185 -17662
2686 9119 -17466
2687 9067 -17418
2688 9157 -17510
2689 9277 -17730
2690 9251 -17794
2691 9249 -17710
2692 9239 -17690
2693 9145 -17466
2694 9115 -17358
2695 9133 -17462
2696 9159 -17498
2697 9203 -17510
2698 9217 -17618
2699 9233 -17642
2700 9215 -17622
2701 9195 -17526
2702 9275 -17778
2703 9251 -17698
2704 9255 -17710
2705 9225 -17650
2706 9213 -17730
2707 9121 -17518
2708 9087 -17490
2709 9141 -17558
2710 9197 -17654
2711 9239 -17866
2712 9201 -17702
2713 9223 -17754
2714 9249 -17714
2715 9271 -17902
2716 9225 -17694
2717 9275 -17830
2718 9291 -17814
2719 9225 -17726
2720 9213 -17774
2721 9199 -17654
2722 9183 -17654
2723 9191 -17682
2724 9279 -17986
2725 9293 -18078
2726 9169 -17670
2727 9063 -17470
2728 9029 -17454
2729 9067 -17542
2730 9075 -17518
2731 9043 -17446
2732 9131 -17658
2733 9083 -17462
2734 9127 -17534
2735 9115 -17546
2736 9117 -17510
2737 9077 -17446
2738 9157 -17526
2739 9231 -17694
2740 9289 -17830
2741 9195 -17610
2742 9143 -17446
2743 9139 -17458
2744 9063 -17258
2745 9145 -17454
2746 9121 -17458
2747 9129 -17514
2748 9151 -17590
2749 9173 -17598
2750 9125 -17430
2751 9167 -17518
2752 9131 -17474
2753 9139 -17438
2754 9145 -17430
2755 9145 -17378
2756 9143 -17406
2757 9181 -17474
2758 9295 -17754
2759 9249 -17754
2760 9205 -17666
2761 9213 -17646
2762 9125 -17354
2763 9139 -17398
2764 9195 -17510
2765 9147 -17446
2766 9167 -17482
2767 9183 -17542
2768 9049 -17278
2769 9055 -17206
2770 9159 -17538
2771 9223 -17658
2772 9257 -17854
2773 9227 -17742
2774 9251 -17858
2775 9185 -17662
2776 9151 -17486
2777 9201 -17698
2778 9257 -17726
2779 9281 -17786
2780 9237 -17642
2781 9241 -17646
2782 9265 -17706
2783 9247 -17698
2784 9181 -17522
2785 9245 -17706
2786 9279 -17806
2787 9259 -17806
2788 9297 -17902
2789 9285 -17826
2790 9317 -17882
2791 9347 -17858
2792 9245 -17782
2793 9291 -17822
2794 9329 -17822
2795 9321 -17818
2796 9355 -17914
2797 9277 -17710
2798 9317 -17754
2799 9323 -17714
2800 9413 -17982
2801 9423 -17986
2802 9291 -17734
2803 9335 -17818
2804 9205 -17466
2805 9193 -17466
2806 9259 -17726
2807 9381 -17994
2808 9311 -17778
2809 9217 -17638
2810 9143 -17526
2811 9251 -17642
2812 9281 -17710
2813 9299 -17802
2814 9237 -17578
2815 9249 -17622
2816 9321 -17738
2817 9305 -17654
2818 9255 -17554
2819 9211 -17550
2820 9213 -17514
2821 9265 -17646
2822 9229 -17502
2823 9271 -17750
2824 9145 -17446
2825 9183 -17642
2826 9113 -17474
2827 9113 -17418
2828 9165 -17618
2829 9173 -17682
2830 9097 -17538
2831 9153 -17602
2832 9155 -17598
2833 9189 -17742
2834 9191 -17722
2835 9129 -17474
2836 9163 -17582
2837 9091 -17462
2838 9091 -17378
2839 9061 -17282
2840 9167 -17610
2841 9229 -17694
2842 9255 -17706
2843 9151 -17430
2844 9189 -17574
2845 9141 -17466
2846 9265 -17686
2847 9241 -17686
2848 9151 -17490
2849 9253 -17714
2850 9293 -17826
2851 9285 -17898
2852 9295 -17790
2853 9303 -17782
2854 9361 -17906
2855 9279 -17778
2856 9251 -17618
2857 9205 -17502
2858 9167 -17478
2859 9197 -17562
2860 9199 -17498
2861 9183 -17502
2862 9231 -17662
2863 9223 -17630
2864 9257 -17678
2865 9273 -17794
2866 9251 -17654
2867 9203 -17538
2868 9283 -17806
2869 9233 -17762
2870 9229 -17634
2871 9265 -17750
2872 9285 -17806
2873 9237 -17734
2874 9139 -17490
2875 9149 -17386
2876 9161 -17502
2877 9167 -17490
2878 9183 -17398
2879 9215 -17546
2880 9291 -17774
2881 9191 -17634
2882 9201 -17506
2883 9167 -17554
2884 9241 -17770
2885 9237 -17610
2886 9209 -17550
2887 9279 -17798
2888 9235 -17714
2889 9169 -17562
2890 9221 -17698
2891 9253 -17682
2892 9279 -17766
2893 9201 -17534
2894 9215 -17626
2895 9167 -17518
2896 9195 -17594
2897 9217 -17706
2898 9241 -17734
2899 9207 -17550
2900 9173 -17446
2901 9179 -17534
2902 9319 -17826
2903 9289 -17886
2904 9227 -17666
2905 9277 -17770
2906 9321 -17922
2907 9303 -17790
2908 9253 -17754
2909 9257 -17670
2910 9219 -17522
2911 9185 -17494
2912 9241 -17698
2913 9189 -17558
2914 9175 -17438
2915 9201 -17554
2916 9199 -17522
2917 9231 -17626
2918 9185 -17546
2919 9215 -17602
2920 9201 -17618
2921 9151 -17406
2922 9137 -17462
2923 9161 -17518
2924 9181 -17610
2925 9211 -17690
2926 9273 -17806
2927 9267 -17874
2928 9175 -17618
2929 9189 -17610
2930 9161 -17570
2931 9157 -17562
2932 9171 -17658
2933 9075 -17402
2934 9079 -17318
2935 9071 -17302
2936 9047 -17302
2937 9109 -17446
2938 9155 -17470
2939 9187 -17454
2940 9081 -17286
2941 9141 -17394
2942 9213 -17526
2943 9209 -17482
2944 9217 -17550
2945 9219 -17546
2946 9289 -17746
2947 9261 -17646
2948 9289 -17642
2949 9317 -17758
2950 9387 -18046
2951 9435 -18034
2952 9393 -17934
2953 9407 -18054
2954 9379 -17942
2955 9331 -17838
2956 9343 -17874
2957 9361 -17978
2958 9389 -17978
2959 9309 -17826
2960 9333 -17894
2961 9319 -17810
2962 9327 -17878
2963 9323 -17694
2964 9245 -17642
2965 9201 -17550
2966 9251 -17674
2967 9287 -17830
2968 9259 -17710
2969 9251 -17658
2970 9231 -17606
2971 9241 -17658
2972 9307 -17902
2973 9285 -17770
2974 9223 -17562
2975 9239 -17542
2976 9211 -17526
2977 9223 -17578
2978 9235 -17718
2979 9221 -17690
2980 9285 -17890
2981 9309 -17894
2982 9329 -17970
2983 9273 -17978
2984 9341 -17934
2985 9321 -17866
2986 9255 -17714
2987 9165 -17474
2988 9183 -17562
2989 9241 -17622
2990 9179 -17618
2991 9171 -17554
2992 9129 -17458
2993 9179 -17530
2994 9225 -17630
2995 9217 -17618
2996 9191 -17538
2997 9147 -17434
2998 9259 -17798
2999 9177 -17582
3000 9067 -17434
3001 8989 -17222
3002 9043 -17290
3003 9005 -17298
3004 9051 -17334
3005 9045 -17366
3006 9029 -17446
3007 9157 -17738
3008 9135 -17602
3009 9087 -17450
3010 9085 -17366
3011 9165 -17502
3012 9233 -17750
3013 9245 -17674
3014 9235 -17630
3015 9217 -17586
3016 9165 -17546
3017 9215 -17518
3018 9179 -17518
3019 9221 -17670
3020 9189 -17554
3021 9265 -17670
3022 9155 -17514
3023 9219 -17622
3024 9163 -17418
3025 9179 -17446
3026 9107 -17278
3027 9121 -17370
3028 9145 -17466
3029 9193 -17654
3030 9243 -17798
3031 9195 -17602
3032 9235 -17658
3033 9209 -17710
3034 9195 -17622
3035 9273 -17882
3036 9201 -17766
3037 9239 -17738
3038 9245 -17778
3039 9261 -17874
3040 9273 -17818
3041 9135 -17438
3042 9177 -17578
3043 9217 -17562
3044 9199 -17426
3045 9311 -17718
3046 9287 -17714
3047 9249 -17574
3048 9299 -17726
3049 9301 -17750
3050 9253 -17606
3051 9229 -17594
3052 9191 -17402
3053 9157 -17402
3054 9291 -17682
3055 9331 -17718
3056 9355 -17966
3057 9351 -17834
3058 9279 -17750
3059 9355 -17922
3060 9241 -17534
3061 9175 -17394
3062 9243 -17662
3063 9231 -17622
3064 9167 -17398
3065 9193 -17470
3066 9199 -17454
3067 9187 -17374
3068 9237 -17578
3069 9209 -17546
3070 9219 -17550
3071 9233 -17570
3072 9227 -17650
3073 9209 -17654
3074 9285 -17750
3075 9381 -17982
3076 9425 -18098
3077 9359 -17906
3078 9315 -17802
3079 9243 -17574
3080 9251 -17606
3081 9279 -17678
3082 9269 -17770
3083 9253 -17610
3084 9265 -17682
3085 9293 -17682
3086 9295 -17774
3087 9265 -17730
3088 9223 -17634
3089 9205 -17674
3090 9207 -17506
3091 9221 -17562
3092 9247 -17634
3093 9289 -17706
3094 9273 -17502
3095 9225 -17518
3096 9167 -17454
3097 9177 -17518
3098 9199 -17482
3099 9231 -17606
3100 9307 -17726
3101 9399 -17990
3102 9261 -17646
3103 9217 -17646
3104 9193 -17558
3105 9239 -17646
3106 9225 -17618
3107 9233 -17754
3108 9153 -17486
3109 9207 -17634
3110 9207 -17646
3111 9161 -17522
3112 9107 -17378
3113 9121 -17482
3114 9121 -17382
3115 9153 -17538
3116 9133 -17498
3117 9049 -17366
3118 9037 -17338
3119 9081 -17410
3120 9197 -17630
3121 9157 -17410
3122 9167 -17398
3123 9179 -17502
3124 9185 -17494
3125 9259 -17658
3126 9355 -17930
3127 9387 -17950
3128 9371 -17866
3129 9387 -17866
3130 9333 -17810
3131 9345 -17826
3132 9315 -17834
3133 9307 -17822
3134 9289 -17902
3135 9275 -17890
3136 9235 -17702
3137 9213 -17730
3138 9309 -17838
3139 9233 -17674
3140 9295 -17730
3141 9299 -17794
3142 9255 -17834
3143 9269 -17806
3144 9285 -17802
3145 9353 -17978
3146 9295 -17738
3147 9265 -17722
3148 9261 -17778
3149 9287 -17730
3150 9231 -17594
3151 9191 -17526
3152 9249 -17630
3153 9265 -17722
3154 9243 -17670
3155 9209 -17586
3156 9243 -17562
3157 9267 -17794
3158 9173 -17630
3159 9243 -17730
3160 9265 -17722
3161 9239 -17686
3162 9305 -17790
3163 9241 -17730
3164 9213 -17706
3165 9183 -17550
3166 9259 -17766
3167 9215 -17794
3168 9231 -17850
3169 9181 -17670
3170 9177 -17590
3171 9231 -17694
3172 9249 -17826
3173 9217 -17790
3174 9245 -17854
3175 9255 -17798
3176 9263 -17922
3177 9135 -17658
3178 9193 -17830
3179 9195 -17618
3180 9157 -17526
3181 9119 -17446
3182 9135 -17526
3183 9081 -17578
3184 9159 -17586
3185 9201 -17810
3186 9161 -17738
3187 9083 -17558
3188 9047 -17534
3189 9073 -17654
3190 9115 -17790
3191 9091 -17662
3192 9115 -17538
3193 9131 -17510
3194 9141 -17498
3195 9205 -17786
3196 9183 -17766
3197 9215 -17710
3198 9203 -17606
3199 9169 -17554
3200 9217 -17570
3201 9239 -17566
3202 9263 -17714
3203 9259 -17714
3204 9293 -17738
3205 9161 -17526
3206 9163 -17374
3207 9197 -17482
3208 9211 -17562
3209 9209 -17530
3210 9245 -17610
3211 9351 -17838
3212 9317 -17766
3213 9355 -17858
3214 9207 -17570
3215 9285 -17666
3216 9341 -17926
3217 9303 -17762
3218 9265 -17562
3219 9285 -17590
3220 9323 -17750
3221 9269 -17606
3222 9191 -17310
3223 9247 -17534
3224 9247 -17462
3225 9255 -17546
3226 9309 -17750
3227 9289 -17774
3228 9229 -17638
3229 9195 -17566
3230 9245 -17758
3231 9253 -17690
3232 9279 -17722
3233 9315 -17690
3234 9301 -17734
3235 9343 -17798
3236 9301 -17742
3237 9333 -17738
3238 9303 -17790
3239 9309 -17746
3240 9393 -17906
3241 9423 -18018
3242 9349 -17810
3243 9339 -17818
3244 9337 -17810
3245 9187 -17478
3246 9145 -17406
3247 9225 -17646
3248 9307 -17874
3249 9265 -17654
3250 9231 -17542
3251 9303 -17678
3252 9265 -17558
3253 9355 -17882
3254 9333 -17738
3255 9287 -17586
3256 9199 -17434
3257 9173 -17514
3258 9195 -17594
3259 9201 -17766
3260 9261 -17774
3261 9283 -17758
3262 9227 -17586
3263 9223 -17666
3264 9155 -17562
3265 9139 -17530
3266 9115 -17474
3267 9181 -17758
3268 9163 -17542
3269 9121 -17338
3270 9097 -17410
3271 9105 -17486
3272 9119 -17562
3273 9141 -17638
3274 9175 -17678
3275 9107 -17566
3276 9105 -17458
3277 9141 -17582
3278 9135 -17410
3279 9245 -17758
3280 9259 -17794
3281 9285 -17710
3282 9265 -17674
3283 9211 -17614
3284 9185 -17518
3285 9203 -17578
3286 9191 -17498
3287 9183 -17674
3288 9143 -17514
3289 9077 -17470
3290 9051 -17338
3291 9095 -17462
3292 9127 -17518
3293 9197 -17586
3294 9199 -17438
3295 9167 -17458
3296 9197 -17526
3297 9247 -17690
3298 9241 -17530
3299 9193 -17510
3300 9269 -17722
3301 9309 -17770
3302 9245 -17630
3303 9211 -17630
3304 9231 -17530
3305 9261 -17582
3306 9285 -17622
3307 9291 -17594
3308 9317 -17742
3309 9239 -17610
3310 9191 -17554
3311 9177 -17494
3312 9117 -17422
3313 9043 -17386
3314 9141 -17474
3315 9131 -17346
3316 9193 -17598
3317 9191 -17638
3318 9217 -17598
3319 9301 -17778
3320 9201 -17670
3321 9177 -17638
3322 9179 -17550
3323 9155 -17466
3324 9157 -17418
3325 9201 -17478
3326 9209 -17698
3327 9261 -17866
3328 9243 -17798
3329 9217 -17870
3330 9247 -17818
3331 9253 -17818
3332 9093 -17422
3333 9091 -17470
3334 9165 -17542
3335 9125 -17410
3336 9109 -17402
3337 9125 -17474
3338 9167 -17506
3339 9189 -17638
3340 9187 -17602
3341 9113 -17450
3342 9167 -17478
3343 9191 -17394
3344 9183 -17454
3345 9139 -17362
3346 9093 -17386
3347 9109 -17390
3348 9093 -17318
3349 9127 -17470
3350 9105 -17438
3351 9099 -17490
3352 9157 -17382
3353 9229 -17538
3354 9259 -17646
3355 9263 -17706
3356 9361 -17942
3357 9279 -17886
3358 9263 -17750
3359 9231 -17618
3360 9247 -17710
3361 9137 -17342
3362 9207 -17486
3363 9181 -17458
3364 9183 -17382
3365 9129 -17382
3366 9109 -17194
3367 9145 -17438
3368 9155 -17370
3369 9163 -17662
3370 9175 -17594
3371 9087 -17326
3372 9053 -17258
3373 9157 -17658
3374 9085 -17402
3375 9197 -17610
3376 9179 -17658
3377 9143 -17590
3378 9107 -17394
3379 9083 -17354
3380 9109 -17514
3381 9105 -17382
3382 9095 -17342
3383 9079 -17462
3384 9029 -17314
3385 8979 -17354
3386 8959 -17142
3387 8981 -17346
3388 8985 -17370
3389 9003 -17334
3390 9061 -17646
3391 9097 -17598
3392 9159 -17650
3393 9145 -17542
3394 9111 -17490
3395 9141 -17542
3396 9077 -17414
3397 9071 -17370
3398 9161 -17570
3399 9115 -17598
3400 9179 -17738
3401 9141 -17650
3402 9159 -17618
3403 9115 -17570
3404 9075 -17542
3405 9155 -17802
3406 9131 -17618
3407 9129 -17622
3408 9129 -17582
3409 9095 -17522
3410 9073 -17486
3411 9023 -17482
3412 9019 -17322
3413 9069 -17538
3414 9045 -17494
3415 9009 -17394
3416 9007 -17474
3417 9085 -17602
3418 9153 -17594
3419 9149 -17782
3420 9145 -17694
3421 9185 -17730
3422 9181 -17706
3423 9143 -17550
3424 9127 -17570
3425 9133 -17522
3426 9083 -17442
3427 9119 -17642
3428 9271 -17850
3429 9173 -17510
3430 9135 -17422
3431 9129 -17538
3432 9101 -17570
3433 9077 -17494
3434 9065 -17314
3435 9189 -17674
3436 9193 -17522
3437 9295 -17906
3438 9307 -17922
3439 9273 -17698
3440 9235 -17770
3441 9209 -17674
3442 9251 -17678
3443 9265 -17690
3444 9241 -17674
3445 9179 -17534
3446 9173 -17450
3447 9217 -17570
3448 9271 -17786
3449 9257 -17646
3450 9335 -17878
3451 9277 -17810
3452 9265 -17782
3453 9129 -17486
3454 9123 -17450
3455 9119 -17510
3456 9137 -17506
3457 9183 -17630
3458 9227 -17702
3459 9169 -17618
3460 9259 -17782
3461 9261 -17854
3462 9263 -17738
3463 9231 -17678
3464 9227 -17574
3465 9301 -17826
3466 9339 -17814
3467 9355 -17814
3468 9327 -17814
3469 9405 -18034
3470 9401 -18042
3471 9343 -17978
3472 9305 -17802
3473 9299 -17846
3474 9237 -17670
3475 9217 -17630
3476 9227 -17618
3477 9195 -17478
3478 9153 -17386
3479 9157 -17426
3480 9121 -17394
3481 9023 -17182
3482 9133 -17438
3483 9125 -17506
3484 9141 -17434
3485 9129 -17514
3486 9059 -17290
3487 9077 -17330
3488 9141 -17350
3489 9137 -17414
3490 9245 -17750
3491 9193 -17570
3492 9129 -17482
3493 9229 -17690
3494 9269 -17706
3495 9327 -17882
3496 9337 -17898
3497 9405 -18006
3498 9385 -18010
3499 9347 -17866
3500 9307 -17802
3501 9309 -17830
3502 9319 -17894
3503 9297 -17946
3504 9301 -17914
3505 9347 -18010
3506 9347 -18038
3507 9267 -17854
3508 9285 -17838
3509 9211 -17618
3510 9237 -17642
3511 9267 -17674
3512 9303 -17722
3513 9359 -18022
3514 9365 -17950
3515 9345 -17794
3516 9293 -17714
3517 9277 -17630
3518 9263 -17542
3519 9347 -17758
3520 9353 -17822
3521 9275 -17710
3522 9219 -17546
3523 9249 -17594
3524 9349 -17642
3525 9239 -17526
3526 9275 -17586
3527 9277 -17602
3528 9311 -17750
3529 9323 -17778
3530 9323 -17794
3531 9299 -17718
3532 9319 -17786
3533 9245 -17666
3534 9165 -17590
3535 9153 -17550
3536 9103 -17398
3537 8961 -17114
3538 9105 -17346
3539 9213 -17574
3540 9091 -17262
3541 9119 -17358
3542 9117 -17522
3543 9171 -17570
3544 9173 -17518
3545 9133 -17342
3546 9177 -17402
3547 9213 -17570
3548 9173 -17474
3549 9213 -17586
3550 9205 -17586
3551 9181 -17498
3552 9135 -17554
3553 9107 -17422
3554 9137 -17402
3555 9021 -17374
3556 9041 -17358
3557 9051 -17390
3558 9117 -17402
3559 9121 -17450
3560 9137 -17482
3561 9107 -17474
3562 9001 -17290
3563 9049 -17322
3564 9033 -17346
3565 8921 -17218
3566 8969 -17282
3567 8961 -17246
3568 9083 -17514
3569 9143 -17610
3570 9155 -17778
3571 9099 -17642
3572 9039 -17510
3573 9067 -17566
3574 9073 -17526
3575 9077 -17638
3576 8977 -17390
3577 9049 -17510
3578 9005 -17438
3579 8985 -17382
3580 9013 -17426
3581 9081 -17582
3582 9037 -17514
3583 8991 -17366
3584 9045 -17442
3585 9009 -17506
3586 9001 -17342
3587 9005 -17254
3588 9095 -17514
3589 8973 -17310
3590 9033 -17442
3591 9013 -17362
3592 9119 -17570
3593 9087 -17438
3594 9117 -17394
3595 9205 -17666
3596 9185 -17506
3597 9239 -17670
3598 9175 -17510
3599 9205 -17618
3600 9209 -17774
3601 9207 -17746
3602 9227 -17774
3603 9203 -17502
3604 9143 -17490
3605 9165 -17514
3606 9111 -17374
3607 9121 -17478
3608 9165 -17618
3609 9161 -17622
3610 9269 -17746
3611 9275 -17702
3612 9157 -17426
3613 9173 -17482
3614 9235 -17622
3615 9269 -17614
3616 9287 -17654
3617 9435 -18066
3618 9439 -18114
3619 9429 -18086
3620 9419 -18042
3621 9393 -17986
3622 9361 -17930
3623 9199 -17502
3624 9259 -17670
3625 9255 -17754
3626 9299 -17718
3627 9227 -17626
3628 9315 -17714
3629 9261 -17574
3630 9203 -17502
3631 9197 -17470
3632 9239 -17578
3633 9179 -17438
3634 9233 -17526
3635 9297 -17614
3636 9305 -17702
3637 9345 -17754
3638 9307 -17666
3639 9273 -17562
3640 9479 -18090
3641 9443 -18034
3642 9477 -18222
3643 9405 -18078
3644 9313 -17782
3645 9309 -17678
3646 9293 -17810
3647 9247 -17674
3648 9293 -17718
3649 9315 -17806
3650 9265 -17710
3651 9303 -17718
3652 9293 -17606
3653 9189 -17426
3654 9285 -17718
3655 9281 -17702
3656 9305 -17766
3657 9391 -17998
3658 9437 -17978
3659 9387 -17874
3660 9361 -17918
3661 9319 -17778
3662 9379 -17886
3663 9363 -17866
3664 9341 -17890
3665 9341 -17894
3666 9229 -17646
3667 9281 -17698
3668 9257 -17586
3669 9199 -17426
3670 9237 -17702
3671 9263 -17626
3672 9203 -17414
3673 9233 -17502
3674 9285 -17690
3675 9219 -17450
3676 9165 -17466
3677 9137 -17390
3678 9221 -17538
3679 9245 -17610
3680 9235 -17566
3681 9321 -17754
3682 9359 -17846
3683 9373 -17898
3684 9331 -17914
3685 9217 -17582
3686 9189 -17574
3687 9219 -17562
3688 9133 -17346
3689 9165 -17502
3690 9283 -17822
3691 9245 -17746
3692 9201 -17726
3693 9199 -17702
3694 9237 -17762
3695 9187 -17650
3696 9167 -17386
3697 9201 -17534
3698 9231 -17614
3699 9245 -17678
3700 9203 -17606
3701 9139 -17406
3702 9189 -17662
3703 9163 -17522
3704 9079 -17378
3705 9125 -17582
3706 9123 -17590
3707 9081 -17430
3708 9115 -17562
3709 9183 -17626
3710 9177 -17634
3711 9225 -17858
3712 9197 -17726
3713 9173 -17674
3714 9139 -17638
3715 9175 -17598
3716 9199 -17630
3717 9121 -17494
3718 9131 -17478
3719 9173 -17574
3720 9233 -17702
3721 9223 -17810
3722 9215 -17782
3723 9217 -17734
3724 9181 -17418
3725 9141 -17482
3726 9141 -17474
3727 9119 -17442
3728 9069 -17334
3729 9029 -17242
3730 9095 -17346
3731 9223 -17678
3732 9255 -17642
3733 9241 -17578
3734 9231 -17658
3735 9235 -17614
3736 9235 -17582
3737 9211 -17646
3738 9193 -17574
3739 9237 -17574
3740 9221 -17574
3741 9265 -17766
3742 9243 -17638
3743 9247 -17590
3744 9127 -17410
3745 9161 -17490
3746 9195 -17706
3747 9191 -17590
3748 9221 -17658
3749 9197 -17598
3750 9185 -17546
3751 9143 -17514
3752 9083 -17370
3753 9081 -17390
3754 9129 -17490
3755 9245 -17594
3756 9273 -17662
3757 9267 -17862
3758 9241 -17710
3759 9257 -17658
3760 9241 -17654
3761 9247 -17734
3762 9205 -17518
3763 9203 -17506
3764 9175 -17650
3765 9287 -17774
3766 9237 -17674
3767 9197 -17578
3768 9261 -17786
3769 9377 -17958
3770 9333 -17794
3771 9321 -17814
3772 9331 -17726
3773 9297 -17702
3774 9285 -17622
3775 9295 -17590
3776 9287 -17642
3777 9327 -17778
3778 9357 -17898
3779 9349 -17838
3780 9337 -17782
3781 9357 -17734
3782 9307 -17710
3783 9313 -17774
3784 9259 -17570
3785 9353 -17866
3786 9285 -17646
3787 9321 -17806
3788 9253 -17518
3789 9237 -17442
3790 9317 -17786
3791 9335 -17854
3792 9297 -17678
3793 9269 -17702
3794 9317 -17678
3795 9367 -17822
3796 9311 -17770
3797 9247 -17538
3798 9243 -17686
3799 9183 -17490
3800 9159 -17382
3801 9191 -17618
3802 9199 -17550
3803 9209 -17578
3804 9229 -17682
3805 9209 -17710
3806 9237 -17634
3807 9201 -17462
3808 9247 -17566
3809 9269 -17722
3810 9163 -17534
3811 9147 -17482
3812 9129 -17598
3813 9147 -17446
3814 9123 -17366
3815 9169 -17422
3816 9225 -17530
3817 9281 -17722
3818 9173 -17522
3819 9141 -17338
3820 9143 -17390
3821 9209 -17478
3822 9235 -17610
3823 9235 -17646
3824 9147 -17354
3825 9183 -17414
3826 9217 -17630
3827 9255 -17814
3828 9127 -17450
3829 9073 -17382
3830 9083 -17386
3831 9081 -17354
3832 9085 -17446
3833 9077 -17374
3834 9123 -17458
3835 9039 -17278
3836 9191 -17582
3837 9179 -17642
3838 9161 -17578
3839 9013 -17370
3840 9017 -17422
3841 9055 -17438
3842 9035 -17334
3843 9051 -17386
3844 8995 -17370
3845 9087 -17386
3846 9083 -17450
3847 9067 -17474
3848 9031 -17314
3849 9019 -17350
3850 9127 -17670
3851 9101 -17542
3852 9137 -17634
3853 9077 -17582
3854 9149 -17566
3855 9083 -17354
3856 9165 -17534
3857 9227 -17618
3858 9159 -17462
3859 9135 -17494
3860 9247 -17674
3861 9277 -17718
3862 9237 -17710
3863 9269 -17718
3864 9141 -17522
3865 9167 -17598
3866 9191 -17734
3867 9195 -17718
3868 9223 -17718
3869 9269 -17798
3870 9329 -17998
3871 9319 -17922
3872 9335 -17962
3873 9185 -17566
3874 9145 -17542
3875 9121 -17534
3876 9141 -17530
3877 9179 -17562
3878 9149 -17610
3879 9131 -17466
3880 9161 -17502
3881 9209 -17602
3882 9271 -17718
3883 9263 -17654
3884 9223 -17566
3885 9191 -17578
3886 9199 -17634
3887 9233 -17702
3888 9201 -17634
3889 9257 -17618
3890 9317 -17742
3891 9385 -17874
3892 9335 -17682
3893 9367 -17934
3894 9399 -18042
3895 9445 -18022
3896 9341 -17718
3897 9353 -17854
3898 9283 -17722
3899 9375 -17846
3900 9345 -17790
3901 9317 -17690
3902 9343 -17830
3903 9379 -18006
3904 9307 -17790
3905 9331 -17898
3906 9323 -17870
3907 9317 -17890
3908 9273 -17758
3909 9265 -17650
3910 9275 -17602
3911 9341 -17806
3912 9303 -17698
3913 9297 -17686
3914 9205 -17478
3915 9215 -17402
3916 9275 -17666
3917 9263 -17646
3918 9287 -17766
3919 9245 -17642
3920 9179 -17650
3921 9211 -17594
3922 9111 -17398
3923 9023 -17382
3924 9159 -17610
3925 9125 -17566
3926 9149 -17662
3927 9211 -17714
3928 9105 -17426
3929 9071 -17310
3930 9029 -17178
3931 9063 -17314
3932 9121 -17418
3933 9115 -17462
3934 9051 -17290
3935 9031 -17314
3936 9125 -17426
3937 9195 -17606
3938 9135 -17430
3939 9053 -17474
3940 9059 -17518
3941 9027 -17278
3942 9191 -17610
3943 9141 -17398
3944 9233 -17610
3945 9275 -17746
3946 9183 -17534
3947 9107 -17446
3948 9251 -17730
3949 9235 -17766
3950 9221 -17770
3951 9217 -17670
3952 9177 -17562
3953 9163 -17594
3954 9263 -17810
3955 9269 -17714
3956 9243 -17742
3957 9215 -17726
3958 9175 -17582
3959 9143 -17526
3960 9199 -17666
3961 9167 -17634
3962 9251 -17678
3963 9261 -17686
3964 9321 -17914
3965 9301 -17858
3966 9207 -17606
3967 9249 -17718
3968 9235 -17642
3969 9317 -17782
3970 9299 -17726
3971 9281 -17618
3972 9389 -17842
3973 9399 -17862
3974 9371 -17802
3975 9333 -17698
3976 9293 -17702
3977 9279 -17626
3978 9213 -17510
3979 9141 -17418
3980 9133 -17378
3981 9173 -17462
3982 9183 -17490
3983 9175 -17538
3984 9249 -17702
3985 9225 -17538
3986 9257 -17694
3987 9285 -17654
3988 9319 -17734
3989 9321 -17798
3990 9281 -17678
3991 9285 -17814
3992 9257 -17722
3993 9153 -17542
3994 9255 -17718
3995 9279 -17766
3996 9237 -17610
3997 9261 -17694
3998 9289 -17806
3999 9281 -17754
4000 9291 -17774
4001 9307 -17750
4002 9307 -17726
4003 9341 -17794
4004 9289 -17658
4005 9163 -17514
4006 9309 -17738
4007 9311 -17650
4008 9365 -17866
4009 9461 -18086
4010 9403 -18018
4011 9385 -18010
4012 9369 -18010
4013 9293 -17766
4014 9299 -17870
4015 9285 -17814
4016 9277 -17806
4017 9263 -17846
4018 9197 -17694
4019 9297 -17754
4020 9299 -17910
4021 9355 -17942
4022 9319 -17846
4023 9265 -17614
4024 9171 -17386
4025 9181 -17606
4026 9293 -17742
4027 9261 -17706
4028 9229 -17686
4029 9277 -17730
4030 9183 -17498
4031 9133 -17538
4032 9183 -17726
4033 9145 -17590
4034 9159 -17602
4035 9135 -17518
4036 9127 -17522
4037 9145 -17538
4038 9215 -17590
4039 9211 -17566
4040 9237 -17682
4041 9193 -17614
4042 9085 -17442
4043 9193 -17646
4044 9189 -17566
4045 9199 -17566
4046 9189 -17658
4047 9157 -17670
4048 9149 -17494
4049 9109 -17478
4050 9125 -17566
4051 9219 -17686
4052 9277 -17802
4053 9185 -17638
4054 9113 -17538
4055 9173 -17610
4056 9211 -17654
4057 9239 -17750
4058 9263 -17770
4059 9295 -17858
4060 9223 -17658
4061 9217 -17738
4062 9121 -17474
4063 9133 -17378
4064 9187 -17542
4065 9155 -17354
4066 9119 -17482
4067 9217 -17686
4068 9221 -17630
4069 9315 -17930
4070 9303 -17798
4071 9279 -17706
4072 9277 -17674
4073 9241 -17554
4074 9279 -17694
4075 9341 -17818
4076 9255 -17770
4077 9145 -17518
4078 9157 -17454
4079 9237 -17718
4080 9175 -17534
4081 9113 -17470
4082 9249 -17634
4083 9271 -17590
4084 9297 -17670
4085 9287 -17702
4086 9169 -17586
4087 9169 -17586
4088 9225 -17650
4089 9241 -17622
4090 9293 -17742
4091 9245 -17434
4092 9227 -17426
4093 9243 -17534
4094 9287 -17598
4095 9289 -17602
4096 9273 -17562
4097 9309 -17754
4098 9287 -17694
4099 9281 -17750
4100 9197 -17646
4101 9255 -17738
4102 9201 -17578
4103 9187 -17534
4104 9309 -17866
4105 9333 -17914
4106 9309 -17758
4107 9347 -17770
4108 9365 -17966
4109 9381 -17910
4110 9411 -17978
4111 9365 -17886
4112 9305 -17690
4113 9289 -17738
4114 9409 -17986
4115 9405 -17942
4116 9339 -17702
4117 9363 -17870
4118 9349 -17930
4119 9367 -17918
4120 9325 -17874
4121 9309 -17706
4122 9371 -17874
4123 9379 -17954
4124 9317 -17738
4125 9255 -17546
4126 9237 -17590
4127 9227 -17606
4128 9217 -17654
4129 9205 -17690
4130 9085 -17430
4131 9095 -17490
4132 9145 -17582
4133 9243 -17778
4134 9219 -17658
4135 9221 -17702
4136 9185 -17514
4137 9205 -17526
4138 9135 -17462
4139 9223 -17622
4140 9275 -17634
4141 9269 -17734
4142 9291 -17650
4143 9353 -17870
4144 9361 -17850
4145 9277 -17566
4146 9277 -17634
4147 9291 -17690
4148 9285 -17730
4149 9283 -17702
4150 9255 -17714
4151 9181 -17642
4152 9079 -17382
4153 9127 -17574
4154 9079 -17470
4155 9103 -17402
4156 9163 -17586
4157 9075 -17474
4158 9107 -17434
4159 9143 -17490
4160 9137 -17498
4161 9141 -17506
4162 9241 -17686
4163 9259 -17802
4164 9195 -17614
4165 9163 -17534
4166 9117 -17458
4167 9159 -17542
4168 9107 -17518
4169 9095 -17410
4170 9165 -17490
4171 9131 -17522
4172 9195 -17578
4173 9189 -17630
4174 9203 -17546
4175 9105 -17358
4176 9129 -17390
4177 9133 -17470
4178 9189 -17558
4179 9185 -17474
4180 9289 -17754
4181 9297 -17810
4182 9285 -17754
4183 9231 -17598
4184 9215 -17614
4185 9175 -17538
4186 9223 -17558
4187 9223 -17646
4188 9297 -17942
4189 9263 -17766
4190 9319 -17946
4191 9243 -17610
4192 9233 -17738
4193 9227 -17650
4194 9153 -17542
4195 9167 -17610
4196 9153 -17674
4197 9169 -17642
4198 9101 -17290
4199 9127 -17414
4200 9145 -17394
4201 9231 -17602
4202 9229 -17678
4203 9159 -17462
4204 9085 -17306
4205 9041 -17178
4206 8923 -16958
4207 9005 -17266
4208 8915 -17070
4209 9033 -17314
4210 8963 -17170
4211 9031 -17406
4212 9111 -17446
4213 9105 -17522
4214 9175 -17694
4215 9159 -17666
4216 9153 -17526
4217 9153 -17518
4218 9195 -17578
4219 9217 -17594
4220 9277 -17694
4221 9281 -17642
4222 9247 -17670
4223 9295 -17762
4224 9285 -17726
4225 9315 -17806
4226 9317 -17890
4227 9311 -17886
4228 9193 -17534
4229 9103 -17362
4230 9189 -17530
4231 9181 -17566
4232 9195 -17558
4233 9177 -17670
4234 9261 -17890
4235 9259 -17870
4236 9247 -17710
4237 9213 -17666
4238 9183 -17590
4239 9231 -17666
4240 9231 -17726
4241 9205 -17658
4242 9269 -17754
4243 9229 -17678
4244 9267 -17730
4245 9291 -17718
4246 9251 -17546
4247 9343 -17810
4248 9309 -17806
4249 9353 -17922
4250 9315 -17786
4251 9303 -17758
4252 9307 -17710
4253 9299 -17806
4254 9327 -17878
4255 9261 -17726
4256 9291 -17722
4257 9213 -17618
4258 9189 -17582
4259 9165 -17482
4260 9181 -17526
4261 9133 -17534
4262 9025 -17342
4263 9023 -17278
4264 9055 -17374
4265 9081 -17382
4266 9131 -17578
4267 9123 -17490
4268 9131 -17446
4269 9125 -17474
4270 9109 -17518
4271 9191 -17690
4272 9197 -17686
4273 9135 -17602
4274 9121 -17562
4275 9051 -17350
4276 8983 -17310
4277 8945 -17322
4278 8893 -17290
4279 8937 -17350
4280 9001 -17470
4281 8921 -17314
4282 8891 -17142
4283 8981 -17370
4284 8989 -17354
4285 9027 -17346
4286 9125 -17522
4287 9095 -17430
4288 9007 -17306
4289 8969 -17254
4290 9009 -17306
4291 9123 -17530
4292 9155 -17602
4293 9201 -17706
4294 9135 -17546
4295 9173 -17666
4296 9055 -17318
4297 9087 -17586
4298 9159 -17718
4299 9161 -17790
4300 9151 -17550
4301 9143 -17622
4302 9081 -17626
4303 9065 -17582
4304 9027 -17402
4305 9027 -17478
4306 9069 -17386
4307 9115 -17494
4308 9147 -17614
4309 9145 -17650
4310 9119 -17542
4311 9181 -17754
4312 9147 -17646
4313 9233 -17810
4314 9113 -17466
4315 9137 -17574
4316 9143 -17518
4317 9161 -17606
4318 9175 -17582
4319 9173 -17646
4320 9117 -17362
4321 9263 -17698
4322 9275 -17698
4323 9323 -17830
4324 9341 -17802
4325 9323 -17798
4326 9289 -17802
4327 9251 -17802
4328 9205 -17698
4329 9209 -17642
4330 9213 -17702
4331 9181 -17738
4332 9217 -17850
4333 9255 -17862
4334 9153 -17422
4335 9187 -17542
4336 9173 -17486
4337 9303 -17746
4338 9383 -17998
4339 9323 -17850
4340 9281 -17674
4341 9309 -17722
4342 9261 -17674
4343 9279 -17702
4344 9335 -17746
4345 9237 -17498
4346 9311 -17674
4347 9325 -17770
4348 9347 -17778
4349 9213 -17594
4350 9097 -17262
4351 9157 -17390
4352 9159 -17410
4353 9233 -17630
4354 9217 -17526
4355 9197 -17466
4356 9199 -17598
4357 9271 -17918
4358 9245 -17854
4359 9239 -17758
4360 9269 -17746
4361 9263 -17698
4362 9271 -17714
4363 9245 -17626
4364 9223 -17562
4365 9221 -17670
4366 9213 -17682
4367 9171 -17486
4368 9091 -17490
4369 9177 -17658
4370 9203 -17630
4371 9165 -17502
4372 9209 -17582
4373 9233 -17774
4374 9255 -17818
4375 9207 -17706
4376 9123 -17562
4377 9097 -17594
4378 8955 -17318
4379 9075 -17534
4380 9083 -17542
4381 9119 -17538
4382 9143 -17490
4383 9133 -17490
4384 9095 -17374
4385 9115 -17442
4386 9163 -17590
4387 9245 -17718
4388 9165 -17518
4389 9253 -17650
4390 9183 -17458
4391 9251 -17702
4392 9269 -17890
4393 9291 -17938
4394 9329 -17894
4395 9279 -17770
4396 9235 -17682
4397 9211 -17510
4398 9183 -17546
4399 9271 -17790
4400 9299 -17782
4401 9217 -17594
4402 9245 -17754
4403 9267 -17770
4404 9267 -17786
4405 9243 -17666
4406 9207 -17586
4407 9309 -17718
4408 9291 -17718
4409 9171 -17450
4410 9175 -17526
4411 9263 -17602
4412 9207 -17574
4413 9201 -17514
4414 9221 -17630
4415 9209 -17554
4416 9159 -17482
4417 9153 -17582
4418 9203 -17646
4419 9163 -17506
4420 9205 -17590
4421 9247 -17694
4422 9225 -17502
4423 9211 -17542
4424 9319 -17822
4425 9349 -18026
4426 9397 -18094
4427 9335 -17930
4428 9407 -17986
4429 9415 -18070
4430 9383 -18086
4431 9287 -17818
4432 9239 -17698
4433 9167 -17582
4434 9153 -17546
4435 9169 -17442
4436 9229 -17538
4437 9283 -17690
4438 9277 -17650
4439 9249 -17674
4440 9265 -17762
4441 9189 -17694
4442 9269 -17918
4443 9237 -17726
4444 9175 -17662
4445 9143 -17506
4446 9143 -17514
4447 9203 -17618
4448 9201 -17538
4449 9161 -17570
4450 9289 -17774
4451 9321 -17822
4452 9317 -17826
4453 9277 -17758
4454 9269 -17718
4455 9149 -17438
4456 9143 -17498
4457 9217 -17618
4458 9127 -17466
4459 9213 -17570
4460 9245 -17614
4461 9231 -17606
4462 9239 -17614
4463 9251 -17622
4464 9261 -17662
4465 9229 -17578
4466 9231 -17594
4467 9179 -17530
4468 9215 -17566
4469 9315 -17690
4470 9335 -17802
4471 9289 -17638
4472 9239 -17566
4473 9269 -17594
4474 9273 -17626
4475 9327 -17774
4476 9343 -17806
4477 9251 -17570
4478 9165 -17406
4479 9163 -17406
4480 9153 -17358
4481 9245 -17582
4482 9243 -17614
4483 9199 -17510
4484 9167 -17442
4485 9219 -17674
4486 9257 -17806
4487 9281 -17770
4488 9277 -17738
4489 9249 -17702
4490 9245 -17614
4491 9291 -17750
4492 9323 -17890
4493 9303 -17826
4494 9271 -17690
4495 9239 -17710
4496 9247 -17630
4497 9261 -17734
4498 9185 -17546
4499 9131 -17426
4500 9183 -17550
4501 9229 -17642
4502 9127 -17466
4503 9007 -17154
4504 8889 -16802
4505 8989 -17114
4506 9023 -17250
4507 9073 -17378
4508 9211 -17662
4509 9157 -17602
4510 9187 -17598
4511 9241 -17630
4512 9323 -17810
4513 9327 -17950
4514 9237 -17706
4515 9199 -17550
4516 9229 -17618
4517 9291 -17694
4518 9173 -17506
4519 9153 -17486
4520 9143 -17418
4521 9201 -17626
4522 9231 -17618
4523 9307 -17898
4524 9339 -17798
4525 9289 -17690
4526 9323 -17830
4527 9337 -17882
4528 9291 -17738
4529 9277 -17626
4530 9165 -17362
4531 9243 -17678
4532 9199 -17670
4533 9221 -17758
4534 9197 -17686
4535 9165 -17530
4536 9145 -17658
4537 9185 -17718
4538 9215 -17682
4539 9189 -17578
4540 9181 -17546
4541 9153 -17534
4542 9175 -17626
4543 9075 -17378
4544 9149 -17598
4545 9131 -17406
4546 9101 -17314
4547 9129 -17394
4548 9103 -17358
4549 9237 -17638
4550 9297 -17774
4551 9273 -17658
4552 9313 -17646
4553 9307 -17774
4554 9341 -17914
4555 9411 -18078
4556 9389 -17934
4557 9297 -17870
4558 9317 -17918
4559 9273 -17778
4560 9181 -17474
4561 9223 -17574
4562 9205 -17630
4563 9195 -17478
4564 9249 -17714
4565 9235 -17746
4566 9225 -17726
4567 9253 -17774
4568 9259 -17834
4569 9247 -17778
4570 9229 -17754
4571 9249 -17770
4572 9187 -17618
4573 9189 -17618
4574 9229 -17590
4575 9169 -17458
4576 9223 -17642
4577 9251 -17702
4578 9323 -17798
4579 9345 -18026
4580 9247 -17678
4581 9223 -17790
4582 9229 -17774
4583 9313 -18010
4584 9333 -18046
4585 9359 -18114
4586 9281 -17974
4587 9199 -17730
4588 9173 -17654
4589 9177 -17614
4590 9213 -17762
4591 9191 -17542
4592 9169 -17502
4593 9167 -17626
4594 9121 -17458
4595 9119 -17566
4596 9131 -17590
4597 9053 -17446
4598 9017 -17370
4599 9019 -17462
4600 9043 -17454
4601 9053 -17422
4602 9013 -17406
4603 8997 -17242
4604 9189 -17614
4605 9237 -17858
4606 9251 -17770
4607 9269 -17698
4608 9261 -17646
4609 9217 -17502
4610 9143 -17418
4611 9173 -17538
4612 9143 -17382
4613 9159 -17462
4614 9211 -17674
4615 9199 -17634
4616 9225 -17590
4617 9179 -17534
4618 9199 -17518
4619 9165 -17542
4620 9147 -17506
4621 9213 -17558
4622 9141 -17518
4623 9145 -17482
4624 9087 -17318
4625 9133 -17438
4626 9173 -17498
4627 9203 -17590
4628 9161 -17438
4629 9163 -17426
4630 9231 -17554
4631 9179 -17502
4632 9237 -17694
4633 9261 -17554
4634 9265 -17674
4635 9245 -17590
4636 9219 -17606
4637 9213 -17578
4638 9317 -17954
4639 9295 -17822
4640 9305 -17870
4641 9295 -17754
4642 9341 -17890
4643 9369 -17910
4644 9383 -17962
4645 9345 -17842
4646 9365 -17886
4647 9305 -17722
4648 9283 -17674
4649 9235 -17658
4650 9237 -17638
4651 9217 -17582
4652 9203 -17506
4653 9279 -17794
4654 9193 -17554
4655 9149 -17454
4656 9199 -17666
4657 9201 -17738
4658 9115 -17546
4659 9139 -17606
4660 9157 -17658
4661 9089 -17514
4662 9069 -17490
4663 9015 -17386
4664 8941 -17282
4665 9015 -17422
4666 9103 -17550
4667 9187 -17666
4668 9119 -17482
4669 9131 -17478
4670 9135 -17482
4671 9087 -17326
4672 9165 -17530
4673 9215 -17770
4674 9143 -17674
4675 9103 -17430
4676 9133 -17582
4677 9139 -17542
4678 9187 -17674
4679 9193 -17654
4680 9213 -17742
4681 9141 -17506
4682 9093 -17386
4683 9091 -17454
4684 9127 -17478
4685 9093 -17450
4686 9155 -17546
4687 9241 -17634
4688 9339 -17930
4689 9315 -17918
4690 9267 -17730
4691 9301 -17746
4692 9339 -17790
4693 9275 -17682
4694 9293 -17686
4695 9333 -17854
4696 9313 -17726
4697 9263 -17646
4698 9271 -17638
4699 9291 -17702
4700 9405 -17930
4701 9521 -18230
4702 9461 -18050
4703 9467 -18090
4704 9329 -17754
4705 9365 -17874
4706 9367 -17886
4707 9371 -17846
4708 9391 -18054
4709 9241 -17742
4710 9291 -17850
4711 9295 -17842
4712 9219 -17606
4713 9229 -17518
4714 9229 -17486
4715 9195 -17426
4716 9263 -17690
4717 9221 -17630
4718 9243 -17626
4719 9201 -17578
4720 9211 -17514
4721 9093 -17290
4722 9137 -17410
4723 9137 -17370
4724 9169 -17622
4725 9243 -17718
4726 9209 -17646
4727 9201 -17562
4728 9261 -17678
4729 9213 -17582
4730 9279 -17718
4731 9243 -17598
4732 9203 -17526
4733 9217 -17530
4734 9213 -17510
4735 9181 -17462
4736 9179 -17498
4737 9147 -17506
4738 9163 -17578
4739 9175 -17582
4740 9223 -17618
4741 9213 -17578
4742 9319 -17714
4743 9301 -17690
4744 9377 -17926
4745 9379 -17978
4746 9309 -17842
4747 9229 -17582
4748 9235 -17722
4749 9145 -17550
4750 9167 -17534
4751 9091 -17274
4752 9053 -17290
4753 9115 -17450
4754 9143 -17534
4755 9135 -17414
4756 9127 -17378
4757 9115 -17490
4758 9201 -17610
4759 9273 -17790
4760 9343 -17890
4761 9355 -18078
4762 9341 -17982
4763 9321 -17882
4764 9269 -17702
4765 9207 -17566
4766 9213 -17534
4767 9269 -17750
4768 9309 -17866
4769 9353 -17886
4770 9315 -17798
4771 9301 -17734
4772 9157 -17430
4773 9247 -17690
4774 9187 -17562
4775 9271 -17746
4776 9273 -17738
4777 9217 -17630
4778 9241 -17658
4779 9309 -17794
4780 9287 -17702
4781 9359 -17814
4782 9349 -17790
4783 9443 -17934
4784 9447 -18070
4785 9327 -17846
4786 9321 -17722
4787 9349 -17854
4788 9363 -17866
4789 9311 -17730
4790 9381 -17914
4791 9217 -17566
4792 9247 -17546
4793 9365 -17886
4794 9217 -17554
4795 9187 -17630
4796 9165 -17634
4797 9317 -17910
4798 9295 -17882
4799 9213 -17570
4800 9255 -17634
4801 9273 -17638
4802 9267 -17674
4803 9237 -17510
4804 9207 -17522
4805 9255 -17598
4806 9365 -17890
4807 9417 -17950
4808 9269 -17686
4809 9287 -17646
4810 9259 -17634
4811 9289 -17670
4812 9335 -17802
4813 9389 -17970
4814 9401 -17874
4815 9379 -17846
4816 9371 -17818
4817 9325 -17706
4818 9307 -17738
4819 9351 -17898
4820 9351 -17878
4821 9405 -18006
4822 9371 -17878
4823 9299 -17730
4824 9347 -17750
4825 9343 -17774
4826 9365 -17934
4827 9299 -17846
4828 9233 -17658
4829 9167 -17534
4830 9203 -17582
4831 9219 -17602
4832 9129 -17350
4833 9087 -17238
4834 9107 -17398
4835 9147 -17350
4836 9207 -17578
4837 9225 -17602
4838 9273 -17702
4839 9283 -17718
4840 9367 -17890
4841 9275 -17622
4842 9253 -17646
4843 9223 -17638
4844 9187 -17466
4845 9211 -17474
4846 9241 -17558
4847 9203 -17510
4848 9207 -17494
4849 9217 -17466
4850 9277 -17666
4851 9297 -17754
4852 9221 -17554
4853 9261 -17658
4854 9325 -17854
4855 9231 -17654
4856 9239 -17642
4857 9263 -17642
4858 9211 -17586
4859 9261 -17658
4860 9321 -17698
4861 9287 -17758
4862 9301 -17826
4863 9299 -17774
4864 9263 -17650
4865 9207 -17362
4866 9319 -17666
4867 9369 -17830
4868 9343 -17802
4869 9393 -17898
4870 9325 -17706
4871 9277 -17642
4872 9235 -17590
4873 9287 -17598
4874 9327 -17750
4875 9281 -17650
4876 9241 -17574
4877 9271 -17666
4878 9301 -17786
4879 9287 -17686
4880 9277 -17578
4881 9237 -17614
4882 9191 -17530
4883 9181 -17430
4884 9161 -17398
4885 9217 -17598
4886 9321 -17862
4887 9323 -17822
4888 9435 -18082
4889 9437 -18050
4890 9413 -17966
4891 9375 -17866
4892 9419 -17986
4893 9311 -17778
4894 9353 -17814
4895 9367 -17986
4896 9331 -17902
4897 9279 -17862
4898 9355 -18010
4899 9355 -17938
4900 9409 -17978
4901 9305 -17746
4902 9335 -17862
4903 9297 -17762
4904 9249 -17522
4905 9191 -17478
4906 9235 -17654
4907 9323 -17802
4908 9303 -17746
4909 9363 -17878
4910 9309 -17650
4911 9343 -17770
4912 9253 -17666
4913 9181 -17474
4914 9243 -17574
4915 9229 -17518
4916 9195 -17374
4917 9209 -17566
4918 9173 -17442
4919 9249 -17610
4920 9251 -17590
4921 9387 -17838
4922 9449 -17982
4923 9407 -17878
4924 9423 -17918
4925 9303 -17618
4926 9405 -18010
4927 9419 -18102
4928 9407 -18006
4929 9389 -17874
4930 9291 -17762
4931 9271 -17558
4932 9315 -17806
4933 9319 -17890
4934 9257 -17754
4935 9311 -17750
4936 9229 -17610
4937 9269 -17686
4938 9279 -17770
4939 9249 -17622
4940 9265 -17690
4941 9249 -17694
4942 9265 -17770
4943 9267 -17730
4944 9217 -17622
4945 9277 -17766
4946 9201 -17566
4947 9257 -17646
4948 9305 -17810
4949 9261 -17726
4950 9261 -17738
4951 9245 -17666
4952 9263 -17750
4953 9207 -17694
4954 9223 -17650
4955 9223 -17678
4956 9135 -17510
4957 9101 -17450
4958 9099 -17302
4959 9161 -17526
4960 9123 -17538
4961 9205 -17654
4962 9265 -17762
4963 9213 -17642
4964 9211 -17742
4965 9135 -17586
4966 9097 -17430
4967 9085 -17350
4968 9043 -17290
4969 9023 -17234
4970 9057 -17406
4971 9115 -17474
4972 9111 -17426
4973 9051 -17326
4974 9107 -17330
4975 9111 -17378
4976 9153 -17502
4977 9173 -17490
4978 9211 -17530
4979 9181 -17526
4980 9131 -17394
4981 9235 -17766
4982 9197 -17614
4983 9325 -17858
4984 9255 -17718
4985 9263 -17698
4986 9255 -17662
4987 9293 -17734
4988 9337 -17762
4989 9261 -17530
4990 9227 -17518
4991 9325 -17686
4992 9393 -17910
4993 9419 -17950
4994 9433 -17990
4995 9427 -18034
4996 9369 -17914
4997 9361 -17898
4998 9365 -17882
4999 9305 -17778
5000 9295 -17714
5001 9261 -17730
5002 9319 -17790
5003 9327 -17866
5004 9407 -17998
5005 9369 -17850
5006 9359 -17918
5007 9275 -17774
5008 9179 -17526
5009 9109 -17438
5010 9155 -17518
5011 9133 -17518
5012 9263 -17786
5013 9147 -17694
5014 9149 -17678
5015 9111 -17646
5016 9047 -17506
5017 9169 -17790
5018 9115 -17638
5019 9157 -17698
5020 9147 -17686
5021 9113 -17402
5022 9175 -17434
5023 9171 -17310
5024 9175 -17490
5025 9125 -17366
5026 9129 -17302
5027 9207 -17614
5028 9227 -17634
5029 9225 -17646
5030 9151 -17410
5031 9233 -17746
5032 9239 -17786
5033 9259 -17770
5034 9193 -17542
5035 9201 -17466
5036 9261 -17786
5037 9355 -17990
5038 9365 -17942
5039 9347 -17870
5040 9277 -17606
5041 9323 -17746
5042 9353 -17938
5043 9321 -17814
5044 9245 -17686
5045 9283 -17734
5046 9337 -17910
5047 9339 -17878
5048 9317 -17838
5049 9341 -17854
5050 9283 -17806
5051 9261 -17674
5052 9299 -17850
5053 9309 -17806
5054 9303 -17758
5055 9275 -17730
5056 9315 -17734
5057 9389 -17922
5058 9413 -17930
5059 9411 -17978
5060 9367 -17958
5061 9443 -18142
5062 9397 -18058
5063 9359 -17842
5064 9339 -17798
5065 9447 -18002
5066 9405 -17926
5067 9367 -17834
5068 9275 -17634
5069 9307 -17762
5070 9379 -17866
5071 9305 -17658
5072 9233 -17634
5073 9271 -17694
5074 9247 -17610
5075 9279 -17826
5076 9267 -17706
5077 9211 -17534
5078 9339 -17834
5079 9331 -17874
5080 9285 -17786
5081 9349 -17954
5082 9389 -17982
5083 9405 -18134
5084 9313 -17914
5085 9239 -17706
5086 9217 -17730
5087 9187 -17562
5088 9163 -17470
5089 9099 -17418
5090 9079 -17446
5091 9217 -17614
5092 9101 -17478
5093 9075 -17314
5094 9069 -17330
5095 9057 -17366
5096 9039 -17150
5097 9121 -17482
5098 9103 -17322
5099 9137 -17490
5100 9195 -17650
5101 9129 -17546
5102 9113 -17638
5103 8989 -17382
5104 8991 -17414
5105 9093 -17638
5106 9003 -17462
5107 9055 -17474
5108 9043 -17390
5109 9127 -17486
5110 9075 -17530
5111 9059 -17410
5112 9135 -17606
5113 9095 -17414
5114 9193 -17674
5115 9149 -17550
5116 9123 -17506
5117 9085 -17306
5118 9181 -17582
5119 9193 -17610
5120 9179 -17530
5121 9193 -17526
5122 9141 -17482
5123 9125 -17462
5124 9113 -17474
5125 9183 -17570
5126 9139 -17430
5127 9075 -17274
5128 9119 -17334
5129 9009 -17082
5130 9123 -17406
5131 9243 -17770
5132 9261 -17702
5133 9177 -17550
5134 9149 -17430
5135 9139 -17382
5136 9157 -17582
5137 9193 -17574
5138 9163 -17690
5139 9197 -17734
5140 9141 -17626
5141 9155 -17602
5142 9191 -17706
5143 9229 -17774
5144 9207 -17746
5145 9263 -17694
5146 9255 -17694
5147 9335 -17846
5148 9169 -17486
5149 9293 -17802
5150 9315 -17854
5151 9285 -17778
5152 9287 -17790
5153 9265 -17686
5154 9211 -17530
5155 9217 -17498
5156 9213 -17562
5157 9207 -17670
5158 9151 -17590
5159 9163 -17570
5160 9105 -17534
5161 9099 -17506
5162 9133 -17554
5163 9127 -17498
5164 9157 -17442
5165 9213 -17518
5166 9263 -17574
5167 9307 -17634
5168 9289 -17698
5169 9277 -17738
5170 9281 -17714
5171 9299 -17694
5172 9323 -17842
5173 9269 -17638
5174 9259 -17694
5175 9183 -17546
5176 9133 -17522
5177 9147 -17618
5178 9167 -17650
5179 9123 -17550
5180 9067 -17494
5181 9059 -17394
5182 9039 -17430
5183 9103 -17490
5184 9083 -17510
5185 9119 -17546
5186 9115 -17590
5187 9089 -17510
5188 9163 -17634
5189 9187 -17674
5190 9275 -17842
5191 9263 -17922
5192 9197 -17758
5193 9287 -18034
5194 9133 -17522
5195 9091 -17378
5196 9121 -17506
5197 9093 -17550
5198 9171 -17710
5199 9175 -17590
5200 9163 -17494
5201 9271 -17682
5202 9361 -18038
5203 9203 -17610
5204 9159 -17534
5205 9245 -17774
5206 9155 -17578
5207 9113 -17486
5208 9063 -17382
5209 9075 -17390
5210 9101 -17462
5211 9165 -17526
5212 9145 -17494
5213 9129 -17514
5214 9213 -17642
5215 9263 -17682
5216 9277 -17642
5217 9277 -17626
5218 9279 -17678
5219 9339 -17834
5220 9365 -17938
5221 9245 -17718
5222 9173 -17514
5223 9241 -17730
5224 9249 -17662
5225 9217 -17650
5226 9283 -17766
5227 9193 -17466
5228 9233 -17598
5229 9261 -17658
5230 9263 -17570
5231 9243 -17566
5232 9219 -17638
5233 9199 -17654
5234 9187 -17554
5235 9225 -17570
5236 9269 -17722
5237 9227 -17774
5238 9183 -17598
5239 9139 -17550
5240 9061 -17362
5241 9143 -17558
5242 9171 -17562
5243 9119 -17390
5244 9215 -17626
5245 9179 -17506
5246 9289 -17762
5247 9261 -17666
5248 9339 -17902
5249 9285 -17670
5250 9351 -17914
5251 9299 -17826
5252 9245 -17750
5253 9239 -17622
5254 9223 -17642
5255 9205 -17606
5256 9205 -17610
5257 9149 -17418
5258 9185 -17566
5259 9085 -17310
5260 9167 -17462
5261 9111 -17414
5262 9151 -17442
5263 9175 -17462
5264 9169 -17390
5265 9159 -17478
5266 9155 -17462
5267 9155 -17574
5268 9161 -17490
5269 9263 -17722
5270 9203 -17534
5271 9201 -17666
5272 9181 -17574
5273 9173 -17622
5274 9225 -17626
5275 9285 -17718
5276 9291 -17742
5277 9321 -17782
5278 9259 -17706
5279 9209 -17734
5280 9183 -17734
5281 9143 -17518
5282 9205 -17594
5283 9159 -17534
5284 9153 -17414
5285 9149 -17582
5286 9187 -17598
5287 9175 -17558
5288 9221 -17630
5289 9231 -17654
5290 9205 -17682
5291 9255 -17670
5292 9295 -17694
5293 9273 -17746
5294 9299 -17662
5295 9293 -17718
5296 9251 -17574
5297 9337 -17826
5298 9325 -17846
5299 9371 -17874
5300 9367 -17810
5301 9247 -17586
5302 9313 -17742
5303 9315 -17738
5304 9273 -17658
5305 9341 -17838
5306 9371 -17810
5307 9349 -17726
5308 9265 -17602
5309 9291 -17606
5310 9187 -17486
5311 9217 -17594
5312 9225 -17654
5313 9237 -17650
5314 9253 -17574
5315 9249 -17646
5316 9155 -17370
5317 9263 -17598
5318 9375 -17854
5319 9427 -17926
5320 9319 -17658
5321 9289 -17542
5322 9291 -17654
5323 9299 -17714
5324 9277 -17690
5325 9345 -17802
5326 9385 -17814
5327 9315 -17686
5328 9343 -17742
5329 9387 -17862
5330 9353 -17834
5331 9401 -17898
5332 9293 -17718
5333 9289 -17690
5334 9315 -17838
5335 9209 -17478
5336 9193 -17478
5337 9215 -17482
5338 9181 -17398
5339 9209 -17454
5340 9285 -17686
5341 9257 -17598
5342 9155 -17338
5343 9135 -17342
5344 9103 -17410
5345 9171 -17622
5346 9147 -17354
5347 9169 -17546
5348 9169 -17478
5349 9241 -17694
5350 9323 -17750
5351 9331 -17834
5352 9365 -17842
5353 9381 -17842
5354 9315 -17770
5355 9377 -17966
5356 9443 -18066
5357 9445 -18026
5358 9443 -18002
5359 9369 -17738
5360 9353 -17722
5361 9377 -17786
5362 9349 -17818
5363 9355 -17846
5364 9335 -17738
5365 9309 -17706
5366 9213 -17474
5367 9259 -17586
5368 9301 -17770
5369 9273 -17682
5370 9339 -17786
5371 9281 -17570
5372 9247 -17566
5373 9259 -17602
5374 9227 -17498
5375 9199 -17458
5376 9201 -17510
5377 9187 -17514
5378 9163 -17498
5379 9211 -17582
5380 9193 -17470
5381 9129 -17342
5382 9091 -17354
5383 9023 -17214
5384 8973 -17146
5385 9097 -17422
5386 9163 -17522
5387 9213 -17626
5388 9217 -17514
5389 9211 -17562
5390 9217 -17494
5391 9187 -17374
5392 9239 -17554
5393 9239 -17570
5394 9291 -17670
5395 9327 -17866
5396 9273 -17686
5397 9261 -17738
5398 9199 -17518
5399 9173 -17438
5400 9129 -17374
5401 9191 -17574
5402 9195 -17498
5403 9203 -17538
5404 9217 -17394
5405 9209 -17422
5406 9219 -17446
5407 9293 -17662
5408 9205 -17482
5409 9243 -17530
5410 9279 -17686
5411 9283 -17734
5412 9245 -17686
5413 9303 -17866
5414 9361 -18062
5415 9283 -17934
5416 9275 -17894
5417 9279 -17842
5418 9339 -18106
5419 9351 -18042
5420 9347 -18082
5421 9303 -17906
5422 9229 -17822
5423 9197 -17698
5424 9211 -17742
5425 9231 -17934
5426 9231 -17886
5427 9249 -17854
5428 9193 -17622
5429 9205 -17662
5430 9171 -17602
5431 9137 -17490
5432 9241 -17694
5433 9225 -17662
5434 9183 -17486
5435 9151 -17442
5436 9295 -17810
5437 9257 -17766
5438 9217 -17554
5439 9197 -17618
5440 9307 -17778
5441 9345 -17766
5442 9331 -17866
5443 9321 -17802
5444 9301 -17766
5445 9325 -17870
5446 9343 -17942
5447 9337 -17966
5448 9287 -17802
5449 9283 -17698
5450 9327 -17814
5451 9243 -17602
5452 9281 -17646
5453 9317 -17790
5454 9229 -17594
5455 9233 -17674
5456 9227 -17674
5457 9225 -17566
5458 9203 -17574
5459 9161 -17534
5460 9233 -17610
5461 9229 -17554
5462 9163 -17578
5463 9201 -17654
5464 9187 -17622
5465 9289 -17790
5466 9255 -17694
5467 9185 -17534
5468 9167 -17470
5469 9203 -17550
5470 9181 -17502
5471 9241 -17714
5472 9215 -17646
5473 9159 -17474
5474 9089 -17322
5475 9151 -17506
5476 9169 -17602
5477 9215 -17686
5478 9249 -17662
5479 9227 -17642
5480 9217 -17550
5481 9161 -17642
5482 9153 -17626
5483 9091 -17374
5484 9119 -17574
5485 9151 -17482
5486 9179 -17514
5487 9167 -17610
5488 9199 -17542
5489 9149 -17538
5490 9131 -17474
5491 9199 -17546
5492 9149 -17354
5493 9231 -17546
5494 9215 -17478
5495 9183 -17570
5496 9225 -17674
5497 9285 -17766
5498 9267 -17794
5499 9183 -17570
5500 9207 -17582
5501 9305 -17714
5502 9317 -17794
5503 9257 -17594
5504 9339 -17786
5505 9371 -17898
5506 9323 -17730
5507 9391 -17850
5508 9361 -17842
5509 9303 -17774
5510 9229 -17682
5511 9217 -17634
5512 9201 -17678
5513 9079 -17422
5514 9113 -17446
5515 9139 -17574
5516 9141 -17518
5517 9171 -17638
5518 9249 -17754
5519 9141 -17462
5520 9051 -17126
5521 9145 -17450
5522 9159 -17522
5523 9201 -17634
5524 9181 -17622
5525 9093 -17330
5526 9085 -17438
5527 9107 -17498
5528 9027 -17406
5529 8991 -17302
5530 8931 -17254
5531 9053 -17410
5532 9099 -17422
5533 9127 -17514
5534 9131 -17414
5535 9061 -17238
5536 9089 -17330
5537 9043 -17190
5538 9171 -17418
5539 9265 -17658
5540 9175 -17490
5541 9275 -17658
5542 9291 -17754
5543 9233 -17562
5544 9259 -17586
5545 9269 -17658
5546 9259 -17626
5547 9157 -17450
5548 9093 -17222
5549 9097 -17334
5550 9135 -17366
5551 9257 -17698
5552 9231 -17626
5553 9195 -17638
5554 9199 -17642
5555 9163 -17626
5556 9079 -17378
5557 9107 -17494
5558 9003 -17270
5559 9019 -17262
5560 9083 -17366
5561 9149 -17482
5562 9123 -17362
5563 9215 -17562
5564 9255 -17622
5565 9213 -17654
5566 9209 -17542
5567 9207 -17506
5568 9221 -17618
5569 9225 -17634
5570 9209 -17582
5571 9195 -17466
5572 9181 -17454
5573 9195 -17602
5574 9143 -17406
5575 9153 -17538
5576 9101 -17410
5577 9103 -17394
5578 9133 -17474
5579 9069 -17278
5580 9147 -17438
5581 9147 -17390
5582 9087 -17390
5583 9083 -17454
5584 9153 -17502
5585 9127 -17378
5586 9123 -17442
5587 9165 -17406
5588 9191 -17534
5589 9221 -17622
5590 9183 -17482
5591 9169 -17426
5592 9137 -17234
5593 9135 -17294
5594 9197 -17598
5595 9063 -17322
5596 9109 -17358
5597 9169 -17494
5598 9179 -17606
5599 9303 -17834
5600 9213 -17682
5601 9305 -17950
5602 9289 -17826
5603 9273 -17710
5604 9271 -17778
5605 9239 -17658
5606 9237 -17750
5607 9173 -17530
5608 9165 -17722
5609 9167 -17658
5610 9135 -17514
5611 9107 -17494
5612 9073 -17430
5613 9171 -17598
5614 9087 -17294
5615 9081 -17374
5616 9151 -17518
5617 9211 -17658
5618 9181 -17574
5619 9167 -17374
5620 9107 -17402
5621 9089 -17390
5622 9149 -17478
5623 9175 -17614
5624 9229 -17806
5625 9179 -17634
5626 9095 -17478
5627 9185 -17638
5628 9233 -17762
5629 9241 -17778
5630 9357 -17962
5631 9297 -17862
5632 9299 -17830
5633 9227 -17666
5634 9255 -17678
5635 9313 -17802
5636 9177 -17470
5637 9259 -17638
5638 9167 -17466
5639 9149 -17406
5640 9245 -17638
5641 9237 -17662
5642 9217 -17606
5643 9209 -17590
5644 9181 -17510
5645 9167 -17438
5646 9183 -17402
5647 9187 -17478
5648 9205 -17534
5649 9221 -17670
5650 9201 -17414
5651 9169 -17374
5652 9091 -17270
5653 9217 -17590
5654 9185 -17442
5655 9221 -17578
5656 9171 -17506
5657 9281 -17790
5658 9237 -17626
5659 9221 -17558
5660 9141 -17370
5661 9175 -17450
5662 9153 -17558
5663 9137 -17562
5664 9217 -17630
5665 9233 -17678
5666 9249 -17766
5667 9227 -17662
5668 9217 -17666
5669 9289 -17710
5670 9321 -17786
5671 9367 -17842
5672 9333 -17754
5673 9315 -17766
5674 9315 -17610
5675 9247 -17638
5676 9199 -17470
5677 9193 -17502
5678 9195 -17546
5679 9215 -17710
5680 9265 -17814
5681 9259 -17766
5682 9277 -17874
5683 9275 -17734
5684 9253 -17646
5685 9283 -17646
5686 9299 -17706
5687 9233 -17618
5688 9249 -17738
5689 9305 -17798
5690 9157 -17490
5691 9167 -17574
5692 9115 -17346
5693 9103 -17322
5694 9035 -17246
5695 9091 -17254
5696 9139 -17462
5697 9175 -17402
5698 9257 -17706
5699 9287 -17774
5700 9269 -17694
5701 9239 -17574
5702 9243 -17566
5703 9255 -17590
5704 9249 -17718
5705 9275 -17666
5706 9197 -17594
5707 9223 -17494
5708 9251 -17658
5709 9219 -17594
5710 9111 -17414
5711 9215 -17542
5712 9199 -17574
5713 9171 -17486
5714 9211 -17586
5715 9255 -17634
5716 9227 -17534
5717 9147 -17354
5718 9193 -17430
5719 9101 -17290
5720 9099 -17346
5721 9183 -17466
5722 9199 -17518
5723 9177 -17578
5724 9161 -17478
5725 9205 -17698
5726 9179 -17650
5727 9205 -17658
5728 9201 -17622
5729 9107 -17426
5730 9037 -17246
5731 9085 -17374
5732 9099 -17334
5733 9145 -17526
5734 9137 -17498
5735 9097 -17582
5736 9079 -17462
5737 9151 -17570
5738 9135 -17546
5739 9155 -17458
5740 9161 -17406
5741 9129 -17374
5742 9063 -17274
5743 9021 -17178
5744 9071 -17358
5745 9183 -17590
5746 9153 -17546
5747 9165 -17706
5748 9239 -17894
5749 9203 -17846
5750 9197 -17658
5751 9115 -17422
5752 9193 -17610
5753 9191 -17674
5754 9257 -17886
5755 9179 -17782
5756 9143 -17586
5757 9143 -17498
5758 9113 -17402
5759 9057 -17310
5760 9059 -17354
5761 9101 -17446
5762 9077 -17394
5763 9177 -17598
5764 9049 -17302
5765 9045 -17410
5766 9037 -17422
5767 9057 -17342
5768 9061 -17346
5769 9101 -17458
5770 9073 -17354
5771 9169 -17654
5772 9239 -17674
5773 9263 -17694
5774 9265 -17686
5775 9177 -17534
5776 9161 -17466
5777 9203 -17558
5778 9243 -17722
5779 9179 -17686
5780 9191 -17594
5781 9189 -17634
5782 9111 -17350
5783 9103 -17274
5784 9099 -17362
5785 9167 -17622
5786 9089 -17490
5787 9155 -17526
5788 9177 -17622
5789 9241 -17802
5790 9235 -17682
5791 9215 -17542
5792 9107 -17378
5793 9185 -17590
5794 9261 -17658
5795 9285 -17726
5796 9287 -17754
5797 9299 -17850
5798 9247 -17622
5799 9235 -17534
5800 9213 -17542
5801 9257 -17666
5802 9255 -17650
5803 9209 -17522
5804 9277 -17634
5805 9297 -17686
5806 9289 -17638
5807 9245 -17586
5808 9145 -17326
5809 9227 -17510
5810 9255 -17646
5811 9251 -17714
5812 9261 -17646
5813 9261 -17626
5814 9279 -17750
5815 9321 -17806
5816 9239 -17574
5817 9313 -17782
5818 9371 -17866
5819 9329 -17850
5820 9295 -17630
5821 9281 -17762
5822 9287 -17846
5823 9309 -17914
5824 9265 -17766
5825 9167 -17598
5826 9211 -17714
5827 9203 -17582
5828 9123 -17458
5829 9169 -17574
5830 9155 -17586
5831 9211 -17714
5832 9241 -17698
5833 9251 -17802
5834 9359 -17994
5835 9425 -18122
5836 9419 -18034
5837 9279 -17822
5838 9331 -17866
5839 9345 -17854
5840 9361 -17918
5841 9367 -17906
5842 9281 -17778
5843 9305 -17790
5844 9299 -17706
5845 9199 -17454
5846 9261 -17506
5847 9309 -17822
5848 9325 -17858
5849 9323 -17742
5850 9345 -17734
5851 9219 -17526
5852 9271 -17718
5853 9289 -17762
5854 9255 -17698
5855 9303 -17838
5856 9369 -17994
5857 9343 -17890
5858 9215 -17618
5859 9303 -17858
5860 9399 -18034
5861 9263 -17810
5862 9169 -17606
5863 9141 -17386
5864 9177 -17466
5865 9095 -17282
5866 9153 -17494
5867 9193 -17498
5868 9149 -17442
5869 9175 -17494
5870 9227 -17614
5871 9199 -17538
5872 9235 -17550
5873 9241 -17594
5874 9195 -17574
5875 9283 -17754
5876 9331 -17878
5877 9305 -17826
5878 9283 -17770
5879 9273 -17746
5880 9337 -17782
5881 9227 -17514
5882 9213 -17466
5883 9361 -17750
5884 9295 -17634
5885 9249 -17546
5886 9249 -17530
5887 9345 -17818
5888 9475 -18070
5889 9429 -18006
5890 9351 -17786
5891 9399 -17970
5892 9421 -17942
5893 9479 -18142
5894 9419 -17994
5895 9439 -17986
5896 9449 -18002
5897 9407 -17958
5898 9233 -17522
5899 9197 -17494
5900 9253 -17670
5901 9263 -17566
5902 9227 -17522
5903 9221 -17554
5904 9273 -17642
5905 9217 -17570
5906 9205 -17566
5907 9191 -17450
5908 9303 -17926
5909 9283 -17814
5910 9199 -17658
5911 9151 -17598
5912 9125 -17534
5913 9079 -17558
5914 9079 -17610
5915 9003 -17386
5916 8999 -17318
5917 9035 -17310
5918 8999 -17198
5919 9095 -17514
5920 9045 -17314
5921 9131 -17590
5922 9057 -17322
5923 9183 -17534
5924 9131 -17414
5925 9165 -17566
5926 9179 -17610
5927 9255 -17802
5928 9267 -17814
5929 9223 -17762
5930 9163 -17662
5931 9207 -17786
5932 9209 -17838
5933 9183 -17666
5934 9193 -17710
5935 9153 -17478
5936 9279 -17802
5937 9307 -17958
5938 9259 -17766
5939 9177 -17570
5940 9201 -17590
5941 9211 -17562
5942 9275 -17726
5943 9215 -17494
5944 9249 -17562
5945 9271 -17630
5946 9291 -17710
5947 9359 -17794
5948 9329 -17814
5949 9315 -17830
5950 9255 -17654
5951 9273 -17758
5952 9313 -17754
5953 9309 -17790
5954 9369 -18006
5955 9347 -17858
5956 9351 -17870
5957 9227 -17598
5958 9231 -17622
5959 9215 -17546
5960 9201 -17622
5961 9237 -17746
5962 9169 -17682
5963 9193 -17594
5964 9185 -17518
5965 9193 -17506
5966 9213 -17610
5967 9233 -17694
5968 9221 -17626
5969 9159 -17558
5970 9137 -17478
5971 9131 -17506
5972 9217 -17690
5973 9223 -17738
5974 9141 -17638
5975 9149 -17714
5976 9143 -17538
5977 9151 -17406
5978 9079 -17266
5979 9171 -17474
5980 9131 -17322
5981 9199 -17534
5982 9279 -17706
5983 9169 -17390
5984 9195 -17538
5985 9187 -17634
5986 9165 -17490
5987 9209 -17650
5988 9169 -17442
5989 9177 -17538
5990 9173 -17422
5991 9139 -17434
5992 9219 -17550
5993 9215 -17634
5994 9157 -17426
5995 9127 -17338
5996 9057 -17226
5997 9229 -17582
5998 9263 -17642
5999 9283 -17714
6000 9231 -17502
6001 9255 -17638
6002 9297 -17782
6003 9215 -17586
6004 9271 -17798
6005 9229 -17710
6006 9271 -17726
6007 9135 -17326
6008 9211 -17582
6009 9199 -17554
6010 9171 -17554
6011 9141 -17474
6012 9207 -17618
6013 9269 -17830
6014 9183 -17594
6015 9237 -17586
6016 9339 -17842
6017 9265 -17770
6018 9157 -17458
6019 9143 -17502
6020 9235 -17606
6021 9201 -17474
6022 9249 -17678
6023 9221 -17666
6024 9201 -17658
6025 9173 -17534
6026 9251 -17758
6027 9261 -17614
6028 9161 -17434
6029 9149 -17446
6030 9127 -17442
6031 9139 -17442
6032 9181 -17514
6033 9125 -17438
6034 9031 -17310
6035 8949 -17326
6036 8909 -17134
6037 8935 -17162
6038 9049 -17474
6039 9111 -17662
6040 9097 -17586
6041 9091 -17530
6042 9071 -17370
6043 9089 -17442
6044 9013 -17322
6045 8957 -17258
6046 8917 -17202
6047 8989 -17374
6048 8991 -17510
6049 9019 -17402
6050 8953 -17422
6051 8987 -17574
6052 8871 -17398
6053 8911 -17270
6054 8939 -17466
6055 8885 -17318
6056 8851 -17178
6057 8955 -17278
6058 9045 -17422
6059 9007 -17346
6060 8983 -17318
6061 9147 -17578
6062 9201 -17650
6063 9243 -17770
6064 9241 -17766
6065 9315 -17882
6066 9305 -17742
6067 9289 -17722
6068 9235 -17606
6069 9331 -17774
6070 9301 -17718
6071 9201 -17478
6072 9343 -17790
6073 9297 -17686
6074 9381 -17910
6075 9281 -17766
6076 9279 -17746
6077 9187 -17606
6078 9169 -17518
6079 9099 -17342
6080 9127 -17442
6081 9187 -17574
6082 9233 -17682
6083 9273 -17686
6084 9223 -17534
6085 9281 -17766
6086 9311 -17770
6087 9259 -17598
6088 9285 -17694
6089 9239 -17586
6090 9269 -17742
6091 9227 -17650
6092 9147 -17442
6093 9197 -17546
6094 9203 -17706
6095 9191 -17586
6096 9203 -17510
6097 9281 -17714
6098 9275 -17694
6099 9257 -17630
6100 9241 -17578
6101 9265 -17670
6102 9229 -17658
6103 9253 -17714
6104 9219 -17694
6105 9267 -17822
6106 9195 -17642
6107 9121 -17554
6108 9061 -17342
6109 9017 -17298
6110 8983 -17246
6111 9051 -17398
6112 9065 -17342
6113 9101 -17526
6114 9191 -17638
6115 9127 -17558
6116 9073 -17410
6117 9065 -17422
6118 9131 -17482
6119 9137 -17522
6120 9235 -17690
6121 9263 -17694
6122 9277 -17702
6123 9207 -17622
6124 9177 -17562
6125 9205 -17558
6126 9223 -17682
6127 9095 -17318
6128 9067 -17286
6129 9151 -17458
6130 9115 -17450
6131 9129 -17394
6132 9167 -17502
6133 9183 -17550
6134 9199 -17558
6135 9183 -17534
6136 9177 -17458
6137 9125 -17282
6138 9133 -17386
6139 9211 -17602
6140 9123 -17394
6141 9123 -17414
6142 9115 -17442
6143 9181 -17422
6144 9279 -17726
6145 9269 -17694
6146 9379 -17886
6147 9315 -17782
6148 9367 -17798
6149 9381 -17834
6150 9431 -18018
6151 9419 -17974
6152 9393 -17886
6153 9347 -17806
6154 9445 -18034
6155 9415 -17938
6156 9333 -17798
6157 9303 -17794
6158 9207 -17538
6159 9193 -17502
6160 9251 -17634
6161 9205 -17554
6162 9191 -17622
6163 9175 -17498
6164 9247 -17678
6165 9287 -17690
6166 9211 -17694
6167 9227 -17674
6168 9189 -17582
6169 9197 -17638
6170 9181 -17706
6171 9141 -17502
6172 9071 -17290
6173 9097 -17278
6174 9167 -17510
6175 9127 -17390
6176 9051 -17298
6177 9111 -17346
6178 9165 -17450
6179 9111 -17278
6180 9113 -17358
6181 9187 -17462
6182 9161 -17454
6183 9137 -17374
6184 9249 -17614
6185 9181 -17538
6186 9205 -17546
6187 9159 -17454
6188 9273 -17690
6189 9231 -17494
6190 9195 -17454
6191 9251 -17586
6192 9221 -17598
6193 9215 -17610
6194 9219 -17586
6195 9243 -17650
6196 9273 -17718
6197 9297 -17830
6198 9257 -17726
6199 9199 -17562
6200 9155 -17454
6201 9141 -17466
6202 9121 -17486
6203 9127 -17466
6204 9149 -17506
6205 9193 -17526
6206 9213 -17638
6207 9205 -17618
6208 9201 -17642
6209 9231 -17602
6210 9283 -17782
6211 9191 -17626
6212 9223 -17610
6213 9193 -17486
6214 9115 -17370
6215 9105 -17382
6216 9051 -17322
6217 9069 -17486
6218 9073 -17502
6219 9101 -17606
6220 9111 -17662
6221 9101 -17554
6222 9107 -17570
6223 9151 -17598
6224 9017 -17326
6225 9005 -17278
6226 9169 -17550
6227 9221 -17618
6228 9187 -17518
6229 9191 -17622
6230 9197 -17566
6231 9253 -17642
6232 9241 -17674
6233 9223 -17798
6234 9213 -17694
6235 9143 -17558
6236 9153 -17590
6237 9149 -17578
6238 9163 -17638
6239 9101 -17442
6240 9169 -17674
6241 9063 -17430
6242 9143 -17502
6243 9179 -17506
6244 9161 -17574
6245 9137 -17658
6246 9155 -17622
6247 9147 -17642
6248 9191 -17710
6249 9169 -17734
6250 9127 -17514
6251 9125 -17502
6252 9101 -17522
6253 9113 -17534
6254 9185 -17758
6255 9287 -17822
6256 9317 -17838
6257 9263 -17694
6258 9347 -17970
6259 9295 -17806
6260 9295 -17762
6261 9239 -17510
6262 9195 -17542
6263 9141 -17334
6264 9129 -17366
6265 9209 -17502
6266 9235 -17614
6267 9227 -17638
6268 9281 -17682
6269 9241 -17542
6270 9225 -17642
6271 9193 -17626
6272 9233 -17610
6273 9279 -17610
6274 9247 -17574
6275 9129 -17426
6276 9175 -17450
6277 9237 -17698
6278 9157 -17506
6279 9217 -17590
6280 9285 -17742
6281 9293 -17810
6282 9231 -17718
6283 9235 -17718
6284 9275 -17686
6285 9229 -17578
6286 9303 -17718
6287 9287 -17682
6288 9299 -17698
6289 9373 -17930
6290 9323 -17806
6291 9317 -17866
6292 9289 -17774
6293 9207 -17558
6294 9299 -17742
6295 9213 -17694
6296 9203 -17654
6297 9191 -17518
6298 9233 -17598
6299 9309 -17706
6300 9357 -17906
6301 9289 -17646
6302 9281 -17710
6303 9287 -17642
6304 9293 -17634
6305 9359 -17786
6306 9331 -17738
6307 9253 -17574
6308 9283 -17702
6309 9271 -17746
6310 9255 -17678
6311 9239 -17566
6312 9163 -17478
6313 9189 -17530
6314 9129 -17394
6315 9187 -17642
6316 9195 -17574
6317 9273 -17682
6318 9365 -17834
6319 9301 -17734
6320 9319 -17742
6321 9355 -17866
6322 9347 -17810
6323 9249 -17538
6324 9191 -17406
6325 9197 -17574
6326 9241 -17550
6327 9335 -17854
6328 9313 -17894
6329 9285 -17854
6330 9247 -17758
6331 9247 -17578
6332 9243 -17590
6333 9237 -17562
6334 9219 -17490
6335 9255 -17594
6336 9303 -17798
6337 9283 -17670
6338 9313 -17750
6339 9305 -17722
6340 9361 -17870
6341 9273 -17682
6342 9293 -17738
6343 9299 -17690
6344 9315 -17726
6345 9313 -17802
6346 9337 -17794
6347 9381 -17942
6348 9373 -17906
6349 9331 -17906
6350 9335 -17874
6351 9275 -17854
6352 9209 -17734
6353 9151 -17570
6354 9091 -17382
6355 9117 -17422
6356 9215 -17550
6357 9241 -17726
6358 9173 -17462
6359 9137 -17434
6360 9095 -17338
6361 9139 -17490
6362 9167 -17534
6363 9211 -17506
6364 9209 -17502
6365 9279 -17730
6366 9255 -17626
6367 9279 -17630
6368 9301 -17714
6369 9277 -17722
6370 9257 -17666
6371 9199 -17546
6372 9203 -17502
6373 9305 -17762
6374 9327 -17830
6375 9231 -17718
6376 9199 -17718
6377 9127 -17426
6378 9099 -17370
6379 9191 -17554
6380 9163 -17574
6381 9157 -17466
6382 9211 -17570
6383 9143 -17462
6384 9227 -17638
6385 9141 -17454
6386 9157 -17458
6387 9143 -17474
6388 9153 -17490
6389 9171 -17462
6390 9149 -17442
6391 9239 -17678
6392 9211 -17654
6393 9171 -17542
6394 9141 -17498
6395 9141 -17506
6396 9259 -17722
6397 9329 -17838
6398 9235 -17590
6399 9175 -17550
6400 9127 -17498
6401 9053 -17486
6402 8961 -17218
6403 9033 -17298
6404 9009 -17246
6405 9061 -17338
6406 9083 -17414
6407 9151 -17462
6408 9245 -17658
6409 9259 -17594
6410 9239 -17646
6411 9213 -17618
6412 9269 -17674
6413 9233 -17562
6414 9313 -17778
6415 9217 -17474
6416 9195 -17514
6417 9253 -17658
6418 9105 -17346
6419 9185 -17530
6420 9187 -17538
6421 9263 -17710
6422 9249 -17570
6423 9313 -17758
6424 9209 -17578
6425 9247 -17754
6426 9213 -17662
6427 9243 -17634
6428 9303 -17886
6429 9221 -17654
6430 9205 -17486
6431 9237 -17562
6432 9273 -17606
6433 9279 -17638
6434 9273 -17670
6435 9249 -17710
6436 9129 -17362
6437 9169 -17494
6438 9181 -17510
6439 9235 -17738
6440 9313 -17918
6441 9253 -17690
6442 9313 -17858
6443 9325 -17866
6444 9225 -17722
6445 9301 -17882
6446 9157 -17434
6447 9119 -17366
6448 9057 -17122
6449 9075 -17302
6450 9161 -17474
6451 9227 -17734
6452 9183 -17622
6453 9201 -17630
6454 9291 -17774
6455 9355 -17946
6456 9377 -17838
6457 9371 -17850
6458 9371 -17794
6459 9359 -17778
6460 9343 -17742
6461 9329 -17738
6462 9333 -17822
6463 9361 -17898
6464 9331 -17790
6465 9341 -17830
6466 9439 -18046
6467 9395 -17946
6468 9377 -17910
6469 9303 -17810
6470 9371 -17990
6471 9303 -17822
6472 9281 -17802
6473 9317 -17826
6474 9273 -17622
6475 9273 -17586
6476 9293 -17750
6477 9273 -17726
6478 9211 -17582
6479 9281 -17714
6480 9293 -17726
6481 9377 -17942
6482 9385 -17870
6483 9333 -17858
6484 9385 -17914
6485 9295 -17722
6486 9315 -17682
6487 9369 -17930
6488 9413 -17918
6489 9335 -17762
6490 9319 -17742
6491 9377 -17938
6492 9343 -17858
6493 9297 -17714
6494 9301 -17846
6495 9345 -17902
6496 9331 -17742
6497 9379 -17898
6498 9299 -17722
6499 9339 -17818
6500 9255 -17622
6501 9251 -17658
6502 9327 -17782
6503 9271 -17658
6504 9331 -17834
6505 9259 -17702
6506 9339 -17870
6507 9269 -17666
6508 9083 -17362
6509 9087 -17458
6510 9065 -17366
6511 9001 -17270
6512 9035 -17330
6513 8953 -17186
6514 9067 -17394
6515 9067 -17378
6516 9125 -17470
6517 9157 -17526
6518 9019 -17230
6519 9051 -17170
6520 9121 -17502
6521 9101 -17446
6522 9203 -17686
6523 9249 -17810
6524 9163 -17554
6525 9197 -17670
6526 9191 -17646
6527 9175 -17570
6528 9133 -17422
6529 9195 -17554
6530 9189 -17662
6531 9115 -17430
6532 9063 -17218
6533 9277 -17714
6534 9267 -17630
6535 9201 -17526
6536 9225 -17642
6537 9175 -17618
6538 9147 -17486
6539 9151 -17458
6540 9155 -17394
6541 9217 -17494
6542 9225 -17518
6543 9247 -17714
6544 9261 -17806
6545 9215 -17686
6546 9239 -17702
6547 9181 -17554
6548 9167 -17578
6549 9145 -17466
6550 9059 -17270
6551 9145 -17406
6552 9221 -17598
6553 9127 -17346
6554 9271 -17722
6555 9263 -17710
6556 9233 -17674
6557 9315 -17822
6558 9323 -17742
6559 9289 -17630
6560 9243 -17506
6561 9269 -17586
6562 9191 -17510
6563 9265 -17582
6564 9237 -17658
6565 9177 -17518
6566 9111 -17374
6567 9065 -17290
6568 9181 -17534
6569 9155 -17538
6570 9225 -17654
6571 9267 -17702
6572 9207 -17538
6573 9247 -17758
6574 9225 -17566
6575 9325 -17854
6576 9281 -17806
6577 9253 -17690
6578 9253 -17626
6579 9159 -17418
6580 9257 -17662
6581 9221 -17510
6582 9205 -17554
6583 9219 -17582
6584 9223 -17582
6585 9229 -17662
6586 9255 -17798
6587 9271 -17718
6588 9271 -17710
6589 9199 -17590
6590 9239 -17610
6591 9213 -17630
6592 9113 -17330
6593 9029 -17218
6594 9105 -17350
6595 9049 -17294
6596 9173 -17458
6597 9235 -17634
6598 9217 -17502
6599 9247 -17630
6600 9331 -17886
6601 9315 -17702
6602 9253 -17674
6603 9275 -17754
6604 9383 -18018
6605 9381 -17930
6606 9399 -18042
6607 9407 -18058
6608 9335 -17882
6609 9389 -18030
6610 9385 -17950
6611 9337 -17918
6612 9341 -18018
6613 9367 -18062
6614 9321 -17850
6615 9247 -17714
6616 9247 -17634
6617 9207 -17582
6618 9267 -17670
6619 9311 -17778
6620 9247 -17642
6621 9213 -17554
6622 9229 -17566
6623 9291 -17782
6624 9243 -17638
6625 9205 -17570
6626 9179 -17518
6627 9223 -17526
6628 9233 -17622
6629 9231 -17546
6630 9289 -17730
6631 9307 -17826
6632 9289 -17658
6633 9341 -17698
6634 9305 -17718
6635 9275 -17610
6636 9269 -17662
6637 9255 -17638
6638 9263 -17630
6639 9255 -17762
6640 9185 -17546
6641 9327 -17834
6642 9309 -17782
6643 9255 -17682
6644 9223 -17606
6645 9153 -17510
6646 9177 -17470
6647 9227 -17562
6648 9229 -17554
6649 9253 -17634
6650 9179 -17598
6651 9181 -17614
6652 9211 -17650
6653 9237 -17582
6654 9265 -17726
6655 9277 -17802
6656 9253 -17722
6657 9315 -17890
6658 9317 -17886
6659 9309 -17818
6660 9309 -17842
6661 9311 -17798
6662 9293 -17742
6663 9303 -17682
6664 9305 -17758
6665 9295 -17734
6666 9213 -17658
6667 9233 -17602
6668 9305 -17794
6669 9317 -17794
6670 9365 -17938
6671 9353 -17894
6672 9333 -17778
6673 9261 -17578
6674 9235 -17526
6675 9171 -17506
6676 9205 -17598
6677 9171 -17522
6678 9167 -17430
6679 9231 -17598
6680 9155 -17458
6681 9175 -17590
6682 9037 -17166
6683 9119 -17346
6684 9173 -17406
6685 9213 -17574
6686 9255 -17722
6687 9193 -17538
6688 9163 -17510
6689 9183 -17646
6690 9199 -17682
6691 9097 -17478
6692 9045 -17290
6693 9157 -17458
6694 9153 -17542
6695 9137 -17526
6696 9167 -17534
6697 9201 -17542
6698 9171 -17474
6699 9159 -17566
6700 9151 -17410
6701 9165 -17490
6702 9283 -17710
6703 9303 -17818
6704 9259 -17774
6705 9243 -17690
6706 9269 -17762
6707 9313 -17810
6708 9297 -17810
6709 9217 -17586
6710 9123 -17306
6711 9167 -17422
6712 9181 -17546
6713 9211 -17602
6714 9229 -17702
6715 9335 -17926
6716 9271 -17638
6717 9295 -17670
6718 9223 -17534
6719 9199 -17566
6720 9113 -17366
6721 9119 -17422
6722 9121 -17394
6723 9255 -17706
6724 9317 -17814
6725 9333 -17798
6726 9311 -17778
6727 9229 -17626
6728 9193 -17518
6729 9197 -17542
6730 9245 -17654
6731 9213 -17582
6732 9209 -17514
6733 9249 -17702
6734 9245 -17606
6735 9223 -17582
6736 9217 -17470
6737 9197 -17406
6738 9277 -17658
6739 9365 -17898
6740 9337 -17802
6741 9305 -17770
6742 9333 -17766
6743 9263 -17646
6744 9249 -17742
6745 9299 -17846
6746 9347 -17778
6747 9307 -17738
6748 9255 -17694
6749 9259 -17702
6750 9277 -17718
6751 9237 -17578
6752 9285 -17754
6753 9285 -17758
6754 9331 -17722
6755 9331 -17906
6756 9343 -17886
6757 9387 -18054
6758 9385 -17934
6759 9359 -17878
6760 9267 -17570
6761 9269 -17510
6762 9257 -17622
6763 9227 -17590
6764 9251 -17582
6765 9285 -17666
6766 9231 -17618
6767 9129 -17418
6768 9187 -17526
6769 9237 -17606
6770 9171 -17586
6771 9145 -17466
6772 9123 -17358
6773 9203 -17562
6774 9181 -17542
6775 9167 -17378
6776 9233 -17582
6777 9173 -17426
6778 9215 -17466
6779 9221 -17582
6780 9121 -17386
6781 9169 -17414
6782 9187 -17526
6783 9191 -17634
6784 9201 -17594
6785 9249 -17702
6786 9237 -17662
6787 9219 -17742
6788 9147 -17570
6789 9203 -17542
6790 9249 -17730
6791 9271 -17726
6792 9341 -17878
6793 9369 -17878
6794 9421 -18046
6795 9309 -17798
6796 9363 -17830
6797 9275 -17690
6798 9249 -17654
6799 9365 -17954
6800 9301 -17898
6801 9327 -17918
6802 9309 -17782
6803 9355 -17934
6804 9385 -17930
6805 9363 -17802
6806 9313 -17654
6807 9343 -17886
6808 9235 -17638
6809 9221 -17614
6810 9191 -17446
6811 9151 -17362
6812 9161 -17454
6813 9147 -17434
6814 9157 -17502
6815 9141 -17482
6816 9139 -17398
6817 9209 -17566
6818 9215 -17506
6819 9237 -17618
6820 9243 -17510
6821 9287 -17610
6822 9393 -17918
6823 9323 -17762
6824 9311 -17846
6825 9315 -17798
6826 9235 -17558
6827 9223 -17570
6828 9289 -17670
6829 9203 -17570
6830 9229 -17694
6831 9255 -17778
6832 9237 -17766
6833 9187 -17522
6834 9191 -17478
6835 9225 -17570
6836 9323 -17766
6837 9303 -17738
6838 9323 -17850
6839 9273 -17682
6840 9213 -17518
6841 9281 -17762
6842 9295 -17690
6843 9249 -17630
6844 9155 -17442
6845 9211 -17414
6846 9243 -17634
6847 9237 -17750
6848 9265 -17686
6849 9233 -17702
6850 9301 -17794
6851 9357 -17906
6852 9359 -17866
6853 9355 -18006
6854 9325 -17802
6855 9285 -17718
6856 9339 -17786
6857 9317 -17742
6858 9277 -17662
6859 9297 -17682
6860 9309 -17738
6861 9315 -17742
6862 9313 -17746
6863 9307 -17718
6864 9351 -17810
6865 9343 -17870
6866 9359 -17958
6867 9353 -17830
6868 9307 -17766
6869 9225 -17642
6870 9235 -17618
6871 9149 -17510
6872 9211 -17634
6873 9165 -17462
6874 9199 -17514
6875 9247 -17562
6876 9295 -17838
6877 9137 -17438
6878 9105 -17358
6879 9193 -17522
6880 9265 -17566
6881 9291 -17786
6882 9255 -17690
6883 9239 -17598
6884 9193 -17526
6885 9123 -17326
6886 9035 -17210
6887 9103 -17246
6888 9099 -17310
6889 9083 -17246
6890 9163 -17490
6891 9233 -17610
6892 9149 -17402
6893 9145 -17382
6894 9159 -17374
6895 9219 -17610
6896 9201 -17502
6897 9183 -17554
6898 9249 -17718
6899 9273 -17706
6900 9277 -17754
6901 9279 -17818
6902 9241 -17682
6903 9257 -17698
6904 9211 -17570
6905 9201 -17622
6906 9223 -17650
6907 9159 -17518
6908 9251 -17646
6909 9265 -17798
6910 9305 -17870
6911 9221 -17666
6912 9223 -17650
6913 9173 -17502
6914 9203 -17578
6915 9239 -17686
6916 9285 -17822
6917 9267 -17698
6918 9255 -17590
6919 9253 -17682
6920 9323 -17886
6921 9373 -17982
6922 9291 -17742
6923 9283 -17714
6924 9337 -17862
6925 9341 -17858
6926 9281 -17762
6927 9271 -17774
6928 9179 -17538
6929 9145 -17510
6930 9147 -17502
6931 9183 -17422
6932 9295 -17890
6933 9261 -17806
6934 9343 -17866
6935 9417 -18186
6936 9255 -17782
6937 9315 -17882
6938 9271 -17786
6939 9219 -17594
6940 9183 -17490
6941 9183 -17602
6942 9131 -17494
6943 9101 -17438
6944 9163 -17486
6945 9139 -17526
6946 9095 -17274
6947 9127 -17410
6948 9073 -17326
6949 9101 -17434
6950 9191 -17618
6951 9173 -17582
6952 9171 -17478
6953 9205 -17614
6954 9199 -17666
6955 9233 -17678
6956 9223 -17542
6957 9295 -17678
6958 9315 -17810
6959 9325 -17910
6960 9207 -17602
6961 9181 -17566
6962 9243 -17718
6963 9293 -17838
6964 9281 -17750
6965 9189 -17598
6966 9229 -17670
6967 9205 -17654
6968 9227 -17670
6969 9119 -17406
6970 9127 -17402
6971 9199 -17650
6972 9199 -17626
6973 9161 -17502
6974 9239 -17742
6975 9299 -17790
6976 9279 -17718
6977 9363 -17946
6978 9497 -18206
6979 9437 -17974
6980 9419 -17994
6981 9499 -18242
6982 9473 -18126
6983 9459 -18086
6984 9493 -18170
6985 9435 -17974
6986 9443 -18078
6987 9405 -18022
6988 9433 -18006
6989 9285 -17710
6990 9299 -17698
6991 9253 -17642
6992 9273 -17718
6993 9317 -17914
6994 9231 -17626
6995 9219 -17530
6996 9193 -17490
6997 9215 -17626
6998 9281 -17686
6999 9271 -17666
7000 9199 -17510
7001 9241 -17674
7002 9317 -17822
7003 9335 -17822
7004 9363 -17826
7005 9299 -17786
7006 9143 -17490
7007 9181 -17514
7008 9121 -17402
7009 9071 -17286
7010 9069 -17314
7011 9115 -17358
7012 9119 -17386
7013 9149 -17526
7014 9223 -17694
7015 9155 -17594
7016 9169 -17658
7017 9225 -17654
7018 9165 -17434
7019 9207 -17710
7020 9133 -17582
7021 9113 -17410
7022 9081 -17378
7023 9259 -17766
7024 9305 -17878
7025 9323 -17938
7026 9269 -17758
7027 9165 -17394
7028 9207 -17574
7029 9309 -17758
7030 9271 -17734
7031 9327 -17798
7032 9247 -17706
7033 9269 -17654
7034 9127 -17358
7035 9075 -17330
7036 9069 -17358
7037 9011 -17222
7038 9141 -17542
7039 9111 -17454
7040 9157 -17670
7041 9095 -17442
7042 9137 -17470
7043 9111 -17482
7044 9153 -17530
7045 9327 -18002
7046 9205 -17746
7047 9175 -17702
7048 9147 -17538
7049 9185 -17666
7050 9231 -17786
7051 9181 -17550
7052 9293 -17882
7053 9203 -17550
7054 9301 -17790
7055 9297 -17842
7056 9247 -17666
7057 9217 -17670
7058 9243 -17898
7059 9267 -17898
7060 9227 -17770
7061 9179 -17518
7062 9159 -17414
7063 9257 -17658
7064 9239 -17766
7065 9193 -17578
7066 9151 -17522
7067 9151 -17538
7068 9081 -17342
7069 9105 -17322
7070 9075 -17354
7071 9091 -17326
7072 9163 -17594
7073 9219 -17682
7074 9221 -17678
7075 9229 -17742
7076 9273 -17786
7077 9261 -17718
7078 9267 -17742
7079 9253 -17838
7080 9273 -17826
7081 9183 -17666
7082 9183 -17690
7083 9219 -17862
7084 9231 -17946
7085 9239 -17894
7086 9187 -17734
7087 9139 -17658
7088 9109 -17502
7089 9119 -17478
7090 9055 -17386
7091 9023 -17290
7092 9029 -17378
7093 8977 -17302
7094 8991 -17302
7095 9017 -17394
7096 9031 -17406
7097 9045 -17442
7098 9073 -17478
7099 9039 -17278
7100 9103 -17422
7101 9151 -17558
7102 9177 -17598
7103 9167 -17574
7104 9257 -17758
7105 9183 -17634
7106 9107 -17462
7107 9091 -17510
7108 9035 -17358
7109 9097 -17538
7110 9143 -17682
7111 9087 -17462
7112 9115 -17474
7113 9131 -17450
7114 9087 -17442
7115 9075 -17394
7116 9041 -17354
7117 9065 -17466
7118 9019 -17350
7119 9023 -17334
7120 9123 -17566
7121 9079 -17434
7122 9089 -17414
7123 9101 -17470
7124 9147 -17546
7125 9157 -17742
7126 9069 -17574
7127 9035 -17514
7128 9009 -17406
7129 9009 -17482
7130 9053 -17454
7131 9043 -17390
7132 9063 -17314
7133 9169 -17678
7134 9223 -17706
7135 9179 -17562
7136 9235 -17646
7137 9219 -17598
7138 9213 -17594
7139 9233 -17754
7140 9287 -17878
7141 9247 -17798
7142 9167 -17602
7143 9233 -17762
7144 9171 -17634
7145 9141 -17650
7146 9121 -17530
7147 9087 -17394
7148 8981 -17302
7149 9003 -17210
7150 9153 -17582
7151 9063 -17414
7152 8989 -17246
7153 8997 -17294
7154 9037 -17330
7155 9049 -17378
7156 9073 -17402
7157 9097 -17422
7158 9071 -17446
7159 9113 -17442
7160 9117 -17478
7161 9143 -17578
7162 9203 -17710
7163 9169 -17538
7164 9183 -17542
7165 9157 -17542
7166 9201 -17654
7167 9223 -17666
7168 9153 -17350
7169 9189 -17526
7170 9193 -17498
7171 9215 -17538
7172 9235 -17626
7173 9257 -17774
7174 9189 -17566
7175 9223 -17650
7176 9161 -17390
7177 9235 -17538
7178 9197 -17526
7179 9167 -17410
7180 9309 -17766
7181 9227 -17630
7182 9311 -17850
7183 9325 -17786
7184 9223 -17578
7185 9257 -17670
7186 9235 -17582
7187 9291 -17666
7188 9251 -17650
7189 9267 -17778
7190 9193 -17586
7191 9193 -17774
7192 9283 -17906
7193 9229 -17722
7194 9259 -17738
7195 9309 -17746
7196 9271 -17670
7197 9199 -17546
7198 9199 -17574
7199 9255 -17602
7200 9361 -17942
7201 9377 -17950
7202 9355 -17846
7203 9349 -17878
7204 9281 -17710
7205 9321 -17802
7206 9345 -17830
7207 9295 -17658
7208 9249 -17590
7209 9239 -17586
7210 9361 -17758
7211 9415 -17990
7212 9327 -17738
7213 9377 -17818
7214 9247 -17666
7215 9227 -17614
7216 9169 -17370
7217 9281 -17766
7218 9157 -17466
7219 9187 -17578
7220 9221 -17538
7221 9257 -17566
7222 9211 -17570
7223 9239 -17622
7224 9179 -17622
7225 9195 -17634
7226 9209 -17614
7227 9197 -17510
7228 9249 -17618
7229 9191 -17462
7230 9223 -17662
7231 9263 -17694
7232 9255 -17670
7233 9249 -17658
7234 9183 -17590
7235 9173 -17534
7236 9093 -17398
7237 9067 -17462
7238 9001 -17434
7239 8979 -17410
7240 9049 -17470
7241 9019 -17522
7242 8979 -17282
7243 8927 -17074
7244 8901 -17102
7245 9049 -17362
7246 9067 -17314
7247 9129 -17474
7248 9099 -17330
7249 9075 -17514
7250 9061 -17374
7251 9061 -17198
7252 9183 -17530
7253 9177 -17550
7254 9117 -17522
7255 9049 -17334
7256 9079 -17454
7257 9141 -17538
7258 9093 -17518
7259 9019 -17254
7260 9025 -17254
7261 9079 -17358
7262 8991 -17310
7263 8957 -17322
7264 9019 -17402
7265 9027 -17426
7266 9051 -17430
7267 9049 -17466
7268 9065 -17482
7269 9127 -17654
7270 9107 -17554
7271 9073 -17462
7272 8989 -17358
7273 9029 -17418
7274 9043 -17498
7275 9033 -17430
7276 9049 -17362
7277 9041 -17426
7278 9045 -17466
7279 8975 -17322
7280 9083 -17434
7281 9205 -17686
7282 9207 -17698
7283 9209 -17638
7284 9321 -17974
7285 9219 -17590
7286 9207 -17638
7287 9259 -17702
7288 9185 -17582
7289 9225 -17658
7290 9307 -17778
7291 9335 -17810
7292 9317 -17874
7293 9195 -17582
7294 9247 -17698
7295 9277 -17662
7296 9247 -17514
7297 9225 -17562
7298 9261 -17730
7299 9185 -17486
7300 9175 -17570
7301 9201 -17534
7302 9127 -17386
7303 9203 -17526
7304 9127 -17418
7305 9051 -17262
7306 9117 -17406
7307 9015 -17178
7308 9061 -17310
7309 9115 -17414
7310 9193 -17550
7311 9259 -17782
7312 9217 -17574
7313 9169 -17534
7314 9183 -17594
7315 9191 -17558
7316 9225 -17662
7317 9249 -17710
7318 9239 -17686
7319 9223 -17622
7320 9135 -17306
7321 9209 -17590
7322 9157 -17470
7323 9135 -17474
7324 9159 -17506
7325 9211 -17518
7326 9303 -17766
7327 9307 -17786
7328 9281 -17774
7329 9203 -17466
7330 9187 -17410
7331 9161 -17470
7332 9115 -17406
7333 9153 -17426
7334 9129 -17386
7335 9269 -17682
7336 9229 -17530
7337 9187 -17482
7338 9215 -17566
7339 9239 -17678
7340 9081 -17502
7341 9105 -17526
7342 9089 -17422
7343 9005 -17294
7344 9037 -17422
7345 8899 -17086
7346 8921 -17230
7347 9029 -17406
7348 9049 -17438
7349 9049 -17266
7350 9085 -17442
7351 9203 -17726
7352 9113 -17478
7353 9137 -17602
7354 9161 -17654
7355 9177 -17802
7356 9203 -17638
7357 9145 -17622
7358 9081 -17334
7359 9251 -17702
7360 9225 -17562
7361 9197 -17594
7362 9223 -17682
7363 9139 -17450
7364 9171 -17526
7365 9193 -17578
7366 9127 -17370
7367 9275 -17718
7368 9179 -17530
7369 9257 -17570
7370 9329 -17738
7371 9259 -17654
7372 9281 -17742
7373 9331 -17842
7374 9343 -17818
7375 9341 -17822
7376 9305 -17758
7377 9321 -17882
7378 9279 -17706
7379 9213 -17574
7380 9123 -17330
7381 9101 -17278
7382 9133 -17242
7383 9123 -17406
7384 9191 -17542
7385 9229 -17662
7386 9219 -17650
7387 9271 -17742
7388 9283 -17762
7389 9337 -17822
7390 9357 -17822
7391 9319 -17826
7392 9279 -17630
7393 9245 -17598
7394 9233 -17566
7395 9235 -17606
7396 9201 -17518
7397 9177 -17462
7398 9193 -17526
7399 9209 -17494
7400 9191 -17426
7401 9241 -17570
7402 9305 -17706
7403 9289 -17638
7404 9229 -17690
7405 9243 -17666
7406 9137 -17390
7407 9239 -17622
7408 9241 -17618
7409 9259 -17670
7410 9239 -17594
7411 9275 -17558
7412 9283 -17698
7413 9317 -17774
7414 9255 -17570
7415 9223 -17550
7416 9269 -17646
7417 9213 -17602
7418 9193 -17562
7419 9247 -17574
7420 9221 -17554
7421 9169 -17458
7422 9165 -17518
7423 9119 -17482
7424 9093 -17426
7425 9041 -17358
7426 9179 -17538
7427 9131 -17474
7428 9269 -17810
7429 9243 -17778
7430 9207 -17698
7431 9123 -17590
7432 9099 -17622
7433 9155 -17626
7434 9231 -17706
7435 9173 -17606
7436 9227 -17734
7437 9063 -17322
7438 8995 -17146
7439 8975 -17122
7440 9071 -17378
7441 9065 -17334
7442 9067 -17438
7443 9033 -17346
7444 9067 -17410
7445 9079 -17410
7446 9115 -17566
7447 9105 -17554
7448 9049 -17286
7449 9075 -17466
7450 9059 -17390
7451 9163 -17498
7452 9211 -17658
7453 9311 -17870
7454 9267 -17766
7455 9243 -17670
7456 9253 -17674
7457 9289 -17786
7458 9363 -17926
7459 9241 -17678
7460 9245 -17634
7461 9209 -17606
7462 9215 -17526
7463 9315 -17818
7464 9311 -17670
7465 9351 -17826
7466 9301 -17730
7467 9279 -17614
7468 9381 -17846
7469 9373 -17910
7470 9315 -17774
7471 9301 -17746
7472 9261 -17638
7473 9263 -17642
7474 9319 -17770
7475 9329 -17834
7476 9305 -17674
7477 9331 -17830
7478 9265 -17650
7479 9255 -17614
7480 9281 -17706
7481 9317 -17714
7482 9315 -17682
7483 9273 -17594
7484 9253 -17694
7485 9195 -17518
7486 9161 -17518
7487 9083 -17274
7488 9211 -17490
7489 9273 -17710
7490 9247 -17674
7491 9143 -17402
7492 9215 -17582
7493 9189 -17626
7494 9235 -17626
7495 9241 -17678
7496 9161 -17458
7497 9177 -17494
7498 9297 -17786
7499 9295 -17826
7500 9249 -17666
7501 9237 -17614
7502 9245 -17658
7503 9271 -17666
7504 9257 -17650
7505 9263 -17646
7506 9243 -17662
7507 9219 -17690
7508 9197 -17626
7509 9091 -17226
7510 9087 -17242
7511 9107 -17298
7512 9143 -17450
7513 9215 -17466
7514 9145 -17410
7515 9293 -17786
7516 9273 -17718
7517 9263 -17790
7518 9217 -17678
7519 9231 -17766
7520 9173 -17578
7521 9291 -17790
7522 9219 -17722
7523 9265 -17686
7524 9281 -17730
7525 9273 -17702
7526 9255 -17682
7527 9211 -17650
7528 9277 -17726
7529 9315 -17826
7530 9245 -17810
7531 9293 -17898
7532 9295 -17890
7533 9275 -17782
7534 9255 -17646
7535 9151 -17534
7536 9145 -17518
7537 9225 -17706
7538 9159 -17542
7539 9223 -17774
7540 9137 -17582
7541 9089 -17394
7542 9095 -17422
7543 9195 -17614
7544 9193 -17610
7545 9163 -17426
7546 9171 -17478
7547 9245 -17638
7548 9199 -17602
7549 9253 -17690
7550 9215 -17598
7551 9299 -17758
7552 9361 -17834
7553 9337 -17778
7554 9303 -17698
7555 9281 -17598
7556 9351 -17766
7557 9429 -17970
7558 9407 -18014
7559 9333 -17798
7560 9365 -17882
7561 9413 -17894
7562 9325 -17750
7563 9373 -17886
7564 9397 -17962
7565 9391 -17970
7566 9319 -17798
7567 9245 -17554
7568 9251 -17630
7569 9143 -17382
7570 9263 -17606
7571 9241 -17546
7572 9091 -17238
7573 9107 -17402
7574 9073 -17290
7575 9189 -17646
7576 9189 -17582
7577 9287 -17754
7578 9295 -17694
7579 9253 -17546
7580 9341 -17822
7581 9211 -17598
7582 9293 -17730
7583 9309 -17786
7584 9269 -17694
7585 9279 -17890
7586 9313 -17746
7587 9263 -17726
7588 9321 -17826
7589 9329 -17970
7590 9327 -17842
7591 9281 -17834
7592 9193 -17558
7593 9197 -17642
7594 9233 -17786
7595 9265 -17794
7596 9239 -17758
7597 9231 -17670
7598 9225 -17702
7599 9245 -17750
7600 9287 -17866
7601 9341 -17866
7602 9349 -17790
7603 9313 -17822
7604 9271 -17714
7605 9309 -17766
7606 9307 -17810
7607 9289 -17714
7608 9305 -17778
7609 9307 -17730
7610 9341 -17950
7611 9265 -17790
7612 9269 -17730
7613 9281 -17818
7614 9271 -17782
7615 9203 -17566
7616 9123 -17266
7617 9193 -17430
7618 9143 -17414
7619 9131 -17386
7620 9169 -17562
7621 9241 -17570
7622 9249 -17586
7623 9269 -17698
7624 9319 -17738
7625 9255 -17542
7626 9265 -17602
7627 9247 -17646
7628 9293 -17790
7629 9289 -17750
7630 9333 -17782
7631 9377 -17998
7632 9351 -17894
7633 9383 -17966
7634 9395 -18022
7635 9287 -17766
7636 9263 -17714
7637 9245 -17714
7638 9223 -17498
7639 9247 -17670
7640 9251 -17770
7641 9285 -17798
7642 9289 -17906
7643 9177 -17658
7644 9203 -17614
7645 9139 -17486
7646 9103 -17494
7647 9155 -17438
7648 9099 -17342
7649 9039 -17198
7650 9063 -17302
7651 9083 -17334
7652 9103 -17290
7653 9129 -17270
7654 9177 -17490
7655 9181 -17502
7656 9257 -17802
7657 9365 -17914
7658 9309 -17830
7659 9299 -17814
7660 9215 -17622
7661 9199 -17554
7662 9263 -17706
7663 9275 -17686
7664 9239 -17730
7665 9119 -17418
7666 9111 -17386
7667 9103 -17402
7668 9135 -17590
7669 9161 -17622
7670 9155 -17566
7671 9199 -17638
7672 9203 -17606
7673 9119 -17486
7674 9175 -17658
7675 9155 -17670
7676 9155 -17482
7677 9195 -17614
7678 9223 -17578
7679 9233 -17642
7680 9285 -17662
7681 9273 -17782
7682 9259 -17674
7683 9235 -17510
7684 9243 -17566
7685 9241 -17530
7686 9359 -17874
7687 9279 -17754
7688 9237 -17642
7689 9273 -17706
7690 9281 -17746
7691 9201 -17466
7692 9227 -17566
7693 9311 -17782
7694 9287 -17606
7695 9287 -17750
7696 9249 -17662
7697 9197 -17586
7698 9215 -17582
7699 9203 -17582
7700 9211 -17618
7701 9223 -17674
7702 9189 -17414
7703 9291 -17690
7704 9277 -17706
7705 9347 -17886
7706 9329 -17890
7707 9393 -17986
7708 9339 -17858
7709 9355 -17918
7710 9339 -17802
7711 9299 -17690
7712 9323 -17710
7713 9335 -17818
7714 9383 -17930
7715 9311 -17750
7716 9293 -17622
7717 9271 -17554
7718 9255 -17566
7719 9325 -17874
7720 9333 -17826
7721 9295 -17830
7722 9349 -17962
7723 9345 -17814
7724 9393 -17870
7725 9397 -17886
7726 9381 -17894
7727 9263 -17638
7728 9269 -17750
7729 9241 -17542
7730 9299 -17718
7731 9359 -17922
7732 9373 -17842
7733 9313 -17758
7734 9207 -17510
7735 9121 -17378
7736 9063 -17202
7737 9131 -17482
7738 9125 -17482
7739 9143 -17458
7740 9085 -17310
7741 9131 -17486
7742 9153 -17526
7743 9141 -17446
7744 9129 -17462
7745 9145 -17518
7746 9145 -17558
7747 9153 -17574
7748 9073 -17394
7749 9145 -17510
7750 9189 -17586
7751 9133 -17446
7752 9113 -17518
7753 9199 -17678
7754 9229 -17814
7755 9219 -17802
7756 9137 -17554
7757 9127 -17506
7758 9135 -17526
7759 9053 -17282
7760 9113 -17482
7761 9135 -17514
7762 9087 -17526
7763 9159 -17654
7764 9123 -17630
7765 9239 -17754
7766 9215 -17766
7767 9227 -17822
7768 9263 -17918
7769 9189 -17702
7770 9139 -17550
7771 9057 -17214
7772 8997 -17178
7773 8961 -17102
7774 9011 -17190
7775 9055 -17266
7776 9037 -17266
7777 9011 -17210
7778 9119 -17450
7779 9191 -17658
7780 9149 -17626
7781 9215 -17698
7782 9139 -17566
7783 9169 -17710
7784 9163 -17650
7785 9163 -17698
7786 9133 -17526
7787 9089 -17426
7788 9143 -17478
7789 9167 -17606
7790 9223 -17810
7791 9127 -17514
7792 9073 -17410
7793 9169 -17654
7794 9103 -17430
7795 9105 -17582
7796 9107 -17506
7797 9075 -17438
7798 9081 -17566
7799 9113 -17550
7800 9095 -17522
7801 9177 -17654
7802 9201 -17670
7803 9137 -17518
7804 9125 -17478
7805 9147 -17542
7806 9169 -17530
7807 9211 -17498
7808 9329 -17874
7809 9317 -17838
7810 9409 -17958
7811 9411 -17958
7812 9453 -18002
7813 9511 -18130
7814 9433 -17930
7815 9397 -17850
7816 9281 -17582
7817 9267 -17554
7818 9227 -17502
7819 9209 -17382
7820 9187 -17386
7821 9207 -17534
7822 9227 -17434
7823 9131 -17266
7824 9179 -17398
7825 9233 -17530
7826 9241 -17522
7827 9253 -17586
7828 9235 -17638
7829 9253 -17718
7830 9175 -17530
7831 9237 -17718
7832 9223 -17686
7833 9283 -17858
7834 9367 -18022
7835 9403 -18098
7836 9321 -17874
7837 9331 -17882
7838 9339 -18070
7839 9349 -17926
7840 9399 -17942
7841 9339 -17818
7842 9283 -17802
7843 9185 -17542
7844 9269 -17842
7845 9311 -17814
7846 9237 -17678
7847 9293 -17822
7848 9277 -17702
7849 9243 -17710
7850 9257 -17698
7851 9263 -17770
7852 9237 -17666
7853 9305 -17698
7854 9279 -17590
7855 9297 -17738
7856 9293 -17762
7857 9313 -17830
7858 9243 -17626
7859 9259 -17858
7860 9307 -17882
7861 9269 -17770
7862 9237 -17710
7863 9219 -17502
7864 9283 -17794
7865 9329 -17878
7866 9297 -17754
7867 9273 -17678
7868 9285 -17730
7869 9273 -17654
7870 9325 -17806
7871 9287 -17674
7872 9383 -17918
7873 9365 -17818
7874 9327 -17750
7875 9227 -17502
7876 9225 -17502
7877 9219 -17570
7878 9315 -17746
7879 9265 -17810
7880 9283 -17826
7881 9179 -17542
7882 9209 -17582
7883 9197 -17478
7884 9321 -17822
7885 9253 -17634
7886 9375 -17934
7887 9379 -17846
7888 9427 -17974
7889 9429 -17934
7890 9335 -17810
7891 9271 -17794
7892 9307 -17646
7893 9273 -17622
7894 9307 -17762
7895 9369 -17902
7896 9335 -17810
7897 9289 -17654
7898 9311 -17814
7899 9277 -17770
7900 9243 -17682
7901 9241 -17786
7902 9241 -17650
7903 9175 -17522
7904 9119 -17298
7905 9191 -17546
7906 9161 -17490
7907 9201 -17690
7908 9233 -17646
7909 9285 -17702
7910 9351 -17854
7911 9371 -17782
7912 9389 -17910
7913 9397 -17942
7914 9271 -17666
7915 9265 -17658
7916 9337 -17882
7917 9395 -18022
7918 9479 -18242
7919 9359 -17970
7920 9301 -17670
7921 9255 -17570
7922 9311 -17750
7923 9343 -17854
7924 9371 -17926
7925 9289 -17710
7926 9299 -17782
7927 9335 -17842
7928 9313 -17798
7929 9239 -17658
7930 9225 -17634
7931 9223 -17730
7932 9091 -17394
7933 9197 -17622
7934 9163 -17602
7935 9175 -17570
7936 9155 -17590
7937 9261 -17806
7938 9175 -17626
7939 9123 -17454
7940 9123 -17482
7941 9143 -17470
7942 9137 -17474
7943 9175 -17554
7944 9247 -17670
7945 9137 -17310
7946 9171 -17506
7947 9167 -17574
7948 9215 -17690
7949 9159 -17526
7950 9169 -17646
7951 9095 -17430
7952 9135 -17518
7953 9089 -17354
7954 9073 -17362
7955 9191 -17598
7956 9173 -17578
7957 9225 -17646
7958 9281 -17738
7959 9225 -17566
7960 9179 -17494
7961 9259 -17766
7962 9337 -17834
7963 9341 -17826
7964 9259 -17614
7965 9351 -17874
7966 9427 -18018
7967 9317 -17790
7968 9311 -17894
7969 9329 -17830
7970 9327 -17846
7971 9361 -17834
7972 9271 -17834
7973 9257 -17666
7974 9231 -17554
7975 9247 -17610
7976 9243 -17662
7977 9307 -17714
7978 9281 -17670
7979 9195 -17658
7980 9149 -17626
7981 9145 -17486
7982 9139 -17506
7983 9187 -17670
7984 9235 -17702
7985 9251 -17750
7986 9269 -17838
7987 9351 -17878
7988 9331 -17886
7989 9331 -17766
7990 9345 -17794
7991 9291 -17718
7992 9333 -17842
7993 9233 -17610
7994 9333 -17730
7995 9271 -17602
7996 9239 -17538
7997 9179 -17482
7998 9221 -17606
7999 9263 -17738
8000 9297 -17798
8001 9343 -18002
8002 9357 -17914
8003 9407 -18054
8004 9441 -18050
8005 9317 -17822
8006 9277 -17758
8007 9235 -17658
8008 9235 -17570
8009 9209 -17570
8010 9141 -17370
8011 9081 -17266
8012 9055 -17294
8013 9105 -17438
8014 9157 -17514
8015 9153 -17518
8016 9093 -17342
8017 9083 -17374
8018 9075 -17374
8019 8981 -17202
8020 9035 -17182
8021 8961 -17138
8022 9091 -17330
8023 9173 -17554
8024 9055 -17378
8025 9033 -17322
8026 8983 -17206
8027 8909 -17006
8028 8967 -17162
8029 8967 -17054
8030 8989 -17258
8031 9041 -17382
8032 9047 -17410
8033 9179 -17590
8034 9197 -17586
8035 9285 -17726
8036 9333 -17794
8037 9305 -17722
8038 9315 -17774
8039 9295 -17630
8040 9295 -17690
8041 9359 -17910
8042 9329 -17746
8043 9289 -17750
8044 9315 -17770
8045 9281 -17714
8046 9187 -17462
8047 9237 -17598
8048 9223 -17582
8049 9185 -17538
8050 9217 -17630
8051 9205 -17646
8052 9183 -17470
8053 9199 -17650
8054 9219 -17686
8055 9219 -17642
8056 9195 -17650
8057 9223 -17610
8058 9201 -17570
8059 9091 -17346
8060 9195 -17566
8061 9151 -17486
8062 9299 -17782
8063 9195 -17506
8064 9291 -17746
8065 9291 -17734
8066 9239 -17598
8067 9207 -17522
8068 9219 -17578
8069 9219 -17550
8070 9241 -17610
8071 9227 -17594
8072 9251 -17478
8073 9301 -17634
8074 9329 -17742
8075 9325 -17786
8076 9401 -18054
8077 9413 -18042
8078 9427 -18074
8079 9377 -17962
8080 9289 -17742
8081 9305 -17758
8082 9301 -17610
8083 9297 -17690
8084 9293 -17718
8085 9275 -17734
8086 9327 -17830
8087 9395 -17934
8088 9331 -17782
8089 9389 -17942
8090 9367 -17998
8091 9351 -17902
8092 9333 -17874
8093 9293 -17730
8094 9345 -17890
8095 9295 -17834
8096 9269 -17710
8097 9177 -17418
8098 9147 -17390
8099 9139 -17310
8100 9185 -17418
8101 9145 -17362
8102 9233 -17690
8103 9217 -17650
8104 9227 -17662
8105 9307 -17810
8106 9247 -17690
8107 9209 -17586
8108 9217 -17614
8109 9209 -17574
8110 9205 -17578
8111 9157 -17566
8112 9221 -17774
8113 9183 -17562
8114 9277 -17754
8115 9261 -17662
8116 9341 -17890
8117 9337 -17842
8118 9243 -17678
8119 9203 -17310
8120 9277 -17662
8121 9235 -17570
8122 9157 -17354
8123 9247 -17630
8124 9257 -17630
8125 9291 -17646
8126 9315 -17682
8127 9361 -17766
8128 9383 -17990
8129 9345 -17818
8130 9339 -17922
8131 9257 -17618
8132 9317 -17762
8133 9231 -17574
8134 9231 -17590
8135 9297 -17818
8136 9369 -17930
8137 9343 -17958
8138 9269 -17730
8139 9355 -17866
8140 9307 -17806
8141 9291 -17886
8142 9273 -17762
8143 9223 -17722
8144 9271 -17738
8145 9263 -17626
8146 9259 -17642
8147 9211 -17610
8148 9307 -17746
8149 9297 -17798
8150 9223 -17578
8151 9299 -17786
8152 9247 -17602
8153 9269 -17666
8154 9283 -17630
8155 9315 -17762
8156 9331 -17802
8157 9347 -17890
8158 9277 -17734
8159 9307 -17874
8160 9193 -17578
8161 9229 -17578
8162 9243 -17558
8163 9281 -17790
8164 9317 -17762
8165 9379 -17946
8166 9381 -17890
8167 9403 -17914
8168 9433 -18142
8169 9371 -17930
8170 9271 -17614
8171 9371 -17910
8172 9377 -17878
8173 9329 -17810
8174 9329 -17850
8175 9277 -17638
8176 9291 -17614
8177 9219 -17498
8178 9327 -17822
8179 9389 -17974
8180 9299 -17814
8181 9285 -17746
8182 9337 -17794
8183 9317 -17858
8184 9339 -17846
8185 9285 -17758
8186 9417 -18022
8187 9307 -17734
8188 9265 -17610
8189 9211 -17542
8190 9231 -17614
8191 9251 -17650
8192 9243 -17574
8193 9209 -17534
8194 9267 -17682
8195 9239 -17570
8196 9099 -17250
8197 9089 -17342
8198 9179 -17546
8199 9167 -17550
8200 9221 -17686
8201 9121 -17366
8202 9069 -17238
8203 9035 -17238
8204 9081 -17414
8205 9075 -17366
8206 9113 -17514
8207 9121 -17542
8208 9059 -17290
8209 9139 -17594
8210 9097 -17354
8211 9209 -17626
8212 9177 -17546
8213 9123 -17406
8214 9187 -17562
8215 9299 -17970
8216 9281 -17890
8217 9227 -17670
8218 9217 -17622
8219 9177 -17594
8220 9121 -17554
8221 9105 -17482
8222 9165 -17634
8223 9147 -17606
8224 9245 -17826
8225 9301 -17826
8226 9295 -17810
8227 9335 -17854
8228 9297 -17822
8229 9245 -17762
8230 9287 -17734
8231 9289 -17818
8232 9221 -17522
8233 9189 -17490
8234 9287 -17674
8235 9273 -17622
8236 9373 -17934
8237 9289 -17718
8238 9213 -17606
8239 9199 -17698
8240 9199 -17618
8241 9177 -17422
8242 9131 -17298
8243 9229 -17526
8244 9213 -17526
8245 9299 -17682
8246 9337 -17790
8247 9337 -17770
8248 9325 -17774
8249 9239 -17474
8250 9333 -17786
8251 9329 -17838
8252 9217 -17610
8253 9223 -17606
8254 9305 -17634
8255 9355 -17834
8256 9387 -17978
8257 9375 -17986
8258 9401 -18090
8259 9371 -17954
8260 9291 -17850
8261 9229 -17634
8262 9269 -17682
8263 9285 -17734
8264 9253 -17706
8265 9209 -17702
8266 9171 -17466
8267 9205 -17550
8268 9267 -17722
8269 9323 -17942
8270 9333 -17950
8271 9317 -17782
8272 9277 -17706
8273 9301 -17862
8274 9233 -17562
8275 9267 -17758
8276 9327 -17798
8277 9283 -17562
8278 9257 -17594
8279 9289 -17698
8280 9347 -17938
8281 9321 -17870
8282 9307 -17810
8283 9339 -17826
8284 9241 -17562
8285 9305 -17662
8286 9337 -17806
8287 9333 -17762
8288 9281 -17670
8289 9405 -17922
8290 9355 -17806
8291 9379 -17962
8292 9465 -18154
8293 9491 -18222
8294 9409 -17914
8295 9413 -18030
8296 9267 -17690
8297 9253 -17626
8298 9275 -17690
8299 9187 -17494
8300 9237 -17622
8301 9191 -17506
8302 9223 -17506
8303 9279 -17766
8304 9317 -17834
8305 9323 -17798
8306 9315 -17710
8307 9231 -17662
8308 9233 -17602
8309 9293 -17750
8310 9387 -17942
8311 9347 -17858
8312 9245 -17654
8313 9197 -17506
8314 9281 -17762
8315 9273 -17582
8316 9319 -17738
8317 9267 -17702
8318 9313 -17830
8319 9349 -17994
8320 9331 -17870
8321 9243 -17658
8322 9265 -17750
8323 9263 -17750
8324 9285 -17766
8325 9295 -17802
8326 9281 -17738
8327 9249 -17590
8328 9267 -17726
8329 9259 -17682
8330 9165 -17430
8331 9229 -17606
8332 9191 -17606
8333 9247 -17710
8334 9299 -17850
8335 9347 -17922
8336 9305 -17770
8337 9307 -17818
8338 9251 -17726
8339 9259 -17806
8340 9251 -17806
8341 9291 -17894
8342 9267 -17878
8343 9173 -17650
8344 9177 -17590
8345 9197 -17706
8346 9237 -17654
8347 9315 -17754
8348 9351 -17886
8349 9383 -17886
8350 9315 -17774
8351 9269 -17586
8352 9253 -17638
8353 9223 -17698
8354 9175 -17526
8355 9143 -17554
8356 9183 -17638
8357 9189 -17578
8358 9265 -17750
8359 9303 -17774
8360 9243 -17562
8361 9257 -17722
8362 9109 -17486
8363 9081 -17310
8364 9107 -17562
8365 9079 -17586
8366 9047 -17526
8367 9055 -17378
8368 9141 -17438
8369 9089 -17330
8370 9103 -17442
8371 9175 -17470
8372 9219 -17542
8373 9201 -17474
8374 9311 -17794
8375 9315 -17750
8376 9361 -17838
8377 9317 -17738
8378 9361 -17878
8379 9405 -18026
8380 9361 -17926
8381 9401 -18054
8382 9293 -17614
8383 9301 -17746
8384 9301 -17778
8385 9269 -17698
8386 9195 -17646
8387 9153 -17606
8388 9149 -17558
8389 9125 -17538
8390 9179 -17622
8391 9081 -17390
8392 9115 -17522
8393 9077 -17610
8394 9181 -17830
8395 9111 -17706
8396 9081 -17470
8397 9073 -17554
8398 9129 -17618
8399 9129 -17414
8400 9199 -17578
8401 9161 -17622
8402 9213 -17742
8403 9177 -17686
8404 9161 -17622
8405 9099 -17486
8406 9205 -17782
8407 9175 -17738
8408 9183 -17802
8409 9071 -17462
8410 8965 -17186
8411 9027 -17354
8412 9155 -17566
8413 9117 -17494
8414 9127 -17598
8415 9115 -17614
8416 9055 -17478
8417 9085 -17434
8418 9145 -17542
8419 9033 -17350
8420 9055 -17334
8421 9077 -17494
8422 9101 -17398
8423 9055 -17354
8424 9119 -17454
8425 9103 -17426
8426 9129 -17486
8427 9145 -17434
8428 9137 -17574
8429 9139 -17486
8430 9163 -17526
8431 9129 -17442
8432 9173 -17514
8433 9199 -17578
8434 9193 -17542
8435 9213 -17718
8436 9159 -17550
8437 9231 -17586
8438 9245 -17698
8439 9297 -17766
8440 9303 -17826
8441 9169 -17422
8442 9195 -17498
8443 9215 -17606
8444 9275 -17682
8445 9345 -17850
8446 9375 -17898
8447 9345 -17858
8448 9357 -17762
8449 9363 -17774
8450 9325 -17798
8451 9197 -17462
8452 9263 -17482
8453 9247 -17498
8454 9279 -17634
8455 9315 -17726
8456 9321 -17854
8457 9301 -17774
8458 9187 -17458
8459 9081 -17254
8460 9113 -17406
8461 9147 -17406
8462 9139 -17458
8463 9143 -17398
8464 9197 -17558
8465 9315 -17918
8466 9219 -17506
8467 9059 -17178
8468 9129 -17334
8469 9049 -17162
8470 9129 -17386
8471 9041 -17230
8472 9005 -17266
8473 9067 -17422
8474 9081 -17374
8475 9063 -17242
8476 9089 -17322
8477 9065 -17266
8478 9131 -17450
8479 9201 -17610
8480 9243 -17646
8481 9205 -17574
8482 9161 -17478
8483 9137 -17498
8484 9155 -17514
8485 9269 -17714
8486 9181 -17454
8487 9285 -17762
8488 9305 -17774
8489 9317 -18018
8490 9379 -18002
8491 9415 -18154
8492 9335 -17894
8493 9339 -17898
8494 9259 -17758
8495 9203 -17610
8496 9129 -17522
8497 9165 -17426
8498 9125 -17394
8499 9121 -17442
8500 9175 -17490
8501 9257 -17758
8502 9293 -17858
8503 9193 -17666
8504 9129 -17450
8505 9183 -17546
8506 9121 -17454
8507 9209 -17650
8508 9261 -17838
8509 9203 -17646
8510 9175 -17430
8511 9149 -17446
8512 9161 -17326
8513 9209 -17574
8514 9221 -17654
8515 9199 -17662
8516 9227 -17742
8517 9147 -17538
8518 9121 -17438
8519 9163 -17554
8520 9093 -17406
8521 9037 -17326
8522 9079 -17326
8523 9059 -17402
8524 9111 -17398
8525 9163 -17518
8526 9089 -17382
8527 9117 -17394
8528 9153 -17646
8529 9215 -17702
8530 9267 -17710
8531 9265 -17746
8532 9281 -17678
8533 9257 -17666
8534 9221 -17486
8535 9261 -17738
8536 9311 -17786
8537 9289 -17602
8538 9331 -17710
8539 9363 -17830
8540 9313 -17734
8541 9293 -17798
8542 9281 -17726
8543 9243 -17766
8544 9245 -17678
8545 9271 -17662
8546 9265 -17726
8547 9243 -17654
8548 9249 -17646
8549 9225 -17606
8550 9269 -17698
8551 9289 -17666
8552 9329 -17798
8553 9273 -17646
8554 9263 -17618
8555 9275 -17702
8556 9197 -17526
8557 9195 -17414
8558 9129 -17366
8559 9131 -17422
8560 9137 -17530
8561 9191 -17578
8562 9239 -17794
8563 9209 -17750
8564 9253 -17742
8565 9141 -17482
8566 9149 -17522
8567 9211 -17682
8568 9119 -17546
8569 9125 -17510
8570 9157 -17442
8571 9253 -17654
8572 9227 -17510
8573 9305 -17662
8574 9331 -17766
8575 9365 -17914
8576 9301 -17734
8577 9205 -17570
8578 9203 -17610
8579 9325 -17850
8580 9313 -17802
8581 9195 -17478
8582 9173 -17386
8583 9159 -17418
8584 9147 -17290
8585 9193 -17526
8586 9207 -17626
8587 9251 -17606
8588 9235 -17566
8589 9327 -17774
8590 9277 -17702
8591 9261 -17678
8592 9275 -17698
8593 9253 -17670
8594 9299 -17750
8595 9347 -17878
8596 9263 -17718
8597 9281 -17742
8598 9337 -17922
8599 9359 -18034
8600 9423 -18106
8601 9355 -17882
8602 9415 -17974
8603 9385 -17814
8604 9301 -17702
8605 9299 -17802
8606 9317 -17870
8607 9299 -17802
8608 9269 -17722
8609 9275 -17810
8610 9181 -17666
8611 9129 -17474
8612 9155 -17490
8613 9193 -17606
8614 9275 -17830
8615 9243 -17794
8616 9181 -17710
8617 9103 -17450
8618 9163 -17622
8619 9129 -17466
8620 9175 -17478
8621 9209 -17622
8622 9217 -17638
8623 9253 -17678
8624 9277 -17850
8625 9229 -17638
8626 9203 -17582
8627 9179 -17578
8628 9177 -17618
8629 9109 -17286
8630 9219 -17498
8631 9285 -17694
8632 9247 -17698
8633 9273 -17858
8634 9375 -17942
8635 9359 -17958
8636 9313 -17806
8637 9243 -17610
8638 9195 -17514
8639 9241 -17662
8640 9161 -17374
8641 9173 -17502
8642 9081 -17422
8643 9113 -17474
8644 9129 -17626
8645 9199 -17730
8646 9213 -17846
8647 9197 -17786
8648 9201 -17866
8649 9143 -17710
8650 9175 -17674
8651 9233 -17826
8652 9193 -17782
8653 9241 -17870
8654 9197 -17734
8655 9193 -17762
8656 9113 -17554
8657 9061 -17450
8658 8981 -17374
8659 9023 -17394
8660 9011 -17218
8661 9075 -17422
8662 9125 -17490
8663 9075 -17398
8664 9067 -17370
8665 9079 -17438
8666 9097 -17498
8667 9099 -17546
8668 9171 -17578
8669 9177 -17694
8670 9087 -17414
8671 9109 -17334
8672 9145 -17386
8673 9249 -17574
8674 9221 -17554
8675 9237 -17582
8676 9197 -17494
8677 9271 -17730
8678 9247 -17638
8679 9215 -17518
8680 9267 -17846
8681 9229 -17642
8682 9291 -17762
8683 9331 -17914
8684 9351 -17826
8685 9287 -17746
8686 9255 -17618
8687 9223 -17550
8688 9159 -17418
8689 9163 -17478
8690 9195 -17590
8691 9199 -17606
8692 9217 -17590
8693 9247 -17682
8694 9267 -17714
8695 9277 -17678
8696 9339 -17770
8697 9243 -17606
8698 9263 -17654
8699 9311 -17730
8700 9365 -17802
8701 9273 -17482
8702 9255 -17558
8703 9203 -17466
8704 9295 -17702
8705 9251 -17606
8706 9383 -18010
8707 9371 -17974
8708 9425 -17986
8709 9365 -17862
8710 9283 -17642
8711 9325 -17878
8712 9269 -17730
8713 9363 -17826
8714 9433 -17994
8715 9397 -17898
8716 9369 -17914
8717 9359 -17870
8718 9361 -17882
8719 9351 -17858
8720 9319 -17786
8721 9283 -17602
8722 9131 -17226
8723 9291 -17634
8724 9243 -17630
8725 9267 -17718
8726 9323 -17758
8727 9261 -17642
8728 9147 -17330
8729 9101 -17366
8730 9109 -17418
8731 9183 -17642
8732 9207 -17682
8733 9213 -17670
8734 9157 -17546
8735 9169 -17578
8736 9269 -17686
8737 9209 -17490
8738 9315 -17742
8739 9281 -17622
8740 9261 -17634
8741 9207 -17498
8742 9203 -17586
8743 9059 -17314
8744 9025 -17310
8745 9059 -17482
8746 9033 -17370
8747 9007 -17246
8748 9155 -17542
8749 9093 -17366
8750 9157 -17602
8751 9047 -17190
8752 9119 -17530
8753 9131 -17486
8754 9157 -17502
8755 9181 -17486
8756 9217 -17618
8757 9141 -17498
8758 9239 -17682
8759 9195 -17606
8760 9121 -17518
8761 9151 -17550
8762 9093 -17410
8763 9101 -17342
8764 9115 -17562
8765 9261 -17818
8766 9215 -17706
8767 9195 -17658
8768 9203 -17642
8769 9111 -17430
8770 9163 -17638
8771 9213 -17794
8772 9217 -17766
8773 9171 -17678
8774 9233 -17730
8775 9245 -17826
8776 9245 -17686
8777 9309 -17850
8778 9303 -17766
8779 9295 -17810
8780 9305 -17882
8781 9275 -17874
8782 9203 -17562
8783 9187 -17510
8784 9245 -17550
8785 9193 -17538
8786 9175 -17598
8787 9129 -17382
8788 9085 -17434
8789 9129 -17522
8790 9155 -17486
8791 9125 -17506
8792 9115 -17406
8793 9161 -17566
8794 9237 -17630
8795 9137 -17466
8796 9159 -17490
8797 9167 -17490
8798 9119 -17446
8799 9103 -17434
8800 9217 -17734
8801 9205 -17722
8802 9193 -17706
8803 9179 -17654
8804 9241 -17730
8805 9255 -17870
8806 9215 -17754
8807 9171 -17618
8808 9209 -17702
8809 9189 -17654
8810 9121 -17434
8811 9123 -17534
8812 9065 -17390
8813 9095 -17570
8814 9025 -17394
8815 9073 -17514
8816 9173 -17562
8817 9135 -17518
8818 9145 -17542
8819 9179 -17610
8820 9213 -17642
8821 9173 -17650
8822 9127 -17550
8823 9179 -17618
8824 9227 -17654
8825 9245 -17686
8826 9257 -17734
8827 9199 -17694
8828 9189 -17510
8829 9057 -17330
8830 9027 -17342
8831 9021 -17190
8832 9099 -17478
8833 9219 -17694
8834 9169 -17570
8835 9219 -17610
8836 9319 -17774
8837 9279 -17614
8838 9259 -17570
8839 9249 -17606
8840 9291 -17694
8841 9299 -17670
8842 9365 -17850
8843 9367 -17830
8844 9287 -17770
8845 9339 -17894
8846 9257 -17646
8847 9333 -17886
8848 9345 -17846
8849 9281 -17742
8850 9353 -17870
8851 9299 -17842
8852 9241 -17782
8853 9211 -17622
8854 9241 -17638
8855 9159 -17446
8856 9183 -17630
8857 9115 -17566
8858 9157 -17686
8859 9213 -17734
8860 9241 -17706
8861 9309 -17718
8862 9241 -17630
8863 9239 -17610
8864 9359 -17874
8865 9309 -17662
8866 9239 -17642
8867 9183 -17418
8868 9159 -17434
8869 9217 -17498
8870 9219 -17522
8871 9269 -17734
8872 9253 -17670
8873 9369 -17934
8874 9267 -17810
8875 9251 -17782
8876 9261 -17718
8877 9327 -17806
8878 9309 -17670
8879 9235 -17574
8880 9243 -17662
8881 9257 -17702
8882 9227 -17730
8883 9155 -17646
8884 9219 -17762
8885 9191 -17794
8886 9121 -17526
8887 9049 -17386
8888 9063 -17442
8889 9065 -17386
8890 9049 -17318
8891 9061 -17334
8892 9179 -17682
8893 9203 -17690
8894 9157 -17514
8895 9223 -17642
8896 9175 -17454
8897 9205 -17582
8898 9145 -17494
8899 9141 -17558
8900 9255 -17782
8901 9239 -17690
8902 9229 -17554
8903 9173 -17542
8904 9229 -17542
8905 9271 -17586
8906 9249 -17610
8907 9297 -17658
8908 9337 -17938
8909 9347 -17962
8910 9377 -17838
8911 9191 -17534
8912 9189 -17458
8913 9187 -17542
8914 9225 -17646
8915 9261 -17650
8916 9357 -17826
8917 9363 -17926
8918 9363 -17870
8919 9371 -17838
8920 9419 -17946
8921 9405 -17958
8922 9419 -17974
8923 9357 -17758
8924 9361 -17854
8925 9333 -17914
8926 9261 -17642
8927 9313 -17774
8928 9363 -17934
8929 9317 -17786
8930 9407 -18006
8931 9429 -18038
8932 9405 -17962
8933 9393 -17910
8934 9387 -18002
8935 9267 -17862
8936 9185 -17598
8937 9205 -17670
8938 9153 -17686
8939 9105 -17578
8940 9127 -17494
8941 9115 -17490
8942 9077 -17342
8943 9025 -17390
8944 9131 -17478
8945 9137 -17434
8946 9045 -17274
8947 9073 -17310
8948 9201 -17506
8949 9225 -17614
8950 9139 -17410
8951 9213 -17666
8952 9231 -17726
8953 9297 -17778
8954 9355 -17794
8955 9351 -17942
8956 9317 -17866
8957 9297 -17850
8958 9263 -17738
8959 9155 -17510
8960 9071 -17346
8961 9127 -17294
8962 9127 -17514
8963 9143 -17482
8964 9069 -17338
8965 9129 -17426
8966 9187 -17466
8967 9235 -17614
8968 9315 -17758
8969 9315 -17778
8970 9249 -17638
8971 9233 -17634
8972 9357 -17854
8973 9393 -17958
8974 9345 -17910
8975 9279 -17706
8976 9307 -17838
8977 9243 -17642
8978 9171 -17534
8979 9189 -17542
8980 9233 -17630
8981 9259 -17658
8982 9215 -17626
8983 9159 -17554
8984 9101 -17306
8985 9141 -17470
8986 9245 -17714
8987 9153 -17566
8988 9131 -17498
8989 9153 -17550
8990 9197 -17530
8991 9279 -17854
8992 9241 -17778
8993 9253 -17758
8994 9159 -17514
8995 9093 -17422
8996 9235 -17826
8997 9221 -17934
8998 9173 -17698
8999 9119 -17622
9000 9047 -17262
9001 8887 -17066
9002 9021 -17490
9003 9025 -17394
9004 9073 -17454
9005 9121 -17578
9006 9091 -17510
9007 9097 -17570
9008 9063 -17358
9009 9159 -17602
9010 9087 -17478
9011 9045 -17454
9012 9093 -17506
9013 9129 -17638
9014 9061 -17286
9015 9077 -17418
9016 9081 -17374
9017 9123 -17522
9018 9113 -17566
9019 9225 -18002
9020 9175 -17838
9021 9055 -17530
9022 9079 -17598
9023 9033 -17558
9024 9063 -17294
9025 9121 -17458
9026 9141 -17610
9027 9189 -17590
9028 9143 -17490
9029 9181 -17510
9030 9193 -17450
9031 9161 -17394
9032 9131 -17462
9033 9201 -17590
9034 9101 -17298
9035 9107 -17310
9036 9161 -17442
9037 9247 -17542
9038 9241 -17586
9039 9205 -17594
9040 9265 -17594
9041 9251 -17690
9042 9263 -17670
9043 9167 -17486
9044 9155 -17526
9045 9047 -17294
9046 9111 -17366
9047 9223 -17622
9048 9177 -17506
9049 9161 -17554
9050 9147 -17490
9051 9203 -17610
9052 9139 -17558
9053 9105 -17606
9054 9095 -17474
9055 8975 -17310
9056 9065 -17410
9057 9075 -17434
9058 9069 -17502
9059 9127 -17602
9060 9057 -17418
9061 9121 -17630
9062 9157 -17594
9063 9161 -17490
9064 9221 -17562
9065 9183 -17482
9066 9107 -17378
9067 9141 -17502
9068 9031 -17394
9069 9029 -17410
9070 9035 -17430
9071 9071 -17530
9072 9029 -17462
9073 9115 -17630
9074 9093 -17486
9075 9097 -17546
9076 9089 -17578
9077 9067 -17586
9078 9159 -17650
9079 9179 -17802
9080 9181 -17562
9081 9243 -17782
9082 9261 -17718
9083 9189 -17558
9084 9303 -17886
9085 9219 -17678
9086 9213 -17650
9087 9189 -17590
9088 9201 -17654
9089 9257 -17794
9090 9257 -17742
9091 9233 -17730
9092 9301 -17830
9093 9243 -17746
9094 9163 -17526
9095 9157 -17538
9096 9169 -17450
9097 9221 -17706
9098 9227 -17706
9099 9167 -17526
9100 9135 -17454
9101 9039 -17158
9102 9049 -17366
9103 8987 -17170
9104 8991 -17286
9105 9077 -17438
9106 8937 -17162
9107 9049 -17270
9108 9171 -17594
9109 9209 -17722
9110 9251 -17718
9111 9259 -17734
9112 9271 -17698
9113 9275 -17674
9114 9303 -17670
9115 9329 -17798
9116 9253 -17650
9117 9265 -17810
9118 9195 -17682
9119 9241 -17782
9120 9241 -17866
9121 9175 -17622
9122 9213 -17694
9123 9147 -17566
9124 9237 -17786
9125 9261 -17846
9126 9217 -17570
9127 9247 -17674
9128 9183 -17618
9129 9173 -17602
9130 9185 -17514
9131 9109 -17358
9132 9169 -17658
9133 9239 -17818
9134 9207 -17578
9135 9217 -17674
9136 9199 -17626
9137 9185 -17554
9138 9275 -17738
9139 9263 -17650
9140 9241 -17546
9141 9209 -17594
9142 9249 -17678
9143 9323 -17834
9144 9311 -17882
9145 9255 -17610
9146 9269 -17718
9147 9099 -17326
9148 9129 -17330
9149 9041 -17334
9150 8973 -17098
9151 9045 -17370
9152 8965 -17246
9153 8897 -17046
9154 8997 -17386
9155 9005 -17322
9156 9137 -17562
9157 9201 -17638
9158 9211 -17594
9159 9127 -17526
9160 9079 -17438
9161 9131 -17478
9162 9159 -17510
9163 9277 -17730
9164 9203 -17522
9165 9193 -17574
9166 9235 -17582
9167 9301 -17670
9168 9281 -17630
9169 9287 -17634
9170 9209 -17570
9171 9225 -17642
9172 9281 -17742
9173 9279 -17726
9174 9207 -17642
9175 9213 -17586
9176 9187 -17574
9177 9191 -17614
9178 9233 -17642
9179 9189 -17530
9180 9133 -17462
9181 9063 -17258
9182 9043 -17130
9183 8971 -17030
9184 9033 -17246
9185 9075 -17418
9186 9011 -17274
9187 9069 -17370
9188 9151 -17566
9189 9235 -17706
9190 9151 -17422
9191 9135 -17450
9192 9111 -17522
9193 9125 -17482
9194 9137 -17482
9195 9159 -17454
9196 9159 -17534
9197 9207 -17638
9198 9259 -17726
9199 9207 -17570
9200 9179 -17430
9201 9235 -17574
9202 9315 -17890
9203 9259 -17730
9204 9295 -17702
9205 9225 -17634
9206 9237 -17690
9207 9167 -17538
9208 9105 -17414
9209 9061 -17342
9210 9135 -17474
9211 9143 -17434
9212 9139 -17474
9213 9151 -17534
9214 9229 -17734
9215 9273 -17814
9216 9209 -17582
9217 9173 -17650
9218 9163 -17634
9219 9205 -17822
9220 9185 -17834
9221 9117 -17562
9222 9125 -17610
9223 9081 -17522
9224 9071 -17350
9225 9095 -17386
9226 9079 -17498
9227 9107 -17438
9228 9109 -17494
9229 9027 -17290
9230 9079 -17454
9231 9261 -17794
9232 9261 -17706
9233 9285 -17774
9234 9279 -17702
9235 9335 -17786
9236 9295 -17790
9237 9299 -17734
9238 9351 -17914
9239 9337 -17838
9240 9277 -17674
9241 9297 -17710
9242 9279 -17694
9243 9217 -17594
9244 9213 -17570
9245 9235 -17658
9246 9195 -17654
9247 9233 -17578
9248 9241 -17706
9249 9291 -17774
9250 9329 -17774
9251 9247 -17574
9252 9299 -17782
9253 9283 -17730
9254 9213 -17542
9255 9231 -17638
9256 9251 -17698
9257 9253 -17710
9258 9271 -17694
9259 9269 -17662
9260 9231 -17662
9261 9155 -17410
9262 9221 -17614
9263 9153 -17406
9264 9095 -17330
9265 9117 -17366
9266 9189 -17638
9267 9173 -17554
9268 9199 -17698
9269 9209 -17650
9270 9251 -17838
9271 9223 -17734
9272 9159 -17598
9273 9115 -17446
9274 9205 -17646
9275 9189 -17570
9276 9145 -17386
9277 9209 -17474
9278 9291 -17818
9279 9301 -17686
9280 9359 -17774
9281 9349 -17814
9282 9319 -17678
9283 9335 -17802
9284 9333 -17866
9285 9325 -17762
9286 9277 -17634
9287 9315 -17726
9288 9369 -18002
9289 9365 -17986
9290 9311 -17866
9291 9289 -17818
9292 9341 -17862
9293 9319 -17794
9294 9221 -17474
9295 9239 -17550
9296 9193 -17470
9297 9197 -17538
9298 9201 -17538
9299 9217 -17594
9300 9199 -17650
9301 9329 -17906
9302 9337 -17906
9303 9339 -17802
9304 9367 -17998
9305 9325 -17894
9306 9307 -17738
9307 9309 -17650
9308 9281 -17722
9309 9217 -17618
9310 9211 -17594
9311 9185 -17490
9312 9169 -17530
9313 9289 -17910
9314 9345 -17966
9315 9329 -17762
9316 9263 -17650
9317 9267 -17830
9318 9205 -17594
9319 9069 -17374
9320 9045 -17214
9321 9037 -17190
9322 9091 -17406
9323 9067 -17394
9324 9121 -17390
9325 9159 -17410
9326 9211 -17634
9327 9197 -17578
9328 9249 -17654
9329 9225 -17606
9330 9331 -17830
9331 9371 -18034
9332 9245 -17798
9333 9261 -17754
9334 9277 -17898
9335 9223 -17670
9336 9241 -17582
9337 9275 -17618
9338 9207 -17498
9339 9197 -17550
9340 9205 -17586
9341 9213 -17610
9342 9239 -17690
9343 9199 -17602
9344 9267 -17770
9345 9259 -17690
9346 9345 -17914
9347 9295 -17702
9348 9191 -17486
9349 9157 -17402
9350 9089 -17246
9351 9153 -17450
9352 9251 -17610
9353 9221 -17642
9354 9225 -17702
9355 9239 -17578
9356 9297 -17798
9357 9237 -17702
9358 9263 -17774
9359 9197 -17570
9360 9109 -17382
9361 9147 -17522
9362 9051 -17362
9363 9037 -17214
9364 9101 -17322
9365 9087 -17386
9366 9089 -17362
9367 9261 -17754
9368 9301 -17882
9369 9263 -17750
9370 9261 -17698
9371 9151 -17558
9372 9153 -17566
9373 9161 -17538
9374 9201 -17670
9375 9163 -17558
9376 9149 -17474
9377 9143 -17454
9378 9091 -17378
9379 9113 -17502
9380 9131 -17402
9381 9135 -17402
9382 9243 -17630
9383 9325 -17830
9384 9277 -17666
9385 9273 -17650
9386 9259 -17698
9387 9137 -17502
9388 9115 -17386
9389 9133 -17410
9390 9125 -17386
9391 9249 -17702
9392 9249 -17734
9393 9245 -17758
9394 9247 -17830
9395 9199 -17642
9396 9175 -17530
9397 9151 -17454
9398 9183 -17378
9399 9231 -17610
9400 9245 -17610
9401 9313 -17850
9402 9311 -17842
9403 9269 -17786
9404 9191 -17598
9405 9265 -17774
9406 9219 -17710
9407 9243 -17718
9408 9253 -17706
9409 9283 -17774
9410 9301 -17782
9411 9375 -17942
9412 9265 -17734
9413 9253 -17674
9414 9357 -17938
9415 9323 -17814
9416 9267 -17782
9417 9381 -18082
9418 9351 -17942
9419 9277 -17762
9420 9257 -17682
9421 9189 -17614
9422 9153 -17470
9423 9153 -17374
9424 9245 -17498
9425 9263 -17606
9426 9161 -17386
9427 9203 -17558
9428 9165 -17398
9429 9175 -17338
9430 9177 -17302
9431 9225 -17498
9432 9269 -17622
9433 9293 -17758
9434 9193 -17506
9435 9175 -17514
9436 9189 -17602
9437 9209 -17598
9438 9215 -17634
9439 9227 -17630
9440 9193 -17522
9441 9213 -17662
9442 9133 -17566
9443 9115 -17498
9444 9069 -17370
9445 9085 -17546
9446 9083 -17606
9447 9031 -17318
9448 9029 -17394
9449 8999 -17450
9450 9077 -17542
9451 9059 -17566
9452 9147 -17698
9453 9131 -17710
9454 9241 -17814
9455 9293 -17914
9456 9345 -17862
9457 9309 -17766
9458 9215 -17526
9459 9235 -17522
9460 9293 -17798
9461 9227 -17578
9462 9251 -17642
9463 9267 -17726
9464 9253 -17738
9465 9217 -17610
9466 9261 -17758
9467 9223 -17666
9468 9303 -17778
9469 9335 -17866
9470 9303 -17706
9471 9239 -17574
9472 9225 -17478
9473 9219 -17526
9474 9267 -17618
9475 9225 -17554
9476 9195 -17442
9477 9197 -17562
9478 9125 -17454
9479 9211 -17630
9480 9273 -17646
9481 9339 -17794
9482 9245 -17562
9483 9231 -17558
9484 9239 -17582
9485 9191 -17406
9486 9213 -17442
9487 9255 -17646
9488 9237 -17494
9489 9237 -17566
9490 9293 -17638
9491 9265 -17642
9492 9215 -17582
9493 9283 -17710
9494 9271 -17726
9495 9265 -17758
9496 9295 -17758
9497 9243 -17718
9498 9295 -17842
9499 9309 -17798
9500 9315 -17882
9501 9275 -17846
9502 9281 -17830
9503 9209 -17670
9504 9141 -17554
9505 9135 -17494
9506 9185 -17522
9507 9151 -17510
9508 9159 -17490
9509 9077 -17238
9510 9039 -17246
9511 9047 -17286
9512 9123 -17450
9513 9147 -17458
9514 9253 -17722
9515 9283 -17770
9516 9181 -17422
9517 9159 -17450
9518 9237 -17662
9519 9177 -17442
9520 9159 -17506
9521 9003 -17186
9522 9145 -17442
9523 9213 -17626
9524 9185 -17570
9525 9229 -17666
9526 9263 -17642
9527 9151 -17430
9528 9187 -17554
9529 9209 -17582
9530 9231 -17554
9531 9169 -17510
9532 9111 -17378
9533 9201 -17574
9534 9197 -17546
9535 9205 -17646
9536 9167 -17446
9537 9153 -17406
9538 9193 -17662
9539 9149 -17482
9540 9007 -17202
9541 9111 -17450
9542 9137 -17382
9543 9147 -17406
9544 9087 -17214
9545 9193 -17490
9546 9263 -17794
9547 9193 -17494
9548 9187 -17490
9549 9191 -17502
9550 9171 -17518
9551 9265 -17754
9552 9353 -17906
9553 9343 -17930
9554 9313 -17938
9555 9253 -17822
9556 9221 -17698
9557 9221 -17726
9558 9293 -17922
9559 9215 -17714
9560 9205 -17630
9561 9249 -17854
9562 9293 -17786
9563 9241 -17830
9564 9273 -17774
9565 9283 -17786
9566 9191 -17514
9567 9179 -17522
9568 9185 -17450
9569 9099 -17262
9570 9113 -17278
9571 9105 -17394
9572 9023 -17142
9573 9043 -17266
9574 9061 -17270
9575 9055 -17394
9576 9111 -17562
9577 9059 -17426
9578 9065 -17390
9579 9087 -17466
9580 9089 -17510
9581 9075 -17402
9582 9079 -17402
9583 9143 -17538
9584 9145 -17502
9585 9079 -17322
9586 9205 -17686
9587 9207 -17450
9588 9189 -17358
9589 9235 -17474
9590 9273 -17586
9591 9247 -17574
9592 9225 -17598
9593 9161 -17518
9594 9289 -17822
9595 9255 -17818
9596 9301 -17858
9597 9187 -17678
9598 9117 -17606
9599 9033 -17414
9600 8957 -17170
9601 9051 -17426
9602 9135 -17630
9603 9127 -17582
9604 9117 -17482
9605 9153 -17462
9606 9175 -17570
9607 9193 -17614
9608 9189 -17646
9609 9219 -17706
9610 9247 -17830
9611 9229 -17770
9612 9175 -17614
9613 9243 -17698
9614 9153 -17522
9615 9209 -17714
9616 9209 -17578
9617 9167 -17498
9618 9205 -17610
9619 9237 -17738
9620 9239 -17722
9621 9227 -17694
9622 9193 -17654
9623 9183 -17630
9624 9185 -17662
9625 9225 -17630
9626 9243 -17778
9627 9265 -17754
9628 9297 -17874
9629 9175 -17666
9630 9233 -17718
9631 9163 -17574
9632 9187 -17634
9633 9229 -17670
9634 9277 -17878
9635 9165 -17514
9636 9145 -17534
9637 9215 -17638
9638 9163 -17626
9639 9185 -17602
9640 9177 -17438
9641 9261 -17658
9642 9245 -17646
9643 9231 -17590
9644 9213 -17594
9645 9243 -17602
9646 9309 -17870
9647 9209 -17594
9648 9331 -17882
9649 9343 -17902
9650 9299 -17802
9651 9281 -17734
9652 9193 -17622
9653 9211 -17670
9654 9229 -17634
9655 9193 -17602
9656 9223 -17586
9657 9177 -17458
9658 9251 -17654
9659 9239 -17566
9660 9229 -17582
9661 9261 -17634
9662 9213 -17558
9663 9225 -17722
9664 9183 -17638
9665 9201 -17622
9666 9191 -17670
9667 9173 -17514
9668 9213 -17590
9669 9273 -17846
9670 9291 -17878
9671 9221 -17690
9672 9125 -17342
9673 9217 -17566
9674 9159 -17430
9675 9241 -17566
9676 9129 -17302
9677 9129 -17410
9678 9143 -17442
9679 9205 -17714
9680 9255 -17842
9681 9301 -17962
9682 9305 -18062
9683 9251 -17774
9684 9271 -17838
9685 9253 -17802
9686 9221 -17750
9687 9279 -17794
9688 9269 -17770
9689 9101 -17506
9690 9057 -17354
9691 9105 -17546
9692 9137 -17562
9693 9129 -17678
9694 9071 -17410
9695 9155 -17662
9696 9205 -17870
9697 9183 -17794
9698 9163 -17658
9699 9173 -17654
9700 9175 -17782
9701 9081 -17610
9702 9033 -17506
9703 9025 -17538
9704 9057 -17570
9705 9015 -17486
9706 9099 -17674
9707 9173 -17702
9708 9089 -17502
9709 9037 -17426
9710 9083 -17638
9711 9021 -17538
9712 9093 -17754
9713 9033 -17762
9714 9031 -17598
9715 9101 -17806
9716 9103 -17706
9717 9093 -17810
9718 9037 -17698
9719 9099 -17658
9720 9099 -17710
9721 9091 -17690
9722 8965 -17338
9723 9023 -17398
9724 9083 -17666
9725 9109 -17730
9726 9067 -17722
9727 9097 -17818
9728 9093 -17718
9729 9031 -17534
9730 9079 -17674
9731 9069 -17738
9732 9015 -17610
9733 8959 -17506
9734 8943 -17466
9735 8913 -17442
9736 9009 -17474
9737 8951 -17442
9738 8991 -17442
9739 9047 -17526
9740 8953 -17262
9741 8945 -17158
9742 8959 -17334
9743 9049 -17582
9744 9073 -17654
9745 9123 -17710
9746 9135 -17578
9747 9119 -17542
9748 9149 -17630
9749 9129 -17602
9750 9135 -17606
9751 9249 -17818
9752 9073 -17390
9753 9111 -17470
9754 9093 -17446
9755 9075 -17346
9756 9133 -17522
9757 9147 -17550
9758 9219 -17746
9759 9191 -17590
9760 9323 -17778
9761 9255 -17726
9762 9353 -17874
9763 9385 -17970
9764 9393 -17866
9765 9403 -17914
9766 9403 -17942
9767 9373 -17822
9768 9405 -17922
9769 9351 -17806
9770 9389 -17958
9771 9317 -17766
9772 9403 -17954
9773 9309 -17850
9774 9341 -17802
9775 9343 -17842
9776 9319 -17774
9777 9353 -17798
9778 9325 -17686
9779 9343 -17702
9780 9321 -17690
9781 9297 -17698
9782 9289 -17754
9783 9299 -17650
9784 9291 -17678
9785 9371 -17862
9786 9291 -17674
9787 9251 -17630
9788 9343 -17946
9789 9311 -17830
9790 9261 -17690
9791 9223 -17658
9792 9231 -17646
9793 9285 -17658
9794 9297 -17714
9795 9285 -17634
9796 9193 -17434
9797 9201 -17518
9798 9189 -17430
9799 9135 -17342
9800 9131 -17362
9801 9245 -17574
9802 9275 -17658
9803 9207 -17518
9804 9147 -17310
9805 9179 -17442
9806 9261 -17614
9807 9207 -17458
9808 9167 -17470
9809 9229 -17558
9810 9215 -17522
9811 9279 -17762
9812 9123 -17406
9813 9101 -17346
9814 9133 -17498
9815 9173 -17458
9816 9231 -17546
9817 9191 -17494
9818 9221 -17578
9819 9281 -17706
9820 9231 -17522
9821 9257 -17678
9822 9265 -17578
9823 9221 -17582
9824 9227 -17662
9825 9179 -17526
9826 9231 -17514
9827 9249 -17554
9828 9287 -17674
9829 9321 -17878
9830 9265 -17650
9831 9269 -17690
9832 9283 -17718
9833 9215 -17542
9834 9169 -17542
9835 9175 -17494
9836 9215 -17594
9837 9321 -17754
9838 9371 -17886
9839 9349 -17942
9840 9349 -17866
9841 9373 -17890
9842 9455 -18098
9843 9369 -17910
9844 9409 -18022
9845 9407 -17942
9846 9345 -17858
9847 9293 -17730
9848 9309 -17682
9849 9279 -17626
9850 9313 -17686
9851 9311 -17770
9852 9281 -17658
9853 9299 -17678
9854 9241 -17562
9855 9181 -17470
9856 9231 -17594
9857 9189 -17614
9858 9183 -17466
9859 9123 -17550
9860 9085 -17474
9861 9127 -17514
9862 9103 -17414
9863 9111 -17354
9864 9155 -17610
9865 9177 -17690
9866 9063 -17390
9867 9113 -17490
9868 9167 -17530
9869 9205 -17542
9870 9213 -17614
9871 9191 -17630
9872 9197 -17582
9873 9155 -17434
9874 9205 -17650
9875 9109 -17470
9876 9203 -17658
9877 9179 -17534
9878 9345 -17942
9879 9331 -17750
9880 9219 -17558
9881 9193 -17410
9882 9275 -17626
9883 9317 -17742
9884 9275 -17642
9885 9221 -17574
9886 9165 -17354
9887 9125 -17278
9888 9205 -17582
9889 9243 -17662
9890 9293 -17814
9891 9279 -17818
9892 9321 -17826
9893 9383 -17982
9894 9393 -17934
9895 9269 -17762
9896 9225 -17614
9897 9173 -17526
9898 9299 -17862
9899 9313 -17758
9900 9261 -17646
9901 9261 -17562
9902 9265 -17634
9903 9235 -17554
9904 9219 -17594
9905 9211 -17742
9906 9155 -17586
9907 9241 -17778
9908 9319 -17954
9909 9297 -17950
9910 9313 -17974
9911 9215 -17674
9912 9205 -17618
9913 9215 -17598
9914 9221 -17634
9915 9247 -17738
9916 9271 -17714
9917 9261 -17618
9918 9247 -17518
9919 9153 -17462
9920 9173 -17474
9921 9129 -17390
9922 9053 -17278
9923 9097 -17394
9924 9099 -17494
9925 9067 -17386
9926 9035 -17354
9927 9067 -17446
9928 9107 -17582
9929 9063 -17382
9930 9049 -17266
9931 9079 -17270
9932 9127 -17446
9933 9145 -17514
9934 9161 -17490
9935 9243 -17646
9936 9277 -17782
9937 9205 -17586
9938 9171 -17554
9939 9207 -17662
9940 9113 -17382
9941 9069 -17274
9942 9131 -17466
9943 9043 -17298
9944 9099 -17498
9945 9105 -17410
9946 9045 -17318
9947 9015 -17242
9948 9059 -17410
9949 9091 -17362
9950 9111 -17394
9951 9137 -17626
9952 9149 -17470
9953 9303 -17882
9954 9279 -17726
9955 9287 -17794
9956 9259 -17686
9957 9221 -17594
9958 9231 -17658
9959 9335 -17810
9960 9245 -17642
9961 9251 -17662
9962 9215 -17582
9963 9175 -17578
9964 9205 -17490
9965 9169 -17470
9966 9163 -17398
9967 9167 -17542
9968 9187 -17674
9969 9209 -17686
9970 9175 -17698
9971 9171 -17690
9972 9183 -17642
9973 9173 -17598
9974 9181 -17710
9975 9191 -17698
9976 9211 -17770
9977 9207 -17622
9978 9127 -17358
9979 9107 -17350
9980 9071 -17370
9981 9147 -17502
9982 9199 -17630
9983 9155 -17462
9984 9155 -17662
9985 9171 -17622
9986 9141 -17514
9987 9269 -17722
9988 9189 -17566
9989 9151 -17434
9990 9147 -17514
9991 9149 -17366
9992 9203 -17518
9993 9239 -17634
9994 9217 -17562
9995 9263 -17662
9996 9239 -17670
9997 9223 -17570
9998 9205 -17570
9999 9273 -17706
