0 9809 -19002
1 9609 -18358
2 9465 -18026
3 9301 -17654
4 9235 -17490
5 9057 -17026
6 8973 -17010
7 9171 -17378
8 9105 -17266
9 8941 -17070
10 8995 -17114
11 8969 -17026
12 8941 -17186
13 8919 -16986
14 8885 -16874
15 8815 -16622
16 8881 -16750
17 8829 -16650
18 8877 -16754
19 8963 -16894
20 8955 -17006
21 8843 -16986
22 8755 -16850
23 8787 -17030
24 8753 -16842
25 8907 -17086
26 8913 -17074
27 8725 -16586
28 8817 -16742
29 8875 -16918
30 8911 -16942
31 8883 -16938
32 8835 -16810
33 8833 -16786
34 8811 -16678
35 8893 -16962
36 8935 -17018
37 8913 -16946
38 8903 -16866
39 8959 -16982
40 8957 -16974
41 8961 -17210
42 8849 -16814
43 8859 -16854
44 8857 -16686
45 8817 -16762
46 8785 -16702
47 8843 -16842
48 8719 -16594
49 8727 -16514
50 8625 -16330
51 8663 -16518
52 8685 -16502
53 8757 -16762
54 8763 -16762
55 8835 -16830
56 8693 -16446
57 8739 -16686
58 8713 -16718
59 8705 -16730
60 8607 -16554
61 8671 -16582
62 8545 -16334
63 8585 -16398
64 8545 -16282
65 8589 -16486
66 8565 -16382
67 8669 -16482
68 8797 -16718
69 8755 -16766
70 8745 -16766
71 8659 -16670
72 8533 -16346
73 8577 -16434
74 8673 -16662
75 8695 -16662
76 8703 -16738
77 8635 -16842
78 8619 -16722
79 8543 -16550
80 8601 -16558
81 8643 -16826
82 8657 -16658
83 8655 -16606
84 8613 -16434
85 8627 -16774
86 8627 -16570
87 8523 -16550
88 8595 -16686
89 8515 -16558
90 8587 -16638
91 8449 -16534
92 8529 -16618
93 8515 -16586
94 8547 -16526
95 8551 -16650
96 8493 -16454
97 8537 -16486
98 8501 -16506
99 8545 -16494
100 8617 -16602
101 8665 -16670
102 8633 -16570
103 8651 -16626
104 8699 -16766
105 8609 -16534
106 8639 -16530
107 8647 -16626
108 8639 -16590
109 8659 -16766
110 8569 -16626
111 8591 -16578
112 8641 -16710
113 8597 -16598
114 8611 -16498
115 8553 -16530
116 8663 -16622
117 8641 -16618
118 8641 -16706
119 8657 -16654
120 8511 -16322
121 8567 -16502
122 8729 -16662
123 8677 -16614
124 8773 -16654
125 8709 -16658
126 8745 -16746
127 8773 -16766
128 8701 -16626
129 8825 -16802
130 8891 -16922
131 8937 -17058
132 8991 -17142
133 9009 -17150
134 9037 -17190
135 9001 -17234
136 8877 -17030
137 8853 -16850
138 8855 -16890
139 8889 -17010
140 8823 -16714
141 8811 -16694
142 8737 -16546
143 8755 -16606
144 8777 -16582
145 8823 -16666
146 8747 -16850
147 8769 -16990
148 8875 -17114
149 8785 -16890
150 8677 -16638
151 8653 -16554
152 8635 -16546
153 8651 -16654
154 8719 -16650
155 8633 -16534
156 8607 -16646
157 8575 -16514
158 8599 -16438
159 8659 -16738
160 8577 -16698
161 8625 -16726
162 8691 -16998
163 8743 -17038
164 8685 -16898
165 8641 -16602
166 8701 -16826
167 8675 -16582
168 8745 -16702
169 8795 -16850
170 8927 -17054
171 8859 -16958
172 8763 -16794
173 8681 -16598
174 8735 -16738
175 8731 -16834
176 8575 -16486
177 8571 -16494
178 8641 -16746
179 8641 -16598
180 8681 -16762
181 8741 -16798
182 8651 -16634
183 8687 -16578
184 8727 -16734
185 8669 -16498
186 8669 -16542
187 8763 -16910
188 8725 -16734
189 8753 -16774
190 8701 -16590
191 8763 -16694
192 8715 -16694
193 8655 -16650
194 8673 -16650
195 8757 -16870
196 8787 -16834
197 8843 -16854
198 8833 -17046
199 8821 -16866
200 8913 -17054
201 8859 -17038
202 8845 -16938
203 8679 -16658
204 8649 -16630
205 8689 -16798
206 8629 -16590
207 8523 -16390
208 8529 -16342
209 8607 -16490
210 8633 -16554
211 8651 -16490
212 8677 -16566
213 8751 -16846
214 8759 -16762
215 8691 -16614
216 8715 -16790
217 8733 -16782
218 8787 -16790
219 8789 -16894
220 8809 -16754
221 8849 -16826
222 8997 -17198
223 9007 -17126
224 8951 -17042
225 8957 -17038
226 8981 -17070
227 8999 -17262
228 8937 -17038
229 8903 -16974
230 8905 -16842
231 8969 -17082
232 8883 -16830
233 8809 -16786
234 8811 -16690
235 8993 -17150
236 9009 -17138
237 9015 -17166
238 8983 -17098
239 8901 -16962
240 8847 -17002
241 8817 -17002
242 8831 -16882
243 8747 -16638
244 8821 -16806
245 8917 -16938
246 8971 -17150
247 8843 -16826
248 8809 -16842
249 8769 -16810
250 8861 -16794
251 8865 -16882
252 8933 -16998
253 8907 -16934
254 8881 -16906
255 8781 -16810
256 8817 -16770
257 8795 -16726
258 8805 -16762
259 8831 -16822
260 8821 -16710
261 8797 -16638
262 8877 -16806
263 8925 -16998
264 8911 -17070
265 8905 -16890
266 8971 -17086
267 8913 -16874
268 8817 -16706
269 8837 -16714
270 8905 -16778
271 8913 -16846
272 8993 -17006
273 8893 -16678
274 8979 -16994
275 8947 -16998
276 8847 -16738
277 8877 -16858
278 8909 -16938
279 9025 -17270
280 8951 -17054
281 8901 -16986
282 8869 -16982
283 8889 -16958
284 8931 -17046
285 8847 -16914
286 8869 -16838
287 8899 -16958
288 8957 -17074
289 8847 -16842
290 8819 -16786
291 8681 -16594
292 8589 -16406
293 8649 -16462
294 8513 -16254
295 8587 -16374
296 8659 -16582
297 8631 -16542
298 8593 -16330
299 8695 -16530
300 8729 -16650
301 8749 -16722
302 8765 -16746
303 8799 -16798
304 8885 -16982
305 8919 -17146
306 8957 -17186
307 8949 -17330
308 8903 -17150
309 8797 -16950
310 8833 -16990
311 8783 -16870
312 8725 -16726
313 8883 -17002
314 8853 -17006
315 8841 -16894
316 8779 -16814
317 8773 -16678
318 8749 -16834
319 8731 -16734
320 8657 -16634
321 8635 -16426
322 8593 -16430
323 8539 -16370
324 8443 -16142
325 8393 -15942
326 8481 -16142
327 8505 -16198
328 8541 -16298
329 8655 -16622
330 8607 -16554
331 8687 -16538
332 8781 -16814
333 8857 -16910
334 8869 -16806
335 8903 -16878
336 8959 -17014
337 9009 -17102
338 9009 -17162
339 8947 -16958
340 8887 -16770
341 8949 -16918
342 8897 -16926
343 8875 -16898
344 8869 -16842
345 8797 -16718
346 8819 -16814
347 8783 -16774
348 8749 -16678
349 8695 -16674
350 8595 -16346
351 8669 -16634
352 8733 -16598
353 8657 -16434
354 8641 -16386
355 8665 -16454
356 8709 -16578
357 8739 -16522
358 8671 -16458
359 8603 -16374
360 8721 -16534
361 8845 -17006
362 8833 -16898
363 8821 -16850
364 8871 -17130
365 8803 -16946
366 8679 -16678
367 8671 -16570
368 8613 -16578
369 8551 -16618
370 8567 -16474
371 8521 -16446
372 8493 -16362
373 8387 -16222
374 8327 -16114
375 8529 -16674
376 8585 -16714
377 8631 -16810
378 8667 -16702
379 8705 -16790
380 8777 -16958
381 8735 -16998
382 8613 -16810
383 8659 -16818
384 8521 -16650
385 8539 -16470
386 8455 -16262
387 8477 -16326
388 8535 -16466
389 8553 -16530
390 8579 -16798
391 8591 -16762
392 8493 -16602
393 8399 -16346
394 8483 -16642
395 8487 -16510
396 8351 -16354
397 8449 -16474
398 8445 -16322
399 8475 -16510
400 8537 -16586
401 8495 -16446
402 8463 -16382
403 8461 -16290
404 8395 -16306
405 8287 -16158
406 8357 -16210
407 8263 -16150
408 8281 -16150
409 8321 -16382
410 8305 -16446
411 8295 -16298
412 8301 -16298
413 8301 -16362
414 8305 -16514
415 8317 -16310
416 8275 -16182
417 8361 -16462
418 8305 -16326
419 8385 -16186
420 8563 -16534
421 8639 -16734
422 8581 -16774
423 8467 -16446
424 8449 -16550
425 8429 -16486
426 8405 -16438
427 8405 -16510
428 8345 -16166
429 8387 -16294
430 8403 -16422
431 8383 -16334
432 8421 -16406
433 8499 -16518
434 8625 -16562
435 8517 -16362
436 8547 -16310
437 8493 -16270
438 8549 -16378
439 8539 -16486
440 8569 -16458
441 8701 -16590
442 8671 -16634
443 8693 -16618
444 8663 -16522
445 8607 -16390
446 8733 -16730
447 8767 -16834
448 8657 -16726
449 8463 -16330
450 8485 -16410
451 8439 -16354
452 8391 -16238
453 8377 -16330
454 8353 -16182
455 8413 -16330
456 8381 -16370
457 8417 -16530
458 8485 -16686
459 8479 -16494
460 8423 -16306
461 8555 -16578
462 8467 -16398
463 8515 -16574
464 8561 -16650
465 8635 -16690
466 8711 -16562
467 8747 -16722
468 8687 -16542
469 8731 -16578
470 8719 -16714
471 8721 -16722
472 8685 -16634
473 8707 -16726
474 8731 -16810
475 8751 -16790
476 8801 -16858
477 8751 -16594
478 8853 -16998
479 8909 -16962
480 8747 -16706
481 8843 -16782
482 8793 -16886
483 8721 -16794
484 8721 -16750
485 8757 -16810
486 8703 -16758
487 8709 -16674
488 8859 -16910
489 8829 -16850
490 8821 -16958
491 8721 -16890
492 8713 -16882
493 8625 -16518
494 8583 -16578
495 8575 -16550
496 8639 -16642
497 8611 -16570
498 8683 -16726
499 8741 -16710
500 8849 -16930
501 8801 -16726
502 8889 -16946
503 8817 -16790
504 8759 -16794
505 8635 -16522
506 8623 -16470
507 8657 -16538
508 8707 -16594
509 8683 -16646
510 8633 -16602
511 8649 -16486
512 8697 -16566
513 8811 -16858
514 8829 -16878
515 8905 -16954
516 8811 -16802
517 8733 -16786
518 8695 -16602
519 8589 -16350
520 8645 -16554
521 8649 -16494
522 8737 -16574
523 8755 -16718
524 8695 -16638
525 8663 -16450
526 8721 -16678
527 8669 -16510
528 8735 -16738
529 8757 -16846
530 8697 -16750
531 8653 -16686
532 8557 -16414
533 8677 -16698
534 8711 -16722
535 8721 -16646
536 8679 -16638
537 8691 -16606
538 8687 -16474
539 8655 -16510
540 8629 -16594
541 8573 -16434
542 8497 -16250
543 8593 -16506
544 8653 -16706
545 8611 -16678
546 8573 -16590
547 8685 -16614
548 8653 -16606
549 8573 -16374
550 8591 -16518
551 8525 -16366
552 8573 -16510
553 8651 -16574
554 8681 -16570
555 8765 -16706
556 8831 -16662
557 8815 -16706
558 8841 -16766
559 8853 -16766
560 8893 -16802
561 8895 -16738
562 8981 -16970
563 9149 -17362
564 9027 -17158
565 8991 -17118
566 9005 -17166
567 8979 -17170
568 8881 -16878
569 8867 -16790
570 8801 -16630
571 8913 -16774
572 8927 -16914
573 8969 -17050
574 8991 -17218
575 8913 -16970
576 8785 -16758
577 8759 -16674
578 8755 -16506
579 8861 -16638
580 8935 -16914
581 8941 -16938
582 8953 -16958
583 8977 -17050
584 8961 -17034
585 8817 -16798
586 8749 -16490
587 8759 -16678
588 8715 -16662
589 8683 -16562
590 8741 -16558
591 8681 -16430
592 8721 -16706
593 8685 -16538
594 8673 -16658
595 8827 -16782
596 8761 -16778
597 8675 -16734
598 8725 -16558
599 8705 -16614
600 8765 -16842
601 8715 -16698
602 8737 -16746
603 8681 -16566
604 8809 -16830
605 8845 -16826
606 8771 -16634
607 8831 -16750
608 8805 -16802
609 8847 -16870
610 8753 -16774
611 8759 -16730
612 8779 -16602
613 8819 -16690
614 8779 -16622
615 8789 -16658
616 8851 -16762
617 8839 -16802
618 8823 -16786
619 8795 -16578
620 8839 -16614
621 8815 -16546
622 8783 -16662
623 8755 -16678
624 8793 -16718
625 8847 -16834
626 8865 -16958
627 8911 -17062
628 8835 -16858
629 8919 -16994
630 8845 -16982
631 8753 -16758
632 8741 -16746
633 8697 -16662
634 8799 -16826
635 8813 -16938
636 8811 -16902
637 8813 -16878
638 8717 -16794
639 8643 -16586
640 8667 -16702
641 8681 -16778
642 8683 -16878
643 8589 -16606
644 8649 -16682
645 8645 -16538
646 8741 -16726
647 8735 -16818
648 8701 -16822
649 8725 -16698
650 8675 -16610
651 8759 -16934
652 8743 -16810
653 8743 -16774
654 8701 -16910
655 8721 -16850
656 8745 -16778
657 8803 -17054
658 8677 -16682
659 8727 -16866
660 8607 -16678
661 8621 -16806
662 8603 -16598
663 8751 -16814
664 8727 -16902
665 8747 -17018
666 8695 -16742
667 8759 -16806
668 8801 -16758
669 8821 -16806
670 8801 -16870
671 8799 -16866
672 8819 -16834
673 8751 -16622
674 8783 -16706
675 8837 -16822
676 8811 -16730
677 8781 -16818
678 8867 -16918
679 8953 -17114
680 8873 -16906
681 8953 -17046
682 8901 -16962
683 8959 -17122
684 8953 -17006
685 8961 -16966
686 8911 -16906
687 8803 -16670
688 8949 -16914
689 8939 -16926
690 8929 -16906
691 8891 -16786
692 8973 -16978
693 8845 -16938
694 8883 -17082
695 8939 -17110
696 8921 -17038
697 8843 -16886
698 8775 -16794
699 8813 -16806
700 8869 -16906
701 8765 -16730
702 8737 -16598
703 8737 -16626
704 8769 -16694
705 8809 -16774
706 8835 -16694
707 8777 -16558
708 8743 -16634
709 8823 -16754
710 8705 -16686
711 8667 -16650
712 8685 -16558
713 8621 -16294
714 8767 -16494
715 8803 -16678
716 8783 -16726
717 8845 -16794
718 8933 -16986
719 8987 -17114
720 8845 -16834
721 8701 -16706
722 8707 -16750
723 8753 -16678
724 8767 -16726
725 8697 -16626
726 8731 -16774
727 8753 -16702
728 8689 -16598
729 8781 -16810
730 8807 -16934
731 8761 -16854
732 8589 -16514
733 8607 -16506
734 8651 -16446
735 8597 -16386
736 8621 -16542
737 8687 -16598
738 8743 -16738
739 8769 -16930
740 8733 -16654
741 8747 -16726
742 8749 -16646
743 8803 -16786
744 8895 -16914
745 8833 -16894
746 8747 -16590
747 8791 -16678
748 8739 -16558
749 8643 -16318
750 8701 -16698
751 8789 -16726
752 8845 -16922
753 8783 -16978
754 8671 -16654
755 8683 -16822
756 8665 -16590
757 8571 -16582
758 8699 -16670
759 8743 -16586
760 8747 -16734
761 8865 -16954
762 8829 -16886
763 8895 -17066
764 8849 -16826
765 8809 -16730
766 8783 -16726
767 8791 -16750
768 8805 -16722
769 8793 -16650
770 8861 -16902
771 8841 -17022
772 8891 -16854
773 8971 -17002
774 9043 -17182
775 8995 -17010
776 8921 -16978
777 8887 -17050
778 8831 -16770
779 8733 -16642
780 8723 -16622
781 8707 -16566
782 8753 -16710
783 8801 -16834
784 8757 -16622
785 8705 -16650
786 8653 -16442
787 8597 -16414
788 8675 -16630
789 8763 -16810
790 8805 -16858
791 8715 -16714
792 8711 -16714
793 8719 -16658
794 8733 -16742
795 8713 -16614
796 8701 -16586
797 8623 -16446
798 8585 -16326
799 8547 -16310
800 8581 -16530
801 8669 -16710
802 8605 -16466
803 8589 -16566
804 8601 -16642
805 8591 -16590
806 8545 -16558
807 8617 -16598
808 8589 -16466
809 8609 -16426
810 8671 -16498
811 8701 -16562
812 8713 -16718
813 8761 -16706
814 8821 -16738
815 8743 -16542
816 8793 -16526
817 8761 -16614
818 8779 -16654
819 8773 -16766
820 8849 -17022
821 8833 -16850
822 8823 -16758
823 8767 -16926
824 8743 -16790
825 8773 -17030
826 8795 -17010
827 8719 -16718
828 8795 -16938
829 8729 -17006
830 8729 -16810
831 8821 -16942
832 8789 -16794
833 8661 -16506
834 8737 -16662
835 8707 -16702
836 8677 -16558
837 8749 -16754
838 8773 -16762
839 8717 -16690
840 8745 -16650
841 8637 -16486
842 8691 -16694
843 8829 -16930
844 8851 -16970
845 8837 -16906
846 8839 -16926
847 8833 -16918
848 8811 -16750
849 8777 -16774
850 8791 -16770
851 8843 -16930
852 8741 -16706
853 8749 -16602
854 8711 -16594
855 8703 -16498
856 8727 -16626
857 8819 -16666
858 8841 -16806
859 8877 -16902
860 8821 -16818
861 8889 -16842
862 8923 -16742
863 9055 -17102
864 9097 -17146
865 9059 -17198
866 8979 -16990
867 8937 -17018
868 8889 -16962
869 8791 -16734
870 8777 -16682
871 8747 -16650
872 8761 -16726
873 8771 -16670
874 8879 -16778
875 8981 -17082
876 9077 -17186
877 9085 -17306
878 9011 -16922
879 9037 -17062
880 8899 -16794
881 8893 -16766
882 9001 -17034
883 9007 -17042
884 8905 -16902
885 8779 -16590
886 8685 -16462
887 8693 -16390
888 8683 -16406
889 8719 -16570
890 8733 -16642
891 8811 -16602
892 8831 -16658
893 8825 -16826
894 8803 -16746
895 8953 -17038
896 8989 -17070
897 8983 -16934
898 8905 -16774
899 9011 -17010
900 8975 -16946
901 8899 -16918
902 8859 -16734
903 8917 -16862
904 8791 -16562
905 8761 -16582
906 8795 -16762
907 8769 -16782
908 8771 -16614
909 8797 -16546
910 8743 -16550
911 8827 -16702
912 8863 -16658
913 8917 -16858
914 8869 -16798
915 8913 -16854
916 8743 -16606
917 8701 -16610
918 8703 -16710
919 8693 -16638
920 8731 -16706
921 8711 -16694
922 8729 -16838
923 8877 -17074
924 8825 -16866
925 8727 -16610
926 8663 -16646
927 8693 -16578
928 8731 -16730
929 8715 -16654
930 8727 -16734
931 8845 -16846
932 8985 -17106
933 8969 -17134
934 8923 -16998
935 8949 -16990
936 8923 -16934
937 8927 -17030
938 8865 -16874
939 8847 -16894
940 8837 -16670
941 8797 -16730
942 8807 -16710
943 8755 -16618
944 8687 -16738
945 8669 -16550
946 8717 -16618
947 8851 -16770
948 8765 -16690
949 8819 -16854
950 8755 -16738
951 8753 -16766
952 8761 -16742
953 8749 -16534
954 8705 -16490
955 8697 -16442
956 8745 -16702
957 8881 -16870
958 8775 -16634
959 8833 -16854
960 8727 -16722
961 8807 -16794
962 8787 -16790
963 8685 -16634
964 8799 -16806
965 8889 -16970
966 8831 -16850
967 8889 -17010
968 8739 -16654
969 8607 -16470
970 8643 -16626
971 8635 -16582
972 8631 -16610
973 8665 -16510
974 8681 -16474
975 8667 -16578
976 8727 -16610
977 8581 -16386
978 8569 -16410
979 8611 -16498
980 8599 -16402
981 8585 -16346
982 8601 -16506
983 8567 -16262
984 8579 -16374
985 8563 -16386
986 8619 -16562
987 8663 -16614
988 8737 -16714
989 8801 -16786
990 8821 -16930
991 8727 -16654
992 8753 -16694
993 8673 -16478
994 8711 -16518
995 8695 -16522
996 8769 -16662
997 8713 -16554
998 8735 -16598
999 8817 -16762
1000 8795 -16834
1001 8797 -16826
1002 8771 -16698
1003 8783 -16718
1004 8769 -16586
1005 8723 -16546
1006 8679 -16510
1007 8691 -16514
1008 8635 -16506
1009 8661 -16538
1010 8661 -16418
1011 8619 -16418
1012 8701 -16710
1013 8709 -16658
1014 8741 -16802
1015 8751 -16778
1016 8789 -16750
1017 8829 -16774
1018 8713 -16606
1019 8677 -16514
1020 8707 -16550
1021 8637 -16490
1022 8663 -16462
1023 8725 -16426
1024 8757 -16546
1025 8801 -16606
1026 8913 -16886
1027 8859 -16822
1028 8933 -16930
1029 8935 -16894
1030 8839 -16726
1031 8813 -16674
1032 8813 -16762
1033 8857 -16898
1034 8775 -16758
1035 8855 -16978
1036 8751 -16794
1037 8715 -16686
1038 8655 -16446
1039 8669 -16414
1040 8745 -16526
1041 8769 -16606
1042 8815 -16658
1043 8899 -16906
1044 8981 -17030
1045 8919 -16990
1046 8899 -16906
1047 8897 -16894
1048 8913 -16914
1049 8773 -16706
1050 8751 -16766
1051 8769 -16858
1052 8757 -16770
1053 8821 -16910
1054 8799 -16938
1055 8677 -16646
1056 8703 -16682
1057 8587 -16482
1058 8579 -16466
1059 8575 -16454
1060 8607 -16450
1061 8647 -16486
1062 8679 -16530
1063 8641 -16534
1064 8717 -16614
1065 8775 -16610
1066 8851 -16802
1067 8809 -16658
1068 8837 -16822
1069 8841 -16822
1070 8855 -16982
1071 8909 -16822
1072 8943 -16910
1073 8975 -16970
1074 8935 -17042
1075 8975 -17066
1076 9051 -17210
1077 8993 -17074
1078 8999 -17238
1079 8985 -17086
1080 8863 -16894
1081 8903 -17010
1082 8937 -17002
1083 8891 -16910
1084 8879 -16866
1085 8779 -16810
1086 8823 -16746
1087 8825 -16738
1088 8931 -16910
1089 8745 -16570
1090 8731 -16474
1091 8681 -16278
1092 8761 -16566
1093 8699 -16446
1094 8705 -16486
1095 8669 -16486
1096 8799 -16750
1097 8857 -16890
1098 8835 -16910
1099 8851 -16998
1100 8757 -16858
1101 8699 -16738
1102 8645 -16514
1103 8649 -16406
1104 8609 -16386
1105 8629 -16334
1106 8715 -16514
1107 8807 -16658
1108 8823 -16726
1109 8859 -16678
1110 8921 -16902
1111 8817 -16686
1112 8795 -16698
1113 8717 -16726
1114 8805 -16762
1115 8851 -16910
1116 8843 -16958
1117 8715 -16638
1118 8707 -16394
1119 8571 -16094
1120 8713 -16518
1121 8639 -16410
1122 8737 -16606
1123 8697 -16478
1124 8635 -16442
1125 8585 -16454
1126 8639 -16598
1127 8795 -16822
1128 8915 -17090
1129 8839 -16838
1130 8801 -16778
1131 8837 -16794
1132 8809 -16686
1133 8833 -16694
1134 8731 -16650
1135 8749 -16634
1136 8673 -16526
1137 8635 -16422
1138 8637 -16390
1139 8717 -16558
1140 8581 -16302
1141 8565 -16146
1142 8587 -16294
1143 8593 -16290
1144 8567 -16330
1145 8663 -16558
1146 8513 -16262
1147 8573 -16282
1148 8565 -16362
1149 8587 -16478
1150 8589 -16526
1151 8541 -16450
1152 8655 -16622
1153 8615 -16498
1154 8567 -16502
1155 8579 -16346
1156 8625 -16538
1157 8435 -16170
1158 8477 -16318
1159 8479 -16374
1160 8467 -16378
1161 8471 -16454
1162 8479 -16458
1163 8479 -16494
1164 8433 -16206
1165 8385 -16194
1166 8495 -16294
1167 8521 -16278
1168 8603 -16534
1169 8623 -16510
1170 8631 -16426
1171 8531 -16262
1172 8647 -16486
1173 8681 -16590
1174 8785 -16742
1175 8719 -16502
1176 8713 -16442
1177 8909 -16914
1178 8891 -16738
1179 8875 -16890
1180 8893 -16878
1181 8913 -16942
1182 9005 -17078
1183 8975 -16998
1184 8911 -16930
1185 8897 -16890
1186 8903 -16814
1187 8923 -16906
1188 8915 -16910
1189 8919 -16934
1190 8941 -17014
1191 8931 -17050
1192 8817 -16738
1193 8805 -16746
1194 8927 -17094
1195 8905 -16982
1196 8897 -17014
1197 8849 -16826
1198 8827 -16806
1199 8863 -16850
1200 8893 -16958
1201 8893 -16914
1202 9009 -17218
1203 8985 -17114
1204 8925 -17010
1205 8901 -17022
1206 8883 -16886
1207 8815 -16734
1208 8805 -16726
1209 8813 -16658
1210 8869 -16918
1211 8799 -16766
1212 8825 -16778
1213 8747 -16554
1214 8775 -16642
1215 8761 -16558
1216 8809 -16598
1217 8865 -16794
1218 8905 -16902
1219 8893 -16970
1220 8823 -16862
1221 8775 -16698
1222 8829 -16754
1223 8749 -16574
1224 8809 -16814
1225 8843 -16898
1226 8959 -17090
1227 8863 -17038
1228 8855 -17006
1229 8801 -16810
1230 8913 -17058
1231 8919 -17010
1232 8855 -16914
1233 8833 -16902
1234 8837 -16938
1235 8935 -17142
1236 8853 -16846
1237 8833 -16818
1238 8759 -16646
1239 8767 -16646
1240 8689 -16482
1241 8677 -16382
1242 8695 -16446
1243 8783 -16938
1244 8813 -16798
1245 8885 -16818
1246 8709 -16554
1247 8773 -16622
1248 8739 -16730
1249 8699 -16634
1250 8747 -16750
1251 8759 -16554
1252 8719 -16622
1253 8727 -16578
1254 8779 -16714
1255 8727 -16530
1256 8759 -16678
1257 8663 -16546
1258 8685 -16514
1259 8721 -16558
1260 8721 -16630
1261 8749 -16770
1262 8799 -16834
1263 8875 -16966
1264 8893 -16918
1265 8953 -17078
1266 8873 -16914
1267 8829 -16698
1268 8863 -16910
1269 8815 -16810
1270 8847 -16902
1271 8725 -16702
1272 8777 -16810
1273 8759 -16750
1274 8689 -16542
1275 8783 -16802
1276 8725 -16750
1277 8701 -16658
1278 8667 -16534
1279 8643 -16510
1280 8615 -16554
1281 8581 -16478
1282 8601 -16398
1283 8585 -16374
1284 8535 -16302
1285 8571 -16418
1286 8563 -16582
1287 8603 -16430
1288 8667 -16570
1289 8649 -16558
1290 8571 -16486
1291 8549 -16462
1292 8639 -16594
1293 8657 -16542
1294 8773 -16766
1295 8747 -16710
1296 8755 -16686
1297 8813 -16826
1298 8853 -16894
1299 8981 -17250
1300 8977 -17242
1301 8939 -16970
1302 8853 -16862
1303 8775 -16714
1304 8815 -16730
1305 8817 -16794
1306 8821 -16834
1307 8905 -17010
1308 8841 -16838
1309 8879 -16766
1310 8881 -16718
1311 8829 -16758
1312 8893 -16862
1313 8861 -16854
1314 8709 -16570
1315 8771 -16614
1316 8887 -16814
1317 8819 -16762
1318 8915 -16778
1319 8813 -16666
1320 8853 -16762
1321 8877 -16710
1322 8857 -16762
1323 8821 -16694
1324 8827 -16674
1325 8719 -16566
1326 8811 -16682
1327 8845 -16834
1328 8755 -16578
1329 8639 -16334
1330 8643 -16398
1331 8639 -16470
1332 8641 -16394
1333 8793 -16650
1334 8929 -16954
1335 8945 -17046
1336 8901 -16938
1337 8899 -16874
1338 8875 -16922
1339 8953 -17090
1340 8845 -16742
1341 8889 -16818
1342 8961 -16910
1343 8925 -16918
1344 8999 -17170
1345 8921 -16938
1346 8871 -16806
1347 8793 -16822
1348 8829 -16870
1349 8795 -16790
1350 8889 -16774
1351 8943 -17086
1352 8823 -16818
1353 8847 -16866
1354 8765 -16654
1355 8631 -16398
1356 8653 -16562
1357 8835 -16746
1358 8913 -16902
1359 8937 -16950
1360 9003 -16994
1361 8967 -16842
1362 8997 -17114
1363 8971 -17086
1364 8891 -17070
1365 8895 -17078
1366 8861 -16894
1367 8725 -16674
1368 8839 -17034
1369 8787 -16834
1370 8721 -16698
1371 8811 -16906
1372 8759 -16638
1373 8725 -16538
1374 8701 -16610
1375 8701 -16534
1376 8689 -16594
1377 8661 -16354
1378 8659 -16430
1379 8655 -16530
1380 8539 -16426
1381 8649 -16518
1382 8725 -16878
1383 8751 -16914
1384 8653 -16674
1385 8669 -16506
1386 8899 -17006
1387 8809 -16798
1388 8771 -16666
1389 8809 -16862
1390 8713 -16638
1391 8629 -16554
1392 8625 -16698
1393 8617 -16618
1394 8573 -16482
1395 8493 -16186
1396 8655 -16518
1397 8745 -16634
1398 8765 -16846
1399 8617 -16614
1400 8441 -16294
1401 8517 -16658
1402 8537 -16610
1403 8531 -16634
1404 8445 -16414
1405 8435 -16302
1406 8491 -16522
1407 8535 -16510
1408 8621 -16614
1409 8699 -16854
1410 8727 -16738
1411 8685 -16630
1412 8643 -16574
1413 8723 -16774
1414 8747 -16734
1415 8805 -16846
1416 8821 -16858
1417 8773 -16758
1418 8743 -16782
1419 8657 -16698
1420 8643 -16730
1421 8643 -16754
1422 8625 -16762
1423 8719 -16854
1424 8537 -16478
1425 8479 -16338
1426 8493 -16434
1427 8491 -16334
1428 8575 -16386
1429 8579 -16294
1430 8667 -16498
1431 8681 -16678
1432 8729 -16722
1433 8707 -16762
1434 8663 -16690
1435 8737 -16714
1436 8653 -16722
1437 8593 -16674
1438 8641 -16618
1439 8689 -16590
1440 8713 -16682
1441 8771 -16842
1442 8841 -17006
1443 8841 -16858
1444 8849 -16730
1445 8891 -16890
1446 8799 -16782
1447 8775 -16850
1448 8847 -16926
1449 8909 -16970
1450 8893 -16934
1451 8869 -16882
1452 8859 -16918
1453 8833 -16814
1454 8823 -16850
1455 8827 -16786
1456 8827 -16774
1457 8723 -16586
1458 8851 -16886
1459 8801 -16654
1460 8825 -16858
1461 8857 -16894
1462 8877 -16886
1463 8737 -16754
1464 8685 -16554
1465 8843 -16982
1466 8745 -16770
1467 8643 -16586
1468 8535 -16354
1469 8545 -16518
1470 8595 -16634
1471 8583 -16502
1472 8617 -16546
1473 8597 -16478
1474 8669 -16642
1475 8593 -16458
1476 8625 -16594
1477 8609 -16538
1478 8491 -16410
1479 8681 -16630
1480 8823 -16898
1481 8745 -16746
1482 8793 -16706
1483 8691 -16658
1484 8697 -16698
1485 8719 -16786
1486 8715 -16770
1487 8707 -16930
1488 8667 -16770
1489 8671 -16806
1490 8685 -16730
1491 8727 -16854
1492 8695 -16834
1493 8625 -16678
1494 8581 -16490
1495 8531 -16554
1496 8475 -16634
1497 8433 -16614
1498 8421 -16606
1499 8385 -16414
1500 8369 -16314
1501 8391 -16466
1502 8295 -16418
1503 8247 -16274
1504 8347 -16278
1505 8401 -16386
1506 8351 -16290
1507 8377 -16122
1508 8403 -16366
1509 8609 -16862
1510 8585 -16578
1511 8517 -16374
1512 8517 -16414
1513 8699 -16726
1514 8713 -16730
1515 8767 -16906
1516 8737 -16838
1517 8599 -16530
1518 8689 -16782
1519 8643 -16670
1520 8627 -16678
1521 8657 -16766
1522 8523 -16554
1523 8613 -16698
1524 8619 -16638
1525 8499 -16406
1526 8543 -16442
1527 8549 -16338
1528 8647 -16554
1529 8651 -16502
1530 8651 -16610
1531 8651 -16622
1532 8629 -16614
1533 8559 -16562
1534 8463 -16270
1535 8521 -16474
1536 8511 -16526
1537 8425 -16366
1538 8423 -16366
1539 8419 -16350
1540 8331 -16134
1541 8423 -16346
1542 8497 -16634
1543 8547 -16454
1544 8521 -16434
1545 8525 -16422
1546 8537 -16510
1547 8497 -16414
1548 8367 -16530
1549 8293 -16246
1550 8333 -16370
1551 8479 -16462
1552 8561 -16662
1553 8537 -16890
1554 8463 -16510
1555 8367 -16326
1556 8449 -16450
1557 8553 -16586
1558 8551 -16670
1559 8481 -16478
1560 8451 -16406
1561 8453 -16478
1562 8523 -16526
1563 8533 -16434
1564 8553 -16654
1565 8439 -16422
1566 8449 -16518
1567 8365 -16366
1568 8327 -16390
1569 8417 -16626
1570 8361 -16486
1571 8351 -16562
1572 8341 -16554
1573 8319 -16446
1574 8311 -16398
1575 8401 -16622
1576 8545 -16910
1577 8501 -16662
1578 8611 -16962
1579 8543 -16758
1580 8523 -16710
1581 8571 -16606
1582 8495 -16634
1583 8473 -16550
1584 8399 -16330
1585 8343 -16214
1586 8377 -16350
1587 8353 -16530
1588 8447 -16714
1589 8445 -16782
1590 8287 -16482
1591 8223 -16398
1592 8253 -16370
1593 8247 -16502
1594 8195 -16450
1595 8145 -16162
1596 8169 -16190
1597 8247 -16466
1598 8373 -16766
1599 8197 -16358
1600 8241 -16462
1601 8289 -16518
1602 8441 -16778
1603 8387 -16534
1604 8285 -16386
1605 8229 -16286
1606 8325 -16306
1607 8417 -16414
1608 8457 -16638
1609 8529 -16646
1610 8421 -16326
1611 8473 -16426
1612 8441 -16306
1613 8525 -16534
1614 8485 -16678
1615 8465 -16614
1616 8409 -16418
1617 8407 -16634
1618 8385 -16642
1619 8321 -16670
1620 8353 -16682
1621 8335 -16642
1622 8247 -16334
1623 8321 -16522
1624 8357 -16610
1625 8405 -16574
1626 8351 -16506
1627 8283 -16358
1628 8361 -16594
1629 8331 -16486
1630 8349 -16526
1631 8331 -16462
1632 8309 -16466
1633 8253 -16162
1634 8345 -16326
1635 8479 -16494
1636 8523 -16518
1637 8505 -16478
1638 8393 -16398
1639 8343 -16318
1640 8345 -16314
1641 8427 -16478
1642 8453 -16642
1643 8479 -16762
1644 8455 -16570
1645 8395 -16446
1646 8309 -16354
1647 8403 -16542
1648 8195 -16294
1649 8127 -16018
1650 8153 -16090
1651 8195 -16310
1652 8133 -16238
1653 8087 -16158
1654 8083 -16010
1655 8083 -16178
1656 8121 -16390
1657 8079 -16382
1658 8115 -16294
1659 8093 -16254
1660 7993 -15998
1661 8175 -16362
1662 8223 -16458
1663 8241 -16454
1664 8353 -16898
1665 8339 -16602
1666 8309 -16710
1667 8321 -16646
1668 8231 -16398
1669 8265 -16498
1670 8337 -16526
1671 8405 -16578
1672 8415 -16722
1673 8331 -16530
1674 8237 -16290
1675 8223 -16298
1676 8195 -16274
1677 8211 -16318
1678 8259 -16366
1679 8313 -16502
1680 8329 -16658
1681 8327 -16474
1682 8325 -16506
1683 8315 -16638
1684 8327 -16670
1685 8455 -16766
1686 8401 -16650
1687 8383 -16702
1688 8453 -16658
1689 8465 -16826
1690 8339 -16490
1691 8305 -16330
1692 8335 -16502
1693 8289 -16418
1694 8305 -16102
1695 8397 -16366
1696 8349 -16274
1697 8483 -16414
1698 8491 -16478
1699 8371 -16358
1700 8379 -16430
1701 8421 -16498
1702 8439 -16482
1703 8355 -16406
1704 8415 -16514
1705 8435 -16630
1706 8499 -16854
1707 8419 -16762
1708 8409 -16818
1709 8473 -16814
1710 8523 -16938
1711 8423 -16810
1712 8339 -16458
1713 8319 -16406
1714 8299 -16426
1715 8311 -16634
1716 8333 -16714
1717 8451 -16874
1718 8395 -16634
1719 8339 -16546
1720 8371 -16646
1721 8451 -16770
1722 8489 -16734
1723 8507 -16790
1724 8445 -16758
1725 8445 -16678
1726 8373 -16566
1727 8451 -16734
1728 8267 -16510
1729 8351 -16650
1730 8299 -16578
1731 8307 -16570
1732 8447 -16650
1733 8459 -16750
1734 8335 -16542
1735 8347 -16570
1736 8229 -16502
1737 8273 -16522
1738 8251 -16342
1739 8229 -16422
1740 8291 -16546
1741 8233 -16526
1742 8107 -16430
1743 8099 -16362
1744 8201 -16590
1745 8177 -16526
1746 8311 -16722
1747 8327 -16874
1748 8321 -16758
1749 8263 -16646
1750 8163 -16358
1751 8095 -16362
1752 8129 -16390
1753 8239 -16670
1754 8277 -16566
1755 8291 -16518
1756 8163 -16370
1757 8181 -16370
1758 8247 -16454
1759 8263 -16426
1760 8349 -16462
1761 8321 -16402
1762 8443 -16702
1763 8401 -16510
1764 8503 -16726
1765 8501 -16926
1766 8457 -16802
1767 8289 -16502
1768 8319 -16622
1769 8371 -16630
1770 8231 -16478
1771 8279 -16610
1772 8213 -16430
1773 8267 -16442
1774 8123 -16322
1775 8091 -16242
1776 8077 -16206
1777 8083 -16174
1778 8131 -16274
1779 8049 -16234
1780 8113 -16322
1781 8227 -16390
1782 8221 -16478
1783 8189 -16502
1784 8305 -16706
1785 8287 -16550
1786 8289 -16546
1787 8329 -16450
1788 8353 -16562
1789 8363 -16306
1790 8411 -16546
1791 8413 -16450
1792 8315 -16086
1793 8395 -16398
1794 8343 -16190
1795 8473 -16434
1796 8357 -16294
1797 8291 -16294
1798 8345 -16214
1799 8525 -16646
1800 8479 -16566
1801 8487 -16570
1802 8451 -16470
1803 8515 -16482
1804 8507 -16562
1805 8617 -16570
1806 8595 -16526
1807 8589 -16538
1808 8603 -16498
1809 8647 -16574
1810 8661 -16566
1811 8765 -16762
1812 8725 -16666
1813 8755 -16830
1814 8769 -16890
1815 8851 -16958
1816 8857 -16994
1817 8939 -16978
1818 8959 -17114
1819 8985 -17126
1820 8937 -16954
1821 8965 -16990
1822 8961 -16902
1823 8905 -16822
1824 8911 -16874
1825 8893 -16898
1826 8853 -16686
1827 9015 -17042
1828 8927 -17002
1829 8891 -16950
1830 8973 -17078
1831 8969 -17118
1832 8931 -16914
1833 8939 -16874
1834 8955 -16994
1835 8875 -16950
1836 8765 -16634
1837 8819 -16882
1838 8785 -16878
1839 8675 -16694
1840 8679 -16730
1841 8735 -16630
1842 8737 -16670
1843 8785 -16826
1844 8743 -16638
1845 8721 -16718
1846 8795 -16886
1847 8745 -16714
1848 8877 -16926
1849 8867 -16842
1850 8961 -17058
1851 9005 -17058
1852 8931 -16914
1853 8899 -16910
1854 8821 -16818
1855 8813 -16726
1856 8699 -16514
1857 8739 -16622
1858 8801 -16866
1859 8825 -16798
1860 8787 -16770
1861 8747 -16882
1862 8651 -16610
1863 8675 -16594
1864 8763 -16722
1865 8815 -16774
1866 8781 -16658
1867 8733 -16510
1868 8755 -16566
1869 8739 -16586
1870 8669 -16414
1871 8735 -16662
1872 8743 -16666
1873 8719 -16606
1874 8783 -16738
1875 8781 -16730
1876 8831 -16874
1877 8797 -16622
1878 8749 -16642
1879 8787 -17030
1880 8787 -16958
1881 8747 -16750
1882 8821 -16962
1883 8815 -16922
1884 8753 -16658
1885 8721 -16542
1886 8733 -16710
1887 8703 -16650
1888 8781 -16886
1889 8749 -16686
1890 8675 -16674
1891 8723 -16622
1892 8765 -16562
1893 8749 -16574
1894 8663 -16466
1895 8631 -16370
1896 8605 -16378
1897 8635 -16518
1898 8713 -16670
1899 8795 -16718
1900 8827 -16738
1901 8823 -17006
1902 8725 -16534
1903 8719 -16618
1904 8619 -16438
1905 8633 -16426
1906 8669 -16562
1907 8745 -16662
1908 8653 -16526
1909 8725 -16590
1910 8747 -16642
1911 8825 -16790
1912 8843 -16866
1913 8783 -16746
1914 8791 -16774
1915 8701 -16602
1916 8727 -16774
1917 8683 -16826
1918 8627 -16586
1919 8633 -16538
1920 8705 -16762
1921 8701 -16610
1922 8667 -16410
1923 8623 -16482
1924 8589 -16638
1925 8713 -16786
1926 8699 -16534
1927 8781 -16806
1928 8705 -16790
1929 8753 -16794
1930 8837 -17082
1931 8857 -16986
1932 8783 -16794
1933 8805 -16974
1934 8855 -16990
1935 8937 -17106
1936 8937 -17070
1937 8843 -16906
1938 8793 -16610
1939 8833 -16638
1940 8891 -16878
1941 8949 -17010
1942 8983 -17054
1943 8987 -17086
1944 8881 -16906
1945 8835 -16786
1946 8869 -16774
1947 8853 -16874
1948 8833 -16910
1949 8905 -17038
1950 8817 -16910
1951 8827 -16638
1952 8877 -16662
1953 8833 -16702
1954 8869 -16894
1955 8915 -16882
1956 8931 -16954
1957 8959 -17022
1958 8947 -17010
1959 8993 -17198
1960 8903 -16854
1961 8885 -17030
1962 8815 -16910
1963 8787 -16798
1964 8817 -16870
1965 8795 -16722
1966 8847 -16858
1967 8795 -16738
1968 8717 -16714
1969 8705 -16690
1970 8775 -16774
1971 8709 -16746
1972 8731 -16722
1973 8839 -16982
1974 8883 -16958
1975 8861 -16866
1976 8839 -16750
1977 8897 -16910
1978 8929 -17030
1979 8897 -16946
1980 8769 -16638
1981 8837 -16902
1982 8749 -16590
1983 8663 -16542
1984 8733 -16798
1985 8757 -16866
1986 8767 -16782
1987 8819 -16794
1988 8849 -16882
1989 8933 -17230
1990 8867 -17186
1991 8875 -17102
1992 8833 -17030
1993 8805 -16974
1994 8791 -16882
1995 8773 -16922
1996 8629 -16622
1997 8697 -16742
1998 8767 -16850
1999 8799 -16834
2000 8693 -16722
2001 8697 -16678
2002 8571 -16334
2003 8471 -16166
2004 8581 -16494
2005 8665 -16698
2006 8679 -16718
2007 8787 -17018
2008 8763 -16958
2009 8817 -17006
2010 8817 -17070
2011 8767 -16970
2012 8771 -16970
2013 8703 -16666
2014 8713 -16718
2015 8779 -16754
2016 8689 -16550
2017 8643 -16522
2018 8623 -16482
2019 8621 -16382
2020 8747 -16694
2021 8827 -16738
2022 8761 -16818
2023 8775 -16722
2024 8787 -16874
2025 8701 -16650
2026 8839 -17042
2027 8733 -16726
2028 8719 -16746
2029 8619 -16474
2030 8679 -16502
2031 8723 -16654
2032 8829 -16950
2033 8821 -16838
2034 8807 -16782
2035 8795 -16906
2036 8819 -17082
2037 8783 -16826
2038 8759 -16722
2039 8769 -16678
2040 8783 -16682
2041 8871 -16822
2042 8839 -16770
2043 8773 -16754
2044 8815 -16838
2045 8757 -16850
2046 8659 -16598
2047 8675 -16630
2048 8591 -16306
2049 8743 -16714
2050 8647 -16598
2051 8573 -16470
2052 8687 -16738
2053 8681 -16794
2054 8593 -16694
2055 8535 -16502
2056 8535 -16426
2057 8539 -16526
2058 8427 -16218
2059 8497 -16442
2060 8511 -16402
2061 8571 -16486
2062 8431 -16162
2063 8489 -16386
2064 8551 -16510
2065 8511 -16438
2066 8607 -16674
2067 8595 -16510
2068 8579 -16458
2069 8573 -16362
2070 8667 -16530
2071 8619 -16366
2072 8643 -16474
2073 8731 -16670
2074 8797 -16942
2075 8619 -16430
2076 8679 -16502
2077 8711 -16586
2078 8705 -16570
2079 8727 -16566
2080 8707 -16658
2081 8765 -16746
2082 8755 -16786
2083 8807 -16938
2084 8783 -16906
2085 8741 -16782
2086 8687 -16694
2087 8659 -16662
2088 8605 -16494
2089 8647 -16562
2090 8697 -16602
2091 8645 -16582
2092 8657 -16674
2093 8639 -16618
2094 8509 -16330
2095 8635 -16638
2096 8589 -16546
2097 8571 -16678
2098 8543 -16514
2099 8517 -16398
2100 8553 -16562
2101 8579 -16598
2102 8673 -16710
2103 8751 -16910
2104 8755 -16970
2105 8737 -16786
2106 8675 -16618
2107 8669 -16694
2108 8697 -16634
2109 8709 -16638
2110 8639 -16402
2111 8719 -16606
2112 8675 -16570
2113 8671 -16622
2114 8785 -16810
2115 8785 -16714
2116 8707 -16666
2117 8655 -16758
2118 8569 -16678
2119 8569 -16658
2120 8419 -16390
2121 8437 -16426
2122 8467 -16434
2123 8459 -16506
2124 8473 -16450
2125 8427 -16310
2126 8331 -16094
2127 8377 -16294
2128 8395 -16314
2129 8377 -16182
2130 8359 -16326
2131 8399 -16298
2132 8379 -16190
2133 8485 -16474
2134 8547 -16486
2135 8565 -16538
2136 8513 -16582
2137 8441 -16310
2138 8459 -16406
2139 8529 -16618
2140 8559 -16670
2141 8579 -16586
2142 8607 -16550
2143 8575 -16470
2144 8517 -16354
2145 8449 -16246
2146 8461 -16174
2147 8563 -16398
2148 8611 -16502
2149 8473 -16258
2150 8503 -16342
2151 8597 -16578
2152 8583 -16582
2153 8591 -16638
2154 8651 -16662
2155 8689 -16674
2156 8743 -16586
2157 8849 -16798
2158 8929 -16898
2159 9005 -17090
2160 8907 -16890
2161 8865 -16922
2162 8859 -16934
2163 8771 -16754
2164 8853 -16838
2165 8857 -16834
2166 8735 -16558
2167 8785 -16594
2168 8731 -16502
2169 8679 -16398
2170 8673 -16630
2171 8785 -16806
2172 8739 -16826
2173 8789 -16882
2174 8711 -16602
2175 8653 -16486
2176 8543 -16226
2177 8629 -16378
2178 8803 -16686
2179 8739 -16622
2180 8745 -16674
2181 8813 -16770
2182 8793 -16902
2183 8787 -16794
2184 8863 -16902
2185 8899 -17054
2186 8881 -16922
2187 8959 -17130
2188 8959 -17142
2189 8809 -16766
2190 8887 -16778
2191 8797 -16690
2192 8909 -16790
2193 8921 -16862
2194 8867 -16806
2195 8837 -16694
2196 8963 -16978
2197 8933 -16882
2198 8925 -16874
2199 8887 -16894
2200 8853 -16870
2201 8797 -16814
2202 8685 -16538
2203 8793 -16818
2204 8777 -16790
2205 8907 -17006
2206 8933 -17022
2207 8933 -17194
2208 8855 -16974
2209 8675 -16666
2210 8725 -16610
2211 8771 -16722
2212 8801 -16778
2213 8941 -17078
2214 8967 -17110
2215 8967 -17158
2216 8953 -17106
2217 8841 -16950
2218 8931 -17058
2219 8783 -16826
2220 8753 -16910
2221 8737 -16786
2222 8741 -16866
2223 8581 -16562
2224 8461 -16342
2225 8579 -16490
2226 8603 -16574
2227 8523 -16326
2228 8531 -16446
2229 8395 -15998
2230 8353 -16018
2231 8411 -16038
2232 8577 -16406
2233 8643 -16722
2234 8701 -16622
2235 8711 -16710
2236 8629 -16578
2237 8637 -16542
2238 8569 -16398
2239 8595 -16438
2240 8639 -16670
2241 8635 -16486
2242 8619 -16482
2243 8705 -16730
2244 8659 -16526
2245 8697 -16638
2246 8599 -16646
2247 8499 -16474
2248 8481 -16482
2249 8475 -16378
2250 8579 -16718
2251 8571 -16582
2252 8601 -16590
2253 8547 -16482
2254 8619 -16670
2255 8641 -16678
2256 8627 -16662
2257 8543 -16530
2258 8393 -16238
2259 8449 -16342
2260 8455 -16382
2261 8453 -16390
2262 8519 -16602
2263 8565 -16614
2264 8603 -16726
2265 8625 -16794
2266 8673 -16818
2267 8583 -16574
2268 8633 -16670
2269 8527 -16546
2270 8521 -16698
2271 8563 -16718
2272 8421 -16390
2273 8353 -16230
2274 8289 -16134
2275 8481 -16390
2276 8509 -16450
2277 8527 -16678
2278 8421 -16362
2279 8445 -16238
2280 8461 -16454
2281 8549 -16610
2282 8505 -16622
2283 8377 -16226
2284 8493 -16406
2285 8583 -16562
2286 8677 -16646
2287 8739 -16734
2288 8609 -16526
2289 8569 -16334
2290 8673 -16806
2291 8671 -16794
2292 8539 -16454
2293 8511 -16630
2294 8449 -16594
2295 8471 -16442
2296 8505 -16594
2297 8543 -16718
2298 8509 -16574
2299 8375 -16366
2300 8411 -16546
2301 8363 -16378
2302 8237 -16230
2303 8235 -16114
2304 8303 -16282
2305 8287 -16206
2306 8217 -16054
2307 8323 -16302
2308 8333 -16362
2309 8417 -16386
2310 8375 -16294
2311 8433 -16478
2312 8535 -16674
2313 8553 -16882
2314 8627 -16898
2315 8565 -16730
2316 8449 -16378
2317 8445 -16310
2318 8423 -16330
2319 8405 -16614
2320 8391 -16546
2321 8319 -16382
2322 8409 -16506
2323 8341 -16370
2324 8477 -16590
2325 8479 -16706
2326 8495 -16670
2327 8383 -16442
2328 8327 -16438
2329 8277 -16206
2330 8339 -16254
2331 8329 -16406
2332 8311 -16298
2333 8393 -16466
2334 8469 -16710
2335 8375 -16526
2336 8339 -16522
2337 8309 -16346
2338 8287 -16382
2339 8349 -16374
2340 8307 -16470
2341 8267 -16370
2342 8329 -16586
2343 8399 -16726
2344 8329 -16618
2345 8367 -16622
2346 8475 -16830
2347 8431 -16626
2348 8481 -16754
2349 8581 -16946
2350 8529 -16954
2351 8439 -16582
2352 8481 -16542
2353 8533 -16810
2354 8591 -16866
2355 8679 -16974
2356 8589 -16882
2357 8585 -16890
2358 8451 -16702
2359 8413 -16662
2360 8437 -16774
2361 8485 -16750
2362 8461 -16658
2363 8333 -16466
2364 8409 -16470
2365 8389 -16478
2366 8409 -16494
2367 8405 -16370
2368 8393 -16338
2369 8361 -16470
2370 8369 -16506
2371 8439 -16610
2372 8311 -16282
2373 8345 -16266
2374 8449 -16670
2375 8395 -16618
2376 8431 -16574
2377 8377 -16490
2378 8349 -16402
2379 8455 -16526
2380 8569 -16882
2381 8553 -16726
2382 8467 -16710
2383 8477 -16766
2384 8413 -16602
2385 8405 -16670
2386 8339 -16482
2387 8251 -16526
2388 8233 -16562
2389 8311 -16510
2390 8319 -16522
2391 8353 -16578
2392 8285 -16630
2393 8399 -16758
2394 8431 -16922
2395 8387 -16794
2396 8333 -16822
2397 8337 -16790
2398 8299 -16718
2399 8231 -16634
2400 8335 -16782
2401 8291 -16554
2402 8259 -16434
2403 8321 -16778
2404 8317 -16894
2405 8249 -16650
2406 8209 -16622
2407 8175 -16446
2408 8211 -16554
2409 8241 -16630
2410 8235 -16550
2411 8135 -16406
2412 8153 -16306
2413 8197 -16530
2414 8255 -16718
2415 8329 -16978
2416 8269 -16742
2417 8197 -16622
2418 8077 -16494
2419 8071 -16226
2420 8165 -16714
2421 8155 -16610
2422 8177 -16490
2423 8135 -16406
2424 8023 -16042
2425 8079 -16234
2426 8095 -16330
2427 8137 -16382
2428 8141 -16222
2429 8283 -16482
2430 8225 -16330
2431 8181 -16042
2432 8293 -16146
2433 8345 -16174
2434 8495 -16642
2435 8493 -16678
2436 8471 -16598
2437 8517 -16694
2438 8571 -16798
2439 8651 -16938
2440 8601 -16638
2441 8595 -16610
2442 8517 -16510
2443 8389 -16278
2444 8383 -16322
2445 8505 -16594
2446 8427 -16486
2447 8483 -16490
2448 8473 -16494
2449 8461 -16522
2450 8481 -16498
2451 8537 -16610
2452 8535 -16450
2453 8637 -16702
2454 8667 -16654
2455 8659 -16574
2456 8589 -16546
2457 8635 -16626
2458 8655 -16698
2459 8615 -16618
2460 8685 -16566
2461 8701 -16642
2462 8745 -16742
2463 8755 -16730
2464 8783 -16762
2465 8805 -16786
2466 8831 -16914
2467 8739 -16590
2468 8775 -16690
2469 8649 -16498
2470 8721 -16658
2471 8625 -16422
2472 8629 -16366
2473 8679 -16450
2474 8699 -16602
2475 8695 -16506
2476 8725 -16574
2477 8709 -16446
2478 8837 -16750
2479 8829 -16754
2480 8715 -16638
2481 8691 -16602
2482 8735 -16626
2483 8827 -16782
2484 8793 -16702
2485 8809 -16782
2486 8779 -16706
2487 8705 -16654
2488 8699 -16566
2489 8775 -16774
2490 8841 -16874
2491 8941 -17050
2492 8933 -17150
2493 8893 -16970
2494 8853 -16974
2495 8917 -17006
2496 8827 -16742
2497 8831 -16794
2498 8885 -16766
2499 8871 -16826
2500 8895 -16958
2501 8739 -16530
2502 8697 -16454
2503 8795 -16646
2504 8907 -16894
2505 9023 -17130
2506 8991 -17022
2507 9067 -17186
2508 9131 -17298
2509 9135 -17298
2510 9009 -17022
2511 8999 -17058
2512 8957 -16902
2513 8925 -16814
2514 8979 -17046
2515 9005 -17070
2516 9029 -17030
2517 8991 -16946
2518 8977 -17090
2519 9003 -17182
2520 8997 -17126
2521 8943 -16990
2522 8927 -17046
2523 8915 -16902
2524 8907 -16894
2525 8927 -16958
2526 8951 -17030
2527 8887 -16846
2528 8807 -16734
2529 8773 -16594
2530 8727 -16630
2531 8757 -16638
2532 8737 -16750
2533 8761 -16798
2534 8655 -16698
2535 8603 -16534
2536 8617 -16662
2537 8675 -16794
2538 8733 -16886
2539 8659 -16698
2540 8723 -16990
2541 8699 -17130
2542 8609 -16734
2543 8563 -16614
2544 8539 -16418
2545 8541 -16366
2546 8427 -16086
2547 8387 -16150
2548 8403 -16294
2549 8501 -16422
2550 8531 -16450
2551 8519 -16530
2552 8615 -16602
2553 8665 -16642
2554 8595 -16562
2555 8601 -16642
2556 8615 -16610
2557 8569 -16582
2558 8655 -16522
2559 8759 -16742
2560 8745 -16610
2561 8683 -16586
2562 8689 -16638
2563 8751 -16770
2564 8753 -16730
2565 8867 -17014
2566 8717 -16738
2567 8583 -16382
2568 8569 -16426
2569 8607 -16462
2570 8685 -16610
2571 8679 -16734
2572 8733 -16842
2573 8705 -16738
2574 8645 -16638
2575 8665 -16770
2576 8675 -16650
2577 8621 -16606
2578 8595 -16442
2579 8573 -16414
2580 8537 -16354
2581 8551 -16370
2582 8681 -16626
2583 8745 -16866
2584 8683 -16774
2585 8715 -16782
2586 8721 -16770
2587 8737 -16898
2588 8717 -16834
2589 8735 -16778
2590 8747 -16642
2591 8827 -16802
2592 8771 -16790
2593 8843 -16866
2594 8865 -16958
2595 8723 -16558
2596 8725 -16690
2597 8775 -16738
2598 8817 -16762
2599 8765 -16802
2600 8771 -16722
2601 8821 -16802
2602 8927 -17106
2603 8941 -16970
2604 8909 -16838
2605 8891 -16714
2606 8817 -16622
2607 8805 -16586
2608 8877 -16778
2609 8907 -16774
2610 8905 -16766
2611 8943 -16794
2612 8977 -16962
2613 8947 -16954
2614 8957 -17082
2615 9023 -17314
2616 8957 -17066
2617 8965 -17070
2618 8851 -16654
2619 8705 -16458
2620 8625 -16350
2621 8745 -16614
2622 8781 -16746
2623 8827 -16878
2624 8825 -16854
2625 8879 -16878
2626 8863 -16806
2627 8875 -16938
2628 8847 -16822
2629 8921 -16942
2630 8879 -16966
2631 8797 -16822
2632 8805 -16902
2633 8795 -16842
2634 8739 -16874
2635 8781 -16954
2636 8831 -16998
2637 8781 -16862
2638 8727 -16642
2639 8767 -16782
2640 8853 -16994
2641 8809 -16970
2642 8711 -16770
2643 8651 -16634
2644 8663 -16538
2645 8599 -16554
2646 8565 -16422
2647 8673 -16706
2648 8671 -16562
2649 8743 -16686
2650 8757 -16914
2651 8661 -16586
2652 8563 -16430
2653 8583 -16610
2654 8511 -16358
2655 8693 -16886
2656 8711 -16930
2657 8745 -17054
2658 8707 -16942
2659 8583 -16694
2660 8591 -16594
2661 8575 -16518
2662 8697 -16634
2663 8705 -16662
2664 8709 -16650
2665 8677 -16686
2666 8599 -16506
2667 8617 -16470
2668 8705 -16538
2669 8799 -16734
2670 8765 -16710
2671 8725 -16602
2672 8763 -16626
2673 8681 -16598
2674 8685 -16730
2675 8811 -17082
2676 8825 -17134
2677 8801 -16902
2678 8789 -16774
2679 8727 -16778
2680 8655 -16638
2681 8751 -16902
2682 8673 -16594
2683 8713 -16682
2684 8767 -16778
2685 8675 -16486
2686 8641 -16298
2687 8733 -16602
2688 8773 -16694
2689 8729 -16654
2690 8761 -16746
2691 8721 -16594
2692 8767 -16534
2693 8833 -16830
2694 8811 -16886
2695 8833 -16830
2696 8901 -16994
2697 8851 -16938
2698 8745 -16750
2699 8793 -16798
2700 8741 -16606
2701 8763 -16742
2702 8821 -16878
2703 8769 -16698
2704 8745 -16658
2705 8759 -16690
2706 8761 -16598
2707 8775 -16750
2708 8821 -16758
2709 8799 -16682
2710 8785 -16830
2711 8663 -16574
2712 8701 -16674
2713 8727 -16550
2714 8837 -16890
2715 8861 -16902
2716 8875 -16838
2717 8913 -17054
2718 8903 -16906
2719 8873 -16778
2720 8815 -16730
2721 8845 -16802
2722 8877 -16938
2723 8909 -16850
2724 8851 -16930
2725 8929 -16894
2726 8885 -16902
2727 8969 -17110
2728 9017 -17046
2729 9061 -17238
2730 8955 -16822
2731 8917 -16878
2732 8779 -16654
2733 8787 -16718
2734 8813 -16790
2735 8729 -16622
2736 8765 -16618
2737 8821 -16618
2738 8809 -16766
2739 8787 -16786
2740 8823 -16766
2741 8771 -16670
2742 8781 -16706
2743 8683 -16494
2744 8625 -16362
2745 8677 -16546
2746 8557 -16270
2747 8601 -16382
2748 8561 -16190
2749 8579 -16310
2750 8641 -16494
2751 8607 -16510
2752 8621 -16450
2753 8669 -16598
2754 8665 -16490
2755 8717 -16574
2756 8709 -16558
2757 8755 -16618
2758 8787 -16554
2759 8831 -16678
2760 8865 -16798
2761 8823 -16766
2762 8867 -16994
2763 8791 -16766
2764 8859 -16866
2765 8849 -16886
2766 8835 -16942
2767 8817 -16950
2768 8647 -16822
2769 8635 -16718
2770 8553 -16682
2771 8613 -16942
2772 8591 -16770
2773 8627 -16890
2774 8517 -16550
2775 8575 -16694
2776 8665 -16846
2777 8603 -16634
2778 8565 -16562
2779 8583 -16614
2780 8539 -16610
2781 8501 -16538
2782 8505 -16638
2783 8495 -16538
2784 8525 -16650
2785 8523 -16682
2786 8477 -16466
2787 8467 -16374
2788 8441 -16402
2789 8439 -16546
2790 8437 -16482
2791 8411 -16446
2792 8487 -16642
2793 8491 -16602
2794 8455 -16662
2795 8399 -16618
2796 8451 -16646
2797 8519 -16610
2798 8483 -16426
2799 8433 -16350
2800 8459 -16494
2801 8461 -16434
2802 8527 -16490
2803 8593 -16670
2804 8589 -16630
2805 8707 -16898
2806 8705 -16646
2807 8703 -16670
2808 8627 -16598
2809 8637 -16534
2810 8611 -16614
2811 8631 -16662
2812 8675 -16562
2813 8697 -16582
2814 8753 -16714
2815 8765 -16718
2816 8703 -16682
2817 8629 -16510
2818 8621 -16510
2819 8747 -16682
2820 8719 -16794
2821 8699 -16698
2822 8753 -16718
2823 8805 -16710
2824 8797 -16806
2825 8775 -16738
2826 8843 -16818
2827 8825 -16782
2828 8673 -16506
2829 8649 -16294
2830 8687 -16514
2831 8701 -16406
2832 8877 -17026
2833 8791 -16646
2834 8897 -16814
2835 8813 -16750
2836 8821 -16646
2837 8833 -16762
2838 8897 -17006
2839 8863 -16814
2840 8919 -16974
2841 8913 -17118
2842 8829 -16894
2843 8761 -16586
2844 8813 -16706
2845 8797 -16778
2846 8897 -16858
2847 8887 -16834
2848 8881 -16874
2849 8777 -16678
2850 8811 -16782
2851 8771 -16654
2852 8729 -16622
2853 8781 -16870
2854 8717 -16782
2855 8741 -16790
2856 8747 -16662
2857 8767 -16662
2858 8715 -16394
2859 8751 -16562
2860 8741 -16766
2861 8801 -17010
2862 8755 -16854
2863 8785 -16986
2864 8823 -17138
2865 8843 -17010
2866 8793 -16978
2867 8701 -16722
2868 8537 -16310
2869 8649 -16582
2870 8533 -16466
2871 8631 -16634
2872 8639 -16610
2873 8607 -16562
2874 8619 -16574
2875 8691 -16822
2876 8661 -16766
2877 8693 -16710
2878 8671 -16606
2879 8621 -16570
2880 8629 -16590
2881 8635 -16530
2882 8627 -16570
2883 8649 -16606
2884 8615 -16670
2885 8703 -16622
2886 8717 -16658
2887 8713 -16682
2888 8739 -16794
2889 8749 -16682
2890 8601 -16362
2891 8695 -16586
2892 8699 -16582
2893 8689 -16698
2894 8763 -16870
2895 8749 -16770
2896 8651 -16670
2897 8615 -16538
2898 8683 -16718
2899 8769 -16610
2900 8879 -16914
2901 8891 -16842
2902 8871 -16698
2903 8897 -16690
2904 8855 -16710
2905 8911 -16790
2906 8893 -16778
2907 8961 -16990
2908 9011 -17070
2909 8837 -16906
2910 8779 -16810
2911 8713 -16546
2912 8753 -16710
2913 8741 -16642
2914 8745 -16730
2915 8843 -16950
2916 8861 -17010
2917 8797 -16762
2918 8797 -16934
2919 8763 -16734
2920 8773 -16762
2921 8717 -16730
2922 8731 -16622
2923 8711 -16506
2924 8689 -16498
2925 8725 -16654
2926 8685 -16550
2927 8731 -16690
2928 8713 -16818
2929 8605 -16670
2930 8629 -16702
2931 8649 -16774
2932 8651 -16650
2933 8493 -16314
2934 8509 -16310
2935 8601 -16510
2936 8621 -16642
2937 8615 -16726
2938 8693 -16714
2939 8599 -16442
2940 8577 -16502
2941 8603 -16486
2942 8615 -16426
2943 8679 -16486
2944 8663 -16454
2945 8711 -16582
2946 8725 -16594
2947 8781 -16750
2948 8787 -16826
2949 8781 -16798
2950 8707 -16566
2951 8729 -16494
2952 8805 -16706
2953 8741 -16634
2954 8821 -16754
2955 8843 -16854
2956 8837 -16834
2957 8759 -16674
2958 8743 -16738
2959 8849 -16850
2960 8905 -17050
2961 8879 -16958
2962 8943 -16902
2963 8945 -16974
2964 8873 -16762
2965 8967 -16918
2966 8827 -16618
2967 8799 -16626
2968 8847 -16666
2969 8933 -16894
2970 8987 -16942
2971 9071 -17198
2972 9023 -17090
2973 8983 -16934
2974 8895 -16770
2975 8883 -16742
2976 8903 -16822
2977 8937 -16918
2978 8909 -16930
2979 8761 -16746
2980 8721 -16582
2981 8777 -16590
2982 8771 -16778
2983 8757 -16714
2984 8723 -16658
2985 8695 -16694
2986 8705 -16598
2987 8833 -16830
2988 8719 -16706
2989 8741 -16638
2990 8725 -16754
2991 8807 -16778
2992 8763 -16750
2993 8735 -16754
2994 8727 -16670
2995 8785 -16694
2996 8703 -16598
2997 8841 -16858
2998 8833 -16926
2999 8803 -16786
3000 8791 -16862
3001 8839 -16934
3002 8853 -16926
3003 8793 -16842
3004 8713 -16666
3005 8719 -16474
3006 8703 -16370
3007 8763 -16570
3008 8745 -16518
3009 8787 -16646
3010 8839 -16646
3011 8815 -16686
3012 8723 -16502
3013 8793 -16618
3014 8677 -16390
3015 8771 -16526
3016 8757 -16518
3017 8761 -16646
3018 8713 -16558
3019 8765 -16594
3020 8811 -16718
3021 8867 -16842
3022 8871 -16746
3023 8835 -16778
3024 8821 -16798
3025 8843 -16866
3026 8801 -16762
3027 8771 -16794
3028 8805 -16654
3029 8873 -16814
3030 8899 -16826
3031 8963 -17038
3032 8957 -17030
3033 8813 -16574
3034 8781 -16606
3035 8889 -16834
3036 8863 -16974
3037 8797 -16826
3038 8853 -16886
3039 8943 -17006
3040 8771 -16630
3041 8803 -16602
3042 8833 -16722
3043 8855 -16794
3044 8907 -16974
3045 8949 -17098
3046 8863 -16854
3047 8829 -16802
3048 8797 -16802
3049 8673 -16638
3050 8569 -16426
3051 8539 -16442
3052 8641 -16554
3053 8697 -16530
3054 8827 -16698
3055 8969 -17018
3056 8933 -17082
3057 8917 -16914
3058 8939 -16978
3059 8957 -17046
3060 9007 -17122
3061 8979 -17030
3062 8895 -16858
3063 8819 -16826
3064 8789 -16718
3065 8825 -16814
3066 8767 -16710
3067 8755 -16746
3068 8719 -16606
3069 8623 -16394
3070 8661 -16338
3071 8561 -16118
3072 8665 -16434
3073 8751 -16566
3074 8785 -16598
3075 8689 -16558
3076 8739 -16722
3077 8753 -16918
3078 8639 -16538
3079 8663 -16474
3080 8737 -16754
3081 8683 -16678
3082 8713 -16598
3083 8693 -16570
3084 8683 -16598
3085 8665 -16674
3086 8675 -16538
3087 8665 -16586
3088 8635 -16546
3089 8643 -16478
3090 8605 -16478
3091 8615 -16498
3092 8657 -16518
3093 8499 -16530
3094 8583 -16526
3095 8649 -16506
3096 8577 -16578
3097 8625 -16602
3098 8611 -16506
3099 8597 -16558
3100 8481 -16410
3101 8523 -16498
3102 8531 -16710
3103 8559 -16590
3104 8599 -16710
3105 8595 -16766
3106 8549 -16694
3107 8555 -16574
3108 8547 -16514
3109 8469 -16358
3110 8471 -16450
3111 8509 -16394
3112 8633 -16654
3113 8777 -16934
3114 8725 -16742
3115 8695 -16654
3116 8703 -16762
3117 8743 -16722
3118 8709 -16794
3119 8677 -16650
3120 8709 -16570
3121 8655 -16618
3122 8715 -16750
3123 8701 -16610
3124 8717 -16678
3125 8701 -16722
3126 8643 -16518
3127 8599 -16518
3128 8645 -16638
3129 8599 -16430
3130 8585 -16470
3131 8575 -16442
3132 8625 -16470
3133 8713 -16542
3134 8613 -16230
3135 8751 -16530
3136 8721 -16498
3137 8711 -16514
3138 8651 -16430
3139 8811 -16726
3140 8797 -16738
3141 8873 -16834
3142 8769 -16686
3143 8843 -16834
3144 8793 -16550
3145 8891 -16778
3146 8935 -16902
3147 8939 -16882
3148 8901 -16790
3149 8885 -16834
3150 9009 -16970
3151 9065 -17082
3152 9077 -17126
3153 9093 -17238
3154 9045 -17182
3155 9043 -17086
3156 9047 -17102
3157 9061 -17098
3158 8945 -16890
3159 8957 -17006
3160 8871 -16690
3161 8911 -16778
3162 8883 -16866
3163 8873 -16946
3164 8849 -16886
3165 8817 -16798
3166 8801 -16734
3167 8881 -16882
3168 8817 -16730
3169 8911 -17062
3170 8911 -16906
3171 8863 -16718
3172 8731 -16434
3173 8689 -16402
3174 8733 -16494
3175 8853 -16806
3176 8985 -17074
3177 8951 -16990
3178 9035 -17250
3179 8995 -17118
3180 8889 -16794
3181 8853 -16678
3182 8823 -16786
3183 8783 -16598
3184 8821 -16602
3185 8843 -16686
3186 8841 -16654
3187 8979 -16862
3188 8901 -16750
3189 8869 -16718
3190 8881 -16822
3191 8821 -16714
3192 8831 -16574
3193 8905 -16794
3194 8831 -16770
3195 8893 -16754
3196 8855 -16862
3197 8797 -16742
3198 8779 -16666
3199 8763 -16670
3200 8779 -16670
3201 8761 -16610
3202 8859 -16914
3203 8663 -16566
3204 8697 -16638
3205 8641 -16454
3206 8721 -16730
3207 8755 -16782
3208 8813 -17050
3209 8781 -16722
3210 8765 -16714
3211 8779 -16742
3212 8789 -16658
3213 8765 -16682
3214 8769 -16746
3215 8803 -16806
3216 8721 -16614
3217 8747 -16754
3218 8625 -16634
3219 8539 -16610
3220 8459 -16350
3221 8481 -16454
3222 8439 -16290
3223 8485 -16338
3224 8525 -16394
3225 8517 -16466
3226 8521 -16490
3227 8537 -16470
3228 8601 -16610
3229 8613 -16558
3230 8597 -16342
3231 8743 -16550
3232 8737 -16730
3233 8671 -16598
3234 8625 -16554
3235 8507 -16454
3236 8469 -16342
3237 8521 -16566
3238 8509 -16286
3239 8461 -16278
3240 8431 -16166
3241 8493 -16406
3242 8521 -16462
3243 8519 -16458
3244 8523 -16526
3245 8481 -16498
3246 8479 -16558
3247 8519 -16590
3248 8563 -16638
3249 8537 -16462
3250 8559 -16666
3251 8487 -16386
3252 8591 -16662
3253 8461 -16510
3254 8477 -16506
3255 8533 -16410
3256 8615 -16606
3257 8649 -16746
3258 8613 -16606
3259 8645 -16602
3260 8731 -16686
3261 8615 -16642
3262 8689 -16682
3263 8677 -16690
3264 8629 -16530
3265 8663 -16786
3266 8633 -16766
3267 8643 -16614
3268 8781 -16922
3269 8713 -16662
3270 8695 -16790
3271 8663 -16826
3272 8627 -16694
3273 8537 -16490
3274 8451 -16466
3275 8475 -16490
3276 8405 -16502
3277 8439 -16458
3278 8485 -16626
3279 8471 -16678
3280 8397 -16366
3281 8499 -16474
3282 8513 -16454
3283 8505 -16494
3284 8529 -16526
3285 8659 -16682
3286 8613 -16562
3287 8551 -16522
3288 8579 -16730
3289 8573 -16766
3290 8501 -16554
3291 8457 -16534
3292 8507 -16518
3293 8457 -16310
3294 8613 -16722
3295 8653 -16662
3296 8687 -16666
3297 8507 -16262
3298 8561 -16254
3299 8693 -16630
3300 8757 -16674
3301 8745 -16854
3302 8751 -16722
3303 8869 -17030
3304 8909 -17158
3305 8853 -16886
3306 8711 -16386
3307 8735 -16546
3308 8817 -16742
3309 8849 -16798
3310 8847 -16742
3311 8669 -16454
3312 8665 -16522
3313 8725 -16490
3314 8719 -16754
3315 8653 -16350
3316 8609 -16374
3317 8601 -16342
3318 8697 -16546
3319 8649 -16470
3320 8637 -16482
3321 8777 -16854
3322 8801 -16914
3323 8831 -16882
3324 8843 -16926
3325 8867 -17014
3326 8799 -16846
3327 8767 -16810
3328 8827 -16834
3329 8823 -16898
3330 8861 -16898
3331 8827 -16802
3332 8875 -16998
3333 8829 -16886
3334 8793 -16858
3335 8771 -16750
3336 8685 -16754
3337 8715 -16722
3338 8797 -16754
3339 8777 -16770
3340 8713 -16730
3341 8725 -16754
3342 8789 -16786
3343 8763 -16866
3344 8759 -16810
3345 8723 -16602
3346 8707 -16630
3347 8699 -16750
3348 8623 -16602
3349 8691 -16674
3350 8833 -16862
3351 8745 -16678
3352 8771 -16690
3353 8747 -16698
3354 8711 -16770
3355 8649 -16554
3356 8637 -16526
3357 8733 -16522
3358 8671 -16506
3359 8749 -16774
3360 8705 -16634
3361 8763 -16706
3362 8707 -16610
3363 8785 -16746
3364 8789 -16738
3365 8851 -16906
3366 8901 -16954
3367 8875 -16922
3368 8839 -16846
3369 8875 -17030
3370 8973 -17218
3371 8859 -16910
3372 8897 -16906
3373 8843 -16790
3374 8839 -16838
3375 8811 -16822
3376 8835 -16854
3377 8885 -17010
3378 8845 -17050
3379 8765 -16926
3380 8659 -16742
3381 8755 -16774
3382 8725 -16714
3383 8739 -16662
3384 8775 -16726
3385 8801 -16766
3386 8795 -16790
3387 8791 -16966
3388 8793 -17026
3389 8775 -16978
3390 8781 -16898
3391 8677 -16590
3392 8727 -16578
3393 8803 -16690
3394 8797 -16766
3395 8931 -17058
3396 8887 -17038
3397 8897 -17098
3398 8821 -16930
3399 8919 -17146
3400 8957 -17206
3401 8939 -17150
3402 8845 -16886
3403 8833 -16838
3404 8761 -16610
3405 8645 -16506
3406 8665 -16558
3407 8717 -16594
3408 8679 -16502
3409 8721 -16594
3410 8771 -16754
3411 8815 -16814
3412 8743 -16770
3413 8751 -16762
3414 8617 -16490
3415 8669 -16618
3416 8699 -16706
3417 8579 -16454
3418 8621 -16570
3419 8681 -16666
3420 8709 -16882
3421 8799 -16994
3422 8831 -17078
3423 8859 -16966
3424 8839 -16962
3425 8909 -16958
3426 9009 -17234
3427 8999 -17166
3428 9045 -17230
3429 8973 -17118
3430 9055 -17206
3431 9105 -17334
3432 9081 -17078
3433 9025 -16990
3434 9013 -17066
3435 8983 -16826
3436 9017 -17058
3437 9039 -17026
3438 9041 -17090
3439 9075 -17194
3440 9003 -17066
3441 8985 -17006
3442 9023 -17022
3443 9107 -17226
3444 8943 -16774
3445 8937 -16930
3446 8865 -16798
3447 8921 -16866
3448 8959 -16950
3449 8981 -17070
3450 8943 -17038
3451 8879 -16862
3452 8827 -16742
3453 8869 -16774
3454 8779 -16642
3455 8749 -16654
3456 8739 -16754
3457 8759 -16678
3458 8745 -16582
3459 8783 -16530
3460 8735 -16490
3461 8809 -16762
3462 8833 -16874
3463 8765 -16674
3464 8797 -16758
3465 8877 -16886
3466 8825 -16838
3467 8839 -16774
3468 8917 -17054
3469 8915 -16910
3470 8897 -16898
3471 8921 -17010
3472 8727 -16546
3473 8703 -16490
3474 8737 -16566
3475 8751 -16738
3476 8699 -16638
3477 8641 -16538
3478 8705 -16642
3479 8603 -16434
3480 8627 -16378
3481 8623 -16566
3482 8669 -16526
3483 8651 -16546
3484 8767 -16762
3485 8753 -16930
3486 8721 -16770
3487 8697 -16714
3488 8705 -16710
3489 8693 -16726
3490 8605 -16602
3491 8579 -16558
3492 8473 -16382
3493 8411 -16442
3494 8391 -16522
3495 8387 -16390
3496 8339 -16294
3497 8369 -16282
3498 8425 -16594
3499 8481 -16454
3500 8643 -16798
3501 8599 -16670
3502 8547 -16582
3503 8541 -16598
3504 8603 -16762
3505 8599 -16822
3506 8565 -16570
3507 8645 -16758
3508 8581 -16602
3509 8541 -16486
3510 8541 -16526
3511 8517 -16490
3512 8449 -16314
3513 8483 -16418
3514 8401 -16538
3515 8359 -16442
3516 8201 -16358
3517 8205 -16266
3518 8213 -16246
3519 8173 -16054
3520 8215 -16058
3521 8347 -16382
3522 8435 -16638
3523 8467 -16670
3524 8463 -16522
3525 8521 -16686
3526 8653 -16818
3527 8571 -16762
3528 8571 -16750
3529 8541 -16730
3530 8557 -16646
3531 8703 -16918
3532 8751 -17110
3533 8735 -17158
3534 8707 -17086
3535 8589 -16842
3536 8633 -16810
3537 8545 -16734
3538 8467 -16574
3539 8499 -16634
3540 8483 -16698
3541 8443 -16658
3542 8425 -16714
3543 8379 -16614
3544 8339 -16454
3545 8405 -16714
3546 8363 -16538
3547 8489 -16838
3548 8531 -16734
3549 8551 -16882
3550 8583 -16862
3551 8651 -16842
3552 8647 -16846
3553 8653 -16842
3554 8605 -16782
3555 8561 -16638
3556 8633 -16730
3557 8633 -16822
3558 8559 -16646
3559 8517 -16578
3560 8593 -16754
3561 8581 -16938
3562 8549 -16762
3563 8445 -16506
3564 8471 -16586
3565 8513 -16814
3566 8545 -16794
3567 8585 -16802
3568 8679 -16898
3569 8611 -16802
3570 8549 -16734
3571 8675 -16930
3572 8655 -16962
3573 8767 -17174
3574 8847 -17230
3575 8781 -16970
3576 8719 -16778
3577 8773 -16850
3578 8911 -17162
3579 8925 -17034
3580 9021 -17146
3581 8967 -17110
3582 9019 -17170
3583 9135 -17426
3584 9077 -17270
3585 9007 -17162
3586 8881 -17038
3587 8763 -16758
3588 8679 -16622
3589 8607 -16470
3590 8651 -16666
3591 8727 -16742
3592 8819 -16962
3593 8833 -17066
3594 8801 -16994
3595 8779 -16934
3596 8743 -16694
3597 8667 -16530
3598 8631 -16502
3599 8655 -16554
3600 8659 -16474
3601 8697 -16522
3602 8831 -16838
3603 8933 -17054
3604 8935 -17010
3605 8785 -16642
3606 8781 -16566
3607 8775 -16566
3608 8777 -16586
3609 8741 -16542
3610 8863 -16882
3611 8749 -16510
3612 8699 -16574
3613 8645 -16566
3614 8665 -16514
3615 8601 -16386
3616 8573 -16318
3617 8539 -16330
3618 8559 -16302
3619 8487 -16214
3620 8419 -16170
3621 8517 -16366
3622 8455 -16198
3623 8425 -16206
3624 8507 -16350
3625 8533 -16310
3626 8607 -16506
3627 8675 -16626
3628 8665 -16498
3629 8685 -16434
3630 8563 -16370
3631 8601 -16454
3632 8687 -16658
3633 8771 -17006
3634 8771 -16930
3635 8765 -16910
3636 8715 -16750
3637 8745 -16846
3638 8741 -16870
3639 8725 -16790
3640 8675 -16666
3641 8679 -16658
3642 8715 -16702
3643 8773 -16774
3644 8765 -16794
3645 8915 -16986
3646 8971 -17090
3647 8881 -16970
3648 8873 -16902
3649 8793 -16762
3650 8879 -16870
3651 8969 -17142
3652 8923 -16934
3653 8931 -16998
3654 8915 -17026
3655 8893 -16954
3656 8887 -16938
3657 8831 -16938
3658 8765 -16802
3659 8771 -16834
3660 8601 -16450
3661 8625 -16486
3662 8661 -16514
3663 8751 -16742
3664 8825 -16778
3665 8797 -16774
3666 8721 -16674
3667 8709 -16690
3668 8661 -16546
3669 8583 -16438
3670 8595 -16478
3671 8571 -16430
3672 8599 -16502
3673 8619 -16482
3674 8509 -16306
3675 8537 -16546
3676 8549 -16482
3677 8557 -16578
3678 8609 -16598
3679 8587 -16366
3680 8753 -16738
3681 8749 -16862
3682 8753 -16794
3683 8691 -16706
3684 8751 -16886
3685 8805 -16870
3686 8639 -16686
3687 8643 -16670
3688 8621 -16450
3689 8625 -16490
3690 8573 -16494
3691 8647 -16686
3692 8569 -16394
3693 8581 -16494
3694 8473 -16182
3695 8675 -16446
3696 8773 -16706
3697 8835 -16798
3698 8829 -16782
3699 8753 -16662
3700 8739 -16514
3701 8731 -16526
3702 8839 -16774
3703 8807 -16722
3704 8851 -16890
3705 8881 -16814
3706 8955 -17034
3707 8829 -16850
3708 8847 -16898
3709 8865 -16782
3710 8971 -17018
3711 9067 -17278
3712 8955 -17026
3713 8901 -16890
3714 9001 -17110
3715 9015 -17102
3716 9011 -17154
3717 8867 -16866
3718 8933 -16918
3719 8885 -16946
3720 8809 -16746
3721 8691 -16414
3722 8715 -16502
3723 8811 -16598
3724 8777 -16534
3725 8749 -16634
3726 8817 -16890
3727 8795 -16862
3728 8811 -16886
3729 8769 -16770
3730 8865 -16854
3731 8747 -16618
3732 8767 -16654
3733 8685 -16458
3734 8745 -16630
3735 8815 -16874
3736 8705 -16626
3737 8705 -16554
3738 8669 -16566
3739 8679 -16438
3740 8691 -16382
3741 8741 -16638
3742 8831 -16874
3743 8749 -16746
3744 8819 -16794
3745 8759 -16650
3746 8709 -16442
3747 8711 -16558
3748 8697 -16518
3749 8825 -16766
3750 8891 -16866
3751 8927 -16770
3752 9025 -17138
3753 8911 -16926
3754 8851 -16838
3755 8741 -16582
3756 8677 -16422
3757 8629 -16402
3758 8657 -16434
3759 8673 -16526
3760 8711 -16542
3761 8733 -16574
3762 8789 -16590
3763 8645 -16366
3764 8839 -16762
3765 8793 -16794
3766 8793 -16642
3767 8791 -16694
3768 8733 -16634
3769 8803 -16750
3770 8863 -16754
3771 8803 -16690
3772 8839 -16802
3773 8819 -16890
3774 8795 -16646
3775 8863 -16782
3776 8803 -16734
3777 8759 -16498
3778 8847 -16850
3779 8837 -16866
3780 8849 -16994
3781 8925 -17014
3782 8887 -16926
3783 8927 -16942
3784 8851 -16838
3785 8939 -16946
3786 8841 -16790
3787 8831 -16694
3788 8923 -16910
3789 8807 -16766
3790 8817 -16774
3791 8873 -16966
3792 8773 -16658
3793 8755 -16766
3794 8677 -16526
3795 8627 -16334
3796 8691 -16630
3797 8799 -16778
3798 8777 -16678
3799 8769 -16686
3800 8719 -16590
3801 8697 -16426
3802 8755 -16610
3803 8813 -16754
3804 8689 -16682
3805 8699 -16638
3806 8677 -16702
3807 8661 -16538
3808 8761 -16762
3809 8757 -16726
3810 8775 -16794
3811 8705 -16698
3812 8777 -16842
3813 8689 -16666
3814 8563 -16586
3815 8563 -16514
3816 8627 -16462
3817 8647 -16514
3818 8521 -16426
3819 8593 -16738
3820 8671 -16702
3821 8663 -16718
3822 8705 -16834
3823 8629 -16578
3824 8613 -16442
3825 8569 -16334
3826 8635 -16554
3827 8775 -16646
3828 8813 -16770
3829 8709 -16602
3830 8797 -16762
3831 8789 -16806
3832 8747 -16778
3833 8609 -16506
3834 8839 -16870
3835 8837 -16818
3836 8927 -16938
3837 8827 -16870
3838 8771 -16694
3839 8873 -16890
3840 8921 -16990
3841 8941 -17066
3842 8917 -16998
3843 8907 -17014
3844 8955 -17150
3845 8877 -16870
3846 8851 -16806
3847 8801 -16730
3848 8837 -16762
3849 8939 -16954
3850 9023 -17170
3851 9039 -17350
3852 9047 -17262
3853 8955 -17050
3854 8935 -17014
3855 8919 -16930
3856 8931 -16958
3857 8789 -16822
3858 8779 -16718
3859 8703 -16674
3860 8663 -16590
3861 8699 -16694
3862 8669 -16670
3863 8627 -16554
3864 8583 -16306
3865 8619 -16334
3866 8597 -16394
3867 8615 -16510
3868 8685 -16542
3869 8715 -16618
3870 8773 -16738
3871 8697 -16630
3872 8729 -16730
3873 8683 -16602
3874 8701 -16602
3875 8653 -16518
3876 8685 -16574
3877 8795 -16902
3878 8819 -16810
3879 8779 -16706
3880 8769 -16690
3881 8709 -16602
3882 8791 -16702
3883 8809 -16802
3884 8835 -16758
3885 8949 -17022
3886 8933 -16986
3887 8943 -17138
3888 8859 -16950
3889 8973 -17198
3890 8889 -16850
3891 8961 -16966
3892 8991 -17054
3893 8933 -16906
3894 8873 -16890
3895 8835 -16714
3896 8905 -16942
3897 8883 -16710
3898 8741 -16430
3899 8777 -16554
3900 8873 -16722
3901 8797 -16618
3902 8823 -16646
3903 8845 -16602
3904 8911 -16814
3905 8957 -17066
3906 8933 -16906
3907 8863 -16690
3908 8903 -16718
3909 8913 -16718
3910 8853 -16690
3911 8851 -16698
3912 8925 -16822
3913 8997 -17018
3914 9003 -16926
3915 9031 -17034
3916 9001 -16970
3917 8977 -16930
3918 8909 -16798
3919 9009 -17046
3920 9037 -17290
3921 8939 -16962
3922 8791 -16530
3923 8787 -16522
3924 8649 -16306
3925 8649 -16466
3926 8761 -16730
3927 8789 -16798
3928 8799 -16670
3929 8719 -16710
3930 8675 -16522
3931 8757 -16862
3932 8795 -16826
3933 8767 -16806
3934 8795 -16770
3935 8855 -16874
3936 8885 -16914
3937 8841 -16902
3938 8841 -16906
3939 8757 -16714
3940 8781 -16838
3941 8945 -17006
3942 8953 -17190
3943 8955 -17046
3944 8869 -16794
3945 8881 -16830
3946 8853 -16918
3947 8779 -16558
3948 8733 -16578
3949 8713 -16458
3950 8765 -16702
3951 8667 -16538
3952 8653 -16466
3953 8705 -16578
3954 8655 -16346
3955 8687 -16426
3956 8805 -16534
3957 8817 -16606
3958 8935 -16938
3959 8885 -16914
3960 8907 -16950
3961 8903 -17078
3962 8915 -17050
3963 8885 -16986
3964 8845 -16790
3965 8879 -16998
3966 9023 -17226
3967 8959 -17106
3968 8915 -16906
3969 8921 -16902
3970 8809 -16654
3971 8881 -16802
3972 8787 -16542
3973 8767 -16654
3974 8815 -16826
3975 8829 -16762
3976 8857 -16734
3977 8845 -16666
3978 8831 -16634
3979 8821 -16742
3980 8847 -16906
3981 8887 -16894
3982 8765 -16650
3983 8891 -16850
3984 8869 -16878
3985 8899 -17102
3986 8869 -16954
3987 8805 -16878
3988 8831 -16802
3989 8741 -16710
3990 8795 -16634
3991 8833 -16778
3992 8875 -16990
3993 8919 -17026
3994 8843 -16878
3995 8775 -16702
3996 8847 -16706
3997 8817 -16710
3998 8687 -16482
3999 8749 -16666
4000 8771 -16674
4001 8789 -16794
4002 8725 -16554
4003 8669 -16478
4004 8721 -16522
4005 8689 -16406
4006 8727 -16602
4007 8645 -16418
4008 8695 -16450
4009 8801 -16638
4010 8739 -16658
4011 8795 -16762
4012 8871 -16886
4013 8809 -16762
4014 8711 -16470
4015 8763 -16714
4016 8769 -16690
4017 8747 -16638
4018 8853 -16782
4019 8899 -16934
4020 8803 -16790
4021 8793 -16590
4022 8933 -17150
4023 8827 -16850
4024 8831 -16790
4025 8853 -16710
4026 8799 -16666
4027 8657 -16518
4028 8607 -16438
4029 8571 -16362
4030 8647 -16526
4031 8727 -16522
4032 8813 -16826
4033 8845 -16910
4034 8855 -16922
4035 8785 -16742
4036 8821 -16854
4037 8643 -16466
4038 8749 -16738
4039 8651 -16530
4040 8755 -16706
4041 8683 -16494
4042 8785 -16606
4043 8863 -16882
4044 8873 -16722
4045 8985 -16950
4046 9007 -17082
4047 8947 -17030
4048 8947 -17006
4049 8989 -17142
4050 8965 -16982
4051 8941 -16802
4052 8987 -16954
4053 8999 -17034
4054 8905 -16794
4055 8957 -16822
4056 8963 -16898
4057 9023 -16926
4058 9003 -17050
4059 9037 -17094
4060 9091 -17322
4061 9027 -17122
4062 8981 -17006
4063 8899 -17030
4064 8869 -16790
4065 8899 -16918
4066 8869 -16850
4067 8793 -16674
4068 8873 -16854
4069 8775 -16618
4070 8831 -16798
4071 8853 -16830
4072 8901 -16994
4073 8935 -17090
4074 8819 -16822
4075 8727 -16702
4076 8757 -16686
4077 8827 -16894
4078 8795 -16794
4079 8819 -16858
4080 8851 -16854
4081 8851 -16838
4082 8857 -16862
4083 8925 -17094
4084 8865 -16874
4085 8905 -17066
4086 8907 -16994
4087 8953 -17086
4088 9003 -17182
4089 8915 -16962
4090 8893 -16962
4091 8961 -17038
4092 8925 -17034
4093 8751 -16558
4094 8735 -16734
4095 8783 -16762
4096 8807 -16738
4097 8745 -16646
4098 8851 -16954
4099 8833 -17018
4100 8835 -17066
4101 8857 -17022
4102 8789 -16966
4103 8683 -16858
4104 8661 -16798
4105 8641 -16642
4106 8699 -16842
4107 8563 -16498
4108 8579 -16490
4109 8571 -16538
4110 8617 -16762
4111 8611 -16718
4112 8603 -16638
4113 8745 -17074
4114 8677 -16794
4115 8683 -16906
4116 8641 -16702
4117 8523 -16546
4118 8529 -16734
4119 8513 -16586
4120 8585 -16738
4121 8591 -16634
4122 8577 -16654
4123 8603 -16630
4124 8525 -16570
4125 8543 -16754
4126 8495 -16642
4127 8443 -16682
4128 8507 -16710
4129 8459 -16622
4130 8521 -16758
4131 8599 -16946
4132 8531 -16866
4133 8495 -16806
4134 8505 -16934
4135 8469 -16754
4136 8437 -16766
4137 8383 -16618
4138 8245 -16350
4139 8203 -16206
4140 8345 -16402
4141 8359 -16490
4142 8365 -16582
4143 8299 -16586
4144 8367 -16718
4145 8355 -16614
4146 8303 -16542
4147 8293 -16574
4148 8311 -16374
4149 8369 -16550
4150 8345 -16398
4151 8327 -16378
4152 8287 -16274
4153 8263 -16214
4154 8361 -16246
4155 8379 -16330
4156 8461 -16670
4157 8489 -16486
4158 8479 -16570
4159 8433 -16550
4160 8511 -16682
4161 8553 -16534
4162 8505 -16350
4163 8433 -16382
4164 8387 -16394
4165 8295 -16274
4166 8175 -16086
4167 8087 -15934
4168 8255 -16062
4169 8187 -16062
4170 8309 -16278
4171 8311 -16318
4172 8245 -16290
4173 8217 -16458
4174 8101 -16062
4175 8099 -16122
4176 8105 -16186
4177 8197 -16226
4178 8179 -16142
4179 8235 -16246
4180 8255 -16350
4181 8331 -16298
4182 8369 -16418
4183 8423 -16490
4184 8495 -16598
4185 8575 -16690
4186 8583 -16554
4187 8537 -16562
4188 8601 -16534
4189 8623 -16566
4190 8737 -16654
4191 8829 -16818
4192 8793 -16834
4193 8817 -16970
4194 8841 -17098
4195 8877 -17058
4196 8781 -16886
4197 8785 -16770
4198 8823 -16974
4199 8807 -16806
4200 8827 -16710
4201 8725 -16654
4202 8733 -16726
4203 8739 -16846
4204 8699 -16678
4205 8703 -16574
4206 8801 -16686
4207 8801 -16690
4208 8809 -16754
4209 8919 -16918
4210 8745 -16682
4211 8767 -16786
4212 8821 -17022
4213 8707 -16742
4214 8643 -16514
4215 8651 -16458
4216 8621 -16498
4217 8551 -16402
4218 8601 -16502
4219 8527 -16334
4220 8591 -16498
4221 8557 -16630
4222 8529 -16474
4223 8631 -16518
4224 8725 -16666
4225 8751 -16726
4226 8687 -16866
4227 8611 -16530
4228 8577 -16470
4229 8689 -16638
4230 8671 -16726
4231 8647 -16726
4232 8645 -16602
4233 8605 -16446
4234 8689 -16550
4235 8679 -16358
4236 8683 -16502
4237 8681 -16606
4238 8725 -16734
4239 8709 -16790
4240 8771 -16822
4241 8795 -16914
4242 8723 -16726
4243 8689 -16486
4244 8715 -16646
4245 8683 -16650
4246 8601 -16390
4247 8655 -16606
4248 8725 -16698
4249 8773 -16794
4250 8879 -16890
4251 8907 -17090
4252 8873 -16950
4253 8849 -16790
4254 8735 -16594
4255 8779 -16630
4256 8635 -16358
4257 8681 -16522
4258 8673 -16470
4259 8721 -16714
4260 8783 -16710
4261 8851 -16962
4262 8819 -16938
4263 8769 -16658
4264 8771 -16658
4265 8739 -16602
4266 8807 -16690
4267 8847 -16702
4268 8871 -16802
4269 8857 -16730
4270 8843 -16810
4271 8861 -16862
4272 8867 -16766
4273 8871 -17022
4274 8819 -16846
4275 8789 -16574
4276 8783 -16622
4277 8815 -16746
4278 8807 -16730
4279 8767 -16694
4280 8817 -16818
4281 8785 -16786
4282 8829 -16866
4283 8835 -16890
4284 8751 -16834
4285 8701 -16706
4286 8621 -16518
4287 8509 -16262
4288 8605 -16582
4289 8591 -16438
4290 8585 -16518
4291 8591 -16530
4292 8579 -16626
4293 8529 -16646
4294 8477 -16610
4295 8547 -16602
4296 8415 -16550
4297 8445 -16518
4298 8445 -16402
4299 8503 -16454
4300 8481 -16382
4301 8501 -16562
4302 8525 -16614
4303 8649 -16762
4304 8627 -16782
4305 8673 -16738
4306 8663 -16750
4307 8587 -16474
4308 8689 -16854
4309 8645 -16734
4310 8607 -16614
4311 8571 -16462
4312 8477 -16346
4313 8611 -16518
4314 8583 -16498
4315 8635 -16534
4316 8607 -16606
4317 8689 -16550
4318 8581 -16458
4319 8573 -16426
4320 8577 -16366
4321 8621 -16418
4322 8735 -16670
4323 8645 -16426
4324 8761 -16842
4325 8839 -16962
4326 8817 -16978
4327 8777 -16770
4328 8811 -16766
4329 8753 -16670
4330 8823 -16734
4331 8825 -16790
4332 8749 -16594
4333 8813 -16818
4334 8803 -16786
4335 8747 -16762
4336 8799 -16778
4337 8837 -16894
4338 8889 -16886
4339 8967 -17154
4340 9107 -17362
4341 9051 -17210
4342 9019 -17098
4343 8933 -16934
4344 8963 -16974
4345 8963 -16926
4346 8909 -16906
4347 8901 -16910
4348 8831 -16810
4349 8887 -16938
4350 8835 -16770
4351 8961 -17106
4352 8823 -16698
4353 8777 -16678
4354 8733 -16626
4355 8639 -16514
4356 8567 -16426
4357 8633 -16518
4358 8655 -16494
4359 8701 -16570
4360 8713 -16530
4361 8741 -16642
4362 8695 -16610
4363 8733 -16710
4364 8849 -16902
4365 8743 -16782
4366 8641 -16566
4367 8703 -16798
4368 8711 -16798
4369 8743 -16738
4370 8673 -16642
4371 8671 -16598
4372 8667 -16662
4373 8667 -16694
4374 8565 -16650
4375 8537 -16386
4376 8685 -16714
4377 8737 -16794
4378 8759 -16898
4379 8735 -16838
4380 8691 -16646
4381 8697 -16546
4382 8711 -16622
4383 8783 -16814
4384 8815 -16750
4385 8825 -16806
4386 8891 -16926
4387 8907 -16942
4388 8891 -17002
4389 8851 -16710
4390 8873 -16818
4391 8719 -16442
4392 8711 -16406
4393 8717 -16478
4394 8795 -16854
4395 8743 -16618
4396 8671 -16566
4397 8675 -16494
4398 8787 -16702
4399 8639 -16510
4400 8567 -16518
4401 8607 -16522
4402 8593 -16570
4403 8611 -16558
4404 8495 -16214
4405 8515 -16350
4406 8477 -16422
4407 8361 -16286
4408 8395 -16474
4409 8233 -16102
4410 8391 -16346
4411 8291 -16402
4412 8289 -16334
4413 8345 -16290
4414 8333 -16082
4415 8337 -16098
4416 8385 -16334
4417 8415 -16262
4418 8377 -16130
4419 8499 -16430
4420 8501 -16442
4421 8439 -16486
4422 8595 -16734
4423 8551 -16590
4424 8537 -16714
4425 8425 -16398
4426 8467 -16522
4427 8477 -16598
4428 8493 -16570
4429 8493 -16626
4430 8451 -16622
4431 8519 -16654
4432 8479 -16450
4433 8495 -16490
4434 8479 -16394
4435 8521 -16506
4436 8399 -16254
4437 8431 -16194
4438 8547 -16582
4439 8619 -16550
4440 8601 -16406
4441 8599 -16390
4442 8585 -16346
4443 8629 -16478
4444 8601 -16382
4445 8625 -16446
4446 8703 -16574
4447 8733 -16622
4448 8705 -16538
4449 8675 -16546
4450 8679 -16606
4451 8723 -16858
4452 8711 -16782
4453 8701 -16750
4454 8757 -16798
4455 8785 -16866
4456 8825 -17038
4457 8791 -16926
4458 8785 -16926
4459 8811 -16850
4460 8847 -16874
4461 8851 -16882
4462 8863 -16938
4463 8855 -16898
4464 8821 -16834
4465 8691 -16678
4466 8621 -16354
4467 8673 -16474
4468 8731 -16630
4469 8719 -16602
4470 8719 -16586
4471 8703 -16666
4472 8801 -16814
4473 8843 -16894
4474 8801 -16746
4475 8741 -16638
4476 8703 -16546
4477 8673 -16650
4478 8623 -16570
4479 8609 -16558
4480 8475 -16266
4481 8609 -16602
4482 8511 -16258
4483 8411 -16206
4484 8401 -16206
4485 8311 -16126
4486 8241 -16026
4487 8255 -16062
4488 8397 -16366
4489 8415 -16278
4490 8499 -16594
4491 8609 -16650
4492 8569 -16522
4493 8499 -16470
4494 8427 -16538
4495 8407 -16306
4496 8453 -16298
4497 8483 -16438
4498 8573 -16626
4499 8621 -16590
4500 8665 -16630
4501 8629 -16562
4502 8647 -16670
4503 8527 -16406
4504 8509 -16454
4505 8651 -16694
4506 8579 -16578
4507 8623 -16626
4508 8613 -16710
4509 8515 -16522
4510 8531 -16462
4511 8677 -16710
4512 8677 -16874
4513 8753 -17010
4514 8597 -16462
4515 8569 -16290
4516 8657 -16454
4517 8593 -16498
4518 8571 -16490
4519 8563 -16446
4520 8615 -16386
4521 8617 -16654
4522 8633 -16606
4523 8687 -16742
4524 8729 -16806
4525 8793 -16806
4526 8801 -16842
4527 8633 -16318
4528 8723 -16806
4529 8681 -16686
4530 8697 -16626
4531 8747 -16710
4532 8747 -16598
4533 8673 -16550
4534 8703 -16630
4535 8711 -16518
4536 8861 -16778
4537 8797 -16838
4538 8749 -16634
4539 8699 -16730
4540 8653 -16590
4541 8563 -16402
4542 8567 -16218
4543 8671 -16546
4544 8797 -16814
4545 8929 -17062
4546 8895 -16970
4547 8877 -16754
4548 8839 -16794
4549 8753 -16690
4550 8833 -16830
4551 8777 -16682
4552 8631 -16278
4553 8591 -16310
4554 8619 -16374
4555 8675 -16446
4556 8733 -16486
4557 8761 -16510
4558 8793 -16662
4559 8785 -16622
4560 8763 -16646
4561 8773 -16838
4562 8735 -16670
4563 8813 -16810
4564 8725 -16622
4565 8689 -16530
4566 8721 -16770
4567 8805 -16906
4568 8895 -16986
4569 8847 -17018
4570 8809 -16806
4571 8825 -16922
4572 8765 -16702
4573 8661 -16426
4574 8619 -16350
4575 8615 -16418
4576 8787 -16734
4577 8845 -16886
4578 8925 -16926
4579 8851 -16734
4580 8907 -16794
4581 8993 -17146
4582 9115 -17414
4583 9015 -17058
4584 8995 -17110
4585 9105 -17098
4586 9003 -16966
4587 8933 -16766
4588 8917 -16886
4589 8863 -16898
4590 8835 -16786
4591 8775 -16434
4592 8743 -16578
4593 8689 -16506
4594 8671 -16594
4595 8667 -16662
4596 8595 -16446
4597 8653 -16490
4598 8641 -16482
4599 8825 -16906
4600 8825 -16778
4601 8857 -16790
4602 8717 -16534
4603 8831 -16698
4604 8857 -16786
4605 8857 -16830
4606 8953 -17074
4607 8991 -17042
4608 8895 -16962
4609 8881 -16966
4610 8967 -17050
4611 8875 -16966
4612 8813 -16622
4613 8853 -16658
4614 8923 -16994
4615 8997 -17150
4616 8993 -17150
4617 8955 -16966
4618 8919 -16782
4619 8947 -16934
4620 8917 -16978
4621 8923 -16834
4622 8959 -16942
4623 9031 -17022
4624 8941 -16810
4625 8901 -16874
4626 8945 -16770
4627 8949 -16866
4628 8911 -16782
4629 8873 -16810
4630 8961 -16882
4631 9065 -17274
4632 9025 -17066
4633 8973 -16922
4634 8925 -16814
4635 9049 -17022
4636 9001 -16954
4637 9029 -17138
4638 9051 -17138
4639 8967 -16946
4640 8917 -16790
4641 8919 -16730
4642 8957 -16946
4643 8931 -17010
4644 8905 -17042
4645 8873 -16858
4646 8797 -16662
4647 8719 -16602
4648 8789 -16730
4649 8757 -16530
4650 8803 -16510
4651 8719 -16490
4652 8813 -16710
4653 8829 -16834
4654 8823 -16718
4655 8793 -16666
4656 8783 -16806
4657 8651 -16466
4658 8729 -16590
4659 8823 -16882
4660 8843 -17102
4661 8809 -17114
4662 8849 -17006
4663 8899 -17126
4664 8907 -17118
4665 8841 -16898
4666 8809 -16794
4667 8995 -17082
4668 8971 -17030
4669 8955 -16990
4670 8951 -17022
4671 9029 -17150
4672 8921 -16782
4673 8963 -16878
4674 9031 -17138
4675 8989 -17238
4676 8923 -16962
4677 8947 -17010
4678 8911 -16962
4679 8877 -16942
4680 8807 -16838
4681 8837 -16866
4682 8811 -16810
4683 8795 -16790
4684 8805 -16670
4685 8769 -16658
4686 8867 -16894
4687 8857 -16878
4688 8845 -16850
4689 8823 -16786
4690 8871 -16922
4691 8799 -16742
4692 8855 -16750
4693 8821 -16778
4694 8685 -16618
4695 8761 -16798
4696 8749 -16630
4697 8705 -16598
4698 8807 -16790
4699 8857 -16922
4700 8883 -16846
4701 8803 -16726
4702 8869 -16758
4703 8871 -16838
4704 8929 -17006
4705 8897 -16986
4706 8909 -16898
4707 8857 -16790
4708 8857 -16802
4709 8891 -16890
4710 8827 -16766
4711 8883 -16862
4712 8829 -16770
4713 8865 -16862
4714 8931 -16954
4715 8847 -16718
4716 8759 -16778
4717 8801 -16806
4718 8815 -16682
4719 8787 -16794
4720 8791 -16730
4721 8747 -16630
4722 8733 -16626
4723 8723 -16474
4724 8627 -16286
4725 8541 -16366
4726 8621 -16534
4727 8657 -16682
4728 8603 -16530
4729 8571 -16494
4730 8523 -16582
4731 8537 -16502
4732 8495 -16450
4733 8457 -16402
4734 8499 -16306
4735 8557 -16382
4736 8627 -16550
4737 8611 -16506
4738 8511 -16430
4739 8543 -16582
4740 8485 -16422
4741 8561 -16586
4742 8545 -16618
4743 8487 -16526
4744 8581 -16602
4745 8597 -16630
4746 8573 -16558
4747 8633 -16618
4748 8707 -16842
4749 8713 -16798
4750 8589 -16362
4751 8585 -16466
4752 8653 -16478
4753 8567 -16438
4754 8625 -16602
4755 8603 -16414
4756 8571 -16322
4757 8611 -16334
4758 8557 -16346
4759 8561 -16442
4760 8499 -16286
4761 8429 -16394
4762 8495 -16454
4763 8591 -16554
4764 8439 -16178
4765 8635 -16474
4766 8629 -16446
4767 8571 -16274
4768 8607 -16366
4769 8659 -16470
4770 8617 -16478
4771 8595 -16490
4772 8639 -16594
4773 8679 -16886
4774 8707 -16798
4775 8711 -16798
4776 8745 -16830
4777 8703 -16786
4778 8729 -16806
4779 8663 -16754
4780 8617 -16362
4781 8625 -16470
4782 8839 -16834
4783 8761 -16534
4784 8781 -16630
4785 8771 -16790
4786 8885 -17014
4787 8845 -16890
4788 8897 -16914
4789 8977 -17070
4790 9019 -17070
4791 8865 -16966
4792 8997 -17150
4793 8967 -17186
4794 8821 -16814
4795 8819 -16886
4796 8795 -16734
4797 8741 -16654
4798 8701 -16586
4799 8811 -16786
4800 8811 -16798
4801 8695 -16658
4802 8633 -16570
4803 8657 -16550
4804 8615 -16574
4805 8487 -16322
4806 8485 -16214
4807 8459 -16170
4808 8637 -16622
4809 8695 -16722
4810 8549 -16506
4811 8615 -16598
4812 8761 -16954
4813 8787 -17002
4814 8791 -17058
4815 8693 -16854
4816 8757 -16950
4817 8667 -16782
4818 8631 -16706
4819 8533 -16574
4820 8571 -16598
4821 8583 -16618
4822 8541 -16450
4823 8575 -16366
4824 8627 -16426
4825 8679 -16590
4826 8651 -16590
4827 8685 -16606
4828 8845 -16878
4829 8821 -16814
4830 8849 -16774
4831 8889 -16794
4832 9047 -17198
4833 9021 -17170
4834 8991 -17042
4835 8919 -16810
4836 8923 -16842
4837 8929 -16854
4838 8865 -16786
4839 8891 -16846
4840 8889 -16802
4841 8811 -16654
4842 8707 -16590
4843 8751 -16662
4844 8709 -16566
4845 8793 -16714
4846 8771 -16626
4847 8739 -16642
4848 8707 -16622
4849 8841 -17006
4850 8793 -16962
4851 8631 -16618
4852 8621 -16594
4853 8675 -16718
4854 8657 -16774
4855 8749 -16874
4856 8855 -17058
4857 8841 -16966
4858 8815 -16946
4859 8849 -17142
4860 8769 -16902
4861 8845 -16966
4862 8861 -17054
4863 8765 -16694
4864 8775 -16670
4865 8717 -16698
4866 8717 -16734
4867 8775 -16874
4868 8787 -16758
4869 8827 -16950
4870 8775 -16890
4871 8773 -16770
4872 8699 -16570
4873 8729 -16598
4874 8813 -16798
4875 8851 -16902
4876 8871 -16958
4877 8981 -17130
4878 8859 -16934
4879 8855 -16998
4880 8935 -17114
4881 8965 -17002
4882 8895 -16826
4883 8969 -17142
4884 8939 -17090
4885 8813 -16706
4886 8771 -16782
4887 8709 -16542
4888 8853 -16894
4889 8755 -16718
4890 8827 -16978
4891 8795 -16810
4892 8877 -17038
4893 8797 -16878
4894 8741 -16762
4895 8743 -16722
4896 8811 -16846
4897 8781 -16918
4898 8715 -16646
4899 8631 -16478
4900 8677 -16490
4901 8711 -16490
4902 8775 -16690
4903 8861 -16822
4904 8909 -16910
4905 8875 -16902
4906 8915 -16982
4907 8927 -16954
4908 8789 -16714
4909 8767 -16678
4910 8869 -16954
4911 8827 -16734
4912 8861 -16682
4913 8905 -16866
4914 8897 -16902
4915 8915 -17058
4916 8931 -17118
4917 8849 -16810
4918 8855 -16674
4919 8851 -16842
4920 8895 -16942
4921 8849 -16886
4922 8799 -16842
4923 8841 -17026
4924 8811 -16806
4925 8829 -16886
4926 8825 -16878
4927 8785 -16782
4928 8715 -16550
4929 8713 -16650
4930 8781 -16606
4931 8703 -16558
4932 8785 -16726
4933 8813 -16806
4934 8741 -16722
4935 8755 -16574
4936 8711 -16482
4937 8785 -16482
4938 8873 -16794
4939 9031 -17002
4940 9083 -17202
4941 9069 -17118
4942 9017 -17074
4943 8919 -16826
4944 8939 -16866
4945 8865 -16754
4946 8811 -16710
4947 8785 -16782
4948 8765 -16650
4949 8811 -16874
4950 8739 -16734
4951 8843 -16878
4952 8737 -16526
4953 8841 -16874
4954 8853 -16894
4955 8851 -16958
4956 8805 -16886
4957 8795 -16718
4958 8733 -16678
4959 8823 -16886
4960 8907 -17102
4961 8801 -16934
4962 8699 -16698
4963 8637 -16522
4964 8701 -16746
4965 8757 -16742
4966 8779 -16754
4967 8813 -16802
4968 8803 -16846
4969 8809 -16898
4970 8843 -17050
4971 8825 -16950
4972 8807 -16902
4973 8793 -16842
4974 8805 -16930
4975 8813 -16882
4976 8809 -16974
4977 8829 -16918
4978 8793 -16850
4979 8691 -16726
4980 8775 -16814
4981 8831 -16862
4982 8923 -17170
4983 8865 -17030
4984 8857 -16898
4985 8811 -16982
4986 8879 -17022
4987 8869 -16898
4988 8769 -16870
4989 8757 -16754
4990 8587 -16406
4991 8711 -16722
4992 8735 -16698
4993 8737 -16646
4994 8789 -16818
4995 8749 -16674
4996 8669 -16694
4997 8749 -16778
4998 8693 -16666
4999 8681 -16586
5000 8757 -16762
5001 8793 -16806
5002 8849 -16886
5003 8839 -16814
5004 8879 -16894
5005 8865 -16858
5006 8887 -16874
5007 8877 -16938
5008 8851 -16874
5009 8717 -16534
5010 8727 -16514
5011 8679 -16454
5012 8683 -16422
5013 8695 -16518
5014 8773 -16734
5015 8729 -16714
5016 8715 -16722
5017 8667 -16470
5018 8699 -16506
5019 8737 -16702
5020 8779 -16710
5021 8809 -16826
5022 8621 -16626
5023 8629 -16634
5024 8727 -16710
5025 8701 -16894
5026 8683 -16754
5027 8671 -16630
5028 8647 -16574
5029 8581 -16462
5030 8643 -16554
5031 8563 -16406
5032 8609 -16686
5033 8675 -16826
5034 8707 -16774
5035 8531 -16518
5036 8483 -16398
5037 8461 -16346
5038 8591 -16558
5039 8585 -16662
5040 8593 -16486
5041 8631 -16614
5042 8575 -16526
5043 8541 -16394
5044 8483 -16370
5045 8421 -16346
5046 8593 -16630
5047 8539 -16522
5048 8575 -16614
5049 8501 -16458
5050 8587 -16558
5051 8671 -16654
5052 8761 -16666
5053 8653 -16418
5054 8793 -16722
5055 8775 -16782
5056 8747 -16774
5057 8785 -16746
5058 8725 -16618
5059 8747 -16706
5060 8667 -16398
5061 8665 -16594
5062 8779 -16722
5063 8757 -16570
5064 8807 -16734
5065 8875 -16906
5066 8893 -16854
5067 8877 -16802
5068 8895 -16870
5069 8973 -16998
5070 8971 -16942
5071 8931 -16902
5072 8917 -16950
5073 9001 -17130
5074 8969 -17250
5075 8849 -16830
5076 8827 -16714
5077 8807 -16658
5078 8833 -16774
5079 8767 -16810
5080 8775 -16950
5081 8835 -16922
5082 8777 -16830
5083 8737 -16802
5084 8655 -16614
5085 8627 -16558
5086 8657 -16646
5087 8675 -16678
5088 8651 -16750
5089 8651 -16630
5090 8607 -16594
5091 8557 -16430
5092 8669 -16662
5093 8665 -16810
5094 8739 -16842
5095 8707 -16790
5096 8755 -16938
5097 8797 -16842
5098 8827 -16902
5099 8845 -16870
5100 8907 -17038
5101 8841 -16862
5102 8865 -16706
5103 8861 -16878
5104 8967 -17054
5105 9009 -17150
5106 9067 -17386
5107 8935 -17002
5108 8903 -16910
5109 8879 -16822
5110 8981 -17062
5111 8993 -17026
5112 8967 -16962
5113 8923 -16890
5114 8841 -16702
5115 8861 -16818
5116 8905 -16822
5117 8879 -16942
5118 8887 -16922
5119 8887 -16826
5120 8923 -16914
5121 8897 -16778
5122 8895 -16858
5123 8803 -16674
5124 8939 -17042
5125 8937 -17042
5126 8901 -16898
5127 8823 -16834
5128 8657 -16542
5129 8749 -16802
5130 8617 -16654
5131 8691 -16814
5132 8689 -16866
5133 8533 -16514
5134 8561 -16394
5135 8483 -16198
5136 8485 -16306
5137 8491 -16242
5138 8557 -16426
5139 8543 -16426
5140 8519 -16294
5141 8569 -16478
5142 8685 -16578
5143 8761 -16750
5144 8795 -16734
5145 8841 -16874
5146 8789 -16718
5147 8957 -17238
5148 8931 -17110
5149 8859 -16906
5150 8905 -16882
5151 8923 -17046
5152 8817 -16886
5153 8791 -16834
5154 8745 -16882
5155 8563 -16426
5156 8569 -16594
5157 8671 -16838
5158 8591 -16566
5159 8565 -16502
5160 8559 -16442
5161 8671 -16554
5162 8643 -16610
5163 8661 -16618
5164 8661 -16602
5165 8669 -16566
5166 8605 -16458
5167 8555 -16494
5168 8563 -16478
5169 8553 -16510
5170 8701 -16734
5171 8717 -16802
5172 8757 -16870
5173 8763 -16910
5174 8775 -16962
5175 8671 -16702
5176 8583 -16642
5177 8589 -16534
5178 8611 -16526
5179 8711 -16590
5180 8799 -16842
5181 8743 -16810
5182 8753 -16914
5183 8637 -16706
5184 8671 -16722
5185 8755 -17006
5186 8719 -16850
5187 8661 -16726
5188 8735 -16826
5189 8761 -16858
5190 8675 -16666
5191 8719 -16702
5192 8769 -16786
5193 8707 -16574
5194 8631 -16350
5195 8625 -16486
5196 8551 -16266
5197 8609 -16266
5198 8687 -16646
5199 8763 -16566
5200 8719 -16594
5201 8613 -16498
5202 8699 -16682
5203 8771 -16726
5204 8667 -16594
5205 8673 -16586
5206 8627 -16470
5207 8491 -16326
5208 8515 -16530
5209 8591 -16530
5210 8583 -16618
5211 8563 -16494
5212 8623 -16674
5213 8681 -16870
5214 8615 -16630
5215 8693 -16866
5216 8641 -16822
5217 8581 -16686
5218 8577 -16666
5219 8637 -16682
5220 8671 -16790
5221 8663 -16906
5222 8597 -16698
5223 8539 -16422
5224 8537 -16414
5225 8499 -16326
5226 8617 -16550
5227 8625 -16646
5228 8639 -16790
5229 8709 -16714
5230 8781 -16822
5231 8779 -16786
5232 8717 -16686
5233 8867 -17042
5234 8803 -16870
5235 8781 -16670
5236 8765 -16726
5237 8775 -16574
5238 8811 -16686
5239 8791 -16698
5240 8817 -16670
5241 8815 -16814
5242 8725 -16678
5243 8771 -16750
5244 8771 -16662
5245 8741 -16558
5246 8647 -16374
5247 8787 -16602
5248 8687 -16694
5249 8539 -16314
5250 8515 -16118
5251 8493 -16150
5252 8609 -16510
5253 8525 -16274
5254 8563 -16238
5255 8609 -16258
5256 8719 -16490
5257 8751 -16614
5258 8719 -16662
5259 8791 -16870
5260 8829 -16862
5261 8887 -17058
5262 8863 -16954
5263 8875 -16882
5264 8827 -16794
5265 8717 -16658
5266 8611 -16418
5267 8631 -16526
5268 8707 -16534
5269 8753 -16814
5270 8779 -16958
5271 8729 -16730
5272 8761 -16742
5273 8755 -16706
5274 8689 -16446
5275 8627 -16310
5276 8677 -16734
5277 8655 -16590
5278 8669 -16606
5279 8765 -16802
5280 8827 -16810
5281 8761 -16738
5282 8801 -16798
5283 8707 -16610
5284 8691 -16686
5285 8723 -16658
5286 8751 -16654
5287 8829 -16870
5288 8823 -16854
5289 8901 -17022
5290 8829 -16790
5291 8737 -16742
5292 8753 -16734
5293 8703 -16762
5294 8781 -16870
5295 8833 -17046
5296 8835 -17090
5297 8899 -17262
5298 8885 -17278
5299 8765 -16834
5300 8665 -16838
5301 8633 -16714
5302 8607 -16722
5303 8603 -16642
5304 8537 -16486
5305 8513 -16562
5306 8563 -16738
5307 8471 -16494
5308 8487 -16614
5309 8529 -16706
5310 8479 -16518
5311 8491 -16638
5312 8531 -16734
5313 8457 -16506
5314 8407 -16378
5315 8511 -16462
5316 8535 -16438
5317 8579 -16482
5318 8487 -16350
5319 8541 -16478
5320 8565 -16466
5321 8545 -16402
5322 8515 -16454
5323 8491 -16330
5324 8487 -16290
5325 8467 -16250
5326 8481 -16366
5327 8559 -16418
5328 8693 -16570
5329 8663 -16638
5330 8661 -16562
5331 8717 -16782
5332 8629 -16522
5333 8723 -16654
5334 8715 -16810
5335 8683 -16778
5336 8649 -16602
5337 8685 -16662
5338 8641 -16562
5339 8555 -16454
5340 8573 -16450
5341 8491 -16322
5342 8539 -16526
5343 8509 -16370
5344 8523 -16638
5345 8473 -16386
5346 8629 -16606
5347 8679 -16594
5348 8609 -16502
5349 8641 -16714
5350 8693 -16846
5351 8679 -16582
5352 8759 -16718
5353 8789 -16890
5354 8739 -16762
5355 8793 -16814
5356 8773 -16778
5357 8783 -16850
5358 8757 -16786
5359 8823 -16954
5360 8867 -16998
5361 8819 -17014
5362 8803 -16946
5363 8843 -16986
5364 8785 -16726
5365 8771 -16682
5366 8789 -16742
5367 8653 -16462
5368 8759 -16722
5369 8665 -16506
5370 8647 -16622
5371 8739 -16830
5372 8685 -16698
5373 8607 -16474
5374 8575 -16578
5375 8681 -16574
5376 8619 -16534
5377 8705 -16662
5378 8751 -16646
5379 8829 -16842
5380 8887 -16994
5381 8941 -17026
5382 8907 -16922
5383 8913 -17062
5384 8869 -16970
5385 8845 -16862
5386 8847 -16838
5387 8829 -16786
5388 8789 -16682
5389 8759 -16638
5390 8743 -16694
5391 8783 -16794
5392 8793 -16770
5393 8787 -16922
5394 8801 -16862
5395 8831 -16974
5396 8835 -17034
5397 8947 -17178
5398 8995 -17190
5399 8919 -17062
5400 8907 -17006
5401 8987 -17250
5402 8881 -17018
5403 8899 -17162
5404 8861 -16798
5405 8867 -16790
5406 8989 -16974
5407 9011 -17062
5408 9011 -17082
5409 9009 -16986
5410 8985 -17062
5411 8935 -17102
5412 8871 -17058
5413 8777 -16790
5414 8761 -16802
5415 8755 -16678
5416 8743 -16678
5417 8703 -16394
5418 8649 -16350
5419 8711 -16582
5420 8737 -16754
5421 8817 -16890
5422 8849 -17110
5423 8853 -16994
5424 8849 -17078
5425 8901 -17082
5426 8879 -17082
5427 8855 -17058
5428 8837 -17066
5429 8775 -16794
5430 8851 -16922
5431 8837 -16966
5432 8723 -16722
5433 8757 -16894
5434 8821 -16870
5435 8803 -16658
5436 8829 -16898
5437 8799 -16758
5438 8749 -16686
5439 8619 -16454
5440 8745 -16690
5441 8703 -16554
5442 8727 -16590
5443 8679 -16670
5444 8697 -16538
5445 8615 -16514
5446 8635 -16614
5447 8589 -16486
5448 8591 -16518
5449 8675 -16634
5450 8731 -16750
5451 8733 -16690
5452 8865 -16946
5453 8865 -16838
5454 8883 -16914
5455 8801 -16598
5456 8827 -16698
5457 8859 -16870
5458 8847 -16674
5459 8943 -17034
5460 8937 -16938
5461 8907 -16794
5462 8987 -16966
5463 8999 -17038
5464 8943 -16862
5465 8835 -16718
5466 8811 -16734
5467 8681 -16570
5468 8633 -16662
5469 8625 -16590
5470 8717 -16706
5471 8727 -16598
5472 8731 -16514
5473 8735 -16678
5474 8785 -16670
5475 8835 -16734
5476 8993 -17066
5477 8977 -16966
5478 8951 -16866
5479 8995 -16906
5480 9021 -16902
5481 9015 -16906
5482 9055 -17122
5483 8973 -16986
5484 8981 -17030
5485 8951 -16982
5486 9019 -17198
5487 8957 -17002
5488 8857 -16694
5489 8885 -16910
5490 8907 -16966
5491 8831 -16854
5492 8959 -17042
5493 8919 -17110
5494 8851 -16914
5495 8825 -16842
5496 8691 -16606
5497 8613 -16362
5498 8701 -16562
5499 8843 -16914
5500 8811 -16814
5501 8799 -16818
5502 8673 -16658
5503 8763 -16702
5504 8715 -16778
5505 8773 -16910
5506 8749 -16818
5507 8767 -16938
5508 8809 -16790
5509 8797 -16762
5510 8763 -16766
5511 8809 -16738
5512 8823 -16938
5513 8841 -16906
5514 8767 -16714
5515 8719 -16742
5516 8745 -16846
5517 8763 -16946
5518 8703 -16870
5519 8581 -16622
5520 8477 -16442
5521 8465 -16550
5522 8579 -16630
5523 8617 -16630
5524 8597 -16674
5525 8553 -16538
5526 8525 -16510
5527 8599 -16530
5528 8661 -16562
5529 8575 -16426
5530 8635 -16574
5531 8681 -16682
5532 8713 -16726
5533 8787 -16874
5534 8707 -16766
5535 8733 -16746
5536 8835 -17018
5537 8819 -16886
5538 8831 -16938
5539 8759 -16822
5540 8769 -16882
5541 8705 -16598
5542 8651 -16590
5543 8633 -16634
5544 8603 -16534
5545 8711 -16846
5546 8695 -16634
5547 8719 -16566
5548 8763 -16618
5549 8849 -16746
5550 8867 -16766
5551 8875 -16782
5552 8889 -16886
5553 8889 -16930
5554 8901 -16946
5555 8899 -16958
5556 8911 -16902
5557 8955 -16994
5558 8927 -16930
5559 8903 -16934
5560 8865 -16878
5561 8897 -16954
5562 8865 -16830
5563 8831 -16914
5564 8843 -17030
5565 8739 -16734
5566 8803 -16726
5567 8857 -16858
5568 8755 -16710
5569 8739 -16762
5570 8787 -16798
5571 8843 -16774
5572 8885 -16966
5573 8797 -16822
5574 8861 -16966
5575 8905 -17042
5576 8893 -16978
5577 8843 -16886
5578 8851 -16926
5579 8851 -16934
5580 8749 -16786
5581 8725 -16762
5582 8695 -16694
5583 8769 -16826
5584 8703 -16598
5585 8629 -16550
5586 8609 -16486
5587 8503 -16330
5588 8479 -16334
5589 8437 -16358
5590 8505 -16430
5591 8417 -16322
5592 8397 -16294
5593 8319 -16094
5594 8343 -16074
5595 8407 -16210
5596 8377 -16310
5597 8385 -16346
5598 8495 -16418
5599 8509 -16510
5600 8521 -16530
5601 8489 -16590
5602 8567 -16662
5603 8545 -16570
5604 8655 -16638
5605 8621 -16578
5606 8651 -16634
5607 8657 -16626
5608 8683 -16746
5609 8697 -16698
5610 8713 -16794
5611 8595 -16562
5612 8743 -16834
5613 8783 -16722
5614 8769 -16846
5615 8791 -16810
5616 8845 -16874
5617 8901 -16942
5618 8857 -16750
5619 8763 -16658
5620 8697 -16686
5621 8771 -16750
5622 8767 -16862
5623 8789 -16906
5624 8761 -16750
5625 8691 -16506
5626 8745 -16722
5627 8713 -16638
5628 8815 -16822
5629 8661 -16666
5630 8663 -16626
5631 8637 -16554
5632 8599 -16382
5633 8553 -16258
5634 8657 -16574
5635 8713 -16594
5636 8837 -16762
5637 8799 -16750
5638 8771 -16734
5639 8739 -16734
5640 8733 -16670
5641 8849 -16862
5642 8869 -17138
5643 8825 -16974
5644 8737 -16726
5645 8681 -16622
5646 8699 -16714
5647 8607 -16526
5648 8543 -16322
5649 8649 -16446
5650 8691 -16638
5651 8717 -16598
5652 8749 -16798
5653 8723 -16722
5654 8779 -16850
5655 8761 -16858
5656 8761 -16714
5657 8757 -16750
5658 8817 -16878
5659 8727 -16678
5660 8785 -16718
5661 8857 -16878
5662 8865 -16902
5663 8833 -16958
5664 8869 -16962
5665 8845 -16934
5666 8863 -16938
5667 8775 -16790
5668 8803 -16834
5669 8795 -16702
5670 8817 -16850
5671 8775 -16758
5672 8611 -16362
5673 8673 -16774
5674 8639 -16726
5675 8725 -16718
5676 8693 -16690
5677 8651 -16802
5678 8619 -16682
5679 8587 -16462
5680 8469 -16406
5681 8519 -16554
5682 8613 -16546
5683 8711 -16770
5684 8607 -16454
5685 8787 -16878
5686 8755 -16678
5687 8805 -16778
5688 8841 -16810
5689 8875 -16814
5690 8869 -16902
5691 8913 -17026
5692 8821 -16858
5693 8803 -16730
5694 8779 -16646
5695 8699 -16482
5696 8651 -16586
5697 8503 -16334
5698 8549 -16502
5699 8559 -16506
5700 8585 -16586
5701 8649 -16494
5702 8645 -16562
5703 8619 -16378
5704 8651 -16534
5705 8701 -16678
5706 8707 -16682
5707 8617 -16370
5708 8623 -16422
5709 8679 -16502
5710 8747 -16622
5711 8899 -16858
5712 8907 -16930
5713 8827 -16842
5714 8829 -16778
5715 8717 -16738
5716 8681 -16682
5717 8757 -16778
5718 8741 -16814
5719 8805 -16702
5720 8827 -17022
5721 8779 -16814
5722 8725 -16714
5723 8621 -16490
5724 8615 -16498
5725 8671 -16826
5726 8663 -16618
5727 8633 -16686
5728 8677 -16814
5729 8705 -16782
5730 8679 -16702
5731 8659 -16702
5732 8635 -16650
5733 8789 -16906
5734 8737 -16846
5735 8659 -16786
5736 8677 -16834
5737 8685 -16842
5738 8721 -16826
5739 8691 -16858
5740 8721 -16926
5741 8737 -16998
5742 8761 -17110
5743 8667 -16782
5744 8623 -16610
5745 8581 -16478
5746 8531 -16354
5747 8637 -16478
5748 8691 -16582
5749 8729 -16694
5750 8657 -16550
5751 8683 -16486
5752 8707 -16686
5753 8695 -16546
5754 8643 -16566
5755 8649 -16642
5756 8573 -16542
5757 8605 -16434
5758 8689 -16674
5759 8645 -16674
5760 8627 -16518
5761 8613 -16534
5762 8601 -16502
5763 8693 -16618
5764 8649 -16534
5765 8753 -16758
5766 8697 -16586
5767 8723 -16730
5768 8661 -16522
5769 8621 -16390
5770 8735 -16598
5771 8793 -16682
5772 8831 -16746
5773 8871 -16730
5774 8905 -16806
5775 8943 -16834
5776 8987 -17002
5777 8901 -16882
5778 8951 -16994
5779 8985 -17062
5780 9015 -17194
5781 8907 -16834
5782 8941 -16894
5783 8933 -16950
5784 8893 -16794
5785 8923 -16834
5786 8927 -16990
5787 8827 -16746
5788 8811 -16798
5789 8711 -16574
5790 8623 -16482
5791 8673 -16598
5792 8665 -16438
5793 8725 -16750
5794 8659 -16546
5795 8707 -16646
5796 8645 -16486
5797 8577 -16382
5798 8649 -16482
5799 8633 -16494
5800 8647 -16502
5801 8735 -16670
5802 8733 -16654
5803 8781 -16798
5804 8697 -16738
5805 8713 -16714
5806 8587 -16438
5807 8629 -16446
5808 8671 -16574
5809 8697 -16766
5810 8751 -16742
5811 8771 -16818
5812 8701 -16546
5813 8727 -16542
5814 8691 -16566
5815 8733 -16666
5816 8559 -16382
5817 8575 -16390
5818 8663 -16614
5819 8723 -16694
5820 8631 -16390
5821 8659 -16526
5822 8633 -16446
5823 8743 -16606
5824 8767 -16682
5825 8811 -16766
5826 8881 -16966
5827 8635 -16362
5828 8761 -16670
5829 8811 -16738
5830 8757 -16678
5831 8715 -16574
5832 8725 -16530
5833 8761 -16594
5834 8749 -16510
5835 8773 -16526
5836 8903 -16966
5837 8923 -16986
5838 8937 -16858
5839 8835 -16626
5840 8733 -16454
5841 8845 -16738
5842 8833 -16742
5843 8729 -16614
5844 8877 -16902
5845 8857 -16826
5846 8853 -16790
5847 8957 -17110
5848 8915 -17054
5849 8915 -16978
5850 8877 -16898
5851 8811 -16770
5852 8905 -16946
5853 8843 -16894
5854 8891 -16910
5855 8855 -16794
5856 8845 -16746
5857 8901 -16906
5858 8971 -17090
5859 8927 -16958
5860 8789 -16594
5861 8841 -16614
5862 8825 -16694
5863 8861 -16850
5864 8831 -16790
5865 8853 -16806
5866 8889 -16950
5867 8889 -16814
5868 8951 -17078
5869 8847 -16858
5870 8801 -16622
5871 8821 -16830
5872 8763 -16734
5873 8811 -16734
5874 8821 -16810
5875 8911 -16878
5876 8871 -16774
5877 8913 -16842
5878 8973 -17002
5879 8949 -16962
5880 8891 -16778
5881 8877 -16878
5882 8799 -16822
5883 8737 -16566
5884 8831 -16782
5885 8899 -16958
5886 8889 -17014
5887 8921 -16946
5888 8887 -16910
5889 8857 -16914
5890 8769 -16822
5891 8813 -16718
5892 8761 -16686
5893 8655 -16534
5894 8665 -16714
5895 8681 -16606
5896 8759 -16858
5897 8711 -16826
5898 8641 -16686
5899 8585 -16670
5900 8503 -16430
5901 8529 -16438
5902 8553 -16542
5903 8549 -16506
5904 8597 -16690
5905 8555 -16446
5906 8689 -16722
5907 8693 -16726
5908 8631 -16602
5909 8669 -16650
5910 8615 -16594
5911 8607 -16546
5912 8621 -16526
5913 8729 -16602
5914 8831 -16846
5915 8779 -16718
5916 8807 -16678
5917 8795 -16746
5918 8783 -16746
5919 8847 -16898
5920 8819 -16806
5921 8831 -16774
5922 8929 -16886
5923 9025 -17162
5924 8953 -16974
5925 9035 -17162
5926 8937 -17026
5927 8879 -16878
5928 8827 -16746
5929 8789 -16610
5930 8845 -16786
5931 8877 -16786
5932 8905 -16834
5933 8871 -16846
5934 8859 -16858
5935 8811 -16878
5936 8855 -16830
5937 8759 -16670
5938 8807 -16818
5939 8867 -16810
5940 8953 -17042
5941 8929 -17026
5942 8893 -17038
5943 8783 -16762
5944 8717 -16566
5945 8673 -16494
5946 8783 -16634
5947 8719 -16442
5948 8741 -16606
5949 8707 -16450
5950 8791 -16638
5951 8855 -16882
5952 8917 -16906
5953 8817 -16750
5954 8769 -16626
5955 8777 -16646
5956 8789 -16698
5957 8789 -16726
5958 8745 -16638
5959 8877 -16970
5960 8871 -16882
5961 8885 -16938
5962 8935 -17038
5963 8865 -16810
5964 8831 -16686
5965 8809 -16718
5966 8759 -16478
5967 8881 -16710
5968 8901 -16766
5969 9087 -17194
5970 9117 -17306
5971 9027 -17086
5972 9015 -16990
5973 9083 -17210
5974 9047 -17150
5975 8951 -16958
5976 8959 -16918
5977 8983 -16994
5978 9079 -17194
5979 8999 -16930
5980 8959 -17002
5981 8891 -16830
5982 8899 -16966
5983 8851 -16750
5984 8811 -16822
5985 8847 -16866
5986 8871 -16794
5987 8851 -16862
5988 8867 -16814
5989 8865 -16854
5990 8837 -16842
5991 8939 -16918
5992 8997 -17030
5993 8961 -16938
5994 8799 -16686
5995 8947 -16914
5996 8947 -16966
5997 8939 -16962
5998 8909 -16914
5999 8811 -16734
6000 8731 -16654
6001 8701 -16574
6002 8793 -16658
6003 8819 -16750
6004 8825 -16590
6005 8795 -16586
6006 8703 -16394
6007 8723 -16582
6008 8609 -16458
6009 8501 -16286
6010 8591 -16422
6011 8609 -16442
6012 8621 -16606
6013 8673 -16702
6014 8565 -16450
6015 8643 -16562
6016 8671 -16466
6017 8727 -16550
6018 8637 -16458
6019 8559 -16550
6020 8599 -16614
6021 8597 -16526
6022 8623 -16786
6023 8607 -16714
6024 8623 -16818
6025 8503 -16694
6026 8437 -16402
6027 8307 -16502
6028 8401 -16594
6029 8429 -16586
6030 8359 -16586
6031 8387 -16546
6032 8425 -16546
6033 8441 -16450
6034 8403 -16378
6035 8405 -16386
6036 8475 -16562
6037 8669 -16870
6038 8709 -16826
6039 8763 -16998
6040 8747 -16834
6041 8641 -16654
6042 8661 -16954
6043 8495 -16618
6044 8575 -16570
6045 8521 -16474
6046 8525 -16614
6047 8493 -16394
6048 8433 -16250
6049 8607 -16590
6050 8659 -16802
6051 8555 -16482
6052 8565 -16578
6053 8473 -16446
6054 8525 -16634
6055 8543 -16698
6056 8541 -16590
6057 8423 -16310
6058 8387 -16414
6059 8319 -16258
6060 8199 -16070
6061 8331 -16286
6062 8351 -16442
6063 8413 -16470
6064 8451 -16362
6065 8421 -16146
6066 8447 -16334
6067 8433 -16314
6068 8521 -16370
6069 8577 -16514
6070 8527 -16342
6071 8585 -16402
6072 8635 -16506
6073 8673 -16498
6074 8661 -16530
6075 8671 -16570
6076 8675 -16522
6077 8635 -16382
6078 8571 -16362
6079 8669 -16470
6080 8605 -16390
6081 8665 -16686
6082 8653 -16710
6083 8691 -16758
6084 8537 -16602
6085 8573 -16690
6086 8595 -16550
6087 8503 -16394
6088 8477 -16166
6089 8533 -16278
6090 8515 -16182
6091 8605 -16246
6092 8783 -16506
6093 8817 -16650
6094 8815 -16722
6095 8827 -16786
6096 8841 -16782
6097 8867 -16818
6098 8885 -16890
6099 8885 -16862
6100 8813 -16734
6101 8755 -16638
6102 8639 -16410
6103 8595 -16238
6104 8795 -16678
6105 8817 -16902
6106 8835 -17054
6107 8855 -16978
6108 8893 -16974
6109 8825 -16706
6110 8973 -17002
6111 8961 -16962
6112 8883 -16638
6113 8895 -16866
6114 8919 -16958
6115 8933 -16930
6116 8831 -16722
6117 8833 -16914
6118 8827 -16846
6119 8805 -16814
6120 8891 -16938
6121 8885 -16846
6122 8895 -17010
6123 8803 -16862
6124 8811 -16790
6125 8825 -16670
6126 8859 -16822
6127 8851 -16854
6128 8785 -16622
6129 8827 -16690
6130 8823 -16650
6131 8757 -16470
6132 8859 -16870
6133 8863 -16778
6134 8853 -16782
6135 8917 -16858
6136 8983 -17082
6137 8857 -16802
6138 8903 -16922
6139 8849 -16834
6140 8849 -16842
6141 8885 -16886
6142 8831 -16750
6143 8891 -16890
6144 8949 -17038
6145 8917 -16950
6146 8957 -17130
6147 8943 -17114
6148 8797 -16902
6149 8751 -16730
6150 8761 -16822
6151 8907 -17006
6152 8901 -17142
6153 8919 -17050
6154 8815 -16846
6155 8775 -16882
6156 8871 -16902
6157 8795 -16814
6158 8699 -16478
6159 8569 -16322
6160 8627 -16378
6161 8663 -16414
6162 8609 -16290
6163 8659 -16422
6164 8669 -16610
6165 8665 -16530
6166 8641 -16510
6167 8773 -16886
6168 8737 -16702
6169 8755 -16678
6170 8825 -16898
6171 8757 -16690
6172 8563 -16366
6173 8553 -16534
6174 8481 -16382
6175 8475 -16570
6176 8559 -16530
6177 8615 -16650
6178 8545 -16446
6179 8533 -16398
6180 8503 -16374
6181 8585 -16598
6182 8729 -16666
6183 8729 -16662
6184 8823 -16866
6185 8735 -16698
6186 8839 -16906
6187 8779 -16726
6188 8735 -16566
6189 8849 -16838
6190 8867 -16882
6191 8767 -16686
6192 8749 -16822
6193 8751 -16794
6194 8621 -16642
6195 8677 -16742
6196 8689 -16758
6197 8641 -16710
6198 8575 -16554
6199 8631 -16602
6200 8625 -16658
6201 8575 -16586
6202 8521 -16482
6203 8571 -16610
6204 8491 -16506
6205 8389 -16270
6206 8403 -16122
6207 8491 -16314
6208 8513 -16354
6209 8603 -16482
6210 8643 -16534
6211 8613 -16578
6212 8763 -16842
6213 8745 -16738
6214 8871 -16918
6215 8785 -16918
6216 8679 -16758
6217 8601 -16614
6218 8577 -16602
6219 8497 -16606
6220 8531 -16574
6221 8539 -16606
6222 8489 -16566
6223 8543 -16746
6224 8507 -16662
6225 8487 -16614
6226 8495 -16550
6227 8415 -16322
6228 8367 -16270
6229 8429 -16590
6230 8357 -16346
6231 8317 -16346
6232 8463 -16702
6233 8475 -16538
6234 8581 -16758
6235 8497 -16754
6236 8447 -16554
6237 8495 -16470
6238 8529 -16514
6239 8511 -16502
6240 8519 -16482
6241 8587 -16530
6242 8637 -16710
6243 8643 -16550
6244 8671 -16630
6245 8701 -16566
6246 8845 -16894
6247 8687 -16510
6248 8903 -16826
6249 8923 -16934
6250 8881 -16814
6251 8913 -16982
6252 8903 -17066
6253 8927 -17038
6254 8937 -16998
6255 8747 -16542
6256 8739 -16602
6257 8789 -16806
6258 8803 -16826
6259 8865 -16990
6260 8761 -16806
6261 8731 -16670
6262 8827 -16830
6263 8813 -16782
6264 8723 -16610
6265 8723 -16450
6266 8723 -16426
6267 8661 -16474
6268 8625 -16490
6269 8785 -16662
6270 8793 -16754
6271 8783 -16762
6272 8789 -16774
6273 8793 -16862
6274 8759 -16810
6275 8815 -16950
6276 8867 -16926
6277 8857 -16802
6278 8919 -17006
6279 8979 -17090
6280 8913 -16990
6281 8971 -17062
6282 8897 -17002
6283 8857 -16858
6284 8833 -16902
6285 8761 -16774
6286 8703 -16726
6287 8701 -16686
6288 8691 -16714
6289 8789 -16890
6290 8793 -16966
6291 8757 -16834
6292 8731 -16742
6293 8977 -17214
6294 8987 -17266
6295 8877 -17026
6296 8899 -17010
6297 8863 -17022
6298 8829 -16982
6299 8773 -16754
6300 8795 -16910
6301 8739 -16794
6302 8729 -16646
6303 8719 -16710
6304 8799 -16998
6305 8875 -17154
6306 8831 -17082
6307 8803 -16942
6308 8735 -16742
6309 8701 -16618
6310 8777 -16862
6311 8919 -17206
6312 8995 -17282
6313 8895 -17050
6314 8971 -17262
6315 8911 -17046
6316 8881 -16842
6317 9001 -17190
6318 8901 -16906
6319 8863 -16930
6320 8785 -16826
6321 8855 -16886
6322 8879 -17038
6323 8827 -16850
6324 8821 -16782
6325 8793 -16646
6326 8621 -16514
6327 8651 -16426
6328 8551 -16138
6329 8555 -16366
6330 8571 -16350
6331 8531 -16374
6332 8699 -16674
6333 8709 -16674
6334 8769 -16870
6335 8735 -16826
6336 8803 -16774
6337 8721 -16782
6338 8661 -16562
6339 8731 -16878
6340 8579 -16666
6341 8565 -16518
6342 8647 -16634
6343 8503 -16478
6344 8511 -16438
6345 8425 -16334
6346 8355 -16222
6347 8419 -16370
6348 8333 -16122
6349 8401 -16434
6350 8431 -16626
6351 8561 -16778
6352 8609 -16806
6353 8605 -16690
6354 8715 -16890
6355 8721 -16806
6356 8731 -16890
6357 8681 -16710
6358 8749 -16822
6359 8813 -16966
6360 8659 -16550
6361 8747 -16774
6362 8813 -16822
6363 8797 -16642
6364 8759 -16690
6365 8655 -16494
6366 8655 -16478
6367 8613 -16514
6368 8535 -16398
6369 8619 -16562
6370 8625 -16534
6371 8703 -16698
6372 8617 -16578
6373 8629 -16642
6374 8715 -16766
6375 8685 -16754
6376 8649 -16578
6377 8785 -16782
6378 8769 -16698
6379 8785 -16578
6380 8823 -16626
6381 8793 -16582
6382 8773 -16646
6383 8715 -16514
6384 8751 -16694
6385 8731 -16738
6386 8621 -16446
6387 8715 -16750
6388 8745 -16850
6389 8689 -16726
6390 8685 -16846
6391 8613 -16626
6392 8671 -16918
6393 8605 -16914
6394 8575 -16654
6395 8501 -16438
6396 8541 -16562
6397 8643 -16746
6398 8639 -16546
6399 8731 -16782
6400 8813 -16858
6401 8823 -16922
6402 8793 -16942
6403 8723 -16750
6404 8813 -16926
6405 8709 -16634
6406 8833 -16922
6407 8779 -16878
6408 8821 -16970
6409 8819 -16846
6410 8897 -17054
6411 8847 -16918
6412 8897 -17134
6413 8861 -16938
6414 8769 -16682
6415 8745 -16642
6416 8689 -16554
6417 8607 -16486
6418 8601 -16550
6419 8477 -16130
6420 8535 -16338
6421 8485 -16342
6422 8467 -16182
6423 8445 -16178
6424 8409 -16130
6425 8405 -16070
6426 8527 -16414
6427 8573 -16526
6428 8539 -16242
6429 8651 -16554
6430 8531 -16210
6431 8601 -16590
6432 8609 -16626
6433 8615 -16618
6434 8683 -16742
6435 8571 -16546
6436 8593 -16674
6437 8655 -16646
6438 8699 -16690
6439 8711 -16890
6440 8685 -16618
6441 8743 -16734
6442 8705 -16638
6443 8793 -16634
6444 8793 -16670
6445 8741 -16514
6446 8599 -16354
6447 8539 -16246
6448 8701 -16566
6449 8651 -16386
6450 8657 -16398
6451 8767 -16666
6452 8731 -16670
6453 8629 -16570
6454 8713 -16666
6455 8697 -16694
6456 8641 -16462
6457 8629 -16498
6458 8637 -16550
6459 8623 -16462
6460 8697 -16642
6461 8683 -16694
6462 8703 -16818
6463 8631 -16598
6464 8751 -16866
6465 8641 -16698
6466 8635 -16634
6467 8629 -16594
6468 8637 -16550
6469 8735 -16754
6470 8699 -16550
6471 8623 -16494
6472 8629 -16574
6473 8581 -16546
6474 8453 -16238
6475 8531 -16378
6476 8671 -16534
6477 8663 -16462
6478 8655 -16546
6479 8627 -16462
6480 8761 -16730
6481 8751 -16770
6482 8773 -16690
6483 8715 -16578
6484 8691 -16538
6485 8701 -16570
6486 8773 -16774
6487 8797 -16758
6488 8735 -16598
6489 8725 -16586
6490 8711 -16578
6491 8647 -16458
6492 8733 -16730
6493 8757 -16582
6494 8761 -16670
6495 8841 -16910
6496 8879 -16938
6497 8855 -16930
6498 8811 -16822
6499 8933 -16978
6500 8919 -16966
6501 8897 -16934
6502 8821 -16926
6503 8765 -16766
6504 8729 -16730
6505 8665 -16434
6506 8727 -16630
6507 8647 -16566
6508 8611 -16498
6509 8643 -16662
6510 8539 -16386
6511 8537 -16410
6512 8525 -16238
6513 8557 -16402
6514 8601 -16594
6515 8691 -16770
6516 8663 -16710
6517 8601 -16542
6518 8599 -16518
6519 8593 -16522
6520 8557 -16454
6521 8653 -16590
6522 8691 -16650
6523 8711 -16694
6524 8717 -16634
6525 8727 -16650
6526 8803 -16890
6527 8807 -16746
6528 8683 -16602
6529 8707 -16710
6530 8735 -16734
6531 8643 -16458
6532 8601 -16410
6533 8633 -16542
6534 8629 -16634
6535 8629 -16546
6536 8677 -16470
6537 8665 -16462
6538 8601 -16398
6539 8651 -16378
6540 8569 -16218
6541 8625 -16434
6542 8513 -16314
6543 8541 -16462
6544 8583 -16458
6545 8497 -16254
6546 8397 -16062
6547 8515 -16322
6548 8507 -16210
6549 8657 -16586
6550 8681 -16634
6551 8675 -16714
6552 8689 -16766
6553 8631 -16598
6554 8645 -16626
6555 8705 -16766
6556 8635 -16642
6557 8595 -16546
6558 8595 -16662
6559 8637 -16634
6560 8635 -16542
6561 8547 -16342
6562 8573 -16450
6563 8591 -16598
6564 8751 -16814
6565 8869 -16958
6566 8793 -16822
6567 8859 -16894
6568 8853 -16970
6569 8871 -17070
6570 8843 -16802
6571 8801 -16746
6572 8799 -16850
6573 8833 -16846
6574 8923 -16870
6575 8865 -16630
6576 8913 -16838
6577 8915 -16730
6578 8923 -16762
6579 8937 -16810
6580 8903 -16674
6581 8817 -16558
6582 8791 -16558
6583 8691 -16498
6584 8679 -16458
6585 8835 -17030
6586 8887 -16982
6587 8807 -16818
6588 8709 -16674
6589 8697 -16634
6590 8647 -16582
6591 8571 -16530
6592 8565 -16486
6593 8575 -16470
6594 8569 -16378
6595 8653 -16542
6596 8695 -16550
6597 8731 -16662
6598 8777 -16734
6599 8761 -16758
6600 8755 -16770
6601 8739 -16674
6602 8743 -16710
6603 8923 -16966
6604 8867 -16882
6605 8743 -16602
6606 8725 -16642
6607 8885 -16914
6608 8903 -16918
6609 8901 -16926
6610 8811 -16782
6611 8819 -16894
6612 8933 -17118
6613 9093 -17438
6614 8951 -17206
6615 8949 -17202
6616 8887 -16982
6617 8799 -16946
6618 8673 -16626
6619 8717 -16678
6620 8597 -16522
6621 8615 -16558
6622 8539 -16330
6623 8569 -16466
6624 8531 -16330
6625 8651 -16698
6626 8701 -16738
6627 8687 -16810
6628 8683 -16834
6629 8747 -16846
6630 8717 -16798
6631 8771 -16874
6632 8751 -16734
6633 8795 -16914
6634 8787 -16910
6635 8763 -16818
6636 8741 -16846
6637 8687 -16622
6638 8619 -16430
6639 8743 -16822
6640 8707 -16706
6641 8777 -16870
6642 8879 -17050
6643 8809 -16902
6644 8749 -16854
6645 8797 -16902
6646 8727 -16782
6647 8763 -16822
6648 8789 -16854
6649 8845 -16730
6650 8675 -16658
6651 8683 -16602
6652 8607 -16562
6653 8625 -16646
6654 8709 -16806
6655 8807 -16986
6656 8745 -16886
6657 8757 -16858
6658 8707 -16718
6659 8721 -16702
6660 8693 -16570
6661 8721 -16566
6662 8769 -16782
6663 8739 -16762
6664 8791 -16830
6665 8737 -16778
6666 8781 -16770
6667 8743 -16598
6668 8803 -16690
6669 8809 -16710
6670 8739 -16714
6671 8695 -16582
6672 8603 -16634
6673 8701 -16922
6674 8687 -16638
6675 8757 -16814
6676 8847 -16966
6677 8819 -16826
6678 8849 -16822
6679 8791 -16750
6680 8867 -16886
6681 8797 -16726
6682 8787 -16678
6683 8871 -16946
6684 8881 -17066
6685 8911 -17206
6686 8857 -17002
6687 8805 -16750
6688 8815 -16858
6689 8797 -16838
6690 8777 -16702
6691 8827 -16854
6692 8903 -16902
6693 8847 -16758
6694 8799 -16586
6695 8821 -16782
6696 8833 -16798
6697 8797 -16718
6698 8793 -16734
6699 8865 -16726
6700 8907 -17030
6701 8895 -16946
6702 9003 -17274
6703 8977 -17122
6704 8977 -17250
6705 8815 -16858
6706 8849 -16898
6707 8745 -16686
6708 8901 -16798
6709 8889 -16930
6710 8953 -17090
6711 8991 -17170
6712 8909 -16994
6713 9029 -17270
6714 8941 -17078
6715 9003 -17298
6716 8991 -17038
6717 8893 -16910
6718 8805 -16794
6719 8835 -16842
6720 8849 -16910
6721 8821 -16734
6722 8869 -16850
6723 8861 -16898
6724 8883 -16878
6725 8815 -16878
6726 8869 -16910
6727 8929 -17006
6728 8885 -16822
6729 8825 -16822
6730 8855 -16906
6731 8909 -16906
6732 8847 -16946
6733 8801 -16842
6734 8821 -17006
6735 8829 -16990
6736 8723 -16606
6737 8805 -16846
6738 8759 -16750
6739 8803 -16838
6740 8751 -16690
6741 8889 -16938
6742 8951 -17102
6743 8955 -17138
6744 8937 -17042
6745 8911 -17042
6746 8933 -17070
6747 8989 -16998
6748 9015 -16970
6749 8983 -16918
6750 8955 -16942
6751 8913 -16926
6752 8973 -16930
6753 9041 -17178
6754 9045 -17174
6755 9001 -17002
6756 8987 -17082
6757 8859 -16806
6758 8897 -16898
6759 8961 -16978
6760 8953 -17030
6761 8907 -16910
6762 8819 -16730
6763 8801 -16658
6764 8729 -16638
6765 8669 -16606
6766 8627 -16538
6767 8633 -16558
6768 8699 -16530
6769 8675 -16570
6770 8635 -16434
6771 8635 -16662
6772 8613 -16622
6773 8633 -16662
6774 8587 -16554
6775 8597 -16586
6776 8621 -16674
6777 8725 -16786
6778 8601 -16474
6779 8547 -16450
6780 8513 -16278
6781 8497 -16222
6782 8517 -16438
6783 8679 -16670
6784 8735 -16826
6785 8713 -16822
6786 8635 -16646
6787 8599 -16438
6788 8655 -16590
6789 8657 -16442
6790 8727 -16690
6791 8737 -16738
6792 8759 -16770
6793 8729 -16698
6794 8653 -16710
6795 8689 -16842
6796 8619 -16462
6797 8627 -16482
6798 8725 -16658
6799 8727 -16654
6800 8715 -16678
6801 8813 -16998
6802 8807 -16962
6803 8843 -17046
6804 8863 -17006
6805 8867 -17122
6806 8815 -16922
6807 8817 -16950
6808 8691 -16754
6809 8711 -16682
6810 8675 -16770
6811 8677 -16602
6812 8709 -16774
6813 8807 -16702
6814 8811 -16834
6815 8759 -16774
6816 8771 -16726
6817 8695 -16790
6818 8733 -16766
6819 8661 -16558
6820 8657 -16566
6821 8571 -16734
6822 8545 -16686
6823 8453 -16434
6824 8421 -16342
6825 8389 -16334
6826 8375 -16334
6827 8413 -16506
6828 8467 -16566
6829 8501 -16646
6830 8465 -16530
6831 8387 -16382
6832 8437 -16630
6833 8399 -16526
6834 8405 -16470
6835 8351 -16358
6836 8281 -16178
6837 8337 -16454
6838 8353 -16602
6839 8377 -16518
6840 8389 -16530
6841 8393 -16486
6842 8477 -16538
6843 8447 -16434
6844 8549 -16622
6845 8407 -16426
6846 8439 -16470
6847 8357 -16438
6848 8277 -16302
6849 8265 -16182
6850 8215 -16190
6851 8345 -16422
6852 8231 -16130
6853 8273 -16306
6854 8273 -16478
6855 8275 -16482
6856 8273 -16346
6857 8391 -16750
6858 8321 -16426
6859 8251 -16294
6860 8267 -16362
6861 8247 -16142
6862 8321 -16406
6863 8377 -16302
6864 8523 -16570
6865 8599 -16726
6866 8593 -16638
6867 8651 -16646
6868 8605 -16538
6869 8553 -16610
6870 8445 -16378
6871 8481 -16514
6872 8431 -16302
6873 8395 -16238
6874 8419 -16370
6875 8495 -16338
6876 8481 -16554
6877 8453 -16498
6878 8397 -16346
6879 8427 -16402
6880 8457 -16314
6881 8341 -16230
6882 8387 -16318
6883 8403 -16410
6884 8385 -16422
6885 8285 -16546
6886 8217 -16318
6887 8203 -16326
6888 8275 -16378
6889 8261 -16354
6890 8337 -16374
6891 8341 -16390
6892 8473 -16638
6893 8351 -16470
6894 8303 -16418
6895 8373 -16526
6896 8239 -16162
6897 8227 -16162
6898 8151 -16098
6899 8265 -16286
6900 8319 -16338
6901 8419 -16538
6902 8467 -16622
6903 8387 -16418
6904 8479 -16638
6905 8599 -16714
6906 8639 -16838
6907 8675 -16906
6908 8645 -16854
6909 8663 -16850
6910 8573 -16722
6911 8635 -16854
6912 8677 -16894
6913 8723 -16858
6914 8653 -16794
6915 8737 -16898
6916 8675 -16818
6917 8617 -16558
6918 8569 -16422
6919 8633 -16686
6920 8593 -16530
6921 8589 -16546
6922 8659 -16690
6923 8695 -16826
6924 8735 -17042
6925 8677 -16838
6926 8695 -16838
6927 8699 -16878
6928 8703 -16990
6929 8517 -16634
6930 8535 -16682
6931 8499 -16662
6932 8459 -16550
6933 8505 -16674
6934 8429 -16430
6935 8563 -16578
6936 8551 -16582
6937 8465 -16566
6938 8547 -16642
6939 8479 -16434
6940 8557 -16598
6941 8621 -16586
6942 8637 -16766
6943 8707 -16826
6944 8765 -16886
6945 8771 -16830
6946 8695 -16646
6947 8679 -16606
6948 8711 -16630
6949 8729 -16714
6950 8729 -16706
6951 8723 -16506
6952 8803 -16866
6953 8805 -16990
6954 8823 -17030
6955 8753 -16858
6956 8797 -16762
6957 8845 -16938
6958 8889 -16950
6959 8835 -16786
6960 8783 -16638
6961 8823 -16786
6962 8843 -16774
6963 8827 -16826
6964 8763 -16686
6965 8735 -16670
6966 8781 -16854
6967 8689 -16662
6968 8661 -16578
6969 8659 -16550
6970 8603 -16554
6971 8699 -16750
6972 8549 -16442
6973 8575 -16586
6974 8683 -16698
6975 8631 -16570
6976 8631 -16478
6977 8573 -16462
6978 8633 -16618
6979 8653 -16634
6980 8633 -16662
6981 8589 -16554
6982 8615 -16566
6983 8743 -16810
6984 8761 -16806
6985 8745 -16730
6986 8759 -16818
6987 8813 -16842
6988 8777 -16834
6989 8597 -16366
6990 8713 -16670
6991 8733 -16818
6992 8711 -16626
6993 8709 -16758
6994 8775 -16858
6995 8797 -16654
6996 8825 -16710
6997 8923 -16966
6998 8851 -16830
6999 8853 -16886
7000 8725 -16522
7001 8793 -16666
7002 8833 -16646
7003 8839 -16662
7004 8825 -16782
7005 8753 -16758
7006 8695 -16526
7007 8765 -16610
7008 8787 -16754
7009 8757 -16646
7010 8839 -16710
7011 8881 -16810
7012 8929 -16966
7013 8795 -16722
7014 8861 -16750
7015 8759 -16602
7016 8835 -16738
7017 8937 -17218
7018 8813 -16946
7019 8825 -16902
7020 8767 -16918
7021 8733 -16790
7022 8601 -16610
7023 8521 -16370
7024 8625 -16654
7025 8679 -16682
7026 8635 -16686
7027 8687 -16678
7028 8669 -16818
7029 8593 -16642
7030 8515 -16526
7031 8549 -16654
7032 8421 -16426
7033 8391 -16362
7034 8389 -16314
7035 8493 -16486
7036 8415 -16282
7037 8325 -16170
7038 8353 -16330
7039 8433 -16446
7040 8527 -16690
7041 8469 -16394
7042 8519 -16578
7043 8637 -16782
7044 8583 -16670
7045 8511 -16454
7046 8525 -16350
7047 8483 -16510
7048 8423 -16250
7049 8361 -16178
7050 8435 -16314
7051 8457 -16282
7052 8465 -16446
7053 8441 -16382
7054 8541 -16486
7055 8593 -16646
7056 8671 -16794
7057 8671 -16746
7058 8651 -16594
7059 8687 -16802
7060 8661 -16738
7061 8609 -16590
7062 8581 -16494
7063 8597 -16430
7064 8783 -16830
7065 8759 -16798
7066 8723 -16538
7067 8787 -16790
7068 8777 -16778
7069 8781 -16910
7070 8627 -16622
7071 8619 -16514
7072 8531 -16362
7073 8613 -16546
7074 8639 -16638
7075 8639 -16646
7076 8679 -16646
7077 8655 -16710
7078 8713 -16842
7079 8717 -16794
7080 8725 -16750
7081 8691 -16722
7082 8653 -16578
7083 8703 -16598
7084 8671 -16566
7085 8655 -16754
7086 8737 -16714
7087 8801 -17022
7088 8781 -16890
7089 8783 -16874
7090 8943 -17222
7091 8851 -17054
7092 8803 -17070
7093 8691 -16890
7094 8739 -16918
7095 8623 -16770
7096 8587 -16574
7097 8489 -16434
7098 8479 -16498
7099 8445 -16570
7100 8399 -16346
7101 8483 -16602
7102 8477 -16622
7103 8435 -16470
7104 8619 -16682
7105 8633 -16766
7106 8489 -16518
7107 8509 -16570
7108 8693 -16838
7109 8557 -16694
7110 8589 -16674
7111 8459 -16446
7112 8647 -16702
7113 8563 -16646
7114 8531 -16574
7115 8467 -16398
7116 8525 -16530
7117 8587 -16686
7118 8495 -16458
7119 8423 -16302
7120 8407 -16346
7121 8409 -16234
7122 8417 -16458
7123 8349 -16302
7124 8293 -16210
7125 8311 -16358
7126 8333 -16306
7127 8307 -16622
7128 8279 -16706
7129 8385 -16686
7130 8421 -16594
7131 8285 -16330
7132 8295 -16274
7133 8343 -16346
7134 8411 -16542
7135 8435 -16570
7136 8431 -16514
7137 8399 -16394
7138 8413 -16414
7139 8523 -16630
7140 8471 -16458
7141 8497 -16538
7142 8517 -16558
7143 8329 -16454
7144 8411 -16402
7145 8507 -16390
7146 8551 -16482
7147 8575 -16598
7148 8533 -16438
7149 8553 -16594
7150 8659 -16694
7151 8617 -16630
7152 8657 -16594
7153 8627 -16642
7154 8601 -16602
7155 8605 -16506
7156 8621 -16566
7157 8641 -16566
7158 8665 -16474
7159 8791 -16782
7160 8779 -16766
7161 8679 -16614
7162 8719 -16730
7163 8579 -16338
7164 8529 -16454
7165 8491 -16130
7166 8465 -16198
7167 8447 -16094
7168 8531 -16338
7169 8565 -16398
7170 8597 -16426
7171 8469 -16258
7172 8617 -16398
7173 8707 -16554
7174 8661 -16466
7175 8711 -16622
7176 8775 -16770
7177 8751 -16838
7178 8747 -16726
7179 8715 -16634
7180 8665 -16554
7181 8547 -16446
7182 8607 -16454
7183 8507 -16306
7184 8547 -16310
7185 8615 -16490
7186 8541 -16398
7187 8609 -16478
7188 8607 -16522
7189 8687 -16662
7190 8779 -16822
7191 8817 -16954
7192 8893 -16958
7193 8937 -17074
7194 8927 -16946
7195 8927 -16778
7196 8921 -16762
7197 8931 -16818
7198 8849 -16770
7199 8917 -16786
7200 8983 -17002
7201 8891 -16734
7202 8955 -16762
7203 9027 -17098
7204 9001 -17026
7205 8969 -17006
7206 9021 -17174
7207 9013 -17078
7208 8995 -17130
7209 8865 -17038
7210 8859 -16986
7211 8857 -16854
7212 8841 -16830
7213 8795 -16834
7214 8875 -16942
7215 8753 -16662
7216 8819 -16826
7217 8807 -16654
7218 8913 -16934
7219 8929 -16742
7220 8977 -16946
7221 8951 -16970
7222 8869 -16670
7223 8813 -16690
7224 8877 -16838
7225 8887 -16886
7226 8829 -16822
7227 8865 -16946
7228 8789 -16726
7229 8819 -16782
7230 8823 -16878
7231 8731 -16582
7232 8603 -16434
7233 8427 -16182
7234 8545 -16462
7235 8519 -16478
7236 8649 -16594
7237 8699 -16534
7238 8823 -16890
7239 8779 -16890
7240 8745 -16718
7241 8657 -16554
7242 8685 -16614
7243 8599 -16518
7244 8701 -16666
7245 8655 -16482
7246 8753 -16774
7247 8789 -16846
7248 8739 -16578
7249 8787 -16646
7250 8787 -16642
7251 8831 -16682
7252 8827 -16842
7253 8811 -16750
7254 8809 -16778
7255 8771 -16570
7256 8827 -16758
7257 8765 -16498
7258 8869 -16734
7259 8777 -16702
7260 8767 -16642
7261 8805 -16862
7262 8723 -16670
7263 8733 -16718
7264 8719 -16710
7265 8781 -16786
7266 8795 -16766
7267 8773 -16762
7268 8769 -16590
7269 8649 -16526
7270 8595 -16354
7271 8557 -16306
7272 8743 -16546
7273 8759 -16446
7274 8775 -16598
7275 8701 -16494
7276 8727 -16726
7277 8737 -16746
7278 8719 -16590
7279 8741 -16602
7280 8791 -16666
7281 8733 -16622
7282 8619 -16378
7283 8545 -16310
7284 8557 -16250
7285 8645 -16546
7286 8577 -16470
7287 8569 -16454
7288 8541 -16366
7289 8471 -16290
7290 8441 -16266
7291 8487 -16426
7292 8507 -16370
7293 8505 -16342
7294 8433 -16206
7295 8495 -16302
7296 8609 -16582
7297 8667 -16698
7298 8713 -16650
7299 8789 -16822
7300 8683 -16574
7301 8797 -16822
7302 8795 -16722
7303 8833 -16718
7304 8831 -16810
7305 8807 -16730
7306 8799 -16762
7307 8777 -16802
7308 8841 -16930
7309 8833 -16810
7310 8893 -17126
7311 8969 -17278
7312 8843 -16922
7313 8807 -16874
7314 8789 -16746
7315 8799 -16666
7316 8855 -16746
7317 8823 -16782
7318 8857 -16974
7319 8771 -16818
7320 8695 -16686
7321 8679 -16642
7322 8657 -16550
7323 8683 -16702
7324 8725 -16546
7325 8791 -16622
7326 8853 -16822
7327 8893 -16918
7328 8901 -16962
7329 8879 -16954
7330 8857 -16982
7331 8761 -16786
7332 8803 -16798
7333 8785 -16854
7334 8869 -16930
7335 8785 -16774
7336 8943 -17086
7337 8955 -17150
7338 8949 -16998
7339 8915 -17054
7340 8903 -17030
7341 8855 -16834
7342 8913 -16870
7343 8871 -16778
7344 8883 -16846
7345 8875 -16870
7346 8847 -16858
7347 8709 -16434
7348 8651 -16426
7349 8655 -16406
7350 8723 -16474
7351 8713 -16698
7352 8755 -16846
7353 8577 -16506
7354 8649 -16726
7355 8589 -16614
7356 8577 -16426
7357 8547 -16246
7358 8567 -16350
7359 8597 -16374
7360 8631 -16450
7361 8619 -16438
7362 8675 -16530
7363 8725 -16670
7364 8621 -16562
7365 8715 -16702
7366 8683 -16554
7367 8625 -16318
7368 8629 -16434
7369 8685 -16546
7370 8785 -16646
7371 8867 -16782
7372 8659 -16482
7373 8689 -16510
7374 8647 -16482
7375 8643 -16494
7376 8767 -16726
7377 8801 -16674
7378 8897 -16850
7379 8917 -16830
7380 8977 -16998
7381 8919 -16806
7382 8911 -16810
7383 8981 -17090
7384 8825 -16742
7385 8837 -16782
7386 8869 -16806
7387 8901 -16946
7388 8949 -17094
7389 8891 -17062
7390 8875 -17150
7391 8835 -17058
7392 8839 -17014
7393 8977 -17378
7394 8923 -17154
7395 8957 -17158
7396 8937 -17126
7397 8889 -17022
7398 8873 -16970
7399 8945 -17058
7400 8969 -17050
7401 8963 -17082
7402 8929 -16970
7403 8997 -17138
7404 8959 -16906
7405 9005 -17050
7406 8973 -17122
7407 8927 -17030
7408 8899 -16870
7409 8871 -16998
7410 8843 -16830
7411 8783 -16686
7412 8749 -16782
7413 8839 -16918
7414 8777 -16810
7415 8723 -16702
7416 8665 -16610
7417 8571 -16354
7418 8767 -16866
7419 8713 -16698
7420 8817 -16822
7421 8817 -16698
7422 8759 -16654
7423 8847 -16830
7424 8871 -16986
7425 8921 -17050
7426 8795 -16750
7427 8765 -16726
7428 8689 -16702
7429 8659 -16690
7430 8605 -16718
7431 8499 -16326
7432 8591 -16458
7433 8699 -16690
7434 8575 -16510
7435 8597 -16674
7436 8619 -16698
7437 8455 -16306
7438 8457 -16178
7439 8535 -16386
7440 8641 -16474
7441 8661 -16614
7442 8625 -16438
7443 8647 -16618
7444 8687 -16638
7445 8713 -16714
7446 8727 -16666
7447 8575 -16498
7448 8603 -16538
7449 8659 -16574
7450 8741 -16630
7451 8819 -16806
7452 8829 -16770
7453 8865 -16818
7454 8885 -16906
7455 8869 -16914
7456 9007 -17138
7457 9069 -17382
7458 9035 -17234
7459 9017 -17158
7460 9013 -17130
7461 8911 -16894
7462 8785 -16718
7463 8789 -16738
7464 8901 -16998
7465 8893 -17086
7466 8933 -17174
7467 8879 -16990
7468 8817 -16850
7469 8865 -16962
7470 8915 -17074
7471 8835 -16878
7472 8877 -17058
7473 8835 -16786
7474 8797 -16690
7475 8859 -16830
7476 8883 -16874
7477 8991 -17086
7478 9049 -17130
7479 9033 -17050
7480 9033 -16986
7481 8917 -16802
7482 8989 -17054
7483 8979 -16982
7484 8971 -16986
7485 8981 -17022
7486 8935 -16750
7487 8909 -16782
7488 8917 -16678
7489 8917 -16762
7490 8857 -16562
7491 8883 -16690
7492 8851 -16610
7493 8889 -16798
7494 8999 -16986
7495 8961 -17018
7496 8949 -16910
7497 9003 -17046
7498 9055 -17146
7499 9057 -17042
7500 9177 -17306
7501 9205 -17430
7502 9143 -17262
7503 9025 -17038
7504 9041 -17038
7505 8937 -16906
7506 8909 -16850
7507 8899 -16902
7508 8919 -16886
7509 8945 -16926
7510 8861 -16842
7511 8881 -16902
7512 8833 -16686
7513 8755 -16622
7514 8775 -16718
7515 8749 -16690
7516 8737 -16666
7517 8815 -16690
7518 8805 -16718
7519 8887 -16926
7520 8883 -16982
7521 8805 -16658
7522 8659 -16434
7523 8723 -16626
7524 8683 -16594
7525 8611 -16466
7526 8677 -16598
7527 8771 -16690
7528 8759 -16690
7529 8563 -16378
7530 8713 -16698
7531 8773 -16854
7532 8785 -16878
7533 8825 -16706
7534 8787 -16642
7535 8821 -16786
7536 8833 -16766
7537 8935 -16946
7538 8891 -16850
7539 8955 -17022
7540 8913 -16950
7541 8879 -16838
7542 8923 -17010
7543 8889 -16946
7544 8787 -16798
7545 8925 -16974
7546 8973 -17062
7547 8957 -16970
7548 9095 -17158
7549 9075 -17198
7550 8959 -16926
7551 9039 -17170
7552 9027 -17194
7553 8935 -16886
7554 8855 -16686
7555 8913 -16782
7556 8937 -16842
7557 8885 -16826
7558 8919 -16910
7559 8875 -16838
7560 8915 -16950
7561 8971 -17050
7562 8919 -16950
7563 8873 -16858
7564 8753 -16686
7565 8543 -16286
7566 8575 -16510
7567 8545 -16586
7568 8423 -16406
7569 8401 -16214
7570 8587 -16490
7571 8595 -16518
7572 8593 -16706
7573 8647 -16718
7574 8727 -16818
7575 8645 -16834
7576 8685 -16826
7577 8693 -16858
7578 8659 -16674
7579 8689 -16830
7580 8685 -16874
7581 8595 -16786
7582 8517 -16574
7583 8535 -16706
7584 8561 -16602
7585 8497 -16534
7586 8451 -16326
7587 8457 -16358
7588 8331 -16102
7589 8443 -16346
7590 8525 -16562
7591 8587 -16558
7592 8499 -16422
7593 8489 -16238
7594 8407 -16358
7595 8399 -16374
7596 8367 -16342
7597 8511 -16582
7598 8553 -16598
7599 8495 -16554
7600 8557 -16558
7601 8319 -16126
7602 8287 -16126
7603 8335 -16262
7604 8389 -16378
7605 8413 -16554
7606 8401 -16438
7607 8435 -16366
7608 8473 -16354
7609 8439 -16398
7610 8369 -16342
7611 8421 -16334
7612 8329 -16270
7613 8299 -16442
7614 8321 -16434
7615 8387 -16530
7616 8501 -16734
7617 8375 -16530
7618 8365 -16562
7619 8387 -16482
7620 8375 -16542
7621 8319 -16490
7622 8333 -16478
7623 8429 -16702
7624 8399 -16662
7625 8413 -16618
7626 8373 -16398
7627 8419 -16498
7628 8493 -16718
7629 8481 -16686
7630 8459 -16650
7631 8401 -16346
7632 8369 -16450
7633 8393 -16446
7634 8423 -16558
7635 8365 -16478
7636 8367 -16298
7637 8435 -16354
7638 8623 -16574
7639 8509 -16334
7640 8511 -16510
7641 8515 -16474
7642 8561 -16530
7643 8641 -16698
7644 8559 -16682
7645 8557 -16690
7646 8465 -16446
7647 8491 -16518
7648 8513 -16650
7649 8465 -16498
7650 8471 -16466
7651 8473 -16554
7652 8509 -16586
7653 8467 -16530
7654 8531 -16730
7655 8629 -16770
7656 8767 -17098
7657 8713 -16786
7658 8715 -16778
7659 8747 -16910
7660 8731 -16962
7661 8683 -16790
7662 8569 -16646
7663 8621 -16746
7664 8561 -16646
7665 8557 -16694
7666 8493 -16306
7667 8583 -16510
7668 8727 -16818
7669 8745 -16878
7670 8693 -16798
7671 8639 -16746
7672 8583 -16710
7673 8633 -16770
7674 8649 -16682
7675 8679 -16902
7676 8629 -16746
7677 8673 -16854
7678 8601 -16566
7679 8631 -16602
7680 8629 -16534
7681 8575 -16454
7682 8615 -16622
7683 8671 -16790
7684 8683 -16870
7685 8743 -16934
7686 8841 -17194
7687 8763 -16994
7688 8815 -17074
7689 8841 -17018
7690 8841 -17038
7691 8753 -16830
7692 8625 -16482
7693 8783 -16710
7694 8751 -16586
7695 8761 -16738
7696 8697 -16602
7697 8723 -16706
7698 8653 -16638
7699 8625 -16402
7700 8675 -16602
7701 8759 -16842
7702 8837 -16966
7703 8803 -17042
7704 8811 -17062
7705 8857 -17294
7706 8765 -16990
7707 8743 -16822
7708 8743 -16786
7709 8697 -16858
7710 8635 -16766
7711 8615 -16658
7712 8627 -16690
7713 8615 -16778
7714 8617 -16718
7715 8627 -16714
7716 8673 -16722
7717 8721 -16714
7718 8737 -16802
7719 8793 -16874
7720 8681 -16778
7721 8697 -16838
7722 8745 -16922
7723 8719 -16870
7724 8799 -16818
7725 8693 -16754
7726 8561 -16386
7727 8513 -16270
7728 8517 -16462
7729 8461 -16338
7730 8415 -16430
7731 8399 -16286
7732 8367 -16158
7733 8419 -16502
7734 8451 -16474
7735 8445 -16470
7736 8349 -16342
7737 8373 -16510
7738 8331 -16422
7739 8367 -16410
7740 8465 -16546
7741 8437 -16370
7742 8405 -16374
7743 8409 -16410
7744 8399 -16206
7745 8437 -16458
7746 8473 -16454
7747 8475 -16462
7748 8487 -16610
7749 8553 -16658
7750 8527 -16490
7751 8655 -16578
7752 8779 -16834
7753 8765 -16814
7754 8837 -16946
7755 8805 -16790
7756 8819 -16830
7757 8829 -16890
7758 8875 -16998
7759 8813 -16830
7760 8783 -16618
7761 8827 -16742
7762 8853 -16838
7763 8903 -16966
7764 8829 -16930
7765 8857 -16942
7766 8965 -17186
7767 8917 -17126
7768 8809 -16882
7769 8709 -16670
7770 8729 -16642
7771 8657 -16550
7772 8717 -16550
7773 8671 -16538
7774 8759 -16662
7775 8863 -16734
7776 8795 -16654
7777 8861 -16786
7778 8871 -16826
7779 8885 -16874
7780 8789 -16698
7781 8739 -16654
7782 8725 -16674
7783 8689 -16582
7784 8719 -16690
7785 8771 -16698
7786 8737 -16714
7787 8801 -16842
7788 8687 -16410
7789 8741 -16558
7790 8709 -16482
7791 8671 -16406
7792 8593 -16402
7793 8641 -16342
7794 8767 -16666
7795 8763 -16738
7796 8711 -16762
7797 8781 -16794
7798 8685 -16570
7799 8671 -16502
7800 8689 -16470
7801 8731 -16714
7802 8657 -16714
7803 8715 -16710
7804 8729 -16806
7805 8675 -16650
7806 8625 -16502
7807 8647 -16470
7808 8697 -16698
7809 8761 -16770
7810 8739 -16710
7811 8875 -16986
7812 8875 -16878
7813 8831 -16914
7814 8819 -16850
7815 8801 -16834
7816 8831 -16754
7817 8791 -16810
7818 8689 -16482
7819 8735 -16538
7820 8705 -16662
7821 8731 -16678
7822 8745 -16650
7823 8697 -16530
7824 8625 -16294
7825 8733 -16590
7826 8799 -16790
7827 8879 -16922
7828 9001 -17062
7829 8955 -16874
7830 8883 -16790
7831 8915 -16962
7832 8941 -16986
7833 8901 -16890
7834 8905 -16838
7835 8963 -16918
7836 8941 -16886
7837 8935 -16950
7838 8941 -16974
7839 8973 -16974
7840 8987 -17030
7841 9017 -17022
7842 9085 -17174
7843 9075 -17178
7844 9051 -17142
7845 8911 -16890
7846 8947 -16954
7847 8999 -17122
7848 9021 -17194
7849 8897 -16814
7850 8925 -16986
7851 8865 -16818
7852 8871 -16978
7853 8815 -16770
7854 8791 -16818
7855 8725 -16746
7856 8823 -16974
7857 8801 -16798
7858 8881 -16934
7859 8891 -16874
7860 8897 -16910
7861 8977 -17146
7862 8845 -16794
7863 8905 -16890
7864 8823 -16758
7865 8817 -16694
7866 8759 -16690
7867 8809 -16754
7868 8841 -16722
7869 8841 -16770
7870 8807 -16710
7871 8879 -16978
7872 8883 -16910
7873 8865 -16778
7874 8941 -17058
7875 8961 -17106
7876 8979 -17178
7877 8975 -17134
7878 8861 -16918
7879 8953 -16978
7880 8917 -16890
7881 8811 -16674
7882 8879 -16686
7883 8893 -16902
7884 8921 -17042
7885 8871 -17010
7886 8881 -16850
7887 8937 -16990
7888 8907 -16974
7889 8787 -16718
7890 8835 -16866
7891 8769 -16762
7892 8905 -17010
7893 8853 -17026
7894 8699 -16746
7895 8747 -16858
7896 8749 -16974
7897 8747 -16898
7898 8835 -17014
7899 8817 -16990
7900 8853 -16970
7901 8775 -16966
7902 8707 -16682
7903 8825 -16830
7904 8739 -16714
7905 8697 -16590
7906 8575 -16458
7907 8671 -16478
7908 8733 -16626
7909 8715 -16538
7910 8617 -16306
7911 8661 -16562
7912 8683 -16542
7913 8741 -16658
7914 8785 -16698
7915 8751 -16626
7916 8743 -16658
7917 8779 -16734
7918 8845 -16886
7919 8825 -16734
7920 8859 -16770
7921 8845 -16810
7922 8825 -16770
7923 8815 -16854
7924 8863 -16890
7925 8881 -16970
7926 8829 -16818
7927 8857 -16962
7928 8759 -16826
7929 8769 -16758
7930 8833 -16950
7931 8791 -16798
7932 8783 -16834
7933 8737 -16690
7934 8725 -16630
7935 8791 -16726
7936 8635 -16554
7937 8661 -16534
7938 8715 -16670
7939 8721 -16558
7940 8727 -16574
7941 8787 -16694
7942 8777 -16698
7943 8743 -16510
7944 8783 -16546
7945 8779 -16782
7946 8775 -16634
7947 8861 -16730
7948 8897 -16834
7949 8871 -16906
7950 8909 -16886
7951 8853 -16766
7952 8727 -16458
7953 8819 -16806
7954 8873 -17014
7955 8829 -16858
7956 8803 -16854
7957 8755 -16706
7958 8763 -16654
7959 8721 -16550
7960 8723 -16558
7961 8633 -16422
7962 8693 -16638
7963 8719 -16682
7964 8657 -16538
7965 8625 -16518
7966 8667 -16490
7967 8657 -16442
7968 8671 -16434
7969 8807 -16734
7970 8713 -16570
7971 8767 -16598
7972 8825 -16778
7973 8731 -16742
7974 8687 -16778
7975 8713 -16858
7976 8725 -16734
7977 8707 -16806
7978 8839 -17018
7979 8725 -16742
7980 8749 -16782
7981 8719 -16750
7982 8773 -16810
7983 8813 -16882
7984 8751 -16742
7985 8831 -16882
7986 8833 -16854
7987 8757 -16686
7988 8791 -16714
7989 8833 -16830
7990 8871 -16894
7991 8751 -16742
7992 8577 -16426
7993 8611 -16498
7994 8651 -16726
7995 8717 -16782
7996 8721 -16774
7997 8705 -16766
7998 8737 -16874
7999 8787 -16998
8000 8815 -16834
8001 8707 -16650
8002 8665 -16490
8003 8669 -16530
8004 8803 -16690
8005 8805 -16678
8006 8683 -16566
8007 8669 -16470
8008 8705 -16598
8009 8879 -16894
8010 8957 -16986
8011 8969 -17142
8012 8977 -17118
8013 8987 -17090
8014 8919 -16974
8015 8939 -17130
8016 9003 -17162
8017 8981 -17106
8018 8937 -17022
8019 8959 -17042
8020 8899 -16982
8021 8917 -16902
8022 8935 -16930
8023 8957 -17098
8024 8979 -17158
8025 8941 -17026
8026 8899 -16958
8027 8859 -16830
8028 8887 -16834
8029 8981 -17086
8030 8963 -17042
8031 8929 -16950
8032 8973 -16946
8033 8995 -16998
8034 8893 -16754
8035 8931 -16802
8036 8863 -16754
8037 8841 -16734
8038 8885 -16854
8039 8999 -16994
8040 8869 -16738
8041 8947 -16918
8042 8975 -16998
8043 8933 -16930
8044 8935 -17022
8045 8905 -16946
8046 8839 -16902
8047 8791 -16798
8048 8717 -16718
8049 8813 -16810
8050 8793 -16878
8051 8823 -16890
8052 8821 -16978
8053 8763 -16746
8054 8695 -16582
8055 8595 -16354
8056 8583 -16478
8057 8693 -16646
8058 8763 -16638
8059 8771 -16738
8060 8787 -16674
8061 8765 -16830
8062 8807 -16762
8063 8751 -16742
8064 8775 -16790
8065 8733 -16942
8066 8585 -16598
8067 8581 -16574
8068 8493 -16382
8069 8585 -16454
8070 8491 -16274
8071 8579 -16514
8072 8645 -16722
8073 8577 -16562
8074 8459 -16362
8075 8381 -16162
8076 8539 -16310
8077 8631 -16562
8078 8525 -16462
8079 8595 -16670
8080 8597 -16666
8081 8587 -16606
8082 8557 -16602
8083 8567 -16514
8084 8671 -16614
8085 8637 -16638
8086 8611 -16562
8087 8561 -16670
8088 8541 -16598
8089 8479 -16418
8090 8319 -16266
8091 8311 -16270
8092 8305 -16330
8093 8397 -16474
8094 8389 -16398
8095 8407 -16414
8096 8493 -16682
8097 8463 -16638
8098 8427 -16434
8099 8459 -16462
8100 8371 -16338
8101 8315 -16318
8102 8311 -16058
8103 8293 -16182
8104 8409 -16402
8105 8431 -16594
8106 8451 -16506
8107 8469 -16574
8108 8511 -16490
8109 8495 -16482
8110 8437 -16386
8111 8363 -16290
8112 8389 -16454
8113 8417 -16498
8114 8417 -16450
8115 8379 -16430
8116 8439 -16458
8117 8505 -16802
8118 8535 -16526
8119 8449 -16218
8120 8473 -16374
8121 8571 -16506
8122 8621 -16534
8123 8567 -16474
8124 8639 -16594
8125 8541 -16458
8126 8613 -16534
8127 8737 -16686
8128 8735 -16814
8129 8741 -16878
8130 8757 -16810
8131 8789 -16862
8132 8687 -16638
8133 8725 -16658
8134 8679 -16702
8135 8701 -16726
8136 8649 -16522
8137 8649 -16582
8138 8717 -16690
8139 8761 -16802
8140 8729 -16674
8141 8739 -16650
8142 8705 -16678
8143 8677 -16698
8144 8751 -16790
8145 8757 -16706
8146 8825 -16886
8147 8767 -16870
8148 8837 -17154
8149 8819 -16918
8150 8693 -16550
8151 8639 -16458
8152 8633 -16366
8153 8643 -16450
8154 8575 -16278
8155 8561 -16390
8156 8651 -16614
8157 8651 -16562
8158 8579 -16430
8159 8515 -16294
8160 8625 -16506
8161 8697 -16574
8162 8691 -16666
8163 8741 -16726
8164 8751 -16666
8165 8813 -16774
8166 8881 -16838
8167 8841 -16810
8168 8847 -16882
8169 8721 -16622
8170 8605 -16258
8171 8671 -16454
8172 8757 -16662
8173 8795 -16710
8174 8781 -16686
8175 8821 -16814
8176 8871 -16850
8177 8745 -16498
8178 8721 -16450
8179 8717 -16470
8180 8713 -16514
8181 8711 -16534
8182 8767 -16574
8183 8875 -16738
8184 8893 -16806
8185 8921 -16850
8186 8969 -16910
8187 8935 -16890
8188 8981 -16978
8189 8949 -16942
8190 9017 -17058
8191 8935 -16826
8192 8947 -16902
8193 8953 -17030
8194 9001 -17082
8195 8901 -16766
8196 8939 -17002
8197 8907 -16982
8198 8995 -17094
8199 8951 -17078
8200 8975 -17046
8201 9037 -17102
8202 8893 -16774
8203 8975 -16966
8204 8885 -16814
8205 8841 -16906
8206 8889 -17062
8207 8927 -17082
8208 8917 -17014
8209 9015 -17126
8210 9003 -17082
8211 9005 -17166
8212 9011 -17146
8213 9059 -17154
8214 9121 -17334
8215 9047 -17050
8216 9145 -17334
8217 9093 -17122
8218 9095 -17122
8219 9043 -17082
8220 9031 -17250
8221 8885 -16942
8222 8911 -17010
8223 8879 -16950
8224 8865 -16926
8225 8841 -16818
8226 8807 -16798
8227 8813 -16850
8228 8653 -16602
8229 8767 -16946
8230 8705 -16678
8231 8663 -16586
8232 8439 -16174
8233 8437 -16266
8234 8499 -16450
8235 8569 -16458
8236 8647 -16674
8237 8539 -16362
8238 8617 -16526
8239 8571 -16342
8240 8569 -16370
8241 8529 -16410
8242 8587 -16470
8243 8737 -16782
8244 8749 -16890
8245 8815 -16902
8246 8697 -16734
8247 8785 -16798
8248 8709 -16662
8249 8727 -16610
8250 8757 -16530
8251 8827 -16718
8252 8851 -16930
8253 8799 -16702
8254 8751 -16690
8255 8653 -16542
8256 8749 -16650
8257 8797 -16758
8258 8743 -16458
8259 8775 -16538
8260 8817 -16626
8261 8811 -16574
8262 8827 -16662
8263 8831 -16726
8264 8763 -16674
8265 8867 -16866
8266 8773 -16606
8267 8753 -16546
8268 8745 -16698
8269 8809 -16802
8270 8751 -16742
8271 8873 -16898
8272 8875 -16774
8273 8887 -16926
8274 8913 -16866
8275 8853 -16790
8276 8963 -16942
8277 8979 -16986
8278 8927 -16814
8279 8865 -16854
8280 8995 -16950
8281 8887 -16842
8282 8765 -16534
8283 8759 -16498
8284 8665 -16366
8285 8647 -16586
8286 8587 -16214
8287 8651 -16514
8288 8593 -16426
8289 8731 -16626
8290 8811 -16782
8291 8853 -16922
8292 8899 -16926
8293 8849 -16866
8294 8767 -16674
8295 8925 -17106
8296 8885 -16954
8297 8923 -17070
8298 8759 -16650
8299 8645 -16478
8300 8627 -16398
8301 8635 -16610
8302 8709 -16618
8303 8695 -16554
8304 8781 -16686
8305 8791 -16786
8306 8885 -16954
8307 8869 -16926
8308 8929 -16954
8309 8859 -16838
8310 8863 -16838
8311 8689 -16554
8312 8579 -16466
8313 8665 -16654
8314 8553 -16510
8315 8589 -16386
8316 8695 -16498
8317 8813 -16690
8318 8741 -16610
8319 8737 -16754
8320 8701 -16646
8321 8785 -16754
8322 8815 -16758
8323 8767 -16694
8324 8795 -16658
8325 8725 -16546
8326 8629 -16578
8327 8611 -16542
8328 8539 -16438
8329 8503 -16382
8330 8597 -16666
8331 8539 -16542
8332 8597 -16646
8333 8543 -16574
8334 8521 -16538
8335 8527 -16578
8336 8555 -16570
8337 8661 -16806
8338 8617 -16430
8339 8541 -16246
8340 8573 -16390
8341 8663 -16346
8342 8751 -16722
8343 8643 -16278
8344 8789 -16782
8345 8801 -16702
8346 8859 -16970
8347 8689 -16462
8348 8703 -16646
8349 8685 -16570
8350 8745 -16626
8351 8819 -16846
8352 8885 -17038
8353 8757 -16706
8354 8753 -16762
8355 8747 -16574
8356 8641 -16362
8357 8643 -16334
8358 8587 -16234
8359 8621 -16362
8360 8673 -16522
8361 8735 -16594
8362 8777 -16738
8363 8831 -16866
8364 8725 -16678
8365 8685 -16534
8366 8853 -17002
8367 8753 -16798
8368 8729 -16594
8369 8741 -16426
8370 8867 -16822
8371 8943 -16978
8372 9001 -17030
8373 8849 -16746
8374 8755 -16570
8375 8807 -16722
8376 8783 -16662
8377 8761 -16610
8378 8891 -16878
8379 8859 -16786
8380 8875 -16742
8381 8805 -16634
8382 8815 -16650
8383 8857 -16662
8384 8859 -16722
8385 8959 -17050
8386 8827 -16750
8387 8813 -16730
8388 8831 -16866
8389 8783 -16750
8390 8827 -16934
8391 8757 -16730
8392 8783 -16898
8393 8753 -16846
8394 8847 -16878
8395 8871 -16970
8396 8817 -16838
8397 8785 -16722
8398 8819 -16926
8399 8779 -16898
8400 8763 -17102
8401 8743 -17006
8402 8749 -16974
8403 8673 -16942
8404 8653 -16778
8405 8567 -16610
8406 8551 -16546
8407 8577 -16502
8408 8635 -16714
8409 8571 -16578
8410 8547 -16338
8411 8591 -16630
8412 8559 -16566
8413 8515 -16594
8414 8613 -16718
8415 8559 -16678
8416 8579 -16630
8417 8593 -16666
8418 8547 -16514
8419 8437 -16358
8420 8479 -16542
8421 8627 -16898
8422 8533 -16654
8423 8439 -16466
8424 8437 -16358
8425 8469 -16382
8426 8399 -16278
8427 8463 -16330
8428 8595 -16590
8429 8729 -16962
8430 8717 -16922
8431 8637 -16790
8432 8573 -16738
8433 8491 -16566
8434 8507 -16506
8435 8535 -16590
8436 8649 -16934
8437 8673 -17078
8438 8579 -16818
8439 8611 -16814
8440 8633 -16918
8441 8571 -16702
8442 8631 -16850
8443 8517 -16654
8444 8485 -16654
8445 8509 -16846
8446 8391 -16650
8447 8395 -16562
8448 8367 -16570
8449 8379 -16490
8450 8439 -16582
8451 8495 -16766
8452 8469 -16754
8453 8475 -16702
8454 8407 -16534
8455 8423 -16702
8456 8429 -16542
8457 8417 -16550
8458 8427 -16686
8459 8421 -16674
8460 8405 -16566
8461 8473 -16702
8462 8505 -16634
8463 8547 -16722
8464 8579 -16822
8465 8549 -16806
8466 8483 -16610
8467 8507 -16782
8468 8497 -16774
8469 8501 -16758
8470 8479 -16554
8471 8429 -16458
8472 8337 -16318
8473 8387 -16402
8474 8431 -16502
8475 8425 -16498
8476 8373 -16694
8477 8403 -16678
8478 8353 -16814
8479 8347 -16674
8480 8245 -16442
8481 8203 -16106
8482 8159 -16198
8483 8205 -16482
8484 8255 -16478
8485 8173 -16378
8486 8179 -16474
8487 8087 -16458
8488 8039 -16154
8489 7999 -16010
8490 8083 -16342
8491 8001 -16170
8492 7981 -16038
8493 7981 -15934
8494 7943 -15958
8495 8009 -16106
8496 8023 -16226
8497 8063 -16342
8498 8099 -16446
8499 8069 -16522
8500 8053 -16434
8501 8143 -16358
8502 8177 -16490
8503 8121 -16550
8504 8141 -16394
8505 8181 -16390
8506 8265 -16514
8507 8205 -16454
8508 8259 -16546
8509 8269 -16574
8510 8239 -16454
8511 8147 -16330
8512 8173 -16374
8513 8251 -16438
8514 8253 -16522
8515 8293 -16586
8516 8229 -16462
8517 8147 -16246
8518 8299 -16446
8519 8307 -16658
8520 8317 -16558
8521 8367 -16746
8522 8281 -16446
8523 8163 -16114
8524 8217 -16402
8525 8311 -16614
8526 8267 -16402
8527 8133 -16258
8528 8233 -16378
8529 8143 -16150
8530 8153 -16282
8531 8155 -16302
8532 8171 -16262
8533 8141 -16178
8534 8241 -16306
8535 8217 -16286
8536 8225 -16194
8537 8237 -16098
8538 8331 -16170
8539 8375 -16398
8540 8299 -16442
8541 8317 -16550
8542 8271 -16358
8543 8297 -16434
8544 8335 -16418
8545 8391 -16478
8546 8493 -16738
8547 8483 -16778
8548 8475 -16806
8549 8469 -16722
8550 8353 -16758
8551 8235 -16458
8552 8231 -16222
8553 8173 -16206
8554 8053 -16170
8555 8103 -16214
8556 8179 -16258
8557 8275 -16386
8558 8295 -16526
8559 8227 -16546
8560 8169 -16386
8561 8297 -16438
8562 8337 -16518
8563 8285 -16482
8564 8189 -16522
8565 8191 -16338
8566 8093 -16246
8567 8193 -16386
8568 8215 -16370
8569 8231 -16258
8570 8209 -16430
8571 8259 -16538
8572 8235 -16438
8573 8259 -16566
8574 8215 -16346
8575 8223 -16370
8576 8247 -16582
8577 8197 -16482
8578 8243 -16406
8579 8181 -16382
8580 8199 -16310
8581 8227 -16378
8582 8181 -16326
8583 8197 -16426
8584 8203 -16458
8585 8141 -16374
8586 8077 -16206
8587 8045 -16222
8588 8125 -16298
8589 8121 -16138
8590 8075 -16174
8591 8087 -16146
8592 8091 -16370
8593 8133 -16330
8594 8133 -16250
8595 8073 -16150
8596 8073 -16222
8597 8101 -16174
8598 8149 -16054
8599 8229 -16154
8600 8109 -15970
8601 8197 -16174
8602 8195 -16050
8603 8219 -16202
8604 8157 -16070
8605 8255 -16118
8606 8441 -16378
8607 8517 -16618
8608 8543 -16674
8609 8535 -16714
8610 8481 -16370
8611 8491 -16494
8612 8583 -16550
8613 8643 -16710
8614 8713 -16930
8615 8725 -16734
8616 8679 -16674
8617 8721 -16890
8618 8673 -16698
8619 8651 -16630
8620 8711 -16698
8621 8641 -16714
8622 8571 -16670
8623 8569 -16774
8624 8543 -16734
8625 8575 -16750
8626 8489 -16526
8627 8509 -16518
8628 8545 -16522
8629 8559 -16534
8630 8597 -16550
8631 8501 -16498
8632 8579 -16582
8633 8597 -16634
8634 8589 -16470
8635 8567 -16470
8636 8525 -16454
8637 8503 -16514
8638 8533 -16590
8639 8531 -16706
8640 8527 -16662
8641 8443 -16522
8642 8441 -16630
8643 8471 -16558
8644 8539 -16686
8645 8557 -16830
8646 8513 -16538
8647 8571 -16654
8648 8459 -16454
8649 8405 -16486
8650 8441 -16566
8651 8461 -16554
8652 8517 -16642
8653 8617 -16698
8654 8639 -16698
8655 8799 -17010
8656 8821 -16874
8657 8817 -16866
8658 8843 -16994
8659 8751 -16822
8660 8727 -16950
8661 8599 -16558
8662 8525 -16314
8663 8579 -16438
8664 8547 -16522
8665 8641 -16618
8666 8773 -16934
8667 8843 -16942
8668 8823 -17022
8669 8641 -16474
8670 8769 -16650
8671 8771 -16770
8672 8819 -16750
8673 8861 -16954
8674 8843 -16838
8675 8925 -16914
8676 8817 -16718
8677 8841 -16718
8678 8845 -16750
8679 8855 -16782
8680 8931 -16946
8681 8989 -17146
8682 8965 -17042
8683 8907 -16910
8684 8825 -16714
8685 8835 -16810
8686 8905 -17062
8687 8907 -17042
8688 8831 -16842
8689 8709 -16682
8690 8651 -16702
8691 8617 -16578
8692 8735 -16714
8693 8777 -16854
8694 8833 -17074
8695 8751 -16962
8696 8679 -16862
8697 8741 -16934
8698 8725 -16754
8699 8681 -16698
8700 8589 -16386
8701 8675 -16614
8702 8693 -16518
8703 8773 -16738
8704 8847 -16934
8705 8843 -16894
8706 8779 -16666
8707 8801 -16838
8708 8819 -16930
8709 8831 -16910
8710 8699 -16490
8711 8717 -16642
8712 8727 -16854
8713 8697 -16622
8714 8849 -16902
8715 8863 -16998
8716 9007 -17262
8717 8969 -17066
8718 8927 -16990
8719 8971 -17138
8720 9003 -17206
8721 9037 -17166
8722 8957 -17070
8723 8935 -17002
8724 9001 -17234
8725 8933 -16998
8726 8891 -17010
8727 8931 -17122
8728 8881 -16966
8729 8793 -16682
8730 8753 -16526
8731 8697 -16478
8732 8569 -16462
8733 8639 -16498
8734 8673 -16594
8735 8655 -16498
8736 8699 -16618
8737 8635 -16454
8738 8691 -16686
8739 8675 -16526
8740 8755 -16726
8741 8707 -16682
8742 8783 -16710
8743 8853 -16902
8744 8863 -16742
8745 8901 -16878
8746 8909 -17022
8747 8933 -17074
8748 8805 -16722
8749 8781 -16674
8750 8777 -16674
8751 8767 -16694
8752 8763 -16574
8753 8751 -16542
8754 8701 -16474
8755 8807 -16798
8756 8715 -16722
8757 8721 -16818
8758 8543 -16378
8759 8683 -16602
8760 8609 -16438
8761 8805 -16770
8762 8821 -16722
8763 8795 -16726
8764 8745 -16662
8765 8869 -16850
8766 8823 -16806
8767 8867 -16794
8768 8881 -16914
8769 8861 -16902
8770 8845 -16902
8771 8719 -16746
8772 8685 -16594
8773 8653 -16554
8774 8639 -16606
8775 8655 -16654
8776 8799 -16874
8777 8695 -16742
8778 8669 -16646
8779 8705 -16546
8780 8811 -16778
8781 8867 -16814
8782 8843 -16838
8783 8797 -16790
8784 8761 -16730
8785 8835 -16946
8786 8823 -16794
8787 8785 -16674
8788 8833 -16786
8789 8863 -16946
8790 8867 -16898
8791 8821 -16842
8792 8807 -16930
8793 8777 -16722
8794 8799 -16778
8795 8841 -16742
8796 8819 -16670
8797 8771 -16666
8798 8819 -16718
8799 8865 -16918
8800 8857 -16874
8801 8875 -16970
8802 8875 -17118
8803 8711 -16702
8804 8695 -16662
8805 8699 -16694
8806 8627 -16542
8807 8675 -16514
8808 8719 -16622
8809 8667 -16398
8810 8653 -16462
8811 8565 -16438
8812 8527 -16202
8813 8529 -16282
8814 8551 -16398
8815 8737 -16630
8816 8669 -16598
8817 8799 -16690
8818 8747 -16706
8819 8791 -16838
8820 8721 -16674
8821 8677 -16602
8822 8695 -16678
8823 8621 -16630
8824 8613 -16522
8825 8621 -16622
8826 8537 -16310
8827 8531 -16374
8828 8703 -16518
8829 8703 -16494
8830 8689 -16622
8831 8745 -16778
8832 8757 -16862
8833 8733 -16818
8834 8817 -17098
8835 8747 -16938
8836 8785 -17018
8837 8841 -17210
8838 8819 -17046
8839 8787 -17054
8840 8803 -17054
8841 8843 -17042
8842 8849 -17070
8843 8783 -16794
8844 8779 -16702
8845 8753 -16886
8846 8755 -16878
8847 8833 -17002
8848 8851 -16958
8849 8757 -16750
8850 8643 -16602
8851 8675 -16594
8852 8829 -16694
8853 8795 -16670
8854 8739 -16654
8855 8737 -16718
8856 8815 -16702
8857 8857 -16806
8858 8847 -16858
8859 8837 -16766
8860 8793 -16662
8861 8775 -16782
8862 8859 -17006
8863 8807 -16882
8864 8855 -16926
8865 8789 -16650
8866 8827 -16722
8867 8809 -16614
8868 8749 -16642
8869 8783 -16650
8870 8823 -16690
8871 8847 -16930
8872 8821 -16838
8873 8855 -16918
8874 8883 -16974
8875 8851 -16994
8876 8779 -16794
8877 8749 -16762
8878 8641 -16606
8879 8561 -16502
8880 8583 -16546
8881 8623 -16478
8882 8669 -16510
8883 8803 -16810
8884 8781 -16626
8885 8863 -16866
8886 8983 -17166
8887 8979 -17118
8888 8941 -16910
8889 8859 -16822
8890 8805 -16750
8891 8851 -16814
8892 8915 -17014
8893 8965 -17026
8894 8959 -16990
8895 8855 -16818
8896 8727 -16674
8897 8795 -16706
8898 8635 -16434
8899 8753 -16746
8900 8685 -16474
8901 8713 -16590
8902 8815 -16730
8903 8861 -16754
8904 8789 -16834
8905 8791 -16850
8906 8889 -17034
8907 8935 -17098
8908 8917 -17066
8909 8925 -16862
8910 8911 -17050
8911 8837 -16846
8912 8805 -16858
8913 8755 -16778
8914 8681 -16586
8915 8777 -16738
8916 8871 -16970
8917 8853 -17066
8918 8905 -17114
8919 8801 -16750
8920 8733 -16706
8921 8771 -16826
8922 8815 -17014
8923 8753 -16718
8924 8679 -16510
8925 8651 -16574
8926 8653 -16750
8927 8609 -16618
8928 8609 -16546
8929 8589 -16426
8930 8551 -16382
8931 8583 -16374
8932 8579 -16582
8933 8621 -16610
8934 8765 -16886
8935 8745 -16802
8936 8749 -16782
8937 8733 -16754
8938 8791 -16898
8939 8787 -16666
8940 8791 -16670
8941 8819 -16750
8942 8889 -16806
8943 8889 -16858
8944 8915 -16870
8945 8793 -16522
8946 8975 -16958
8947 8961 -17010
8948 8921 -16818
8949 8975 -16918
8950 8945 -16902
8951 8901 -16758
8952 8877 -16738
8953 8755 -16590
8954 8731 -16730
8955 8807 -16750
8956 8725 -16506
8957 8627 -16398
8958 8735 -16598
8959 8801 -16606
8960 8717 -16434
8961 8715 -16642
8962 8707 -16510
8963 8723 -16562
8964 8763 -16678
8965 8649 -16510
8966 8735 -16830
8967 8647 -16634
8968 8773 -16886
8969 8825 -16898
8970 8801 -16858
8971 8623 -16550
8972 8643 -16558
8973 8555 -16382
8974 8533 -16390
8975 8565 -16510
8976 8693 -16514
8977 8743 -16646
8978 8711 -16618
8979 8651 -16670
8980 8597 -16486
8981 8667 -16570
8982 8713 -16766
8983 8697 -16730
8984 8701 -16618
8985 8719 -16590
8986 8759 -16730
8987 8665 -16450
8988 8601 -16270
8989 8607 -16362
8990 8753 -16786
8991 8701 -16546
8992 8745 -16562
8993 8711 -16546
8994 8673 -16522
8995 8687 -16578
8996 8717 -16742
8997 8803 -16798
8998 8827 -16746
8999 8769 -16638
9000 8775 -16626
9001 8859 -16854
9002 8765 -16738
9003 8721 -16670
9004 8681 -16578
9005 8755 -16870
9006 8765 -16774
9007 8693 -16562
9008 8785 -16838
9009 8751 -16738
9010 8799 -16746
9011 8829 -16798
9012 8873 -16906
9013 8833 -16718
9014 8789 -16670
9015 8673 -16430
9016 8619 -16334
9017 8553 -16218
9018 8593 -16602
9019 8683 -16646
9020 8701 -16626
9021 8729 -16662
9022 8727 -16646
9023 8803 -16874
9024 8799 -16698
9025 8885 -16802
9026 9003 -17134
9027 9017 -17054
9028 8979 -17062
9029 8991 -17086
9030 9045 -17154
9031 9011 -17134
9032 8881 -16858
9033 8869 -16858
9034 8873 -16866
9035 8873 -16786
9036 9041 -17222
9037 8995 -17094
9038 8993 -17174
9039 8935 -17042
9040 8997 -17114
9041 9085 -17302
9042 8981 -17086
9043 8989 -16990
9044 8993 -17026
9045 8967 -17022
9046 8895 -17006
9047 8889 -16994
9048 8853 -16642
9049 8851 -16786
9050 8861 -16778
9051 8833 -16586
9052 8851 -16830
9053 8859 -16922
9054 8801 -16874
9055 8697 -16538
9056 8727 -16666
9057 8741 -16678
9058 8823 -16918
9059 8771 -16790
9060 8833 -16834
9061 8853 -16758
9062 8833 -16746
9063 8821 -16722
9064 8827 -16738
9065 8787 -16770
9066 8853 -16890
9067 8901 -16946
9068 8907 -16942
9069 9003 -17290
9070 8913 -17042
9071 8893 -17010
9072 8903 -16790
9073 8839 -16790
9074 8879 -16982
9075 8717 -16706
9076 8751 -16758
9077 8803 -16722
9078 8787 -16826
9079 8809 -16778
9080 8625 -16430
9081 8655 -16686
9082 8683 -16630
9083 8767 -16658
9084 8745 -16682
9085 8727 -16774
9086 8717 -16690
9087 8695 -16638
9088 8769 -16674
9089 8825 -16786
9090 8851 -16914
9091 8749 -16690
9092 8683 -16522
9093 8707 -16626
9094 8781 -16694
9095 8755 -16734
9096 8757 -16674
9097 8773 -16786
9098 8825 -16846
9099 8765 -16642
9100 8773 -16734
9101 8815 -16734
9102 8853 -16822
9103 8799 -16782
9104 8729 -16438
9105 8803 -16538
9106 8723 -16414
9107 8805 -16758
9108 8863 -16866
9109 8937 -17002
9110 8889 -16950
9111 8889 -16894
9112 8945 -16962
9113 8955 -16982
9114 8827 -16726
9115 8903 -16930
9116 8825 -16690
9117 8767 -16566
9118 8807 -16758
9119 8853 -16986
9120 8811 -16822
9121 8757 -16750
9122 8859 -16962
9123 8773 -17018
9124 8653 -16638
9125 8773 -16810
9126 8797 -16782
9127 8755 -16830
9128 8811 -16894
9129 8853 -17030
9130 8855 -17002
9131 8893 -16982
9132 8873 -16922
9133 8803 -16806
9134 8799 -16786
9135 8801 -16846
9136 8939 -17086
9137 8985 -17326
9138 8979 -17098
9139 8899 -17018
9140 8911 -17066
9141 8809 -16866
9142 8877 -16994
9143 8861 -16938
9144 8757 -16686
9145 8705 -16598
9146 8679 -16650
9147 8701 -16734
9148 8627 -16666
9149 8563 -16546
9150 8607 -16674
9151 8691 -16830
9152 8731 -16730
9153 8709 -16694
9154 8743 -16750
9155 8749 -16846
9156 8675 -16666
9157 8749 -16774
9158 8785 -16790
9159 8773 -16822
9160 8873 -17058
9161 8873 -17090
9162 8825 -16982
9163 8717 -16734
9164 8669 -16698
9165 8665 -16694
9166 8667 -16666
9167 8685 -16610
9168 8701 -16838
9169 8715 -16626
9170 8745 -16606
9171 8779 -16626
9172 8779 -16642
9173 8759 -16630
9174 8737 -16590
9175 8711 -16590
9176 8643 -16538
9177 8665 -16598
9178 8659 -16590
9179 8655 -16694
9180 8595 -16562
9181 8557 -16442
9182 8661 -16518
9183 8665 -16526
9184 8715 -16766
9185 8657 -16594
9186 8595 -16562
9187 8571 -16578
9188 8499 -16490
9189 8453 -16418
9190 8451 -16382
9191 8445 -16090
9192 8643 -16546
9193 8711 -16654
9194 8723 -16714
9195 8631 -16610
9196 8745 -16790
9197 8735 -16766
9198 8881 -16998
9199 8903 -17130
9200 8913 -17074
9201 8887 -17010
9202 8847 -16962
9203 8631 -16522
9204 8631 -16498
9205 8713 -16714
9206 8813 -16738
9207 8889 -16906
9208 9033 -17242
9209 8949 -17078
9210 8979 -17102
9211 8939 -17054
9212 8907 -16930
9213 8813 -16662
9214 8839 -16810
9215 8911 -16982
9216 8931 -16998
9217 8977 -17086
9218 8941 -16926
9219 8841 -16822
9220 8753 -16606
9221 8705 -16426
9222 8753 -16618
9223 8801 -16870
9224 8785 -16826
9225 8807 -16870
9226 8845 -16994
9227 8815 -16938
9228 8769 -16826
9229 8769 -16822
9230 8735 -16702
9231 8629 -16602
9232 8641 -16662
9233 8677 -16730
9234 8739 -16766
9235 8723 -16770
9236 8769 -16678
9237 8709 -16658
9238 8587 -16514
9239 8595 -16326
9240 8629 -16374
9241 8695 -16646
9242 8741 -16762
9243 8873 -16886
9244 8807 -16918
9245 8813 -16870
9246 8731 -16734
9247 8705 -16646
9248 8763 -16850
9249 8625 -16438
9250 8657 -16586
9251 8631 -16610
9252 8643 -16430
9253 8713 -16630
9254 8695 -16586
9255 8705 -16582
9256 8691 -16450
9257 8673 -16478
9258 8735 -16622
9259 8707 -16562
9260 8783 -16718
9261 8811 -16850
9262 8791 -16706
9263 8859 -16850
9264 8801 -16670
9265 8861 -16866
9266 8817 -16670
9267 8809 -16778
9268 8863 -16786
9269 8777 -16518
9270 8789 -16806
9271 8799 -16810
9272 8645 -16582
9273 8723 -16846
9274 8631 -16526
9275 8721 -16706
9276 8709 -16542
9277 8729 -16634
9278 8831 -17026
9279 8901 -17126
9280 8819 -17034
9281 8809 -17010
9282 8859 -17158
9283 8771 -16854
9284 8747 -16750
9285 8747 -16814
9286 8679 -16566
9287 8719 -16814
9288 8765 -16906
9289 8753 -16818
9290 8713 -16742
9291 8753 -16786
9292 8705 -16718
9293 8627 -16622
9294 8559 -16370
9295 8711 -16642
9296 8707 -16682
9297 8723 -16778
9298 8719 -16586
9299 8699 -16438
9300 8647 -16494
9301 8719 -16702
9302 8669 -16538
9303 8677 -16598
9304 8595 -16506
9305 8629 -16586
9306 8631 -16502
9307 8697 -16794
9308 8673 -16898
9309 8587 -16550
9310 8697 -16642
9311 8751 -16790
9312 8673 -16514
9313 8719 -16822
9314 8679 -16750
9315 8621 -16594
9316 8615 -16478
9317 8575 -16598
9318 8669 -16790
9319 8511 -16530
9320 8493 -16614
9321 8411 -16490
9322 8513 -16510
9323 8513 -16454
9324 8383 -16186
9325 8419 -16258
9326 8577 -16502
9327 8477 -16398
9328 8569 -16554
9329 8491 -16326
9330 8515 -16414
9331 8551 -16470
9332 8597 -16518
9333 8625 -16658
9334 8691 -16794
9335 8641 -16590
9336 8669 -16642
9337 8717 -16722
9338 8675 -16674
9339 8673 -16598
9340 8631 -16678
9341 8635 -16706
9342 8713 -16890
9343 8675 -16886
9344 8603 -16830
9345 8603 -16738
9346 8581 -16562
9347 8705 -16866
9348 8657 -16770
9349 8675 -16798
9350 8793 -16978
9351 8763 -16990
9352 8755 -16962
9353 8721 -16918
9354 8653 -16822
9355 8671 -16862
9356 8627 -16894
9357 8627 -16838
9358 8735 -16898
9359 8759 -16966
9360 8737 -16934
9361 8713 -16890
9362 8697 -16754
9363 8597 -16530
9364 8611 -16586
9365 8555 -16522
9366 8491 -16458
9367 8507 -16490
9368 8545 -16482
9369 8549 -16590
9370 8639 -16706
9371 8657 -16782
9372 8713 -16650
9373 8745 -16902
9374 8755 -16830
9375 8787 -16990
9376 8703 -16782
9377 8659 -16726
9378 8731 -16862
9379 8715 -16842
9380 8671 -16738
9381 8575 -16570
9382 8543 -16530
9383 8545 -16558
9384 8591 -16798
9385 8549 -16582
9386 8509 -16622
9387 8495 -16562
9388 8413 -16342
9389 8623 -16758
9390 8621 -16874
9391 8579 -16658
9392 8535 -16566
9393 8391 -16510
9394 8427 -16562
9395 8457 -16658
9396 8491 -16718
9397 8549 -16758
9398 8407 -16526
9399 8325 -16502
9400 8331 -16426
9401 8225 -16310
9402 8259 -16386
9403 8345 -16482
9404 8459 -16750
9405 8465 -16850
9406 8453 -16670
9407 8489 -16754
9408 8415 -16498
9409 8353 -16458
9410 8315 -16406
9411 8309 -16498
9412 8211 -16542
9413 8167 -16298
9414 8243 -16374
9415 8159 -16218
9416 8261 -16394
9417 8199 -16186
9418 8223 -16254
9419 8303 -16322
9420 8277 -16414
9421 8253 -16302
9422 8265 -16290
9423 8281 -16350
9424 8381 -16490
9425 8383 -16394
9426 8497 -16690
9427 8639 -16822
9428 8609 -16774
9429 8493 -16578
9430 8391 -16522
9431 8427 -16682
9432 8367 -16514
9433 8301 -16362
9434 8215 -16194
9435 8169 -16130
9436 8251 -16250
9437 8235 -16294
9438 8229 -16278
9439 8355 -16562
9440 8257 -16466
9441 8195 -16322
9442 8251 -16398
9443 8317 -16714
9444 8233 -16514
9445 8109 -16390
9446 8153 -16534
9447 8209 -16642
9448 8163 -16566
9449 8077 -16254
9450 8125 -16234
9451 8101 -16302
9452 8097 -16218
9453 8107 -16062
9454 8179 -16270
9455 8103 -16162
9456 8185 -16126
9457 8291 -16402
9458 8197 -16254
9459 8169 -16270
9460 8127 -16198
9461 8161 -16286
9462 8201 -16310
9463 8277 -16546
9464 8337 -16570
9465 8411 -16646
9466 8313 -16318
9467 8235 -16314
9468 8289 -16470
9469 8315 -16442
9470 8317 -16494
9471 8277 -16298
9472 8321 -16446
9473 8235 -16350
9474 8397 -16538
9475 8447 -16606
9476 8467 -16494
9477 8445 -16414
9478 8447 -16486
9479 8449 -16546
9480 8517 -16558
9481 8545 -16814
9482 8489 -16682
9483 8593 -16582
9484 8581 -16542
9485 8643 -16770
9486 8603 -16582
9487 8663 -16766
9488 8777 -17086
9489 8785 -16926
9490 8805 -16954
9491 8835 -16982
9492 8763 -16770
9493 8769 -16782
9494 8713 -16666
9495 8683 -16638
9496 8585 -16446
9497 8647 -16666
9498 8593 -16750
9499 8497 -16558
9500 8507 -16626
9501 8577 -16726
9502 8595 -16910
9503 8563 -16742
9504 8583 -16762
9505 8555 -16698
9506 8509 -16710
9507 8481 -16710
9508 8427 -16650
9509 8317 -16502
9510 8255 -16378
9511 8327 -16466
9512 8377 -16574
9513 8557 -16966
9514 8591 -16942
9515 8567 -16742
9516 8533 -16606
9517 8625 -16614
9518 8679 -16726
9519 8669 -16730
9520 8673 -16610
9521 8617 -16642
9522 8629 -16658
9523 8605 -16582
9524 8587 -16722
9525 8617 -16782
9526 8593 -16774
9527 8673 -16846
9528 8633 -16754
9529 8571 -16506
9530 8619 -16634
9531 8651 -16598
9532 8587 -16510
9533 8573 -16502
9534 8589 -16338
9535 8671 -16514
9536 8577 -16374
9537 8567 -16602
9538 8629 -16702
9539 8659 -16558
9540 8701 -16606
9541 8635 -16442
9542 8675 -16566
9543 8621 -16470
9544 8801 -16958
9545 8783 -16794
9546 8729 -16670
9547 8895 -16986
9548 8805 -16838
9549 8845 -16866
9550 8777 -16666
9551 8859 -16730
9552 8841 -16694
9553 8875 -16890
9554 8763 -16742
9555 8783 -16794
9556 8717 -16666
9557 8761 -16798
9558 8791 -16786
9559 8743 -16638
9560 8781 -16746
9561 8679 -16578
9562 8691 -16574
9563 8821 -16830
9564 8857 -16726
9565 8903 -16842
9566 8903 -16766
9567 8923 -16958
9568 8883 -16802
9569 8825 -16842
9570 8819 -16854
9571 8783 -16878
9572 8657 -16458
9573 8653 -16314
9574 8639 -16606
9575 8625 -16502
9576 8625 -16414
9577 8683 -16486
9578 8751 -16830
9579 8775 -16766
9580 8741 -16810
9581 8749 -16794
9582 8723 -16830
9583 8625 -16634
9584 8603 -16562
9585 8501 -16554
9586 8609 -16818
9587 8589 -16742
9588 8531 -16634
9589 8643 -16766
9590 8609 -16858
9591 8459 -16502
9592 8551 -16654
9593 8455 -16506
9594 8501 -16582
9595 8535 -16562
9596 8511 -16502
9597 8573 -16702
9598 8517 -16458
9599 8597 -16770
9600 8701 -16910
9601 8671 -16758
9602 8641 -16790
9603 8589 -16694
9604 8495 -16622
9605 8421 -16490
9606 8445 -16526
9607 8377 -16658
9608 8323 -16406
9609 8381 -16442
9610 8407 -16398
9611 8425 -16414
9612 8491 -16702
9613 8523 -16582
9614 8585 -16758
9615 8417 -16574
9616 8443 -16570
9617 8383 -16378
9618 8449 -16558
9619 8547 -16634
9620 8447 -16358
9621 8465 -16522
9622 8421 -16382
9623 8369 -16222
9624 8375 -16426
9625 8293 -16278
9626 8251 -16074
9627 8275 -16150
9628 8397 -16314
9629 8415 -16270
9630 8397 -16254
9631 8539 -16618
9632 8467 -16410
9633 8505 -16454
9634 8547 -16530
9635 8539 -16450
9636 8565 -16462
9637 8495 -16234
9638 8547 -16490
9639 8601 -16538
9640 8387 -16358
9641 8431 -16302
9642 8397 -16194
9643 8461 -16354
9644 8421 -16386
9645 8333 -16234
9646 8335 -16154
9647 8523 -16470
9648 8675 -16810
9649 8593 -16686
9650 8701 -16926
9651 8699 -16790
9652 8691 -16714
9653 8683 -16694
9654 8651 -16694
9655 8577 -16666
9656 8569 -16654
9657 8551 -16574
9658 8527 -16490
9659 8531 -16306
9660 8507 -16326
9661 8593 -16634
9662 8653 -16650
9663 8717 -16810
9664 8879 -17046
9665 8897 -17094
9666 8799 -16954
9667 8719 -16826
9668 8713 -16790
9669 8659 -16702
9670 8655 -16674
9671 8615 -16666
9672 8603 -16554
9673 8557 -16690
9674 8495 -16554
9675 8539 -16550
9676 8595 -16542
9677 8593 -16506
9678 8511 -16390
9679 8521 -16414
9680 8539 -16474
9681 8559 -16410
9682 8565 -16486
9683 8611 -16498
9684 8581 -16542
9685 8597 -16490
9686 8677 -16666
9687 8603 -16462
9688 8587 -16510
9689 8759 -16774
9690 8787 -16714
9691 8829 -16826
9692 8857 -16858
9693 8899 -16922
9694 8983 -17098
9695 8893 -16918
9696 8875 -16906
9697 8829 -16814
9698 8941 -17062
9699 8867 -16798
9700 8721 -16522
9701 8695 -16450
9702 8869 -16926
9703 8787 -16658
9704 8747 -16670
9705 8713 -16546
9706 8599 -16438
9707 8703 -16578
9708 8755 -16830
9709 8761 -16762
9710 8819 -16906
9711 8813 -16974
9712 8735 -16858
9713 8671 -16662
9714 8729 -16678
9715 8679 -16682
9716 8737 -16794
9717 8801 -16970
9718 8785 -16894
9719 8737 -16866
9720 8777 -16798
9721 8783 -16858
9722 8781 -16766
9723 8689 -16686
9724 8575 -16642
9725 8613 -16758
9726 8611 -16710
9727 8551 -16554
9728 8677 -16918
9729 8683 -16994
9730 8533 -16786
9731 8443 -16306
9732 8507 -16422
9733 8487 -16334
9734 8625 -16390
9735 8673 -16638
9736 8719 -16686
9737 8871 -17078
9738 8835 -16918
9739 8765 -16902
9740 8917 -17306
9741 8847 -17098
9742 8831 -17086
9743 8859 -17062
9744 8833 -17022
9745 8681 -16654
9746 8741 -16794
9747 8743 -16790
9748 8741 -16770
9749 8649 -16638
9750 8491 -16394
9751 8615 -16578
9752 8579 -16374
9753 8633 -16426
9754 8875 -16770
9755 8827 -16662
9756 8839 -16750
9757 8779 -16706
9758 8789 -16606
9759 8759 -16526
9760 8729 -16642
9761 8759 -16830
9762 8781 -16706
9763 8783 -16790
9764 8883 -16822
9765 8857 -16790
9766 8835 -16830
9767 8783 -16738
9768 8769 -16554
9769 8855 -16778
9770 8863 -16838
9771 8825 -16802
9772 8853 -16750
9773 8885 -16838
9774 8831 -16750
9775 8779 -16730
9776 8775 -16670
9777 8885 -16930
9778 8873 -16798
9779 8783 -16658
9780 8895 -16754
9781 8953 -16970
9782 8979 -17018
9783 8981 -17042
9784 9019 -17122
9785 8957 -17062
9786 8885 -16910
9787 8951 -16954
9788 9025 -17222
9789 9035 -17210
9790 9059 -17222
9791 8943 -17094
9792 8927 -16990
9793 8915 -16982
9794 8813 -16742
9795 8887 -16930
9796 8897 -16870
9797 8903 -16878
9798 8819 -16818
9799 8763 -16802
9800 8683 -16574
9801 8673 -16538
9802 8761 -16734
9803 8791 -16834
9804 8701 -16754
9805 8733 -16838
9806 8735 -16882
9807 8787 -17214
9808 8761 -17042
9809 8629 -16778
9810 8599 -16754
9811 8559 -16542
9812 8561 -16698
9813 8519 -16490
9814 8449 -16214
9815 8397 -16210
9816 8399 -16202
9817 8425 -16354
9818 8537 -16490
9819 8523 -16530
9820 8537 -16430
9821 8517 -16390
9822 8507 -16630
9823 8539 -16690
9824 8623 -16770
9825 8657 -16826
9826 8573 -16706
9827 8621 -16714
9828 8695 -16846
9829 8765 -16990
9830 8657 -16714
9831 8601 -16526
9832 8585 -16526
9833 8625 -16490
9834 8663 -16522
9835 8651 -16582
9836 8701 -16586
9837 8633 -16562
9838 8549 -16398
9839 8619 -16494
9840 8661 -16646
9841 8631 -16754
9842 8635 -16738
9843 8741 -16994
9844 8771 -16990
9845 8797 -16958
9846 8771 -16750
9847 8605 -16626
9848 8641 -16706
9849 8567 -16486
9850 8625 -16734
9851 8621 -16586
9852 8685 -16710
9853 8667 -16806
9854 8519 -16554
9855 8533 -16506
9856 8565 -16514
9857 8545 -16430
9858 8547 -16522
9859 8587 -16554
9860 8511 -16438
9861 8607 -16662
9862 8537 -16506
9863 8553 -16550
9864 8569 -16442
9865 8705 -16678
9866 8755 -16746
9867 8827 -16858
9868 8815 -16894
9869 8931 -16898
9870 8903 -16814
9871 8993 -17010
9872 9001 -16938
9873 8983 -16970
9874 8961 -16914
9875 9007 -17018
9876 8961 -16970
9877 8937 -16946
9878 8897 -16794
9879 8973 -16946
9880 8951 -16914
9881 8909 -16830
9882 8927 -16890
9883 9045 -17058
9884 9077 -17154
9885 9031 -17062
9886 8999 -17038
9887 9029 -16974
9888 8897 -16722
9889 8889 -16718
9890 8891 -16846
9891 8977 -17022
9892 8851 -16766
9893 8907 -16866
9894 8783 -16678
9895 8835 -16814
9896 8897 -16882
9897 8873 -16834
9898 8881 -16870
9899 8899 -16822
9900 8861 -16794
9901 8797 -16614
9902 8785 -16694
9903 8745 -16734
9904 8765 -16698
9905 8801 -16714
9906 8845 -16918
9907 8859 -16898
9908 8815 -16886
9909 8889 -16942
9910 8827 -16818
9911 8795 -16810
9912 8805 -16766
9913 8709 -16606
9914 8659 -16670
9915 8695 -16690
9916 8671 -16546
9917 8707 -16822
9918 8749 -16666
9919 8799 -16698
9920 8819 -16806
9921 8753 -16758
9922 8739 -16758
9923 8647 -16570
9924 8691 -16622
9925 8693 -16454
9926 8661 -16542
9927 8727 -16674
9928 8793 -16698
9929 8785 -16818
9930 8849 -16970
9931 8809 -16810
9932 8795 -16862
9933 8803 -16970
9934 8849 -16934
9935 8909 -16918
9936 8775 -16650
9937 8851 -16810
9938 8913 -16898
9939 8965 -16958
9940 8977 -17206
9941 8977 -17166
9942 8931 -17158
9943 8891 -17158
9944 8819 -17018
9945 8867 -17018
9946 8831 -16938
9947 8829 -16974
9948 8823 -16910
9949 8837 -16938
9950 8823 -17006
9951 8799 -16902
9952 8777 -16818
9953 8711 -16806
9954 8713 -16786
9955 8819 -16982
9956 8683 -16710
9957 8699 -16714
9958 8657 -16614
9959 8809 -16890
9960 8827 -16890
9961 8949 -17242
9962 8943 -17194
9963 8769 -16814
9964 8811 -16822
9965 8715 -16566
9966 8813 -16770
9967 8747 -16642
9968 8839 -16946
9969 8893 -17014
9970 8845 -16942
9971 8811 -16846
9972 8775 -16622
9973 8861 -16930
9974 8911 -16990
9975 8937 -16966
9976 8815 -16638
9977 8791 -16602
9978 8865 -16902
9979 8915 -16886
9980 9015 -17082
9981 8927 -16950
9982 8921 -16906
9983 8935 -17054
9984 8911 -17030
9985 8863 -16794
9986 8817 -16778
9987 8809 -16762
9988 8789 -16894
9989 8785 -16914
9990 8739 -16742
9991 8829 -16834
9992 8859 -16862
9993 9035 -17230
9994 8879 -17026
9995 8851 -16914
9996 8849 -16862
9997 8879 -16886
9998 8953 -16962
9999 8899 -16974
