0 9809 -18970
1 9677 -18590
2 9611 -18418
3 9475 -18050
4 9399 -17822
5 9331 -17646
6 9227 -17494
7 9161 -17306
8 8971 -16822
9 8989 -16910
10 9049 -17150
11 9125 -17350
12 9131 -17350
13 9121 -17446
14 9025 -17138
15 9073 -17202
16 9021 -17198
17 9011 -17066
18 8941 -16942
19 8863 -16774
20 8823 -16866
21 8779 -16778
22 8863 -17058
23 8873 -16954
24 8807 -16798
25 8789 -16846
26 8791 -16790
27 8755 -16766
28 8741 -16738
29 8795 -16886
30 8683 -16534
31 8661 -16518
32 8731 -16730
33 8777 -16842
34 8853 -16898
35 8871 -16898
36 9001 -17250
37 9087 -17382
38 9123 -17338
39 9029 -17102
40 9003 -17002
41 8999 -17130
42 9025 -17142
43 8955 -17078
44 8805 -16706
45 8799 -16802
46 8875 -16878
47 8893 -16902
48 8717 -16730
49 8867 -16930
50 8859 -16854
51 8831 -16786
52 8849 -16798
53 8851 -16806
54 8817 -16754
55 8763 -16654
56 8811 -16694
57 8901 -16934
58 8859 -16890
59 8943 -17074
60 8993 -17074
61 8839 -16886
62 8831 -16766
63 8689 -16478
64 8567 -16374
65 8613 -16502
66 8557 -16322
67 8633 -16574
68 8697 -16558
69 8761 -16690
70 8803 -16818
71 8791 -16898
72 8783 -16882
73 8811 -16950
74 8807 -16966
75 8857 -16838
76 8823 -16722
77 8819 -16710
78 8811 -16830
79 8823 -16786
80 8865 -16874
81 8875 -16914
82 8781 -16762
83 8849 -16670
84 8769 -16650
85 8819 -16758
86 8823 -16602
87 8833 -16730
88 8937 -16934
89 8935 -16810
90 8901 -16778
91 8853 -16718
92 8915 -16854
93 8893 -16762
94 8909 -16910
95 8907 -16870
96 8971 -16946
97 8923 -16886
98 8901 -16810
99 8879 -16646
100 8811 -16530
101 8789 -16646
102 8827 -16690
103 8877 -16926
104 8895 -16822
105 8987 -16974
106 8957 -16982
107 8997 -17174
108 9055 -17214
109 9033 -17102
110 8999 -17066
111 9039 -17198
112 9001 -17102
113 9035 -17094
114 9119 -17390
115 9151 -17470
116 9143 -17438
117 8993 -17054
118 8937 -17058
119 8985 -17154
120 9021 -17250
121 8855 -16890
122 8787 -16742
123 8777 -16782
124 8805 -16850
125 8825 -16818
126 8667 -16454
127 8731 -16666
128 8717 -16722
129 8701 -16590
130 8723 -16718
131 8813 -16986
132 8819 -16950
133 8867 -17010
134 8831 -17062
135 8663 -16706
136 8757 -16966
137 8781 -16962
138 8787 -16946
139 8709 -16738
140 8635 -16682
141 8517 -16514
142 8571 -16614
143 8617 -16634
144 8611 -16586
145 8691 -16770
146 8693 -16814
147 8779 -17026
148 8675 -16638
149 8743 -16862
150 8709 -16826
151 8695 -16638
152 8713 -16790
153 8733 -16834
154 8713 -16698
155 8743 -16850
156 8863 -17070
157 8877 -17010
158 8859 -17002
159 8847 -16978
160 8819 -16802
161 8833 -16930
162 8893 -17106
163 8909 -17074
164 8929 -16934
165 8923 -16922
166 8889 -16762
167 8961 -16938
168 9011 -17174
169 8877 -16858
170 8989 -17038
171 8967 -17022
172 8967 -17034
173 8931 -16994
174 8921 -17042
175 8971 -16998
176 9029 -17234
177 9021 -17078
178 8935 -16942
179 8961 -16994
180 8903 -16854
181 8931 -16826
182 9049 -17042
183 8921 -16802
184 8891 -16798
185 8911 -16922
186 8939 -17066
187 9017 -17266
188 9011 -17274
189 9053 -17322
190 9013 -17234
191 8919 -16946
192 8983 -17022
193 8963 -17086
194 9045 -17298
195 8983 -17050
196 8937 -16862
197 8959 -16922
198 8955 -16890
199 8973 -17050
200 8893 -16842
201 9003 -17130
202 8945 -16986
203 9035 -17206
204 9025 -17026
205 8947 -16990
206 8887 -16830
207 8989 -17238
208 8887 -16906
209 8897 -16898
210 9013 -17114
211 8957 -17070
212 8981 -17130
213 8993 -17026
214 8979 -16962
215 8953 -16922
216 9037 -17274
217 8919 -16930
218 8911 -16886
219 8861 -16902
220 8951 -17034
221 9039 -17154
222 8951 -17054
223 8971 -17098
224 8985 -17114
225 9049 -17134
226 9031 -17134
227 9021 -17138
228 9097 -17282
229 9093 -17246
230 9129 -17146
231 9139 -17258
232 9169 -17426
233 9069 -17266
234 9121 -17238
235 9169 -17414
236 9057 -17170
237 8951 -16994
238 8895 -16866
239 8849 -16826
240 8885 -16882
241 8855 -16858
242 8871 -16886
243 8909 -17050
244 8877 -16898
245 8867 -16842
246 8825 -16754
247 8855 -16974
248 8881 -16986
249 8863 -16882
250 8927 -16954
251 8947 -16914
252 9031 -17202
253 8977 -17006
254 8929 -16942
255 8943 -17010
256 8847 -16858
257 8823 -16798
258 8861 -16870
259 8869 -16870
260 8911 -16998
261 8823 -16846
262 8817 -16882
263 8871 -16914
264 8803 -16810
265 8873 -17026
266 8837 -16842
267 9011 -17142
268 8921 -16942
269 8897 -16878
270 8951 -17102
271 8807 -16826
272 8837 -16758
273 8813 -16782
274 8787 -16846
275 8817 -16966
276 8845 -16962
277 8879 -16942
278 8805 -16722
279 8827 -16790
280 8923 -16990
281 8881 -16970
282 8781 -16814
283 8807 -16854
284 8705 -16634
285 8697 -16490
286 8829 -16894
287 8773 -16790
288 8709 -16610
289 8629 -16634
290 8723 -16886
291 8597 -16622
292 8607 -16630
293 8545 -16462
294 8519 -16450
295 8461 -16270
296 8397 -16294
297 8441 -16414
298 8505 -16362
299 8519 -16294
300 8639 -16558
301 8717 -16710
302 8789 -16786
303 8773 -16794
304 8715 -16654
305 8775 -16818
306 8717 -16710
307 8749 -16726
308 8777 -16818
309 8793 -16834
310 8777 -16842
311 8719 -16766
312 8723 -16802
313 8765 -16686
314 8763 -16690
315 8787 -16754
316 8823 -16782
317 8789 -16714
318 8847 -16914
319 8859 -16842
320 8919 -16954
321 8893 -17062
322 8869 -16926
323 8801 -16826
324 8767 -16702
325 8805 -16866
326 8799 -16822
327 8699 -16818
328 8719 -16830
329 8759 -16938
330 8699 -16790
331 8659 -16654
332 8705 -16782
333 8649 -16810
334 8689 -16906
335 8605 -16762
336 8599 -16834
337 8589 -16798
338 8659 -16926
339 8681 -16710
340 8639 -16598
341 8569 -16614
342 8565 -16562
343 8569 -16694
344 8627 -16510
345 8661 -16666
346 8663 -16570
347 8601 -16410
348 8759 -16746
349 8791 -16886
350 8813 -16938
351 8737 -16814
352 8713 -16866
353 8627 -16598
354 8531 -16426
355 8669 -16658
356 8721 -16686
357 8809 -16810
358 8701 -16686
359 8633 -16622
360 8699 -16726
361 8731 -16894
362 8651 -16774
363 8597 -16722
364 8525 -16718
365 8637 -16814
366 8563 -16502
367 8549 -16594
368 8571 -16654
369 8601 -16694
370 8607 -16714
371 8635 -16682
372 8597 -16754
373 8607 -16890
374 8613 -16862
375 8661 -16846
376 8619 -16866
377 8569 -16774
378 8561 -16902
379 8519 -16898
380 8431 -16786
381 8439 -16754
382 8449 -16898
383 8431 -16638
384 8457 -16634
385 8421 -16698
386 8491 -16702
387 8301 -16474
388 8357 -16742
389 8335 -16662
390 8293 -16558
391 8245 -16614
392 8331 -16722
393 8335 -16790
394 8259 -16586
395 8327 -16554
396 8365 -16618
397 8387 -16630
398 8455 -16522
399 8497 -16666
400 8455 -16602
401 8481 -16510
402 8477 -16566
403 8415 -16482
404 8477 -16646
405 8443 -16574
406 8463 -16694
407 8423 -16594
408 8357 -16518
409 8425 -16590
410 8475 -16838
411 8477 -16762
412 8475 -16718
413 8443 -16630
414 8485 -16778
415 8485 -16654
416 8495 -16634
417 8465 -16646
418 8415 -16550
419 8421 -16570
420 8437 -16418
421 8507 -16590
422 8631 -16906
423 8553 -16798
424 8601 -16910
425 8605 -16966
426 8539 -16842
427 8507 -16834
428 8507 -16754
429 8461 -16574
430 8463 -16534
431 8497 -16594
432 8493 -16654
433 8489 -16682
434 8489 -16598
435 8513 -16722
436 8411 -16602
437 8573 -16974
438 8565 -16878
439 8633 -17246
440 8597 -17114
441 8571 -16894
442 8551 -16810
443 8549 -16846
444 8493 -16754
445 8543 -16742
446 8563 -16934
447 8603 -17086
448 8579 -16954
449 8557 -16930
450 8483 -16766
451 8575 -16902
452 8635 -16938
453 8705 -17034
454 8691 -17098
455 8721 -17310
456 8811 -17394
457 8711 -17154
458 8679 -16938
459 8753 -16998
460 8721 -16918
461 8649 -16770
462 8665 -16758
463 8731 -16878
464 8677 -16834
465 8767 -16986
466 8753 -16978
467 8695 -16794
468 8675 -16730
469 8735 -16834
470 8759 -16934
471 8803 -17062
472 8847 -17278
473 8727 -16918
474 8801 -16906
475 8767 -16834
476 8855 -16922
477 8881 -16926
478 8903 -17034
479 8845 -16882
480 8763 -16650
481 8691 -16518
482 8653 -16570
483 8651 -16526
484 8647 -16550
485 8661 -16598
486 8677 -16742
487 8733 -16782
488 8829 -16818
489 8809 -16826
490 8773 -16846
491 8691 -16578
492 8749 -16570
493 8815 -16814
494 8777 -16774
495 8791 -16770
496 8773 -16770
497 8721 -16642
498 8733 -16666
499 8797 -16694
500 8789 -16722
501 8761 -16706
502 8719 -16714
503 8813 -16818
504 8859 -16886
505 8721 -16638
506 8731 -16686
507 8841 -16998
508 8875 -17014
509 8859 -16950
510 8799 -16802
511 8791 -16826
512 8713 -16742
513 8793 -16730
514 8841 -16822
515 8851 -16822
516 8873 -16902
517 8917 -16934
518 8887 -16918
519 9041 -17218
520 8987 -17038
521 8943 -17094
522 8849 -16798
523 8777 -16814
524 8789 -16890
525 8875 -16958
526 8899 -17094
527 8893 -17078
528 8823 -16746
529 8871 -16894
530 8903 -16878
531 8925 -16918
532 8869 -16942
533 8883 -16942
534 8883 -16994
535 8865 -16974
536 8929 -17198
537 8889 -16914
538 9025 -17190
539 9077 -17378
540 9007 -17130
541 9059 -17258
542 9045 -17266
543 9047 -17162
544 8935 -17026
545 8893 -17070
546 8913 -17034
547 8937 -16962
548 8875 -16962
549 8981 -17070
550 8927 -16982
551 8933 -16866
552 8983 -17070
553 8981 -17090
554 8985 -17034
555 8873 -16846
556 8835 -16818
557 8891 -16906
558 8913 -17054
559 8887 -17066
560 8965 -17046
561 9043 -17202
562 8967 -16974
563 9029 -17162
564 8951 -16910
565 8873 -16798
566 8937 -16890
567 8929 -16938
568 8967 -16958
569 8931 -16810
570 8871 -16554
571 8923 -16854
572 8879 -16802
573 9011 -16994
574 8943 -16850
575 8841 -16658
576 8871 -16890
577 8863 -16750
578 8855 -16730
579 8929 -16862
580 8913 -16882
581 8905 -16934
582 9003 -17270
583 8855 -16966
584 8861 -17058
585 8919 -17026
586 8873 -16998
587 8859 -16906
588 8913 -17190
589 8829 -16986
590 8785 -16958
591 8817 -17042
592 8725 -16754
593 8789 -16850
594 8775 -16810
595 8729 -16838
596 8733 -16758
597 8785 -17114
598 8735 -16830
599 8703 -16742
600 8745 -16798
601 8773 -16834
602 8771 -16834
603 8673 -16654
604 8583 -16586
605 8567 -16694
606 8629 -16786
607 8517 -16626
608 8467 -16706
609 8519 -16710
610 8621 -16962
611 8501 -16758
612 8505 -16706
613 8557 -16742
614 8475 -16578
615 8521 -16646
616 8553 -16670
617 8611 -16810
618 8567 -16718
619 8603 -16794
620 8579 -16834
621 8591 -16718
622 8593 -16626
623 8611 -16686
624 8699 -16974
625 8677 -16946
626 8695 -16934
627 8669 -16994
628 8727 -17078
629 8759 -17158
630 8677 -16954
631 8729 -17134
632 8735 -16958
633 8741 -17014
634 8691 -16794
635 8799 -17018
636 8783 -16914
637 8705 -16606
638 8717 -16610
639 8801 -16906
640 8755 -16810
641 8677 -16570
642 8745 -16762
643 8749 -16754
644 8667 -16718
645 8567 -16494
646 8629 -16678
647 8639 -16790
648 8677 -16790
649 8629 -16658
650 8693 -16890
651 8769 -17054
652 8755 -17074
653 8883 -17098
654 8841 -17078
655 8711 -16762
656 8695 -16650
657 8855 -16886
658 8869 -16922
659 8861 -16890
660 8865 -16726
661 8971 -17094
662 8823 -16814
663 8901 -17018
664 8991 -17238
665 8981 -17066
666 8953 -16926
667 8967 -17058
668 8927 -16906
669 8909 -16874
670 8913 -16858
671 8909 -16794
672 8837 -16666
673 8873 -16670
674 8863 -16690
675 8945 -16926
676 9011 -17146
677 8985 -17098
678 8969 -17058
679 8989 -17102
680 9011 -17066
681 8993 -17078
682 9093 -17406
683 9081 -17342
684 9087 -17310
685 9101 -17374
686 9069 -17170
687 9085 -17230
688 9091 -17306
689 9025 -17330
690 9069 -17418
691 8971 -17110
692 8901 -17050
693 8895 -17066
694 8879 -17078
695 8875 -16990
696 8889 -17038
697 8845 -17046
698 8773 -16810
699 8797 -16814
700 8819 -16854
701 8773 -16702
702 8775 -16698
703 8835 -16882
704 8829 -16846
705 8917 -16970
706 8927 -17074
707 8877 -16966
708 8969 -17114
709 8975 -17026
710 9037 -17118
711 8995 -17182
712 8935 -16958
713 8919 -16894
714 8933 -16942
715 8923 -16910
716 8907 -16838
717 8915 -16818
718 9011 -17026
719 8927 -16966
720 9059 -17226
721 9041 -17142
722 9031 -16978
723 8991 -16894
724 9025 -17106
725 8927 -16690
726 8907 -16882
727 8921 -16782
728 8997 -16922
729 9025 -17046
730 9021 -17054
731 9043 -17166
732 9137 -17370
733 9085 -17274
734 9101 -17262
735 9067 -17258
736 8987 -17122
737 8931 -17098
738 8955 -17198
739 8903 -16890
740 8949 -17010
741 8865 -16854
742 8833 -16694
743 8875 -16862
744 8815 -16806
745 8819 -16730
746 8833 -16862
747 8867 -16854
748 8979 -17186
749 8995 -17098
750 9015 -17142
751 8973 -17098
752 8991 -17070
753 8867 -16882
754 8895 -16938
755 8785 -16730
756 8853 -16934
757 8827 -16822
758 8931 -17090
759 8821 -16782
760 8827 -16714
761 8859 -16766
762 8803 -16698
763 8841 -16830
764 8847 -16914
765 8941 -17126
766 8955 -17214
767 8749 -16838
768 8785 -16762
769 8761 -16634
770 8823 -16802
771 8769 -16714
772 8835 -16898
773 8843 -16858
774 8917 -16974
775 8887 -16970
776 8933 -16974
777 8891 -16934
778 8811 -16766
779 8769 -16794
780 8797 -16770
781 8797 -16818
782 8725 -16642
783 8823 -16802
784 8827 -16846
785 8845 -16902
786 8837 -16906
787 8865 -16878
788 8927 -17038
789 8885 -16946
790 8845 -16886
791 8829 -16870
792 8865 -16926
793 8855 -16730
794 8841 -16878
795 8753 -16658
796 8811 -16894
797 8701 -16606
798 8705 -16798
799 8771 -17070
800 8721 -16758
801 8775 -16822
802 8789 -16870
803 8883 -17098
804 8913 -17086
805 8841 -17014
806 8823 -16894
807 8821 -16818
808 8935 -17038
809 9009 -17174
810 8891 -16906
811 8941 -17178
812 8811 -16902
813 8747 -16634
814 8939 -17166
815 9101 -17514
816 8987 -17198
817 8997 -17150
818 9033 -17406
819 8995 -17218
820 8981 -17098
821 9067 -17350
822 8909 -16934
823 8935 -17102
824 9009 -17354
825 9007 -17274
826 8967 -17350
827 8999 -17374
828 9001 -17354
829 8955 -17178
830 8961 -17138
831 8963 -17242
832 8969 -17242
833 8959 -17170
834 8955 -17190
835 8925 -17078
836 8903 -17034
837 8839 -16806
838 8879 -17038
839 8939 -17130
840 8831 -16886
841 8833 -16938
842 8815 -16966
843 8861 -17014
844 8839 -16762
845 8897 -16962
846 8853 -16854
847 8903 -17006
848 8881 -16946
849 8985 -17066
850 8983 -17106
851 8947 -17142
852 8939 -17058
853 8941 -17086
854 8837 -16922
855 8779 -16738
856 8823 -16862
857 8853 -16866
858 8905 -16902
859 8887 -16986
860 8977 -17062
861 8947 -16970
862 9001 -17022
863 9065 -17154
864 9067 -17234
865 9103 -17278
866 9033 -17090
867 9089 -17322
868 9097 -17242
869 9165 -17442
870 9081 -17306
871 9025 -17074
872 9049 -17198
873 9133 -17458
874 9169 -17458
875 9131 -17266
876 9177 -17502
877 9223 -17618
878 9221 -17470
879 9129 -17206
880 9187 -17402
881 9209 -17382
882 9141 -17254
883 9147 -17390
884 9145 -17342
885 9125 -17290
886 9149 -17414
887 9155 -17438
888 9025 -17110
889 9013 -17022
890 8975 -16970
891 9001 -17034
892 9063 -17150
893 9177 -17318
894 9147 -17342
895 9149 -17346
896 9151 -17394
897 9101 -17254
898 9021 -17042
899 8967 -16922
900 8957 -16962
901 8995 -17066
902 8979 -17022
903 9005 -17130
904 8907 -16886
905 8803 -16786
906 8921 -16986
907 8847 -16750
908 8799 -16834
909 8823 -16758
910 8969 -17230
911 8915 -17062
912 8881 -16846
913 8871 -16938
914 8889 -16942
915 8977 -16918
916 9011 -17006
917 8945 -16950
918 8995 -17218
919 8951 -17014
920 8889 -16890
921 8847 -16826
922 8891 -16758
923 8933 -17002
924 8861 -16742
925 8925 -16978
926 8817 -16794
927 8871 -16914
928 8831 -16918
929 8905 -17150
930 8841 -16982
931 8899 -17030
932 8857 -16918
933 8921 -17078
934 8849 -16994
935 8909 -17170
936 8857 -16982
937 8765 -16898
938 8761 -16902
939 8781 -16974
940 8699 -16734
941 8669 -16766
942 8631 -16690
943 8559 -16606
944 8649 -16726
945 8625 -16666
946 8647 -16470
947 8831 -16778
948 8825 -16806
949 8875 -16862
950 8889 -17162
951 8911 -17098
952 8899 -17154
953 8957 -17174
954 9027 -17250
955 9027 -17374
956 9013 -17318
957 9027 -17210
958 9017 -17254
959 9013 -17106
960 9043 -17266
961 8945 -17062
962 8975 -16970
963 8889 -16878
964 9007 -17170
965 8951 -17142
966 8951 -17014
967 8973 -17078
968 8899 -16954
969 8889 -16958
970 8923 -16954
971 9009 -17106
972 8935 -16902
973 8943 -16970
974 8943 -17022
975 8871 -16846
976 8817 -16822
977 8747 -16598
978 8757 -16654
979 8683 -16650
980 8755 -16734
981 8661 -16710
982 8743 -16674
983 8681 -16574
984 8735 -16678
985 8721 -16734
986 8843 -16958
987 8879 -16882
988 8875 -16890
989 8891 -16910
990 8933 -17098
991 8963 -17170
992 8957 -17058
993 9039 -17190
994 9023 -17118
995 8965 -16922
996 8939 -16878
997 8973 -17022
998 8991 -16990
999 8917 -16846
1000 8869 -16842
1001 8907 -16902
1002 8913 -16858
1003 8959 -17134
1004 8835 -16814
1005 8831 -16630
1006 8871 -16786
1007 8825 -16722
1008 8901 -16970
1009 8837 -16942
1010 8901 -17086
1011 9013 -17230
1012 8941 -17058
1013 8859 -17034
1014 8769 -16922
1015 8779 -16738
1016 8711 -16470
1017 8731 -16546
1018 8725 -16554
1019 8885 -16910
1020 8967 -17118
1021 8981 -17170
1022 8939 -16998
1023 8859 -16830
1024 8959 -17138
1025 8923 -17054
1026 8805 -16722
1027 8851 -16850
1028 8749 -16842
1029 8673 -16530
1030 8741 -16694
1031 8737 -16938
1032 8737 -16994
1033 8797 -17006
1034 8823 -16942
1035 8871 -16974
1036 8799 -16894
1037 8685 -16574
1038 8861 -17126
1039 8869 -17022
1040 8813 -16774
1041 8877 -16970
1042 8881 -17026
1043 8847 -16958
1044 8833 -16774
1045 8801 -16862
1046 8813 -16866
1047 8813 -16786
1048 8743 -16710
1049 8661 -16574
1050 8671 -16590
1051 8671 -16690
1052 8633 -16754
1053 8665 -16654
1054 8599 -16446
1055 8755 -16778
1056 8737 -16738
1057 8715 -16818
1058 8639 -16690
1059 8595 -16534
1060 8627 -16606
1061 8675 -16570
1062 8687 -16618
1063 8771 -16938
1064 8759 -16918
1065 8689 -16790
1066 8655 -16686
1067 8713 -16626
1068 8709 -16566
1069 8793 -16790
1070 8783 -16674
1071 8813 -16842
1072 8857 -16910
1073 8879 -16954
1074 8799 -16750
1075 8697 -16634
1076 8711 -16818
1077 8701 -16734
1078 8591 -16650
1079 8627 -16762
1080 8575 -16710
1081 8667 -16746
1082 8725 -16874
1083 8649 -16706
1084 8775 -16902
1085 8797 -16946
1086 8797 -16922
1087 8725 -16842
1088 8749 -16878
1089 8733 -16906
1090 8715 -16870
1091 8695 -16818
1092 8661 -16650
1093 8607 -16602
1094 8639 -16458
1095 8773 -16798
1096 8759 -16722
1097 8757 -16870
1098 8831 -16978
1099 8789 -16990
1100 8783 -16986
1101 8773 -16986
1102 8719 -16758
1103 8697 -16746
1104 8641 -16686
1105 8605 -16554
1106 8739 -16974
1107 8663 -16738
1108 8719 -16878
1109 8709 -16894
1110 8767 -16986
1111 8727 -16822
1112 8721 -16882
1113 8753 -17014
1114 8781 -16938
1115 8849 -17170
1116 8701 -16794
1117 8761 -16886
1118 8685 -16750
1119 8723 -16806
1120 8721 -16694
1121 8731 -16882
1122 8717 -16938
1123 8671 -16618
1124 8471 -16178
1125 8441 -16422
1126 8569 -16434
1127 8625 -16638
1128 8635 -16506
1129 8667 -16622
1130 8697 -16554
1131 8663 -16550
1132 8715 -16622
1133 8769 -16838
1134 8713 -16782
1135 8705 -16678
1136 8727 -16682
1137 8801 -16942
1138 8889 -17174
1139 8875 -17218
1140 8789 -17038
1141 8675 -16830
1142 8721 -16994
1143 8735 -16898
1144 8769 -16926
1145 8693 -16782
1146 8703 -16822
1147 8717 -17002
1148 8585 -16794
1149 8587 -16606
1150 8629 -16754
1151 8663 -16838
1152 8587 -16526
1153 8633 -16794
1154 8595 -16618
1155 8617 -16686
1156 8565 -16638
1157 8639 -16762
1158 8529 -16438
1159 8515 -16462
1160 8475 -16390
1161 8527 -16386
1162 8461 -16278
1163 8551 -16474
1164 8587 -16766
1165 8513 -16430
1166 8535 -16438
1167 8621 -16690
1168 8599 -16670
1169 8607 -16786
1170 8645 -16802
1171 8629 -16786
1172 8625 -16746
1173 8639 -16718
1174 8657 -16722
1175 8683 -16774
1176 8777 -16874
1177 8693 -16754
1178 8587 -16698
1179 8597 -16606
1180 8671 -16634
1181 8711 -16614
1182 8739 -16882
1183 8805 -17014
1184 8713 -16814
1185 8745 -16874
1186 8691 -16746
1187 8701 -16862
1188 8675 -16790
1189 8699 -16678
1190 8655 -16650
1191 8777 -16846
1192 8793 -16902
1193 8817 -16906
1194 8755 -16770
1195 8829 -16826
1196 8829 -16942
1197 8773 -16862
1198 8743 -16698
1199 8869 -16970
1200 8735 -16778
1201 8827 -16938
1202 8843 -16994
1203 8923 -17022
1204 8959 -17162
1205 8905 -17030
1206 8871 -16850
1207 8937 -17034
1208 8885 -16970
1209 8917 -16890
1210 8889 -16890
1211 8887 -16926
1212 8875 -17082
1213 8869 -16986
1214 8795 -16910
1215 8637 -16634
1216 8723 -16682
1217 8637 -16582
1218 8747 -16746
1219 8745 -16622
1220 8591 -16406
1221 8639 -16366
1222 8717 -16546
1223 8787 -16666
1224 8759 -16502
1225 8731 -16574
1226 8859 -16742
1227 8817 -16774
1228 8821 -16818
1229 8827 -16958
1230 8839 -16938
1231 8911 -17002
1232 8937 -17198
1233 8915 -17086
1234 8885 -17018
1235 8925 -17170
1236 8843 -16878
1237 8883 -17010
1238 8913 -16986
1239 8957 -17066
1240 8877 -16802
1241 8783 -16642
1242 8971 -17026
1243 9019 -17038
1244 9085 -17254
1245 9135 -17302
1246 9099 -17238
1247 9105 -17326
1248 9093 -17270
1249 8979 -17086
1250 8941 -17046
1251 8857 -16818
1252 8903 -16930
1253 8911 -16878
1254 8791 -16774
1255 8783 -16754
1256 8829 -16758
1257 8887 -16914
1258 8945 -16970
1259 8929 -16902
1260 8961 -16970
1261 8991 -17074
1262 8871 -16882
1263 8887 -16998
1264 8953 -17174
1265 8981 -17122
1266 9079 -17330
1267 9073 -17314
1268 9079 -17242
1269 9017 -17110
1270 9051 -17138
1271 9077 -17306
1272 9041 -17146
1273 8917 -16842
1274 8837 -16818
1275 8911 -16954
1276 9059 -17242
1277 9035 -17166
1278 8921 -16870
1279 8855 -16790
1280 8887 -16862
1281 8911 -16874
1282 8923 -16906
1283 8929 -16958
1284 8967 -17018
1285 8943 -16918
1286 8977 -17026
1287 8965 -16938
1288 8975 -16974
1289 8979 -17130
1290 8875 -16866
1291 8947 -16978
1292 8999 -17250
1293 8885 -17038
1294 9035 -17142
1295 9009 -17110
1296 9063 -17114
1297 9087 -17274
1298 8979 -17058
1299 9089 -17350
1300 9083 -17326
1301 9009 -17210
1302 9051 -17170
1303 9027 -17066
1304 9001 -17010
1305 9111 -17314
1306 9091 -17170
1307 9161 -17378
1308 9213 -17570
1309 9119 -17238
1310 9111 -17238
1311 9087 -17262
1312 9077 -17242
1313 9127 -17374
1314 9019 -17154
1315 9009 -17030
1316 9105 -17314
1317 9067 -17070
1318 9013 -16854
1319 9057 -17014
1320 8949 -16838
1321 8941 -16958
1322 8859 -16646
1323 8917 -16846
1324 8919 -16986
1325 9031 -17162
1326 9005 -17150
1327 9111 -17390
1328 9059 -17310
1329 9091 -17354
1330 9001 -17126
1331 8889 -16994
1332 8763 -16714
1333 8879 -16866
1334 8871 -16958
1335 8879 -16974
1336 9007 -17222
1337 9013 -17342
1338 8973 -17134
1339 8923 -17010
1340 8893 -17010
1341 8817 -16874
1342 8917 -16946
1343 9005 -17222
1344 8997 -17286
1345 9025 -17142
1346 9009 -17018
1347 8979 -16934
1348 8929 -17002
1349 8825 -16682
1350 8841 -16742
1351 8805 -16678
1352 8783 -16710
1353 8783 -16618
1354 8831 -16806
1355 8807 -16926
1356 8771 -16814
1357 8885 -16962
1358 8881 -16966
1359 8845 -16842
1360 8847 -16782
1361 8959 -17030
1362 8915 -16886
1363 8883 -16918
1364 8869 -16858
1365 8825 -16934
1366 8713 -16654
1367 8751 -16778
1368 8775 -16898
1369 8795 -16770
1370 8757 -16806
1371 8863 -16958
1372 8983 -17214
1373 8923 -17086
1374 8887 -16906
1375 8873 -16902
1376 8843 -16858
1377 8801 -16906
1378 8851 -16942
1379 8781 -17006
1380 8733 -16758
1381 8765 -16794
1382 8749 -16698
1383 8677 -16550
1384 8697 -16658
1385 8723 -16918
1386 8691 -16682
1387 8721 -16742
1388 8741 -16718
1389 8689 -16642
1390 8767 -16754
1391 8795 -16854
1392 8845 -16926
1393 8867 -16922
1394 8809 -16766
1395 8825 -16826
1396 9017 -17222
1397 9001 -17194
1398 9007 -17090
1399 8999 -17122
1400 8905 -16878
1401 8987 -17038
1402 8999 -17126
1403 9001 -17130
1404 9001 -17074
1405 8913 -16922
1406 8947 -17018
1407 8983 -17342
1408 8989 -17254
1409 8971 -17038
1410 8883 -16966
1411 8855 -16834
1412 8831 -16882
1413 8745 -16654
1414 8805 -16702
1415 8833 -16774
1416 8807 -16870
1417 8805 -16866
1418 8829 -16938
1419 8823 -16838
1420 8819 -16746
1421 8847 -16862
1422 8985 -17182
1423 8947 -17122
1424 8887 -16978
1425 8771 -16686
1426 8803 -16670
1427 8873 -16774
1428 8887 -16886
1429 8839 -16746
1430 8815 -16798
1431 8961 -17082
1432 8971 -17054
1433 8799 -16634
1434 8835 -16734
1435 8829 -16710
1436 8767 -16566
1437 8849 -16862
1438 8839 -16898
1439 8889 -17038
1440 8805 -16858
1441 8755 -16694
1442 8795 -16818
1443 8819 -16854
1444 8849 -16922
1445 8871 -16998
1446 8823 -16922
1447 8851 -16866
1448 8865 -16902
1449 8925 -16970
1450 8969 -17014
1451 8933 -17022
1452 8879 -16842
1453 8869 -16822
1454 8825 -16818
1455 8869 -16838
1456 8865 -16970
1457 8787 -16830
1458 8839 -16862
1459 8735 -16754
1460 8731 -16702
1461 8831 -17014
1462 8823 -17022
1463 8859 -16950
1464 8915 -16926
1465 8881 -16910
1466 8805 -16890
1467 8781 -16610
1468 8835 -16726
1469 8835 -16834
1470 8847 -16914
1471 8889 -16994
1472 8723 -16554
1473 8773 -16754
1474 8843 -16758
1475 8937 -17006
1476 8941 -16958
1477 8979 -17082
1478 8973 -17094
1479 8985 -17114
1480 9029 -17258
1481 9017 -17126
1482 8997 -17146
1483 8993 -17102
1484 8849 -16854
1485 8957 -17090
1486 8995 -17174
1487 8979 -17086
1488 9127 -17550
1489 9081 -17354
1490 9017 -17178
1491 8989 -17142
1492 8955 -17054
1493 8885 -16950
1494 8903 -16962
1495 8879 -16930
1496 8799 -16758
1497 8809 -16906
1498 8753 -16830
1499 8697 -16714
1500 8705 -16690
1501 8647 -16602
1502 8735 -16818
1503 8739 -16698
1504 8793 -16818
1505 8803 -16830
1506 8817 -16862
1507 8943 -17110
1508 8919 -17094
1509 9009 -17230
1510 8949 -17094
1511 8949 -16994
1512 8927 -16978
1513 9029 -17122
1514 8959 -16974
1515 8907 -16878
1516 8895 -16902
1517 8957 -16982
1518 8949 -16914
1519 8977 -17114
1520 8981 -17122
1521 9019 -17186
1522 8915 -17042
1523 8891 -16906
1524 8835 -16734
1525 8935 -16982
1526 8957 -17190
1527 8935 -16986
1528 8973 -17026
1529 8991 -16882
1530 9103 -17154
1531 9071 -17150
1532 9063 -17282
1533 9025 -17118
1534 9047 -17146
1535 8969 -17102
1536 8963 -16986
1537 8937 -17026
1538 8945 -16930
1539 8901 -16894
1540 8911 -17074
1541 8873 -17014
1542 8921 -17086
1543 8805 -16726
1544 8751 -16738
1545 8811 -16758
1546 8897 -17094
1547 8869 -16990
1548 8915 -17058
1549 8883 -17014
1550 8831 -16714
1551 8843 -16646
1552 8903 -16834
1553 8931 -16918
1554 8853 -16758
1555 8847 -16818
1556 8915 -16950
1557 8765 -16758
1558 8751 -16678
1559 8731 -16534
1560 8837 -16738
1561 8867 -16826
1562 8907 -16986
1563 8905 -16982
1564 8913 -16966
1565 8843 -16990
1566 8753 -16746
1567 8773 -16846
1568 8747 -16782
1569 8805 -16974
1570 8793 -16910
1571 8741 -16782
1572 8775 -16854
1573 8673 -16638
1574 8749 -16810
1575 8737 -16806
1576 8773 -16954
1577 8743 -16890
1578 8837 -17010
1579 8777 -17006
1580 8797 -16882
1581 8671 -16614
1582 8743 -16922
1583 8703 -16754
1584 8691 -16834
1585 8825 -16910
1586 8811 -16918
1587 8715 -16666
1588 8615 -16554
1589 8689 -16602
1590 8615 -16538
1591 8583 -16458
1592 8669 -16546
1593 8813 -16790
1594 8831 -16970
1595 8905 -17022
1596 8939 -17182
1597 8861 -16918
1598 8929 -17090
1599 8883 -16934
1600 8911 -16950
1601 8873 -16674
1602 8913 -16894
1603 8993 -17006
1604 8921 -16870
1605 8865 -16814
1606 8899 -16970
1607 8827 -16730
1608 8889 -16914
1609 8827 -16738
1610 8827 -16738
1611 8797 -16634
1612 8825 -16890
1613 8755 -16726
1614 8633 -16414
1615 8585 -16546
1616 8625 -16626
1617 8649 -16602
1618 8527 -16382
1619 8533 -16374
1620 8553 -16554
1621 8637 -16646
1622 8687 -16618
1623 8779 -16730
1624 8775 -16770
1625 8817 -16890
1626 8823 -16978
1627 8781 -16846
1628 8783 -16754
1629 8813 -16786
1630 8861 -16778
1631 8873 -16786
1632 8771 -16866
1633 8759 -16790
1634 8707 -16582
1635 8733 -16650
1636 8783 -16766
1637 8717 -16686
1638 8639 -16558
1639 8725 -16734
1640 8807 -16918
1641 8821 -16946
1642 8751 -16998
1643 8755 -16798
1644 8691 -16662
1645 8835 -16954
1646 8695 -16638
1647 8673 -16562
1648 8691 -16718
1649 8721 -16746
1650 8693 -16658
1651 8731 -16810
1652 8599 -16530
1653 8707 -16682
1654 8731 -16826
1655 8641 -16518
1656 8581 -16470
1657 8699 -16650
1658 8819 -16974
1659 8851 -17042
1660 8837 -16918
1661 8825 -16810
1662 8785 -16766
1663 8761 -16778
1664 8755 -16802
1665 8801 -16802
1666 8835 -16854
1667 8923 -16966
1668 9023 -17146
1669 9009 -17166
1670 9045 -17326
1671 9005 -17222
1672 8859 -16918
1673 8831 -16730
1674 8821 -16814
1675 8895 -16866
1676 8951 -16934
1677 8939 -16918
1678 8997 -17058
1679 9133 -17298
1680 9137 -17390
1681 9065 -17114
1682 8989 -17022
1683 8983 -17022
1684 8985 -16986
1685 9043 -17082
1686 9065 -17066
1687 9053 -17046
1688 9095 -17154
1689 9063 -17122
1690 9071 -17110
1691 9049 -17106
1692 9003 -16942
1693 9029 -17102
1694 9009 -16990
1695 9003 -17154
1696 8903 -16818
1697 8995 -16978
1698 8999 -17090
1699 8917 -16866
1700 8885 -16958
1701 8905 -16950
1702 8871 -16986
1703 8877 -16950
1704 8857 -16834
1705 8865 -16914
1706 8833 -16638
1707 8741 -16630
1708 8719 -16502
1709 8839 -16786
1710 8843 -16954
1711 8773 -16830
1712 8811 -17090
1713 8841 -17014
1714 8807 -16946
1715 8851 -17006
1716 8889 -17166
1717 8831 -17086
1718 8835 -17074
1719 8853 -17110
1720 8773 -16918
1721 8765 -16966
1722 8695 -16866
1723 8755 -16946
1724 8739 -16838
1725 8729 -16842
1726 8747 -16754
1727 8719 -16702
1728 8745 -16814
1729 8779 -16690
1730 8763 -16830
1731 8741 -16862
1732 8741 -16894
1733 8725 -16762
1734 8623 -16786
1735 8691 -16830
1736 8641 -16790
1737 8657 -16806
1738 8549 -16566
1739 8473 -16566
1740 8503 -16702
1741 8587 -16850
1742 8581 -16938
1743 8571 -16814
1744 8611 -16882
1745 8697 -17058
1746 8707 -17086
1747 8645 -16910
1748 8599 -16846
1749 8607 -16926
1750 8633 -16894
1751 8691 -16830
1752 8671 -16850
1753 8739 -17038
1754 8805 -17298
1755 8733 -17050
1756 8781 -17122
1757 8723 -16970
1758 8691 -17090
1759 8715 -17078
1760 8515 -16646
1761 8555 -16706
1762 8647 -16814
1763 8577 -16646
1764 8643 -16830
1765 8605 -16758
1766 8627 -16722
1767 8615 -16750
1768 8693 -16962
1769 8667 -16858
1770 8617 -16870
1771 8571 -16874
1772 8509 -16674
1773 8507 -16706
1774 8611 -16858
1775 8593 -16842
1776 8711 -16934
1777 8707 -16986
1778 8697 -16862
1779 8707 -16858
1780 8567 -16650
1781 8441 -16590
1782 8317 -16430
1783 8463 -16522
1784 8589 -16698
1785 8621 -16766
1786 8655 -16858
1787 8625 -16658
1788 8707 -16874
1789 8705 -16950
1790 8691 -16874
1791 8653 -16726
1792 8625 -16746
1793 8627 -16750
1794 8639 -16734
1795 8591 -16534
1796 8581 -16478
1797 8621 -16678
1798 8625 -16506
1799 8541 -16510
1800 8621 -16614
1801 8757 -16726
1802 8885 -16882
1803 8953 -16846
1804 8993 -17010
1805 8941 -16890
1806 8947 -17018
1807 8841 -16738
1808 8917 -16798
1809 8901 -16758
1810 8967 -16978
1811 8965 -16958
1812 8891 -16886
1813 8939 -16906
1814 8843 -16818
1815 8799 -16774
1816 8801 -16750
1817 8751 -16754
1818 8705 -16654
1819 8649 -16602
1820 8679 -16558
1821 8655 -16642
1822 8683 -16838
1823 8791 -16846
1824 8729 -16554
1825 8761 -16646
1826 8723 -16686
1827 8817 -16862
1828 8797 -16710
1829 8793 -16714
1830 8863 -16966
1831 8855 -16942
1832 8953 -16982
1833 8923 -17018
1834 8925 -16934
1835 8825 -16710
1836 8887 -16886
1837 8847 -16786
1838 8721 -16566
1839 8771 -16786
1840 8789 -16890
1841 8819 -16874
1842 8819 -16754
1843 8783 -16586
1844 8837 -16718
1845 8875 -16846
1846 8867 -16778
1847 8869 -16886
1848 8917 -17046
1849 8863 -16878
1850 8855 -16938
1851 8903 -17006
1852 8905 -16942
1853 8951 -17106
1854 9047 -17222
1855 9085 -17314
1856 9087 -17362
1857 9111 -17358
1858 9009 -16946
1859 8929 -16838
1860 9053 -17062
1861 9069 -17166
1862 9067 -17270
1863 9031 -17150
1864 9025 -17070
1865 8951 -16950
1866 9001 -17014
1867 8955 -16790
1868 8919 -16826
1869 8909 -16730
1870 8877 -16786
1871 8903 -16850
1872 8913 -16794
1873 8915 -16814
1874 9037 -17038
1875 9083 -17154
1876 9057 -17134
1877 8945 -16854
1878 8923 -16994
1879 8921 -16822
1880 8819 -16766
1881 8821 -16774
1882 8841 -16862
1883 8835 -16830
1884 8853 -16758
1885 8891 -16874
1886 8903 -16890
1887 8875 -16930
1888 8851 -16918
1889 8895 -16850
1890 8967 -17086
1891 9003 -17074
1892 8943 -16898
1893 8949 -17022
1894 8931 -17042
1895 8929 -17090
1896 8867 -16950
1897 8845 -16994
1898 8871 -16910
1899 8899 -17074
1900 8863 -17010
1901 8827 -16910
1902 8753 -16786
1903 8919 -17130
1904 8935 -17146
1905 8993 -17202
1906 8937 -16922
1907 8825 -16882
1908 8839 -17146
1909 8723 -16826
1910 8769 -16758
1911 8677 -16558
1912 8673 -16590
1913 8671 -16562
1914 8741 -16770
1915 8839 -16802
1916 8847 -16838
1917 8913 -16946
1918 8937 -16990
1919 8935 -17022
1920 8897 -16874
1921 8979 -17042
1922 9051 -17326
1923 9035 -17238
1924 9013 -17174
1925 8991 -17218
1926 8917 -17102
1927 8829 -16858
1928 8745 -16674
1929 8785 -16742
1930 8829 -16906
1931 8869 -16982
1932 8915 -17166
1933 8859 -16834
1934 8751 -16642
1935 8735 -16706
1936 8685 -16658
1937 8687 -16470
1938 8723 -16638
1939 8843 -16986
1940 8807 -16882
1941 8787 -16894
1942 8781 -16798
1943 8725 -16802
1944 8673 -16786
1945 8863 -16982
1946 8881 -17066
1947 8891 -17078
1948 8913 -17054
1949 8871 -16954
1950 8821 -16850
1951 8827 -16858
1952 8853 -16850
1953 8857 -16890
1954 8889 -16858
1955 8925 -16970
1956 8863 -16870
1957 8927 -17010
1958 8909 -16926
1959 8859 -16954
1960 8821 -16810
1961 8869 -16910
1962 8879 -16818
1963 8923 -16926
1964 8993 -17138
1965 8983 -16986
1966 9081 -17178
1967 9021 -17046
1968 9089 -17274
1969 9099 -17210
1970 9103 -17094
1971 9029 -17058
1972 9027 -16926
1973 9043 -17146
1974 8969 -17182
1975 8961 -17042
1976 9085 -17314
1977 8975 -16990
1978 8903 -16922
1979 8831 -16762
1980 8743 -16546
1981 8741 -16466
1982 8815 -16658
1983 8879 -16802
1984 8901 -16894
1985 8935 -16914
1986 8941 -16994
1987 8923 -16902
1988 8939 -16862
1989 8889 -16854
1990 8969 -16938
1991 8923 -16782
1992 8925 -16890
1993 8969 -16938
1994 9031 -17094
1995 9013 -17262
1996 8935 -16954
1997 9007 -17186
1998 8965 -17106
1999 9007 -17026
2000 9013 -17050
2001 8957 -17058
2002 9021 -17114
2003 8985 -17078
2004 8933 -17034
2005 9011 -17118
2006 9077 -17226
2007 9031 -17106
2008 9111 -17146
2009 9109 -17242
2010 9097 -17234
2011 9133 -17298
2012 9069 -17194
2013 8985 -17122
2014 8985 -17094
2015 9055 -17214
2016 9063 -17210
2017 9037 -17178
2018 8969 -16986
2019 8909 -16998
2020 8997 -17074
2021 9017 -17150
2022 9041 -17242
2023 9015 -17146
2024 8895 -16874
2025 8897 -16962
2026 8839 -16770
2027 8839 -16886
2028 8939 -16926
2029 8935 -16862
2030 8937 -17038
2031 8927 -16958
2032 8949 -17126
2033 8919 -16958
2034 8901 -16886
2035 8983 -17066
2036 9099 -17378
2037 9043 -17238
2038 9043 -17234
2039 9019 -17074
2040 9155 -17390
2041 9181 -17466
2042 9193 -17566
2043 9123 -17266
2044 9093 -17206
2045 8985 -17026
2046 8929 -16950
2047 8845 -16830
2048 8857 -16974
2049 8881 -16922
2050 8883 -17098
2051 8805 -16902
2052 8769 -16710
2053 8787 -16910
2054 8783 -16854
2055 8749 -16746
2056 8811 -16898
2057 8835 -16974
2058 8783 -16662
2059 8893 -17026
2060 8845 -17010
2061 8791 -16990
2062 8805 -16922
2063 8799 -16902
2064 8883 -17122
2065 8821 -16810
2066 8859 -16850
2067 8853 -16910
2068 8951 -17030
2069 8915 -17122
2070 8839 -16954
2071 8891 -17150
2072 8803 -16910
2073 8803 -16918
2074 8763 -16678
2075 8763 -16710
2076 8703 -16570
2077 8741 -16782
2078 8783 -16794
2079 8793 -16774
2080 8749 -16786
2081 8841 -16898
2082 8841 -16814
2083 8841 -16910
2084 8831 -16846
2085 8889 -16990
2086 8845 -17002
2087 8793 -16958
2088 8791 -16862
2089 8739 -16846
2090 8739 -16722
2091 8669 -16510
2092 8781 -16898
2093 8751 -16802
2094 8745 -16958
2095 8797 -16954
2096 8761 -16826
2097 8691 -16666
2098 8665 -16610
2099 8789 -17066
2100 8817 -16914
2101 8835 -17038
2102 8783 -16794
2103 8733 -16726
2104 8779 -16886
2105 8733 -16830
2106 8701 -16606
2107 8703 -16518
2108 8803 -16826
2109 8723 -16642
2110 8657 -16566
2111 8759 -16738
2112 8737 -16630
2113 8845 -16906
2114 8895 -16994
2115 8977 -17174
2116 8851 -16934
2117 8769 -16758
2118 8867 -16982
2119 8847 -16870
2120 8803 -16718
2121 8797 -16814
2122 8727 -16602
2123 8713 -16510
2124 8795 -16714
2125 8893 -16930
2126 8891 -16950
2127 8973 -16990
2128 8927 -16758
2129 8977 -17030
2130 8945 -17078
2131 8883 -16914
2132 8999 -17238
2133 8959 -17182
2134 8789 -16934
2135 8831 -16950
2136 8775 -16718
2137 8823 -16874
2138 8773 -16706
2139 8787 -16842
2140 8851 -17018
2141 8795 -16886
2142 8773 -16850
2143 8941 -17306
2144 8975 -17202
2145 8925 -16970
2146 8853 -16890
2147 8995 -17162
2148 8917 -16986
2149 8813 -16846
2150 8771 -16798
2151 8755 -16786
2152 8757 -16670
2153 8713 -16762
2154 8677 -16750
2155 8543 -16430
2156 8593 -16450
2157 8543 -16454
2158 8579 -16590
2159 8573 -16646
2160 8575 -16478
2161 8677 -16642
2162 8747 -16834
2163 8743 -16914
2164 8721 -16790
2165 8609 -16566
2166 8579 -16558
2167 8631 -16674
2168 8595 -16634
2169 8611 -16486
2170 8567 -16430
2171 8521 -16594
2172 8451 -16394
2173 8395 -16270
2174 8419 -16226
2175 8449 -16222
2176 8489 -16402
2177 8447 -16258
2178 8537 -16514
2179 8605 -16682
2180 8641 -16642
2181 8795 -16866
2182 8849 -17030
2183 8805 -16998
2184 8855 -17194
2185 8755 -16910
2186 8711 -16830
2187 8709 -16762
2188 8697 -16734
2189 8825 -16982
2190 8783 -16938
2191 8809 -16934
2192 8735 -17010
2193 8727 -16906
2194 8779 -16890
2195 8697 -16822
2196 8679 -16718
2197 8661 -16626
2198 8683 -16902
2199 8733 -16978
2200 8767 -17054
2201 8635 -16698
2202 8727 -16942
2203 8749 -16934
2204 8761 -17006
2205 8767 -16978
2206 8887 -17126
2207 8823 -16918
2208 8859 -17086
2209 8765 -16970
2210 8781 -17014
2211 8805 -17190
2212 8851 -17282
2213 8729 -17030
2214 8651 -16874
2215 8547 -16566
2216 8607 -16618
2217 8621 -16698
2218 8537 -16466
2219 8501 -16358
2220 8533 -16514
2221 8553 -16486
2222 8591 -16598
2223 8529 -16574
2224 8621 -16570
2225 8657 -16694
2226 8627 -16622
2227 8555 -16482
2228 8611 -16618
2229 8597 -16562
2230 8639 -16710
2231 8729 -16810
2232 8719 -16854
2233 8775 -16838
2234 8913 -17106
2235 8907 -17234
2236 8805 -17194
2237 8659 -16926
2238 8639 -16678
2239 8633 -16742
2240 8603 -16722
2241 8581 -16622
2242 8523 -16494
2243 8585 -16486
2244 8605 -16590
2245 8589 -16562
2246 8653 -16646
2247 8639 -16842
2248 8681 -16926
2249 8721 -16810
2250 8709 -16758
2251 8737 -16834
2252 8823 -16858
2253 8795 -16798
2254 8893 -16926
2255 8883 -16930
2256 8855 -16950
2257 8879 -16858
2258 8941 -16838
2259 8899 -16838
2260 8865 -16822
2261 8847 -16898
2262 8807 -16806
2263 8933 -17102
2264 8909 -16998
2265 8951 -17082
2266 8891 -17010
2267 9011 -17130
2268 9033 -17058
2269 8989 -17002
2270 8871 -16706
2271 8885 -16770
2272 8893 -16982
2273 8955 -17034
2274 8921 -17018
2275 8923 -17062
2276 8953 -17006
2277 8949 -17018
2278 8963 -17074
2279 9007 -17182
2280 8961 -17006
2281 8937 -16950
2282 8931 -16938
2283 8889 -16846
2284 8819 -16730
2285 8803 -16654
2286 8883 -16890
2287 8915 -17034
2288 8885 -16910
2289 9017 -17162
2290 8907 -16890
2291 9057 -17242
2292 9041 -17114
2293 8969 -17046
2294 8863 -16794
2295 8987 -17214
2296 8903 -17002
2297 8907 -16954
2298 8935 -17074
2299 9037 -17198
2300 8961 -17030
2301 9055 -17194
2302 9055 -17178
2303 9033 -17174
2304 9003 -17118
2305 9035 -17046
2306 8959 -16982
2307 8897 -16902
2308 8901 -16690
2309 8959 -16810
2310 8957 -16902
2311 8925 -16890
2312 8911 -16894
2313 8993 -17218
2314 8929 -17254
2315 8935 -17234
2316 8975 -17202
2317 9009 -17174
2318 9021 -17134
2319 8969 -17070
2320 8969 -17114
2321 8971 -17042
2322 8929 -17082
2323 8907 -17130
2324 8937 -17114
2325 8919 -17142
2326 8883 -17138
2327 8797 -17074
2328 8773 -16970
2329 8673 -16542
2330 8753 -16770
2331 8741 -16854
2332 8881 -17226
2333 8891 -17190
2334 8877 -17098
2335 8973 -17150
2336 9003 -17310
2337 8859 -17018
2338 8819 -16986
2339 8749 -16774
2340 8801 -16934
2341 8829 -17022
2342 8885 -16986
2343 8901 -16914
2344 8827 -16842
2345 8751 -16686
2346 8861 -16838
2347 8903 -17014
2348 8829 -16862
2349 8907 -17030
2350 8809 -16978
2351 8887 -17122
2352 8891 -17166
2353 8829 -16866
2354 8951 -17274
2355 8917 -17170
2356 8937 -17022
2357 8991 -17202
2358 8901 -16950
2359 8865 -16774
2360 8879 -16806
2361 8897 -16902
2362 8903 -16806
2363 8963 -17238
2364 8917 -17050
2365 8837 -16954
2366 8845 -16842
2367 8937 -17026
2368 8921 -16986
2369 8979 -17022
2370 8867 -16922
2371 8905 -16986
2372 8879 -17010
2373 8905 -17002
2374 8855 -16838
2375 8835 -16870
2376 8919 -16994
2377 8891 -16870
2378 8879 -17006
2379 8845 -16934
2380 8881 -16982
2381 8873 -16962
2382 8863 -16962
2383 9011 -17378
2384 8909 -17122
2385 8891 -17098
2386 8831 -17086
2387 8827 -17018
2388 8773 -16874
2389 8835 -16998
2390 8817 -17006
2391 8817 -16982
2392 8807 -16942
2393 8685 -16766
2394 8799 -17046
2395 8759 -16942
2396 8845 -17190
2397 8791 -17054
2398 8819 -17186
2399 8813 -17114
2400 8805 -16998
2401 8693 -16634
2402 8735 -16774
2403 8835 -16938
2404 8863 -16930
2405 8939 -17154
2406 8837 -16994
2407 8703 -16810
2408 8695 -16710
2409 8719 -16858
2410 8683 -16942
2411 8695 -16906
2412 8753 -16982
2413 8801 -17122
2414 8751 -17058
2415 8835 -17186
2416 8753 -17014
2417 8767 -17046
2418 8745 -16898
2419 8703 -16982
2420 8605 -16886
2421 8621 -16934
2422 8669 -16870
2423 8703 -16966
2424 8681 -16886
2425 8573 -16710
2426 8589 -16882
2427 8533 -16886
2428 8553 -16750
2429 8551 -16750
2430 8591 -16926
2431 8681 -17054
2432 8605 -16750
2433 8703 -16882
2434 8735 -16898
2435 8645 -16642
2436 8641 -16626
2437 8701 -16822
2438 8629 -16698
2439 8607 -16690
2440 8661 -16742
2441 8631 -16734
2442 8735 -16934
2443 8793 -16998
2444 8713 -16846
2445 8759 -16898
2446 8743 -16926
2447 8719 -16826
2448 8751 -16862
2449 8757 -16798
2450 8715 -16798
2451 8813 -16970
2452 8725 -16742
2453 8837 -17038
2454 8771 -16826
2455 8837 -17086
2456 8873 -17262
2457 8923 -17322
2458 8919 -17158
2459 8889 -17046
2460 8975 -17334
2461 8855 -17182
2462 8765 -16886
2463 8771 -16762
2464 8767 -16818
2465 8753 -16626
2466 8793 -16854
2467 8793 -16822
2468 8803 -16798
2469 8767 -16778
2470 8721 -16646
2471 8681 -16554
2472 8693 -16562
2473 8599 -16306
2474 8723 -16498
2475 8787 -16802
2476 8729 -16734
2477 8757 -16706
2478 8785 -16698
2479 8769 -16682
2480 8769 -16638
2481 8821 -16902
2482 8729 -16606
2483 8707 -16614
2484 8833 -16878
2485 8853 -16946
2486 8867 -16962
2487 8795 -16994
2488 8843 -16930
2489 8899 -17034
2490 8885 -17022
2491 8845 -16838
2492 8917 -16946
2493 8877 -16946
2494 8903 -16890
2495 8913 -16934
2496 8791 -16770
2497 8789 -16818
2498 8763 -16670
2499 8939 -17018
2500 8999 -17118
2501 8961 -17002
2502 8939 -17018
2503 8831 -16902
2504 8869 -16914
2505 8851 -16818
2506 8883 -16942
2507 8895 -16946
2508 8959 -17006
2509 9035 -17178
2510 8989 -17098
2511 8979 -17154
2512 8817 -16826
2513 8831 -16898
2514 8793 -16770
2515 8839 -16770
2516 8803 -16662
2517 8793 -16726
2518 8845 -16738
2519 8849 -16826
2520 8929 -16994
2521 8955 -17086
2522 8929 -16906
2523 9019 -17178
2524 8905 -16974
2525 8879 -16942
2526 8835 -16842
2527 8797 -16822
2528 8781 -16810
2529 8795 -16742
2530 8851 -16690
2531 8833 -16790
2532 8667 -16590
2533 8771 -16666
2534 8867 -16918
2535 8745 -16758
2536 8713 -16738
2537 8649 -16582
2538 8579 -16422
2539 8641 -16422
2540 8697 -16622
2541 8769 -16834
2542 8733 -16806
2543 8819 -16998
2544 8739 -16734
2545 8781 -16822
2546 8825 -17082
2547 8851 -17082
2548 8853 -16986
2549 8859 -16918
2550 8891 -17066
2551 8937 -17146
2552 9005 -17306
2553 8883 -16930
2554 8841 -16782
2555 8885 -16778
2556 8865 -16830
2557 8835 -16778
2558 8753 -16682
2559 8845 -16750
2560 8805 -16706
2561 8741 -16618
2562 8727 -16606
2563 8805 -16714
2564 8811 -16810
2565 8765 -16706
2566 8841 -16794
2567 8905 -16990
2568 8955 -17138
2569 9017 -17250
2570 8937 -17050
2571 8929 -17010
2572 8933 -17018
2573 8875 -16814
2574 8837 -16702
2575 8889 -16770
2576 8947 -17046
2577 8985 -17166
2578 9035 -17130
2579 8941 -16962
2580 9021 -17218
2581 8981 -17014
2582 8939 -16990
2583 8819 -16774
2584 8871 -16802
2585 8901 -17042
2586 8829 -16882
2587 8731 -16746
2588 8743 -16722
2589 8777 -16866
2590 8875 -17178
2591 8845 -17014
2592 8829 -17050
2593 8887 -17098
2594 8847 -17046
2595 8905 -17138
2596 8855 -16970
2597 8761 -16834
2598 8593 -16494
2599 8629 -16390
2600 8613 -16458
2601 8801 -16794
2602 8779 -16930
2603 8773 -16678
2604 8749 -16918
2605 8763 -16838
2606 8735 -16902
2607 8651 -16674
2608 8637 -16666
2609 8703 -16814
2610 8735 -16982
2611 8695 -16866
2612 8815 -16974
2613 8725 -16826
2614 8751 -16870
2615 8801 -16838
2616 8883 -17030
2617 8873 -17018
2618 8903 -17122
2619 8871 -16894
2620 8873 -16902
2621 8865 -16926
2622 8941 -17138
2623 8895 -17018
2624 8903 -17102
2625 8923 -17082
2626 8947 -17118
2627 8919 -16962
2628 8799 -16746
2629 8905 -16986
2630 8857 -16894
2631 8857 -16834
2632 8881 -16954
2633 8965 -17150
2634 8839 -16926
2635 8857 -16902
2636 8803 -16710
2637 8877 -16906
2638 8807 -16886
2639 8633 -16578
2640 8637 -16618
2641 8649 -16662
2642 8609 -16550
2643 8613 -16558
2644 8573 -16538
2645 8707 -16722
2646 8729 -16798
2647 8765 -16822
2648 8773 -16606
2649 8865 -16870
2650 8843 -16890
2651 8907 -16910
2652 8803 -16814
2653 8783 -16750
2654 8865 -16854
2655 8805 -16758
2656 8779 -16630
2657 8849 -16770
2658 8855 -16650
2659 8717 -16494
2660 8743 -16686
2661 8815 -16794
2662 8867 -16766
2663 8947 -16998
2664 8921 -17010
2665 8909 -16814
2666 8887 -16814
2667 8871 -16886
2668 8943 -16946
2669 8871 -16838
2670 8819 -16746
2671 8921 -16846
2672 8963 -17010
2673 8801 -16642
2674 8787 -16698
2675 8777 -16542
2676 8813 -16706
2677 8779 -16714
2678 8817 -16802
2679 8849 -16822
2680 8899 -17026
2681 8895 -16950
2682 8811 -16798
2683 8793 -16838
2684 8791 -16786
2685 8881 -16942
2686 8865 -16950
2687 8875 -16886
2688 8823 -16810
2689 8839 -16974
2690 8783 -17042
2691 8817 -17154
2692 8765 -16930
2693 8783 -17006
2694 8849 -17070
2695 8757 -16970
2696 8795 -16998
2697 8751 -16842
2698 8719 -16758
2699 8747 -16922
2700 8801 -16986
2701 8775 -16782
2702 8701 -16710
2703 8765 -16850
2704 8755 -16974
2705 8721 -16874
2706 8801 -16970
2707 8697 -16842
2708 8753 -16906
2709 8675 -16762
2710 8709 -16734
2711 8727 -16794
2712 8773 -16894
2713 8759 -16926
2714 8695 -16842
2715 8729 -16898
2716 8743 -16834
2717 8771 -16754
2718 8739 -16734
2719 8845 -16942
2720 8799 -16842
2721 8787 -16726
2722 8725 -16598
2723 8751 -16806
2724 8791 -16882
2725 8773 -16830
2726 8751 -16770
2727 8747 -16878
2728 8683 -16734
2729 8809 -16886
2730 8787 -16794
2731 8769 -16722
2732 8835 -16890
2733 8923 -17066
2734 8979 -17238
2735 8903 -17054
2736 8913 -17086
2737 8859 -17110
2738 8851 -17090
2739 8841 -16914
2740 8957 -17074
2741 8937 -17042
2742 8935 -16970
2743 8981 -16998
2744 8945 -17034
2745 8973 -17210
2746 8851 -16850
2747 9007 -17170
2748 9011 -17150
2749 8997 -17082
2750 8975 -17178
2751 9077 -17322
2752 8983 -17134
2753 8993 -17062
2754 8969 -17114
2755 9009 -17158
2756 8869 -16786
2757 8937 -16902
2758 8837 -16654
2759 8865 -16770
2760 8825 -16778
2761 8813 -16866
2762 8875 -17018
2763 8841 -16906
2764 8819 -16954
2765 8793 -16838
2766 8811 -16954
2767 8759 -16666
2768 8751 -16766
2769 8749 -16886
2770 8705 -16670
2771 8727 -16706
2772 8721 -16630
2773 8747 -16738
2774 8761 -16814
2775 8877 -17054
2776 8751 -16870
2777 8783 -16914
2778 8755 -16742
2779 8811 -16966
2780 8799 -16966
2781 8775 -16930
2782 8819 -16950
2783 8803 -16910
2784 8797 -16942
2785 8779 -16922
2786 8767 -16934
2787 8817 -17022
2788 8827 -17042
2789 8861 -17162
2790 8783 -16958
2791 8805 -16966
2792 8757 -16894
2793 8751 -16878
2794 8819 -16938
2795 8775 -16834
2796 8835 -16946
2797 8847 -16898
2798 8895 -17038
2799 8863 -17018
2800 8857 -16878
2801 8893 -16998
2802 8923 -17122
2803 8923 -16974
2804 8857 -16870
2805 8911 -16938
2806 8853 -16986
2807 8895 -16978
2808 8961 -17126
2809 9031 -17114
2810 9087 -17318
2811 9083 -17246
2812 9011 -17130
2813 8953 -16994
2814 8971 -17054
2815 8973 -17142
2816 8979 -17138
2817 8789 -16782
2818 8679 -16550
2819 8701 -16714
2820 8845 -17034
2821 8797 -16818
2822 8757 -16638
2823 8801 -16690
2824 8893 -16838
2825 8887 -17010
2826 8743 -16782
2827 8811 -17034
2828 8839 -16894
2829 8899 -17026
2830 8889 -17090
2831 8841 -16934
2832 8863 -17014
2833 8927 -17170
2834 8857 -17010
2835 8835 -16902
2836 8785 -16730
2837 8763 -16658
2838 8817 -16790
2839 8889 -16942
2840 8917 -16978
2841 8991 -17054
2842 8919 -16854
2843 8927 -16978
2844 8907 -17018
2845 8935 -17070
2846 8953 -17086
2847 8925 -16998
2848 8879 -16898
2849 8901 -17054
2850 8851 -17010
2851 8921 -17090
2852 8937 -17142
2853 8885 -17098
2854 8857 -16986
2855 8967 -17130
2856 8907 -16986
2857 8913 -16778
2858 8931 -17022
2859 9053 -17370
2860 9053 -17226
2861 8985 -17078
2862 8899 -16970
2863 8853 -16810
2864 8825 -16882
2865 8839 -16838
2866 8881 -17022
2867 8869 -16870
2868 8861 -16962
2869 8797 -16782
2870 8851 -16978
2871 8791 -16762
2872 8813 -16738
2873 8903 -16890
2874 8913 -17026
2875 8949 -16982
2876 8941 -17094
2877 8921 -17042
2878 8907 -16966
2879 8929 -17058
2880 8973 -17270
2881 8997 -17342
2882 9019 -17430
2883 8991 -17298
2884 8995 -17258
2885 8935 -17082
2886 8951 -17158
2887 8953 -17106
2888 8923 -17022
2889 8787 -16770
2890 8755 -16738
2891 8763 -16706
2892 8701 -16490
2893 8759 -16686
2894 8707 -16622
2895 8707 -16478
2896 8727 -16566
2897 8711 -16758
2898 8705 -16710
2899 8637 -16650
2900 8587 -16422
2901 8595 -16570
2902 8587 -16514
2903 8655 -16566
2904 8653 -16554
2905 8751 -16714
2906 8841 -16974
2907 8787 -16818
2908 8697 -16706
2909 8753 -16862
2910 8763 -16758
2911 8807 -16830
2912 8879 -16906
2913 8907 -16930
2914 8943 -16998
2915 8985 -16882
2916 9013 -16994
2917 9071 -17110
2918 9053 -17154
2919 8909 -16914
2920 8821 -16702
2921 8837 -16834
2922 8875 -17010
2923 8937 -17154
2924 8981 -17162
2925 8897 -17022
2926 8843 -16890
2927 8859 -17022
2928 8747 -16682
2929 8737 -16830
2930 8667 -16562
2931 8651 -16670
2932 8621 -16738
2933 8623 -16574
2934 8607 -16538
2935 8619 -16622
2936 8587 -16538
2937 8759 -16870
2938 8849 -16874
2939 8849 -16762
2940 8845 -16770
2941 8847 -16794
2942 8869 -16850
2943 8847 -16946
2944 8765 -16802
2945 8831 -16974
2946 8863 -16922
2947 8897 -16990
2948 8995 -17254
2949 8991 -17174
2950 8999 -17254
2951 8949 -16966
2952 8895 -16834
2953 8867 -16838
2954 8857 -16842
2955 8863 -16950
2956 8915 -17126
2957 8909 -17082
2958 8905 -16958
2959 8771 -16594
2960 8769 -16790
2961 8725 -16674
2962 8647 -16554
2963 8613 -16530
2964 8559 -16458
2965 8723 -16718
2966 8681 -16570
2967 8559 -16462
2968 8587 -16478
2969 8567 -16354
2970 8727 -16678
2971 8699 -16722
2972 8705 -16670
2973 8831 -16910
2974 8807 -16790
2975 8817 -16862
2976 8969 -17098
2977 8939 -17174
2978 8827 -16902
2979 8817 -16922
2980 8885 -17066
2981 8839 -16846
2982 8999 -17102
2983 8943 -17014
2984 8905 -16954
2985 8917 -16918
2986 8861 -16938
2987 8755 -16542
2988 8869 -16818
2989 8887 -16842
2990 8933 -17106
2991 8873 -16882
2992 8949 -17030
2993 8953 -17106
2994 8913 -17038
2995 8995 -17314
2996 8919 -16954
2997 9015 -17182
2998 9001 -17166
2999 8997 -17274
3000 8805 -16866
3001 8791 -16698
3002 8831 -16886
3003 8805 -16874
3004 8841 -16894
3005 8959 -16970
3006 8833 -16758
3007 8737 -16658
3008 8717 -16658
3009 8729 -16698
3010 8797 -16826
3011 8715 -16766
3012 8709 -16658
3013 8779 -16830
3014 8839 -17058
3015 8959 -17210
3016 8941 -17102
3017 8939 -17130
3018 8895 -17142
3019 8903 -17250
3020 8819 -17038
3021 8823 -16938
3022 8785 -16894
3023 8747 -16798
3024 8673 -16630
3025 8741 -16766
3026 8871 -16966
3027 8731 -16674
3028 8767 -16810
3029 8873 -17014
3030 8841 -17026
3031 8855 -17014
3032 8973 -17110
3033 8953 -17066
3034 9011 -17178
3035 8949 -17086
3036 8937 -17110
3037 8963 -17134
3038 9025 -17062
3039 9015 -17126
3040 9045 -17238
3041 8991 -17038
3042 9077 -17294
3043 9021 -17114
3044 9063 -17290
3045 8969 -17114
3046 8911 -17054
3047 8905 -17006
3048 8933 -17138
3049 8855 -16854
3050 8867 -16842
3051 8873 -16778
3052 8933 -16862
3053 9021 -17094
3054 8947 -17114
3055 8973 -17014
3056 9039 -17238
3057 9077 -17266
3058 8985 -17034
3059 8983 -17150
3060 8911 -16906
3061 8911 -16854
3062 8915 -16998
3063 8913 -17114
3064 8797 -16858
3065 8805 -16718
3066 8815 -16806
3067 8797 -16878
3068 8749 -16810
3069 8725 -16730
3070 8717 -16698
3071 8767 -16810
3072 8881 -16890
3073 8833 -16774
3074 8809 -16794
3075 8841 -16878
3076 8819 -17054
3077 8621 -16598
3078 8623 -16582
3079 8575 -16458
3080 8613 -16566
3081 8625 -16602
3082 8645 -16570
3083 8737 -16774
3084 8719 -16654
3085 8743 -16778
3086 8657 -16522
3087 8685 -16726
3088 8727 -16846
3089 8741 -16826
3090 8723 -16886
3091 8597 -16646
3092 8599 -16630
3093 8655 -16750
3094 8643 -16710
3095 8663 -16650
3096 8911 -17130
3097 8813 -16926
3098 8897 -16990
3099 8901 -17058
3100 8833 -16718
3101 8921 -16894
3102 8939 -16946
3103 8929 -16922
3104 8915 -16946
3105 8943 -17066
3106 9051 -17266
3107 9017 -17114
3108 8995 -17026
3109 8975 -17118
3110 9123 -17342
3111 9129 -17458
3112 9157 -17382
3113 9123 -17218
3114 9107 -17278
3115 9169 -17462
3116 9181 -17418
3117 9131 -17302
3118 9091 -17210
3119 9069 -17138
3120 9065 -17146
3121 9067 -17254
3122 9159 -17382
3123 9089 -17250
3124 9003 -17074
3125 9077 -17246
3126 9131 -17310
3127 9191 -17358
3128 9129 -17190
3129 9137 -17186
3130 9111 -17150
3131 9183 -17370
3132 9199 -17402
3133 9179 -17398
3134 9157 -17446
3135 9145 -17478
3136 9157 -17386
3137 9235 -17586
3138 9129 -17414
3139 9087 -17350
3140 9043 -17210
3141 8997 -17050
3142 8883 -16818
3143 8915 -16930
3144 8935 -17014
3145 8917 -17094
3146 8819 -16838
3147 8745 -16682
3148 8739 -16766
3149 8739 -16694
3150 8701 -16542
3151 8785 -16714
3152 8861 -16934
3153 8829 -16854
3154 8847 -16914
3155 8895 -16882
3156 8861 -16774
3157 8847 -16826
3158 8805 -16922
3159 8915 -17182
3160 8931 -17234
3161 8911 -17086
3162 8829 -16962
3163 8817 -17002
3164 8877 -17086
3165 8825 -17006
3166 8763 -16622
3167 8707 -16570
3168 8877 -16926
3169 8821 -16686
3170 8861 -16766
3171 8939 -16994
3172 8865 -16774
3173 8953 -17002
3174 8881 -16970
3175 8907 -16994
3176 8975 -17058
3177 8969 -17034
3178 8945 -16986
3179 8983 -17058
3180 9089 -17282
3181 9037 -17150
3182 9111 -17234
3183 9069 -17158
3184 8973 -17110
3185 9035 -17194
3186 8955 -16930
3187 9053 -17142
3188 9073 -17246
3189 8979 -16954
3190 8967 -16934
3191 8977 -16914
3192 8929 -16850
3193 8951 -16950
3194 9065 -17218
3195 9109 -17286
3196 9061 -17178
3197 9087 -17194
3198 9013 -17118
3199 9009 -17182
3200 9157 -17402
3201 9061 -17170
3202 9073 -17190
3203 9087 -17194
3204 9011 -17002
3205 8859 -16902
3206 8803 -16842
3207 8845 -16962
3208 8837 -16930
3209 8901 -16930
3210 8967 -17114
3211 8921 -16994
3212 8927 -17006
3213 8825 -16798
3214 8807 -16742
3215 8793 -16718
3216 8765 -16714
3217 8865 -16806
3218 8893 -16938
3219 8851 -16894
3220 8765 -16814
3221 8733 -16706
3222 8797 -16730
3223 8809 -16786
3224 8975 -17146
3225 8941 -17062
3226 8941 -17054
3227 8953 -17086
3228 8905 -16930
3229 8967 -17110
3230 9013 -17182
3231 8949 -17166
3232 8957 -17070
3233 8877 -16958
3234 8797 -16710
3235 8807 -16710
3236 8877 -16858
3237 8945 -17118
3238 8955 -17118
3239 8881 -16942
3240 8949 -17034
3241 8925 -16958
3242 9037 -17094
3243 9011 -16994
3244 8995 -16866
3245 9057 -17074
3246 9009 -17022
3247 9005 -17030
3248 9009 -17214
3249 9079 -17410
3250 9063 -17278
3251 8875 -16842
3252 8879 -16870
3253 8801 -16758
3254 8791 -16706
3255 8833 -16810
3256 8787 -16690
3257 8771 -16650
3258 8815 -16842
3259 8827 -16882
3260 8795 -16850
3261 8923 -17118
3262 8947 -16994
3263 8937 -16950
3264 8935 -17014
3265 8933 -17102
3266 8867 -16970
3267 8845 -16902
3268 8847 -16902
3269 8957 -17142
3270 8889 -17014
3271 8881 -17030
3272 8913 -16926
3273 8875 -16890
3274 8841 -16750
3275 8859 -16946
3276 8873 -17022
3277 8965 -17126
3278 8989 -17002
3279 8889 -16842
3280 8849 -16874
3281 8881 -16862
3282 8913 -16882
3283 8921 -17026
3284 8959 -17090
3285 9001 -17102
3286 8825 -16950
3287 8843 -17002
3288 8847 -16902
3289 8875 -17026
3290 8819 -16834
3291 8779 -16694
3292 8779 -16746
3293 8661 -16494
3294 8771 -16630
3295 8863 -16990
3296 8811 -16742
3297 8949 -17006
3298 8839 -16942
3299 8847 -16966
3300 8787 -16766
3301 8851 -16874
3302 8773 -16878
3303 8855 -16894
3304 8783 -16814
3305 8749 -16666
3306 8849 -16878
3307 8915 -17102
3308 9017 -17214
3309 9049 -17206
3310 9017 -17082
3311 9179 -17438
3312 9151 -17422
3313 9067 -17422
3314 9061 -17286
3315 8985 -17106
3316 8979 -17018
3317 9011 -17046
3318 9009 -17170
3319 8905 -16818
3320 8901 -16942
3321 8865 -16914
3322 8805 -16946
3323 8893 -17002
3324 8841 -16990
3325 8937 -16998
3326 8839 -16954
3327 8833 -16918
3328 8841 -17018
3329 8823 -16914
3330 8821 -16950
3331 8791 -16926
3332 8805 -16930
3333 8825 -16898
3334 8793 -16838
3335 8709 -16654
3336 8759 -16662
3337 8757 -16726
3338 8693 -16594
3339 8751 -16810
3340 8717 -16758
3341 8683 -16718
3342 8789 -16890
3343 8809 -16758
3344 8819 -16758
3345 8789 -16710
3346 8711 -16654
3347 8779 -16722
3348 8749 -16682
3349 8787 -16850
3350 8691 -16582
3351 8697 -16554
3352 8683 -16706
3353 8703 -16666
3354 8759 -16674
3355 8805 -16750
3356 8731 -16666
3357 8809 -16974
3358 8735 -16742
3359 8695 -16706
3360 8687 -16682
3361 8665 -16846
3362 8563 -16630
3363 8619 -16850
3364 8635 -16802
3365 8679 -16922
3366 8677 -16974
3367 8715 -16986
3368 8737 -16954
3369 8771 -16950
3370 8803 -17034
3371 8801 -17010
3372 8779 -17046
3373 8731 -16730
3374 8771 -16890
3375 8753 -16830
3376 8803 -16906
3377 8571 -16446
3378 8527 -16570
3379 8503 -16410
3380 8489 -16426
3381 8537 -16490
3382 8593 -16606
3383 8603 -16730
3384 8539 -16562
3385 8663 -16710
3386 8707 -16854
3387 8705 -16902
3388 8629 -16574
3389 8621 -16710
3390 8553 -16510
3391 8505 -16594
3392 8503 -16526
3393 8533 -16550
3394 8645 -16882
3395 8659 -16902
3396 8583 -16750
3397 8557 -16738
3398 8561 -16690
3399 8563 -16738
3400 8389 -16354
3401 8427 -16514
3402 8509 -16674
3403 8519 -16790
3404 8533 -16826
3405 8515 -16918
3406 8699 -17182
3407 8651 -17090
3408 8737 -16990
3409 8715 -16934
3410 8765 -17018
3411 8751 -17106
3412 8747 -17050
3413 8697 -16978
3414 8731 -16942
3415 8785 -17150
3416 8725 -16778
3417 8715 -16806
3418 8607 -16698
3419 8639 -16698
3420 8667 -16834
3421 8801 -16922
3422 8863 -16910
3423 8791 -16822
3424 8829 -16870
3425 8819 -16954
3426 8755 -16730
3427 8725 -16758
3428 8753 -16998
3429 8701 -16726
3430 8667 -16750
3431 8683 -16778
3432 8761 -16802
3433 8705 -16694
3434 8665 -16642
3435 8753 -16710
3436 8683 -16586
3437 8581 -16374
3438 8629 -16546
3439 8735 -16758
3440 8771 -16798
3441 8895 -16990
3442 8975 -17218
3443 8959 -17126
3444 8869 -17014
3445 8889 -17046
3446 8869 -16994
3447 8951 -16982
3448 8891 -16846
3449 8765 -16678
3450 8737 -16642
3451 8797 -16794
3452 8827 -16838
3453 8831 -16822
3454 8875 -16934
3455 8847 -16798
3456 8813 -16842
3457 8927 -17146
3458 8999 -17122
3459 8971 -17102
3460 8959 -17094
3461 8859 -16902
3462 8873 -16890
3463 8787 -16878
3464 8757 -16734
3465 8685 -16682
3466 8807 -16938
3467 8807 -16954
3468 8799 -16890
3469 8869 -17130
3470 8737 -16838
3471 8767 -16926
3472 8701 -16822
3473 8753 -16838
3474 8827 -16954
3475 8863 -16882
3476 8941 -17030
3477 8859 -16838
3478 8893 -17026
3479 8923 -17006
3480 9015 -17162
3481 8899 -17098
3482 8873 -16978
3483 8905 -16946
3484 8931 -17022
3485 8933 -16942
3486 8945 -17102
3487 8839 -16926
3488 8857 -17134
3489 9021 -17230
3490 8923 -16986
3491 8889 -16950
3492 8817 -16810
3493 8857 -16974
3494 8923 -17122
3495 8965 -17074
3496 8931 -16842
3497 8987 -17062
3498 8907 -16974
3499 8891 -16902
3500 8897 -16982
3501 8819 -16962
3502 8795 -16850
3503 8791 -16966
3504 8799 -16946
3505 8799 -16890
3506 8673 -16702
3507 8715 -16706
3508 8779 -16930
3509 8829 -17050
3510 8809 -17046
3511 8811 -16994
3512 8761 -16982
3513 8761 -16970
3514 8759 -16922
3515 8789 -16878
3516 8823 -16946
3517 8809 -16826
3518 8829 -16806
3519 8793 -16950
3520 8829 -17034
3521 8775 -16914
3522 8821 -17102
3523 8715 -16790
3524 8755 -16778
3525 8799 -16946
3526 8803 -16930
3527 8773 -16818
3528 8795 -16838
3529 8813 -16874
3530 8851 -16974
3531 8769 -16966
3532 8741 -16882
3533 8695 -16846
3534 8735 -16826
3535 8723 -16850
3536 8835 -17058
3537 8619 -16598
3538 8647 -16638
3539 8651 -16746
3540 8641 -16598
3541 8717 -16586
3542 8623 -16522
3543 8627 -16538
3544 8605 -16678
3545 8577 -16506
3546 8703 -16766
3547 8585 -16642
3548 8551 -16602
3549 8641 -16682
3550 8551 -16586
3551 8563 -16558
3552 8601 -16606
3553 8505 -16422
3554 8545 -16638
3555 8627 -16822
3556 8637 -16750
3557 8573 -16558
3558 8597 -16490
3559 8671 -16722
3560 8673 -16678
3561 8647 -16710
3562 8697 -16806
3563 8703 -16834
3564 8581 -16670
3565 8639 -16618
3566 8717 -16694
3567 8649 -16674
3568 8695 -16690
3569 8839 -16958
3570 8871 -16958
3571 9033 -17310
3572 8995 -17206
3573 8983 -17186
3574 8957 -17030
3575 8961 -17122
3576 8831 -16766
3577 8907 -17042
3578 8877 -16898
3579 8869 -16958
3580 8861 -16922
3581 8795 -16718
3582 8797 -16814
3583 8865 -17050
3584 8883 -16998
3585 8931 -17054
3586 8891 -17106
3587 8833 -16926
3588 8945 -17090
3589 8883 -16914
3590 8969 -17042
3591 8789 -16714
3592 8811 -16650
3593 8863 -16830
3594 8781 -16878
3595 8819 -16950
3596 8807 -16902
3597 8801 -17018
3598 8841 -17166
3599 8857 -17134
3600 8863 -17182
3601 8855 -17170
3602 8843 -17198
3603 8775 -16914
3604 8687 -16706
3605 8689 -16782
3606 8671 -16694
3607 8743 -16678
3608 8737 -16850
3609 8749 -16918
3610 8677 -16814
3611 8659 -16770
3612 8591 -16802
3613 8599 -16618
3614 8753 -16930
3615 8731 -17002
3616 8707 -16754
3617 8759 -16762
3618 8755 -16678
3619 8645 -16458
3620 8759 -16738
3621 8725 -16750
3622 8817 -16970
3623 8737 -16674
3624 8863 -16934
3625 8787 -16882
3626 8739 -16774
3627 8737 -16690
3628 8771 -16794
3629 8807 -16918
3630 8883 -16986
3631 8889 -16902
3632 8851 -16918
3633 8863 -17054
3634 8921 -17198
3635 8929 -17130
3636 8767 -16878
3637 8789 -16842
3638 8825 -16942
3639 8821 -16838
3640 8853 -16934
3641 8777 -16746
3642 8797 -16842
3643 8827 -16866
3644 8797 -16886
3645 8873 -17146
3646 8887 -17158
3647 8801 -16946
3648 8849 -16994
3649 8819 -16738
3650 8811 -16882
3651 8875 -17058
3652 8869 -17006
3653 8897 -16978
3654 8899 -17106
3655 8939 -17178
3656 8867 -17002
3657 8811 -17018
3658 8801 -16890
3659 8765 -16914
3660 8709 -16666
3661 8725 -16698
3662 8635 -16590
3663 8603 -16730
3664 8541 -16526
3665 8641 -16654
3666 8673 -16710
3667 8785 -16970
3668 8705 -16814
3669 8677 -16602
3670 8633 -16470
3671 8683 -16582
3672 8707 -16678
3673 8785 -16934
3674 8781 -16854
3675 8845 -16978
3676 8857 -17006
3677 8887 -17058
3678 8879 -16950
3679 8871 -16990
3680 8833 -16910
3681 8835 -16938
3682 8833 -16914
3683 8965 -17206
3684 8935 -17102
3685 8983 -17134
3686 8893 -16982
3687 8935 -17078
3688 8897 -16914
3689 8821 -16766
3690 8819 -16882
3691 8815 -16930
3692 8863 -17026
3693 8899 -17134
3694 8925 -16978
3695 8917 -17014
3696 8907 -17006
3697 8901 -16922
3698 8907 -17082
3699 8663 -16554
3700 8613 -16806
3701 8503 -16542
3702 8523 -16486
3703 8633 -16626
3704 8659 -16630
3705 8631 -16758
3706 8657 -16810
3707 8643 -16626
3708 8575 -16606
3709 8547 -16618
3710 8635 -16598
3711 8613 -16658
3712 8601 -16654
3713 8631 -16754
3714 8691 -16814
3715 8751 -16862
3716 8803 -16994
3717 8793 -16942
3718 8855 -17070
3719 8797 -17098
3720 8731 -16814
3721 8669 -16590
3722 8685 -16634
3723 8781 -16894
3724 8677 -16730
3725 8557 -16610
3726 8383 -16322
3727 8429 -16406
3728 8471 -16458
3729 8549 -16642
3730 8635 -16846
3731 8673 -16874
3732 8641 -16894
3733 8627 -16726
3734 8693 -16954
3735 8635 -16714
3736 8717 -16998
3737 8689 -16962
3738 8723 -17050
3739 8773 -17098
3740 8733 -16974
3741 8697 -16938
3742 8707 -16990
3743 8695 -16838
3744 8707 -16886
3745 8589 -16670
3746 8679 -16818
3747 8639 -16770
3748 8589 -16642
3749 8531 -16346
3750 8563 -16354
3751 8625 -16578
3752 8665 -16706
3753 8749 -16714
3754 8803 -16738
3755 8795 -16846
3756 8885 -16898
3757 8867 -16982
3758 8865 -17014
3759 8885 -16934
3760 8885 -17014
3761 8841 -17014
3762 8723 -16774
3763 8715 -16870
3764 8911 -17230
3765 8871 -17126
3766 8827 -17038
3767 8777 -16938
3768 8793 -16894
3769 8755 -16922
3770 8787 -16930
3771 8727 -16830
3772 8805 -16910
3773 8759 -16734
3774 8717 -16570
3775 8783 -16954
3776 8699 -16658
3777 8651 -16550
3778 8671 -16618
3779 8633 -16718
3780 8727 -16842
3781 8661 -16738
3782 8681 -16958
3783 8627 -16782
3784 8831 -17114
3785 8709 -16906
3786 8817 -17034
3787 8733 -16830
3788 8669 -16722
3789 8721 -16898
3790 8685 -16886
3791 8579 -16654
3792 8575 -16402
3793 8765 -16818
3794 8789 -16886
3795 8723 -16670
3796 8701 -16558
3797 8761 -16746
3798 8669 -16614
3799 8721 -16686
3800 8655 -16690
3801 8763 -16882
3802 8863 -17138
3803 8807 -16978
3804 8865 -17146
3805 8767 -16946
3806 8829 -17110
3807 8829 -17054
3808 8817 -16990
3809 8695 -16794
3810 8721 -16778
3811 8683 -16654
3812 8781 -16862
3813 8789 -16834
3814 8819 -16878
3815 8839 -16866
3816 8757 -16834
3817 8725 -16738
3818 8697 -16686
3819 8789 -16878
3820 8789 -16938
3821 8753 -16906
3822 8755 -16814
3823 8753 -16822
3824 8679 -16730
3825 8695 -16618
3826 8721 -16850
3827 8725 -16870
3828 8797 -16966
3829 8903 -17058
3830 8905 -17138
3831 8861 -17034
3832 8911 -17042
3833 8929 -17006
3834 8911 -16890
3835 8825 -16790
3836 8825 -16846
3837 8829 -16982
3838 8869 -17034
3839 8947 -17114
3840 9003 -17134
3841 8959 -17022
3842 8949 -17010
3843 8923 -17062
3844 8915 -16962
3845 8969 -17102
3846 9097 -17126
3847 9043 -17118
3848 9001 -16934
3849 8943 -16826
3850 8899 -16750
3851 8887 -16806
3852 8855 -16834
3853 8895 -16962
3854 8967 -17058
3855 9027 -17178
3856 8941 -17042
3857 8913 -16854
3858 8859 -16846
3859 8851 -16870
3860 8975 -17162
3861 8983 -17294
3862 8949 -17194
3863 8967 -17182
3864 8913 -16970
3865 8959 -17022
3866 9007 -17170
3867 9043 -17202
3868 8915 -17050
3869 8903 -16794
3870 9005 -17002
3871 9031 -17106
3872 8989 -17074
3873 9023 -17190
3874 9021 -17118
3875 8947 -17050
3876 8847 -16790
3877 8753 -16586
3878 8763 -16702
3879 8847 -16930
3880 8855 -16882
3881 8923 -17014
3882 8955 -17222
3883 8941 -17126
3884 8907 -17090
3885 8843 -16778
3886 8833 -16794
3887 8905 -16890
3888 9071 -17250
3889 8965 -17006
3890 8933 -16962
3891 8927 -16966
3892 8969 -17022
3893 8943 -17026
3894 8907 -17070
3895 8827 -16790
3896 8863 -16854
3897 9037 -17266
3898 9037 -17182
3899 8921 -16986
3900 8893 -16926
3901 8879 -16886
3902 8853 -16806
3903 8909 -16914
3904 8907 -17066
3905 8867 -16810
3906 8863 -16806
3907 8731 -16594
3908 8791 -16838
3909 8823 -16786
3910 8775 -16830
3911 8837 -17010
3912 8861 -16946
3913 8861 -16922
3914 8899 -16978
3915 8913 -16986
3916 8955 -17018
3917 8941 -17038
3918 8913 -16930
3919 8865 -16922
3920 8893 -17022
3921 8805 -16798
3922 8749 -16746
3923 8765 -16722
3924 8811 -16706
3925 8895 -16966
3926 8735 -16722
3927 8651 -16370
3928 8753 -16618
3929 8775 -16686
3930 8877 -17010
3931 8837 -16942
3932 8921 -17142
3933 8951 -17206
3934 8925 -17130
3935 8917 -17070
3936 8969 -17078
3937 8985 -17186
3938 8959 -17250
3939 8981 -17122
3940 8855 -16986
3941 8893 -17090
3942 8937 -17198
3943 8923 -17018
3944 8947 -17134
3945 8797 -16842
3946 8981 -17210
3947 8945 -17086
3948 8847 -16974
3949 8853 -16718
3950 8879 -16846
3951 8927 -16970
3952 8941 -17182
3953 8935 -16986
3954 8949 -17018
3955 8907 -16862
3956 8927 -16998
3957 8993 -17178
3958 9013 -17182
3959 9047 -17262
3960 8973 -17126
3961 8977 -17118
3962 8977 -17018
3963 8937 -17030
3964 9009 -17278
3965 8997 -17214
3966 9029 -17266
3967 9033 -17206
3968 9013 -17242
3969 8947 -17042
3970 8965 -17026
3971 8931 -16978
3972 8807 -16694
3973 8877 -16954
3974 8847 -16966
3975 8829 -16946
3976 8803 -16930
3977 8833 -17058
3978 8807 -16934
3979 8799 -17090
3980 8861 -17138
3981 8881 -17150
3982 8759 -16862
3983 8729 -16846
3984 8807 -16874
3985 8755 -16746
3986 8763 -16722
3987 8787 -16670
3988 8815 -16818
3989 8829 -16890
3990 8771 -16870
3991 8923 -17126
3992 8929 -17054
3993 8925 -17002
3994 8885 -16898
3995 8805 -16750
3996 8889 -17022
3997 8881 -16962
3998 8731 -16614
3999 8753 -16770
4000 8843 -16962
4001 8797 -16826
4002 8817 -16894
4003 8769 -16670
4004 8739 -16706
4005 8701 -16730
4006 8779 -16906
4007 8743 -16814
4008 8797 -16794
4009 8739 -16794
4010 8737 -16798
4011 8667 -16626
4012 8825 -16934
4013 8839 -16934
4014 8781 -16770
4015 8731 -16710
4016 8833 -16822
4017 8823 -16834
4018 8831 -16998
4019 8795 -16962
4020 8813 -17070
4021 8695 -16902
4022 8747 -17090
4023 8687 -16874
4024 8755 -17010
4025 8755 -17022
4026 8719 -16990
4027 8677 -17002
4028 8647 -16786
4029 8679 -16882
4030 8599 -16734
4031 8633 -16686
4032 8627 -16662
4033 8647 -16550
4034 8693 -16790
4035 8815 -16886
4036 8811 -16834
4037 8839 -16938
4038 8825 -16914
4039 8939 -17058
4040 8855 -16858
4041 8885 -17038
4042 8821 -16962
4043 8817 -16886
4044 8839 -16922
4045 8803 -16762
4046 8745 -16778
4047 8683 -16658
4048 8721 -16806
4049 8649 -16766
4050 8613 -16594
4051 8675 -16614
4052 8791 -16810
4053 8731 -16682
4054 8827 -16806
4055 8851 -16854
4056 8851 -16850
4057 8931 -17014
4058 9011 -17114
4059 8907 -17070
4060 8999 -17070
4061 8961 -16826
4062 8871 -16734
4063 8965 -16930
4064 8923 -16894
4065 8939 -16954
4066 8981 -17070
4067 9073 -17178
4068 9075 -17170
4069 8967 -16902
4070 9009 -16922
4071 9063 -17202
4072 9031 -17186
4073 8925 -16982
4074 8871 -16938
4075 8873 -16958
4076 8797 -16806
4077 8873 -16942
4078 8881 -16938
4079 8747 -16778
4080 8783 -16914
4081 8817 -17014
4082 8785 -16878
4083 8829 -16838
4084 8749 -16890
4085 8703 -16634
4086 8845 -16986
4087 8907 -17090
4088 8913 -17026
4089 8983 -17170
4090 9003 -17226
4091 8943 -17170
4092 8909 -17118
4093 8745 -16974
4094 8711 -16826
4095 8625 -16518
4096 8741 -16710
4097 8679 -16686
4098 8767 -16862
4099 8721 -16814
4100 8669 -16730
4101 8603 -16378
4102 8723 -16722
4103 8693 -16666
4104 8769 -16622
4105 8767 -16570
4106 8861 -16810
4107 8895 -17014
4108 8903 -17134
4109 8901 -17166
4110 8837 -17146
4111 8823 -16866
4112 8865 -16978
4113 8747 -16890
4114 8811 -17006
4115 8787 -16794
4116 8825 -16814
4117 8825 -16986
4118 8815 -16862
4119 8789 -16990
4120 8759 -16786
4121 8647 -16638
4122 8677 -16650
4123 8707 -16786
4124 8615 -16734
4125 8503 -16498
4126 8515 -16502
4127 8609 -16630
4128 8683 -16658
4129 8725 -16862
4130 8673 -16782
4131 8729 -16770
4132 8735 -16870
4133 8847 -17162
4134 8853 -17178
4135 8859 -17190
4136 8827 -17062
4137 8761 -17002
4138 8665 -16810
4139 8679 -16894
4140 8617 -16730
4141 8691 -16910
4142 8633 -16926
4143 8613 -16714
4144 8617 -16822
4145 8619 -16770
4146 8591 -16602
4147 8671 -16710
4148 8689 -16898
4149 8675 -16882
4150 8675 -16958
4151 8713 -16930
4152 8695 -16778
4153 8741 -16862
4154 8827 -16998
4155 8829 -16950
4156 8827 -16882
4157 8937 -16982
4158 8979 -17038
4159 8937 -17150
4160 8949 -17206
4161 8973 -17270
4162 8921 -17134
4163 8867 -17110
4164 8861 -17034
4165 8867 -16990
4166 8925 -17158
4167 8903 -17014
4168 8749 -16662
4169 8807 -16742
4170 8885 -16774
4171 8827 -16770
4172 8911 -16962
4173 8935 -17018
4174 8923 -16922
4175 8979 -17002
4176 8975 -17098
4177 9047 -17210
4178 8943 -17002
4179 8905 -17014
4180 8869 -17022
4181 8767 -16742
4182 8813 -16786
4183 8867 -16698
4184 8931 -16894
4185 8897 -16826
4186 8949 -17006
4187 9005 -17186
4188 9077 -17350
4189 9105 -17386
4190 9111 -17342
4191 9133 -17330
4192 9115 -17314
4193 9129 -17230
4194 9059 -17114
4195 9113 -17246
4196 9045 -16986
4197 9161 -17310
4198 9227 -17494
4199 9115 -17330
4200 9075 -17306
4201 8977 -17054
4202 8999 -16974
4203 8965 -17014
4204 8963 -16974
4205 8939 -16978
4206 8971 -17022
4207 8927 -17074
4208 8843 -16782
4209 8917 -16950
4210 8853 -16882
4211 8919 -17118
4212 8953 -17150
4213 8845 -16926
4214 8839 -16682
4215 8913 -16950
4216 9041 -17174
4217 9091 -17330
4218 9091 -17226
4219 9057 -17270
4220 9073 -17222
4221 9161 -17274
4222 9131 -17106
4223 9111 -17242
4224 9109 -17362
4225 9115 -17338
4226 9111 -17306
4227 9163 -17398
4228 9115 -17294
4229 9121 -17462
4230 8929 -17014
4231 8901 -16746
4232 9005 -17130
4233 8993 -16962
4234 8983 -17066
4235 8885 -16902
4236 8891 -17066
4237 8997 -17254
4238 9055 -17158
4239 9107 -17262
4240 9123 -17294
4241 9137 -17466
4242 9067 -17218
4243 9093 -17282
4244 9047 -17346
4245 9019 -17278
4246 9049 -17254
4247 8947 -17126
4248 8883 -16902
4249 8969 -16998
4250 8891 -16982
4251 8805 -16754
4252 8809 -16782
4253 8863 -16882
4254 8905 -16946
4255 8927 -16986
4256 9007 -17098
4257 8931 -17034
4258 8911 -17062
4259 9033 -17282
4260 9055 -17366
4261 9009 -17274
4262 8955 -17086
4263 8925 -17014
4264 8903 -17042
4265 8893 -17038
4266 8871 -16998
4267 8839 -16874
4268 8785 -16802
4269 8709 -16610
4270 8709 -16742
4271 8685 -16674
4272 8727 -16706
4273 8779 -16846
4274 8733 -16858
4275 8767 -16934
4276 8675 -16706
4277 8629 -16542
4278 8677 -16770
4279 8701 -16806
4280 8771 -16958
4281 8769 -16770
4282 8679 -16718
4283 8707 -16994
4284 8763 -17134
4285 8791 -17234
4286 8781 -16970
4287 8891 -17198
4288 8835 -17246
4289 8813 -17086
4290 8783 -17106
4291 8841 -17206
4292 8869 -17190
4293 8929 -17362
4294 8875 -17042
4295 8941 -17334
4296 8861 -17202
4297 8877 -17138
4298 8881 -17038
4299 8853 -17058
4300 8837 -16966
4301 8839 -16926
4302 8867 -16890
4303 8793 -16890
4304 8865 -17034
4305 8851 -16966
4306 8973 -17206
4307 8961 -17082
4308 8935 -17002
4309 8737 -16618
4310 8819 -16778
4311 8809 -16774
4312 8809 -16774
4313 8769 -16674
4314 8809 -16818
4315 8723 -16726
4316 8755 -16946
4317 8731 -16766
4318 8713 -16906
4319 8727 -17082
4320 8739 -17150
4321 8659 -17022
4322 8681 -17010
4323 8709 -16814
4324 8757 -16950
4325 8725 -16822
4326 8703 -16706
4327 8709 -16578
4328 8769 -16738
4329 8815 -16966
4330 8887 -16994
4331 8801 -16838
4332 8759 -16754
4333 8755 -16846
4334 8805 -16782
4335 8777 -16730
4336 8765 -16802
4337 8755 -16674
4338 8803 -16686
4339 8799 -16754
4340 8779 -16698
4341 8895 -16922
4342 8911 -16906
4343 8887 -16818
4344 8891 -16894
4345 8941 -16886
4346 8955 -17062
4347 8971 -17070
4348 8993 -17070
4349 9043 -17178
4350 8959 -16986
4351 8907 -16946
4352 8941 -17022
4353 8985 -17082
4354 9025 -17186
4355 9007 -17026
4356 9053 -17126
4357 9057 -17262
4358 8993 -17058
4359 9007 -17022
4360 9087 -17174
4361 9053 -17158
4362 9027 -17082
4363 9083 -17206
4364 9095 -17302
4365 9073 -17370
4366 9083 -17322
4367 9049 -17126
4368 9061 -17198
4369 9049 -17234
4370 9047 -17182
4371 8925 -16942
4372 8879 -16842
4373 8925 -16990
4374 8881 -16890
4375 8885 -16978
4376 8787 -16802
4377 8735 -16682
4378 8713 -16654
4379 8705 -16638
4380 8737 -16682
4381 8849 -16854
4382 8821 -16826
4383 8857 -16902
4384 8867 -16942
4385 8887 -17198
4386 8845 -17158
4387 8809 -17030
4388 8625 -16658
4389 8749 -16894
4390 8705 -16638
4391 8739 -16818
4392 8811 -16814
4393 8761 -16754
4394 8799 -16950
4395 8779 -16758
4396 8747 -16786
4397 8765 -16830
4398 8785 -16834
4399 8783 -16746
4400 8763 -16642
4401 8725 -16562
4402 8869 -16890
4403 8913 -16846
4404 8879 -16706
4405 8933 -16946
4406 9001 -17218
4407 9057 -17386
4408 8899 -16958
4409 8967 -17130
4410 8917 -16934
4411 8877 -16994
4412 8929 -17122
4413 8923 -17114
4414 8803 -16942
4415 8951 -17138
4416 8947 -17146
4417 8969 -17162
4418 8919 -16970
4419 8833 -16790
4420 8901 -16898
4421 8753 -16682
4422 8795 -16634
4423 8791 -16714
4424 8795 -16790
4425 8895 -16710
4426 8901 -16858
4427 8995 -17126
4428 8921 -16882
4429 8861 -16862
4430 8871 -16838
4431 8807 -16874
4432 8773 -16854
4433 8799 -16918
4434 8839 -16822
4435 8849 -16794
4436 8833 -16874
4437 8819 -16890
4438 8851 -16866
4439 8767 -16706
4440 8763 -16642
4441 8875 -16978
4442 8827 -16914
4443 8805 -16790
4444 8815 -16866
4445 8897 -16982
4446 8905 -16958
4447 8877 -16874
4448 8909 -17094
4449 8945 -17090
4450 9023 -17158
4451 9001 -17074
4452 9129 -17318
4453 9179 -17518
4454 9145 -17446
4455 9069 -17210
4456 9061 -17098
4457 9055 -17218
4458 9109 -17306
4459 9039 -17230
4460 9075 -17202
4461 9143 -17330
4462 9141 -17330
4463 8997 -17098
4464 8873 -16822
4465 8855 -16718
4466 8951 -16986
4467 8955 -16998
4468 8879 -16978
4469 8815 -16762
4470 8817 -16830
4471 8821 -16886
4472 8785 -16930
4473 8757 -16750
4474 8721 -16570
4475 8679 -16590
4476 8761 -16582
4477 8835 -16742
4478 8783 -16726
4479 8709 -16522
4480 8735 -16618
4481 8771 -16650
4482 8735 -16606
4483 8749 -16626
4484 8743 -16634
4485 8901 -16854
4486 8983 -17026
4487 9031 -17110
4488 9007 -16986
4489 8975 -17022
4490 9013 -17110
4491 9123 -17398
4492 9139 -17310
4493 9131 -17298
4494 9039 -17174
4495 9035 -17046
4496 8927 -16846
4497 8997 -16842
4498 8969 -16794
4499 8997 -17010
4500 8985 -17110
4501 8997 -17146
4502 8949 -16962
4503 9029 -17150
4504 9001 -17078
4505 9045 -17194
4506 9035 -17230
4507 8965 -17066
4508 9023 -17170
4509 9039 -17242
4510 9029 -17130
4511 8957 -16898
4512 9027 -16986
4513 8949 -16926
4514 8981 -17142
4515 8979 -17142
4516 9053 -17286
4517 8981 -17178
4518 9019 -17098
4519 8977 -16962
4520 9007 -17034
4521 8955 -17070
4522 8857 -16790
4523 8889 -16814
4524 8937 -16866
4525 8871 -16826
4526 8861 -16902
4527 8915 -17078
4528 8875 -16790
4529 8901 -16950
4530 8907 -17006
4531 8815 -16826
4532 8843 -16698
4533 8883 -16926
4534 8873 -16818
4535 8875 -16858
4536 8813 -16830
4537 8787 -16678
4538 8849 -16826
4539 8835 -16866
4540 8897 -17026
4541 8851 -16834
4542 8897 -16922
4543 8819 -16774
4544 8867 -16998
4545 8885 -16994
4546 8907 -17070
4547 8945 -17066
4548 8853 -16858
4549 8859 -16898
4550 8963 -16982
4551 8981 -17170
4552 8901 -16866
4553 8885 -16846
4554 8825 -16874
4555 8839 -16774
4556 8785 -16802
4557 8875 -16902
4558 8881 -16822
4559 8963 -16942
4560 8961 -16954
4561 8931 -16954
4562 8925 -16906
4563 8833 -16866
4564 8827 -16942
4565 8851 -16930
4566 8865 -17022
4567 8903 -16982
4568 8815 -16810
4569 8811 -16682
4570 8811 -16826
4571 8753 -16610
4572 8757 -16642
4573 8755 -16802
4574 8799 -16906
4575 8783 -16862
4576 8821 -16970
4577 8747 -16754
4578 8741 -16718
4579 8721 -16714
4580 8801 -16962
4581 8785 -16842
4582 8867 -17114
4583 8907 -17234
4584 8881 -17074
4585 8811 -16878
4586 8691 -16706
4587 8663 -16594
4588 8713 -16698
4589 8659 -16658
4590 8589 -16642
4591 8515 -16442
4592 8621 -16658
4593 8557 -16566
4594 8539 -16598
4595 8605 -16802
4596 8657 -16810
4597 8585 -16790
4598 8607 -16766
4599 8563 -16650
4600 8583 -16694
4601 8577 -16730
4602 8593 -16810
4603 8585 -16870
4604 8625 -16818
4605 8639 -16894
4606 8629 -16870
4607 8625 -17026
4608 8637 -16858
4609 8649 -16898
4610 8667 -16830
4611 8657 -16734
4612 8653 -16902
4613 8657 -16782
4614 8681 -16886
4615 8629 -16802
4616 8529 -16622
4617 8491 -16474
4618 8433 -16394
4619 8441 -16362
4620 8491 -16482
4621 8525 -16486
4622 8491 -16466
4623 8479 -16526
4624 8449 -16586
4625 8515 -16770
4626 8457 -16642
4627 8523 -16814
4628 8453 -16734
4629 8475 -16778
4630 8459 -16690
4631 8617 -16902
4632 8613 -16786
4633 8621 -16818
4634 8583 -16710
4635 8609 -16646
4636 8517 -16510
4637 8611 -16674
4638 8661 -16778
4639 8757 -17102
4640 8793 -17250
4641 8749 -17158
4642 8779 -17134
4643 8763 -17094
4644 8691 -17054
4645 8635 -16742
4646 8783 -17050
4647 8751 -16926
4648 8661 -16726
4649 8679 -16702
4650 8653 -16770
4651 8615 -16702
4652 8651 -16546
4653 8629 -16826
4654 8673 -16770
4655 8585 -16534
4656 8659 -16774
4657 8669 -16754
4658 8661 -16754
4659 8693 -16874
4660 8713 -16842
4661 8639 -16590
4662 8693 -16882
4663 8777 -16986
4664 8823 -17102
4665 8735 -16902
4666 8655 -16854
4667 8579 -16682
4668 8623 -16746
4669 8743 -16918
4670 8703 -16662
4671 8641 -16578
4672 8711 -16566
4673 8665 -16622
4674 8731 -16742
4675 8701 -16582
4676 8743 -16718
4677 8725 -16690
4678 8691 -16550
4679 8755 -16778
4680 8825 -16858
4681 8765 -16838
4682 8757 -16766
4683 8891 -17094
4684 8927 -17238
4685 8973 -17210
4686 8939 -17166
4687 8963 -17094
4688 8847 -16830
4689 8845 -16954
4690 8865 -16902
4691 8905 -17058
4692 8927 -17086
4693 8849 -16966
4694 8813 -16954
4695 8809 -16846
4696 8879 -16858
4697 8871 -16922
4698 8909 -16858
4699 8867 -16770
4700 8901 -16938
4701 8933 -17042
4702 8931 -16966
4703 8845 -16826
4704 8821 -16902
4705 8861 -16938
4706 8879 -16946
4707 8883 -16898
4708 8893 -16842
4709 8911 -16898
4710 9037 -17138
4711 9049 -17222
4712 9051 -17250
4713 9007 -17026
4714 9003 -17062
4715 8977 -17042
4716 8969 -16974
4717 8957 -16802
4718 8899 -16918
4719 8907 -16994
4720 8851 -16794
4721 8905 -17014
4722 9013 -17158
4723 8983 -17086
4724 8953 -16982
4725 8983 -17126
4726 8983 -17046
4727 8971 -17106
4728 8987 -17034
4729 8967 -17022
4730 8829 -16810
4731 8769 -16714
4732 8731 -16574
4733 8779 -16590
4734 8957 -17026
4735 8889 -16942
4736 8807 -16642
4737 8775 -16706
4738 8857 -16846
4739 8823 -16734
4740 8939 -16942
4741 9009 -17086
4742 8965 -17034
4743 8949 -17094
4744 8905 -16886
4745 8983 -17122
4746 8857 -16766
4747 8761 -16794
4748 8767 -16730
4749 8727 -16614
4750 8793 -16786
4751 8843 -16850
4752 8877 -16950
4753 8865 -16990
4754 8911 -16950
4755 8835 -16954
4756 8933 -17062
4757 8817 -16730
4758 8839 -16902
4759 8937 -16902
4760 8887 -17062
4761 8923 -17134
4762 8945 -17150
4763 9003 -17250
4764 8937 -17058
4765 8909 -16966
4766 8881 -16838
4767 8889 -16854
4768 8923 -16870
4769 8875 -16754
4770 8877 -16846
4771 8839 -16818
4772 8785 -16650
4773 8817 -16654
4774 8883 -16898
4775 8927 -17010
4776 8881 -16914
4777 8903 -17018
4778 8885 -17078
4779 8871 -17038
4780 8887 -16954
4781 8813 -16802
4782 8847 -16990
4783 8895 -17030
4784 8877 -16878
4785 8881 -16906
4786 8873 -16878
4787 8837 -16698
4788 8843 -16802
4789 8843 -16786
4790 8717 -16658
4791 8757 -16574
4792 8749 -16714
4793 8677 -16626
4794 8733 -16762
4795 8803 -16874
4796 8773 -16850
4797 8861 -16958
4798 8781 -16934
4799 8761 -16926
4800 8713 -16790
4801 8767 -16858
4802 8803 -16974
4803 8875 -16946
4804 8855 -16858
4805 8887 -16858
4806 8943 -16906
4807 9011 -16994
4808 9023 -17194
4809 9025 -17146
4810 9015 -17170
4811 9007 -17190
4812 8973 -17066
4813 8955 -16998
4814 8853 -16794
4815 8815 -16754
4816 8889 -16966
4817 8869 -17062
4818 8915 -17082
4819 8869 -16986
4820 8827 -16978
4821 8831 -16990
4822 8769 -16826
4823 8711 -16646
4824 8779 -16814
4825 8709 -16722
4826 8681 -16578
4827 8615 -16402
4828 8571 -16298
4829 8739 -16806
4830 8729 -16726
4831 8841 -16970
4832 8871 -17046
4833 8865 -16962
4834 8949 -17026
4835 9025 -17230
4836 8913 -16954
4837 8947 -16994
4838 9063 -17218
4839 9039 -17242
4840 8987 -17102
4841 8891 -16890
4842 8827 -16718
4843 8867 -16862
4844 8835 -16822
4845 8837 -16854
4846 8893 -16898
4847 8859 -16818
4848 8821 -16738
4849 8763 -16698
4850 8767 -16726
4851 8693 -16774
4852 8751 -16866
4853 8815 -16878
4854 8799 -16746
4855 8785 -16766
4856 8767 -16782
4857 8843 -16866
4858 8813 -16838
4859 8885 -17042
4860 8885 -17038
4861 8893 -16890
4862 8949 -17058
4863 9027 -17206
4864 8953 -17034
4865 8895 -16894
4866 8963 -17082
4867 8877 -16742
4868 8899 -16878
4869 8953 -16942
4870 8975 -16990
4871 8991 -17026
4872 9003 -17066
4873 8919 -16962
4874 8851 -16978
4875 8917 -17054
4876 8875 -16894
4877 8929 -16946
4878 8895 -16902
4879 8891 -16722
4880 8895 -16894
4881 8959 -17078
4882 8853 -16930
4883 8891 -17050
4884 8851 -16994
4885 8927 -17038
4886 8999 -17190
4887 9007 -17062
4888 8963 -17058
4889 9041 -17090
4890 8965 -16870
4891 9001 -17014
4892 8987 -16950
4893 8985 -17038
4894 9035 -17166
4895 8943 -16882
4896 8985 -17010
4897 8929 -16874
4898 8897 -16894
4899 8903 -16982
4900 8883 -17082
4901 8795 -16910
4902 8791 -16886
4903 8891 -17046
4904 8809 -16874
4905 8787 -16766
4906 8785 -16770
4907 8777 -16758
4908 8695 -16538
4909 8729 -16626
4910 8731 -16658
4911 8737 -16698
4912 8777 -16770
4913 8827 -16814
4914 8865 -16806
4915 8825 -16758
4916 8801 -16682
4917 8757 -16634
4918 8715 -16590
4919 8825 -16902
4920 8895 -16942
4921 8957 -17106
4922 9055 -17214
4923 8997 -17070
4924 8935 -17018
4925 8879 -16842
4926 8957 -16882
4927 8899 -16870
4928 8837 -16818
4929 8843 -16706
4930 8807 -16698
4931 8789 -16754
4932 8763 -16598
4933 8845 -16698
4934 8823 -16670
4935 8909 -16794
4936 8939 -16934
4937 8845 -16702
4938 8917 -16978
4939 8853 -16910
4940 8819 -16822
4941 8749 -16750
4942 8739 -16742
4943 8677 -16578
4944 8661 -16486
4945 8711 -16658
4946 8765 -16830
4947 8821 -17034
4948 8841 -16954
4949 8841 -16966
4950 8857 -16866
4951 8833 -16862
4952 8927 -17062
4953 8929 -17106
4954 8729 -16790
4955 8807 -16890
4956 8755 -16790
4957 8723 -16678
4958 8775 -16702
4959 8721 -16690
4960 8709 -16758
4961 8775 -16830
4962 8809 -16818
4963 8851 -17018
4964 8799 -16862
4965 8751 -16742
4966 8823 -16982
4967 8819 -16910
4968 8875 -16962
4969 8959 -17174
4970 9007 -17206
4971 9015 -17190
4972 9013 -17078
4973 9041 -17222
4974 9125 -17374
4975 9059 -17158
4976 9085 -17182
4977 9015 -17062
4978 8957 -16994
4979 8979 -17062
4980 8965 -17050
4981 8969 -17078
4982 9011 -17178
4983 9051 -17442
4984 9015 -17230
4985 9099 -17286
4986 9129 -17470
4987 8967 -17122
4988 8917 -17054
4989 8961 -17074
4990 8995 -17218
4991 8991 -17134
4992 8835 -16714
4993 8675 -16518
4994 8741 -16702
4995 8751 -16734
4996 8781 -16782
4997 8727 -16682
4998 8573 -16490
4999 8697 -16602
5000 8665 -16598
5001 8669 -16562
5002 8681 -16690
5003 8723 -16742
5004 8759 -16778
5005 8757 -16810
5006 8821 -17002
5007 8769 -16914
5008 8681 -16674
5009 8751 -16794
5010 8859 -17006
5011 8809 -16694
5012 8723 -16618
5013 8801 -16822
5014 8835 -16758
5015 8893 -17078
5016 8941 -17102
5017 9017 -17350
5018 9003 -17282
5019 9023 -17206
5020 9091 -17322
5021 8923 -17094
5022 8823 -16970
5023 8821 -16910
5024 8777 -16774
5025 8823 -17006
5026 8707 -16754
5027 8663 -16650
5028 8623 -16482
5029 8671 -16682
5030 8617 -16518
5031 8733 -16778
5032 8755 -16910
5033 8721 -16838
5034 8733 -16822
5035 8727 -16890
5036 8691 -16798
5037 8687 -16742
5038 8675 -16802
5039 8703 -16810
5040 8747 -16910
5041 8795 -17058
5042 8869 -17098
5043 8827 -16878
5044 8791 -16858
5045 8849 -17006
5046 8871 -16998
5047 8913 -17006
5048 8939 -17038
5049 8877 -16938
5050 8921 -16978
5051 8865 -16858
5052 8785 -16678
5053 8781 -16790
5054 8637 -16614
5055 8531 -16374
5056 8593 -16366
5057 8597 -16462
5058 8621 -16470
5059 8617 -16386
5060 8587 -16378
5061 8645 -16558
5062 8659 -16586
5063 8573 -16430
5064 8661 -16778
5065 8603 -16526
5066 8669 -16586
5067 8737 -16758
5068 8767 -16802
5069 8867 -17010
5070 8851 -16882
5071 8983 -17058
5072 8965 -16922
5073 8985 -17018
5074 8939 -16938
5075 9039 -17198
5076 8995 -17198
5077 8983 -17066
5078 8855 -16886
5079 8923 -16934
5080 8937 -16926
5081 8985 -16910
5082 8933 -16930
5083 8847 -16750
5084 8897 -16874
5085 8849 -16802
5086 8839 -16710
5087 8809 -16606
5088 8845 -16722
5089 8925 -16958
5090 8923 -16930
5091 8893 -16870
5092 8857 -16854
5093 8935 -17018
5094 9019 -17218
5095 8963 -17102
5096 8897 -16966
5097 8757 -16714
5098 8815 -16950
5099 8707 -16754
5100 8733 -16658
5101 8715 -16622
5102 8667 -16654
5103 8807 -16990
5104 8799 -16990
5105 8791 -16970
5106 8849 -16982
5107 8763 -16830
5108 8805 -16930
5109 8727 -16770
5110 8695 -16582
5111 8647 -16570
5112 8719 -16762
5113 8739 -16766
5114 8613 -16578
5115 8637 -16762
5116 8663 -16822
5117 8813 -16906
5118 8807 -16870
5119 8765 -16790
5120 8833 -16806
5121 8781 -16802
5122 8759 -16642
5123 8789 -16722
5124 8789 -16782
5125 8813 -16850
5126 8881 -17102
5127 8907 -16994
5128 8845 -16694
5129 8737 -16710
5130 8811 -16870
5131 8803 -16770
5132 8767 -16614
5133 8799 -16658
5134 8903 -16918
5135 8971 -16978
5136 8861 -16814
5137 8747 -16802
5138 8811 -16962
5139 8789 -16846
5140 8879 -16806
5141 8935 -16930
5142 8907 -16878
5143 8913 -17018
5144 8869 -16898
5145 8823 -16798
5146 8889 -16910
5147 8915 -17022
5148 8967 -17150
5149 9083 -17306
5150 9081 -17318
5151 9071 -17474
5152 9067 -17382
5153 8993 -17058
5154 8875 -16822
5155 8949 -17094
5156 8943 -17058
5157 8991 -17018
5158 8967 -16998
5159 9019 -17178
5160 8955 -17006
5161 9003 -17026
5162 8993 -17034
5163 8887 -16754
5164 8857 -16762
5165 8965 -17110
5166 8971 -17066
5167 8975 -17034
5168 9073 -17242
5169 9085 -17294
5170 9153 -17546
5171 9135 -17386
5172 9175 -17486
5173 9137 -17310
5174 9117 -17366
5175 9193 -17466
5176 9057 -17246
5177 9121 -17362
5178 9159 -17350
5179 9065 -17174
5180 9073 -17186
5181 9017 -17134
5182 9153 -17358
5183 9075 -17218
5184 9111 -17258
5185 9073 -17266
5186 8969 -17218
5187 8931 -17066
5188 8965 -17058
5189 8937 -16934
5190 8967 -17010
5191 9017 -17134
5192 9059 -17182
5193 8981 -17102
5194 8985 -17030
5195 8899 -16750
5196 8875 -16734
5197 8823 -16738
5198 8825 -16890
5199 8815 -16826
5200 8833 -16826
5201 8843 -16850
5202 8785 -16846
5203 8825 -17022
5204 8851 -16950
5205 8879 -16934
5206 8915 -16970
5207 9111 -17322
5208 9079 -17234
5209 8973 -17118
5210 8983 -17086
5211 8923 -16870
5212 8961 -17074
5213 8953 -17070
5214 8937 -17058
5215 8943 -17086
5216 8865 -16934
5217 8861 -16842
5218 8889 -16902
5219 8905 -16942
5220 8913 -16970
5221 8895 -16970
5222 8933 -17138
5223 8963 -17126
5224 8841 -16926
5225 8759 -16822
5226 8719 -16774
5227 8729 -16818
5228 8779 -16978
5229 8757 -16918
5230 8809 -17110
5231 8843 -16982
5232 8753 -16818
5233 8845 -16998
5234 8951 -17062
5235 8875 -16806
5236 8963 -17102
5237 8905 -17010
5238 8877 -17002
5239 8915 -17098
5240 8863 -16854
5241 8739 -16610
5242 8745 -16654
5243 8725 -16534
5244 8737 -16546
5245 8727 -16562
5246 8867 -16902
5247 8939 -16962
5248 8871 -16838
5249 8885 -16810
5250 8879 -16850
5251 8875 -16890
5252 8949 -17106
5253 8913 -16982
5254 9009 -17134
5255 8835 -16706
5256 8893 -17030
5257 9023 -17094
5258 9043 -17146
5259 9089 -17358
5260 9025 -17254
5261 9069 -17222
5262 8909 -16858
5263 8897 -16834
5264 8981 -17002
5265 8937 -16934
5266 9017 -17214
5267 8973 -17102
5268 9047 -17158
5269 8985 -17070
5270 8929 -16978
5271 8855 -16930
5272 8841 -16918
5273 8869 -16994
5274 9005 -17218
5275 8957 -17110
5276 8893 -17010
5277 8863 -16938
5278 8953 -16906
5279 8927 -17034
5280 9021 -17206
5281 8991 -17202
5282 8833 -16822
5283 8741 -16758
5284 8729 -16670
5285 8779 -16842
5286 8845 -16858
5287 8863 -16910
5288 8791 -16890
5289 8819 -16850
5290 8867 -16978
5291 8797 -16770
5292 8917 -17070
5293 8869 -17046
5294 8841 -17014
5295 8723 -16826
5296 8721 -16706
5297 8675 -16646
5298 8749 -16774
5299 8657 -16574
5300 8739 -16818
5301 8783 -16770
5302 8777 -16862
5303 8835 -17026
5304 8767 -16754
5305 8743 -16806
5306 8817 -17034
5307 8831 -17062
5308 8801 -17022
5309 8861 -17114
5310 8799 -16862
5311 8751 -16946
5312 8631 -16698
5313 8663 -16778
5314 8739 -16874
5315 8703 -16934
5316 8687 -16846
5317 8585 -16654
5318 8559 -16522
5319 8653 -16778
5320 8593 -16606
5321 8455 -16318
5322 8511 -16430
5323 8601 -16622
5324 8683 -16782
5325 8807 -17010
5326 8839 -17054
5327 8827 -17030
5328 8723 -16746
5329 8663 -16706
5330 8729 -16762
5331 8807 -16774
5332 8761 -16718
5333 8787 -16754
5334 8789 -16846
5335 8859 -16822
5336 8779 -16802
5337 8815 -16902
5338 8783 -16874
5339 8799 -16826
5340 8789 -16802
5341 8769 -16658
5342 8827 -16946
5343 8811 -16838
5344 8893 -17114
5345 8977 -17250
5346 8895 -17122
5347 8843 -16982
5348 8921 -16990
5349 8787 -16786
5350 8857 -16838
5351 8833 -16618
5352 8829 -16622
5353 8801 -16746
5354 8867 -16806
5355 8835 -16882
5356 8885 -17022
5357 8899 -16910
5358 8969 -17046
5359 8985 -17134
5360 9027 -17174
5361 8963 -17070
5362 9021 -17206
5363 9001 -17090
5364 9031 -17118
5365 9097 -17286
5366 9071 -17150
5367 8967 -17058
5368 9047 -17150
5369 9137 -17370
5370 9069 -17162
5371 8971 -16978
5372 8995 -17066
5373 9077 -17274
5374 9107 -17314
5375 9055 -17086
5376 8985 -16950
5377 8953 -16942
5378 8873 -16790
5379 8869 -16746
5380 8907 -16834
5381 8857 -16674
5382 8821 -16638
5383 8865 -16690
5384 9057 -17110
5385 9023 -17158
5386 9037 -17266
5387 9071 -17158
5388 9049 -17182
5389 8983 -17082
5390 9083 -17414
5391 9073 -17386
5392 9071 -17358
5393 9049 -17294
5394 9019 -17126
5395 9113 -17262
5396 9119 -17274
5397 9129 -17194
5398 9099 -17166
5399 9085 -17234
5400 9193 -17522
5401 9105 -17226
5402 9083 -17206
5403 9045 -17142
5404 8979 -16966
5405 8965 -16914
5406 8971 -17134
5407 8995 -17138
5408 9027 -17070
5409 9037 -17250
5410 9033 -17198
5411 8975 -17130
5412 8969 -17162
5413 8965 -16982
5414 9031 -17098
5415 9079 -17170
5416 9013 -17154
5417 9031 -17078
5418 8947 -16858
5419 8981 -16854
5420 9025 -16986
5421 9019 -17030
5422 8921 -16886
5423 8955 -17046
5424 8969 -17114
5425 8947 -17006
5426 8897 -16810
5427 8889 -16834
5428 8909 -16958
5429 8907 -16958
5430 8873 -17202
5431 8819 -16890
5432 8683 -16834
5433 8769 -16882
5434 8727 -16678
5435 8759 -16862
5436 8839 -17106
5437 8935 -17198
5438 8941 -17114
5439 8945 -17034
5440 8927 -17070
5441 8929 -17074
5442 8891 -17122
5443 8987 -17282
5444 8891 -17022
5445 8921 -16986
5446 8887 -17046
5447 8817 -16874
5448 8851 -16958
5449 8881 -16918
5450 8923 -17034
5451 8951 -17102
5452 8921 -17030
5453 8921 -17046
5454 8937 -16998
5455 8983 -16946
5456 9059 -17178
5457 9029 -17162
5458 9051 -17222
5459 8953 -16886
5460 8949 -17030
5461 8989 -17070
5462 9029 -17194
5463 8907 -16770
5464 8895 -16794
5465 8879 -16930
5466 8973 -17070
5467 9041 -17214
5468 9045 -17154
5469 9063 -17242
5470 8953 -17110
5471 9029 -17234
5472 8989 -17050
5473 8933 -16878
5474 8887 -16918
5475 8879 -16902
5476 8869 -17026
5477 8927 -17070
5478 9003 -17162
5479 8901 -17062
5480 8875 -17086
5481 8849 -16990
5482 8957 -17114
5483 9047 -17302
5484 9023 -17186
5485 8925 -17046
5486 8995 -17266
5487 8925 -17166
5488 8841 -16890
5489 8765 -16846
5490 8745 -16682
5491 8759 -16862
5492 8799 -16762
5493 8783 -16794
5494 8817 -16906
5495 8781 -16894
5496 8811 -16918
5497 8791 -16902
5498 8739 -16854
5499 8849 -16902
5500 8777 -16542
5501 8767 -16742
5502 8887 -16878
5503 8915 -17026
5504 8875 -16978
5505 8977 -17198
5506 8949 -17062
5507 8873 -16922
5508 8907 -17026
5509 8833 -16794
5510 8861 -16974
5511 8889 -17110
5512 8829 -16938
5513 8821 -16922
5514 8727 -16798
5515 8755 -16774
5516 8807 -16798
5517 8813 -16766
5518 8847 -16818
5519 8909 -16822
5520 8975 -16882
5521 8865 -16758
5522 8879 -16910
5523 8851 -16854
5524 8895 -16802
5525 8779 -16650
5526 8799 -16694
5527 8809 -16726
5528 8679 -16522
5529 8733 -16726
5530 8773 -16914
5531 8797 -17026
5532 8803 -17022
5533 8707 -16806
5534 8725 -16770
5535 8773 -16722
5536 8861 -16862
5537 8949 -16954
5538 8941 -16978
5539 8963 -17058
5540 8911 -16978
5541 8789 -16802
5542 8797 -16710
5543 8749 -16822
5544 8769 -16850
5545 8821 -16810
5546 8841 -16874
5547 8833 -16770
5548 8761 -16802
5549 8779 -17006
5550 8817 -16866
5551 8791 -16774
5552 8827 -16910
5553 8819 -16894
5554 8707 -16634
5555 8765 -16566
5556 8801 -16530
5557 8857 -16650
5558 8989 -17034
5559 8987 -16926
5560 8861 -16726
5561 8869 -16818
5562 8877 -16774
5563 8895 -16858
5564 8911 -16982
5565 8855 -16762
5566 8819 -16846
5567 8877 -17098
5568 8873 -17050
5569 8911 -17222
5570 8835 -16874
5571 8933 -17058
5572 8959 -17110
5573 8897 -17038
5574 8849 -16826
5575 8873 -16902
5576 8921 -16978
5577 8951 -16958
5578 8869 -16810
5579 8895 -17114
5580 8929 -17190
5581 8803 -16782
5582 8797 -16698
5583 8863 -16970
5584 8733 -16738
5585 8637 -16554
5586 8645 -16622
5587 8785 -16762
5588 8735 -16678
5589 8775 -16894
5590 8711 -16674
5591 8693 -16562
5592 8753 -16698
5593 8793 -16878
5594 8765 -16786
5595 8673 -16558
5596 8733 -16750
5597 8779 -16818
5598 8715 -16802
5599 8745 -16854
5600 8725 -16694
5601 8775 -16766
5602 8773 -16946
5603 8735 -16734
5604 8715 -16726
5605 8725 -16758
5606 8827 -16922
5607 8741 -16734
5608 8719 -16670
5609 8811 -16886
5610 8871 -16978
5611 8977 -17086
5612 8895 -16866
5613 8873 -16918
5614 8835 -16926
5615 8851 -16958
5616 8843 -16894
5617 8957 -17110
5618 8899 -16918
5619 8947 -17118
5620 9087 -17314
5621 9055 -17278
5622 8955 -17042
5623 8941 -17054
5624 8879 -16890
5625 8781 -16658
5626 8951 -16994
5627 8847 -16758
5628 8879 -16834
5629 8897 -16858
5630 8917 -16986
5631 8927 -17010
5632 8929 -17022
5633 9045 -17306
5634 8989 -17294
5635 8957 -17122
5636 8931 -16902
5637 8985 -17242
5638 8887 -17054
5639 8863 -16974
5640 8993 -17038
5641 9005 -17158
5642 9027 -17210
5643 9031 -17098
5644 8953 -16934
5645 9043 -17118
5646 9067 -17186
5647 9077 -17222
5648 9057 -17126
5649 8983 -17142
5650 8921 -16810
5651 8973 -17038
5652 8951 -16926
5653 9049 -17046
5654 9039 -17034
5655 9007 -17034
5656 9015 -17042
5657 8999 -16926
5658 9109 -17338
5659 9155 -17454
5660 9153 -17434
5661 9161 -17370
5662 9065 -17070
5663 9103 -17202
5664 9141 -17318
5665 9091 -17190
5666 9049 -17102
5667 8989 -17118
5668 8915 -16982
5669 8921 -16950
5670 8793 -16714
5671 8845 -16882
5672 8899 -16922
5673 8883 -16998
5674 8873 -16938
5675 8865 -16982
5676 8879 -16958
5677 8827 -16850
5678 8809 -16770
5679 8929 -17162
5680 8955 -17102
5681 8823 -16826
5682 8961 -17118
5683 8867 -16870
5684 8963 -17058
5685 8927 -16986
5686 8959 -17066
5687 8943 -16994
5688 8951 -17018
5689 8947 -16990
5690 8871 -17038
5691 8787 -16810
5692 8797 -16858
5693 8819 -16830
5694 8851 -16762
5695 8917 -16998
5696 8857 -16926
5697 8745 -16698
5698 8765 -16746
5699 8815 -16910
5700 8751 -16786
5701 8853 -16866
5702 8819 -16794
5703 8797 -16734
5704 8707 -16650
5705 8741 -16806
5706 8807 -16790
5707 8781 -16782
5708 8769 -16794
5709 8917 -16918
5710 8851 -16690
5711 8875 -16778
5712 8905 -16878
5713 8941 -16946
5714 8925 -16874
5715 8957 -17110
5716 8963 -16982
5717 8963 -16902
5718 9019 -17106
5719 8959 -17086
5720 8825 -16842
5721 8723 -16618
5722 8801 -16722
5723 8793 -16726
5724 8755 -16730
5725 8707 -16638
5726 8687 -16554
5727 8761 -16602
5728 8749 -16522
5729 8735 -16510
5730 8847 -16814
5731 8795 -16730
5732 8879 -16962
5733 8819 -16742
5734 8875 -17022
5735 8847 -17054
5736 8747 -16814
5737 8789 -16970
5738 8745 -16686
5739 8797 -16850
5740 8781 -16714
5741 8731 -16730
5742 8779 -16738
5743 8823 -16942
5744 8773 -16846
5745 8723 -16702
5746 8835 -16942
5747 8831 -16906
5748 8897 -17158
5749 8885 -17130
5750 8899 -17082
5751 8901 -17046
5752 8889 -17074
5753 8747 -16850
5754 8765 -16770
5755 8769 -16718
5756 8709 -16574
5757 8757 -16522
5758 8667 -16266
5759 8849 -16850
5760 8741 -16614
5761 8831 -16722
5762 8879 -16826
5763 8877 -16810
5764 8885 -16950
5765 8945 -17010
5766 9045 -17246
5767 9017 -17194
5768 8935 -16990
5769 8923 -16938
5770 8909 -16898
5771 8837 -16866
5772 8987 -17050
5773 8945 -17074
5774 9043 -17130
5775 9005 -17066
5776 8981 -17138
5777 8885 -16970
5778 8811 -16786
5779 8757 -16818
5780 8711 -16762
5781 8755 -16878
5782 8871 -16946
5783 8861 -16870
5784 8917 -16930
5785 8915 -16882
5786 9041 -17186
5787 9009 -17170
5788 8883 -16894
5789 8793 -16722
5790 8795 -16650
5791 8887 -16906
5792 8933 -17038
5793 8915 -16898
5794 8879 -16846
5795 8949 -17022
5796 8923 -16974
5797 8893 -16878
5798 8977 -17050
5799 8963 -16886
5800 8883 -16742
5801 8941 -16894
5802 9003 -17090
5803 8983 -17114
5804 8899 -16946
5805 8873 -16894
5806 8723 -16598
5807 8815 -16746
5808 8859 -16934
5809 8797 -16874
5810 8795 -16878
5811 8927 -16990
5812 8979 -16978
5813 8951 -16986
5814 8965 -17274
5815 8923 -17182
5816 8827 -16910
5817 8891 -17042
5818 8905 -17134
5819 8903 -17078
5820 8863 -17034
5821 8871 -16970
5822 8871 -16910
5823 8795 -16718
5824 8797 -16954
5825 8771 -16846
5826 8803 -16770
5827 8825 -16718
5828 8853 -16618
5829 8937 -17054
5830 8941 -17066
5831 8987 -17214
5832 8989 -17158
5833 8941 -16966
5834 8913 -16906
5835 8941 -16974
5836 8871 -16894
5837 8847 -16878
5838 8889 -16978
5839 8873 -17002
5840 8877 -16930
5841 8883 -16938
5842 8887 -17026
5843 8855 -16858
5844 8853 -16862
5845 8923 -16938
5846 8985 -17086
5847 8971 -16950
5848 9055 -17226
5849 9083 -17222
5850 9137 -17334
5851 9131 -17238
5852 9179 -17402
5853 9121 -17206
5854 9119 -17402
5855 9071 -17106
5856 9015 -17010
5857 9013 -17026
5858 9015 -16994
5859 9045 -17042
5860 9033 -17158
5861 9025 -17074
5862 9099 -17290
5863 9053 -17142
5864 9001 -17058
5865 8985 -16970
5866 9009 -17046
5867 9037 -17210
5868 8991 -17038
5869 8977 -16978
5870 8991 -17106
5871 8957 -17062
5872 8925 -16986
5873 8907 -16938
5874 8901 -16894
5875 8849 -16794
5876 8879 -16858
5877 8885 -16894
5878 8953 -17022
5879 8885 -16882
5880 8941 -16918
5881 8919 -16826
5882 8791 -16678
5883 8863 -16790
5884 8927 -16882
5885 8863 -16822
5886 8861 -16958
5887 8889 -16982
5888 8757 -16758
5889 8793 -16854
5890 8827 -16926
5891 8765 -16842
5892 8767 -16918
5893 8633 -16646
5894 8669 -16670
5895 8669 -16734
5896 8699 -16690
5897 8831 -16790
5898 8889 -16906
5899 8887 -16898
5900 8805 -16790
5901 8767 -16714
5902 8715 -16538
5903 8695 -16414
5904 8749 -16622
5905 8803 -16758
5906 8879 -16890
5907 8925 -16958
5908 8957 -16966
5909 8921 -16962
5910 8925 -17078
5911 8869 -16914
5912 8959 -16938
5913 8911 -16922
5914 8885 -17038
5915 8789 -16734
5916 8729 -16738
5917 8691 -16702
5918 8673 -16654
5919 8685 -16734
5920 8777 -16770
5921 8739 -16706
5922 8707 -16658
5923 8767 -16886
5924 8747 -16858
5925 8739 -16894
5926 8861 -16942
5927 8851 -16934
5928 8799 -16874
5929 8817 -16882
5930 8839 -16970
5931 8789 -16946
5932 8825 -16934
5933 8889 -16934
5934 8943 -17122
5935 8879 -16918
5936 8775 -16738
5937 8701 -16614
5938 8789 -16842
5939 8737 -16806
5940 8789 -16990
5941 8693 -16762
5942 8655 -16638
5943 8693 -16674
5944 8775 -16878
5945 8757 -16750
5946 8765 -16778
5947 8709 -16630
5948 8819 -16894
5949 8867 -17078
5950 8769 -16690
5951 8801 -16678
5952 8737 -16690
5953 8843 -16978
5954 8833 -16946
5955 8915 -17090
5956 8831 -16942
5957 8787 -16798
5958 8679 -16650
5959 8705 -16834
5960 8733 -16874
5961 8769 -16970
5962 8745 -16738
5963 8761 -16786
5964 8683 -16578
5965 8659 -16518
5966 8695 -16770
5967 8721 -16798
5968 8749 -16726
5969 8833 -17042
5970 8963 -17190
5971 8947 -17142
5972 8917 -16982
5973 8895 -16982
5974 8941 -17094
5975 8897 -16982
5976 8889 -16906
5977 8819 -16818
5978 8787 -16826
5979 8921 -17130
5980 8919 -17182
5981 8911 -17034
5982 8929 -17234
5983 8799 -16862
5984 8771 -16910
5985 8787 -16826
5986 8727 -16738
5987 8719 -16654
5988 8791 -16934
5989 8757 -16802
5990 8807 -16830
5991 8905 -16950
5992 8989 -17018
5993 8929 -16934
5994 8933 -17022
5995 8999 -17134
5996 8953 -17046
5997 8901 -17026
5998 8861 -16986
5999 8867 -16978
6000 9023 -17274
6001 8997 -17146
6002 9051 -17294
6003 9051 -17154
6004 9049 -17046
6005 8935 -16958
6006 8935 -16890
6007 8867 -16806
6008 8823 -16758
6009 8919 -16882
6010 8985 -17250
6011 8957 -17026
6012 9069 -17362
6013 9011 -17094
6014 8931 -16914
6015 8877 -16966
6016 8881 -16922
6017 8757 -16682
6018 8775 -16706
6019 8773 -16866
6020 8781 -16890
6021 8807 -16774
6022 8783 -16898
6023 8851 -16890
6024 8873 -16862
6025 8927 -16858
6026 8879 -16670
6027 8909 -16802
6028 8949 -16770
6029 8919 -16754
6030 8955 -16922
6031 8961 -16994
6032 8965 -17030
6033 9051 -17250
6034 9093 -17258
6035 9081 -17262
6036 9171 -17346
6037 9137 -17286
6038 9155 -17330
6039 9119 -17230
6040 8959 -16938
6041 8799 -16722
6042 8887 -16878
6043 8815 -16714
6044 8917 -17030
6045 8733 -16770
6046 8747 -16774
6047 8645 -16538
6048 8711 -16706
6049 8711 -16818
6050 8759 -16882
6051 8631 -16562
6052 8737 -16658
6053 8703 -16606
6054 8661 -16466
6055 8719 -16538
6056 8749 -16574
6057 8751 -16546
6058 8785 -16762
6059 8759 -16762
6060 8777 -16774
6061 8837 -16822
6062 8779 -16718
6063 8835 -16858
6064 8699 -16530
6065 8767 -16658
6066 8713 -16690
6067 8757 -16786
6068 8779 -16934
6069 8809 -16922
6070 8797 -16862
6071 8741 -16782
6072 8653 -16594
6073 8601 -16486
6074 8651 -16698
6075 8667 -16566
6076 8613 -16582
6077 8687 -16738
6078 8633 -16662
6079 8715 -16858
6080 8543 -16474
6081 8547 -16658
6082 8523 -16570
6083 8569 -16658
6084 8561 -16666
6085 8547 -16518
6086 8647 -16718
6087 8723 -16742
6088 8691 -16658
6089 8715 -16882
6090 8767 -16906
6091 8661 -16614
6092 8483 -16414
6093 8637 -16762
6094 8735 -16798
6095 8773 -16710
6096 8743 -16642
6097 8685 -16578
6098 8717 -16742
6099 8827 -16910
6100 8923 -17122
6101 8959 -17214
6102 8899 -16910
6103 8841 -16950
6104 8813 -16970
6105 8815 -16874
6106 8851 -16970
6107 8907 -17034
6108 8909 -17190
6109 8801 -16838
6110 8751 -16818
6111 8755 -16770
6112 8869 -16998
6113 8851 -16954
6114 8877 -16950
6115 8881 -16818
6116 8899 -16926
6117 8885 -16910
6118 8975 -17186
6119 8931 -17034
6120 8869 -16822
6121 8879 -16814
6122 8841 -16690
6123 8765 -16630
6124 8763 -16670
6125 8743 -16582
6126 8833 -16722
6127 8863 -16834
6128 8905 -17102
6129 8967 -17090
6130 8873 -16926
6131 8915 -17022
6132 8839 -16794
6133 8887 -16706
6134 8945 -17074
6135 8823 -16774
6136 8795 -16654
6137 8885 -16926
6138 8945 -17210
6139 8959 -17218
6140 8969 -17206
6141 8929 -17106
6142 8943 -17142
6143 8877 -16934
6144 8927 -16830
6145 8967 -17082
6146 8859 -16866
6147 8847 -16850
6148 8859 -16838
6149 8807 -16818
6150 8835 -16746
6151 8833 -16810
6152 8753 -16726
6153 8701 -16710
6154 8639 -16614
6155 8659 -16518
6156 8837 -17110
6157 8801 -16990
6158 8801 -16946
6159 8785 -16754
6160 8837 -16926
6161 8815 -16954
6162 8791 -16902
6163 8797 -16826
6164 8799 -17010
6165 8809 -16834
6166 8775 -16770
6167 8771 -16814
6168 8649 -16618
6169 8747 -16830
6170 8791 -17126
6171 8809 -16986
6172 8765 -16874
6173 8733 -16762
6174 8719 -16654
6175 8745 -16678
6176 8863 -17026
6177 8861 -17014
6178 8811 -16758
6179 8779 -16754
6180 8791 -16862
6181 8679 -16630
6182 8673 -16622
6183 8785 -16858
6184 8763 -16734
6185 8803 -16798
6186 8741 -16614
6187 8753 -16682
6188 8837 -16882
6189 8803 -16814
6190 8855 -16894
6191 8959 -17110
6192 8969 -17206
6193 8909 -17114
6194 8835 -17050
6195 8821 -17034
6196 8785 -16858
6197 8827 -16974
6198 8757 -16734
6199 8641 -16426
6200 8671 -16626
6201 8733 -16746
6202 8639 -16470
6203 8647 -16550
6204 8599 -16618
6205 8587 -16474
6206 8741 -16582
6207 8747 -16626
6208 8757 -16694
6209 8671 -16494
6210 8753 -16930
6211 8673 -16782
6212 8677 -16742
6213 8777 -16814
6214 8835 -16950
6215 8969 -17154
6216 8985 -17158
6217 8983 -17158
6218 8951 -17178
6219 8909 -17174
6220 8935 -17290
6221 8951 -17110
6222 8941 -17106
6223 8985 -17158
6224 9011 -17186
6225 9033 -17166
6226 8937 -17074
6227 8963 -17166
6228 8935 -17074
6229 8897 -16962
6230 8909 -16994
6231 8801 -16782
6232 8837 -16862
6233 8861 -17014
6234 8693 -16574
6235 8755 -16730
6236 8799 -17002
6237 8807 -16894
6238 8713 -16686
6239 8751 -16854
6240 8807 -16874
6241 8847 -16950
6242 8873 -16942
6243 8943 -17086
6244 8963 -17102
6245 8819 -16722
6246 8841 -16918
6247 8705 -16570
6248 8707 -16602
6249 8717 -16666
6250 8697 -16618
6251 8751 -16650
6252 8743 -16706
6253 8867 -17090
6254 8901 -17122
6255 8911 -16958
6256 8977 -17142
6257 8939 -17002
6258 9007 -17090
6259 9045 -17174
6260 9075 -17250
6261 9027 -17102
6262 9025 -17126
6263 8949 -17062
6264 8945 -16962
6265 8947 -17006
6266 8949 -16950
6267 8889 -16910
6268 8863 -16758
6269 8863 -16850
6270 8799 -16762
6271 8821 -16902
6272 8761 -16762
6273 8789 -16622
6274 8751 -16506
6275 8823 -16758
6276 8863 -16906
6277 8857 -16898
6278 8851 -16850
6279 8923 -16930
6280 8873 -16926
6281 8915 -16906
6282 9053 -17186
6283 9043 -17150
6284 9133 -17386
6285 9077 -17186
6286 9089 -17186
6287 8965 -16990
6288 8917 -16922
6289 8943 -16970
6290 8987 -17094
6291 8945 -17154
6292 8883 -17014
6293 8823 -16838
6294 8959 -17054
6295 8985 -17130
6296 8855 -17006
6297 8853 -16882
6298 8823 -16786
6299 8863 -16838
6300 8969 -17146
6301 8981 -17126
6302 8971 -17118
6303 8913 -16938
6304 8915 -16902
6305 8953 -17062
6306 8941 -17034
6307 8875 -16814
6308 8865 -16854
6309 8965 -17042
6310 9005 -17098
6311 9009 -17102
6312 8921 -16822
6313 8937 -16950
6314 8935 -16938
6315 8797 -16606
6316 8687 -16578
6317 8747 -16774
6318 8739 -16726
6319 8731 -16594
6320 8857 -16798
6321 8837 -16818
6322 8733 -16606
6323 8807 -16778
6324 8903 -16982
6325 8847 -16846
6326 8835 -16866
6327 8815 -16890
6328 8723 -16898
6329 8739 -16670
6330 8767 -16610
6331 8837 -16694
6332 8939 -16890
6333 8895 -16850
6334 8897 -16766
6335 8829 -16674
6336 8841 -16766
6337 8819 -16742
6338 8695 -16538
6339 8773 -16710
6340 8817 -16774
6341 8799 -16802
6342 8823 -16742
6343 8789 -16662
6344 8815 -16590
6345 8771 -16598
6346 8783 -16830
6347 8781 -16786
6348 8767 -16802
6349 8861 -16894
6350 8787 -16870
6351 8881 -17238
6352 8793 -17010
6353 8711 -16754
6354 8857 -16938
6355 8857 -17050
6356 8849 -17058
6357 8765 -16862
6358 8771 -16802
6359 8691 -16662
6360 8619 -16474
6361 8627 -16478
6362 8683 -16626
6363 8713 -16670
6364 8745 -16594
6365 8771 -16710
6366 8761 -16718
6367 8753 -16794
6368 8773 -16750
6369 8709 -16638
6370 8703 -16634
6371 8801 -16790
6372 8731 -16762
6373 8847 -17030
6374 8865 -16946
6375 8821 -16982
6376 8799 -16990
6377 8745 -17090
6378 8679 -16818
6379 8773 -16918
6380 8793 -16894
6381 8871 -16990
6382 8817 -16918
6383 8761 -16894
6384 8891 -17098
6385 8849 -17022
6386 8841 -16854
6387 8833 -16866
6388 8855 -16862
6389 8861 -17042
6390 8913 -17122
6391 8841 -16926
6392 8781 -16818
6393 8753 -16806
6394 8745 -16702
6395 8695 -16758
6396 8741 -16838
6397 8717 -16814
6398 8721 -16798
6399 8615 -16642
6400 8551 -16530
6401 8589 -16622
6402 8623 -16698
6403 8721 -16774
6404 8643 -16658
6405 8743 -16754
6406 8797 -16866
6407 8779 -16694
6408 8735 -16678
6409 8675 -16614
6410 8667 -16646
6411 8613 -16606
6412 8563 -16526
6413 8701 -16886
6414 8717 -16798
6415 8687 -16622
6416 8685 -16846
6417 8679 -16742
6418 8641 -16734
6419 8717 -16806
6420 8757 -16810
6421 8743 -16842
6422 8791 -17046
6423 8775 -16906
6424 8791 -16906
6425 8755 -16794
6426 8771 -16766
6427 8787 -16770
6428 8835 -16750
6429 8817 -16826
6430 8763 -16574
6431 8753 -16734
6432 8719 -16674
6433 8671 -16698
6434 8621 -16574
6435 8657 -16554
6436 8695 -16670
6437 8709 -16738
6438 8621 -16742
6439 8571 -16610
6440 8693 -16858
6441 8767 -16894
6442 8733 -16850
6443 8887 -17078
6444 8759 -16842
6445 8785 -16838
6446 8795 -17118
6447 8809 -17102
6448 8769 -16990
6449 8805 -17054
6450 8741 -16818
6451 8851 -17034
6452 8825 -17034
6453 8749 -16818
6454 8741 -16818
6455 8825 -17066
6456 8851 -17138
6457 8903 -17122
6458 8873 -17042
6459 8739 -16798
6460 8731 -16650
6461 8753 -16754
6462 8847 -17054
6463 8813 -16942
6464 8847 -17030
6465 8801 -17122
6466 8805 -17094
6467 8757 -16970
6468 8649 -16766
6469 8671 -16746
6470 8629 -16746
6471 8643 -16642
6472 8683 -16674
6473 8567 -16446
6474 8675 -16670
6475 8615 -16646
6476 8617 -16454
6477 8753 -16810
6478 8687 -16710
6479 8711 -16734
6480 8793 -16974
6481 8757 -16834
6482 8783 -16970
6483 8637 -16830
6484 8635 -16838
6485 8669 -16798
6486 8683 -17014
6487 8605 -16902
6488 8597 -16850
6489 8491 -16662
6490 8615 -16794
6491 8641 -16826
6492 8613 -16750
6493 8715 -16942
6494 8721 -16886
6495 8683 -17042
6496 8681 -16982
6497 8687 -16966
6498 8673 -16914
6499 8697 -16878
6500 8599 -16642
6501 8671 -16766
6502 8713 -16818
6503 8791 -16994
6504 8765 -17106
6505 8821 -17146
6506 8905 -17222
6507 8875 -17254
6508 8853 -17170
6509 8853 -17182
6510 8823 -17014
6511 8871 -17270
6512 8871 -17218
6513 8927 -17346
6514 8973 -17306
6515 8975 -17162
6516 8983 -17350
6517 8973 -17262
6518 9031 -17334
6519 8941 -17178
6520 8865 -17094
6521 8793 -16790
6522 8779 -16914
6523 8815 -17018
6524 8709 -16806
6525 8623 -16662
6526 8577 -16470
6527 8577 -16626
6528 8589 -16686
6529 8575 -16618
6530 8571 -16742
6531 8613 -16734
6532 8577 -16678
6533 8523 -16674
6534 8631 -16886
6535 8653 -16818
6536 8681 -16882
6537 8735 -17070
6538 8715 -16842
6539 8725 -16998
6540 8617 -16754
6541 8615 -16794
6542 8599 -16646
6543 8619 -16698
6544 8563 -16430
6545 8687 -16818
6546 8653 -16714
6547 8671 -16662
6548 8801 -16902
6549 8783 -16822
6550 8899 -17034
6551 8833 -17026
6552 8779 -16922
6553 8821 -16914
6554 8801 -16914
6555 8725 -16862
6556 8773 -16910
6557 8609 -16690
6558 8605 -16574
6559 8563 -16578
6560 8405 -16346
6561 8453 -16362
6562 8565 -16662
6563 8601 -16742
6564 8771 -16954
6565 8815 -16910
6566 8877 -17130
6567 8819 -16982
6568 8689 -16674
6569 8673 -16678
6570 8767 -16878
6571 8711 -16770
6572 8603 -16490
6573 8629 -16530
6574 8623 -16478
6575 8627 -16642
6576 8617 -16686
6577 8543 -16614
6578 8669 -16670
6579 8643 -16710
6580 8679 -16714
6581 8689 -16738
6582 8695 -16638
6583 8685 -16666
6584 8777 -16810
6585 8755 -16834
6586 8763 -16790
6587 8779 -16742
6588 8811 -16826
6589 8883 -16994
6590 8781 -16782
6591 8737 -16642
6592 8815 -16882
6593 8877 -17046
6594 8831 -16906
6595 8813 -16866
6596 8951 -17102
6597 8985 -17238
6598 8963 -16974
6599 8849 -16894
6600 8975 -17234
6601 9011 -17210
6602 9061 -17342
6603 9015 -17230
6604 8971 -17182
6605 8913 -16918
6606 8963 -17090
6607 8961 -17106
6608 8981 -17154
6609 8899 -16954
6610 8907 -17070
6611 8975 -17226
6612 8921 -17050
6613 8933 -17034
6614 8909 -16954
6615 8835 -16750
6616 8769 -16630
6617 8817 -16746
6618 8853 -16918
6619 8929 -16902
6620 8843 -16810
6621 8801 -16702
6622 8781 -16682
6623 8839 -16794
6624 8919 -16942
6625 9005 -17134
6626 9019 -17030
6627 9019 -16982
6628 9027 -17102
6629 8913 -16918
6630 8793 -16850
6631 8751 -16642
6632 8805 -16718
6633 8773 -16706
6634 8843 -16918
6635 8857 -16930
6636 8849 -17006
6637 8931 -17122
6638 8911 -17002
6639 8949 -17122
6640 8857 -16826
6641 8825 -16774
6642 8807 -16750
6643 8817 -16822
6644 8815 -16842
6645 8729 -16790
6646 8787 -16778
6647 8857 -16910
6648 8839 -16782
6649 8899 -16878
6650 8945 -16982
6651 8889 -16990
6652 8903 -17070
6653 8951 -16926
6654 8947 -17026
6655 8901 -16986
6656 8871 -16986
6657 9017 -17134
6658 8947 -17010
6659 8837 -16862
6660 8899 -16830
6661 8951 -16922
6662 8971 -17010
6663 8945 -16922
6664 8979 -17082
6665 9023 -17150
6666 9027 -17118
6667 9025 -17094
6668 9027 -17138
6669 8955 -17038
6670 8963 -17034
6671 8843 -16858
6672 8873 -16974
6673 8801 -16898
6674 8801 -16778
6675 8895 -17018
6676 8771 -16750
6677 8739 -16730
6678 8583 -16454
6679 8667 -16698
6680 8661 -16654
6681 8709 -16710
6682 8651 -16622
6683 8597 -16498
6684 8695 -16638
6685 8737 -16650
6686 8839 -16994
6687 8865 -16982
6688 8903 -17102
6689 8901 -16926
6690 8981 -17122
6691 8947 -17010
6692 8951 -16998
6693 8955 -16982
6694 8995 -17186
6695 9059 -17154
6696 9129 -17546
6697 9057 -17310
6698 8993 -17050
6699 8981 -17010
6700 8983 -16994
6701 8909 -16906
6702 8861 -16858
6703 8893 -16998
6704 8853 -16810
6705 8961 -17014
6706 8911 -17102
6707 8883 -17002
6708 8839 -16798
6709 8845 -16902
6710 8821 -16806
6711 8777 -16634
6712 8795 -16714
6713 8887 -16902
6714 8877 -16926
6715 9001 -17158
6716 9013 -17178
6717 8927 -16898
6718 8961 -17034
6719 8923 -16894
6720 8895 -16966
6721 8943 -17146
6722 8893 -17062
6723 8829 -16846
6724 8853 -17014
6725 8773 -16634
6726 8723 -16550
6727 8743 -16578
6728 8729 -16638
6729 8719 -16654
6730 8723 -16610
6731 8729 -16874
6732 8545 -16414
6733 8485 -16386
6734 8565 -16514
6735 8631 -16722
6736 8727 -16798
6737 8717 -16850
6738 8715 -16742
6739 8581 -16602
6740 8669 -16642
6741 8601 -16534
6742 8579 -16602
6743 8599 -16546
6744 8571 -16710
6745 8621 -16770
6746 8557 -16694
6747 8589 -16606
6748 8711 -17002
6749 8651 -16718
6750 8565 -16534
6751 8589 -16634
6752 8759 -16990
6753 8753 -16974
6754 8673 -16786
6755 8655 -16870
6756 8577 -16606
6757 8745 -16878
6758 8727 -16790
6759 8719 -16774
6760 8755 -16854
6761 8777 -16806
6762 8743 -16550
6763 8781 -16666
6764 8751 -16706
6765 8907 -17042
6766 8871 -17130
6767 8871 -17082
6768 8899 -17098
6769 8869 -17054
6770 8983 -17186
6771 8905 -17082
6772 8937 -17198
6773 8791 -16850
6774 8797 -16902
6775 8801 -16966
6776 8683 -16702
6777 8653 -16834
6778 8635 -16682
6779 8569 -16482
6780 8605 -16550
6781 8567 -16514
6782 8621 -16642
6783 8623 -16686
6784 8561 -16482
6785 8563 -16378
6786 8551 -16390
6787 8537 -16362
6788 8513 -16322
6789 8509 -16534
6790 8357 -16290
6791 8425 -16418
6792 8531 -16578
6793 8681 -16766
6794 8683 -16758
6795 8817 -17054
6796 8787 -17134
6797 8799 -17258
6798 8733 -17018
6799 8669 -17010
6800 8629 -16802
6801 8655 -16846
6802 8709 -16938
6803 8621 -16810
6804 8575 -16698
6805 8483 -16478
6806 8427 -16502
6807 8365 -16398
6808 8369 -16526
6809 8431 -16482
6810 8417 -16450
6811 8373 -16210
6812 8347 -16334
6813 8491 -16618
6814 8499 -16654
6815 8627 -16838
6816 8671 -16858
6817 8677 -16862
6818 8755 -16998
6819 8761 -16806
6820 8691 -16718
6821 8775 -16770
6822 8761 -16786
6823 8735 -16634
6824 8783 -16682
6825 8761 -16610
6826 8773 -16634
6827 8819 -16818
6828 8707 -16586
6829 8853 -16786
6830 8831 -16766
6831 8869 -16822
6832 8809 -16818
6833 8835 -16962
6834 8905 -17070
6835 8935 -17010
6836 8983 -16918
6837 8911 -16958
6838 8937 -17098
6839 8927 -17042
6840 8935 -17130
6841 8943 -17006
6842 8985 -17182
6843 8933 -17006
6844 9053 -17306
6845 8989 -17206
6846 8939 -17082
6847 8987 -17206
6848 8957 -17082
6849 8947 -17074
6850 8909 -16994
6851 8969 -17006
6852 8895 -16870
6853 8957 -17110
6854 8805 -16990
6855 8749 -16938
6856 8759 -16882
6857 8685 -16634
6858 8699 -16654
6859 8645 -16494
6860 8821 -16798
6861 8785 -16702
6862 8823 -16850
6863 8717 -16634
6864 8773 -16878
6865 8869 -17002
6866 8865 -16978
6867 8887 -16938
6868 8817 -16694
6869 8693 -16570
6870 8803 -16790
6871 8765 -16678
6872 8669 -16518
6873 8863 -16974
6874 8871 -17078
6875 8963 -17114
6876 8903 -16966
6877 8885 -17094
6878 8875 -17130
6879 8917 -17090
6880 8767 -16698
6881 8693 -16782
6882 8675 -16658
6883 8737 -16782
6884 8765 -16822
6885 8727 -16646
6886 8761 -16666
6887 8773 -16870
6888 8799 -17038
6889 8725 -16842
6890 8757 -16806
6891 8849 -16910
6892 8883 -17010
6893 8847 -16910
6894 8831 -16798
6895 8927 -17006
6896 8933 -17026
6897 9093 -17462
6898 9167 -17434
6899 9113 -17386
6900 9011 -17098
6901 8969 -17162
6902 8869 -16962
6903 8977 -17134
6904 8847 -16818
6905 8791 -16702
6906 8799 -16698
6907 8913 -17070
6908 8913 -16982
6909 8873 -16930
6910 8851 -16906
6911 8837 -16786
6912 8855 -16810
6913 8851 -16938
6914 8901 -16974
6915 8821 -16730
6916 8705 -16670
6917 8765 -16674
6918 8849 -16926
6919 8855 -16966
6920 8859 -16906
6921 8779 -16798
6922 8693 -16634
6923 8753 -16762
6924 8757 -16742
6925 8849 -16982
6926 8767 -16858
6927 8807 -17034
6928 8817 -16846
6929 8829 -16958
6930 8739 -16670
6931 8705 -16678
6932 8717 -16734
6933 8765 -16746
6934 8735 -16686
6935 8809 -16810
6936 8749 -16762
6937 8739 -16726
6938 8689 -16738
6939 8733 -16914
6940 8659 -16754
6941 8597 -16622
6942 8645 -16690
6943 8649 -16634
6944 8577 -16402
6945 8577 -16446
6946 8623 -16530
6947 8589 -16542
6948 8661 -16562
6949 8659 -16662
6950 8585 -16650
6951 8679 -16714
6952 8715 -16934
6953 8739 -16934
6954 8687 -16798
6955 8739 -16978
6956 8785 -16982
6957 8765 -16878
6958 8631 -16662
6959 8645 -16606
6960 8735 -16686
6961 8829 -16898
6962 8847 -17002
6963 8833 -16994
6964 8891 -16930
6965 8961 -17110
6966 9013 -17222
6967 8983 -17194
6968 9011 -17198
6969 8871 -16886
6970 8845 -16962
6971 8885 -16942
6972 8915 -17018
6973 8873 -16858
6974 8897 -16850
6975 8847 -16950
6976 8901 -16938
6977 8943 -16994
6978 8947 -17038
6979 8939 -17050
6980 8967 -16986
6981 9003 -17138
6982 8965 -17110
6983 8933 -17042
6984 8931 -16990
6985 8951 -17194
6986 8921 -17002
6987 8943 -17026
6988 9003 -17130
6989 9003 -17174
6990 8907 -16834
6991 8963 -17122
6992 8951 -17094
6993 8879 -17014
6994 8801 -16770
6995 8813 -16722
6996 8809 -16722
6997 8849 -16702
6998 8939 -16834
6999 9033 -17090
7000 9045 -17218
7001 8989 -17074
7002 8883 -16810
7003 8931 -16986
7004 8951 -16986
7005 8901 -16786
7006 9019 -17162
7007 8897 -16910
7008 8953 -17214
7009 8893 -17062
7010 8903 -17014
7011 8953 -17166
7012 8957 -17198
7013 8887 -16990
7014 8929 -16966
7015 8897 -16850
7016 8925 -16938
7017 8949 -16898
7018 8877 -16790
7019 8909 -17014
7020 8865 -16898
7021 8929 -16998
7022 8961 -17018
7023 8899 -16770
7024 8903 -16862
7025 8957 -17098
7026 8899 -16934
7027 8849 -16870
7028 8889 -17010
7029 8895 -17014
7030 8827 -16914
7031 8849 -17010
7032 8887 -16998
7033 8849 -16826
7034 8841 -16714
7035 8787 -16634
7036 8707 -16482
7037 8707 -16634
7038 8793 -16742
7039 8805 -16790
7040 8849 -16850
7041 8901 -16962
7042 8863 -16990
7043 8879 -16958
7044 8967 -17126
7045 8877 -16870
7046 8831 -16850
7047 8877 -17022
7048 8889 -17214
7049 8877 -17146
7050 8821 -16842
7051 8793 -16842
7052 8783 -16914
7053 8809 -17002
7054 8713 -16706
7055 8769 -16718
7056 8873 -16874
7057 8983 -17106
7058 8937 -16954
7059 8963 -17142
7060 8889 -16946
7061 8879 -17002
7062 8941 -17026
7063 8945 -17166
7064 8865 -17070
7065 8863 -17066
7066 8797 -16798
7067 8891 -16994
7068 8841 -16830
7069 8869 -17014
7070 8921 -17118
7071 8777 -16742
7072 8813 -16786
7073 8909 -17014
7074 8881 -16890
7075 8857 -16958
7076 8811 -17042
7077 8811 -16990
7078 8871 -17142
7079 8775 -16774
7080 8795 -16878
7081 8747 -16642
7082 8755 -16722
7083 8695 -16718
7084 8743 -16846
7085 8709 -16734
7086 8625 -16446
7087 8625 -16502
7088 8589 -16394
7089 8601 -16522
7090 8785 -16846
7091 8867 -16970
7092 8755 -16682
7093 8771 -16842
7094 8825 -16754
7095 8843 -16834
7096 8907 -17026
7097 8885 -17006
7098 8815 -16898
7099 8823 -16894
7100 8719 -16654
7101 8821 -16854
7102 8857 -16978
7103 8901 -17062
7104 8967 -17026
7105 9041 -17286
7106 9065 -17266
7107 8961 -16954
7108 8993 -16958
7109 9025 -17046
7110 9061 -17142
7111 8997 -17090
7112 8981 -17122
7113 9109 -17318
7114 9063 -17118
7115 9127 -17290
7116 9111 -17154
7117 9045 -16994
7118 9033 -17018
7119 9107 -17094
7120 9061 -17142
7121 9059 -17106
7122 9047 -17090
7123 8961 -16922
7124 8963 -16922
7125 9053 -17114
7126 9045 -17110
7127 8899 -16786
7128 8827 -16870
7129 8871 -16810
7130 8895 -16950
7131 8985 -17174
7132 8959 -17090
7133 8899 -16854
7134 8909 -16850
7135 8913 -16946
7136 8955 -17082
7137 9087 -17298
7138 9099 -17326
7139 9009 -17186
7140 9015 -17210
7141 8919 -16942
7142 8863 -16990
7143 8773 -16702
7144 8753 -16662
7145 8687 -16590
7146 8739 -16638
7147 8743 -16842
7148 8741 -16866
7149 8751 -16666
7150 8781 -16886
7151 8753 -16758
7152 8833 -16874
7153 8663 -16686
7154 8727 -16842
7155 8829 -16886
7156 8791 -16854
7157 8787 -16838
7158 8883 -16914
7159 8833 -16794
7160 8937 -16942
7161 9013 -17098
7162 8935 -16990
7163 8855 -16930
7164 8937 -16982
7165 8935 -16926
7166 8965 -17022
7167 9013 -17062
7168 9029 -17158
7169 9015 -17126
7170 8943 -17058
7171 8957 -17018
7172 8941 -17106
7173 8957 -17106
7174 8933 -17038
7175 8819 -16850
7176 8831 -16818
7177 8781 -16602
7178 8819 -16738
7179 8899 -17026
7180 8897 -16926
7181 8905 -16986
7182 8829 -16874
7183 8733 -16890
7184 8787 -16882
7185 8827 -17006
7186 8867 -17014
7187 8865 -16866
7188 8945 -17026
7189 8787 -16766
7190 8783 -16770
7191 8773 -16710
7192 8825 -16966
7193 8777 -16838
7194 8785 -16902
7195 8793 -16862
7196 8709 -16706
7197 8719 -16646
7198 8705 -16618
7199 8821 -16818
7200 8787 -16638
7201 8715 -16526
7202 8817 -16798
7203 8939 -17122
7204 8973 -17194
7205 8977 -17138
7206 8899 -16974
7207 8943 -16978
7208 8885 -16838
7209 8911 -16878
7210 8789 -16678
7211 8819 -16646
7212 8867 -16782
7213 9023 -17074
7214 9067 -17218
7215 9075 -17218
7216 9047 -17030
7217 8993 -17018
7218 9013 -17050
7219 9097 -17146
7220 9089 -17234
7221 9041 -17010
7222 8993 -16958
7223 9021 -17050
7224 9023 -17022
7225 9097 -17222
7226 9061 -17202
7227 8971 -17034
7228 8929 -16926
7229 8869 -16858
7230 8839 -16686
7231 8863 -16798
7232 8907 -17014
7233 8943 -17130
7234 8997 -17170
7235 8963 -17042
7236 8925 -16886
7237 8837 -16722
7238 8881 -16870
7239 8963 -16954
7240 9017 -17098
7241 8915 -16826
7242 8873 -16818
7243 8849 -16746
7244 8789 -16618
7245 8873 -16818
7246 8849 -16838
7247 8935 -16854
7248 8939 -16914
7249 8967 -16990
7250 8937 -16990
7251 8937 -17078
7252 8911 -16970
7253 8741 -16566
7254 8761 -16614
7255 8721 -16578
7256 8659 -16550
7257 8747 -16578
7258 8827 -16674
7259 8797 -16686
7260 8737 -16606
7261 8779 -16726
7262 8791 -16766
7263 8763 -16762
7264 8815 -16906
7265 8785 -16906
7266 8711 -16718
7267 8711 -16714
7268 8783 -16722
7269 8773 -16786
7270 8825 -16954
7271 8747 -16798
7272 8797 -16890
7273 8811 -16710
7274 8773 -16730
7275 8893 -17018
7276 8987 -17290
7277 8989 -17242
7278 8999 -17182
7279 8949 -17114
7280 8891 -16810
7281 8883 -16894
7282 8989 -17126
7283 8963 -17198
7284 8889 -17034
7285 8841 -16946
7286 8927 -17142
7287 8963 -17222
7288 9045 -17242
7289 9071 -17322
7290 9007 -17150
7291 8937 -16978
7292 8979 -17138
7293 8913 -17018
7294 8951 -17066
7295 9049 -17370
7296 9021 -17146
7297 9011 -17102
7298 8991 -17214
7299 8961 -17066
7300 8883 -16894
7301 8911 -16954
7302 8933 -16882
7303 8925 -16934
7304 8833 -16898
7305 8861 -16942
7306 8819 -16954
7307 8865 -16994
7308 8871 -17130
7309 8967 -17330
7310 8743 -16838
7311 8841 -17094
7312 8849 -17006
7313 8891 -17018
7314 8823 -16982
7315 8839 -17006
7316 8829 -16918
7317 8805 -16834
7318 8929 -17002
7319 8849 -16954
7320 8787 -16894
7321 8867 -16890
7322 8913 -17014
7323 8925 -17078
7324 8953 -17090
7325 9013 -17042
7326 9037 -17034
7327 9067 -17182
7328 9067 -17158
7329 9023 -17078
7330 8965 -16986
7331 8853 -16874
7332 8921 -16962
7333 8885 -16918
7334 8911 -16890
7335 8797 -16730
7336 8921 -17022
7337 8927 -17022
7338 8921 -16966
7339 8879 -16898
7340 8855 -16742
7341 8897 -16890
7342 8925 -17070
7343 8875 -16982
7344 8911 -17070
7345 8931 -17202
7346 8851 -16986
7347 8827 -16810
7348 8887 -16934
7349 8893 -16898
7350 8851 -16774
7351 8911 -16930
7352 8917 -16998
7353 9071 -17266
7354 8997 -17094
7355 9001 -17058
7356 8925 -16910
7357 8953 -17014
7358 8985 -16950
7359 9065 -17318
7360 8903 -16694
7361 8943 -17074
7362 8917 -16914
7363 8889 -16934
7364 8857 -17002
7365 8909 -17210
7366 8873 -16982
7367 8931 -17042
7368 8821 -16866
7369 8781 -16826
7370 8827 -16774
7371 8793 -16810
7372 8855 -17010
7373 8765 -16798
7374 8823 -16802
7375 8833 -16970
7376 8921 -17054
7377 8991 -17278
7378 8937 -17074
7379 8925 -16958
7380 8847 -16902
7381 8907 -17142
7382 8867 -16918
7383 8847 -16906
7384 8817 -16834
7385 8719 -16686
7386 8785 -16798
7387 8789 -16798
7388 8867 -16838
7389 8859 -16930
7390 8875 -16734
7391 8889 -16878
7392 8899 -17018
7393 8861 -16930
7394 8855 -16938
7395 8799 -16898
7396 8821 -16962
7397 8881 -17110
7398 8851 -16994
7399 8873 -17002
7400 8801 -16730
7401 8861 -16834
7402 8851 -16962
7403 8901 -17074
7404 8863 -16978
7405 8899 -17018
7406 8975 -17098
7407 8911 -16930
7408 8909 -16778
7409 8877 -16734
7410 8859 -16894
7411 8865 -16958
7412 8779 -16758
7413 8859 -16886
7414 8859 -16834
7415 8961 -17118
7416 8949 -17106
7417 8901 -16950
7418 8799 -16686
7419 8789 -16746
7420 8721 -16618
7421 8771 -16726
7422 8861 -16970
7423 8853 -16894
7424 8691 -16626
7425 8653 -16586
7426 8555 -16326
7427 8603 -16378
7428 8481 -16274
7429 8545 -16482
7430 8561 -16342
7431 8665 -16698
7432 8587 -16506
7433 8673 -16746
7434 8815 -16954
7435 8779 -16902
7436 8791 -16906
7437 8789 -16858
7438 8837 -16790
7439 8901 -17046
7440 8821 -16870
7441 8879 -16822
7442 8835 -16794
7443 8709 -16610
7444 8657 -16574
7445 8749 -16742
7446 8755 -16806
7447 8689 -16606
7448 8681 -16742
7449 8679 -16530
7450 8723 -16662
7451 8705 -16634
7452 8725 -16466
7453 8751 -16506
7454 8797 -16622
7455 8771 -16638
7456 8819 -16754
7457 8795 -16794
7458 8879 -16874
7459 8799 -16674
7460 8875 -16882
7461 8887 -16878
7462 8903 -16966
7463 9039 -17142
7464 8983 -17162
7465 9009 -17082
7466 9035 -17142
7467 9091 -17226
7468 9033 -17110
7469 9079 -17134
7470 9081 -17174
7471 9073 -17278
7472 9049 -17190
7473 9037 -17198
7474 9079 -17246
7475 9025 -17158
7476 8955 -16958
7477 8937 -16986
7478 8931 -16986
7479 9027 -17090
7480 9033 -17046
7481 9019 -17066
7482 9063 -17126
7483 9027 -17034
7484 9049 -17002
7485 9031 -17030
7486 9003 -16942
7487 9063 -17134
7488 9045 -17118
7489 8953 -16966
7490 8975 -17010
7491 8997 -17062
7492 8957 -16950
7493 9021 -17058
7494 8885 -16974
7495 8863 -16854
7496 8871 -16742
7497 8863 -16926
7498 8821 -16962
7499 8789 -16906
7500 8795 -16694
7501 8727 -16610
7502 8757 -16906
7503 8643 -16542
7504 8771 -16754
7505 8827 -16922
7506 8843 -17070
7507 8845 -16834
7508 8905 -16986
7509 8951 -17018
7510 8875 -16802
7511 8869 -16830
7512 8917 -16926
7513 8947 -16946
7514 8913 -17006
7515 8879 -16894
7516 8857 -16930
7517 8847 -16938
7518 8755 -16734
7519 8805 -16974
7520 8811 -17118
7521 8819 -16870
7522 8773 -16718
7523 8767 -16822
7524 8673 -16662
7525 8769 -16878
7526 8797 -16946
7527 8725 -16762
7528 8779 -16754
7529 8825 -16766
7530 8753 -16750
7531 8917 -17118
7532 8867 -17014
7533 8749 -16798
7534 8755 -16818
7535 8719 -16790
7536 8655 -16686
7537 8595 -16606
7538 8611 -16798
7539 8617 -16718
7540 8565 -16542
7541 8653 -16706
7542 8681 -16794
7543 8809 -16834
7544 8819 -16774
7545 8811 -16946
7546 8697 -16834
7547 8743 -16846
7548 8679 -16586
7549 8715 -16726
7550 8637 -16578
7551 8687 -16742
7552 8689 -16722
7553 8695 -16746
7554 8831 -16814
7555 8765 -16678
7556 8813 -16786
7557 8803 -16778
7558 8887 -16946
7559 8885 -17006
7560 9003 -17126
7561 9061 -17282
7562 9099 -17322
7563 9049 -17190
7564 8987 -17062
7565 8981 -17066
7566 8973 -17010
7567 8997 -17122
7568 8943 -17082
7569 8861 -16902
7570 8893 -16894
7571 8985 -17002
7572 8909 -16966
7573 8909 -16910
7574 8919 -16978
7575 8873 -16886
7576 8773 -16650
7577 8791 -16766
7578 8839 -16814
7579 8985 -17074
7580 9095 -17350
7581 9003 -17162
7582 9039 -17086
7583 8979 -17030
7584 8965 -16950
7585 9007 -17150
7586 8947 -16938
7587 8893 -16742
7588 9027 -17018
7589 9047 -16978
7590 9091 -17242
7591 8987 -16998
7592 8871 -16882
7593 8765 -16674
7594 8787 -16794
7595 8789 -16702
7596 8851 -16798
7597 8761 -16606
7598 8885 -16786
7599 8957 -16974
7600 8891 -17002
7601 8941 -17202
7602 8789 -16754
7603 8775 -16518
7604 8825 -16778
7605 8849 -16838
7606 8933 -17006
7607 8779 -16826
7608 8991 -17174
7609 8949 -17062
7610 9047 -17294
7611 8965 -17134
7612 8985 -17154
7613 9041 -17202
7614 9049 -17234
7615 8967 -16962
7616 9009 -17098
7617 8977 -17074
7618 8873 -16822
7619 8929 -16950
7620 8909 -16818
7621 8863 -16742
7622 9041 -17158
7623 8983 -17086
7624 8943 -17010
7625 8877 -16830
7626 9009 -16990
7627 8943 -16918
7628 8951 -16890
7629 8999 -17146
7630 9011 -17146
7631 9011 -17078
7632 8989 -17090
7633 8945 -16998
7634 8873 -16870
7635 8867 -16818
7636 8829 -16878
7637 8807 -16726
7638 8897 -16906
7639 8825 -16958
7640 8819 -16862
7641 8773 -16774
7642 8721 -16670
7643 8713 -16662
7644 8701 -16674
7645 8535 -16406
7646 8549 -16462
7647 8637 -16594
7648 8641 -16674
7649 8719 -16762
7650 8809 -16890
7651 8703 -16646
7652 8759 -16546
7653 8881 -16818
7654 8873 -16842
7655 8825 -16726
7656 8899 -16850
7657 8995 -17022
7658 9019 -17018
7659 8999 -17022
7660 9009 -17078
7661 9027 -17146
7662 9075 -17146
7663 9039 -17110
7664 9103 -17418
7665 9035 -17250
7666 8989 -17142
7667 9021 -17194
7668 9113 -17366
7669 9141 -17390
7670 9103 -17330
7671 9117 -17290
7672 8963 -17074
7673 8907 -16926
7674 8927 -16898
7675 8953 -17042
7676 8893 -16786
7677 8879 -16786
7678 8903 -16930
7679 8931 -17146
7680 8769 -16926
7681 8653 -16698
7682 8627 -16650
7683 8691 -16798
7684 8729 -16818
7685 8693 -16850
7686 8789 -16994
7687 8759 -16934
7688 8913 -17166
7689 8881 -17110
7690 8819 -16842
7691 8841 -16790
7692 8809 -16758
7693 8775 -16654
7694 8885 -16826
7695 8797 -16650
7696 8861 -16826
7697 8925 -16930
7698 9007 -17106
7699 8991 -17066
7700 9011 -17122
7701 8951 -16894
7702 8945 -17082
7703 8875 -17002
7704 8837 -16922
7705 8921 -17090
7706 8925 -17134
7707 8873 -16946
7708 8887 -17018
7709 8863 -16958
7710 8953 -17242
7711 8933 -17158
7712 8927 -17058
7713 8925 -17046
7714 8943 -17102
7715 9023 -17226
7716 8953 -17054
7717 8845 -16802
7718 8887 -16866
7719 8919 -17030
7720 8931 -16854
7721 8941 -16934
7722 9011 -17010
7723 8963 -16970
7724 8871 -16770
7725 8859 -16842
7726 8759 -16622
7727 8669 -16510
7728 8761 -16682
7729 8805 -16902
7730 8791 -16862
7731 8791 -16914
7732 8771 -16862
7733 8869 -17022
7734 8819 -16922
7735 8891 -17134
7736 8901 -17058
7737 8891 -17114
7738 8913 -17150
7739 8917 -17102
7740 8859 -16962
7741 8847 -16814
7742 8677 -16490
7743 8767 -16802
7744 8759 -16722
7745 8679 -16586
7746 8689 -16590
7747 8701 -16658
7748 8647 -16478
7749 8741 -16606
7750 8673 -16550
7751 8687 -16674
7752 8721 -16662
7753 8637 -16522
7754 8647 -16514
7755 8647 -16574
7756 8605 -16566
7757 8565 -16590
7758 8643 -16682
7759 8639 -16778
7760 8705 -16822
7761 8643 -16762
7762 8679 -16702
7763 8683 -16606
7764 8575 -16494
7765 8735 -16878
7766 8705 -16734
7767 8699 -16618
7768 8707 -16814
7769 8691 -16746
7770 8659 -16658
7771 8693 -16638
7772 8753 -16698
7773 8753 -16630
7774 8701 -16722
7775 8743 -16598
7776 8789 -16730
7777 8901 -16922
7778 8891 -17006
7779 8915 -16930
7780 8929 -17074
7781 8833 -16826
7782 8881 -16998
7783 8841 -16918
7784 8763 -16774
7785 8755 -16682
7786 8789 -16790
7787 8805 -16830
7788 8819 -16814
7789 8857 -17050
7790 8875 -16918
7791 8849 -16926
7792 8733 -16710
7793 8803 -16718
7794 8731 -16778
7795 8765 -16862
7796 8775 -16786
7797 8875 -17018
7798 8877 -16922
7799 8787 -16650
7800 8873 -16898
7801 8861 -16786
7802 8829 -16742
7803 8721 -16530
7804 8765 -16798
7805 8727 -16626
7806 8707 -16754
7807 8717 -16686
7808 8761 -16774
7809 8751 -16826
7810 8813 -16770
7811 8801 -16794
7812 8717 -16606
7813 8701 -16738
7814 8735 -16714
7815 8779 -16686
7816 8835 -16846
7817 8913 -17050
7818 8927 -16962
7819 8979 -17182
7820 8999 -17110
7821 9079 -17290
7822 9103 -17266
7823 9045 -17234
7824 9019 -17102
7825 8913 -16878
7826 8981 -17110
7827 8953 -17178
7828 8895 -16994
7829 9029 -17274
7830 8967 -17038
7831 8967 -17002
7832 8997 -17022
7833 8957 -17090
7834 8939 -17166
7835 8829 -16770
7836 8801 -16934
7837 8793 -16950
7838 8755 -16850
7839 8793 -16850
7840 8849 -17086
7841 8751 -16942
7842 8845 -17142
7843 8707 -16818
7844 8729 -16722
7845 8805 -16878
7846 8825 -16906
7847 8835 -16958
7848 8815 -16850
7849 8861 -17018
7850 8875 -16874
7851 8921 -16962
7852 9021 -17138
7853 9019 -17214
7854 8979 -17102
7855 8993 -17238
7856 9063 -17302
7857 9131 -17438
7858 9027 -17198
7859 9019 -17238
7860 8953 -17150
7861 8907 -17126
7862 8921 -17118
7863 8891 -17038
7864 8891 -17194
7865 8801 -16930
7866 8751 -16630
7867 8761 -16774
7868 8781 -16806
7869 8739 -16722
7870 8821 -16750
7871 8805 -16810
7872 8857 -17018
7873 8803 -16946
7874 8795 -16938
7875 8821 -16878
7876 8849 -16970
7877 8759 -16882
7878 8745 -16782
7879 8797 -17038
7880 8857 -16962
7881 8871 -16966
7882 8867 -16874
7883 8883 -17162
7884 8811 -16726
7885 8895 -16930
7886 8909 -16946
7887 8877 -16822
7888 8943 -16938
7889 8865 -16818
7890 8841 -16874
7891 8825 -16830
7892 8739 -16670
7893 8817 -16946
7894 8741 -16694
7895 8737 -16782
7896 8689 -16782
7897 8787 -16926
7898 8747 -16854
7899 8785 -16930
7900 8873 -17046
7901 8959 -17226
7902 8959 -17258
7903 8955 -17182
7904 8945 -17166
7905 8903 -17206
7906 8903 -17162
7907 8803 -16954
7908 8919 -17106
7909 8931 -17126
7910 8907 -16930
7911 8903 -17014
7912 8919 -17010
7913 8887 -16954
7914 8919 -16922
7915 8871 -16894
7916 8941 -17002
7917 8977 -17110
7918 9039 -17222
7919 9001 -17030
7920 9059 -17134
7921 8993 -17182
7922 8963 -17106
7923 8897 -16918
7924 8849 -16890
7925 8921 -17010
7926 8869 -17074
7927 8713 -16878
7928 8763 -16710
7929 8815 -16862
7930 8827 -16934
7931 8721 -16730
7932 8861 -16994
7933 8857 -16918
7934 8869 -16862
7935 8905 -16986
7936 8839 -16882
7937 8791 -16738
7938 8797 -16738
7939 8737 -16662
7940 8891 -16958
7941 8839 -16810
7942 8891 -16822
7943 8913 -16986
7944 8865 -16930
7945 8789 -16866
7946 8823 -16898
7947 8825 -16922
7948 8753 -16690
7949 8835 -16814
7950 8745 -16570
7951 8729 -16666
7952 8759 -16694
7953 8763 -16650
7954 8819 -16882
7955 8845 -16878
7956 8789 -16686
7957 8769 -16742
7958 8855 -16846
7959 8779 -16610
7960 8801 -16686
7961 8813 -16758
7962 8819 -16858
7963 8791 -16746
7964 8799 -16866
7965 8797 -16834
7966 8879 -16962
7967 8839 -16886
7968 8843 -16870
7969 8935 -16910
7970 8909 -16954
7971 8893 -16986
7972 8773 -16686
7973 8779 -16722
7974 8625 -16446
7975 8679 -16606
7976 8725 -16758
7977 8763 -16658
7978 8751 -16654
7979 8635 -16590
7980 8591 -16410
7981 8687 -16698
7982 8619 -16466
7983 8703 -16618
7984 8665 -16466
7985 8705 -16774
7986 8635 -16606
7987 8615 -16606
7988 8583 -16558
7989 8527 -16570
7990 8485 -16534
7991 8449 -16306
7992 8571 -16542
7993 8563 -16570
7994 8571 -16598
7995 8595 -16758
7996 8623 -16722
7997 8579 -16662
7998 8605 -16562
7999 8623 -16462
8000 8685 -16618
8001 8725 -16690
8002 8857 -16914
8003 8781 -16686
8004 8729 -16674
8005 8799 -16710
8006 8705 -16514
8007 8845 -16818
8008 8789 -16670
8009 8791 -16626
8010 8785 -16558
8011 8859 -16790
8012 9037 -17106
8013 9043 -17114
8014 9125 -17326
8015 9115 -17306
8016 9057 -17134
8017 9021 -17014
8018 9009 -17126
8019 9033 -17210
8020 9059 -17170
8021 8929 -16894
8022 8975 -17070
8023 8889 -16774
8024 8927 -16930
8025 8971 -17006
8026 8889 -16886
8027 8853 -16982
8028 8827 -16830
8029 8747 -16590
8030 8801 -16714
8031 8731 -16538
8032 8767 -16494
8033 8823 -16714
8034 8827 -16754
8035 8731 -16578
8036 8731 -16766
8037 8787 -16870
8038 8827 -16970
8039 8793 -16898
8040 8781 -16854
8041 8859 -17066
8042 8791 -16878
8043 8853 -17014
8044 8777 -16946
8045 8811 -16954
8046 8797 -16958
8047 8831 -16930
8048 8815 -16718
8049 8851 -16770
8050 8803 -16758
8051 8829 -16758
8052 8845 -16906
8053 8875 -16890
8054 8809 -16674
8055 8777 -16614
8056 8747 -16602
8057 8815 -16734
8058 8809 -16782
8059 8993 -17038
8060 9069 -17230
8061 9225 -17578
8062 9161 -17378
8063 9107 -17210
8064 9051 -17122
8065 9101 -17226
8066 9041 -17154
8067 8983 -17062
8068 9001 -17158
8069 9011 -16982
8070 9003 -16982
8071 9037 -17018
8072 9047 -17090
8073 9049 -17066
8074 9017 -17130
8075 9035 -17130
8076 9081 -17274
8077 8995 -17026
8078 9043 -17166
8079 9069 -17110
8080 9121 -17274
8081 8941 -16818
8082 8965 -16986
8083 8935 -16866
8084 8899 -16990
8085 8833 -16886
8086 8933 -17202
8087 8855 -16990
8088 8889 -16994
8089 8749 -16794
8090 8799 -16962
8091 8731 -16766
8092 8777 -16862
8093 8733 -16798
8094 8695 -16710
8095 8685 -16882
8096 8587 -16818
8097 8519 -16598
8098 8513 -16622
8099 8591 -16690
8100 8731 -16930
8101 8719 -16842
8102 8767 -16926
8103 8611 -16742
8104 8615 -16746
8105 8549 -16522
8106 8671 -16606
8107 8717 -16698
8108 8733 -16750
8109 8831 -16918
8110 8763 -16842
8111 8741 -16858
8112 8759 -16990
8113 8713 -16858
8114 8765 -16994
8115 8769 -16782
8116 8735 -16726
8117 8765 -16778
8118 8743 -16850
8119 8645 -16790
8120 8689 -16838
8121 8711 -16698
8122 8847 -16942
8123 8849 -16874
8124 8781 -16838
8125 8795 -16826
8126 8823 -16854
8127 8719 -16730
8128 8673 -16714
8129 8537 -16590
8130 8563 -16578
8131 8661 -16750
8132 8679 -16790
8133 8527 -16470
8134 8577 -16494
8135 8577 -16402
8136 8567 -16458
8137 8565 -16546
8138 8681 -16698
8139 8763 -16842
8140 8809 -16970
8141 8737 -16870
8142 8729 -16738
8143 8747 -16758
8144 8833 -17050
8145 8843 -16834
8146 8773 -16994
8147 8655 -16702
8148 8711 -16782
8149 8623 -16738
8150 8675 -16634
8151 8653 -16674
8152 8731 -16786
8153 8641 -16774
8154 8645 -16634
8155 8641 -16722
8156 8663 -16782
8157 8817 -17022
8158 8947 -17150
8159 8837 -17010
8160 8839 -17014
8161 8775 -16918
8162 8747 -16858
8163 8703 -16678
8164 8693 -16686
8165 8639 -16810
8166 8649 -16930
8167 8721 -16926
8168 8657 -16798
8169 8747 -16954
8170 8765 -17166
8171 8709 -17130
8172 8667 -16850
8173 8709 -17002
8174 8645 -16898
8175 8639 -16850
8176 8639 -16830
8177 8663 -16942
8178 8651 -16922
8179 8579 -16682
8180 8563 -16746
8181 8627 -16874
8182 8579 -16634
8183 8491 -16554
8184 8543 -16670
8185 8537 -16578
8186 8645 -16658
8187 8673 -16718
8188 8699 -16822
8189 8757 -16934
8190 8681 -16794
8191 8655 -16906
8192 8625 -16902
8193 8667 -16862
8194 8631 -16674
8195 8669 -16762
8196 8667 -16758
8197 8605 -16602
8198 8655 -16534
8199 8675 -16698
8200 8691 -16686
8201 8765 -16830
8202 8751 -16794
8203 8735 -16810
8204 8745 -16834
8205 8713 -16842
8206 8747 -16802
8207 8771 -16862
8208 8681 -16762
8209 8675 -16686
8210 8649 -16510
8211 8637 -16650
8212 8553 -16446
8213 8657 -16658
8214 8653 -16698
8215 8633 -16626
8216 8659 -16738
8217 8685 -16766
8218 8621 -16618
8219 8547 -16518
8220 8511 -16462
8221 8565 -16686
8222 8603 -16630
8223 8587 -16622
8224 8535 -16574
8225 8527 -16522
8226 8505 -16410
8227 8625 -16562
8228 8715 -16606
8229 8755 -16870
8230 8821 -16906
8231 8811 -16822
8232 8847 -16942
8233 8797 -16814
8234 8737 -16726
8235 8729 -16558
8236 8801 -16730
8237 8925 -16982
8238 8921 -16986
8239 8941 -17110
8240 8885 -16914
8241 8951 -16906
8242 8977 -17054
8243 8925 -16798
8244 8981 -16974
8245 8895 -16742
8246 8891 -16866
8247 8889 -16898
8248 8835 -16894
8249 8897 -16954
8250 8831 -16742
8251 8857 -16774
8252 8921 -16826
8253 9089 -17290
8254 9143 -17410
8255 9145 -17474
8256 9105 -17394
8257 9107 -17342
8258 8985 -17150
8259 8925 -16854
8260 8897 -16902
8261 8819 -16882
8262 8841 -16974
8263 8865 -16854
8264 8813 -16830
8265 8765 -16718
8266 8627 -16486
8267 8739 -16654
8268 8731 -16610
8269 8667 -16546
8270 8701 -16618
8271 8701 -16598
8272 8739 -16678
8273 8851 -16874
8274 8861 -16862
8275 8883 -16842
8276 8923 -16962
8277 8925 -17046
8278 8885 -17010
8279 8777 -16786
8280 8839 -16882
8281 8775 -16822
8282 8721 -16738
8283 8709 -16742
8284 8833 -16990
8285 8807 -16878
8286 8797 -16982
8287 8845 -17030
8288 8861 -17090
8289 8865 -17122
8290 8855 -17098
8291 8843 -16934
8292 8931 -17134
8293 8881 -16926
8294 8831 -16822
8295 8867 -16874
8296 8775 -16858
8297 8809 -17018
8298 8813 -16926
8299 8907 -17234
8300 8919 -17270
8301 8863 -17170
8302 8799 -17054
8303 8769 -16794
8304 8753 -16914
8305 8645 -16646
8306 8573 -16566
8307 8525 -16482
8308 8565 -16430
8309 8589 -16350
8310 8591 -16498
8311 8637 -16634
8312 8651 -16666
8313 8711 -16854
8314 8691 -16710
8315 8593 -16414
8316 8561 -16546
8317 8509 -16514
8318 8557 -16454
8319 8505 -16382
8320 8495 -16354
8321 8449 -16306
8322 8465 -16378
8323 8599 -16754
8324 8691 -16846
8325 8503 -16634
8326 8551 -16690
8327 8521 -16542
8328 8553 -16610
8329 8701 -16874
8330 8703 -16822
8331 8777 -17050
8332 8655 -16818
8333 8659 -16986
8334 8665 -16914
8335 8679 -16938
8336 8623 -16818
8337 8679 -16878
8338 8553 -16766
8339 8449 -16506
8340 8397 -16486
8341 8283 -16494
8342 8215 -16286
8343 8291 -16438
8344 8225 -16294
8345 8315 -16510
8346 8307 -16538
8347 8403 -16714
8348 8331 -16502
8349 8395 -16554
8350 8287 -16310
8351 8341 -16438
8352 8489 -16642
8353 8595 -16878
8354 8493 -16690
8355 8623 -16998
8356 8663 -16958
8357 8639 -16922
8358 8651 -16766
8359 8621 -16834
8360 8723 -16978
8361 8663 -16750
8362 8699 -16830
8363 8821 -16974
8364 8865 -16958
8365 8783 -16922
8366 8753 -16966
8367 8657 -16870
8368 8611 -16726
8369 8711 -16802
8370 8729 -16814
8371 8751 -16810
8372 8805 -16846
8373 8839 -16958
8374 8765 -16758
8375 8801 -16762
8376 8677 -16574
8377 8743 -16706
8378 8827 -16850
8379 8871 -16886
8380 8807 -16882
8381 8665 -16654
8382 8783 -17002
8383 8751 -16706
8384 8727 -16610
8385 8803 -16778
8386 8853 -16886
8387 8809 -16742
8388 8879 -17022
8389 8713 -16626
8390 8683 -16482
8391 8685 -16590
8392 8529 -16358
8393 8643 -16702
8394 8719 -16850
8395 8627 -16718
8396 8737 -16866
8397 8787 -16938
8398 8789 -16970
8399 8877 -17166
8400 8811 -16990
8401 8867 -17046
8402 8947 -17174
8403 9019 -17222
8404 9029 -17178
8405 8965 -17138
8406 8859 -16890
8407 8929 -17022
8408 8847 -16826
8409 8835 -16834
8410 8845 -16782
8411 8805 -16766
8412 8787 -16774
8413 8867 -17006
8414 8873 -17046
8415 8889 -17042
8416 8961 -17074
8417 8919 -16918
8418 9027 -17122
8419 8963 -17006
8420 8989 -17110
8421 9033 -17226
8422 8975 -17254
8423 8937 -16982
8424 8973 -17054
8425 8985 -17030
8426 9019 -17098
8427 8943 -17074
8428 8899 -16930
8429 9011 -17126
8430 9067 -17194
8431 9059 -17190
8432 9075 -17166
8433 9027 -17266
8434 8969 -16914
8435 8969 -16930
8436 8879 -16802
8437 8891 -16862
8438 8883 -16830
8439 8819 -16750
8440 8855 -16858
8441 8851 -16802
8442 8843 -16862
8443 8855 -16986
8444 8943 -17178
8445 9033 -17286
8446 8977 -17138
8447 9021 -17242
8448 9013 -17302
8449 8963 -17126
8450 8925 -16934
8451 8891 -16770
8452 9017 -17270
8453 9029 -17114
8454 9023 -17050
8455 9025 -17074
8456 9063 -17162
8457 9091 -17158
8458 9049 -17146
8459 8991 -17098
8460 8937 -16902
8461 9001 -17130
8462 8857 -16846
8463 8919 -17014
8464 8991 -17278
8465 8951 -17158
8466 8937 -17154
8467 8951 -17066
8468 9025 -17190
8469 9113 -17398
8470 9111 -17402
8471 9011 -17158
8472 9009 -17182
8473 8925 -16902
8474 8947 -17098
8475 8965 -17106
8476 8943 -17078
8477 8963 -16950
8478 8839 -16806
8479 8857 -16790
8480 8893 -16802
8481 8955 -17026
8482 8901 -17054
8483 9009 -17194
8484 9015 -17322
8485 8965 -17042
8486 8855 -16906
8487 8911 -16898
8488 8937 -16942
8489 8897 -16830
8490 8919 -17014
8491 9011 -17154
8492 8999 -17098
8493 8899 -16950
8494 8887 -16918
8495 8831 -16766
8496 8691 -16550
8497 8809 -16742
8498 8781 -16650
8499 8849 -16842
8500 8715 -16630
8501 8775 -16814
8502 8711 -16698
8503 8823 -16906
8504 8857 -16870
8505 8845 -16902
8506 8793 -16802
8507 8693 -16614
8508 8673 -16566
8509 8681 -16578
8510 8631 -16474
8511 8751 -16606
8512 8785 -16830
8513 8817 -16742
8514 8873 -16922
8515 8883 -16946
8516 8787 -16754
8517 8837 -16878
8518 8941 -17186
8519 8959 -17098
8520 9019 -17222
8521 8897 -16962
8522 8781 -16698
8523 8721 -16666
8524 8687 -16718
8525 8711 -16750
8526 8853 -16918
8527 8803 -16866
8528 8735 -16882
8529 8799 -17018
8530 8669 -16726
8531 8695 -16938
8532 8667 -16806
8533 8729 -16946
8534 8661 -16822
8535 8737 -16862
8536 8721 -16858
8537 8807 -17010
8538 8839 -17062
8539 8817 -16898
8540 8783 -16870
8541 8725 -16794
8542 8819 -16818
8543 8829 -16922
8544 8861 -17154
8545 8805 -16950
8546 8801 -16930
8547 8783 -16830
8548 8851 -16938
8549 8743 -16746
8550 8727 -16646
8551 8771 -16626
8552 8805 -16754
8553 8777 -16706
8554 8807 -16774
8555 8829 -16846
8556 8929 -16990
8557 8929 -17070
8558 8905 -16938
8559 8803 -16746
8560 8683 -16594
8561 8709 -16778
8562 8663 -16570
8563 8653 -16730
8564 8765 -16902
8565 8753 -16854
8566 8773 -16902
8567 8611 -16470
8568 8583 -16314
8569 8605 -16198
8570 8667 -16498
8571 8699 -16594
8572 8799 -16762
8573 8827 -16838
8574 8847 -16878
8575 8809 -16766
8576 8801 -16706
8577 8835 -16818
8578 8819 -16830
8579 8765 -16754
8580 8839 -16678
8581 8949 -17070
8582 8913 -17038
8583 8965 -17122
8584 8859 -16890
8585 8927 -16866
8586 8845 -16730
8587 8793 -16694
8588 8825 -16830
8589 8841 -16934
8590 8789 -16986
8591 8767 -16894
8592 8761 -16810
8593 8709 -16774
8594 8757 -16862
8595 8687 -16742
8596 8689 -16650
8597 8671 -16598
8598 8541 -16486
8599 8631 -16814
8600 8637 -16834
8601 8603 -16614
8602 8681 -16806
8603 8613 -16474
8604 8573 -16478
8605 8681 -16790
8606 8787 -16902
8607 8721 -16874
8608 8775 -16826
8609 8789 -16926
8610 8793 -16734
8611 8857 -16838
8612 8873 -16846
8613 8923 -16994
8614 8895 -16890
8615 8913 -16866
8616 8965 -17142
8617 8843 -16762
8618 8845 -16946
8619 8969 -17138
8620 9005 -17186
8621 8905 -16994
8622 8899 -17026
8623 8853 -16954
8624 8853 -16854
8625 8801 -16810
8626 8867 -16950
8627 8821 -17018
8628 8813 -16874
8629 8811 -16842
8630 8905 -17058
8631 8959 -17150
8632 8997 -17106
8633 8957 -16970
8634 8945 -16994
8635 8893 -16914
8636 8841 -16746
8637 8815 -16874
8638 8807 -16886
8639 8811 -16870
8640 8839 -16874
8641 8883 -17066
8642 8889 -17022
8643 8913 -17034
8644 8949 -17170
8645 8883 -16990
8646 8899 -17058
8647 8853 -16994
8648 8753 -16690
8649 8815 -16754
8650 8761 -16630
8651 8819 -16902
8652 8795 -16750
8653 8681 -16594
8654 8555 -16406
8655 8653 -16678
8656 8665 -16802
8657 8617 -16654
8658 8683 -16670
8659 8653 -16574
8660 8601 -16578
8661 8551 -16534
8662 8479 -16398
8663 8485 -16366
8664 8475 -16146
8665 8513 -16374
8666 8523 -16498
8667 8693 -16766
8668 8611 -16670
8669 8705 -16786
8670 8653 -16874
8671 8687 -16822
8672 8635 -16798
8673 8625 -16766
8674 8615 -16690
8675 8611 -16570
8676 8669 -16738
8677 8715 -16730
8678 8583 -16378
8679 8619 -16530
8680 8681 -16662
8681 8561 -16486
8682 8575 -16586
8683 8561 -16594
8684 8535 -16554
8685 8573 -16530
8686 8591 -16650
8687 8697 -16770
8688 8717 -16818
8689 8651 -16654
8690 8699 -16790
8691 8661 -16702
8692 8699 -16842
8693 8793 -16894
8694 8871 -16998
8695 8985 -17194
8696 8995 -17038
8697 9019 -17258
8698 8981 -17210
8699 8869 -16934
8700 8899 -16966
8701 8789 -16794
8702 8855 -16846
8703 8835 -16846
8704 8855 -16762
8705 8851 -16702
8706 8901 -16882
8707 8983 -17026
8708 9001 -17006
8709 9027 -17098
8710 8997 -17002
8711 9033 -17094
8712 8925 -16954
8713 8881 -16914
8714 8827 -16766
8715 8897 -16958
8716 8887 -16934
8717 8839 -16830
8718 8951 -17130
8719 8917 -17066
8720 8981 -17166
8721 9053 -17342
8722 8983 -17026
8723 8959 -17042
8724 8961 -17138
8725 8903 -17070
8726 8951 -17090
8727 8873 -16818
8728 8871 -16722
8729 8843 -16814
8730 8771 -16666
8731 8763 -16802
8732 8845 -17018
8733 8889 -17002
8734 8915 -17070
8735 9047 -17202
8736 9023 -17166
8737 9017 -17114
8738 9019 -17406
8739 8981 -17158
8740 8919 -16966
8741 8967 -17018
8742 9037 -17338
8743 8967 -17166
8744 8917 -17122
8745 8871 -17006
8746 8851 -16890
8747 8729 -16774
8748 8731 -16782
8749 8673 -16578
8750 8691 -16554
8751 8709 -16666
8752 8729 -16650
8753 8693 -16566
8754 8695 -16586
8755 8707 -16522
8756 8695 -16506
8757 8597 -16398
8758 8543 -16334
8759 8563 -16418
8760 8623 -16622
8761 8713 -16746
8762 8801 -16950
8763 8781 -16758
8764 8811 -16794
8765 8799 -16870
8766 8791 -16922
8767 8761 -16846
8768 8673 -16698
8769 8693 -16662
8770 8667 -16798
8771 8591 -16642
8772 8513 -16618
8773 8461 -16426
8774 8465 -16490
8775 8507 -16558
8776 8501 -16730
8777 8533 -16606
8778 8527 -16506
8779 8599 -16726
8780 8553 -16594
8781 8579 -16686
8782 8521 -16510
8783 8541 -16722
8784 8571 -16806
8785 8611 -16862
8786 8695 -16950
8787 8715 -17010
8788 8717 -16930
8789 8723 -16974
8790 8685 -16922
8791 8667 -16902
8792 8715 -16966
8793 8721 -16958
8794 8723 -17006
8795 8665 -16750
8796 8591 -16590
8797 8611 -16522
8798 8771 -16826
8799 8761 -16846
8800 8821 -16870
8801 8909 -17122
8802 8809 -16874
8803 8855 -17058
8804 8767 -16866
8805 8855 -16990
8806 8795 -17046
8807 8759 -17006
8808 8853 -17050
8809 8857 -17262
8810 8841 -17086
8811 8851 -17006
8812 8809 -16942
8813 8745 -16778
8814 8737 -16846
8815 8783 -16930
8816 8717 -16754
8817 8711 -16706
8818 8763 -16798
8819 8705 -16666
8820 8733 -16746
8821 8681 -16686
8822 8651 -16574
8823 8635 -16690
8824 8659 -16694
8825 8713 -16714
8826 8623 -16506
8827 8619 -16542
8828 8667 -16674
8829 8751 -16914
8830 8749 -16974
8831 8671 -16686
8832 8661 -16734
8833 8635 -16566
8834 8659 -16666
8835 8815 -16934
8836 8833 -16998
8837 8905 -17102
8838 8983 -17138
8839 8993 -17022
8840 8965 -17082
8841 8967 -16962
8842 9001 -17110
8843 9057 -17310
8844 9009 -17074
8845 8993 -17058
8846 8973 -17082
8847 8959 -17022
8848 8995 -17126
8849 8935 -16914
8850 8975 -16978
8851 9037 -17074
8852 9017 -17110
8853 9069 -17286
8854 8997 -17142
8855 8883 -16854
8856 8813 -16734
8857 8669 -16610
8858 8817 -16874
8859 8789 -16738
8860 8821 -16786
8861 8843 -16874
8862 8823 -16890
8863 8817 -16882
8864 8791 -16906
8865 8717 -16794
8866 8759 -16854
8867 8733 -16902
8868 8743 -16906
8869 8695 -16658
8870 8711 -16658
8871 8723 -16786
8872 8753 -16814
8873 8735 -16686
8874 8701 -16614
8875 8623 -16390
8876 8631 -16418
8877 8663 -16502
8878 8825 -16746
8879 8735 -16690
8880 8715 -16706
8881 8685 -16454
8882 8655 -16570
8883 8939 -17230
8884 8919 -17098
8885 8891 -17030
8886 8905 -17146
8887 8993 -17174
8888 9025 -17250
8889 8969 -17118
8890 9003 -17174
8891 9039 -17206
8892 8943 -16982
8893 8957 -17186
8894 8819 -16958
8895 8793 -16818
8896 8799 -16930
8897 8803 -16886
8898 8825 -16898
8899 8885 -16990
8900 8837 -16830
8901 8957 -17062
8902 8895 -16946
8903 8891 -16890
8904 8901 -16978
8905 8989 -17122
8906 8867 -16782
8907 8971 -17046
8908 8997 -17098
8909 8955 -17014
8910 9045 -17186
8911 9031 -17174
8912 8969 -16974
8913 8967 -17022
8914 9023 -17222
8915 8999 -17198
8916 9093 -17358
8917 9049 -17278
8918 8955 -17030
8919 8965 -17014
8920 8975 -17006
8921 8887 -16886
8922 8857 -16834
8923 8983 -17198
8924 8931 -17154
8925 8995 -17166
8926 8943 -17110
8927 8909 -17070
8928 8847 -16934
8929 8847 -17030
8930 8835 -16974
8931 8845 -16946
8932 8799 -16858
8933 8849 -17090
8934 8779 -16910
8935 8769 -16742
8936 8761 -16682
8937 8831 -16842
8938 8763 -16758
8939 8747 -16802
8940 8765 -16810
8941 8761 -16818
8942 8781 -16938
8943 8845 -16994
8944 8937 -17094
8945 8785 -16890
8946 8853 -17010
8947 8871 -16990
8948 8941 -17042
8949 8807 -16870
8950 8901 -17006
8951 8843 -16910
8952 8905 -17034
8953 8961 -17226
8954 8971 -17154
8955 8939 -17026
8956 8935 -16958
8957 8969 -16998
8958 9027 -17230
8959 8991 -17142
8960 8811 -16730
8961 8819 -16854
8962 8809 -16854
8963 8797 -16750
8964 8827 -16618
8965 8943 -16958
8966 8989 -17166
8967 8981 -17102
8968 9043 -17258
8969 9001 -16970
8970 8931 -16882
8971 8961 -17006
8972 8995 -17094
8973 9011 -17250
8974 8969 -17214
8975 8869 -17082
8976 8827 -16802
8977 8793 -16670
8978 8837 -16718
8979 8865 -16758
8980 8753 -16454
8981 8735 -16530
8982 8725 -16610
8983 8729 -16662
8984 8767 -16662
8985 8819 -16946
8986 8845 -17038
8987 8943 -17206
8988 8971 -17086
8989 8987 -17118
8990 9003 -17214
8991 8961 -17146
8992 8927 -17106
8993 8869 -17074
8994 8763 -16910
8995 8707 -16766
8996 8759 -16906
8997 8715 -16842
8998 8739 -16622
8999 8815 -16878
9000 8803 -16906
9001 8891 -17146
9002 8885 -17182
9003 8847 -17026
9004 8755 -16886
9005 8779 -16910
9006 8823 -16874
9007 8897 -17126
9008 8879 -16998
9009 8871 -17018
9010 8857 -16966
9011 8881 -17086
9012 8947 -17294
9013 8993 -17230
9014 9003 -17166
9015 8953 -17102
9016 8901 -17114
9017 8849 -16986
9018 8811 -16946
9019 8873 -17126
9020 8925 -17214
9021 8923 -17106
9022 8939 -17074
9023 8931 -17018
9024 8941 -17054
9025 8995 -17150
9026 9069 -17278
9027 8991 -17118
9028 9011 -17158
9029 8909 -16962
9030 8851 -16834
9031 8865 -16946
9032 9067 -17262
9033 9037 -17202
9034 9035 -17226
9035 9055 -17210
9036 9071 -17310
9037 8955 -17002
9038 8957 -17090
9039 8917 -16962
9040 9039 -17246
9041 9053 -17258
9042 9131 -17426
9043 9135 -17478
9044 8975 -16994
9045 8885 -16774
9046 8883 -16822
9047 8845 -16774
9048 8875 -16814
9049 8783 -16610
9050 9025 -17158
9051 9107 -17302
9052 9161 -17418
9053 9109 -17310
9054 9093 -17338
9055 9017 -17198
9056 9033 -17234
9057 8923 -16966
9058 8929 -16982
9059 8969 -17030
9060 9037 -17146
9061 8999 -17218
9062 8967 -16890
9063 9011 -16986
9064 8991 -17018
9065 9027 -17138
9066 9053 -17114
9067 9089 -17178
9068 9105 -17210
9069 9061 -17090
9070 9043 -17082
9071 9097 -17158
9072 9059 -17086
9073 8941 -16974
9074 8945 -16842
9075 8873 -16790
9076 8859 -16794
9077 8913 -16994
9078 8901 -16974
9079 8835 -16858
9080 8799 -16870
9081 8789 -16858
9082 8739 -16714
9083 8839 -16994
9084 8831 -16794
9085 8797 -16758
9086 8825 -16798
9087 8833 -16682
9088 8865 -16782
9089 8933 -16906
9090 8943 -16982
9091 8989 -17054
9092 8975 -16962
9093 8839 -16798
9094 8859 -16966
9095 8937 -17002
9096 8841 -16818
9097 8839 -16706
9098 8867 -16770
9099 8853 -16854
9100 8859 -16754
9101 8835 -16830
9102 8865 -16762
9103 8871 -16886
9104 8937 -17062
9105 8989 -17146
9106 8895 -16798
9107 8919 -16942
9108 8961 -17078
9109 8939 -16986
9110 9009 -17138
9111 9025 -17050
9112 9047 -17230
9113 9057 -17206
9114 9107 -17350
9115 9007 -17174
9116 9013 -17038
9117 8965 -16934
9118 9033 -17126
9119 9003 -17054
9120 9011 -17034
9121 9025 -17238
9122 8961 -17250
9123 8917 -17114
9124 8825 -16834
9125 8851 -16970
9126 8775 -16718
9127 8823 -16962
9128 8783 -16814
9129 8785 -16942
9130 8679 -16790
9131 8737 -16818
9132 8805 -16942
9133 8819 -16902
9134 8869 -17070
9135 8903 -17066
9136 8889 -16958
9137 8853 -17066
9138 8885 -17002
9139 8861 -17022
9140 8885 -16978
9141 8789 -16826
9142 8791 -16802
9143 8903 -17078
9144 8847 -16914
9145 8849 -16890
9146 8795 -16718
9147 8937 -16930
9148 8885 -16814
9149 8879 -16846
9150 8833 -16714
9151 8795 -16590
9152 8919 -16866
9153 8895 -16790
9154 8857 -16730
9155 8941 -16990
9156 8923 -17022
9157 8915 -16902
9158 8855 -16990
9159 8879 -16966
9160 8803 -16714
9161 8893 -16870
9162 8889 -16886
9163 8861 -16690
9164 8887 -16802
9165 8809 -16866
9166 8801 -16758
9167 8867 -16990
9168 8847 -17018
9169 8833 -17002
9170 8741 -16798
9171 8851 -16914
9172 8815 -16854
9173 8797 -16958
9174 8713 -16678
9175 8733 -16778
9176 8733 -16710
9177 8841 -16902
9178 8839 -17014
9179 8887 -16970
9180 8815 -16778
9181 8867 -16854
9182 8881 -17078
9183 8845 -16862
9184 8883 -17022
9185 8991 -17066
9186 8909 -16862
9187 8941 -17002
9188 9003 -17042
9189 8957 -17066
9190 8951 -17054
9191 8991 -17034
9192 9003 -17198
9193 8923 -17182
9194 8855 -16982
9195 8801 -16870
9196 8759 -16834
9197 8757 -16886
9198 8719 -16794
9199 8813 -16878
9200 8791 -16826
9201 8835 -16846
9202 8799 -16894
9203 8805 -16906
9204 8731 -16774
9205 8769 -16754
9206 8793 -16850
9207 8835 -16974
9208 8771 -16910
9209 8631 -16670
9210 8535 -16562
9211 8611 -16670
9212 8631 -16754
9213 8735 -16974
9214 8743 -16906
9215 8771 -16978
9216 8843 -17186
9217 8815 -17098
9218 8795 -16978
9219 8779 -17062
9220 8777 -17018
9221 8715 -16874
9222 8595 -16710
9223 8639 -16778
9224 8551 -16558
9225 8601 -16682
9226 8843 -17090
9227 8875 -17054
9228 8843 -17050
9229 8831 -17102
9230 8737 -16846
9231 8731 -16766
9232 8823 -16898
9233 8979 -17202
9234 8877 -16974
9235 8911 -17050
9236 8909 -16982
9237 8943 -17018
9238 8831 -16802
9239 8825 -16894
9240 8845 -16918
9241 8853 -16886
9242 8777 -16714
9243 8837 -16778
9244 8779 -16670
9245 8765 -16702
9246 8831 -16790
9247 8867 -16994
9248 8781 -16806
9249 8771 -16690
9250 8721 -16570
9251 8947 -17042
9252 8903 -17074
9253 8943 -17122
9254 8981 -17146
9255 8855 -16854
9256 8797 -16862
9257 8833 -16750
9258 8875 -16922
9259 8945 -17078
9260 8911 -17006
9261 8835 -16754
9262 8893 -16926
9263 8983 -16994
9264 8871 -16802
9265 8893 -16902
9266 8821 -16754
9267 8909 -16966
9268 8889 -16810
9269 8867 -16890
9270 8861 -16786
9271 8791 -16662
9272 8869 -16866
9273 8949 -17142
9274 9005 -17186
9275 8973 -17250
9276 8817 -17138
9277 8781 -17130
9278 8743 -16974
9279 8771 -17054
9280 8701 -16798
9281 8769 -16830
9282 8737 -16806
9283 8719 -16770
9284 8777 -16842
9285 8747 -16794
9286 8735 -16782
9287 8833 -17070
9288 8787 -16974
9289 8745 -16834
9290 8779 -16958
9291 8679 -16858
9292 8725 -16882
9293 8843 -17046
9294 8763 -16950
9295 8683 -16670
9296 8699 -16670
9297 8777 -16838
9298 8703 -16586
9299 8643 -16394
9300 8753 -16574
9301 8877 -16794
9302 8979 -17062
9303 9033 -17178
9304 9043 -17242
9305 8949 -17054
9306 8957 -17038
9307 8967 -17034
9308 9013 -17074
9309 9043 -17134
9310 9053 -17222
9311 9103 -17434
9312 9083 -17470
9313 9061 -17310
9314 8933 -17074
9315 8859 -16990
9316 8839 -16998
9317 8703 -16610
9318 8681 -16706
9319 8581 -16410
9320 8609 -16514
9321 8615 -16486
9322 8643 -16518
9323 8751 -16846
9324 8653 -16714
9325 8595 -16406
9326 8703 -16610
9327 8755 -16610
9328 8773 -16722
9329 8709 -16614
9330 8759 -16786
9331 8665 -16770
9332 8791 -16998
9333 8753 -16818
9334 8801 -16842
9335 8689 -16654
9336 8771 -16882
9337 8835 -16894
9338 8941 -16902
9339 8879 -16946
9340 8749 -16706
9341 8709 -16622
9342 8757 -16662
9343 8867 -16882
9344 8941 -17118
9345 8927 -16986
9346 8987 -17186
9347 8995 -17174
9348 8959 -16958
9349 8893 -16934
9350 8897 -16926
9351 8867 -16898
9352 8865 -16762
9353 8829 -16810
9354 8891 -16858
9355 8813 -16666
9356 8875 -16902
9357 8877 -16858
9358 8867 -16866
9359 8873 -16890
9360 8783 -16798
9361 8813 -16906
9362 8795 -16810
9363 8863 -17006
9364 8905 -17122
9365 8845 -16822
9366 8875 -16910
9367 8889 -16938
9368 8831 -16890
9369 8791 -16742
9370 8831 -16778
9371 8929 -16918
9372 8913 -16926
9373 8917 -16966
9374 8959 -17150
9375 8979 -17230
9376 8965 -17162
9377 8969 -17094
9378 8883 -16778
9379 8985 -17014
9380 9007 -17046
9381 9057 -17130
9382 9015 -17118
9383 8979 -17058
9384 8889 -16770
9385 8951 -16946
9386 8909 -16874
9387 8915 -16878
9388 8925 -16922
9389 8953 -16938
9390 8999 -17086
9391 8959 -17042
9392 8923 -16966
9393 9013 -17070
9394 8977 -16902
9395 8927 -16978
9396 9005 -17014
9397 8925 -16994
9398 8945 -17074
9399 9019 -17222
9400 9063 -17362
9401 8923 -17230
9402 8973 -17054
9403 8919 -16942
9404 8841 -16746
9405 8913 -16846
9406 8779 -16650
9407 8789 -16670
9408 8679 -16510
9409 8699 -16626
9410 8717 -16722
9411 8701 -16758
9412 8829 -16898
9413 8881 -16994
9414 8881 -17062
9415 8921 -17066
9416 8863 -17006
9417 8925 -17094
9418 8869 -16942
9419 8887 -17030
9420 8779 -16790
9421 8755 -16806
9422 8751 -16654
9423 8917 -17002
9424 8807 -16850
9425 8845 -16906
9426 8841 -16834
9427 8797 -16898
9428 8843 -16810
9429 8807 -16834
9430 8931 -17058
9431 8929 -17014
9432 8787 -16798
9433 8827 -16818
9434 8925 -17110
9435 8917 -17162
9436 8873 -17086
9437 8855 -16894
9438 8919 -17006
9439 8931 -16950
9440 8961 -17066
9441 8933 -17130
9442 8835 -16834
9443 8865 -16930
9444 8813 -16794
9445 8779 -16698
9446 8857 -16894
9447 8851 -16918
9448 8849 -16830
9449 8871 -16794
9450 8843 -16746
9451 9001 -17174
9452 8969 -17134
9453 8969 -17014
9454 8943 -16894
9455 8945 -16894
9456 8985 -17070
9457 8927 -17018
9458 8827 -16746
9459 8861 -16818
9460 8879 -16962
9461 8979 -17134
9462 8937 -16970
9463 8939 -17022
9464 8963 -17046
9465 8987 -17174
9466 8933 -16998
9467 8861 -16838
9468 9017 -17350
9469 8975 -17098
9470 9067 -17350
9471 9091 -17386
9472 9029 -17194
9473 8983 -17162
9474 8913 -16998
9475 8813 -16914
9476 8789 -16810
9477 8803 -16842
9478 8861 -16930
9479 8857 -16930
9480 8893 -16998
9481 8815 -16910
9482 8731 -16810
9483 8785 -16926
9484 8803 -17002
9485 8813 -17030
9486 8731 -17006
9487 8821 -17074
9488 8877 -17210
9489 8783 -17070
9490 8639 -16810
9491 8667 -16898
9492 8721 -16958
9493 8703 -16802
9494 8745 -16862
9495 8649 -16570
9496 8561 -16462
9497 8597 -16450
9498 8645 -16634
9499 8661 -16774
9500 8655 -16838
9501 8643 -16898
9502 8501 -16550
9503 8529 -16350
9504 8613 -16542
9505 8613 -16534
9506 8529 -16410
9507 8599 -16466
9508 8543 -16462
9509 8611 -16386
9510 8573 -16310
9511 8597 -16394
9512 8473 -16182
9513 8533 -16382
9514 8527 -16418
9515 8581 -16358
9516 8605 -16566
9517 8567 -16698
9518 8653 -16818
9519 8665 -16886
9520 8677 -16866
9521 8637 -16794
9522 8693 -16830
9523 8691 -16846
9524 8605 -16606
9525 8669 -16754
9526 8665 -16750
9527 8793 -16914
9528 8797 -16950
9529 8905 -17078
9530 8795 -16826
9531 8735 -16734
9532 8765 -16786
9533 8805 -16914
9534 8755 -16886
9535 8613 -16662
9536 8541 -16618
9537 8477 -16570
9538 8477 -16474
9539 8645 -16758
9540 8767 -17026
9541 8731 -17014
9542 8763 -16870
9543 8707 -16742
9544 8637 -16614
9545 8647 -16482
9546 8701 -16538
9547 8747 -16610
9548 8827 -16662
9549 8825 -16682
9550 8875 -16858
9551 8921 -17002
9552 8843 -16906
9553 8817 -16882
9554 8821 -16758
9555 8841 -16902
9556 8775 -16830
9557 8757 -16866
9558 8835 -16982
9559 8789 -16958
9560 8741 -16878
9561 8705 -16666
9562 8695 -16638
9563 8689 -16690
9564 8645 -16666
9565 8677 -16762
9566 8547 -16370
9567 8605 -16538
9568 8745 -16794
9569 8817 -16790
9570 8851 -16830
9571 8839 -16802
9572 8889 -16950
9573 8925 -17150
9574 8969 -17230
9575 8991 -17222
9576 8937 -17118
9577 8859 -16910
9578 8747 -16670
9579 8799 -16758
9580 8875 -17046
9581 8827 -16718
9582 8857 -16882
9583 8783 -16738
9584 8773 -16654
9585 8801 -16686
9586 8851 -16742
9587 8915 -17066
9588 8969 -17070
9589 9033 -17166
9590 9005 -17074
9591 8955 -16858
9592 8809 -16630
9593 8831 -16586
9594 8837 -16794
9595 8765 -16734
9596 8699 -16614
9597 8773 -16882
9598 8727 -16742
9599 8763 -16758
9600 8809 -16874
9601 8941 -17146
9602 8937 -17014
9603 8881 -16950
9604 8667 -16626
9605 8705 -16730
9606 8827 -16890
9607 8687 -16702
9608 8791 -16894
9609 8715 -16690
9610 8669 -16618
9611 8739 -16674
9612 8769 -16690
9613 8817 -16894
9614 8857 -16914
9615 8805 -16930
9616 8865 -17054
9617 8875 -17046
9618 8881 -16986
9619 8815 -16794
9620 8813 -16774
9621 8925 -16950
9622 9049 -17410
9623 8955 -17234
9624 8843 -16878
9625 8897 -17046
9626 8901 -17102
9627 9053 -17342
9628 8991 -17122
9629 8939 -17038
9630 8955 -17130
9631 8843 -16862
9632 8787 -16854
9633 8919 -17030
9634 8949 -17082
9635 9017 -17158
9636 9011 -17054
9637 8925 -16846
9638 8869 -16770
9639 8809 -16738
9640 8855 -16950
9641 8851 -16698
9642 8809 -16806
9643 8873 -16922
9644 8865 -16886
9645 8927 -17070
9646 8913 -17074
9647 8927 -17134
9648 8907 -16994
9649 8961 -17026
9650 8917 -17062
9651 8895 -16994
9652 8907 -17046
9653 8847 -16766
9654 8859 -16814
9655 8881 -16926
9656 8817 -16886
9657 8825 -16874
9658 8801 -16930
9659 8839 -16986
9660 8745 -16710
9661 8721 -16602
9662 8715 -16590
9663 8831 -16946
9664 9017 -17242
9665 9079 -17338
9666 9017 -17270
9667 9049 -17370
9668 8995 -17258
9669 8921 -16998
9670 9001 -17050
9671 9057 -17182
9672 9111 -17390
9673 9087 -17342
9674 9001 -17154
9675 8963 -17002
9676 9013 -17174
9677 8975 -17054
9678 8869 -16874
9679 8953 -16990
9680 8963 -16934
9681 8975 -17054
9682 9043 -17170
9683 8945 -17066
9684 8991 -17258
9685 8971 -17230
9686 8931 -17170
9687 8977 -17290
9688 8915 -17082
9689 8885 -17018
9690 8857 -16970
9691 8933 -17162
9692 8935 -17102
9693 8799 -16882
9694 8825 -16906
9695 8895 -16954
9696 8857 -16914
9697 8929 -17058
9698 8843 -16934
9699 8971 -17138
9700 8949 -17210
9701 9017 -17338
9702 9091 -17418
9703 9053 -17286
9704 8983 -17158
9705 8937 -17094
9706 8975 -17146
9707 8859 -16886
9708 8785 -16798
9709 8851 -16974
9710 8833 -16994
9711 8785 -16926
9712 8697 -16726
9713 8735 -16782
9714 8745 -16914
9715 8765 -16902
9716 8789 -16782
9717 8797 -16758
9718 8797 -16770
9719 8841 -16842
9720 8809 -16810
9721 8787 -16866
9722 8659 -16610
9723 8655 -16666
9724 8811 -16874
9725 8843 -16962
9726 8843 -16870
9727 8901 -16982
9728 8917 -16930
9729 8885 -16874
9730 8829 -17010
9731 8801 -16950
9732 8709 -16774
9733 8619 -16558
9734 8607 -16338
9735 8665 -16482
9736 8677 -16602
9737 8795 -16858
9738 8871 -16990
9739 8835 -16878
9740 8841 -16890
9741 8779 -16714
9742 8821 -16782
9743 8799 -16710
9744 8887 -16902
9745 8923 -16962
9746 8883 -16946
9747 8925 -16970
9748 8967 -17126
9749 9007 -17078
9750 8927 -16974
9751 8901 -16950
9752 8971 -17142
9753 8967 -17070
9754 8957 -17030
9755 8969 -17082
9756 8937 -16886
9757 8963 -17010
9758 8991 -17130
9759 9125 -17286
9760 9155 -17290
9761 9125 -17218
9762 9053 -17118
9763 9127 -17370
9764 9123 -17294
9765 9195 -17434
9766 9251 -17602
9767 9159 -17302
9768 9135 -17226
9769 9113 -17202
9770 9017 -17050
9771 9133 -17286
9772 9107 -17286
9773 9095 -17226
9774 9017 -17094
9775 8995 -17130
9776 9077 -17190
9777 9135 -17390
9778 9141 -17318
9779 9131 -17390
9780 8989 -17226
9781 8971 -17178
9782 8955 -17106
9783 9011 -17130
9784 8921 -16946
9785 8917 -16918
9786 8865 -16866
9787 8941 -16986
9788 9001 -17114
9789 8947 -17070
9790 9023 -17082
9791 8971 -16982
9792 8903 -16870
9793 8807 -16662
9794 8755 -16454
9795 8743 -16494
9796 8729 -16634
9797 8819 -16770
9798 8805 -16670
9799 8909 -16854
9800 8925 -17046
9801 8913 -16938
9802 8933 -16966
9803 8963 -17022
9804 8981 -16926
9805 9001 -17098
9806 9049 -17274
9807 8937 -16994
9808 8963 -17090
9809 8941 -17038
9810 8907 -16862
9811 8775 -16590
9812 8839 -16746
9813 8963 -17082
9814 8981 -17198
9815 8975 -17146
9816 9013 -17062
9817 9093 -17330
9818 9023 -17130
9819 9017 -17138
9820 9025 -17138
9821 9003 -17086
9822 8985 -16990
9823 8973 -17058
9824 8897 -16942
9825 8883 -16782
9826 8873 -16814
9827 8905 -16910
9828 8999 -17138
9829 9039 -17082
9830 9041 -17294
9831 9003 -17214
9832 8913 -17030
9833 8973 -17190
9834 8987 -17210
9835 8947 -17090
9836 9031 -17146
9837 9059 -17374
9838 9113 -17514
9839 9137 -17570
9840 9109 -17390
9841 9049 -17238
9842 9121 -17402
9843 9073 -17238
9844 8959 -17074
9845 8919 -16942
9846 8847 -16886
9847 8909 -17046
9848 8903 -17062
9849 8899 -17038
9850 8955 -17122
9851 8923 -17074
9852 8919 -17030
9853 8969 -17050
9854 8895 -16914
9855 8839 -16718
9856 8803 -16646
9857 8887 -16730
9858 8799 -16602
9859 8971 -16874
9860 9023 -17222
9861 9053 -17190
9862 8923 -16958
9863 8841 -16690
9864 8875 -16822
9865 8885 -16782
9866 8943 -16914
9867 8985 -17118
9868 9007 -17174
9869 9039 -17150
9870 9087 -17270
9871 9041 -17234
9872 9019 -17162
9873 9027 -17186
9874 9065 -17146
9875 8989 -17038
9876 8951 -17062
9877 8929 -16930
9878 8891 -16850
9879 8877 -16886
9880 8899 -17098
9881 8725 -16646
9882 8771 -16746
9883 8799 -16826
9884 8695 -16654
9885 8703 -16778
9886 8689 -16738
9887 8765 -16894
9888 8767 -16954
9889 8845 -16966
9890 8717 -16706
9891 8699 -16674
9892 8673 -16574
9893 8663 -16502
9894 8763 -16762
9895 8877 -16990
9896 8895 -16966
9897 8857 -16906
9898 8923 -16894
9899 8919 -16966
9900 8907 -17034
9901 8923 -17014
9902 8777 -16742
9903 8901 -17062
9904 8967 -17174
9905 9037 -17210
9906 9035 -17226
9907 9053 -17214
9908 9031 -17218
9909 9065 -17238
9910 8905 -16930
9911 8945 -17102
9912 8947 -17074
9913 8913 -16954
9914 8841 -16734
9915 8887 -16778
9916 8923 -16938
9917 8863 -16910
9918 8961 -16922
9919 8955 -16918
9920 8933 -16822
9921 8965 -16818
9922 9015 -17110
9923 8853 -16826
9924 8879 -16966
9925 8837 -16794
9926 8819 -16794
9927 8851 -16778
9928 8869 -16906
9929 8871 -16962
9930 8931 -17122
9931 8933 -17042
9932 8899 -17098
9933 8877 -16994
9934 8837 -17054
9935 8663 -16674
9936 8749 -16854
9937 8803 -16838
9938 8817 -16842
9939 8787 -16890
9940 8691 -16750
9941 8785 -16890
9942 8719 -16702
9943 8729 -16698
9944 8797 -16858
9945 8875 -16902
9946 8879 -16834
9947 8831 -16842
9948 8917 -16942
9949 8959 -17030
9950 8997 -17178
9951 9059 -17194
9952 9069 -17274
9953 9037 -17086
9954 8995 -17046
9955 8977 -16938
9956 8903 -16810
9957 8923 -16998
9958 8849 -16782
9959 8803 -16706
9960 8865 -16838
9961 8953 -16910
9962 8965 -16874
9963 8955 -16966
9964 9007 -17038
9965 8965 -16966
9966 9051 -17086
9967 8961 -16874
9968 8953 -16942
9969 8999 -17094
9970 8971 -16962
9971 8911 -16974
9972 8997 -17110
9973 9045 -17290
9974 9113 -17450
9975 9085 -17214
9976 9097 -17342
9977 9113 -17214
9978 9099 -17330
9979 9131 -17290
9980 9133 -17206
9981 9087 -17174
9982 9071 -17318
9983 9007 -17262
9984 8957 -17050
9985 8999 -17142
9986 9065 -17194
9987 9021 -17150
9988 8903 -16854
9989 8867 -16790
9990 8843 -16754
9991 8779 -16690
9992 8805 -16794
9993 8853 -16842
9994 8953 -17114
9995 8977 -17154
9996 9033 -17182
9997 9021 -17234
9998 8973 -17122
9999 8909 -17014
