0 9855 -19150
1 9575 -18270
2 9451 -17866
3 9357 -17686
4 9349 -17698
5 9159 -17262
6 9155 -17354
7 9051 -17142
8 8979 -17002
9 8965 -17066
10 8947 -16926
11 8967 -16922
12 8889 -16786
13 8875 -16802
14 8807 -16654
15 8729 -16582
16 8769 -16706
17 8691 -16574
18 8591 -16402
19 8557 -16106
20 8673 -16478
21 8721 -16494
22 8739 -16698
23 8727 -16626
24 8731 -16718
25 8649 -16482
26 8735 -16774
27 8749 -16694
28 8723 -16610
29 8741 -16550
30 8763 -16646
31 8671 -16554
32 8667 -16410
33 8763 -16710
34 8877 -17106
35 8815 -16882
36 8823 -16890
37 8759 -16734
38 8571 -16426
39 8601 -16346
40 8667 -16382
41 8641 -16378
42 8537 -16246
43 8499 -16214
44 8545 -16302
45 8545 -16258
46 8469 -16150
47 8495 -16258
48 8583 -16374
49 8695 -16690
50 8777 -16718
51 8763 -16818
52 8717 -16754
53 8767 -16826
54 8723 -16846
55 8557 -16438
56 8603 -16602
57 8565 -16590
58 8565 -16550
59 8621 -16598
60 8573 -16394
61 8507 -16282
62 8467 -16046
63 8533 -16294
64 8421 -16090
65 8601 -16362
66 8507 -16418
67 8381 -16206
68 8423 -16286
69 8353 -16026
70 8413 -16294
71 8379 -16118
72 8295 -16042
73 8451 -16150
74 8465 -16122
75 8559 -16190
76 8569 -16254
77 8519 -16314
78 8657 -16490
79 8707 -16634
80 8743 -16626
81 8655 -16450
82 8793 -16798
83 8815 -16782
84 8833 -16850
85 8771 -16826
86 8705 -16738
87 8623 -16674
88 8583 -16454
89 8621 -16498
90 8681 -16646
91 8649 -16490
92 8545 -16362
93 8545 -16310
94 8647 -16674
95 8677 -16510
96 8679 -16614
97 8807 -16850
98 8871 -16878
99 8887 -16934
100 8773 -16690
101 8851 -16794
102 8817 -16662
103 8803 -16714
104 8869 -16782
105 8831 -16838
106 8801 -16730
107 8823 -16674
108 8837 -16726
109 8813 -16574
110 8735 -16458
111 8749 -16474
112 8765 -16546
113 8753 -16598
114 8719 -16410
115 8693 -16562
116 8747 -16638
117 8815 -16778
118 8791 -16734
119 8639 -16414
120 8701 -16590
121 8649 -16422
122 8705 -16642
123 8615 -16426
124 8699 -16578
125 8659 -16430
126 8691 -16578
127 8615 -16490
128 8621 -16414
129 8593 -16406
130 8567 -16234
131 8507 -16098
132 8627 -16258
133 8561 -16234
134 8557 -16290
135 8519 -16334
136 8501 -16078
137 8547 -16194
138 8617 -16414
139 8747 -16602
140 8721 -16638
141 8791 -16698
142 8811 -16742
143 8681 -16662
144 8673 -16534
145 8611 -16530
146 8619 -16494
147 8601 -16406
148 8615 -16410
149 8649 -16538
150 8649 -16466
151 8631 -16710
152 8721 -16858
153 8695 -16822
154 8513 -16510
155 8591 -16750
156 8641 -16842
157 8685 -16942
158 8585 -16614
159 8683 -16814
160 8611 -16550
161 8517 -16278
162 8429 -16302
163 8419 -16334
164 8437 -16258
165 8437 -16290
166 8445 -16330
167 8355 -16106
168 8367 -16122
169 8415 -16286
170 8433 -16326
171 8345 -16126
172 8381 -16154
173 8301 -16066
174 8365 -16238
175 8399 -16286
176 8411 -16510
177 8485 -16514
178 8495 -16458
179 8373 -16394
180 8357 -16370
181 8333 -16442
182 8325 -16510
183 8377 -16350
184 8443 -16394
185 8441 -16314
186 8395 -16314
187 8451 -16494
188 8445 -16598
189 8383 -16426
190 8437 -16334
191 8481 -16222
192 8475 -16282
193 8427 -16234
194 8385 -16138
195 8341 -16322
196 8371 -16082
197 8447 -16202
198 8495 -16354
199 8495 -16430
200 8431 -16370
201 8439 -16186
202 8503 -16354
203 8665 -16546
204 8639 -16574
205 8435 -16302
206 8471 -16298
207 8485 -16482
208 8567 -16430
209 8455 -16242
210 8401 -16366
211 8353 -16282
212 8495 -16638
213 8463 -16378
214 8403 -16334
215 8449 -16446
216 8319 -16114
217 8247 -16090
218 8283 -16122
219 8235 -15994
220 8273 -16202
221 8275 -16214
222 8355 -16414
223 8323 -16262
224 8233 -15946
225 8355 -16146
226 8421 -16454
227 8409 -16486
228 8421 -16494
229 8459 -16522
230 8373 -16474
231 8391 -16430
232 8425 -16602
233 8307 -16402
234 8263 -16498
235 8311 -16346
236 8271 -16318
237 8215 -16314
238 8285 -16254
239 8237 -16238
240 8259 -16338
241 8355 -16454
242 8317 -16306
243 8299 -16094
244 8353 -16270
245 8491 -16486
246 8553 -16526
247 8537 -16762
248 8461 -16414
249 8469 -16406
250 8411 -16470
251 8353 -16406
252 8375 -16330
253 8365 -16226
254 8325 -16194
255 8311 -16222
256 8427 -16450
257 8465 -16518
258 8369 -16234
259 8287 -16446
260 8297 -16418
261 8323 -16438
262 8333 -16434
263 8359 -16430
264 8321 -16330
265 8303 -16250
266 8319 -16286
267 8351 -16462
268 8381 -16406
269 8273 -16214
270 8187 -15910
271 8323 -16226
272 8331 -16458
273 8317 -16430
274 8391 -16466
275 8479 -16614
276 8367 -16402
277 8333 -16266
278 8333 -16222
279 8371 -16390
280 8337 -16326
281 8445 -16578
282 8403 -16474
283 8393 -16346
284 8355 -16310
285 8413 -16298
286 8287 -16158
287 8351 -16290
288 8411 -16474
289 8339 -16302
290 8307 -16190
291 8369 -16250
292 8461 -16390
293 8513 -16806
294 8613 -16794
295 8597 -16654
296 8459 -16282
297 8471 -16254
298 8523 -16370
299 8499 -16414
300 8443 -16094
301 8519 -16370
302 8453 -16142
303 8493 -16286
304 8629 -16654
305 8725 -16562
306 8603 -16506
307 8661 -16506
308 8549 -16398
309 8591 -16450
310 8503 -16378
311 8641 -16542
312 8729 -16830
313 8675 -16754
314 8589 -16474
315 8545 -16406
316 8567 -16414
317 8603 -16482
318 8597 -16330
319 8695 -16570
320 8741 -16562
321 8813 -16850
322 8779 -16678
323 8869 -16802
324 8769 -16598
325 8791 -16810
326 8685 -16514
327 8711 -16650
328 8747 -16622
329 8579 -16362
330 8643 -16478
331 8713 -16578
332 8809 -16822
333 8805 -16674
334 8783 -16762
335 8637 -16506
336 8643 -16530
337 8653 -16538
338 8761 -16754
339 8675 -16378
340 8675 -16538
341 8757 -16730
342 8695 -16722
343 8601 -16574
344 8653 -16606
345 8697 -16634
346 8731 -16698
347 8773 -16762
348 8787 -16670
349 8703 -16610
350 8723 -16542
351 8719 -16562
352 8647 -16474
353 8569 -16170
354 8529 -16206
355 8591 -16310
356 8705 -16574
357 8817 -16742
358 8705 -16506
359 8683 -16558
360 8673 -16582
361 8675 -16534
362 8617 -16394
363 8563 -16418
364 8553 -16462
365 8601 -16546
366 8677 -16590
367 8681 -16474
368 8607 -16258
369 8599 -16362
370 8599 -16266
371 8539 -16170
372 8503 -16082
373 8595 -16398
374 8579 -16350
375 8629 -16442
376 8665 -16698
377 8603 -16318
378 8643 -16442
379 8743 -16554
380 8809 -16718
381 8777 -16554
382 8785 -16538
383 8843 -16718
384 8759 -16598
385 8633 -16450
386 8583 -16330
387 8587 -16518
388 8485 -16298
389 8517 -16234
390 8487 -16154
391 8591 -16366
392 8659 -16554
393 8733 -16686
394 8685 -16662
395 8669 -16706
396 8653 -16614
397 8605 -16478
398 8649 -16522
399 8619 -16422
400 8579 -16494
401 8531 -16406
402 8551 -16330
403 8691 -16726
404 8673 -16598
405 8687 -16710
406 8579 -16290
407 8573 -16370
408 8583 -16514
409 8563 -16266
410 8539 -16342
411 8589 -16322
412 8645 -16386
413 8585 -16358
414 8643 -16534
415 8641 -16542
416 8617 -16534
417 8657 -16498
418 8709 -16510
419 8695 -16446
420 8747 -16574
421 8739 -16610
422 8723 -16542
423 8775 -16610
424 8787 -16750
425 8755 -16630
426 8613 -16314
427 8669 -16538
428 8629 -16386
429 8535 -16190
430 8637 -16310
431 8563 -16278
432 8499 -16126
433 8455 -15954
434 8431 -15982
435 8391 -15942
436 8493 -16270
437 8535 -16418
438 8537 -16310
439 8555 -16378
440 8655 -16570
441 8671 -16670
442 8617 -16370
443 8609 -16342
444 8561 -16190
445 8733 -16574
446 8673 -16586
447 8665 -16758
448 8597 -16734
449 8527 -16526
450 8469 -16462
451 8537 -16434
452 8537 -16402
453 8565 -16314
454 8581 -16362
455 8581 -16386
456 8571 -16374
457 8653 -16622
458 8669 -16570
459 8695 -16566
460 8573 -16390
461 8523 -16246
462 8469 -16302
463 8485 -16442
464 8633 -16726
465 8621 -16722
466 8723 -16762
467 8723 -16754
468 8733 -16738
469 8813 -16858
470 8737 -16746
471 8737 -16794
472 8755 -16806
473 8697 -16682
474 8683 -16630
475 8613 -16578
476 8627 -16726
477 8663 -16658
478 8647 -16666
479 8693 -16682
480 8645 -16630
481 8685 -16638
482 8657 -16550
483 8639 -16370
484 8667 -16506
485 8673 -16510
486 8783 -16746
487 8679 -16650
488 8727 -16898
489 8675 -16722
490 8719 -16834
491 8671 -16778
492 8565 -16554
493 8671 -16746
494 8605 -16506
495 8615 -16506
496 8647 -16646
497 8599 -16522
498 8653 -16602
499 8637 -16502
500 8615 -16482
501 8485 -16410
502 8477 -16354
503 8431 -16274
504 8445 -16342
505 8373 -16082
506 8301 -16090
507 8363 -16046
508 8423 -16258
509 8415 -16330
510 8423 -16338
511 8433 -16302
512 8461 -16334
513 8391 -16186
514 8425 -16390
515 8447 -16302
516 8477 -16354
517 8513 -16234
518 8617 -16398
519 8603 -16370
520 8679 -16614
521 8705 -16738
522 8681 -16658
523 8659 -16666
524 8697 -16522
525 8669 -16654
526 8715 -16614
527 8601 -16394
528 8577 -16398
529 8533 -16346
530 8549 -16246
531 8497 -16298
532 8445 -16182
533 8419 -16282
534 8471 -16282
535 8471 -16346
536 8605 -16562
537 8559 -16526
538 8495 -16470
539 8533 -16286
540 8533 -16386
541 8547 -16386
542 8547 -16366
543 8571 -16354
544 8613 -16506
545 8531 -16490
546 8545 -16394
547 8569 -16486
548 8611 -16402
549 8611 -16494
550 8591 -16598
551 8631 -16454
552 8631 -16334
553 8679 -16458
554 8679 -16598
555 8575 -16414
556 8547 -16190
557 8545 -16230
558 8639 -16390
559 8627 -16378
560 8585 -16438
561 8529 -16158
562 8589 -16346
563 8591 -16514
564 8585 -16514
565 8591 -16530
566 8607 -16434
567 8671 -16606
568 8641 -16498
569 8635 -16446
570 8571 -16358
571 8491 -16334
572 8425 -16046
573 8573 -16346
574 8583 -16278
575 8535 -16386
576 8579 -16418
577 8657 -16630
578 8565 -16326
579 8607 -16378
580 8513 -16282
581 8521 -16122
582 8621 -16366
583 8745 -16534
584 8793 -16718
585 8729 -16538
586 8655 -16510
587 8745 -16762
588 8615 -16482
589 8579 -16474
590 8639 -16546
591 8725 -16670
592 8663 -16522
593 8719 -16674
594 8749 -16782
595 8773 -16750
596 8725 -16650
597 8869 -16954
598 8857 -16786
599 8839 -16794
600 8721 -16662
601 8671 -16494
602 8663 -16510
603 8647 -16458
604 8707 -16666
605 8707 -16630
606 8579 -16218
607 8573 -16162
608 8639 -16302
609 8585 -16422
610 8553 -16330
611 8569 -16222
612 8529 -16030
613 8489 -16058
614 8635 -16366
615 8535 -16254
616 8517 -16250
617 8367 -16078
618 8377 -16170
619 8451 -16286
620 8497 -16350
621 8535 -16434
622 8627 -16514
623 8511 -16266
624 8535 -16354
625 8627 -16542
626 8631 -16654
627 8631 -16630
628 8609 -16530
629 8515 -16426
630 8511 -16446
631 8577 -16502
632 8599 -16526
633 8561 -16638
634 8557 -16614
635 8487 -16514
636 8583 -16806
637 8581 -16734
638 8575 -16650
639 8593 -16702
640 8635 -16802
641 8613 -16722
642 8611 -16638
643 8601 -16530
644 8469 -16382
645 8411 -16134
646 8381 -16218
647 8507 -16342
648 8529 -16474
649 8457 -16542
650 8383 -16306
651 8341 -16322
652 8365 -16262
653 8299 -16230
654 8205 -16098
655 8133 -16014
656 8257 -16146
657 8093 -15978
658 8225 -16234
659 8227 -16202
660 8257 -16338
661 8179 -16238
662 8015 -15806
663 8163 -15918
664 8167 -15994
665 8197 -16038
666 8365 -16306
667 8361 -16210
668 8313 -16302
669 8317 -16342
670 8245 -16378
671 8123 -15934
672 8143 -16086
673 8295 -16210
674 8341 -16266
675 8181 -16150
676 8235 -16222
677 8177 -16038
678 8185 -15910
679 8139 -15930
680 8167 -15954
681 8281 -16170
682 8207 -16214
683 8237 -16102
684 8385 -16210
685 8425 -16430
686 8273 -16242
687 8243 -16170
688 8291 -16090
689 8303 -16222
690 8285 -16186
691 8301 -16214
692 8305 -16350
693 8219 -16190
694 8361 -16542
695 8479 -16350
696 8513 -16650
697 8461 -16542
698 8409 -16346
699 8381 -16226
700 8503 -16402
701 8485 -16586
702 8443 -16250
703 8443 -16262
704 8459 -16334
705 8447 -16218
706 8449 -16314
707 8417 -16170
708 8525 -16462
709 8513 -16398
710 8387 -16262
711 8421 -16262
712 8381 -16038
713 8419 -16130
714 8385 -16154
715 8363 -16174
716 8439 -16374
717 8547 -16582
718 8367 -16218
719 8441 -16330
720 8439 -16382
721 8447 -16446
722 8471 -16414
723 8449 -16578
724 8415 -16446
725 8479 -16522
726 8365 -16278
727 8221 -16162
728 8133 -15906
729 8161 -15918
730 8169 -15954
731 8255 -16058
732 8347 -16370
733 8325 -16482
734 8283 -16258
735 8313 -16218
736 8371 -16358
737 8241 -16186
738 8313 -16290
739 8299 -16330
740 8249 -16262
741 8209 -16278
742 8177 -16174
743 8211 -16354
744 8257 -16350
745 8405 -16514
746 8415 -16506
747 8399 -16350
748 8443 -16510
749 8351 -16414
750 8297 -16286
751 8295 -16250
752 8325 -16406
753 8343 -16494
754 8447 -16602
755 8485 -16490
756 8401 -16362
757 8369 -16330
758 8399 -16458
759 8425 -16642
760 8357 -16358
761 8327 -16230
762 8339 -16346
763 8321 -16270
764 8315 -16334
765 8317 -16358
766 8287 -16142
767 8311 -16218
768 8321 -16290
769 8395 -16254
770 8319 -16106
771 8401 -16386
772 8387 -16426
773 8407 -16462
774 8427 -16338
775 8447 -16458
776 8353 -16278
777 8301 -16202
778 8279 -16198
779 8303 -16158
780 8259 -16138
781 8151 -15894
782 8159 -15870
783 8173 -15998
784 8171 -16066
785 8147 -15938
786 8235 -16038
787 8323 -16362
788 8407 -16358
789 8385 -16318
790 8377 -16354
791 8369 -16262
792 8331 -16118
793 8395 -16342
794 8467 -16490
795 8431 -16202
796 8347 -16058
797 8277 -16074
798 8273 -16162
799 8297 -16034
800 8385 -16266
801 8397 -16346
802 8313 -16298
803 8311 -16362
804 8323 -16330
805 8289 -16258
806 8317 -16246
807 8325 -16270
808 8399 -16274
809 8475 -16450
810 8421 -16422
811 8435 -16314
812 8407 -16338
813 8349 -16282
814 8239 -16078
815 8219 -16034
816 8295 -16202
817 8181 -15962
818 8227 -15894
819 8335 -16182
820 8277 -16142
821 8299 -16122
822 8385 -16206
823 8415 -16266
824 8397 -16398
825 8413 -16374
826 8551 -16782
827 8501 -16578
828 8549 -16514
829 8439 -16282
830 8461 -16354
831 8373 -16202
832 8469 -16454
833 8555 -16746
834 8423 -16382
835 8395 -16218
836 8307 -16282
837 8403 -16490
838 8381 -16446
839 8301 -16442
840 8411 -16394
841 8353 -16226
842 8289 -16226
843 8367 -16294
844 8301 -16302
845 8341 -16162
846 8221 -15882
847 8307 -16266
848 8223 -16078
849 8385 -16294
850 8289 -16046
851 8351 -16234
852 8303 -16170
853 8271 -16034
854 8239 -16258
855 8347 -16414
856 8351 -16274
857 8371 -16302
858 8439 -16290
859 8427 -16390
860 8379 -16302
861 8325 -16162
862 8325 -16142
863 8513 -16470
864 8527 -16574
865 8577 -16670
866 8573 -16658
867 8399 -16278
868 8535 -16602
869 8523 -16462
870 8603 -16694
871 8555 -16498
872 8563 -16470
873 8621 -16350
874 8673 -16414
875 8621 -16378
876 8635 -16530
877 8633 -16434
878 8659 -16538
879 8715 -16598
880 8683 -16626
881 8575 -16478
882 8607 -16494
883 8687 -16666
884 8607 -16438
885 8869 -16822
886 8857 -16850
887 8935 -16898
888 8799 -16742
889 8881 -16866
890 8827 -16770
891 8839 -16798
892 8857 -16866
893 8821 -16666
894 8703 -16450
895 8623 -16314
896 8653 -16506
897 8661 -16418
898 8697 -16522
899 8695 -16530
900 8677 -16422
901 8733 -16554
902 8717 -16514
903 8741 -16626
904 8689 -16578
905 8695 -16602
906 8687 -16602
907 8695 -16494
908 8737 -16730
909 8817 -16742
910 8727 -16582
911 8691 -16550
912 8801 -16778
913 8679 -16658
914 8647 -16550
915 8691 -16598
916 8665 -16494
917 8665 -16610
918 8639 -16478
919 8607 -16322
920 8569 -16178
921 8597 -16366
922 8599 -16454
923 8617 -16346
924 8647 -16514
925 8691 -16462
926 8759 -16658
927 8661 -16558
928 8651 -16542
929 8655 -16470
930 8629 -16446
931 8589 -16486
932 8629 -16398
933 8581 -16462
934 8555 -16454
935 8639 -16638
936 8635 -16454
937 8673 -16438
938 8621 -16386
939 8597 -16318
940 8583 -16298
941 8673 -16470
942 8653 -16450
943 8685 -16590
944 8655 -16582
945 8723 -16718
946 8787 -16782
947 8743 -16642
948 8691 -16542
949 8649 -16590
950 8727 -16614
951 8653 -16370
952 8515 -16350
953 8493 -16410
954 8505 -16462
955 8553 -16454
956 8639 -16590
957 8529 -16594
958 8475 -16506
959 8459 -16470
960 8437 -16426
961 8441 -16418
962 8319 -16378
963 8451 -16686
964 8461 -16698
965 8457 -16594
966 8563 -16638
967 8599 -16590
968 8529 -16530
969 8575 -16438
970 8571 -16562
971 8493 -16482
972 8499 -16230
973 8655 -16494
974 8665 -16678
975 8659 -16722
976 8673 -16798
977 8623 -16722
978 8579 -16606
979 8643 -16786
980 8565 -16670
981 8691 -16942
982 8669 -16778
983 8723 -16726
984 8669 -16750
985 8621 -16598
986 8573 -16526
987 8437 -16518
988 8593 -16630
989 8565 -16610
990 8593 -16566
991 8595 -16670
992 8589 -16746
993 8539 -16570
994 8509 -16466
995 8555 -16562
996 8617 -16582
997 8615 -16618
998 8521 -16334
999 8481 -16310
1000 8481 -16394
1001 8545 -16518
1002 8533 -16454
1003 8529 -16258
1004 8541 -16318
1005 8513 -16346
1006 8417 -16022
1007 8379 -16034
1008 8375 -16150
1009 8427 -16206
1010 8417 -16238
1011 8391 -16342
1012 8461 -16346
1013 8347 -16102
1014 8507 -16514
1015 8523 -16430
1016 8497 -16230
1017 8523 -16382
1018 8545 -16422
1019 8733 -16590
1020 8825 -16786
1021 8685 -16466
1022 8719 -16478
1023 8709 -16458
1024 8659 -16386
1025 8549 -16346
1026 8539 -16342
1027 8389 -15930
1028 8423 -15966
1029 8477 -16266
1030 8565 -16422
1031 8663 -16574
1032 8591 -16418
1033 8523 -16438
1034 8425 -16286
1035 8359 -16018
1036 8465 -16306
1037 8441 -16346
1038 8623 -16690
1039 8583 -16666
1040 8629 -16634
1041 8665 -16690
1042 8583 -16646
1043 8537 -16446
1044 8493 -16402
1045 8425 -16142
1046 8387 -16198
1047 8555 -16510
1048 8439 -16234
1049 8501 -16354
1050 8577 -16598
1051 8637 -16654
1052 8519 -16478
1053 8511 -16454
1054 8489 -16346
1055 8413 -16358
1056 8387 -16226
1057 8407 -16262
1058 8339 -16206
1059 8481 -16386
1060 8485 -16250
1061 8515 -16206
1062 8581 -16314
1063 8677 -16442
1064 8591 -16326
1065 8693 -16498
1066 8711 -16658
1067 8755 -16746
1068 8791 -16730
1069 8735 -16718
1070 8769 -16686
1071 8715 -16534
1072 8775 -16718
1073 8803 -16726
1074 8747 -16470
1075 8827 -16738
1076 8813 -16714
1077 8895 -16730
1078 8813 -16778
1079 8757 -16546
1080 8733 -16502
1081 8843 -16746
1082 8789 -16702
1083 8717 -16562
1084 8689 -16638
1085 8661 -16654
1086 8667 -16630
1087 8693 -16802
1088 8619 -16506
1089 8663 -16630
1090 8611 -16578
1091 8639 -16618
1092 8633 -16586
1093 8659 -16554
1094 8655 -16534
1095 8567 -16434
1096 8565 -16514
1097 8571 -16606
1098 8575 -16498
1099 8509 -16354
1100 8491 -16158
1101 8493 -16314
1102 8475 -16346
1103 8505 -16402
1104 8559 -16362
1105 8623 -16418
1106 8545 -16418
1107 8543 -16366
1108 8525 -16346
1109 8503 -16382
1110 8601 -16494
1111 8603 -16374
1112 8623 -16406
1113 8639 -16486
1114 8615 -16530
1115 8553 -16386
1116 8577 -16458
1117 8563 -16298
1118 8607 -16402
1119 8731 -16694
1120 8761 -16626
1121 8709 -16590
1122 8629 -16526
1123 8629 -16582
1124 8595 -16506
1125 8517 -16398
1126 8529 -16398
1127 8599 -16666
1128 8529 -16350
1129 8471 -16318
1130 8491 -16322
1131 8425 -16170
1132 8491 -16226
1133 8501 -16226
1134 8511 -16230
1135 8581 -16406
1136 8597 -16530
1137 8629 -16618
1138 8655 -16666
1139 8659 -16426
1140 8631 -16414
1141 8655 -16630
1142 8657 -16658
1143 8705 -16678
1144 8635 -16626
1145 8685 -16730
1146 8607 -16650
1147 8617 -16634
1148 8771 -16854
1149 8725 -16746
1150 8725 -16882
1151 8637 -16830
1152 8593 -16706
1153 8447 -16466
1154 8481 -16458
1155 8455 -16274
1156 8581 -16454
1157 8549 -16474
1158 8527 -16470
1159 8535 -16326
1160 8545 -16254
1161 8575 -16434
1162 8585 -16422
1163 8521 -16450
1164 8369 -16042
1165 8377 -16130
1166 8309 -15986
1167 8397 -16278
1168 8431 -16378
1169 8503 -16522
1170 8635 -16726
1171 8529 -16478
1172 8489 -16414
1173 8501 -16438
1174 8405 -16134
1175 8459 -16402
1176 8437 -16258
1177 8387 -16170
1178 8437 -16190
1179 8547 -16442
1180 8493 -16238
1181 8503 -16386
1182 8545 -16450
1183 8509 -16306
1184 8559 -16254
1185 8643 -16534
1186 8687 -16646
1187 8633 -16610
1188 8627 -16554
1189 8693 -16750
1190 8667 -16514
1191 8691 -16498
1192 8717 -16478
1193 8773 -16618
1194 8751 -16718
1195 8669 -16454
1196 8795 -16882
1197 8789 -16762
1198 8821 -16826
1199 8859 -16902
1200 8811 -16850
1201 8793 -16806
1202 8715 -16790
1203 8609 -16438
1204 8765 -16642
1205 8793 -16774
1206 8797 -16738
1207 8761 -16674
1208 8763 -16494
1209 8741 -16550
1210 8881 -16826
1211 8899 -16974
1212 8767 -16466
1213 8851 -16726
1214 8805 -16698
1215 8647 -16298
1216 8627 -16422
1217 8707 -16542
1218 8755 -16638
1219 8679 -16466
1220 8705 -16610
1221 8659 -16518
1222 8721 -16638
1223 8641 -16410
1224 8699 -16562
1225 8739 -16430
1226 8697 -16342
1227 8579 -16234
1228 8661 -16434
1229 8679 -16570
1230 8661 -16554
1231 8719 -16670
1232 8787 -16750
1233 8719 -16770
1234 8717 -16690
1235 8651 -16462
1236 8599 -16446
1237 8555 -16546
1238 8577 -16526
1239 8465 -16418
1240 8589 -16550
1241 8655 -16654
1242 8629 -16558
1243 8519 -16418
1244 8503 -16298
1245 8341 -15986
1246 8263 -15874
1247 8281 -16102
1248 8275 -16094
1249 8173 -15878
1250 8273 -16210
1251 8199 -16050
1252 8141 -16054
1253 8073 -15922
1254 8155 -15950
1255 8187 -16018
1256 8287 -16158
1257 8389 -16558
1258 8387 -16570
1259 8407 -16514
1260 8355 -16486
1261 8349 -16374
1262 8417 -16406
1263 8353 -16274
1264 8283 -16070
1265 8365 -16218
1266 8447 -16406
1267 8441 -16254
1268 8415 -16458
1269 8431 -16442
1270 8535 -16810
1271 8501 -16678
1272 8441 -16422
1273 8399 -16186
1274 8441 -16282
1275 8353 -16086
1276 8585 -16490
1277 8541 -16454
1278 8569 -16418
1279 8645 -16606
1280 8679 -16558
1281 8645 -16386
1282 8673 -16546
1283 8673 -16618
1284 8641 -16550
1285 8623 -16510
1286 8627 -16534
1287 8651 -16602
1288 8555 -16446
1289 8583 -16398
1290 8717 -16654
1291 8767 -16626
1292 8861 -16874
1293 8845 -16858
1294 8859 -16838
1295 8809 -16678
1296 8899 -16870
1297 8837 -16822
1298 8757 -16614
1299 8781 -16654
1300 8779 -16670
1301 8733 -16602
1302 8817 -16726
1303 8839 -16602
1304 8883 -16714
1305 8767 -16610
1306 8869 -16818
1307 8897 -16894
1308 8969 -17050
1309 8913 -17034
1310 8943 -17174
1311 8979 -16998
1312 8945 -16862
1313 9005 -17086
1314 8945 -16950
1315 8955 -16990
1316 8957 -16958
1317 8919 -16830
1318 8775 -16770
1319 8713 -16750
1320 8621 -16582
1321 8561 -16450
1322 8509 -16422
1323 8589 -16434
1324 8611 -16578
1325 8539 -16430
1326 8611 -16490
1327 8657 -16478
1328 8713 -16558
1329 8719 -16622
1330 8755 -16698
1331 8739 -16682
1332 8801 -16790
1333 8907 -16942
1334 8931 -17070
1335 8895 -16958
1336 8891 -16858
1337 8819 -16882
1338 8619 -16298
1339 8777 -16758
1340 8755 -16602
1341 8743 -16622
1342 8675 -16470
1343 8675 -16390
1344 8609 -16410
1345 8671 -16414
1346 8691 -16610
1347 8649 -16522
1348 8635 -16470
1349 8611 -16342
1350 8501 -16150
1351 8595 -16398
1352 8675 -16606
1353 8661 -16758
1354 8673 -16706
1355 8685 -16626
1356 8803 -16890
1357 8769 -16810
1358 8723 -16698
1359 8687 -16714
1360 8683 -16770
1361 8669 -16634
1362 8603 -16406
1363 8671 -16434
1364 8813 -16778
1365 8781 -16642
1366 8775 -16738
1367 8705 -16462
1368 8735 -16714
1369 8829 -16950
1370 8713 -16754
1371 8703 -16626
1372 8619 -16446
1373 8709 -16686
1374 8689 -16462
1375 8639 -16482
1376 8571 -16290
1377 8573 -16178
1378 8553 -16118
1379 8539 -16126
1380 8633 -16482
1381 8643 -16510
1382 8597 -16442
1383 8567 -16386
1384 8567 -16362
1385 8593 -16418
1386 8557 -16402
1387 8599 -16318
1388 8711 -16518
1389 8765 -16546
1390 8821 -16802
1391 8751 -16638
1392 8777 -16782
1393 8813 -16818
1394 8761 -16698
1395 8779 -16714
1396 8775 -16766
1397 8835 -16994
1398 8839 -16902
1399 8775 -16726
1400 8673 -16530
1401 8749 -16754
1402 8675 -16586
1403 8689 -16438
1404 8771 -16786
1405 8727 -16646
1406 8685 -16666
1407 8647 -16630
1408 8529 -16318
1409 8557 -16382
1410 8605 -16402
1411 8597 -16418
1412 8685 -16710
1413 8673 -16630
1414 8641 -16734
1415 8635 -16690
1416 8483 -16338
1417 8515 -16478
1418 8589 -16574
1419 8673 -16726
1420 8671 -16570
1421 8679 -16662
1422 8701 -16542
1423 8687 -16574
1424 8689 -16534
1425 8749 -16498
1426 8701 -16398
1427 8727 -16562
1428 8739 -16686
1429 8645 -16502
1430 8555 -16446
1431 8589 -16518
1432 8551 -16686
1433 8609 -16886
1434 8535 -16618
1435 8547 -16582
1436 8639 -16778
1437 8565 -16578
1438 8477 -16490
1439 8433 -16254
1440 8313 -16206
1441 8269 -16090
1442 8263 -15922
1443 8261 -15886
1444 8287 -16142
1445 8279 -15954
1446 8285 -16194
1447 8361 -16218
1448 8361 -16282
1449 8297 -16182
1450 8369 -16122
1451 8335 -16218
1452 8277 -16146
1453 8365 -16334
1454 8219 -16026
1455 8255 -16154
1456 8081 -15810
1457 8069 -15918
1458 8115 -15946
1459 8291 -16130
1460 8247 -16022
1461 8193 -15986
1462 8225 -16122
1463 8229 -16154
1464 8153 -16034
1465 8151 -16202
1466 8237 -16374
1467 8165 -16346
1468 8151 -16330
1469 8161 -16206
1470 8111 -16034
1471 8149 -16042
1472 8241 -16238
1473 8257 -16306
1474 8249 -16282
1475 8205 -16126
1476 8223 -16274
1477 8341 -16398
1478 8325 -16254
1479 8357 -16150
1480 8373 -16318
1481 8321 -16118
1482 8307 -15966
1483 8441 -16262
1484 8373 -16166
1485 8529 -16438
1486 8539 -16290
1487 8561 -16358
1488 8531 -16218
1489 8671 -16546
1490 8655 -16618
1491 8557 -16534
1492 8551 -16410
1493 8609 -16498
1494 8645 -16742
1495 8761 -16658
1496 8719 -16498
1497 8689 -16470
1498 8631 -16346
1499 8669 -16410
1500 8651 -16474
1501 8721 -16434
1502 8689 -16342
1503 8623 -16326
1504 8573 -16322
1505 8491 -16182
1506 8531 -16282
1507 8623 -16550
1508 8565 -16266
1509 8633 -16462
1510 8717 -16742
1511 8781 -16842
1512 8795 -16946
1513 8647 -16582
1514 8583 -16418
1515 8621 -16406
1516 8631 -16522
1517 8587 -16490
1518 8635 -16546
1519 8635 -16562
1520 8675 -16602
1521 8785 -16686
1522 8831 -16830
1523 8735 -16622
1524 8607 -16386
1525 8641 -16446
1526 8607 -16322
1527 8489 -16194
1528 8483 -16246
1529 8553 -16318
1530 8427 -16150
1531 8473 -16258
1532 8501 -16270
1533 8421 -15954
1534 8423 -16106
1535 8431 -16138
1536 8447 -16038
1537 8411 -15794
1538 8543 -16194
1539 8621 -16322
1540 8701 -16450
1541 8689 -16402
1542 8681 -16450
1543 8717 -16318
1544 8689 -16474
1545 8673 -16506
1546 8755 -16738
1547 8697 -16650
1548 8737 -16518
1549 8735 -16522
1550 8553 -16402
1551 8515 -16326
1552 8453 -16130
1553 8525 -16230
1554 8665 -16766
1555 8699 -16822
1556 8617 -16594
1557 8611 -16462
1558 8525 -16242
1559 8553 -16314
1560 8505 -16146
1561 8585 -16342
1562 8611 -16366
1563 8613 -16418
1564 8563 -16366
1565 8593 -16518
1566 8691 -16562
1567 8669 -16530
1568 8565 -16438
1569 8587 -16554
1570 8435 -16430
1571 8553 -16546
1572 8467 -16462
1573 8365 -16154
1574 8359 -16130
1575 8371 -16186
1576 8415 -16330
1577 8311 -16126
1578 8283 -15982
1579 8387 -16114
1580 8431 -16226
1581 8507 -16446
1582 8611 -16622
1583 8601 -16650
1584 8595 -16590
1585 8545 -16658
1586 8567 -16630
1587 8567 -16646
1588 8609 -16554
1589 8625 -16562
1590 8643 -16602
1591 8695 -16730
1592 8645 -16710
1593 8575 -16646
1594 8687 -16690
1595 8621 -16534
1596 8599 -16622
1597 8629 -16574
1598 8713 -16606
1599 8715 -16738
1600 8595 -16398
1601 8649 -16370
1602 8695 -16570
1603 8761 -16762
1604 8781 -16622
1605 8833 -16810
1606 8791 -16670
1607 8891 -16810
1608 8855 -16866
1609 8895 -16926
1610 8803 -16718
1611 8763 -16626
1612 8799 -16670
1613 8727 -16542
1614 8831 -16838
1615 8799 -16850
1616 8693 -16602
1617 8763 -16758
1618 8653 -16534
1619 8667 -16650
1620 8579 -16450
1621 8525 -16270
1622 8541 -16146
1623 8603 -16358
1624 8595 -16318
1625 8621 -16398
1626 8587 -16406
1627 8627 -16542
1628 8693 -16738
1629 8547 -16438
1630 8607 -16598
1631 8547 -16302
1632 8589 -16266
1633 8549 -16174
1634 8501 -16174
1635 8561 -16470
1636 8469 -16298
1637 8483 -16370
1638 8529 -16414
1639 8581 -16338
1640 8667 -16518
1641 8831 -16822
1642 8881 -16822
1643 8969 -17018
1644 8953 -17126
1645 8909 -16978
1646 8863 -16826
1647 8941 -16922
1648 8897 -16858
1649 8831 -16710
1650 8737 -16494
1651 8813 -16618
1652 8917 -17022
1653 8815 -16826
1654 8719 -16566
1655 8761 -16498
1656 8819 -16706
1657 8823 -16658
1658 8893 -16906
1659 8885 -16958
1660 8839 -16878
1661 8885 -16950
1662 8807 -16774
1663 8793 -16794
1664 8789 -16834
1665 8815 -16946
1666 8853 -16942
1667 8783 -16758
1668 8739 -16746
1669 8767 -16870
1670 8605 -16538
1671 8577 -16418
1672 8437 -16138
1673 8539 -16542
1674 8517 -16506
1675 8471 -16414
1676 8479 -16254
1677 8517 -16414
1678 8497 -16246
1679 8571 -16490
1680 8639 -16550
1681 8697 -16562
1682 8701 -16518
1683 8789 -16610
1684 8635 -16586
1685 8591 -16450
1686 8575 -16486
1687 8563 -16294
1688 8437 -16190
1689 8451 -16294
1690 8409 -16094
1691 8315 -16030
1692 8267 -16070
1693 8263 -16034
1694 8239 -16030
1695 8247 -16014
1696 8251 -15974
1697 8161 -15798
1698 8323 -16106
1699 8391 -16282
1700 8383 -16210
1701 8341 -16138
1702 8309 -16106
1703 8221 -15870
1704 8211 -15886
1705 8209 -15786
1706 8271 -15842
1707 8273 -15874
1708 8321 -15990
1709 8299 -16034
1710 8411 -16054
1711 8491 -16446
1712 8463 -16430
1713 8397 -16278
1714 8345 -16198
1715 8335 -16206
1716 8355 -16346
1717 8245 -16046
1718 8149 -15846
1719 8175 -15874
1720 8257 -16138
1721 8181 -15754
1722 8315 -16090
1723 8433 -16290
1724 8439 -16266
1725 8383 -16106
1726 8515 -16462
1727 8579 -16518
1728 8591 -16434
1729 8639 -16566
1730 8631 -16494
1731 8599 -16478
1732 8663 -16590
1733 8559 -16378
1734 8561 -16542
1735 8623 -16694
1736 8617 -16622
1737 8633 -16550
1738 8613 -16478
1739 8629 -16438
1740 8647 -16474
1741 8559 -16390
1742 8593 -16426
1743 8545 -16350
1744 8451 -16246
1745 8383 -16198
1746 8459 -16262
1747 8493 -16422
1748 8503 -16458
1749 8475 -16318
1750 8429 -16322
1751 8467 -16286
1752 8417 -16218
1753 8417 -16202
1754 8445 -16370
1755 8323 -16250
1756 8319 -16234
1757 8215 -16150
1758 8253 -16266
1759 8255 -16234
1760 8273 -16202
1761 8257 -16266
1762 8227 -16362
1763 8201 -16298
1764 8143 -16078
1765 8105 -16090
1766 8211 -16334
1767 8201 -16314
1768 8271 -16422
1769 8317 -16170
1770 8389 -16370
1771 8309 -16198
1772 8401 -16274
1773 8233 -16106
1774 8231 -15978
1775 8271 -16138
1776 8315 -16190
1777 8323 -16086
1778 8289 -16034
1779 8233 -16134
1780 8287 -16334
1781 8355 -16258
1782 8519 -16578
1783 8513 -16522
1784 8539 -16558
1785 8515 -16358
1786 8587 -16554
1787 8537 -16498
1788 8609 -16710
1789 8701 -16794
1790 8603 -16562
1791 8567 -16518
1792 8643 -16430
1793 8775 -16754
1794 8721 -16534
1795 8739 -16610
1796 8743 -16634
1797 8783 -16726
1798 8759 -16714
1799 8723 -16850
1800 8665 -16714
1801 8641 -16502
1802 8687 -16574
1803 8723 -16650
1804 8643 -16266
1805 8609 -16486
1806 8577 -16338
1807 8659 -16610
1808 8697 -16486
1809 8611 -16506
1810 8653 -16666
1811 8711 -16734
1812 8701 -16682
1813 8583 -16514
1814 8593 -16398
1815 8609 -16550
1816 8551 -16462
1817 8579 -16442
1818 8705 -16726
1819 8611 -16458
1820 8629 -16490
1821 8607 -16442
1822 8645 -16398
1823 8687 -16502
1824 8671 -16634
1825 8707 -16790
1826 8615 -16594
1827 8601 -16454
1828 8591 -16442
1829 8635 -16650
1830 8643 -16678
1831 8695 -16882
1832 8631 -16606
1833 8519 -16454
1834 8521 -16282
1835 8503 -16426
1836 8549 -16342
1837 8511 -16386
1838 8505 -16402
1839 8627 -16706
1840 8645 -16722
1841 8603 -16726
1842 8575 -16598
1843 8555 -16594
1844 8667 -16658
1845 8667 -16718
1846 8655 -16678
1847 8605 -16558
1848 8589 -16502
1849 8577 -16658
1850 8555 -16506
1851 8561 -16658
1852 8499 -16566
1853 8447 -16394
1854 8513 -16482
1855 8693 -16902
1856 8691 -16730
1857 8681 -16654
1858 8657 -16534
1859 8605 -16402
1860 8693 -16622
1861 8753 -16762
1862 8753 -16698
1863 8633 -16458
1864 8571 -16386
1865 8521 -16310
1866 8563 -16422
1867 8653 -16442
1868 8607 -16274
1869 8703 -16642
1870 8807 -16766
1871 8815 -16810
1872 8835 -16866
1873 8789 -16814
1874 8661 -16546
1875 8577 -16546
1876 8561 -16410
1877 8543 -16314
1878 8529 -16370
1879 8637 -16666
1880 8715 -16614
1881 8761 -16614
1882 8765 -16730
1883 8811 -16766
1884 8783 -16694
1885 8687 -16402
1886 8603 -16126
1887 8699 -16362
1888 8749 -16618
1889 8835 -16914
1890 8835 -16922
1891 8765 -16758
1892 8783 -16810
1893 8751 -16774
1894 8693 -16582
1895 8703 -16418
1896 8733 -16418
1897 8741 -16506
1898 8817 -16642
1899 8779 -16638
1900 8859 -16722
1901 8807 -16470
1902 8939 -16786
1903 8951 -16790
1904 8831 -16690
1905 8857 -16798
1906 8865 -16882
1907 8771 -16714
1908 8759 -16602
1909 8759 -16670
1910 8709 -16598
1911 8705 -16614
1912 8785 -16746
1913 8829 -16918
1914 8783 -16722
1915 8847 -16722
1916 8929 -17010
1917 8981 -17126
1918 8897 -16894
1919 8893 -16846
1920 8709 -16414
1921 8769 -16650
1922 8899 -16858
1923 8889 -16886
1924 8849 -16790
1925 8947 -16974
1926 8941 -16890
1927 8805 -16626
1928 8751 -16578
1929 8851 -16770
1930 8795 -16810
1931 8793 -16858
1932 8827 -16806
1933 8665 -16414
1934 8647 -16522
1935 8603 -16330
1936 8575 -16338
1937 8519 -16314
1938 8563 -16566
1939 8579 -16590
1940 8363 -16246
1941 8429 -16378
1942 8425 -16338
1943 8367 -16358
1944 8469 -16614
1945 8483 -16490
1946 8423 -16434
1947 8439 -16434
1948 8431 -16474
1949 8471 -16438
1950 8625 -16626
1951 8581 -16594
1952 8491 -16366
1953 8443 -16170
1954 8471 -16362
1955 8507 -16394
1956 8471 -16322
1957 8363 -16134
1958 8347 -16206
1959 8323 -16106
1960 8387 -16198
1961 8379 -16278
1962 8303 -16098
1963 8237 -16146
1964 8301 -16278
1965 8205 -16166
1966 8257 -16162
1967 8185 -15850
1968 8259 -15998
1969 8235 -16110
1970 8267 -16154
1971 8265 -16046
1972 8215 -16038
1973 8207 -16030
1974 8269 -16126
1975 8381 -16494
1976 8295 -16278
1977 8301 -16358
1978 8411 -16654
1979 8423 -16474
1980 8251 -16274
1981 8373 -16446
1982 8451 -16566
1983 8583 -16730
1984 8601 -16774
1985 8631 -16814
1986 8637 -16898
1987 8653 -16822
1988 8611 -16626
1989 8549 -16558
1990 8565 -16650
1991 8521 -16506
1992 8547 -16358
1993 8475 -16338
1994 8517 -16330
1995 8539 -16454
1996 8571 -16482
1997 8607 -16606
1998 8537 -16626
1999 8621 -16854
2000 8569 -16622
2001 8555 -16698
2002 8587 -16646
2003 8649 -16894
2004 8563 -16558
2005 8557 -16482
2006 8513 -16374
2007 8469 -16250
2008 8441 -16246
2009 8523 -16374
2010 8527 -16442
2011 8549 -16454
2012 8475 -16334
2013 8591 -16462
2014 8529 -16506
2015 8517 -16442
2016 8471 -16162
2017 8441 -16206
2018 8473 -16446
2019 8379 -16286
2020 8365 -16318
2021 8469 -16346
2022 8429 -16174
2023 8437 -16226
2024 8453 -16406
2025 8419 -16330
2026 8427 -16258
2027 8413 -16410
2028 8505 -16502
2029 8571 -16586
2030 8569 -16486
2031 8661 -16598
2032 8719 -16746
2033 8585 -16462
2034 8577 -16610
2035 8509 -16454
2036 8547 -16578
2037 8497 -16498
2038 8531 -16606
2039 8519 -16598
2040 8537 -16554
2041 8437 -16282
2042 8431 -16230
2043 8541 -16494
2044 8545 -16650
2045 8527 -16506
2046 8453 -16406
2047 8463 -16234
2048 8473 -16346
2049 8423 -16314
2050 8451 -16262
2051 8485 -16370
2052 8483 -16338
2053 8447 -16170
2054 8551 -16514
2055 8443 -16454
2056 8459 -16446
2057 8499 -16390
2058 8595 -16526
2059 8617 -16606
2060 8603 -16578
2061 8609 -16514
2062 8633 -16718
2063 8585 -16618
2064 8579 -16514
2065 8535 -16498
2066 8657 -16662
2067 8795 -16886
2068 8651 -16514
2069 8615 -16482
2070 8637 -16562
2071 8603 -16334
2072 8591 -16458
2073 8495 -16230
2074 8561 -16518
2075 8573 -16502
2076 8659 -16618
2077 8649 -16638
2078 8701 -16706
2079 8651 -16666
2080 8653 -16630
2081 8647 -16742
2082 8591 -16606
2083 8563 -16462
2084 8583 -16378
2085 8625 -16506
2086 8703 -16626
2087 8685 -16458
2088 8691 -16546
2089 8673 -16430
2090 8669 -16542
2091 8603 -16522
2092 8587 -16426
2093 8559 -16418
2094 8571 -16374
2095 8563 -16278
2096 8547 -16354
2097 8575 -16450
2098 8621 -16542
2099 8557 -16430
2100 8599 -16594
2101 8611 -16782
2102 8537 -16526
2103 8517 -16398
2104 8491 -16446
2105 8469 -16338
2106 8505 -16410
2107 8549 -16470
2108 8541 -16422
2109 8483 -16294
2110 8547 -16402
2111 8625 -16562
2112 8569 -16422
2113 8591 -16590
2114 8585 -16506
2115 8505 -16490
2116 8501 -16538
2117 8439 -16398
2118 8413 -16486
2119 8361 -16338
2120 8329 -16182
2121 8391 -16506
2122 8343 -16282
2123 8459 -16414
2124 8425 -16350
2125 8475 -16346
2126 8515 -16478
2127 8535 -16614
2128 8545 -16694
2129 8499 -16486
2130 8455 -16422
2131 8401 -16358
2132 8449 -16342
2133 8527 -16358
2134 8539 -16478
2135 8681 -16818
2136 8611 -16662
2137 8533 -16530
2138 8473 -16534
2139 8557 -16466
2140 8625 -16646
2141 8569 -16610
2142 8543 -16422
2143 8715 -16674
2144 8735 -16662
2145 8763 -16786
2146 8735 -16850
2147 8781 -16794
2148 8699 -16574
2149 8709 -16562
2150 8745 -16650
2151 8617 -16482
2152 8583 -16414
2153 8587 -16538
2154 8541 -16406
2155 8511 -16362
2156 8597 -16482
2157 8547 -16426
2158 8583 -16466
2159 8685 -16654
2160 8735 -16714
2161 8799 -16806
2162 8815 -16958
2163 8907 -17142
2164 8879 -17050
2165 8823 -16906
2166 8827 -16830
2167 8773 -16730
2168 8757 -16674
2169 8717 -16482
2170 8703 -16482
2171 8731 -16510
2172 8681 -16450
2173 8665 -16498
2174 8519 -16398
2175 8435 -16162
2176 8577 -16302
2177 8553 -16298
2178 8489 -16306
2179 8487 -16282
2180 8479 -16190
2181 8555 -16350
2182 8421 -16138
2183 8505 -16166
2184 8513 -16250
2185 8511 -16246
2186 8473 -16162
2187 8497 -16250
2188 8525 -16274
2189 8593 -16454
2190 8557 -16290
2191 8625 -16322
2192 8829 -16758
2193 8857 -16782
2194 8815 -16746
2195 8761 -16618
2196 8809 -16742
2197 8863 -16814
2198 8937 -16946
2199 8951 -17018
2200 8955 -17082
2201 8933 -16922
2202 8819 -16654
2203 8843 -16646
2204 8807 -16702
2205 8715 -16546
2206 8815 -16762
2207 8789 -16714
2208 8817 -16754
2209 8819 -16754
2210 8735 -16542
2211 8627 -16226
2212 8663 -16362
2213 8731 -16538
2214 8669 -16430
2215 8599 -16314
2216 8677 -16446
2217 8673 -16506
2218 8705 -16502
2219 8777 -16538
2220 8789 -16686
2221 8805 -16750
2222 8771 -16578
2223 8807 -16726
2224 8789 -16738
2225 8739 -16670
2226 8723 -16566
2227 8735 -16594
2228 8649 -16410
2229 8671 -16466
2230 8647 -16530
2231 8707 -16642
2232 8733 -16546
2233 8651 -16482
2234 8707 -16646
2235 8657 -16574
2236 8717 -16730
2237 8679 -16574
2238 8663 -16574
2239 8707 -16622
2240 8555 -16358
2241 8581 -16450
2242 8577 -16482
2243 8503 -16222
2244 8631 -16546
2245 8633 -16514
2246 8611 -16454
2247 8635 -16498
2248 8595 -16490
2249 8543 -16318
2250 8595 -16466
2251 8617 -16586
2252 8681 -16726
2253 8755 -16830
2254 8683 -16598
2255 8575 -16510
2256 8461 -16326
2257 8477 -16402
2258 8447 -16342
2259 8349 -16230
2260 8363 -16286
2261 8437 -16286
2262 8371 -16258
2263 8413 -16374
2264 8573 -16570
2265 8549 -16690
2266 8577 -16758
2267 8607 -16818
2268 8707 -16974
2269 8701 -16678
2270 8605 -16494
2271 8447 -16314
2272 8435 -16346
2273 8543 -16574
2274 8585 -16534
2275 8669 -16702
2276 8643 -16542
2277 8667 -16682
2278 8699 -16586
2279 8671 -16466
2280 8641 -16454
2281 8649 -16566
2282 8653 -16454
2283 8685 -16614
2284 8653 -16558
2285 8599 -16242
2286 8567 -16210
2287 8463 -16282
2288 8573 -16470
2289 8731 -16698
2290 8721 -16902
2291 8721 -16774
2292 8727 -16654
2293 8615 -16258
2294 8589 -16402
2295 8605 -16470
2296 8597 -16506
2297 8541 -16478
2298 8601 -16362
2299 8613 -16326
2300 8737 -16638
2301 8791 -16738
2302 8715 -16462
2303 8665 -16458
2304 8625 -16466
2305 8689 -16582
2306 8727 -16738
2307 8793 -16822
2308 8799 -16858
2309 8853 -16846
2310 8843 -16778
2311 8849 -16818
2312 8837 -16746
2313 8879 -16986
2314 8855 -16918
2315 8857 -16994
2316 8813 -16866
2317 8811 -16826
2318 8759 -16778
2319 8779 -16622
2320 8819 -16690
2321 8725 -16662
2322 8771 -16626
2323 8793 -16778
2324 8793 -16566
2325 8785 -16662
2326 8849 -16686
2327 8877 -16746
2328 8963 -16938
2329 8855 -16630
2330 8625 -16354
2331 8699 -16482
2332 8713 -16534
2333 8839 -16814
2334 8847 -16818
2335 8869 -16786
2336 8729 -16642
2337 8627 -16542
2338 8571 -16286
2339 8575 -16166
2340 8545 -16366
2341 8555 -16466
2342 8589 -16494
2343 8621 -16614
2344 8647 -16742
2345 8589 -16654
2346 8567 -16590
2347 8581 -16638
2348 8549 -16498
2349 8475 -16462
2350 8449 -16454
2351 8405 -16266
2352 8437 -16250
2353 8463 -16314
2354 8401 -16418
2355 8445 -16310
2356 8475 -16470
2357 8431 -16418
2358 8391 -16422
2359 8423 -16422
2360 8431 -16358
2361 8475 -16386
2362 8401 -16322
2363 8387 -16342
2364 8451 -16510
2365 8505 -16542
2366 8465 -16454
2367 8495 -16410
2368 8463 -16294
2369 8369 -16210
2370 8247 -16090
2371 8205 -15930
2372 8229 -15970
2373 8199 -16022
2374 8207 -16174
2375 8205 -16178
2376 8203 -16138
2377 8221 -16430
2378 8383 -16526
2379 8387 -16430
2380 8403 -16678
2381 8325 -16378
2382 8289 -16322
2383 8443 -16562
2384 8383 -16362
2385 8375 -16398
2386 8357 -16290
2387 8335 -16334
2388 8311 -16258
2389 8257 -16142
2390 8355 -16222
2391 8327 -16326
2392 8335 -16246
2393 8397 -16402
2394 8365 -16422
2395 8263 -16154
2396 8233 -16034
2397 8219 -15858
2398 8387 -16234
2399 8447 -16274
2400 8523 -16426
2401 8539 -16362
2402 8575 -16522
2403 8613 -16582
2404 8551 -16550
2405 8511 -16454
2406 8563 -16826
2407 8381 -16478
2408 8341 -16290
2409 8387 -16458
2410 8327 -16206
2411 8407 -16398
2412 8309 -16174
2413 8311 -16158
2414 8391 -16126
2415 8321 -16054
2416 8367 -16286
2417 8395 -16130
2418 8405 -16178
2419 8477 -16462
2420 8373 -16386
2421 8459 -16502
2422 8367 -16354
2423 8343 -16242
2424 8311 -16298
2425 8245 -16110
2426 8253 -16138
2427 8327 -16442
2428 8365 -16422
2429 8427 -16462
2430 8361 -16162
2431 8437 -16350
2432 8409 -16314
2433 8429 -16262
2434 8459 -16342
2435 8539 -16422
2436 8575 -16602
2437 8483 -16574
2438 8515 -16502
2439 8547 -16622
2440 8531 -16578
2441 8573 -16602
2442 8469 -16302
2443 8607 -16550
2444 8453 -16310
2445 8513 -16578
2446 8651 -16878
2447 8645 -17054
2448 8495 -16718
2449 8491 -16594
2450 8321 -16382
2451 8375 -16490
2452 8353 -16378
2453 8419 -16414
2454 8485 -16490
2455 8499 -16370
2456 8437 -16422
2457 8521 -16522
2458 8489 -16442
2459 8477 -16138
2460 8589 -16510
2461 8505 -16426
2462 8491 -16478
2463 8511 -16466
2464 8461 -16394
2465 8433 -16342
2466 8335 -16106
2467 8253 -15858
2468 8361 -16202
2469 8369 -16346
2470 8343 -16438
2471 8273 -16278
2472 8313 -16386
2473 8275 -16222
2474 8355 -16270
2475 8287 -16178
2476 8351 -16206
2477 8447 -16378
2478 8445 -16406
2479 8415 -16402
2480 8451 -16486
2481 8357 -16398
2482 8301 -16266
2483 8361 -16378
2484 8399 -16390
2485 8417 -16378
2486 8331 -16314
2487 8409 -16446
2488 8381 -16442
2489 8259 -16138
2490 8237 -16242
2491 8169 -16002
2492 8241 -16162
2493 8321 -16158
2494 8199 -15902
2495 8207 -15954
2496 8267 -16106
2497 8179 -16134
2498 8203 -16206
2499 8299 -16246
2500 8349 -16330
2501 8289 -16358
2502 8393 -16582
2503 8517 -16634
2504 8567 -16714
2505 8579 -16506
2506 8493 -16378
2507 8543 -16546
2508 8481 -16334
2509 8341 -16150
2510 8331 -16230
2511 8365 -16318
2512 8363 -16318
2513 8479 -16514
2514 8487 -16454
2515 8421 -16290
2516 8343 -16214
2517 8321 -16298
2518 8239 -16166
2519 8065 -15950
2520 8173 -16102
2521 8205 -16006
2522 8251 -16122
2523 8325 -16378
2524 8265 -16286
2525 8253 -16038
2526 8253 -16086
2527 8327 -16338
2528 8321 -16178
2529 8291 -16082
2530 8425 -16362
2531 8539 -16370
2532 8413 -16106
2533 8479 -16438
2534 8535 -16402
2535 8575 -16526
2536 8677 -16666
2537 8561 -16390
2538 8589 -16514
2539 8557 -16390
2540 8537 -16454
2541 8615 -16590
2542 8655 -16666
2543 8689 -16762
2544 8693 -16718
2545 8541 -16470
2546 8605 -16710
2547 8505 -16530
2548 8491 -16450
2549 8275 -15986
2550 8391 -16346
2551 8351 -16242
2552 8393 -16362
2553 8467 -16550
2554 8337 -16350
2555 8355 -16458
2556 8511 -16678
2557 8475 -16486
2558 8509 -16606
2559 8439 -16334
2560 8397 -16406
2561 8295 -16282
2562 8237 -16098
2563 8193 -16202
2564 8111 -15930
2565 8125 -16002
2566 8055 -16042
2567 8063 -15838
2568 8131 -16066
2569 8243 -16258
2570 8295 -16342
2571 8195 -16194
2572 8093 -16010
2573 8145 -16158
2574 8225 -16278
2575 8211 -16330
2576 8223 -16382
2577 8207 -16330
2578 8283 -16470
2579 8257 -16502
2580 8133 -16222
2581 8241 -16158
2582 8263 -16150
2583 8221 -15926
2584 8293 -15998
2585 8299 -15926
2586 8433 -16110
2587 8427 -16190
2588 8531 -16298
2589 8479 -16202
2590 8461 -16278
2591 8519 -16382
2592 8477 -16154
2593 8463 -16290
2594 8483 -16350
2595 8419 -16122
2596 8509 -16354
2597 8517 -16390
2598 8475 -16498
2599 8507 -16490
2600 8539 -16342
2601 8483 -16342
2602 8493 -16306
2603 8597 -16334
2604 8655 -16406
2605 8601 -16262
2606 8673 -16510
2607 8639 -16394
2608 8841 -16814
2609 8781 -16762
2610 8673 -16514
2611 8765 -16746
2612 8755 -16594
2613 8779 -16482
2614 8729 -16490
2615 8805 -16814
2616 8779 -16782
2617 8799 -16706
2618 8807 -16682
2619 8879 -16862
2620 8907 -16926
2621 8917 -16854
2622 8801 -16710
2623 8799 -16778
2624 8805 -16738
2625 8853 -16930
2626 8763 -16646
2627 8733 -16710
2628 8613 -16506
2629 8531 -16258
2630 8621 -16526
2631 8577 -16382
2632 8561 -16414
2633 8495 -16246
2634 8505 -16218
2635 8369 -16006
2636 8403 -16014
2637 8429 -16194
2638 8389 -16146
2639 8381 -16182
2640 8491 -16330
2641 8491 -16334
2642 8587 -16314
2643 8641 -16418
2644 8657 -16506
2645 8641 -16514
2646 8645 -16526
2647 8631 -16578
2648 8659 -16522
2649 8643 -16482
2650 8687 -16426
2651 8565 -16326
2652 8569 -16342
2653 8563 -16426
2654 8565 -16322
2655 8563 -16394
2656 8593 -16374
2657 8613 -16402
2658 8701 -16518
2659 8687 -16466
2660 8717 -16558
2661 8755 -16650
2662 8715 -16558
2663 8705 -16434
2664 8659 -16474
2665 8687 -16478
2666 8483 -16162
2667 8439 -16158
2668 8407 -16198
2669 8425 -16182
2670 8367 -16218
2671 8383 -16158
2672 8445 -16234
2673 8533 -16318
2674 8581 -16466
2675 8663 -16530
2676 8701 -16614
2677 8749 -16562
2678 8735 -16682
2679 8747 -16750
2680 8667 -16606
2681 8675 -16562
2682 8665 -16466
2683 8635 -16558
2684 8637 -16426
2685 8671 -16414
2686 8645 -16490
2687 8625 -16410
2688 8581 -16286
2689 8667 -16382
2690 8665 -16350
2691 8649 -16326
2692 8589 -16386
2693 8583 -16394
2694 8523 -16334
2695 8483 -16254
2696 8451 -16194
2697 8557 -16330
2698 8533 -16290
2699 8533 -16346
2700 8519 -16430
2701 8557 -16414
2702 8535 -16610
2703 8481 -16374
2704 8389 -16234
2705 8425 -16250
2706 8457 -16182
2707 8683 -16634
2708 8641 -16678
2709 8683 -16730
2710 8797 -16906
2711 8729 -16698
2712 8735 -16774
2713 8715 -16574
2714 8847 -16926
2715 8779 -16770
2716 8689 -16610
2717 8687 -16646
2718 8787 -16970
2719 8731 -16690
2720 8791 -16886
2721 8789 -16690
2722 8825 -16830
2723 8773 -16746
2724 8809 -16758
2725 8687 -16618
2726 8641 -16518
2727 8535 -16354
2728 8593 -16478
2729 8521 -16326
2730 8473 -16386
2731 8401 -16166
2732 8419 -16266
2733 8421 -16098
2734 8393 -15970
2735 8459 -16170
2736 8523 -16326
2737 8579 -16474
2738 8601 -16322
2739 8597 -16266
2740 8621 -16270
2741 8605 -16222
2742 8657 -16566
2743 8711 -16686
2744 8689 -16746
2745 8713 -16642
2746 8681 -16694
2747 8605 -16322
2748 8661 -16486
2749 8731 -16726
2750 8705 -16494
2751 8741 -16518
2752 8803 -16702
2753 8789 -16766
2754 8709 -16594
2755 8763 -16766
2756 8681 -16470
2757 8685 -16494
2758 8595 -16418
2759 8775 -16658
2760 8761 -16534
2761 8713 -16574
2762 8735 -16726
2763 8713 -16598
2764 8713 -16730
2765 8609 -16674
2766 8571 -16430
2767 8503 -16442
2768 8495 -16366
2769 8429 -16366
2770 8461 -16406
2771 8547 -16682
2772 8553 -16558
2773 8621 -16594
2774 8593 -16606
2775 8637 -16634
2776 8567 -16586
2777 8541 -16338
2778 8499 -16346
2779 8539 -16358
2780 8527 -16422
2781 8403 -16142
2782 8363 -16094
2783 8453 -16158
2784 8425 -16142
2785 8311 -16034
2786 8413 -16254
2787 8557 -16594
2788 8559 -16414
2789 8497 -16170
2790 8577 -16374
2791 8653 -16522
2792 8525 -16354
2793 8513 -16230
2794 8375 -16058
2795 8483 -16394
2796 8471 -16270
2797 8445 -16114
2798 8441 -16134
2799 8439 -16326
2800 8497 -16358
2801 8595 -16398
2802 8607 -16350
2803 8693 -16674
2804 8571 -16398
2805 8629 -16466
2806 8681 -16526
2807 8733 -16626
2808 8703 -16646
2809 8633 -16426
2810 8561 -16326
2811 8611 -16522
2812 8611 -16518
2813 8627 -16370
2814 8561 -16394
2815 8515 -16378
2816 8527 -16318
2817 8531 -16302
2818 8535 -16394
2819 8589 -16490
2820 8601 -16646
2821 8569 -16670
2822 8597 -16654
2823 8529 -16486
2824 8627 -16662
2825 8499 -16354
2826 8653 -16530
2827 8671 -16598
2828 8439 -16082
2829 8481 -16154
2830 8535 -16270
2831 8595 -16354
2832 8569 -16382
2833 8593 -16442
2834 8597 -16518
2835 8619 -16566
2836 8519 -16274
2837 8465 -16178
2838 8415 -16010
2839 8497 -16362
2840 8361 -16298
2841 8341 -16314
2842 8283 -16230
2843 8199 -16062
2844 8201 -16150
2845 8177 -15998
2846 8151 -15906
2847 8297 -16114
2848 8341 -16234
2849 8315 -16210
2850 8383 -16310
2851 8473 -16618
2852 8535 -16614
2853 8477 -16398
2854 8559 -16570
2855 8449 -16494
2856 8461 -16450
2857 8485 -16450
2858 8579 -16690
2859 8451 -16538
2860 8349 -16350
2861 8417 -16502
2862 8407 -16538
2863 8323 -16466
2864 8357 -16534
2865 8229 -16214
2866 8335 -16522
2867 8333 -16418
2868 8247 -16314
2869 8273 -16386
2870 8249 -16334
2871 8121 -16174
2872 8153 -16166
2873 8217 -16134
2874 8243 -16022
2875 8293 -16266
2876 8341 -16502
2877 8455 -16618
2878 8455 -16586
2879 8431 -16554
2880 8335 -16290
2881 8437 -16454
2882 8351 -16430
2883 8395 -16370
2884 8331 -16330
2885 8405 -16662
2886 8401 -16646
2887 8383 -16438
2888 8399 -16518
2889 8169 -16146
2890 8067 -15966
2891 8023 -15910
2892 8183 -16230
2893 8141 -16150
2894 8129 -16182
2895 8215 -16334
2896 8229 -16382
2897 8261 -16314
2898 8281 -16126
2899 8319 -16074
2900 8229 -16026
2901 8317 -16226
2902 8539 -16562
2903 8559 -16486
2904 8419 -16162
2905 8395 -16206
2906 8429 -16362
2907 8473 -16278
2908 8455 -16346
2909 8555 -16394
2910 8577 -16362
2911 8587 -16222
2912 8659 -16578
2913 8631 -16490
2914 8517 -16370
2915 8471 -16186
2916 8395 -16174
2917 8351 -16166
2918 8363 -16186
2919 8377 -16106
2920 8365 -16286
2921 8459 -16358
2922 8399 -16258
2923 8349 -15974
2924 8425 -16338
2925 8487 -16354
2926 8539 -16550
2927 8609 -16790
2928 8605 -16682
2929 8473 -16366
2930 8571 -16618
2931 8623 -16694
2932 8635 -16594
2933 8687 -16598
2934 8637 -16358
2935 8641 -16386
2936 8655 -16554
2937 8637 -16510
2938 8635 -16426
2939 8647 -16358
2940 8593 -16270
2941 8621 -16218
2942 8681 -16410
2943 8801 -16770
2944 8889 -16818
2945 8783 -16566
2946 8761 -16606
2947 8619 -16206
2948 8649 -16426
2949 8681 -16678
2950 8665 -16658
2951 8569 -16510
2952 8615 -16678
2953 8527 -16486
2954 8649 -16574
2955 8747 -16814
2956 8773 -16718
2957 8677 -16554
2958 8611 -16370
2959 8499 -16174
2960 8485 -16526
2961 8357 -16306
2962 8395 -16282
2963 8367 -16122
2964 8415 -16138
2965 8469 -16222
2966 8383 -15918
2967 8361 -15938
2968 8427 -16118
2969 8429 -16074
2970 8401 -16198
2971 8513 -16422
2972 8523 -16366
2973 8473 -16482
2974 8405 -16186
2975 8335 -16234
2976 8305 -16222
2977 8265 -16190
2978 8293 -16018
2979 8225 -16042
2980 8303 -16138
2981 8317 -16162
2982 8351 -16242
2983 8377 -16258
2984 8377 -16318
2985 8241 -16070
2986 8293 -16182
2987 8245 -16050
2988 8221 -15994
2989 8233 -16162
2990 8233 -16158
2991 8361 -16358
2992 8309 -16290
2993 8377 -16426
2994 8395 -16414
2995 8329 -16366
2996 8333 -16462
2997 8315 -16414
2998 8323 -16374
2999 8303 -16218
3000 8245 -16102
3001 8223 -16006
3002 8117 -15798
3003 8089 -15846
3004 8251 -16058
3005 8247 -16146
3006 8287 -16254
3007 8145 -16130
3008 8153 -16058
3009 8193 -16086
3010 8287 -16226
3011 8411 -16550
3012 8409 -16462
3013 8413 -16346
3014 8389 -16322
3015 8347 -16258
3016 8313 -16130
3017 8243 -15974
3018 8347 -16186
3019 8305 -16278
3020 8425 -16402
3021 8421 -16438
3022 8439 -16570
3023 8221 -16038
3024 8275 -16202
3025 8275 -16218
3026 8299 -16110
3027 8309 -16202
3028 8291 -16190
3029 8283 -16278
3030 8205 -16182
3031 8323 -16446
3032 8169 -16198
3033 8147 -16274
3034 8189 -16310
3035 8201 -16078
3036 8175 -16078
3037 8353 -16426
3038 8419 -16550
3039 8315 -16298
3040 8253 -16006
3041 8297 -16194
3042 8339 -16306
3043 8233 -16246
3044 8167 -16190
3045 8173 -16310
3046 8215 -16322
3047 8159 -16230
3048 8175 -16330
3049 8181 -16310
3050 8157 -16182
3051 8195 -16222
3052 8187 -16294
3053 8235 -16074
3054 8277 -16154
3055 8309 -16126
3056 8393 -16354
3057 8313 -16230
3058 8369 -16238
3059 8301 -16218
3060 8187 -16034
3061 8249 -15942
3062 8297 -16082
3063 8285 -16154
3064 8281 -16166
3065 8287 -16198
3066 8327 -16338
3067 8295 -16310
3068 8277 -16358
3069 8115 -16178
3070 8173 -16290
3071 8111 -16206
3072 8169 -16278
3073 8193 -16066
3074 8171 -16178
3075 8239 -16278
3076 8223 -16070
3077 8219 -16242
3078 8183 -16118
3079 8169 -16114
3080 8135 -16050
3081 8167 -16178
3082 8229 -16270
3083 8219 -16298
3084 8131 -16122
3085 8069 -16114
3086 8057 -16110
3087 8057 -16182
3088 8139 -16186
3089 8197 -16046
3090 8285 -16506
3091 8283 -16338
3092 8313 -16502
3093 8365 -16634
3094 8409 -16606
3095 8313 -16114
3096 8349 -16286
3097 8323 -16246
3098 8295 -16226
3099 8297 -16294
3100 8217 -16126
3101 8255 -16234
3102 8265 -16298
3103 8243 -16202
3104 8301 -16378
3105 8227 -16290
3106 8199 -16390
3107 8207 -16258
3108 8267 -16214
3109 8391 -16338
3110 8487 -16462
3111 8341 -16138
3112 8393 -16402
3113 8351 -16454
3114 8507 -16794
3115 8545 -16718
3116 8513 -16634
3117 8409 -16590
3118 8407 -16470
3119 8333 -16310
3120 8331 -16282
3121 8317 -16494
3122 8185 -16306
3123 8151 -16146
3124 8165 -16146
3125 8113 -16086
3126 8085 -16070
3127 8117 -16158
3128 8097 -16082
3129 8111 -16078
3130 8095 -16074
3131 8177 -16174
3132 8179 -16190
3133 8189 -16022
3134 8203 -15998
3135 8161 -16066
3136 8153 -16182
3137 8193 -16282
3138 8101 -16338
3139 8081 -16390
3140 8079 -16398
3141 8055 -16218
3142 8187 -16466
3143 8097 -16254
3144 8143 -16354
3145 8179 -16490
3146 8157 -16350
3147 8173 -16450
3148 8117 -16342
3149 8087 -16246
3150 8139 -16410
3151 8115 -16422
3152 8109 -16234
3153 7953 -15710
3154 7919 -15798
3155 7971 -15862
3156 8021 -15962
3157 7991 -16098
3158 8021 -16030
3159 8021 -16030
3160 7995 -15818
3161 8027 -15982
3162 8005 -16006
3163 8107 -16226
3164 8069 -16210
3165 8033 -16154
3166 8033 -16082
3167 7889 -15938
3168 8013 -15958
3169 8029 -16158
3170 8001 -16090
3171 8055 -16102
3172 8125 -16218
3173 8135 -16234
3174 8035 -16050
3175 8123 -16246
3176 8205 -16262
3177 8247 -16214
3178 8209 -16114
3179 8067 -16094
3180 8065 -15958
3181 8001 -15882
3182 8017 -16106
3183 8095 -16010
3184 8145 -16018
3185 8047 -15934
3186 8121 -16154
3187 8135 -16078
3188 8105 -16142
3189 7999 -15946
3190 7971 -16002
3191 7905 -15722
3192 8009 -15886
3193 8137 -16206
3194 8215 -16326
3195 8281 -16354
3196 8305 -16390
3197 8303 -16314
3198 8289 -16266
3199 8279 -16274
3200 8239 -16238
3201 8181 -16206
3202 8199 -16238
3203 8237 -16234
3204 8221 -16070
3205 8273 -16302
3206 8289 -16278
3207 8309 -16286
3208 8381 -16554
3209 8407 -16430
3210 8385 -16318
3211 8375 -16290
3212 8417 -16350
3213 8371 -16158
3214 8373 -16174
3215 8461 -16294
3216 8371 -16074
3217 8385 -16094
3218 8443 -16386
3219 8437 -16478
3220 8317 -16270
3221 8357 -16346
3222 8343 -16250
3223 8373 -16318
3224 8355 -16406
3225 8267 -16230
3226 8409 -16514
3227 8391 -16318
3228 8405 -16222
3229 8297 -16086
3230 8347 -16282
3231 8303 -16318
3232 8411 -16454
3233 8455 -16490
3234 8393 -16222
3235 8441 -16214
3236 8431 -16162
3237 8441 -16234
3238 8499 -16350
3239 8437 -16450
3240 8419 -16330
3241 8433 -16342
3242 8389 -16222
3243 8479 -16390
3244 8483 -16534
3245 8487 -16358
3246 8467 -16350
3247 8463 -16298
3248 8623 -16526
3249 8541 -16426
3250 8557 -16466
3251 8543 -16530
3252 8557 -16434
3253 8553 -16370
3254 8607 -16482
3255 8667 -16442
3256 8687 -16546
3257 8727 -16618
3258 8781 -16930
3259 8801 -16942
3260 8853 -16922
3261 8841 -16850
3262 8841 -16750
3263 8803 -16910
3264 8731 -16858
3265 8741 -16826
3266 8807 -16946
3267 8697 -16682
3268 8769 -16926
3269 8759 -16850
3270 8801 -16870
3271 8821 -16878
3272 8755 -16810
3273 8693 -16766
3274 8655 -16770
3275 8601 -16702
3276 8621 -16562
3277 8573 -16478
3278 8659 -16702
3279 8569 -16578
3280 8625 -16522
3281 8669 -16726
3282 8797 -16966
3283 8679 -16682
3284 8859 -16898
3285 8815 -16850
3286 8827 -16682
3287 8885 -16918
3288 8941 -16918
3289 8919 -16946
3290 8929 -17058
3291 8897 -16942
3292 8841 -16854
3293 8781 -16554
3294 8691 -16558
3295 8703 -16518
3296 8795 -16646
3297 8759 -16558
3298 8671 -16386
3299 8621 -16190
3300 8575 -16322
3301 8673 -16442
3302 8675 -16534
3303 8711 -16494
3304 8635 -16518
3305 8677 -16478
3306 8735 -16794
3307 8769 -16786
3308 8697 -16734
3309 8721 -16654
3310 8679 -16610
3311 8761 -16810
3312 8821 -16798
3313 8763 -16670
3314 8885 -16850
3315 8765 -16762
3316 8763 -16922
3317 8743 -16654
3318 8713 -16686
3319 8703 -16598
3320 8731 -16726
3321 8639 -16550
3322 8585 -16322
3323 8673 -16562
3324 8651 -16562
3325 8605 -16298
3326 8677 -16438
3327 8713 -16366
3328 8699 -16566
3329 8745 -16522
3330 8765 -16554
3331 8793 -16618
3332 8675 -16434
3333 8729 -16526
3334 8765 -16578
3335 8703 -16394
3336 8769 -16670
3337 8727 -16550
3338 8675 -16486
3339 8683 -16514
3340 8667 -16502
3341 8627 -16354
3342 8695 -16410
3343 8637 -16270
3344 8711 -16582
3345 8785 -16614
3346 8803 -16670
3347 8765 -16658
3348 8773 -16646
3349 8785 -16602
3350 8841 -16706
3351 8813 -16610
3352 8805 -16746
3353 8711 -16622
3354 8681 -16458
3355 8631 -16366
3356 8649 -16490
3357 8589 -16386
3358 8551 -16246
3359 8737 -16610
3360 8665 -16510
3361 8677 -16490
3362 8775 -16806
3363 8679 -16550
3364 8539 -16110
3365 8525 -16218
3366 8575 -16418
3367 8547 -16174
3368 8569 -16286
3369 8583 -16374
3370 8621 -16406
3371 8599 -16326
3372 8669 -16582
3373 8755 -16774
3374 8815 -16910
3375 8827 -16950
3376 8751 -16534
3377 8633 -16494
3378 8551 -16314
3379 8523 -16242
3380 8611 -16402
3381 8719 -16570
3382 8773 -16734
3383 8807 -16762
3384 8839 -16690
3385 8889 -16802
3386 8929 -16878
3387 8959 -16982
3388 8947 -16854
3389 8919 -16790
3390 8969 -16974
3391 8885 -16818
3392 8883 -16894
3393 8821 -16702
3394 8857 -16762
3395 8823 -16762
3396 8853 -16918
3397 8865 -16826
3398 8759 -16734
3399 8827 -16802
3400 8817 -16922
3401 8815 -16914
3402 8865 -17022
3403 8873 -17030
3404 8765 -16610
3405 8715 -16550
3406 8659 -16478
3407 8601 -16454
3408 8505 -16322
3409 8529 -16418
3410 8641 -16562
3411 8681 -16578
3412 8785 -16806
3413 8779 -16682
3414 8821 -16674
3415 8735 -16522
3416 8777 -16642
3417 8645 -16362
3418 8627 -16402
3419 8581 -16342
3420 8585 -16354
3421 8611 -16510
3422 8655 -16498
3423 8695 -16442
3424 8801 -16778
3425 8833 -16714
3426 8753 -16410
3427 8779 -16594
3428 8717 -16506
3429 8659 -16318
3430 8663 -16306
3431 8795 -16666
3432 8667 -16378
3433 8779 -16622
3434 8813 -16654
3435 8941 -16894
3436 8921 -16986
3437 8851 -16858
3438 8761 -16558
3439 8739 -16454
3440 8735 -16478
3441 8745 -16486
3442 8635 -16366
3443 8693 -16506
3444 8645 -16478
3445 8735 -16658
3446 8651 -16374
3447 8733 -16690
3448 8717 -16498
3449 8669 -16558
3450 8533 -16214
3451 8587 -16530
3452 8605 -16554
3453 8533 -16498
3454 8617 -16526
3455 8623 -16462
3456 8539 -16438
3457 8441 -16126
3458 8357 -16010
3459 8479 -16226
3460 8581 -16634
3461 8637 -16714
3462 8617 -16586
3463 8621 -16642
3464 8691 -16610
3465 8583 -16382
3466 8633 -16398
3467 8693 -16662
3468 8805 -16670
3469 8765 -16726
3470 8791 -16762
3471 8743 -16650
3472 8749 -16694
3473 8733 -16718
3474 8693 -16686
3475 8721 -16706
3476 8527 -16490
3477 8551 -16462
3478 8527 -16454
3479 8379 -16330
3480 8319 -16190
3481 8379 -16278
3482 8377 -16362
3483 8327 -16386
3484 8357 -16290
3485 8453 -16502
3486 8377 -16386
3487 8433 -16374
3488 8313 -16310
3489 8241 -16190
3490 8281 -15990
3491 8293 -16026
3492 8343 -16242
3493 8353 -16266
3494 8331 -16418
3495 8403 -16350
3496 8479 -16538
3497 8531 -16570
3498 8491 -16458
3499 8453 -16486
3500 8425 -16382
3501 8457 -16386
3502 8499 -16566
3503 8335 -16314
3504 8295 -16302
3505 8329 -16414
3506 8311 -16278
3507 8243 -16342
3508 8301 -16398
3509 8269 -16334
3510 8217 -16110
3511 8199 -16282
3512 8207 -16510
3513 8295 -16454
3514 8243 -16314
3515 8289 -16290
3516 8189 -16106
3517 8153 -16090
3518 8055 -16026
3519 8035 -15982
3520 8021 -15918
3521 7993 -15874
3522 8057 -16010
3523 8187 -16158
3524 8155 -16062
3525 8237 -16114
3526 8219 -16086
3527 8135 -16034
3528 8219 -16270
3529 8289 -16274
3530 8361 -16406
3531 8427 -16502
3532 8297 -16322
3533 8197 -16110
3534 8143 -16130
3535 8061 -15938
3536 8153 -16210
3537 8141 -16114
3538 7991 -15998
3539 7963 -15850
3540 7871 -15802
3541 7921 -15898
3542 7967 -16006
3543 8011 -16062
3544 8045 -16118
3545 8023 -16066
3546 8157 -16206
3547 8121 -16138
3548 8193 -16198
3549 8277 -16486
3550 8275 -16430
3551 8287 -16214
3552 8337 -16442
3553 8397 -16490
3554 8267 -16206
3555 8217 -16206
3556 8259 -16326
3557 8305 -16382
3558 8293 -16294
3559 8229 -16222
3560 8225 -16294
3561 8257 -16290
3562 8301 -16278
3563 8367 -16474
3564 8367 -16390
3565 8323 -16470
3566 8303 -16382
3567 8305 -16390
3568 8441 -16594
3569 8393 -16410
3570 8335 -16374
3571 8337 -16422
3572 8459 -16730
3573 8363 -16414
3574 8381 -16490
3575 8419 -16602
3576 8421 -16706
3577 8391 -16722
3578 8383 -16758
3579 8171 -16366
3580 8199 -16310
3581 8203 -16418
3582 8157 -16282
3583 8079 -16362
3584 8225 -16486
3585 8303 -16422
3586 8229 -16386
3587 8241 -16490
3588 8219 -16490
3589 8079 -16134
3590 8219 -16262
3591 8301 -16422
3592 8213 -16222
3593 8207 -16242
3594 8213 -16078
3595 8143 -16042
3596 8201 -16258
3597 8189 -16154
3598 8117 -15970
3599 8151 -16246
3600 8145 -16250
3601 8061 -16102
3602 7979 -15994
3603 8047 -15974
3604 8119 -16002
3605 8075 -15902
3606 8001 -15962
3607 7957 -15790
3608 8027 -15902
3609 8169 -16194
3610 8125 -16090
3611 8131 -16166
3612 8073 -16378
3613 8173 -16406
3614 8121 -16382
3615 8089 -16326
3616 8187 -16658
3617 8115 -16422
3618 8075 -16358
3619 8061 -16194
3620 8219 -16494
3621 8299 -16626
3622 8297 -16470
3623 8325 -16494
3624 8391 -16726
3625 8415 -16734
3626 8421 -16702
3627 8427 -16662
3628 8441 -16566
3629 8387 -16486
3630 8465 -16890
3631 8533 -16902
3632 8477 -16810
3633 8457 -16690
3634 8355 -16574
3635 8183 -16322
3636 8191 -16374
3637 8235 -16430
3638 8251 -16414
3639 8133 -16230
3640 8109 -16122
3641 8167 -16338
3642 8081 -16162
3643 8055 -16182
3644 8013 -16006
3645 8041 -16066
3646 8021 -15966
3647 8023 -15862
3648 7943 -15782
3649 7873 -15794
3650 7811 -15566
3651 7817 -15530
3652 7997 -15826
3653 8073 -16158
3654 8069 -15994
3655 8253 -16374
3656 8339 -16326
3657 8329 -16286
3658 8265 -16286
3659 8261 -16202
3660 8273 -16354
3661 8275 -16094
3662 8141 -15938
3663 8273 -16182
3664 8259 -16166
3665 8245 -16110
3666 8283 -16274
3667 8395 -16474
3668 8377 -16338
3669 8423 -16430
3670 8335 -16214
3671 8329 -16242
3672 8281 -16214
3673 8277 -16350
3674 8389 -16502
3675 8291 -16490
3676 8311 -16322
3677 8325 -16214
3678 8349 -16286
3679 8345 -16266
3680 8455 -16354
3681 8461 -16362
3682 8465 -16294
3683 8401 -16426
3684 8409 -16270
3685 8337 -16218
3686 8293 -16062
3687 8455 -16206
3688 8659 -16554
3689 8671 -16654
3690 8731 -16802
3691 8667 -16666
3692 8607 -16606
3693 8557 -16542
3694 8541 -16470
3695 8627 -16822
3696 8527 -16470
3697 8503 -16518
3698 8471 -16446
3699 8407 -16150
3700 8487 -16242
3701 8425 -16238
3702 8485 -16302
3703 8515 -16442
3704 8553 -16546
3705 8563 -16542
3706 8595 -16734
3707 8485 -16382
3708 8397 -16334
3709 8397 -16250
3710 8273 -15966
3711 8283 -15970
3712 8403 -16250
3713 8521 -16330
3714 8519 -16322
3715 8481 -16366
3716 8567 -16478
3717 8563 -16358
3718 8573 -16430
3719 8559 -16418
3720 8503 -16322
3721 8423 -16154
3722 8365 -16070
3723 8367 -16002
3724 8431 -16182
3725 8513 -16198
3726 8449 -16002
3727 8559 -16338
3728 8537 -16314
3729 8649 -16498
3730 8661 -16698
3731 8535 -16402
3732 8511 -16394
3733 8449 -16266
3734 8459 -16214
3735 8349 -16118
3736 8357 -16174
3737 8457 -16290
3738 8529 -16498
3739 8595 -16530
3740 8565 -16554
3741 8469 -16378
3742 8601 -16638
3743 8569 -16638
3744 8593 -16630
3745 8487 -16566
3746 8509 -16534
3747 8575 -16522
3748 8537 -16562
3749 8491 -16402
3750 8461 -16362
3751 8571 -16406
3752 8615 -16614
3753 8711 -16874
3754 8779 -16974
3755 8709 -16826
3756 8643 -16678
3757 8595 -16694
3758 8645 -16670
3759 8591 -16526
3760 8677 -16654
3761 8705 -16702
3762 8739 -16702
3763 8761 -16622
3764 8801 -16698
3765 8685 -16598
3766 8669 -16626
3767 8731 -16810
3768 8743 -16774
3769 8805 -16918
3770 8639 -16702
3771 8553 -16474
3772 8565 -16458
3773 8607 -16678
3774 8579 -16594
3775 8587 -16590
3776 8583 -16594
3777 8565 -16542
3778 8431 -16266
3779 8463 -16358
3780 8393 -16238
3781 8325 -16230
3782 8395 -16422
3783 8335 -16202
3784 8397 -16462
3785 8459 -16434
3786 8477 -16482
3787 8531 -16558
3788 8549 -16470
3789 8617 -16518
3790 8705 -16734
3791 8753 -16910
3792 8661 -16766
3793 8653 -16570
3794 8757 -16818
3795 8697 -16614
3796 8681 -16550
3797 8659 -16618
3798 8631 -16522
3799 8701 -16618
3800 8581 -16326
3801 8643 -16306
3802 8727 -16446
3803 8667 -16466
3804 8661 -16582
3805 8579 -16346
3806 8605 -16342
3807 8595 -16438
3808 8567 -16262
3809 8481 -16138
3810 8457 -16142
3811 8413 -16126
3812 8423 -16054
3813 8303 -16062
3814 8161 -15690
3815 8193 -15790
3816 8311 -15930
3817 8301 -16078
3818 8417 -16126
3819 8397 -16034
3820 8371 -16182
3821 8427 -16198
3822 8429 -16150
3823 8427 -16146
3824 8441 -16266
3825 8389 -16138
3826 8469 -16278
3827 8415 -16158
3828 8471 -16278
3829 8581 -16390
3830 8567 -16258
3831 8693 -16570
3832 8619 -16322
3833 8761 -16738
3834 8807 -16638
3835 8881 -16838
3836 8895 -16762
3837 9067 -17254
3838 8951 -17002
3839 8935 -16942
3840 8963 -17098
3841 8937 -17090
3842 8845 -16798
3843 8813 -16678
3844 8821 -16786
3845 8931 -17022
3846 8789 -16718
3847 8749 -16654
3848 8707 -16654
3849 8683 -16514
3850 8629 -16382
3851 8653 -16466
3852 8573 -16450
3853 8601 -16534
3854 8625 -16478
3855 8661 -16678
3856 8655 -16690
3857 8641 -16678
3858 8663 -16658
3859 8679 -16642
3860 8773 -16914
3861 8725 -16686
3862 8679 -16518
3863 8775 -16798
3864 8827 -16918
3865 8685 -16550
3866 8745 -16562
3867 8719 -16466
3868 8775 -16674
3869 8759 -16438
3870 8731 -16434
3871 8741 -16670
3872 8635 -16418
3873 8737 -16734
3874 8777 -16606
3875 8763 -16642
3876 8809 -16718
3877 8897 -16754
3878 8815 -16618
3879 8909 -16834
3880 8973 -16802
3881 9015 -17006
3882 8975 -16882
3883 8949 -16878
3884 8891 -16702
3885 8927 -16938
3886 8953 -17014
3887 8969 -17026
3888 8925 -16874
3889 8865 -16754
3890 8799 -16678
3891 8809 -16750
3892 8861 -16866
3893 8859 -16822
3894 8787 -16538
3895 8809 -16786
3896 8869 -16950
3897 8747 -16754
3898 8825 -16806
3899 8777 -16554
3900 8749 -16494
3901 8847 -16670
3902 8815 -16662
3903 8873 -16790
3904 8929 -16914
3905 8925 -16998
3906 8709 -16530
3907 8727 -16666
3908 8689 -16658
3909 8693 -16538
3910 8649 -16402
3911 8665 -16426
3912 8749 -16674
3913 8823 -16718
3914 8851 -16674
3915 8843 -16730
3916 8909 -16862
3917 8829 -16862
3918 8791 -16710
3919 8793 -16874
3920 8765 -16714
3921 8657 -16578
3922 8707 -16794
3923 8685 -16622
3924 8781 -16858
3925 8789 -16790
3926 8759 -16630
3927 8827 -16746
3928 8821 -16814
3929 8707 -16614
3930 8839 -16922
3931 8793 -16642
3932 8717 -16534
3933 8659 -16426
3934 8627 -16462
3935 8553 -16386
3936 8577 -16434
3937 8537 -16458
3938 8615 -16418
3939 8579 -16402
3940 8585 -16394
3941 8561 -16542
3942 8537 -16382
3943 8533 -16450
3944 8525 -16454
3945 8417 -16282
3946 8389 -16250
3947 8361 -16198
3948 8439 -16302
3949 8449 -16222
3950 8517 -16306
3951 8581 -16610
3952 8599 -16622
3953 8577 -16566
3954 8523 -16414
3955 8609 -16590
3956 8529 -16454
3957 8615 -16582
3958 8703 -16862
3959 8587 -16510
3960 8567 -16542
3961 8473 -16354
3962 8481 -16378
3963 8487 -16374
3964 8483 -16290
3965 8545 -16318
3966 8695 -16750
3967 8567 -16422
3968 8585 -16390
3969 8671 -16450
3970 8697 -16582
3971 8683 -16678
3972 8693 -16514
3973 8577 -16322
3974 8507 -16222
3975 8503 -16230
3976 8537 -16282
3977 8643 -16522
3978 8699 -16646
3979 8727 -16534
3980 8739 -16590
3981 8643 -16366
3982 8755 -16586
3983 8755 -16830
3984 8697 -16762
3985 8693 -16774
3986 8733 -16626
3987 8639 -16506
3988 8693 -16518
3989 8707 -16522
3990 8663 -16478
3991 8769 -16706
3992 8783 -16686
3993 8837 -16718
3994 8799 -16658
3995 8821 -16670
3996 8781 -16486
3997 8747 -16454
3998 8763 -16674
3999 8717 -16598
4000 8677 -16546
4001 8765 -16762
4002 8791 -16790
4003 8701 -16510
4004 8755 -16498
4005 8641 -16406
4006 8743 -16654
4007 8811 -16682
4008 8759 -16558
4009 8605 -16410
4010 8629 -16410
4011 8701 -16494
4012 8705 -16574
4013 8681 -16370
4014 8693 -16570
4015 8675 -16618
4016 8577 -16502
4017 8471 -16226
4018 8519 -16294
4019 8491 -16338
4020 8351 -16118
4021 8469 -16234
4022 8571 -16406
4023 8697 -16650
4024 8597 -16366
4025 8549 -16342
4026 8475 -16342
4027 8465 -16206
4028 8529 -16382
4029 8607 -16486
4030 8665 -16542
4031 8581 -16434
4032 8467 -16338
4033 8479 -16374
4034 8485 -16430
4035 8467 -16102
4036 8539 -16330
4037 8661 -16542
4038 8699 -16614
4039 8695 -16622
4040 8801 -17026
4041 8739 -16942
4042 8815 -17054
4043 8709 -16654
4044 8643 -16590
4045 8593 -16626
4046 8591 -16578
4047 8657 -16678
4048 8591 -16630
4049 8559 -16410
4050 8597 -16518
4051 8587 -16514
4052 8615 -16626
4053 8705 -16614
4054 8731 -16822
4055 8741 -16694
4056 8685 -16402
4057 8753 -16598
4058 8803 -16746
4059 8763 -16698
4060 8751 -16618
4061 8739 -16538
4062 8743 -16534
4063 8719 -16466
4064 8697 -16610
4065 8637 -16578
4066 8681 -16658
4067 8543 -16302
4068 8501 -16198
4069 8525 -16186
4070 8543 -16250
4071 8529 -16178
4072 8529 -16126
4073 8563 -16246
4074 8665 -16454
4075 8705 -16550
4076 8827 -16742
4077 8741 -16602
4078 8747 -16610
4079 8775 -16846
4080 8791 -16742
4081 8797 -16690
4082 8821 -16830
4083 8765 -16754
4084 8797 -16818
4085 8799 -16630
4086 8797 -16654
4087 8851 -16826
4088 8849 -16834
4089 8727 -16546
4090 8707 -16538
4091 8807 -16746
4092 8801 -16850
4093 8767 -16702
4094 8727 -16522
4095 8773 -16718
4096 8711 -16410
4097 8675 -16550
4098 8735 -16714
4099 8753 -16674
4100 8711 -16582
4101 8681 -16406
4102 8619 -16450
4103 8683 -16542
4104 8693 -16470
4105 8651 -16438
4106 8621 -16326
4107 8615 -16302
4108 8609 -16406
4109 8747 -16554
4110 8807 -16722
4111 8737 -16474
4112 8689 -16446
4113 8729 -16582
4114 8757 -16670
4115 8613 -16254
4116 8759 -16546
4117 8767 -16486
4118 8839 -16606
4119 8721 -16474
4120 8585 -16150
4121 8603 -16162
4122 8737 -16498
4123 8859 -16690
4124 8865 -16734
4125 8797 -16506
4126 8769 -16622
4127 8823 -16646
4128 8743 -16542
4129 8757 -16542
4130 8755 -16538
4131 8741 -16698
4132 8595 -16442
4133 8569 -16366
4134 8683 -16662
4135 8663 -16538
4136 8699 -16602
4137 8859 -16914
4138 8775 -16702
4139 8845 -16714
4140 8865 -16842
4141 8861 -16834
4142 8831 -16674
4143 8785 -16666
4144 8865 -16838
4145 8767 -16618
4146 8781 -16650
4147 8737 -16594
4148 8711 -16662
4149 8737 -16618
4150 8771 -16878
4151 8737 -16686
4152 8757 -16606
4153 8861 -16834
4154 8861 -16798
4155 8917 -16894
4156 8951 -17018
4157 8937 -16930
4158 8953 -16886
4159 8805 -16618
4160 8729 -16482
4161 8789 -16594
4162 8683 -16634
4163 8659 -16542
4164 8693 -16574
4165 8673 -16530
4166 8629 -16402
4167 8711 -16602
4168 8703 -16666
4169 8757 -16698
4170 8715 -16610
4171 8653 -16594
4172 8587 -16462
4173 8635 -16514
4174 8731 -16838
4175 8703 -16658
4176 8725 -16682
4177 8637 -16450
4178 8569 -16454
4179 8673 -16466
4180 8685 -16470
4181 8671 -16554
4182 8687 -16666
4183 8647 -16618
4184 8579 -16430
4185 8519 -16362
4186 8461 -16238
4187 8467 -16298
4188 8409 -16358
4189 8405 -16366
4190 8395 -16286
4191 8479 -16446
4192 8495 -16362
4193 8465 -16354
4194 8341 -16154
4195 8405 -16266
4196 8353 -16330
4197 8407 -16294
4198 8423 -16346
4199 8311 -16206
4200 8363 -16330
4201 8323 -16262
4202 8391 -16306
4203 8403 -16238
4204 8381 -16246
4205 8415 -16362
4206 8465 -16366
4207 8611 -16538
4208 8483 -16402
4209 8559 -16478
4210 8551 -16342
4211 8593 -16406
4212 8639 -16558
4213 8675 -16754
4214 8641 -16718
4215 8559 -16642
4216 8565 -16690
4217 8573 -16606
4218 8475 -16478
4219 8407 -16406
4220 8475 -16526
4221 8447 -16390
4222 8477 -16386
4223 8471 -16362
4224 8515 -16478
4225 8489 -16278
4226 8491 -16298
4227 8579 -16534
4228 8661 -16582
4229 8679 -16574
4230 8629 -16486
4231 8537 -16418
4232 8543 -16478
4233 8561 -16442
4234 8517 -16338
4235 8495 -16394
4236 8513 -16338
4237 8587 -16478
4238 8715 -16694
4239 8617 -16542
4240 8551 -16486
4241 8595 -16558
4242 8675 -16634
4243 8621 -16650
4244 8645 -16622
4245 8569 -16534
4246 8635 -16698
4247 8647 -16574
4248 8555 -16330
4249 8475 -16306
4250 8525 -16334
4251 8537 -16382
4252 8467 -16282
4253 8527 -16474
4254 8635 -16682
4255 8603 -16558
4256 8635 -16682
4257 8789 -16846
4258 8781 -16906
4259 8695 -16738
4260 8753 -16922
4261 8739 -16858
4262 8685 -16714
4263 8643 -16510
4264 8697 -16570
4265 8697 -16398
4266 8767 -16522
4267 8799 -16702
4268 8755 -16586
4269 8801 -16782
4270 8839 -16778
4271 8785 -16654
4272 8767 -16626
4273 8887 -17002
4274 8935 -17010
4275 8929 -16998
4276 8905 -16890
4277 8755 -16618
4278 8677 -16498
4279 8491 -16114
4280 8483 -16122
4281 8565 -16358
4282 8575 -16418
4283 8573 -16418
4284 8523 -16318
4285 8465 -16214
4286 8523 -16342
4287 8639 -16522
4288 8541 -16122
4289 8657 -16278
4290 8613 -16346
4291 8617 -16374
4292 8603 -16298
4293 8515 -16262
4294 8689 -16454
4295 8735 -16654
4296 8797 -16762
4297 8663 -16458
4298 8645 -16602
4299 8579 -16446
4300 8607 -16402
4301 8571 -16418
4302 8541 -16322
4303 8559 -16226
4304 8599 -16282
4305 8719 -16586
4306 8729 -16722
4307 8813 -16742
4308 8875 -16950
4309 8875 -16894
4310 8937 -16910
4311 8845 -16766
4312 8783 -16746
4313 8817 -16666
4314 8823 -16766
4315 8791 -16586
4316 8771 -16614
4317 8865 -16726
4318 8781 -16646
4319 8757 -16638
4320 8735 -16598
4321 8683 -16514
4322 8795 -16714
4323 8885 -16866
4324 8911 -16850
4325 8847 -16786
4326 8919 -16942
4327 8847 -16866
4328 8853 -16850
4329 8769 -16586
4330 8865 -16758
4331 8911 -16934
4332 8845 -16766
4333 8851 -16910
4334 8781 -16710
4335 8745 -16738
4336 8751 -16754
4337 8659 -16450
4338 8601 -16458
4339 8695 -16494
4340 8869 -16750
4341 8831 -16758
4342 8853 -16822
4343 8751 -16750
4344 8643 -16438
4345 8661 -16582
4346 8661 -16698
4347 8603 -16402
4348 8689 -16506
4349 8719 -16538
4350 8645 -16482
4351 8667 -16510
4352 8703 -16618
4353 8615 -16490
4354 8641 -16338
4355 8725 -16590
4356 8737 -16610
4357 8707 -16586
4358 8751 -16530
4359 8739 -16506
4360 8683 -16550
4361 8673 -16494
4362 8751 -16706
4363 8687 -16646
4364 8787 -16826
4365 8777 -16650
4366 8761 -16766
4367 8865 -16858
4368 8711 -16578
4369 8691 -16562
4370 8803 -16782
4371 8777 -16622
4372 8815 -16834
4373 8731 -16606
4374 8619 -16394
4375 8751 -16686
4376 8695 -16634
4377 8757 -16654
4378 8705 -16590
4379 8765 -16638
4380 8727 -16646
4381 8691 -16606
4382 8735 -16694
4383 8719 -16678
4384 8713 -16658
4385 8685 -16586
4386 8621 -16426
4387 8603 -16406
4388 8605 -16394
4389 8645 -16410
4390 8543 -16282
4391 8671 -16570
4392 8661 -16626
4393 8613 -16530
4394 8547 -16534
4395 8507 -16442
4396 8529 -16450
4397 8625 -16586
4398 8525 -16218
4399 8599 -16542
4400 8667 -16558
4401 8617 -16542
4402 8607 -16386
4403 8561 -16130
4404 8589 -16302
4405 8547 -16274
4406 8625 -16510
4407 8593 -16502
4408 8541 -16470
4409 8647 -16722
4410 8547 -16362
4411 8503 -16310
4412 8535 -16274
4413 8593 -16510
4414 8541 -16406
4415 8643 -16658
4416 8603 -16622
4417 8575 -16382
4418 8625 -16538
4419 8589 -16418
4420 8681 -16666
4421 8651 -16522
4422 8749 -16822
4423 8775 -16870
4424 8699 -16742
4425 8643 -16694
4426 8553 -16422
4427 8595 -16570
4428 8565 -16482
4429 8549 -16430
4430 8621 -16458
4431 8565 -16382
4432 8557 -16442
4433 8523 -16386
4434 8541 -16566
4435 8629 -16698
4436 8587 -16454
4437 8723 -16786
4438 8689 -16606
4439 8695 -16598
4440 8703 -16482
4441 8825 -16702
4442 8809 -16710
4443 8769 -16714
4444 8845 -16742
4445 8865 -16826
4446 8733 -16502
4447 8721 -16638
4448 8621 -16374
4449 8597 -16422
4450 8649 -16570
4451 8597 -16402
4452 8559 -16338
4453 8619 -16482
4454 8567 -16386
4455 8559 -16322
4456 8553 -16302
4457 8597 -16318
4458 8621 -16418
4459 8679 -16362
4460 8671 -16378
4461 8777 -16614
4462 8847 -16626
4463 8829 -16794
4464 8805 -16678
4465 8747 -16654
4466 8649 -16386
4467 8763 -16606
4468 8809 -16594
4469 8731 -16658
4470 8695 -16546
4471 8689 -16586
4472 8739 -16666
4473 8705 -16550
4474 8769 -16638
4475 8799 -16674
4476 8841 -16802
4477 8781 -16486
4478 8817 -16706
4479 8853 -16754
4480 8917 -16818
4481 8909 -16862
4482 8947 -16958
4483 8941 -16818
4484 8913 -16814
4485 8921 -17050
4486 8921 -17030
4487 8857 -16810
4488 8821 -16750
4489 8749 -16590
4490 8711 -16418
4491 8711 -16582
4492 8827 -16806
4493 8801 -16718
4494 8827 -16890
4495 8789 -16802
4496 8733 -16658
4497 8727 -16582
4498 8677 -16466
4499 8707 -16622
4500 8683 -16546
4501 8707 -16614
4502 8769 -16754
4503 8765 -16614
4504 8697 -16518
4505 8661 -16526
4506 8611 -16414
4507 8559 -16414
4508 8563 -16262
4509 8625 -16358
4510 8615 -16358
4511 8565 -16294
4512 8457 -16074
4513 8483 -16186
4514 8645 -16466
4515 8599 -16342
4516 8641 -16430
4517 8635 -16446
4518 8605 -16318
4519 8639 -16498
4520 8647 -16418
4521 8721 -16522
4522 8749 -16570
4523 8707 -16514
4524 8655 -16310
4525 8609 -16486
4526 8495 -16338
4527 8341 -16038
4528 8361 -16066
4529 8379 -16158
4530 8347 -16070
4531 8519 -16258
4532 8559 -16326
4533 8459 -16134
4534 8503 -16302
4535 8451 -16306
4536 8491 -16374
4537 8537 -16510
4538 8627 -16494
4539 8645 -16806
4540 8539 -16454
4541 8627 -16650
4542 8645 -16646
4543 8651 -16622
4544 8645 -16502
4545 8685 -16574
4546 8683 -16638
4547 8673 -16666
4548 8665 -16618
4549 8649 -16526
4550 8591 -16498
4551 8537 -16246
4552 8701 -16450
4553 8639 -16558
4554 8617 -16522
4555 8635 -16514
4556 8683 -16514
4557 8785 -16654
4558 8599 -16458
4559 8581 -16442
4560 8607 -16474
4561 8637 -16618
4562 8569 -16510
4563 8571 -16506
4564 8535 -16534
4565 8439 -16298
4566 8389 -16102
4567 8389 -16022
4568 8463 -15994
4569 8453 -16098
4570 8489 -16102
4571 8543 -16218
4572 8601 -16322
4573 8607 -16374
4574 8621 -16598
4575 8669 -16590
4576 8639 -16622
4577 8739 -16702
4578 8731 -16742
4579 8773 -16750
4580 8765 -16650
4581 8721 -16590
4582 8809 -16786
4583 8715 -16446
4584 8755 -16626
4585 8809 -16786
4586 8753 -16726
4587 8759 -16646
4588 8843 -16770
4589 8841 -16766
4590 8901 -16902
4591 8843 -16810
4592 8647 -16422
4593 8681 -16506
4594 8637 -16418
4595 8705 -16490
4596 8699 -16330
4597 8715 -16358
4598 8819 -16518
4599 8813 -16578
4600 8795 -16570
4601 8725 -16538
4602 8721 -16454
4603 8733 -16494
4604 8719 -16618
4605 8653 -16526
4606 8621 -16262
4607 8533 -16294
4608 8537 -16198
4609 8489 -16182
4610 8631 -16570
4611 8583 -16350
4612 8615 -16458
4613 8541 -16354
4614 8375 -15970
4615 8399 -16054
4616 8557 -16462
4617 8485 -16258
4618 8557 -16638
4619 8429 -16414
4620 8449 -16342
4621 8325 -16166
4622 8309 -16302
4623 8357 -16274
4624 8403 -16426
4625 8443 -16454
4626 8409 -16366
4627 8365 -16470
4628 8457 -16438
4629 8561 -16602
4630 8519 -16406
4631 8575 -16514
4632 8599 -16518
4633 8601 -16658
4634 8603 -16530
4635 8623 -16714
4636 8717 -16698
4637 8781 -16706
4638 8775 -16662
4639 8857 -16898
4640 8913 -17062
4641 8869 -16990
4642 8831 -16922
4643 8907 -16958
4644 8951 -17090
4645 8885 -16926
4646 8885 -16910
4647 8859 -16874
4648 8829 -16766
4649 8687 -16606
4650 8685 -16678
4651 8733 -16794
4652 8791 -16854
4653 8743 -16830
4654 8781 -16750
4655 8711 -16598
4656 8561 -16218
4657 8611 -16378
4658 8551 -16278
4659 8617 -16438
4660 8573 -16342
4661 8501 -16246
4662 8509 -16394
4663 8483 -16286
4664 8455 -16226
4665 8485 -16410
4666 8513 -16394
4667 8505 -16390
4668 8479 -16262
4669 8411 -16358
4670 8539 -16506
4671 8451 -16358
4672 8495 -16358
4673 8589 -16574
4674 8523 -16378
4675 8487 -16318
4676 8393 -16194
4677 8465 -16486
4678 8501 -16530
4679 8509 -16422
4680 8505 -16346
4681 8495 -16418
4682 8367 -16322
4683 8315 -16194
4684 8293 -16222
4685 8531 -16458
4686 8497 -16466
4687 8515 -16410
4688 8495 -16338
4689 8495 -16374
4690 8545 -16342
4691 8545 -16426
4692 8521 -16322
4693 8507 -16410
4694 8717 -16722
4695 8591 -16550
4696 8583 -16418
4697 8595 -16518
4698 8613 -16654
4699 8667 -16770
4700 8679 -16698
4701 8703 -16798
4702 8601 -16622
4703 8487 -16338
4704 8589 -16470
4705 8613 -16546
4706 8597 -16478
4707 8463 -16298
4708 8543 -16494
4709 8715 -16934
4710 8541 -16582
4711 8627 -16778
4712 8731 -16950
4713 8751 -16798
4714 8721 -16838
4715 8623 -16674
4716 8583 -16450
4717 8585 -16570
4718 8599 -16490
4719 8601 -16502
4720 8621 -16482
4721 8603 -16622
4722 8701 -16706
4723 8701 -16794
4724 8575 -16442
4725 8523 -16298
4726 8531 -16258
4727 8531 -16502
4728 8649 -16654
4729 8685 -16638
4730 8727 -16662
4731 8701 -16682
4732 8687 -16490
4733 8793 -16682
4734 8845 -16778
4735 8839 -16746
4736 8883 -16766
4737 8955 -16862
4738 8973 -17038
4739 8961 -17030
4740 8885 -16874
4741 8917 -16906
4742 8719 -16522
4743 8741 -16666
4744 8629 -16474
4745 8639 -16506
4746 8633 -16466
4747 8707 -16558
4748 8669 -16410
4749 8627 -16450
4750 8669 -16494
4751 8655 -16470
4752 8639 -16458
4753 8677 -16418
4754 8717 -16466
4755 8647 -16418
4756 8569 -16458
4757 8471 -16178
4758 8449 -16178
4759 8443 -16182
4760 8551 -16342
4761 8599 -16382
4762 8539 -16150
4763 8441 -16078
4764 8483 -16266
4765 8451 -16274
4766 8453 -16362
4767 8475 -16430
4768 8407 -16318
4769 8365 -16198
4770 8393 -16326
4771 8545 -16658
4772 8591 -16502
4773 8589 -16582
4774 8585 -16434
4775 8653 -16614
4776 8749 -16850
4777 8641 -16478
4778 8629 -16418
4779 8573 -16322
4780 8591 -16466
4781 8511 -16282
4782 8539 -16270
4783 8587 -16362
4784 8683 -16486
4785 8711 -16594
4786 8701 -16618
4787 8747 -16694
4788 8747 -16762
4789 8723 -16778
4790 8787 -16846
4791 8639 -16442
4792 8615 -16466
4793 8605 -16358
4794 8645 -16586
4795 8723 -16614
4796 8685 -16390
4797 8613 -16278
4798 8689 -16426
4799 8681 -16486
4800 8673 -16494
4801 8723 -16558
4802 8665 -16454
4803 8637 -16486
4804 8705 -16606
4805 8799 -16718
4806 8725 -16522
4807 8717 -16450
4808 8757 -16650
4809 8831 -16814
4810 8827 -16770
4811 8849 -16826
4812 8881 -17138
4813 8883 -17118
4814 8863 -17066
4815 8739 -16918
4816 8743 -16894
4817 8677 -16774
4818 8715 -16818
4819 8709 -16702
4820 8639 -16510
4821 8645 -16526
4822 8587 -16554
4823 8483 -16490
4824 8511 -16434
4825 8633 -16678
4826 8515 -16442
4827 8569 -16550
4828 8445 -16218
4829 8423 -16350
4830 8511 -16370
4831 8563 -16434
4832 8545 -16330
4833 8527 -16310
4834 8555 -16334
4835 8517 -16326
4836 8595 -16522
4837 8669 -16626
4838 8615 -16350
4839 8681 -16450
4840 8645 -16510
4841 8635 -16470
4842 8579 -16350
4843 8687 -16638
4844 8691 -16742
4845 8667 -16742
4846 8641 -16502
4847 8709 -16578
4848 8715 -16658
4849 8789 -16782
4850 8799 -16798
4851 8753 -16634
4852 8713 -16706
4853 8747 -16726
4854 8815 -16798
4855 8791 -16654
4856 8745 -16586
4857 8651 -16594
4858 8551 -16290
4859 8507 -16198
4860 8405 -16110
4861 8323 -15870
4862 8453 -16178
4863 8383 -16170
4864 8321 -16190
4865 8361 -16262
4866 8345 -16118
4867 8239 -16014
4868 8167 -15918
4869 8125 -15802
4870 8109 -16002
4871 8135 -16126
4872 8209 -16202
4873 8193 -16146
4874 8169 -16082
4875 8067 -16010
4876 8081 -16062
4877 8067 -16270
4878 8183 -16374
4879 8209 -16338
4880 8261 -16570
4881 8177 -16382
4882 8113 -16362
4883 8157 -16378
4884 8087 -16030
4885 7941 -15886
4886 7997 -16010
4887 8137 -16206
4888 8241 -16318
4889 8147 -16118
4890 8143 -16138
4891 8163 -16102
4892 8229 -16318
4893 8151 -16254
4894 8163 -16266
4895 8153 -16234
4896 8109 -16014
4897 8145 -16094
4898 8197 -16270
4899 8039 -15922
4900 8209 -16266
4901 8259 -16338
4902 8289 -16562
4903 8249 -16502
4904 8319 -16574
4905 8341 -16546
4906 8311 -16446
4907 8235 -16262
4908 8159 -16150
4909 8251 -16318
4910 8263 -16326
4911 8379 -16498
4912 8343 -16310
4913 8447 -16586
4914 8337 -16382
4915 8387 -16594
4916 8375 -16370
4917 8423 -16506
4918 8391 -16386
4919 8223 -16074
4920 8161 -16166
4921 8097 -15946
4922 8119 -15910
4923 8051 -15830
4924 8057 -15910
4925 8045 -16086
4926 8077 -16234
4927 8075 -16234
4928 8115 -16150
4929 7949 -15922
4930 8063 -16150
4931 8053 -16242
4932 7947 -16154
4933 8007 -16186
4934 8047 -16130
4935 8133 -16354
4936 8093 -16026
4937 8187 -16078
4938 8249 -16186
4939 8321 -16254
4940 8315 -16334
4941 8311 -16214
4942 8365 -16354
4943 8343 -16334
4944 8353 -16482
4945 8435 -16566
4946 8375 -16290
4947 8401 -16050
4948 8437 -16210
4949 8383 -16270
4950 8375 -16062
4951 8439 -16190
4952 8471 -16234
4953 8415 -15946
4954 8513 -16334
4955 8563 -16406
4956 8657 -16506
4957 8625 -16394
4958 8733 -16638
4959 8829 -16870
4960 8737 -16766
4961 8755 -16898
4962 8617 -16514
4963 8617 -16618
4964 8675 -16634
4965 8593 -16642
4966 8577 -16614
4967 8517 -16358
4968 8617 -16534
4969 8585 -16546
4970 8577 -16454
4971 8483 -16514
4972 8493 -16534
4973 8519 -16762
4974 8441 -16610
4975 8429 -16478
4976 8477 -16602
4977 8505 -16598
4978 8369 -16418
4979 8371 -16326
4980 8381 -16178
4981 8595 -16558
4982 8585 -16574
4983 8521 -16310
4984 8581 -16454
4985 8629 -16658
4986 8593 -16538
4987 8607 -16338
4988 8671 -16498
4989 8663 -16650
4990 8629 -16370
4991 8667 -16534
4992 8523 -16318
4993 8555 -16574
4994 8545 -16454
4995 8447 -16254
4996 8451 -16206
4997 8525 -16482
4998 8479 -16354
4999 8409 -16338
5000 8399 -16290
5001 8423 -16290
5002 8463 -16434
5003 8467 -16358
5004 8351 -16106
5005 8353 -16154
5006 8543 -16474
5007 8603 -16566
5008 8595 -16582
5009 8601 -16502
5010 8693 -16670
5011 8751 -16966
5012 8631 -16706
5013 8601 -16610
5014 8583 -16754
5015 8599 -16642
5016 8493 -16358
5017 8611 -16466
5018 8463 -16314
5019 8419 -16330
5020 8277 -16014
5021 8371 -16210
5022 8447 -16526
5023 8429 -16514
5024 8381 -16514
5025 8387 -16362
5026 8361 -16350
5027 8433 -16426
5028 8529 -16462
5029 8481 -16534
5030 8525 -16562
5031 8561 -16602
5032 8491 -16510
5033 8491 -16462
5034 8597 -16614
5035 8671 -16778
5036 8755 -16778
5037 8707 -16726
5038 8709 -16714
5039 8645 -16666
5040 8671 -16698
5041 8583 -16590
5042 8519 -16350
5043 8517 -16334
5044 8571 -16590
5045 8589 -16534
5046 8559 -16390
5047 8557 -16382
5048 8541 -16250
5049 8465 -16126
5050 8497 -16298
5051 8483 -16230
5052 8489 -16354
5053 8421 -16294
5054 8529 -16446
5055 8547 -16606
5056 8521 -16470
5057 8469 -16522
5058 8497 -16530
5059 8491 -16430
5060 8451 -16382
5061 8367 -16298
5062 8457 -16362
5063 8507 -16478
5064 8411 -16402
5065 8399 -16358
5066 8467 -16326
5067 8477 -16406
5068 8463 -16530
5069 8393 -16314
5070 8495 -16378
5071 8565 -16534
5072 8499 -16314
5073 8501 -16434
5074 8489 -16274
5075 8601 -16522
5076 8587 -16342
5077 8531 -16478
5078 8613 -16418
5079 8667 -16478
5080 8699 -16678
5081 8697 -16662
5082 8745 -16842
5083 8639 -16706
5084 8501 -16234
5085 8557 -16430
5086 8629 -16634
5087 8573 -16366
5088 8573 -16510
5089 8445 -16418
5090 8555 -16706
5091 8621 -16722
5092 8571 -16758
5093 8541 -16470
5094 8431 -16382
5095 8365 -16350
5096 8369 -16218
5097 8307 -16210
5098 8469 -16494
5099 8559 -16590
5100 8627 -16742
5101 8533 -16602
5102 8475 -16490
5103 8495 -16398
5104 8477 -16414
5105 8503 -16410
5106 8533 -16442
5107 8483 -16390
5108 8485 -16458
5109 8391 -16134
5110 8463 -16234
5111 8393 -16182
5112 8471 -16430
5113 8405 -16346
5114 8393 -16190
5115 8421 -16314
5116 8449 -16218
5117 8605 -16538
5118 8639 -16742
5119 8537 -16270
5120 8471 -16270
5121 8489 -16306
5122 8535 -16458
5123 8627 -16670
5124 8523 -16494
5125 8565 -16494
5126 8503 -16518
5127 8475 -16418
5128 8541 -16426
5129 8599 -16470
5130 8639 -16534
5131 8663 -16470
5132 8775 -16558
5133 8867 -16790
5134 8889 -16910
5135 8757 -16698
5136 8699 -16526
5137 8595 -16326
5138 8633 -16354
5139 8529 -16278
5140 8577 -16358
5141 8609 -16442
5142 8523 -16226
5143 8575 -16294
5144 8589 -16442
5145 8643 -16386
5146 8653 -16346
5147 8751 -16638
5148 8763 -16710
5149 8747 -16502
5150 8677 -16450
5151 8699 -16446
5152 8757 -16650
5153 8671 -16590
5154 8669 -16642
5155 8635 -16542
5156 8657 -16442
5157 8669 -16562
5158 8579 -16350
5159 8629 -16430
5160 8567 -16314
5161 8605 -16382
5162 8609 -16298
5163 8617 -16258
5164 8717 -16334
5165 8679 -16346
5166 8523 -15918
5167 8637 -16242
5168 8613 -16414
5169 8507 -16246
5170 8567 -16326
5171 8513 -16342
5172 8553 -16338
5173 8479 -16346
5174 8573 -16462
5175 8453 -16322
5176 8437 -16394
5177 8397 -16398
5178 8313 -16438
5179 8349 -16478
5180 8377 -16366
5181 8461 -16394
5182 8469 -16350
5183 8469 -16258
5184 8577 -16494
5185 8629 -16702
5186 8477 -16318
5187 8523 -16506
5188 8563 -16538
5189 8469 -16478
5190 8511 -16482
5191 8447 -16338
5192 8429 -16186
5193 8377 -16342
5194 8343 -16470
5195 8365 -16410
5196 8479 -16618
5197 8429 -16542
5198 8415 -16458
5199 8451 -16494
5200 8423 -16322
5201 8469 -16298
5202 8555 -16454
5203 8485 -16534
5204 8449 -16574
5205 8411 -16506
5206 8349 -16430
5207 8295 -16278
5208 8279 -16210
5209 8189 -16010
5210 8339 -16406
5211 8197 -16222
5212 8277 -16266
5213 8269 -16178
5214 8349 -16282
5215 8365 -16378
5216 8371 -16266
5217 8387 -16258
5218 8301 -15970
5219 8295 -16038
5220 8253 -15986
5221 8413 -16242
5222 8333 -16186
5223 8409 -16466
5224 8243 -16206
5225 8331 -16434
5226 8303 -16322
5227 8377 -16482
5228 8367 -16354
5229 8393 -16530
5230 8301 -16162
5231 8293 -16234
5232 8149 -16082
5233 8311 -16362
5234 8231 -16114
5235 8241 -16250
5236 8321 -16474
5237 8261 -16286
5238 8363 -16402
5239 8273 -16298
5240 8389 -16430
5241 8415 -16354
5242 8487 -16394
5243 8541 -16682
5244 8567 -16734
5245 8573 -16794
5246 8407 -16422
5247 8429 -16410
5248 8321 -16330
5249 8289 -16470
5250 8257 -16458
5251 8251 -16402
5252 8257 -16298
5253 8299 -16114
5254 8309 -16050
5255 8293 -16082
5256 8257 -16066
5257 8419 -16322
5258 8479 -16398
5259 8403 -16318
5260 8329 -16202
5261 8363 -16198
5262 8335 -16246
5263 8163 -15834
5264 8255 -16146
5265 8309 -16066
5266 8403 -16406
5267 8403 -16310
5268 8375 -16250
5269 8451 -16338
5270 8419 -16318
5271 8495 -16410
5272 8457 -16458
5273 8417 -16346
5274 8447 -16510
5275 8379 -16438
5276 8307 -16222
5277 8389 -16490
5278 8417 -16426
5279 8365 -16402
5280 8305 -16318
5281 8309 -16162
5282 8361 -16246
5283 8401 -16326
5284 8351 -16202
5285 8397 -16238
5286 8287 -16178
5287 8193 -15986
5288 8243 -16206
5289 8203 -16098
5290 8227 -16306
5291 8347 -16310
5292 8327 -16414
5293 8293 -16434
5294 8405 -16422
5295 8407 -16310
5296 8509 -16438
5297 8503 -16490
5298 8421 -16378
5299 8203 -16002
5300 8353 -16298
5301 8359 -16274
5302 8377 -16374
5303 8451 -16358
5304 8501 -16474
5305 8435 -16542
5306 8425 -16394
5307 8437 -16322
5308 8499 -16450
5309 8423 -16342
5310 8317 -16106
5311 8407 -16254
5312 8481 -16382
5313 8429 -16262
5314 8445 -16186
5315 8345 -16066
5316 8481 -16310
5317 8465 -16294
5318 8421 -16290
5319 8497 -16510
5320 8573 -16618
5321 8671 -16798
5322 8583 -16470
5323 8633 -16622
5324 8675 -16754
5325 8717 -16838
5326 8715 -16670
5327 8711 -16754
5328 8777 -16850
5329 8657 -16602
5330 8697 -16686
5331 8677 -16666
5332 8735 -16786
5333 8787 -16834
5334 8819 -16886
5335 8741 -16842
5336 8793 -16878
5337 8749 -16774
5338 8775 -16850
5339 8751 -16754
5340 8703 -16610
5341 8685 -16526
5342 8613 -16430
5343 8677 -16626
5344 8611 -16514
5345 8685 -16490
5346 8649 -16506
5347 8585 -16418
5348 8603 -16498
5349 8661 -16730
5350 8613 -16574
5351 8551 -16398
5352 8573 -16430
5353 8591 -16530
5354 8667 -16618
5355 8605 -16410
5356 8661 -16538
5357 8665 -16526
5358 8545 -16354
5359 8517 -16262
5360 8649 -16510
5361 8629 -16414
5362 8645 -16470
5363 8779 -16746
5364 8887 -16758
5365 8821 -16690
5366 8861 -16726
5367 8759 -16510
5368 8723 -16482
5369 8699 -16438
5370 8709 -16426
5371 8821 -16770
5372 8803 -16646
5373 8825 -16750
5374 8833 -16726
5375 8753 -16522
5376 8623 -16426
5377 8795 -16882
5378 8681 -16550
5379 8697 -16774
5380 8629 -16686
5381 8623 -16502
5382 8761 -16778
5383 8709 -16606
5384 8793 -16754
5385 8807 -16782
5386 8727 -16594
5387 8703 -16610
5388 8791 -16710
5389 8743 -16710
5390 8799 -16730
5391 8709 -16470
5392 8793 -16582
5393 8725 -16682
5394 8719 -16698
5395 8607 -16382
5396 8575 -16542
5397 8647 -16590
5398 8655 -16622
5399 8715 -16706
5400 8619 -16490
5401 8581 -16310
5402 8561 -16370
5403 8403 -16182
5404 8421 -16154
5405 8357 -16118
5406 8543 -16258
5407 8451 -16154
5408 8445 -16054
5409 8373 -16086
5410 8395 -16334
5411 8397 -16354
5412 8329 -16270
5413 8383 -16310
5414 8293 -16238
5415 8255 -16210
5416 8245 -16202
5417 8231 -16094
5418 8235 -16146
5419 8223 -16346
5420 8277 -16302
5421 8377 -16250
5422 8353 -16250
5423 8375 -16158
5424 8311 -15934
5425 8449 -16198
5426 8475 -16422
5427 8419 -16266
5428 8429 -16266
5429 8365 -16142
5430 8331 -16006
5431 8357 -15962
5432 8469 -16306
5433 8447 -16218
5434 8447 -16174
5435 8509 -16318
5436 8387 -16214
5437 8423 -16326
5438 8509 -16362
5439 8485 -16358
5440 8431 -16302
5441 8381 -16342
5442 8369 -16334
5443 8283 -16178
5444 8281 -16174
5445 8247 -16126
5446 8199 -16066
5447 8341 -16174
5448 8385 -16194
5449 8449 -16414
5450 8417 -16406
5451 8411 -16446
5452 8459 -16570
5453 8477 -16510
5454 8315 -15954
5455 8373 -16046
5456 8415 -16238
5457 8403 -16142
5458 8441 -16262
5459 8553 -16598
5460 8471 -16470
5461 8437 -16534
5462 8411 -16446
5463 8407 -16398
5464 8461 -16450
5465 8387 -16490
5466 8381 -16410
5467 8407 -16318
5468 8435 -16398
5469 8297 -16190
5470 8401 -16362
5471 8451 -16422
5472 8373 -16354
5473 8391 -16334
5474 8265 -16026
5475 8291 -16290
5476 8193 -16010
5477 8303 -16182
5478 8205 -16058
5479 8123 -15926
5480 8293 -16274
5481 8267 -16286
5482 8195 -16178
5483 8063 -16086
5484 8071 -16222
5485 8071 -16190
5486 8095 -16218
5487 8093 -16206
5488 8137 -16202
5489 8193 -16210
5490 8255 -16342
5491 8201 -16206
5492 8279 -16246
5493 8155 -16218
5494 8167 -16238
5495 8339 -16518
5496 8263 -16246
5497 8227 -16166
5498 8313 -16282
5499 8243 -16214
5500 8213 -16410
5501 8155 -16114
5502 8171 -16214
5503 8201 -16378
5504 8037 -16058
5505 8163 -16194
5506 8257 -16330
5507 8281 -16462
5508 8329 -16434
5509 8123 -16118
5510 8183 -16330
5511 8143 -16238
5512 8121 -16234
5513 8105 -16166
5514 8139 -16078
5515 8209 -16370
5516 8147 -16154
5517 8097 -16194
5518 7947 -15954
5519 8077 -16002
5520 8147 -16146
5521 8057 -15982
5522 8041 -16082
5523 8097 -16110
5524 8049 -15970
5525 8191 -16250
5526 8261 -16546
5527 8219 -16482
5528 8331 -16610
5529 8445 -16698
5530 8397 -16562
5531 8331 -16310
5532 8431 -16486
5533 8349 -16198
5534 8325 -16206
5535 8321 -16402
5536 8303 -16446
5537 8285 -16370
5538 8369 -16466
5539 8241 -16190
5540 8341 -16334
5541 8335 -16430
5542 8341 -16282
5543 8295 -16202
5544 8151 -16098
5545 8131 -16074
5546 8119 -16074
5547 8165 -16150
5548 8163 -16082
5549 8059 -15882
5550 8091 -15770
5551 8197 -16042
5552 8263 -16154
5553 8319 -16242
5554 8471 -16434
5555 8499 -16458
5556 8511 -16446
5557 8519 -16310
5558 8563 -16402
5559 8483 -16398
5560 8415 -16202
5561 8355 -16094
5562 8391 -16190
5563 8411 -16150
5564 8317 -16138
5565 8447 -16422
5566 8355 -16222
5567 8393 -16198
5568 8361 -16090
5569 8291 -16178
5570 8257 -16078
5571 8323 -16254
5572 8323 -16298
5573 8403 -16330
5574 8267 -16206
5575 8309 -16174
5576 8269 -16058
5577 8345 -16098
5578 8419 -16202
5579 8425 -16194
5580 8387 -16114
5581 8391 -15922
5582 8563 -16394
5583 8503 -16462
5584 8615 -16638
5585 8653 -16442
5586 8609 -16338
5587 8591 -16262
5588 8641 -16454
5589 8521 -16274
5590 8509 -16326
5591 8483 -16246
5592 8535 -16582
5593 8575 -16762
5594 8455 -16638
5595 8509 -16522
5596 8457 -16514
5597 8375 -16558
5598 8481 -16554
5599 8557 -16798
5600 8487 -16566
5601 8429 -16470
5602 8531 -16442
5603 8553 -16506
5604 8691 -16826
5605 8607 -16806
5606 8541 -16582
5607 8555 -16482
5608 8631 -16622
5609 8579 -16642
5610 8505 -16234
5611 8483 -16338
5612 8553 -16510
5613 8621 -16646
5614 8599 -16494
5615 8563 -16558
5616 8609 -16582
5617 8653 -16774
5618 8593 -16562
5619 8515 -16454
5620 8509 -16570
5621 8371 -16334
5622 8413 -16318
5623 8351 -16246
5624 8439 -16354
5625 8449 -16350
5626 8565 -16646
5627 8707 -16742
5628 8695 -16882
5629 8687 -16822
5630 8655 -16770
5631 8465 -16310
5632 8531 -16422
5633 8549 -16390
5634 8587 -16594
5635 8503 -16390
5636 8537 -16594
5637 8529 -16518
5638 8705 -16690
5639 8739 -16726
5640 8675 -16634
5641 8625 -16550
5642 8563 -16418
5643 8553 -16482
5644 8565 -16582
5645 8511 -16494
5646 8457 -16246
5647 8431 -16294
5648 8481 -16214
5649 8503 -16198
5650 8535 -16282
5651 8493 -16210
5652 8597 -16430
5653 8537 -16186
5654 8555 -16146
5655 8693 -16514
5656 8671 -16550
5657 8647 -16478
5658 8589 -16266
5659 8637 -16370
5660 8577 -16278
5661 8703 -16526
5662 8691 -16330
5663 8797 -16538
5664 8809 -16666
5665 8769 -16682
5666 8779 -16694
5667 8723 -16374
5668 8739 -16526
5669 8785 -16526
5670 8809 -16562
5671 8831 -16562
5672 8809 -16514
5673 8731 -16446
5674 8719 -16470
5675 8701 -16526
5676 8695 -16474
5677 8563 -16178
5678 8581 -16306
5679 8541 -16274
5680 8465 -16126
5681 8583 -16414
5682 8537 -16470
5683 8555 -16418
5684 8577 -16526
5685 8717 -16666
5686 8759 -16862
5687 8607 -16554
5688 8697 -16710
5689 8591 -16418
5690 8529 -16434
5691 8517 -16546
5692 8509 -16558
5693 8609 -16614
5694 8687 -16634
5695 8651 -16630
5696 8705 -16634
5697 8769 -16766
5698 8743 -16710
5699 8783 -16834
5700 8679 -16638
5701 8743 -16722
5702 8771 -16806
5703 8681 -16646
5704 8699 -16666
5705 8529 -16274
5706 8663 -16518
5707 8641 -16534
5708 8653 -16678
5709 8643 -16582
5710 8725 -16658
5711 8613 -16518
5712 8693 -16550
5713 8569 -16318
5714 8607 -16566
5715 8537 -16350
5716 8473 -16238
5717 8575 -16298
5718 8561 -16446
5719 8587 -16514
5720 8511 -16338
5721 8435 -16170
5722 8451 -16094
5723 8433 -16034
5724 8427 -16238
5725 8399 -16194
5726 8477 -16434
5727 8579 -16570
5728 8609 -16490
5729 8547 -16418
5730 8663 -16650
5731 8761 -16734
5732 8677 -16454
5733 8713 -16402
5734 8849 -16594
5735 8809 -16742
5736 8901 -17022
5737 8705 -16658
5738 8853 -16822
5739 8889 -16934
5740 8759 -16662
5741 8789 -16870
5742 8737 -16666
5743 8589 -16406
5744 8633 -16478
5745 8549 -16382
5746 8589 -16402
5747 8553 -16322
5748 8551 -16326
5749 8501 -16258
5750 8501 -16098
5751 8553 -16234
5752 8443 -16222
5753 8531 -16354
5754 8515 -16250
5755 8543 -16242
5756 8513 -16286
5757 8563 -16302
5758 8661 -16550
5759 8695 -16638
5760 8615 -16610
5761 8545 -16446
5762 8521 -16298
5763 8555 -16478
5764 8607 -16418
5765 8583 -16438
5766 8527 -16398
5767 8519 -16306
5768 8561 -16262
5769 8549 -16478
5770 8513 -16366
5771 8533 -16290
5772 8513 -16366
5773 8593 -16426
5774 8625 -16258
5775 8849 -16858
5776 8835 -16638
5777 8805 -16750
5778 8707 -16494
5779 8739 -16706
5780 8799 -16730
5781 8803 -16730
5782 8733 -16650
5783 8695 -16442
5784 8653 -16434
5785 8591 -16266
5786 8633 -16446
5787 8699 -16622
5788 8661 -16574
5789 8669 -16566
5790 8545 -16226
5791 8623 -16414
5792 8653 -16462
5793 8677 -16566
5794 8605 -16446
5795 8655 -16542
5796 8593 -16514
5797 8633 -16558
5798 8643 -16546
5799 8669 -16594
5800 8657 -16610
5801 8617 -16582
5802 8609 -16622
5803 8569 -16474
5804 8613 -16494
5805 8631 -16546
5806 8657 -16514
5807 8651 -16498
5808 8593 -16442
5809 8535 -16362
5810 8639 -16622
5811 8571 -16642
5812 8475 -16366
5813 8531 -16310
5814 8649 -16562
5815 8613 -16442
5816 8519 -16378
5817 8503 -16202
5818 8469 -16294
5819 8585 -16414
5820 8585 -16522
5821 8555 -16342
5822 8639 -16594
5823 8617 -16366
5824 8581 -16370
5825 8653 -16538
5826 8603 -16582
5827 8549 -16478
5828 8553 -16454
5829 8613 -16478
5830 8615 -16590
5831 8575 -16546
5832 8537 -16298
5833 8539 -16486
5834 8531 -16230
5835 8611 -16474
5836 8587 -16514
5837 8591 -16446
5838 8631 -16498
5839 8589 -16462
5840 8593 -16590
5841 8563 -16498
5842 8625 -16518
5843 8579 -16510
5844 8639 -16630
5845 8701 -16798
5846 8537 -16390
5847 8409 -16134
5848 8547 -16322
5849 8527 -16378
5850 8585 -16498
5851 8557 -16338
5852 8601 -16430
5853 8541 -16282
5854 8481 -16170
5855 8511 -16266
5856 8509 -16134
5857 8597 -16442
5858 8557 -16418
5859 8587 -16474
5860 8739 -16774
5861 8729 -16686
5862 8703 -16526
5863 8731 -16558
5864 8695 -16554
5865 8713 -16498
5866 8645 -16546
5867 8661 -16450
5868 8745 -16658
5869 8773 -16758
5870 8595 -16490
5871 8655 -16486
5872 8705 -16670
5873 8769 -16706
5874 8743 -16462
5875 8791 -16710
5876 8771 -16654
5877 8781 -16730
5878 8785 -16674
5879 8851 -16718
5880 8921 -16886
5881 8765 -16534
5882 8749 -16590
5883 8747 -16622
5884 8631 -16414
5885 8645 -16438
5886 8647 -16486
5887 8683 -16530
5888 8775 -16654
5889 8811 -16658
5890 8697 -16614
5891 8689 -16514
5892 8679 -16610
5893 8669 -16510
5894 8631 -16570
5895 8677 -16550
5896 8747 -16714
5897 8655 -16498
5898 8603 -16554
5899 8455 -16238
5900 8363 -16050
5901 8395 -16130
5902 8305 -15982
5903 8353 -16126
5904 8321 -16074
5905 8361 -16054
5906 8421 -16102
5907 8453 -16150
5908 8339 -16082
5909 8359 -16142
5910 8307 -16154
5911 8291 -16050
5912 8343 -16326
5913 8459 -16414
5914 8445 -16362
5915 8395 -16146
5916 8331 -16134
5917 8373 -16258
5918 8477 -16326
5919 8447 -16210
5920 8381 -16186
5921 8353 -16214
5922 8277 -16218
5923 8343 -16154
5924 8407 -16290
5925 8421 -16310
5926 8295 -16130
5927 8275 -16154
5928 8379 -16206
5929 8353 -16282
5930 8459 -16510
5931 8373 -16426
5932 8417 -16526
5933 8467 -16546
5934 8487 -16542
5935 8537 -16594
5936 8511 -16518
5937 8531 -16474
5938 8335 -16178
5939 8295 -16250
5940 8225 -16334
5941 8155 -16126
5942 8197 -16118
5943 8185 -15990
5944 8125 -15910
5945 8205 -16106
5946 8235 -16350
5947 8207 -16406
5948 8233 -16514
5949 8255 -16342
5950 8177 -16074
5951 8193 -16258
5952 8223 -16154
5953 8207 -16310
5954 8193 -16070
5955 8225 -16114
5956 8271 -16218
5957 8183 -16030
5958 8227 -16050
5959 8281 -16258
5960 8345 -16454
5961 8391 -16590
5962 8325 -16390
5963 8323 -16338
5964 8319 -16094
5965 8375 -16330
5966 8391 -16522
5967 8337 -16442
5968 8357 -16330
5969 8409 -16242
5970 8469 -16574
5971 8491 -16554
5972 8517 -16758
5973 8519 -16526
5974 8639 -16650
5975 8585 -16554
5976 8683 -16890
5977 8583 -16554
5978 8575 -16610
5979 8475 -16542
5980 8481 -16518
5981 8433 -16534
5982 8463 -16502
5983 8477 -16618
5984 8407 -16486
5985 8505 -16762
5986 8479 -16610
5987 8481 -16662
5988 8405 -16454
5989 8373 -16550
5990 8403 -16542
5991 8347 -16362
5992 8303 -16430
5993 8333 -16586
5994 8303 -16474
5995 8271 -16450
5996 8243 -16222
5997 8283 -16342
5998 8303 -16214
5999 8281 -16214
6000 8235 -16182
6001 8189 -16262
6002 8183 -16158
6003 8169 -15942
6004 8223 -16042
6005 8299 -16242
6006 8377 -16350
6007 8483 -16454
6008 8497 -16578
6009 8493 -16518
6010 8533 -16714
6011 8349 -16386
6012 8375 -16338
6013 8295 -16218
6014 8381 -16450
6015 8379 -16578
6016 8395 -16578
6017 8325 -16502
6018 8287 -16250
6019 8281 -16186
6020 8415 -16442
6021 8567 -16850
6022 8521 -16670
6023 8543 -16674
6024 8479 -16534
6025 8535 -16826
6026 8453 -16598
6027 8383 -16310
6028 8345 -16206
6029 8293 -16182
6030 8275 -16214
6031 8365 -16410
6032 8347 -16226
6033 8285 -16162
6034 8463 -16498
6035 8381 -16406
6036 8475 -16542
6037 8359 -16426
6038 8333 -16286
6039 8241 -16034
6040 8325 -16290
6041 8393 -16218
6042 8409 -16278
6043 8345 -16230
6044 8371 -16314
6045 8371 -16198
6046 8395 -16174
6047 8401 -16218
6048 8487 -16334
6049 8489 -16390
6050 8453 -16294
6051 8469 -16338
6052 8603 -16462
6053 8627 -16526
6054 8605 -16318
6055 8649 -16522
6056 8579 -16390
6057 8541 -16290
6058 8473 -16138
6059 8503 -16282
6060 8413 -16090
6061 8347 -16034
6062 8401 -16254
6063 8425 -16166
6064 8585 -16638
6065 8597 -16582
6066 8579 -16450
6067 8509 -16434
6068 8565 -16518
6069 8567 -16458
6070 8593 -16650
6071 8589 -16582
6072 8569 -16502
6073 8487 -16286
6074 8675 -16570
6075 8697 -16630
6076 8719 -16726
6077 8743 -16810
6078 8813 -16858
6079 8739 -16758
6080 8739 -16650
6081 8711 -16674
6082 8709 -16638
6083 8671 -16538
6084 8719 -16542
6085 8739 -16614
6086 8699 -16558
6087 8655 -16570
6088 8693 -16514
6089 8651 -16474
6090 8775 -16806
6091 8705 -16642
6092 8533 -16358
6093 8555 -16538
6094 8617 -16602
6095 8621 -16574
6096 8605 -16578
6097 8611 -16718
6098 8575 -16366
6099 8495 -16410
6100 8525 -16582
6101 8437 -16422
6102 8425 -16394
6103 8423 -16310
6104 8461 -16406
6105 8435 -16174
6106 8575 -16438
6107 8669 -16670
6108 8707 -16766
6109 8577 -16478
6110 8631 -16550
6111 8675 -16702
6112 8693 -16682
6113 8727 -16750
6114 8767 -16582
6115 8755 -16658
6116 8847 -16858
6117 8869 -16918
6118 8869 -16806
6119 8849 -16886
6120 8729 -16434
6121 8751 -16574
6122 8685 -16530
6123 8719 -16678
6124 8743 -16610
6125 8735 -16594
6126 8671 -16326
6127 8691 -16362
6128 8695 -16438
6129 8713 -16578
6130 8713 -16402
6131 8803 -16778
6132 8759 -16542
6133 8731 -16534
6134 8657 -16342
6135 8671 -16330
6136 8611 -16066
6137 8671 -16314
6138 8695 -16482
6139 8825 -16806
6140 8833 -16746
6141 8771 -16590
6142 8813 -16594
6143 8799 -16726
6144 8903 -16870
6145 8813 -16694
6146 8839 -16798
6147 8821 -16790
6148 8877 -16874
6149 8863 -16758
6150 8735 -16522
6151 8741 -16662
6152 8719 -16706
6153 8839 -16874
6154 8901 -16934
6155 8895 -16938
6156 8859 -16902
6157 8755 -16706
6158 8697 -16610
6159 8685 -16642
6160 8733 -16738
6161 8685 -16634
6162 8665 -16510
6163 8683 -16506
6164 8703 -16502
6165 8643 -16478
6166 8555 -16466
6167 8473 -16286
6168 8371 -16154
6169 8319 -16254
6170 8439 -16310
6171 8477 -16330
6172 8465 -16294
6173 8445 -16318
6174 8519 -16270
6175 8541 -16362
6176 8563 -16394
6177 8589 -16366
6178 8337 -15878
6179 8381 -15902
6180 8453 -16058
6181 8461 -16046
6182 8531 -16246
6183 8557 -16282
6184 8659 -16518
6185 8759 -16758
6186 8641 -16574
6187 8733 -16658
6188 8733 -16602
6189 8789 -16638
6190 8811 -16546
6191 8717 -16422
6192 8851 -16594
6193 8879 -16798
6194 8803 -16706
6195 8835 -16550
6196 8871 -16714
6197 8829 -16590
6198 8789 -16470
6199 8813 -16554
6200 8871 -16738
6201 8829 -16582
6202 8933 -16950
6203 8899 -16962
6204 8935 -17114
6205 8891 -17094
6206 8813 -16890
6207 8699 -16618
6208 8655 -16374
6209 8591 -16246
6210 8663 -16358
6211 8701 -16610
6212 8629 -16414
6213 8691 -16438
6214 8579 -16206
6215 8691 -16534
6216 8683 -16574
6217 8663 -16362
6218 8657 -16402
6219 8687 -16550
6220 8711 -16562
6221 8761 -16726
6222 8729 -16586
6223 8795 -16746
6224 8721 -16522
6225 8579 -16298
6226 8563 -16330
6227 8597 -16498
6228 8745 -16662
6229 8709 -16706
6230 8697 -16734
6231 8699 -16666
6232 8777 -17086
6233 8683 -16762
6234 8553 -16422
6235 8493 -16286
6236 8503 -16302
6237 8457 -16246
6238 8481 -16398
6239 8423 -16282
6240 8377 -16282
6241 8465 -16470
6242 8485 -16542
6243 8489 -16506
6244 8353 -16410
6245 8341 -16342
6246 8283 -16170
6247 8279 -16082
6248 8405 -16166
6249 8283 -16006
6250 8335 -16298
6251 8263 -16154
6252 8257 -16114
6253 8227 -16054
6254 8091 -15894
6255 8199 -16090
6256 8273 -16234
6257 8303 -16310
6258 8235 -16082
6259 8253 -15958
6260 8249 -15858
6261 8285 -16006
6262 8153 -15758
6263 8119 -15750
6264 8087 -15846
6265 8209 -16082
6266 8385 -16374
6267 8383 -16362
6268 8291 -16158
6269 8455 -16394
6270 8443 -16466
6271 8383 -16190
6272 8535 -16510
6273 8547 -16618
6274 8475 -16430
6275 8445 -16230
6276 8463 -16382
6277 8537 -16578
6278 8627 -16598
6279 8519 -16314
6280 8497 -16334
6281 8611 -16518
6282 8661 -16610
6283 8603 -16482
6284 8735 -16890
6285 8843 -17078
6286 8703 -16714
6287 8739 -16662
6288 8685 -16590
6289 8743 -16618
6290 8811 -16802
6291 8711 -16526
6292 8771 -16810
6293 8725 -16678
6294 8811 -16842
6295 8715 -16530
6296 8821 -16914
6297 8689 -16594
6298 8631 -16426
6299 8613 -16298
6300 8723 -16650
6301 8741 -16758
6302 8775 -16610
6303 8725 -16730
6304 8707 -16538
6305 8673 -16390
6306 8705 -16486
6307 8863 -16890
6308 8787 -16746
6309 8777 -16622
6310 8763 -16786
6311 8755 -16654
6312 8763 -16650
6313 8687 -16550
6314 8673 -16478
6315 8543 -16294
6316 8611 -16630
6317 8507 -16586
6318 8465 -16354
6319 8435 -16298
6320 8425 -16282
6321 8515 -16422
6322 8441 -16306
6323 8521 -16426
6324 8419 -16298
6325 8493 -16382
6326 8535 -16506
6327 8415 -16422
6328 8547 -16386
6329 8577 -16418
6330 8509 -16302
6331 8373 -15906
6332 8423 -16134
6333 8427 -16030
6334 8443 -16182
6335 8313 -15826
6336 8459 -16010
6337 8511 -16338
6338 8497 -16210
6339 8515 -16362
6340 8567 -16610
6341 8495 -16282
6342 8391 -16158
6343 8495 -16422
6344 8511 -16318
6345 8549 -16382
6346 8583 -16574
6347 8585 -16498
6348 8567 -16498
6349 8615 -16590
6350 8585 -16490
6351 8585 -16486
6352 8625 -16646
6353 8567 -16586
6354 8565 -16610
6355 8619 -16566
6356 8663 -16698
6357 8637 -16758
6358 8609 -16558
6359 8549 -16558
6360 8517 -16522
6361 8497 -16410
6362 8531 -16490
6363 8545 -16346
6364 8573 -16274
6365 8505 -16274
6366 8571 -16378
6367 8491 -16334
6368 8485 -16350
6369 8511 -16414
6370 8453 -16282
6371 8491 -16502
6372 8591 -16618
6373 8537 -16550
6374 8677 -16682
6375 8651 -16558
6376 8581 -16522
6377 8653 -16690
6378 8489 -16366
6379 8499 -16442
6380 8413 -16386
6381 8501 -16458
6382 8499 -16482
6383 8479 -16362
6384 8483 -16338
6385 8419 -16266
6386 8513 -16490
6387 8483 -16398
6388 8481 -16482
6389 8513 -16630
6390 8419 -16406
6391 8353 -16274
6392 8345 -16390
6393 8191 -16242
6394 8213 -16326
6395 8161 -16094
6396 8201 -15946
6397 8311 -16182
6398 8325 -16138
6399 8365 -16258
6400 8417 -16462
6401 8375 -16374
6402 8391 -16270
6403 8311 -16074
6404 8319 -16034
6405 8423 -16282
6406 8333 -16042
6407 8221 -16098
6408 8117 -15974
6409 8157 -16090
6410 8265 -16166
6411 8321 -16178
6412 8385 -16286
6413 8415 -16138
6414 8341 -16166
6415 8235 -16098
6416 8333 -16346
6417 8365 -16474
6418 8449 -16330
6419 8377 -16182
6420 8429 -16114
6421 8435 -16286
6422 8477 -16358
6423 8473 -16266
6424 8427 -16194
6425 8457 -16270
6426 8459 -16218
6427 8483 -16302
6428 8375 -16138
6429 8431 -16434
6430 8489 -16462
6431 8529 -16534
6432 8491 -16482
6433 8437 -16158
6434 8479 -16294
6435 8427 -16206
6436 8235 -15822
6437 8353 -16006
6438 8463 -16190
6439 8493 -16314
6440 8525 -16318
6441 8495 -16354
6442 8423 -16170
6443 8621 -16490
6444 8673 -16706
6445 8637 -16538
6446 8679 -16446
6447 8699 -16454
6448 8755 -16630
6449 8737 -16578
6450 8695 -16610
6451 8773 -16702
6452 8803 -16834
6453 8833 -16906
6454 8849 -16974
6455 8771 -16730
6456 8599 -16410
6457 8649 -16650
6458 8757 -16754
6459 8785 -16698
6460 8713 -16582
6461 8665 -16378
6462 8715 -16654
6463 8719 -16622
6464 8691 -16418
6465 8713 -16546
6466 8819 -16758
6467 8777 -16786
6468 8823 -16814
6469 8801 -16734
6470 8773 -16630
6471 8743 -16474
6472 8845 -16774
6473 8751 -16662
6474 8741 -16698
6475 8655 -16438
6476 8637 -16530
6477 8723 -16606
6478 8785 -16722
6479 8819 -16582
6480 8789 -16590
6481 8769 -16590
6482 8899 -16910
6483 8773 -16486
6484 8741 -16618
6485 8709 -16558
6486 8811 -16690
6487 8855 -16810
6488 8813 -16730
6489 8859 -16774
6490 8713 -16666
6491 8717 -16586
6492 8725 -16526
6493 8843 -16930
6494 8775 -16902
6495 8667 -16574
6496 8607 -16402
6497 8601 -16298
6498 8669 -16498
6499 8635 -16698
6500 8631 -16638
6501 8691 -16654
6502 8741 -16790
6503 8661 -16714
6504 8605 -16606
6505 8637 -16390
6506 8685 -16574
6507 8747 -16738
6508 8651 -16506
6509 8641 -16570
6510 8567 -16414
6511 8549 -16270
6512 8445 -16242
6513 8391 -16082
6514 8403 -16086
6515 8535 -16266
6516 8473 -16246
6517 8489 -16350
6518 8517 -16262
6519 8639 -16506
6520 8559 -16398
6521 8583 -16370
6522 8541 -16342
6523 8583 -16242
6524 8645 -16422
6525 8667 -16510
6526 8649 -16638
6527 8733 -16770
6528 8647 -16674
6529 8565 -16454
6530 8539 -16286
6531 8585 -16346
6532 8597 -16202
6533 8647 -16498
6534 8663 -16502
6535 8659 -16554
6536 8731 -16638
6537 8739 -16566
6538 8743 -16650
6539 8781 -16678
6540 8849 -16810
6541 8815 -16662
6542 8805 -16694
6543 8773 -16726
6544 8743 -16666
6545 8889 -16854
6546 8961 -16974
6547 8903 -16878
6548 8853 -16702
6549 8829 -16630
6550 8891 -16830
6551 8869 -16810
6552 8747 -16618
6553 8773 -16602
6554 8831 -16718
6555 8803 -16678
6556 8779 -16714
6557 8705 -16642
6558 8609 -16442
6559 8539 -16422
6560 8657 -16698
6561 8495 -16254
6562 8597 -16386
6563 8513 -16150
6564 8641 -16422
6565 8547 -16306
6566 8649 -16474
6567 8725 -16710
6568 8723 -16506
6569 8707 -16714
6570 8713 -16694
6571 8731 -16846
6572 8733 -16770
6573 8789 -16810
6574 8753 -16718
6575 8741 -16662
6576 8689 -16678
6577 8633 -16442
6578 8587 -16346
6579 8597 -16318
6580 8609 -16250
6581 8725 -16478
6582 8755 -16610
6583 8791 -16630
6584 8765 -16526
6585 8749 -16486
6586 8595 -16338
6587 8667 -16530
6588 8643 -16486
6589 8619 -16554
6590 8617 -16510
6591 8537 -16522
6592 8477 -16418
6593 8537 -16570
6594 8489 -16418
6595 8579 -16618
6596 8525 -16446
6597 8427 -16230
6598 8333 -16022
6599 8453 -16118
6600 8395 -16158
6601 8507 -16274
6602 8475 -16278
6603 8429 -16234
6604 8371 -16110
6605 8387 -16102
6606 8403 -16062
6607 8377 -16002
6608 8441 -16114
6609 8471 -16134
6610 8537 -16334
6611 8523 -16450
6612 8445 -16154
6613 8493 -16218
6614 8527 -16374
6615 8543 -16518
6616 8377 -16246
6617 8389 -16330
6618 8343 -16302
6619 8455 -16366
6620 8403 -16174
6621 8481 -16326
6622 8477 -16422
6623 8589 -16546
6624 8565 -16522
6625 8637 -16542
6626 8447 -16166
6627 8385 -16118
6628 8445 -16202
6629 8407 -16278
6630 8427 -16210
6631 8425 -16270
6632 8525 -16274
6633 8563 -16234
6634 8493 -16202
6635 8495 -16294
6636 8537 -16402
6637 8551 -16430
6638 8583 -16678
6639 8609 -16562
6640 8673 -16626
6641 8593 -16766
6642 8485 -16462
6643 8623 -16550
6644 8647 -16586
6645 8527 -16554
6646 8433 -16234
6647 8551 -16482
6648 8431 -16246
6649 8397 -16414
6650 8417 -16322
6651 8495 -16458
6652 8549 -16698
6653 8585 -16666
6654 8549 -16554
6655 8561 -16538
6656 8521 -16254
6657 8415 -16286
6658 8409 -16018
6659 8451 -16138
6660 8503 -16266
6661 8511 -16446
6662 8569 -16462
6663 8567 -16518
6664 8549 -16442
6665 8603 -16538
6666 8669 -16590
6667 8567 -16334
6668 8605 -16354
6669 8623 -16322
6670 8577 -16334
6671 8569 -16382
6672 8623 -16494
6673 8545 -16446
6674 8663 -16614
6675 8713 -16686
6676 8655 -16462
6677 8789 -16790
6678 8779 -16758
6679 8745 -16590
6680 8719 -16578
6681 8715 -16466
6682 8763 -16658
6683 8775 -16798
6684 8721 -16826
6685 8721 -16846
6686 8645 -16714
6687 8687 -16722
6688 8627 -16554
6689 8631 -16446
6690 8651 -16462
6691 8621 -16422
6692 8653 -16486
6693 8653 -16458
6694 8631 -16298
6695 8595 -16290
6696 8529 -16118
6697 8639 -16442
6698 8819 -16810
6699 8851 -16806
6700 8901 -16766
6701 8887 -16734
6702 8809 -16642
6703 8867 -16966
6704 8859 -16834
6705 8823 -16770
6706 8651 -16274
6707 8795 -16678
6708 8817 -16806
6709 8797 -16774
6710 8677 -16542
6711 8541 -16298
6712 8377 -15918
6713 8583 -16378
6714 8589 -16322
6715 8623 -16474
6716 8621 -16498
6717 8627 -16414
6718 8719 -16746
6719 8679 -16558
6720 8749 -16626
6721 8649 -16598
6722 8633 -16650
6723 8661 -16610
6724 8709 -16654
6725 8655 -16562
6726 8713 -16474
6727 8735 -16630
6728 8723 -16642
6729 8703 -16430
6730 8711 -16582
6731 8715 -16654
6732 8697 -16546
6733 8605 -16318
6734 8555 -16290
6735 8651 -16578
6736 8733 -16754
6737 8597 -16518
6738 8619 -16626
6739 8609 -16578
6740 8493 -16426
6741 8451 -16386
6742 8401 -16262
6743 8429 -16342
6744 8553 -16554
6745 8473 -16326
6746 8645 -16538
6747 8573 -16482
6748 8647 -16678
6749 8679 -16582
6750 8771 -16834
6751 8715 -16774
6752 8661 -16550
6753 8683 -16554
6754 8617 -16390
6755 8579 -16398
6756 8553 -16442
6757 8597 -16454
6758 8559 -16246
6759 8591 -16374
6760 8563 -16274
6761 8559 -16222
6762 8553 -16302
6763 8647 -16562
6764 8553 -16330
6765 8605 -16466
6766 8575 -16438
6767 8507 -16322
6768 8417 -16222
6769 8433 -16314
6770 8439 -16410
6771 8579 -16614
6772 8473 -16326
6773 8539 -16482
6774 8517 -16522
6775 8449 -16410
6776 8487 -16442
6777 8429 -16262
6778 8449 -16282
6779 8521 -16450
6780 8543 -16602
6781 8559 -16530
6782 8485 -16326
6783 8485 -16206
6784 8489 -16234
6785 8385 -15974
6786 8409 -16030
6787 8521 -16346
6788 8439 -16238
6789 8459 -16326
6790 8429 -16362
6791 8451 -16382
6792 8561 -16462
6793 8563 -16430
6794 8435 -16190
6795 8391 -16334
6796 8435 -16294
6797 8481 -16226
6798 8429 -16026
6799 8515 -16294
6800 8609 -16366
6801 8601 -16278
6802 8571 -16398
6803 8613 -16638
6804 8645 -16766
6805 8547 -16474
6806 8545 -16278
6807 8591 -16538
6808 8581 -16462
6809 8595 -16446
6810 8563 -16386
6811 8621 -16394
6812 8685 -16586
6813 8697 -16674
6814 8639 -16358
6815 8643 -16410
6816 8607 -16306
6817 8619 -16326
6818 8721 -16422
6819 8759 -16474
6820 8621 -16414
6821 8565 -16274
6822 8635 -16430
6823 8583 -16250
6824 8543 -16190
6825 8457 -15998
6826 8521 -16126
6827 8617 -16354
6828 8667 -16506
6829 8743 -16758
6830 8771 -16686
6831 8745 -16698
6832 8775 -16618
6833 8845 -16890
6834 8829 -16790
6835 8757 -16618
6836 8669 -16466
6837 8689 -16534
6838 8671 -16506
6839 8711 -16530
6840 8651 -16238
6841 8575 -16234
6842 8639 -16438
6843 8653 -16618
6844 8549 -16350
6845 8565 -16526
6846 8451 -16370
6847 8417 -16350
6848 8451 -16430
6849 8373 -16346
6850 8247 -15986
6851 8359 -16178
6852 8413 -16310
6853 8435 -16386
6854 8369 -16402
6855 8449 -16442
6856 8391 -16382
6857 8375 -16166
6858 8313 -16234
6859 8389 -16438
6860 8373 -16286
6861 8413 -16306
6862 8283 -15946
6863 8239 -15770
6864 8243 -15862
6865 8253 -15966
6866 8317 -16170
6867 8325 -16054
6868 8327 -16010
6869 8353 -15962
6870 8383 -16086
6871 8485 -16310
6872 8563 -16442
6873 8529 -16394
6874 8543 -16538
6875 8573 -16514
6876 8493 -16382
6877 8733 -16878
6878 8635 -16718
6879 8577 -16634
6880 8511 -16502
6881 8503 -16366
6882 8483 -16394
6883 8541 -16462
6884 8487 -16398
6885 8495 -16374
6886 8495 -16382
6887 8481 -16526
6888 8467 -16426
6889 8381 -16302
6890 8415 -16474
6891 8353 -16302
6892 8323 -16422
6893 8325 -16482
6894 8333 -16302
6895 8425 -16550
6896 8459 -16646
6897 8421 -16626
6898 8435 -16642
6899 8331 -16414
6900 8419 -16466
6901 8449 -16422
6902 8435 -16442
6903 8299 -16198
6904 8233 -16142
6905 8379 -16362
6906 8445 -16406
6907 8459 -16626
6908 8337 -16146
6909 8371 -16178
6910 8467 -16254
6911 8583 -16486
6912 8529 -16446
6913 8535 -16410
6914 8511 -16526
6915 8441 -16342
6916 8469 -16478
6917 8451 -16438
6918 8541 -16554
6919 8493 -16430
6920 8549 -16522
6921 8617 -16494
6922 8595 -16538
6923 8589 -16490
6924 8467 -16170
6925 8577 -16506
6926 8517 -16482
6927 8495 -16278
6928 8551 -16470
6929 8671 -16766
6930 8809 -16974
6931 8769 -16726
6932 8725 -16718
6933 8747 -16758
6934 8747 -16838
6935 8743 -16878
6936 8687 -16802
6937 8641 -16630
6938 8585 -16410
6939 8603 -16410
6940 8591 -16438
6941 8563 -16474
6942 8587 -16502
6943 8653 -16554
6944 8823 -16890
6945 8687 -16522
6946 8741 -16590
6947 8773 -16670
6948 8723 -16642
6949 8771 -16766
6950 8803 -16662
6951 8855 -16822
6952 8841 -16802
6953 8845 -16862
6954 8835 -16802
6955 8785 -16614
6956 8797 -16786
6957 8763 -16690
6958 8815 -16846
6959 8767 -16738
6960 8869 -16882
6961 8799 -16662
6962 8729 -16606
6963 8739 -16534
6964 8811 -16830
6965 8725 -16486
6966 8771 -16542
6967 8853 -16722
6968 8933 -16914
6969 8817 -16710
6970 8773 -16658
6971 8807 -16598
6972 8747 -16526
6973 8751 -16562
6974 8815 -16506
6975 8735 -16450
6976 8679 -16362
6977 8833 -16686
6978 8747 -16526
6979 8777 -16658
6980 8815 -16558
6981 8831 -16794
6982 8759 -16566
6983 8743 -16470
6984 8711 -16442
6985 8819 -16890
6986 8663 -16454
6987 8571 -16378
6988 8649 -16514
6989 8735 -16626
6990 8751 -16666
6991 8729 -16802
6992 8637 -16594
6993 8593 -16514
6994 8671 -16562
6995 8787 -16818
6996 8739 -16686
6997 8745 -16570
6998 8853 -16834
6999 8877 -16942
7000 8745 -16578
7001 8729 -16634
7002 8815 -16834
7003 8689 -16538
7004 8805 -16702
7005 8821 -16806
7006 8855 -16766
7007 8725 -16430
7008 8693 -16634
7009 8663 -16618
7010 8755 -16646
7011 8809 -16750
7012 8717 -16638
7013 8727 -16682
7014 8705 -16566
7015 8699 -16542
7016 8777 -16662
7017 8763 -16714
7018 8711 -16678
7019 8679 -16682
7020 8645 -16658
7021 8535 -16366
7022 8597 -16586
7023 8539 -16366
7024 8457 -16250
7025 8391 -16194
7026 8459 -16314
7027 8377 -16146
7028 8453 -16206
7029 8501 -16238
7030 8545 -16334
7031 8523 -16302
7032 8525 -16386
7033 8575 -16294
7034 8643 -16374
7035 8611 -16366
7036 8653 -16574
7037 8647 -16510
7038 8649 -16594
7039 8629 -16450
7040 8699 -16594
7041 8691 -16666
7042 8569 -16426
7043 8607 -16446
7044 8655 -16618
7045 8567 -16474
7046 8445 -16358
7047 8449 -16338
7048 8409 -16310
7049 8433 -16502
7050 8433 -16446
7051 8479 -16590
7052 8445 -16642
7053 8437 -16410
7054 8465 -16538
7055 8479 -16430
7056 8455 -16246
7057 8533 -16454
7058 8469 -16466
7059 8447 -16462
7060 8445 -16426
7061 8469 -16570
7062 8471 -16498
7063 8577 -16510
7064 8509 -16474
7065 8707 -16738
7066 8683 -16898
7067 8681 -16854
7068 8551 -16538
7069 8493 -16386
7070 8417 -16186
7071 8481 -16314
7072 8485 -16466
7073 8543 -16510
7074 8475 -16418
7075 8497 -16470
7076 8465 -16422
7077 8459 -16354
7078 8537 -16406
7079 8613 -16506
7080 8639 -16702
7081 8731 -16874
7082 8639 -16546
7083 8599 -16626
7084 8503 -16402
7085 8441 -16302
7086 8447 -16090
7087 8467 -16334
7088 8517 -16234
7089 8633 -16562
7090 8627 -16534
7091 8715 -16746
7092 8553 -16406
7093 8535 -16294
7094 8517 -16434
7095 8407 -16222
7096 8397 -16342
7097 8331 -16146
7098 8353 -16278
7099 8395 -16294
7100 8269 -16090
7101 8279 -16226
7102 8239 -16046
7103 8239 -16246
7104 8275 -16318
7105 8423 -16362
7106 8435 -16318
7107 8335 -16094
7108 8325 -16302
7109 8259 -16250
7110 8271 -16218
7111 8147 -15950
7112 8183 -16094
7113 8267 -16330
7114 8323 -16442
7115 8317 -16290
7116 8325 -16178
7117 8307 -16214
7118 8153 -15878
7119 8227 -15934
7120 8139 -15694
7121 8223 -15854
7122 8201 -15826
7123 8301 -16022
7124 8267 -15986
7125 8351 -16222
7126 8299 -16090
7127 8333 -16074
7128 8379 -16094
7129 8431 -16158
7130 8431 -16034
7131 8411 -16094
7132 8355 -16042
7133 8381 -15918
7134 8391 -15942
7135 8383 -16070
7136 8367 -16170
7137 8449 -16330
7138 8335 -16354
7139 8315 -16174
7140 8397 -16526
7141 8407 -16506
7142 8477 -16546
7143 8443 -16270
7144 8465 -16350
7145 8483 -16426
7146 8467 -16250
7147 8465 -16402
7148 8431 -16402
7149 8449 -16338
7150 8525 -16446
7151 8511 -16582
7152 8491 -16630
7153 8479 -16682
7154 8457 -16538
7155 8517 -16766
7156 8379 -16290
7157 8441 -16362
7158 8477 -16558
7159 8321 -16298
7160 8321 -16318
7161 8181 -16078
7162 8207 -16198
7163 8221 -16046
7164 8333 -16434
7165 8269 -16290
7166 8303 -16258
7167 8283 -16238
7168 8189 -16018
7169 8421 -16610
7170 8433 -16422
7171 8361 -16338
7172 8407 -16470
7173 8497 -16558
7174 8501 -16534
7175 8381 -16334
7176 8409 -16478
7177 8379 -16298
7178 8329 -16270
7179 8389 -16346
7180 8387 -16462
7181 8355 -16390
7182 8285 -16198
7183 8279 -16090
7184 8245 -16142
7185 8163 -15986
7186 8141 -16074
7187 8165 -16190
7188 8143 -16106
7189 8231 -16138
7190 8307 -16270
7191 8305 -16254
7192 8349 -16218
7193 8257 -16226
7194 8191 -15922
7195 8147 -15882
7196 8113 -15842
7197 8193 -15914
7198 8161 -15910
7199 8155 -15994
7200 8283 -16278
7201 8227 -16210
7202 8323 -16334
7203 8399 -16286
7204 8411 -16374
7205 8453 -16450
7206 8515 -16618
7207 8535 -16662
7208 8507 -16638
7209 8537 -16730
7210 8421 -16450
7211 8397 -16482
7212 8547 -16718
7213 8319 -16198
7214 8309 -16122
7215 8337 -16126
7216 8359 -16162
7217 8411 -16174
7218 8425 -16210
7219 8421 -16382
7220 8385 -16182
7221 8349 -16186
7222 8369 -16126
7223 8409 -16306
7224 8385 -16118
7225 8327 -16102
7226 8381 -16182
7227 8363 -16274
7228 8367 -16294
7229 8385 -16262
7230 8379 -16290
7231 8437 -16310
7232 8485 -16438
7233 8557 -16458
7234 8487 -16254
7235 8523 -16354
7236 8487 -16242
7237 8549 -16410
7238 8469 -16246
7239 8581 -16506
7240 8621 -16578
7241 8509 -16390
7242 8467 -16222
7243 8485 -16182
7244 8389 -16026
7245 8325 -16054
7246 8327 -16054
7247 8311 -15990
7248 8367 -16126
7249 8401 -16334
7250 8355 -16310
7251 8357 -16266
7252 8343 -16210
7253 8473 -16422
7254 8473 -16402
7255 8487 -16454
7256 8439 -16374
7257 8429 -16374
7258 8535 -16610
7259 8501 -16430
7260 8495 -16478
7261 8399 -16394
7262 8427 -16314
7263 8483 -16454
7264 8435 -16386
7265 8457 -16350
7266 8463 -16326
7267 8477 -16442
7268 8475 -16502
7269 8431 -16386
7270 8499 -16410
7271 8473 -16338
7272 8455 -16318
7273 8437 -16382
7274 8345 -16222
7275 8369 -16230
7276 8507 -16534
7277 8471 -16282
7278 8455 -16130
7279 8545 -16338
7280 8549 -16326
7281 8579 -16538
7282 8643 -16550
7283 8537 -16362
7284 8631 -16518
7285 8675 -16730
7286 8625 -16642
7287 8705 -16666
7288 8721 -16798
7289 8667 -16662
7290 8639 -16670
7291 8679 -16530
7292 8679 -16558
7293 8715 -16626
7294 8767 -16778
7295 8687 -16638
7296 8727 -16790
7297 8731 -16670
7298 8767 -16946
7299 8741 -16774
7300 8643 -16494
7301 8655 -16478
7302 8551 -16434
7303 8531 -16486
7304 8639 -16722
7305 8557 -16586
7306 8581 -16574
7307 8655 -16730
7308 8563 -16518
7309 8451 -16418
7310 8479 -16454
7311 8411 -16346
7312 8317 -16146
7313 8281 -16118
7314 8287 -16166
7315 8229 -16006
7316 8205 -16226
7317 8305 -16406
7318 8363 -16226
7319 8365 -16114
7320 8293 -16046
7321 8305 -16246
7322 8241 -16198
7323 8319 -16198
7324 8343 -16066
7325 8407 -16282
7326 8321 -15970
7327 8317 -16190
7328 8375 -16262
7329 8411 -16214
7330 8503 -16314
7331 8433 -16230
7332 8499 -16250
7333 8623 -16546
7334 8611 -16450
7335 8653 -16626
7336 8703 -16562
7337 8703 -16822
7338 8679 -16574
7339 8665 -16630
7340 8577 -16542
7341 8535 -16354
7342 8523 -16346
7343 8535 -16314
7344 8511 -16450
7345 8565 -16478
7346 8637 -16706
7347 8645 -16642
7348 8673 -16670
7349 8721 -16826
7350 8569 -16406
7351 8573 -16490
7352 8641 -16530
7353 8623 -16454
7354 8651 -16526
7355 8593 -16474
7356 8599 -16482
7357 8565 -16598
7358 8641 -16706
7359 8711 -16658
7360 8751 -16758
7361 8719 -16670
7362 8691 -16610
7363 8685 -16666
7364 8761 -16882
7365 8731 -16842
7366 8721 -16858
7367 8621 -16710
7368 8581 -16650
7369 8601 -16486
7370 8531 -16418
7371 8539 -16402
7372 8647 -16706
7373 8669 -16674
7374 8599 -16582
7375 8581 -16590
7376 8475 -16470
7377 8533 -16558
7378 8483 -16374
7379 8445 -16346
7380 8569 -16518
7381 8569 -16582
7382 8553 -16550
7383 8599 -16550
7384 8471 -16454
7385 8449 -16314
7386 8389 -16222
7387 8507 -16338
7388 8521 -16382
7389 8533 -16410
7390 8503 -16402
7391 8521 -16454
7392 8585 -16570
7393 8567 -16586
7394 8601 -16570
7395 8765 -16854
7396 8729 -16594
7397 8701 -16558
7398 8655 -16454
7399 8667 -16574
7400 8613 -16418
7401 8603 -16454
7402 8595 -16366
7403 8647 -16510
7404 8711 -16618
7405 8587 -16350
7406 8513 -16398
7407 8493 -16218
7408 8555 -16334
7409 8559 -16230
7410 8565 -16470
7411 8617 -16586
7412 8515 -16370
7413 8557 -16430
7414 8485 -16130
7415 8401 -16054
7416 8421 -16258
7417 8335 -16026
7418 8373 -16230
7419 8325 -16014
7420 8291 -16102
7421 8355 -16114
7422 8215 -15950
7423 8163 -15862
7424 8249 -15898
7425 8293 -15898
7426 8351 -15946
7427 8455 -16194
7428 8511 -16286
7429 8459 -16086
7430 8487 -16286
7431 8481 -16218
7432 8389 -16158
7433 8403 -16254
7434 8345 -16134
7435 8343 -16118
7436 8455 -16322
7437 8549 -16394
7438 8465 -16282
7439 8641 -16414
7440 8541 -16342
7441 8543 -16334
7442 8485 -16222
7443 8443 -16058
7444 8529 -16182
7445 8643 -16478
7446 8667 -16546
7447 8709 -16614
7448 8589 -16434
7449 8569 -16250
7450 8607 -16450
7451 8429 -16058
7452 8513 -16394
7453 8399 -16150
7454 8589 -16522
7455 8683 -16710
7456 8645 -16670
7457 8593 -16686
7458 8577 -16522
7459 8643 -16510
7460 8611 -16470
7461 8551 -16550
7462 8507 -16390
7463 8515 -16410
7464 8585 -16466
7465 8517 -16402
7466 8599 -16530
7467 8607 -16542
7468 8551 -16378
7469 8503 -16390
7470 8435 -16086
7471 8425 -16154
7472 8463 -16154
7473 8511 -16246
7474 8497 -16374
7475 8547 -16518
7476 8539 -16506
7477 8507 -16458
7478 8529 -16442
7479 8469 -16298
7480 8429 -16234
7481 8553 -16510
7482 8639 -16578
7483 8655 -16682
7484 8753 -16706
7485 8809 -16754
7486 8791 -16714
7487 8757 -16678
7488 8687 -16530
7489 8745 -16478
7490 8773 -16650
7491 8719 -16418
7492 8731 -16498
7493 8551 -16302
7494 8567 -16198
7495 8653 -16306
7496 8609 -16306
7497 8583 -16414
7498 8557 -16390
7499 8553 -16338
7500 8637 -16510
7501 8513 -16266
7502 8617 -16502
7503 8641 -16526
7504 8679 -16646
7505 8599 -16390
7506 8567 -16326
7507 8555 -16458
7508 8513 -16266
7509 8629 -16414
7510 8683 -16594
7511 8587 -16418
7512 8591 -16414
7513 8669 -16650
7514 8695 -16714
7515 8711 -16694
7516 8603 -16462
7517 8537 -16254
7518 8437 -15938
7519 8533 -16222
7520 8651 -16494
7521 8655 -16406
7522 8597 -16346
7523 8627 -16506
7524 8655 -16498
7525 8623 -16570
7526 8617 -16454
7527 8617 -16386
7528 8541 -16362
7529 8529 -16386
7530 8513 -16442
7531 8533 -16262
7532 8583 -16310
7533 8655 -16490
7534 8583 -16586
7535 8651 -16694
7536 8597 -16594
7537 8599 -16466
7538 8623 -16534
7539 8681 -16566
7540 8683 -16726
7541 8591 -16446
7542 8473 -16138
7543 8527 -16326
7544 8643 -16606
7545 8659 -16686
7546 8673 -16738
7547 8571 -16358
7548 8479 -16182
7549 8575 -16354
7550 8583 -16550
7551 8705 -16722
7552 8605 -16662
7553 8531 -16414
7554 8559 -16586
7555 8463 -16446
7556 8547 -16522
7557 8477 -16262
7558 8451 -16218
7559 8509 -16298
7560 8461 -16114
7561 8455 -16138
7562 8453 -15910
7563 8537 -16106
7564 8495 -16058
7565 8459 -16038
7566 8475 -16122
7567 8617 -16446
7568 8697 -16542
7569 8671 -16554
7570 8623 -16462
7571 8657 -16530
7572 8681 -16590
7573 8613 -16486
7574 8605 -16546
7575 8615 -16450
7576 8607 -16362
7577 8529 -16162
7578 8623 -16306
7579 8611 -16250
7580 8665 -16270
7581 8699 -16350
7582 8691 -16390
7583 8613 -16410
7584 8593 -16486
7585 8527 -16586
7586 8495 -16510
7587 8461 -16298
7588 8515 -16390
7589 8495 -16234
7590 8483 -16302
7591 8455 -16326
7592 8415 -16090
7593 8437 -16126
7594 8497 -16286
7595 8453 -16218
7596 8327 -16054
7597 8295 -15986
7598 8299 -16038
7599 8287 -16022
7600 8329 -16178
7601 8339 -15990
7602 8435 -16214
7603 8399 -16034
7604 8487 -16170
7605 8577 -16410
7606 8543 -16378
7607 8611 -16490
7608 8487 -16394
7609 8507 -16382
7610 8509 -16366
7611 8537 -16402
7612 8523 -16258
7613 8531 -16226
7614 8489 -16310
7615 8347 -16046
7616 8347 -16046
7617 8391 -16158
7618 8359 -15998
7619 8353 -15970
7620 8411 -16038
7621 8469 -16114
7622 8469 -16166
7623 8549 -16358
7624 8691 -16590
7625 8757 -16626
7626 8743 -16622
7627 8755 -16702
7628 8823 -16826
7629 8919 -17010
7630 8939 -17042
7631 8901 -16906
7632 8925 -17070
7633 8901 -16958
7634 8843 -16874
7635 8783 -16678
7636 8727 -16538
7637 8863 -16798
7638 8891 -16954
7639 8877 -16970
7640 8895 -16930
7641 8817 -16806
7642 8907 -17022
7643 8775 -16810
7644 8675 -16626
7645 8707 -16702
7646 8645 -16718
7647 8643 -16774
7648 8499 -16334
7649 8483 -16330
7650 8469 -16142
7651 8477 -16222
7652 8521 -16142
7653 8575 -16226
7654 8511 -16222
7655 8471 -16130
7656 8483 -16154
7657 8393 -15966
7658 8357 -16134
7659 8453 -16130
7660 8479 -16218
7661 8435 -16114
7662 8487 -16074
7663 8663 -16526
7664 8623 -16538
7665 8579 -16410
7666 8617 -16438
7667 8653 -16610
7668 8719 -16750
7669 8625 -16622
7670 8599 -16454
7671 8521 -16182
7672 8585 -16374
7673 8441 -16238
7674 8435 -16118
7675 8581 -16234
7676 8517 -16394
7677 8559 -16394
7678 8511 -16290
7679 8539 -16298
7680 8545 -16390
7681 8633 -16474
7682 8599 -16518
7683 8547 -16462
7684 8553 -16326
7685 8541 -16198
7686 8705 -16578
7687 8733 -16718
7688 8715 -16682
7689 8679 -16598
7690 8737 -16690
7691 8735 -16714
7692 8681 -16578
7693 8663 -16502
7694 8597 -16374
7695 8729 -16542
7696 8649 -16394
7697 8611 -16334
7698 8709 -16622
7699 8803 -16830
7700 8675 -16558
7701 8657 -16406
7702 8727 -16566
7703 8707 -16542
7704 8701 -16642
7705 8671 -16646
7706 8683 -16566
7707 8735 -16626
7708 8623 -16466
7709 8685 -16606
7710 8567 -16410
7711 8561 -16414
7712 8567 -16314
7713 8425 -16158
7714 8371 -16214
7715 8409 -16314
7716 8513 -16586
7717 8533 -16510
7718 8539 -16454
7719 8489 -16562
7720 8487 -16414
7721 8557 -16486
7722 8529 -16594
7723 8527 -16478
7724 8535 -16630
7725 8539 -16726
7726 8587 -16770
7727 8495 -16378
7728 8441 -16298
7729 8557 -16514
7730 8557 -16390
7731 8629 -16678
7732 8535 -16398
7733 8517 -16350
7734 8489 -16262
7735 8489 -16182
7736 8487 -16298
7737 8561 -16350
7738 8587 -16498
7739 8431 -16322
7740 8433 -16246
7741 8459 -16254
7742 8421 -16138
7743 8429 -16278
7744 8475 -16298
7745 8573 -16554
7746 8471 -16398
7747 8559 -16442
7748 8525 -16462
7749 8517 -16150
7750 8575 -16402
7751 8677 -16610
7752 8723 -16750
7753 8603 -16554
7754 8597 -16454
7755 8735 -16654
7756 8601 -16306
7757 8521 -16270
7758 8529 -16454
7759 8499 -16454
7760 8529 -16410
7761 8593 -16454
7762 8587 -16418
7763 8649 -16658
7764 8709 -16814
7765 8719 -16786
7766 8651 -16670
7767 8631 -16666
7768 8479 -16326
7769 8559 -16398
7770 8597 -16478
7771 8689 -16786
7772 8643 -16590
7773 8599 -16490
7774 8707 -16706
7775 8675 -16706
7776 8673 -16570
7777 8689 -16698
7778 8629 -16538
7779 8569 -16402
7780 8577 -16490
7781 8537 -16422
7782 8513 -16394
7783 8463 -16338
7784 8407 -16038
7785 8535 -16414
7786 8603 -16410
7787 8629 -16322
7788 8605 -16270
7789 8707 -16490
7790 8793 -16706
7791 8671 -16654
7792 8627 -16690
7793 8513 -16430
7794 8529 -16578
7795 8501 -16434
7796 8451 -16366
7797 8361 -16218
7798 8461 -16342
7799 8337 -16194
7800 8291 -16006
7801 8263 -16026
7802 8175 -16014
7803 8255 -16218
7804 8295 -16306
7805 8289 -16210
7806 8325 -16198
7807 8325 -16254
7808 8419 -16346
7809 8343 -16262
7810 8357 -16310
7811 8287 -16290
7812 8331 -16414
7813 8287 -16346
7814 8335 -16378
7815 8423 -16606
7816 8369 -16386
7817 8437 -16430
7818 8343 -16358
7819 8329 -16354
7820 8279 -16182
7821 8285 -16134
7822 8269 -16034
7823 8249 -16010
7824 8199 -16070
7825 8189 -15934
7826 8227 -16010
7827 8161 -15862
7828 8233 -16238
7829 8281 -16238
7830 8181 -16042
7831 8173 -16118
7832 8263 -16278
7833 8355 -16382
7834 8397 -16362
7835 8455 -16466
7836 8435 -16362
7837 8381 -16274
7838 8387 -16166
7839 8375 -16382
7840 8477 -16586
7841 8391 -16382
7842 8473 -16266
7843 8469 -16402
7844 8411 -16302
7845 8467 -16302
7846 8423 -16530
7847 8423 -16218
7848 8489 -16386
7849 8459 -16470
7850 8441 -16370
7851 8343 -16190
7852 8453 -16466
7853 8459 -16478
7854 8575 -16562
7855 8593 -16618
7856 8607 -16586
7857 8621 -16686
7858 8649 -16666
7859 8619 -16674
7860 8501 -16346
7861 8611 -16478
7862 8615 -16526
7863 8599 -16590
7864 8511 -16422
7865 8561 -16690
7866 8587 -16514
7867 8521 -16506
7868 8461 -16286
7869 8343 -16058
7870 8373 -16182
7871 8367 -16346
7872 8335 -16290
7873 8311 -16286
7874 8407 -16258
7875 8439 -16490
7876 8431 -16370
7877 8379 -16250
7878 8297 -16098
7879 8377 -16410
7880 8353 -16298
7881 8351 -16342
7882 8377 -16418
7883 8445 -16622
7884 8331 -16310
7885 8279 -16106
7886 8261 -15974
7887 8265 -16066
7888 8319 -16214
7889 8417 -16462
7890 8439 -16406
7891 8359 -16310
7892 8301 -16114
7893 8287 -16238
7894 8321 -16354
7895 8333 -16378
7896 8255 -16166
7897 8311 -16306
7898 8275 -16222
7899 8375 -16190
7900 8383 -16278
7901 8413 -16326
7902 8515 -16438
7903 8427 -16318
7904 8377 -16102
7905 8529 -16382
7906 8511 -16222
7907 8551 -16458
7908 8587 -16542
7909 8595 -16534
7910 8635 -16546
7911 8589 -16502
7912 8695 -16742
7913 8729 -16854
7914 8647 -16466
7915 8633 -16446
7916 8689 -16618
7917 8707 -16574
7918 8703 -16634
7919 8655 -16558
7920 8681 -16522
7921 8683 -16410
7922 8735 -16522
7923 8729 -16554
7924 8589 -16374
7925 8587 -16274
7926 8539 -16242
7927 8489 -16330
7928 8517 -16342
7929 8629 -16418
7930 8625 -16542
7931 8689 -16514
7932 8687 -16554
7933 8597 -16318
7934 8525 -16294
7935 8583 -16650
7936 8495 -16442
7937 8513 -16494
7938 8485 -16606
7939 8427 -16262
7940 8407 -16214
7941 8435 -16234
7942 8385 -16154
7943 8447 -16406
7944 8465 -16430
7945 8519 -16582
7946 8553 -16494
7947 8571 -16474
7948 8575 -16478
7949 8555 -16402
7950 8693 -16702
7951 8699 -16678
7952 8671 -16650
7953 8691 -16574
7954 8739 -16670
7955 8731 -16682
7956 8629 -16502
7957 8643 -16518
7958 8663 -16462
7959 8695 -16550
7960 8699 -16446
7961 8829 -16802
7962 8725 -16618
7963 8767 -16574
7964 8761 -16562
7965 8649 -16338
7966 8697 -16462
7967 8699 -16518
7968 8807 -16734
7969 8693 -16430
7970 8761 -16670
7971 8665 -16330
7972 8725 -16298
7973 8739 -16502
7974 8851 -16810
7975 8841 -16778
7976 8821 -16746
7977 8821 -16830
7978 8757 -16670
7979 8691 -16658
7980 8665 -16586
7981 8623 -16498
7982 8509 -16330
7983 8563 -16426
7984 8577 -16358
7985 8497 -16138
7986 8453 -15978
7987 8523 -16106
7988 8709 -16594
7989 8765 -16570
7990 8803 -16674
7991 8773 -16678
7992 8801 -16666
7993 8705 -16378
7994 8741 -16594
7995 8685 -16534
7996 8781 -16726
7997 8853 -16878
7998 8933 -16994
7999 8963 -17058
8000 9001 -17154
8001 8983 -17022
8002 8953 -16970
8003 8927 -17030
8004 8891 -16866
8005 8829 -16778
8006 8791 -16730
8007 8777 -16582
8008 8707 -16390
8009 8735 -16546
8010 8695 -16382
8011 8695 -16478
8012 8767 -16550
8013 8817 -16706
8014 8801 -16714
8015 8773 -16686
8016 8807 -16770
8017 8769 -16818
8018 8795 -16914
8019 8799 -16794
8020 8813 -16778
8021 8851 -16790
8022 8723 -16550
8023 8691 -16518
8024 8679 -16422
8025 8693 -16470
8026 8759 -16550
8027 8777 -16646
8028 8869 -16934
8029 8817 -16894
8030 8763 -16778
8031 8795 -16682
8032 8799 -16578
8033 8729 -16522
8034 8775 -16554
8035 8727 -16574
8036 8727 -16602
8037 8705 -16474
8038 8615 -16438
8039 8535 -16378
8040 8589 -16374
8041 8613 -16298
8042 8611 -16410
8043 8675 -16454
8044 8685 -16602
8045 8755 -16718
8046 8761 -16622
8047 8703 -16506
8048 8625 -16454
8049 8595 -16386
8050 8639 -16554
8051 8585 -16554
8052 8679 -16750
8053 8647 -16522
8054 8593 -16534
8055 8691 -16662
8056 8553 -16386
8057 8661 -16382
8058 8729 -16622
8059 8701 -16530
8060 8785 -16778
8061 8861 -16858
8062 8829 -16890
8063 8799 -16758
8064 8767 -16814
8065 8755 -16714
8066 8705 -16758
8067 8655 -16490
8068 8683 -16666
8069 8739 -16742
8070 8761 -16634
8071 8821 -16674
8072 8625 -16398
8073 8693 -16518
8074 8667 -16538
8075 8753 -16658
8076 8697 -16442
8077 8733 -16486
8078 8659 -16434
8079 8633 -16338
8080 8659 -16450
8081 8653 -16406
8082 8533 -16230
8083 8565 -16346
8084 8565 -16330
8085 8573 -16338
8086 8623 -16534
8087 8651 -16546
8088 8591 -16350
8089 8575 -16310
8090 8579 -16398
8091 8561 -16410
8092 8501 -16318
8093 8521 -16326
8094 8441 -16202
8095 8505 -16306
8096 8569 -16498
8097 8515 -16266
8098 8611 -16442
8099 8587 -16478
8100 8509 -16346
8101 8543 -16478
8102 8579 -16570
8103 8387 -16130
8104 8319 -16158
8105 8349 -16126
8106 8317 -16082
8107 8339 -16166
8108 8477 -16334
8109 8433 -16122
8110 8469 -16218
8111 8415 -16202
8112 8485 -16374
8113 8503 -16402
8114 8637 -16514
8115 8571 -16350
8116 8631 -16562
8117 8587 -16474
8118 8553 -16366
8119 8477 -16222
8120 8581 -16498
8121 8719 -16790
8122 8677 -16742
8123 8589 -16666
8124 8621 -16618
8125 8691 -16626
8126 8515 -16226
8127 8531 -16290
8128 8519 -16326
8129 8491 -16278
8130 8509 -16346
8131 8593 -16398
8132 8487 -16082
8133 8501 -16230
8134 8437 -16182
8135 8505 -16290
8136 8605 -16434
8137 8653 -16466
8138 8643 -16566
8139 8585 -16406
8140 8525 -16334
8141 8509 -16210
8142 8557 -16378
8143 8581 -16466
8144 8617 -16526
8145 8681 -16754
8146 8687 -16706
8147 8741 -16766
8148 8733 -16834
8149 8731 -16622
8150 8811 -16862
8151 8799 -16850
8152 8797 -16846
8153 8777 -16774
8154 8795 -16790
8155 8789 -16818
8156 8811 -17038
8157 8717 -16758
8158 8693 -16682
8159 8629 -16606
8160 8589 -16674
8161 8597 -16562
8162 8495 -16502
8163 8605 -16514
8164 8577 -16502
8165 8501 -16354
8166 8621 -16542
8167 8565 -16462
8168 8611 -16478
8169 8553 -16338
8170 8591 -16570
8171 8587 -16574
8172 8473 -16462
8173 8493 -16442
8174 8607 -16562
8175 8619 -16566
8176 8743 -16766
8177 8743 -16774
8178 8627 -16642
8179 8725 -16950
8180 8597 -16670
8181 8561 -16614
8182 8503 -16538
8183 8463 -16282
8184 8485 -16482
8185 8573 -16482
8186 8587 -16598
8187 8497 -16326
8188 8495 -16346
8189 8561 -16542
8190 8625 -16646
8191 8695 -16718
8192 8627 -16494
8193 8617 -16462
8194 8681 -16470
8195 8627 -16498
8196 8617 -16474
8197 8655 -16510
8198 8657 -16622
8199 8531 -16446
8200 8445 -16370
8201 8509 -16306
8202 8625 -16642
8203 8579 -16430
8204 8539 -16394
8205 8473 -16322
8206 8439 -16286
8207 8409 -16158
8208 8409 -16262
8209 8433 -16262
8210 8553 -16454
8211 8527 -16314
8212 8569 -16422
8213 8553 -16458
8214 8677 -16774
8215 8625 -16678
8216 8615 -16634
8217 8527 -16570
8218 8547 -16562
8219 8347 -16234
8220 8407 -16342
8221 8415 -16162
8222 8413 -16202
8223 8497 -16522
8224 8523 -16494
8225 8445 -16530
8226 8267 -16162
8227 8199 -16178
8228 8225 -16154
8229 8265 -16234
8230 8253 -16310
8231 8413 -16510
8232 8421 -16478
8233 8447 -16330
8234 8425 -16354
8235 8425 -16450
8236 8307 -16230
8237 8355 -16158
8238 8449 -16294
8239 8629 -16590
8240 8573 -16502
8241 8525 -16438
8242 8461 -16422
8243 8571 -16550
8244 8551 -16718
8245 8567 -16614
8246 8577 -16582
8247 8573 -16626
8248 8465 -16270
8249 8603 -16646
8250 8543 -16646
8251 8537 -16538
8252 8509 -16622
8253 8479 -16698
8254 8557 -16602
8255 8607 -16506
8256 8589 -16594
8257 8493 -16302
8258 8459 -16290
8259 8453 -16218
8260 8477 -16314
8261 8555 -16430
8262 8525 -16414
8263 8517 -16414
8264 8545 -16554
8265 8581 -16734
8266 8613 -16786
8267 8617 -16670
8268 8555 -16526
8269 8513 -16438
8270 8497 -16494
8271 8489 -16494
8272 8435 -16362
8273 8557 -16590
8274 8575 -16678
8275 8493 -16426
8276 8543 -16438
8277 8575 -16526
8278 8547 -16458
8279 8655 -16682
8280 8607 -16646
8281 8499 -16350
8282 8501 -16278
8283 8543 -16358
8284 8585 -16558
8285 8617 -16570
8286 8587 -16546
8287 8581 -16686
8288 8597 -16558
8289 8551 -16522
8290 8499 -16478
8291 8447 -16414
8292 8401 -16186
8293 8323 -16262
8294 8319 -16074
8295 8341 -16086
8296 8329 -16214
8297 8441 -16270
8298 8533 -16522
8299 8493 -16350
8300 8533 -16430
8301 8469 -16258
8302 8423 -16142
8303 8497 -16358
8304 8553 -16438
8305 8607 -16574
8306 8667 -16550
8307 8635 -16562
8308 8629 -16554
8309 8569 -16526
8310 8565 -16310
8311 8535 -16398
8312 8421 -16146
8313 8509 -16242
8314 8531 -16442
8315 8553 -16434
8316 8401 -16134
8317 8451 -16334
8318 8457 -16238
8319 8453 -16354
8320 8507 -16398
8321 8587 -16654
8322 8709 -16758
8323 8587 -16502
8324 8559 -16614
8325 8541 -16514
8326 8429 -16342
8327 8393 -16250
8328 8379 -16318
8329 8341 -16258
8330 8353 -16266
8331 8295 -16194
8332 8335 -16150
8333 8375 -16182
8334 8299 -15994
8335 8323 -16042
8336 8365 -16246
8337 8339 -16346
8338 8359 -16422
8339 8379 -16434
8340 8355 -16346
8341 8397 -16414
8342 8441 -16354
8343 8407 -16278
8344 8459 -16318
8345 8531 -16522
8346 8699 -16910
8347 8693 -16630
8348 8673 -16622
8349 8679 -16574
8350 8591 -16446
8351 8715 -16706
8352 8691 -16662
8353 8635 -16510
8354 8663 -16374
8355 8697 -16474
8356 8723 -16562
8357 8675 -16438
8358 8697 -16542
8359 8637 -16402
8360 8687 -16466
8361 8663 -16510
8362 8647 -16482
8363 8621 -16494
8364 8535 -16358
8365 8409 -16186
8366 8497 -16294
8367 8485 -16250
8368 8577 -16318
8369 8601 -16334
8370 8515 -16050
8371 8733 -16674
8372 8665 -16490
8373 8765 -16762
8374 8709 -16598
8375 8763 -16646
8376 8813 -16906
8377 8867 -16938
8378 8779 -16850
8379 8809 -16866
8380 8771 -16854
8381 8783 -16894
8382 8765 -16790
8383 8721 -16670
8384 8629 -16582
8385 8671 -16602
8386 8703 -16638
8387 8737 -16870
8388 8795 -16938
8389 8717 -16802
8390 8691 -16646
8391 8787 -16742
8392 8815 -16794
8393 8803 -16810
8394 8773 -16814
8395 8787 -16782
8396 8753 -16838
8397 8743 -16878
8398 8589 -16618
8399 8527 -16510
8400 8553 -16526
8401 8473 -16414
8402 8481 -16470
8403 8487 -16466
8404 8433 -16278
8405 8353 -16162
8406 8381 -16402
8407 8421 -16502
8408 8445 -16578
8409 8359 -16402
8410 8399 -16586
8411 8393 -16498
8412 8445 -16542
8413 8591 -16646
8414 8569 -16814
8415 8543 -16858
8416 8455 -16494
8417 8575 -16770
8418 8593 -16650
8419 8645 -16714
8420 8689 -16726
8421 8609 -16562
8422 8717 -16986
8423 8621 -16670
8424 8599 -16602
8425 8607 -16702
8426 8587 -16658
8427 8611 -16694
8428 8635 -16806
8429 8643 -16762
8430 8567 -16634
8431 8469 -16470
8432 8337 -16266
8433 8451 -16570
8434 8475 -16734
8435 8497 -16858
8436 8467 -16734
8437 8489 -16818
8438 8515 -16830
8439 8585 -16738
8440 8489 -16598
8441 8497 -16582
8442 8477 -16686
8443 8371 -16514
8444 8383 -16426
8445 8395 -16490
8446 8353 -16426
8447 8381 -16578
8448 8403 -16714
8449 8303 -16406
8450 8261 -16390
8451 8169 -16314
8452 8241 -16534
8453 8217 -16294
8454 8195 -16330
8455 8117 -16302
8456 8165 -16178
8457 8197 -16158
8458 8175 -16086
8459 8251 -16238
8460 8095 -16014
8461 8077 -15986
8462 8115 -16098
8463 8131 -16194
8464 8223 -16578
8465 8233 -16318
8466 8157 -16254
8467 8141 -16214
8468 8063 -16014
8469 8093 -15866
8470 8209 -16114
8471 8307 -16310
8472 8277 -16298
8473 8303 -16210
8474 8265 -16214
8475 8427 -16410
8476 8485 -16514
8477 8327 -16286
8478 8343 -16446
8479 8355 -16570
8480 8335 -16622
8481 8327 -16454
8482 8267 -16390
8483 8263 -16350
8484 8245 -16330
8485 8333 -16346
8486 8275 -16338
8487 8307 -16322
8488 8377 -16542
8489 8275 -16282
8490 8207 -16118
8491 8115 -15954
8492 7937 -15670
8493 8107 -16122
8494 8177 -16118
8495 8247 -16314
8496 8189 -16326
8497 8067 -15866
8498 8131 -16074
8499 8077 -15950
8500 8165 -16230
8501 8187 -16086
8502 8209 -16130
8503 8163 -15974
8504 8191 -16074
8505 8213 -15998
8506 8181 -16018
8507 8295 -16330
8508 8317 -16550
8509 8349 -16238
8510 8315 -16246
8511 8299 -16342
8512 8197 -15898
8513 8231 -15990
8514 8167 -16146
8515 8123 -16042
8516 8103 -15942
8517 8211 -16278
8518 8103 -16198
8519 8157 -16302
8520 8081 -16130
8521 8101 -16114
8522 8067 -16222
8523 8081 -16066
8524 8097 -16138
8525 8147 -16018
8526 8119 -16110
8527 8063 -16038
8528 8053 -15894
8529 8125 -16146
8530 8071 -16022
8531 8065 -16038
8532 8033 -15922
8533 8187 -16042
8534 8177 -15998
8535 8215 -16246
8536 8107 -15986
8537 8075 -15962
8538 8131 -15826
8539 8209 -16074
8540 8285 -16166
8541 8287 -16022
8542 8259 -15954
8543 8241 -15818
8544 8205 -15866
8545 8265 -16062
8546 8259 -16106
8547 8355 -16278
8548 8415 -16310
8549 8459 -16498
8550 8449 -16514
8551 8411 -16422
8552 8451 -16274
8553 8315 -16094
8554 8347 -16110
8555 8365 -16222
8556 8517 -16418
8557 8569 -16490
8558 8683 -16730
8559 8609 -16482
8560 8529 -16298
8561 8589 -16534
8562 8501 -16302
8563 8423 -16210
8564 8393 -16262
8565 8429 -16570
8566 8433 -16578
8567 8461 -16458
8568 8491 -16434
8569 8423 -16386
8570 8431 -16370
8571 8565 -16526
8572 8643 -16750
8573 8713 -16866
8574 8641 -16514
8575 8761 -16706
8576 8777 -16722
8577 8785 -16766
8578 8761 -16854
8579 8773 -16962
8580 8561 -16474
8581 8677 -16570
8582 8737 -16830
8583 8663 -16650
8584 8585 -16254
8585 8595 -16342
8586 8677 -16546
8587 8715 -16582
8588 8751 -16654
8589 8761 -16654
8590 8787 -16758
8591 8675 -16414
8592 8637 -16342
8593 8629 -16446
8594 8601 -16378
8595 8625 -16478
8596 8603 -16346
8597 8559 -16126
8598 8639 -16266
8599 8673 -16522
8600 8637 -16570
8601 8643 -16630
8602 8593 -16438
8603 8639 -16450
8604 8709 -16582
8605 8675 -16538
8606 8697 -16638
8607 8581 -16266
8608 8493 -16238
8609 8529 -16086
8610 8597 -16234
8611 8629 -16418
8612 8713 -16698
8613 8723 -16562
8614 8667 -16470
8615 8731 -16558
8616 8711 -16634
8617 8693 -16674
8618 8799 -16854
8619 8749 -16806
8620 8763 -16626
8621 8699 -16654
8622 8771 -16738
8623 8873 -16910
8624 8753 -16570
8625 8775 -16606
8626 8795 -16662
8627 8755 -16678
8628 8799 -16754
8629 8817 -16854
8630 8849 -16802
8631 8801 -16586
8632 8817 -16738
8633 8847 -16750
8634 8825 -16790
8635 8723 -16702
8636 8789 -16926
8637 8743 -16858
8638 8767 -16782
8639 8681 -16510
8640 8763 -16630
8641 8679 -16530
8642 8703 -16566
8643 8755 -16670
8644 8815 -16878
8645 8737 -16794
8646 8627 -16578
8647 8619 -16562
8648 8673 -16582
8649 8697 -16710
8650 8611 -16594
8651 8523 -16438
8652 8597 -16626
8653 8583 -16646
8654 8501 -16362
8655 8423 -16090
8656 8391 -16042
8657 8455 -16314
8658 8485 -16478
8659 8465 -16494
8660 8527 -16494
8661 8543 -16650
8662 8423 -16258
8663 8365 -16038
8664 8363 -16062
8665 8353 -16150
8666 8363 -16218
8667 8447 -16438
8668 8389 -16154
8669 8373 -16250
8670 8357 -16202
8671 8397 -16314
8672 8355 -16350
8673 8435 -16402
8674 8447 -16366
8675 8441 -16410
8676 8541 -16582
8677 8641 -16554
8678 8677 -16690
8679 8761 -16862
8680 8813 -16858
8681 8729 -16698
8682 8699 -16598
8683 8723 -16754
8684 8691 -16618
8685 8673 -16602
8686 8691 -16650
8687 8613 -16426
8688 8579 -16510
8689 8647 -16746
8690 8597 -16518
8691 8653 -16594
8692 8729 -16678
8693 8815 -16874
8694 8677 -16442
8695 8699 -16554
8696 8717 -16590
8697 8715 -16550
8698 8841 -16810
8699 8889 -16722
8700 8881 -16906
8701 8871 -16950
8702 8745 -16574
8703 8769 -16646
8704 8859 -16806
8705 8843 -16838
8706 8807 -16866
8707 8753 -16746
8708 8737 -16658
8709 8747 -16502
8710 8705 -16706
8711 8735 -16698
8712 8743 -16746
8713 8773 -16826
8714 8703 -16698
8715 8691 -16494
8716 8613 -16322
8717 8685 -16414
8718 8691 -16534
8719 8597 -16354
8720 8677 -16482
8721 8613 -16322
8722 8595 -16422
8723 8555 -16390
8724 8531 -16322
8725 8483 -16266
8726 8601 -16494
8727 8629 -16562
8728 8609 -16514
8729 8653 -16654
8730 8639 -16658
8731 8623 -16654
8732 8557 -16518
8733 8457 -16478
8734 8503 -16430
8735 8515 -16542
8736 8491 -16378
8737 8435 -16398
8738 8471 -16454
8739 8399 -16358
8740 8313 -16126
8741 8405 -16330
8742 8301 -16230
8743 8233 -16134
8744 8265 -16178
8745 8327 -16246
8746 8335 -16178
8747 8275 -16094
8748 8375 -16318
8749 8271 -16078
8750 8227 -16146
8751 8165 -16086
8752 8259 -16198
8753 8317 -16410
8754 8287 -16306
8755 8309 -16346
8756 8303 -16446
8757 8159 -16182
8758 8021 -15982
8759 8165 -16098
8760 8277 -16294
8761 8359 -16542
8762 8347 -16390
8763 8299 -16098
8764 8309 -16178
8765 8251 -16250
8766 8291 -16278
8767 8363 -16426
8768 8331 -16398
8769 8463 -16638
8770 8381 -16354
8771 8361 -16346
8772 8283 -16306
8773 8411 -16518
8774 8363 -16358
8775 8405 -16502
8776 8237 -16082
8777 8243 -16202
8778 8225 -16126
8779 8213 -16214
8780 8281 -16330
8781 8219 -16054
8782 8157 -16014
8783 8211 -16162
8784 8235 -16242
8785 8179 -16014
8786 8073 -15950
8787 8093 -15942
8788 8187 -16222
8789 8179 -16210
8790 8141 -15934
8791 8153 -16038
8792 8289 -16222
8793 8483 -16338
8794 8523 -16342
8795 8485 -16318
8796 8439 -16250
8797 8497 -16266
8798 8515 -16234
8799 8549 -16314
8800 8595 -16242
8801 8571 -16394
8802 8429 -16114
8803 8411 -16234
8804 8411 -16258
8805 8521 -16446
8806 8437 -16346
8807 8433 -16374
8808 8467 -16306
8809 8445 -16266
8810 8663 -16674
8811 8617 -16498
8812 8611 -16530
8813 8603 -16394
8814 8655 -16386
8815 8649 -16410
8816 8665 -16510
8817 8589 -16374
8818 8629 -16590
8819 8665 -16566
8820 8667 -16550
8821 8669 -16566
8822 8543 -16494
8823 8599 -16482
8824 8525 -16526
8825 8459 -16318
8826 8419 -16274
8827 8537 -16498
8828 8569 -16382
8829 8485 -16206
8830 8573 -16542
8831 8573 -16434
8832 8619 -16526
8833 8679 -16722
8834 8695 -16686
8835 8783 -16814
8836 8683 -16614
8837 8685 -16686
8838 8551 -16434
8839 8407 -16154
8840 8431 -16202
8841 8407 -16266
8842 8427 -16262
8843 8485 -16282
8844 8501 -16642
8845 8543 -16658
8846 8469 -16462
8847 8393 -16338
8848 8417 -16458
8849 8435 -16334
8850 8513 -16638
8851 8433 -16406
8852 8463 -16398
8853 8593 -16714
8854 8575 -16730
8855 8623 -16922
8856 8547 -16718
8857 8533 -16634
8858 8519 -16514
8859 8433 -16254
8860 8529 -16554
8861 8645 -16802
8862 8587 -16642
8863 8543 -16626
8864 8583 -16858
8865 8503 -16518
8866 8355 -16138
8867 8365 -16326
8868 8281 -16270
8869 8207 -15954
8870 8259 -16106
8871 8341 -16262
8872 8399 -16390
8873 8357 -16366
8874 8247 -16150
8875 8169 -16110
8876 8163 -16030
8877 8213 -16054
8878 8243 -15994
8879 8235 -16002
8880 8233 -16002
8881 8177 -15922
8882 8087 -15890
8883 8135 -15966
8884 8131 -16126
8885 8121 -15994
8886 8079 -15842
8887 8075 -15834
8888 8157 -16014
8889 8207 -16174
8890 8269 -16226
8891 8261 -16122
8892 8313 -16198
8893 8289 -16218
8894 8305 -16166
8895 8387 -16014
8896 8343 -16090
8897 8443 -16250
8898 8441 -16214
8899 8533 -16290
8900 8617 -16474
8901 8661 -16446
8902 8665 -16670
8903 8645 -16474
8904 8583 -16374
8905 8661 -16634
8906 8779 -16890
8907 8893 -16870
8908 8905 -17034
8909 8839 -16778
8910 8811 -16746
8911 8747 -16618
8912 8681 -16450
8913 8749 -16614
8914 8765 -16482
8915 8765 -16542
8916 8727 -16478
8917 8653 -16454
8918 8659 -16426
8919 8603 -16406
8920 8591 -16346
8921 8575 -16146
8922 8655 -16402
8923 8543 -16218
8924 8529 -16246
8925 8597 -16434
8926 8531 -16426
8927 8457 -16282
8928 8533 -16482
8929 8547 -16454
8930 8543 -16322
8931 8547 -16338
8932 8457 -16158
8933 8421 -16006
8934 8491 -16098
8935 8659 -16542
8936 8561 -16290
8937 8523 -16314
8938 8637 -16606
8939 8613 -16530
8940 8671 -16598
8941 8707 -16762
8942 8693 -16646
8943 8741 -16622
8944 8839 -16826
8945 8819 -16786
8946 8781 -16726
8947 8785 -16594
8948 8887 -16906
8949 8891 -16918
8950 8855 -16846
8951 8795 -16806
8952 8781 -16822
8953 8835 -16850
8954 8775 -16714
8955 8795 -16714
8956 8815 -16778
8957 8823 -16678
8958 8777 -16650
8959 8703 -16402
8960 8549 -16198
8961 8549 -16126
8962 8605 -16310
8963 8655 -16330
8964 8771 -16554
8965 8789 -16622
8966 8755 -16734
8967 8649 -16602
8968 8501 -16146
8969 8627 -16346
8970 8595 -16306
8971 8695 -16518
8972 8715 -16542
8973 8651 -16518
8974 8599 -16590
8975 8631 -16570
8976 8637 -16486
8977 8527 -16314
8978 8503 -16386
8979 8445 -16134
8980 8483 -16346
8981 8457 -16314
8982 8331 -16170
8983 8293 -16130
8984 8347 -16206
8985 8341 -16250
8986 8303 -16122
8987 8251 -16102
8988 8311 -16170
8989 8327 -16198
8990 8295 -16318
8991 8293 -16266
8992 8321 -16114
8993 8359 -16122
8994 8453 -16486
8995 8457 -16346
8996 8485 -16478
8997 8463 -16286
8998 8479 -16270
8999 8509 -16294
9000 8479 -16218
9001 8501 -16286
9002 8565 -16502
9003 8641 -16526
9004 8737 -16834
9005 8681 -16546
9006 8679 -16694
9007 8629 -16510
9008 8557 -16546
9009 8567 -16534
9010 8515 -16382
9011 8561 -16594
9012 8401 -16106
9013 8459 -16350
9014 8513 -16442
9015 8529 -16482
9016 8523 -16570
9017 8495 -16394
9018 8509 -16454
9019 8419 -16054
9020 8499 -16194
9021 8463 -16138
9022 8389 -16022
9023 8567 -16346
9024 8559 -16514
9025 8561 -16526
9026 8629 -16634
9027 8653 -16542
9028 8713 -16554
9029 8673 -16582
9030 8699 -16802
9031 8669 -16714
9032 8585 -16666
9033 8623 -16630
9034 8649 -16678
9035 8615 -16454
9036 8531 -16306
9037 8569 -16474
9038 8691 -16642
9039 8753 -16738
9040 8769 -16846
9041 8803 -16846
9042 8679 -16558
9043 8659 -16486
9044 8579 -16238
9045 8619 -16342
9046 8699 -16586
9047 8837 -16814
9048 8693 -16666
9049 8623 -16538
9050 8609 -16554
9051 8641 -16714
9052 8493 -16514
9053 8445 -16338
9054 8527 -16390
9055 8445 -16230
9056 8591 -16482
9057 8563 -16438
9058 8545 -16502
9059 8507 -16406
9060 8541 -16454
9061 8525 -16522
9062 8483 -16514
9063 8463 -16518
9064 8533 -16706
9065 8535 -16866
9066 8493 -16462
9067 8555 -16618
9068 8509 -16466
9069 8557 -16550
9070 8545 -16582
9071 8609 -16598
9072 8523 -16502
9073 8647 -16742
9074 8629 -16678
9075 8655 -16498
9076 8591 -16410
9077 8621 -16450
9078 8673 -16582
9079 8555 -16558
9080 8511 -16538
9081 8433 -16446
9082 8541 -16610
9083 8611 -16682
9084 8655 -16798
9085 8665 -16766
9086 8677 -16690
9087 8629 -16614
9088 8557 -16550
9089 8571 -16554
9090 8603 -16558
9091 8597 -16614
9092 8615 -16650
9093 8521 -16422
9094 8627 -16586
9095 8635 -16650
9096 8711 -16794
9097 8557 -16190
9098 8611 -16450
9099 8609 -16458
9100 8575 -16450
9101 8645 -16570
9102 8545 -16378
9103 8597 -16418
9104 8631 -16518
9105 8655 -16470
9106 8681 -16438
9107 8625 -16430
9108 8695 -16518
9109 8707 -16614
9110 8735 -16626
9111 8759 -16622
9112 8741 -16522
9113 8699 -16490
9114 8703 -16386
9115 8679 -16466
9116 8533 -16194
9117 8697 -16662
9118 8647 -16614
9119 8637 -16546
9120 8565 -16450
9121 8551 -16454
9122 8597 -16646
9123 8517 -16434
9124 8493 -16322
9125 8481 -16418
9126 8389 -16330
9127 8415 -16198
9128 8501 -16402
9129 8409 -16242
9130 8281 -15846
9131 8355 -16098
9132 8335 -16138
9133 8285 -15994
9134 8309 -16014
9135 8503 -16246
9136 8513 -16530
9137 8555 -16466
9138 8515 -16470
9139 8601 -16574
9140 8603 -16642
9141 8527 -16514
9142 8567 -16442
9143 8617 -16670
9144 8661 -16750
9145 8497 -16574
9146 8541 -16562
9147 8527 -16586
9148 8371 -16198
9149 8281 -16166
9150 8297 -16070
9151 8347 -16206
9152 8419 -16374
9153 8513 -16462
9154 8479 -16410
9155 8481 -16438
9156 8535 -16390
9157 8489 -16418
9158 8525 -16602
9159 8537 -16482
9160 8477 -16530
9161 8373 -16222
9162 8325 -15998
9163 8369 -16082
9164 8295 -15974
9165 8331 -16054
9166 8439 -16082
9167 8315 -16002
9168 8427 -16126
9169 8507 -16246
9170 8459 -16258
9171 8543 -16326
9172 8527 -16310
9173 8499 -16242
9174 8565 -16410
9175 8651 -16334
9176 8677 -16326
9177 8671 -16394
9178 8719 -16546
9179 8591 -16442
9180 8645 -16450
9181 8643 -16402
9182 8749 -16606
9183 8805 -16798
9184 8841 -16962
9185 8709 -16630
9186 8745 -16786
9187 8655 -16574
9188 8639 -16426
9189 8603 -16374
9190 8647 -16502
9191 8449 -16178
9192 8447 -16134
9193 8395 -16126
9194 8461 -16302
9195 8391 -16130
9196 8287 -15966
9197 8289 -16118
9198 8287 -16066
9199 8203 -15898
9200 8303 -15962
9201 8383 -16242
9202 8459 -16274
9203 8401 -15994
9204 8405 -15906
9205 8443 -16002
9206 8569 -16282
9207 8655 -16506
9208 8685 -16582
9209 8793 -16690
9210 8743 -16558
9211 8797 -16718
9212 8701 -16602
9213 8691 -16590
9214 8635 -16458
9215 8669 -16442
9216 8715 -16494
9217 8745 -16606
9218 8793 -16682
9219 8751 -16666
9220 8673 -16542
9221 8749 -16702
9222 8685 -16466
9223 8689 -16498
9224 8713 -16478
9225 8707 -16490
9226 8729 -16538
9227 8723 -16566
9228 8729 -16450
9229 8849 -16834
9230 8849 -16822
9231 8889 -16802
9232 8795 -16590
9233 8757 -16566
9234 8697 -16474
9235 8735 -16738
9236 8685 -16614
9237 8645 -16466
9238 8679 -16718
9239 8531 -16490
9240 8459 -16330
9241 8583 -16570
9242 8541 -16514
9243 8671 -16846
9244 8571 -16542
9245 8657 -16694
9246 8557 -16498
9247 8565 -16426
9248 8523 -16338
9249 8433 -16342
9250 8585 -16678
9251 8469 -16442
9252 8533 -16550
9253 8499 -16586
9254 8571 -16674
9255 8499 -16502
9256 8421 -16378
9257 8407 -16578
9258 8389 -16498
9259 8265 -16350
9260 8261 -16302
9261 8259 -16310
9262 8269 -16342
9263 8215 -16262
9264 8187 -16338
9265 8187 -16270
9266 8197 -16266
9267 8063 -15982
9268 8251 -16242
9269 8249 -16302
9270 8317 -16394
9271 8287 -16374
9272 8177 -16074
9273 8049 -16066
9274 8033 -15974
9275 8033 -15938
9276 8051 -16054
9277 8055 -16030
9278 8077 -15934
9279 8083 -15978
9280 8135 -15994
9281 8001 -15858
9282 8079 -15918
9283 8165 -16130
9284 8109 -15990
9285 8155 -16142
9286 8189 -16202
9287 8193 -16162
9288 8233 -16078
9289 8177 -16062
9290 8181 -16206
9291 8275 -16382
9292 8221 -16238
9293 8293 -16302
9294 8353 -16382
9295 8345 -16414
9296 8439 -16334
9297 8421 -16634
9298 8375 -16638
9299 8323 -16634
9300 8293 -16426
9301 8285 -16466
9302 8205 -16306
9303 8069 -16238
9304 8051 -16130
9305 8163 -16186
9306 8153 -16146
9307 8233 -16318
9308 8243 -16362
9309 8187 -16234
9310 8173 -16354
9311 8161 -16210
9312 8233 -16410
9313 8159 -16246
9314 8129 -16226
9315 8119 -16042
9316 8173 -16130
9317 8221 -16254
9318 8225 -16226
9319 8347 -16326
9320 8447 -16390
9321 8439 -16330
9322 8503 -16634
9323 8497 -16802
9324 8467 -16578
9325 8481 -16450
9326 8441 -16474
9327 8347 -16494
9328 8355 -16442
9329 8255 -16242
9330 8135 -15918
9331 8195 -16090
9332 8255 -16258
9333 8303 -16242
9334 8283 -16126
9335 8309 -16182
9336 8335 -16206
9337 8237 -15870
9338 8317 -15870
9339 8341 -16082
9340 8279 -16206
9341 8285 -16286
9342 8389 -16310
9343 8489 -16466
9344 8463 -16462
9345 8445 -16418
9346 8475 -16386
9347 8505 -16266
9348 8603 -16674
9349 8527 -16490
9350 8463 -16302
9351 8437 -16114
9352 8369 -16258
9353 8341 -16146
9354 8421 -16142
9355 8539 -16250
9356 8493 -16286
9357 8517 -16242
9358 8613 -16478
9359 8547 -16302
9360 8525 -16298
9361 8537 -16182
9362 8557 -16210
9363 8679 -16574
9364 8629 -16358
9365 8739 -16630
9366 8713 -16546
9367 8693 -16578
9368 8693 -16558
9369 8663 -16538
9370 8649 -16510
9371 8613 -16534
9372 8581 -16558
9373 8537 -16154
9374 8523 -16178
9375 8627 -16482
9376 8713 -16722
9377 8547 -16406
9378 8581 -16462
9379 8597 -16490
9380 8537 -16370
9381 8599 -16594
9382 8457 -16402
9383 8563 -16490
9384 8643 -16542
9385 8785 -16906
9386 8819 -16898
9387 8723 -16562
9388 8675 -16390
9389 8645 -16550
9390 8663 -16562
9391 8555 -16314
9392 8607 -16406
9393 8569 -16354
9394 8721 -16710
9395 8663 -16594
9396 8625 -16606
9397 8611 -16314
9398 8783 -16746
9399 8743 -16702
9400 8781 -16770
9401 8873 -16922
9402 8801 -16906
9403 8739 -16842
9404 8681 -16774
9405 8613 -16738
9406 8703 -16786
9407 8749 -16822
9408 8769 -16818
9409 8673 -16646
9410 8621 -16470
9411 8575 -16434
9412 8351 -16162
9413 8413 -16178
9414 8511 -16298
9415 8477 -16302
9416 8579 -16502
9417 8669 -16758
9418 8829 -17054
9419 8785 -16954
9420 8749 -16826
9421 8701 -16622
9422 8685 -16586
9423 8747 -16642
9424 8741 -16666
9425 8683 -16526
9426 8645 -16358
9427 8589 -16330
9428 8685 -16546
9429 8729 -16634
9430 8733 -16742
9431 8747 -16714
9432 8821 -16794
9433 8833 -16838
9434 8763 -16738
9435 8767 -16714
9436 8757 -16838
9437 8609 -16474
9438 8587 -16442
9439 8521 -16506
9440 8487 -16350
9441 8433 -16246
9442 8593 -16414
9443 8673 -16586
9444 8707 -16810
9445 8683 -16774
9446 8785 -16978
9447 8631 -16506
9448 8591 -16354
9449 8601 -16470
9450 8679 -16602
9451 8627 -16538
9452 8621 -16510
9453 8739 -16758
9454 8605 -16422
9455 8633 -16586
9456 8643 -16394
9457 8637 -16422
9458 8511 -16162
9459 8507 -16198
9460 8597 -16374
9461 8491 -16050
9462 8457 -16130
9463 8475 -16278
9464 8519 -16290
9465 8409 -16090
9466 8455 -16210
9467 8565 -16222
9468 8561 -16382
9469 8575 -16602
9470 8625 -16622
9471 8629 -16690
9472 8607 -16498
9473 8551 -16370
9474 8583 -16438
9475 8587 -16486
9476 8655 -16798
9477 8729 -16718
9478 8713 -16610
9479 8681 -16582
9480 8593 -16554
9481 8665 -16634
9482 8589 -16534
9483 8627 -16714
9484 8635 -16606
9485 8605 -16586
9486 8557 -16542
9487 8491 -16202
9488 8419 -16090
9489 8407 -16026
9490 8435 -16202
9491 8367 -16214
9492 8383 -16174
9493 8405 -16250
9494 8475 -16286
9495 8409 -16094
9496 8451 -16338
9497 8373 -16142
9498 8499 -16454
9499 8511 -16446
9500 8551 -16430
9501 8547 -16530
9502 8505 -16354
9503 8523 -16378
9504 8553 -16362
9505 8627 -16690
9506 8523 -16482
9507 8705 -16894
9508 8671 -16874
9509 8675 -16882
9510 8777 -16922
9511 8675 -16630
9512 8701 -16510
9513 8719 -16430
9514 8829 -16654
9515 8775 -16654
9516 8699 -16618
9517 8693 -16630
9518 8589 -16214
9519 8505 -16126
9520 8469 -16138
9521 8469 -16186
9522 8421 -16062
9523 8545 -16286
9524 8597 -16526
9525 8435 -16038
9526 8509 -16178
9527 8473 -16094
9528 8561 -16386
9529 8469 -16330
9530 8491 -16222
9531 8499 -16378
9532 8507 -16318
9533 8613 -16386
9534 8617 -16518
9535 8775 -16658
9536 8725 -16534
9537 8719 -16494
9538 8765 -16598
9539 8801 -16718
9540 8841 -16694
9541 8975 -17098
9542 8917 -17002
9543 8965 -16982
9544 8945 -16994
9545 8811 -16706
9546 8875 -16866
9547 8915 -16866
9548 8879 -16790
9549 8905 -16826
9550 8921 -16826
9551 8927 -16862
9552 8931 -16986
9553 8877 -16790
9554 8893 -16914
9555 8861 -16906
9556 8815 -16826
9557 8667 -16474
9558 8721 -16550
9559 8679 -16526
9560 8703 -16574
9561 8661 -16598
9562 8689 -16578
9563 8747 -16526
9564 8645 -16598
9565 8681 -16698
9566 8761 -16886
9567 8769 -16866
9568 8757 -16794
9569 8755 -16814
9570 8715 -16698
9571 8785 -16910
9572 8771 -16850
9573 8647 -16558
9574 8669 -16534
9575 8631 -16490
9576 8609 -16466
9577 8679 -16550
9578 8689 -16486
9579 8621 -16466
9580 8589 -16458
9581 8675 -16630
9582 8617 -16430
9583 8727 -16626
9584 8691 -16614
9585 8775 -16842
9586 8731 -16770
9587 8629 -16462
9588 8681 -16574
9589 8459 -16146
9590 8341 -16098
9591 8539 -16502
9592 8573 -16502
9593 8613 -16602
9594 8593 -16538
9595 8467 -16354
9596 8421 -16226
9597 8359 -15950
9598 8391 -16302
9599 8237 -15990
9600 8349 -16326
9601 8281 -16090
9602 8289 -16026
9603 8417 -16214
9604 8503 -16330
9605 8451 -16254
9606 8543 -16370
9607 8659 -16462
9608 8635 -16490
9609 8767 -16742
9610 8539 -16270
9611 8591 -16358
9612 8511 -16342
9613 8589 -16466
9614 8561 -16410
9615 8465 -16194
9616 8621 -16430
9617 8745 -16702
9618 8711 -16634
9619 8617 -16570
9620 8683 -16634
9621 8693 -16658
9622 8693 -16750
9623 8645 -16658
9624 8653 -16582
9625 8507 -16434
9626 8519 -16442
9627 8517 -16334
9628 8491 -16346
9629 8333 -16290
9630 8361 -16298
9631 8379 -16290
9632 8381 -16398
9633 8379 -16442
9634 8369 -16282
9635 8479 -16434
9636 8447 -16386
9637 8523 -16542
9638 8539 -16502
9639 8563 -16554
9640 8655 -16558
9641 8591 -16450
9642 8651 -16718
9643 8603 -16606
9644 8601 -16642
9645 8599 -16622
9646 8537 -16530
9647 8399 -16314
9648 8325 -16214
9649 8341 -16142
9650 8363 -16186
9651 8415 -16214
9652 8527 -16494
9653 8519 -16550
9654 8635 -16606
9655 8613 -16646
9656 8645 -16630
9657 8705 -16694
9658 8753 -16798
9659 8651 -16686
9660 8647 -16558
9661 8497 -16266
9662 8565 -16334
9663 8681 -16602
9664 8657 -16478
9665 8657 -16522
9666 8567 -16294
9667 8553 -16402
9668 8503 -16482
9669 8535 -16702
9670 8451 -16550
9671 8341 -16238
9672 8331 -16214
9673 8385 -16350
9674 8363 -16118
9675 8491 -16474
9676 8401 -16326
9677 8445 -16482
9678 8419 -16282
9679 8383 -16434
9680 8331 -16366
9681 8299 -16246
9682 8297 -16142
9683 8267 -16022
9684 8399 -16170
9685 8441 -16206
9686 8431 -16458
9687 8345 -16226
9688 8425 -16382
9689 8347 -16270
9690 8289 -16146
9691 8335 -16234
9692 8395 -16442
9693 8355 -16130
9694 8265 -16070
9695 8249 -15926
9696 8323 -16150
9697 8339 -16242
9698 8417 -16314
9699 8427 -16322
9700 8371 -16298
9701 8257 -16154
9702 8153 -15902
9703 8189 -15986
9704 8121 -15790
9705 8179 -15878
9706 8109 -15754
9707 8175 -15862
9708 8151 -15974
9709 8261 -16010
9710 8243 -16114
9711 8319 -16270
9712 8259 -16230
9713 8247 -16194
9714 8121 -16082
9715 8187 -16254
9716 8233 -16370
9717 8337 -16422
9718 8319 -16422
9719 8311 -16410
9720 8331 -16386
9721 8421 -16526
9722 8375 -16170
9723 8389 -16246
9724 8459 -16474
9725 8471 -16414
9726 8491 -16490
9727 8409 -16354
9728 8427 -16298
9729 8355 -16122
9730 8433 -16418
9731 8381 -16390
9732 8341 -16410
9733 8259 -16262
9734 8355 -16322
9735 8253 -16258
9736 8165 -16030
9737 8231 -16242
9738 8237 -16206
9739 8291 -16362
9740 8385 -16422
9741 8387 -16478
9742 8389 -16558
9743 8227 -16114
9744 8181 -16114
9745 8209 -16194
9746 8267 -16086
9747 8349 -16106
9748 8385 -16378
9749 8425 -16374
9750 8525 -16446
9751 8511 -16394
9752 8575 -16450
9753 8593 -16570
9754 8597 -16386
9755 8595 -16590
9756 8571 -16598
9757 8555 -16390
9758 8549 -16454
9759 8535 -16326
9760 8561 -16450
9761 8507 -16406
9762 8437 -16170
9763 8349 -16066
9764 8347 -16126
9765 8333 -16214
9766 8267 -16030
9767 8235 -16122
9768 8279 -16002
9769 8339 -16186
9770 8365 -16174
9771 8377 -16206
9772 8365 -16198
9773 8355 -15990
9774 8337 -15802
9775 8425 -16122
9776 8441 -16126
9777 8481 -16370
9778 8441 -16194
9779 8443 -16278
9780 8541 -16326
9781 8517 -16330
9782 8469 -16246
9783 8377 -16122
9784 8513 -16290
9785 8553 -16446
9786 8577 -16534
9787 8697 -16710
9788 8557 -16610
9789 8625 -16674
9790 8649 -16626
9791 8587 -16454
9792 8587 -16558
9793 8643 -16614
9794 8669 -16678
9795 8691 -16682
9796 8677 -16506
9797 8609 -16614
9798 8593 -16446
9799 8587 -16418
9800 8573 -16502
9801 8573 -16454
9802 8521 -16458
9803 8525 -16458
9804 8571 -16534
9805 8565 -16674
9806 8399 -16306
9807 8393 -16234
9808 8427 -16434
9809 8547 -16542
9810 8601 -16666
9811 8499 -16394
9812 8377 -16202
9813 8501 -16438
9814 8507 -16366
9815 8531 -16406
9816 8515 -16458
9817 8447 -16358
9818 8439 -16314
9819 8527 -16422
9820 8549 -16482
9821 8519 -16358
9822 8459 -16314
9823 8483 -16338
9824 8517 -16478
9825 8473 -16194
9826 8425 -16082
9827 8507 -16326
9828 8493 -16422
9829 8455 -16326
9830 8349 -16326
9831 8381 -16282
9832 8331 -16130
9833 8409 -16302
9834 8311 -16090
9835 8361 -16342
9836 8247 -16150
9837 8215 -16118
9838 8255 -16218
9839 8265 -16218
9840 8261 -16318
9841 8227 -16290
9842 8333 -16254
9843 8387 -16450
9844 8331 -16154
9845 8371 -16154
9846 8339 -16054
9847 8309 -16022
9848 8261 -16106
9849 8327 -16210
9850 8339 -16182
9851 8371 -16394
9852 8459 -16382
9853 8409 -16198
9854 8489 -16346
9855 8521 -16570
9856 8513 -16582
9857 8455 -16418
9858 8465 -16530
9859 8425 -16266
9860 8443 -16362
9861 8291 -16094
9862 8329 -16090
9863 8285 -15950
9864 8427 -16346
9865 8399 -16382
9866 8429 -16438
9867 8419 -16414
9868 8459 -16370
9869 8385 -16314
9870 8373 -16206
9871 8385 -16178
9872 8451 -16426
9873 8537 -16522
9874 8563 -16754
9875 8591 -16666
9876 8539 -16582
9877 8611 -16662
9878 8537 -16662
9879 8573 -16762
9880 8585 -16674
9881 8591 -16694
9882 8545 -16562
9883 8519 -16506
9884 8563 -16522
9885 8569 -16490
9886 8529 -16582
9887 8455 -16486
9888 8353 -16510
9889 8293 -16478
9890 8245 -16434
9891 8339 -16490
9892 8299 -16418
9893 8303 -16326
9894 8385 -16534
9895 8377 -16462
9896 8381 -16546
9897 8269 -16294
9898 8243 -16198
9899 8211 -16194
9900 8203 -16202
9901 8177 -16186
9902 8309 -16534
9903 8245 -16262
9904 8173 -16078
9905 8155 -16014
9906 8077 -16014
9907 8101 -16034
9908 8111 -16182
9909 8225 -16302
9910 8253 -16346
9911 8291 -16498
9912 8271 -16322
9913 8231 -16266
9914 8337 -16530
9915 8255 -16278
9916 8313 -16286
9917 8323 -16410
9918 8367 -16454
9919 8325 -16498
9920 8307 -16394
9921 8399 -16578
9922 8409 -16586
9923 8463 -16590
9924 8401 -16486
9925 8385 -16478
9926 8523 -16594
9927 8549 -16514
9928 8539 -16558
9929 8551 -16530
9930 8503 -16422
9931 8587 -16458
9932 8505 -16254
9933 8623 -16590
9934 8641 -16566
9935 8681 -16530
9936 8737 -16714
9937 8725 -16866
9938 8675 -16682
9939 8679 -16594
9940 8687 -16522
9941 8577 -16366
9942 8513 -16290
9943 8553 -16258
9944 8589 -16490
9945 8623 -16458
9946 8677 -16714
9947 8639 -16626
9948 8717 -16806
9949 8739 -16770
9950 8771 -16746
9951 8697 -16718
9952 8729 -16710
9953 8717 -16690
9954 8639 -16726
9955 8583 -16546
9956 8503 -16378
9957 8423 -16234
9958 8415 -16254
9959 8417 -16234
9960 8439 -16446
9961 8499 -16538
9962 8429 -16338
9963 8579 -16422
9964 8611 -16454
9965 8561 -16298
9966 8457 -16162
9967 8471 -16126
9968 8455 -16054
9969 8587 -16434
9970 8723 -16582
9971 8601 -16258
9972 8657 -16438
9973 8615 -16390
9974 8527 -16138
9975 8547 -16206
9976 8565 -16250
9977 8619 -16394
9978 8515 -16150
9979 8517 -16182
9980 8493 -16054
9981 8505 -16194
9982 8407 -16122
9983 8399 -16134
9984 8387 -15962
9985 8417 -16066
9986 8473 -16078
9987 8491 -16138
9988 8581 -16318
9989 8537 -16286
9990 8559 -16290
9991 8609 -16362
9992 8601 -16290
9993 8691 -16454
9994 8763 -16630
9995 8813 -16826
9996 8831 -16762
9997 8879 -16922
9998 8935 -16934
9999 8873 -16846
