0 9805 -19022
1 9533 -18214
2 9357 -17702
3 9211 -17246
4 8967 -16830
5 8851 -16630
6 8821 -16614
7 8693 -16354
8 8509 -16058
9 8401 -15822
10 8489 -15946
11 8463 -15866
12 8465 -16126
13 8547 -16282
14 8335 -15934
15 8201 -15478
16 8133 -15534
17 8187 -15790
18 8219 -15826
19 8209 -15890
20 8329 -16166
21 8281 -15942
22 8321 -15962
23 8453 -16302
24 8445 -16174
25 8449 -16230
26 8411 -16106
27 8413 -16138
28 8471 -15982
29 8389 -15958
30 8443 -16110
31 8489 -16118
32 8509 -16190
33 8529 -16394
34 8419 -16006
35 8303 -15866
36 8285 -15994
37 8195 -15990
38 8151 -15786
39 8255 -16062
40 8287 -16126
41 8195 -16046
42 8147 -15998
43 8161 -16058
44 8111 -15826
45 8163 -15942
46 8109 -15890
47 8071 -15562
48 8091 -15954
49 8043 -15838
50 8019 -15718
51 8163 -15974
52 8165 -15882
53 8223 -15990
54 8171 -16074
55 7951 -15726
56 7941 -15582
57 7929 -15462
58 7759 -15310
59 7795 -15362
60 7773 -15370
61 7671 -15238
62 7723 -15410
63 7607 -15358
64 7737 -15566
65 7699 -15426
66 7789 -15594
67 7851 -15642
68 7901 -15678
69 8009 -16014
70 8047 -15902
71 8001 -15650
72 8023 -15810
73 8089 -15706
74 7961 -15674
75 7965 -15750
76 7965 -15670
77 7927 -15578
78 7733 -15174
79 7797 -15582
80 7867 -15630
81 8043 -15758
82 7837 -15650
83 7729 -15458
84 7719 -15402
85 7769 -15406
86 7663 -15266
87 7601 -15366
88 7577 -15450
89 7701 -15550
90 7603 -15494
91 7681 -15662
92 7909 -15954
93 7997 -16102
94 7979 -16154
95 8025 -15978
96 7859 -15694
97 7867 -15550
98 7849 -15718
99 7827 -15630
100 7949 -15766
101 8005 -15890
102 7885 -15574
103 7851 -15714
104 7897 -15690
105 7907 -15674
106 7875 -15578
107 7905 -15734
108 7983 -15906
109 7957 -15962
110 8003 -15978
111 7985 -15786
112 7969 -15906
113 7869 -15658
114 7819 -15566
115 7891 -15722
116 7921 -15906
117 7893 -15682
118 7695 -15438
119 7663 -15518
120 7655 -15654
121 7755 -15758
122 7725 -15698
123 7597 -15438
124 7577 -15410
125 7585 -15466
126 7515 -15182
127 7511 -15130
128 7511 -15174
129 7415 -15258
130 7541 -15654
131 7561 -15718
132 7607 -15634
133 7491 -15470
134 7399 -15130
135 7337 -15122
136 7479 -15462
137 7523 -15554
138 7515 -15522
139 7473 -15282
140 7527 -15310
141 7453 -15150
142 7535 -15390
143 7645 -15446
144 7621 -15598
145 7711 -15850
146 7621 -15738
147 7667 -15770
148 7737 -15830
149 7779 -15694
150 7713 -15798
151 7653 -15462
152 7663 -15378
153 7671 -15710
154 7793 -15982
155 7873 -15938
156 7897 -15746
157 7663 -15378
158 7753 -15306
159 7865 -15446
160 7839 -15682
161 7765 -15582
162 7801 -15602
163 7855 -15402
164 7869 -15390
165 7919 -15494
166 7919 -15474
167 7915 -15582
168 7897 -15674
169 7901 -15690
170 7897 -15914
171 7685 -15490
172 7805 -15594
173 7841 -15678
174 7895 -15854
175 7875 -15802
176 7867 -15750
177 7745 -15398
178 7783 -15614
179 7745 -15490
180 7607 -15282
181 7587 -15106
182 7511 -15110
183 7549 -15350
184 7507 -15242
185 7557 -15522
186 7459 -15102
187 7599 -15278
188 7625 -15230
189 7715 -15490
190 7837 -15754
191 7923 -15834
192 7963 -15794
193 7989 -15746
194 7939 -15642
195 7927 -15618
196 7973 -15630
197 8083 -15806
198 8103 -15734
199 8229 -16090
200 8201 -15890
201 8153 -15818
202 8041 -15746
203 7971 -15646
204 7991 -15698
205 7823 -15490
206 7703 -15374
207 7595 -15290
208 7473 -15122
209 7507 -15222
210 7461 -15242
211 7447 -15414
212 7481 -15494
213 7443 -15454
214 7463 -15362
215 7423 -15094
216 7289 -14958
217 7309 -15142
218 7319 -15078
219 7365 -15146
220 7351 -15178
221 7399 -15090
222 7505 -15366
223 7531 -15210
224 7633 -15518
225 7513 -15270
226 7463 -15318
227 7533 -15466
228 7569 -15534
229 7613 -15622
230 7685 -15634
231 7765 -15886
232 7807 -15690
233 7905 -15830
234 7861 -15794
235 7829 -15818
236 7841 -15922
237 7767 -15662
238 7693 -15518
239 7607 -15502
240 7673 -15626
241 7627 -15626
242 7659 -15598
243 7547 -15466
244 7603 -15550
245 7583 -15638
246 7419 -15318
247 7527 -15238
248 7547 -15470
249 7511 -15406
250 7399 -15198
251 7461 -15358
252 7423 -15518
253 7337 -15442
254 7241 -15122
255 7269 -14874
256 7363 -14926
257 7423 -15050
258 7295 -14830
259 7379 -15154
260 7473 -15346
261 7555 -15418
262 7711 -15602
263 7709 -15446
264 7665 -15322
265 7631 -15218
266 7763 -15510
267 7759 -15694
268 7753 -15522
269 7829 -15682
270 7849 -15610
271 7721 -15346
272 7843 -15734
273 7893 -15738
274 7895 -15482
275 7877 -15638
276 7865 -15730
277 7957 -15778
278 7789 -15486
279 7797 -15610
280 7871 -15650
281 7957 -15650
282 7967 -15638
283 8121 -15886
284 7989 -15710
285 8001 -15650
286 8053 -15894
287 8033 -15854
288 8043 -15706
289 8039 -15618
290 8121 -15782
291 8203 -16022
292 8205 -15838
293 8175 -15838
294 8107 -15646
295 8103 -15606
296 7881 -15194
297 7869 -15198
298 7823 -14982
299 7901 -15166
300 7929 -15274
301 7933 -15246
302 7869 -15362
303 7887 -15338
304 8063 -15674
305 8065 -15790
306 8125 -15766
307 8031 -15782
308 8021 -15818
309 7979 -15758
310 8017 -15970
311 8031 -15974
312 8079 -15990
313 8069 -15810
314 7921 -15562
315 7853 -15350
316 7903 -15506
317 7771 -15290
318 7819 -15270
319 7813 -15314
320 7789 -15230
321 7847 -15298
322 7747 -15194
323 7899 -15478
324 7867 -15506
325 7827 -15530
326 7879 -15694
327 7875 -15674
328 7885 -15674
329 7849 -15570
330 7857 -15378
331 7753 -15010
332 7731 -15110
333 7667 -15058
334 7647 -14970
335 7737 -15258
336 7943 -15454
337 7855 -15410
338 7883 -15558
339 7873 -15322
340 7913 -15546
341 7855 -15514
342 7829 -15470
343 7947 -15650
344 7987 -15658
345 7949 -15626
346 7843 -15526
347 7789 -15606
348 7789 -15698
349 7797 -15754
350 7749 -15674
351 7769 -15614
352 7747 -15534
353 7805 -15470
354 7821 -15562
355 7755 -15414
356 7755 -15502
357 7869 -15646
358 7847 -15782
359 7825 -15642
360 7787 -15550
361 7807 -15582
362 7869 -15626
363 7827 -15762
364 7907 -15842
365 7903 -15634
366 7879 -15830
367 7847 -15754
368 7867 -15706
369 7789 -15422
370 7789 -15330
371 7797 -15322
372 7841 -15590
373 7911 -15798
374 7899 -15810
375 7733 -15590
376 7685 -15634
377 7635 -15542
378 7615 -15474
379 7717 -15794
380 7493 -15098
381 7611 -15406
382 7731 -15598
383 7707 -15534
384 7589 -15426
385 7461 -15382
386 7543 -15434
387 7671 -15602
388 7663 -15614
389 7603 -15534
390 7593 -15518
391 7651 -15562
392 7645 -15454
393 7705 -15846
394 7647 -15714
395 7835 -15902
396 7903 -16066
397 7903 -15970
398 7831 -15862
399 7801 -15842
400 7747 -15770
401 7647 -15690
402 7653 -15730
403 7835 -15946
404 7827 -15886
405 7845 -15938
406 7799 -15826
407 7843 -15854
408 7821 -15794
409 7833 -15966
410 7921 -15938
411 7853 -15614
412 7889 -15722
413 7973 -15974
414 8045 -16118
415 8003 -16162
416 7993 -16078
417 8039 -16026
418 7983 -16034
419 7895 -16002
420 7943 -15994
421 7955 -15910
422 7943 -15738
423 8009 -15838
424 7975 -15910
425 7911 -15846
426 7663 -15506
427 7637 -15350
428 7611 -15518
429 7775 -15750
430 7859 -15678
431 7875 -15442
432 7907 -15618
433 7915 -15730
434 7827 -15566
435 7963 -15866
436 7827 -15622
437 7877 -15642
438 7821 -15438
439 7841 -15586
440 7871 -15590
441 7961 -15630
442 7857 -15690
443 7857 -15454
444 7993 -15922
445 7987 -15794
446 7991 -15794
447 8031 -15758
448 7941 -15602
449 7983 -15766
450 7869 -15422
451 7951 -15546
452 7979 -15686
453 7887 -15666
454 7897 -15714
455 7961 -15754
456 7917 -15722
457 7945 -15718
458 7993 -15742
459 7933 -15734
460 7957 -15654
461 7971 -15626
462 7919 -15526
463 7913 -15518
464 7849 -15466
465 7881 -15646
466 7863 -15438
467 7877 -15570
468 7859 -15454
469 7805 -15438
470 7945 -15598
471 7903 -15490
472 7949 -15574
473 8023 -15582
474 7947 -15702
475 7839 -15670
476 7639 -15518
477 7581 -15582
478 7599 -15598
479 7589 -15654
480 7565 -15838
481 7501 -15490
482 7477 -15414
483 7521 -15366
484 7503 -15278
485 7513 -15258
486 7459 -15034
487 7487 -15162
488 7507 -15194
489 7331 -14926
490 7179 -14830
491 7273 -14930
492 7333 -15034
493 7465 -15230
494 7577 -15614
495 7587 -15434
496 7507 -15466
497 7359 -15250
498 7433 -15350
499 7423 -15406
500 7383 -15346
501 7351 -15146
502 7345 -15350
503 7321 -15242
504 7335 -15302
505 7301 -15134
506 7281 -15050
507 7305 -15158
508 7325 -15050
509 7361 -15174
510 7535 -15282
511 7685 -15546
512 7577 -15422
513 7625 -15546
514 7449 -15314
515 7397 -15182
516 7253 -14990
517 7253 -15038
518 7273 -15278
519 7277 -15534
520 7293 -15302
521 7175 -15146
522 7115 -15090
523 7221 -15234
524 7199 -15198
525 7083 -15030
526 6987 -14970
527 7051 -15050
528 6939 -14886
529 6905 -14882
530 6793 -14582
531 6917 -14930
532 7091 -15190
533 7109 -15134
534 7141 -15138
535 7145 -15054
536 7263 -15194
537 7293 -15358
538 7269 -15194
539 7277 -15182
540 7425 -15118
541 7421 -15134
542 7473 -15278
543 7593 -15370
544 7567 -15290
545 7645 -15526
546 7593 -15334
547 7627 -15366
548 7599 -15202
549 7699 -15358
550 7737 -15574
551 7787 -15854
552 7703 -15638
553 7721 -15498
554 7801 -15682
555 7843 -15714
556 7913 -15930
557 7871 -15878
558 7867 -15806
559 7923 -15842
560 7939 -15642
561 7935 -15742
562 7809 -15582
563 7847 -15570
564 7921 -15626
565 7851 -15498
566 7923 -15586
567 7885 -15578
568 7985 -15822
569 7851 -15614
570 7847 -15590
571 7969 -15818
572 8041 -15962
573 8037 -15922
574 8031 -15882
575 8013 -16002
576 8175 -16126
577 8137 -16134
578 8057 -16158
579 8145 -16126
580 8191 -16110
581 8215 -15938
582 8217 -15958
583 8175 -15918
584 8179 -15934
585 8159 -16086
586 8161 -16002
587 8085 -15778
588 8135 -15898
589 8179 -16102
590 8131 -15942
591 8103 -15914
592 7995 -15898
593 7903 -15730
594 7915 -15690
595 7881 -15914
596 7807 -15650
597 7771 -15670
598 7759 -15478
599 7719 -15570
600 7691 -15662
601 7733 -15674
602 7823 -15802
603 7821 -15650
604 7829 -15706
605 7891 -15718
606 7885 -15770
607 7975 -15890
608 7953 -16042
609 7981 -15998
610 7889 -15818
611 7981 -15866
612 7971 -15842
613 7949 -15778
614 7989 -15958
615 7975 -15806
616 8051 -15738
617 7941 -15818
618 7955 -15798
619 8021 -15738
620 7931 -15614
621 7921 -15614
622 7921 -15522
623 7953 -15654
624 7919 -15702
625 7939 -15950
626 7923 -15866
627 7831 -15818
628 7753 -15710
629 7737 -15550
630 7693 -15554
631 7737 -15646
632 7675 -15618
633 7675 -15510
634 7597 -15254
635 7795 -15558
636 7717 -15370
637 7651 -15290
638 7541 -15154
639 7623 -15422
640 7699 -15514
641 7705 -15534
642 7747 -15478
643 7763 -15434
644 7751 -15510
645 7761 -15494
646 7729 -15426
647 7731 -15458
648 7709 -15490
649 7585 -15334
650 7787 -15770
651 7809 -15862
652 7761 -15746
653 7715 -15606
654 7683 -15682
655 7619 -15582
656 7649 -15586
657 7655 -15554
658 7567 -15366
659 7549 -15490
660 7487 -15354
661 7331 -15102
662 7301 -15102
663 7459 -15390
664 7535 -15394
665 7523 -15386
666 7515 -15278
667 7487 -14994
668 7489 -15054
669 7575 -15354
670 7653 -15586
671 7603 -15550
672 7645 -15322
673 7643 -15366
674 7603 -15318
675 7527 -15162
676 7575 -15194
677 7617 -15142
678 7651 -15190
679 7707 -15250
680 7795 -15430
681 7833 -15450
682 7911 -15770
683 7735 -15506
684 7785 -15430
685 7861 -15538
686 7853 -15746
687 7859 -15678
688 7841 -15522
689 7779 -15534
690 7767 -15578
691 7657 -15386
692 7699 -15350
693 7797 -15370
694 7903 -15486
695 7907 -15490
696 7933 -15654
697 7979 -15810
698 7805 -15582
699 7827 -15518
700 7791 -15646
701 7739 -15510
702 7631 -15338
703 7697 -15382
704 7865 -15610
705 7777 -15342
706 7861 -15334
707 7911 -15494
708 7763 -15166
709 7753 -15350
710 7941 -15790
711 7957 -15750
712 8111 -15950
713 8115 -15942
714 8157 -16010
715 8283 -16206
716 8393 -16382
717 8259 -16154
718 8179 -16006
719 8225 -16018
720 8205 -15982
721 8173 -15714
722 8157 -15710
723 8071 -15558
724 8039 -15634
725 8001 -15538
726 7983 -15590
727 7887 -15354
728 7797 -15202
729 7829 -15362
730 7999 -15666
731 7941 -15662
732 8049 -15710
733 7821 -15402
734 7887 -15618
735 7865 -15578
736 7863 -15534
737 7781 -15494
738 7821 -15486
739 7793 -15462
740 7725 -15398
741 7801 -15614
742 7691 -15374
743 7857 -15710
744 7803 -15478
745 7731 -15590
746 7645 -15678
747 7625 -15658
748 7591 -15478
749 7511 -15294
750 7399 -15178
751 7509 -15522
752 7441 -15426
753 7429 -15350
754 7389 -15242
755 7437 -15326
756 7431 -15402
757 7383 -15166
758 7321 -15170
759 7263 -14922
760 7311 -15106
761 7377 -15198
762 7439 -15534
763 7467 -15622
764 7513 -15422
765 7487 -15386
766 7437 -15378
767 7527 -15458
768 7575 -15502
769 7451 -15366
770 7473 -15350
771 7435 -15438
772 7419 -15374
773 7351 -15486
774 7441 -15526
775 7425 -15378
776 7405 -15314
777 7381 -15458
778 7395 -15458
779 7447 -15490
780 7315 -15622
781 7191 -15334
782 7383 -15650
783 7445 -15594
784 7491 -15782
785 7437 -15618
786 7391 -15446
787 7471 -15574
788 7503 -15590
789 7471 -15570
790 7453 -15370
791 7387 -15278
792 7403 -15270
793 7425 -15386
794 7435 -15450
795 7419 -15446
796 7375 -15334
797 7311 -15186
798 7383 -15282
799 7365 -15346
800 7421 -15478
801 7407 -15542
802 7477 -15698
803 7531 -15794
804 7461 -15598
805 7431 -15726
806 7483 -15538
807 7299 -15474
808 7211 -15342
809 7161 -15410
810 7253 -15526
811 7265 -15554
812 7403 -15830
813 7299 -15426
814 7231 -15358
815 7169 -15322
816 7261 -15494
817 7349 -15482
818 7313 -15538
819 7295 -15514
820 7421 -15658
821 7383 -15302
822 7411 -15426
823 7435 -15614
824 7567 -15646
825 7511 -15646
826 7531 -15654
827 7527 -15502
828 7631 -15758
829 7615 -15646
830 7561 -15622
831 7517 -15542
832 7493 -15398
833 7589 -15434
834 7591 -15346
835 7671 -15534
836 7557 -15414
837 7439 -15226
838 7405 -15434
839 7297 -15058
840 7267 -15142
841 7269 -15034
842 7279 -15070
843 7395 -15070
844 7497 -15310
845 7421 -15238
846 7283 -15082
847 7313 -15362
848 7329 -15470
849 7261 -15438
850 7313 -15506
851 7275 -15422
852 7387 -15562
853 7299 -15506
854 7455 -15570
855 7387 -15474
856 7385 -15370
857 7407 -15618
858 7489 -15858
859 7425 -15610
860 7367 -15622
861 7269 -15310
862 7175 -15334
863 7211 -15474
864 7065 -15322
865 7011 -15322
866 7073 -15494
867 7071 -15550
868 7093 -15710
869 7159 -15846
870 7011 -15498
871 7071 -15590
872 7139 -15470
873 7099 -15434
874 7199 -15634
875 7157 -15662
876 7009 -15462
877 7099 -15490
878 7007 -15358
879 6899 -15258
880 6977 -15530
881 6947 -15390
882 6965 -15394
883 6939 -15442
884 6909 -15514
885 6877 -15530
886 6929 -15538
887 6907 -15290
888 6869 -15374
889 6769 -15166
890 6769 -15498
891 6751 -15430
892 6745 -15318
893 6669 -15326
894 6759 -15426
895 6803 -15518
896 6893 -15722
897 6835 -15658
898 6843 -15590
899 6811 -15502
900 6843 -15454
901 6835 -15474
902 6747 -15446
903 6773 -15462
904 6715 -15334
905 6619 -15206
906 6621 -15194
907 6611 -15174
908 6521 -15030
909 6587 -15346
910 6571 -15382
911 6457 -15422
912 6309 -15414
913 6359 -15498
914 6407 -15678
915 6335 -15506
916 6231 -15422
917 6277 -15434
918 6343 -15466
919 6341 -15458
920 6379 -15542
921 6381 -15454
922 6393 -15330
923 6309 -15178
924 6471 -15314
925 6371 -15246
926 6469 -15390
927 6347 -15350
928 6437 -15382
929 6411 -15338
930 6343 -15322
931 6495 -15414
932 6585 -15646
933 6521 -15610
934 6501 -15586
935 6491 -15446
936 6529 -15154
937 6491 -15070
938 6465 -15138
939 6485 -15362
940 6649 -15606
941 6637 -15330
942 6751 -15374
943 6703 -15362
944 6769 -15306
945 6683 -15214
946 6809 -15414
947 6755 -15242
948 6869 -15398
949 6855 -15370
950 6915 -15566
951 7027 -15626
952 7039 -15682
953 7055 -15574
954 7107 -15622
955 7105 -15546
956 7037 -15482
957 7085 -15658
958 7051 -15534
959 6997 -15662
960 7091 -15858
961 7143 -15698
962 7185 -15614
963 7187 -15658
964 7235 -15770
965 7299 -15938
966 7297 -15902
967 7329 -15938
968 7441 -15902
969 7365 -15738
970 7279 -15650
971 7261 -15614
972 7303 -15634
973 7233 -15446
974 7315 -15454
975 7191 -15294
976 7239 -15538
977 7347 -15546
978 7409 -15514
979 7489 -15518
980 7505 -15278
981 7569 -15502
982 7605 -15674
983 7549 -15614
984 7485 -15578
985 7495 -15518
986 7531 -15462
987 7487 -15470
988 7529 -15418
989 7599 -15602
990 7603 -15574
991 7655 -15730
992 7747 -15854
993 7619 -15582
994 7433 -15458
995 7425 -15250
996 7523 -15398
997 7503 -15470
998 7487 -15386
999 7685 -15586
1000 7741 -15850
1001 7535 -15550
1002 7569 -15662
1003 7617 -15698
1004 7601 -15558
1005 7629 -15662
1006 7537 -15246
1007 7601 -15378
1008 7605 -15370
1009 7679 -15486
1010 7735 -15842
1011 7789 -15878
1012 7793 -15806
1013 7825 -15778
1014 7923 -16014
1015 7841 -16034
1016 7711 -15666
1017 7623 -15842
1018 7483 -15642
1019 7355 -15270
1020 7497 -15578
1021 7541 -15662
1022 7595 -15786
1023 7613 -15798
1024 7521 -15594
1025 7515 -15450
1026 7553 -15626
1027 7479 -15254
1028 7533 -15266
1029 7663 -15518
1030 7665 -15462
1031 7755 -15634
1032 7781 -15654
1033 7797 -15774
1034 7809 -15862
1035 7843 -15722
1036 7751 -15726
1037 7799 -15714
1038 7779 -15586
1039 7763 -15678
1040 7763 -15554
1041 7815 -15750
1042 7755 -15666
1043 7857 -16010
1044 7809 -15858
1045 7855 -15582
1046 7869 -15598
1047 7793 -15598
1048 7845 -15666
1049 7927 -15638
1050 7869 -15498
1051 7919 -15598
1052 7937 -15574
1053 7915 -15658
1054 7971 -15586
1055 7903 -15558
1056 7787 -15438
1057 7679 -15162
1058 7657 -15086
1059 7753 -15314
1060 7875 -15606
1061 7855 -15562
1062 7887 -15818
1063 7907 -15586
1064 7955 -15526
1065 7907 -15622
1066 7785 -15274
1067 7841 -15518
1068 7893 -15686
1069 7903 -15678
1070 7907 -15658
1071 8041 -15938
1072 8085 -16018
1073 8061 -15974
1074 7947 -15762
1075 8065 -15906
1076 8043 -15750
1077 8183 -16138
1078 8197 -16082
1079 8301 -16298
1080 8229 -16054
1081 8245 -15914
1082 8289 -15926
1083 8389 -16118
1084 8275 -15814
1085 8415 -16146
1086 8413 -16086
1087 8349 -15950
1088 8281 -15958
1089 8347 -16234
1090 8385 -16242
1091 8349 -16190
1092 8347 -16162
1093 8297 -16230
1094 8355 -16354
1095 8253 -15958
1096 8233 -15958
1097 8307 -16074
1098 8339 -16110
1099 8301 -16258
1100 8169 -15962
1101 8191 -15958
1102 8227 -16086
1103 8063 -15858
1104 8097 -15874
1105 8129 -15878
1106 8117 -15818
1107 8023 -15598
1108 7959 -15538
1109 7937 -15570
1110 7913 -15494
1111 7905 -15462
1112 7807 -15190
1113 7683 -15218
1114 7781 -15558
1115 7749 -15378
1116 7771 -15266
1117 7817 -15302
1118 7733 -15158
1119 7791 -15250
1120 7887 -15506
1121 8005 -15574
1122 8063 -15618
1123 8067 -15650
1124 8093 -15798
1125 8131 -15722
1126 8185 -15858
1127 8231 -16042
1128 8223 -16038
1129 8229 -16078
1130 8173 -15886
1131 8063 -15654
1132 8021 -15642
1133 8015 -15714
1134 8049 -15686
1135 8019 -15678
1136 8085 -15834
1137 8161 -15854
1138 8123 -15746
1139 8095 -15854
1140 7993 -15814
1141 7981 -15850
1142 8081 -15910
1143 8249 -15998
1144 8301 -16098
1145 8333 -15970
1146 8227 -15526
1147 8143 -15730
1148 8123 -15682
1149 8189 -15802
1150 8159 -15834
1151 8145 -15818
1152 8135 -15714
1153 8179 -15842
1154 8201 -15870
1155 8187 -15850
1156 8103 -15810
1157 8041 -15666
1158 8039 -15546
1159 8061 -15586
1160 8197 -15806
1161 8051 -15542
1162 8165 -15986
1163 8081 -15886
1164 8175 -15886
1165 8005 -15694
1166 8061 -15630
1167 8059 -15638
1168 8061 -15790
1169 8007 -15786
1170 8121 -15990
1171 8095 -15846
1172 7931 -15662
1173 7935 -15602
1174 7929 -15810
1175 7969 -15906
1176 7893 -15658
1177 8029 -16046
1178 8027 -15638
1179 7903 -15786
1180 7995 -15862
1181 8021 -16002
1182 8089 -16066
1183 8035 -15682
1184 8155 -16074
1185 8055 -15742
1186 8017 -15810
1187 8017 -15746
1188 7963 -15578
1189 7963 -15694
1190 7925 -15782
1191 7959 -15862
1192 7975 -15978
1193 7969 -15954
1194 7973 -15950
1195 8079 -15946
1196 8141 -16138
1197 8113 -15998
1198 8125 -15966
1199 8093 -16050
1200 8047 -15798
1201 8061 -15718
1202 8079 -15738
1203 8067 -15666
1204 8109 -15934
1205 8031 -15674
1206 7937 -15470
1207 7849 -15458
1208 7841 -15538
1209 7933 -15566
1210 7891 -15562
1211 7709 -15214
1212 7665 -15182
1213 7579 -15038
1214 7529 -15114
1215 7675 -15414
1216 7667 -15454
1217 7693 -15406
1218 7759 -15798
1219 7741 -15490
1220 7617 -15174
1221 7603 -15202
1222 7567 -15262
1223 7677 -15478
1224 7669 -15394
1225 7627 -15526
1226 7689 -15534
1227 7707 -15442
1228 7627 -15182
1229 7627 -15174
1230 7573 -15250
1231 7609 -15302
1232 7593 -15094
1233 7733 -15438
1234 7875 -15730
1235 7795 -15662
1236 7847 -15650
1237 7867 -15654
1238 7889 -15706
1239 7893 -15766
1240 7717 -15546
1241 7777 -15494
1242 7659 -15470
1243 7759 -15666
1244 7905 -15802
1245 8023 -16022
1246 7913 -15930
1247 7791 -15674
1248 7757 -15738
1249 7819 -15854
1250 7739 -15642
1251 7741 -15562
1252 7695 -15298
1253 7661 -15266
1254 7661 -15362
1255 7753 -15670
1256 7895 -15950
1257 7759 -15862
1258 7745 -15762
1259 7819 -15742
1260 7783 -15526
1261 7815 -15558
1262 7747 -15330
1263 7835 -15522
1264 7773 -15398
1265 7757 -15458
1266 7669 -15478
1267 7529 -15422
1268 7403 -15090
1269 7305 -15082
1270 7217 -15026
1271 7411 -15506
1272 7391 -15354
1273 7299 -15154
1274 7319 -15302
1275 7321 -15422
1276 7219 -15246
1277 7217 -15342
1278 7293 -15358
1279 7249 -15378
1280 7299 -15066
1281 7433 -15362
1282 7337 -15138
1283 7415 -15358
1284 7345 -15258
1285 7417 -15346
1286 7427 -15318
1287 7403 -15134
1288 7475 -15190
1289 7645 -15542
1290 7779 -15510
1291 7741 -15642
1292 7675 -15566
1293 7637 -15570
1294 7695 -15510
1295 7771 -15586
1296 7777 -15510
1297 7729 -15390
1298 7721 -15262
1299 7777 -15566
1300 7753 -15518
1301 7843 -15634
1302 7793 -15474
1303 7829 -15490
1304 7821 -15354
1305 7903 -15330
1306 7953 -15546
1307 8009 -15638
1308 8013 -15434
1309 7943 -15310
1310 7999 -15462
1311 8029 -15486
1312 8099 -15594
1313 8127 -15506
1314 8229 -15698
1315 8207 -15678
1316 8265 -15878
1317 8217 -15842
1318 8111 -15682
1319 8059 -15574
1320 7979 -15458
1321 8053 -15610
1322 8117 -15698
1323 8095 -15658
1324 8081 -15634
1325 8163 -15870
1326 8101 -15538
1327 8103 -15466
1328 8023 -15390
1329 8017 -15554
1330 8077 -15614
1331 7997 -15622
1332 7935 -15590
1333 7955 -15498
1334 8073 -15586
1335 7983 -15470
1336 8055 -15510
1337 8023 -15674
1338 8121 -15642
1339 8079 -15486
1340 8021 -15458
1341 8055 -15558
1342 8115 -15682
1343 8141 -15754
1344 8213 -15778
1345 8319 -16062
1346 8303 -16018
1347 8173 -15846
1348 8195 -15822
1349 8241 -15922
1350 8273 -15870
1351 8325 -15818
1352 8323 -15794
1353 8225 -15694
1354 8179 -15642
1355 8127 -15542
1356 8075 -15454
1357 8059 -15594
1358 8187 -15762
1359 8129 -15746
1360 8195 -15834
1361 8361 -16118
1362 8271 -15774
1363 8157 -15670
1364 8227 -15814
1365 8077 -15510
1366 8123 -15766
1367 8069 -15674
1368 8141 -15530
1369 8157 -15638
1370 8079 -15606
1371 8091 -15574
1372 8137 -15634
1373 8093 -15646
1374 8001 -15474
1375 8105 -15750
1376 8195 -15738
1377 8137 -15662
1378 8265 -15970
1379 8277 -15966
1380 8233 -15934
1381 8253 -16142
1382 8263 -16046
1383 8165 -16094
1384 8123 -15998
1385 8133 -15842
1386 8183 -15938
1387 8119 -15846
1388 8115 -15774
1389 8125 -15778
1390 8155 -15682
1391 8241 -15702
1392 8309 -15898
1393 8185 -15758
1394 8235 -15902
1395 8299 -15838
1396 8169 -15706
1397 8207 -15870
1398 8107 -15750
1399 8103 -15762
1400 8061 -15674
1401 8085 -15846
1402 8121 -15854
1403 8113 -15774
1404 8053 -15662
1405 7945 -15490
1406 7909 -15454
1407 7887 -15546
1408 7725 -15346
1409 7739 -15550
1410 7637 -15370
1411 7653 -15218
1412 7667 -15294
1413 7759 -15614
1414 7785 -15482
1415 7739 -15318
1416 7781 -15470
1417 7703 -15534
1418 7775 -15494
1419 7869 -15746
1420 7847 -15594
1421 7849 -15522
1422 7919 -15722
1423 7877 -15550
1424 7915 -15502
1425 7921 -15594
1426 7915 -15562
1427 8053 -15966
1428 8059 -15746
1429 8185 -15974
1430 8197 -15794
1431 8245 -15938
1432 8293 -15958
1433 8277 -16042
1434 8299 -16010
1435 8189 -15858
1436 8309 -16158
1437 8257 -16234
1438 8321 -16146
1439 8309 -16126
1440 8235 -15946
1441 8255 -15950
1442 8261 -16186
1443 8241 -16066
1444 8247 -16026
1445 8261 -16054
1446 8357 -16126
1447 8365 -16230
1448 8467 -16206
1449 8427 -16194
1450 8405 -16102
1451 8257 -15978
1452 8329 -16038
1453 8391 -15990
1454 8315 -15826
1455 8309 -15802
1456 8269 -15882
1457 8323 -15934
1458 8319 -16086
1459 8251 -15834
1460 8277 -15914
1461 8243 -15806
1462 8241 -15870
1463 8203 -15818
1464 8273 -15962
1465 8355 -15782
1466 8201 -15582
1467 8215 -15822
1468 8153 -15658
1469 8225 -15722
1470 8221 -15818
1471 8219 -15794
1472 8115 -15694
1473 8099 -15670
1474 8141 -15902
1475 8193 -15878
1476 8119 -15794
1477 8121 -15738
1478 8111 -15582
1479 8091 -15654
1480 8073 -15762
1481 8015 -15702
1482 7953 -15558
1483 7973 -15750
1484 7967 -15646
1485 7899 -15434
1486 7899 -15526
1487 8053 -15678
1488 8081 -15742
1489 8145 -15786
1490 8223 -15930
1491 8229 -15702
1492 8211 -15686
1493 8137 -15710
1494 8069 -15646
1495 8115 -15766
1496 8127 -15862
1497 8283 -16102
1498 8295 -16086
1499 8249 -15986
1500 8345 -16034
1501 8329 -16026
1502 8339 -16070
1503 8295 -15866
1504 8279 -15910
1505 8359 -15898
1506 8403 -16142
1507 8379 -16226
1508 8453 -16218
1509 8459 -16110
1510 8461 -16206
1511 8433 -15922
1512 8415 -16022
1513 8401 -15946
1514 8419 -16070
1515 8345 -16242
1516 8247 -15878
1517 8247 -15874
1518 8207 -15678
1519 8241 -15654
1520 8341 -15946
1521 8373 -16066
1522 8339 -15918
1523 8265 -15822
1524 8271 -15762
1525 8279 -15882
1526 8219 -15642
1527 8187 -15626
1528 8347 -15930
1529 8413 -15990
1530 8391 -15842
1531 8355 -15894
1532 8349 -15874
1533 8299 -15818
1534 8321 -15946
1535 8385 -16202
1536 8331 -16042
1537 8327 -16178
1538 8173 -15714
1539 8133 -15638
1540 8285 -16094
1541 8221 -15990
1542 8231 -16118
1543 8357 -16290
1544 8317 -16050
1545 8367 -16090
1546 8293 -15926
1547 8441 -16070
1548 8401 -16026
1549 8519 -16158
1550 8491 -16206
1551 8437 -16126
1552 8527 -16250
1553 8425 -16038
1554 8357 -16022
1555 8315 -15910
1556 8333 -16034
1557 8337 -16018
1558 8343 -15894
1559 8353 -16050
1560 8295 -15914
1561 8313 -15938
1562 8455 -16194
1563 8373 -16042
1564 8357 -15926
1565 8449 -16314
1566 8451 -16230
1567 8485 -16330
1568 8387 -16094
1569 8319 -15898
1570 8329 -15862
1571 8269 -15882
1572 8293 -15922
1573 8339 -15998
1574 8531 -16510
1575 8513 -16414
1576 8465 -16298
1577 8501 -16438
1578 8397 -16154
1579 8343 -16062
1580 8281 -15918
1581 8215 -15714
1582 8213 -15774
1583 8259 -15846
1584 8261 -15962
1585 8187 -15950
1586 8331 -16098
1587 8321 -16170
1588 8205 -16198
1589 8165 -16014
1590 8171 -16070
1591 8115 -16062
1592 8043 -15762
1593 8021 -15754
1594 8083 -15690
1595 8065 -15666
1596 8043 -15566
1597 8091 -15770
1598 8061 -15690
1599 8103 -15662
1600 8129 -15606
1601 8049 -15578
1602 8109 -15670
1603 8013 -15578
1604 8013 -15510
1605 8011 -15630
1606 7999 -15554
1607 7929 -15486
1608 7993 -15718
1609 7963 -15706
1610 7997 -15690
1611 7777 -15386
1612 7741 -15414
1613 7807 -15630
1614 7917 -15586
1615 8073 -15762
1616 8145 -15666
1617 7989 -15494
1618 7991 -15522
1619 7949 -15734
1620 8067 -15966
1621 8007 -15826
1622 8051 -15826
1623 8013 -15638
1624 8107 -15790
1625 8059 -15802
1626 8055 -15718
1627 8029 -15582
1628 8107 -15830
1629 8005 -15578
1630 7975 -15482
1631 8029 -15578
1632 8195 -16026
1633 8101 -15706
1634 7975 -15714
1635 8123 -16058
1636 7907 -15658
1637 7917 -15878
1638 7927 -15698
1639 7837 -15518
1640 7921 -15782
1641 7873 -15778
1642 8037 -15838
1643 7985 -15830
1644 8081 -15854
1645 8099 -15954
1646 8191 -16050
1647 8073 -15954
1648 7859 -15758
1649 7819 -15662
1650 8003 -15946
1651 8081 -16050
1652 8153 -16162
1653 8075 -16006
1654 8119 -16242
1655 8021 -15946
1656 7865 -15770
1657 7847 -15602
1658 7751 -15366
1659 7753 -15482
1660 7857 -15634
1661 7935 -15750
1662 7869 -15662
1663 7857 -15654
1664 7967 -16018
1665 7867 -15822
1666 7855 -15666
1667 8011 -15642
1668 7919 -15430
1669 7837 -15274
1670 7973 -15722
1671 7979 -15698
1672 7893 -15582
1673 7785 -15702
1674 7853 -15646
1675 7843 -15578
1676 7829 -15414
1677 7847 -15610
1678 7725 -15426
1679 7613 -15306
1680 7579 -15262
1681 7643 -15518
1682 7639 -15518
1683 7383 -15110
1684 7339 -15030
1685 7473 -15198
1686 7521 -15118
1687 7603 -15214
1688 7577 -15226
1689 7585 -15282
1690 7509 -15270
1691 7677 -15410
1692 7749 -15398
1693 7731 -15414
1694 7701 -15442
1695 7721 -15214
1696 7713 -15294
1697 7713 -15402
1698 7795 -15426
1699 7837 -15698
1700 7791 -15574
1701 7707 -15506
1702 7665 -15454
1703 7633 -15546
1704 7585 -15270
1705 7601 -15318
1706 7511 -15194
1707 7607 -15390
1708 7707 -15570
1709 7737 -15498
1710 7673 -15462
1711 7853 -15670
1712 7769 -15854
1713 7769 -15778
1714 7799 -15642
1715 7815 -15538
1716 7799 -15670
1717 7873 -15634
1718 7875 -15426
1719 7885 -15546
1720 7797 -15450
1721 7799 -15486
1722 7747 -15362
1723 7781 -15474
1724 7853 -15550
1725 7819 -15342
1726 7891 -15434
1727 7941 -15574
1728 7959 -15674
1729 7965 -15674
1730 7931 -15570
1731 7865 -15358
1732 7901 -15370
1733 7971 -15510
1734 8105 -15682
1735 8201 -15778
1736 8105 -15602
1737 8069 -15446
1738 8261 -15826
1739 8285 -15838
1740 8245 -15666
1741 8211 -15562
1742 8253 -15710
1743 8289 -15770
1744 8303 -15746
1745 8197 -15682
1746 8181 -15602
1747 8189 -15534
1748 8247 -15786
1749 8245 -15810
1750 8137 -15638
1751 8047 -15758
1752 8039 -15734
1753 8003 -15614
1754 8089 -15582
1755 8139 -15778
1756 8213 -15850
1757 8227 -15818
1758 8145 -15686
1759 8053 -15646
1760 8025 -15406
1761 8115 -15642
1762 8115 -15682
1763 8233 -15910
1764 8233 -15882
1765 8287 -16054
1766 8323 -16066
1767 8299 -16022
1768 8411 -16150
1769 8353 -16150
1770 8365 -16222
1771 8425 -16266
1772 8383 -16074
1773 8425 -16110
1774 8587 -16474
1775 8519 -16246
1776 8457 -16218
1777 8331 -15902
1778 8301 -15958
1779 8295 -16042
1780 8319 -16130
1781 8313 -16046
1782 8117 -15706
1783 8013 -15402
1784 8047 -15678
1785 8007 -15582
1786 8055 -15566
1787 8191 -15782
1788 8199 -15718
1789 8159 -15778
1790 8037 -15462
1791 7965 -15410
1792 8065 -15558
1793 7999 -15558
1794 8173 -15666
1795 8117 -15594
1796 8075 -15546
1797 8091 -15546
1798 8171 -15714
1799 8101 -15658
1800 8185 -15822
1801 8109 -15698
1802 8041 -15434
1803 8059 -15718
1804 8137 -15898
1805 8117 -15854
1806 8201 -15862
1807 8153 -15914
1808 8077 -15870
1809 8107 -16074
1810 8083 -15922
1811 8073 -15806
1812 8153 -15650
1813 8245 -16070
1814 8203 -15826
1815 8299 -16022
1816 8187 -15858
1817 8149 -15914
1818 8199 -15938
1819 8311 -16090
1820 8163 -15818
1821 8187 -15794
1822 8281 -15926
1823 8299 -15870
1824 8209 -15762
1825 8283 -15866
1826 8227 -15906
1827 8259 -16014
1828 8143 -15702
1829 8029 -15622
1830 8047 -15426
1831 8085 -15390
1832 8135 -15590
1833 8275 -15906
1834 8183 -15794
1835 8071 -15686
1836 7989 -15566
1837 7991 -15506
1838 7873 -15314
1839 7941 -15574
1840 7783 -15346
1841 7889 -15570
1842 7869 -15446
1843 7979 -15642
1844 8051 -15666
1845 8041 -15810
1846 8001 -15470
1847 7899 -15438
1848 7919 -15430
1849 7861 -15290
1850 7889 -15358
1851 7885 -15322
1852 7973 -15474
1853 7901 -15402
1854 7855 -15494
1855 7833 -15526
1856 7851 -15578
1857 7905 -15454
1858 7723 -15090
1859 7843 -15314
1860 7827 -15250
1861 7911 -15418
1862 7955 -15594
1863 7861 -15506
1864 7957 -15546
1865 7967 -15574
1866 8057 -15542
1867 8083 -15582
1868 8103 -15730
1869 7981 -15274
1870 8047 -15318
1871 8069 -15178
1872 8223 -15578
1873 8295 -15694
1874 8291 -15670
1875 8279 -15694
1876 8309 -15890
1877 8323 -15922
1878 8395 -16138
1879 8419 -15938
1880 8389 -16090
1881 8401 -16150
1882 8381 -16134
1883 8273 -15838
1884 8183 -15750
1885 8127 -15594
1886 8195 -15906
1887 8195 -15878
1888 8135 -15742
1889 8115 -15678
1890 7975 -15538
1891 7921 -15470
1892 7963 -15490
1893 7931 -15434
1894 8025 -15534
1895 8187 -15698
1896 8111 -15598
1897 8103 -15730
1898 8215 -15634
1899 8267 -15882
1900 8383 -16162
1901 8483 -16282
1902 8405 -16210
1903 8393 -16238
1904 8429 -16270
1905 8545 -16358
1906 8563 -16422
1907 8587 -16458
1908 8545 -16306
1909 8571 -16398
1910 8435 -16126
1911 8329 -15954
1912 8179 -15742
1913 8233 -15826
1914 8209 -15838
1915 8107 -15622
1916 8097 -15606
1917 8151 -15638
1918 8143 -15674
1919 8239 -15586
1920 8115 -15646
1921 8147 -15646
1922 8145 -15858
1923 8091 -15706
1924 8017 -15850
1925 8033 -15650
1926 8001 -15638
1927 7905 -15426
1928 7939 -15554
1929 7975 -15514
1930 7971 -15594
1931 7947 -15394
1932 7967 -15410
1933 7915 -15474
1934 7939 -15422
1935 7957 -15390
1936 7899 -15414
1937 7869 -15526
1938 7941 -15598
1939 7887 -15482
1940 7887 -15574
1941 7897 -15626
1942 8073 -15846
1943 7957 -15698
1944 7901 -15626
1945 7833 -15306
1946 7741 -15266
1947 7699 -15274
1948 7607 -15370
1949 7693 -15230
1950 7803 -15454
1951 7905 -15590
1952 7907 -15638
1953 7931 -15662
1954 7883 -15686
1955 7863 -15646
1956 7855 -15698
1957 7873 -15698
1958 7781 -15502
1959 7791 -15358
1960 7737 -15302
1961 7659 -15286
1962 7695 -15338
1963 7771 -15362
1964 7859 -15526
1965 7999 -15594
1966 7925 -15350
1967 7965 -15374
1968 8009 -15514
1969 8003 -15626
1970 8117 -15750
1971 8089 -15686
1972 8019 -15438
1973 8015 -15534
1974 7927 -15450
1975 7929 -15306
1976 7995 -15526
1977 7891 -15262
1978 8031 -15618
1979 8063 -15542
1980 8157 -15638
1981 8133 -15602
1982 8045 -15478
1983 8151 -15750
1984 7957 -15602
1985 8037 -15414
1986 8103 -15506
1987 8135 -15546
1988 8145 -15718
1989 8217 -15766
1990 8231 -15846
1991 8229 -15950
1992 8153 -15706
1993 8269 -15938
1994 8199 -15774
1995 8255 -15918
1996 8353 -16042
1997 8355 -16066
1998 8311 -16058
1999 8287 -15978
2000 8257 -16142
2001 8043 -15770
2002 8049 -15810
2003 8035 -15686
2004 8047 -15634
2005 8235 -15762
2006 8135 -15770
2007 8081 -15490
2008 8111 -15566
2009 8141 -15718
2010 8167 -15658
2011 8199 -15706
2012 8137 -15546
2013 8197 -15658
2014 8223 -15666
2015 8123 -15458
2016 8079 -15414
2017 8037 -15330
2018 8117 -15606
2019 8107 -15610
2020 8023 -15398
2021 7947 -15426
2022 7931 -15314
2023 7943 -15422
2024 8053 -15470
2025 7935 -15478
2026 7909 -15350
2027 8013 -15662
2028 8011 -15622
2029 8047 -15566
2030 8079 -15610
2031 8131 -15626
2032 8031 -15562
2033 8075 -15514
2034 8203 -15806
2035 8251 -15962
2036 8307 -16086
2037 8191 -15702
2038 8245 -15974
2039 8297 -15934
2040 8265 -15798
2041 8213 -15754
2042 8141 -15842
2043 8105 -15570
2044 8099 -15718
2045 8189 -15910
2046 8177 -15974
2047 8127 -15954
2048 8057 -15726
2049 8145 -16066
2050 8129 -15742
2051 8111 -15814
2052 8101 -15718
2053 8121 -15738
2054 8223 -15778
2055 8139 -15714
2056 8227 -15950
2057 8339 -16070
2058 8321 -16142
2059 8297 -16202
2060 8259 -16010
2061 8271 -15826
2062 8339 -16006
2063 8337 -15882
2064 8269 -15766
2065 8299 -15850
2066 8195 -15762
2067 8139 -15514
2068 8143 -15630
2069 8091 -15446
2070 8219 -15846
2071 8089 -15426
2072 8207 -15878
2073 8137 -15794
2074 8227 -16006
2075 8179 -15854
2076 8147 -15726
2077 8179 -15970
2078 8207 -15914
2079 7971 -15450
2080 7963 -15486
2081 7965 -15482
2082 8015 -15494
2083 8139 -15810
2084 7985 -15446
2085 7993 -15582
2086 7927 -15470
2087 8049 -15586
2088 7957 -15406
2089 7961 -15534
2090 8023 -15630
2091 7997 -15590
2092 8015 -15318
2093 8079 -15534
2094 8083 -15522
2095 8091 -15506
2096 8089 -15742
2097 8067 -15626
2098 7981 -15306
2099 8187 -15562
2100 8175 -15758
2101 8125 -15606
2102 8161 -15722
2103 8049 -15450
2104 8147 -15722
2105 8229 -15686
2106 8271 -15758
2107 8277 -15698
2108 8335 -15754
2109 8331 -15966
2110 8289 -15714
2111 8409 -15918
2112 8383 -15954
2113 8295 -15782
2114 8199 -15674
2115 8221 -15822
2116 8277 -15826
2117 8313 -15962
2118 8303 -15982
2119 8267 -15934
2120 8261 -15946
2121 8241 -15826
2122 8311 -15866
2123 8339 -16106
2124 8281 -15974
2125 8297 -15950
2126 8401 -16038
2127 8271 -15774
2128 8139 -15630
2129 8125 -15622
2130 8059 -15730
2131 8223 -15938
2132 8261 -16026
2133 8105 -15598
2134 8105 -15702
2135 7933 -15446
2136 7873 -15250
2137 7957 -15538
2138 7959 -15522
2139 7911 -15470
2140 7787 -15238
2141 7761 -15190
2142 7729 -15198
2143 7797 -15142
2144 7835 -15150
2145 7815 -15230
2146 7919 -15474
2147 7919 -15498
2148 8061 -15890
2149 7963 -15566
2150 8037 -15694
2151 8101 -15910
2152 8087 -15734
2153 8019 -15590
2154 7981 -15418
2155 8055 -15570
2156 8059 -15514
2157 7917 -15262
2158 8029 -15494
2159 7965 -15422
2160 8019 -15666
2161 8053 -15786
2162 8065 -15754
2163 8053 -15714
2164 7959 -15578
2165 7997 -15642
2166 7979 -15822
2167 8031 -15962
2168 8089 -15726
2169 8101 -15586
2170 8205 -15986
2171 8159 -15934
2172 8115 -15722
2173 8209 -15814
2174 8145 -15806
2175 8133 -15674
2176 8111 -15850
2177 8083 -15714
2178 8059 -15674
2179 8035 -15718
2180 8055 -15518
2181 8037 -15518
2182 8155 -15790
2183 8065 -15642
2184 7971 -15454
2185 8099 -15782
2186 8147 -15966
2187 8129 -15790
2188 8069 -15714
2189 7921 -15438
2190 7939 -15410
2191 7975 -15478
2192 8073 -15766
2193 8125 -15746
2194 8053 -15638
2195 8049 -15690
2196 7955 -15414
2197 8059 -15638
2198 8113 -15758
2199 8115 -15530
2200 8047 -15598
2201 7987 -15566
2202 7917 -15422
2203 7929 -15542
2204 7979 -15666
2205 8061 -15622
2206 8063 -15750
2207 7989 -15666
2208 8039 -15974
2209 7949 -15726
2210 7985 -15742
2211 8001 -15790
2212 8067 -15894
2213 8135 -15970
2214 8137 -15798
2215 8179 -15950
2216 8093 -15810
2217 8137 -15858
2218 8113 -15698
2219 8141 -15626
2220 8225 -15874
2221 8205 -15934
2222 8293 -15946
2223 8387 -16150
2224 8439 -16094
2225 8427 -16066
2226 8391 -15970
2227 8425 -16170
2228 8337 -15918
2229 8197 -15754
2230 8179 -15550
2231 8113 -15542
2232 7995 -15534
2233 8043 -15410
2234 8177 -15622
2235 8155 -15574
2236 8071 -15630
2237 8105 -15654
2238 8083 -15682
2239 8167 -15778
2240 8165 -15726
2241 8135 -15954
2242 8033 -15658
2243 8031 -15818
2244 7957 -15730
2245 7959 -15750
2246 8039 -15822
2247 8047 -15850
2248 8121 -15982
2249 8093 -15890
2250 8201 -16038
2251 8167 -15774
2252 8177 -15682
2253 8149 -15642
2254 8185 -15918
2255 8067 -15706
2256 8083 -15742
2257 8091 -15818
2258 8093 -15642
2259 8099 -15842
2260 8065 -15834
2261 7999 -15702
2262 7947 -15606
2263 7975 -15438
2264 7831 -15330
2265 7855 -15318
2266 7923 -15490
2267 8019 -15726
2268 7959 -15598
2269 7917 -15534
2270 7847 -15402
2271 7843 -15494
2272 7881 -15670
2273 7897 -15734
2274 7943 -15818
2275 7915 -15710
2276 7879 -15758
2277 7887 -15614
2278 8013 -15810
2279 7999 -15762
2280 8061 -15838
2281 8155 -15990
2282 8131 -15982
2283 8189 -15970
2284 8035 -15510
2285 8023 -15598
2286 8109 -15630
2287 8115 -15566
2288 8255 -15830
2289 8295 -15722
2290 8261 -15854
2291 8285 -16018
2292 8279 -16042
2293 8269 -15786
2294 8151 -15678
2295 7989 -15438
2296 8025 -15834
2297 8065 -15762
2298 8189 -15970
2299 8153 -15970
2300 8009 -15594
2301 8031 -15810
2302 8109 -15898
2303 7997 -15754
2304 7979 -15730
2305 8013 -15662
2306 8065 -15746
2307 8031 -15714
2308 8007 -15954
2309 8049 -16030
2310 7905 -15790
2311 7777 -15690
2312 7813 -15650
2313 7767 -15654
2314 7917 -16002
2315 7961 -15826
2316 7957 -15722
2317 7893 -15678
2318 7865 -15562
2319 7851 -15746
2320 7937 -15846
2321 7937 -15882
2322 8023 -15814
2323 7921 -15774
2324 7875 -15666
2325 7939 -15782
2326 7879 -15718
2327 7885 -15762
2328 7839 -15626
2329 7893 -15726
2330 7897 -15642
2331 7991 -15818
2332 8017 -15870
2333 8043 -15834
2334 8065 -15766
2335 8041 -15794
2336 7923 -15542
2337 7841 -15418
2338 7875 -15486
2339 7893 -15634
2340 7901 -15550
2341 7959 -15662
2342 7833 -15434
2343 7907 -15410
2344 7929 -15418
2345 8021 -15546
2346 7949 -15570
2347 7899 -15802
2348 7767 -15494
2349 7763 -15514
2350 7821 -15578
2351 7675 -15258
2352 7727 -15274
2353 7695 -15118
2354 7897 -15658
2355 7997 -15806
2356 8049 -15910
2357 8015 -15826
2358 8015 -15942
2359 8061 -16002
2360 8123 -15906
2361 8201 -16146
2362 8141 -15986
2363 8195 -16014
2364 8165 -15978
2365 8101 -15818
2366 8047 -15746
2367 7961 -15678
2368 7937 -15598
2369 7949 -15690
2370 8011 -15882
2371 8103 -15898
2372 7985 -15746
2373 7887 -15506
2374 7909 -15598
2375 7913 -15538
2376 7935 -15642
2377 7947 -15578
2378 8023 -15802
2379 7907 -15474
2380 7861 -15462
2381 7719 -15378
2382 7717 -15318
2383 7773 -15386
2384 7859 -15386
2385 7937 -15622
2386 7981 -15726
2387 7917 -15542
2388 7899 -15366
2389 8007 -15630
2390 7969 -15662
2391 7917 -15582
2392 8049 -15866
2393 8111 -15770
2394 8131 -15938
2395 8067 -15750
2396 8113 -15954
2397 7955 -15782
2398 8035 -15818
2399 8041 -15786
2400 8177 -15794
2401 8197 -15698
2402 8259 -15950
2403 8107 -15546
2404 8163 -15646
2405 8199 -15862
2406 8205 -15786
2407 8179 -15702
2408 8211 -15838
2409 8339 -16162
2410 8281 -16106
2411 8247 -16114
2412 8285 -16054
2413 8085 -15682
2414 8107 -15758
2415 8291 -16078
2416 8337 -16114
2417 8297 -15858
2418 8205 -15834
2419 8255 -15842
2420 8237 -15598
2421 8283 -15734
2422 8289 -15754
2423 8429 -16170
2424 8335 -15922
2425 8351 -15982
2426 8453 -16166
2427 8425 -16002
2428 8407 -15858
2429 8319 -15618
2430 8301 -15834
2431 8417 -15966
2432 8325 -15866
2433 8249 -16006
2434 8345 -16158
2435 8365 -16170
2436 8353 -16086
2437 8289 -15962
2438 8153 -15686
2439 8237 -15770
2440 8247 -15954
2441 8175 -15858
2442 8155 -15834
2443 8123 -15858
2444 7989 -15614
2445 8051 -15718
2446 8101 -15750
2447 8047 -15598
2448 8031 -15746
2449 8033 -15814
2450 7955 -15826
2451 7861 -15630
2452 7867 -15470
2453 7913 -15694
2454 7951 -15658
2455 8189 -16162
2456 8179 -16086
2457 8081 -16034
2458 8101 -15938
2459 8141 -16014
2460 8089 -16042
2461 7941 -15970
2462 7915 -15958
2463 7813 -15642
2464 7777 -15430
2465 7817 -15410
2466 7793 -15262
2467 7821 -15406
2468 7847 -15466
2469 7875 -15394
2470 7831 -15438
2471 7847 -15490
2472 7777 -15490
2473 7837 -15606
2474 7773 -15598
2475 7869 -15654
2476 7959 -15526
2477 8041 -15578
2478 8101 -15774
2479 8101 -15854
2480 8163 -15750
2481 8077 -15686
2482 8243 -15862
2483 8213 -15870
2484 8281 -15910
2485 8277 -15826
2486 8293 -15826
2487 8321 -15878
2488 8173 -15682
2489 8089 -15502
2490 8111 -15414
2491 8121 -15518
2492 8225 -15698
2493 8265 -15754
2494 8275 -15726
2495 8253 -15690
2496 8203 -15742
2497 8231 -15858
2498 8095 -15710
2499 8103 -15698
2500 8147 -15702
2501 8187 -15774
2502 8139 -15602
2503 8095 -15734
2504 8241 -15954
2505 8241 -15834
2506 8165 -15694
2507 8239 -15786
2508 8171 -15634
2509 8269 -16062
2510 8211 -15986
2511 8205 -15834
2512 8235 -15838
2513 8121 -15822
2514 8063 -15610
2515 7937 -15510
2516 7939 -15510
2517 7931 -15602
2518 7883 -15390
2519 8039 -15558
2520 8081 -15594
2521 8073 -15458
2522 8203 -15686
2523 8265 -15854
2524 8107 -15642
2525 8143 -15754
2526 8191 -15774
2527 8021 -15502
2528 8075 -15618
2529 8113 -15722
2530 8243 -15858
2531 8217 -15886
2532 8171 -15774
2533 8283 -16002
2534 8271 -15862
2535 8285 -15878
2536 8311 -15806
2537 8383 -16042
2538 8317 -16102
2539 8259 -15922
2540 8213 -15758
2541 8177 -15674
2542 8169 -15814
2543 8071 -15714
2544 8123 -15822
2545 8189 -15874
2546 8117 -15750
2547 8043 -15614
2548 7967 -15462
2549 7993 -15574
2550 8017 -15494
2551 7975 -15426
2552 7987 -15538
2553 7919 -15538
2554 7961 -15506
2555 8011 -15710
2556 7875 -15690
2557 7885 -15482
2558 7879 -15742
2559 7843 -15626
2560 7765 -15550
2561 7703 -15446
2562 7717 -15402
2563 7703 -15394
2564 7747 -15418
2565 7745 -15386
2566 7835 -15334
2567 7835 -15414
2568 7701 -15366
2569 7657 -15190
2570 7547 -14966
2571 7675 -15338
2572 7591 -15170
2573 7563 -15190
2574 7753 -15418
2575 7783 -15422
2576 7911 -15638
2577 7981 -15702
2578 7865 -15670
2579 7787 -15462
2580 7819 -15502
2581 7907 -15550
2582 7945 -15638
2583 7969 -15546
2584 8047 -15722
2585 8039 -15790
2586 7933 -15454
2587 7961 -15402
2588 8033 -15454
2589 7863 -15274
2590 7823 -15218
2591 7917 -15430
2592 7887 -15514
2593 7845 -15502
2594 7869 -15554
2595 7731 -15330
2596 7695 -15222
2597 7731 -15282
2598 7805 -15434
2599 7797 -15618
2600 7683 -15542
2601 7779 -15854
2602 7785 -15598
2603 7741 -15582
2604 7789 -15726
2605 7933 -15798
2606 7925 -15718
2607 8019 -15886
2608 8075 -15898
2609 8027 -15718
2610 7959 -15498
2611 7845 -15374
2612 7803 -15402
2613 7911 -15474
2614 7903 -15486
2615 8087 -15782
2616 8045 -15722
2617 8007 -15674
2618 8055 -15598
2619 7929 -15442
2620 8009 -15770
2621 8083 -15962
2622 8143 -16086
2623 8165 -16062
2624 8071 -15790
2625 8019 -15910
2626 8073 -15886
2627 8033 -15746
2628 7897 -15662
2629 7917 -15746
2630 7871 -15690
2631 7843 -15790
2632 7821 -15730
2633 7865 -15574
2634 8061 -15650
2635 8117 -15830
2636 8111 -15654
2637 8051 -15638
2638 8065 -15762
2639 8025 -15518
2640 8003 -15574
2641 8163 -15850
2642 8187 -15950
2643 8237 -15954
2644 8279 -16050
2645 8201 -16018
2646 8249 -15938
2647 8291 -16174
2648 8273 -15938
2649 8257 -15886
2650 8395 -16062
2651 8303 -16150
2652 8245 -15930
2653 8185 -15870
2654 8017 -15478
2655 8067 -15706
2656 8149 -15878
2657 8175 -15782
2658 8257 -15926
2659 8151 -15698
2660 8123 -15790
2661 8217 -15990
2662 8205 -16018
2663 8097 -15898
2664 8015 -15690
2665 8055 -15754
2666 8059 -15694
2667 8173 -15806
2668 8105 -15806
2669 8077 -15586
2670 7931 -15502
2671 7885 -15422
2672 7961 -15442
2673 7909 -15410
2674 8091 -15746
2675 8023 -15618
2676 8003 -15630
2677 7971 -15550
2678 7947 -15450
2679 7985 -15706
2680 8001 -15682
2681 7977 -15730
2682 7989 -15738
2683 8113 -16158
2684 8073 -16006
2685 7871 -15710
2686 7903 -15646
2687 7991 -15750
2688 7871 -15654
2689 7849 -15610
2690 8033 -15870
2691 7981 -15830
2692 8011 -15802
2693 7949 -15438
2694 7911 -15478
2695 8037 -15538
2696 8035 -15534
2697 8069 -15558
2698 7905 -15290
2699 7971 -15522
2700 8055 -15762
2701 8097 -15790
2702 8169 -15854
2703 8145 -15782
2704 8047 -15402
2705 8171 -15622
2706 8135 -15594
2707 8189 -15774
2708 8323 -16026
2709 8269 -15786
2710 8273 -15782
2711 8275 -15798
2712 8365 -15970
2713 8331 -15914
2714 8367 -16062
2715 8429 -16126
2716 8451 -16222
2717 8403 -16094
2718 8391 -16302
2719 8427 -16318
2720 8455 -16134
2721 8445 -16122
2722 8309 -15870
2723 8431 -16078
2724 8449 -16238
2725 8319 -16022
2726 8243 -15658
2727 8287 -15854
2728 8197 -15702
2729 8197 -15670
2730 8129 -15714
2731 8149 -15738
2732 8059 -15646
2733 7999 -15530
2734 8033 -15546
2735 8137 -15814
2736 8165 -15878
2737 8175 -15930
2738 8167 -16030
2739 8107 -16010
2740 8029 -15742
2741 8045 -15698
2742 8105 -15802
2743 8173 -15902
2744 8123 -15866
2745 8143 -15890
2746 8169 -16118
2747 8027 -16026
2748 8033 -15982
2749 7989 -15750
2750 8011 -15958
2751 7925 -15762
2752 7951 -15738
2753 7821 -15474
2754 7807 -15294
2755 7741 -15214
2756 7883 -15694
2757 7875 -15782
2758 7925 -15774
2759 7799 -15410
2760 7861 -15430
2761 7967 -15674
2762 7957 -15562
2763 7965 -15794
2764 7961 -15850
2765 7897 -15678
2766 7827 -15554
2767 7787 -15450
2768 7637 -15058
2769 7683 -15438
2770 7695 -15698
2771 7729 -15782
2772 7773 -15830
2773 7817 -15886
2774 7571 -15374
2775 7553 -15374
2776 7459 -15062
2777 7579 -15330
2778 7549 -15422
2779 7567 -15478
2780 7587 -15522
2781 7559 -15510
2782 7633 -15614
2783 7685 -15550
2784 7699 -15558
2785 7689 -15474
2786 7425 -15270
2787 7449 -15146
2788 7447 -15250
2789 7477 -15258
2790 7407 -15254
2791 7399 -15174
2792 7355 -15142
2793 7381 -15202
2794 7349 -15054
2795 7437 -15178
2796 7447 -15314
2797 7471 -15106
2798 7623 -15210
2799 7577 -15238
2800 7741 -15594
2801 7611 -15546
2802 7415 -15214
2803 7333 -15090
2804 7263 -15102
2805 7145 -15010
2806 7193 -15090
2807 7217 -15006
2808 7243 -15014
2809 7375 -15046
2810 7555 -15198
2811 7591 -15178
2812 7585 -15270
2813 7709 -15406
2814 7843 -15638
2815 7897 -15638
2816 7943 -15634
2817 7909 -15578
2818 7917 -15470
2819 7919 -15774
2820 7905 -15682
2821 7901 -15862
2822 7813 -15702
2823 7877 -15710
2824 7745 -15506
2825 7777 -15514
2826 7827 -15626
2827 7611 -15346
2828 7745 -15706
2829 7721 -15662
2830 7701 -15566
2831 7637 -15402
2832 7579 -15466
2833 7545 -15586
2834 7663 -15890
2835 7601 -15694
2836 7579 -15438
2837 7443 -15314
2838 7363 -15270
2839 7475 -15558
2840 7461 -15406
2841 7543 -15506
2842 7591 -15534
2843 7627 -15674
2844 7655 -15806
2845 7771 -15762
2846 7709 -15606
2847 7715 -15718
2848 7691 -15590
2849 7661 -15518
2850 7579 -15482
2851 7553 -15342
2852 7577 -15546
2853 7685 -15622
2854 7531 -15406
2855 7603 -15442
2856 7697 -15390
2857 7657 -15346
2858 7695 -15442
2859 7641 -15294
2860 7611 -15382
2861 7605 -15358
2862 7633 -15418
2863 7681 -15434
2864 7651 -15302
2865 7599 -15178
2866 7655 -15378
2867 7769 -15590
2868 7769 -15546
2869 7679 -15290
2870 7681 -15286
2871 7653 -15250
2872 7597 -15054
2873 7763 -15458
2874 7783 -15378
2875 7813 -15438
2876 7703 -15410
2877 7669 -15274
2878 7763 -15518
2879 7819 -15506
2880 7927 -15698
2881 7951 -15718
2882 7837 -15726
2883 7793 -15790
2884 7835 -15754
2885 7801 -15658
2886 7753 -15630
2887 7789 -15598
2888 7757 -15354
2889 7677 -15314
2890 7561 -15258
2891 7473 -15122
2892 7575 -15310
2893 7687 -15550
2894 7735 -15818
2895 7733 -15810
2896 7757 -15686
2897 7709 -15754
2898 7697 -15722
2899 7727 -15754
2900 7747 -15754
2901 7721 -15702
2902 7661 -15474
2903 7741 -15510
2904 7693 -15498
2905 7701 -15682
2906 7743 -15806
2907 7739 -15778
2908 7675 -15578
2909 7823 -15870
2910 7753 -15786
2911 7769 -15670
2912 7865 -15854
2913 7837 -15758
2914 7711 -15542
2915 7719 -15554
2916 7693 -15430
2917 7853 -15742
2918 7859 -15854
2919 7989 -15954
2920 8021 -15910
2921 8115 -16030
2922 8065 -16082
2923 8085 -16074
2924 8035 -16082
2925 7969 -15990
2926 8047 -16018
2927 8071 -16190
2928 8063 -16202
2929 7991 -16166
2930 7905 -16038
2931 7865 -15922
2932 7879 -15818
2933 7897 -15722
2934 7843 -15818
2935 7805 -15650
2936 7979 -16074
2937 8039 -15982
2938 8139 -16006
2939 8123 -16234
2940 8097 -16074
2941 8059 -15994
2942 8077 -15938
2943 8083 -15938
2944 8085 -15878
2945 8111 -15786
2946 8073 -15858
2947 8085 -15882
2948 8123 -15898
2949 8049 -15634
2950 8047 -15722
2951 8039 -15914
2952 8159 -16126
2953 8155 -16082
2954 8167 -16250
2955 8179 -16390
2956 8005 -15886
2957 7941 -15858
2958 7927 -15586
2959 7997 -15646
2960 8057 -16050
2961 8077 -16182
2962 7997 -15930
2963 8099 -16050
2964 8091 -16214
2965 8221 -16298
2966 8271 -16514
2967 8173 -16310
2968 8019 -15974
2969 7939 -15938
2970 7879 -15758
2971 7813 -15622
2972 7895 -15918
2973 7927 -15834
2974 7921 -15786
2975 7891 -15818
2976 7779 -15566
2977 7833 -15810
2978 7685 -15494
2979 7753 -15594
2980 7837 -15818
2981 7803 -15654
2982 7811 -15490
2983 7893 -15774
2984 7863 -15706
2985 7845 -15662
2986 7751 -15522
2987 7795 -15442
2988 7935 -15874
2989 7841 -15966
2990 7771 -15650
2991 7817 -15578
2992 7763 -15610
2993 7891 -15822
2994 7881 -15890
2995 7817 -15782
2996 7705 -15650
2997 7771 -15786
2998 7797 -15730
2999 7621 -15678
3000 7609 -15826
3001 7585 -15634
3002 7525 -15510
3003 7581 -15622
3004 7613 -15554
3005 7619 -15510
3006 7695 -15818
3007 7739 -15742
3008 7605 -15470
3009 7517 -15354
3010 7645 -15710
3011 7763 -15794
3012 7701 -15630
3013 7529 -15690
3014 7479 -15622
3015 7593 -15566
3016 7643 -15542
3017 7595 -15570
3018 7553 -15450
3019 7545 -15414
3020 7431 -15366
3021 7415 -15246
3022 7483 -15398
3023 7299 -15026
3024 7045 -14686
3025 7229 -15030
3026 7349 -15138
3027 7497 -15218
3028 7489 -15510
3029 7485 -15622
3030 7451 -15502
3031 7613 -15758
3032 7441 -15542
3033 7491 -15574
3034 7519 -15510
3035 7361 -15246
3036 7463 -15402
3037 7443 -15290
3038 7513 -15498
3039 7429 -15378
3040 7499 -15678
3041 7431 -15358
3042 7477 -15454
3043 7567 -15538
3044 7645 -15550
3045 7655 -15566
3046 7671 -15658
3047 7445 -15222
3048 7375 -15106
3049 7371 -15054
3050 7381 -15174
3051 7467 -15466
3052 7567 -15666
3053 7623 -15846
3054 7425 -15642
3055 7239 -15486
3056 7217 -15298
3057 7277 -15410
3058 7239 -15318
3059 7147 -15434
3060 7109 -15378
3061 7147 -15498
3062 7109 -15394
3063 7029 -15034
3064 6957 -14974
3065 6957 -14870
3066 6967 -15018
3067 7075 -15102
3068 7013 -15106
3069 7157 -15226
3070 7145 -15270
3071 7167 -15354
3072 7083 -15278
3073 7241 -15402
3074 7309 -15502
3075 7255 -15234
3076 7211 -15290
3077 7307 -15414
3078 7357 -15474
3079 7409 -15570
3080 7403 -15426
3081 7351 -15290
3082 7407 -15430
3083 7361 -15386
3084 7447 -15566
3085 7435 -15518
3086 7345 -15366
3087 7413 -15414
3088 7365 -15298
3089 7489 -15474
3090 7479 -15590
3091 7379 -15274
3092 7455 -15362
3093 7483 -15210
3094 7469 -15382
3095 7529 -15490
3096 7467 -15270
3097 7441 -15330
3098 7475 -15382
3099 7565 -15482
3100 7587 -15406
3101 7621 -15378
3102 7607 -15250
3103 7767 -15538
3104 7749 -15646
3105 7919 -15738
3106 7859 -15694
3107 7843 -15762
3108 7945 -15794
3109 7963 -15770
3110 7989 -15862
3111 7995 -15766
3112 8039 -15870
3113 8033 -15958
3114 8103 -15970
3115 8013 -15686
3116 8041 -15854
3117 8005 -15902
3118 8083 -15922
3119 8093 -15902
3120 8065 -15874
3121 8061 -15934
3122 8095 -15814
3123 8117 -15842
3124 8241 -15986
3125 8131 -15938
3126 8131 -16062
3127 8119 -16102
3128 8153 -15966
3129 8159 -16062
3130 8203 -16010
3131 8133 -15806
3132 8211 -15914
3133 8277 -16038
3134 8215 -15974
3135 8407 -16274
3136 8355 -16190
3137 8441 -16394
3138 8365 -16278
3139 8409 -16226
3140 8389 -16146
3141 8197 -15918
3142 8241 -15798
3143 8235 -15918
3144 8301 -16078
3145 8273 -16150
3146 8193 -15962
3147 8139 -15942
3148 8209 -16106
3149 8341 -16210
3150 8263 -15978
3151 8321 -15942
3152 8251 -15878
3153 8195 -15866
3154 8293 -16086
3155 8257 -15958
3156 8193 -15810
3157 8237 -15902
3158 8289 -15994
3159 8191 -15926
3160 8243 -15862
3161 8171 -15738
3162 8235 -15758
3163 8245 -15666
3164 8189 -15690
3165 8143 -15738
3166 8141 -15638
3167 8219 -15802
3168 8231 -15834
3169 8211 -15926
3170 8281 -15862
3171 8283 -15990
3172 8367 -16066
3173 8235 -15950
3174 8207 -15814
3175 8085 -15622
3176 8083 -15662
3177 7989 -15406
3178 8091 -15626
3179 8109 -15626
3180 8107 -15878
3181 8011 -15774
3182 8001 -15642
3183 7963 -15582
3184 7979 -15714
3185 7981 -15642
3186 7935 -15538
3187 8009 -15482
3188 8057 -15502
3189 8057 -15418
3190 8277 -15758
3191 8157 -15526
3192 8227 -15846
3193 8243 -15850
3194 8139 -15726
3195 8145 -15674
3196 8255 -15882
3197 8251 -15918
3198 8289 -15926
3199 8459 -16170
3200 8417 -16102
3201 8503 -16282
3202 8479 -16262
3203 8479 -16022
3204 8437 -15978
3205 8425 -16022
3206 8341 -16058
3207 8441 -16274
3208 8497 -16290
3209 8437 -16110
3210 8257 -15710
3211 8273 -15674
3212 8353 -15802
3213 8241 -15754
3214 8347 -16034
3215 8455 -16274
3216 8369 -16006
3217 8265 -15966
3218 8257 -16002
3219 8327 -15962
3220 8341 -16094
3221 8253 -16054
3222 8129 -15766
3223 8083 -15682
3224 8135 -15906
3225 8177 -16042
3226 8065 -15706
3227 8061 -15730
3228 8079 -15850
3229 8181 -16094
3230 8183 -15822
3231 8299 -16262
3232 8321 -16362
3233 8387 -16330
3234 8353 -16198
3235 8343 -16178
3236 8359 -16078
3237 8323 -15950
3238 8249 -16098
3239 8213 -15874
3240 8115 -15850
3241 7925 -15574
3242 7847 -15438
3243 7855 -15462
3244 7939 -15398
3245 7929 -15490
3246 7959 -15526
3247 7901 -15374
3248 7939 -15502
3249 7985 -15554
3250 8009 -15690
3251 7977 -15574
3252 7969 -15638
3253 7967 -15554
3254 8011 -15618
3255 7995 -15538
3256 8097 -15794
3257 8183 -15802
3258 8183 -15866
3259 8085 -15646
3260 8059 -15646
3261 8165 -15734
3262 8075 -15666
3263 8123 -15674
3264 8147 -15610
3265 8077 -15634
3266 8049 -15438
3267 8021 -15286
3268 8125 -15766
3269 8147 -15878
3270 8071 -15702
3271 8013 -15594
3272 8005 -15586
3273 7991 -15610
3274 8021 -15586
3275 8197 -15994
3276 8061 -15790
3277 8103 -15746
3278 8155 -15886
3279 8083 -15626
3280 8071 -15682
3281 7945 -15506
3282 7881 -15254
3283 7875 -15338
3284 8163 -15826
3285 8165 -15650
3286 8167 -15762
3287 8051 -15606
3288 8081 -15594
3289 8063 -15638
3290 8075 -15686
3291 8069 -15658
3292 8129 -15810
3293 8067 -15674
3294 8149 -15722
3295 8185 -15850
3296 8081 -15810
3297 8135 -15814
3298 8013 -15514
3299 8083 -15518
3300 8181 -15794
3301 8271 -15830
3302 8303 -15918
3303 8323 -16114
3304 8423 -16218
3305 8277 -16062
3306 8167 -15926
3307 8109 -15794
3308 8041 -15570
3309 8053 -15626
3310 8059 -15622
3311 8069 -15546
3312 8099 -15602
3313 8095 -15470
3314 7933 -15270
3315 7977 -15426
3316 7923 -15354
3317 7767 -15158
3318 7695 -15206
3319 7761 -15310
3320 7813 -15366
3321 7911 -15370
3322 7997 -15562
3323 8063 -15694
3324 8081 -15562
3325 7991 -15418
3326 7867 -15138
3327 7979 -15618
3328 7913 -15378
3329 7813 -15218
3330 7779 -15026
3331 7751 -15114
3332 7801 -15258
3333 7749 -15226
3334 7747 -15166
3335 7763 -15302
3336 7735 -15210
3337 7753 -15338
3338 7847 -15434
3339 7831 -15470
3340 7791 -15530
3341 7821 -15598
3342 7635 -15314
3343 7679 -15182
3344 7679 -15254
3345 7777 -15406
3346 7917 -15550
3347 8045 -15618
3348 7935 -15374
3349 7831 -15386
3350 7893 -15442
3351 7915 -15470
3352 8041 -15622
3353 8053 -15702
3354 8067 -15654
3355 8043 -15634
3356 8061 -15618
3357 8119 -15806
3358 8153 -15946
3359 8141 -15686
3360 8109 -15774
3361 8049 -15694
3362 8045 -15538
3363 8099 -15638
3364 8165 -15730
3365 8033 -15530
3366 8025 -15522
3367 8043 -15406
3368 8003 -15450
3369 7991 -15314
3370 8059 -15426
3371 8055 -15634
3372 8105 -15662
3373 8005 -15502
3374 7969 -15454
3375 7967 -15390
3376 7963 -15522
3377 8053 -15398
3378 8255 -15826
3379 8221 -15758
3380 8215 -15626
3381 8133 -15614
3382 8217 -15694
3383 8195 -15838
3384 8111 -15614
3385 8225 -15714
3386 8273 -15754
3387 8237 -15694
3388 8423 -15878
3389 8489 -15994
3390 8503 -16246
3391 8441 -16070
3392 8325 -15766
3393 8367 -15822
3394 8341 -15802
3395 8409 -16066
3396 8321 -15862
3397 8271 -15586
3398 8299 -15778
3399 8205 -15542
3400 8257 -15670
3401 8261 -15806
3402 8289 -15806
3403 8429 -16018
3404 8435 -16150
3405 8547 -16262
3406 8401 -16110
3407 8411 -16238
3408 8363 -16134
3409 8377 -16146
3410 8427 -16182
3411 8341 -16134
3412 8357 -16122
3413 8339 -15970
3414 8321 -15870
3415 8205 -15794
3416 8241 -15926
3417 8225 -15910
3418 8091 -15830
3419 7995 -15610
3420 7961 -15598
3421 8025 -15562
3422 7977 -15566
3423 8049 -15598
3424 8143 -15870
3425 8207 -15822
3426 8199 -15806
3427 8241 -15970
3428 8379 -16190
3429 8421 -16210
3430 8397 -16066
3431 8389 -16042
3432 8301 -15786
3433 8321 -15782
3434 8337 -16026
3435 8431 -16242
3436 8289 -15910
3437 8355 -16022
3438 8349 -16154
3439 8323 -16190
3440 8239 -15974
3441 8203 -15990
3442 8163 -15890
3443 8175 -15762
3444 8129 -15754
3445 8089 -15822
3446 8043 -15814
3447 7993 -15846
3448 8083 -15958
3449 8091 -15998
3450 8039 -15874
3451 8111 -15878
3452 8121 -15902
3453 8131 -15850
3454 8095 -15710
3455 8167 -15638
3456 8087 -15650
3457 8093 -15602
3458 8063 -15598
3459 8079 -15710
3460 8173 -15782
3461 8151 -15778
3462 8205 -15706
3463 8251 -15798
3464 8317 -16126
3465 8289 -16038
3466 8327 -15986
3467 8271 -15754
3468 8277 -15794
3469 8281 -15746
3470 8361 -16010
3471 8293 -15862
3472 8357 -15994
3473 8277 -16010
3474 8191 -15930
3475 8177 -15786
3476 8201 -15738
3477 8281 -15886
3478 8159 -15702
3479 8083 -15578
3480 8221 -15870
3481 8197 -15934
3482 8251 -15986
3483 8145 -15858
3484 8077 -15562
3485 8023 -15618
3486 7929 -15570
3487 7933 -15606
3488 8081 -15810
3489 8041 -15762
3490 8057 -15634
3491 8147 -15942
3492 8013 -15554
3493 8021 -15682
3494 8071 -15702
3495 8113 -15766
3496 8083 -15470
3497 8021 -15438
3498 8057 -15510
3499 8183 -15862
3500 8123 -15738
3501 8045 -15586
3502 7941 -15494
3503 8005 -15578
3504 8109 -15662
3505 8163 -15898
3506 8157 -15830
3507 8219 -15818
3508 8101 -15666
3509 8131 -15770
3510 8147 -15674
3511 8169 -15790
3512 8131 -15934
3513 8133 -15910
3514 8097 -15850
3515 8049 -15758
3516 8105 -15974
3517 8079 -15978
3518 8175 -15818
3519 8257 -15862
3520 8205 -15794
3521 8197 -15758
3522 8181 -15798
3523 8221 -15870
3524 8207 -15990
3525 8105 -15706
3526 8213 -15834
3527 8173 -15838
3528 8193 -15902
3529 8133 -15886
3530 8079 -15618
3531 8121 -15750
3532 8129 -15898
3533 8219 -15986
3534 8175 -15878
3535 8065 -15738
3536 8159 -15874
3537 8089 -15786
3538 8019 -15510
3539 7943 -15334
3540 8001 -15598
3541 8059 -15634
3542 8031 -15698
3543 8135 -15782
3544 7967 -15630
3545 7995 -15902
3546 7931 -15654
3547 7903 -15738
3548 8033 -15790
3549 8021 -15910
3550 7997 -15698
3551 8053 -15762
3552 8099 -15870
3553 8045 -15670
3554 8115 -15798
3555 8157 -15798
3556 8081 -15634
3557 8123 -15882
3558 8179 -15890
3559 8179 -15934
3560 8127 -15758
3561 8149 -15858
3562 8313 -16202
3563 8241 -16118
3564 8047 -15698
3565 8029 -15698
3566 8053 -15638
3567 8075 -15726
3568 8007 -15546
3569 7973 -15538
3570 7883 -15538
3571 7847 -15526
3572 7753 -15322
3573 7837 -15310
3574 7949 -15486
3575 7917 -15494
3576 7955 -15514
3577 7963 -15522
3578 7925 -15470
3579 7901 -15402
3580 7937 -15486
3581 7987 -15558
3582 8091 -15750
3583 8051 -15782
3584 7963 -15602
3585 7973 -15622
3586 7861 -15526
3587 7951 -15666
3588 7923 -15522
3589 7927 -15406
3590 7911 -15306
3591 8021 -15422
3592 7997 -15526
3593 7941 -15482
3594 7841 -15330
3595 7907 -15450
3596 7979 -15482
3597 8051 -15770
3598 7881 -15462
3599 7945 -15614
3600 7913 -15610
3601 7909 -15598
3602 7889 -15622
3603 8035 -15838
3604 7893 -15458
3605 8011 -15574
3606 7993 -15678
3607 7939 -15426
3608 7989 -15678
3609 7933 -15442
3610 8131 -15790
3611 8127 -15846
3612 8127 -15850
3613 8189 -15926
3614 8245 -15966
3615 8187 -15918
3616 8177 -15966
3617 8219 -16082
3618 8137 -15890
3619 8189 -16006
3620 8191 -15990
3621 8209 -16150
3622 8243 -16194
3623 8293 -16234
3624 8211 -16126
3625 8291 -16218
3626 8183 -16034
3627 8079 -15910
3628 7987 -15558
3629 8111 -15818
3630 8051 -15710
3631 8137 -16066
3632 8137 -15958
3633 7997 -15726
3634 7881 -15538
3635 7783 -15434
3636 8063 -15766
3637 8011 -15610
3638 7965 -15538
3639 7967 -15598
3640 7991 -15610
3641 7881 -15438
3642 7849 -15406
3643 7857 -15370
3644 7941 -15494
3645 8035 -15710
3646 8111 -15878
3647 8103 -15954
3648 8055 -15762
3649 8047 -15794
3650 8043 -15754
3651 8089 -15850
3652 8143 -16046
3653 8225 -15990
3654 8153 -15818
3655 8221 -16082
3656 8187 -16010
3657 8107 -15970
3658 8087 -15854
3659 8199 -15974
3660 8065 -15854
3661 7991 -15638
3662 8023 -15838
3663 8041 -15734
3664 7879 -15478
3665 7885 -15550
3666 7875 -15514
3667 7909 -15610
3668 7947 -15734
3669 7989 -15562
3670 8019 -15702
3671 8095 -15738
3672 8161 -15866
3673 8323 -16006
3674 8423 -16210
3675 8435 -16298
3676 8341 -16166
3677 8163 -15742
3678 8157 -15698
3679 8189 -15850
3680 8271 -15986
3681 8331 -16014
3682 8335 -15978
3683 8247 -15882
3684 8155 -15750
3685 8279 -15938
3686 8185 -15698
3687 8115 -15894
3688 8223 -16006
3689 8091 -15658
3690 8011 -15610
3691 8121 -15782
3692 8149 -15754
3693 8137 -15754
3694 8127 -15810
3695 8029 -15694
3696 7991 -15574
3697 8119 -15882
3698 8101 -15842
3699 8173 -15978
3700 8065 -15746
3701 8147 -15958
3702 8229 -15978
3703 8139 -15834
3704 8055 -15714
3705 8067 -15690
3706 8069 -15750
3707 8063 -15730
3708 7983 -15706
3709 7925 -15362
3710 7999 -15310
3711 8123 -15618
3712 8061 -15538
3713 8071 -15558
3714 8127 -15662
3715 8135 -15698
3716 8145 -15878
3717 8153 -15838
3718 8129 -15786
3719 8123 -15786
3720 8161 -15662
3721 8209 -15686
3722 8245 -15790
3723 8183 -15726
3724 8319 -15894
3725 8401 -15994
3726 8515 -16218
3727 8527 -16266
3728 8587 -16542
3729 8423 -16106
3730 8517 -16238
3731 8423 -16142
3732 8299 -15966
3733 8357 -16046
3734 8427 -16042
3735 8475 -16166
3736 8469 -16178
3737 8453 -16010
3738 8479 -16074
3739 8391 -15990
3740 8395 -16014
3741 8427 -15938
3742 8355 -16122
3743 8299 -15926
3744 8433 -16014
3745 8417 -16054
3746 8241 -15738
3747 8361 -16146
3748 8283 -15878
3749 8161 -15626
3750 8171 -15674
3751 8177 -15706
3752 8205 -15842
3753 8223 -15654
3754 8237 -15882
3755 8301 -15926
3756 8299 -15966
3757 8245 -15894
3758 8305 -15978
3759 8435 -16066
3760 8403 -16102
3761 8463 -16058
3762 8589 -16254
3763 8505 -16202
3764 8477 -15974
3765 8417 -15910
3766 8479 -15922
3767 8417 -15894
3768 8403 -15834
3769 8391 -16050
3770 8357 -16050
3771 8465 -16122
3772 8415 -15994
3773 8467 -15966
3774 8411 -16094
3775 8407 -15994
3776 8373 -16054
3777 8373 -16018
3778 8293 -15862
3779 8285 -15942
3780 8239 -15914
3781 8297 -15866
3782 8307 -15894
3783 8345 -15958
3784 8287 -15650
3785 8319 -15830
3786 8363 -15950
3787 8357 -16046
3788 8333 -16078
3789 8349 -16002
3790 8399 -15994
3791 8383 -15978
3792 8333 -15886
3793 8377 -16150
3794 8391 -15990
3795 8453 -16162
3796 8451 -16206
3797 8289 -15890
3798 8479 -16326
3799 8467 -16326
3800 8419 -16242
3801 8547 -16326
3802 8557 -16202
3803 8593 -16306
3804 8553 -16218
3805 8679 -16426
3806 8683 -16438
3807 8491 -16174
3808 8487 -16046
3809 8441 -15966
3810 8497 -16162
3811 8429 -16066
3812 8437 -16086
3813 8435 -16098
3814 8493 -16350
3815 8417 -16094
3816 8497 -16178
3817 8413 -15866
3818 8413 -15970
3819 8529 -16210
3820 8681 -16482
3821 8627 -16306
3822 8583 -16258
3823 8409 -16042
3824 8359 -15990
3825 8417 -15802
3826 8471 -16058
3827 8459 -16026
3828 8305 -15846
3829 8155 -15490
3830 8111 -15474
3831 8089 -15514
3832 8147 -15670
3833 8143 -15622
3834 8189 -15734
3835 8059 -15586
3836 8009 -15586
3837 8007 -15622
3838 8111 -15798
3839 8053 -15598
3840 8139 -15818
3841 8113 -15670
3842 8091 -15774
3843 8049 -15818
3844 8119 -15878
3845 8109 -15802
3846 8123 -15730
3847 8179 -15718
3848 8269 -15850
3849 8177 -15766
3850 8273 -15786
3851 8225 -15638
3852 8303 -15898
3853 8387 -16074
3854 8307 -15978
3855 8321 -16026
3856 8367 -16046
3857 8249 -15950
3858 8221 -15914
3859 8321 -16110
3860 8185 -15774
3861 8161 -15714
3862 8257 -15770
3863 8295 -15774
3864 8303 -15998
3865 8285 -15898
3866 8207 -15846
3867 8219 -15770
3868 8173 -15702
3869 8307 -15914
3870 8305 -15950
3871 8379 -16094
3872 8465 -16470
3873 8377 -16118
3874 8381 -15970
3875 8377 -15918
3876 8311 -15926
3877 8155 -15802
3878 8081 -15586
3879 8127 -15762
3880 8089 -15626
3881 8065 -15626
3882 8079 -15662
3883 8103 -15806
3884 8153 -15806
3885 8149 -15806
3886 8067 -15766
3887 8159 -15774
3888 8177 -15874
3889 8087 -15706
3890 8079 -15770
3891 8099 -15646
3892 8197 -15790
3893 8175 -15722
3894 8157 -15754
3895 8167 -15730
3896 8195 -15726
3897 8193 -15766
3898 8139 -15814
3899 7983 -15458
3900 7879 -15286
3901 7841 -15334
3902 8025 -15518
3903 8007 -15550
3904 7941 -15470
3905 7971 -15622
3906 7979 -15542
3907 8163 -15942
3908 8129 -15762
3909 8021 -15606
3910 7957 -15586
3911 7863 -15286
3912 7847 -15258
3913 7997 -15466
3914 8113 -15602
3915 8109 -15666
3916 8113 -15774
3917 8127 -15838
3918 7985 -15578
3919 8029 -15798
3920 8027 -15710
3921 7937 -15518
3922 7955 -15374
3923 8021 -15478
3924 7995 -15522
3925 8187 -15686
3926 8261 -15758
3927 8121 -15634
3928 8149 -15670
3929 8233 -15762
3930 8039 -15498
3931 8027 -15538
3932 8159 -15738
3933 8161 -15846
3934 8067 -15778
3935 8055 -15754
3936 8129 -16006
3937 8201 -15914
3938 8165 -15818
3939 8197 -16026
3940 8209 -16026
3941 8119 -15698
3942 8149 -15794
3943 8069 -15574
3944 7957 -15458
3945 7991 -15550
3946 8057 -15662
3947 8011 -15638
3948 8085 -15642
3949 8059 -15586
3950 8107 -15698
3951 8111 -15678
3952 8125 -15734
3953 8231 -15886
3954 8233 -15930
3955 8273 -15994
3956 8183 -15826
3957 8051 -15706
3958 8157 -15878
3959 8155 -15702
3960 8105 -15474
3961 8041 -15562
3962 7879 -15338
3963 7863 -15362
3964 7949 -15494
3965 7989 -15802
3966 7977 -15714
3967 8097 -15590
3968 8069 -15638
3969 8123 -15746
3970 8195 -15758
3971 8117 -15654
3972 8147 -15762
3973 8139 -15730
3974 8385 -16250
3975 8371 -16162
3976 8305 -16062
3977 8201 -15890
3978 8225 -15966
3979 8207 -16038
3980 8257 -15994
3981 8309 -15954
3982 8173 -15646
3983 8209 -15822
3984 8239 -15978
3985 8255 -15974
3986 8227 -15974
3987 8267 -15914
3988 8309 -15930
3989 8343 -16026
3990 8303 -15918
3991 8439 -16182
3992 8455 -16174
3993 8423 -16170
3994 8423 -16066
3995 8341 -15998
3996 8391 -16202
3997 8291 -16010
3998 8315 -15954
3999 8243 -15938
4000 8325 -16134
4001 8269 -16162
4002 8255 -15970
4003 8145 -15762
4004 8315 -16090
4005 8257 -15874
4006 8081 -15578
4007 8049 -15750
4008 7985 -15770
4009 7917 -15618
4010 7875 -15390
4011 7961 -15682
4012 7991 -15786
4013 7939 -15530
4014 8079 -15834
4015 7951 -15514
4016 8009 -15686
4017 7879 -15450
4018 7899 -15522
4019 8025 -15754
4020 8095 -15890
4021 8147 -15986
4022 8245 -16206
4023 8277 -16074
4024 8269 -16074
4025 8385 -16246
4026 8379 -16250
4027 8357 -16094
4028 8323 -16050
4029 8345 -15838
4030 8319 -15870
4031 8421 -16182
4032 8409 -16198
4033 8385 -16182
4034 8383 -16070
4035 8337 -15986
4036 8309 -15898
4037 8281 -15834
4038 8257 -15870
4039 8307 -15862
4040 8251 -15818
4041 8289 -15838
4042 8279 -15878
4043 8391 -15950
4044 8415 -16046
4045 8569 -16338
4046 8505 -16206
4047 8543 -16182
4048 8621 -16494
4049 8525 -16194
4050 8523 -16218
4051 8625 -16366
4052 8589 -16250
4053 8535 -16082
4054 8645 -16238
4055 8649 -16306
4056 8605 -16210
4057 8511 -16054
4058 8371 -15882
4059 8427 -16010
4060 8327 -15938
4061 8297 -15858
4062 8331 -15946
4063 8279 -15954
4064 8317 -15982
4065 8285 -15966
4066 8129 -15810
4067 8085 -15670
4068 8045 -15726
4069 8017 -15614
4070 8047 -15650
4071 7943 -15474
4072 8039 -15590
4073 8071 -15482
4074 8111 -15666
4075 8215 -15898
4076 8189 -15858
4077 8207 -15738
4078 8071 -15554
4079 8059 -15494
4080 8003 -15578
4081 7911 -15374
4082 7941 -15506
4083 8045 -15598
4084 8149 -15638
4085 8185 -15706
4086 8215 -15718
4087 8235 -15938
4088 8245 -15870
4089 8241 -15806
4090 8199 -15782
4091 8129 -15538
4092 8155 -15582
4093 8183 -15742
4094 8191 -15814
4095 8267 -15902
4096 8247 -15870
4097 8321 -15950
4098 8271 -15990
4099 8199 -15578
4100 8139 -15566
4101 8073 -15406
4102 8023 -15386
4103 8087 -15762
4104 8047 -15634
4105 8017 -15558
4106 8049 -15606
4107 8089 -15594
4108 8045 -15410
4109 8039 -15274
4110 7997 -15454
4111 8063 -15610
4112 8029 -15662
4113 8167 -15702
4114 8185 -15678
4115 8233 -15786
4116 8229 -15794
4117 8131 -15646
4118 7961 -15506
4119 7983 -15550
4120 7975 -15614
4121 8037 -15730
4122 7999 -15570
4123 7971 -15582
4124 7971 -15478
4125 7953 -15466
4126 8043 -15862
4127 8039 -15750
4128 8103 -15778
4129 7989 -15662
4130 8083 -15746
4131 7997 -15734
4132 8129 -16038
4133 8279 -16174
4134 8187 -16154
4135 8091 -15982
4136 8173 -16194
4137 8059 -15714
4138 8021 -15718
4139 8007 -15842
4140 7993 -15698
4141 8063 -15850
4142 8019 -15774
4143 8069 -15958
4144 8135 -16034
4145 8195 -15930
4146 8125 -15710
4147 8151 -15958
4148 8123 -15910
4149 8107 -15914
4150 8009 -15802
4151 7913 -15782
4152 7819 -15550
4153 7647 -15166
4154 7661 -15282
4155 7683 -15346
4156 7609 -15302
4157 7699 -15482
4158 7831 -15710
4159 7825 -15534
4160 7733 -15374
4161 7757 -15386
4162 7677 -15302
4163 7865 -15474
4164 7929 -15594
4165 7981 -15742
4166 8039 -15794
4167 8119 -15974
4168 8063 -15942
4169 8063 -15866
4170 7881 -15718
4171 7811 -15522
4172 7781 -15374
4173 7881 -15610
4174 7749 -15542
4175 7851 -15558
4176 7917 -15730
4177 7931 -15654
4178 8017 -15718
4179 8135 -15882
4180 8071 -15742
4181 8053 -15646
4182 8009 -15634
4183 7987 -15710
4184 7927 -15618
4185 8009 -15754
4186 7977 -15650
4187 7909 -15498
4188 7883 -15490
4189 7857 -15474
4190 8011 -15786
4191 7877 -15466
4192 7873 -15430
4193 7863 -15506
4194 7987 -15678
4195 7805 -15490
4196 7773 -15450
4197 7831 -15406
4198 7855 -15446
4199 7811 -15422
4200 7805 -15630
4201 7835 -15654
4202 7771 -15590
4203 7763 -15522
4204 7825 -15502
4205 7737 -15490
4206 7673 -15374
4207 7707 -15662
4208 7831 -15894
4209 7851 -15790
4210 7783 -15754
4211 7809 -15722
4212 7703 -15562
4213 7741 -15462
4214 7653 -15366
4215 7665 -15478
4216 7803 -15578
4217 7773 -15474
4218 7701 -15502
4219 7641 -15238
4220 7639 -15454
4221 7817 -15790
4222 7773 -15570
4223 7777 -15682
4224 7795 -15738
4225 7705 -15750
4226 7741 -15794
4227 7709 -15626
4228 7703 -15550
4229 7757 -15570
4230 7823 -15630
4231 7803 -15678
4232 7769 -15790
4233 7747 -15618
4234 7773 -15510
4235 7785 -15486
4236 7827 -15546
4237 7977 -15858
4238 8043 -15834
4239 8101 -15882
4240 7961 -15694
4241 8105 -15974
4242 8097 -15906
4243 8129 -16026
4244 8045 -15858
4245 8153 -16030
4246 8205 -16146
4247 8277 -16010
4248 8293 -16198
4249 8249 -16218
4250 8203 -16046
4251 8141 -15938
4252 7987 -15766
4253 7975 -15674
4254 7919 -15586
4255 7911 -15594
4256 7897 -15522
4257 7919 -15426
4258 7895 -15498
4259 7763 -15242
4260 7867 -15434
4261 7899 -15554
4262 7855 -15574
4263 7763 -15498
4264 7829 -15470
4265 7919 -15598
4266 8015 -15702
4267 7977 -15422
4268 8125 -15726
4269 8221 -15810
4270 8139 -15698
4271 8117 -15626
4272 8065 -15586
4273 8071 -15746
4274 7983 -15470
4275 8009 -15418
4276 8155 -15738
4277 8089 -15774
4278 8123 -15718
4279 8045 -15650
4280 8037 -15606
4281 8217 -15830
4282 8255 -15966
4283 8217 -15826
4284 8179 -15906
4285 8257 -15970
4286 8265 -15946
4287 8259 -15898
4288 8311 -16074
4289 8255 -15910
4290 8209 -16034
4291 8155 -15838
4292 8205 -15954
4293 8183 -15998
4294 8189 -15838
4295 8173 -15874
4296 8211 -15998
4297 8199 -15906
4298 8145 -15906
4299 8233 -15954
4300 8167 -15778
4301 8399 -16226
4302 8429 -16282
4303 8277 -16246
4304 8289 -16142
4305 8237 -16022
4306 8393 -16382
4307 8343 -16354
4308 8293 -16142
4309 8267 -16018
4310 8313 -16194
4311 8331 -16070
4312 8225 -15962
4313 8245 -15842
4314 8133 -15782
4315 8153 -15686
4316 8157 -15686
4317 8211 -15866
4318 8247 -15954
4319 8133 -15658
4320 8083 -15686
4321 8049 -15682
4322 8071 -15810
4323 7929 -15422
4324 7935 -15422
4325 7893 -15406
4326 8003 -15610
4327 8009 -15578
4328 8053 -15666
4329 7959 -15530
4330 8047 -15774
4331 8079 -15822
4332 8033 -15718
4333 7897 -15650
4334 7823 -15542
4335 7791 -15410
4336 7667 -15126
4337 7703 -15370
4338 7839 -15538
4339 7889 -15602
4340 7919 -15598
4341 7861 -15434
4342 7915 -15622
4343 7919 -15430
4344 7903 -15386
4345 7857 -15402
4346 7825 -15290
4347 7745 -15106
4348 7695 -15082
4349 7703 -15178
4350 7747 -15238
4351 7647 -15110
4352 7589 -15102
4353 7539 -15194
4354 7695 -15322
4355 7629 -15470
4356 7609 -15414
4357 7421 -15082
4358 7533 -15234
4359 7679 -15258
4360 7689 -15430
4361 7693 -15474
4362 7699 -15506
4363 7719 -15742
4364 7781 -15558
4365 7659 -15438
4366 7703 -15414
4367 7765 -15578
4368 7839 -15742
4369 7795 -15582
4370 7851 -15722
4371 7865 -15814
4372 7837 -15838
4373 7917 -15850
4374 7861 -15726
4375 7855 -15602
4376 7929 -15582
4377 7841 -15446
4378 7923 -15750
4379 7975 -15794
4380 7953 -15826
4381 7899 -15742
4382 7785 -15646
4383 7877 -15662
4384 7923 -15758
4385 7953 -15778
4386 7877 -15666
4387 7851 -15710
4388 7833 -15438
4389 7849 -15722
4390 7743 -15586
4391 7649 -15222
4392 7657 -15434
4393 7747 -15662
4394 7755 -15710
4395 7709 -15430
4396 7697 -15342
4397 7787 -15430
4398 7749 -15114
4399 7723 -15426
4400 7655 -15334
4401 7769 -15562
4402 7901 -15754
4403 7987 -15742
4404 8063 -15878
4405 8135 -16042
4406 8017 -15798
4407 8069 -15854
4408 8039 -15790
4409 8011 -15874
4410 7955 -15982
4411 8063 -15982
4412 7987 -15854
4413 8031 -15910
4414 7989 -15650
4415 7877 -15622
4416 8039 -15766
4417 8047 -15842
4418 7981 -15738
4419 8047 -15654
4420 8011 -15558
4421 8055 -15530
4422 8101 -15666
4423 8159 -15878
4424 8131 -15690
4425 8223 -15906
4426 8261 -15862
4427 8207 -15870
4428 8113 -15782
4429 8039 -15758
4430 8029 -15858
4431 7911 -15706
4432 7995 -15882
4433 7823 -15586
4434 7727 -15382
4435 7821 -15626
4436 7823 -15650
4437 7933 -15602
4438 7895 -15794
4439 8027 -15918
4440 7919 -15546
4441 7929 -15490
4442 7911 -15486
4443 7865 -15510
4444 7881 -15526
4445 7953 -15610
4446 7937 -15590
4447 7909 -15654
4448 7785 -15426
4449 7813 -15518
4450 7797 -15582
4451 7865 -15626
4452 7859 -15682
4453 7787 -15626
4454 7811 -15558
4455 7785 -15566
4456 7831 -15542
4457 7793 -15598
4458 7903 -15706
4459 7787 -15542
4460 7893 -15510
4461 7901 -15698
4462 7947 -15686
4463 7891 -15554
4464 7881 -15442
4465 8051 -15870
4466 7999 -15646
4467 7931 -15674
4468 7825 -15666
4469 7785 -15566
4470 7769 -15690
4471 7771 -15634
4472 7731 -15394
4473 7707 -15514
4474 7731 -15530
4475 7727 -15526
4476 7743 -15530
4477 7887 -15914
4478 7925 -15866
4479 7871 -15562
4480 8039 -15934
4481 8109 -16198
4482 8045 -15986
4483 8085 -15990
4484 8087 -15810
4485 7947 -15550
4486 7935 -15438
4487 8051 -15662
4488 8197 -15878
4489 8253 -15942
4490 8305 -15958
4491 8313 -15938
4492 8305 -15906
4493 8387 -16102
4494 8291 -15770
4495 8349 -15946
4496 8381 -15934
4497 8333 -15954
4498 8295 -15866
4499 8359 -15914
4500 8311 -15882
4501 8365 -15978
4502 8375 -15914
4503 8399 -15910
4504 8391 -15902
4505 8383 -15950
4506 8557 -16234
4507 8631 -16330
4508 8599 -16194
4509 8629 -16174
4510 8683 -16326
4511 8627 -16214
4512 8671 -16414
4513 8647 -16370
4514 8627 -16290
4515 8517 -16158
4516 8569 -16314
4517 8507 -16290
4518 8385 -15826
4519 8501 -16106
4520 8547 -16206
4521 8651 -16406
4522 8505 -16150
4523 8493 -16102
4524 8481 -16046
4525 8445 -16150
4526 8375 -16042
4527 8423 -16214
4528 8545 -16486
4529 8389 -16134
4530 8265 -15830
4531 8287 -15686
4532 8245 -15750
4533 8259 -15842
4534 8305 -15886
4535 8329 -15950
4536 8333 -16038
4537 8399 -16134
4538 8525 -16326
4539 8523 -16342
4540 8427 -16070
4541 8395 -16018
4542 8329 -15862
4543 8371 -15942
4544 8419 -16050
4545 8399 -15970
4546 8377 -15818
4547 8417 -15974
4548 8345 -16026
4549 8307 -15802
4550 8323 -15774
4551 8239 -15638
4552 8203 -15662
4553 8131 -15710
4554 8089 -15566
4555 8093 -15610
4556 8037 -15518
4557 8047 -15342
4558 8131 -15742
4559 7965 -15642
4560 7959 -15534
4561 7975 -15678
4562 7999 -15694
4563 8023 -15718
4564 8117 -16002
4565 8117 -15914
4566 8035 -15742
4567 8003 -15882
4568 7923 -15774
4569 8029 -15822
4570 8033 -15774
4571 8085 -15710
4572 8243 -16026
4573 8173 -15862
4574 8141 -15794
4575 8053 -15586
4576 8039 -15682
4577 8217 -16062
4578 8309 -15990
4579 8405 -16114
4580 8403 -16130
4581 8321 -15890
4582 8259 -15702
4583 8225 -15774
4584 8235 -15850
4585 8367 -16090
4586 8373 -16158
4587 8393 -16234
4588 8317 -15966
4589 8209 -15654
4590 8221 -15830
4591 8347 -15930
4592 8285 -15982
4593 8379 -15962
4594 8385 -15858
4595 8321 -15902
4596 8337 -15870
4597 8535 -16318
4598 8473 -16298
4599 8409 -16174
4600 8557 -16442
4601 8539 -16422
4602 8421 -16170
4603 8441 -16086
4604 8441 -15994
4605 8301 -15894
4606 8251 -15754
4607 8269 -15878
4608 8323 -16158
4609 8299 -16082
4610 8215 -15998
4611 8211 -16098
4612 8267 -16178
4613 8247 -16066
4614 8235 -16050
4615 8271 -16166
4616 8197 -16042
4617 8179 -16118
4618 8107 -15882
4619 8241 -16222
4620 8143 -16010
4621 8007 -15846
4622 8025 -15826
4623 8029 -15762
4624 8113 -16134
4625 8119 -16150
4626 8143 -16178
4627 8135 -16090
4628 8147 -16150
4629 8057 -15890
4630 8007 -15970
4631 8029 -16006
4632 8079 -16114
4633 7921 -15826
4634 8009 -15954
4635 7909 -16010
4636 7935 -15902
4637 7935 -15902
4638 7951 -15870
4639 7885 -15766
4640 7853 -15634
4641 7881 -15642
4642 7903 -15742
4643 7929 -15910
4644 7899 -15826
4645 7901 -15698
4646 7841 -15494
4647 7765 -15494
4648 7803 -15474
4649 7809 -15710
4650 7797 -15634
4651 7693 -15678
4652 7663 -15674
4653 7661 -15602
4654 7705 -15506
4655 7821 -15734
4656 7909 -15954
4657 7895 -15990
4658 7947 -15962
4659 7911 -15974
4660 7839 -15694
4661 7879 -15678
4662 7943 -15650
4663 7875 -15798
4664 7807 -15610
4665 7901 -15570
4666 8075 -15802
4667 8067 -15726
4668 8003 -15578
4669 8131 -16006
4670 8207 -16186
4671 8161 -16110
4672 8123 -16102
4673 8117 -16258
4674 8213 -16050
4675 8067 -15898
4676 8017 -15882
4677 8033 -16014
4678 7985 -15798
4679 7903 -15738
4680 7931 -15762
4681 7921 -15802
4682 7751 -15458
4683 7587 -15142
4684 7659 -15246
4685 7491 -15170
4686 7559 -15338
4687 7601 -15410
4688 7569 -15294
4689 7479 -15294
4690 7539 -15434
4691 7447 -15290
4692 7311 -15106
4693 7391 -15458
4694 7265 -15242
4695 7375 -15218
4696 7467 -15294
4697 7415 -15242
4698 7495 -15354
4699 7491 -15402
4700 7481 -15318
4701 7541 -15458
4702 7613 -15458
4703 7615 -15470
4704 7571 -15422
4705 7507 -15274
4706 7493 -15398
4707 7581 -15354
4708 7555 -15510
4709 7587 -15602
4710 7637 -15638
4711 7619 -15430
4712 7535 -15398
4713 7583 -15466
4714 7533 -15410
4715 7569 -15530
4716 7559 -15450
4717 7599 -15434
4718 7717 -15574
4719 7857 -16062
4720 7899 -15978
4721 7741 -15790
4722 7681 -15626
4723 7733 -15638
4724 7743 -15758
4725 7713 -15610
4726 7777 -15670
4727 7853 -15890
4728 7761 -15578
4729 7803 -15618
4730 7813 -15666
4731 7879 -15778
4732 7835 -15826
4733 7695 -15654
4734 7649 -15414
4735 7655 -15490
4736 7641 -15466
4737 7743 -15598
4738 7759 -15562
4739 7779 -15530
4740 7837 -15634
4741 8027 -15974
4742 7981 -15830
4743 7995 -15850
4744 7863 -15746
4745 7897 -15746
4746 7829 -15886
4747 7817 -15726
4748 7727 -15618
4749 7695 -15546
4750 7727 -15650
4751 7715 -15618
4752 7551 -15350
4753 7621 -15458
4754 7819 -16042
4755 7753 -15782
4756 7641 -15818
4757 7605 -15586
4758 7553 -15658
4759 7527 -15562
4760 7407 -15442
4761 7415 -15402
4762 7491 -15526
4763 7543 -15654
4764 7571 -15574
4765 7529 -15566
4766 7483 -15326
4767 7651 -15574
4768 7645 -15630
4769 7613 -15542
4770 7599 -15474
4771 7691 -15502
4772 7721 -15526
4773 7749 -15654
4774 7569 -15466
4775 7535 -15318
4776 7637 -15558
4777 7719 -15658
4778 7577 -15442
4779 7495 -15478
4780 7503 -15558
4781 7433 -15470
4782 7449 -15546
4783 7359 -15250
4784 7371 -15398
4785 7281 -15522
4786 7331 -15278
4787 7313 -15182
4788 7371 -15322
4789 7367 -15274
4790 7309 -15170
4791 7387 -15290
4792 7393 -15142
4793 7379 -15162
4794 7367 -15358
4795 7421 -15290
4796 7547 -15586
4797 7555 -15474
4798 7569 -15594
4799 7541 -15370
4800 7641 -15622
4801 7489 -15298
4802 7407 -15250
4803 7567 -15530
4804 7575 -15558
4805 7617 -15390
4806 7571 -15358
4807 7657 -15750
4808 7615 -15494
4809 7587 -15430
4810 7635 -15414
4811 7677 -15502
4812 7647 -15338
4813 7765 -15462
4814 7771 -15650
4815 7917 -15706
4816 7955 -15834
4817 7963 -15910
4818 8009 -16058
4819 7901 -15754
4820 7771 -15682
4821 7719 -15522
4822 7689 -15570
4823 7773 -15682
4824 7727 -15666
4825 7703 -15674
4826 7669 -15562
4827 7555 -15494
4828 7601 -15502
4829 7503 -15190
4830 7445 -15162
4831 7441 -15418
4832 7493 -15494
4833 7565 -15566
4834 7743 -15718
4835 7651 -15650
4836 7637 -15538
4837 7619 -15554
4838 7673 -15570
4839 7667 -15506
4840 7611 -15674
4841 7583 -15594
4842 7531 -15626
4843 7543 -15654
4844 7583 -15678
4845 7525 -15586
4846 7467 -15530
4847 7445 -15462
4848 7387 -15402
4849 7339 -15306
4850 7417 -15502
4851 7349 -15426
4852 7435 -15594
4853 7435 -15530
4854 7475 -15506
4855 7413 -15310
4856 7421 -15374
4857 7315 -14974
4858 7343 -15094
4859 7323 -15238
4860 7379 -15394
4861 7279 -14930
4862 7215 -14966
4863 7277 -14926
4864 7353 -15062
4865 7367 -15130
4866 7557 -15510
4867 7521 -15510
4868 7687 -15706
4869 7695 -15802
4870 7693 -15722
4871 7737 -15574
4872 7699 -15526
4873 7665 -15470
4874 7653 -15530
4875 7543 -15434
4876 7459 -15414
4877 7461 -15534
4878 7325 -15238
4879 7495 -15534
4880 7579 -15578
4881 7555 -15502
4882 7597 -15546
4883 7503 -15518
4884 7421 -15442
4885 7329 -15362
4886 7411 -15338
4887 7541 -15274
4888 7537 -15306
4889 7499 -15330
4890 7485 -15302
4891 7455 -15290
4892 7527 -15462
4893 7577 -15502
4894 7565 -15346
4895 7663 -15490
4896 7709 -15470
4897 7703 -15482
4898 7641 -15474
4899 7739 -15534
4900 7679 -15446
4901 7701 -15546
4902 7733 -15338
4903 7783 -15574
4904 7757 -15474
4905 7681 -15382
4906 7785 -15702
4907 7847 -15650
4908 7879 -15606
4909 7865 -15450
4910 7961 -15538
4911 7909 -15590
4912 7897 -15694
4913 7927 -15734
4914 7891 -15718
4915 8027 -15990
4916 8011 -15862
4917 7905 -15886
4918 7841 -15734
4919 7773 -15534
4920 7807 -15682
4921 7705 -15510
4922 7727 -15662
4923 7865 -15954
4924 7827 -15866
4925 7899 -16022
4926 7767 -15594
4927 7749 -15722
4928 7763 -15674
4929 7801 -15586
4930 7765 -15818
4931 7765 -15586
4932 7807 -15634
4933 7739 -15514
4934 7643 -15178
4935 7805 -15494
4936 8023 -15886
4937 8109 -16014
4938 8025 -15810
4939 8159 -16030
4940 8137 -16174
4941 8069 -16042
4942 8181 -16090
4943 8151 -16062
4944 8019 -15694
4945 7969 -15510
4946 7953 -15390
4947 7989 -15390
4948 8073 -15770
4949 8117 -16014
4950 8039 -15842
4951 8077 -15886
4952 8057 -15970
4953 8139 -16142
4954 8205 -16202
4955 8173 -16170
4956 8175 -16234
4957 8157 -16198
4958 8067 -15994
4959 8097 -15970
4960 8149 -15926
4961 8111 -15870
4962 8113 -15786
4963 8087 -15814
4964 7979 -15650
4965 8111 -15930
4966 8029 -15826
4967 7987 -15922
4968 8035 -15906
4969 8011 -15886
4970 7931 -15822
4971 7897 -15502
4972 7865 -15574
4973 7931 -15526
4974 7825 -15490
4975 7799 -15526
4976 7805 -15410
4977 7797 -15418
4978 7855 -15562
4979 7733 -15350
4980 7763 -15486
4981 7777 -15338
4982 7735 -15290
4983 7825 -15550
4984 7815 -15442
4985 7849 -15518
4986 7775 -15326
4987 7861 -15638
4988 7801 -15718
4989 7909 -15794
4990 7877 -15742
4991 7731 -15442
4992 7729 -15486
4993 7699 -15306
4994 7715 -15414
4995 7775 -15470
4996 7887 -15562
4997 7805 -15550
4998 7731 -15382
4999 7821 -15622
5000 7803 -15442
5001 7745 -15546
5002 7673 -15402
5003 7683 -15382
5004 7635 -15310
5005 7609 -15238
5006 7515 -15114
5007 7493 -15258
5008 7373 -15250
5009 7283 -15158
5010 7297 -15174
5011 7421 -15350
5012 7533 -15338
5013 7497 -15230
5014 7517 -15534
5015 7483 -15366
5016 7547 -15322
5017 7581 -15394
5018 7547 -15478
5019 7491 -15318
5020 7487 -15250
5021 7505 -15382
5022 7545 -15338
5023 7495 -15298
5024 7461 -15218
5025 7455 -15142
5026 7433 -15262
5027 7459 -15214
5028 7533 -15238
5029 7669 -15238
5030 7791 -15558
5031 7871 -15634
5032 7929 -15666
5033 7947 -15778
5034 7889 -15654
5035 7755 -15498
5036 7575 -15438
5037 7621 -15358
5038 7695 -15378
5039 7695 -15422
5040 7731 -15434
5041 7721 -15350
5042 7773 -15654
5043 7669 -15446
5044 7547 -15150
5045 7543 -15226
5046 7529 -15266
5047 7441 -15278
5048 7459 -15354
5049 7467 -15218
5050 7379 -15274
5051 7419 -15162
5052 7535 -15374
5053 7447 -15198
5054 7379 -15266
5055 7435 -15494
5056 7435 -15350
5057 7425 -15410
5058 7395 -15410
5059 7271 -15438
5060 7263 -15402
5061 7325 -15694
5062 7315 -15566
5063 7253 -15506
5064 7167 -15158
5065 7183 -15206
5066 7345 -15306
5067 7253 -15266
5068 7351 -15258
5069 7265 -15094
5070 7305 -15306
5071 7427 -15474
5072 7429 -15438
5073 7421 -15574
5074 7289 -15262
5075 7097 -15150
5076 7039 -14982
5077 6913 -14662
5078 6965 -14826
5079 6887 -14954
5080 6961 -15102
5081 6929 -14982
5082 6881 -15010
5083 6913 -15342
5084 6753 -15026
5085 6759 -15030
5086 6815 -15002
5087 6849 -15230
5088 6921 -15142
5089 7047 -15118
5090 6983 -14990
5091 7063 -15014
5092 7157 -15034
5093 7207 -14962
5094 7283 -15282
5095 7267 -15354
5096 7235 -15214
5097 7233 -15206
5098 7217 -15250
5099 7151 -15298
5100 7231 -15358
5101 7161 -15402
5102 7047 -14918
5103 7031 -15094
5104 6929 -15162
5105 6989 -15230
5106 7045 -15298
5107 7029 -15358
5108 6931 -15122
5109 6977 -15346
5110 6955 -15298
5111 6945 -15382
5112 6883 -15246
5113 6997 -15310
5114 6859 -14982
5115 6871 -15014
5116 6881 -15054
5117 6739 -14890
5118 6817 -14974
5119 6733 -15002
5120 6785 -15086
5121 6801 -15190
5122 6735 -14914
5123 6545 -14770
5124 6619 -14814
5125 6593 -15002
5126 6625 -14914
5127 6641 -15122
5128 6689 -15258
5129 6727 -15250
5130 6619 -15114
5131 6555 -15026
5132 6559 -15158
5133 6597 -15154
5134 6575 -14882
5135 6571 -15114
5136 6537 -14954
5137 6609 -15158
5138 6717 -15282
5139 6709 -15226
5140 6789 -15186
5141 6751 -15254
5142 6771 -15190
5143 6791 -15342
5144 6787 -15318
5145 6825 -15410
5146 6865 -15366
5147 6881 -15422
5148 7073 -15570
5149 7023 -15426
5150 7069 -15550
5151 6953 -15346
5152 6999 -15290
5153 7145 -15554
5154 7113 -15466
5155 6963 -15234
5156 7041 -15278
5157 7133 -15498
5158 7141 -15722
5159 7103 -15462
5160 7099 -15302
5161 7107 -15362
5162 7037 -15290
5163 7103 -15106
5164 7103 -15010
5165 7143 -15242
5166 7173 -15246
5167 7141 -15218
5168 7233 -15254
5169 7465 -15390
5170 7399 -15426
5171 7399 -15470
5172 7395 -15486
5173 7351 -15474
5174 7419 -15418
5175 7501 -15634
5176 7307 -15054
5177 7323 -15094
5178 7269 -15186
5179 7259 -15310
5180 7261 -15422
5181 7227 -15442
5182 7395 -15542
5183 7389 -15426
5184 7511 -15762
5185 7501 -15778
5186 7531 -15806
5187 7471 -15746
5188 7443 -15638
5189 7457 -15630
5190 7455 -15394
5191 7401 -15550
5192 7517 -15746
5193 7479 -15538
5194 7505 -15526
5195 7633 -15878
5196 7683 -15866
5197 7625 -15646
5198 7749 -15858
5199 7667 -15662
5200 7741 -15986
5201 7615 -15738
5202 7597 -15638
5203 7603 -15718
5204 7497 -15586
5205 7565 -15662
5206 7639 -15646
5207 7625 -15482
5208 7649 -15498
5209 7631 -15494
5210 7529 -15310
5211 7573 -15334
5212 7559 -15390
5213 7715 -15586
5214 7659 -15530
5215 7601 -15342
5216 7535 -15414
5217 7643 -15494
5218 7705 -15426
5219 7713 -15594
5220 7707 -15434
5221 7823 -15530
5222 7769 -15502
5223 7909 -15738
5224 7855 -15658
5225 7845 -15602
5226 7897 -15942
5227 7977 -15974
5228 7923 -15790
5229 7785 -15710
5230 7877 -15886
5231 7781 -15702
5232 7763 -15546
5233 7745 -15618
5234 7705 -15510
5235 7737 -15726
5236 7833 -15634
5237 7703 -15482
5238 7681 -15534
5239 7809 -15874
5240 7739 -15578
5241 7767 -15602
5242 7651 -15466
5243 7599 -15478
5244 7507 -15138
5245 7517 -15222
5246 7441 -15170
5247 7417 -15286
5248 7391 -15330
5249 7367 -15242
5250 7321 -14982
5251 7487 -15190
5252 7581 -15398
5253 7573 -15562
5254 7665 -15494
5255 7801 -15626
5256 7899 -15810
5257 7899 -15750
5258 7927 -15694
5259 7863 -15574
5260 7959 -15546
5261 7963 -15610
5262 7937 -15390
5263 7983 -15634
5264 8049 -15822
5265 7919 -15474
5266 7949 -15494
5267 7913 -15490
5268 7951 -15658
5269 7897 -15486
5270 7869 -15542
5271 7955 -15598
5272 7911 -15674
5273 7953 -15634
5274 7989 -15634
5275 8051 -15658
5276 8027 -15710
5277 8061 -15826
5278 8043 -15786
5279 8041 -15554
5280 8047 -15486
5281 7941 -15246
5282 8073 -15702
5283 8099 -15702
5284 8077 -15618
5285 8085 -15766
5286 8057 -15842
5287 8077 -15806
5288 7977 -15658
5289 7955 -15642
5290 7905 -15742
5291 7925 -15666
5292 7829 -15554
5293 7905 -15614
5294 7941 -15602
5295 7927 -15754
5296 7811 -15342
5297 7821 -15330
5298 7889 -15406
5299 7791 -15302
5300 7723 -15302
5301 7721 -15470
5302 7733 -15478
5303 7835 -15526
5304 7855 -15558
5305 7743 -15498
5306 7747 -15578
5307 7675 -15402
5308 7721 -15342
5309 7709 -15314
5310 7719 -15306
5311 7681 -15306
5312 7693 -15450
5313 7733 -15346
5314 7733 -15262
5315 7647 -15250
5316 7633 -15386
5317 7573 -15258
5318 7591 -15350
5319 7561 -15306
5320 7813 -15518
5321 7671 -15370
5322 7643 -15314
5323 7827 -15642
5324 7785 -15630
5325 7715 -15490
5326 7755 -15546
5327 7661 -15346
5328 7725 -15502
5329 7783 -15598
5330 7847 -15594
5331 7755 -15666
5332 7805 -15854
5333 7867 -15926
5334 7765 -15578
5335 7729 -15538
5336 7661 -15434
5337 7755 -15646
5338 7899 -15722
5339 7829 -15630
5340 7859 -15830
5341 7837 -15666
5342 7861 -15706
5343 7789 -15578
5344 7777 -15634
5345 7887 -15722
5346 7859 -15654
5347 7855 -15698
5348 7973 -15962
5349 7837 -15834
5350 7753 -15726
5351 7759 -15718
5352 7687 -15646
5353 7673 -15578
5354 7569 -15302
5355 7543 -15250
5356 7571 -15170
5357 7713 -15402
5358 7773 -15478
5359 7633 -15370
5360 7621 -15406
5361 7607 -15226
5362 7633 -15190
5363 7627 -15218
5364 7647 -15426
5365 7631 -15490
5366 7663 -15470
5367 7677 -15362
5368 7639 -15162
5369 7775 -15418
5370 7703 -15218
5371 7891 -15538
5372 7895 -15622
5373 7757 -15442
5374 7901 -15682
5375 7959 -15782
5376 7951 -15986
5377 8063 -15986
5378 8023 -15866
5379 8033 -15766
5380 8051 -15726
5381 7959 -15698
5382 8005 -15698
5383 7959 -15654
5384 7895 -15602
5385 7951 -15778
5386 7981 -15862
5387 7971 -15914
5388 7969 -15826
5389 7723 -15334
5390 7753 -15678
5391 7681 -15574
5392 7603 -15358
5393 7525 -15198
5394 7545 -15202
5395 7553 -15374
5396 7555 -15238
5397 7537 -15274
5398 7695 -15646
5399 7761 -15522
5400 7727 -15442
5401 7571 -15286
5402 7591 -15374
5403 7615 -15466
5404 7697 -15538
5405 7767 -15686
5406 7703 -15486
5407 7755 -15554
5408 7653 -15414
5409 7717 -15506
5410 7807 -15466
5411 7813 -15514
5412 7769 -15290
5413 7793 -15162
5414 7839 -15422
5415 7835 -15438
5416 7899 -15562
5417 7879 -15522
5418 7989 -15682
5419 8023 -15678
5420 8009 -15626
5421 7941 -15474
5422 7929 -15354
5423 7895 -15474
5424 7865 -15418
5425 7809 -15298
5426 7807 -15238
5427 7783 -15166
5428 7859 -15530
5429 7801 -15390
5430 7795 -15338
5431 7711 -15290
5432 7779 -15170
5433 7781 -15038
5434 7807 -15034
5435 7935 -15470
5436 7945 -15578
5437 7963 -15718
5438 8053 -15846
5439 7883 -15410
5440 7941 -15638
5441 8013 -15730
5442 8001 -15706
5443 8079 -15614
5444 8065 -15714
5445 8059 -15534
5446 8023 -15482
5447 8065 -15630
5448 7989 -15606
5449 7839 -15194
5450 7881 -15474
5451 7817 -15342
5452 7779 -15226
5453 7833 -15350
5454 7769 -15386
5455 7871 -15502
5456 7915 -15594
5457 7961 -15642
5458 7901 -15518
5459 7899 -15434
5460 7847 -15202
5461 7855 -15314
5462 7927 -15546
5463 7965 -15642
5464 7969 -15394
5465 7985 -15494
5466 7963 -15506
5467 8133 -15874
5468 8027 -15570
5469 8033 -15570
5470 8069 -15558
5471 8027 -15650
5472 8039 -15746
5473 7973 -15470
5474 7937 -15482
5475 7935 -15518
5476 8017 -15566
5477 8091 -15766
5478 8023 -15522
5479 8145 -15690
5480 7973 -15550
5481 8045 -15714
5482 7913 -15610
5483 7811 -15394
5484 7837 -15586
5485 7915 -15550
5486 7923 -15774
5487 7891 -15450
5488 7909 -15410
5489 7891 -15466
5490 7971 -15558
5491 7985 -15642
5492 7985 -15778
5493 8021 -15778
5494 7999 -15726
5495 7965 -15782
5496 8009 -15842
5497 7951 -15642
5498 7913 -15590
5499 7881 -15578
5500 7895 -15714
5501 7913 -15826
5502 8059 -15906
5503 8003 -15758
5504 8109 -15822
5505 8083 -15862
5506 8077 -15878
5507 7961 -15638
5508 8007 -15986
5509 7855 -15426
5510 7837 -15362
5511 7815 -15474
5512 7775 -15542
5513 7733 -15494
5514 7725 -15414
5515 7631 -15350
5516 7537 -15334
5517 7673 -15710
5518 7737 -15702
5519 7599 -15566
5520 7599 -15582
5521 7569 -15442
5522 7527 -15406
5523 7585 -15422
5524 7637 -15590
5525 7695 -15830
5526 7909 -15942
5527 7905 -15870
5528 7889 -15790
5529 7793 -15718
5530 7855 -15938
5531 7943 -16042
5532 7943 -15898
5533 7929 -15914
5534 8091 -16358
5535 8061 -16254
5536 7991 -16326
5537 7933 -16254
5538 7963 -16122
5539 7951 -16190
5540 7905 -16030
5541 7777 -15726
5542 7713 -15646
5543 7653 -15506
5544 7673 -15514
5545 7619 -15542
5546 7663 -15834
5547 7613 -15526
5548 7539 -15722
5549 7457 -15686
5550 7489 -15538
5551 7547 -15558
5552 7543 -15434
5553 7563 -15546
5554 7497 -15534
5555 7471 -15546
5556 7505 -15414
5557 7405 -15570
5558 7363 -15462
5559 7335 -15398
5560 7317 -15458
5561 7299 -15450
5562 7311 -15230
5563 7343 -15358
5564 7439 -15542
5565 7347 -15186
5566 7339 -15302
5567 7339 -15266
5568 7345 -15290
5569 7429 -15270
5570 7373 -15362
5571 7297 -14922
5572 7371 -15046
5573 7341 -15074
5574 7319 -14950
5575 7525 -15230
5576 7543 -15238
5577 7517 -15178
5578 7487 -15226
5579 7403 -14950
5580 7417 -15054
5581 7403 -15190
5582 7467 -15422
5583 7549 -15458
5584 7669 -15930
5585 7679 -15838
5586 7777 -15938
5587 7791 -15950
5588 7735 -15838
5589 7707 -15614
5590 7845 -15722
5591 7739 -15642
5592 7809 -15726
5593 7731 -15678
5594 7639 -15530
5595 7589 -15554
5596 7449 -15594
5597 7339 -15518
5598 7359 -15570
5599 7369 -15674
5600 7293 -15470
5601 7283 -15478
5602 7243 -15438
5603 7371 -15638
5604 7331 -15482
5605 7391 -15638
5606 7399 -15558
5607 7345 -15262
5608 7455 -15602
5609 7399 -15254
5610 7533 -15538
5611 7507 -15538
5612 7365 -15222
5613 7441 -15450
5614 7537 -15562
5615 7545 -15530
5616 7499 -15502
5617 7305 -15386
5618 7301 -15290
5619 7331 -15166
5620 7313 -15046
5621 7301 -15070
5622 7299 -15266
5623 7279 -15210
5624 7177 -15166
5625 7111 -15010
5626 6957 -14754
5627 7091 -15134
5628 7077 -15138
5629 7057 -14894
5630 7137 -14994
5631 7193 -15094
5632 7237 -15266
5633 7211 -15258
5634 7157 -15218
5635 7117 -15134
5636 7135 -15190
5637 7141 -15214
5638 7171 -15230
5639 7317 -15378
5640 7335 -15334
5641 7419 -15418
5642 7393 -15454
5643 7289 -15334
5644 7165 -15262
5645 7105 -15082
5646 7213 -15314
5647 7169 -15270
5648 7145 -15158
5649 7101 -15266
5650 7303 -15386
5651 7319 -15474
5652 7359 -15486
5653 7321 -15538
5654 7391 -15586
5655 7407 -15630
5656 7403 -15482
5657 7439 -15666
5658 7537 -15842
5659 7367 -15390
5660 7413 -15590
5661 7369 -15490
5662 7457 -15554
5663 7347 -15202
5664 7455 -15146
5665 7467 -15342
5666 7519 -15354
5667 7521 -15142
5668 7523 -15078
5669 7577 -15394
5670 7683 -15474
5671 7687 -15374
5672 7679 -15470
5673 7637 -15406
5674 7747 -15418
5675 7677 -15594
5676 7785 -15538
5677 7905 -15702
5678 7937 -15670
5679 7889 -15582
5680 7877 -15622
5681 7979 -15746
5682 7893 -15594
5683 8053 -15810
5684 8031 -15702
5685 7953 -15478
5686 8045 -15798
5687 8085 -16066
5688 8069 -16006
5689 8095 -15866
5690 8093 -15874
5691 8215 -15930
5692 8131 -15930
5693 8051 -15854
5694 8075 -15634
5695 7995 -15558
5696 8027 -15586
5697 7999 -15518
5698 8139 -15754
5699 8093 -15706
5700 7945 -15514
5701 7773 -15346
5702 7905 -15674
5703 7945 -15658
5704 7901 -15674
5705 7827 -15382
5706 7835 -15210
5707 7897 -15438
5708 7925 -15378
5709 8087 -15634
5710 8159 -15918
5711 8167 -15778
5712 8297 -16058
5713 8229 -15954
5714 8289 -15966
5715 8157 -15754
5716 8101 -15634
5717 8165 -15798
5718 8193 -15802
5719 8267 -15966
5720 8227 -15810
5721 8221 -15902
5722 8143 -15714
5723 8101 -15650
5724 8049 -15730
5725 7979 -15502
5726 8051 -15654
5727 7973 -15498
5728 8057 -15694
5729 8019 -15618
5730 8029 -15578
5731 8035 -15822
5732 8035 -15834
5733 8025 -15682
5734 8047 -15782
5735 7985 -15730
5736 7971 -15774
5737 7991 -15854
5738 7993 -15714
5739 7817 -15370
5740 7809 -15418
5741 7883 -15502
5742 7975 -15510
5743 8137 -15686
5744 8105 -15810
5745 8047 -15618
5746 8085 -15686
5747 8087 -15686
5748 8125 -15738
5749 8011 -15590
5750 7987 -15558
5751 7913 -15298
5752 7991 -15534
5753 7965 -15906
5754 7981 -15694
5755 7867 -15402
5756 7963 -15678
5757 7919 -15546
5758 7711 -15186
5759 7719 -15270
5760 7491 -15010
5761 7661 -15266
5762 7675 -15378
5763 7645 -15630
5764 7661 -15702
5765 7567 -15482
5766 7593 -15354
5767 7641 -15306
5768 7645 -15314
5769 7699 -15382
5770 7763 -15418
5771 7635 -15254
5772 7627 -15142
5773 7683 -15170
5774 7715 -15310
5775 7841 -15486
5776 7865 -15550
5777 7809 -15542
5778 7777 -15410
5779 7879 -15554
5780 7903 -15450
5781 7835 -15382
5782 7817 -15398
5783 7937 -15690
5784 7911 -15734
5785 7913 -15658
5786 7895 -15578
5787 7893 -15690
5788 8017 -15818
5789 8005 -15578
5790 7947 -15466
5791 7965 -15586
5792 8065 -15870
5793 7993 -15674
5794 8001 -15758
5795 8087 -15750
5796 8117 -15678
5797 8109 -15790
5798 8153 -16034
5799 7981 -15714
5800 7995 -15714
5801 8089 -15654
5802 8183 -15998
5803 8109 -15674
5804 8149 -15702
5805 8253 -15910
5806 8243 -15806
5807 8313 -15914
5808 8295 -16018
5809 8323 -16002
5810 8269 -15842
5811 8341 -15974
5812 8271 -15838
5813 8117 -15654
5814 7993 -15462
5815 8133 -15570
5816 8119 -15470
5817 8173 -15450
5818 8191 -15654
5819 8323 -15898
5820 8219 -15838
5821 8143 -15610
5822 8175 -15746
5823 8227 -15818
5824 8269 -15886
5825 8353 -16062
5826 8435 -16194
5827 8515 -16342
5828 8397 -16186
5829 8319 -15858
5830 8335 -15894
5831 8313 -15978
5832 8285 -15986
5833 8263 -15850
5834 8141 -15626
5835 8227 -15866
5836 8185 -15866
5837 8175 -15886
5838 8237 -16038
5839 8303 -16018
5840 8223 -16070
5841 8201 -15818
5842 8165 -15790
5843 8147 -15722
5844 8221 -15782
5845 8077 -15614
5846 7993 -15382
5847 7977 -15494
5848 8031 -15614
5849 8045 -15606
5850 8055 -15598
5851 8179 -15918
5852 8175 -15778
5853 8085 -15550
5854 8137 -15470
5855 8243 -15570
5856 8235 -15682
5857 8259 -15766
5858 8277 -15818
5859 8159 -15514
5860 8145 -15646
5861 8127 -15670
5862 8057 -15554
5863 8097 -15670
5864 8043 -15758
5865 8033 -15618
5866 8137 -15706
5867 8097 -15610
5868 8103 -15754
5869 8255 -15974
5870 8321 -16094
5871 8377 -16110
5872 8411 -16178
5873 8339 -16070
5874 8239 -15870
5875 8249 -15746
5876 8215 -15726
5877 8249 -15866
5878 8183 -15746
5879 8149 -15646
5880 8165 -15806
5881 8153 -15774
5882 8199 -15914
5883 8247 -15982
5884 8165 -15726
5885 8211 -15826
5886 8133 -15578
5887 8057 -15566
5888 8113 -15746
5889 8197 -15830
5890 8125 -15790
5891 8125 -15938
5892 8361 -16146
5893 8429 -16126
5894 8415 -16194
5895 8361 -15962
5896 8399 -16138
5897 8429 -16270
5898 8337 -16034
5899 8385 -16118
5900 8465 -16278
5901 8453 -16186
5902 8311 -15842
5903 8271 -15722
5904 8445 -16146
5905 8367 -15930
5906 8313 -15858
5907 8311 -15814
5908 8325 -16130
5909 8299 -16074
5910 8183 -15762
5911 8189 -15734
5912 7979 -15574
5913 7951 -15426
5914 7939 -15690
5915 7901 -15550
5916 7961 -15754
5917 7865 -15442
5918 7835 -15382
5919 7765 -15218
5920 7897 -15410
5921 7981 -15650
5922 8065 -15878
5923 8043 -15802
5924 8129 -15774
5925 8133 -15622
5926 8137 -15846
5927 8161 -15750
5928 8139 -15626
5929 8123 -15538
5930 8081 -15698
5931 8005 -15594
5932 8063 -15710
5933 8121 -15742
5934 8175 -15766
5935 8117 -15742
5936 8101 -15642
5937 8151 -15762
5938 8189 -15838
5939 8115 -15738
5940 8201 -15838
5941 8129 -15698
5942 8133 -15782
5943 8201 -15994
5944 8165 -15850
5945 8097 -15734
5946 8033 -15546
5947 8193 -15750
5948 8351 -16046
5949 8297 -16122
5950 8279 -15994
5951 8243 -16054
5952 8175 -15874
5953 8227 -15914
5954 8311 -16034
5955 8243 -15886
5956 8261 -15954
5957 8221 -15782
5958 8261 -15862
5959 8163 -15742
5960 8173 -15742
5961 8153 -15586
5962 8281 -15898
5963 8259 -15774
5964 8315 -15806
5965 8365 -15950
5966 8335 -16054
5967 8371 -16094
5968 8317 -16018
5969 8319 -15958
5970 8191 -15630
5971 8127 -15542
5972 8243 -15954
5973 8113 -15634
5974 8189 -15818
5975 8229 -16046
5976 8175 -15946
5977 8275 -16126
5978 8281 -16022
5979 8257 -15854
5980 8273 -16034
5981 8221 -15910
5982 8285 -15850
5983 8293 -15866
5984 8279 -15746
5985 8363 -15898
5986 8317 -15730
5987 8477 -15954
5988 8509 -16062
5989 8469 -16150
5990 8503 -16198
5991 8419 -16050
5992 8459 -16238
5993 8411 -16246
5994 8269 -15910
5995 8341 -16010
5996 8271 -15946
5997 8219 -15926
5998 8201 -15862
5999 8167 -15714
6000 8333 -16138
6001 8315 -15990
6002 8289 -16090
6003 8243 -16022
6004 8203 -15886
6005 8197 -15710
6006 8177 -15674
6007 8075 -15638
6008 8047 -15602
6009 8063 -15654
6010 7939 -15506
6011 8101 -15766
6012 8161 -15862
6013 8113 -15874
6014 7997 -15718
6015 7895 -15446
6016 7719 -15186
6017 7729 -15194
6018 7637 -15186
6019 7539 -15226
6020 7591 -15210
6021 7529 -15326
6022 7501 -15178
6023 7589 -15286
6024 7617 -15402
6025 7619 -15550
6026 7651 -15550
6027 7685 -15574
6028 7785 -15594
6029 7863 -15682
6030 7775 -15594
6031 7883 -15710
6032 7813 -15666
6033 7735 -15466
6034 7785 -15418
6035 7805 -15430
6036 7889 -15674
6037 7841 -15630
6038 7957 -15822
6039 7995 -15842
6040 8069 -15894
6041 8101 -16054
6042 7991 -15802
6043 8047 -15934
6044 7989 -15806
6045 7925 -15714
6046 7803 -15490
6047 7771 -15530
6048 7717 -15478
6049 7739 -15406
6050 7705 -15394
6051 7729 -15498
6052 7709 -15478
6053 7745 -15582
6054 7755 -15374
6055 7809 -15434
6056 7849 -15454
6057 7803 -15178
6058 7493 -14866
6059 7689 -15318
6060 7803 -15382
6061 7859 -15358
6062 7905 -15610
6063 7967 -15658
6064 8099 -15706
6065 8075 -15554
6066 8049 -15626
6067 8169 -15910
6068 8189 -15898
6069 8127 -15862
6070 8111 -15650
6071 8055 -15694
6072 7949 -15642
6073 7951 -15534
6074 7907 -15466
6075 7833 -15362
6076 7893 -15350
6077 7869 -15602
6078 7947 -15762
6079 7919 -15574
6080 7907 -15434
6081 7905 -15642
6082 7935 -15842
6083 7923 -15610
6084 7837 -15378
6085 7861 -15534
6086 7947 -15598
6087 8053 -15762
6088 8049 -15782
6089 8007 -15746
6090 7929 -15514
6091 7947 -15798
6092 7905 -15542
6093 7809 -15374
6094 7937 -15690
6095 7945 -15778
6096 7985 -15666
6097 7887 -15502
6098 7991 -15470
6099 7983 -15626
6100 8003 -15634
6101 8105 -15966
6102 7945 -15678
6103 7987 -15834
6104 7987 -15718
6105 7973 -15578
6106 7767 -15266
6107 7755 -15190
6108 7747 -15282
6109 7785 -15554
6110 7775 -15338
6111 7765 -15634
6112 7795 -15562
6113 7813 -15514
6114 7975 -15850
6115 7981 -15734
6116 7949 -15730
6117 8017 -15634
6118 8007 -15626
6119 8131 -15910
6120 8063 -15730
6121 8101 -15774
6122 8051 -15650
6123 8091 -15754
6124 8063 -15586
6125 8067 -15734
6126 8015 -15662
6127 7909 -15414
6128 7857 -15338
6129 7975 -15650
6130 8049 -15894
6131 8087 -15998
6132 8021 -15794
6133 8131 -15738
6134 8087 -15706
6135 8133 -15746
6136 8169 -15738
6137 7975 -15726
6138 7883 -15630
6139 7779 -15550
6140 7791 -15542
6141 7745 -15494
6142 7591 -15134
6143 7587 -15282
6144 7553 -15166
6145 7525 -15222
6146 7557 -15202
6147 7635 -15258
6148 7735 -15554
6149 7747 -15490
6150 7757 -15510
6151 7733 -15350
6152 7725 -15422
6153 7735 -15326
6154 7703 -15250
6155 7735 -15578
6156 7779 -15646
6157 7849 -15602
6158 7933 -15678
6159 7999 -15830
6160 8051 -15774
6161 7965 -15626
6162 8035 -15846
6163 8049 -15690
6164 8019 -15602
6165 8103 -15826
6166 8101 -15866
6167 8187 -16018
6168 8115 -15814
6169 8169 -15926
6170 8115 -15774
6171 8089 -15814
6172 8167 -15982
6173 8161 -15750
6174 8201 -15914
6175 8119 -15854
6176 8147 -15794
6177 8161 -15954
6178 8151 -15946
6179 8045 -15734
6180 8001 -15550
6181 7849 -15346
6182 7933 -15446
6183 7999 -15510
6184 7933 -15422
6185 8031 -15662
6186 7981 -15570
6187 7891 -15394
6188 7861 -15398
6189 7929 -15354
6190 7949 -15562
6191 7983 -15446
6192 7915 -15242
6193 7917 -15482
6194 7965 -15466
6195 7991 -15506
6196 8045 -15582
6197 8153 -15678
6198 8279 -15710
6199 8175 -15646
6200 8185 -15770
6201 8333 -15994
6202 8299 -15890
6203 8191 -15886
6204 8169 -15854
6205 8139 -15730
6206 8021 -15574
6207 8149 -15706
6208 8135 -15806
6209 8133 -15766
6210 8077 -15834
6211 7945 -15654
6212 8033 -15650
6213 8147 -15854
6214 8147 -15810
6215 8173 -15890
6216 8199 -15922
6217 8111 -15618
6218 8219 -15930
6219 8127 -15922
6220 8117 -15942
6221 8141 -16014
6222 7941 -15714
6223 7779 -15502
6224 7761 -15410
6225 7765 -15298
6226 7837 -15558
6227 7887 -15694
6228 7941 -15650
6229 7915 -15762
6230 7905 -15610
6231 7771 -15346
6232 7757 -15310
6233 7831 -15310
6234 7833 -15270
6235 7877 -15450
6236 7867 -15578
6237 7903 -15614
6238 8003 -15638
6239 7857 -15530
6240 7951 -15810
6241 8007 -15850
6242 8089 -15782
6243 8013 -15770
6244 8047 -15678
6245 8029 -15602
6246 8117 -15738
6247 8077 -15550
6248 8043 -15838
6249 8073 -15762
6250 8071 -15850
6251 7989 -15626
6252 8035 -15538
6253 8061 -15638
6254 7921 -15554
6255 7987 -15610
6256 7927 -15434
6257 8031 -15590
6258 8013 -15746
6259 8069 -15846
6260 8007 -15598
6261 8041 -15582
6262 7991 -15538
6263 7973 -15586
6264 7935 -15634
6265 7953 -15478
6266 7931 -15558
6267 7965 -15466
6268 8085 -15674
6269 8017 -15614
6270 8157 -15854
6271 8275 -16002
6272 8139 -15778
6273 8189 -16002
6274 8165 -15814
6275 8151 -15698
6276 8139 -15806
6277 8109 -15814
6278 8131 -15802
6279 8161 -15902
6280 8195 -15834
6281 8293 -15914
6282 8287 -15842
6283 8441 -16246
6284 8469 -16166
6285 8419 -16058
6286 8405 -16074
6287 8429 -16190
6288 8411 -16118
6289 8421 -16102
6290 8355 -15834
6291 8341 -15770
6292 8341 -15746
6293 8371 -15950
6294 8429 -16066
6295 8431 -16066
6296 8455 -16158
6297 8431 -16142
6298 8303 -15854
6299 8175 -15618
6300 8103 -15606
6301 8213 -15682
6302 8167 -15630
6303 8177 -15586
6304 8169 -15598
6305 8187 -15598
6306 8207 -15634
6307 8201 -15866
6308 8211 -15898
6309 8159 -15778
6310 8213 -16066
6311 8171 -15930
6312 8189 -15762
6313 8339 -16022
6314 8365 -15942
6315 8185 -15578
6316 8155 -15582
6317 8199 -15702
6318 8269 -15766
6319 8285 -15878
6320 8331 -15982
6321 8311 -15970
6322 8371 -16022
6323 8375 -15954
6324 8407 -15962
6325 8319 -15922
6326 8353 -16010
6327 8307 -16070
6328 8261 -15978
6329 8293 -16058
6330 8213 -15930
6331 8121 -15706
6332 8101 -15718
6333 8091 -15834
6334 8045 -15822
6335 8023 -15870
6336 8021 -15794
6337 8085 -15902
6338 8035 -15718
6339 8141 -16122
6340 8121 -15966
6341 8023 -15846
6342 8073 -15798
6343 8017 -15646
6344 8039 -15802
6345 8027 -15802
6346 7999 -15666
6347 8029 -15786
6348 7919 -15658
6349 7885 -15686
6350 7815 -15590
6351 7815 -15590
6352 7729 -15470
6353 7709 -15538
6354 7723 -15530
6355 7689 -15614
6356 7667 -15358
6357 7701 -15322
6358 7571 -15414
6359 7689 -15466
6360 7625 -15406
6361 7627 -15530
6362 7769 -15774
6363 7749 -15662
6364 7797 -15710
6365 7691 -15742
6366 7519 -15362
6367 7595 -15382
6368 7569 -15254
6369 7711 -15458
6370 7571 -15366
6371 7627 -15422
6372 7657 -15426
6373 7645 -15558
6374 7691 -15482
6375 7703 -15590
6376 7635 -15406
6377 7605 -15378
6378 7565 -15398
6379 7597 -15390
6380 7683 -15530
6381 7715 -15574
6382 7825 -15866
6383 7765 -15758
6384 7833 -15646
6385 7813 -15618
6386 7853 -15602
6387 7711 -15574
6388 7781 -15742
6389 7717 -15538
6390 7691 -15458
6391 7675 -15450
6392 7721 -15590
6393 7559 -15134
6394 7531 -15170
6395 7521 -15222
6396 7537 -15354
6397 7551 -15366
6398 7497 -15278
6399 7579 -15282
6400 7647 -15498
6401 7633 -15754
6402 7599 -15726
6403 7505 -15506
6404 7469 -15310
6405 7677 -15710
6406 7757 -15886
6407 7729 -15842
6408 7719 -15514
6409 7699 -15422
6410 7747 -15366
6411 7847 -15682
6412 7739 -15494
6413 7833 -15686
6414 7873 -15662
6415 7867 -15542
6416 7921 -15722
6417 7913 -15702
6418 7979 -15698
6419 8085 -15942
6420 8063 -15942
6421 7901 -15658
6422 7889 -15510
6423 7841 -15490
6424 7837 -15582
6425 7885 -15550
6426 7839 -15638
6427 7853 -15382
6428 7957 -15706
6429 7865 -15434
6430 7915 -15750
6431 7907 -15806
6432 7905 -15626
6433 7979 -15762
6434 8053 -15878
6435 8183 -16210
6436 8181 -16010
6437 8205 -16046
6438 8177 -16102
6439 8175 -15902
6440 8213 -16034
6441 8223 -16070
6442 8129 -15750
6443 8181 -15898
6444 8267 -16058
6445 8245 -16078
6446 8209 -15878
6447 8221 -15918
6448 8177 -15878
6449 8117 -15758
6450 8105 -15898
6451 8117 -16006
6452 8115 -15910
6453 8109 -16034
6454 7975 -15554
6455 7989 -15678
6456 8015 -15826
6457 8015 -15906
6458 8151 -16126
6459 8093 -15858
6460 8061 -15890
6461 7965 -15526
6462 7903 -15354
6463 8013 -15602
6464 7955 -15618
6465 7847 -15482
6466 7829 -15626
6467 7773 -15622
6468 7789 -15570
6469 7861 -15678
6470 7941 -15750
6471 7897 -15774
6472 7853 -15562
6473 7927 -15590
6474 7931 -15586
6475 7875 -15750
6476 7841 -15622
6477 7805 -15586
6478 7821 -15558
6479 7737 -15582
6480 7765 -15642
6481 7819 -15542
6482 7775 -15398
6483 7859 -15466
6484 7937 -15590
6485 8073 -15906
6486 8141 -15922
6487 8207 -15926
6488 8097 -15738
6489 8093 -15730
6490 7939 -15478
6491 7983 -15670
6492 8067 -15546
6493 8055 -15634
6494 8061 -15614
6495 8045 -15754
6496 8025 -15518
6497 8145 -15774
6498 8021 -15682
6499 8103 -15690
6500 8145 -15754
6501 8133 -15638
6502 8243 -15910
6503 8153 -15662
6504 8125 -15770
6505 8087 -15742
6506 8039 -15738
6507 8093 -15714
6508 8097 -15822
6509 8051 -15502
6510 7941 -15306
6511 8063 -15498
6512 8187 -15634
6513 8127 -15586
6514 8167 -15670
6515 8107 -15586
6516 8051 -15462
6517 8071 -15562
6518 8121 -15682
6519 8085 -15606
6520 8079 -15554
6521 8069 -15490
6522 8223 -15642
6523 8275 -15998
6524 8223 -15846
6525 8291 -15846
6526 8371 -16018
6527 8421 -16214
6528 8483 -16062
6529 8503 -16098
6530 8501 -15986
6531 8593 -16182
6532 8609 -16274
6533 8555 -16202
6534 8473 -16094
6535 8465 -16066
6536 8631 -16286
6537 8577 -16290
6538 8581 -16430
6539 8545 -16298
6540 8529 -16290
6541 8437 -16074
6542 8379 -16082
6543 8439 -16098
6544 8471 -16122
6545 8507 -16262
6546 8511 -16182
6547 8441 -16118
6548 8491 -16106
6549 8595 -16446
6550 8565 -16402
6551 8549 -16418
6552 8435 -16098
6553 8347 -15954
6554 8383 -16026
6555 8287 -15970
6556 8195 -15874
6557 8247 -15854
6558 8179 -15774
6559 8163 -15718
6560 8121 -15790
6561 8115 -15702
6562 7975 -15638
6563 7933 -15394
6564 7901 -15362
6565 7911 -15458
6566 7963 -15390
6567 7957 -15366
6568 7967 -15542
6569 8105 -15862
6570 8073 -15850
6571 8007 -15582
6572 7905 -15466
6573 7945 -15646
6574 7889 -15610
6575 8035 -15730
6576 7957 -15442
6577 8005 -15490
6578 7995 -15558
6579 8007 -15470
6580 8075 -15442
6581 8033 -15442
6582 8021 -15458
6583 7907 -15426
6584 7865 -15502
6585 7921 -15630
6586 7905 -15550
6587 7917 -15410
6588 7941 -15494
6589 7985 -15518
6590 8057 -15650
6591 8043 -15730
6592 8095 -15830
6593 8237 -16122
6594 8267 -16102
6595 8205 -16022
6596 8189 -15982
6597 8251 -15938
6598 8209 -15798
6599 8263 -15870
6600 8205 -15690
6601 8267 -15798
6602 8105 -15698
6603 8191 -15834
6604 8209 -15942
6605 8133 -15882
6606 8175 -15858
6607 8249 -16042
6608 8241 -15890
6609 8141 -15778
6610 8201 -15902
6611 8219 -15674
6612 8191 -15690
6613 8185 -15878
6614 8069 -15746
6615 8029 -15922
6616 7987 -15958
6617 7943 -15862
6618 7889 -15642
6619 7881 -15582
6620 7779 -15182
6621 7693 -15182
6622 7761 -15554
6623 7833 -15650
6624 7875 -15802
6625 7879 -15710
6626 7777 -15570
6627 7835 -15430
6628 7877 -15546
6629 7809 -15646
6630 7801 -15522
6631 7733 -15542
6632 7841 -15682
6633 7923 -15766
6634 8017 -15894
6635 7945 -15706
6636 8071 -15806
6637 8085 -16058
6638 8055 -15898
6639 8117 -16038
6640 8187 -16106
6641 8099 -15906
6642 8139 -16050
6643 8007 -15834
6644 8081 -15974
6645 8049 -15858
6646 7999 -15758
6647 8011 -15762
6648 8003 -15702
6649 7957 -15722
6650 8005 -15826
6651 8023 -15654
6652 8001 -15670
6653 8109 -15874
6654 8091 -15838
6655 8047 -15638
6656 7989 -15610
6657 8015 -15854
6658 8121 -16090
6659 8071 -15818
6660 8145 -16022
6661 8095 -15922
6662 8141 -15902
6663 8099 -15906
6664 8027 -15874
6665 8089 -15846
6666 8115 -16014
6667 8199 -15906
6668 8193 -15950
6669 8115 -15746
6670 8161 -15910
6671 8271 -16046
6672 8215 -15998
6673 8213 -15938
6674 8171 -15734
6675 8061 -15558
6676 7985 -15562
6677 8067 -15790
6678 8057 -15742
6679 8043 -15770
6680 8119 -15834
6681 8071 -15786
6682 8095 -15658
6683 8111 -15662
6684 8141 -15826
6685 8257 -15818
6686 8309 -15934
6687 8213 -15710
6688 8227 -15658
6689 8309 -15890
6690 8437 -16062
6691 8477 -16042
6692 8323 -15938
6693 8389 -16134
6694 8375 -16054
6695 8309 -15838
6696 8257 -15958
6697 8171 -15786
6698 8269 -15846
6699 8241 -15918
6700 8217 -15822
6701 8321 -16066
6702 8263 -15882
6703 8197 -15838
6704 8187 -15866
6705 8277 -16090
6706 8167 -15854
6707 8177 -15762
6708 8231 -15938
6709 8117 -15642
6710 7969 -15314
6711 7987 -15410
6712 8141 -15722
6713 8103 -15666
6714 8073 -15862
6715 8097 -15790
6716 8113 -15914
6717 8077 -16050
6718 8001 -15654
6719 7931 -15574
6720 7933 -15706
6721 7949 -15846
6722 7979 -16014
6723 7929 -15850
6724 7979 -15898
6725 7947 -15566
6726 7955 -15858
6727 7797 -15578
6728 7735 -15550
6729 7709 -15450
6730 7655 -15394
6731 7669 -15434
6732 7685 -15574
6733 7629 -15354
6734 7681 -15414
6735 7807 -15670
6736 7689 -15290
6737 7755 -15506
6738 7729 -15582
6739 7747 -15698
6740 7739 -15654
6741 7709 -15690
6742 7733 -15790
6743 7685 -15518
6744 7813 -15570
6745 7843 -15694
6746 7877 -15762
6747 7903 -15942
6748 7795 -15726
6749 7803 -15726
6750 7889 -15822
6751 7889 -15758
6752 7807 -15474
6753 7827 -15538
6754 7879 -15474
6755 8075 -15790
6756 7969 -15762
6757 8049 -15718
6758 8177 -15958
6759 8257 -16202
6760 8165 -15978
6761 8075 -15766
6762 8135 -15898
6763 8151 -15902
6764 8161 -15898
6765 8093 -15754
6766 8163 -15946
6767 8081 -15754
6768 8077 -15826
6769 7919 -15502
6770 8007 -15642
6771 7847 -15198
6772 7803 -15286
6773 7877 -15390
6774 7913 -15530
6775 7965 -15726
6776 7975 -15610
6777 8125 -15850
6778 8121 -15870
6779 8173 -15918
6780 8073 -15862
6781 7931 -15658
6782 8019 -15690
6783 7921 -15522
6784 7929 -15522
6785 7975 -15606
6786 8131 -15846
6787 8149 -15970
6788 8035 -15566
6789 8039 -15558
6790 7977 -15334
6791 8109 -15422
6792 8085 -15430
6793 8081 -15542
6794 8095 -15594
6795 8143 -15710
6796 8047 -15590
6797 8191 -15970
6798 8247 -16222
6799 8181 -16010
6800 8201 -16098
6801 8171 -15922
6802 8149 -15882
6803 8109 -15686
6804 8131 -15630
6805 8249 -15854
6806 8347 -15942
6807 8367 -15982
6808 8491 -16354
6809 8405 -16226
6810 8479 -16458
6811 8567 -16538
6812 8447 -16270
6813 8391 -16162
6814 8373 -16146
6815 8373 -16058
6816 8389 -16122
6817 8365 -15878
6818 8351 -15746
6819 8469 -16022
6820 8377 -15910
6821 8429 -15986
6822 8359 -15842
6823 8377 -16014
6824 8427 -16186
6825 8321 -15990
6826 8253 -15878
6827 8371 -16042
6828 8349 -16010
6829 8211 -15638
6830 8041 -15542
6831 8053 -15602
6832 7997 -15462
6833 8097 -15842
6834 8045 -15590
6835 8029 -15670
6836 7969 -15486
6837 7943 -15430
6838 8001 -15494
6839 7929 -15346
6840 7919 -15314
6841 7911 -15270
6842 7937 -15522
6843 8081 -15866
6844 8135 -15770
6845 8231 -15730
6846 8125 -15586
6847 7997 -15374
6848 7897 -15202
6849 7945 -15462
6850 7923 -15398
6851 7933 -15410
6852 7855 -15426
6853 7777 -15370
6854 7761 -15274
6855 7773 -15286
6856 7697 -15186
6857 7807 -15450
6858 7947 -15738
6859 7905 -15654
6860 7797 -15610
6861 7799 -15666
6862 7675 -15530
6863 7759 -15486
6864 7729 -15422
6865 7797 -15478
6866 7817 -15574
6867 7907 -15670
6868 7855 -15618
6869 7967 -15730
6870 7911 -15722
6871 7975 -15830
6872 7897 -15638
6873 7865 -15630
6874 7945 -15802
6875 7953 -15682
6876 7903 -15582
6877 7953 -15522
6878 7917 -15526
6879 7993 -15662
6880 7955 -15550
6881 7877 -15498
6882 7933 -15558
6883 7937 -15434
6884 8047 -15678
6885 8019 -15694
6886 8105 -16038
6887 8153 -16026
6888 8177 -16018
6889 8209 -16030
6890 8321 -16050
6891 8293 -16186
6892 8285 -16350
6893 8267 -16150
6894 8333 -16158
6895 8395 -16222
6896 8389 -16190
6897 8317 -16054
6898 8337 -16110
6899 8291 -16034
6900 8431 -16274
6901 8297 -16262
6902 8299 -16142
6903 8161 -15894
6904 8177 -15862
6905 8209 -15910
6906 8253 -15814
6907 8243 -15706
6908 8173 -15578
6909 8013 -15350
6910 8053 -15426
6911 8087 -15582
6912 8043 -15542
6913 8105 -15638
6914 8157 -15658
6915 8225 -15850
6916 8223 -15654
6917 8293 -15958
6918 8125 -15710
6919 8077 -15786
6920 8029 -15686
6921 8115 -15634
6922 8087 -15482
6923 8077 -15618
6924 8111 -15798
6925 8163 -15886
6926 8215 -15934
6927 8165 -15830
6928 7977 -15662
6929 8015 -15670
6930 8017 -15702
6931 7927 -15466
6932 8051 -15690
6933 8095 -15726
6934 8125 -15906
6935 8101 -15862
6936 8153 -15962
6937 8021 -15802
6938 8049 -15926
6939 7987 -15842
6940 7983 -15846
6941 8075 -15922
6942 8095 -15966
6943 8111 -15826
6944 8087 -15946
6945 8083 -15902
6946 7949 -15586
6947 8109 -15882
6948 8093 -15850
6949 8039 -15734
6950 7993 -15658
6951 8059 -15766
6952 8099 -15798
6953 8077 -15626
6954 8069 -15654
6955 7901 -15482
6956 7783 -15566
6957 7769 -15494
6958 7959 -15774
6959 7741 -15450
6960 7781 -15406
6961 7755 -15398
6962 7813 -15522
6963 7799 -15386
6964 7957 -15554
6965 8003 -15730
6966 7969 -15546
6967 7917 -15586
6968 7911 -15634
6969 7981 -15586
6970 7989 -15726
6971 7967 -15698
6972 7959 -15506
6973 7943 -15446
6974 7923 -15374
6975 7991 -15466
6976 7983 -15658
6977 7989 -15658
6978 7953 -15438
6979 7981 -15670
6980 8017 -15594
6981 8091 -15714
6982 8057 -15862
6983 7955 -15658
6984 7987 -15630
6985 8035 -15758
6986 8009 -15678
6987 7899 -15422
6988 7957 -15574
6989 7981 -15570
6990 8035 -15874
6991 7901 -15678
6992 7869 -15730
6993 7767 -15338
6994 7807 -15466
6995 7703 -15310
6996 7687 -15362
6997 7667 -15314
6998 7637 -15354
6999 7629 -15426
7000 7707 -15614
7001 7745 -15666
7002 7719 -15686
7003 7747 -15642
7004 7767 -15654
7005 7789 -15622
7006 7801 -15674
7007 7905 -15802
7008 7999 -15954
7009 7909 -15778
7010 7947 -15662
7011 8149 -15710
7012 8141 -15734
7013 8189 -15778
7014 8173 -15570
7015 8231 -15750
7016 8393 -16002
7017 8391 -15990
7018 8407 -16086
7019 8267 -15990
7020 8353 -16014
7021 8389 -16170
7022 8439 -16118
7023 8277 -15926
7024 8293 -16050
7025 8331 -15854
7026 8303 -15826
7027 8209 -15726
7028 8165 -15690
7029 8163 -15714
7030 8059 -15642
7031 8111 -15746
7032 8079 -15694
7033 8097 -15810
7034 8085 -15754
7035 8025 -15790
7036 7955 -15678
7037 7967 -15514
7038 7905 -15410
7039 7883 -15578
7040 7939 -15646
7041 7951 -15646
7042 7945 -15658
7043 7969 -15730
7044 7879 -15562
7045 8041 -15914
7046 8053 -15894
7047 8155 -15802
7048 8167 -15810
7049 8167 -15910
7050 8207 -15966
7051 8215 -15882
7052 8103 -15830
7053 8167 -15906
7054 8105 -15682
7055 8235 -15882
7056 8167 -15838
7057 8127 -15802
7058 8117 -15718
7059 8111 -15762
7060 8043 -15750
7061 8107 -15710
7062 8127 -15770
7063 7945 -15542
7064 7977 -15634
7065 7873 -15510
7066 7849 -15510
7067 7811 -15202
7068 7839 -15142
7069 7927 -15386
7070 7949 -15562
7071 8019 -15602
7072 7833 -15406
7073 7875 -15458
7074 7801 -15170
7075 7821 -15430
7076 7919 -15638
7077 7835 -15466
7078 7807 -15426
7079 7931 -15610
7080 7951 -15570
7081 7921 -15650
7082 7795 -15634
7083 7839 -15690
7084 7725 -15442
7085 7855 -15578
7086 7777 -15470
7087 7875 -15646
7088 7611 -15398
7089 7741 -15590
7090 7773 -15674
7091 7739 -15402
7092 7835 -15434
7093 7675 -15206
7094 7645 -15346
7095 7763 -15330
7096 7701 -15358
7097 7613 -15238
7098 7499 -15094
7099 7449 -15158
7100 7547 -15314
7101 7531 -15242
7102 7591 -15418
7103 7497 -15130
7104 7507 -15382
7105 7431 -15202
7106 7579 -15366
7107 7583 -15354
7108 7709 -15466
7109 7667 -15402
7110 7695 -15402
7111 7635 -15322
7112 7591 -15306
7113 7613 -15406
7114 7621 -15326
7115 7649 -15494
7116 7661 -15502
7117 7621 -15278
7118 7623 -15398
7119 7621 -15310
7120 7577 -15198
7121 7751 -15610
7122 7685 -15566
7123 7623 -15398
7124 7651 -15410
7125 7703 -15570
7126 7549 -15326
7127 7465 -15326
7128 7425 -15026
7129 7363 -15018
7130 7495 -15210
7131 7567 -15250
7132 7525 -15462
7133 7435 -15354
7134 7393 -15062
7135 7499 -15166
7136 7479 -15074
7137 7545 -15378
7138 7385 -15170
7139 7449 -15230
7140 7529 -15378
7141 7507 -15562
7142 7575 -15542
7143 7693 -15542
7144 7667 -15378
7145 7607 -15542
7146 7725 -15650
7147 7751 -15642
7148 7661 -15482
7149 7683 -15506
7150 7693 -15574
7151 7787 -15806
7152 7837 -15882
7153 7807 -15774
7154 7747 -15666
7155 7795 -15678
7156 7707 -15742
7157 7699 -15618
7158 7701 -15662
7159 7849 -15874
7160 7837 -15826
7161 7793 -15734
7162 7769 -15630
7163 7741 -15514
7164 7765 -15502
7165 7675 -15178
7166 7623 -15258
7167 7777 -15506
7168 7897 -15566
7169 7883 -15634
7170 7919 -15542
7171 7859 -15518
7172 7743 -15358
7173 7769 -15318
7174 7879 -15534
7175 7989 -15646
7176 7915 -15726
7177 7907 -15434
7178 7845 -15562
7179 7843 -15486
7180 7811 -15406
7181 7785 -15414
7182 7781 -15450
7183 7807 -15490
7184 7859 -15570
7185 7793 -15406
7186 7773 -15390
7187 7795 -15478
7188 7859 -15702
7189 7913 -16022
7190 7865 -15782
7191 7723 -15558
7192 7689 -15430
7193 7725 -15610
7194 7865 -15810
7195 7823 -15730
7196 7833 -15906
7197 7793 -15718
7198 7877 -15846
7199 7751 -15658
7200 7797 -15818
7201 7881 -15846
7202 7851 -15738
7203 7885 -15922
7204 7807 -15786
7205 7805 -15682
7206 7843 -15650
7207 7775 -15518
7208 7805 -15650
7209 7823 -15590
7210 7765 -15446
7211 7855 -15510
7212 7909 -15714
7213 7829 -15726
7214 7719 -15746
7215 7685 -15578
7216 7705 -15618
7217 7555 -15506
7218 7467 -15358
7219 7571 -15582
7220 7609 -15626
7221 7547 -15454
7222 7503 -15326
7223 7551 -15502
7224 7585 -15530
7225 7627 -15582
7226 7649 -15742
7227 7459 -15590
7228 7467 -15410
7229 7369 -15274
7230 7385 -15318
7231 7509 -15414
7232 7585 -15642
7233 7647 -15566
7234 7667 -15618
7235 7787 -15590
7236 7875 -15914
7237 7789 -15774
7238 7733 -15498
7239 7771 -15522
7240 7937 -15874
7241 7933 -15846
7242 7893 -15870
7243 7827 -15670
7244 7867 -15762
7245 7865 -15758
7246 7811 -15602
7247 7787 -15642
7248 7859 -15814
7249 7895 -15854
7250 8051 -15866
7251 7869 -15590
7252 7939 -15962
7253 7955 -16138
7254 7995 -16198
7255 7961 -16026
7256 7919 -15814
7257 7885 -15750
7258 7869 -15834
7259 7947 -15958
7260 7811 -15686
7261 7725 -15666
7262 7799 -15618
7263 7637 -15530
7264 7733 -15638
7265 7679 -15622
7266 7663 -15630
7267 7845 -15794
7268 7683 -15674
7269 7591 -15450
7270 7535 -15422
7271 7447 -15414
7272 7611 -15734
7273 7617 -15598
7274 7717 -15606
7275 7725 -15770
7276 7839 -15878
7277 7767 -15682
7278 7815 -15846
7279 7651 -15878
7280 7711 -15818
7281 7565 -15590
7282 7621 -15626
7283 7541 -15482
7284 7403 -15142
7285 7379 -15110
7286 7539 -15130
7287 7571 -15326
7288 7569 -15526
7289 7705 -15866
7290 7631 -15678
7291 7673 -15970
7292 7663 -15722
7293 7793 -15798
7294 7755 -15786
7295 7743 -15630
7296 7765 -15470
7297 7731 -15466
7298 7655 -15430
7299 7649 -15586
7300 7755 -15630
7301 7683 -15562
7302 7803 -15570
7303 7727 -15498
7304 7737 -15338
7305 7821 -15398
7306 7863 -15662
7307 7999 -15810
7308 7901 -15658
7309 7905 -15682
7310 7955 -16026
7311 7985 -15958
7312 8101 -16202
7313 8083 -16126
7314 8059 -16198
7315 8099 -16078
7316 7971 -16026
7317 7975 -15910
7318 7971 -15818
7319 7951 -15842
7320 7951 -15774
7321 7947 -15646
7322 8003 -15594
7323 7999 -15566
7324 7941 -15470
7325 8031 -15710
7326 7983 -15562
7327 8015 -15546
7328 8071 -15670
7329 8025 -15630
7330 8131 -15866
7331 8037 -15774
7332 8003 -15690
7333 8027 -15586
7334 8183 -15974
7335 8029 -15826
7336 8031 -15658
7337 8013 -15630
7338 7905 -15302
7339 8075 -15658
7340 7949 -15714
7341 7825 -15246
7342 7745 -15266
7343 7815 -15470
7344 7949 -15618
7345 7973 -15678
7346 7983 -15790
7347 7961 -15730
7348 7877 -15662
7349 7723 -15258
7350 7705 -15242
7351 7665 -15210
7352 7725 -15406
7353 7769 -15462
7354 7751 -15486
7355 7737 -15410
7356 7837 -15574
7357 7901 -15694
7358 7977 -15642
7359 7863 -15450
7360 7995 -15714
7361 7883 -15570
7362 7833 -15394
7363 7951 -15590
7364 7895 -15582
7365 7901 -15622
7366 8031 -15810
7367 7959 -15778
7368 8013 -15838
7369 7935 -15782
7370 7885 -15502
7371 7917 -15666
7372 8091 -15758
7373 8141 -15878
7374 8111 -15710
7375 8075 -15638
7376 8093 -15906
7377 8145 -15942
7378 8111 -16010
7379 8099 -15974
7380 8061 -15638
7381 8173 -15730
7382 8243 -16058
7383 8311 -16238
7384 8337 -16182
7385 8357 -16254
7386 8239 -15994
7387 8211 -15998
7388 8261 -16042
7389 8083 -15578
7390 8019 -15414
7391 8185 -15918
7392 8109 -15762
7393 8099 -15810
7394 7957 -15682
7395 7879 -15650
7396 7881 -15586
7397 7967 -15742
7398 8021 -15706
7399 7983 -15722
7400 8057 -15758
7401 8073 -15902
7402 8163 -15986
7403 8209 -16018
7404 8135 -15722
7405 8133 -15858
7406 8185 -16006
7407 8233 -16042
7408 8229 -15922
7409 8063 -15650
7410 7879 -15446
7411 7953 -15646
7412 7853 -15406
7413 7969 -15742
7414 8009 -15938
7415 7957 -15650
7416 8037 -15746
7417 8007 -15654
7418 8119 -15818
7419 8117 -15846
7420 8079 -15774
7421 8075 -15734
7422 8105 -15854
7423 8037 -15682
7424 7999 -15646
7425 8055 -15542
7426 8183 -15706
7427 8195 -15438
7428 8407 -15734
7429 8413 -15734
7430 8555 -16222
7431 8493 -16102
7432 8479 -16114
7433 8385 -15854
7434 8381 -15786
7435 8423 -15894
7436 8449 -16026
7437 8353 -15818
7438 8351 -15746
7439 8333 -15606
7440 8465 -15950
7441 8425 -15718
7442 8479 -15922
7443 8525 -16038
7444 8505 -16046
7445 8597 -16222
7446 8553 -16066
7447 8471 -15942
7448 8487 -16006
7449 8451 -16146
7450 8379 -15966
7451 8471 -16250
7452 8425 -16086
7453 8475 -16282
7454 8361 -16014
7455 8323 -15894
7456 8283 -15966
7457 8205 -16022
7458 8231 -16010
7459 8259 -15810
7460 8339 -15962
7461 8257 -15950
7462 8137 -15658
7463 8239 -15842
7464 8205 -15894
7465 8277 -15914
7466 8343 -16234
7467 8331 -16106
7468 8263 -15994
7469 8299 -15998
7470 8301 -16038
7471 8253 -15858
7472 8275 -15922
7473 8275 -15874
7474 8217 -15798
7475 8161 -15578
7476 8183 -15790
7477 8085 -15722
7478 8115 -15682
7479 8083 -15718
7480 8153 -15878
7481 8177 -15838
7482 8061 -15750
7483 8037 -15674
7484 7957 -15350
7485 7995 -15654
7486 7955 -15562
7487 7817 -15338
7488 7819 -15294
7489 7931 -15522
7490 7831 -15194
7491 7947 -15346
7492 7981 -15390
7493 8055 -15594
7494 8139 -15770
7495 8121 -15822
7496 8207 -15858
7497 8143 -15758
7498 8127 -15858
7499 8103 -15594
7500 8107 -15514
7501 8203 -15886
7502 8187 -15822
7503 8145 -15794
7504 8223 -15942
7505 8251 -16034
7506 8115 -15766
7507 7963 -15686
7508 7983 -15586
7509 8061 -15770
7510 8031 -15602
7511 8187 -16154
7512 8241 -16074
7513 8157 -15986
7514 7943 -15786
7515 7847 -15646
7516 7819 -15630
7517 7937 -15794
7518 7893 -15742
7519 7937 -15802
7520 8037 -15814
7521 7987 -15702
7522 8011 -15754
7523 8031 -15662
7524 8035 -15518
7525 8091 -15554
7526 8055 -15446
7527 8141 -15642
7528 8159 -15854
7529 8151 -15982
7530 8175 -15926
7531 8185 -15966
7532 8157 -16106
7533 8127 -16034
7534 8131 -16066
7535 8113 -15786
7536 8051 -15686
7537 7897 -15546
7538 7893 -15498
7539 7947 -15562
7540 7979 -15874
7541 7961 -15738
7542 7993 -15854
7543 8091 -15882
7544 7995 -15758
7545 8047 -15810
7546 8077 -15770
7547 8177 -16034
7548 8239 -16254
7549 8141 -15938
7550 8141 -15990
7551 8111 -15858
7552 8117 -16066
7553 8071 -15802
7554 8159 -15902
7555 8113 -15914
7556 8105 -15806
7557 8077 -15930
7558 8145 -16070
7559 7963 -15710
7560 8009 -15826
7561 7897 -15630
7562 7827 -15726
7563 7825 -15854
7564 7789 -15714
7565 7809 -15786
7566 7711 -15438
7567 7729 -15286
7568 7627 -15490
7569 7799 -15622
7570 7813 -15606
7571 7687 -15578
7572 7727 -15598
7573 7823 -15746
7574 7849 -15606
7575 7923 -15734
7576 7983 -15882
7577 7961 -15902
7578 7917 -15862
7579 7815 -15390
7580 7713 -15346
7581 7655 -15434
7582 7745 -15594
7583 7731 -15606
7584 7771 -15594
7585 7767 -15758
7586 7723 -15654
7587 7769 -15622
7588 7721 -15602
7589 7613 -15542
7590 7609 -15662
7591 7557 -15650
7592 7555 -15562
7593 7613 -15638
7594 7611 -15594
7595 7649 -15654
7596 7603 -15678
7597 7693 -15686
7598 7559 -15762
7599 7581 -15686
7600 7503 -15570
7601 7645 -15802
7602 7735 -15814
7603 7681 -15738
7604 7795 -15762
7605 7643 -15546
7606 7649 -15714
7607 7515 -15538
7608 7449 -15510
7609 7467 -15562
7610 7375 -15430
7611 7463 -15458
7612 7567 -15550
7613 7449 -15378
7614 7503 -15382
7615 7507 -15458
7616 7395 -15198
7617 7501 -15478
7618 7483 -15502
7619 7305 -15190
7620 7355 -15338
7621 7383 -15550
7622 7487 -15534
7623 7511 -15490
7624 7313 -15474
7625 7331 -15274
7626 7295 -15286
7627 7305 -15366
7628 7263 -15466
7629 7237 -15286
7630 7255 -15286
7631 7163 -15334
7632 7131 -15282
7633 7129 -15326
7634 7123 -15242
7635 7263 -15362
7636 7259 -15258
7637 7441 -15706
7638 7529 -15698
7639 7585 -15682
7640 7641 -15706
7641 7641 -15510
7642 7545 -15490
7643 7483 -15254
7644 7535 -15402
7645 7553 -15370
7646 7553 -15362
7647 7479 -15382
7648 7541 -15362
7649 7527 -15358
7650 7535 -15422
7651 7473 -15374
7652 7597 -15694
7653 7565 -15898
7654 7581 -15814
7655 7643 -15858
7656 7759 -15934
7657 7723 -15834
7658 7669 -15674
7659 7691 -15746
7660 7595 -15570
7661 7579 -15726
7662 7599 -15670
7663 7635 -15586
7664 7643 -15602
7665 7621 -15694
7666 7451 -15558
7667 7433 -15506
7668 7431 -15334
7669 7401 -15278
7670 7455 -15334
7671 7561 -15430
7672 7711 -15526
7673 7765 -15634
7674 7897 -15690
7675 7797 -15502
7676 7857 -15442
7677 7945 -15686
7678 8015 -15718
7679 8073 -15834
7680 7975 -15582
7681 7991 -15786
7682 8087 -15938
7683 8061 -16034
7684 8095 -15994
7685 8069 -15798
7686 8245 -16018
7687 8367 -16198
7688 8339 -16102
7689 8231 -15858
7690 8331 -16210
7691 8269 -15994
7692 8117 -15786
7693 8055 -15590
7694 7995 -15570
7695 8229 -15974
7696 8249 -16162
7697 8295 -16110
7698 8289 -16146
7699 8313 -15910
7700 8353 -16122
7701 8393 -16082
7702 8389 -16074
7703 8287 -15910
7704 8297 -15922
7705 8303 -16006
7706 8337 -15974
7707 8477 -16362
7708 8467 -16146
7709 8525 -16114
7710 8407 -15862
7711 8435 -16174
7712 8235 -15946
7713 8269 -15986
7714 8219 -15758
7715 8283 -15886
7716 8177 -15882
7717 8109 -15750
7718 8067 -15550
7719 7911 -15418
7720 7859 -15466
7721 7787 -15434
7722 7803 -15394
7723 7819 -15386
7724 7927 -15558
7725 8051 -15714
7726 8123 -15686
7727 8117 -15806
7728 8137 -15718
7729 8055 -15554
7730 7949 -15462
7731 8061 -15618
7732 8071 -15646
7733 8185 -15870
7734 8349 -16126
7735 8315 -15982
7736 8323 -15926
7737 8357 -15914
7738 8379 -15862
7739 8285 -15886
7740 8299 -15958
7741 8281 -15958
7742 8115 -15706
7743 8097 -15714
7744 8067 -15658
7745 8125 -15770
7746 8005 -15550
7747 7933 -15454
7748 8023 -15582
7749 8031 -15586
7750 8061 -15710
7751 7985 -15642
7752 7961 -15666
7753 8015 -15870
7754 8175 -16058
7755 8109 -16046
7756 8053 -15814
7757 8151 -15930
7758 8109 -15822
7759 8161 -15774
7760 8143 -15770
7761 8139 -15674
7762 8209 -15834
7763 8205 -15674
7764 8249 -15846
7765 8243 -15654
7766 8189 -15662
7767 8143 -15514
7768 8207 -15530
7769 8225 -15638
7770 8227 -15638
7771 8263 -15846
7772 8325 -15922
7773 8185 -15654
7774 8337 -16002
7775 8389 -16162
7776 8367 -16154
7777 8343 -16130
7778 8337 -16190
7779 8321 -16214
7780 8327 -16198
7781 8355 -16054
7782 8355 -16122
7783 8363 -15982
7784 8331 -16006
7785 8197 -15866
7786 8077 -15754
7787 8115 -15786
7788 8149 -15798
7789 8119 -15770
7790 8141 -15690
7791 8145 -15898
7792 8171 -15982
7793 8211 -16018
7794 8289 -16026
7795 8285 -15954
7796 8299 -16106
7797 8227 -15886
7798 8233 -16126
7799 8161 -15906
7800 8245 -15722
7801 8201 -15810
7802 8221 -15850
7803 8219 -15918
7804 8425 -16058
7805 8411 -16194
7806 8315 -16110
7807 8285 -16002
7808 8191 -15762
7809 8221 -15826
7810 8049 -15522
7811 8141 -15742
7812 8093 -15782
7813 8105 -15690
7814 7975 -15546
7815 8071 -15594
7816 8003 -15586
7817 8115 -15638
7818 8079 -15578
7819 8089 -15758
7820 8003 -15662
7821 8023 -15614
7822 7963 -15382
7823 8009 -15678
7824 7983 -15586
7825 8065 -15766
7826 8171 -15870
7827 8115 -15806
7828 8103 -15634
7829 7935 -15538
7830 7919 -15514
7831 7897 -15394
7832 7907 -15566
7833 7969 -15650
7834 7951 -15694
7835 7843 -15482
7836 7861 -15466
7837 7801 -15438
7838 7825 -15386
7839 7935 -15454
7840 7949 -15482
7841 7949 -15486
7842 7931 -15398
7843 7991 -15474
7844 7987 -15514
7845 8165 -15822
7846 8247 -15886
7847 8181 -15874
7848 8215 -15918
7849 8125 -15694
7850 8095 -15850
7851 8057 -15822
7852 8113 -15854
7853 8059 -15854
7854 8155 -15870
7855 8125 -15782
7856 8117 -15718
7857 8233 -15966
7858 8327 -15982
7859 8353 -15942
7860 8461 -16146
7861 8505 -16266
7862 8453 -16278
7863 8315 -16002
7864 8387 -16178
7865 8299 -16086
7866 8193 -15674
7867 8263 -15834
7868 8267 -15970
7869 8211 -16074
7870 8283 -16058
7871 8203 -16010
7872 8223 -15930
7873 8037 -15858
7874 8015 -15786
7875 7991 -15718
7876 7947 -15626
7877 8053 -15566
7878 8177 -15750
7879 8119 -15674
7880 8039 -15474
7881 8089 -15622
7882 8113 -15950
7883 8131 -15858
7884 8197 -15890
7885 8275 -16038
7886 8227 -15714
7887 8117 -15494
7888 8111 -15618
7889 8147 -15826
7890 8201 -15842
7891 8047 -15458
7892 8053 -15614
7893 8025 -15566
7894 8099 -15582
7895 8165 -15650
7896 8239 -15846
7897 8241 -15866
7898 8321 -15842
7899 8325 -15946
7900 8337 -15902
7901 8243 -15754
7902 8291 -15794
7903 8201 -15670
7904 8025 -15586
7905 8103 -15678
7906 8077 -15626
7907 8067 -15618
7908 7961 -15362
7909 7913 -15414
7910 7999 -15418
7911 8067 -15754
7912 7983 -15586
7913 8029 -15630
7914 7995 -15774
7915 7987 -15778
7916 7961 -15726
7917 7975 -15834
7918 8033 -15650
7919 7957 -15414
7920 7965 -15446
7921 7953 -15438
7922 8039 -15634
7923 7921 -15614
7924 8099 -15626
7925 8233 -16146
7926 8119 -15854
7927 8227 -15974
7928 8163 -15870
7929 8197 -15946
7930 8169 -15874
7931 8113 -15810
7932 8043 -15570
7933 8079 -15606
7934 7945 -15606
7935 7979 -15654
7936 7923 -15498
7937 7933 -15674
7938 7955 -15666
7939 7899 -15606
7940 7945 -15742
7941 8027 -15846
7942 8061 -15758
7943 7973 -15726
7944 7875 -15538
7945 7865 -15458
7946 7943 -15682
7947 7881 -15790
7948 7885 -15710
7949 7827 -15426
7950 7843 -15366
7951 7781 -15434
7952 7779 -15442
7953 7775 -15526
7954 7897 -15910
7955 7933 -15814
7956 7959 -15826
7957 8055 -15750
7958 8141 -15954
7959 8139 -15938
7960 7983 -15546
7961 7859 -15578
7962 7701 -15586
7963 7677 -15658
7964 7523 -15366
7965 7387 -15162
7966 7371 -15130
7967 7291 -14946
7968 7229 -14994
7969 7205 -15214
7970 7153 -15070
7971 7225 -15070
7972 7249 -15146
7973 7325 -15282
7974 7367 -15262
7975 7395 -15194
7976 7449 -15334
7977 7401 -15318
7978 7533 -15494
7979 7591 -15490
7980 7587 -15390
7981 7677 -15558
7982 7663 -15414
7983 7661 -15462
7984 7679 -15458
7985 7665 -15498
7986 7637 -15410
7987 7609 -15486
7988 7535 -15326
7989 7521 -15318
7990 7433 -15202
7991 7453 -15346
7992 7525 -15274
7993 7633 -15638
7994 7629 -15550
7995 7659 -15646
7996 7525 -15406
7997 7517 -15274
7998 7555 -15390
7999 7545 -15318
8000 7579 -15306
8001 7567 -15394
8002 7599 -15462
8003 7519 -15358
8004 7539 -15262
8005 7623 -15574
8006 7735 -15710
8007 7723 -15606
8008 7753 -15558
8009 7849 -15682
8010 7859 -15606
8011 7731 -15330
8012 7731 -15418
8013 7723 -15462
8014 7733 -15474
8015 7779 -15470
8016 7867 -15702
8017 7745 -15370
8018 7763 -15390
8019 7645 -15374
8020 7587 -15158
8021 7563 -15002
8022 7627 -15290
8023 7591 -15282
8024 7557 -15362
8025 7601 -15370
8026 7599 -15518
8027 7677 -15630
8028 7665 -15558
8029 7717 -15574
8030 7673 -15342
8031 7751 -15450
8032 7749 -15398
8033 7795 -15262
8034 7767 -15422
8035 7905 -15422
8036 7821 -15374
8037 7913 -15702
8038 7927 -15926
8039 8029 -15714
8040 8019 -15782
8041 8099 -15870
8042 8137 -15930
8043 8153 -16018
8044 8159 -15934
8045 8157 -15878
8046 8095 -15650
8047 8085 -15694
8048 8087 -15650
8049 8047 -15598
8050 8169 -15930
8051 8115 -15790
8052 8169 -15970
8053 8209 -16074
8054 8333 -16266
8055 8301 -16226
8056 8211 -15890
8057 8227 -15898
8058 8251 -15854
8059 8289 -16002
8060 8265 -16070
8061 8221 -16086
8062 8193 -16066
8063 8157 -16038
8064 8105 -15882
8065 8035 -15786
8066 8071 -15906
8067 8071 -15922
8068 8079 -15950
8069 7959 -15790
8070 7885 -15710
8071 7873 -15494
8072 7875 -15514
8073 7875 -15626
8074 7965 -15670
8075 8003 -15702
8076 7965 -15642
8077 7969 -15762
8078 8075 -15802
8079 8039 -15750
8080 8133 -15830
8081 7979 -15658
8082 7881 -15634
8083 7979 -15758
8084 8089 -16030
8085 8167 -16110
8086 8167 -16030
8087 8169 -16082
8088 8097 -15946
8089 8045 -16074
8090 8069 -15934
8091 8029 -15942
8092 8029 -15710
8093 8163 -15938
8094 8107 -15726
8095 7971 -15562
8096 8037 -15646
8097 8011 -15570
8098 8233 -15870
8099 8235 -15974
8100 8351 -16142
8101 8289 -16030
8102 8295 -16114
8103 8159 -15922
8104 8079 -15758
8105 8091 -15898
8106 8183 -16130
8107 8109 -15950
8108 8025 -15714
8109 8209 -16082
8110 8095 -15946
8111 8185 -15918
8112 8185 -15966
8113 8179 -16030
8114 8257 -16218
8115 8241 -16106
8116 8197 -16026
8117 8151 -15770
8118 8071 -15662
8119 8137 -15846
8120 8069 -15854
8121 7961 -15750
8122 7959 -15598
8123 7905 -15570
8124 7807 -15362
8125 7819 -15354
8126 7843 -15310
8127 7985 -15686
8128 7951 -15638
8129 7975 -15482
8130 7987 -15546
8131 7955 -15566
8132 7911 -15558
8133 7981 -15874
8134 7907 -15794
8135 7917 -15714
8136 7831 -15614
8137 7827 -15494
8138 7879 -15594
8139 7901 -15678
8140 7801 -15558
8141 7815 -15670
8142 7853 -15542
8143 7793 -15530
8144 7843 -15642
8145 7911 -15786
8146 7905 -15730
8147 7847 -15610
8148 7863 -15658
8149 7881 -15642
8150 7833 -15606
8151 7767 -15658
8152 7885 -15806
8153 7895 -15722
8154 7907 -15746
8155 7895 -15750
8156 7937 -15766
8157 7863 -15770
8158 7885 -15726
8159 7889 -15662
8160 7797 -15526
8161 7799 -15458
8162 7849 -15610
8163 7823 -15630
8164 7799 -15642
8165 7789 -15578
8166 7759 -15594
8167 7939 -15850
8168 7975 -15902
8169 7987 -16010
8170 7841 -15858
8171 7881 -15966
8172 7739 -15698
8173 7767 -15858
8174 7815 -15830
8175 7765 -15746
8176 7683 -15686
8177 7701 -15510
8178 7567 -15246
8179 7693 -15542
8180 7603 -15482
8181 7615 -15478
8182 7655 -15434
8183 7669 -15382
8184 7607 -15306
8185 7577 -15298
8186 7545 -15370
8187 7591 -15482
8188 7583 -15386
8189 7627 -15362
8190 7621 -15290
8191 7715 -15534
8192 7693 -15422
8193 7787 -15666
8194 7741 -15538
8195 7657 -15426
8196 7639 -15578
8197 7571 -15314
8198 7655 -15698
8199 7695 -15598
8200 7741 -15694
8201 7723 -15646
8202 7675 -15606
8203 7701 -15638
8204 7697 -15542
8205 7649 -15434
8206 7593 -15486
8207 7587 -15374
8208 7617 -15490
8209 7663 -15650
8210 7725 -15626
8211 7607 -15322
8212 7675 -15418
8213 7655 -15486
8214 7815 -15610
8215 7755 -15410
8216 7849 -15626
8217 7859 -15734
8218 7735 -15370
8219 7639 -15494
8220 7745 -15582
8221 7751 -15430
8222 7715 -15510
8223 7669 -15662
8224 7559 -15310
8225 7545 -15358
8226 7623 -15346
8227 7659 -15530
8228 7625 -15334
8229 7631 -15254
8230 7631 -15446
8231 7637 -15510
8232 7749 -15662
8233 7811 -15538
8234 7775 -15486
8235 7799 -15794
8236 7763 -15518
8237 7699 -15438
8238 7691 -15670
8239 7587 -15554
8240 7687 -15570
8241 7653 -15502
8242 7669 -15518
8243 7579 -15230
8244 7747 -15578
8245 7871 -15922
8246 7813 -15990
8247 7617 -15558
8248 7515 -15298
8249 7597 -15358
8250 7659 -15334
8251 7711 -15346
8252 7675 -15334
8253 7753 -15346
8254 7769 -15478
8255 7701 -15298
8256 7753 -15222
8257 7855 -15370
8258 7937 -15602
8259 7951 -15786
8260 7953 -15774
8261 7877 -15594
8262 7893 -15594
8263 7889 -15514
8264 7869 -15398
8265 7935 -15618
8266 8003 -15782
8267 8029 -15666
8268 7949 -15682
8269 7919 -15514
8270 7893 -15446
8271 7869 -15322
8272 7981 -15586
8273 8101 -15770
8274 8123 -15626
8275 8181 -15902
8276 8245 -16062
8277 8171 -15790
8278 8113 -15858
8279 8173 -15962
8280 8215 -15886
8281 8279 -16018
8282 8287 -16106
8283 8101 -15838
8284 8069 -15790
8285 8105 -15806
8286 8103 -15758
8287 7989 -15514
8288 7969 -15470
8289 8041 -15798
8290 8127 -15666
8291 7973 -15342
8292 7809 -15162
8293 7767 -15086
8294 7745 -15170
8295 7705 -15010
8296 7857 -15378
8297 7767 -15082
8298 7833 -15370
8299 7805 -15514
8300 7881 -15702
8301 7899 -15562
8302 7933 -15814
8303 7941 -15822
8304 7769 -15570
8305 7745 -15510
8306 7855 -15378
8307 7671 -15142
8308 7537 -15030
8309 7623 -15306
8310 7639 -15354
8311 7645 -15242
8312 7721 -15490
8313 7683 -15518
8314 7733 -15486
8315 7755 -15590
8316 7815 -15886
8317 7847 -15698
8318 7821 -15502
8319 7865 -15462
8320 7839 -15494
8321 7945 -15654
8322 7983 -15674
8323 8041 -15746
8324 8067 -15606
8325 8185 -15754
8326 8137 -15850
8327 8061 -15990
8328 8033 -15722
8329 8125 -15854
8330 8145 -15914
8331 7985 -15722
8332 8023 -15686
8333 7929 -15634
8334 7853 -15446
8335 7759 -15202
8336 7717 -15302
8337 7577 -15190
8338 7589 -15170
8339 7661 -15346
8340 7681 -15462
8341 7791 -15598
8342 7733 -15534
8343 7633 -15506
8344 7635 -15422
8345 7751 -15622
8346 7735 -15606
8347 7853 -15770
8348 7809 -15650
8349 7931 -15886
8350 7793 -15918
8351 7791 -15738
8352 7777 -15926
8353 7689 -15626
8354 7741 -15774
8355 7593 -15466
8356 7575 -15438
8357 7607 -15558
8358 7591 -15414
8359 7603 -15374
8360 7525 -15238
8361 7327 -14922
8362 7377 -15158
8363 7315 -15194
8364 7363 -15170
8365 7311 -15202
8366 7257 -15038
8367 7369 -15226
8368 7321 -15102
8369 7315 -15058
8370 7387 -15178
8371 7463 -15354
8372 7593 -15606
8373 7547 -15398
8374 7565 -15402
8375 7499 -15442
8376 7509 -15534
8377 7377 -15458
8378 7329 -15290
8379 7499 -15550
8380 7631 -15722
8381 7535 -15426
8382 7437 -15358
8383 7475 -15406
8384 7651 -15570
8385 7535 -15466
8386 7689 -15550
8387 7723 -15638
8388 7787 -15694
8389 7785 -15562
8390 7871 -15702
8391 7849 -15786
8392 7855 -15750
8393 7741 -15490
8394 7823 -15642
8395 7807 -15666
8396 7869 -15662
8397 7729 -15550
8398 7709 -15438
8399 7781 -15570
8400 7811 -15814
8401 8041 -16062
8402 7999 -16026
8403 7933 -15810
8404 8001 -15950
8405 8025 -15986
8406 8021 -15874
8407 7935 -15802
8408 7897 -15790
8409 7993 -15782
8410 7883 -15630
8411 7977 -15742
8412 8073 -15858
8413 7965 -15630
8414 7933 -15782
8415 8017 -15986
8416 7993 -15822
8417 8067 -15922
8418 8087 -15866
8419 7945 -15786
8420 7933 -15634
8421 8013 -15954
8422 8019 -15926
8423 8007 -15878
8424 8049 -15790
8425 8065 -15850
8426 7989 -15782
8427 8057 -15726
8428 8075 -15814
8429 8013 -15654
8430 7975 -15602
8431 7943 -15594
8432 8015 -15626
8433 8063 -15798
8434 7993 -15830
8435 7949 -15762
8436 7949 -15654
8437 7855 -15538
8438 7787 -15446
8439 7855 -15638
8440 7849 -15554
8441 7879 -15658
8442 7951 -15638
8443 7925 -15642
8444 7881 -15286
8445 7809 -15426
8446 7793 -15362
8447 7965 -15678
8448 7871 -15638
8449 7915 -15558
8450 7875 -15466
8451 7777 -15210
8452 7643 -15102
8453 7847 -15570
8454 7823 -15430
8455 7873 -15502
8456 7985 -15910
8457 7865 -15754
8458 7833 -15590
8459 7825 -15606
8460 7915 -15894
8461 7925 -15730
8462 7947 -15802
8463 7897 -15726
8464 7929 -15746
8465 7913 -15710
8466 7961 -15750
8467 7951 -15698
8468 7897 -15674
8469 7805 -15626
8470 7983 -15774
8471 7973 -15614
8472 7985 -15698
8473 7989 -15666
8474 8091 -15722
8475 7947 -15626
8476 7935 -15434
8477 7933 -15562
8478 8149 -15922
8479 8201 -16074
8480 8159 -15926
8481 8053 -15754
8482 7899 -15570
8483 7939 -15478
8484 7883 -15694
8485 7989 -15682
8486 8027 -15750
8487 7985 -15890
8488 7985 -15694
8489 8079 -15782
8490 8087 -15878
8491 8155 -15922
8492 8089 -15822
8493 8163 -16090
8494 8073 -15986
8495 7995 -15674
8496 7937 -15714
8497 7997 -15654
8498 7955 -15566
8499 7761 -15370
8500 7875 -15618
8501 7855 -15582
8502 7803 -15342
8503 7853 -15418
8504 7839 -15498
8505 7763 -15502
8506 7653 -15314
8507 7737 -15350
8508 7779 -15494
8509 7683 -15222
8510 7849 -15482
8511 7817 -15734
8512 7781 -15590
8513 7815 -15578
8514 7823 -15598
8515 7863 -15618
8516 7727 -15438
8517 7717 -15430
8518 7791 -15434
8519 7937 -15710
8520 8067 -15858
8521 7979 -15746
8522 7929 -15646
8523 7857 -15526
8524 7927 -15526
8525 7949 -15538
8526 7937 -15654
8527 7983 -15578
8528 8043 -15722
8529 7957 -15538
8530 7919 -15598
8531 7997 -15742
8532 8011 -15778
8533 8023 -15634
8534 7953 -15642
8535 7991 -15694
8536 8001 -15522
8537 7919 -15586
8538 7831 -15478
8539 7783 -15258
8540 7773 -15474
8541 7731 -15310
8542 7693 -15138
8543 7721 -15162
8544 7723 -15206
8545 7775 -15238
8546 7885 -15370
8547 7969 -15506
8548 7883 -15430
8549 7853 -15410
8550 7787 -15462
8551 7669 -15334
8552 7635 -15306
8553 7693 -15374
8554 7757 -15438
8555 7655 -15542
8556 7747 -15706
8557 7787 -15702
8558 7729 -15598
8559 7697 -15710
8560 7773 -15682
8561 7827 -15866
8562 7815 -15794
8563 7891 -15790
8564 7815 -15722
8565 7893 -15850
8566 7879 -15962
8567 7763 -15590
8568 7837 -15718
8569 7805 -15662
8570 7835 -15802
8571 7865 -15962
8572 7851 -15890
8573 7775 -15538
8574 7765 -15726
8575 7827 -15718
8576 7923 -15878
8577 7961 -15870
8578 7959 -15818
8579 7921 -15714
8580 7707 -15346
8581 7857 -15486
8582 7925 -15554
8583 7805 -15446
8584 7707 -15222
8585 7789 -15594
8586 7781 -15506
8587 7869 -15830
8588 7981 -16154
8589 7835 -15854
8590 7875 -15830
8591 7823 -15658
8592 7841 -15694
8593 7961 -15846
8594 7959 -15822
8595 7957 -15922
8596 7903 -15858
8597 7831 -15554
8598 7817 -15402
8599 7889 -15546
8600 7901 -15510
8601 7973 -15734
8602 8061 -15774
8603 8121 -15838
8604 8077 -15818
8605 7973 -15506
8606 7997 -15510
8607 8047 -15802
8608 7997 -15634
8609 8009 -15730
8610 8135 -15934
8611 8149 -15798
8612 8121 -15710
8613 8203 -15950
8614 8055 -15746
8615 8021 -15806
8616 7875 -15626
8617 7873 -15522
8618 7909 -15442
8619 7919 -15682
8620 8001 -15570
8621 8049 -15754
8622 7963 -15582
8623 7957 -15706
8624 7929 -15722
8625 7801 -15378
8626 7821 -15298
8627 7851 -15426
8628 7921 -15510
8629 7959 -15602
8630 8055 -15918
8631 8041 -15742
8632 8055 -15758
8633 7937 -15626
8634 7983 -15730
8635 7921 -15502
8636 7999 -15678
8637 7969 -15590
8638 7973 -15650
8639 7839 -15598
8640 7823 -15554
8641 7807 -15446
8642 7703 -15310
8643 7727 -15414
8644 7841 -15602
8645 7875 -15530
8646 8053 -15670
8647 7957 -15562
8648 7973 -15666
8649 7965 -15658
8650 7993 -15718
8651 7985 -15630
8652 8037 -15758
8653 8085 -15826
8654 8109 -16066
8655 8107 -16086
8656 8119 -16106
8657 8139 -16050
8658 8081 -15862
8659 7945 -15618
8660 7941 -15534
8661 8037 -15666
8662 8055 -15602
8663 7991 -15470
8664 7895 -15266
8665 7963 -15642
8666 8073 -15746
8667 8037 -15642
8668 8065 -15666
8669 7887 -15530
8670 7919 -15570
8671 7959 -15674
8672 8031 -15714
8673 8097 -15690
8674 8087 -15722
8675 8105 -15674
8676 8131 -15682
8677 8183 -15874
8678 8197 -15878
8679 8155 -15750
8680 8137 -15694
8681 8033 -15442
8682 7967 -15438
8683 7999 -15502
8684 8079 -15434
8685 8173 -15554
8686 8285 -15706
8687 8203 -15622
8688 8287 -15646
8689 8263 -15750
8690 8259 -15766
8691 8305 -15750
8692 8285 -15718
8693 8335 -15870
8694 8141 -15686
8695 8209 -15866
8696 8297 -15962
8697 8263 -15830
8698 8271 -15942
8699 8245 -15762
8700 8321 -15990
8701 8305 -16050
8702 8243 -15754
8703 8203 -15838
8704 8211 -15854
8705 8199 -15742
8706 8081 -15630
8707 8111 -15534
8708 8043 -15378
8709 8021 -15238
8710 8007 -15166
8711 8181 -15594
8712 8149 -15606
8713 8045 -15410
8714 8153 -15738
8715 8029 -15586
8716 7963 -15650
8717 7917 -15622
8718 7941 -15582
8719 7845 -15450
8720 7855 -15534
8721 7827 -15490
8722 7885 -15454
8723 7839 -15422
8724 7707 -15146
8725 7685 -15166
8726 7729 -15414
8727 7749 -15482
8728 7769 -15406
8729 7779 -15538
8730 7641 -15150
8731 7677 -15234
8732 7673 -15426
8733 7747 -15466
8734 7667 -15310
8735 7667 -15418
8736 7603 -15302
8737 7745 -15642
8738 7563 -15358
8739 7557 -15398
8740 7495 -15414
8741 7527 -15178
8742 7455 -14998
8743 7497 -15190
8744 7525 -15226
8745 7529 -15446
8746 7583 -15502
8747 7597 -15494
8748 7493 -15286
8749 7421 -15238
8750 7281 -15070
8751 7295 -14826
8752 7199 -14882
8753 7353 -15166
8754 7499 -15430
8755 7419 -15326
8756 7391 -15366
8757 7365 -15094
8758 7527 -15322
8759 7619 -15466
8760 7665 -15462
8761 7739 -15526
8762 7609 -15454
8763 7669 -15502
8764 7715 -15582
8765 7769 -15558
8766 7853 -15594
8767 7881 -15818
8768 7789 -15502
8769 7839 -15510
8770 7847 -15574
8771 7837 -15438
8772 7813 -15414
8773 7979 -15634
8774 7885 -15650
8775 7907 -15614
8776 7967 -15582
8777 7933 -15598
8778 7915 -15734
8779 7827 -15746
8780 7813 -15538
8781 7801 -15502
8782 7829 -15658
8783 7939 -15710
8784 7913 -15674
8785 7951 -15698
8786 7827 -15566
8787 7817 -15562
8788 7915 -15646
8789 7919 -15746
8790 7951 -15818
8791 7827 -15666
8792 7769 -15770
8793 7661 -15454
8794 7669 -15434
8795 7747 -15774
8796 7767 -15662
8797 7815 -15494
8798 7807 -15618
8799 7865 -15570
8800 7903 -15654
8801 7915 -15682
8802 7905 -15734
8803 7887 -15810
8804 7833 -15630
8805 7895 -15718
8806 7833 -15638
8807 7803 -15714
8808 7745 -15470
8809 7781 -15462
8810 7893 -15654
8811 7915 -15538
8812 7921 -15654
8813 7893 -15682
8814 7895 -15482
8815 7983 -15638
8816 8083 -15794
8817 8017 -15694
8818 8123 -15842
8819 8189 -16126
8820 8283 -16282
8821 8237 -16094
8822 8193 -16006
8823 8253 -16086
8824 8205 -16178
8825 8119 -15798
8826 8101 -15862
8827 8123 -16050
8828 8041 -15762
8829 7967 -15566
8830 8095 -15886
8831 8141 -15938
8832 8209 -15874
8833 8225 -15998
8834 8165 -15878
8835 8141 -15658
8836 8163 -15746
8837 8341 -15954
8838 8267 -15918
8839 8257 -15918
8840 8317 -15918
8841 8377 -16022
8842 8449 -16106
8843 8415 -16174
8844 8535 -16250
8845 8419 -16022
8846 8545 -16154
8847 8601 -16422
8848 8513 -16074
8849 8543 -16218
8850 8549 -16194
8851 8513 -16118
8852 8399 -15906
8853 8353 -15994
8854 8299 -16122
8855 8307 -15874
8856 8317 -15802
8857 8297 -15826
8858 8199 -15846
8859 8163 -15758
8860 8227 -15902
8861 8091 -15626
8862 8157 -15674
8863 8203 -15850
8864 8083 -15522
8865 8159 -15722
8866 8157 -15726
8867 8135 -15638
8868 8149 -15694
8869 8021 -15650
8870 7981 -15542
8871 8019 -15666
8872 7989 -15602
8873 7867 -15426
8874 7801 -15390
8875 7869 -15498
8876 7937 -15734
8877 8059 -15994
8878 8109 -16002
8879 8115 -15834
8880 7971 -15502
8881 7925 -15430
8882 7983 -15542
8883 7869 -15366
8884 7815 -15422
8885 7973 -15810
8886 7981 -15714
8887 8087 -15730
8888 8087 -15822
8889 8095 -15850
8890 8181 -15970
8891 8175 -15922
8892 8113 -15634
8893 8181 -15802
8894 8125 -15618
8895 8113 -15758
8896 8215 -15834
8897 8327 -16070
8898 8295 -15998
8899 8213 -15746
8900 8125 -15918
8901 8081 -16002
8902 7971 -15642
8903 7873 -15594
8904 7839 -15446
8905 7945 -15822
8906 7961 -15826
8907 8005 -15858
8908 7895 -15662
8909 7955 -15646
8910 7813 -15410
8911 7851 -15518
8912 7879 -15438
8913 7869 -15346
8914 7955 -15802
8915 7957 -15658
8916 7875 -15774
8917 7795 -15690
8918 7763 -15694
8919 7783 -15634
8920 7795 -15442
8921 7849 -15486
8922 7809 -15470
8923 7807 -15446
8924 7815 -15374
8925 7871 -15410
8926 8017 -15690
8927 8099 -15742
8928 8057 -15858
8929 8123 -15818
8930 8169 -15810
8931 8203 -15926
8932 8163 -15862
8933 8167 -15958
8934 8263 -15986
8935 8219 -16006
8936 8111 -15850
8937 8147 -15966
8938 8155 -15958
8939 8181 -15854
8940 8133 -15834
8941 8205 -16026
8942 8295 -16070
8943 8355 -16266
8944 8295 -16138
8945 8181 -15898
8946 8051 -15742
8947 7955 -15734
8948 8103 -15946
8949 8087 -15738
8950 8155 -15950
8951 8107 -15898
8952 8075 -15962
8953 8107 -15930
8954 8089 -15970
8955 8069 -15974
8956 8145 -15966
8957 8219 -16042
8958 8229 -15854
8959 8163 -15850
8960 8129 -15854
8961 8201 -15814
8962 8269 -15966
8963 8189 -15810
8964 8031 -15614
8965 8173 -15874
8966 8289 -15986
8967 8347 -16146
8968 8281 -16050
8969 8195 -15710
8970 8293 -15858
8971 8323 -15950
8972 8293 -15986
8973 8397 -16154
8974 8285 -15902
8975 8133 -15654
8976 8223 -15938
8977 8219 -15822
8978 8189 -15882
8979 8105 -15778
8980 7985 -15614
8981 8005 -15550
8982 8257 -15910
8983 8355 -16118
8984 8187 -15862
8985 8125 -15590
8986 8121 -15646
8987 8245 -15854
8988 8285 -15958
8989 8401 -15978
8990 8365 -15962
8991 8309 -16018
8992 8277 -15894
8993 8289 -16014
8994 8265 -16018
8995 8277 -15918
8996 8327 -16078
8997 8337 -15898
8998 8365 -15970
8999 8255 -15798
9000 8289 -15866
9001 8227 -15798
9002 8281 -16022
9003 8251 -15930
9004 8197 -15846
9005 8167 -15794
9006 8091 -15698
9007 8147 -15834
9008 8127 -15690
9009 8041 -15502
9010 8175 -15830
9011 8019 -15434
9012 8051 -15634
9013 7909 -15458
9014 7895 -15482
9015 7897 -15522
9016 7909 -15682
9017 7923 -15810
9018 7961 -15818
9019 7981 -15758
9020 7949 -15542
9021 8041 -15686
9022 7955 -15574
9023 7915 -15494
9024 7845 -15598
9025 7797 -15366
9026 7819 -15378
9027 7795 -15350
9028 7841 -15370
9029 7881 -15614
9030 8015 -15754
9031 7923 -15682
9032 7913 -15574
9033 7893 -15526
9034 7789 -15362
9035 7855 -15486
9036 8009 -15534
9037 7957 -15346
9038 7961 -15330
9039 8007 -15622
9040 7929 -15418
9041 8009 -15274
9042 8121 -15538
9043 8121 -15598
9044 8099 -15702
9045 8183 -15714
9046 8173 -15714
9047 8229 -15690
9048 8121 -15338
9049 8071 -15418
9050 8089 -15354
9051 8101 -15466
9052 8197 -15722
9053 8263 -15906
9054 8371 -16158
9055 8317 -15746
9056 8303 -15690
9057 8445 -15998
9058 8499 -16110
9059 8499 -16126
9060 8449 -16034
9061 8513 -16274
9062 8391 -16122
9063 8387 -16162
9064 8329 -16022
9065 8277 -16058
9066 8241 -16062
9067 8243 -16138
9068 8201 -15862
9069 8179 -16034
9070 8245 -16066
9071 8239 -15982
9072 8097 -15710
9073 8089 -15674
9074 8265 -15946
9075 8195 -15834
9076 8289 -15962
9077 8305 -16050
9078 8425 -16230
9079 8337 -15926
9080 8323 -15878
9081 8233 -15670
9082 8247 -15850
9083 8161 -15834
9084 8189 -15818
9085 8101 -15714
9086 8107 -15842
9087 8091 -15702
9088 8027 -15766
9089 7973 -15894
9090 7971 -15734
9091 7989 -15642
9092 7969 -15666
9093 7873 -15538
9094 7961 -15678
9095 8107 -15914
9096 8053 -15774
9097 7955 -15642
9098 7857 -15506
9099 7953 -15670
9100 8015 -15718
9101 8041 -15774
9102 8101 -15890
9103 7997 -15518
9104 7997 -15506
9105 8041 -15514
9106 8085 -15630
9107 8159 -15546
9108 8219 -15790
9109 8227 -15818
9110 8159 -15730
9111 8081 -15586
9112 8025 -15582
9113 8093 -15678
9114 8179 -15690
9115 8229 -15914
9116 8301 -15930
9117 8321 -15790
9118 8287 -15846
9119 8411 -15990
9120 8371 -16010
9121 8279 -15806
9122 8287 -15878
9123 8093 -15502
9124 8207 -15762
9125 8165 -15766
9126 8193 -15666
9127 8249 -15738
9128 8317 -15910
9129 8189 -15758
9130 8271 -15902
9131 8313 -16018
9132 8327 -15982
9133 8367 -15958
9134 8315 -15974
9135 8215 -15826
9136 8217 -15882
9137 8239 -15722
9138 8061 -15710
9139 7991 -15518
9140 8017 -15554
9141 7995 -15622
9142 8003 -15538
9143 7985 -15594
9144 8063 -15770
9145 8013 -15798
9146 8079 -15774
9147 7961 -15538
9148 8103 -15866
9149 8111 -15906
9150 8019 -15794
9151 7971 -15582
9152 7999 -15634
9153 8009 -15734
9154 8087 -15790
9155 8181 -15838
9156 8123 -15626
9157 8173 -15750
9158 8191 -15790
9159 8103 -15586
9160 7973 -15282
9161 7819 -15242
9162 7891 -15366
9163 7757 -15078
9164 7805 -15326
9165 7879 -15502
9166 7673 -15234
9167 7699 -15518
9168 7785 -15598
9169 7733 -15398
9170 7779 -15330
9171 7915 -15626
9172 7961 -15766
9173 7919 -15710
9174 7835 -15526
9175 7857 -15654
9176 7939 -15598
9177 7939 -15606
9178 7993 -15782
9179 8021 -15798
9180 7939 -15610
9181 8033 -15970
9182 8021 -15782
9183 7885 -15530
9184 7771 -15550
9185 7723 -15634
9186 7713 -15646
9187 7779 -15530
9188 7789 -15582
9189 7761 -15826
9190 7675 -15398
9191 7691 -15366
9192 7569 -15178
9193 7533 -15258
9194 7549 -15362
9195 7589 -15430
9196 7619 -15554
9197 7485 -15438
9198 7583 -15494
9199 7555 -15386
9200 7531 -15302
9201 7615 -15642
9202 7537 -15526
9203 7573 -15250
9204 7555 -15354
9205 7583 -15626
9206 7435 -15450
9207 7421 -15398
9208 7447 -15506
9209 7441 -15646
9210 7371 -15610
9211 7385 -15558
9212 7249 -15542
9213 7295 -15534
9214 7247 -15366
9215 7279 -15330
9216 7295 -15202
9217 7225 -15190
9218 7387 -15354
9219 7359 -15398
9220 7341 -15514
9221 7331 -15338
9222 7197 -15150
9223 7187 -14986
9224 7187 -15034
9225 7225 -15246
9226 7049 -15114
9227 6933 -14914
9228 7021 -15202
9229 7037 -15246
9230 7051 -15142
9231 6901 -15030
9232 7059 -14890
9233 7001 -14926
9234 7021 -14990
9235 7131 -15230
9236 7103 -15230
9237 7061 -15302
9238 7023 -15178
9239 7187 -15494
9240 7079 -15310
9241 7087 -15314
9242 7253 -15386
9243 7147 -15326
9244 7295 -15466
9245 7343 -15230
9246 7321 -15466
9247 7179 -15270
9248 7129 -15382
9249 7183 -15350
9250 7221 -15234
9251 7301 -15362
9252 7371 -15290
9253 7337 -15342
9254 7523 -15602
9255 7467 -15474
9256 7433 -15494
9257 7361 -15238
9258 7333 -15030
9259 7431 -15258
9260 7395 -15214
9261 7417 -15138
9262 7447 -15366
9263 7399 -15278
9264 7475 -15458
9265 7407 -15310
9266 7331 -15086
9267 7433 -15402
9268 7495 -15458
9269 7429 -15470
9270 7543 -15486
9271 7511 -15374
9272 7623 -15542
9273 7583 -15462
9274 7633 -15394
9275 7541 -15178
9276 7629 -15170
9277 7589 -15074
9278 7519 -15082
9279 7535 -15358
9280 7545 -15398
9281 7481 -15158
9282 7509 -15138
9283 7597 -15526
9284 7493 -15450
9285 7409 -15254
9286 7433 -15378
9287 7473 -15594
9288 7397 -15518
9289 7477 -15466
9290 7581 -15562
9291 7545 -15498
9292 7473 -15238
9293 7505 -15314
9294 7381 -15150
9295 7467 -15390
9296 7531 -15374
9297 7581 -15286
9298 7687 -15490
9299 7725 -15538
9300 7565 -15234
9301 7553 -15262
9302 7647 -15454
9303 7677 -15518
9304 7751 -15598
9305 7803 -15618
9306 7721 -15398
9307 7597 -15278
9308 7541 -15286
9309 7533 -15290
9310 7565 -15226
9311 7545 -15186
9312 7525 -15118
9313 7375 -14854
9314 7373 -14978
9315 7411 -15086
9316 7493 -15326
9317 7485 -15422
9318 7409 -15218
9319 7427 -15210
9320 7409 -15026
9321 7365 -15046
9322 7407 -15098
9323 7439 -15230
9324 7559 -15230
9325 7631 -15206
9326 7605 -15186
9327 7599 -15126
9328 7445 -14878
9329 7561 -15102
9330 7689 -15430
9331 7725 -15338
9332 7673 -15430
9333 7709 -15502
9334 7785 -15830
9335 7751 -15698
9336 7887 -15882
9337 7859 -15986
9338 7837 -15838
9339 7757 -15754
9340 7727 -15526
9341 7823 -15482
9342 7833 -15630
9343 7839 -15714
9344 7735 -15538
9345 7619 -15290
9346 7703 -15438
9347 7677 -15322
9348 7647 -15374
9349 7747 -15666
9350 7747 -15686
9351 7781 -15714
9352 7817 -15662
9353 7871 -15638
9354 7941 -15818
9355 8061 -16090
9356 7917 -15726
9357 7827 -15394
9358 7695 -15318
9359 7627 -15094
9360 7711 -15270
9361 7613 -15138
9362 7729 -15378
9363 7661 -15378
9364 7693 -15434
9365 7683 -15590
9366 7653 -15490
9367 7721 -15526
9368 7593 -15510
9369 7479 -15346
9370 7515 -15482
9371 7553 -15534
9372 7577 -15606
9373 7539 -15298
9374 7573 -15330
9375 7589 -15346
9376 7589 -15222
9377 7635 -15218
9378 7663 -15478
9379 7825 -15770
9380 7901 -15822
9381 7893 -15854
9382 7783 -15722
9383 7807 -15734
9384 7741 -15658
9385 7673 -15618
9386 7575 -15430
9387 7451 -15402
9388 7403 -15342
9389 7463 -15486
9390 7443 -15698
9391 7439 -15578
9392 7533 -15634
9393 7519 -15698
9394 7631 -15810
9395 7533 -15622
9396 7565 -15558
9397 7573 -15658
9398 7557 -15590
9399 7637 -15590
9400 7563 -15382
9401 7669 -15638
9402 7689 -15734
9403 7671 -15650
9404 7681 -15542
9405 7617 -15442
9406 7771 -15794
9407 7847 -16082
9408 7851 -16034
9409 7819 -15934
9410 7787 -15610
9411 7707 -15386
9412 7605 -15346
9413 7631 -15594
9414 7669 -15686
9415 7713 -15754
9416 7669 -15514
9417 7691 -15406
9418 7681 -15346
9419 7603 -15362
9420 7463 -15254
9421 7481 -15066
9422 7543 -15194
9423 7451 -15110
9424 7527 -15214
9425 7501 -15402
9426 7581 -15494
9427 7589 -15386
9428 7619 -15422
9429 7559 -15238
9430 7623 -15430
9431 7623 -15554
9432 7657 -15698
9433 7501 -15446
9434 7551 -15506
9435 7589 -15594
9436 7633 -15610
9437 7597 -15442
9438 7641 -15414
9439 7631 -15578
9440 7615 -15494
9441 7619 -15466
9442 7575 -15322
9443 7657 -15538
9444 7721 -15746
9445 7655 -15694
9446 7669 -15730
9447 7611 -15626
9448 7527 -15434
9449 7555 -15426
9450 7673 -15602
9451 7677 -15698
9452 7675 -15510
9453 7745 -15686
9454 7763 -15486
9455 7721 -15414
9456 7705 -15694
9457 7715 -15470
9458 7815 -15718
9459 7795 -15874
9460 7759 -15654
9461 7703 -15614
9462 7641 -15458
9463 7661 -15710
9464 7663 -15630
9465 7587 -15378
9466 7509 -15354
9467 7619 -15410
9468 7621 -15266
9469 7745 -15486
9470 7775 -15554
9471 7815 -15674
9472 7797 -15674
9473 7839 -15822
9474 7787 -15686
9475 7831 -15918
9476 7763 -15810
9477 7807 -15910
9478 7737 -15762
9479 7775 -16030
9480 7751 -15910
9481 7695 -15714
9482 7541 -15378
9483 7577 -15338
9484 7591 -15546
9485 7581 -15558
9486 7535 -15406
9487 7379 -15202
9488 7331 -15046
9489 7297 -15058
9490 7299 -14926
9491 7403 -15238
9492 7283 -15146
9493 7367 -15082
9494 7371 -14978
9495 7387 -15310
9496 7487 -15410
9497 7373 -15282
9498 7309 -15278
9499 7383 -15422
9500 7291 -15158
9501 7267 -15190
9502 7317 -15150
9503 7369 -15302
9504 7309 -15306
9505 7429 -15370
9506 7509 -15314
9507 7617 -15398
9508 7671 -15394
9509 7637 -15238
9510 7693 -15378
9511 7683 -15502
9512 7729 -15610
9513 7739 -15698
9514 7793 -15614
9515 7709 -15582
9516 7789 -15566
9517 7791 -15390
9518 7917 -15746
9519 7897 -15830
9520 7901 -15942
9521 7901 -15838
9522 7763 -15710
9523 7801 -15898
9524 7733 -15838
9525 7731 -15742
9526 7667 -15738
9527 7695 -15786
9528 7615 -15746
9529 7483 -15634
9530 7519 -15738
9531 7639 -15710
9532 7593 -15706
9533 7579 -15590
9534 7565 -15622
9535 7489 -15506
9536 7541 -15642
9537 7599 -15598
9538 7455 -15470
9539 7467 -15506
9540 7379 -15362
9541 7383 -15266
9542 7447 -15458
9543 7477 -15338
9544 7583 -15746
9545 7491 -15522
9546 7575 -15570
9547 7609 -15506
9548 7583 -15406
9549 7613 -15350
9550 7675 -15366
9551 7753 -15494
9552 7713 -15534
9553 7755 -15502
9554 7805 -15638
9555 7939 -15758
9556 7809 -15598
9557 7881 -15754
9558 7923 -15790
9559 7887 -15622
9560 7943 -15846
9561 7879 -15782
9562 7985 -15742
9563 7995 -15850
9564 8053 -15914
9565 8053 -15950
9566 7961 -15794
9567 7873 -15710
9568 7899 -15558
9569 7883 -15590
9570 7787 -15530
9571 7785 -15546
9572 7833 -15554
9573 7785 -15306
9574 7771 -15350
9575 7733 -15398
9576 7761 -15434
9577 7671 -15342
9578 7625 -15354
9579 7559 -15266
9580 7583 -15370
9581 7539 -15474
9582 7569 -15466
9583 7659 -15678
9584 7705 -15582
9585 7583 -15362
9586 7613 -15346
9587 7553 -15326
9588 7721 -15462
9589 7619 -15358
9590 7677 -15394
9591 7737 -15546
9592 7819 -15578
9593 7921 -15842
9594 7963 -16106
9595 8059 -16062
9596 8025 -15878
9597 7913 -15574
9598 7899 -15626
9599 7967 -15846
9600 7901 -15738
9601 8025 -16026
9602 7981 -15898
9603 7987 -16002
9604 7839 -15710
9605 7801 -15518
9606 7723 -15350
9607 7767 -15534
9608 7885 -15654
9609 7875 -15690
9610 7877 -15622
9611 7959 -15858
9612 7955 -15742
9613 7947 -15910
9614 7775 -15590
9615 7649 -15406
9616 7779 -15506
9617 7663 -15358
9618 7699 -15374
9619 7737 -15394
9620 7713 -15078
9621 7729 -15062
9622 7777 -15282
9623 7837 -15362
9624 7883 -15546
9625 7921 -15618
9626 8041 -15598
9627 8011 -15550
9628 7915 -15474
9629 7873 -15546
9630 7771 -15318
9631 7517 -15066
9632 7607 -15198
9633 7697 -15274
9634 7811 -15442
9635 7891 -15450
9636 7863 -15506
9637 7925 -15490
9638 7831 -15302
9639 8013 -15370
9640 8021 -15642
9641 8125 -15786
9642 8191 -15802
9643 8185 -15702
9644 8179 -15978
9645 8137 -15998
9646 8127 -15902
9647 8083 -15646
9648 8107 -15714
9649 8097 -15706
9650 8047 -15490
9651 8095 -15626
9652 8141 -15702
9653 8139 -15794
9654 7979 -15550
9655 8055 -15554
9656 8125 -15666
9657 8101 -15462
9658 8151 -15478
9659 8153 -15526
9660 8019 -15522
9661 8145 -15658
9662 8201 -15702
9663 8091 -15514
9664 8165 -15674
9665 8111 -15618
9666 8073 -15778
9667 8153 -15850
9668 8187 -15722
9669 8127 -15626
9670 8079 -15634
9671 8065 -15486
9672 8039 -15530
9673 7983 -15434
9674 7947 -15234
9675 7923 -15210
9676 8081 -15426
9677 8119 -15518
9678 8235 -15802
9679 8245 -15818
9680 8211 -15754
9681 8239 -15842
9682 8153 -15738
9683 8209 -15886
9684 8177 -15898
9685 8145 -15790
9686 8187 -16010
9687 8109 -15762
9688 8137 -15822
9689 8223 -15950
9690 8193 -15842
9691 8331 -15902
9692 8305 -15946
9693 8355 -15878
9694 8199 -15722
9695 8183 -15742
9696 8185 -15606
9697 8181 -15682
9698 8113 -15630
9699 8173 -15766
9700 8137 -15694
9701 8265 -15946
9702 8299 -15734
9703 8299 -15966
9704 8317 -15930
9705 8339 -15930
9706 8337 -15990
9707 8339 -15906
9708 8467 -16158
9709 8469 -16174
9710 8447 -16118
9711 8341 -15954
9712 8235 -15906
9713 8307 -16058
9714 8223 -15822
9715 8215 -15750
9716 8323 -16054
9717 8225 -15934
9718 8095 -15830
9719 8043 -15690
9720 8117 -15786
9721 8111 -15870
9722 8125 -15950
9723 8087 -15834
9724 7851 -15486
9725 7823 -15462
9726 7901 -15630
9727 7861 -15642
9728 7941 -15562
9729 8053 -15834
9730 8065 -15962
9731 7967 -15718
9732 7841 -15710
9733 7843 -15734
9734 7871 -15638
9735 7973 -15818
9736 8029 -15962
9737 7933 -15974
9738 7903 -15826
9739 7867 -15522
9740 7907 -15702
9741 7911 -15686
9742 7835 -15522
9743 7837 -15658
9744 7831 -15682
9745 7943 -15786
9746 7907 -15778
9747 7887 -15630
9748 7835 -15478
9749 7819 -15426
9750 7787 -15474
9751 7853 -15498
9752 7771 -15666
9753 7737 -15574
9754 7645 -15518
9755 7681 -15522
9756 7675 -15322
9757 7679 -15266
9758 7647 -15258
9759 7707 -15346
9760 7835 -15686
9761 7791 -15450
9762 7783 -15478
9763 7853 -15690
9764 7801 -15766
9765 7787 -15726
9766 7967 -15978
9767 7867 -15814
9768 7859 -15858
9769 7913 -16126
9770 7891 -15846
9771 7913 -15938
9772 7885 -15694
9773 7945 -15666
9774 7873 -15770
9775 7853 -15826
9776 7845 -15846
9777 7881 -15718
9778 7929 -15858
9779 7841 -15486
9780 7805 -15694
9781 7681 -15590
9782 7745 -15842
9783 7879 -15794
9784 7903 -15886
9785 7849 -15670
9786 7909 -15802
9787 7825 -15590
9788 7891 -15810
9789 7829 -15754
9790 7749 -15626
9791 7721 -15478
9792 7649 -15382
9793 7735 -15358
9794 7823 -15534
9795 7755 -15694
9796 7667 -15558
9797 7589 -15614
9798 7635 -15618
9799 7783 -15738
9800 7843 -15562
9801 7859 -15430
9802 7939 -15690
9803 7891 -15634
9804 7795 -15522
9805 7831 -15526
9806 7879 -15586
9807 7949 -15598
9808 7949 -15426
9809 7967 -15510
9810 7965 -15678
9811 7997 -15658
9812 8027 -15698
9813 8039 -15806
9814 8011 -15658
9815 7941 -15446
9816 7913 -15570
9817 7901 -15386
9818 7927 -15530
9819 7931 -15502
9820 7985 -15618
9821 7811 -15438
9822 7903 -15478
9823 7887 -15446
9824 7827 -15462
9825 8043 -15958
9826 8215 -16030
9827 8169 -15910
9828 8109 -15786
9829 8071 -15806
9830 8099 -15798
9831 8107 -15810
9832 8017 -15674
9833 8031 -15814
9834 8101 -15866
9835 7949 -15850
9836 7983 -15854
9837 8077 -15990
9838 7969 -15818
9839 7955 -15722
9840 8059 -15898
9841 8103 -16014
9842 8069 -15898
9843 8037 -15674
9844 8019 -15646
9845 8093 -15926
9846 8003 -15646
9847 7987 -15758
9848 8035 -15866
9849 7973 -15738
9850 8095 -15902
9851 8027 -15718
9852 8051 -15766
9853 8075 -15702
9854 7969 -15538
9855 7817 -15394
9856 7789 -15358
9857 7827 -15346
9858 7781 -15206
9859 7903 -15330
9860 7891 -15322
9861 7865 -15298
9862 7851 -15434
9863 7871 -15562
9864 7867 -15746
9865 7877 -15774
9866 7777 -15550
9867 7793 -15642
9868 7745 -15570
9869 7765 -15474
9870 7807 -15590
9871 7715 -15538
9872 7661 -15410
9873 7631 -15558
9874 7577 -15394
9875 7691 -15386
9876 7661 -15478
9877 7593 -15362
9878 7613 -15374
9879 7673 -15526
9880 7593 -15338
9881 7531 -15186
9882 7573 -15274
9883 7625 -15282
9884 7743 -15410
9885 7853 -15726
9886 7931 -15806
9887 7947 -16002
9888 7975 -16058
9889 8063 -16254
9890 7935 -16122
9891 7861 -15818
9892 7859 -15738
9893 7903 -15630
9894 7911 -15738
9895 7977 -15902
9896 7949 -15726
9897 7959 -15782
9898 7931 -15722
9899 7977 -15894
9900 8043 -15842
9901 8053 -15966
9902 7949 -15818
9903 8137 -16122
9904 8041 -15918
9905 8095 -16034
9906 8115 -16166
9907 8055 -16034
9908 8035 -15890
9909 8041 -15722
9910 7997 -15486
9911 8159 -15950
9912 8129 -15878
9913 7993 -15686
9914 7879 -15470
9915 8065 -15670
9916 8041 -15682
9917 7997 -15590
9918 7939 -15594
9919 7989 -15638
9920 7931 -15722
9921 7921 -15750
9922 7959 -15934
9923 8029 -15778
9924 8003 -15654
9925 7945 -15810
9926 7905 -15738
9927 7869 -15638
9928 7945 -15914
9929 7831 -15826
9930 7831 -15634
9931 7761 -15590
9932 7745 -15682
9933 7755 -15702
9934 7721 -15554
9935 7563 -15306
9936 7531 -15110
9937 7779 -15222
9938 7899 -15486
9939 7991 -15602
9940 7993 -15618
9941 8027 -15782
9942 8117 -15838
9943 8087 -15874
9944 8091 -15730
9945 8043 -15678
9946 8039 -15574
9947 8041 -15474
9948 7979 -15346
9949 7979 -15622
9950 8003 -15682
9951 7911 -15698
9952 8017 -15906
9953 8003 -15950
9954 7925 -15694
9955 7987 -15642
9956 7843 -15218
9957 7861 -15534
9958 7837 -15490
9959 7975 -15746
9960 7989 -15710
9961 7879 -15742
9962 7807 -15542
9963 7881 -15554
9964 7857 -15674
9965 8033 -16014
9966 8131 -16122
9967 8129 -15918
9968 8055 -15826
9969 8093 -15834
9970 8111 -16142
9971 8119 -15818
9972 8149 -15934
9973 8223 -16222
9974 8255 -16218
9975 8293 -16274
9976 8219 -15962
9977 8107 -15630
9978 8109 -15734
9979 8245 -15794
9980 8197 -15838
9981 8243 -16006
9982 8157 -15858
9983 8143 -15958
9984 8091 -15790
9985 8091 -15850
9986 8207 -16010
9987 8175 -16002
9988 8113 -16058
9989 8017 -15802
9990 8021 -15914
9991 8015 -15878
9992 7895 -15990
9993 8031 -16030
9994 7991 -15890
9995 8031 -15858
9996 8135 -15958
9997 8031 -15938
9998 8059 -15718
9999 8059 -15638
