0 9719 -18670
1 9435 -17950
2 9227 -17334
3 9129 -17078
4 8967 -16762
5 8905 -16646
6 8781 -16426
7 8705 -16238
8 8709 -16330
9 8559 -16006
10 8563 -16098
11 8553 -16146
12 8507 -16102
13 8593 -16238
14 8565 -16318
15 8591 -16134
16 8515 -16126
17 8549 -16002
18 8439 -15874
19 8369 -15850
20 8425 -16046
21 8315 -15850
22 8175 -15682
23 8097 -15482
24 8095 -15754
25 8141 -15670
26 8183 -15790
27 8207 -15814
28 8215 -16006
29 8083 -15674
30 8015 -15506
31 8007 -15514
32 8035 -15754
33 8131 -15818
34 8113 -15910
35 8063 -15722
36 8117 -15666
37 8041 -15598
38 8049 -15602
39 7887 -15430
40 7761 -15258
41 7739 -15314
42 7823 -15470
43 7765 -15414
44 7711 -15394
45 7815 -15386
46 7787 -15398
47 7827 -15466
48 7795 -15586
49 7851 -15862
50 7665 -15386
51 7573 -15174
52 7527 -15090
53 7449 -14874
54 7469 -14930
55 7493 -14990
56 7447 -14982
57 7435 -14942
58 7389 -14946
59 7433 -14626
60 7477 -14666
61 7543 -14786
62 7577 -14870
63 7527 -14926
64 7621 -15098
65 7671 -15070
66 7559 -14942
67 7627 -15218
68 7831 -15346
69 7805 -15370
70 7937 -15554
71 7855 -15418
72 7955 -15586
73 8061 -15854
74 8055 -15866
75 8033 -15770
76 7975 -15790
77 8075 -15866
78 7985 -15846
79 7923 -15482
80 7951 -15542
81 7819 -15258
82 7979 -15682
83 7923 -15642
84 7913 -15402
85 7851 -15246
86 7885 -15366
87 7873 -15446
88 7885 -15610
89 7951 -15578
90 7987 -15618
91 7993 -15630
92 8061 -15690
93 8081 -15750
94 8133 -15794
95 7947 -15594
96 7897 -15318
97 7879 -15258
98 7793 -15126
99 7799 -15238
100 7941 -15446
101 7905 -15422
102 7935 -15378
103 7961 -15446
104 8009 -15554
105 7989 -15486
106 7941 -15506
107 7945 -15630
108 7935 -15574
109 7895 -15482
110 7875 -15302
111 7963 -15534
112 7835 -15386
113 7779 -15346
114 7827 -15414
115 7793 -15254
116 7753 -15174
117 7603 -15094
118 7541 -14974
119 7585 -15134
120 7657 -15226
121 7665 -15190
122 7559 -14966
123 7719 -15246
124 7757 -15182
125 7751 -15414
126 7687 -15294
127 7523 -15262
128 7455 -15170
129 7453 -15046
130 7545 -15154
131 7577 -15182
132 7575 -15202
133 7435 -14994
134 7433 -14926
135 7401 -15038
136 7355 -15030
137 7375 -15006
138 7459 -15018
139 7563 -15010
140 7551 -15114
141 7599 -15334
142 7655 -15526
143 7853 -15770
144 7837 -15550
145 7735 -15234
146 7621 -15190
147 7639 -15290
148 7539 -15106
149 7573 -15042
150 7685 -15102
151 7869 -15418
152 7883 -15422
153 7751 -15194
154 7707 -15142
155 7621 -15086
156 7699 -15326
157 7727 -15206
158 7805 -15414
159 7873 -15578
160 7825 -15474
161 7803 -15546
162 7823 -15406
163 7827 -15478
164 7635 -15274
165 7571 -15122
166 7435 -14938
167 7433 -14966
168 7427 -15010
169 7443 -15014
170 7543 -15070
171 7543 -14994
172 7547 -14886
173 7543 -15014
174 7487 -14926
175 7567 -14994
176 7437 -14914
177 7315 -14742
178 7319 -14658
179 7425 -14966
180 7505 -15118
181 7631 -15490
182 7667 -15610
183 7635 -15374
184 7497 -15062
185 7549 -15174
186 7669 -15366
187 7711 -15302
188 7745 -15486
189 7785 -15522
190 7755 -15346
191 7735 -15494
192 7807 -15586
193 7819 -15418
194 7723 -15426
195 7755 -15378
196 7769 -15274
197 7871 -15462
198 7783 -15298
199 7709 -14918
200 7797 -15026
201 7797 -15270
202 7851 -15318
203 7739 -15114
204 7767 -15174
205 7721 -15294
206 7617 -15014
207 7567 -14830
208 7531 -15062
209 7687 -15358
210 7661 -15174
211 7627 -15010
212 7717 -15194
213 7715 -15186
214 7761 -15266
215 7753 -15170
216 7797 -15246
217 7801 -15254
218 7787 -15346
219 7825 -15410
220 7789 -15302
221 7727 -15294
222 7785 -15422
223 7747 -15406
224 7887 -15322
225 7995 -15466
226 8069 -15646
227 8191 -15898
228 8117 -15758
229 8037 -15378
230 8095 -15506
231 8065 -15450
232 7923 -15378
233 7869 -15226
234 8015 -15398
235 7881 -15314
236 7825 -15034
237 7653 -14870
238 7587 -14794
239 7723 -15118
240 7723 -15166
241 7631 -15030
242 7563 -14834
243 7547 -14866
244 7579 -14882
245 7647 -15134
246 7435 -14706
247 7567 -14982
248 7647 -15218
249 7679 -15170
250 7615 -15042
251 7669 -15010
252 7611 -15034
253 7569 -14778
254 7575 -14974
255 7487 -14950
256 7579 -15090
257 7591 -15198
258 7527 -15030
259 7511 -15014
260 7577 -14986
261 7467 -14950
262 7329 -14850
263 7357 -14974
264 7345 -15002
265 7273 -14782
266 7253 -14550
267 7313 -14702
268 7323 -14918
269 7311 -14994
270 7345 -15230
271 7307 -15314
272 7155 -15106
273 7187 -15138
274 7141 -15162
275 7059 -15030
276 7161 -15282
277 7125 -15150
278 7025 -14862
279 7083 -15010
280 7053 -15058
281 6981 -14774
282 7073 -14746
283 6983 -14726
284 6945 -14662
285 6995 -14810
286 7039 -15062
287 6983 -14982
288 7167 -15082
289 7099 -15078
290 7207 -14990
291 7213 -15134
292 7171 -15046
293 7051 -15174
294 7039 -14746
295 6953 -14718
296 7081 -14918
297 7153 -15050
298 7061 -15034
299 7185 -15110
300 7125 -15210
301 7045 -14942
302 7041 -14886
303 7013 -14622
304 6957 -14810
305 6945 -14978
306 7063 -15002
307 7073 -14998
308 7111 -15046
309 7147 -15014
310 7239 -15378
311 7141 -15166
312 7037 -14806
313 7133 -15146
314 7177 -15010
315 7173 -14998
316 7111 -14878
317 7233 -14962
318 7275 -14934
319 7261 -14882
320 7303 -14946
321 7337 -14982
322 7527 -15310
323 7543 -15358
324 7577 -15382
325 7527 -15330
326 7385 -15094
327 7421 -15002
328 7451 -15034
329 7309 -14950
330 7227 -15014
331 7147 -14706
332 7285 -14910
333 7209 -14858
334 7171 -14838
335 7043 -14638
336 7199 -14830
337 7229 -14930
338 7115 -14878
339 7077 -14682
340 7055 -14622
341 7127 -14894
342 7077 -14802
343 7045 -14654
344 7055 -14726
345 6997 -14522
346 7171 -14658
347 7235 -14826
348 7187 -14678
349 7345 -14942
350 7417 -14894
351 7493 -14938
352 7467 -14982
353 7457 -15126
354 7347 -14950
355 7201 -14814
356 7173 -14842
357 7141 -14778
358 7127 -14734
359 7055 -14818
360 7101 -14822
361 7087 -14738
362 7013 -14654
363 6917 -14706
364 6903 -14558
365 6943 -14730
366 6973 -14534
367 6973 -14546
368 6985 -14558
369 7011 -14710
370 6885 -14622
371 6847 -14838
372 6829 -14822
373 7005 -14722
374 6853 -14582
375 6803 -14546
376 6905 -14682
377 6885 -14522
378 6931 -14822
379 6795 -14642
380 6875 -14762
381 6819 -14406
382 6751 -14366
383 6793 -14594
384 6769 -14498
385 6713 -14798
386 6643 -14670
387 6621 -14626
388 6747 -14874
389 6839 -14874
390 6929 -14934
391 6965 -14778
392 7003 -14770
393 6953 -14790
394 7109 -14742
395 7217 -14978
396 7151 -14854
397 7095 -14850
398 7089 -14974
399 7209 -15094
400 7087 -14906
401 7135 -14922
402 7169 -15070
403 7183 -15094
404 7297 -15202
405 7221 -15138
406 7159 -15214
407 7117 -15002
408 7117 -14910
409 7079 -14758
410 7123 -14950
411 7177 -15038
412 7341 -15094
413 7385 -15206
414 7437 -15294
415 7349 -15046
416 7213 -14770
417 7191 -14986
418 7055 -14862
419 6977 -14834
420 6989 -14782
421 6981 -14734
422 6963 -14774
423 7125 -14886
424 7111 -14762
425 7075 -14818
426 7077 -14658
427 7255 -14994
428 7223 -15046
429 7097 -14586
430 7071 -14590
431 7151 -14886
432 7207 -14998
433 7087 -14682
434 7121 -14822
435 7063 -14862
436 7099 -14878
437 7161 -14754
438 7251 -15042
439 7241 -14982
440 7219 -14714
441 7231 -15042
442 7231 -15210
443 7241 -15054
444 7231 -15086
445 7271 -15022
446 7195 -14874
447 7323 -14858
448 7267 -14950
449 7291 -15026
450 7291 -15030
451 7287 -15190
452 7253 -15082
453 7187 -15014
454 7175 -15074
455 7189 -15014
456 7095 -14982
457 7093 -15018
458 7121 -14958
459 7273 -15202
460 7275 -15330
461 7345 -15254
462 7291 -15378
463 7257 -15218
464 7207 -15074
465 7251 -15110
466 7249 -15090
467 7195 -15074
468 7079 -14898
469 7009 -14838
470 7003 -14862
471 7039 -14886
472 6911 -14774
473 6975 -14862
474 7073 -15070
475 7147 -15274
476 7171 -15134
477 7155 -14974
478 6987 -14790
479 6963 -14830
480 7013 -14858
481 7027 -14818
482 7131 -15042
483 6923 -14818
484 7111 -15110
485 7181 -14978
486 7231 -14902
487 7157 -14746
488 7095 -14766
489 6983 -14486
490 6871 -14422
491 6817 -14482
492 6841 -14490
493 6755 -14642
494 6695 -14678
495 6675 -14686
496 6731 -14958
497 6697 -14798
498 6645 -14618
499 6713 -14758
500 6609 -14662
501 6629 -14666
502 6631 -14658
503 6659 -14726
504 6741 -14690
505 6801 -14966
506 6847 -15042
507 6751 -14694
508 6721 -14430
509 6547 -14266
510 6565 -14302
511 6533 -14458
512 6497 -14562
513 6471 -14590
514 6295 -14354
515 6443 -14410
516 6461 -14410
517 6495 -14486
518 6641 -14342
519 6657 -14486
520 6819 -14802
521 6641 -14630
522 6627 -14702
523 6575 -14578
524 6597 -14586
525 6619 -14542
526 6589 -14554
527 6681 -14394
528 6615 -14350
529 6531 -14502
530 6419 -14298
531 6437 -14246
532 6581 -14358
533 6719 -14522
534 6713 -14562
535 6781 -14570
536 6835 -14654
537 6851 -14694
538 6901 -14934
539 6921 -15034
540 6975 -14826
541 7021 -14974
542 6981 -14770
543 7021 -15118
544 7055 -15058
545 6981 -14970
546 6995 -15254
547 6875 -15138
548 6803 -14914
549 6827 -14794
550 6693 -14638
551 6647 -14714
552 6721 -14950
553 6643 -14858
554 6851 -15218
555 6701 -14950
556 6759 -15106
557 6739 -15022
558 6833 -15130
559 6783 -15066
560 6837 -15034
561 6881 -15010
562 6995 -15138
563 6955 -14990
564 6887 -14914
565 6783 -14898
566 6833 -14726
567 6981 -14898
568 7103 -14958
569 7101 -14890
570 7153 -14862
571 7087 -14842
572 7239 -15094
573 7151 -14850
574 7159 -14686
575 7191 -14810
576 7097 -14498
577 7085 -14686
578 7077 -14682
579 7197 -14914
580 7109 -15030
581 7189 -15078
582 7189 -14942
583 7285 -15162
584 7289 -15106
585 7217 -14786
586 7243 -14850
587 7367 -15218
588 7343 -15154
589 7331 -14866
590 7405 -15090
591 7331 -14902
592 7435 -15006
593 7449 -15070
594 7349 -14778
595 7321 -14830
596 7277 -15010
597 7219 -14926
598 7239 -14990
599 7265 -15086
600 7169 -14802
601 7189 -14950
602 7131 -14850
603 7039 -14794
604 7125 -14886
605 7139 -14946
606 7069 -14730
607 7091 -14866
608 7163 -14894
609 7123 -14642
610 7127 -14710
611 7173 -14926
612 7133 -15142
613 7125 -15166
614 7117 -15090
615 7119 -15166
616 7153 -14970
617 7145 -14890
618 7253 -15018
619 7291 -14934
620 7435 -15158
621 7483 -15166
622 7479 -15210
623 7477 -15238
624 7553 -15602
625 7547 -15626
626 7567 -15374
627 7731 -15654
628 7799 -15650
629 7681 -15286
630 7699 -15330
631 7567 -15282
632 7485 -15134
633 7653 -15338
634 7723 -15534
635 7673 -15514
636 7685 -15538
637 7675 -15502
638 7649 -15522
639 7585 -15318
640 7633 -15338
641 7733 -15490
642 7791 -15522
643 7647 -15278
644 7705 -15174
645 7701 -15066
646 7643 -15166
647 7639 -15266
648 7697 -15322
649 7679 -15190
650 7777 -15338
651 7783 -15474
652 7977 -15534
653 7969 -15618
654 7871 -15498
655 7891 -15722
656 7917 -15630
657 7837 -15550
658 7921 -15698
659 7939 -15586
660 7853 -15446
661 7715 -15214
662 7673 -15158
663 7663 -15274
664 7715 -15142
665 7633 -15230
666 7749 -15598
667 7733 -15670
668 7797 -15690
669 7435 -15070
670 7405 -14894
671 7357 -14758
672 7395 -14890
673 7427 -14818
674 7463 -15102
675 7383 -15086
676 7491 -15190
677 7413 -14866
678 7435 -15078
679 7455 -15182
680 7515 -15210
681 7437 -15142
682 7421 -15198
683 7441 -15226
684 7433 -15254
685 7325 -15126
686 7101 -14890
687 7169 -14814
688 7253 -15062
689 7431 -15202
690 7277 -14914
691 7213 -14926
692 7095 -14746
693 7205 -15098
694 7193 -14950
695 7093 -14918
696 6959 -14798
697 6955 -14766
698 7025 -14870
699 7099 -14894
700 7027 -15010
701 7043 -15002
702 7025 -14934
703 7033 -14782
704 7129 -14706
705 7171 -14878
706 6931 -14654
707 6985 -14934
708 7225 -15122
709 7219 -15042
710 7267 -15030
711 7299 -14930
712 7259 -14806
713 7303 -14894
714 7369 -15078
715 7489 -15154
716 7585 -15202
717 7549 -15318
718 7451 -15106
719 7487 -15038
720 7517 -15174
721 7497 -15058
722 7467 -15142
723 7379 -15014
724 7417 -15102
725 7329 -14850
726 7255 -14758
727 7287 -15002
728 7245 -15018
729 7219 -14766
730 7291 -15054
731 7309 -15126
732 7283 -15182
733 7325 -15218
734 7355 -15398
735 7251 -15290
736 7213 -15210
737 7345 -15318
738 7247 -15138
739 7297 -15298
740 7321 -15226
741 7323 -15382
742 7249 -15242
743 7209 -15178
744 7063 -15110
745 6989 -14762
746 6997 -15002
747 6847 -14626
748 6891 -14742
749 6837 -14658
750 7013 -15086
751 6981 -15298
752 6773 -15266
753 6619 -15018
754 6519 -14994
755 6611 -15042
756 6651 -14902
757 6703 -15006
758 6725 -15158
759 6671 -15062
760 6697 -15038
761 6663 -15034
762 6673 -14966
763 6635 -15066
764 6655 -15150
765 6673 -14970
766 6679 -15114
767 6655 -15182
768 6657 -15230
769 6605 -14974
770 6741 -15242
771 6667 -15042
772 6705 -15062
773 6649 -14934
774 6493 -14710
775 6697 -15134
776 6811 -15006
777 6777 -14790
778 6831 -14802
779 6929 -14930
780 6943 -15198
781 6915 -15166
782 6825 -15006
783 6731 -15022
784 6739 -14950
785 6677 -14714
786 6713 -14922
787 6797 -15098
788 6655 -14822
789 6681 -14934
790 6585 -14830
791 6633 -14622
792 6657 -14578
793 6643 -14642
794 6601 -14330
795 6591 -14418
796 6429 -14386
797 6555 -14606
798 6485 -14774
799 6567 -14878
800 6473 -14726
801 6503 -14794
802 6365 -14566
803 6313 -14638
804 6121 -14298
805 6115 -14442
806 6113 -14490
807 6015 -14546
808 5819 -14346
809 5919 -14586
810 5859 -14342
811 5811 -14602
812 5791 -14674
813 5905 -14694
814 5919 -14722
815 5955 -14838
816 6023 -14670
817 6057 -14702
818 5977 -14626
819 5909 -14758
820 5859 -14474
821 5857 -14422
822 5721 -14294
823 5687 -14330
824 5539 -14234
825 5689 -14538
826 5539 -14294
827 5633 -14562
828 5623 -14450
829 5733 -14546
830 5721 -14414
831 5819 -14586
832 5919 -14550
833 6047 -14826
834 6029 -14718
835 6299 -15006
836 6297 -14902
837 6175 -14882
838 6135 -14894
839 6157 -14882
840 6099 -14650
841 5981 -14778
842 6093 -14870
843 6125 -15070
844 6065 -15302
845 5979 -15142
846 5887 -14922
847 5899 -15118
848 5875 -14898
849 6035 -14974
850 6005 -14974
851 6099 -15014
852 6131 -15138
853 6149 -15178
854 6091 -15134
855 6143 -14886
856 6283 -15058
857 6225 -14970
858 6177 -14826
859 6319 -14870
860 6349 -15062
861 6349 -14966
862 6191 -14902
863 6197 -14854
864 6111 -14894
865 6025 -14826
866 5859 -14726
867 5955 -14886
868 6027 -14842
869 6235 -15126
870 6215 -14926
871 6143 -14754
872 6219 -14946
873 6179 -15162
874 6219 -14858
875 6227 -14626
876 6249 -14734
877 6213 -14594
878 6251 -14590
879 6247 -14582
880 6143 -14662
881 6057 -14618
882 6033 -14614
883 6075 -14714
884 5961 -14522
885 5999 -14594
886 6053 -14598
887 6131 -14242
888 6183 -14562
889 6177 -14494
890 6199 -14462
891 6199 -14410
892 6343 -14802
893 6357 -14730
894 6299 -14690
895 6251 -14678
896 6343 -14986
897 6387 -14970
898 6393 -14986
899 6443 -15118
900 6289 -14950
901 6283 -15010
902 6199 -14814
903 6233 -14754
904 6203 -14658
905 6129 -14698
906 6275 -14754
907 6277 -14738
908 6411 -14562
909 6339 -14582
910 6283 -14758
911 6397 -14938
912 6423 -14962
913 6525 -15298
914 6393 -15310
915 6475 -15298
916 6515 -15150
917 6481 -14966
918 6431 -14886
919 6505 -15042
920 6379 -14706
921 6485 -14862
922 6469 -14786
923 6503 -14862
924 6469 -14798
925 6557 -14994
926 6457 -14946
927 6493 -15066
928 6529 -14778
929 6573 -14730
930 6529 -14534
931 6709 -15006
932 6709 -15026
933 6697 -14838
934 6543 -14890
935 6591 -15126
936 6603 -15098
937 6589 -14990
938 6625 -15082
939 6671 -15134
940 6659 -15002
941 6637 -15074
942 6607 -14958
943 6525 -14862
944 6577 -15178
945 6493 -15022
946 6507 -15002
947 6601 -15122
948 6581 -15022
949 6765 -15322
950 6723 -15122
951 6687 -15002
952 6757 -15182
953 6785 -15278
954 6779 -15054
955 6667 -15018
956 6675 -15186
957 6637 -15110
958 6427 -14874
959 6407 -14986
960 6485 -14814
961 6497 -14826
962 6527 -14858
963 6673 -14994
964 6687 -14886
965 6807 -14894
966 6737 -14802
967 6813 -15150
968 6831 -15146
969 6855 -15110
970 6801 -15114
971 6783 -15010
972 6801 -15146
973 6825 -14906
974 6791 -15034
975 6813 -15102
976 6721 -15046
977 6817 -15098
978 6751 -15038
979 6769 -15094
980 6817 -15138
981 6745 -14854
982 6673 -14738
983 6767 -15022
984 6777 -15142
985 6833 -15218
986 6767 -15222
987 6703 -15006
988 6671 -14910
989 6693 -15118
990 6841 -15370
991 6821 -15378
992 6791 -15174
993 6717 -15086
994 6793 -15418
995 6719 -15218
996 6749 -15266
997 6749 -15266
998 6687 -15078
999 6733 -15050
1000 6813 -15274
1001 6869 -15534
1002 6759 -15334
1003 6699 -15234
1004 6667 -14994
1005 6625 -15026
1006 6753 -15238
1007 6657 -15094
1008 6695 -15126
1009 6703 -15238
1010 6645 -15266
1011 6653 -15234
1012 6601 -15162
1013 6607 -15138
1014 6593 -15074
1015 6605 -15166
1016 6655 -14994
1017 6631 -15030
1018 6587 -14906
1019 6527 -14862
1020 6491 -14914
1021 6415 -14986
1022 6441 -14862
1023 6457 -14822
1024 6439 -14794
1025 6339 -14710
1026 6483 -14898
1027 6559 -14918
1028 6699 -14954
1029 6747 -14986
1030 6885 -15194
1031 6957 -15386
1032 6975 -15310
1033 6931 -15154
1034 6841 -15182
1035 6823 -15118
1036 6919 -15326
1037 6887 -15394
1038 6935 -15318
1039 7089 -15426
1040 6979 -15326
1041 6875 -15234
1042 6791 -15106
1043 6831 -15046
1044 6877 -14950
1045 6965 -15190
1046 6931 -15178
1047 6895 -15146
1048 7053 -15510
1049 6983 -15238
1050 6729 -14858
1051 6549 -14674
1052 6411 -14598
1053 6523 -14630
1054 6483 -14718
1055 6503 -14882
1056 6571 -15006
1057 6593 -15134
1058 6609 -15058
1059 6571 -14874
1060 6687 -15014
1061 6701 -15106
1062 6757 -15130
1063 6787 -15154
1064 6701 -14986
1065 6723 -14786
1066 6755 -15046
1067 6803 -15242
1068 6875 -15238
1069 6775 -15142
1070 6855 -15222
1071 6849 -15206
1072 6853 -15126
1073 6861 -15438
1074 7033 -15442
1075 7039 -15530
1076 6949 -15398
1077 6849 -15354
1078 6895 -15394
1079 6869 -15538
1080 6993 -15654
1081 7009 -15678
1082 7001 -15662
1083 6933 -15378
1084 6857 -15198
1085 6885 -15110
1086 6951 -15254
1087 6941 -15366
1088 6861 -15382
1089 6891 -15518
1090 6811 -15502
1091 6769 -15314
1092 6949 -15442
1093 6907 -15454
1094 6713 -15210
1095 6843 -15466
1096 6825 -15338
1097 6751 -15030
1098 6757 -15358
1099 6679 -15226
1100 6673 -15078
1101 6767 -15182
1102 6761 -15198
1103 6773 -15050
1104 6937 -15334
1105 6809 -15130
1106 6843 -15190
1107 6783 -15070
1108 6819 -15122
1109 6753 -15334
1110 6785 -15266
1111 6823 -15446
1112 6873 -15474
1113 6867 -15554
1114 6825 -15434
1115 6867 -15542
1116 6755 -15478
1117 6773 -15366
1118 6829 -15526
1119 6777 -15490
1120 6781 -15374
1121 6779 -15322
1122 6663 -15278
1123 6625 -15182
1124 6445 -14918
1125 6383 -14714
1126 6391 -14670
1127 6301 -14726
1128 6299 -14722
1129 6269 -14634
1130 6333 -14790
1131 6397 -14974
1132 6375 -14886
1133 6499 -15138
1134 6593 -15234
1135 6507 -15094
1136 6481 -15022
1137 6523 -15294
1138 6419 -14958
1139 6337 -14834
1140 6351 -14654
1141 6213 -14614
1142 6407 -14842
1143 6385 -14818
1144 6563 -15234
1145 6503 -14902
1146 6401 -15070
1147 6535 -15006
1148 6513 -14826
1149 6623 -14950
1150 6641 -15050
1151 6645 -15046
1152 6599 -15074
1153 6513 -14742
1154 6563 -14922
1155 6625 -14798
1156 6595 -14742
1157 6595 -14882
1158 6669 -14938
1159 6585 -14890
1160 6619 -14914
1161 6683 -14818
1162 6689 -14806
1163 6701 -14946
1164 6659 -14942
1165 6827 -15294
1166 6953 -15190
1167 7035 -15014
1168 7157 -15042
1169 7157 -15094
1170 7233 -15134
1171 7311 -15258
1172 7297 -15330
1173 7371 -15354
1174 7345 -15254
1175 7415 -15402
1176 7441 -15478
1177 7423 -15526
1178 7227 -15170
1179 7205 -15226
1180 7099 -14950
1181 7167 -14998
1182 7103 -14838
1183 7311 -15202
1184 7235 -15070
1185 7225 -15226
1186 7219 -15262
1187 7187 -15362
1188 7103 -15118
1189 7193 -15054
1190 7265 -15042
1191 7177 -14894
1192 7151 -14914
1193 7125 -15002
1194 6967 -14742
1195 6879 -14846
1196 6955 -14946
1197 7031 -14898
1198 6921 -14814
1199 6817 -14810
1200 6827 -14970
1201 6841 -15198
1202 6729 -15030
1203 6587 -14790
1204 6703 -15022
1205 6615 -14918
1206 6701 -14822
1207 6617 -14682
1208 6667 -14890
1209 6669 -14830
1210 6619 -14718
1211 6653 -14866
1212 6703 -14962
1213 6707 -14894
1214 6831 -14918
1215 6879 -15158
1216 6895 -15046
1217 6875 -14862
1218 6827 -14982
1219 6829 -14966
1220 6891 -15158
1221 6897 -14982
1222 6741 -14894
1223 6785 -14910
1224 6797 -14974
1225 6679 -14574
1226 6783 -14718
1227 6829 -14678
1228 6821 -14618
1229 6889 -14650
1230 6755 -14394
1231 6895 -14630
1232 6821 -14750
1233 6851 -14834
1234 6747 -14638
1235 6743 -14650
1236 6793 -14830
1237 6715 -14774
1238 6677 -14862
1239 6771 -14902
1240 6745 -14798
1241 6883 -14902
1242 6857 -15070
1243 6827 -14974
1244 6749 -14782
1245 6757 -14634
1246 6739 -14630
1247 6825 -14934
1248 6781 -14770
1249 6825 -14998
1250 6777 -14866
1251 6797 -14970
1252 6693 -14866
1253 6673 -14790
1254 6697 -14870
1255 6747 -14754
1256 6725 -14878
1257 6449 -14498
1258 6483 -14602
1259 6525 -14594
1260 6499 -14682
1261 6511 -14594
1262 6597 -14658
1263 6685 -14794
1264 6685 -14886
1265 6645 -14738
1266 6601 -14802
1267 6521 -14566
1268 6689 -14734
1269 6605 -14790
1270 6573 -14586
1271 6459 -14578
1272 6337 -14478
1273 6377 -14790
1274 6455 -14802
1275 6417 -14742
1276 6433 -14738
1277 6439 -14610
1278 6397 -14694
1279 6365 -14686
1280 6407 -14610
1281 6383 -14554
1282 6283 -14406
1283 6293 -14450
1284 6199 -14522
1285 6159 -14482
1286 6347 -14406
1287 6183 -14198
1288 6053 -14270
1289 6079 -14498
1290 6021 -14414
1291 6139 -14398
1292 6111 -14358
1293 6265 -14518
1294 6367 -14846
1295 6301 -14734
1296 6321 -14602
1297 6141 -14694
1298 6167 -14610
1299 6187 -14642
1300 6219 -14902
1301 6209 -14830
1302 6201 -14886
1303 6043 -14734
1304 6061 -14646
1305 6073 -14738
1306 5911 -14434
1307 5937 -14698
1308 5885 -14474
1309 5883 -14626
1310 5839 -14614
1311 5825 -14490
1312 5711 -14514
1313 5691 -14594
1314 5719 -14566
1315 5811 -14682
1316 5795 -14566
1317 5879 -14354
1318 5869 -14366
1319 5943 -14614
1320 6101 -14482
1321 6189 -14526
1322 6291 -14454
1323 6531 -14610
1324 6587 -14750
1325 6549 -14810
1326 6659 -14886
1327 6805 -14906
1328 6815 -14922
1329 6831 -15110
1330 6885 -15082
1331 6921 -15066
1332 6811 -14950
1333 6753 -14762
1334 6843 -15010
1335 6835 -14830
1336 6715 -14678
1337 6745 -14826
1338 6787 -14898
1339 6771 -14678
1340 6835 -14766
1341 6899 -15014
1342 6797 -14878
1343 6803 -14826
1344 6835 -14778
1345 6861 -14978
1346 6765 -14962
1347 6781 -14818
1348 6747 -14726
1349 6741 -14738
1350 6735 -14722
1351 6763 -14806
1352 6809 -15058
1353 6825 -14914
1354 6879 -14930
1355 6881 -14934
1356 6921 -14898
1357 6965 -14798
1358 6995 -14874
1359 6997 -14898
1360 7027 -14890
1361 7109 -15146
1362 7099 -15102
1363 7123 -14930
1364 7189 -14986
1365 7139 -14758
1366 7227 -14882
1367 7213 -14938
1368 7057 -14754
1369 7133 -14766
1370 6963 -14546
1371 6899 -14606
1372 6953 -14758
1373 6841 -14694
1374 6839 -14634
1375 6761 -14478
1376 6681 -14238
1377 6727 -14406
1378 6577 -14350
1379 6651 -14470
1380 6809 -14610
1381 6793 -14614
1382 6745 -14526
1383 6731 -14390
1384 6767 -14482
1385 6877 -14614
1386 6991 -14854
1387 6869 -14634
1388 6785 -14574
1389 6801 -14694
1390 6995 -14658
1391 7069 -14606
1392 7159 -14814
1393 7297 -14974
1394 7409 -15358
1395 7463 -15322
1396 7563 -15414
1397 7723 -15758
1398 7547 -15354
1399 7541 -15334
1400 7453 -15398
1401 7491 -15278
1402 7449 -15246
1403 7417 -15174
1404 7375 -15210
1405 7303 -15446
1406 7177 -15178
1407 7217 -15102
1408 7153 -15102
1409 7035 -15010
1410 7059 -15074
1411 6991 -14810
1412 6979 -14822
1413 7017 -15002
1414 7017 -15098
1415 7105 -15162
1416 7077 -14982
1417 7051 -14926
1418 7083 -15106
1419 7113 -15030
1420 7147 -15158
1421 7051 -15058
1422 6969 -14902
1423 6945 -15026
1424 6915 -14962
1425 6721 -14658
1426 6757 -14682
1427 6863 -14950
1428 6749 -14618
1429 6763 -14742
1430 6835 -14690
1431 6895 -14534
1432 6975 -14882
1433 6973 -14946
1434 7055 -15082
1435 6779 -14646
1436 6771 -14510
1437 6891 -14662
1438 6809 -14370
1439 6861 -14718
1440 6965 -14818
1441 6981 -14770
1442 6957 -14830
1443 6841 -14730
1444 6893 -14722
1445 6861 -14750
1446 6841 -14858
1447 6851 -15050
1448 6763 -14998
1449 6843 -15110
1450 6843 -15098
1451 6969 -15114
1452 7017 -15294
1453 6863 -15202
1454 6835 -14990
1455 6917 -14966
1456 7047 -15066
1457 7039 -14950
1458 7105 -14994
1459 7131 -14966
1460 6955 -14794
1461 7043 -15078
1462 7047 -14934
1463 7121 -15018
1464 7093 -14794
1465 7197 -14962
1466 7053 -14862
1467 7023 -14922
1468 6897 -14946
1469 6943 -14974
1470 6997 -14974
1471 7041 -14974
1472 6973 -14902
1473 7113 -15010
1474 7159 -15154
1475 7165 -14962
1476 6957 -14738
1477 6915 -15070
1478 6925 -14842
1479 6893 -14830
1480 6907 -14634
1481 6723 -14630
1482 6663 -14570
1483 6739 -14734
1484 6667 -14630
1485 6737 -14714
1486 6671 -14778
1487 6637 -14598
1488 6701 -14758
1489 6651 -14686
1490 6645 -14758
1491 6737 -14754
1492 6833 -14730
1493 6859 -14814
1494 6725 -14606
1495 6757 -14686
1496 6749 -14702
1497 6605 -14542
1498 6589 -14438
1499 6537 -14554
1500 6503 -14502
1501 6333 -14506
1502 6431 -14534
1503 6439 -14686
1504 6419 -14554
1505 6415 -14466
1506 6477 -14454
1507 6477 -14834
1508 6401 -14670
1509 6479 -14742
1510 6607 -14850
1511 6541 -14690
1512 6659 -14914
1513 6729 -14922
1514 6689 -14738
1515 6705 -14762
1516 6779 -14838
1517 6643 -14710
1518 6695 -14918
1519 6653 -14906
1520 6489 -14770
1521 6467 -14938
1522 6355 -14834
1523 6289 -14650
1524 6359 -14606
1525 6415 -14770
1526 6465 -14770
1527 6447 -14710
1528 6283 -14734
1529 6213 -14650
1530 6273 -14710
1531 6281 -14702
1532 6259 -14618
1533 6195 -14562
1534 6221 -14450
1535 6133 -14186
1536 6137 -14174
1537 6175 -14478
1538 6057 -14166
1539 6159 -14606
1540 6281 -14802
1541 6229 -14698
1542 6357 -14774
1543 6431 -14870
1544 6517 -15046
1545 6495 -14818
1546 6319 -14618
1547 6433 -14790
1548 6523 -14802
1549 6607 -14766
1550 6521 -14590
1551 6591 -14594
1552 6523 -14614
1553 6615 -14738
1554 6579 -14578
1555 6661 -14686
1556 6761 -14950
1557 6951 -14926
1558 6949 -14834
1559 6809 -14734
1560 6745 -14594
1561 6647 -14498
1562 6897 -14898
1563 6829 -14770
1564 6767 -14650
1565 6779 -14762
1566 6769 -14698
1567 6819 -14610
1568 6857 -14898
1569 6893 -14946
1570 6861 -14990
1571 6739 -14766
1572 6781 -14786
1573 6621 -14606
1574 6613 -14622
1575 6811 -14974
1576 6719 -14914
1577 6815 -14894
1578 6779 -14542
1579 6929 -14814
1580 6891 -14814
1581 7011 -14942
1582 7039 -14958
1583 7045 -14766
1584 7019 -14622
1585 7063 -14826
1586 7043 -14670
1587 7001 -14658
1588 6897 -14526
1589 6965 -14582
1590 6963 -14742
1591 6925 -14294
1592 7055 -14646
1593 7141 -14730
1594 7079 -14750
1595 7117 -14838
1596 7041 -14690
1597 7075 -14950
1598 6979 -14674
1599 7027 -14610
1600 7239 -14874
1601 7185 -14874
1602 7315 -14914
1603 7329 -14938
1604 7277 -14814
1605 7425 -14994
1606 7339 -14946
1607 7237 -14914
1608 7081 -14562
1609 7171 -14850
1610 7129 -14762
1611 7245 -15066
1612 7151 -14778
1613 7243 -14810
1614 7287 -14906
1615 7327 -14942
1616 7237 -14886
1617 7373 -14926
1618 7321 -14846
1619 7427 -14974
1620 7413 -14974
1621 7395 -14986
1622 7407 -14978
1623 7399 -15002
1624 7445 -15022
1625 7457 -14998
1626 7399 -14630
1627 7439 -15090
1628 7429 -14934
1629 7539 -15130
1630 7513 -15050
1631 7435 -15022
1632 7547 -15166
1633 7527 -15050
1634 7647 -15230
1635 7647 -15066
1636 7807 -15442
1637 7711 -15130
1638 7723 -15002
1639 7775 -15170
1640 7635 -14990
1641 7741 -15294
1642 7645 -14962
1643 7781 -14962
1644 7713 -14806
1645 7617 -14870
1646 7583 -14878
1647 7561 -14718
1648 7527 -14778
1649 7615 -14938
1650 7707 -15198
1651 7789 -15302
1652 7813 -15322
1653 7681 -15102
1654 7539 -15014
1655 7639 -15166
1656 7623 -15142
1657 7663 -15226
1658 7597 -15222
1659 7585 -15310
1660 7535 -15422
1661 7473 -15202
1662 7555 -15250
1663 7631 -15318
1664 7677 -15362
1665 7625 -15078
1666 7523 -15158
1667 7671 -15270
1668 7607 -15222
1669 7565 -14982
1670 7501 -15050
1671 7609 -15102
1672 7599 -15190
1673 7639 -15090
1674 7713 -15062
1675 7663 -14918
1676 7549 -14974
1677 7531 -15166
1678 7309 -14558
1679 7311 -14674
1680 7289 -14598
1681 7473 -14918
1682 7477 -15078
1683 7421 -15014
1684 7331 -14830
1685 7373 -14882
1686 7379 -14918
1687 7347 -14634
1688 7509 -14994
1689 7447 -14910
1690 7427 -15058
1691 7315 -14734
1692 7287 -14882
1693 7463 -15046
1694 7429 -14886
1695 7437 -15022
1696 7421 -15094
1697 7511 -14982
1698 7513 -15014
1699 7519 -15054
1700 7545 -14874
1701 7493 -14914
1702 7599 -15246
1703 7647 -15226
1704 7623 -15250
1705 7707 -15286
1706 7759 -15306
1707 7733 -15302
1708 7787 -15342
1709 7749 -15350
1710 7741 -15350
1711 7783 -15434
1712 7765 -15266
1713 7741 -15474
1714 7729 -15382
1715 7679 -15110
1716 7783 -15190
1717 7687 -15026
1718 7827 -15286
1719 7801 -15134
1720 7749 -14950
1721 7737 -15002
1722 7603 -14974
1723 7637 -15186
1724 7647 -15142
1725 7657 -15194
1726 7559 -14966
1727 7479 -14890
1728 7419 -14734
1729 7539 -14922
1730 7481 -15026
1731 7417 -14910
1732 7409 -14902
1733 7323 -14822
1734 7389 -14906
1735 7473 -15122
1736 7497 -15050
1737 7531 -15206
1738 7597 -15294
1739 7755 -15414
1740 7655 -15530
1741 7547 -15390
1742 7531 -15206
1743 7331 -15086
1744 7395 -15302
1745 7257 -15126
1746 7255 -14958
1747 7287 -14910
1748 7233 -14746
1749 7285 -14798
1750 7209 -14634
1751 7257 -14610
1752 7257 -14722
1753 7281 -14774
1754 7301 -14790
1755 7373 -14938
1756 7355 -14890
1757 7431 -15006
1758 7437 -14954
1759 7405 -14986
1760 7463 -15038
1761 7453 -14982
1762 7527 -15446
1763 7661 -15534
1764 7549 -15362
1765 7459 -15146
1766 7481 -15386
1767 7477 -15294
1768 7511 -15214
1769 7485 -15122
1770 7467 -15178
1771 7493 -15122
1772 7515 -15002
1773 7425 -14950
1774 7455 -15174
1775 7453 -15174
1776 7465 -15350
1777 7383 -14982
1778 7429 -15246
1779 7407 -15146
1780 7477 -15106
1781 7347 -14746
1782 7273 -14758
1783 7399 -15062
1784 7511 -15126
1785 7429 -14998
1786 7449 -15270
1787 7477 -15186
1788 7309 -15126
1789 7159 -14570
1790 7255 -14762
1791 7271 -14766
1792 7259 -14966
1793 7165 -14950
1794 7215 -14854
1795 7241 -14850
1796 7223 -14694
1797 7207 -14750
1798 7095 -14598
1799 7139 -14726
1800 7083 -14782
1801 7125 -14746
1802 6981 -14722
1803 7105 -14902
1804 7147 -14870
1805 7283 -15102
1806 7345 -15238
1807 7359 -15194
1808 7427 -15290
1809 7339 -15302
1810 7363 -15394
1811 7429 -15466
1812 7511 -15602
1813 7385 -15378
1814 7293 -15178
1815 7255 -14978
1816 7357 -15210
1817 7377 -15314
1818 7307 -15170
1819 7215 -15014
1820 7287 -15034
1821 7273 -15166
1822 7325 -15158
1823 7455 -15322
1824 7407 -15094
1825 7299 -14898
1826 7303 -15190
1827 7291 -14950
1828 7311 -15026
1829 7433 -15146
1830 7431 -15162
1831 7357 -15034
1832 7291 -14974
1833 7409 -15126
1834 7457 -15158
1835 7371 -14798
1836 7397 -14982
1837 7415 -15022
1838 7457 -14978
1839 7495 -14954
1840 7295 -14894
1841 7465 -15210
1842 7481 -15286
1843 7531 -15298
1844 7547 -15258
1845 7481 -15266
1846 7581 -15342
1847 7675 -15454
1848 7617 -15366
1849 7487 -14906
1850 7509 -14886
1851 7567 -15198
1852 7511 -14974
1853 7485 -15026
1854 7613 -15158
1855 7541 -15194
1856 7591 -15222
1857 7527 -15286
1858 7569 -15014
1859 7531 -15042
1860 7553 -15106
1861 7521 -14918
1862 7591 -15198
1863 7553 -15066
1864 7435 -14962
1865 7481 -15038
1866 7379 -14994
1867 7281 -14902
1868 7307 -14834
1869 7297 -15098
1870 7199 -14846
1871 7181 -14698
1872 7169 -14782
1873 7141 -14810
1874 7037 -14578
1875 7147 -14926
1876 7113 -14822
1877 6989 -14762
1878 6935 -14618
1879 7023 -14670
1880 6919 -14622
1881 6817 -14526
1882 6935 -14714
1883 6945 -14638
1884 6751 -14366
1885 6917 -14762
1886 7001 -14790
1887 7097 -14882
1888 7079 -14974
1889 7053 -14798
1890 6985 -14766
1891 6967 -14842
1892 7019 -15066
1893 7017 -14918
1894 7133 -15130
1895 7177 -15162
1896 7135 -15110
1897 7029 -15142
1898 7105 -14990
1899 7193 -15074
1900 7177 -15102
1901 7139 -15154
1902 7019 -14946
1903 7131 -15294
1904 7133 -15294
1905 7165 -15054
1906 7371 -15286
1907 7171 -14886
1908 7123 -14686
1909 7077 -14802
1910 7061 -14902
1911 7215 -15030
1912 7167 -15014
1913 7161 -14954
1914 7245 -15150
1915 7225 -14942
1916 7301 -15018
1917 7285 -15010
1918 7287 -15082
1919 7331 -15042
1920 7313 -14886
1921 7325 -15214
1922 7285 -14910
1923 7337 -15414
1924 7173 -15174
1925 7139 -15086
1926 7085 -14890
1927 6971 -14766
1928 6979 -14546
1929 6911 -14598
1930 6945 -14618
1931 7055 -14722
1932 7051 -14690
1933 7043 -14718
1934 7063 -14810
1935 7109 -14938
1936 7025 -14822
1937 7177 -15026
1938 7051 -14578
1939 7119 -14722
1940 7211 -14858
1941 7253 -14842
1942 7265 -14926
1943 7365 -15162
1944 7299 -14954
1945 7309 -14930
1946 7281 -14994
1947 7393 -15062
1948 7427 -15174
1949 7363 -15142
1950 7419 -15234
1951 7393 -15038
1952 7395 -15094
1953 7517 -15370
1954 7467 -15130
1955 7477 -14954
1956 7485 -15058
1957 7499 -15038
1958 7463 -15018
1959 7589 -15446
1960 7589 -15506
1961 7555 -15378
1962 7579 -15450
1963 7615 -15298
1964 7637 -15202
1965 7589 -15318
1966 7503 -15230
1967 7539 -15238
1968 7569 -15314
1969 7483 -15282
1970 7495 -15266
1971 7545 -15290
1972 7521 -15182
1973 7597 -15262
1974 7611 -15322
1975 7743 -15446
1976 7567 -15318
1977 7723 -15582
1978 7761 -15558
1979 7663 -15526
1980 7455 -15182
1981 7405 -14994
1982 7385 -15066
1983 7463 -15238
1984 7449 -15178
1985 7459 -14894
1986 7413 -14954
1987 7435 -15174
1988 7405 -15250
1989 7375 -14950
1990 7283 -14886
1991 7269 -15030
1992 7333 -15062
1993 7389 -15142
1994 7453 -15234
1995 7379 -15130
1996 7459 -15278
1997 7493 -15294
1998 7563 -15246
1999 7649 -15398
2000 7629 -15398
2001 7569 -15454
2002 7519 -15138
2003 7631 -15254
2004 7523 -15302
2005 7515 -14954
2006 7633 -14954
2007 7671 -15178
2008 7713 -15346
2009 7643 -15150
2010 7635 -15018
2011 7693 -15262
2012 7749 -15454
2013 7653 -15406
2014 7665 -15278
2015 7545 -15206
2016 7563 -14998
2017 7581 -15010
2018 7683 -15302
2019 7691 -15294
2020 7713 -15262
2021 7781 -15298
2022 7749 -15406
2023 7725 -15310
2024 7743 -15378
2025 7691 -15278
2026 7665 -15066
2027 7697 -15282
2028 7745 -15286
2029 7763 -15406
2030 7687 -15250
2031 7619 -15214
2032 7697 -15294
2033 7645 -15194
2034 7615 -15222
2035 7815 -15554
2036 7741 -15410
2037 7781 -15306
2038 7803 -15250
2039 7811 -15386
2040 7973 -15690
2041 7913 -15654
2042 7865 -15458
2043 7893 -15482
2044 7849 -15302
2045 8027 -15610
2046 7961 -15522
2047 7947 -15474
2048 7953 -15422
2049 7929 -15334
2050 8041 -15454
2051 7949 -15298
2052 7917 -15402
2053 7905 -15426
2054 7719 -15090
2055 7633 -15082
2056 7643 -15002
2057 7575 -14978
2058 7575 -14866
2059 7619 -15014
2060 7673 -15126
2061 7723 -15286
2062 7681 -15154
2063 7791 -15382
2064 7831 -15370
2065 7793 -15426
2066 7715 -15250
2067 7797 -15210
2068 7843 -15270
2069 7943 -15578
2070 7947 -15478
2071 7871 -15458
2072 7995 -15670
2073 8011 -15482
2074 8053 -15646
2075 8043 -15414
2076 8037 -15474
2077 8127 -15650
2078 8111 -15614
2079 8077 -15590
2080 8047 -15518
2081 7905 -15418
2082 7789 -15122
2083 7819 -15094
2084 7681 -15106
2085 7671 -15158
2086 7719 -15158
2087 7749 -15190
2088 7781 -15206
2089 7823 -15198
2090 7931 -15430
2091 7927 -15490
2092 7907 -15654
2093 7795 -15410
2094 7641 -14974
2095 7645 -15038
2096 7501 -14902
2097 7519 -14906
2098 7551 -14910
2099 7541 -15018
2100 7503 -14766
2101 7529 -14970
2102 7493 -14914
2103 7491 -14838
2104 7537 -15082
2105 7467 -15014
2106 7485 -14934
2107 7499 -14934
2108 7613 -15166
2109 7551 -15130
2110 7549 -15094
2111 7559 -15018
2112 7517 -14930
2113 7553 -15006
2114 7515 -15006
2115 7489 -15006
2116 7401 -14794
2117 7227 -14938
2118 7205 -14918
2119 7207 -14862
2120 7185 -14898
2121 7213 -14806
2122 7245 -14658
2123 7085 -14406
2124 7197 -14846
2125 7203 -14790
2126 7185 -14910
2127 7295 -15082
2128 7237 -14734
2129 7329 -14694
2130 7337 -14602
2131 7419 -14838
2132 7421 -14970
2133 7337 -14922
2134 7355 -14934
2135 7403 -15070
2136 7425 -14942
2137 7475 -15026
2138 7465 -15046
2139 7505 -15042
2140 7549 -15038
2141 7535 -15054
2142 7469 -14962
2143 7423 -14858
2144 7515 -15086
2145 7499 -15106
2146 7503 -15218
2147 7433 -15118
2148 7435 -15018
2149 7413 -14938
2150 7381 -14842
2151 7359 -14782
2152 7335 -14802
2153 7271 -14906
2154 7395 -15146
2155 7353 -14950
2156 7511 -14974
2157 7441 -14914
2158 7389 -14822
2159 7513 -15030
2160 7471 -14966
2161 7377 -14786
2162 7469 -15098
2163 7307 -14798
2164 7319 -14918
2165 7399 -14950
2166 7531 -15186
2167 7551 -15146
2168 7499 -14990
2169 7607 -15126
2170 7599 -15090
2171 7573 -15042
2172 7615 -15238
2173 7557 -15190
2174 7547 -15162
2175 7519 -15018
2176 7499 -15050
2177 7421 -15054
2178 7437 -14986
2179 7511 -15278
2180 7619 -15346
2181 7553 -15214
2182 7615 -15234
2183 7519 -15166
2184 7515 -15066
2185 7469 -15082
2186 7517 -15086
2187 7555 -15058
2188 7523 -14974
2189 7619 -15110
2190 7669 -15190
2191 7727 -15334
2192 7741 -15346
2193 7743 -15338
2194 7721 -15178
2195 7703 -15210
2196 7669 -15270
2197 7719 -15398
2198 7701 -15434
2199 7651 -15238
2200 7647 -15302
2201 7629 -15298
2202 7613 -15174
2203 7637 -15102
2204 7611 -15290
2205 7535 -15298
2206 7577 -15278
2207 7455 -15118
2208 7493 -15186
2209 7505 -15334
2210 7507 -15022
2211 7547 -15042
2212 7571 -15050
2213 7777 -15386
2214 7741 -15406
2215 7685 -15334
2216 7687 -15482
2217 7829 -15754
2218 7711 -15430
2219 7757 -15386
2220 7757 -15350
2221 7687 -15330
2222 7779 -15314
2223 7607 -15122
2224 7579 -15210
2225 7505 -15214
2226 7499 -15126
2227 7549 -15106
2228 7609 -15286
2229 7807 -15402
2230 7841 -15618
2231 7799 -15506
2232 7743 -15326
2233 7797 -15690
2234 7897 -15750
2235 7689 -15406
2236 7619 -15298
2237 7621 -15306
2238 7685 -15402
2239 7737 -15490
2240 7743 -15446
2241 7723 -15310
2242 7635 -15230
2243 7541 -15110
2244 7491 -15050
2245 7453 -14894
2246 7541 -15266
2247 7553 -15066
2248 7619 -15350
2249 7509 -15102
2250 7491 -15062
2251 7423 -14930
2252 7447 -14918
2253 7539 -15150
2254 7447 -15106
2255 7359 -15082
2256 7279 -15138
2257 7211 -14954
2258 7121 -14674
2259 7105 -14890
2260 7347 -15038
2261 7469 -15190
2262 7435 -15014
2263 7469 -15322
2264 7537 -15314
2265 7491 -15334
2266 7543 -15398
2267 7601 -15482
2268 7447 -15102
2269 7403 -15038
2270 7343 -14858
2271 7275 -14822
2272 7243 -14762
2273 7287 -14926
2274 7285 -14782
2275 7359 -14790
2276 7299 -14634
2277 7387 -14690
2278 7471 -14818
2279 7511 -15002
2280 7565 -14926
2281 7507 -15026
2282 7489 -15046
2283 7535 -15086
2284 7509 -15142
2285 7523 -15326
2286 7547 -15250
2287 7521 -15142
2288 7701 -15346
2289 7705 -15450
2290 7673 -15382
2291 7627 -15394
2292 7615 -15366
2293 7655 -15422
2294 7547 -15290
2295 7517 -15266
2296 7635 -15254
2297 7671 -15290
2298 7525 -15138
2299 7501 -15258
2300 7545 -15214
2301 7413 -15018
2302 7353 -14942
2303 7329 -14786
2304 7285 -14662
2305 7361 -14758
2306 7231 -14662
2307 7235 -14526
2308 7353 -14694
2309 7461 -15094
2310 7535 -15130
2311 7531 -15154
2312 7485 -15246
2313 7423 -15222
2314 7267 -15014
2315 7297 -14950
2316 7371 -15022
2317 7415 -15322
2318 7487 -15302
2319 7497 -15258
2320 7477 -15018
2321 7489 -15038
2322 7521 -15178
2323 7711 -15410
2324 7721 -15422
2325 7765 -15402
2326 7615 -15454
2327 7533 -15330
2328 7451 -14958
2329 7519 -15022
2330 7563 -15206
2331 7567 -15122
2332 7517 -15006
2333 7397 -15014
2334 7397 -14874
2335 7343 -14786
2336 7317 -14870
2337 7589 -15218
2338 7567 -15170
2339 7539 -15162
2340 7367 -15046
2341 7273 -14914
2342 7249 -14926
2343 7271 -15046
2344 7279 -15062
2345 7329 -15050
2346 7157 -14662
2347 7045 -14474
2348 7059 -14642
2349 7023 -14618
2350 7053 -14758
2351 7031 -14622
2352 7157 -14758
2353 7297 -15014
2354 7387 -15086
2355 7327 -15050
2356 7245 -14858
2357 7327 -15086
2358 7299 -15294
2359 7201 -14866
2360 7069 -14714
2361 7003 -14586
2362 6989 -14762
2363 6983 -14830
2364 6885 -14322
2365 6993 -14458
2366 6891 -14362
2367 6929 -14434
2368 7015 -14690
2369 7033 -14750
2370 7269 -15142
2371 7341 -15118
2372 7395 -15158
2373 7313 -14970
2374 7405 -15038
2375 7339 -15086
2376 7347 -15098
2377 7299 -15150
2378 7153 -14826
2379 7249 -14834
2380 7289 -14842
2381 7369 -15038
2382 7445 -15154
2383 7437 -15262
2384 7477 -15138
2385 7517 -15438
2386 7513 -15358
2387 7489 -15202
2388 7381 -14950
2389 7249 -14758
2390 7269 -14790
2391 7217 -14854
2392 7435 -15182
2393 7455 -15090
2394 7497 -15206
2395 7545 -15322
2396 7545 -15190
2397 7537 -15082
2398 7487 -15034
2399 7537 -15154
2400 7643 -15230
2401 7785 -15374
2402 7691 -15210
2403 7583 -15186
2404 7611 -15230
2405 7559 -15054
2406 7483 -15074
2407 7533 -15070
2408 7537 -15122
2409 7461 -14958
2410 7445 -15042
2411 7507 -15090
2412 7557 -15326
2413 7507 -14958
2414 7559 -15090
2415 7499 -14894
2416 7451 -14830
2417 7611 -15126
2418 7491 -14930
2419 7535 -15050
2420 7549 -14970
2421 7431 -14906
2422 7409 -14898
2423 7357 -14750
2424 7407 -14762
2425 7405 -14790
2426 7331 -14718
2427 7379 -14802
2428 7397 -14754
2429 7441 -15086
2430 7493 -15170
2431 7431 -15174
2432 7437 -15010
2433 7475 -15246
2434 7431 -15158
2435 7373 -15026
2436 7325 -14954
2437 7307 -14926
2438 7317 -15030
2439 7289 -15034
2440 7315 -15114
2441 7321 -15210
2442 7243 -15038
2443 7215 -14842
2444 7381 -15106
2445 7263 -15006
2446 7271 -15126
2447 7375 -15510
2448 7387 -15530
2449 7353 -15266
2450 7367 -15010
2451 7259 -14966
2452 7309 -15110
2453 7317 -15110
2454 7287 -15166
2455 7259 -15206
2456 7263 -15210
2457 7317 -15270
2458 7369 -15406
2459 7175 -14998
2460 7097 -15002
2461 7145 -15102
2462 7129 -15050
2463 7089 -14910
2464 7059 -15042
2465 7043 -14986
2466 7141 -15190
2467 7227 -15226
2468 7121 -14762
2469 7293 -14938
2470 7273 -15038
2471 7327 -15090
2472 7351 -14950
2473 7243 -14690
2474 7175 -14734
2475 7183 -14902
2476 7147 -14862
2477 7111 -14762
2478 7193 -14838
2479 7353 -15034
2480 7369 -15198
2481 7421 -15206
2482 7487 -15430
2483 7615 -15514
2484 7667 -15574
2485 7669 -15514
2486 7757 -15642
2487 7803 -15494
2488 7823 -15442
2489 7727 -15326
2490 7741 -15430
2491 7675 -15298
2492 7617 -15074
2493 7469 -14874
2494 7321 -14542
2495 7529 -14838
2496 7549 -14850
2497 7719 -15346
2498 7613 -15122
2499 7727 -15338
2500 7727 -15302
2501 7715 -15346
2502 7789 -15494
2503 7685 -15350
2504 7661 -15230
2505 7831 -15546
2506 7765 -15470
2507 7537 -15086
2508 7669 -15106
2509 7795 -15210
2510 7785 -15330
2511 7771 -15458
2512 7711 -15182
2513 7739 -15194
2514 7711 -15170
2515 7575 -15030
2516 7593 -14918
2517 7713 -15222
2518 7613 -15154
2519 7609 -15034
2520 7587 -15082
2521 7681 -15218
2522 7747 -15282
2523 7623 -14946
2524 7645 -15122
2525 7661 -15306
2526 7673 -15354
2527 7545 -15306
2528 7545 -15314
2529 7527 -15266
2530 7595 -15410
2531 7497 -15002
2532 7511 -15058
2533 7493 -15002
2534 7635 -15198
2535 7517 -15210
2536 7387 -15202
2537 7363 -15074
2538 7389 -15126
2539 7463 -15322
2540 7499 -15534
2541 7507 -15346
2542 7449 -15374
2543 7421 -15318
2544 7467 -15494
2545 7485 -15422
2546 7479 -15330
2547 7525 -15354
2548 7623 -15530
2549 7667 -15570
2550 7555 -15146
2551 7561 -15322
2552 7563 -15230
2553 7709 -15354
2554 7677 -15298
2555 7671 -15342
2556 7607 -15182
2557 7495 -15182
2558 7449 -14998
2559 7317 -15002
2560 7313 -14882
2561 7267 -14754
2562 7215 -14694
2563 7063 -14466
2564 7089 -14666
2565 7127 -14714
2566 7141 -14778
2567 7199 -14906
2568 7067 -14894
2569 6953 -14754
2570 6867 -14458
2571 6969 -14690
2572 6835 -14622
2573 6779 -14466
2574 6861 -14586
2575 6903 -14682
2576 6839 -14586
2577 6867 -14598
2578 7019 -14818
2579 7023 -14830
2580 7157 -15078
2581 7181 -15062
2582 7113 -15018
2583 7119 -14986
2584 7145 -15034
2585 7193 -14998
2586 7259 -15070
2587 7291 -15046
2588 7243 -15062
2589 7261 -14994
2590 7299 -15166
2591 7255 -15074
2592 7125 -15030
2593 7165 -15142
2594 7011 -14834
2595 7021 -14782
2596 7003 -14822
2597 6983 -14766
2598 7085 -15162
2599 7047 -14858
2600 7251 -15098
2601 7157 -14990
2602 7111 -14790
2603 7189 -14742
2604 7043 -14590
2605 7081 -14770
2606 7113 -14770
2607 7265 -14810
2608 7313 -14890
2609 7389 -15018
2610 7421 -15238
2611 7503 -15302
2612 7459 -15038
2613 7319 -14966
2614 7213 -14918
2615 7133 -14714
2616 7193 -14878
2617 7307 -15078
2618 7419 -15182
2619 7491 -15174
2620 7463 -15266
2621 7499 -15098
2622 7407 -15054
2623 7359 -15054
2624 7183 -14834
2625 7339 -14998
2626 7319 -15026
2627 7377 -15174
2628 7165 -15054
2629 7049 -14910
2630 7055 -14962
2631 6943 -14998
2632 6829 -15194
2633 6783 -15142
2634 6765 -15126
2635 6781 -15062
2636 6855 -14926
2637 6769 -14826
2638 6701 -14678
2639 6759 -14906
2640 6849 -14978
2641 6777 -14970
2642 6719 -15138
2643 6649 -14766
2644 6539 -14678
2645 6673 -14986
2646 6741 -15082
2647 6775 -15178
2648 6819 -15186
2649 6835 -15110
2650 6961 -15294
2651 6975 -15122
2652 6903 -15130
2653 6987 -15150
2654 6967 -15134
2655 6859 -15202
2656 6745 -15146
2657 6719 -15338
2658 6661 -15238
2659 6877 -15306
2660 6951 -15346
2661 6957 -15210
2662 7033 -15298
2663 7007 -15162
2664 7157 -15402
2665 7051 -15266
2666 7053 -15234
2667 7109 -15082
2668 7113 -15162
2669 7105 -14974
2670 7105 -15158
2671 7023 -14962
2672 7081 -15070
2673 7013 -15030
2674 6911 -14598
2675 6947 -14790
2676 6987 -15022
2677 7273 -15466
2678 7129 -15142
2679 7043 -15018
2680 7031 -15002
2681 7119 -15206
2682 7163 -15174
2683 7215 -15258
2684 7209 -15206
2685 7261 -15178
2686 7125 -14990
2687 7149 -14922
2688 7171 -15110
2689 7097 -14858
2690 7163 -15266
2691 7201 -15226
2692 7333 -15474
2693 7171 -15298
2694 7117 -15098
2695 7153 -15134
2696 7165 -14938
2697 7181 -14994
2698 7131 -14946
2699 7139 -14890
2700 7163 -14958
2701 7189 -15210
2702 7143 -15062
2703 7171 -15078
2704 7281 -15118
2705 7153 -14822
2706 7135 -15058
2707 7131 -15106
2708 7103 -14854
2709 7219 -14954
2710 7209 -14930
2711 7137 -14814
2712 7105 -14866
2713 7175 -14846
2714 7097 -14654
2715 7047 -14742
2716 6853 -14430
2717 6803 -14598
2718 6837 -14542
2719 6823 -14718
2720 6823 -14730
2721 6719 -14574
2722 6945 -14838
2723 6937 -14814
2724 6981 -15046
2725 7035 -15002
2726 7191 -15198
2727 7137 -14954
2728 7161 -15002
2729 7137 -14882
2730 7073 -14762
2731 7165 -14986
2732 7217 -15026
2733 7281 -15058
2734 7379 -15126
2735 7423 -15278
2736 7373 -15014
2737 7263 -14742
2738 7315 -15010
2739 7315 -15062
2740 7221 -15082
2741 7227 -14834
2742 7335 -14966
2743 7453 -15050
2744 7465 -15082
2745 7637 -15226
2746 7619 -15462
2747 7617 -15470
2748 7543 -15270
2749 7491 -15210
2750 7427 -14998
2751 7429 -15174
2752 7353 -15146
2753 7247 -14954
2754 7243 -15006
2755 7201 -14806
2756 7083 -14946
2757 7133 -15038
2758 7093 -14878
2759 7107 -14986
2760 7021 -14742
2761 6977 -14650
2762 7047 -14874
2763 6997 -14766
2764 6919 -14678
2765 6849 -14614
2766 6907 -14750
2767 6893 -14870
2768 6945 -14706
2769 7015 -14750
2770 7009 -14686
2771 7107 -14870
2772 7217 -15182
2773 7115 -15046
2774 7203 -15122
2775 7217 -14914
2776 7219 -14854
2777 7291 -15090
2778 7319 -15178
2779 7455 -15138
2780 7445 -15242
2781 7373 -15150
2782 7403 -15282
2783 7287 -15202
2784 7385 -15242
2785 7433 -15358
2786 7531 -15418
2787 7553 -15438
2788 7705 -15626
2789 7573 -15226
2790 7513 -15158
2791 7495 -15006
2792 7511 -15146
2793 7435 -14922
2794 7427 -15198
2795 7387 -15018
2796 7347 -14942
2797 7295 -14826
2798 7377 -14866
2799 7335 -14906
2800 7333 -14738
2801 7325 -14858
2802 7213 -14958
2803 7187 -14966
2804 7299 -14846
2805 7357 -14886
2806 7539 -15326
2807 7579 -15322
2808 7565 -15146
2809 7599 -15206
2810 7591 -14974
2811 7543 -15162
2812 7587 -15066
2813 7621 -15114
2814 7607 -14890
2815 7657 -14918
2816 7551 -14958
2817 7615 -14990
2818 7693 -15402
2819 7685 -15250
2820 7795 -15090
2821 7793 -15118
2822 7743 -15102
2823 7623 -15022
2824 7535 -14850
2825 7441 -14734
2826 7563 -14878
2827 7509 -14658
2828 7581 -14950
2829 7527 -14914
2830 7667 -15050
2831 7687 -15182
2832 7709 -15054
2833 7685 -15142
2834 7725 -15190
2835 7621 -14970
2836 7591 -14990
2837 7657 -15198
2838 7559 -14958
2839 7591 -15150
2840 7511 -14846
2841 7485 -14978
2842 7525 -15218
2843 7395 -15090
2844 7509 -15010
2845 7427 -15050
2846 7279 -14710
2847 7277 -14686
2848 7419 -14930
2849 7377 -15082
2850 7431 -15194
2851 7163 -14858
2852 7095 -14474
2853 7263 -14938
2854 7125 -14958
2855 7229 -15066
2856 7245 -14990
2857 7265 -14994
2858 7313 -14890
2859 7313 -14886
2860 7435 -14930
2861 7323 -14946
2862 7335 -15158
2863 7399 -15242
2864 7441 -15354
2865 7453 -15442
2866 7393 -15118
2867 7327 -15158
2868 7411 -14994
2869 7351 -14894
2870 7409 -15150
2871 7375 -15230
2872 7353 -15298
2873 7455 -15286
2874 7559 -15282
2875 7577 -15314
2876 7669 -15538
2877 7633 -15358
2878 7667 -15394
2879 7609 -15314
2880 7561 -15162
2881 7491 -15050
2882 7629 -15354
2883 7649 -15350
2884 7711 -15378
2885 7715 -15358
2886 7577 -15214
2887 7649 -15322
2888 7697 -15378
2889 7565 -15050
2890 7579 -15158
2891 7569 -15094
2892 7497 -15122
2893 7399 -14986
2894 7533 -15174
2895 7369 -15030
2896 7439 -15198
2897 7509 -15358
2898 7433 -15370
2899 7427 -15090
2900 7475 -15130
2901 7319 -14778
2902 7351 -15202
2903 7565 -15526
2904 7489 -15426
2905 7383 -15030
2906 7299 -14746
2907 7209 -14450
2908 7269 -14846
2909 7285 -14954
2910 7341 -15122
2911 7359 -15018
2912 7229 -14886
2913 7161 -14794
2914 6899 -14198
2915 6949 -14402
2916 7027 -14494
2917 7045 -14570
2918 7257 -14966
2919 7197 -14942
2920 7131 -14766
2921 7183 -14662
2922 7189 -14806
2923 7043 -14638
2924 6947 -14666
2925 6963 -14618
2926 6863 -14578
2927 6861 -14506
2928 7029 -14814
2929 7081 -14850
2930 7061 -14826
2931 7135 -14866
2932 7013 -14374
2933 7003 -14522
2934 7093 -14630
2935 7263 -14950
2936 7327 -14934
2937 7327 -14930
2938 7339 -14966
2939 7459 -15054
2940 7421 -14894
2941 7387 -14878
2942 7377 -14798
2943 7409 -14990
2944 7267 -14902
2945 7157 -14658
2946 7169 -14890
2947 7179 -14882
2948 7177 -14902
2949 7165 -15130
2950 7103 -14858
2951 7083 -14930
2952 7067 -15182
2953 7009 -14782
2954 7187 -15106
2955 7137 -14826
2956 7227 -15034
2957 7373 -15190
2958 7233 -14914
2959 7295 -14894
2960 7337 -14814
2961 7433 -15090
2962 7469 -15282
2963 7449 -15246
2964 7425 -15070
2965 7489 -15194
2966 7561 -15214
2967 7583 -15126
2968 7569 -15334
2969 7561 -15394
2970 7505 -15222
2971 7399 -14950
2972 7365 -14942
2973 7401 -14978
2974 7375 -14978
2975 7383 -14898
2976 7475 -15034
2977 7421 -15038
2978 7299 -14830
2979 7361 -14982
2980 7421 -15034
2981 7435 -14986
2982 7331 -14914
2983 7431 -14990
2984 7499 -15270
2985 7399 -15138
2986 7243 -14890
2987 7303 -14814
2988 7155 -14614
2989 7197 -14766
2990 7245 -14774
2991 7245 -15038
2992 7271 -15106
2993 7047 -14790
2994 7029 -14682
2995 7143 -14818
2996 7323 -15202
2997 7311 -15262
2998 7237 -15074
2999 7127 -14766
3000 7123 -14734
3001 7223 -14978
3002 7143 -15110
3003 7155 -15122
3004 7109 -14822
3005 7075 -14682
3006 7179 -14934
3007 7203 -14934
3008 7225 -14850
3009 7215 -14890
3010 7153 -14890
3011 7167 -15058
3012 7261 -15062
3013 7319 -14990
3014 7265 -14830
3015 7389 -15150
3016 7285 -15078
3017 7257 -15154
3018 7229 -14994
3019 7277 -15010
3020 7229 -14958
3021 7221 -14954
3022 7237 -15062
3023 7317 -15070
3024 7233 -14894
3025 7335 -15058
3026 7329 -15018
3027 7251 -15014
3028 7149 -14954
3029 7183 -14794
3030 7175 -14962
3031 7167 -14950
3032 7211 -14754
3033 7127 -14718
3034 7071 -14678
3035 7101 -14842
3036 7059 -14770
3037 7143 -14966
3038 7167 -15130
3039 7157 -15006
3040 7049 -14874
3041 6947 -14738
3042 6993 -14986
3043 6953 -14866
3044 6875 -14558
3045 6759 -14378
3046 6761 -14390
3047 6763 -14478
3048 6727 -14494
3049 6745 -14654
3050 6825 -14690
3051 6885 -14770
3052 6851 -14654
3053 6723 -14522
3054 6675 -14586
3055 6503 -14374
3056 6567 -14406
3057 6567 -14306
3058 6599 -14518
3059 6635 -14578
3060 6553 -14394
3061 6597 -14634
3062 6737 -14750
3063 6641 -14610
3064 6759 -14630
3065 6813 -14626
3066 6691 -14626
3067 6705 -14934
3068 6867 -15114
3069 6797 -14642
3070 6855 -14782
3071 6835 -14550
3072 6947 -14582
3073 6807 -14382
3074 6701 -14350
3075 6791 -14678
3076 7107 -15054
3077 7051 -14786
3078 7117 -15194
3079 7203 -15034
3080 7147 -15030
3081 7037 -15322
3082 7159 -15290
3083 7231 -15298
3084 7087 -14970
3085 6921 -14850
3086 6947 -14746
3087 6877 -14790
3088 6761 -14866
3089 6815 -14882
3090 6931 -14970
3091 6933 -14890
3092 6953 -14746
3093 6947 -14966
3094 6875 -14798
3095 6995 -14890
3096 6975 -15054
3097 6875 -14890
3098 6929 -14834
3099 6885 -14802
3100 7013 -15046
3101 6953 -14826
3102 6841 -14650
3103 6869 -14822
3104 6841 -14842
3105 6795 -14786
3106 6823 -14798
3107 6727 -15010
3108 6739 -14886
3109 6679 -14862
3110 6737 -14954
3111 6639 -14810
3112 6683 -14874
3113 6729 -15050
3114 6747 -15174
3115 6829 -15150
3116 6703 -14910
3117 6679 -14862
3118 6543 -14738
3119 6383 -14578
3120 6609 -14878
3121 6725 -14874
3122 6739 -14822
3123 6721 -14934
3124 6585 -14794
3125 6637 -14714
3126 6607 -14826
3127 6829 -14950
3128 6743 -15138
3129 6663 -15050
3130 6763 -15094
3131 6771 -15246
3132 6753 -15394
3133 6599 -15226
3134 6689 -15306
3135 6631 -15070
3136 6597 -14906
3137 6419 -14642
3138 6303 -14350
3139 6487 -14702
3140 6477 -14674
3141 6459 -14614
3142 6459 -14542
3143 6533 -14514
3144 6497 -14454
3145 6565 -14554
3146 6601 -14618
3147 6633 -14686
3148 6731 -14986
3149 6631 -14710
3150 6577 -14598
3151 6561 -14698
3152 6635 -14798
3153 6689 -14754
3154 6749 -14998
3155 6909 -15066
3156 6835 -15070
3157 6861 -14834
3158 6887 -14822
3159 7025 -15166
3160 6925 -14798
3161 7033 -14974
3162 7025 -15010
3163 6813 -14782
3164 6895 -14686
3165 6973 -14634
3166 7029 -14854
3167 7079 -14762
3168 7029 -14910
3169 7013 -14874
3170 7037 -14846
3171 6977 -14834
3172 6829 -14586
3173 6981 -14742
3174 6999 -14890
3175 6955 -14814
3176 7071 -15050
3177 7165 -15038
3178 7245 -15038
3179 7137 -14966
3180 7225 -14902
3181 7263 -14882
3182 7175 -14770
3183 7155 -14774
3184 7309 -14986
3185 7355 -14962
3186 7411 -14858
3187 7499 -15170
3188 7511 -15234
3189 7509 -15214
3190 7513 -15070
3191 7507 -15174
3192 7579 -15202
3193 7545 -15014
3194 7531 -14962
3195 7669 -15118
3196 7535 -14954
3197 7487 -14974
3198 7617 -15166
3199 7531 -14802
3200 7685 -15094
3201 7633 -15190
3202 7599 -14934
3203 7445 -14714
3204 7529 -15006
3205 7583 -15198
3206 7505 -14914
3207 7457 -14754
3208 7373 -14610
3209 7547 -15010
3210 7531 -14790
3211 7603 -15070
3212 7689 -15118
3213 7589 -15086
3214 7597 -14970
3215 7669 -15118
3216 7739 -15174
3217 7913 -15318
3218 7897 -15378
3219 7759 -15306
3220 7885 -15578
3221 7891 -15534
3222 7765 -15414
3223 7723 -15318
3224 7789 -15410
3225 7833 -15514
3226 7799 -15446
3227 7859 -15446
3228 7825 -15382
3229 7755 -15122
3230 7777 -15078
3231 7769 -15162
3232 7823 -15210
3233 7833 -15238
3234 7869 -15310
3235 7833 -15178
3236 7779 -15262
3237 7713 -15042
3238 7817 -15154
3239 7823 -15206
3240 7671 -15082
3241 7603 -15054
3242 7577 -15090
3243 7559 -15058
3244 7545 -14854
3245 7423 -14906
3246 7541 -14910
3247 7573 -15118
3248 7615 -15058
3249 7681 -15086
3250 7783 -15110
3251 7839 -15134
3252 7769 -15174
3253 7833 -15014
3254 7833 -15302
3255 7785 -15198
3256 7737 -15050
3257 7773 -15206
3258 7881 -15262
3259 7811 -15190
3260 7841 -15290
3261 7909 -15298
3262 7809 -15162
3263 7771 -15282
3264 7761 -15154
3265 7771 -15186
3266 7711 -15126
3267 7693 -15146
3268 7719 -15270
3269 7505 -14930
3270 7459 -14942
3271 7543 -15114
3272 7485 -14810
3273 7525 -15038
3274 7525 -15054
3275 7577 -15070
3276 7595 -15142
3277 7603 -15070
3278 7521 -15074
3279 7577 -14978
3280 7665 -15162
3281 7663 -15222
3282 7601 -15218
3283 7595 -15182
3284 7539 -15110
3285 7423 -14742
3286 7335 -14738
3287 7459 -15022
3288 7565 -15222
3289 7533 -14950
3290 7589 -15234
3291 7617 -15250
3292 7417 -14938
3293 7371 -15062
3294 7477 -15118
3295 7461 -15050
3296 7465 -15098
3297 7301 -14842
3298 7345 -15086
3299 7289 -15054
3300 7199 -14890
3301 7317 -15002
3302 7341 -14842
3303 7297 -14994
3304 7187 -14946
3305 7235 -14934
3306 7433 -15086
3307 7517 -15262
3308 7457 -14994
3309 7489 -15062
3310 7621 -15090
3311 7551 -15182
3312 7535 -15146
3313 7451 -15042
3314 7547 -15162
3315 7565 -15182
3316 7491 -15182
3317 7513 -15234
3318 7501 -15246
3319 7401 -14914
3320 7361 -14614
3321 7347 -14850
3322 7297 -14662
3323 7223 -14446
3324 7321 -14754
3325 7373 -14854
3326 7239 -14466
3327 7255 -14754
3328 7301 -14922
3329 7321 -14946
3330 7349 -15098
3331 7335 -15246
3332 7321 -15010
3333 7229 -14950
3334 7181 -15070
3335 7085 -14794
3336 6981 -14850
3337 6847 -14454
3338 6855 -14594
3339 6987 -14742
3340 6999 -14622
3341 6983 -14770
3342 7009 -14650
3343 7127 -14818
3344 7229 -15026
3345 7273 -14966
3346 7231 -15062
3347 7191 -14970
3348 7123 -14890
3349 7057 -14710
3350 7163 -14718
3351 7207 -14982
3352 7263 -15010
3353 7333 -14970
3354 7459 -15242
3355 7425 -15126
3356 7349 -15034
3357 7331 -14866
3358 7377 -15070
3359 7379 -14990
3360 7511 -15322
3361 7535 -15418
3362 7583 -15550
3363 7579 -15446
3364 7591 -15334
3365 7461 -14966
3366 7371 -14854
3367 7335 -14986
3368 7391 -15162
3369 7453 -14894
3370 7529 -15238
3371 7535 -15230
3372 7643 -15306
3373 7807 -15522
3374 7759 -15374
3375 7621 -15098
3376 7723 -15178
3377 7645 -15278
3378 7619 -15246
3379 7753 -15322
3380 7735 -15254
3381 7571 -15022
3382 7571 -15034
3383 7699 -15350
3384 7551 -14958
3385 7631 -15066
3386 7643 -15102
3387 7599 -15034
3388 7677 -15270
3389 7519 -15066
3390 7739 -15466
3391 7691 -15314
3392 7615 -15390
3393 7551 -15202
3394 7529 -15126
3395 7525 -15138
3396 7513 -15366
3397 7615 -15486
3398 7599 -15346
3399 7553 -15298
3400 7439 -15158
3401 7527 -15314
3402 7543 -15182
3403 7347 -14938
3404 7347 -14766
3405 7337 -14854
3406 7297 -14846
3407 7337 -14894
3408 7389 -14958
3409 7449 -14926
3410 7483 -15110
3411 7495 -15086
3412 7579 -15162
3413 7549 -15150
3414 7607 -15242
3415 7569 -15178
3416 7587 -15066
3417 7621 -15278
3418 7547 -15114
3419 7611 -15286
3420 7621 -15074
3421 7515 -15062
3422 7491 -14986
3423 7407 -14954
3424 7275 -15022
3425 7137 -14754
3426 7085 -14786
3427 7117 -14862
3428 7121 -14990
3429 7091 -14978
3430 6965 -14690
3431 7087 -15010
3432 6931 -14810
3433 6867 -14594
3434 6943 -14514
3435 7015 -14750
3436 6969 -14758
3437 7149 -14914
3438 7231 -14982
3439 7225 -14954
3440 7209 -14926
3441 7337 -15038
3442 7319 -15062
3443 7353 -15018
3444 7333 -14858
3445 7359 -14906
3446 7285 -14778
3447 7479 -15106
3448 7547 -15150
3449 7463 -15094
3450 7383 -14910
3451 7453 -15122
3452 7385 -14938
3453 7271 -15082
3454 7217 -14974
3455 7197 -14878
3456 7173 -14890
3457 7233 -15126
3458 7203 -15086
3459 7091 -14762
3460 7057 -14694
3461 7125 -15082
3462 7239 -15266
3463 7207 -15166
3464 7331 -15326
3465 7315 -15214
3466 7175 -15106
3467 7123 -15022
3468 7171 -15098
3469 7221 -15182
3470 7153 -15278
3471 7045 -15022
3472 7175 -15218
3473 6939 -14930
3474 6891 -14866
3475 6925 -15010
3476 6933 -14758
3477 6921 -14774
3478 6973 -14742
3479 6973 -14646
3480 6931 -14806
3481 7063 -15054
3482 7039 -14790
3483 7095 -15254
3484 7213 -15214
3485 7361 -15586
3486 7287 -15434
3487 7267 -15250
3488 7365 -15378
3489 7341 -15186
3490 7281 -14994
3491 7233 -15030
3492 7355 -15118
3493 7379 -14954
3494 7437 -15170
3495 7283 -14818
3496 7285 -14666
3497 7315 -14830
3498 7231 -14838
3499 7279 -15018
3500 7197 -14906
3501 7109 -14834
3502 7129 -14942
3503 7159 -14822
3504 7287 -15210
3505 7095 -14722
3506 7219 -14834
3507 7183 -14906
3508 7167 -14882
3509 7221 -15138
3510 7225 -15146
3511 7257 -15130
3512 7331 -15126
3513 7235 -14874
3514 7383 -15242
3515 7187 -14830
3516 7197 -14874
3517 7153 -14954
3518 7225 -15054
3519 7259 -14882
3520 7245 -15062
3521 7367 -15086
3522 7409 -15266
3523 7493 -15446
3524 7449 -15550
3525 7431 -15414
3526 7349 -15034
3527 7291 -15290
3528 7103 -15034
3529 7091 -15106
3530 7113 -14962
3531 7161 -15094
3532 7093 -14962
3533 7123 -14894
3534 7005 -14570
3535 7139 -14834
3536 7195 -14886
3537 7215 -14858
3538 7089 -14858
3539 7099 -15078
3540 7119 -14862
3541 7231 -15154
3542 7221 -15162
3543 7089 -14978
3544 7011 -15006
3545 6991 -14562
3546 7041 -14674
3547 6861 -14438
3548 6803 -14378
3549 6907 -14458
3550 6927 -14526
3551 6897 -14446
3552 6997 -14730
3553 7151 -14934
3554 7147 -15094
3555 7201 -14950
3556 7057 -14986
3557 7099 -14998
3558 7085 -14890
3559 7185 -15158
3560 7151 -15062
3561 7379 -15106
3562 7371 -15050
3563 7295 -15138
3564 7461 -15370
3565 7417 -15106
3566 7551 -15338
3567 7599 -15294
3568 7653 -15518
3569 7655 -15318
3570 7521 -15122
3571 7421 -15150
3572 7387 -15082
3573 7511 -15262
3574 7423 -15170
3575 7407 -15250
3576 7341 -15210
3577 7469 -15422
3578 7421 -15258
3579 7545 -15530
3580 7529 -15398
3581 7551 -15298
3582 7565 -15438
3583 7557 -15390
3584 7525 -15278
3585 7663 -15526
3586 7603 -15594
3587 7623 -15554
3588 7633 -15438
3589 7725 -15566
3590 7695 -15522
3591 7571 -15346
3592 7563 -15222
3593 7511 -15210
3594 7489 -15230
3595 7619 -15334
3596 7503 -15214
3597 7443 -15146
3598 7377 -15142
3599 7251 -15062
3600 7191 -15042
3601 7221 -15030
3602 7235 -14918
3603 7253 -14938
3604 7211 -14898
3605 7309 -15098
3606 7239 -14822
3607 7329 -15034
3608 7113 -14878
3609 7143 -14930
3610 7253 -14918
3611 7233 -15082
3612 7205 -15038
3613 7261 -15102
3614 7275 -14990
3615 7259 -15002
3616 7225 -15002
3617 7267 -14950
3618 7253 -14950
3619 7489 -15354
3620 7363 -15254
3621 7415 -15462
3622 7439 -15282
3623 7381 -15218
3624 7421 -15330
3625 7319 -15106
3626 7371 -15334
3627 7343 -15306
3628 7283 -15286
3629 7123 -15274
3630 7141 -15062
3631 7039 -14782
3632 7115 -14934
3633 7123 -15154
3634 7117 -15170
3635 7173 -15078
3636 7065 -15118
3637 7075 -15154
3638 7069 -14966
3639 7117 -15198
3640 7173 -15202
3641 7095 -15074
3642 7013 -14770
3643 6969 -14950
3644 6971 -14826
3645 6923 -14902
3646 7013 -14794
3647 7091 -15122
3648 7169 -15142
3649 7159 -15234
3650 7165 -15138
3651 7189 -15342
3652 7239 -15242
3653 7187 -14978
3654 7237 -15130
3655 7035 -14702
3656 7079 -14738
3657 7223 -14878
3658 7183 -14806
3659 7193 -14786
3660 7191 -14766
3661 7163 -14954
3662 7271 -14942
3663 7309 -15238
3664 7301 -15210
3665 7247 -15126
3666 7345 -15274
3667 7383 -15246
3668 7425 -15178
3669 7393 -15098
3670 7277 -14862
3671 7165 -14578
3672 7069 -14810
3673 7163 -14854
3674 7231 -14834
3675 7183 -14626
3676 7161 -14678
3677 7159 -14734
3678 7125 -14830
3679 7233 -14802
3680 7255 -15022
3681 7189 -14950
3682 7125 -14874
3683 7045 -14646
3684 7081 -14838
3685 7067 -14890
3686 7005 -14686
3687 6919 -14434
3688 6985 -14622
3689 7103 -14798
3690 7031 -14726
3691 7149 -14690
3692 7071 -14686
3693 7231 -14694
3694 7281 -14774
3695 7389 -14982
3696 7409 -15022
3697 7383 -14894
3698 7363 -14938
3699 7365 -15010
3700 7389 -14934
3701 7421 -15006
3702 7583 -15290
3703 7653 -15410
3704 7717 -15314
3705 7785 -15418
3706 7743 -15242
3707 7665 -15198
3708 7729 -15342
3709 7881 -15458
3710 7911 -15266
3711 7803 -15170
3712 7835 -15162
3713 7943 -15450
3714 7953 -15414
3715 7843 -15338
3716 7929 -15626
3717 7863 -15350
3718 7847 -15454
3719 7721 -15290
3720 7499 -14918
3721 7439 -14942
3722 7473 -14810
3723 7427 -14882
3724 7315 -14658
3725 7297 -14806
3726 7267 -14694
3727 7327 -14674
3728 7227 -14710
3729 7159 -14610
3730 7097 -14502
3731 7181 -14558
3732 7181 -14654
3733 7257 -14698
3734 7347 -14870
3735 7381 -14878
3736 7401 -15050
3737 7373 -15074
3738 7363 -15050
3739 7321 -14974
3740 7303 -15030
3741 7187 -14822
3742 7091 -14770
3743 6953 -14670
3744 7041 -14638
3745 7079 -14630
3746 7095 -14566
3747 7237 -14706
3748 7255 -14602
3749 7379 -14810
3750 7505 -14958
3751 7615 -15126
3752 7473 -14926
3753 7491 -14754
3754 7615 -14942
3755 7531 -14746
3756 7515 -14762
3757 7677 -14766
3758 7853 -15382
3759 7787 -15218
3760 7773 -15374
3761 7735 -15154
3762 7687 -15158
3763 7619 -15218
3764 7631 -15150
3765 7531 -14946
3766 7483 -14714
3767 7551 -15014
3768 7559 -15122
3769 7549 -14986
3770 7601 -15190
3771 7569 -14990
3772 7597 -15170
3773 7511 -15062
3774 7631 -15338
3775 7657 -15342
3776 7741 -15426
3777 7667 -15418
3778 7783 -15442
3779 7739 -15270
3780 7577 -14966
3781 7591 -14930
3782 7515 -14902
3783 7585 -15046
3784 7637 -15066
3785 7719 -15290
3786 7579 -15154
3787 7429 -14838
3788 7391 -14738
3789 7459 -14878
3790 7495 -14838
3791 7573 -15310
3792 7533 -15210
3793 7513 -15054
3794 7485 -14918
3795 7423 -14842
3796 7449 -14866
3797 7411 -14882
3798 7583 -15070
3799 7561 -15138
3800 7457 -14822
3801 7457 -14802
3802 7431 -14866
3803 7355 -14602
3804 7379 -14706
3805 7343 -14710
3806 7445 -14946
3807 7527 -15006
3808 7393 -15106
3809 7395 -14926
3810 7401 -14810
3811 7425 -14990
3812 7377 -14642
3813 7455 -14750
3814 7379 -14758
3815 7393 -14794
3816 7357 -14914
3817 7361 -14894
3818 7369 -14794
3819 7465 -14886
3820 7537 -15366
3821 7551 -15258
3822 7675 -15390
3823 7587 -15230
3824 7693 -15262
3825 7683 -15322
3826 7571 -15150
3827 7539 -15046
3828 7537 -15094
3829 7537 -15142
3830 7513 -15030
3831 7617 -14954
3832 7745 -15302
3833 7661 -15334
3834 7603 -15190
3835 7571 -15262
3836 7575 -15178
3837 7601 -15158
3838 7505 -15174
3839 7481 -14966
3840 7405 -14842
3841 7499 -15006
3842 7557 -15042
3843 7617 -15242
3844 7547 -14970
3845 7551 -15010
3846 7515 -14942
3847 7555 -15186
3848 7593 -15214
3849 7593 -15306
3850 7607 -15470
3851 7683 -15494
3852 7627 -15254
3853 7769 -15394
3854 7723 -15594
3855 7661 -15326
3856 7523 -15010
3857 7647 -15146
3858 7719 -15310
3859 7861 -15570
3860 7931 -15586
3861 8041 -15646
3862 7951 -15466
3863 7887 -15302
3864 7853 -15326
3865 7809 -15354
3866 7905 -15382
3867 8003 -15538
3868 7975 -15550
3869 7915 -15514
3870 7825 -15242
3871 7861 -15334
3872 7751 -15254
3873 7813 -15438
3874 7611 -15186
3875 7539 -15146
3876 7551 -15266
3877 7417 -15062
3878 7377 -14798
3879 7373 -14718
3880 7383 -14914
3881 7365 -14838
3882 7335 -14650
3883 7351 -14626
3884 7429 -14738
3885 7483 -14850
3886 7351 -14774
3887 7341 -14746
3888 7375 -14834
3889 7443 -14778
3890 7547 -15082
3891 7483 -14830
3892 7695 -15174
3893 7567 -15074
3894 7653 -15186
3895 7531 -15074
3896 7531 -14990
3897 7527 -14898
3898 7479 -14918
3899 7497 -14914
3900 7307 -14578
3901 7353 -14850
3902 7373 -14738
3903 7423 -14986
3904 7581 -15166
3905 7533 -15106
3906 7637 -15234
3907 7649 -15170
3908 7581 -14990
3909 7569 -14974
3910 7589 -14998
3911 7671 -15230
3912 7759 -15454
3913 7675 -15378
3914 7597 -15170
3915 7645 -15078
3916 7667 -15058
3917 7741 -15306
3918 7611 -15294
3919 7647 -15406
3920 7837 -15742
3921 7757 -15282
3922 7743 -15334
3923 7759 -15386
3924 7861 -15426
3925 7865 -15498
3926 7805 -15318
3927 7885 -15682
3928 7777 -15446
3929 7753 -15342
3930 7555 -15158
3931 7569 -15194
3932 7703 -15198
3933 7719 -15310
3934 7797 -15350
3935 7873 -15402
3936 7809 -15326
3937 7799 -15546
3938 7665 -15270
3939 7613 -15230
3940 7487 -15078
3941 7511 -15214
3942 7401 -15130
3943 7423 -15090
3944 7499 -15138
3945 7397 -14918
3946 7463 -14898
3947 7469 -14970
3948 7481 -14794
3949 7507 -14994
3950 7569 -15186
3951 7585 -15138
3952 7503 -15222
3953 7477 -14998
3954 7411 -14958
3955 7433 -15106
3956 7423 -15134
3957 7525 -15250
3958 7453 -15262
3959 7389 -15022
3960 7345 -14926
3961 7505 -15094
3962 7543 -15254
3963 7627 -15254
3964 7559 -15134
3965 7629 -15238
3966 7613 -15042
3967 7651 -15114
3968 7637 -15078
3969 7631 -15102
3970 7579 -15090
3971 7573 -15074
3972 7667 -15190
3973 7541 -15078
3974 7577 -14946
3975 7611 -15142
3976 7583 -15098
3977 7669 -15082
3978 7725 -15278
3979 7775 -15406
3980 7723 -15494
3981 7645 -15558
3982 7687 -15610
3983 7791 -15674
3984 7631 -15266
3985 7767 -15338
3986 7747 -15398
3987 7773 -15442
3988 7807 -15434
3989 7821 -15522
3990 7701 -15298
3991 7613 -14926
3992 7697 -15222
3993 7643 -15002
3994 7751 -15350
3995 7705 -15306
3996 7587 -15058
3997 7645 -15230
3998 7615 -15118
3999 7533 -14906
4000 7589 -15058
4001 7559 -15070
4002 7531 -15038
4003 7599 -15138
4004 7587 -15110
4005 7633 -15318
4006 7611 -15374
4007 7547 -15330
4008 7447 -15110
4009 7383 -14762
4010 7317 -14826
4011 7351 -14890
4012 7419 -14854
4013 7391 -14810
4014 7599 -14926
4015 7625 -15162
4016 7771 -15350
4017 7737 -15170
4018 7765 -15318
4019 7821 -15346
4020 7815 -15334
4021 7729 -14982
4022 7669 -14902
4023 7697 -15138
4024 7819 -15338
4025 7815 -15474
4026 7763 -15374
4027 7745 -15378
4028 7687 -15334
4029 7657 -15142
4030 7659 -15230
4031 7687 -15130
4032 7631 -15190
4033 7753 -15498
4034 7719 -15370
4035 7651 -15202
4036 7713 -15390
4037 7675 -15298
4038 7829 -15642
4039 7817 -15694
4040 7749 -15466
4041 7849 -15558
4042 7963 -15634
4043 7985 -15802
4044 7937 -15666
4045 7985 -15794
4046 7937 -15590
4047 7857 -15510
4048 7815 -15414
4049 7845 -15494
4050 7605 -15314
4051 7771 -15422
4052 7763 -15454
4053 7809 -15470
4054 7991 -15710
4055 8087 -16010
4056 8055 -15854
4057 7981 -15690
4058 7891 -15386
4059 7915 -15526
4060 8043 -15758
4061 7983 -15738
4062 7971 -15650
4063 7987 -15794
4064 7941 -15742
4065 7923 -15558
4066 7981 -15658
4067 8079 -15758
4068 8093 -15686
4069 8015 -15582
4070 8071 -15766
4071 8005 -15658
4072 8023 -15546
4073 8033 -15722
4074 7987 -15606
4075 7911 -15462
4076 7965 -15610
4077 7823 -15482
4078 7805 -15298
4079 7785 -15254
4080 7817 -15370
4081 7863 -15414
4082 7771 -15274
4083 7801 -15402
4084 7819 -15422
4085 7817 -15278
4086 7839 -15378
4087 7783 -15238
4088 7769 -15290
4089 7889 -15514
4090 7761 -15270
4091 7701 -15254
4092 7759 -15510
4093 7771 -15346
4094 7689 -15222
4095 7749 -15278
4096 7647 -15286
4097 7585 -15134
4098 7525 -14850
4099 7371 -14902
4100 7275 -14830
4101 7205 -15070
4102 7053 -14602
4103 7013 -14666
4104 6935 -14606
4105 6897 -14714
4106 7047 -14658
4107 7035 -14794
4108 6955 -14618
4109 7053 -14590
4110 6915 -14546
4111 6981 -14870
4112 6961 -14690
4113 6859 -14526
4114 6847 -14554
4115 6801 -14430
4116 6823 -14402
4117 6933 -14550
4118 7053 -14926
4119 6933 -14558
4120 6957 -14742
4121 6909 -14678
4122 6893 -14582
4123 6807 -14786
4124 6763 -14766
4125 6743 -14682
4126 6813 -14646
4127 6773 -14514
4128 6755 -14730
4129 6773 -14722
4130 6797 -14446
4131 6763 -14306
4132 6785 -14474
4133 6949 -14522
4134 6971 -14426
4135 7039 -14346
4136 6975 -14334
4137 7091 -14558
4138 6897 -14154
4139 6833 -14070
4140 6977 -14370
4141 6933 -14442
4142 6937 -14594
4143 7145 -14698
4144 7213 -14634
4145 7137 -14558
4146 7315 -14958
4147 7295 -14726
4148 7293 -14690
4149 7301 -14706
4150 7149 -14602
4151 7123 -14766
4152 7147 -14766
4153 7251 -14914
4154 7255 -14766
4155 7179 -14682
4156 7085 -14506
4157 7121 -14646
4158 7231 -14658
4159 7357 -14962
4160 7425 -15142
4161 7455 -14942
4162 7481 -14954
4163 7461 -15146
4164 7317 -14714
4165 7355 -14982
4166 7375 -14966
4167 7263 -14986
4168 7305 -14882
4169 7359 -14890
4170 7445 -15210
4171 7397 -15206
4172 7275 -14986
4173 7381 -15042
4174 7301 -14978
4175 7377 -15050
4176 7419 -15086
4177 7441 -15026
4178 7451 -14898
4179 7475 -14986
4180 7399 -14810
4181 7557 -15050
4182 7491 -15018
4183 7419 -15070
4184 7369 -15094
4185 7451 -15218
4186 7367 -15066
4187 7309 -15122
4188 7259 -14906
4189 7411 -15122
4190 7465 -15022
4191 7549 -15334
4192 7517 -15230
4193 7565 -15246
4194 7589 -15162
4195 7479 -15062
4196 7591 -15294
4197 7545 -15106
4198 7571 -15030
4199 7645 -15154
4200 7805 -15338
4201 7681 -15270
4202 7567 -15054
4203 7421 -14810
4204 7517 -14990
4205 7613 -15158
4206 7593 -15066
4207 7511 -15218
4208 7387 -14958
4209 7415 -14874
4210 7419 -15046
4211 7307 -14790
4212 7427 -14962
4213 7559 -14978
4214 7587 -15134
4215 7679 -15174
4216 7709 -15274
4217 7555 -15174
4218 7521 -15162
4219 7665 -15198
4220 7557 -15090
4221 7509 -15018
4222 7507 -15238
4223 7415 -15218
4224 7585 -15546
4225 7509 -15262
4226 7577 -15470
4227 7477 -15130
4228 7301 -14726
4229 7353 -14814
4230 7395 -15046
4231 7351 -15102
4232 7419 -15342
4233 7427 -15170
4234 7351 -14834
4235 7273 -14714
4236 7317 -14870
4237 7277 -14830
4238 7325 -14802
4239 7329 -14950
4240 7375 -15090
4241 7569 -15306
4242 7463 -15170
4243 7499 -15202
4244 7453 -15130
4245 7489 -15054
4246 7533 -15226
4247 7591 -15374
4248 7569 -15298
4249 7477 -15318
4250 7473 -15166
4251 7467 -15262
4252 7553 -15522
4253 7633 -15306
4254 7523 -15022
4255 7403 -14894
4256 7481 -15358
4257 7375 -15198
4258 7417 -15186
4259 7283 -14934
4260 7409 -15086
4261 7443 -15118
4262 7317 -15026
4263 7141 -14838
4264 7229 -14966
4265 7365 -15158
4266 7283 -15134
4267 7331 -15250
4268 7349 -15110
4269 7359 -15114
4270 7299 -15122
4271 7279 -15026
4272 7123 -14838
4273 7251 -14950
4274 7173 -14810
4275 7183 -15110
4276 7155 -15134
4277 7145 -15118
4278 7155 -15158
4279 7143 -15018
4280 7291 -15326
4281 7165 -14978
4282 7105 -14994
4283 7111 -15022
4284 7115 -14862
4285 7013 -14622
4286 7231 -14866
4287 7205 -14762
4288 7257 -14798
4289 7217 -14966
4290 7309 -15006
4291 7393 -15178
4292 7507 -15206
4293 7511 -15202
4294 7401 -15186
4295 7345 -15198
4296 7209 -15034
4297 7321 -15110
4298 7281 -15038
4299 7217 -14978
4300 7189 -14894
4301 7139 -14718
4302 7157 -14758
4303 7175 -14790
4304 7045 -14674
4305 7183 -14798
4306 7193 -14750
4307 7255 -14906
4308 7205 -14922
4309 7209 -14834
4310 7347 -15014
4311 7381 -15062
4312 7399 -15146
4313 7297 -14866
4314 7311 -14946
4315 7213 -15062
4316 7267 -15174
4317 7233 -15138
4318 7089 -14850
4319 7057 -14874
4320 7111 -14794
4321 7167 -14862
4322 7225 -14878
4323 7307 -14950
4324 7341 -15062
4325 7363 -15106
4326 7443 -15090
4327 7415 -15014
4328 7469 -15154
4329 7521 -15242
4330 7353 -14990
4331 7465 -15102
4332 7545 -15382
4333 7677 -15526
4334 7651 -15378
4335 7625 -15390
4336 7611 -15294
4337 7607 -15310
4338 7557 -15178
4339 7381 -14970
4340 7403 -14898
4341 7439 -14762
4342 7449 -14814
4343 7415 -14834
4344 7489 -14962
4345 7361 -14846
4346 7385 -14802
4347 7503 -14994
4348 7671 -15182
4349 7621 -15018
4350 7603 -15114
4351 7695 -15186
4352 7697 -15286
4353 7781 -15362
4354 7753 -15274
4355 7813 -15194
4356 7713 -15162
4357 7733 -15166
4358 7597 -15134
4359 7561 -15042
4360 7583 -14890
4361 7685 -15086
4362 7713 -15130
4363 7703 -15134
4364 7661 -15074
4365 7737 -15222
4366 7899 -15450
4367 8107 -15670
4368 8075 -15574
4369 8023 -15438
4370 8121 -15650
4371 8099 -15538
4372 8125 -15622
4373 8089 -15742
4374 8067 -15510
4375 8043 -15326
4376 7959 -15462
4377 7847 -15398
4378 7763 -15158
4379 7795 -15246
4380 7885 -15386
4381 7869 -15386
4382 7839 -15494
4383 7799 -15554
4384 7809 -15294
4385 7669 -15406
4386 7733 -15486
4387 7745 -15550
4388 7821 -15630
4389 7895 -15658
4390 7901 -15746
4391 7907 -15758
4392 7949 -15854
4393 7965 -15730
4394 7955 -15658
4395 7791 -15430
4396 7719 -15086
4397 7609 -14998
4398 7641 -15046
4399 7635 -15110
4400 7585 -15078
4401 7693 -15282
4402 7667 -15150
4403 7647 -14898
4404 7727 -15146
4405 7763 -15414
4406 7645 -15198
4407 7605 -15242
4408 7397 -14962
4409 7529 -15174
4410 7533 -14958
4411 7605 -15278
4412 7561 -15202
4413 7599 -15346
4414 7675 -15382
4415 7597 -15202
4416 7649 -15262
4417 7749 -15530
4418 7587 -15262
4419 7627 -15366
4420 7625 -15346
4421 7747 -15410
4422 7731 -15322
4423 7801 -15690
4424 7687 -15518
4425 7649 -15354
4426 7663 -15482
4427 7513 -15118
4428 7573 -15158
4429 7471 -15134
4430 7425 -15082
4431 7593 -15314
4432 7537 -15234
4433 7467 -15202
4434 7449 -15074
4435 7353 -14890
4436 7383 -14942
4437 7305 -14714
4438 7385 -14710
4439 7419 -14858
4440 7393 -14986
4441 7393 -14982
4442 7465 -15198
4443 7351 -14914
4444 7397 -15086
4445 7313 -14922
4446 7359 -15118
4447 7325 -14982
4448 7325 -14954
4449 7359 -14886
4450 7363 -14966
4451 7243 -14714
4452 7175 -14758
4453 7339 -15026
4454 7237 -14946
4455 7249 -14982
4456 7173 -14762
4457 7193 -14850
4458 7077 -14754
4459 6855 -14210
4460 6919 -14250
4461 7103 -14662
4462 7209 -14714
4463 7219 -14886
4464 7275 -14970
4465 7175 -14738
4466 7265 -15034
4467 7181 -14886
4468 7187 -14902
4469 7235 -14946
4470 7153 -14942
4471 7225 -14850
4472 7229 -14938
4473 7331 -15118
4474 7431 -15126
4475 7297 -14906
4476 7337 -14994
4477 7485 -15174
4478 7405 -14778
4479 7473 -15046
4480 7481 -14970
4481 7519 -15034
4482 7221 -14690
4483 7395 -15206
4484 7487 -15286
4485 7549 -15382
4486 7515 -15422
4487 7433 -15302
4488 7445 -15214
4489 7337 -15246
4490 7279 -15242
4491 7267 -15174
4492 7217 -15078
4493 7131 -14926
4494 7165 -15042
4495 7139 -15110
4496 7067 -15054
4497 6931 -14870
4498 6971 -14794
4499 7005 -14990
4500 6927 -15010
4501 6771 -14842
4502 6645 -14666
4503 6647 -14654
4504 6727 -14822
4505 6649 -14522
4506 6739 -14790
4507 6747 -15026
4508 6763 -14834
4509 6815 -14910
4510 6751 -14946
4511 6781 -14874
4512 6817 -15002
4513 6765 -14730
4514 6827 -15166
4515 6737 -14942
4516 6769 -15094
4517 6865 -15014
4518 6915 -15078
4519 7045 -15326
4520 7077 -15386
4521 6969 -15026
4522 6899 -15094
4523 6849 -14934
4524 6795 -14918
4525 6839 -15186
4526 6715 -15038
4527 6681 -14954
4528 6789 -14834
4529 6855 -14962
4530 6779 -14842
4531 6641 -14750
4532 6645 -14750
4533 6571 -14714
4534 6651 -14990
4535 6509 -14982
4536 6455 -14890
4537 6463 -15002
4538 6391 -14750
4539 6269 -14494
4540 6249 -14562
4541 6227 -14502
4542 6447 -14686
4543 6545 -14658
4544 6541 -14750
4545 6597 -14858
4546 6583 -14774
4547 6505 -14870
4548 6387 -14666
4549 6459 -14774
4550 6457 -14838
4551 6345 -14718
4552 6283 -14598
4553 6249 -14514
4554 6249 -14350
4555 6267 -14498
4556 6263 -14714
4557 6339 -14886
4558 6165 -14458
4559 6243 -14438
4560 6411 -14646
4561 6435 -14866
4562 6485 -14870
4563 6719 -15142
4564 6675 -14870
4565 6715 -14670
4566 6915 -15018
4567 6869 -14830
4568 6963 -15110
4569 7185 -15170
4570 7091 -15238
4571 7085 -15050
4572 7039 -15022
4573 7093 -15230
4574 7009 -15350
4575 7017 -15098
4576 6977 -14838
4577 6879 -14734
4578 6999 -14978
4579 6887 -14990
4580 6789 -14906
4581 6907 -14846
4582 6897 -14922
4583 6829 -15078
4584 6835 -14866
4585 6847 -15034
4586 6859 -15174
4587 6755 -15066
4588 6637 -14978
4589 6675 -14954
4590 6511 -14802
4591 6539 -14822
4592 6539 -14854
4593 6589 -15050
4594 6683 -14890
4595 6761 -14794
4596 6805 -14962
4597 6837 -15018
4598 6741 -14594
4599 6655 -14566
4600 6597 -14514
4601 6627 -14706
4602 6669 -14642
4603 6831 -14798
4604 6959 -14886
4605 6949 -14906
4606 6993 -14846
4607 7155 -15238
4608 7089 -14918
4609 7085 -14870
4610 7075 -14910
4611 7085 -14686
4612 7071 -14766
4613 7039 -14762
4614 6993 -14654
4615 6979 -14750
4616 7017 -14862
4617 6909 -14714
4618 6873 -14650
4619 6895 -14798
4620 7081 -14930
4621 6807 -14402
4622 7081 -14730
4623 7137 -14850
4624 7055 -14642
4625 6947 -14434
4626 7089 -14574
4627 7057 -14578
4628 7177 -14618
4629 7183 -14626
4630 7105 -14518
4631 7173 -14830
4632 7145 -14902
4633 7279 -15062
4634 7379 -15170
4635 7281 -15094
4636 7237 -15078
4637 7145 -15066
4638 7209 -15202
4639 7141 -15154
4640 7287 -15274
4641 7241 -15310
4642 7313 -15418
4643 7313 -15438
4644 7311 -15350
4645 7285 -15282
4646 7327 -15374
4647 7265 -15198
4648 7325 -15466
4649 7283 -15242
4650 7321 -15298
4651 7311 -15194
4652 7219 -15094
4653 7177 -15102
4654 7043 -14938
4655 6977 -14830
4656 6951 -14818
4657 6823 -14578
4658 6929 -14722
4659 6821 -14686
4660 6629 -14666
4661 6861 -14806
4662 6921 -14962
4663 7063 -15166
4664 7069 -15098
4665 7109 -14918
4666 7187 -14942
4667 7183 -14914
4668 7307 -15018
4669 7207 -14986
4670 7315 -14942
4671 7227 -14910
4672 7299 -14958
4673 7215 -14670
4674 7379 -15066
4675 7437 -15094
4676 7535 -15162
4677 7581 -15098
4678 7511 -15042
4679 7521 -15210
4680 7633 -15370
4681 7655 -15110
4682 7699 -15202
4683 7549 -15170
4684 7391 -14862
4685 7193 -14738
4686 7011 -14566
4687 7151 -14634
4688 7093 -14430
4689 6955 -14382
4690 6957 -14406
4691 6979 -14622
4692 6917 -14522
4693 7071 -14842
4694 7101 -14930
4695 7087 -14894
4696 7181 -14986
4697 7177 -14806
4698 7247 -15050
4699 7115 -15010
4700 7145 -15098
4701 7113 -15210
4702 7147 -15158
4703 6999 -14970
4704 7113 -15230
4705 6991 -14914
4706 6999 -14718
4707 7065 -14838
4708 7093 -14758
4709 7155 -14910
4710 7171 -14998
4711 7125 -15182
4712 7233 -15178
4713 7265 -15150
4714 7287 -15166
4715 7029 -14802
4716 7127 -15142
4717 7101 -15102
4718 7101 -15266
4719 7071 -15290
4720 7041 -15106
4721 7043 -15042
4722 7025 -14946
4723 6781 -15010
4724 6801 -14838
4725 6767 -14702
4726 6861 -14970
4727 6669 -14550
4728 6599 -14366
4729 6641 -14482
4730 6597 -14606
4731 6655 -14538
4732 6445 -14218
4733 6401 -14058
4734 6381 -14082
4735 6357 -14082
4736 6297 -14050
4737 6453 -14302
4738 6585 -14554
4739 6513 -14382
4740 6481 -14466
4741 6419 -14482
4742 6465 -14574
4743 6483 -14502
4744 6611 -14674
4745 6669 -14698
4746 6789 -14526
4747 6813 -14618
4748 6735 -14662
4749 6827 -14350
4750 6777 -14366
4751 6801 -14558
4752 6879 -14730
4753 6943 -14810
4754 7027 -15014
4755 6963 -14706
4756 7145 -14954
4757 7225 -15022
4758 7139 -14610
4759 7087 -14630
4760 7075 -14710
4761 7177 -14770
4762 7079 -14810
4763 7115 -14974
4764 7071 -14730
4765 7247 -14854
4766 7287 -15054
4767 7325 -15154
4768 7385 -14982
4769 7397 -15110
4770 7251 -14662
4771 7377 -15266
4772 7369 -15174
4773 7189 -14890
4774 7241 -14890
4775 7185 -14854
4776 7169 -14874
4777 7163 -14754
4778 7107 -14814
4779 7129 -14910
4780 7135 -14746
4781 7057 -14662
4782 7097 -14714
4783 7043 -14778
4784 7079 -14782
4785 7065 -15062
4786 6999 -14862
4787 7063 -14746
4788 7071 -14946
4789 7155 -15094
4790 7219 -15110
4791 7415 -15350
4792 7427 -15286
4793 7451 -15426
4794 7375 -15314
4795 7275 -15230
4796 7377 -15494
4797 7419 -15554
4798 7265 -15166
4799 7167 -15014
4800 7231 -15062
4801 7297 -15422
4802 7255 -15138
4803 7293 -15182
4804 7333 -15358
4805 7237 -15282
4806 7207 -15182
4807 7165 -15026
4808 6981 -14962
4809 6849 -14806
4810 6979 -14958
4811 6901 -15058
4812 6889 -14914
4813 6839 -14826
4814 6795 -14754
4815 6799 -14578
4816 6911 -14826
4817 6833 -14914
4818 6647 -14662
4819 6847 -14770
4820 6933 -14826
4821 6887 -14870
4822 6963 -14954
4823 6957 -14970
4824 6979 -14862
4825 7029 -14930
4826 7053 -15142
4827 7051 -15126
4828 7025 -14898
4829 6953 -14946
4830 6963 -14918
4831 7209 -15270
4832 7137 -15194
4833 7055 -15190
4834 7087 -15202
4835 7125 -14954
4836 7293 -15166
4837 7271 -15314
4838 7325 -15282
4839 7301 -15146
4840 7221 -14918
4841 7271 -14902
4842 7285 -14990
4843 7371 -15106
4844 7517 -15386
4845 7523 -15326
4846 7621 -15378
4847 7529 -15266
4848 7535 -15174
4849 7495 -15098
4850 7509 -15010
4851 7445 -15030
4852 7355 -14990
4853 7411 -15030
4854 7447 -15158
4855 7473 -15262
4856 7345 -15094
4857 7361 -15054
4858 7375 -15274
4859 7317 -14882
4860 7325 -14994
4861 7345 -14950
4862 7307 -15154
4863 7259 -14834
4864 7361 -15166
4865 7475 -15262
4866 7393 -15110
4867 7345 -14954
4868 7347 -15074
4869 7305 -15034
4870 7199 -14902
4871 7205 -14946
4872 7277 -15126
4873 7247 -15214
4874 7197 -15118
4875 7329 -15250
4876 7481 -15554
4877 7473 -15570
4878 7427 -15374
4879 7403 -15262
4880 7463 -15222
4881 7439 -15170
4882 7603 -15518
4883 7571 -15318
4884 7553 -15282
4885 7633 -15458
4886 7773 -15686
4887 7671 -15510
4888 7631 -15422
4889 7519 -15278
4890 7641 -15334
4891 7609 -15386
4892 7529 -15418
4893 7583 -15374
4894 7499 -15298
4895 7503 -15294
4896 7341 -14986
4897 7357 -15054
4898 7395 -14950
4899 7573 -15146
4900 7485 -15134
4901 7501 -15170
4902 7311 -15146
4903 7257 -15134
4904 7293 -15034
4905 7379 -15026
4906 7405 -15034
4907 7533 -15226
4908 7461 -15026
4909 7405 -15058
4910 7397 -15206
4911 7409 -15326
4912 7305 -15122
4913 7311 -15006
4914 7301 -14902
4915 7285 -14954
4916 7233 -14822
4917 7409 -15102
4918 7403 -15022
4919 7351 -15274
4920 7251 -15298
4921 7195 -15210
4922 7143 -14862
4923 7235 -15102
4924 7299 -15130
4925 7303 -15198
4926 7473 -15126
4927 7399 -14906
4928 7585 -15306
4929 7577 -15178
4930 7337 -14778
4931 7309 -14670
4932 7381 -14726
4933 7557 -14994
4934 7481 -14882
4935 7585 -14874
4936 7755 -15258
4937 7813 -15346
4938 7861 -15350
4939 7805 -15426
4940 7713 -15142
4941 7805 -15230
4942 7917 -15558
4943 7991 -15374
4944 7973 -15198
4945 7845 -15026
4946 7897 -15190
4947 7877 -15266
4948 7897 -15342
4949 8029 -15666
4950 7853 -15422
4951 7841 -15318
4952 7827 -15434
4953 7859 -15326
4954 7847 -15306
4955 7829 -15334
4956 7825 -15310
4957 7877 -15310
4958 7921 -15498
4959 7887 -15550
4960 7741 -15298
4961 7811 -15382
4962 7851 -15454
4963 7999 -15498
4964 8031 -15630
4965 7961 -15494
4966 7939 -15262
4967 8135 -15650
4968 8123 -15774
4969 8071 -15890
4970 8019 -15734
4971 7867 -15350
4972 7827 -15382
4973 7813 -15302
4974 7763 -15282
4975 7831 -15310
4976 7865 -15362
4977 7867 -15378
4978 7993 -15510
4979 7967 -15446
4980 8039 -15466
4981 7981 -15510
4982 7813 -15254
4983 7835 -15398
4984 7879 -15458
4985 7871 -15274
4986 7899 -15406
4987 7977 -15646
4988 7833 -15574
4989 7875 -15650
4990 7809 -15462
4991 7785 -15466
4992 7749 -15258
4993 7747 -15234
4994 7663 -15266
4995 7643 -15130
4996 7649 -15110
4997 7621 -15126
4998 7603 -15170
4999 7525 -14910
5000 7603 -14958
5001 7553 -15018
5002 7565 -14978
5003 7779 -15402
5004 7733 -15274
5005 7743 -15230
5006 7689 -15154
5007 7661 -15186
5008 7759 -15254
5009 7871 -15398
5010 7885 -15434
5011 7803 -15398
5012 7675 -14990
5013 7727 -15106
5014 7739 -15050
5015 7729 -15318
5016 7807 -15402
5017 7849 -15634
5018 7823 -15478
5019 7835 -15490
5020 7811 -15298
5021 7805 -15338
5022 7829 -15390
5023 7785 -15262
5024 7721 -15182
5025 7731 -15246
5026 7743 -15334
5027 7677 -14958
5028 7649 -15062
5029 7877 -15414
5030 7829 -15186
5031 7803 -15174
5032 7839 -15334
5033 7837 -15450
5034 7817 -15430
5035 7893 -15526
5036 7857 -15430
5037 7773 -15406
5038 7699 -15174
5039 7693 -15282
5040 7513 -14978
5041 7559 -15130
5042 7581 -14946
5043 7687 -15010
5044 7731 -15002
5045 7713 -15110
5046 7777 -15334
5047 7753 -15206
5048 7817 -15298
5049 7793 -15206
5050 7773 -15094
5051 7813 -15174
5052 7761 -14934
5053 7803 -15214
5054 7715 -14922
5055 7791 -14918
5056 7871 -15066
5057 7947 -15306
5058 7943 -15070
5059 7909 -15122
5060 8017 -15314
5061 7979 -15126
5062 8099 -15470
5063 8081 -15502
5064 8071 -15354
5065 7933 -15234
5066 7887 -15190
5067 7799 -15102
5068 7841 -15226
5069 7873 -15322
5070 7917 -15342
5071 7819 -15154
5072 7773 -15166
5073 7745 -15154
5074 7681 -14994
5075 7737 -15294
5076 7593 -15206
5077 7531 -15070
5078 7475 -14926
5079 7419 -14890
5080 7419 -14854
5081 7509 -14982
5082 7589 -15222
5083 7625 -15254
5084 7665 -15138
5085 7529 -14950
5086 7675 -15386
5087 7619 -15246
5088 7657 -15414
5089 7525 -15082
5090 7587 -15170
5091 7581 -14902
5092 7569 -14870
5093 7383 -14634
5094 7337 -14678
5095 7359 -14834
5096 7569 -15062
5097 7473 -14958
5098 7587 -15090
5099 7677 -15050
5100 7615 -15086
5101 7735 -15302
5102 7807 -15434
5103 7843 -15314
5104 7849 -15298
5105 7813 -15262
5106 7931 -15350
5107 7831 -15306
5108 7791 -14994
5109 7767 -15210
5110 7755 -14818
5111 7883 -15218
5112 7821 -15258
5113 7783 -15286
5114 7675 -15106
5115 7747 -15294
5116 7631 -15174
5117 7507 -14946
5118 7605 -15078
5119 7593 -15110
5120 7529 -14962
5121 7443 -14846
5122 7419 -15062
5123 7403 -14950
5124 7503 -15182
5125 7491 -15262
5126 7629 -15294
5127 7521 -15182
5128 7517 -14998
5129 7509 -14978
5130 7405 -14666
5131 7379 -14726
5132 7563 -15030
5133 7577 -14994
5134 7493 -15178
5135 7529 -15286
5136 7619 -15386
5137 7479 -15422
5138 7483 -15330
5139 7515 -15118
5140 7487 -14994
5141 7655 -15478
5142 7637 -15458
5143 7563 -15426
5144 7519 -15270
5145 7539 -15202
5146 7609 -15450
5147 7565 -15334
5148 7541 -15426
5149 7485 -15234
5150 7587 -15306
5151 7577 -15466
5152 7567 -15474
5153 7555 -15318
5154 7551 -15318
5155 7545 -15238
5156 7463 -15138
5157 7511 -15314
5158 7517 -15298
5159 7497 -15122
5160 7373 -15150
5161 7433 -15482
5162 7455 -15282
5163 7485 -14930
5164 7487 -15066
5165 7451 -14950
5166 7397 -15046
5167 7391 -14974
5168 7483 -15110
5169 7391 -14998
5170 7389 -14938
5171 7447 -15134
5172 7501 -15362
5173 7473 -15278
5174 7457 -15182
5175 7433 -15226
5176 7467 -15202
5177 7365 -14946
5178 7443 -15322
5179 7571 -15534
5180 7621 -15474
5181 7523 -15254
5182 7447 -15330
5183 7377 -15142
5184 7363 -15090
5185 7397 -15182
5186 7319 -15194
5187 7169 -14758
5188 6997 -14606
5189 7033 -14690
5190 7059 -14582
5191 6973 -14662
5192 7097 -14942
5193 7151 -14954
5194 7083 -14742
5195 7023 -14910
5196 7007 -14862
5197 6973 -14934
5198 6945 -15014
5199 6897 -14746
5200 6941 -14806
5201 6911 -14850
5202 6951 -14710
5203 6921 -14586
5204 6953 -14526
5205 7043 -14746
5206 7009 -14618
5207 6945 -14434
5208 6945 -14602
5209 6949 -14598
5210 6899 -14550
5211 7019 -14894
5212 7003 -14802
5213 6985 -14654
5214 6859 -14534
5215 7007 -14722
5216 6901 -14582
5217 6787 -14474
5218 6789 -14562
5219 6799 -14454
5220 6875 -14382
5221 6857 -14326
5222 6945 -14422
5223 7025 -14622
5224 6989 -14630
5225 7085 -14842
5226 7111 -14898
5227 7217 -14866
5228 7223 -14898
5229 7231 -14874
5230 7327 -14942
5231 7357 -14982
5232 7271 -14558
5233 7241 -14554
5234 7257 -14606
5235 7267 -14990
5236 7281 -15038
5237 7241 -14734
5238 7263 -14710
5239 7281 -14810
5240 7367 -15198
5241 7339 -15146
5242 7403 -15270
5243 7289 -15234
5244 7135 -14958
5245 7121 -14866
5246 7013 -14746
5247 7025 -14706
5248 6855 -14458
5249 6871 -14370
5250 6869 -14538
5251 6987 -14582
5252 6929 -14614
5253 6875 -14506
5254 7039 -14714
5255 7081 -14706
5256 7041 -14514
5257 7163 -14646
5258 7203 -14882
5259 7149 -14946
5260 7143 -14838
5261 7097 -14614
5262 7081 -14702
5263 7149 -14754
5264 7165 -14922
5265 7203 -14806
5266 7187 -14958
5267 7159 -14622
5268 7093 -14650
5269 7077 -14646
5270 7069 -14674
5271 7041 -14594
5272 7055 -14790
5273 6989 -14426
5274 7175 -14910
5275 7155 -14830
5276 7147 -14838
5277 7211 -14834
5278 7173 -14846
5279 7211 -14942
5280 7191 -14986
5281 7227 -15074
5282 7313 -15026
5283 7335 -15086
5284 7359 -15234
5285 7389 -15150
5286 7379 -14918
5287 7429 -15006
5288 7293 -14998
5289 7487 -15082
5290 7635 -15210
5291 7593 -15022
5292 7535 -15254
5293 7725 -15522
5294 7703 -15502
5295 7671 -15378
5296 7655 -15270
5297 7485 -15046
5298 7511 -15186
5299 7415 -15198
5300 7313 -15002
5301 7335 -15038
5302 7185 -14794
5303 7353 -15166
5304 7349 -15166
5305 7251 -14986
5306 7347 -15242
5307 7239 -15162
5308 7227 -15018
5309 7215 -14866
5310 7211 -14990
5311 7209 -15026
5312 7237 -14958
5313 7253 -15038
5314 7305 -15174
5315 7251 -15142
5316 7285 -15002
5317 7295 -15154
5318 7411 -15258
5319 7377 -15386
5320 7285 -15130
5321 7203 -15018
5322 7197 -15062
5323 7083 -14726
5324 7009 -14586
5325 7091 -14690
5326 7029 -14578
5327 7115 -14754
5328 7131 -14810
5329 7121 -14766
5330 7245 -15094
5331 7395 -15102
5332 7351 -15314
5333 7339 -15394
5334 7329 -15318
5335 7237 -15086
5336 7237 -15350
5337 7055 -15166
5338 7013 -14822
5339 7099 -14826
5340 7035 -14742
5341 7067 -14878
5342 7095 -14822
5343 7279 -15094
5344 7169 -14890
5345 7193 -14866
5346 7005 -14666
5347 7055 -14574
5348 7165 -14750
5349 7239 -14774
5350 7365 -15050
5351 7337 -14974
5352 7431 -15110
5353 7523 -15206
5354 7337 -14886
5355 7295 -14630
5356 7325 -14750
5357 7413 -14830
5358 7481 -14874
5359 7615 -15046
5360 7717 -15390
5361 7659 -15482
5362 7741 -15426
5363 7711 -15330
5364 7689 -15262
5365 7653 -15406
5366 7547 -15206
5367 7567 -15370
5368 7453 -15210
5369 7541 -15106
5370 7575 -15010
5371 7727 -15118
5372 7717 -15194
5373 7725 -15270
5374 7773 -15446
5375 7647 -15410
5376 7593 -15386
5377 7637 -15490
5378 7661 -15542
5379 7611 -15594
5380 7579 -15342
5381 7623 -14966
5382 7533 -14930
5383 7669 -15234
5384 7675 -15334
5385 7573 -15194
5386 7701 -15474
5387 7639 -15318
5388 7639 -15142
5389 7577 -14998
5390 7661 -15058
5391 7537 -14826
5392 7657 -15010
5393 7591 -14934
5394 7639 -15146
5395 7625 -15234
5396 7791 -15454
5397 7643 -15174
5398 7629 -15098
5399 7627 -15394
5400 7505 -15090
5401 7425 -15066
5402 7413 -14922
5403 7579 -15130
5404 7709 -15430
5405 7635 -15262
5406 7545 -14930
5407 7499 -14918
5408 7475 -15090
5409 7511 -14962
5410 7543 -15110
5411 7539 -15146
5412 7615 -15194
5413 7647 -15234
5414 7741 -15218
5415 7673 -14830
5416 7583 -14962
5417 7437 -14986
5418 7491 -14938
5419 7527 -14886
5420 7733 -15306
5421 7657 -15166
5422 7649 -15038
5423 7635 -15058
5424 7657 -15218
5425 7723 -15294
5426 7681 -15114
5427 7615 -15006
5428 7573 -14986
5429 7533 -14982
5430 7647 -15170
5431 7673 -15342
5432 7773 -15414
5433 7793 -15490
5434 7819 -15286
5435 7861 -15582
5436 7801 -15334
5437 7847 -15430
5438 7911 -15558
5439 7785 -15182
5440 7563 -14962
5441 7539 -15190
5442 7447 -15050
5443 7377 -15026
5444 7343 -14930
5445 7183 -14850
5446 7271 -15042
5447 7505 -15074
5448 7469 -15278
5449 7493 -15014
5450 7539 -15066
5451 7567 -15134
5452 7457 -15078
5453 7455 -15050
5454 7539 -15262
5455 7607 -15382
5456 7487 -15234
5457 7533 -15366
5458 7467 -15142
5459 7405 -14990
5460 7341 -15254
5461 7491 -15178
5462 7643 -15418
5463 7561 -15326
5464 7547 -15270
5465 7369 -14902
5466 7411 -15118
5467 7379 -15118
5468 7335 -15086
5469 7383 -15130
5470 7347 -15262
5471 7493 -15438
5472 7569 -15322
5473 7483 -15098
5474 7413 -14890
5475 7483 -15206
5476 7637 -15542
5477 7635 -15238
5478 7477 -15142
5479 7493 -15114
5480 7465 -15034
5481 7463 -15042
5482 7525 -15218
5483 7481 -15174
5484 7431 -14966
5485 7307 -14846
5486 7379 -15090
5487 7263 -15042
5488 7387 -15110
5489 7467 -15198
5490 7483 -15202
5491 7481 -15094
5492 7351 -14914
5493 7351 -14982
5494 7413 -15262
5495 7435 -15058
5496 7469 -14990
5497 7465 -14966
5498 7425 -14862
5499 7539 -15194
5500 7601 -15106
5501 7671 -15214
5502 7663 -15310
5503 7709 -15390
5504 7827 -15550
5505 7777 -15374
5506 7745 -15294
5507 7915 -15634
5508 7859 -15458
5509 7853 -15398
5510 7847 -15558
5511 7925 -15606
5512 7841 -15434
5513 7855 -15466
5514 7971 -15522
5515 8007 -15750
5516 7939 -15546
5517 7857 -15334
5518 7725 -15126
5519 7659 -14946
5520 7639 -15098
5521 7693 -15154
5522 7753 -15234
5523 7813 -15338
5524 7683 -15042
5525 7695 -15246
5526 7793 -15194
5527 7773 -15046
5528 7741 -15126
5529 7841 -15398
5530 7819 -15342
5531 7773 -15242
5532 7769 -15114
5533 7819 -15414
5534 7717 -15182
5535 7809 -15310
5536 7625 -14918
5537 7479 -14710
5538 7597 -15134
5539 7601 -15138
5540 7607 -15134
5541 7535 -15058
5542 7571 -15178
5543 7551 -15214
5544 7621 -15378
5545 7609 -15342
5546 7571 -15138
5547 7545 -14906
5548 7409 -14830
5549 7491 -14986
5550 7503 -15230
5551 7383 -14926
5552 7535 -15026
5553 7647 -15326
5554 7607 -14902
5555 7637 -15030
5556 7615 -14906
5557 7757 -15134
5558 7649 -15166
5559 7607 -15074
5560 7685 -15082
5561 7761 -15438
5562 7707 -15430
5563 7473 -15166
5564 7453 -15170
5565 7461 -15118
5566 7579 -15146
5567 7477 -15262
5568 7545 -15290
5569 7509 -15350
5570 7529 -15554
5571 7379 -15338
5572 7341 -15282
5573 7391 -15270
5574 7315 -15238
5575 7253 -15050
5576 7249 -14946
5577 7309 -14866
5578 7393 -15094
5579 7413 -15050
5580 7345 -14926
5581 7319 -14938
5582 7337 -14970
5583 7373 -14998
5584 7187 -14934
5585 7099 -14794
5586 7145 -14982
5587 7183 -15118
5588 7137 -15074
5589 7011 -14842
5590 7119 -15050
5591 7111 -14950
5592 7133 -14966
5593 7123 -14986
5594 7231 -14946
5595 7239 -14946
5596 7277 -14998
5597 7219 -15030
5598 7213 -14938
5599 7149 -14966
5600 7153 -14862
5601 7025 -14826
5602 7115 -14818
5603 7105 -14914
5604 6991 -14806
5605 6907 -14710
5606 6935 -14802
5607 6967 -14882
5608 7049 -14874
5609 7101 -14858
5610 7059 -14686
5611 7073 -15058
5612 7103 -14750
5613 7135 -14802
5614 7171 -14902
5615 7287 -15022
5616 7307 -15074
5617 7299 -15042
5618 7287 -14986
5619 7243 -15050
5620 7217 -14998
5621 7179 -14962
5622 7119 -14942
5623 7091 -14674
5624 7223 -14918
5625 7195 -14814
5626 7157 -14962
5627 7279 -15018
5628 7281 -14822
5629 7387 -15042
5630 7433 -14894
5631 7447 -15118
5632 7369 -15014
5633 7419 -14978
5634 7467 -14882
5635 7493 -14910
5636 7421 -15030
5637 7557 -15174
5638 7647 -15374
5639 7577 -15274
5640 7631 -15398
5641 7667 -15562
5642 7619 -15454
5643 7575 -15314
5644 7555 -15366
5645 7561 -15470
5646 7527 -15442
5647 7523 -15270
5648 7599 -15362
5649 7615 -15514
5650 7527 -15242
5651 7531 -15358
5652 7505 -15162
5653 7493 -15218
5654 7511 -15290
5655 7545 -15474
5656 7677 -15490
5657 7667 -15262
5658 7603 -15154
5659 7605 -15462
5660 7769 -15718
5661 7701 -15606
5662 7657 -15398
5663 7705 -15454
5664 7741 -15542
5665 7857 -15746
5666 7827 -15642
5667 7791 -15630
5668 7817 -15622
5669 7711 -15258
5670 7675 -15262
5671 7675 -15258
5672 7705 -15386
5673 7785 -15618
5674 7627 -15146
5675 7601 -14994
5676 7669 -15034
5677 7639 -15062
5678 7733 -15170
5679 7723 -15158
5680 7619 -14874
5681 7785 -15246
5682 7897 -15526
5683 7999 -15638
5684 7915 -15610
5685 7801 -15358
5686 7741 -15134
5687 7771 -15418
5688 7725 -15358
5689 7805 -15390
5690 7707 -15446
5691 7529 -15022
5692 7539 -14882
5693 7523 -14790
5694 7381 -14618
5695 7399 -14746
5696 7361 -14714
5697 7351 -14742
5698 7303 -14718
5699 7329 -14634
5700 7529 -14854
5701 7499 -15010
5702 7505 -15006
5703 7389 -14918
5704 7407 -14974
5705 7437 -14774
5706 7597 -15114
5707 7503 -14918
5708 7405 -14862
5709 7505 -15074
5710 7395 -14858
5711 7431 -14890
5712 7493 -15050
5713 7547 -15046
5714 7617 -15362
5715 7541 -15222
5716 7589 -15246
5717 7549 -15062
5718 7547 -15370
5719 7525 -15430
5720 7453 -15234
5721 7247 -14946
5722 7139 -14874
5723 7297 -15070
5724 7295 -14934
5725 7317 -14994
5726 7319 -14942
5727 7375 -15098
5728 7369 -14958
5729 7431 -15254
5730 7203 -14866
5731 7177 -14950
5732 7155 -14830
5733 7213 -14730
5734 7137 -14678
5735 7069 -14738
5736 7099 -14870
5737 7029 -14758
5738 7071 -15126
5739 7073 -15210
5740 6965 -14990
5741 6963 -15098
5742 6925 -15102
5743 7041 -15162
5744 6885 -14786
5745 6845 -14618
5746 6901 -14682
5747 6775 -14478
5748 6883 -14670
5749 6981 -14766
5750 7081 -14670
5751 6961 -14462
5752 7045 -14470
5753 7039 -14442
5754 7125 -14898
5755 7229 -14986
5756 7195 -14938
5757 7259 -14874
5758 7255 -14778
5759 7275 -14790
5760 7379 -15014
5761 7423 -15098
5762 7381 -15034
5763 7283 -14714
5764 7363 -14898
5765 7399 -14942
5766 7333 -14950
5767 7413 -15070
5768 7433 -15334
5769 7347 -15002
5770 7149 -14570
5771 7221 -14834
5772 7305 -14930
5773 7321 -15046
5774 7359 -15138
5775 7447 -15182
5776 7399 -15078
5777 7353 -14914
5778 7535 -15238
5779 7449 -15038
5780 7485 -15062
5781 7435 -15046
5782 7489 -15042
5783 7557 -15158
5784 7629 -15250
5785 7543 -15130
5786 7593 -15218
5787 7613 -15282
5788 7589 -15266
5789 7603 -15202
5790 7625 -15350
5791 7619 -15162
5792 7505 -15102
5793 7591 -15346
5794 7583 -15306
5795 7401 -14970
5796 7331 -14906
5797 7225 -14838
5798 7309 -14974
5799 7263 -15014
5800 7235 -14878
5801 7259 -14962
5802 7285 -15018
5803 7253 -14922
5804 7145 -14714
5805 7197 -14802
5806 7261 -14870
5807 7253 -14938
5808 7251 -15094
5809 7215 -15094
5810 7113 -15006
5811 7127 -14710
5812 7051 -14566
5813 7001 -14662
5814 7037 -14594
5815 7043 -14558
5816 7269 -14786
5817 7329 -14954
5818 7327 -14862
5819 7351 -14910
5820 7279 -14934
5821 7305 -14882
5822 7161 -14726
5823 7295 -15074
5824 7343 -14970
5825 7297 -15150
5826 7397 -15374
5827 7361 -15214
5828 7351 -15130
5829 7325 -15074
5830 7413 -15086
5831 7333 -15094
5832 7363 -15046
5833 7329 -15086
5834 7321 -14994
5835 7235 -14686
5836 7257 -14666
5837 7179 -14454
5838 7215 -14366
5839 7455 -14966
5840 7447 -14834
5841 7361 -14722
5842 7481 -14958
5843 7611 -15314
5844 7803 -15530
5845 7725 -15462
5846 7603 -15014
5847 7591 -14982
5848 7725 -15154
5849 7685 -15082
5850 7699 -14954
5851 7559 -14802
5852 7517 -15006
5853 7581 -15082
5854 7533 -15034
5855 7535 -15070
5856 7553 -14998
5857 7601 -15174
5858 7591 -15110
5859 7643 -15278
5860 7709 -15186
5861 7601 -14958
5862 7683 -15262
5863 7731 -15270
5864 7605 -15098
5865 7545 -15154
5866 7443 -14998
5867 7419 -14782
5868 7463 -14766
5869 7577 -14990
5870 7703 -15282
5871 7805 -15498
5872 7715 -15118
5873 7799 -15254
5874 7833 -15078
5875 7859 -15206
5876 7825 -15090
5877 7905 -15310
5878 7809 -15454
5879 7705 -15526
5880 7741 -15434
5881 7759 -15514
5882 7673 -15410
5883 7547 -15050
5884 7639 -15158
5885 7693 -15306
5886 7721 -15274
5887 7669 -15150
5888 7681 -15262
5889 7709 -15258
5890 7787 -15410
5891 7771 -15266
5892 7709 -15186
5893 7839 -15354
5894 7759 -15326
5895 7763 -15294
5896 7871 -15414
5897 7973 -15358
5898 7959 -15526
5899 7893 -15218
5900 7891 -15270
5901 7807 -15214
5902 7767 -15358
5903 7761 -15290
5904 7811 -15374
5905 7651 -15194
5906 7721 -15202
5907 7701 -15314
5908 7707 -15078
5909 7927 -15374
5910 7979 -15498
5911 8081 -15750
5912 8139 -15554
5913 8091 -15798
5914 7899 -15402
5915 7983 -15514
5916 7835 -15270
5917 7797 -15090
5918 7925 -15298
5919 7887 -15266
5920 7865 -15222
5921 7827 -15154
5922 7853 -15306
5923 7773 -15378
5924 7781 -15482
5925 7675 -15142
5926 7657 -15130
5927 7691 -15278
5928 7701 -15222
5929 7783 -15478
5930 7711 -15434
5931 7795 -15238
5932 7899 -15470
5933 7709 -15066
5934 7735 -15138
5935 7755 -15210
5936 7733 -15082
5937 7681 -14958
5938 7779 -15126
5939 7817 -15010
5940 7787 -15006
5941 7989 -15322
5942 7899 -15338
5943 8081 -15490
5944 7929 -15294
5945 7869 -15154
5946 7867 -15246
5947 7811 -15258
5948 7735 -15138
5949 7751 -15342
5950 7765 -15262
5951 7761 -15138
5952 7833 -15282
5953 7859 -15238
5954 7805 -15014
5955 7847 -15210
5956 7959 -15258
5957 7899 -15130
5958 8005 -15358
5959 8131 -15478
5960 8117 -15302
5961 8227 -15510
5962 8261 -15642
5963 8245 -15750
5964 8129 -15438
5965 8043 -15326
5966 8087 -15370
5967 8137 -15546
5968 8009 -15338
5969 8119 -15654
5970 8113 -15734
5971 8209 -15922
5972 8203 -15710
5973 8331 -15890
5974 8219 -15886
5975 8259 -15934
5976 8155 -15710
5977 8075 -15486
5978 8101 -15762
5979 8011 -15670
5980 7981 -15678
5981 7917 -15394
5982 7927 -15430
5983 7943 -15374
5984 7939 -15506
5985 7985 -15310
5986 7985 -15458
5987 8029 -15454
5988 8051 -15378
5989 8141 -15578
5990 8151 -15366
5991 8165 -15514
5992 8179 -15666
5993 8191 -15678
5994 8065 -15450
5995 7965 -15378
5996 7969 -15338
5997 7883 -15390
5998 7929 -15326
5999 8089 -15370
6000 8107 -15686
6001 8119 -15638
6002 8065 -15426
6003 8043 -15494
6004 7917 -15338
6005 7939 -15302
6006 8019 -15338
6007 8041 -15486
6008 8015 -15326
6009 8035 -15262
6010 8045 -15610
6011 8045 -15534
6012 7915 -15466
6013 7857 -15122
6014 7793 -15254
6015 7703 -15150
6016 7731 -15130
6017 7837 -15294
6018 7907 -15370
6019 7847 -15434
6020 7673 -15106
6021 7691 -15142
6022 7659 -15222
6023 7665 -15198
6024 7615 -14858
6025 7697 -15002
6026 7747 -15078
6027 7787 -15294
6028 7745 -15126
6029 7803 -15234
6030 7835 -15202
6031 7777 -15162
6032 7869 -15466
6033 7857 -15390
6034 7795 -15138
6035 7743 -15234
6036 7631 -15030
6037 7605 -15042
6038 7609 -15078
6039 7637 -15202
6040 7657 -15258
6041 7751 -15302
6042 7753 -15346
6043 7765 -15198
6044 7701 -15102
6045 7509 -14854
6046 7467 -15002
6047 7551 -14982
6048 7547 -15022
6049 7561 -14990
6050 7533 -14926
6051 7649 -15086
6052 7657 -15222
6053 7517 -15082
6054 7509 -15094
6055 7423 -14966
6056 7415 -14974
6057 7469 -15162
6058 7397 -14866
6059 7375 -14906
6060 7221 -14698
6061 7213 -14770
6062 7083 -14606
6063 7021 -14606
6064 7015 -14538
6065 7027 -14654
6066 6973 -14602
6067 7185 -14834
6068 7305 -15038
6069 7337 -14974
6070 7357 -14974
6071 7403 -15106
6072 7447 -15270
6073 7391 -14954
6074 7543 -15054
6075 7449 -14886
6076 7489 -14870
6077 7411 -14898
6078 7335 -14998
6079 7349 -14950
6080 7395 -15070
6081 7425 -14982
6082 7569 -15162
6083 7565 -15174
6084 7585 -14998
6085 7737 -15210
6086 7769 -15410
6087 7699 -15394
6088 7647 -15454
6089 7551 -15270
6090 7537 -15186
6091 7617 -15174
6092 7575 -15162
6093 7489 -15066
6094 7367 -14778
6095 7343 -14858
6096 7207 -14610
6097 7247 -14626
6098 7217 -14630
6099 7283 -14826
6100 7263 -14870
6101 7269 -14914
6102 7455 -14958
6103 7395 -14806
6104 7293 -14866
6105 7277 -14918
6106 7393 -15078
6107 7507 -15190
6108 7529 -15310
6109 7557 -15426
6110 7439 -15126
6111 7359 -14906
6112 7207 -14922
6113 7081 -14802
6114 7219 -15138
6115 7165 -15118
6116 7229 -14998
6117 7211 -14946
6118 7199 -14962
6119 7247 -14958
6120 7185 -14938
6121 7155 -15034
6122 7165 -14930
6123 7149 -14950
6124 7121 -14938
6125 7153 -15082
6126 7025 -14694
6127 7039 -14718
6128 6973 -14738
6129 6947 -14882
6130 6817 -14698
6131 6865 -14638
6132 6935 -14550
6133 6885 -14414
6134 6927 -14542
6135 6901 -14594
6136 6881 -14542
6137 6837 -14778
6138 6839 -14854
6139 6813 -14658
6140 6899 -14858
6141 7031 -14990
6142 7119 -14942
6143 7263 -15018
6144 7149 -15090
6145 6979 -14926
6146 6925 -15074
6147 6855 -14834
6148 6961 -15282
6149 6815 -14866
6150 6821 -14942
6151 6895 -14882
6152 6939 -14838
6153 6851 -14882
6154 6855 -14758
6155 6809 -14730
6156 6753 -14762
6157 6815 -14774
6158 6875 -15070
6159 6825 -14934
6160 6907 -15122
6161 6871 -15086
6162 6757 -14854
6163 6803 -14886
6164 6745 -14894
6165 6905 -15266
6166 6749 -15090
6167 6745 -15146
6168 6555 -14710
6169 6491 -14586
6170 6399 -14766
6171 6505 -14758
6172 6515 -14738
6173 6393 -14462
6174 6533 -14818
6175 6501 -14630
6176 6551 -14782
6177 6447 -14686
6178 6557 -14726
6179 6471 -14530
6180 6459 -14574
6181 6441 -14746
6182 6525 -14982
6183 6423 -14966
6184 6439 -14866
6185 6565 -14938
6186 6693 -14950
6187 6723 -14906
6188 6809 -14926
6189 6875 -15042
6190 6781 -14842
6191 6803 -14634
6192 6723 -14758
6193 6793 -14714
6194 6909 -15038
6195 6875 -14830
6196 6987 -15074
6197 6915 -14786
6198 6835 -14774
6199 6831 -14926
6200 6817 -14994
6201 6867 -15030
6202 7029 -15010
6203 7035 -15014
6204 6951 -14898
6205 6877 -14790
6206 7107 -15130
6207 7145 -15186
6208 7161 -15034
6209 7071 -14974
6210 7057 -14818
6211 6979 -15086
6212 6925 -14974
6213 7121 -15086
6214 7043 -14850
6215 7135 -15050
6216 7169 -15146
6217 7177 -15166
6218 7207 -15118
6219 7163 -15198
6220 7203 -15214
6221 7109 -15046
6222 7191 -15222
6223 7069 -15130
6224 6929 -15142
6225 7003 -15422
6226 7025 -15278
6227 6981 -15154
6228 6925 -14894
6229 6913 -14806
6230 7021 -15058
6231 6925 -14882
6232 6927 -14910
6233 7035 -14854
6234 7121 -14890
6235 7249 -15086
6236 7189 -14946
6237 7069 -14606
6238 7053 -14806
6239 6957 -14730
6240 6919 -14578
6241 6907 -14526
6242 6869 -14458
6243 6991 -14746
6244 6921 -14726
6245 6927 -14546
6246 6967 -14550
6247 6935 -14550
6248 6945 -14578
6249 6965 -14582
6250 7107 -14770
6251 7045 -14670
6252 7107 -14662
6253 7209 -14866
6254 7131 -14814
6255 7045 -14710
6256 7063 -14974
6257 7065 -14794
6258 7127 -14882
6259 7159 -15006
6260 7215 -15010
6261 7099 -14862
6262 7197 -14922
6263 7149 -15142
6264 7205 -15266
6265 7189 -15074
6266 6973 -14710
6267 6925 -14618
6268 7017 -14778
6269 7025 -14650
6270 6955 -14678
6271 6943 -14594
6272 6933 -14750
6273 7003 -14682
6274 6979 -14606
6275 6997 -14546
6276 6825 -14478
6277 6787 -14574
6278 6755 -14874
6279 6741 -14934
6280 6877 -14826
6281 7007 -14938
6282 6939 -15006
6283 6909 -15054
6284 6749 -14770
6285 6687 -14798
6286 6715 -14710
6287 6591 -14578
6288 6615 -14714
6289 6683 -14838
6290 6653 -14706
6291 6721 -14830
6292 6709 -14766
6293 6667 -14882
6294 6675 -14906
6295 6715 -14710
6296 6739 -14822
6297 6865 -14914
6298 6899 -14830
6299 6881 -14686
6300 6905 -14826
6301 6991 -15018
6302 7037 -14934
6303 7085 -15098
6304 7073 -14870
6305 7339 -15282
6306 7453 -15502
6307 7465 -15414
6308 7361 -15370
6309 7447 -15402
6310 7423 -15278
6311 7379 -15250
6312 7257 -15058
6313 7271 -15134
6314 7145 -15054
6315 7115 -15062
6316 7113 -15058
6317 7247 -15222
6318 7181 -15306
6319 7033 -15098
6320 6861 -14978
6321 6803 -14930
6322 6705 -14950
6323 6675 -14614
6324 6695 -14806
6325 6759 -14914
6326 6653 -14826
6327 6747 -15158
6328 6839 -15302
6329 6753 -14954
6330 6857 -14942
6331 6893 -14934
6332 6869 -15334
6333 6873 -14982
6334 6915 -15102
6335 6981 -15310
6336 7105 -15174
6337 7071 -15090
6338 7079 -15038
6339 7021 -15002
6340 6901 -14938
6341 6897 -15118
6342 6941 -15190
6343 6895 -15106
6344 6899 -15182
6345 6807 -14946
6346 6801 -14906
6347 6877 -14990
6348 6903 -15078
6349 6863 -14998
6350 6831 -14942
6351 6911 -15206
6352 6805 -15214
6353 6883 -15058
6354 6955 -15334
6355 7005 -15370
6356 6995 -15322
6357 6887 -15214
6358 6921 -15286
6359 6753 -14958
6360 6723 -15218
6361 6761 -15138
6362 6741 -15118
6363 6703 -15162
6364 6705 -14826
6365 6579 -14826
6366 6521 -14994
6367 6543 -15006
6368 6371 -14866
6369 6421 -15062
6370 6441 -14946
6371 6469 -14874
6372 6473 -15054
6373 6505 -14622
6374 6405 -14526
6375 6427 -14958
6376 6449 -14846
6377 6529 -14902
6378 6469 -14686
6379 6411 -14982
6380 6439 -14982
6381 6363 -14862
6382 6375 -15034
6383 6317 -15022
6384 6201 -14906
6385 6177 -15018
6386 6339 -14794
6387 6339 -14766
6388 6259 -14634
6389 6243 -14654
6390 6169 -14854
6391 6145 -14794
6392 6089 -14710
6393 6171 -14614
6394 6281 -14838
6395 6257 -14862
6396 6247 -14706
6397 6203 -14522
6398 6359 -14762
6399 6473 -14914
6400 6653 -15058
6401 6575 -15010
6402 6461 -14882
6403 6383 -14894
6404 6409 -14906
6405 6259 -14922
6406 6231 -14822
6407 6261 -14702
6408 6187 -14998
6409 6029 -14898
6410 5987 -14906
6411 5921 -14982
6412 5979 -15074
6413 5795 -14742
6414 5687 -14690
6415 5849 -14798
6416 5883 -14862
6417 5979 -14794
6418 6055 -14642
6419 6149 -14890
6420 6203 -14982
6421 6115 -14934
6422 5941 -14582
6423 5875 -14730
6424 5953 -14866
6425 5881 -14918
6426 5855 -14902
6427 5775 -14846
6428 5671 -14766
6429 5617 -14722
6430 5603 -14782
6431 5593 -14590
6432 5529 -14434
6433 5525 -14586
6434 5613 -14622
6435 5667 -14666
6436 5659 -14726
6437 5677 -14822
6438 5875 -14890
6439 5813 -15006
6440 5667 -14914
6441 5605 -14886
6442 5675 -14646
6443 5699 -14834
6444 5611 -14634
6445 5595 -14366
6446 5497 -14422
6447 5511 -14518
6448 5561 -14746
6449 5595 -14702
6450 5575 -14606
6451 5509 -14798
6452 5465 -14374
6453 5545 -14510
6454 5415 -14390
6455 5429 -14510
6456 5677 -14710
6457 5727 -14682
6458 5779 -14678
6459 5921 -14774
6460 5863 -14722
6461 5797 -14722
6462 5863 -14990
6463 5795 -14934
6464 5761 -14678
6465 5731 -14730
6466 5863 -14818
6467 5853 -15034
6468 5839 -14762
6469 5789 -14670
6470 5911 -14798
6471 6025 -14970
6472 6113 -14838
6473 6155 -14782
6474 6091 -14642
6475 6129 -14946
6476 6045 -14550
6477 6057 -14714
6478 6127 -14846
6479 6107 -14682
6480 6251 -14818
6481 6261 -14734
6482 6457 -15098
6483 6505 -15094
6484 6491 -15122
6485 6539 -15270
6486 6519 -15266
6487 6465 -15186
6488 6421 -15222
6489 6205 -14878
6490 6111 -14618
6491 6221 -14874
6492 6225 -14814
6493 6229 -14866
6494 6211 -14882
6495 6183 -15106
6496 6115 -15066
6497 6109 -14746
6498 6243 -14826
6499 6271 -14754
6500 6213 -14690
6501 6335 -14790
6502 6221 -14730
6503 6177 -14850
6504 6159 -14842
6505 6141 -14974
6506 6181 -14838
6507 6319 -15098
6508 6277 -14914
6509 6111 -14802
6510 6139 -14998
6511 6121 -14826
6512 6193 -14790
6513 6361 -15038
6514 6347 -15006
6515 6323 -14630
6516 6435 -14858
6517 6345 -14710
6518 6379 -14890
6519 6249 -14586
6520 6201 -14622
6521 6167 -14470
6522 6085 -14582
6523 5999 -14466
6524 6047 -14518
6525 6015 -14506
6526 5917 -14458
6527 6031 -14522
6528 5953 -14534
6529 6013 -14610
6530 5913 -14406
6531 5843 -14462
6532 5933 -14230
6533 5973 -14062
6534 6147 -14478
6535 6171 -14486
6536 6055 -14466
6537 5947 -14154
6538 6167 -14326
6539 6135 -14354
6540 6323 -14614
6541 6381 -14818
6542 6529 -14834
6543 6525 -14778
6544 6559 -14970
6545 6637 -14942
6546 6739 -15206
6547 6707 -15090
6548 6619 -14834
6549 6669 -14934
6550 6583 -14954
6551 6633 -14862
6552 6543 -14950
6553 6593 -14998
6554 6659 -15130
6555 6609 -14818
6556 6665 -14854
6557 6603 -14686
6558 6635 -14574
6559 6581 -14586
6560 6567 -14630
6561 6567 -14738
6562 6633 -14754
6563 6557 -14722
6564 6685 -14770
6565 6597 -14782
6566 6535 -14618
6567 6597 -14482
6568 6553 -14478
6569 6555 -14474
6570 6653 -14822
6571 6653 -14706
6572 6673 -14786
6573 6507 -14530
6574 6627 -14726
6575 6625 -14670
6576 6741 -14846
6577 6719 -14798
6578 6725 -14582
6579 6801 -14814
6580 6973 -15122
6581 6991 -15158
6582 6823 -14954
6583 6837 -14942
6584 6711 -15206
6585 6753 -15090
6586 6725 -15130
6587 6623 -15110
6588 6611 -14862
6589 6485 -14698
6590 6395 -14662
6591 6501 -14578
6592 6485 -14498
6593 6767 -14850
6594 6803 -14910
6595 6933 -15010
6596 6961 -15030
6597 7011 -15274
6598 7035 -15094
6599 7047 -15026
6600 7007 -14938
6601 6997 -14990
6602 6951 -15034
6603 6801 -14782
6604 6693 -14818
6605 6811 -14886
6606 6865 -15094
6607 6851 -14934
6608 6705 -14898
6609 6789 -14826
6610 6901 -14818
6611 6873 -14730
6612 6843 -14722
6613 6747 -14498
6614 6759 -14714
6615 6749 -14710
6616 6933 -15010
6617 6983 -15006
6618 7103 -15090
6619 7065 -14990
6620 7129 -15030
6621 7063 -14806
6622 7085 -14974
6623 7061 -14962
6624 7023 -14774
6625 7143 -14974
6626 7077 -14858
6627 7077 -14798
6628 7041 -14718
6629 6955 -14806
6630 6993 -15062
6631 6915 -14858
6632 7049 -15046
6633 7013 -14706
6634 6823 -14714
6635 6833 -14862
6636 6893 -14922
6637 6913 -14946
6638 7035 -14986
6639 6943 -15018
6640 6917 -14950
6641 6823 -14918
6642 6869 -14962
6643 6857 -14798
6644 6805 -14634
6645 6801 -14594
6646 6941 -14666
6647 7077 -15082
6648 7095 -15158
6649 7129 -15158
6650 7187 -15234
6651 7077 -15230
6652 7223 -15262
6653 7193 -15226
6654 7057 -14874
6655 7133 -14946
6656 6959 -14846
6657 7007 -14834
6658 7003 -14994
6659 6951 -14850
6660 6891 -14814
6661 6981 -14974
6662 7033 -15034
6663 7029 -15138
6664 6953 -14870
6665 6869 -14870
6666 6977 -14886
6667 7063 -15046
6668 7121 -15118
6669 7175 -15322
6670 7283 -15322
6671 7277 -15202
6672 7229 -15050
6673 7279 -15034
6674 7289 -15062
6675 7357 -15062
6676 7403 -15106
6677 7479 -15178
6678 7543 -15230
6679 7559 -15018
6680 7389 -14954
6681 7359 -14938
6682 7449 -14926
6683 7497 -14906
6684 7545 -15030
6685 7777 -15482
6686 7785 -15406
6687 7643 -15162
6688 7595 -15086
6689 7607 -15062
6690 7595 -15054
6691 7499 -14998
6692 7573 -15010
6693 7521 -15054
6694 7603 -15238
6695 7473 -14906
6696 7427 -14934
6697 7585 -15182
6698 7611 -15310
6699 7585 -15430
6700 7455 -15190
6701 7343 -14986
6702 7401 -14934
6703 7497 -15258
6704 7569 -15354
6705 7553 -15282
6706 7479 -15230
6707 7435 -15326
6708 7375 -15098
6709 7365 -15102
6710 7287 -14990
6711 7267 -14998
6712 7379 -14990
6713 7399 -14966
6714 7551 -15098
6715 7511 -15158
6716 7509 -15194
6717 7415 -15222
6718 7517 -14986
6719 7481 -15106
6720 7467 -14922
6721 7467 -15058
6722 7557 -15158
6723 7637 -15126
6724 7625 -15054
6725 7593 -15078
6726 7579 -15190
6727 7477 -14858
6728 7425 -14874
6729 7361 -14994
6730 7389 -14934
6731 7367 -14978
6732 7165 -14766
6733 7125 -14650
6734 7151 -14586
6735 7055 -14514
6736 7187 -14462
6737 7363 -14658
6738 7229 -14562
6739 7165 -14702
6740 7165 -14962
6741 7153 -14982
6742 7127 -14758
6743 7159 -14874
6744 7163 -15010
6745 7057 -14662
6746 7157 -14770
6747 7093 -14674
6748 7017 -14562
6749 7055 -14682
6750 7161 -14890
6751 7165 -15158
6752 7241 -15186
6753 7183 -14926
6754 7139 -14922
6755 7121 -14642
6756 7161 -14814
6757 7295 -15010
6758 7253 -14902
6759 7327 -15034
6760 7481 -15210
6761 7491 -15262
6762 7525 -15278
6763 7475 -15286
6764 7493 -15286
6765 7431 -15330
6766 7421 -15526
6767 7349 -15270
6768 7261 -15346
6769 7307 -15050
6770 7375 -15050
6771 7307 -14858
6772 7397 -15050
6773 7449 -15050
6774 7513 -15242
6775 7515 -15246
6776 7355 -14890
6777 7463 -15030
6778 7517 -15290
6779 7501 -15130
6780 7471 -15042
6781 7429 -15170
6782 7359 -15150
6783 7197 -14802
6784 7231 -14998
6785 7277 -15234
6786 7193 -15222
6787 7141 -15002
6788 7127 -15210
6789 7257 -15262
6790 7105 -15086
6791 7055 -15142
6792 6981 -15126
6793 6997 -14686
6794 6859 -14582
6795 6775 -14470
6796 6773 -14614
6797 6943 -14714
6798 7111 -14954
6799 7073 -14994
6800 7065 -15154
6801 7045 -15014
6802 7067 -15102
6803 7157 -15126
6804 7287 -15274
6805 7247 -15342
6806 7361 -15370
6807 7291 -15478
6808 7267 -15490
6809 7323 -15362
6810 7261 -15130
6811 7247 -15130
6812 7265 -14974
6813 7241 -14846
6814 7279 -15142
6815 7291 -14990
6816 7429 -15002
6817 7333 -14706
6818 7347 -14878
6819 7379 -15030
6820 7299 -14838
6821 7241 -14950
6822 7289 -15022
6823 7329 -15118
6824 7437 -15266
6825 7503 -15078
6826 7561 -15378
6827 7587 -15214
6828 7531 -15042
6829 7619 -15250
6830 7729 -15330
6831 7655 -15446
6832 7615 -15258
6833 7607 -15282
6834 7517 -15118
6835 7561 -14914
6836 7565 -15158
6837 7605 -15234
6838 7571 -15046
6839 7507 -14994
6840 7669 -15102
6841 7689 -15198
6842 7693 -15434
6843 7647 -15514
6844 7535 -15058
6845 7599 -15010
6846 7553 -14978
6847 7657 -15194
6848 7423 -14886
6849 7503 -14894
6850 7553 -15094
6851 7559 -15298
6852 7503 -15066
6853 7521 -15102
6854 7401 -14962
6855 7335 -14982
6856 7359 -14970
6857 7355 -14858
6858 7457 -14714
6859 7461 -14726
6860 7473 -14862
6861 7467 -14862
6862 7597 -15126
6863 7521 -14978
6864 7529 -14986
6865 7571 -15190
6866 7585 -15142
6867 7551 -15274
6868 7741 -15318
6869 7785 -15418
6870 7843 -15190
6871 7795 -15286
6872 7855 -15606
6873 7913 -15726
6874 7847 -15522
6875 7745 -15406
6876 7719 -15402
6877 7667 -15322
6878 7817 -15302
6879 7773 -15466
6880 7809 -15342
6881 7715 -15230
6882 7723 -15074
6883 7821 -15086
6884 7767 -15202
6885 7741 -15250
6886 7637 -15150
6887 7567 -15026
6888 7567 -14930
6889 7403 -14922
6890 7375 -14938
6891 7525 -15122
6892 7473 -14958
6893 7509 -14902
6894 7513 -14814
6895 7441 -14878
6896 7403 -14650
6897 7523 -14862
6898 7557 -14930
6899 7479 -14790
6900 7605 -15138
6901 7313 -14590
6902 7299 -14642
6903 7331 -15014
6904 7249 -14742
6905 7315 -14882
6906 7177 -14502
6907 7317 -14838
6908 7307 -15110
6909 7407 -15090
6910 7505 -15090
6911 7501 -15270
6912 7455 -15270
6913 7353 -15078
6914 7295 -15070
6915 7379 -15062
6916 7337 -15010
6917 7279 -14930
6918 7435 -15142
6919 7477 -15166
6920 7493 -15202
6921 7483 -15094
6922 7515 -15174
6923 7423 -14718
6924 7451 -14790
6925 7543 -14834
6926 7515 -15010
6927 7551 -15114
6928 7443 -14994
6929 7505 -15070
6930 7471 -15158
6931 7535 -15258
6932 7565 -15094
6933 7505 -14930
6934 7477 -15110
6935 7521 -15158
6936 7579 -15338
6937 7513 -15234
6938 7571 -15370
6939 7487 -15286
6940 7509 -15334
6941 7511 -15210
6942 7479 -15174
6943 7387 -15002
6944 7359 -14898
6945 7265 -15026
6946 7223 -14982
6947 7125 -14902
6948 7107 -14850
6949 7113 -14834
6950 7069 -14742
6951 6909 -14650
6952 6965 -14650
6953 6977 -14658
6954 6975 -14742
6955 6923 -14570
6956 7015 -14678
6957 7153 -14718
6958 7201 -14906
6959 7145 -14774
6960 7131 -14798
6961 7183 -14914
6962 7145 -14898
6963 7251 -14886
6964 7275 -15014
6965 7251 -15066
6966 7275 -15262
6967 7499 -15578
6968 7447 -15354
6969 7355 -15250
6970 7271 -15162
6971 7235 -15234
6972 7223 -15142
6973 7175 -14894
6974 7101 -14842
6975 7059 -14874
6976 7089 -14986
6977 7185 -14958
6978 7163 -14898
6979 7243 -14886
6980 7207 -15102
6981 7277 -15150
6982 7319 -15126
6983 7315 -15134
6984 7293 -14994
6985 7217 -15018
6986 7203 -15162
6987 7041 -14810
6988 6987 -14886
6989 6891 -14638
6990 6773 -14442
6991 6867 -14734
6992 6949 -14650
6993 6833 -14506
6994 6857 -14534
6995 6899 -14622
6996 6923 -14674
6997 6929 -14714
6998 6997 -14722
6999 6991 -14758
7000 6939 -14822
7001 6887 -14874
7002 6941 -14830
7003 7089 -15054
7004 7157 -15110
7005 6937 -14758
7006 6923 -14794
7007 6967 -14894
7008 6965 -14858
7009 6907 -14890
7010 6951 -14930
7011 6957 -14770
7012 6917 -14934
7013 6867 -14790
7014 7059 -15054
7015 7035 -14942
7016 6967 -14682
7017 6903 -14622
7018 6881 -14570
7019 6911 -14678
7020 7001 -14990
7021 6983 -14962
7022 6923 -14930
7023 6743 -14638
7024 6895 -14866
7025 6855 -14654
7026 6903 -14714
7027 6987 -14974
7028 7027 -15042
7029 7063 -15010
7030 7059 -14938
7031 6961 -14982
7032 6897 -14914
7033 7013 -15006
7034 7043 -14958
7035 6887 -14662
7036 6867 -14670
7037 6867 -14866
7038 6859 -14962
7039 6783 -15002
7040 6871 -14894
7041 6847 -14982
7042 6815 -14842
7043 6813 -14650
7044 6815 -14778
7045 6889 -15038
7046 6881 -14914
7047 6947 -14906
7048 6989 -14818
7049 6997 -14966
7050 6959 -14982
7051 6853 -14802
7052 6891 -14838
7053 6871 -14822
7054 6901 -14994
7055 6907 -15094
7056 6749 -14726
7057 6717 -14854
7058 6613 -14950
7059 6563 -14974
7060 6417 -14578
7061 6373 -14542
7062 6507 -14726
7063 6457 -14654
7064 6527 -14738
7065 6425 -14654
7066 6321 -14498
7067 6293 -14506
7068 6203 -14218
7069 6231 -14338
7070 6127 -14358
7071 6211 -14458
7072 6257 -14570
7073 6245 -14366
7074 6275 -14578
7075 6311 -14550
7076 6355 -14686
7077 6355 -14582
7078 6305 -14442
7079 6483 -14774
7080 6595 -15174
7081 6525 -14750
7082 6681 -15018
7083 6777 -14954
7084 6653 -14938
7085 6627 -14850
7086 6789 -15050
7087 6741 -14818
7088 6797 -15002
7089 6749 -15062
7090 6799 -14978
7091 6915 -14946
7092 6881 -14966
7093 6857 -14890
7094 6821 -14774
7095 6769 -14586
7096 6771 -14686
7097 6845 -14610
7098 6741 -14470
7099 6819 -14658
7100 6913 -14746
7101 6867 -14726
7102 6871 -14654
7103 7009 -14850
7104 6939 -14734
7105 6785 -14582
7106 6781 -14718
7107 6869 -14942
7108 6897 -14974
7109 6975 -14946
7110 6849 -14766
7111 6905 -14714
7112 6945 -14810
7113 6929 -14662
7114 6789 -14514
7115 6707 -14370
7116 6755 -14246
7117 6755 -14366
7118 6859 -14778
7119 7003 -14630
7120 7043 -14854
7121 7083 -14982
7122 6851 -14730
7123 6897 -14734
7124 6861 -14838
7125 6955 -15114
7126 6877 -14826
7127 6899 -14798
7128 6951 -14998
7129 6971 -14994
7130 6893 -14950
7131 7057 -15070
7132 7035 -14962
7133 6959 -14946
7134 6769 -14406
7135 6815 -14614
7136 6801 -14478
7137 6785 -14654
7138 6725 -14702
7139 6817 -14958
7140 6803 -14906
7141 6847 -14758
7142 6925 -14874
7143 6867 -14674
7144 6959 -14814
7145 6983 -14942
7146 7021 -15026
7147 7025 -15126
7148 6881 -14814
7149 6999 -15170
7150 6965 -15122
7151 7015 -15198
7152 7099 -15294
7153 7147 -15254
7154 7105 -15318
7155 7103 -15098
7156 7167 -15070
7157 7209 -15082
7158 7135 -15090
7159 7311 -15246
7160 7225 -15322
7161 7197 -15154
7162 7303 -15122
7163 7189 -15098
7164 7231 -15126
7165 7381 -15426
7166 7527 -15610
7167 7477 -15562
7168 7523 -15346
7169 7509 -15238
7170 7545 -15234
7171 7461 -15082
7172 7363 -14998
7173 7405 -15098
7174 7383 -15282
7175 7391 -15386
7176 7333 -15362
7177 7401 -15354
7178 7423 -15262
7179 7459 -15282
7180 7587 -15362
7181 7569 -15346
7182 7611 -15502
7183 7447 -15222
7184 7465 -15226
7185 7569 -15514
7186 7653 -15506
7187 7651 -15558
7188 7533 -15302
7189 7541 -15358
7190 7577 -15342
7191 7547 -15166
7192 7547 -15174
7193 7657 -15194
7194 7541 -15002
7195 7513 -14850
7196 7621 -15010
7197 7677 -15114
7198 7541 -14894
7199 7501 -14982
7200 7491 -14802
7201 7601 -15054
7202 7473 -14926
7203 7575 -14966
7204 7551 -14866
7205 7349 -14654
7206 7385 -14786
7207 7487 -15034
7208 7481 -14734
7209 7515 -14894
7210 7665 -15070
7211 7699 -14918
7212 7789 -15190
7213 7723 -15062
7214 7681 -14934
7215 7785 -15126
7216 7795 -15178
7217 7833 -15414
7218 7697 -15274
7219 7651 -15010
7220 7673 -15262
7221 7597 -14994
7222 7631 -15058
7223 7657 -15250
7224 7511 -15038
7225 7465 -15122
7226 7605 -15262
7227 7675 -15322
7228 7599 -15054
7229 7507 -14906
7230 7673 -15126
7231 7629 -14974
7232 7557 -14870
7233 7539 -14910
7234 7721 -15130
7235 7821 -15478
7236 7791 -15394
7237 7895 -15390
7238 7955 -15538
7239 7995 -15366
7240 7975 -15346
7241 7997 -15330
7242 8031 -15458
7243 8007 -15610
7244 8065 -15634
7245 7927 -15406
7246 7899 -15282
7247 7889 -15354
7248 7891 -15414
7249 7977 -15566
7250 7781 -15214
7251 7751 -15254
7252 7659 -14962
7253 7559 -14830
7254 7583 -14974
7255 7553 -15070
7256 7581 -15046
7257 7699 -15402
7258 7615 -15154
7259 7755 -15194
7260 7703 -15318
7261 7787 -15506
7262 7763 -15354
7263 7739 -15362
7264 7719 -15422
7265 7761 -15426
7266 7867 -15626
7267 7849 -15538
7268 7937 -15594
7269 7929 -15798
7270 7907 -15754
7271 7909 -15602
7272 7835 -15478
7273 7915 -15774
7274 7811 -15506
7275 7807 -15426
7276 7729 -15406
7277 7797 -15198
7278 7885 -15530
7279 7933 -15526
7280 7921 -15514
7281 7961 -15562
7282 7893 -15434
7283 7807 -15258
7284 7761 -15266
7285 7785 -15310
7286 7651 -15330
7287 7637 -15342
7288 7735 -15510
7289 7779 -15606
7290 7861 -15670
7291 7917 -15666
7292 7873 -15586
7293 7821 -15502
7294 7767 -15422
7295 7769 -15362
7296 7795 -15494
7297 7859 -15610
7298 7977 -15930
7299 8023 -15882
7300 8039 -15670
7301 8041 -15778
7302 7913 -15654
7303 7737 -15318
7304 7707 -15338
7305 7565 -15178
7306 7549 -15162
7307 7435 -14810
7308 7473 -15126
7309 7599 -15338
7310 7507 -15122
7311 7503 -15234
7312 7465 -15198
7313 7285 -14770
7314 7265 -14774
7315 7283 -14738
7316 7161 -14646
7317 7365 -15026
7318 7395 -15054
7319 7361 -14938
7320 7325 -14934
7321 7259 -14810
7322 7285 -14994
7323 7271 -14798
7324 7179 -14602
7325 7097 -14402
7326 7153 -14550
7327 7289 -14902
7328 7287 -14854
7329 7379 -14914
7330 7437 -14774
7331 7545 -14894
7332 7589 -15066
7333 7587 -14922
7334 7497 -15058
7335 7441 -15070
7336 7419 -14962
7337 7377 -15182
7338 7217 -14758
7339 7355 -14838
7340 7425 -14974
7341 7443 -14930
7342 7389 -14830
7343 7517 -15122
7344 7487 -14938
7345 7511 -15110
7346 7575 -15238
7347 7577 -15402
7348 7359 -14978
7349 7373 -15214
7350 7397 -14998
7351 7293 -14746
7352 7433 -15170
7353 7387 -14930
7354 7383 -14822
7355 7329 -14698
7356 7417 -14930
7357 7421 -14782
7358 7435 -14658
7359 7509 -14910
7360 7511 -14902
7361 7489 -15046
7362 7493 -15138
7363 7481 -15118
7364 7399 -15166
7365 7307 -15066
7366 7273 -14790
7367 7229 -14826
7368 7211 -14846
7369 7185 -14838
7370 7189 -14718
7371 7149 -14718
7372 7141 -14626
7373 7221 -14798
7374 7191 -14698
7375 7385 -15146
7376 7379 -15118
7377 7387 -14654
7378 7441 -14786
7379 7327 -14658
7380 7507 -14966
7381 7541 -15074
7382 7539 -15094
7383 7617 -15326
7384 7611 -15270
7385 7587 -15138
7386 7599 -15170
7387 7637 -15222
7388 7653 -15282
7389 7735 -15278
7390 7825 -15334
7391 7811 -15330
7392 7907 -15398
7393 7835 -15350
7394 7721 -15242
7395 7711 -15170
7396 7595 -15114
7397 7553 -15254
7398 7511 -15122
7399 7485 -14858
7400 7535 -14982
7401 7457 -14830
7402 7625 -15238
7403 7785 -15582
7404 7699 -15414
7405 7715 -15470
7406 7839 -15354
7407 7719 -15262
7408 7625 -15214
7409 7591 -15306
7410 7361 -14766
7411 7259 -14686
7412 7369 -14974
7413 7289 -14786
7414 7193 -14770
7415 7221 -14934
7416 7291 -14982
7417 7275 -14966
7418 7267 -15050
7419 7117 -14750
7420 7269 -15286
7421 7257 -15198
7422 7239 -15222
7423 7193 -15002
7424 7147 -14746
7425 7197 -14970
7426 7253 -14902
7427 7131 -14490
7428 7189 -14826
7429 7201 -14798
7430 7249 -14854
7431 7269 -14914
7432 7247 -14886
7433 7333 -14742
7434 7367 -15026
7435 7409 -15090
7436 7441 -14950
7437 7431 -15070
7438 7563 -15350
7439 7531 -15338
7440 7371 -15210
7441 7517 -15306
7442 7547 -15286
7443 7399 -15254
7444 7331 -15258
7445 7219 -15246
7446 7289 -15254
7447 7233 -15190
7448 7279 -15022
7449 7189 -14782
7450 7133 -15034
7451 7183 -14934
7452 7179 -14910
7453 7145 -14794
7454 7185 -15074
7455 7123 -15074
7456 6957 -14790
7457 6847 -14570
7458 6811 -14570
7459 6853 -14746
7460 6921 -14850
7461 6933 -14750
7462 7063 -14786
7463 7035 -14770
7464 7045 -14730
7465 7091 -14738
7466 7163 -14798
7467 7173 -14842
7468 7215 -15038
7469 7189 -14758
7470 7109 -14574
7471 7087 -14594
7472 7203 -14670
7473 7179 -14610
7474 7211 -14746
7475 7087 -14602
7476 7121 -14762
7477 7235 -14966
7478 7315 -15126
7479 7331 -15082
7480 7327 -14970
7481 7225 -15006
7482 7265 -15098
7483 7187 -15038
7484 7229 -15018
7485 7051 -14822
7486 6921 -14594
7487 6955 -14738
7488 6907 -14706
7489 7001 -14862
7490 6973 -14906
7491 7017 -14862
7492 7257 -15130
7493 7205 -14950
7494 7245 -15198
7495 7215 -15234
7496 7275 -15222
7497 7229 -15194
7498 7233 -15078
7499 7261 -14926
7500 7239 -15058
7501 7187 -14706
7502 7227 -14918
7503 7243 -14690
7504 7351 -15010
7505 7337 -15186
7506 7511 -15438
7507 7455 -15234
7508 7523 -15338
7509 7293 -14894
7510 7315 -15062
7511 7403 -15262
7512 7283 -15042
7513 7471 -15442
7514 7459 -15638
7515 7437 -15578
7516 7349 -15250
7517 7337 -15278
7518 7443 -15270
7519 7391 -15162
7520 7341 -15166
7521 7331 -15062
7522 7175 -14838
7523 7197 -14938
7524 7119 -15002
7525 7187 -14954
7526 7119 -14710
7527 7053 -14558
7528 7003 -14626
7529 6905 -14630
7530 6803 -14518
7531 6823 -14562
7532 6689 -14442
7533 6561 -14418
7534 6491 -14398
7535 6533 -14670
7536 6601 -14646
7537 6597 -14698
7538 6505 -14586
7539 6443 -14578
7540 6329 -14350
7541 6263 -14198
7542 6389 -14438
7543 6299 -14502
7544 6171 -14558
7545 6089 -14498
7546 6223 -14802
7547 6277 -14578
7548 6367 -14534
7549 6353 -14550
7550 6385 -14630
7551 6417 -14390
7552 6495 -14414
7553 6637 -14538
7554 6591 -14682
7555 6585 -14650
7556 6639 -14818
7557 6667 -14626
7558 6789 -14638
7559 6829 -14806
7560 6875 -14958
7561 6907 -14910
7562 6923 -15062
7563 7063 -15022
7564 7087 -14914
7565 7007 -14998
7566 7037 -14842
7567 7059 -14758
7568 7043 -14558
7569 7165 -14650
7570 7147 -14666
7571 7163 -14742
7572 7079 -14766
7573 6965 -14550
7574 7105 -14978
7575 7015 -14706
7576 7109 -15014
7577 7161 -15002
7578 7211 -14958
7579 7249 -14950
7580 7169 -14658
7581 7227 -14770
7582 7281 -15062
7583 7233 -15082
7584 7331 -15058
7585 7443 -15034
7586 7475 -15038
7587 7427 -14942
7588 7513 -15094
7589 7405 -14846
7590 7499 -15170
7591 7481 -15058
7592 7637 -15410
7593 7659 -15518
7594 7459 -15402
7595 7507 -15394
7596 7445 -15182
7597 7395 -15314
7598 7309 -15110
7599 7399 -15146
7600 7463 -15206
7601 7373 -15010
7602 7347 -14958
7603 7319 -15074
7604 7345 -15134
7605 7299 -15130
7606 7213 -15022
7607 7343 -15142
7608 7465 -15294
7609 7527 -15074
7610 7647 -15158
7611 7653 -15066
7612 7589 -15146
7613 7651 -15258
7614 7597 -15162
7615 7617 -15006
7616 7733 -15278
7617 7783 -15242
7618 7763 -15270
7619 7643 -15046
7620 7753 -15346
7621 7783 -15142
7622 7721 -15198
7623 7809 -15330
7624 7943 -15262
7625 7925 -15474
7626 8053 -15666
7627 8015 -15750
7628 7907 -15430
7629 7925 -15450
7630 7931 -15374
7631 7873 -15210
7632 7801 -15078
7633 7953 -15538
7634 7931 -15574
7635 7993 -15778
7636 7925 -15594
7637 7893 -15502
7638 7795 -15310
7639 7813 -15554
7640 7731 -15350
7641 7785 -15294
7642 7681 -15270
7643 7677 -15334
7644 7591 -15222
7645 7561 -15150
7646 7567 -15082
7647 7653 -15234
7648 7635 -15374
7649 7647 -15146
7650 7719 -15310
7651 7769 -15502
7652 7829 -15378
7653 7679 -15098
7654 7595 -15082
7655 7567 -15110
7656 7625 -15186
7657 7439 -15074
7658 7417 -15182
7659 7413 -15194
7660 7351 -15314
7661 7291 -15166
7662 7491 -15278
7663 7345 -15066
7664 7309 -14962
7665 7289 -14958
7666 7287 -15046
7667 7327 -15010
7668 7253 -14754
7669 7255 -14750
7670 7253 -14854
7671 7249 -14782
7672 7269 -14754
7673 7289 -14938
7674 7399 -14986
7675 7545 -15266
7676 7543 -15398
7677 7617 -15378
7678 7641 -15522
7679 7527 -15326
7680 7507 -15418
7681 7529 -15410
7682 7515 -15414
7683 7469 -15434
7684 7395 -15166
7685 7325 -14970
7686 7279 -15062
7687 7255 -14934
7688 7181 -15098
7689 7277 -15086
7690 7415 -15198
7691 7355 -15242
7692 7353 -15406
7693 7265 -15270
7694 7201 -15162
7695 7147 -14958
7696 7067 -14754
7697 7055 -14926
7698 6933 -14670
7699 6857 -14722
7700 6817 -14738
7701 6757 -14726
7702 6735 -14766
7703 6797 -14842
7704 6837 -14754
7705 6879 -14670
7706 6843 -14538
7707 6695 -14678
7708 6665 -14430
7709 6769 -14706
7710 6863 -14774
7711 6829 -14714
7712 6891 -14614
7713 6913 -14766
7714 6953 -14954
7715 6897 -14682
7716 6875 -14762
7717 7069 -14890
7718 7031 -15118
7719 6999 -14918
7720 7051 -14982
7721 6979 -14810
7722 6933 -14746
7723 6979 -14882
7724 6955 -14718
7725 6985 -14662
7726 6883 -14770
7727 6889 -14598
7728 6859 -14778
7729 6825 -14718
7730 6803 -14742
7731 6675 -14622
7732 6801 -14598
7733 6915 -14862
7734 6915 -14894
7735 6781 -14694
7736 6757 -14782
7737 6611 -14422
7738 6781 -14602
7739 6615 -14390
7740 6677 -14550
7741 6809 -14942
7742 6841 -14886
7743 6785 -14862
7744 6879 -14882
7745 6895 -15098
7746 6927 -14926
7747 7065 -15154
7748 7063 -15306
7749 6995 -15322
7750 6959 -15326
7751 6999 -15146
7752 6887 -15062
7753 6921 -15154
7754 6853 -14934
7755 6841 -14930
7756 6941 -15158
7757 6773 -14910
7758 6787 -14874
7759 6833 -15102
7760 6801 -14974
7761 6613 -14878
7762 6745 -14830
7763 6881 -15190
7764 6771 -14954
7765 6905 -15198
7766 6755 -14958
7767 6861 -14938
7768 6941 -14898
7769 6901 -14718
7770 6879 -14882
7771 6949 -14982
7772 6885 -14842
7773 6871 -14982
7774 6847 -14926
7775 6863 -14978
7776 6895 -14958
7777 6743 -14610
7778 6761 -14606
7779 6821 -14546
7780 6765 -14586
7781 6779 -14746
7782 6669 -14634
7783 6657 -14722
7784 6725 -14770
7785 6653 -14530
7786 6591 -14442
7787 6651 -14486
7788 6709 -14562
7789 6635 -14562
7790 6675 -14558
7791 6711 -14422
7792 6733 -14686
7793 6745 -14826
7794 6693 -14982
7795 6553 -14670
7796 6523 -14846
7797 6465 -14758
7798 6469 -14562
7799 6527 -14690
7800 6537 -14434
7801 6683 -14506
7802 6663 -14558
7803 6535 -14274
7804 6465 -14246
7805 6507 -14610
7806 6519 -14682
7807 6525 -14486
7808 6561 -14574
7809 6571 -14738
7810 6773 -14954
7811 6777 -14986
7812 6803 -15118
7813 6787 -15114
7814 6785 -14806
7815 6851 -14870
7816 6753 -14886
7817 6763 -14946
7818 6713 -14782
7819 6787 -14890
7820 6849 -14802
7821 6887 -14950
7822 6871 -15018
7823 6843 -14850
7824 6911 -15086
7825 7015 -15194
7826 6935 -15038
7827 6967 -14966
7828 7007 -15194
7829 6865 -15178
7830 6859 -15034
7831 6757 -14986
7832 6809 -14942
7833 6733 -14942
7834 6793 -15130
7835 6741 -14962
7836 6733 -15154
7837 6691 -14898
7838 6673 -14870
7839 6859 -14942
7840 6831 -15014
7841 6695 -14958
7842 6679 -14770
7843 6661 -14542
7844 6889 -14926
7845 6801 -14882
7846 6695 -14814
7847 6791 -14822
7848 6717 -14706
7849 6775 -14870
7850 6793 -14822
7851 6801 -15066
7852 6813 -14994
7853 6869 -14874
7854 6877 -15014
7855 6901 -15014
7856 6903 -15082
7857 6971 -15066
7858 7119 -15318
7859 7217 -15410
7860 7177 -15298
7861 7143 -15050
7862 7105 -15038
7863 7105 -15018
7864 7239 -15378
7865 7223 -15318
7866 7265 -15106
7867 7241 -15234
7868 7173 -15018
7869 7151 -14922
7870 7095 -14738
7871 7103 -14878
7872 7201 -14986
7873 7347 -15138
7874 7399 -15054
7875 7453 -15050
7876 7383 -14762
7877 7363 -14930
7878 7333 -14966
7879 7393 -15102
7880 7339 -15086
7881 7365 -15110
7882 7359 -15262
7883 7317 -15178
7884 7295 -15190
7885 7209 -15086
7886 7193 -14946
7887 7205 -15010
7888 7345 -15286
7889 7365 -15190
7890 7347 -15258
7891 7283 -15058
7892 7339 -15250
7893 7291 -15090
7894 7385 -15130
7895 7357 -15074
7896 7333 -15090
7897 7315 -15318
7898 7365 -15362
7899 7417 -15370
7900 7321 -15126
7901 7319 -15102
7902 7295 -15162
7903 7307 -15210
7904 7449 -15322
7905 7601 -15622
7906 7561 -15550
7907 7395 -15122
7908 7437 -15270
7909 7339 -15046
7910 7441 -15238
7911 7327 -15186
7912 7257 -15034
7913 7345 -15098
7914 7363 -15190
7915 7427 -15258
7916 7495 -15414
7917 7515 -15194
7918 7451 -15222
7919 7507 -15486
7920 7379 -15274
7921 7369 -15174
7922 7125 -14734
7923 7021 -14658
7924 7239 -14986
7925 7171 -14954
7926 7117 -14834
7927 7183 -14798
7928 7177 -15090
7929 7217 -15046
7930 7197 -15150
7931 7215 -15146
7932 7145 -14970
7933 7121 -14810
7934 7269 -15022
7935 7353 -14998
7936 7325 -15106
7937 7517 -15274
7938 7563 -15306
7939 7483 -15118
7940 7485 -15054
7941 7597 -15042
7942 7667 -15230
7943 7689 -15262
7944 7711 -15306
7945 7647 -15414
7946 7515 -15318
7947 7491 -15182
7948 7465 -14990
7949 7495 -15194
7950 7541 -15126
7951 7513 -15018
7952 7561 -14978
7953 7499 -14770
7954 7337 -14850
7955 7531 -14986
7956 7681 -15186
7957 7653 -15222
7958 7711 -15394
7959 7687 -15126
7960 7777 -15062
7961 7847 -15030
7962 7813 -15066
7963 7775 -15314
7964 7821 -15262
7965 7793 -15198
7966 7969 -15378
7967 8011 -15506
7968 8095 -15666
7969 8077 -15690
7970 8069 -15726
7971 7949 -15586
7972 7833 -15294
7973 7859 -15478
7974 7979 -15654
7975 7993 -15598
7976 7991 -15414
7977 7853 -15218
7978 7897 -15310
7979 7789 -15134
7980 7873 -15258
7981 7907 -15314
7982 7953 -15350
7983 7949 -15466
7984 7951 -15434
7985 7903 -15394
7986 7887 -15402
7987 7849 -15362
7988 7853 -15454
7989 8035 -15606
7990 7997 -15442
7991 8131 -15842
7992 8051 -15734
7993 8053 -15742
7994 8035 -15750
7995 7983 -15590
7996 8007 -15754
7997 7897 -15582
7998 7953 -15502
7999 7991 -15638
8000 7933 -15722
8001 7785 -15614
8002 7689 -15634
8003 7751 -15438
8004 7889 -15602
8005 7767 -15306
8006 7819 -15622
8007 7861 -15518
8008 7953 -15562
8009 7923 -15498
8010 7929 -15578
8011 8049 -15738
8012 8067 -15622
8013 7983 -15618
8014 7901 -15350
8015 7843 -15346
8016 7735 -15190
8017 7747 -15310
8018 7717 -15326
8019 7611 -15162
8020 7647 -15082
8021 7693 -15150
8022 7729 -15258
8023 7737 -15222
8024 7775 -15386
8025 7847 -15566
8026 7795 -15370
8027 7803 -15418
8028 7771 -15546
8029 7671 -15350
8030 7649 -15422
8031 7527 -15298
8032 7483 -15246
8033 7503 -15186
8034 7491 -15174
8035 7479 -14938
8036 7597 -15162
8037 7575 -15030
8038 7615 -15054
8039 7785 -15314
8040 7669 -15030
8041 7527 -14854
8042 7551 -15034
8043 7451 -14938
8044 7445 -14886
8045 7461 -14818
8046 7545 -14898
8047 7623 -14958
8048 7669 -15046
8049 7721 -15146
8050 7801 -15274
8051 7625 -15222
8052 7535 -14870
8053 7635 -14602
8054 7595 -14798
8055 7561 -14698
8056 7641 -14742
8057 7627 -14746
8058 7797 -15062
8059 7791 -15190
8060 7887 -15210
8061 7913 -15154
8062 7779 -15242
8063 7865 -15322
8064 7887 -15158
8065 7991 -15382
8066 7889 -15194
8067 7873 -15278
8068 7787 -15258
8069 7703 -14950
8070 7553 -15006
8071 7517 -14846
8072 7549 -14906
8073 7605 -15150
8074 7655 -14974
8075 7713 -15230
8076 7725 -15338
8077 7729 -15262
8078 7737 -15174
8079 7741 -15118
8080 7843 -15294
8081 7765 -15098
8082 7715 -15082
8083 7621 -15078
8084 7633 -15338
8085 7555 -15122
8086 7551 -15126
8087 7627 -15314
8088 7681 -15314
8089 7685 -15182
8090 7575 -15246
8091 7533 -14694
8092 7583 -14746
8093 7645 -14834
8094 7643 -14966
8095 7541 -14726
8096 7649 -14814
8097 7601 -15042
8098 7655 -15166
8099 7755 -15326
8100 7755 -15398
8101 7701 -15106
8102 7647 -15074
8103 7701 -15226
8104 7717 -14942
8105 7587 -14710
8106 7487 -14862
8107 7549 -14834
8108 7655 -15054
8109 7663 -15002
8110 7661 -15170
8111 7569 -14994
8112 7629 -15150
8113 7725 -15222
8114 7825 -15418
8115 7787 -15286
8116 7871 -15310
8117 7977 -15398
8118 7865 -15246
8119 7911 -15362
8120 7995 -15374
8121 8053 -15570
8122 7961 -15454
8123 8069 -15606
8124 8083 -15802
8125 8047 -15702
8126 7975 -15526
8127 7863 -15258
8128 7839 -15234
8129 7849 -15146
8130 7805 -15226
8131 7869 -15298
8132 7895 -15354
8133 7903 -15366
8134 7895 -15510
8135 7835 -15266
8136 7781 -15262
8137 7615 -15118
8138 7661 -15258
8139 7599 -15270
8140 7685 -15106
8141 7683 -15214
8142 7667 -15190
8143 7697 -15262
8144 7655 -15134
8145 7621 -15074
8146 7625 -15226
8147 7661 -15218
8148 7505 -15118
8149 7455 -14982
8150 7559 -15154
8151 7611 -15274
8152 7605 -15314
8153 7627 -15426
8154 7489 -15070
8155 7509 -15014
8156 7533 -15134
8157 7483 -15166
8158 7381 -15118
8159 7381 -14958
8160 7437 -15142
8161 7391 -14994
8162 7351 -15010
8163 7149 -14726
8164 7393 -15198
8165 7439 -15118
8166 7349 -14806
8167 7207 -14562
8168 7103 -14718
8169 7101 -14618
8170 7099 -14518
8171 7061 -14554
8172 7085 -14442
8173 7225 -14774
8174 7155 -14594
8175 7211 -14750
8176 7315 -14950
8177 7237 -15086
8178 7295 -15070
8179 7339 -15122
8180 7373 -15062
8181 7395 -14970
8182 7417 -14998
8183 7573 -15046
8184 7589 -15286
8185 7591 -15158
8186 7627 -15250
8187 7697 -15426
8188 7721 -15366
8189 7761 -15390
8190 7755 -15218
8191 7889 -15530
8192 7789 -15254
8193 7673 -15398
8194 7477 -15010
8195 7503 -15138
8196 7421 -15090
8197 7453 -15186
8198 7385 -15042
8199 7355 -15106
8200 7397 -15074
8201 7321 -14818
8202 7277 -14630
8203 7247 -14894
8204 7307 -14942
8205 7319 -15078
8206 7159 -14810
8207 7167 -14758
8208 7207 -14842
8209 7213 -14902
8210 7245 -14954
8211 7297 -14902
8212 7251 -14714
8213 7589 -15194
8214 7599 -15266
8215 7605 -15270
8216 7665 -15266
8217 7575 -15266
8218 7621 -15422
8219 7703 -15398
8220 7639 -15234
8221 7523 -15222
8222 7627 -15338
8223 7525 -15170
8224 7639 -15298
8225 7705 -15626
8226 7821 -15746
8227 7845 -15726
8228 7789 -15582
8229 7739 -15350
8230 7699 -15238
8231 7597 -15150
8232 7705 -15350
8233 7663 -15118
8234 7653 -15050
8235 7677 -15226
8236 7579 -15186
8237 7673 -15302
8238 7543 -15134
8239 7519 -15214
8240 7449 -15130
8241 7433 -15146
8242 7437 -15194
8243 7365 -15034
8244 7303 -14962
8245 7379 -14934
8246 7267 -14670
8247 7335 -14650
8248 7465 -15170
8249 7321 -14802
8250 7285 -14874
8251 7297 -15038
8252 7201 -14566
8253 7271 -14626
8254 7259 -14886
8255 7201 -14910
8256 7209 -15066
8257 7137 -14930
8258 7265 -14830
8259 7355 -15014
8260 7305 -14870
8261 7287 -15046
8262 7377 -15094
8263 7303 -14830
8264 7363 -15110
8265 7335 -15050
8266 7371 -15118
8267 7331 -15018
8268 7363 -15050
8269 7513 -15162
8270 7647 -15486
8271 7599 -15466
8272 7489 -15234
8273 7653 -15490
8274 7589 -15462
8275 7503 -15450
8276 7437 -15338
8277 7493 -15274
8278 7465 -15210
8279 7517 -15266
8280 7665 -15382
8281 7721 -15750
8282 7753 -15566
8283 7813 -15486
8284 7671 -15362
8285 7831 -15558
8286 8033 -15646
8287 8073 -15790
8288 8033 -15830
8289 8035 -15906
8290 8029 -15742
8291 8003 -15710
8292 7935 -15606
8293 7875 -15506
8294 7785 -15422
8295 7755 -15318
8296 7789 -15098
8297 7819 -15230
8298 7603 -14890
8299 7571 -14806
8300 7519 -15014
8301 7567 -15034
8302 7499 -15022
8303 7583 -15286
8304 7529 -15034
8305 7469 -15014
8306 7367 -14882
8307 7427 -15158
8308 7447 -15034
8309 7529 -15158
8310 7447 -15022
8311 7663 -15418
8312 7589 -15382
8313 7577 -15194
8314 7571 -15182
8315 7469 -15118
8316 7585 -14998
8317 7625 -14982
8318 7627 -15162
8319 7721 -15270
8320 7729 -15278
8321 7703 -15026
8322 7653 -15106
8323 7705 -15298
8324 7689 -15274
8325 7721 -15130
8326 7657 -15198
8327 7803 -15362
8328 7883 -15254
8329 7827 -15114
8330 7795 -15118
8331 7959 -15450
8332 7931 -15282
8333 7911 -15466
8334 7843 -15462
8335 7919 -15470
8336 7915 -15398
8337 7873 -15174
8338 7889 -15494
8339 7867 -15270
8340 7803 -15194
8341 7749 -15130
8342 7787 -15078
8343 7807 -15250
8344 7819 -15270
8345 7799 -15350
8346 7889 -15582
8347 7873 -15470
8348 7899 -15486
8349 7897 -15442
8350 7819 -15390
8351 7845 -15430
8352 7857 -15546
8353 7941 -15602
8354 7915 -15486
8355 7873 -15574
8356 7883 -15510
8357 7783 -15282
8358 7815 -15442
8359 7731 -15294
8360 7797 -15482
8361 7829 -15394
8362 7783 -15446
8363 7677 -15166
8364 7823 -15358
8365 7711 -15326
8366 7645 -15226
8367 7591 -15286
8368 7503 -15134
8369 7567 -15110
8370 7499 -15158
8371 7481 -15106
8372 7675 -15430
8373 7697 -15306
8374 7525 -15138
8375 7335 -14878
8376 7383 -14914
8377 7391 -15134
8378 7327 -14918
8379 7287 -14810
8380 7355 -14966
8381 7261 -14766
8382 7197 -14742
8383 7217 -14950
8384 7175 -14782
8385 7153 -14810
8386 7161 -14958
8387 7033 -14646
8388 7107 -14890
8389 6987 -14750
8390 7037 -14770
8391 6997 -14750
8392 6967 -14650
8393 6971 -14718
8394 6939 -14622
8395 6899 -14546
8396 6945 -14482
8397 6915 -14554
8398 6937 -14674
8399 6881 -14694
8400 6835 -14654
8401 6849 -14694
8402 6889 -14778
8403 7047 -14822
8404 6997 -14722
8405 7071 -14942
8406 7099 -14914
8407 6973 -14714
8408 7051 -14950
8409 7199 -15274
8410 7199 -15134
8411 7039 -14918
8412 7059 -14946
8413 7015 -14814
8414 7087 -15070
8415 7087 -14982
8416 7147 -15082
8417 7089 -14934
8418 7189 -15042
8419 7259 -15170
8420 7213 -15102
8421 7217 -15226
8422 7355 -15430
8423 7233 -15262
8424 7101 -14974
8425 6979 -14814
8426 7061 -14762
8427 6999 -14710
8428 6969 -14566
8429 7019 -14618
8430 7019 -14790
8431 6871 -14798
8432 7033 -14906
8433 7085 -14874
8434 7171 -15050
8435 7155 -15082
8436 7067 -14818
8437 6843 -14510
8438 6801 -14478
8439 6775 -14450
8440 6809 -14402
8441 6893 -14562
8442 7079 -14710
8443 7101 -14590
8444 7129 -14790
8445 7045 -14638
8446 7169 -14846
8447 7373 -15270
8448 7429 -15158
8449 7429 -15038
8450 7397 -15014
8451 7365 -15110
8452 7309 -14958
8453 7131 -14738
8454 7193 -14674
8455 7221 -14750
8456 7253 -14746
8457 7283 -14750
8458 7243 -15170
8459 7191 -15122
8460 7217 -15030
8461 7151 -14886
8462 7235 -15110
8463 7261 -15194
8464 7181 -15102
8465 7265 -15158
8466 7367 -15178
8467 7387 -15154
8468 7385 -15134
8469 7343 -15074
8470 7335 -15246
8471 7309 -15206
8472 7209 -14922
8473 7263 -14914
8474 7283 -15070
8475 7307 -15134
8476 7473 -15430
8477 7383 -15330
8478 7387 -15338
8479 7311 -15138
8480 7339 -15126
8481 7275 -15090
8482 7401 -15110
8483 7537 -15366
8484 7777 -15762
8485 7749 -15694
8486 7719 -15614
8487 7747 -15606
8488 7677 -15354
8489 7701 -15410
8490 7783 -15754
8491 7669 -15434
8492 7681 -15666
8493 7739 -15662
8494 7637 -15374
8495 7605 -15306
8496 7603 -15218
8497 7643 -15414
8498 7563 -15310
8499 7549 -15270
8500 7579 -15430
8501 7629 -15318
8502 7603 -15274
8503 7643 -15498
8504 7605 -15410
8505 7641 -15490
8506 7613 -15398
8507 7725 -15602
8508 7761 -15598
8509 7697 -15642
8510 7671 -15514
8511 7693 -15590
8512 7647 -15246
8513 7559 -15254
8514 7699 -15294
8515 7679 -15610
8516 7589 -15426
8517 7467 -15286
8518 7577 -15110
8519 7611 -15126
8520 7519 -14962
8521 7521 -14882
8522 7647 -15066
8523 7697 -15150
8524 7707 -15290
8525 7751 -15358
8526 7639 -15146
8527 7643 -15206
8528 7679 -15090
8529 7607 -14970
8530 7649 -15302
8531 7701 -15270
8532 7723 -15210
8533 7757 -15302
8534 7717 -15138
8535 7641 -15054
8536 7661 -15170
8537 7677 -15086
8538 7767 -15198
8539 7811 -15202
8540 7821 -15082
8541 7963 -15274
8542 7893 -15266
8543 7793 -15222
8544 7763 -15118
8545 7609 -15150
8546 7619 -14970
8547 7593 -15058
8548 7543 -14750
8549 7395 -14550
8550 7357 -14730
8551 7363 -14882
8552 7309 -15030
8553 7187 -14682
8554 7129 -14638
8555 7109 -14698
8556 7075 -14450
8557 7123 -14422
8558 7265 -14638
8559 7301 -14734
8560 7501 -15114
8561 7569 -15030
8562 7609 -14966
8563 7659 -15174
8564 7705 -15234
8565 7803 -15438
8566 7713 -15214
8567 7695 -15398
8568 7737 -15430
8569 7707 -15266
8570 7609 -15098
8571 7697 -15134
8572 7681 -14966
8573 7759 -15106
8574 7757 -14966
8575 7621 -14694
8576 7563 -14682
8577 7649 -15010
8578 7779 -15198
8579 7789 -15402
8580 7805 -15386
8581 7847 -15370
8582 7759 -14998
8583 7761 -15078
8584 7703 -15186
8585 7839 -15182
8586 7899 -15294
8587 7879 -15278
8588 7963 -15334
8589 7833 -15214
8590 7715 -14878
8591 7725 -15094
8592 7941 -15294
8593 8059 -15502
8594 8097 -15582
8595 8107 -15570
8596 8061 -15502
8597 7995 -15306
8598 7791 -15110
8599 7873 -15342
8600 7745 -15130
8601 7713 -15210
8602 7675 -15086
8603 7669 -15342
8604 7607 -15058
8605 7483 -14998
8606 7619 -15018
8607 7531 -15018
8608 7603 -15322
8609 7709 -15466
8610 7715 -15374
8611 7539 -15034
8612 7521 -15254
8613 7543 -15218
8614 7499 -15246
8615 7303 -15018
8616 7399 -14918
8617 7603 -15238
8618 7649 -15282
8619 7577 -15190
8620 7491 -15270
8621 7505 -15338
8622 7441 -15066
8623 7369 -14962
8624 7381 -15154
8625 7407 -15198
8626 7321 -14954
8627 7485 -15298
8628 7707 -15442
8629 7773 -15370
8630 7815 -15382
8631 7649 -15246
8632 7777 -15422
8633 7711 -15202
8634 7693 -15170
8635 7635 -15138
8636 7715 -15274
8637 7661 -15262
8638 7823 -15658
8639 7721 -15426
8640 7777 -15370
8641 7945 -15546
8642 7987 -15686
8643 8073 -15714
8644 7969 -15646
8645 7855 -15494
8646 7775 -15270
8647 7697 -15402
8648 7651 -15318
8649 7749 -15454
8650 7823 -15662
8651 7799 -15386
8652 7811 -15490
8653 7833 -15546
8654 7765 -15442
8655 7799 -15554
8656 7727 -15450
8657 7751 -15434
8658 7641 -15286
8659 7495 -15102
8660 7543 -15214
8661 7561 -14966
8662 7467 -14906
8663 7399 -15126
8664 7459 -15246
8665 7535 -15330
8666 7445 -15018
8667 7527 -15106
8668 7377 -15054
8669 7357 -14930
8670 7341 -14990
8671 7403 -14982
8672 7411 -14954
8673 7281 -14830
8674 7381 -15146
8675 7415 -14826
8676 7451 -15210
8677 7431 -15370
8678 7407 -15442
8679 7365 -15298
8680 7461 -15506
8681 7533 -15310
8682 7527 -15362
8683 7593 -15418
8684 7545 -15390
8685 7521 -15530
8686 7443 -15350
8687 7451 -15374
8688 7407 -15406
8689 7437 -15406
8690 7491 -15390
8691 7463 -15198
8692 7459 -15362
8693 7591 -15418
8694 7611 -15486
8695 7527 -15310
8696 7543 -15446
8697 7589 -15430
8698 7597 -15486
8699 7523 -15382
8700 7505 -15126
8701 7681 -15422
8702 7609 -15222
8703 7699 -15414
8704 7627 -15262
8705 7513 -15138
8706 7463 -14970
8707 7569 -14982
8708 7627 -15170
8709 7687 -15174
8710 7693 -15282
8711 7697 -15382
8712 7657 -15318
8713 7579 -15330
8714 7495 -15050
8715 7503 -15066
8716 7607 -15110
8717 7603 -15166
8718 7723 -15190
8719 7737 -15394
8720 7743 -15382
8721 7721 -15554
8722 7665 -15398
8723 7597 -15298
8724 7613 -15274
8725 7569 -15162
8726 7707 -15250
8727 7855 -15462
8728 7813 -15474
8729 7845 -15498
8730 7751 -15302
8731 7615 -15090
8732 7587 -15078
8733 7655 -15106
8734 7767 -15342
8735 7717 -15378
8736 7749 -15238
8737 7661 -15146
8738 7725 -15194
8739 7723 -15298
8740 7593 -15050
8741 7581 -14942
8742 7669 -15138
8743 7701 -15290
8744 7529 -15082
8745 7485 -15022
8746 7403 -14794
8747 7483 -14986
8748 7551 -15014
8749 7655 -15298
8750 7589 -15114
8751 7541 -15146
8752 7617 -15270
8753 7529 -14938
8754 7587 -15294
8755 7517 -15006
8756 7473 -15102
8757 7627 -15290
8758 7771 -15454
8759 7837 -15522
8760 7737 -15354
8761 7643 -15194
8762 7659 -15142
8763 7717 -15250
8764 7657 -15282
8765 7659 -15282
8766 7593 -15158
8767 7617 -15278
8768 7683 -15490
8769 7553 -15238
8770 7625 -15298
8771 7641 -15194
8772 7627 -15214
8773 7595 -15162
8774 7667 -15306
8775 7609 -15170
8776 7777 -15454
8777 7645 -15206
8778 7601 -15006
8779 7613 -15122
8780 7551 -15150
8781 7403 -14978
8782 7349 -15014
8783 7435 -15234
8784 7349 -14970
8785 7281 -14970
8786 7099 -14930
8787 7045 -14894
8788 7063 -15126
8789 7103 -15086
8790 7199 -15098
8791 7257 -15102
8792 7311 -14938
8793 7399 -15078
8794 7327 -14878
8795 7393 -15178
8796 7389 -15178
8797 7401 -15182
8798 7457 -15366
8799 7515 -15362
8800 7487 -15218
8801 7425 -15230
8802 7409 -15270
8803 7405 -15206
8804 7429 -15122
8805 7365 -15174
8806 7273 -14818
8807 7281 -15014
8808 7287 -15030
8809 7147 -14702
8810 7127 -14946
8811 7209 -14818
8812 7233 -15134
8813 7249 -14846
8814 7225 -14810
8815 7223 -14774
8816 7251 -14830
8817 7279 -14922
8818 7379 -14902
8819 7375 -14786
8820 7499 -15174
8821 7571 -15158
8822 7537 -15162
8823 7453 -14834
8824 7481 -14858
8825 7641 -15274
8826 7677 -15210
8827 7801 -15242
8828 7801 -15230
8829 7777 -15130
8830 7809 -15146
8831 7907 -15206
8832 7959 -15386
8833 7863 -15282
8834 7829 -15402
8835 7731 -15254
8836 7777 -15566
8837 7795 -15454
8838 7763 -15262
8839 7761 -15138
8840 7685 -15138
8841 7683 -15150
8842 7709 -15198
8843 7623 -15194
8844 7609 -15226
8845 7637 -15210
8846 7575 -15218
8847 7573 -15282
8848 7557 -15410
8849 7463 -14934
8850 7419 -15058
8851 7435 -15242
8852 7465 -15418
8853 7425 -15430
8854 7277 -15130
8855 7345 -15190
8856 7141 -14706
8857 6939 -14414
8858 7031 -14622
8859 6999 -14818
8860 7059 -14934
8861 7077 -14922
8862 7087 -14822
8863 7213 -14990
8864 7257 -14998
8865 7365 -15190
8866 7355 -15178
8867 7283 -15086
8868 7419 -15162
8869 7467 -15266
8870 7379 -14986
8871 7263 -14982
8872 7209 -14830
8873 7191 -14854
8874 7285 -14862
8875 7351 -14894
8876 7365 -15058
8877 7411 -14866
8878 7373 -14866
8879 7251 -14490
8880 7341 -14494
8881 7467 -14578
8882 7555 -15074
8883 7535 -15090
8884 7415 -14654
8885 7377 -14706
8886 7259 -14622
8887 7225 -14722
8888 7205 -14578
8889 7289 -14682
8890 7361 -14682
8891 7389 -14826
8892 7569 -14938
8893 7605 -15030
8894 7693 -15218
8895 7605 -14914
8896 7703 -15470
8897 7621 -15138
8898 7705 -15246
8899 7605 -15114
8900 7569 -15146
8901 7569 -15182
8902 7553 -15146
8903 7497 -15026
8904 7557 -15106
8905 7557 -15062
8906 7565 -15142
8907 7521 -14950
8908 7435 -14806
8909 7479 -14766
8910 7597 -14838
8911 7505 -14758
8912 7491 -14750
8913 7509 -14842
8914 7507 -14918
8915 7441 -14770
8916 7469 -14738
8917 7465 -15038
8918 7521 -15014
8919 7467 -15062
8920 7419 -14922
8921 7383 -15006
8922 7369 -14866
8923 7393 -14994
8924 7473 -14986
8925 7305 -14742
8926 7209 -14518
8927 7201 -14646
8928 7457 -15062
8929 7505 -15166
8930 7393 -14866
8931 7481 -14970
8932 7521 -15094
8933 7389 -15006
8934 7441 -14982
8935 7479 -15138
8936 7409 -14922
8937 7467 -14986
8938 7483 -14974
8939 7491 -14926
8940 7305 -14858
8941 7355 -14894
8942 7199 -14602
8943 7175 -14442
8944 7061 -14270
8945 7087 -14418
8946 7139 -14702
8947 7115 -14610
8948 7015 -14530
8949 7167 -14786
8950 7137 -14830
8951 7327 -15114
8952 7353 -15046
8953 7489 -15098
8954 7453 -15034
8955 7411 -14858
8956 7585 -15090
8957 7533 -15210
8958 7633 -15106
8959 7705 -15266
8960 7749 -15274
8961 7801 -15454
8962 7737 -15286
8963 7693 -15270
8964 7557 -15086
8965 7549 -15150
8966 7579 -15106
8967 7483 -14882
8968 7355 -14658
8969 7497 -15050
8970 7445 -15002
8971 7421 -14682
8972 7405 -14754
8973 7407 -14730
8974 7389 -14722
8975 7335 -14822
8976 7433 -15018
8977 7489 -15406
8978 7547 -15294
8979 7549 -15306
8980 7533 -15142
8981 7543 -15246
8982 7555 -15218
8983 7497 -15358
8984 7485 -15170
8985 7409 -15194
8986 7377 -15142
8987 7335 -15178
8988 7399 -15150
8989 7429 -15314
8990 7295 -15170
8991 7343 -15322
8992 7235 -14930
8993 7245 -14898
8994 7217 -14666
8995 7231 -14966
8996 7411 -15258
8997 7403 -15054
8998 7337 -14846
8999 7517 -15106
9000 7511 -14998
9001 7455 -14834
9002 7391 -14774
9003 7407 -15014
9004 7219 -14874
9005 7095 -14646
9006 7127 -14742
9007 6989 -14622
9008 6971 -14558
9009 7029 -14818
9010 7083 -14970
9011 6953 -14906
9012 7027 -14794
9013 7015 -14866
9014 7039 -14826
9015 6905 -14658
9016 6937 -14758
9017 6983 -14862
9018 6955 -14746
9019 6949 -14642
9020 7001 -14842
9021 6949 -14542
9022 6883 -14478
9023 6867 -14490
9024 7091 -14830
9025 7085 -14794
9026 7191 -15002
9027 7157 -14938
9028 7159 -14738
9029 7209 -15054
9030 7153 -14914
9031 7415 -15146
9032 7479 -15006
9033 7451 -14990
9034 7371 -14802
9035 7305 -14706
9036 7383 -14970
9037 7439 -15110
9038 7425 -15094
9039 7477 -15238
9040 7677 -15614
9041 7613 -15410
9042 7499 -15362
9043 7691 -15338
9044 7659 -15342
9045 7571 -15034
9046 7609 -15198
9047 7435 -15098
9048 7471 -15078
9049 7605 -15194
9050 7543 -15202
9051 7513 -15254
9052 7453 -15102
9053 7481 -15194
9054 7533 -15258
9055 7529 -15118
9056 7555 -15190
9057 7677 -15502
9058 7631 -15338
9059 7629 -15358
9060 7665 -15386
9061 7689 -15310
9062 7615 -15206
9063 7647 -15330
9064 7475 -15202
9065 7425 -15050
9066 7607 -15362
9067 7713 -15622
9068 7587 -15314
9069 7621 -15598
9070 7469 -15302
9071 7577 -15510
9072 7377 -14986
9073 7373 -15154
9074 7405 -15350
9075 7303 -15270
9076 7357 -15286
9077 7287 -15098
9078 7191 -15018
9079 7195 -15098
9080 7209 -15130
9081 7023 -14950
9082 7135 -15090
9083 7085 -14998
9084 7217 -15166
9085 7179 -14898
9086 7187 -15006
9087 7269 -15230
9088 7259 -15250
9089 7309 -15334
9090 7229 -15018
9091 7245 -15078
9092 7297 -15078
9093 7379 -15342
9094 7423 -15430
9095 7387 -15346
9096 7429 -15398
9097 7381 -15274
9098 7255 -15206
9099 7253 -15098
9100 7059 -14766
9101 7073 -14898
9102 7223 -14986
9103 7233 -14886
9104 7325 -15154
9105 7251 -14982
9106 7431 -15146
9107 7321 -15002
9108 7443 -15098
9109 7553 -15198
9110 7471 -15098
9111 7557 -15078
9112 7463 -14914
9113 7393 -14994
9114 7403 -15114
9115 7345 -15142
9116 7305 -15050
9117 7335 -15118
9118 7407 -15046
9119 7361 -15030
9120 7391 -14882
9121 7365 -14762
9122 7317 -14942
9123 7245 -14886
9124 7143 -14778
9125 7181 -14854
9126 6991 -14570
9127 7047 -14930
9128 6965 -14870
9129 6873 -14730
9130 6903 -14574
9131 6925 -14578
9132 6953 -14602
9133 6873 -14470
9134 6861 -14490
9135 6877 -14578
9136 6829 -14342
9137 6991 -14522
9138 7137 -14858
9139 7179 -14866
9140 7175 -14930
9141 7245 -15078
9142 7283 -14982
9143 7333 -15154
9144 7369 -15082
9145 7443 -15126
9146 7475 -15118
9147 7377 -15294
9148 7421 -15102
9149 7401 -15282
9150 7247 -14918
9151 7475 -15206
9152 7509 -15274
9153 7383 -15110
9154 7245 -14866
9155 7393 -15062
9156 7419 -15190
9157 7379 -15142
9158 7389 -15214
9159 7409 -15194
9160 7437 -15162
9161 7593 -15342
9162 7695 -15486
9163 7683 -15350
9164 7619 -15386
9165 7731 -15566
9166 7645 -15506
9167 7673 -15570
9168 7693 -15402
9169 7767 -15398
9170 7699 -15242
9171 7669 -15170
9172 7747 -15150
9173 7785 -15262
9174 7773 -15206
9175 7881 -15542
9176 7879 -15474
9177 7853 -15338
9178 7895 -15306
9179 7825 -15254
9180 7897 -15442
9181 7933 -15426
9182 7827 -15314
9183 7933 -15486
9184 7901 -15578
9185 7909 -15402
9186 8023 -15398
9187 8089 -15646
9188 7971 -15574
9189 7905 -15486
9190 7997 -15534
9191 8145 -15718
9192 8179 -15818
9193 8221 -15850
9194 8063 -15474
9195 7975 -15322
9196 7871 -15250
9197 7899 -15378
9198 7863 -15330
9199 7905 -15558
9200 7769 -15234
9201 7791 -15342
9202 7749 -15250
9203 7759 -15350
9204 7717 -15170
9205 7635 -15082
9206 7705 -15274
9207 7721 -15262
9208 7797 -15414
9209 7677 -15266
9210 7601 -14982
9211 7753 -15406
9212 7803 -15486
9213 7683 -15262
9214 7545 -15174
9215 7515 -15014
9216 7527 -15186
9217 7585 -15286
9218 7611 -15318
9219 7583 -15194
9220 7673 -15302
9221 7619 -15090
9222 7663 -15198
9223 7649 -15174
9224 7659 -15262
9225 7735 -15470
9226 7751 -15514
9227 7743 -15474
9228 7713 -15350
9229 7725 -15194
9230 7753 -15322
9231 7709 -15230
9232 7751 -15258
9233 7729 -15122
9234 7785 -15158
9235 7761 -15190
9236 7719 -15066
9237 7811 -15354
9238 7803 -15374
9239 7711 -15338
9240 7509 -14882
9241 7549 -15026
9242 7635 -15114
9243 7625 -15226
9244 7437 -14814
9245 7469 -14810
9246 7495 -14814
9247 7465 -15006
9248 7541 -15078
9249 7531 -15082
9250 7549 -14978
9251 7601 -15094
9252 7753 -15306
9253 7865 -15270
9254 7855 -15422
9255 7913 -15506
9256 7967 -15630
9257 7841 -15482
9258 7883 -15582
9259 7895 -15570
9260 7849 -15410
9261 7785 -15118
9262 7757 -14990
9263 7713 -14870
9264 7715 -15050
9265 7841 -15242
9266 8069 -15610
9267 7999 -15406
9268 7837 -15374
9269 7843 -15486
9270 7907 -15526
9271 7805 -15066
9272 7839 -15198
9273 7857 -15138
9274 7931 -15154
9275 7977 -15114
9276 7993 -15178
9277 8173 -15522
9278 8171 -15378
9279 8107 -15602
9280 8019 -15386
9281 7893 -15102
9282 7885 -15214
9283 7963 -15426
9284 7823 -15038
9285 7859 -15210
9286 7949 -15310
9287 7917 -15262
9288 7895 -15110
9289 7913 -15290
9290 7867 -15190
9291 7911 -15486
9292 7945 -15490
9293 7927 -15450
9294 7963 -15598
9295 7823 -15190
9296 7867 -15290
9297 7659 -15182
9298 7761 -15418
9299 7709 -15502
9300 7673 -15370
9301 7703 -15238
9302 7663 -15214
9303 7773 -15382
9304 7893 -15510
9305 7931 -15658
9306 7843 -15546
9307 7879 -15478
9308 7899 -15554
9309 7713 -15282
9310 7663 -15290
9311 7503 -15082
9312 7555 -15146
9313 7363 -15002
9314 7539 -15062
9315 7471 -15190
9316 7471 -14954
9317 7483 -15126
9318 7469 -15114
9319 7523 -15290
9320 7545 -15290
9321 7593 -15458
9322 7551 -15306
9323 7501 -15134
9324 7405 -15034
9325 7415 -14986
9326 7425 -15074
9327 7431 -14990
9328 7481 -14910
9329 7579 -15130
9330 7497 -14966
9331 7523 -14898
9332 7655 -15362
9333 7639 -15402
9334 7575 -15202
9335 7509 -15214
9336 7543 -15310
9337 7581 -15314
9338 7481 -15066
9339 7537 -15230
9340 7619 -15346
9341 7687 -15510
9342 7723 -15358
9343 7763 -15450
9344 7665 -15210
9345 7795 -15438
9346 7803 -15394
9347 7635 -15010
9348 7667 -15230
9349 7709 -15198
9350 7627 -15126
9351 7607 -14994
9352 7569 -14966
9353 7571 -14902
9354 7751 -15254
9355 7821 -15390
9356 7927 -15654
9357 7897 -15438
9358 7779 -15270
9359 7831 -15386
9360 7801 -15246
9361 7813 -15190
9362 7817 -15102
9363 7909 -15366
9364 7849 -15374
9365 7749 -15362
9366 7813 -15314
9367 7809 -15434
9368 7841 -15526
9369 7925 -15546
9370 7857 -15374
9371 7713 -15298
9372 7687 -15214
9373 7693 -15334
9374 7659 -15058
9375 7729 -15230
9376 7755 -15278
9377 7879 -15362
9378 7839 -15318
9379 7779 -15178
9380 7751 -15002
9381 7639 -15022
9382 7765 -15146
9383 7699 -15190
9384 7599 -15106
9385 7605 -15190
9386 7459 -15054
9387 7423 -14994
9388 7343 -15074
9389 7441 -15222
9390 7305 -15038
9391 7383 -15074
9392 7455 -15286
9393 7427 -15178
9394 7329 -15314
9395 7315 -15070
9396 7333 -15150
9397 7329 -14982
9398 7151 -14754
9399 7129 -14874
9400 6987 -14718
9401 6975 -14778
9402 6913 -14518
9403 7009 -14618
9404 6837 -14350
9405 6875 -14422
9406 6779 -14270
9407 6849 -14518
9408 6901 -14758
9409 6747 -14750
9410 6699 -14686
9411 6599 -14402
9412 6595 -14402
9413 6661 -14398
9414 6623 -14254
9415 6797 -14486
9416 6819 -14718
9417 6807 -14886
9418 6801 -14790
9419 6717 -14878
9420 6709 -14766
9421 6663 -14534
9422 6601 -14562
9423 6629 -14386
9424 6547 -14658
9425 6549 -14594
9426 6587 -14422
9427 6477 -14490
9428 6405 -14258
9429 6317 -14286
9430 6413 -14506
9431 6589 -14946
9432 6445 -14762
9433 6355 -14470
9434 6383 -14550
9435 6503 -14670
9436 6557 -14562
9437 6579 -14590
9438 6545 -14638
9439 6449 -14722
9440 6399 -14770
9441 6435 -14902
9442 6255 -14838
9443 6145 -14630
9444 6041 -14486
9445 6059 -14358
9446 6245 -14454
9447 6147 -14438
9448 6125 -14282
9449 6075 -14306
9450 6127 -14322
9451 5975 -14210
9452 5973 -14122
9453 6003 -14514
9454 5997 -14402
9455 6059 -14506
9456 5827 -14070
9457 5881 -14302
9458 5829 -14382
9459 5901 -14490
9460 5959 -14686
9461 6043 -14630
9462 6127 -14870
9463 6155 -14882
9464 6225 -14874
9465 6195 -14762
9466 6215 -14726
9467 6231 -14806
9468 6345 -14818
9469 6361 -14638
9470 6487 -14838
9471 6505 -14970
9472 6461 -14874
9473 6537 -15110
9474 6351 -14838
9475 6309 -14938
9476 6161 -14622
9477 6021 -14682
9478 5849 -14450
9479 5919 -14442
9480 5903 -14382
9481 6041 -14442
9482 6047 -14442
9483 5901 -14290
9484 5919 -14266
9485 5847 -14378
9486 5749 -14430
9487 5725 -14254
9488 5599 -14034
9489 5707 -14202
9490 5651 -14190
9491 5737 -14374
9492 5787 -14394
9493 5813 -14494
9494 5945 -14606
9495 5799 -14438
9496 5723 -14298
9497 5955 -14518
9498 5935 -14518
9499 5875 -14394
9500 5797 -14410
9501 5827 -14610
9502 5727 -14630
9503 5759 -14646
9504 5739 -14706
9505 5717 -14778
9506 5579 -14454
9507 5577 -14438
9508 5651 -14518
9509 5657 -14470
9510 5587 -14438
9511 5729 -14550
9512 5789 -14542
9513 5791 -14662
9514 5807 -14654
9515 5661 -14646
9516 5725 -14710
9517 5771 -14574
9518 5963 -14870
9519 6015 -14630
9520 5965 -14794
9521 5967 -14762
9522 5901 -14682
9523 6049 -14782
9524 5975 -14726
9525 6019 -14942
9526 5937 -14710
9527 5843 -14502
9528 5771 -14550
9529 5767 -14478
9530 5885 -14698
9531 5899 -14574
9532 5825 -14634
9533 5821 -14650
9534 5845 -14422
9535 5935 -14454
9536 5963 -14650
9537 6095 -14686
9538 6175 -14954
9539 6203 -15074
9540 6225 -14966
9541 6133 -14606
9542 6201 -14666
9543 6343 -15022
9544 6301 -14838
9545 6351 -15054
9546 6489 -15114
9547 6475 -14982
9548 6587 -15106
9549 6715 -15126
9550 6761 -15090
9551 6723 -15158
9552 6705 -15010
9553 6749 -15186
9554 6833 -15242
9555 6869 -15350
9556 6689 -15190
9557 6695 -15106
9558 6801 -15254
9559 6807 -15366
9560 6785 -15214
9561 6661 -15098
9562 6709 -14934
9563 6839 -15270
9564 6829 -15210
9565 6849 -15082
9566 6883 -15014
9567 6753 -14814
9568 6793 -14950
9569 6813 -14942
9570 6687 -14814
9571 6695 -14890
9572 6651 -14818
9573 6703 -14958
9574 6587 -15054
9575 6689 -14938
9576 6693 -15002
9577 6705 -15034
9578 6823 -15010
9579 6857 -15130
9580 6819 -15206
9581 6779 -14882
9582 6937 -15110
9583 6937 -14898
9584 6995 -14894
9585 6917 -14866
9586 6837 -14990
9587 6929 -14930
9588 6913 -14890
9589 6875 -14858
9590 6975 -15094
9591 7103 -15106
9592 7113 -15066
9593 7069 -14934
9594 7079 -15078
9595 7107 -15034
9596 6951 -14758
9597 7077 -14790
9598 7189 -14990
9599 7243 -15226
9600 7067 -14806
9601 6963 -14742
9602 7073 -14834
9603 7107 -14714
9604 7057 -14646
9605 7125 -14690
9606 7109 -14686
9607 7123 -14778
9608 7119 -14702
9609 7141 -14678
9610 7131 -14710
9611 7047 -14602
9612 7079 -14786
9613 7141 -14894
9614 6929 -14834
9615 6909 -14570
9616 7005 -14602
9617 7057 -14826
9618 7043 -14754
9619 7183 -14994
9620 7055 -14722
9621 7013 -14726
9622 7047 -14742
9623 7115 -14662
9624 6973 -14246
9625 7293 -14962
9626 7249 -14954
9627 7229 -14970
9628 7077 -14606
9629 7195 -14946
9630 7287 -14862
9631 7377 -14998
9632 7543 -15030
9633 7589 -15290
9634 7509 -15310
9635 7409 -15258
9636 7441 -14986
9637 7479 -15170
9638 7551 -15258
9639 7741 -15546
9640 7711 -15314
9641 7785 -15454
9642 7717 -15246
9643 7771 -15474
9644 7681 -15278
9645 7835 -15638
9646 7771 -15634
9647 7815 -15558
9648 7897 -15446
9649 7941 -15590
9650 7943 -15486
9651 7875 -15206
9652 7841 -15138
9653 7865 -15366
9654 7937 -15398
9655 8053 -15598
9656 7895 -15294
9657 8061 -15566
9658 8025 -15446
9659 8039 -15498
9660 7901 -15402
9661 7883 -15470
9662 7769 -15266
9663 7731 -15054
9664 7845 -15250
9665 7839 -15230
9666 7853 -15290
9667 7751 -15226
9668 7735 -15254
9669 7725 -15218
9670 7581 -14962
9671 7629 -15026
9672 7685 -15030
9673 7619 -14902
9674 7585 -14870
9675 7545 -14706
9676 7801 -15066
9677 7707 -15106
9678 7677 -14990
9679 7705 -15150
9680 7835 -15422
9681 7931 -15478
9682 8065 -15678
9683 7967 -15466
9684 7925 -15430
9685 7939 -15330
9686 7925 -15382
9687 7817 -15338
9688 7999 -15542
9689 7945 -15494
9690 7981 -15554
9691 7999 -15414
9692 7957 -15462
9693 7829 -15366
9694 7811 -15246
9695 7817 -15082
9696 7787 -15014
9697 7877 -15190
9698 7763 -15046
9699 7751 -15010
9700 7729 -14938
9701 7831 -15090
9702 7851 -15202
9703 7921 -15386
9704 8053 -15542
9705 7989 -15438
9706 7977 -15478
9707 7975 -15438
9708 8007 -15558
9709 7865 -15310
9710 7877 -15378
9711 7857 -15542
9712 7777 -15374
9713 7899 -15518
9714 7931 -15546
9715 7881 -15682
9716 7807 -15398
9717 7787 -15346
9718 7885 -15502
9719 7671 -15238
9720 7513 -15006
9721 7547 -15206
9722 7535 -15354
9723 7441 -15270
9724 7327 -15190
9725 7237 -14930
9726 7273 -15174
9727 7275 -15070
9728 7113 -14662
9729 7217 -14890
9730 7387 -15154
9731 7361 -15010
9732 7159 -14786
9733 7165 -14926
9734 7171 -14982
9735 7151 -15010
9736 7061 -14934
9737 7039 -14694
9738 6979 -14642
9739 6977 -14630
9740 7013 -14794
9741 6909 -14762
9742 6987 -14742
9743 6935 -14498
9744 7017 -14558
9745 7077 -14706
9746 7205 -14862
9747 7153 -14654
9748 7113 -14666
9749 7305 -14930
9750 7429 -14842
9751 7415 -14870
9752 7329 -15086
9753 7453 -14946
9754 7467 -14998
9755 7453 -15018
9756 7555 -15006
9757 7619 -15130
9758 7563 -14854
9759 7569 -14910
9760 7639 -14994
9761 7553 -14614
9762 7639 -14770
9763 7609 -14682
9764 7657 -15034
9765 7727 -15146
9766 7591 -15106
9767 7693 -15278
9768 7713 -15246
9769 7805 -15354
9770 7783 -15298
9771 7817 -15286
9772 7835 -15366
9773 7847 -15390
9774 7999 -15594
9775 8019 -15462
9776 7887 -15442
9777 7855 -15310
9778 7905 -15526
9779 7881 -15526
9780 7869 -15570
9781 7863 -15430
9782 7851 -15450
9783 7921 -15450
9784 7801 -15378
9785 7749 -15414
9786 7771 -15242
9787 7759 -15310
9788 7641 -15414
9789 7565 -15254
9790 7483 -15150
9791 7507 -15138
9792 7625 -15358
9793 7399 -15146
9794 7437 -15218
9795 7475 -15034
9796 7403 -15118
9797 7347 -15106
9798 7279 -14878
9799 7161 -14850
9800 7187 -14862
9801 7309 -14830
9802 7249 -14878
9803 7249 -14730
9804 7265 -15042
9805 7293 -14914
9806 7353 -15158
9807 7287 -15034
9808 7371 -15182
9809 7431 -15222
9810 7609 -15594
9811 7537 -15358
9812 7443 -15378
9813 7483 -15422
9814 7549 -15442
9815 7595 -15334
9816 7667 -15470
9817 7549 -15010
9818 7537 -15070
9819 7409 -14914
9820 7335 -14954
9821 7345 -15030
9822 7399 -15098
9823 7339 -15070
9824 7397 -15178
9825 7421 -15274
9826 7463 -15186
9827 7395 -15266
9828 7337 -15130
9829 7387 -15210
9830 7319 -15186
9831 7259 -15126
9832 7267 -15082
9833 7249 -14878
9834 7133 -14730
9835 7181 -14866
9836 7279 -15106
9837 7209 -15222
9838 7209 -15342
9839 7281 -15214
9840 7175 -14978
9841 7199 -14930
9842 7243 -15094
9843 7301 -15198
9844 7349 -15334
9845 7251 -15210
9846 7277 -15186
9847 7233 -15202
9848 7169 -15182
9849 7125 -15122
9850 6999 -14926
9851 7133 -14966
9852 7093 -14718
9853 7239 -15070
9854 7227 -15118
9855 7221 -15210
9856 7279 -15174
9857 7235 -15210
9858 7145 -14910
9859 7165 -15062
9860 7195 -15074
9861 7197 -15194
9862 7231 -15174
9863 7239 -15014
9864 7121 -14830
9865 7297 -15062
9866 7243 -14818
9867 7261 -15018
9868 7203 -14878
9869 7179 -14862
9870 7103 -14658
9871 7095 -14658
9872 7079 -14754
9873 7149 -14658
9874 7163 -14842
9875 7235 -14770
9876 7017 -14534
9877 7117 -14810
9878 7207 -15026
9879 7215 -15066
9880 7139 -14842
9881 7263 -14786
9882 7265 -14878
9883 7163 -14782
9884 7413 -15062
9885 7357 -15078
9886 7349 -15106
9887 7333 -15146
9888 7233 -15026
9889 7107 -14806
9890 7093 -14778
9891 7107 -14926
9892 7217 -14754
9893 7253 -14694
9894 7213 -14674
9895 7283 -14778
9896 7309 -15070
9897 7353 -15018
9898 7409 -15058
9899 7493 -15046
9900 7433 -15154
9901 7509 -15098
9902 7471 -15130
9903 7431 -14998
9904 7515 -15254
9905 7567 -15162
9906 7517 -15166
9907 7487 -15146
9908 7423 -15250
9909 7501 -15270
9910 7561 -15346
9911 7571 -15474
9912 7445 -15226
9913 7515 -15298
9914 7557 -15338
9915 7475 -15162
9916 7595 -15346
9917 7519 -15326
9918 7557 -15346
9919 7431 -14966
9920 7425 -15046
9921 7423 -15162
9922 7443 -15246
9923 7525 -15218
9924 7519 -15198
9925 7653 -15430
9926 7599 -14974
9927 7583 -15046
9928 7685 -15318
9929 7595 -15174
9930 7645 -15070
9931 7631 -15046
9932 7587 -15102
9933 7669 -15186
9934 7771 -15410
9935 7689 -15218
9936 7669 -15282
9937 7703 -15290
9938 7755 -15382
9939 7855 -15666
9940 7929 -15610
9941 7867 -15586
9942 7925 -15590
9943 7867 -15714
9944 7919 -15858
9945 7903 -15502
9946 7831 -15654
9947 7933 -15734
9948 7983 -15806
9949 7865 -15630
9950 7737 -15414
9951 7745 -15478
9952 7713 -15418
9953 7813 -15634
9954 7699 -15434
9955 7705 -15334
9956 7605 -15306
9957 7521 -15202
9958 7465 -14882
9959 7475 -15150
9960 7425 -15126
9961 7403 -15018
9962 7471 -15030
9963 7321 -14802
9964 7265 -14926
9965 7283 -14926
9966 7301 -15018
9967 7593 -15574
9968 7501 -15282
9969 7621 -15418
9970 7487 -15190
9971 7515 -15494
9972 7599 -15634
9973 7467 -15214
9974 7455 -15154
9975 7595 -15246
9976 7659 -15446
9977 7589 -15450
9978 7577 -15338
9979 7475 -15354
9980 7423 -15094
9981 7337 -14938
9982 7305 -14718
9983 7405 -14970
9984 7607 -15322
9985 7667 -15650
9986 7731 -15526
9987 7809 -15766
9988 7585 -15222
9989 7669 -15458
9990 7665 -15330
9991 7595 -15346
9992 7483 -15010
9993 7407 -14898
9994 7445 -15010
9995 7453 -14962
9996 7503 -14982
9997 7479 -15082
9998 7479 -14986
9999 7441 -14974
