0 9771 -18862
1 9393 -17826
2 9171 -17262
3 9101 -17090
4 9051 -16998
5 8813 -16414
6 8637 -16178
7 8549 -16070
8 8447 -15986
9 8389 -15678
10 8345 -15678
11 8239 -15414
12 8323 -15662
13 8435 -15778
14 8445 -15798
15 8421 -15942
16 8425 -15982
17 8367 -15766
18 8399 -15762
19 8331 -15546
20 8385 -15654
21 8371 -15842
22 8429 -16022
23 8385 -15850
24 8435 -15954
25 8363 -15862
26 8291 -15706
27 8353 -16034
28 8313 -15754
29 8277 -15474
30 8137 -15462
31 8061 -15442
32 8027 -15558
33 7915 -15178
34 7987 -15438
35 8055 -15606
36 7817 -15354
37 7857 -15258
38 7795 -15278
39 7671 -15150
40 7605 -14886
41 7731 -15126
42 7765 -15166
43 7845 -15402
44 7859 -15422
45 8049 -15562
46 8097 -15710
47 8065 -15686
48 7987 -15582
49 7947 -15450
50 7891 -15482
51 7809 -15302
52 7949 -15630
53 7985 -15606
54 7883 -15618
55 7809 -15430
56 7765 -15486
57 7807 -15558
58 7895 -15690
59 7753 -15366
60 7731 -15334
61 7729 -15374
62 7737 -15418
63 7789 -15398
64 7723 -15410
65 7591 -15222
66 7655 -15426
67 7691 -15554
68 7713 -15626
69 7649 -15466
70 7611 -15458
71 7431 -15166
72 7459 -15422
73 7379 -15322
74 7191 -15046
75 7311 -15270
76 7277 -15010
77 7287 -14986
78 7379 -15214
79 7431 -15282
80 7455 -15234
81 7443 -15262
82 7461 -15346
83 7493 -15398
84 7565 -15538
85 7641 -15650
86 7615 -15634
87 7671 -15602
88 7511 -15450
89 7565 -15302
90 7451 -15002
91 7501 -15138
92 7477 -15014
93 7549 -15258
94 7661 -15250
95 7749 -15294
96 7815 -15354
97 7727 -15082
98 7691 -15162
99 7739 -15194
100 7865 -15166
101 7837 -15214
102 7943 -15530
103 7979 -15582
104 8013 -15598
105 7973 -15410
106 7981 -15506
107 7991 -15418
108 7879 -15158
109 7771 -15286
110 7891 -15570
111 7957 -15722
112 7767 -15314
113 7733 -15282
114 7669 -15182
115 7699 -15362
116 7789 -15394
117 7733 -15326
118 7775 -15322
119 7737 -15046
120 7793 -15314
121 7789 -15322
122 7769 -15354
123 7753 -15346
124 7921 -15682
125 7795 -15350
126 7865 -15454
127 7873 -15298
128 7817 -15310
129 7663 -15058
130 7613 -15050
131 7699 -15358
132 7675 -15270
133 7691 -15242
134 7825 -15370
135 7795 -15114
136 7799 -15186
137 7865 -15342
138 7947 -15510
139 7933 -15490
140 7895 -15510
141 7947 -15510
142 8083 -15766
143 8061 -15794
144 7945 -15530
145 7959 -15486
146 8043 -15750
147 8185 -15966
148 8137 -15646
149 8105 -15670
150 8035 -15402
151 8041 -15474
152 8061 -15538
153 7933 -15398
154 8039 -15426
155 8045 -15554
156 8161 -15702
157 8043 -15438
158 7983 -15326
159 8027 -15602
160 8041 -15746
161 8045 -15690
162 8111 -15866
163 8193 -15986
164 7967 -15482
165 7841 -15222
166 7811 -15198
167 7717 -15242
168 7645 -15146
169 7701 -15074
170 7815 -15322
171 7925 -15518
172 8003 -15814
173 8027 -15850
174 7973 -15794
175 7909 -15782
176 7847 -15578
177 7853 -15590
178 7881 -15770
179 7743 -15626
180 7783 -15566
181 7735 -15438
182 7679 -15402
183 7659 -15350
184 7617 -15378
185 7601 -15494
186 7433 -15150
187 7527 -15210
188 7387 -15110
189 7329 -15074
190 7293 -14946
191 7381 -15258
192 7409 -15134
193 7319 -14914
194 7173 -14922
195 7135 -14902
196 7099 -14926
197 7237 -15070
198 7269 -15170
199 7309 -15298
200 7241 -15098
201 7345 -15254
202 7335 -15438
203 7373 -15382
204 7345 -15266
205 7441 -15434
206 7529 -15598
207 7395 -15274
208 7391 -15338
209 7259 -14910
210 7357 -14982
211 7449 -15154
212 7421 -15194
213 7259 -14946
214 7431 -15250
215 7387 -15110
216 7391 -15126
217 7313 -15158
218 7199 -14826
219 7239 -15026
220 7415 -15274
221 7349 -15202
222 7405 -15106
223 7477 -15162
224 7497 -15454
225 7379 -15178
226 7469 -15158
227 7503 -15530
228 7459 -15522
229 7295 -15170
230 7357 -15262
231 7311 -15122
232 7367 -15330
233 7509 -15282
234 7419 -15202
235 7493 -15238
236 7579 -15458
237 7611 -15566
238 7609 -15462
239 7605 -15406
240 7577 -15466
241 7559 -15330
242 7673 -15626
243 7643 -15682
244 7639 -15622
245 7625 -15486
246 7583 -15422
247 7713 -15374
248 7761 -15566
249 7695 -15422
250 7833 -15530
251 7747 -15442
252 7635 -15218
253 7685 -15142
254 7883 -15490
255 7913 -15510
256 7899 -15522
257 7829 -15474
258 7793 -15226
259 7681 -15142
260 7761 -15118
261 8039 -15622
262 8039 -15654
263 8087 -15538
264 8093 -15498
265 8055 -15630
266 7969 -15602
267 8105 -15698
268 7965 -15482
269 7963 -15570
270 8111 -15778
271 8093 -15630
272 7987 -15486
273 8077 -15606
274 8077 -15506
275 8153 -15746
276 8017 -15662
277 7987 -15654
278 7989 -15798
279 7923 -15518
280 7981 -15606
281 7887 -15442
282 7833 -15246
283 7743 -15098
284 7885 -15354
285 7909 -15358
286 7759 -15214
287 7825 -15102
288 7839 -15250
289 7909 -15374
290 7785 -15278
291 7895 -15558
292 8019 -15890
293 7911 -15566
294 8065 -15802
295 8141 -15922
296 8157 -15798
297 8133 -15786
298 8143 -15802
299 8075 -15722
300 7965 -15510
301 8001 -15750
302 8057 -15862
303 8129 -15878
304 8083 -15822
305 8081 -15774
306 7999 -15622
307 7867 -15450
308 7899 -15418
309 7943 -15722
310 7909 -15518
311 7767 -15390
312 7781 -15270
313 7915 -15526
314 7995 -15542
315 8105 -15854
316 8203 -16058
317 8199 -15842
318 8039 -15574
319 7867 -15446
320 7743 -15250
321 7863 -15470
322 7935 -15446
323 8081 -15690
324 7951 -15418
325 7919 -15458
326 7977 -15550
327 7889 -15402
328 7889 -15406
329 7941 -15706
330 7971 -15702
331 7921 -15490
332 7863 -15434
333 7819 -15346
334 7859 -15622
335 7889 -15578
336 7787 -15370
337 7829 -15442
338 7781 -15406
339 7831 -15470
340 7803 -15606
341 7915 -15438
342 7931 -15506
343 7967 -15586
344 7891 -15446
345 7763 -15406
346 7887 -15554
347 7825 -15358
348 7743 -15250
349 7805 -15422
350 7895 -15478
351 7849 -15386
352 7811 -15306
353 7839 -15590
354 7917 -15602
355 7855 -15582
356 7783 -15546
357 7787 -15458
358 7879 -15606
359 7827 -15614
360 7975 -15822
361 7901 -15590
362 7971 -15650
363 7895 -15622
364 7827 -15298
365 7943 -15342
366 8037 -15582
367 7925 -15478
368 8043 -15882
369 7957 -15566
370 7727 -15270
371 7753 -15230
372 7727 -15298
373 7767 -15490
374 7853 -15642
375 7761 -15330
376 7741 -15162
377 7791 -15442
378 7753 -15422
379 7757 -15202
380 7849 -15502
381 7779 -15426
382 7759 -15262
383 7671 -15202
384 7655 -15246
385 7589 -15290
386 7591 -15270
387 7571 -15310
388 7627 -15182
389 7619 -15234
390 7607 -15206
391 7615 -15182
392 7675 -15390
393 7773 -15326
394 7963 -15646
395 7893 -15478
396 7939 -15726
397 8033 -15810
398 7793 -15290
399 7739 -15334
400 7769 -15454
401 7909 -15614
402 7803 -15382
403 7849 -15370
404 7933 -15610
405 8049 -15594
406 7989 -15570
407 7979 -15542
408 8073 -15610
409 8165 -15738
410 8317 -15998
411 8405 -16182
412 8327 -15962
413 8163 -15734
414 8079 -15554
415 8011 -15446
416 8101 -15650
417 8103 -15750
418 8111 -15602
419 8101 -15494
420 8031 -15566
421 8033 -15630
422 8033 -15514
423 7977 -15390
424 7811 -15218
425 7821 -15162
426 7935 -15286
427 7829 -15018
428 7939 -15294
429 7943 -15322
430 7929 -15402
431 8095 -15546
432 8041 -15526
433 7997 -15562
434 8063 -15522
435 8121 -15558
436 8251 -15802
437 8281 -16006
438 8113 -15602
439 8087 -15678
440 8091 -15514
441 8133 -15622
442 8209 -15858
443 8169 -15706
444 8235 -15898
445 8209 -15882
446 8139 -15678
447 8055 -15542
448 8025 -15494
449 8085 -15322
450 8069 -15426
451 8027 -15406
452 7975 -15370
453 7843 -15242
454 7695 -15054
455 7795 -15314
456 7923 -15334
457 7963 -15342
458 8097 -15582
459 8095 -15710
460 8109 -15610
461 8097 -15626
462 8179 -15618
463 8111 -15562
464 8009 -15382
465 7989 -15490
466 8137 -15722
467 8211 -15834
468 8161 -15734
469 8093 -15746
470 8111 -15730
471 8037 -15398
472 8091 -15526
473 7999 -15618
474 7911 -15482
475 8015 -15906
476 7995 -15718
477 7939 -15522
478 7975 -15546
479 8003 -15674
480 7851 -15462
481 7815 -15370
482 7979 -15654
483 7901 -15606
484 7875 -15554
485 7913 -15586
486 7751 -15502
487 7751 -15310
488 7863 -15514
489 7911 -15698
490 7939 -15706
491 7917 -15574
492 7885 -15434
493 7919 -15550
494 7779 -15346
495 7763 -15458
496 7599 -15306
497 7603 -15266
498 7481 -15042
499 7519 -15178
500 7525 -15086
501 7499 -15102
502 7515 -15250
503 7479 -15206
504 7601 -15278
505 7659 -15214
506 7745 -15614
507 7763 -15534
508 7763 -15478
509 7717 -15454
510 7851 -15562
511 7825 -15354
512 7837 -15442
513 7777 -15314
514 7705 -15326
515 7571 -15074
516 7647 -15394
517 7619 -15274
518 7633 -15378
519 7477 -15202
520 7571 -15182
521 7695 -15266
522 7573 -15346
523 7557 -15482
524 7527 -15274
525 7483 -15258
526 7483 -15114
527 7445 -15154
528 7439 -15090
529 7469 -15058
530 7611 -15266
531 7623 -15170
532 7681 -15258
533 7681 -15446
534 7789 -15610
535 7751 -15622
536 7859 -15630
537 7885 -15742
538 7855 -15822
539 7839 -15662
540 7817 -15706
541 7783 -15610
542 7715 -15542
543 7791 -15678
544 7887 -15742
545 7893 -15826
546 7903 -15762
547 7877 -15590
548 7789 -15370
549 7795 -15330
550 7785 -15290
551 7759 -15486
552 7709 -15430
553 7753 -15414
554 7817 -15762
555 7775 -15518
556 7803 -15634
557 7699 -15518
558 7639 -15326
559 7765 -15310
560 7713 -15238
561 7675 -15062
562 7503 -14710
563 7679 -14990
564 7705 -15170
565 7717 -15214
566 7769 -15430
567 7749 -15218
568 7747 -15226
569 7759 -15326
570 7873 -15650
571 7879 -15394
572 7769 -15290
573 7797 -15302
574 7809 -15362
575 7889 -15402
576 7887 -15390
577 7983 -15566
578 7937 -15514
579 7891 -15486
580 7791 -15370
581 7689 -15054
582 7779 -15414
583 7803 -15446
584 7697 -15442
585 7735 -15278
586 7905 -15598
587 7841 -15406
588 7901 -15522
589 7987 -15610
590 8061 -15922
591 7999 -15722
592 8067 -15838
593 7929 -15610
594 7961 -15626
595 7965 -15490
596 8029 -15486
597 8019 -15402
598 8065 -15366
599 8059 -15470
600 8041 -15482
601 7995 -15622
602 7961 -15490
603 7815 -15222
604 7763 -15034
605 7873 -15502
606 7987 -15666
607 7983 -15890
608 7943 -15686
609 7965 -15682
610 7971 -15622
611 7937 -15562
612 7839 -15398
613 7835 -15422
614 7813 -15386
615 7825 -15522
616 7739 -15454
617 7659 -15422
618 7675 -15306
619 7679 -15382
620 7785 -15386
621 7791 -15454
622 7831 -15522
623 7775 -15302
624 7799 -15478
625 7773 -15342
626 7861 -15678
627 7911 -15606
628 7903 -15570
629 7789 -15482
630 7847 -15626
631 7833 -15438
632 7781 -15218
633 7769 -15202
634 7601 -15066
635 7599 -15018
636 7595 -14966
637 7643 -15138
638 7641 -15274
639 7741 -15442
640 7909 -15646
641 7881 -15566
642 7741 -15346
643 7727 -15286
644 7785 -15246
645 7819 -15406
646 7773 -15194
647 7773 -15430
648 7727 -15522
649 7567 -15090
650 7705 -15530
651 7903 -15742
652 7871 -15878
653 7969 -15998
654 7903 -15442
655 7999 -15638
656 7993 -15686
657 8039 -15658
658 8089 -15758
659 8047 -15698
660 7991 -15470
661 7907 -15522
662 7969 -15762
663 7977 -15626
664 7859 -15202
665 7961 -15510
666 7963 -15414
667 8087 -15574
668 8031 -15382
669 8157 -15778
670 8219 -15726
671 8197 -15794
672 8133 -15662
673 8077 -15634
674 8169 -15842
675 8137 -15958
676 8099 -15794
677 8023 -15546
678 8129 -15698
679 8129 -15754
680 8117 -15662
681 8075 -15686
682 8075 -15514
683 8265 -15974
684 8373 -15978
685 8375 -15966
686 8421 -16122
687 8339 -15998
688 8267 -15882
689 8361 -15914
690 8383 -15982
691 8251 -15774
692 8241 -15710
693 8173 -15610
694 8135 -15546
695 8231 -15702
696 8153 -15522
697 8245 -15802
698 8271 -15910
699 8225 -15734
700 8189 -15942
701 8049 -15414
702 8145 -15706
703 8111 -15494
704 8053 -15534
705 8117 -15834
706 8117 -15674
707 8155 -15814
708 8181 -15798
709 8279 -15826
710 8347 -15958
711 8307 -15850
712 8287 -15814
713 8391 -15942
714 8403 -15914
715 8347 -15854
716 8371 -15874
717 8301 -15782
718 8183 -15582
719 8211 -15618
720 8293 -15934
721 8321 -15854
722 8289 -15954
723 8279 -16006
724 8217 -15898
725 8297 -15770
726 8229 -15790
727 8181 -15806
728 8235 -15798
729 8201 -15742
730 8123 -15626
731 8161 -15750
732 8061 -15514
733 8105 -15718
734 8187 -15810
735 8279 -15822
736 8149 -15666
737 8119 -15618
738 8201 -15658
739 8159 -15690
740 8107 -15514
741 8031 -15298
742 7899 -15318
743 8015 -15362
744 8033 -15482
745 8089 -15650
746 8065 -15770
747 8187 -15950
748 8111 -15722
749 7973 -15470
750 8029 -15606
751 7989 -15466
752 7943 -15478
753 7899 -15482
754 7871 -15518
755 7863 -15698
756 7829 -15562
757 7733 -15386
758 7781 -15554
759 7927 -15882
760 7969 -15938
761 7863 -15714
762 7743 -15406
763 7805 -15470
764 7797 -15430
765 7881 -15618
766 7937 -15690
767 7997 -15802
768 7917 -15574
769 7985 -15670
770 7969 -15654
771 7991 -15582
772 8047 -15602
773 7989 -15586
774 7947 -15422
775 7983 -15562
776 7967 -15614
777 7927 -15582
778 7897 -15638
779 7859 -15454
780 7855 -15398
781 7843 -15350
782 7861 -15362
783 7957 -15558
784 7973 -15710
785 7945 -15670
786 7873 -15574
787 7767 -15538
788 7697 -15422
789 7593 -15258
790 7623 -15434
791 7683 -15534
792 7727 -15550
793 7599 -15238
794 7481 -15154
795 7521 -15358
796 7625 -15410
797 7553 -15466
798 7541 -15366
799 7595 -15482
800 7575 -15486
801 7601 -15594
802 7413 -15322
803 7465 -15238
804 7495 -15222
805 7475 -15262
806 7401 -15082
807 7481 -15202
808 7435 -15258
809 7497 -15222
810 7563 -15170
811 7641 -15330
812 7545 -15290
813 7559 -15190
814 7475 -15130
815 7569 -15274
816 7577 -15230
817 7623 -15370
818 7597 -15346
819 7559 -15262
820 7541 -15102
821 7591 -15218
822 7633 -15146
823 7625 -15122
824 7477 -14978
825 7401 -14918
826 7389 -14838
827 7417 -15094
828 7345 -15074
829 7437 -15114
830 7363 -15058
831 7369 -14994
832 7359 -14890
833 7383 -15206
834 7417 -15266
835 7389 -15034
836 7331 -15198
837 7321 -15226
838 7365 -15202
839 7253 -15126
840 7273 -15342
841 7333 -15482
842 7347 -15234
843 7343 -15254
844 7303 -15082
845 7477 -15558
846 7413 -15474
847 7343 -15554
848 7189 -15322
849 7243 -15350
850 7267 -15534
851 7383 -15618
852 7379 -15486
853 7379 -15430
854 7395 -15526
855 7311 -15486
856 7283 -15350
857 7367 -15574
858 7179 -15078
859 7229 -15034
860 7197 -15278
861 7073 -15074
862 7101 -15110
863 7075 -15274
864 6945 -15194
865 7101 -15350
866 6947 -15322
867 6857 -15226
868 6787 -15162
869 6699 -15030
870 6703 -15058
871 6751 -15002
872 6705 -14846
873 6887 -15102
874 6939 -15238
875 6987 -15110
876 6959 -15038
877 6903 -15034
878 6935 -15098
879 6881 -15050
880 6879 -15218
881 6823 -15146
882 6967 -15342
883 7029 -15238
884 6977 -15118
885 7055 -15290
886 6901 -15226
887 6857 -15002
888 6979 -15258
889 7031 -15338
890 6975 -15266
891 6997 -15426
892 6925 -15186
893 6951 -15170
894 6883 -15062
895 6809 -15086
896 6843 -15082
897 6735 -14938
898 6701 -14838
899 6785 -15178
900 6735 -14994
901 6691 -15062
902 6701 -15154
903 6843 -15302
904 6821 -15294
905 6701 -15226
906 6611 -14818
907 6659 -14922
908 6603 -15030
909 6529 -14898
910 6449 -14778
911 6313 -14746
912 6421 -14906
913 6303 -14618
914 6297 -14686
915 6423 -14834
916 6557 -14938
917 6607 -14822
918 6621 -14622
919 6795 -14818
920 6811 -14802
921 6843 -14822
922 6949 -15198
923 6817 -15070
924 6975 -15386
925 6997 -15474
926 7099 -15194
927 7149 -15242
928 7127 -15402
929 7051 -15134
930 7007 -14974
931 7017 -15042
932 7087 -15138
933 7029 -14850
934 7115 -15046
935 7193 -15174
936 7125 -15174
937 7085 -15178
938 7163 -15322
939 7091 -15358
940 7065 -15194
941 7077 -15214
942 7203 -15390
943 7179 -15182
944 7225 -14978
945 7349 -15230
946 7461 -15750
947 7491 -15770
948 7617 -15854
949 7625 -15882
950 7601 -15878
951 7531 -15522
952 7551 -15770
953 7509 -15534
954 7429 -15294
955 7469 -15530
956 7431 -15514
957 7399 -15338
958 7427 -15442
959 7405 -15298
960 7431 -15414
961 7569 -15686
962 7487 -15562
963 7493 -15390
964 7507 -15550
965 7589 -15534
966 7651 -15758
967 7585 -15558
968 7547 -15658
969 7519 -15570
970 7411 -15326
971 7493 -15374
972 7499 -15430
973 7489 -15610
974 7429 -15438
975 7383 -15282
976 7379 -15482
977 7343 -15322
978 7247 -15214
979 7389 -15390
980 7425 -15434
981 7461 -15446
982 7339 -15134
983 7369 -15214
984 7317 -15162
985 7389 -15322
986 7413 -15298
987 7433 -15294
988 7427 -15270
989 7449 -15362
990 7437 -15346
991 7379 -15478
992 7465 -15502
993 7495 -15530
994 7525 -15590
995 7435 -15582
996 7479 -15666
997 7433 -15578
998 7365 -15230
999 7283 -15054
1000 7321 -15306
1001 7171 -15082
1002 7183 -14890
1003 7299 -15230
1004 7349 -15118
1005 7357 -15058
1006 7397 -15246
1007 7437 -15358
1008 7365 -15418
1009 7325 -15394
1010 7247 -15110
1011 7249 -15006
1012 7193 -15002
1013 7287 -15058
1014 7233 -15214
1015 7173 -15062
1016 7245 -15078
1017 7345 -15358
1018 7373 -15406
1019 7405 -15534
1020 7261 -15250
1021 7357 -15242
1022 7283 -15166
1023 7247 -15294
1024 7333 -15402
1025 7299 -15358
1026 7295 -15414
1027 7245 -15322
1028 7213 -15286
1029 7259 -15246
1030 7307 -15518
1031 7383 -15574
1032 7469 -15642
1033 7545 -15778
1034 7475 -15714
1035 7309 -15622
1036 7235 -15466
1037 7289 -15474
1038 7321 -15478
1039 7347 -15578
1040 7371 -15362
1041 7295 -15266
1042 7339 -15242
1043 7399 -15530
1044 7401 -15534
1045 7369 -15206
1046 7287 -15170
1047 7315 -15154
1048 7221 -15106
1049 7159 -15122
1050 7249 -15206
1051 7295 -15530
1052 7273 -15518
1053 7199 -15270
1054 7259 -15362
1055 7337 -15634
1056 7325 -15478
1057 7381 -15466
1058 7271 -15170
1059 7155 -15082
1060 7105 -15054
1061 7047 -14862
1062 7047 -15050
1063 7139 -15122
1064 7115 -15006
1065 7181 -15278
1066 7099 -15198
1067 7247 -15318
1068 7295 -15294
1069 7465 -15618
1070 7331 -15330
1071 7399 -15458
1072 7447 -15354
1073 7393 -15170
1074 7377 -15154
1075 7357 -14978
1076 7329 -15174
1077 7441 -15246
1078 7405 -15182
1079 7311 -15122
1080 7297 -15178
1081 7147 -14926
1082 7233 -15106
1083 7195 -14950
1084 7245 -14914
1085 7211 -14954
1086 7123 -15026
1087 7181 -14942
1088 7057 -14878
1089 7049 -14782
1090 7099 -14986
1091 7161 -15046
1092 7225 -15134
1093 7253 -15062
1094 7275 -15118
1095 7325 -15430
1096 7237 -15106
1097 7273 -15178
1098 7229 -15022
1099 7177 -14978
1100 7055 -14854
1101 7023 -14798
1102 7197 -14854
1103 7227 -14770
1104 7217 -15006
1105 7435 -15174
1106 7433 -15378
1107 7259 -15170
1108 7269 -15114
1109 7261 -15030
1110 7329 -15246
1111 7373 -15510
1112 7415 -15486
1113 7361 -15258
1114 7365 -15322
1115 7375 -15358
1116 7285 -15106
1117 7353 -15266
1118 7389 -15422
1119 7383 -15310
1120 7453 -15362
1121 7421 -15350
1122 7461 -15258
1123 7593 -15550
1124 7551 -15514
1125 7563 -15370
1126 7661 -15526
1127 7643 -15446
1128 7657 -15454
1129 7655 -15306
1130 7739 -15314
1131 7819 -15522
1132 7863 -15690
1133 7947 -15798
1134 7883 -15634
1135 7779 -15566
1136 7787 -15614
1137 7793 -15570
1138 7801 -15778
1139 7687 -15558
1140 7727 -15446
1141 7683 -15462
1142 7681 -15454
1143 7647 -15182
1144 7765 -15402
1145 7845 -15326
1146 7825 -15522
1147 7737 -15366
1148 7797 -15346
1149 7769 -15182
1150 7767 -15238
1151 7851 -15370
1152 7833 -15542
1153 7867 -15582
1154 7835 -15474
1155 7815 -15346
1156 7769 -15378
1157 7785 -15250
1158 7691 -15146
1159 7621 -15066
1160 7709 -15174
1161 7671 -15082
1162 7707 -15090
1163 7865 -15326
1164 7915 -15326
1165 8049 -15494
1166 8107 -15546
1167 8107 -15474
1168 8165 -15746
1169 8095 -15746
1170 8133 -15682
1171 8173 -15818
1172 8075 -15674
1173 7933 -15394
1174 7949 -15430
1175 7925 -15266
1176 7901 -15322
1177 7921 -15434
1178 7803 -15394
1179 7791 -15558
1180 7921 -15434
1181 7911 -15414
1182 7995 -15630
1183 7929 -15482
1184 7835 -15422
1185 7925 -15526
1186 7899 -15506
1187 7781 -15238
1188 7725 -15154
1189 7769 -15418
1190 7825 -15430
1191 7795 -15418
1192 7751 -15462
1193 7731 -15322
1194 7719 -15282
1195 7649 -14958
1196 7657 -15038
1197 7491 -14850
1198 7519 -15066
1199 7491 -15002
1200 7497 -15090
1201 7481 -15070
1202 7343 -14934
1203 7339 -14982
1204 7391 -15126
1205 7349 -15002
1206 7241 -14898
1207 7297 -15030
1208 7337 -14922
1209 7297 -15206
1210 7345 -15230
1211 7239 -15126
1212 7267 -15194
1213 7235 -15034
1214 7281 -15178
1215 7141 -15010
1216 7083 -15034
1217 7043 -14906
1218 7009 -14906
1219 7003 -14926
1220 6875 -14902
1221 6945 -15178
1222 6739 -15070
1223 6807 -14930
1224 7051 -15102
1225 6877 -14906
1226 7017 -15122
1227 7053 -14990
1228 7093 -15110
1229 7109 -15054
1230 7235 -15262
1231 7279 -15310
1232 7317 -15418
1233 7223 -15210
1234 7105 -15246
1235 7219 -15298
1236 7189 -15274
1237 7123 -15042
1238 7049 -14942
1239 7079 -14986
1240 6945 -14758
1241 7013 -14958
1242 6931 -14850
1243 6775 -14522
1244 6793 -14498
1245 6755 -14598
1246 6737 -14306
1247 6855 -14438
1248 6919 -14610
1249 6991 -14678
1250 7049 -14642
1251 7029 -14566
1252 7041 -14698
1253 7033 -14950
1254 7111 -14978
1255 7121 -15006
1256 7139 -14638
1257 7259 -14990
1258 7315 -15162
1259 7399 -14978
1260 7317 -14686
1261 7317 -14766
1262 7241 -14814
1263 7337 -14866
1264 7423 -14914
1265 7439 -14866
1266 7561 -15130
1267 7529 -15262
1268 7353 -14962
1269 7421 -14954
1270 7409 -15042
1271 7567 -15226
1272 7647 -15418
1273 7529 -15194
1274 7565 -15310
1275 7311 -14982
1276 7373 -15006
1277 7433 -15086
1278 7489 -15102
1279 7391 -14910
1280 7249 -14694
1281 7303 -14702
1282 7345 -14966
1283 7473 -15290
1284 7459 -15354
1285 7517 -15358
1286 7605 -15246
1287 7541 -15022
1288 7613 -15162
1289 7575 -15282
1290 7565 -15286
1291 7657 -15190
1292 7739 -15326
1293 7857 -15470
1294 7715 -15198
1295 7697 -15086
1296 7525 -14798
1297 7561 -14926
1298 7471 -15042
1299 7541 -15054
1300 7683 -15434
1301 7671 -15290
1302 7611 -15230
1303 7655 -15302
1304 7565 -15250
1305 7533 -15330
1306 7585 -15310
1307 7567 -15118
1308 7489 -15022
1309 7379 -14886
1310 7405 -14906
1311 7533 -15086
1312 7645 -15358
1313 7633 -15198
1314 7733 -15242
1315 7621 -15002
1316 7469 -14790
1317 7437 -14838
1318 7497 -14990
1319 7715 -15414
1320 7725 -15590
1321 7653 -15490
1322 7739 -15598
1323 7671 -15430
1324 7621 -15214
1325 7751 -15450
1326 7721 -15170
1327 7857 -15334
1328 7949 -15562
1329 7945 -15494
1330 8167 -15898
1331 8021 -15614
1332 8065 -15766
1333 7981 -15562
1334 8097 -15910
1335 8085 -15714
1336 8039 -15554
1337 8011 -15378
1338 8121 -15582
1339 7987 -15498
1340 7997 -15514
1341 8087 -15646
1342 8141 -15794
1343 8057 -15762
1344 7973 -15718
1345 7985 -15646
1346 8033 -15642
1347 8107 -15786
1348 7959 -15438
1349 7947 -15446
1350 7895 -15458
1351 7941 -15446
1352 7877 -15370
1353 7955 -15354
1354 7985 -15454
1355 7917 -15326
1356 7953 -15386
1357 7921 -15278
1358 7955 -15406
1359 8059 -15482
1360 8093 -15586
1361 8165 -15666
1362 8157 -15670
1363 8193 -15722
1364 8117 -15434
1365 8145 -15534
1366 8239 -15790
1367 8239 -15918
1368 8303 -15906
1369 8163 -15786
1370 8201 -15890
1371 8147 -15758
1372 8177 -15774
1373 8089 -15722
1374 7955 -15530
1375 7863 -15470
1376 7737 -15190
1377 7785 -15190
1378 7853 -15174
1379 7923 -15390
1380 8081 -15614
1381 8125 -15654
1382 8031 -15450
1383 7901 -15246
1384 7921 -15366
1385 7917 -15306
1386 7921 -15230
1387 7889 -15378
1388 7905 -15450
1389 8053 -15646
1390 8043 -15746
1391 8073 -15642
1392 7923 -15374
1393 7949 -15574
1394 8005 -15478
1395 8043 -15618
1396 8009 -15566
1397 7923 -15306
1398 7937 -15354
1399 8079 -15694
1400 8067 -15786
1401 8115 -15918
1402 8095 -15810
1403 8047 -15618
1404 7985 -15654
1405 7987 -15698
1406 7975 -15674
1407 7955 -15690
1408 7865 -15394
1409 7915 -15338
1410 7941 -15494
1411 7975 -15582
1412 7951 -15522
1413 8051 -15718
1414 7995 -15678
1415 7869 -15542
1416 7959 -15650
1417 7897 -15354
1418 7829 -15206
1419 7875 -15458
1420 7835 -15366
1421 7827 -15418
1422 7737 -15090
1423 7767 -15154
1424 7793 -15250
1425 7899 -15658
1426 7927 -15802
1427 7991 -15958
1428 7953 -15678
1429 8019 -15622
1430 8079 -15698
1431 8155 -15814
1432 8123 -15686
1433 8109 -15842
1434 7985 -15458
1435 8171 -15778
1436 8179 -15934
1437 8119 -15754
1438 8045 -15802
1439 8059 -15746
1440 7983 -15530
1441 8027 -15658
1442 7929 -15434
1443 7957 -15346
1444 7933 -15474
1445 8011 -15598
1446 8047 -15702
1447 7947 -15518
1448 7963 -15402
1449 7907 -15266
1450 7971 -15322
1451 7913 -15478
1452 7869 -15322
1453 7941 -15394
1454 7987 -15486
1455 7885 -15294
1456 7785 -15330
1457 7863 -15330
1458 7825 -15330
1459 7939 -15374
1460 8045 -15742
1461 7989 -15406
1462 7937 -15442
1463 7933 -15514
1464 7959 -15398
1465 7893 -15458
1466 7939 -15590
1467 8105 -15914
1468 7903 -15562
1469 7927 -15586
1470 7863 -15578
1471 7853 -15466
1472 7755 -15306
1473 7747 -15302
1474 7815 -15446
1475 7863 -15394
1476 7905 -15454
1477 7905 -15350
1478 7843 -15362
1479 7807 -15374
1480 7869 -15590
1481 7989 -15746
1482 7895 -15434
1483 7803 -15566
1484 7927 -15630
1485 7903 -15510
1486 7829 -15298
1487 7803 -15330
1488 7879 -15430
1489 7909 -15554
1490 7873 -15446
1491 7919 -15710
1492 7817 -15302
1493 7831 -15490
1494 7671 -15358
1495 7781 -15478
1496 7669 -15286
1497 7755 -15410
1498 7799 -15442
1499 7879 -15514
1500 7853 -15490
1501 7793 -15378
1502 7727 -15194
1503 7635 -15078
1504 7699 -15250
1505 7707 -15422
1506 7621 -15126
1507 7577 -15142
1508 7571 -15214
1509 7595 -15262
1510 7525 -15006
1511 7639 -15118
1512 7765 -15254
1513 7799 -15378
1514 7953 -15614
1515 8061 -15734
1516 8115 -15714
1517 8023 -15686
1518 8075 -15750
1519 8083 -15646
1520 8037 -15630
1521 8033 -15638
1522 8069 -15858
1523 8073 -15862
1524 8137 -15946
1525 8211 -15918
1526 8073 -15618
1527 8007 -15414
1528 8087 -15446
1529 8053 -15586
1530 7939 -15286
1531 7949 -15474
1532 8073 -15622
1533 7995 -15366
1534 8037 -15346
1535 7911 -15418
1536 7977 -15570
1537 8007 -15646
1538 7971 -15610
1539 8121 -15982
1540 8045 -15842
1541 7995 -15614
1542 7977 -15722
1543 7893 -15618
1544 7825 -15570
1545 7715 -15550
1546 7737 -15498
1547 7837 -15570
1548 7753 -15366
1549 7707 -15286
1550 7869 -15438
1551 7845 -15334
1552 7895 -15306
1553 8059 -15638
1554 8059 -15586
1555 8079 -15662
1556 8071 -15626
1557 7915 -15550
1558 7953 -15558
1559 8019 -15726
1560 7967 -15598
1561 7919 -15554
1562 7989 -15682
1563 7997 -15566
1564 7915 -15434
1565 7841 -15266
1566 7753 -15330
1567 7709 -15138
1568 7765 -15334
1569 7723 -15266
1570 7727 -15410
1571 7863 -15622
1572 7923 -15638
1573 7853 -15490
1574 7879 -15374
1575 7749 -15298
1576 7765 -15310
1577 7765 -15198
1578 7837 -15366
1579 7809 -15246
1580 7659 -15230
1581 7793 -15326
1582 7861 -15510
1583 8003 -15606
1584 8087 -15814
1585 8077 -15730
1586 8131 -15970
1587 8199 -16102
1588 8121 -15890
1589 8185 -16110
1590 8211 -15958
1591 8175 -15822
1592 8165 -15502
1593 8109 -15658
1594 8167 -15906
1595 8147 -15902
1596 8165 -15726
1597 8075 -15714
1598 7985 -15458
1599 8041 -15602
1600 8089 -15762
1601 8119 -15810
1602 8087 -15682
1603 7937 -15494
1604 7973 -15542
1605 7991 -15650
1606 7969 -15658
1607 7945 -15690
1608 7851 -15442
1609 7877 -15454
1610 7825 -15330
1611 7929 -15426
1612 7875 -15550
1613 7887 -15590
1614 7749 -15406
1615 7721 -15466
1616 7733 -15506
1617 7719 -15390
1618 7731 -15350
1619 7717 -15306
1620 7711 -15370
1621 7627 -15334
1622 7591 -15362
1623 7669 -15470
1624 7627 -15354
1625 7667 -15322
1626 7585 -15290
1627 7513 -15234
1628 7509 -15274
1629 7533 -15262
1630 7671 -15370
1631 7557 -15230
1632 7599 -15178
1633 7575 -15218
1634 7541 -15254
1635 7499 -15062
1636 7591 -15174
1637 7695 -15394
1638 7805 -15610
1639 7795 -15498
1640 7909 -15578
1641 7905 -15490
1642 8015 -15694
1643 8011 -15694
1644 8071 -15770
1645 8037 -15674
1646 8029 -15658
1647 8057 -15818
1648 7937 -15450
1649 7961 -15514
1650 8033 -15666
1651 7955 -15554
1652 8021 -15702
1653 8001 -15646
1654 7939 -15526
1655 7851 -15414
1656 7767 -15310
1657 7757 -15114
1658 7763 -15254
1659 7791 -15078
1660 7819 -15434
1661 7767 -15530
1662 7877 -15578
1663 7857 -15594
1664 7783 -15302
1665 7717 -15206
1666 7617 -15234
1667 7619 -15418
1668 7583 -15178
1669 7513 -15074
1670 7371 -14914
1671 7515 -15126
1672 7549 -15222
1673 7515 -14974
1674 7527 -14926
1675 7637 -15150
1676 7647 -14970
1677 7547 -14870
1678 7565 -15062
1679 7631 -15114
1680 7597 -15270
1681 7699 -15402
1682 7649 -15210
1683 7659 -15254
1684 7545 -15078
1685 7565 -15070
1686 7631 -15178
1687 7607 -14998
1688 7617 -15066
1689 7637 -15262
1690 7625 -15378
1691 7629 -15358
1692 7711 -15366
1693 7725 -15378
1694 7699 -15278
1695 7785 -15494
1696 7819 -15366
1697 7735 -15390
1698 7795 -15574
1699 7699 -15426
1700 7609 -15130
1701 7535 -14958
1702 7513 -15118
1703 7547 -14998
1704 7617 -15274
1705 7657 -15278
1706 7739 -15454
1707 7803 -15386
1708 7907 -15438
1709 7851 -15438
1710 7817 -15386
1711 7801 -15322
1712 7917 -15482
1713 7925 -15542
1714 8041 -15830
1715 7997 -15762
1716 7971 -15598
1717 7873 -15382
1718 7911 -15350
1719 7897 -15350
1720 7835 -15390
1721 7893 -15530
1722 7707 -15210
1723 7575 -14966
1724 7743 -15206
1725 7679 -15346
1726 7663 -15174
1727 7571 -15074
1728 7573 -15046
1729 7651 -15322
1730 7677 -15174
1731 7749 -15170
1732 7811 -15486
1733 7717 -15290
1734 7811 -15378
1735 7847 -15426
1736 7887 -15402
1737 7937 -15394
1738 7911 -15474
1739 7757 -15442
1740 7773 -15386
1741 7779 -15422
1742 7761 -15554
1743 7721 -15518
1744 7769 -15590
1745 7857 -15626
1746 7771 -15470
1747 7867 -15522
1748 7869 -15702
1749 7717 -15450
1750 7841 -15486
1751 7775 -15582
1752 7609 -15310
1753 7637 -15182
1754 7589 -15246
1755 7671 -15318
1756 7681 -15274
1757 7669 -15418
1758 7561 -15026
1759 7643 -15102
1760 7791 -15130
1761 7877 -15434
1762 7795 -15246
1763 7879 -15290
1764 7823 -15398
1765 7981 -15810
1766 7979 -15730
1767 7897 -15498
1768 7881 -15470
1769 7905 -15638
1770 7903 -15562
1771 7823 -15490
1772 7927 -15458
1773 7833 -15322
1774 7811 -15366
1775 7923 -15606
1776 7909 -15498
1777 7929 -15386
1778 7877 -15422
1779 7801 -15338
1780 7797 -15338
1781 7827 -15510
1782 7963 -15530
1783 7895 -15466
1784 7863 -15530
1785 7885 -15570
1786 7961 -15818
1787 7905 -15614
1788 7949 -15454
1789 7855 -15218
1790 7895 -15474
1791 7925 -15518
1792 7963 -15646
1793 8045 -15690
1794 7917 -15506
1795 8005 -15430
1796 7993 -15598
1797 8081 -15782
1798 8047 -15742
1799 8137 -15782
1800 8015 -15554
1801 7973 -15482
1802 7913 -15330
1803 7869 -15398
1804 7787 -15290
1805 7797 -15334
1806 7985 -15486
1807 7939 -15506
1808 7839 -15474
1809 7775 -15414
1810 7755 -15414
1811 7839 -15522
1812 7615 -15246
1813 7525 -15202
1814 7395 -14918
1815 7423 -15094
1816 7461 -15018
1817 7525 -15162
1818 7395 -14982
1819 7249 -14738
1820 7251 -14858
1821 7229 -14686
1822 7263 -14902
1823 7297 -14830
1824 7309 -15038
1825 7311 -15058
1826 7299 -15070
1827 7291 -14954
1828 7281 -14838
1829 7379 -15062
1830 7491 -15074
1831 7469 -14910
1832 7485 -14690
1833 7479 -14890
1834 7561 -14990
1835 7771 -15170
1836 7849 -15298
1837 7847 -15398
1838 7763 -15130
1839 7791 -15198
1840 7745 -15002
1841 7755 -15090
1842 7797 -15182
1843 7911 -15434
1844 7941 -15638
1845 7971 -15722
1846 7949 -15570
1847 7893 -15546
1848 7875 -15342
1849 7821 -15282
1850 7711 -15090
1851 7661 -15182
1852 7685 -15250
1853 7635 -15050
1854 7509 -14918
1855 7439 -14874
1856 7515 -15138
1857 7509 -15066
1858 7475 -14998
1859 7549 -14962
1860 7573 -15006
1861 7619 -15142
1862 7595 -15198
1863 7521 -14990
1864 7509 -15146
1865 7469 -15306
1866 7423 -15022
1867 7481 -15214
1868 7457 -15010
1869 7473 -15026
1870 7535 -15198
1871 7555 -15406
1872 7619 -15646
1873 7573 -15498
1874 7505 -15326
1875 7487 -15358
1876 7485 -15282
1877 7563 -15230
1878 7517 -15230
1879 7585 -15502
1880 7675 -15798
1881 7525 -15534
1882 7319 -15242
1883 7273 -15034
1884 7103 -14722
1885 7119 -14730
1886 7369 -14978
1887 7361 -15014
1888 7335 -14910
1889 7285 -14954
1890 7183 -14958
1891 7135 -14742
1892 7155 -14578
1893 7225 -14942
1894 7269 -14914
1895 7415 -15094
1896 7427 -15206
1897 7491 -15198
1898 7525 -15330
1899 7591 -15390
1900 7673 -15398
1901 7741 -15594
1902 7805 -15558
1903 7783 -15502
1904 7707 -15062
1905 7771 -15190
1906 7795 -15202
1907 7825 -15094
1908 7881 -15374
1909 8075 -15542
1910 8117 -15550
1911 8279 -15682
1912 8195 -15570
1913 8175 -15706
1914 8103 -15770
1915 8075 -15730
1916 8213 -15822
1917 8107 -15578
1918 8095 -15574
1919 8037 -15414
1920 8075 -15534
1921 8113 -15642
1922 8097 -15538
1923 8027 -15330
1924 8085 -15506
1925 8085 -15374
1926 8101 -15510
1927 8071 -15442
1928 8171 -15686
1929 8037 -15346
1930 8129 -15474
1931 8137 -15414
1932 7923 -15326
1933 7963 -15570
1934 7951 -15434
1935 7899 -15410
1936 7781 -15250
1937 7795 -15298
1938 7837 -15234
1939 7779 -15186
1940 7837 -15290
1941 7727 -15062
1942 7681 -15214
1943 7657 -15206
1944 7545 -15146
1945 7577 -15162
1946 7477 -15158
1947 7463 -15110
1948 7413 -14974
1949 7497 -15054
1950 7473 -15142
1951 7311 -14982
1952 7301 -14950
1953 7393 -15026
1954 7387 -14986
1955 7417 -14858
1956 7515 -15030
1957 7567 -14902
1958 7657 -15242
1959 7595 -15042
1960 7557 -15170
1961 7495 -15090
1962 7591 -15150
1963 7593 -15362
1964 7655 -15322
1965 7493 -15166
1966 7389 -14954
1967 7617 -15270
1968 7699 -15286
1969 7569 -15146
1970 7479 -15178
1971 7617 -15374
1972 7717 -15482
1973 7801 -15626
1974 7779 -15550
1975 7841 -15546
1976 7781 -15402
1977 7793 -15422
1978 7835 -15446
1979 7873 -15462
1980 7741 -15190
1981 7779 -15186
1982 7923 -15402
1983 7961 -15726
1984 7847 -15578
1985 7879 -15594
1986 7789 -15270
1987 7755 -15126
1988 7727 -15154
1989 7827 -15310
1990 7863 -15462
1991 7923 -15338
1992 7901 -15382
1993 7903 -15426
1994 7797 -15350
1995 7873 -15390
1996 7919 -15414
1997 8021 -15390
1998 8011 -15398
1999 7969 -15374
2000 7849 -15266
2001 7831 -15118
2002 7919 -15330
2003 7911 -15230
2004 8055 -15574
2005 8087 -15670
2006 7951 -15390
2007 7929 -15270
2008 7995 -15370
2009 8025 -15450
2010 7967 -15290
2011 8115 -15630
2012 8163 -15638
2013 8189 -15814
2014 8095 -15686
2015 8193 -15770
2016 8253 -15866
2017 8319 -16086
2018 8269 -15842
2019 8311 -16062
2020 8197 -15910
2021 8195 -15642
2022 8217 -15706
2023 8219 -15802
2024 8267 -15702
2025 8219 -15722
2026 8227 -15794
2027 8133 -15566
2028 8269 -15842
2029 8231 -15850
2030 8167 -15682
2031 8079 -15386
2032 8193 -15574
2033 8175 -15578
2034 8129 -15486
2035 8107 -15534
2036 8145 -15722
2037 8235 -15890
2038 8165 -15742
2039 8121 -15630
2040 8055 -15506
2041 7979 -15382
2042 7881 -15290
2043 7889 -15498
2044 7957 -15518
2045 7853 -15258
2046 7997 -15390
2047 8085 -15586
2048 8067 -15650
2049 8253 -15878
2050 8067 -15514
2051 8163 -15526
2052 8097 -15454
2053 8099 -15490
2054 8155 -15770
2055 8045 -15754
2056 7905 -15350
2057 7935 -15482
2058 7845 -15302
2059 7809 -15334
2060 7815 -15310
2061 7969 -15442
2062 7895 -15278
2063 7875 -15154
2064 7905 -15438
2065 7907 -15454
2066 7837 -15294
2067 8039 -15562
2068 7965 -15426
2069 7979 -15602
2070 7967 -15570
2071 8007 -15458
2072 7909 -15422
2073 7981 -15498
2074 7951 -15502
2075 7923 -15318
2076 8085 -15518
2077 8011 -15270
2078 7991 -15402
2079 8161 -15750
2080 8147 -15726
2081 8075 -15438
2082 8135 -15682
2083 8235 -15698
2084 8245 -15622
2085 8155 -15514
2086 8045 -15426
2087 8029 -15342
2088 8053 -15366
2089 7919 -15234
2090 7865 -15122
2091 7931 -15546
2092 7831 -15218
2093 7843 -15226
2094 7911 -15702
2095 7841 -15282
2096 7853 -15454
2097 7937 -15334
2098 7883 -15342
2099 7889 -15378
2100 7949 -15586
2101 7897 -15446
2102 7881 -15422
2103 7819 -15318
2104 7823 -15138
2105 8107 -15338
2106 8095 -15386
2107 8117 -15542
2108 8017 -15530
2109 8049 -15602
2110 8087 -15674
2111 8111 -15702
2112 8021 -15486
2113 7897 -15594
2114 8075 -15970
2115 8001 -15634
2116 8025 -15706
2117 7863 -15518
2118 7951 -15734
2119 7889 -15570
2120 7855 -15538
2121 7875 -15510
2122 7807 -15338
2123 7897 -15362
2124 7865 -15354
2125 7809 -15310
2126 7817 -15314
2127 7721 -15154
2128 7701 -15158
2129 7677 -15142
2130 7741 -15266
2131 7763 -15190
2132 7791 -15122
2133 7759 -15086
2134 7821 -15266
2135 8017 -15582
2136 7975 -15558
2137 7895 -15466
2138 7799 -15298
2139 7987 -15510
2140 7903 -15438
2141 7949 -15478
2142 7979 -15806
2143 7959 -15730
2144 7923 -15650
2145 7929 -15634
2146 8013 -15742
2147 7961 -15562
2148 8125 -16062
2149 8063 -15846
2150 7997 -15894
2151 7967 -15790
2152 7967 -15678
2153 7877 -15582
2154 7721 -15350
2155 7813 -15414
2156 7765 -15394
2157 7647 -15050
2158 7655 -15194
2159 7621 -15346
2160 7521 -15122
2161 7391 -15130
2162 7415 -15066
2163 7327 -14850
2164 7265 -14802
2165 7327 -14714
2166 7377 -14838
2167 7443 -15078
2168 7341 -14958
2169 7555 -15234
2170 7545 -15130
2171 7561 -15278
2172 7617 -15238
2173 7745 -15350
2174 7835 -15398
2175 7817 -15334
2176 7701 -15142
2177 7847 -15546
2178 7717 -15446
2179 7733 -15298
2180 7951 -15546
2181 8121 -15822
2182 8037 -15730
2183 8023 -15634
2184 7991 -15530
2185 8061 -15554
2186 7993 -15442
2187 7949 -15390
2188 8129 -15702
2189 8181 -15794
2190 8063 -15618
2191 8071 -15614
2192 7987 -15626
2193 7925 -15486
2194 7967 -15626
2195 8009 -15578
2196 7985 -15594
2197 7985 -15582
2198 7841 -15410
2199 7909 -15602
2200 7985 -15690
2201 8003 -15510
2202 8019 -15370
2203 8143 -15914
2204 8099 -15762
2205 8119 -15886
2206 8191 -16002
2207 8163 -15858
2208 8123 -15818
2209 8129 -15838
2210 7987 -15474
2211 8003 -15450
2212 8071 -15582
2213 8085 -15706
2214 8075 -15734
2215 7937 -15414
2216 7917 -15566
2217 7877 -15386
2218 7985 -15534
2219 7977 -15518
2220 7901 -15486
2221 7861 -15594
2222 7855 -15574
2223 7827 -15374
2224 7859 -15502
2225 7917 -15690
2226 7963 -15630
2227 7909 -15642
2228 7935 -15574
2229 7993 -15694
2230 7957 -15654
2231 7827 -15262
2232 7815 -15306
2233 7805 -15406
2234 7915 -15658
2235 7879 -15618
2236 7795 -15598
2237 7831 -15458
2238 7773 -15270
2239 7707 -15194
2240 7827 -15550
2241 7761 -15358
2242 7863 -15598
2243 7941 -15502
2244 7955 -15534
2245 7899 -15374
2246 7991 -15570
2247 8069 -15946
2248 8005 -15858
2249 7903 -15454
2250 8009 -15630
2251 8053 -15746
2252 8091 -15794
2253 8063 -15666
2254 8087 -15562
2255 8143 -15794
2256 8229 -16018
2257 8207 -15994
2258 8177 -15990
2259 8135 -15938
2260 8173 -15934
2261 8081 -15882
2262 8121 -15950
2263 8061 -15738
2264 7971 -15642
2265 8033 -15678
2266 7873 -15438
2267 7865 -15546
2268 7741 -15330
2269 7865 -15498
2270 7877 -15462
2271 8007 -15542
2272 7863 -15438
2273 7927 -15426
2274 8009 -15558
2275 7945 -15638
2276 7919 -15582
2277 7843 -15254
2278 7981 -15518
2279 8001 -15554
2280 7931 -15358
2281 7971 -15354
2282 7951 -15314
2283 8031 -15462
2284 7937 -15338
2285 7941 -15486
2286 7843 -15286
2287 7869 -15306
2288 7961 -15486
2289 7993 -15530
2290 7901 -15374
2291 7899 -15362
2292 7935 -15550
2293 8061 -15662
2294 8013 -15374
2295 7953 -15342
2296 8025 -15478
2297 8009 -15430
2298 8035 -15382
2299 7917 -15202
2300 7931 -15418
2301 8101 -15726
2302 8241 -15774
2303 8127 -15538
2304 8165 -15474
2305 8067 -15338
2306 8171 -15446
2307 8265 -15722
2308 8191 -15614
2309 8225 -15762
2310 8159 -15462
2311 8221 -15774
2312 8167 -15670
2313 8077 -15546
2314 8231 -15866
2315 8211 -15722
2316 8161 -15702
2317 8155 -15714
2318 8159 -15694
2319 8279 -16098
2320 8255 -15814
2321 8125 -15694
2322 8041 -15498
2323 7973 -15350
2324 8057 -15586
2325 8157 -15742
2326 8163 -15790
2327 8149 -15666
2328 8003 -15570
2329 8099 -15498
2330 8133 -15650
2331 8039 -15566
2332 7983 -15370
2333 8033 -15570
2334 7979 -15618
2335 7851 -15506
2336 7919 -15790
2337 7823 -15750
2338 7819 -15686
2339 7799 -15586
2340 7723 -15474
2341 7689 -15458
2342 7811 -15474
2343 7871 -15614
2344 7963 -15766
2345 7939 -15682
2346 7921 -15742
2347 7961 -15690
2348 7823 -15394
2349 7775 -15362
2350 7893 -15546
2351 7929 -15658
2352 7795 -15370
2353 7749 -15582
2354 7899 -15630
2355 7743 -15382
2356 7675 -15254
2357 7613 -15250
2358 7667 -15310
2359 7641 -15206
2360 7627 -15414
2361 7665 -15582
2362 7483 -15094
2363 7517 -15146
2364 7553 -15118
2365 7695 -15246
2366 7677 -15146
2367 7761 -15190
2368 7777 -15362
2369 7789 -15422
2370 7809 -15458
2371 7769 -15574
2372 7707 -15590
2373 7779 -15518
2374 7663 -15302
2375 7739 -15418
2376 7795 -15402
2377 7751 -15406
2378 7761 -15262
2379 7685 -15118
2380 7767 -15390
2381 7885 -15642
2382 7829 -15626
2383 7849 -15710
2384 7897 -15710
2385 7799 -15494
2386 7771 -15510
2387 7605 -15302
2388 7693 -15478
2389 7689 -15506
2390 7661 -15542
2391 7619 -15526
2392 7575 -15358
2393 7585 -15422
2394 7633 -15434
2395 7603 -15474
2396 7567 -15770
2397 7407 -15314
2398 7655 -15470
2399 7659 -15490
2400 7561 -15230
2401 7539 -15446
2402 7501 -15382
2403 7457 -15150
2404 7467 -15162
2405 7439 -15158
2406 7379 -15002
2407 7473 -15150
2408 7483 -15110
2409 7537 -15114
2410 7529 -15158
2411 7487 -15278
2412 7433 -15022
2413 7509 -15330
2414 7529 -15186
2415 7541 -15222
2416 7553 -15210
2417 7577 -15182
2418 7621 -15226
2419 7651 -15390
2420 7625 -15526
2421 7685 -15562
2422 7653 -15646
2423 7741 -15818
2424 7793 -15814
2425 7823 -15686
2426 7805 -15710
2427 7787 -15614
2428 7799 -15398
2429 7763 -15294
2430 7727 -15358
2431 7953 -15790
2432 7985 -15730
2433 7857 -15518
2434 7817 -15530
2435 7823 -15718
2436 7861 -15994
2437 7761 -15786
2438 7797 -15794
2439 7777 -15762
2440 7845 -15890
2441 7789 -15530
2442 7785 -15502
2443 7865 -15842
2444 8009 -16126
2445 7883 -16002
2446 7843 -16074
2447 7837 -15986
2448 7773 -15670
2449 7839 -15858
2450 7753 -15614
2451 7805 -15690
2452 7837 -15530
2453 7917 -15778
2454 7807 -15466
2455 7773 -15298
2456 7751 -15462
2457 7771 -15514
2458 7831 -15538
2459 7757 -15554
2460 7683 -15438
2461 7673 -15254
2462 7735 -15194
2463 7789 -15310
2464 7621 -15090
2465 7535 -15086
2466 7697 -15250
2467 7723 -15442
2468 7691 -15330
2469 7679 -15322
2470 7747 -15466
2471 7727 -15246
2472 7761 -15358
2473 7763 -15430
2474 7703 -15322
2475 7665 -15214
2476 7777 -15586
2477 7781 -15570
2478 7631 -15330
2479 7729 -15502
2480 7659 -15578
2481 7807 -15622
2482 7863 -15706
2483 7693 -15546
2484 7671 -15562
2485 7661 -15710
2486 7623 -15510
2487 7597 -15318
2488 7451 -15146
2489 7489 -15162
2490 7631 -15418
2491 7617 -15430
2492 7599 -15262
2493 7515 -15130
2494 7623 -15346
2495 7679 -15518
2496 7547 -15182
2497 7499 -15374
2498 7501 -15378
2499 7493 -15290
2500 7505 -15434
2501 7499 -15486
2502 7545 -15374
2503 7535 -15598
2504 7439 -15482
2505 7363 -15438
2506 7335 -15530
2507 7281 -15194
2508 7271 -14894
2509 7453 -15350
2510 7333 -15370
2511 7227 -15234
2512 7293 -15194
2513 7239 -15058
2514 7255 -14970
2515 7259 -15150
2516 7247 -15082
2517 7303 -15098
2518 7237 -14902
2519 7223 -15006
2520 7201 -14814
2521 7215 -14714
2522 7193 -14798
2523 7319 -15182
2524 7349 -15226
2525 7429 -15226
2526 7457 -15042
2527 7625 -15186
2528 7689 -15418
2529 7507 -15234
2530 7499 -15166
2531 7605 -15282
2532 7607 -15406
2533 7563 -15266
2534 7593 -15170
2535 7457 -14998
2536 7363 -14970
2537 7425 -15090
2538 7467 -15110
2539 7565 -15234
2540 7589 -15198
2541 7671 -15366
2542 7669 -15506
2543 7663 -15322
2544 7517 -15106
2545 7553 -15258
2546 7595 -15386
2547 7491 -15310
2548 7501 -15282
2549 7479 -15018
2550 7471 -14826
2551 7621 -15230
2552 7627 -14974
2553 7715 -15110
2554 7653 -14954
2555 7645 -15054
2556 7627 -15066
2557 7767 -15410
2558 7767 -15466
2559 7829 -15582
2560 7847 -15650
2561 7813 -15490
2562 7805 -15414
2563 7739 -15290
2564 7723 -15534
2565 7749 -15778
2566 7793 -15630
2567 7733 -15574
2568 7781 -15654
2569 7665 -15314
2570 7759 -15330
2571 7811 -15430
2572 7759 -15394
2573 7701 -15314
2574 7579 -14998
2575 7447 -14974
2576 7529 -15262
2577 7565 -15394
2578 7579 -15202
2579 7531 -15234
2580 7655 -15394
2581 7569 -15294
2582 7581 -15258
2583 7559 -15186
2584 7635 -15506
2585 7715 -15482
2586 7857 -15754
2587 7881 -15766
2588 7841 -15686
2589 7831 -15566
2590 8005 -15702
2591 7895 -15526
2592 7871 -15574
2593 7823 -15386
2594 7993 -15454
2595 8063 -15546
2596 8011 -15542
2597 7889 -15418
2598 8017 -15650
2599 8177 -15890
2600 8179 -15914
2601 8079 -15798
2602 8003 -15930
2603 7975 -15718
2604 7881 -15690
2605 7847 -15574
2606 7823 -15438
2607 7923 -15818
2608 7817 -15410
2609 7841 -15614
2610 7743 -15598
2611 7657 -15542
2612 7627 -15562
2613 7547 -15522
2614 7535 -15438
2615 7513 -15410
2616 7427 -15174
2617 7559 -15266
2618 7601 -15422
2619 7587 -15406
2620 7589 -15374
2621 7659 -15678
2622 7459 -15318
2623 7463 -15198
2624 7439 -15194
2625 7373 -15258
2626 7203 -14982
2627 7301 -15130
2628 7365 -15034
2629 7367 -15170
2630 7411 -15186
2631 7403 -15166
2632 7425 -15358
2633 7377 -15278
2634 7477 -15262
2635 7577 -15358
2636 7487 -15146
2637 7499 -15106
2638 7621 -15434
2639 7733 -15590
2640 7675 -15362
2641 7639 -15474
2642 7703 -15374
2643 7649 -15558
2644 7655 -15586
2645 7713 -15646
2646 7697 -15590
2647 7625 -15578
2648 7609 -15310
2649 7629 -15130
2650 7629 -15142
2651 7653 -15206
2652 7661 -15162
2653 7625 -15258
2654 7609 -15206
2655 7503 -15078
2656 7547 -15182
2657 7497 -15106
2658 7633 -15326
2659 7425 -14882
2660 7405 -15014
2661 7483 -15186
2662 7445 -14982
2663 7581 -15058
2664 7665 -15238
2665 7723 -15410
2666 7825 -15418
2667 7841 -15510
2668 7783 -15526
2669 7789 -15658
2670 7885 -15458
2671 7929 -15478
2672 7811 -15326
2673 7831 -15262
2674 7891 -15590
2675 7769 -15310
2676 7811 -15382
2677 7747 -15190
2678 7891 -15582
2679 7947 -15718
2680 7933 -15590
2681 7787 -15514
2682 7805 -15518
2683 7781 -15546
2684 7725 -15502
2685 7797 -15706
2686 7735 -15534
2687 7693 -15394
2688 7809 -15682
2689 7801 -15614
2690 7695 -15310
2691 7649 -15342
2692 7675 -15246
2693 7681 -15462
2694 7673 -15290
2695 7661 -15218
2696 7787 -15558
2697 7729 -15446
2698 7719 -15566
2699 7715 -15458
2700 7827 -15706
2701 7735 -15594
2702 7749 -15646
2703 7755 -15566
2704 7673 -15330
2705 7575 -15034
2706 7561 -14974
2707 7557 -15030
2708 7655 -15230
2709 7741 -15354
2710 7861 -15478
2711 7909 -15422
2712 8031 -15630
2713 8111 -15714
2714 8047 -15574
2715 7845 -15222
2716 7929 -15598
2717 7779 -15346
2718 7925 -15526
2719 7953 -15482
2720 7837 -15246
2721 7913 -15578
2722 7783 -15478
2723 7777 -15582
2724 7871 -15650
2725 7847 -15514
2726 7837 -15534
2727 7819 -15614
2728 7763 -15378
2729 7755 -15474
2730 7785 -15594
2731 7821 -15494
2732 7883 -15642
2733 8019 -15682
2734 8013 -15786
2735 7855 -15442
2736 7717 -15346
2737 7791 -15310
2738 7905 -15534
2739 7925 -15746
2740 7895 -15662
2741 7987 -15674
2742 7919 -15598
2743 7989 -15634
2744 8035 -15682
2745 7997 -15606
2746 8031 -15734
2747 8131 -15838
2748 8029 -15570
2749 7967 -15526
2750 7929 -15546
2751 7995 -15606
2752 7867 -15406
2753 7857 -15394
2754 7833 -15466
2755 7923 -15538
2756 7947 -15490
2757 7901 -15634
2758 7915 -15518
2759 7883 -15462
2760 7961 -15590
2761 7809 -15374
2762 7795 -15454
2763 7787 -15286
2764 7703 -15222
2765 7759 -15326
2766 7665 -15242
2767 7749 -15206
2768 7771 -15214
2769 7735 -15330
2770 7763 -15358
2771 7915 -15594
2772 7823 -15378
2773 7775 -15550
2774 7859 -15618
2775 7759 -15418
2776 7849 -15410
2777 7775 -15334
2778 7723 -15190
2779 7775 -15298
2780 7629 -15110
2781 7669 -15174
2782 7727 -15190
2783 7801 -15426
2784 7849 -15486
2785 7491 -14966
2786 7539 -14966
2787 7665 -15238
2788 7697 -15394
2789 7641 -15370
2790 7605 -15298
2791 7467 -15206
2792 7405 -15054
2793 7429 -15122
2794 7595 -15218
2795 7521 -15210
2796 7613 -15326
2797 7553 -15222
2798 7517 -15074
2799 7617 -15038
2800 7611 -15102
2801 7613 -15138
2802 7771 -15598
2803 7673 -15438
2804 7421 -15002
2805 7167 -14830
2806 7169 -14946
2807 6973 -14822
2808 7011 -14834
2809 7129 -15014
2810 7207 -15086
2811 7269 -15010
2812 7271 -14902
2813 7375 -14886
2814 7571 -15402
2815 7683 -15626
2816 7607 -15450
2817 7569 -15194
2818 7571 -15306
2819 7369 -15110
2820 7373 -15058
2821 7345 -15106
2822 7351 -14994
2823 7403 -14890
2824 7339 -14994
2825 7211 -14794
2826 7283 -14790
2827 7247 -14934
2828 7093 -14734
2829 7155 -15018
2830 7095 -14806
2831 7149 -15042
2832 7069 -14794
2833 7189 -14902
2834 7149 -14950
2835 7197 -15066
2836 7331 -15338
2837 7251 -15134
2838 7099 -14678
2839 7167 -14922
2840 7209 -14978
2841 7109 -14942
2842 7223 -15046
2843 7257 -14986
2844 7317 -15182
2845 7441 -15378
2846 7531 -15470
2847 7529 -15366
2848 7505 -15202
2849 7537 -15262
2850 7579 -15266
2851 7565 -15162
2852 7597 -15150
2853 7745 -15530
2854 7663 -15218
2855 7609 -15066
2856 7593 -15294
2857 7537 -15370
2858 7593 -15526
2859 7421 -15334
2860 7403 -15410
2861 7473 -15562
2862 7405 -15466
2863 7295 -15150
2864 7307 -15458
2865 7137 -15194
2866 7105 -14942
2867 7095 -14910
2868 7207 -14826
2869 7289 -15086
2870 7373 -15350
2871 7289 -15214
2872 7363 -15250
2873 7245 -15126
2874 7129 -14942
2875 7197 -15126
2876 7257 -15066
2877 7167 -15066
2878 7139 -14850
2879 7231 -14954
2880 7241 -14942
2881 7391 -15122
2882 7377 -15078
2883 7383 -15086
2884 7401 -15182
2885 7391 -15290
2886 7407 -15166
2887 7517 -15382
2888 7457 -15178
2889 7407 -15010
2890 7525 -15234
2891 7515 -15162
2892 7459 -15038
2893 7511 -15238
2894 7379 -14986
2895 7357 -15082
2896 7247 -15182
2897 7307 -14974
2898 7213 -14914
2899 7361 -14810
2900 7365 -14918
2901 7483 -15350
2902 7541 -15442
2903 7503 -15150
2904 7597 -15238
2905 7673 -15294
2906 7695 -15374
2907 7603 -15318
2908 7463 -15210
2909 7461 -15298
2910 7507 -15258
2911 7457 -15058
2912 7387 -15010
2913 7381 -14890
2914 7457 -15042
2915 7571 -15434
2916 7567 -15350
2917 7595 -15574
2918 7619 -15622
2919 7599 -15206
2920 7607 -15322
2921 7733 -15442
2922 7691 -15246
2923 7677 -15254
2924 7701 -15410
2925 7651 -15546
2926 7723 -15554
2927 7717 -15478
2928 7763 -15590
2929 7665 -15418
2930 7625 -15210
2931 7695 -15430
2932 7687 -15430
2933 7719 -15414
2934 7599 -15314
2935 7553 -15266
2936 7653 -15378
2937 7745 -15602
2938 7695 -15478
2939 7649 -15302
2940 7553 -15186
2941 7597 -15210
2942 7529 -15222
2943 7509 -15198
2944 7613 -15282
2945 7545 -15386
2946 7621 -15390
2947 7513 -15134
2948 7557 -15222
2949 7549 -15234
2950 7583 -15190
2951 7569 -15302
2952 7681 -15482
2953 7637 -15302
2954 7579 -15298
2955 7619 -15218
2956 7577 -15486
2957 7415 -15234
2958 7507 -15326
2959 7571 -15270
2960 7533 -15190
2961 7533 -15238
2962 7529 -15310
2963 7575 -15254
2964 7581 -15334
2965 7699 -15330
2966 7551 -15294
2967 7571 -15378
2968 7591 -15418
2969 7617 -15354
2970 7479 -15142
2971 7537 -15206
2972 7645 -15422
2973 7483 -15110
2974 7345 -15082
2975 7315 -15026
2976 7439 -15098
2977 7505 -15354
2978 7433 -15130
2979 7483 -15214
2980 7415 -15050
2981 7327 -15074
2982 7281 -15174
2983 7259 -14958
2984 7171 -15014
2985 7131 -14886
2986 7213 -14910
2987 7281 -15010
2988 7283 -15170
2989 7285 -15198
2990 7315 -15210
2991 7371 -15258
2992 7391 -15130
2993 7409 -15262
2994 7509 -15334
2995 7553 -15482
2996 7605 -15522
2997 7489 -15238
2998 7507 -15282
2999 7575 -15342
3000 7455 -15110
3001 7487 -15102
3002 7513 -15126
3003 7601 -15266
3004 7609 -15262
3005 7589 -15206
3006 7613 -15398
3007 7575 -15534
3008 7559 -15478
3009 7495 -15458
3010 7427 -15422
3011 7549 -15490
3012 7539 -15546
3013 7463 -15306
3014 7649 -15394
3015 7625 -15226
3016 7621 -15322
3017 7795 -15706
3018 7701 -15618
3019 7539 -15574
3020 7601 -15458
3021 7579 -15334
3022 7507 -15214
3023 7495 -15282
3024 7383 -15182
3025 7359 -14982
3026 7369 -15006
3027 7379 -15074
3028 7321 -15002
3029 7203 -14642
3030 7327 -14682
3031 7275 -14778
3032 7339 -15026
3033 7323 -14934
3034 7357 -14878
3035 7275 -14858
3036 7311 -15094
3037 7351 -15186
3038 7373 -15122
3039 7319 -15078
3040 7269 -14830
3041 7235 -15022
3042 7251 -14742
3043 7147 -14718
3044 7267 -14894
3045 7203 -14746
3046 7353 -14982
3047 7351 -14978
3048 7385 -15066
3049 7319 -15126
3050 7305 -14998
3051 7227 -15134
3052 7205 -15182
3053 7253 -15326
3054 7247 -15506
3055 7161 -15334
3056 7151 -15282
3057 7033 -15162
3058 7001 -15098
3059 7049 -15138
3060 6921 -15042
3061 6863 -14950
3062 6881 -14962
3063 6821 -14918
3064 6749 -14830
3065 6637 -14526
3066 6751 -14754
3067 6771 -14650
3068 6907 -14682
3069 6779 -14674
3070 6839 -15010
3071 6861 -14942
3072 6861 -15090
3073 6941 -15254
3074 7017 -15246
3075 6995 -15078
3076 6939 -15006
3077 6885 -14834
3078 6795 -14886
3079 6929 -14966
3080 6973 -14862
3081 7005 -15178
3082 6997 -15270
3083 7017 -15302
3084 7047 -15298
3085 6961 -15346
3086 6949 -15266
3087 6971 -15134
3088 6995 -15266
3089 7107 -15270
3090 6941 -15162
3091 6829 -14914
3092 6867 -15054
3093 6981 -15154
3094 6943 -15134
3095 6977 -15210
3096 7069 -15318
3097 7045 -15362
3098 7027 -15462
3099 7011 -15378
3100 6935 -15434
3101 6895 -15362
3102 6841 -15446
3103 6759 -15238
3104 6805 -15310
3105 6773 -15142
3106 6899 -15230
3107 6875 -15146
3108 6931 -15038
3109 7049 -15274
3110 6971 -15246
3111 6883 -15086
3112 6893 -15070
3113 6833 -15034
3114 6707 -14910
3115 6819 -15154
3116 6765 -15146
3117 6777 -15258
3118 6649 -14990
3119 6479 -14934
3120 6605 -15062
3121 6601 -15046
3122 6463 -14698
3123 6445 -14698
3124 6505 -14986
3125 6519 -15178
3126 6391 -15110
3127 6303 -14890
3128 6287 -14786
3129 6345 -15006
3130 6449 -14982
3131 6407 -15142
3132 6409 -14770
3133 6403 -14866
3134 6351 -14918
3135 6229 -14886
3136 6327 -15078
3137 6231 -15062
3138 6219 -14950
3139 6429 -15414
3140 6569 -15538
3141 6481 -15318
3142 6477 -15154
3143 6469 -15166
3144 6237 -14698
3145 6299 -14798
3146 6345 -14834
3147 6329 -14766
3148 6361 -14754
3149 6431 -14910
3150 6569 -15238
3151 6561 -14922
3152 6597 -14902
3153 6667 -14918
3154 6571 -14678
3155 6381 -14678
3156 6371 -14682
3157 6409 -14822
3158 6523 -14862
3159 6567 -14986
3160 6679 -15038
3161 6585 -15074
3162 6577 -14946
3163 6615 -14830
3164 6595 -14834
3165 6739 -15022
3166 6725 -15034
3167 6769 -15122
3168 6841 -15158
3169 6795 -15066
3170 6905 -15274
3171 6897 -15138
3172 6941 -15246
3173 7027 -15310
3174 7117 -15470
3175 6939 -15310
3176 6953 -15514
3177 6887 -15458
3178 7019 -15346
3179 7083 -15262
3180 7125 -15250
3181 7145 -15042
3182 7229 -15170
3183 7337 -15278
3184 7347 -15358
3185 7351 -15390
3186 7291 -15146
3187 7405 -15406
3188 7347 -15066
3189 7425 -15146
3190 7415 -15298
3191 7233 -14966
3192 7247 -15034
3193 7265 -15122
3194 7515 -15610
3195 7455 -15306
3196 7431 -15358
3197 7377 -15314
3198 7541 -15462
3199 7607 -15462
3200 7669 -15546
3201 7765 -15950
3202 7727 -15594
3203 7749 -15722
3204 7819 -15834
3205 7813 -15762
3206 7785 -15746
3207 7891 -15922
3208 7963 -15922
3209 7951 -15810
3210 7987 -15930
3211 7945 -15902
3212 7955 -15906
3213 7977 -15682
3214 7859 -15530
3215 7895 -15650
3216 7921 -15826
3217 7845 -15742
3218 7873 -15834
3219 7719 -15494
3220 7713 -15470
3221 7659 -15338
3222 7725 -15462
3223 7671 -15382
3224 7579 -15354
3225 7739 -15562
3226 7703 -15542
3227 7767 -15722
3228 7811 -15698
3229 7781 -15634
3230 7773 -15466
3231 7745 -15434
3232 7989 -15978
3233 8017 -15782
3234 7977 -15550
3235 8005 -15682
3236 7983 -15778
3237 7877 -15586
3238 7885 -15542
3239 7853 -15606
3240 7865 -15638
3241 7851 -15530
3242 7813 -15530
3243 7771 -15498
3244 7775 -15646
3245 7785 -15626
3246 7765 -15670
3247 7605 -15338
3248 7633 -15174
3249 7725 -15330
3250 7667 -15182
3251 7845 -15486
3252 7799 -15370
3253 7837 -15478
3254 7777 -15478
3255 7701 -15314
3256 7885 -15546
3257 7897 -15394
3258 7955 -15622
3259 7869 -15518
3260 7805 -15294
3261 7865 -15490
3262 7869 -15562
3263 7949 -15554
3264 7919 -15434
3265 7867 -15318
3266 7915 -15462
3267 7935 -15654
3268 7901 -15498
3269 7823 -15290
3270 7741 -15298
3271 7827 -15550
3272 7815 -15690
3273 7757 -15370
3274 7789 -15402
3275 7855 -15650
3276 7821 -15498
3277 7915 -15686
3278 7883 -15566
3279 7873 -15506
3280 7859 -15414
3281 7887 -15570
3282 7979 -15742
3283 7873 -15630
3284 7831 -15518
3285 7871 -15678
3286 7929 -15610
3287 7979 -15714
3288 8019 -15722
3289 7951 -15718
3290 7877 -15370
3291 7959 -15514
3292 7927 -15646
3293 8023 -15742
3294 8015 -15690
3295 7989 -15686
3296 7873 -15482
3297 7855 -15394
3298 7771 -15318
3299 7853 -15358
3300 7719 -15102
3301 7869 -15450
3302 7959 -15518
3303 8013 -15694
3304 7905 -15506
3305 7851 -15650
3306 7795 -15582
3307 7763 -15270
3308 7801 -15326
3309 7799 -15242
3310 7815 -15238
3311 7747 -15206
3312 7751 -15110
3313 7763 -15258
3314 7761 -15258
3315 7893 -15602
3316 7795 -15594
3317 7805 -15518
3318 7717 -15386
3319 7633 -15294
3320 7555 -15122
3321 7551 -15186
3322 7745 -15490
3323 7873 -15570
3324 7895 -15578
3325 7921 -15590
3326 8007 -15818
3327 7953 -15610
3328 7923 -15774
3329 7775 -15634
3330 7767 -15418
3331 7721 -15146
3332 7835 -15330
3333 7835 -15354
3334 7809 -15450
3335 7835 -15370
3336 7693 -15130
3337 7691 -15358
3338 7745 -15398
3339 7845 -15546
3340 7841 -15374
3341 7815 -15170
3342 7811 -15266
3343 7971 -15466
3344 7913 -15430
3345 7909 -15686
3346 7991 -15658
3347 7997 -15550
3348 8039 -15770
3349 7871 -15654
3350 7725 -15214
3351 7681 -15182
3352 7715 -15414
3353 7693 -15342
3354 7705 -15366
3355 7467 -15010
3356 7635 -15226
3357 7685 -15338
3358 7745 -15386
3359 7743 -15226
3360 7787 -15402
3361 7751 -15006
3362 7763 -15110
3363 7877 -15338
3364 7883 -15342
3365 7927 -15506
3366 7979 -15582
3367 7851 -15314
3368 7899 -15546
3369 7909 -15290
3370 7981 -15394
3371 7923 -15490
3372 7933 -15622
3373 7899 -15654
3374 7947 -15578
3375 8087 -15778
3376 8029 -15526
3377 8031 -15642
3378 8025 -15670
3379 8045 -15762
3380 7945 -15422
3381 7997 -15658
3382 8107 -15870
3383 8051 -15742
3384 8069 -15614
3385 8065 -15554
3386 7995 -15550
3387 7963 -15714
3388 7983 -15614
3389 8003 -15638
3390 7865 -15374
3391 7941 -15650
3392 7887 -15686
3393 7917 -15546
3394 7917 -15758
3395 7935 -15774
3396 7901 -15542
3397 7839 -15294
3398 7855 -15474
3399 7951 -15646
3400 7809 -15430
3401 7737 -15102
3402 7565 -15010
3403 7535 -14842
3404 7535 -14958
3405 7573 -14914
3406 7587 -14850
3407 7681 -15038
3408 7645 -15098
3409 7669 -15326
3410 7625 -15262
3411 7711 -15198
3412 7699 -15266
3413 7759 -15322
3414 7789 -15518
3415 7825 -15602
3416 7657 -15306
3417 7675 -15214
3418 7681 -15146
3419 7801 -15126
3420 7829 -15402
3421 7737 -15394
3422 7793 -15242
3423 7699 -15310
3424 7743 -15266
3425 7633 -15090
3426 7709 -15310
3427 7729 -15342
3428 7763 -15442
3429 7753 -15278
3430 7705 -15410
3431 7757 -15134
3432 7789 -15258
3433 7735 -15154
3434 7795 -15494
3435 7765 -15438
3436 7863 -15554
3437 7917 -15578
3438 7917 -15726
3439 7783 -15570
3440 7703 -15362
3441 7663 -15158
3442 7763 -15362
3443 7759 -15494
3444 7665 -15370
3445 7745 -15550
3446 7631 -15442
3447 7535 -15082
3448 7509 -15022
3449 7573 -15170
3450 7651 -15286
3451 7701 -15246
3452 7815 -15530
3453 7765 -15386
3454 7769 -15402
3455 7697 -15430
3456 7719 -15470
3457 7785 -15562
3458 7787 -15450
3459 7815 -15590
3460 7729 -15306
3461 7695 -15046
3462 7801 -15226
3463 7949 -15450
3464 8045 -15634
3465 7973 -15346
3466 8039 -15446
3467 8069 -15474
3468 8199 -15634
3469 8303 -15990
3470 8293 -15910
3471 8257 -15818
3472 8183 -15662
3473 8151 -15586
3474 8107 -15542
3475 8119 -15554
3476 8001 -15342
3477 8023 -15478
3478 7995 -15478
3479 7965 -15478
3480 7933 -15538
3481 7887 -15522
3482 7833 -15446
3483 7853 -15450
3484 7763 -15386
3485 7669 -15290
3486 7749 -15362
3487 7755 -15334
3488 7805 -15326
3489 7777 -15346
3490 7841 -15310
3491 7769 -15330
3492 7663 -15058
3493 7733 -15278
3494 7721 -15178
3495 7631 -15166
3496 7583 -14850
3497 7565 -14994
3498 7607 -14986
3499 7617 -14978
3500 7721 -15238
3501 7841 -15338
3502 7763 -15342
3503 7671 -15234
3504 7747 -15294
3505 7707 -15270
3506 7647 -15118
3507 7703 -15302
3508 7841 -15478
3509 7821 -15362
3510 7927 -15502
3511 7797 -15366
3512 7763 -15342
3513 7831 -15406
3514 7815 -15470
3515 7749 -15298
3516 7855 -15386
3517 7963 -15454
3518 8019 -15558
3519 8063 -15538
3520 8065 -15434
3521 8047 -15566
3522 8065 -15630
3523 7987 -15530
3524 7957 -15486
3525 8019 -15870
3526 8035 -15746
3527 8029 -15666
3528 8125 -15890
3529 8043 -15918
3530 8119 -15930
3531 8177 -15994
3532 8181 -15970
3533 8187 -15950
3534 8085 -15698
3535 8011 -15570
3536 7857 -15386
3537 7899 -15342
3538 7987 -15434
3539 8077 -15542
3540 8083 -15678
3541 8127 -15750
3542 8119 -15558
3543 8161 -15602
3544 8245 -15906
3545 8303 -15822
3546 8271 -15930
3547 8317 -15894
3548 8327 -16174
3549 8227 -15818
3550 8135 -15722
3551 7993 -15486
3552 7937 -15426
3553 7797 -15466
3554 7845 -15498
3555 7829 -15426
3556 7821 -15230
3557 7801 -15274
3558 7755 -15286
3559 7743 -15322
3560 7605 -15154
3561 7687 -15186
3562 7553 -15042
3563 7571 -15262
3564 7643 -15166
3565 7657 -15330
3566 7629 -15190
3567 7673 -15266
3568 7671 -15118
3569 7719 -15246
3570 7703 -15398
3571 7735 -15398
3572 7743 -15386
3573 7739 -15470
3574 7695 -15298
3575 7829 -15334
3576 7839 -15254
3577 7959 -15498
3578 7891 -15202
3579 8009 -15470
3580 7989 -15366
3581 8093 -15546
3582 8029 -15342
3583 8017 -15542
3584 8077 -15674
3585 8075 -15470
3586 8125 -15518
3587 8015 -15390
3588 7939 -15458
3589 8005 -15558
3590 7843 -15234
3591 7865 -15402
3592 7923 -15382
3593 7887 -15366
3594 7877 -15434
3595 7923 -15606
3596 7991 -15674
3597 8025 -15698
3598 8021 -15734
3599 7991 -15626
3600 8039 -15710
3601 7923 -15486
3602 7869 -15290
3603 7943 -15522
3604 8057 -15594
3605 8079 -15486
3606 8125 -15594
3607 8127 -15630
3608 8201 -15742
3609 8255 -15846
3610 8239 -15686
3611 8241 -15586
3612 8345 -15850
3613 8443 -16158
3614 8271 -15722
3615 8313 -15858
3616 8191 -15726
3617 8197 -15638
3618 8307 -15838
3619 8293 -15974
3620 8211 -15822
3621 8157 -15698
3622 8215 -15902
3623 8323 -16050
3624 8283 -15982
3625 8379 -16190
3626 8371 -16046
3627 8339 -15790
3628 8261 -15758
3629 8269 -15838
3630 8177 -15790
3631 8145 -15694
3632 8093 -15490
3633 8251 -15634
3634 8163 -15458
3635 8115 -15554
3636 8107 -15678
3637 8127 -15630
3638 8041 -15470
3639 7991 -15450
3640 8065 -15614
3641 8149 -15858
3642 8165 -15802
3643 8031 -15374
3644 8043 -15414
3645 8119 -15638
3646 8069 -15478
3647 8127 -15658
3648 8051 -15642
3649 7885 -15230
3650 7979 -15486
3651 8039 -15706
3652 8085 -15766
3653 8057 -15646
3654 8099 -15618
3655 8091 -15602
3656 8121 -15642
3657 8125 -15670
3658 8151 -15750
3659 8169 -15738
3660 8109 -15610
3661 8057 -15606
3662 8011 -15766
3663 7979 -15642
3664 7839 -15586
3665 7735 -15342
3666 7729 -15194
3667 7753 -15226
3668 7849 -15386
3669 7947 -15318
3670 7923 -15414
3671 7833 -15198
3672 7943 -15370
3673 7945 -15562
3674 7969 -15530
3675 8087 -15898
3676 8015 -15790
3677 8061 -16050
3678 7985 -15878
3679 8021 -15910
3680 8027 -15878
3681 7985 -15854
3682 8003 -16010
3683 7909 -15806
3684 7825 -15518
3685 7785 -15738
3686 7759 -15486
3687 7705 -15458
3688 7739 -15566
3689 7677 -15542
3690 7723 -15462
3691 7695 -15502
3692 7727 -15582
3693 7599 -15438
3694 7715 -15734
3695 7687 -15590
3696 7739 -15482
3697 7623 -15222
3698 7675 -15258
3699 7717 -15430
3700 7637 -15442
3701 7727 -15534
3702 7677 -15514
3703 7743 -15426
3704 7549 -15086
3705 7547 -15294
3706 7551 -15282
3707 7487 -15254
3708 7627 -15318
3709 7645 -15402
3710 7679 -15322
3711 7735 -15346
3712 7715 -15430
3713 7807 -15494
3714 7789 -15630
3715 7813 -15626
3716 7743 -15314
3717 7701 -15486
3718 7621 -15266
3719 7617 -15282
3720 7585 -15146
3721 7607 -15182
3722 7557 -15270
3723 7461 -15122
3724 7387 -15110
3725 7451 -15238
3726 7395 -15226
3727 7351 -15150
3728 7475 -15322
3729 7381 -15314
3730 7505 -15510
3731 7367 -15250
3732 7337 -15018
3733 7339 -14998
3734 7315 -15110
3735 7299 -15090
3736 7311 -14914
3737 7369 -15122
3738 7327 -15238
3739 7379 -15094
3740 7417 -15290
3741 7355 -15194
3742 7559 -15354
3743 7487 -15118
3744 7469 -15066
3745 7643 -15410
3746 7659 -15286
3747 7701 -15610
3748 7537 -15442
3749 7569 -15310
3750 7675 -15530
3751 7623 -15462
3752 7761 -15670
3753 7845 -15710
3754 7775 -15650
3755 7709 -15366
3756 7655 -15390
3757 7721 -15586
3758 7715 -15526
3759 7673 -15510
3760 7593 -15402
3761 7601 -15298
3762 7599 -15418
3763 7627 -15438
3764 7617 -15542
3765 7507 -15550
3766 7573 -15594
3767 7605 -15430
3768 7639 -15614
3769 7615 -15546
3770 7455 -15314
3771 7437 -15454
3772 7455 -15290
3773 7517 -15134
3774 7587 -15338
3775 7607 -15322
3776 7783 -15606
3777 7759 -15694
3778 7873 -15738
3779 7821 -15542
3780 7835 -15610
3781 7801 -15602
3782 7869 -15738
3783 7895 -15734
3784 7861 -15786
3785 7885 -15746
3786 7889 -15706
3787 7899 -15650
3788 7901 -15702
3789 7809 -15578
3790 7755 -15650
3791 7759 -15650
3792 7647 -15338
3793 7647 -15222
3794 7637 -15190
3795 7589 -15154
3796 7545 -15006
3797 7589 -14982
3798 7601 -14866
3799 7633 -15166
3800 7683 -15206
3801 7761 -15222
3802 7703 -15006
3803 7653 -14990
3804 7629 -15130
3805 7435 -14834
3806 7533 -15038
3807 7537 -14866
3808 7601 -14970
3809 7503 -14710
3810 7553 -15006
3811 7521 -14834
3812 7479 -14786
3813 7437 -14970
3814 7459 -15022
3815 7613 -15190
3816 7609 -15298
3817 7595 -15358
3818 7615 -15474
3819 7697 -15534
3820 7631 -15342
3821 7557 -15386
3822 7559 -15162
3823 7687 -15398
3824 7675 -15562
3825 7565 -15358
3826 7597 -15534
3827 7585 -15654
3828 7459 -15338
3829 7565 -15550
3830 7631 -15650
3831 7661 -15794
3832 7593 -15598
3833 7609 -15486
3834 7459 -15286
3835 7415 -15150
3836 7517 -15266
3837 7517 -15186
3838 7493 -15162
3839 7553 -15314
3840 7505 -15346
3841 7489 -15190
3842 7539 -15226
3843 7527 -15382
3844 7465 -15290
3845 7565 -15434
3846 7647 -15502
3847 7731 -15738
3848 7649 -15662
3849 7621 -15530
3850 7567 -15458
3851 7447 -15290
3852 7507 -15278
3853 7537 -15498
3854 7491 -15362
3855 7391 -15334
3856 7307 -15298
3857 7325 -15246
3858 7525 -15446
3859 7425 -15366
3860 7573 -15486
3861 7643 -15422
3862 7545 -15294
3863 7541 -15326
3864 7591 -15366
3865 7625 -15486
3866 7707 -15518
3867 7569 -15478
3868 7495 -15386
3869 7227 -14790
3870 7301 -14894
3871 7337 -14926
3872 7301 -14954
3873 7263 -14970
3874 7273 -15122
3875 7251 -15070
3876 7261 -15146
3877 7297 -15314
3878 7119 -14994
3879 7045 -14934
3880 6975 -15038
3881 7039 -15262
3882 7175 -15142
3883 7187 -15254
3884 7277 -15322
3885 7201 -15194
3886 7139 -15390
3887 7183 -15310
3888 7199 -15250
3889 7237 -15206
3890 7135 -15110
3891 7037 -14942
3892 7125 -15022
3893 7251 -15246
3894 7185 -15182
3895 7123 -15166
3896 7187 -15094
3897 7161 -15106
3898 7195 -14986
3899 7239 -15006
3900 7239 -15094
3901 7237 -15202
3902 7221 -15118
3903 7351 -15190
3904 7369 -15190
3905 7477 -15386
3906 7523 -15390
3907 7459 -15342
3908 7325 -15158
3909 7193 -15026
3910 7089 -15346
3911 7137 -15346
3912 7101 -15350
3913 7023 -15278
3914 6951 -15010
3915 7029 -15094
3916 6953 -14962
3917 6865 -14866
3918 6889 -15166
3919 6877 -14922
3920 6965 -15118
3921 6869 -14862
3922 6887 -15050
3923 6805 -15098
3924 6785 -14850
3925 6675 -14802
3926 6639 -15006
3927 6715 -14870
3928 6581 -14726
3929 6601 -14754
3930 6631 -14782
3931 6677 -14894
3932 6753 -14966
3933 6715 -14826
3934 6749 -15166
3935 6887 -15066
3936 6949 -15246
3937 7005 -15282
3938 7185 -15458
3939 7231 -15578
3940 7185 -15266
3941 7117 -15214
3942 7105 -15202
3943 7183 -15390
3944 7141 -15270
3945 7279 -15706
3946 7159 -15322
3947 7147 -15270
3948 7015 -15454
3949 7021 -15354
3950 7021 -15410
3951 6985 -15362
3952 6849 -15182
3953 6869 -15110
3954 6923 -15122
3955 6835 -15190
3956 7021 -15450
3957 7143 -15518
3958 7059 -15434
3959 7053 -15390
3960 7027 -15234
3961 6863 -15298
3962 6933 -15290
3963 6935 -15450
3964 6915 -15102
3965 6951 -15194
3966 6969 -15414
3967 6873 -15286
3968 6883 -15310
3969 6837 -15198
3970 6767 -15014
3971 6769 -15054
3972 6817 -15306
3973 6889 -15422
3974 6867 -15542
3975 6959 -15614
3976 7085 -15722
3977 7023 -15490
3978 7021 -15422
3979 6831 -15074
3980 6903 -15142
3981 6869 -15066
3982 6931 -15254
3983 7063 -15278
3984 7055 -15326
3985 7009 -15170
3986 7049 -15274
3987 6991 -15262
3988 6945 -15186
3989 6957 -15250
3990 7021 -15294
3991 7005 -15346
3992 6925 -15194
3993 6923 -15194
3994 6877 -15286
3995 6849 -15410
3996 7017 -15590
3997 6993 -15330
3998 7011 -15354
3999 7001 -15294
4000 7027 -15414
4001 6965 -15462
4002 7027 -15450
4003 6993 -15382
4004 7045 -15374
4005 7117 -15486
4006 7057 -15414
4007 6945 -15190
4008 6991 -15070
4009 6957 -15262
4010 6867 -15290
4011 6931 -15178
4012 6819 -15006
4013 6811 -14974
4014 6825 -14818
4015 6749 -14922
4016 6773 -14906
4017 6863 -14994
4018 6931 -15014
4019 6875 -15050
4020 6775 -14890
4021 6843 -15070
4022 6929 -15010
4023 6991 -15338
4024 6953 -15314
4025 6913 -15050
4026 6831 -15114
4027 6927 -15162
4028 7033 -15182
4029 6963 -15094
4030 6985 -15102
4031 7085 -15246
4032 7047 -15106
4033 7037 -15022
4034 7053 -15082
4035 6927 -14782
4036 6841 -14934
4037 6831 -14862
4038 6681 -14474
4039 6593 -14430
4040 6611 -14558
4041 6667 -14594
4042 6833 -14738
4043 6881 -14898
4044 6899 -14978
4045 6901 -15006
4046 6877 -15058
4047 6709 -14762
4048 6745 -14862
4049 6925 -15290
4050 6983 -15322
4051 6921 -15286
4052 6945 -15210
4053 7043 -15386
4054 7023 -15402
4055 7077 -15346
4056 7051 -15266
4057 7031 -15298
4058 7019 -15286
4059 7089 -15342
4060 7111 -15406
4061 7201 -15530
4062 7219 -15606
4063 7203 -15518
4064 7195 -15326
4065 7135 -15322
4066 7187 -15502
4067 7191 -15502
4068 7155 -15234
4069 7233 -15438
4070 7217 -15466
4071 7209 -15478
4072 7203 -15374
4073 7167 -15302
4074 7093 -15286
4075 7093 -15366
4076 7133 -15346
4077 7155 -15462
4078 7139 -15498
4079 7133 -15474
4080 7177 -15622
4081 7191 -15530
4082 7169 -15534
4083 7127 -15522
4084 7117 -15282
4085 7245 -15394
4086 7225 -15442
4087 7207 -15282
4088 7207 -15446
4089 7257 -15374
4090 7255 -15246
4091 7255 -15546
4092 7237 -15502
4093 7043 -15142
4094 6845 -14958
4095 6845 -14982
4096 6875 -15082
4097 6917 -15018
4098 6831 -14986
4099 6741 -14914
4100 6803 -14898
4101 6963 -15062
4102 7091 -15334
4103 7031 -15246
4104 6973 -15362
4105 6901 -15202
4106 6781 -15058
4107 6685 -15126
4108 6641 -15006
4109 6797 -15202
4110 6741 -15070
4111 6737 -15114
4112 6741 -15026
4113 6803 -15234
4114 7017 -15650
4115 7057 -15622
4116 6979 -15426
4117 6973 -15502
4118 6905 -15318
4119 6801 -15186
4120 6743 -15198
4121 6807 -15190
4122 6969 -15206
4123 7017 -15446
4124 7135 -15614
4125 7033 -15406
4126 7177 -15738
4127 7183 -15698
4128 7125 -15698
4129 7183 -15622
4130 7039 -15394
4131 7117 -15474
4132 7071 -15342
4133 7083 -15482
4134 7037 -15386
4135 6963 -15302
4136 6865 -15086
4137 6805 -14962
4138 6727 -14922
4139 6847 -15118
4140 6857 -15078
4141 6643 -14910
4142 6831 -14910
4143 6787 -14926
4144 6797 -15186
4145 6865 -15346
4146 6901 -15226
4147 6819 -15174
4148 6963 -15418
4149 6895 -15450
4150 6785 -15350
4151 6737 -15182
4152 6801 -15170
4153 6679 -15034
4154 6667 -15210
4155 6637 -15074
4156 6651 -15094
4157 6673 -15046
4158 6583 -15038
4159 6563 -15014
4160 6693 -15398
4161 6727 -15262
4162 6649 -15222
4163 6543 -15094
4164 6503 -14966
4165 6559 -15258
4166 6663 -15258
4167 6731 -15482
4168 6775 -15414
4169 6699 -15502
4170 6605 -15482
4171 6555 -15430
4172 6619 -15450
4173 6629 -15558
4174 6627 -15474
4175 6623 -15466
4176 6651 -15606
4177 6579 -15434
4178 6615 -15454
4179 6631 -15302
4180 6527 -15082
4181 6459 -14866
4182 6533 -15166
4183 6467 -15270
4184 6359 -15034
4185 6431 -15214
4186 6419 -14982
4187 6317 -14874
4188 6383 -15018
4189 6373 -15158
4190 6393 -15070
4191 6423 -15086
4192 6373 -15134
4193 6341 -14922
4194 6425 -15046
4195 6371 -15034
4196 6305 -15134
4197 6149 -15066
4198 6079 -14686
4199 6125 -14638
4200 6189 -14710
4201 6005 -14378
4202 5975 -14502
4203 5951 -14562
4204 6003 -14662
4205 6051 -14898
4206 5925 -14594
4207 5961 -14582
4208 6079 -14526
4209 6119 -14654
4210 6091 -14358
4211 6173 -14770
4212 6211 -14806
4213 6227 -14682
4214 6171 -14682
4215 6319 -14890
4216 6265 -14910
4217 6215 -14894
4218 6213 -14778
4219 6191 -14774
4220 6157 -14562
4221 6233 -14642
4222 6153 -14638
4223 6205 -14642
4224 6321 -14606
4225 6473 -14838
4226 6345 -14782
4227 6325 -15062
4228 6349 -14926
4229 6431 -15190
4230 6431 -14970
4231 6371 -14958
4232 6305 -14834
4233 6245 -14994
4234 6289 -14958
4235 6237 -14818
4236 6225 -14846
4237 6281 -14854
4238 6203 -14910
4239 6201 -14794
4240 6321 -14846
4241 6269 -14730
4242 6301 -14646
4243 6383 -14722
4244 6535 -14690
4245 6563 -14918
4246 6561 -14898
4247 6573 -14706
4248 6599 -14826
4249 6547 -14754
4250 6381 -14574
4251 6353 -14582
4252 6297 -14642
4253 6233 -14334
4254 6371 -14762
4255 6323 -14730
4256 6299 -14778
4257 6243 -14722
4258 6103 -14418
4259 6319 -14470
4260 6197 -14382
4261 6213 -14538
4262 6173 -14654
4263 6079 -14782
4264 6223 -14918
4265 6335 -14902
4266 6281 -14566
4267 6249 -14538
4268 6369 -14658
4269 6475 -14870
4270 6511 -14814
4271 6439 -14554
4272 6573 -14886
4273 6685 -14842
4274 6695 -15110
4275 6571 -15010
4276 6553 -15022
4277 6555 -14714
4278 6479 -14494
4279 6501 -14782
4280 6517 -14874
4281 6447 -14894
4282 6403 -14726
4283 6427 -14850
4284 6437 -14978
4285 6441 -14974
4286 6439 -14998
4287 6483 -15066
4288 6469 -14930
4289 6443 -15146
4290 6417 -14938
4291 6343 -14698
4292 6247 -14526
4293 6229 -14606
4294 6399 -15066
4295 6461 -15002
4296 6383 -14802
4297 6441 -15194
4298 6469 -15170
4299 6511 -15098
4300 6533 -15106
4301 6579 -15206
4302 6675 -15342
4303 6751 -15178
4304 6557 -15078
4305 6505 -15026
4306 6575 -15026
4307 6501 -14914
4308 6487 -14918
4309 6609 -14978
4310 6537 -14714
4311 6571 -14638
4312 6609 -14838
4313 6407 -14626
4314 6459 -14726
4315 6535 -15034
4316 6517 -14990
4317 6529 -14806
4318 6541 -14946
4319 6629 -15082
4320 6609 -15062
4321 6715 -15142
4322 6801 -15158
4323 6923 -15290
4324 6795 -15106
4325 6771 -15178
4326 6657 -14998
4327 6707 -15146
4328 6571 -14970
4329 6581 -14946
4330 6617 -14902
4331 6655 -15094
4332 6635 -15202
4333 6603 -14966
4334 6675 -15042
4335 6665 -15098
4336 6663 -15026
4337 6721 -15118
4338 6653 -14938
4339 6627 -14890
4340 6737 -14958
4341 6655 -15142
4342 6697 -15218
4343 6549 -15094
4344 6433 -14690
4345 6539 -14902
4346 6579 -14998
4347 6631 -14970
4348 6601 -14834
4349 6607 -14822
4350 6579 -14910
4351 6617 -14914
4352 6671 -15086
4353 6717 -14942
4354 6643 -15022
4355 6729 -15146
4356 6777 -15090
4357 6741 -15002
4358 6811 -15134
4359 6723 -15066
4360 6811 -15098
4361 6859 -14778
4362 6845 -14998
4363 6827 -14882
4364 6747 -15170
4365 6747 -15074
4366 6745 -15098
4367 6727 -15238
4368 6895 -15354
4369 6781 -15094
4370 6789 -15170
4371 6859 -15082
4372 6807 -15246
4373 6805 -15198
4374 6773 -15238
4375 6719 -15194
4376 6781 -15250
4377 6563 -15114
4378 6633 -15130
4379 6627 -15250
4380 6563 -15046
4381 6537 -15046
4382 6563 -14870
4383 6575 -15122
4384 6673 -15222
4385 6501 -15022
4386 6289 -14754
4387 6325 -14866
4388 6243 -14586
4389 6367 -14662
4390 6441 -14570
4391 6353 -14698
4392 6477 -14766
4393 6543 -14778
4394 6609 -14934
4395 6511 -14790
4396 6401 -14662
4397 6561 -14770
4398 6637 -14838
4399 6603 -14866
4400 6537 -14922
4401 6517 -15010
4402 6423 -14834
4403 6379 -14994
4404 6453 -15010
4405 6505 -14942
4406 6645 -15054
4407 6647 -15026
4408 6713 -15098
4409 6649 -15102
4410 6637 -15274
4411 6643 -15030
4412 6679 -15030
4413 6693 -15038
4414 6589 -15094
4415 6639 -15150
4416 6593 -15142
4417 6627 -15334
4418 6557 -15226
4419 6545 -15246
4420 6483 -15102
4421 6539 -15162
4422 6753 -15358
4423 6713 -15134
4424 6727 -15094
4425 6557 -14842
4426 6541 -14882
4427 6539 -14858
4428 6701 -15150
4429 6659 -15066
4430 6673 -14902
4431 6583 -14774
4432 6487 -14850
4433 6485 -15038
4434 6533 -14862
4435 6669 -15138
4436 6685 -15326
4437 6711 -15386
4438 6691 -15190
4439 6755 -15350
4440 6799 -15386
4441 6987 -15570
4442 6839 -15502
4443 6883 -15574
4444 6865 -15534
4445 6697 -15290
4446 6771 -15502
4447 6813 -15534
4448 6811 -15506
4449 6813 -15570
4450 6769 -15482
4451 6801 -15598
4452 6797 -15354
4453 6487 -14938
4454 6495 -14826
4455 6515 -14946
4456 6635 -15146
4457 6713 -15294
4458 6745 -15382
4459 6683 -15238
4460 6619 -15194
4461 6593 -15074
4462 6557 -15042
4463 6515 -14854
4464 6633 -14982
4465 6665 -15018
4466 6641 -15170
4467 6711 -15310
4468 6591 -15122
4469 6733 -15282
4470 6857 -15294
4471 6817 -15278
4472 6719 -15114
4473 6639 -15002
4474 6695 -14970
4475 6803 -15158
4476 6885 -15238
4477 6953 -15290
4478 6817 -14970
4479 6761 -15010
4480 6713 -14882
4481 6681 -15106
4482 6645 -14962
4483 6529 -15086
4484 6593 -15150
4485 6489 -14966
4486 6571 -15118
4487 6591 -14974
4488 6583 -15006
4489 6713 -15194
4490 6833 -15130
4491 6839 -15102
4492 6723 -15106
4493 6519 -14930
4494 6507 -14858
4495 6503 -14922
4496 6625 -15122
4497 6569 -15090
4498 6527 -15042
4499 6621 -15242
4500 6575 -15478
4501 6477 -15086
4502 6437 -14922
4503 6461 -15082
4504 6447 -15034
4505 6415 -14950
4506 6375 -15098
4507 6295 -15038
4508 6283 -15110
4509 6207 -15042
4510 6269 -14922
4511 6251 -15054
4512 6277 -15014
4513 6255 -15214
4514 6291 -15130
4515 6237 -14938
4516 6315 -15262
4517 6397 -15198
4518 6305 -15214
4519 6295 -15086
4520 6301 -14878
4521 6251 -14902
4522 6269 -15178
4523 6317 -15190
4524 6319 -15014
4525 6203 -14934
4526 6345 -15006
4527 6315 -14998
4528 6269 -15010
4529 6329 -14906
4530 6259 -14922
4531 6371 -15142
4532 6323 -14850
4533 6435 -15070
4534 6523 -14902
4535 6565 -15014
4536 6517 -15078
4537 6575 -15142
4538 6543 -14930
4539 6615 -15178
4540 6561 -15070
4541 6659 -15262
4542 6771 -15346
4543 6673 -15318
4544 6553 -14950
4545 6581 -15026
4546 6677 -15162
4547 6695 -15178
4548 6715 -15294
4549 6813 -15478
4550 6695 -15410
4551 6683 -15414
4552 6761 -15398
4553 6903 -15582
4554 6895 -15526
4555 6739 -15370
4556 6707 -15334
4557 6769 -15330
4558 6713 -15298
4559 6585 -14970
4560 6607 -15034
4561 6587 -15046
4562 6613 -14970
4563 6655 -15150
4564 6707 -15214
4565 6829 -15442
4566 6807 -15018
4567 6803 -15302
4568 6811 -15482
4569 6863 -15638
4570 6733 -15402
4571 6707 -15358
4572 6721 -15430
4573 6761 -15322
4574 6819 -15006
4575 6851 -15030
4576 6923 -15238
4577 6839 -15218
4578 6753 -15058
4579 6799 -15002
4580 6933 -15378
4581 6911 -15290
4582 7047 -15470
4583 7047 -15566
4584 7153 -15582
4585 7211 -15506
4586 7207 -15418
4587 7187 -15610
4588 7253 -15730
4589 7165 -15518
4590 7117 -15546
4591 7027 -15286
4592 7091 -15574
4593 7171 -15550
4594 7139 -15414
4595 7131 -15410
4596 7011 -15130
4597 7075 -15158
4598 7073 -15298
4599 7153 -15242
4600 7181 -15494
4601 7175 -15386
4602 7007 -15278
4603 6959 -15386
4604 7029 -15394
4605 7035 -15318
4606 7097 -15306
4607 7159 -15222
4608 7243 -15314
4609 7279 -15514
4610 7155 -15434
4611 7117 -15422
4612 7145 -15454
4613 7223 -15474
4614 7213 -15394
4615 7365 -15462
4616 7429 -15710
4617 7479 -15758
4618 7571 -15938
4619 7515 -15870
4620 7475 -15602
4621 7429 -15470
4622 7369 -15382
4623 7469 -15526
4624 7409 -15578
4625 7437 -15502
4626 7337 -15122
4627 7389 -15322
4628 7425 -15342
4629 7521 -15422
4630 7473 -15362
4631 7417 -15246
4632 7399 -15274
4633 7321 -15318
4634 7297 -15414
4635 7229 -15286
4636 7233 -15382
4637 7165 -15354
4638 7133 -15182
4639 7075 -15154
4640 7121 -15350
4641 7185 -15554
4642 7181 -15358
4643 7089 -15234
4644 6973 -15190
4645 7033 -15150
4646 7143 -15454
4647 7121 -15434
4648 7101 -15574
4649 7125 -15566
4650 7061 -15566
4651 7093 -15642
4652 7111 -15562
4653 7159 -15830
4654 7021 -15606
4655 7073 -15502
4656 6941 -15330
4657 6913 -15238
4658 6897 -15214
4659 6841 -15310
4660 6917 -15498
4661 6833 -15310
4662 6841 -15118
4663 6915 -15198
4664 7009 -15270
4665 6959 -15062
4666 6861 -14826
4667 6973 -15078
4668 6999 -15258
4669 7131 -15202
4670 7129 -15238
4671 7099 -15250
4672 7135 -15242
4673 7083 -15242
4674 7085 -15342
4675 7145 -15302
4676 7241 -15638
4677 7333 -15626
4678 7251 -15506
4679 7327 -15474
4680 7177 -15230
4681 7367 -15230
4682 7335 -15202
4683 7263 -15014
4684 7383 -15126
4685 7451 -15502
4686 7409 -15474
4687 7419 -15586
4688 7481 -15666
4689 7377 -15838
4690 7323 -15710
4691 7401 -15818
4692 7331 -15742
4693 7303 -15730
4694 7233 -15802
4695 7211 -15846
4696 7105 -15506
4697 7047 -15162
4698 6963 -15186
4699 6949 -15194
4700 6915 -15306
4701 6913 -15074
4702 6869 -15154
4703 6905 -15210
4704 6807 -15214
4705 6731 -15086
4706 6637 -15090
4707 6683 -15114
4708 6685 -15082
4709 6609 -15158
4710 6547 -14878
4711 6541 -14842
4712 6525 -14966
4713 6627 -15070
4714 6653 -15042
4715 6553 -14982
4716 6485 -15118
4717 6431 -14950
4718 6525 -15218
4719 6627 -15254
4720 6649 -15342
4721 6669 -15546
4722 6697 -15398
4723 6807 -15354
4724 6845 -15162
4725 6913 -15234
4726 6921 -15566
4727 6895 -15186
4728 7083 -15602
4729 7085 -15438
4730 6945 -15106
4731 6921 -15174
4732 6931 -15174
4733 6809 -15042
4734 6907 -15098
4735 6939 -14974
4736 6903 -14874
4737 6893 -14878
4738 6913 -14962
4739 7081 -15274
4740 7125 -15430
4741 7167 -15374
4742 7269 -15378
4743 7263 -15366
4744 7231 -15282
4745 7281 -15438
4746 7225 -15166
4747 7117 -14862
4748 7043 -15058
4749 7031 -15022
4750 7003 -14870
4751 7101 -15058
4752 7211 -15270
4753 7087 -15206
4754 7163 -15342
4755 7145 -15178
4756 7211 -15246
4757 7265 -15434
4758 7273 -15370
4759 7255 -15306
4760 7219 -15210
4761 7245 -15238
4762 7241 -15210
4763 7295 -15238
4764 7329 -15262
4765 7421 -15406
4766 7481 -15454
4767 7477 -15554
4768 7329 -15478
4769 7395 -15450
4770 7377 -15474
4771 7175 -15162
4772 7285 -15374
4773 7255 -15414
4774 7363 -15402
4775 7343 -15454
4776 7305 -15346
4777 7205 -15286
4778 7223 -15402
4779 7265 -15450
4780 7279 -15266
4781 7229 -15190
4782 7171 -15410
4783 7105 -15354
4784 7143 -15334
4785 7069 -14974
4786 7265 -15390
4787 7209 -15422
4788 7145 -15450
4789 7063 -15382
4790 7075 -15446
4791 7033 -15230
4792 6979 -15218
4793 6963 -15278
4794 6969 -15290
4795 7039 -15354
4796 7149 -15494
4797 7207 -15538
4798 7247 -15570
4799 7327 -15590
4800 7125 -15218
4801 7135 -15198
4802 6921 -15130
4803 6853 -15062
4804 6883 -15186
4805 6735 -15130
4806 6707 -15094
4807 6609 -15074
4808 6597 -14914
4809 6593 -14958
4810 6659 -15118
4811 6795 -15342
4812 6695 -15338
4813 6795 -15558
4814 6761 -15442
4815 6763 -15406
4816 6729 -15310
4817 6673 -15370
4818 6827 -15422
4819 6859 -15638
4820 6891 -15534
4821 6813 -15290
4822 6673 -15146
4823 6749 -15262
4824 6639 -15230
4825 6601 -15074
4826 6541 -15222
4827 6575 -15342
4828 6457 -15210
4829 6517 -15310
4830 6531 -15286
4831 6563 -15186
4832 6591 -15102
4833 6619 -15370
4834 6657 -15290
4835 6725 -15374
4836 6759 -15354
4837 6717 -15290
4838 6681 -15174
4839 6801 -15370
4840 6849 -15606
4841 6891 -15634
4842 6801 -15642
4843 6769 -15466
4844 6817 -15438
4845 6903 -15538
4846 6895 -15506
4847 6885 -15574
4848 6821 -15306
4849 6787 -15270
4850 6851 -15254
4851 7007 -15358
4852 6981 -15246
4853 6877 -15026
4854 6897 -15018
4855 6943 -15238
4856 6929 -15354
4857 6947 -15258
4858 6917 -15286
4859 7073 -15282
4860 7179 -15462
4861 7217 -15386
4862 7175 -15446
4863 7129 -15430
4864 7089 -15278
4865 7117 -15150
4866 7259 -15138
4867 7095 -14590
4868 7173 -14762
4869 7217 -14678
4870 7217 -14894
4871 7211 -15070
4872 7357 -15266
4873 7369 -15214
4874 7201 -14866
4875 7287 -14982
4876 7235 -14966
4877 7255 -15058
4878 7275 -15298
4879 7385 -15386
4880 7453 -15382
4881 7535 -15566
4882 7471 -15378
4883 7523 -15470
4884 7469 -15326
4885 7455 -15366
4886 7295 -15066
4887 7373 -15122
4888 7351 -15166
4889 7365 -15178
4890 7423 -15326
4891 7355 -15290
4892 7291 -15146
4893 7295 -15062
4894 7281 -15134
4895 7303 -15046
4896 7339 -14990
4897 7273 -15082
4898 7317 -15078
4899 7313 -15046
4900 7345 -15098
4901 7345 -14890
4902 7435 -15106
4903 7403 -15078
4904 7343 -14946
4905 7355 -14870
4906 7267 -15050
4907 7177 -14982
4908 7055 -14802
4909 6991 -14886
4910 7013 -14938
4911 7069 -14918
4912 7019 -14906
4913 7111 -15158
4914 6989 -14858
4915 6939 -14746
4916 6955 -14926
4917 6953 -14950
4918 6969 -14854
4919 7019 -14794
4920 7085 -15058
4921 7023 -15054
4922 7101 -15170
4923 7207 -15206
4924 7093 -14990
4925 7097 -15302
4926 7057 -15142
4927 7129 -15350
4928 7179 -15290
4929 7279 -15242
4930 7319 -15462
4931 7213 -15366
4932 7143 -15182
4933 7137 -15134
4934 7097 -15018
4935 7057 -15006
4936 7143 -15154
4937 7197 -15386
4938 7141 -15190
4939 7091 -15178
4940 7025 -14998
4941 6941 -14674
4942 7123 -15146
4943 7167 -15306
4944 6933 -14822
4945 6945 -14906
4946 6893 -14994
4947 6987 -15050
4948 6943 -14918
4949 6949 -14962
4950 6853 -14958
4951 6975 -14790
4952 6925 -14742
4953 6999 -14786
4954 6991 -14838
4955 6985 -14726
4956 7027 -14842
4957 7073 -14866
4958 6981 -14922
4959 6905 -14802
4960 6987 -14994
4961 6983 -14950
4962 7019 -14870
4963 7279 -15258
4964 7205 -15178
4965 7251 -15254
4966 7167 -15250
4967 7131 -15454
4968 7045 -15330
4969 6893 -15254
4970 6921 -14910
4971 6887 -14950
4972 6907 -14902
4973 6919 -14994
4974 6917 -15150
4975 6879 -15242
4976 7011 -15314
4977 7083 -15226
4978 6977 -15410
4979 6919 -15322
4980 6957 -15586
4981 6771 -15358
4982 6895 -15594
4983 6795 -15238
4984 6611 -15010
4985 6681 -15138
4986 6557 -14746
4987 6531 -14654
4988 6563 -14734
4989 6663 -14798
4990 6611 -14898
4991 6595 -14654
4992 6695 -14930
4993 6621 -14802
4994 6695 -14966
4995 6619 -14874
4996 6567 -14894
4997 6641 -14914
4998 6743 -15202
4999 6717 -15086
5000 6623 -14878
5001 6605 -14770
5002 6661 -15034
5003 6871 -15254
5004 6779 -15278
5005 6701 -14870
5006 6715 -14862
5007 6807 -15022
5008 6921 -15346
5009 6795 -15190
5010 6775 -15394
5011 6869 -15434
5012 6935 -15382
5013 6849 -15538
5014 6851 -15438
5015 7021 -15370
5016 7211 -15622
5017 7153 -15538
5018 7211 -15554
5019 7223 -15726
5020 7169 -15710
5021 7231 -15646
5022 7207 -15586
5023 7287 -15630
5024 7341 -15606
5025 7307 -15662
5026 7313 -15454
5027 7407 -15710
5028 7381 -15814
5029 7277 -15586
5030 7151 -15214
5031 7069 -15122
5032 6965 -14958
5033 6969 -15014
5034 6923 -15070
5035 6991 -15006
5036 6943 -14886
5037 6981 -14842
5038 6995 -15062
5039 7147 -15190
5040 7083 -14970
5041 7095 -14950
5042 6947 -14782
5043 7015 -14958
5044 6985 -15006
5045 7031 -15094
5046 7099 -15198
5047 7127 -15082
5048 7185 -15094
5049 7081 -15030
5050 7221 -15186
5051 7155 -14966
5052 7361 -15018
5053 7411 -15166
5054 7467 -15174
5055 7473 -15118
5056 7499 -15206
5057 7477 -15334
5058 7481 -15190
5059 7449 -15242
5060 7541 -15066
5061 7697 -15226
5062 7749 -15494
5063 7675 -15502
5064 7609 -15410
5065 7611 -15546
5066 7471 -15322
5067 7567 -15410
5068 7525 -15238
5069 7541 -15354
5070 7559 -15470
5071 7609 -15478
5072 7643 -15442
5073 7631 -15606
5074 7721 -15618
5075 7643 -15454
5076 7645 -15550
5077 7653 -15410
5078 7619 -15350
5079 7525 -15270
5080 7553 -15510
5081 7577 -15438
5082 7491 -15314
5083 7489 -15222
5084 7451 -15266
5085 7435 -15426
5086 7455 -15382
5087 7433 -15338
5088 7571 -15374
5089 7551 -15238
5090 7455 -14918
5091 7525 -15030
5092 7493 -15066
5093 7479 -15014
5094 7359 -14970
5095 7447 -15206
5096 7543 -15450
5097 7633 -15378
5098 7609 -15178
5099 7633 -15134
5100 7605 -15106
5101 7593 -15222
5102 7535 -15046
5103 7531 -15010
5104 7597 -15046
5105 7583 -15030
5106 7651 -15110
5107 7701 -15182
5108 7607 -15186
5109 7547 -15322
5110 7469 -15198
5111 7427 -14978
5112 7399 -15218
5113 7363 -15158
5114 7331 -15190
5115 7285 -14946
5116 7345 -15198
5117 7407 -15138
5118 7583 -15310
5119 7693 -15422
5120 7671 -15390
5121 7795 -15710
5122 7769 -15794
5123 7773 -15686
5124 7833 -15666
5125 7909 -15734
5126 7943 -15666
5127 7851 -15538
5128 7781 -15450
5129 7839 -15750
5130 7837 -15638
5131 7829 -15542
5132 8009 -15894
5133 8011 -15818
5134 7953 -15654
5135 8077 -15790
5136 7937 -15494
5137 7887 -15354
5138 7897 -15434
5139 8041 -15666
5140 8139 -15826
5141 7965 -15578
5142 7995 -15838
5143 8045 -15906
5144 8117 -15866
5145 8073 -15526
5146 8033 -15438
5147 8131 -15570
5148 8217 -15794
5149 8233 -15878
5150 8173 -15846
5151 8093 -15846
5152 8101 -15802
5153 8071 -15742
5154 8017 -15722
5155 7939 -15578
5156 8021 -15626
5157 7925 -15450
5158 7947 -15498
5159 7867 -15514
5160 7821 -15354
5161 7679 -15290
5162 7737 -15218
5163 7743 -15318
5164 7759 -15346
5165 7827 -15354
5166 7873 -15190
5167 7871 -15358
5168 7845 -15474
5169 7851 -15402
5170 7859 -15418
5171 7937 -15554
5172 7887 -15326
5173 7903 -15418
5174 7893 -15390
5175 7935 -15550
5176 7889 -15374
5177 7907 -15494
5178 7825 -15326
5179 7969 -15574
5180 7839 -15194
5181 7871 -15358
5182 7807 -15346
5183 7739 -15150
5184 7775 -15166
5185 7805 -15338
5186 7719 -15330
5187 7875 -15494
5188 7963 -15466
5189 7887 -15422
5190 7955 -15526
5191 7861 -15202
5192 7911 -15470
5193 7817 -15326
5194 7827 -15318
5195 7791 -14970
5196 7965 -15570
5197 7969 -15650
5198 7859 -15550
5199 7885 -15514
5200 7901 -15442
5201 7805 -15290
5202 7737 -15282
5203 7815 -15454
5204 7783 -15534
5205 7863 -15626
5206 7763 -15414
5207 7713 -15446
5208 7717 -15822
5209 7663 -15562
5210 7741 -15610
5211 7731 -15502
5212 7593 -15262
5213 7741 -15550
5214 7749 -15398
5215 7707 -15374
5216 7681 -15242
5217 7687 -15302
5218 7665 -15258
5219 7817 -15382
5220 7719 -15278
5221 7761 -15374
5222 7705 -15290
5223 7793 -15486
5224 7833 -15594
5225 7753 -15350
5226 7813 -15346
5227 7917 -15646
5228 7807 -15374
5229 7851 -15450
5230 7949 -15618
5231 8019 -15522
5232 8109 -15634
5233 8011 -15554
5234 8071 -15630
5235 8083 -15654
5236 8101 -15518
5237 8011 -15354
5238 7875 -15098
5239 7815 -15050
5240 7727 -15134
5241 7895 -15410
5242 7901 -15466
5243 7893 -15514
5244 7851 -15522
5245 7779 -15366
5246 7797 -15422
5247 7739 -15386
5248 7709 -15366
5249 7775 -15554
5250 7653 -15274
5251 7601 -15254
5252 7581 -15354
5253 7647 -15374
5254 7613 -15318
5255 7645 -15386
5256 7569 -15410
5257 7435 -15206
5258 7439 -15130
5259 7529 -15262
5260 7451 -15166
5261 7621 -15414
5262 7575 -15286
5263 7529 -15250
5264 7645 -15322
5265 7705 -15338
5266 7669 -15282
5267 7741 -15330
5268 7757 -15342
5269 7895 -15730
5270 7887 -15746
5271 7909 -15690
5272 7667 -15294
5273 7661 -15426
5274 7631 -15350
5275 7791 -15522
5276 7883 -15494
5277 7881 -15578
5278 7841 -15706
5279 7689 -15354
5280 7791 -15410
5281 7867 -15710
5282 7911 -15850
5283 7783 -15662
5284 7805 -15658
5285 7807 -15686
5286 7853 -15694
5287 7833 -15610
5288 7763 -15454
5289 7815 -15558
5290 7879 -15610
5291 7773 -15526
5292 7605 -15110
5293 7815 -15442
5294 7669 -15150
5295 7649 -15318
5296 7621 -15302
5297 7657 -15442
5298 7673 -15406
5299 7713 -15478
5300 7793 -15582
5301 7739 -15594
5302 7751 -15494
5303 7771 -15266
5304 7727 -15294
5305 7751 -15274
5306 7705 -15362
5307 7741 -15506
5308 7677 -15258
5309 7619 -15258
5310 7573 -15118
5311 7549 -15098
5312 7643 -15402
5313 7561 -15326
5314 7621 -15378
5315 7809 -15578
5316 7859 -15682
5317 7989 -15890
5318 8009 -15634
5319 7959 -15474
5320 7789 -15282
5321 7735 -15202
5322 7773 -15294
5323 7801 -15314
5324 7953 -15462
5325 7803 -15362
5326 7905 -15406
5327 7881 -15298
5328 7841 -15422
5329 7841 -15474
5330 7809 -15446
5331 7691 -15306
5332 7697 -15222
5333 7713 -15402
5334 7653 -15138
5335 7725 -15350
5336 7651 -15294
5337 7701 -15186
5338 7685 -15150
5339 7781 -15578
5340 7787 -15594
5341 7779 -15310
5342 7713 -15098
5343 7873 -15454
5344 7897 -15506
5345 7899 -15470
5346 7933 -15606
5347 7903 -15414
5348 7807 -15182
5349 7811 -15322
5350 7799 -15298
5351 7911 -15230
5352 7943 -15382
5353 8023 -15534
5354 8111 -15550
5355 8167 -15646
5356 8181 -15694
5357 8193 -15990
5358 8197 -15922
5359 8085 -15566
5360 8039 -15578
5361 8075 -15798
5362 8149 -15758
5363 8207 -15746
5364 8097 -15446
5365 7973 -15386
5366 7887 -15302
5367 7817 -15222
5368 7773 -15178
5369 7761 -15154
5370 7683 -15126
5371 7541 -15110
5372 7639 -15238
5373 7641 -15318
5374 7623 -15402
5375 7599 -15314
5376 7595 -15102
5377 7621 -15222
5378 7597 -15190
5379 7501 -15054
5380 7543 -15094
5381 7475 -14886
5382 7599 -14974
5383 7457 -14946
5384 7547 -15134
5385 7579 -15074
5386 7663 -15126
5387 7661 -15178
5388 7737 -15262
5389 7639 -14922
5390 7687 -15202
5391 7835 -15430
5392 7841 -15294
5393 7889 -15474
5394 7803 -15298
5395 7947 -15630
5396 8105 -15746
5397 8011 -15486
5398 8019 -15638
5399 8007 -15474
5400 7961 -15438
5401 7881 -15234
5402 8063 -15474
5403 8051 -15602
5404 8093 -15718
5405 7957 -15570
5406 7939 -15354
5407 7917 -15310
5408 7951 -15330
5409 8071 -15542
5410 8061 -15610
5411 8137 -15726
5412 8033 -15486
5413 8121 -15922
5414 8111 -15902
5415 8025 -15886
5416 8049 -15858
5417 7913 -15562
5418 7801 -15566
5419 7829 -15354
5420 7863 -15266
5421 7825 -15374
5422 7831 -15558
5423 7811 -15574
5424 7753 -15250
5425 7745 -15282
5426 7709 -15362
5427 7611 -15162
5428 7601 -15062
5429 7763 -15374
5430 7727 -15514
5431 7733 -15522
5432 7885 -15658
5433 7821 -15530
5434 7697 -15186
5435 7683 -15170
5436 7717 -15290
5437 7551 -15110
5438 7531 -15190
5439 7551 -15202
5440 7575 -15426
5441 7521 -15194
5442 7545 -15182
5443 7587 -15282
5444 7599 -15246
5445 7761 -15470
5446 7823 -15474
5447 7797 -15430
5448 7811 -15226
5449 7907 -15338
5450 7901 -15446
5451 8001 -15574
5452 8181 -15846
5453 8173 -15730
5454 8075 -15534
5455 7877 -15306
5456 8003 -15422
5457 7959 -15446
5458 7993 -15586
5459 8045 -15502
5460 7933 -15354
5461 8019 -15382
5462 8151 -15742
5463 8139 -15810
5464 8133 -15846
5465 8193 -15854
5466 8095 -15662
5467 8163 -15650
5468 8161 -15598
5469 8137 -15858
5470 8111 -15738
5471 8143 -15814
5472 8179 -15966
5473 8059 -15658
5474 7873 -15270
5475 7897 -15518
5476 7951 -15606
5477 7991 -15754
5478 7933 -15514
5479 8017 -15562
5480 7963 -15482
5481 7871 -15426
5482 7901 -15602
5483 7899 -15442
5484 7875 -15482
5485 7937 -15614
5486 7989 -15542
5487 7939 -15346
5488 7943 -15446
5489 7843 -15210
5490 7915 -15358
5491 7861 -15326
5492 7823 -15298
5493 7859 -15366
5494 7923 -15566
5495 7835 -15438
5496 7823 -15386
5497 7735 -15314
5498 7561 -14910
5499 7385 -14686
5500 7313 -14594
5501 7297 -14558
5502 7401 -14906
5503 7347 -14758
5504 7379 -14802
5505 7527 -14982
5506 7547 -15178
5507 7579 -15202
5508 7711 -15434
5509 7709 -15322
5510 7715 -15498
5511 7789 -15626
5512 7769 -15618
5513 7769 -15526
5514 7629 -15154
5515 7705 -15354
5516 7775 -15478
5517 7787 -15542
5518 7765 -15410
5519 7849 -15446
5520 7679 -15210
5521 7797 -15494
5522 7825 -15354
5523 7777 -15466
5524 7847 -15390
5525 7769 -15362
5526 7649 -15210
5527 7809 -15378
5528 7897 -15474
5529 7779 -15322
5530 7741 -15390
5531 7739 -15326
5532 7805 -15482
5533 7827 -15318
5534 7811 -15314
5535 7747 -15358
5536 7641 -15278
5537 7621 -15334
5538 7623 -15166
5539 7501 -14878
5540 7539 -14930
5541 7647 -15110
5542 7695 -15134
5543 7551 -14982
5544 7579 -15062
5545 7691 -15254
5546 7639 -15310
5547 7641 -15450
5548 7707 -15362
5549 7611 -15210
5550 7617 -15190
5551 7703 -15578
5552 7639 -15406
5553 7553 -15382
5554 7561 -15374
5555 7533 -15402
5556 7513 -15290
5557 7529 -15354
5558 7595 -15246
5559 7511 -15250
5560 7505 -15374
5561 7569 -15430
5562 7429 -15294
5563 7387 -15194
5564 7543 -15374
5565 7545 -15458
5566 7605 -15498
5567 7537 -15334
5568 7541 -15522
5569 7511 -15442
5570 7535 -15530
5571 7561 -15546
5572 7623 -15478
5573 7629 -15438
5574 7629 -15310
5575 7685 -15414
5576 7633 -15366
5577 7631 -15362
5578 7841 -15610
5579 7909 -15714
5580 7895 -15790
5581 7945 -15754
5582 7957 -15770
5583 8043 -15846
5584 8209 -16046
5585 8229 -15950
5586 8109 -15626
5587 8055 -15478
5588 8049 -15546
5589 8201 -15722
5590 8151 -15642
5591 8059 -15514
5592 8067 -15442
5593 7959 -15286
5594 8015 -15338
5595 8075 -15334
5596 8077 -15450
5597 8179 -15470
5598 8079 -15366
5599 8227 -15702
5600 8209 -15710
5601 8175 -15890
5602 8201 -15870
5603 8179 -15778
5604 8161 -15806
5605 8249 -16026
5606 8175 -15878
5607 8095 -15526
5608 7989 -15274
5609 7969 -15190
5610 8045 -15374
5611 8023 -15342
5612 8007 -15498
5613 8091 -15614
5614 8127 -15658
5615 8231 -15858
5616 8229 -15870
5617 8217 -15794
5618 8239 -15750
5619 8121 -15534
5620 8177 -15590
5621 8233 -15750
5622 8181 -15814
5623 8191 -15742
5624 8203 -15690
5625 8229 -15594
5626 8251 -15474
5627 8207 -15402
5628 8183 -15418
5629 8179 -15442
5630 8291 -15806
5631 8373 -15766
5632 8353 -15874
5633 8275 -15666
5634 8221 -15710
5635 8251 -15858
5636 8277 -15734
5637 8353 -15994
5638 8199 -15906
5639 8065 -15538
5640 7963 -15426
5641 8075 -15662
5642 7967 -15426
5643 7965 -15454
5644 7925 -15438
5645 8039 -15746
5646 7931 -15634
5647 7915 -15474
5648 7913 -15566
5649 7963 -15590
5650 7827 -15398
5651 7807 -15418
5652 7715 -15338
5653 7625 -15362
5654 7579 -15238
5655 7507 -15098
5656 7441 -15058
5657 7399 -15314
5658 7509 -15290
5659 7519 -15298
5660 7481 -15274
5661 7517 -15402
5662 7553 -15322
5663 7607 -15530
5664 7521 -15162
5665 7499 -15146
5666 7531 -15262
5667 7487 -15102
5668 7507 -15038
5669 7417 -15090
5670 7385 -15190
5671 7277 -14962
5672 7357 -15026
5673 7441 -15086
5674 7599 -15298
5675 7723 -15486
5676 7671 -15410
5677 7707 -15234
5678 7831 -15458
5679 7705 -15158
5680 7763 -15326
5681 7895 -15658
5682 7883 -15566
5683 7827 -15418
5684 7879 -15426
5685 7955 -15522
5686 8011 -15630
5687 8097 -15614
5688 8099 -15722
5689 8115 -15642
5690 8203 -15658
5691 8165 -15626
5692 8301 -15890
5693 8273 -15666
5694 8195 -15594
5695 8221 -15646
5696 8333 -16006
5697 8305 -15922
5698 8221 -15942
5699 8063 -15494
5700 8053 -15782
5701 8141 -15766
5702 8093 -15654
5703 7827 -15354
5704 7905 -15538
5705 7847 -15442
5706 7761 -15366
5707 7795 -15418
5708 7803 -15418
5709 7779 -15326
5710 7779 -15498
5711 7845 -15790
5712 7835 -15538
5713 7921 -15774
5714 7985 -15850
5715 8089 -15922
5716 8061 -15710
5717 7995 -15482
5718 7961 -15410
5719 7993 -15322
5720 7975 -15466
5721 7999 -15458
5722 8011 -15566
5723 7945 -15546
5724 7829 -15346
5725 7911 -15406
5726 7853 -15334
5727 7875 -15326
5728 7843 -15290
5729 8009 -15566
5730 7995 -15422
5731 8055 -15618
5732 7931 -15294
5733 7845 -15414
5734 7719 -15126
5735 7803 -15206
5736 7871 -15058
5737 7811 -15262
5738 7857 -15386
5739 7795 -15162
5740 7941 -15382
5741 7909 -15206
5742 8023 -15610
5743 7965 -15378
5744 8099 -15642
5745 8021 -15574
5746 7993 -15346
5747 7929 -15154
5748 8109 -15542
5749 8069 -15578
5750 7989 -15530
5751 8001 -15542
5752 7907 -15346
5753 7959 -15366
5754 7935 -15214
5755 7855 -15230
5756 7889 -15250
5757 7997 -15434
5758 7961 -15206
5759 7983 -15262
5760 7957 -15378
5761 8071 -15750
5762 8003 -15586
5763 8005 -15606
5764 8007 -15678
5765 7969 -15578
5766 7887 -15418
5767 7825 -15162
5768 7889 -15258
5769 7973 -15414
5770 7945 -15422
5771 8073 -15598
5772 8095 -15634
5773 8091 -15610
5774 8127 -15918
5775 8135 -15866
5776 8079 -15606
5777 8039 -15554
5778 8091 -15658
5779 8161 -15758
5780 8037 -15414
5781 8009 -15382
5782 7951 -15250
5783 7961 -15298
5784 8023 -15426
5785 8073 -15594
5786 8111 -15534
5787 8135 -15646
5788 8207 -15786
5789 8265 -15962
5790 8249 -15730
5791 8315 -15934
5792 8267 -15822
5793 8153 -15710
5794 8035 -15626
5795 8087 -15630
5796 7979 -15550
5797 7909 -15482
5798 7895 -15270
5799 7995 -15430
5800 7919 -15478
5801 7907 -15522
5802 7835 -15326
5803 7847 -15314
5804 7875 -15478
5805 7835 -15278
5806 7727 -15142
5807 7849 -15346
5808 7895 -15426
5809 7841 -15270
5810 7697 -15262
5811 7683 -15226
5812 7775 -15414
5813 7881 -15582
5814 7837 -15578
5815 7719 -15474
5816 7743 -15366
5817 7829 -15742
5818 7891 -15794
5819 7813 -15822
5820 7851 -15782
5821 7779 -15538
5822 7883 -15754
5823 7733 -15722
5824 7615 -15382
5825 7635 -15314
5826 7651 -15378
5827 7661 -15566
5828 7759 -15750
5829 7683 -15726
5830 7645 -15546
5831 7729 -15638
5832 7695 -15662
5833 7777 -15722
5834 7803 -15714
5835 7825 -15662
5836 7895 -15850
5837 7723 -15462
5838 7803 -15466
5839 7785 -15474
5840 7619 -15198
5841 7793 -15414
5842 7695 -15398
5843 7649 -15410
5844 7567 -15198
5845 7533 -15110
5846 7417 -14922
5847 7383 -14702
5848 7375 -14978
5849 7409 -15022
5850 7315 -15034
5851 7221 -14946
5852 7433 -14914
5853 7457 -15138
5854 7599 -15266
5855 7797 -15390
5856 7859 -15598
5857 7871 -15754
5858 7903 -15726
5859 7863 -15746
5860 7905 -15674
5861 7709 -15466
5862 7557 -15150
5863 7643 -15418
5864 7651 -15470
5865 7693 -15230
5866 7679 -15350
5867 7679 -15298
5868 7599 -15322
5869 7549 -15326
5870 7529 -15382
5871 7589 -15466
5872 7609 -15554
5873 7663 -15590
5874 7795 -15618
5875 7797 -15710
5876 7777 -15578
5877 7821 -15658
5878 7895 -15778
5879 7785 -15514
5880 7673 -15290
5881 7615 -15406
5882 7595 -15194
5883 7533 -15174
5884 7605 -15442
5885 7657 -15366
5886 7607 -15178
5887 7679 -15562
5888 7731 -15546
5889 7671 -15374
5890 7725 -15322
5891 7669 -15430
5892 7851 -15854
5893 7803 -15586
5894 7823 -15550
5895 7719 -15298
5896 7797 -15482
5897 7727 -15258
5898 7661 -15254
5899 7671 -15214
5900 7595 -15206
5901 7677 -15250
5902 7655 -15322
5903 7717 -15490
5904 7629 -15270
5905 7651 -15298
5906 7635 -15338
5907 7593 -15070
5908 7517 -15038
5909 7359 -14726
5910 7367 -14694
5911 7369 -14750
5912 7337 -14882
5913 7403 -15062
5914 7377 -15174
5915 7331 -15034
5916 7367 -15054
5917 7359 -15030
5918 7385 -15034
5919 7355 -15398
5920 7327 -15286
5921 7283 -15230
5922 7465 -15454
5923 7469 -15414
5924 7429 -15334
5925 7315 -15402
5926 7299 -15270
5927 7379 -15274
5928 7429 -15482
5929 7451 -15582
5930 7463 -15574
5931 7425 -15518
5932 7431 -15394
5933 7411 -15166
5934 7517 -15418
5935 7477 -15418
5936 7391 -15074
5937 7259 -15014
5938 7343 -15194
5939 7399 -15210
5940 7351 -15118
5941 7509 -15278
5942 7533 -15146
5943 7477 -15246
5944 7613 -15374
5945 7757 -15686
5946 7771 -15682
5947 7813 -15798
5948 7761 -15726
5949 7825 -15754
5950 7783 -15558
5951 7671 -15454
5952 7663 -15402
5953 7581 -15378
5954 7547 -15170
5955 7431 -15210
5956 7401 -15090
5957 7503 -15250
5958 7539 -15342
5959 7383 -15122
5960 7497 -15274
5961 7513 -15182
5962 7473 -15282
5963 7427 -15346
5964 7411 -15258
5965 7455 -15222
5966 7585 -15414
5967 7613 -15482
5968 7567 -15302
5969 7575 -15442
5970 7597 -15534
5971 7623 -15514
5972 7599 -15462
5973 7739 -15610
5974 7745 -15702
5975 7743 -15610
5976 7683 -15494
5977 7631 -15506
5978 7667 -15670
5979 7533 -15414
5980 7473 -15174
5981 7453 -15130
5982 7417 -15070
5983 7383 -15074
5984 7587 -15358
5985 7571 -15270
5986 7653 -15462
5987 7655 -15318
5988 7619 -15230
5989 7627 -15206
5990 7689 -15278
5991 7693 -15338
5992 7869 -15274
5993 7779 -15402
5994 7685 -15382
5995 7803 -15162
5996 7751 -15298
5997 7799 -15354
5998 7765 -15474
5999 7651 -15246
6000 7651 -15214
6001 7667 -15098
6002 7685 -15294
6003 7801 -15482
6004 7849 -15574
6005 7833 -15586
6006 7931 -15706
6007 7913 -15542
6008 8043 -15626
6009 7981 -15558
6010 8121 -15702
6011 8077 -15726
6012 7941 -15614
6013 7965 -15598
6014 8095 -15678
6015 8023 -15602
6016 8019 -15626
6017 7985 -15650
6018 7995 -15550
6019 7999 -15574
6020 8073 -15506
6021 8017 -15330
6022 8007 -15314
6023 7977 -15286
6024 7977 -15526
6025 7897 -15398
6026 7961 -15558
6027 7941 -15658
6028 7901 -15694
6029 7849 -15414
6030 7843 -15590
6031 7749 -15410
6032 7739 -15398
6033 7873 -15582
6034 7781 -15626
6035 7723 -15354
6036 7621 -15186
6037 7607 -15106
6038 7627 -15254
6039 7699 -15334
6040 7615 -15154
6041 7613 -15246
6042 7657 -15346
6043 7681 -15566
6044 7745 -15550
6045 7797 -15586
6046 7855 -15562
6047 7945 -15598
6048 7959 -15738
6049 7995 -15686
6050 7923 -15510
6051 8047 -15626
6052 8053 -15478
6053 8085 -15562
6054 8161 -15774
6055 8075 -15698
6056 7983 -15458
6057 7957 -15346
6058 7953 -15338
6059 7889 -15270
6060 7841 -15266
6061 7881 -15202
6062 7877 -15266
6063 7943 -15326
6064 7935 -15382
6065 8007 -15438
6066 7911 -15262
6067 8053 -15558
6068 8079 -15578
6069 7999 -15458
6070 8097 -15630
6071 8037 -15538
6072 8047 -15646
6073 7977 -15638
6074 7835 -15286
6075 7941 -15390
6076 8029 -15718
6077 8005 -15526
6078 8055 -15670
6079 8091 -15794
6080 8197 -16002
6081 8069 -15634
6082 8161 -15954
6083 8167 -15894
6084 8165 -15702
6085 8177 -15766
6086 8093 -15658
6087 8125 -15794
6088 8217 -15750
6089 8239 -15770
6090 8263 -15834
6091 8263 -15930
6092 8127 -15714
6093 8131 -15642
6094 8141 -15642
6095 8097 -15590
6096 7917 -15342
6097 7943 -15494
6098 7831 -15378
6099 7759 -15110
6100 7741 -15178
6101 7815 -15410
6102 7961 -15618
6103 7941 -15494
6104 7997 -15682
6105 8069 -15862
6106 7995 -15810
6107 7963 -15574
6108 7985 -15590
6109 7991 -15706
6110 7779 -15354
6111 7793 -15286
6112 7749 -15270
6113 7741 -15146
6114 7825 -15198
6115 7915 -15442
6116 7833 -15374
6117 7813 -15546
6118 7871 -15618
6119 7891 -15726
6120 7901 -15898
6121 7835 -15790
6122 7769 -15538
6123 7731 -15502
6124 7611 -15338
6125 7665 -15314
6126 7581 -15186
6127 7555 -15166
6128 7601 -15194
6129 7649 -15190
6130 7689 -15326
6131 7579 -15266
6132 7451 -15114
6133 7457 -15258
6134 7509 -15342
6135 7485 -15198
6136 7521 -15150
6137 7571 -15174
6138 7649 -15398
6139 7655 -15250
6140 7705 -15326
6141 7755 -15330
6142 7833 -15510
6143 7813 -15438
6144 7773 -15354
6145 7797 -15374
6146 7683 -15522
6147 7655 -15450
6148 7533 -15278
6149 7537 -15210
6150 7461 -15238
6151 7535 -15134
6152 7459 -15062
6153 7415 -15126
6154 7473 -15346
6155 7533 -15346
6156 7451 -15030
6157 7551 -15122
6158 7563 -15118
6159 7653 -15286
6160 7603 -15178
6161 7693 -15398
6162 7735 -15598
6163 7655 -15254
6164 7595 -15218
6165 7503 -15130
6166 7629 -15362
6167 7635 -15454
6168 7621 -15470
6169 7615 -15498
6170 7613 -15498
6171 7611 -15490
6172 7563 -15458
6173 7577 -15582
6174 7611 -15606
6175 7699 -15598
6176 7807 -15710
6177 7789 -15566
6178 7735 -15606
6179 7691 -15554
6180 7865 -15810
6181 7737 -15682
6182 7787 -15746
6183 7809 -15666
6184 7817 -15866
6185 7807 -15778
6186 7671 -15590
6187 7611 -15482
6188 7737 -15502
6189 7787 -15666
6190 7837 -15630
6191 7777 -15382
6192 7689 -15322
6193 7715 -15362
6194 7719 -15434
6195 7637 -15370
6196 7575 -15398
6197 7565 -15366
6198 7379 -15050
6199 7175 -14906
6200 7223 -15090
6201 7147 -14858
6202 7157 -14778
6203 7137 -14750
6204 7045 -14970
6205 7197 -15162
6206 7291 -15058
6207 7305 -15082
6208 7345 -15174
6209 7299 -15274
6210 7283 -15414
6211 7283 -15354
6212 7221 -15134
6213 7241 -15034
6214 7367 -15154
6215 7321 -15054
6216 7275 -15058
6217 7149 -15150
6218 7081 -14946
6219 7087 -14790
6220 7089 -14898
6221 7075 -14982
6222 7129 -15138
6223 7017 -15202
6224 6867 -14914
6225 6845 -14914
6226 6901 -14910
6227 6881 -14838
6228 6867 -14878
6229 6975 -15022
6230 7063 -15006
6231 6959 -14558
6232 7095 -14878
6233 7243 -15030
6234 7327 -15102
6235 7071 -14646
6236 7067 -14702
6237 7073 -14778
6238 7055 -14810
6239 6983 -14806
6240 7111 -14962
6241 7165 -15138
6242 7117 -14962
6243 7149 -15050
6244 7269 -15182
6245 7325 -15238
6246 7431 -15374
6247 7415 -15262
6248 7451 -15194
6249 7515 -15238
6250 7555 -15334
6251 7563 -15358
6252 7593 -15238
6253 7599 -15318
6254 7553 -15362
6255 7647 -15522
6256 7707 -15558
6257 7667 -15514
6258 7635 -15314
6259 7625 -15274
6260 7647 -15286
6261 7661 -15306
6262 7705 -15366
6263 7701 -15318
6264 7737 -15410
6265 7751 -15298
6266 7791 -15434
6267 7753 -15378
6268 7601 -15106
6269 7811 -15326
6270 7849 -15518
6271 7825 -15378
6272 7909 -15518
6273 7841 -15510
6274 7829 -15434
6275 7959 -15650
6276 7951 -15542
6277 7881 -15438
6278 7693 -15106
6279 7775 -15426
6280 7747 -15370
6281 7657 -15338
6282 7725 -15630
6283 7607 -15462
6284 7525 -15290
6285 7389 -15046
6286 7299 -14886
6287 7271 -14998
6288 7225 -14866
6289 7233 -14850
6290 7267 -14782
6291 7303 -14902
6292 7295 -15110
6293 7293 -15106
6294 7447 -15382
6295 7341 -15298
6296 7343 -15282
6297 7335 -15250
6298 7293 -15146
6299 7265 -15066
6300 7161 -14922
6301 7231 -15026
6302 7219 -14890
6303 7135 -14974
6304 7071 -14906
6305 7069 -14898
6306 7073 -14814
6307 7065 -14926
6308 7003 -14890
6309 6843 -14666
6310 6877 -14862
6311 6923 -14798
6312 6859 -14746
6313 6835 -14714
6314 6769 -14622
6315 6767 -14634
6316 6879 -14854
6317 6869 -14786
6318 6875 -14878
6319 6883 -14878
6320 6981 -15082
6321 6873 -14750
6322 6939 -15018
6323 7095 -15094
6324 7277 -15262
6325 7179 -15134
6326 7265 -15238
6327 7205 -15078
6328 7289 -15366
6329 7217 -15210
6330 7189 -15006
6331 7117 -15106
6332 7071 -15066
6333 6989 -14962
6334 7003 -15066
6335 6955 -15014
6336 6879 -15054
6337 6929 -15202
6338 6905 -15106
6339 7045 -15174
6340 7053 -15066
6341 7157 -15314
6342 7111 -15282
6343 7309 -15366
6344 7333 -15514
6345 7333 -15630
6346 7299 -15662
6347 7285 -15566
6348 7303 -15522
6349 7351 -15654
6350 7309 -15414
6351 7413 -15418
6352 7425 -15346
6353 7359 -15346
6354 7457 -15586
6355 7407 -15490
6356 7461 -15430
6357 7471 -15350
6358 7421 -15346
6359 7501 -15474
6360 7433 -15426
6361 7501 -15390
6362 7467 -15282
6363 7419 -15330
6364 7529 -15658
6365 7447 -15322
6366 7507 -15370
6367 7551 -15486
6368 7533 -15494
6369 7553 -15614
6370 7629 -15690
6371 7437 -15286
6372 7433 -15290
6373 7491 -15398
6374 7425 -15342
6375 7457 -15542
6376 7481 -15426
6377 7469 -15242
6378 7609 -15586
6379 7659 -15702
6380 7697 -15566
6381 7669 -15466
6382 7655 -15502
6383 7783 -15594
6384 7727 -15518
6385 7933 -15750
6386 8019 -15986
6387 8029 -15962
6388 7975 -15886
6389 7815 -15634
6390 7905 -15758
6391 7823 -15434
6392 8015 -15838
6393 7937 -15458
6394 7975 -15638
6395 8053 -15634
6396 8015 -15814
6397 8013 -15834
6398 7985 -15646
6399 8069 -15846
6400 8039 -15710
6401 7973 -15822
6402 7959 -15830
6403 7969 -15754
6404 7883 -15590
6405 7929 -15622
6406 7883 -15650
6407 7703 -15386
6408 7673 -15226
6409 7763 -15326
6410 7905 -15554
6411 7961 -15814
6412 7791 -15538
6413 7983 -15934
6414 7959 -15858
6415 7945 -15738
6416 8099 -15966
6417 7955 -15762
6418 8013 -16010
6419 7893 -15690
6420 7899 -15834
6421 7861 -15810
6422 7785 -15658
6423 7691 -15494
6424 7639 -15454
6425 7721 -15606
6426 7531 -15494
6427 7463 -15358
6428 7531 -15658
6429 7327 -15558
6430 7309 -15526
6431 7339 -15518
6432 7359 -15534
6433 7357 -15170
6434 7253 -15066
6435 7259 -15170
6436 7287 -15130
6437 7249 -15210
6438 7175 -15250
6439 7073 -15150
6440 7215 -15350
6441 7169 -15170
6442 7193 -15282
6443 7023 -15178
6444 7001 -15234
6445 7037 -15282
6446 7031 -15366
6447 6995 -15246
6448 6975 -15290
6449 6917 -14978
6450 6923 -15054
6451 6875 -15046
6452 6827 -15034
6453 6875 -15058
6454 6913 -15030
6455 6853 -15090
6456 6967 -15130
6457 7013 -15190
6458 7029 -15190
6459 7049 -15354
6460 7083 -14990
6461 7077 -15098
6462 7019 -14994
6463 7037 -14970
6464 7059 -14986
6465 7081 -14970
6466 7039 -14922
6467 6949 -14950
6468 7089 -15234
6469 7197 -15494
6470 7165 -15578
6471 7155 -15498
6472 7129 -15574
6473 7119 -15710
6474 7137 -15642
6475 7081 -15566
6476 7095 -15422
6477 7001 -15290
6478 6905 -15326
6479 6901 -15166
6480 6783 -15090
6481 6659 -14942
6482 6725 -15030
6483 6717 -15250
6484 6783 -15162
6485 6693 -15166
6486 6763 -15318
6487 6821 -15406
6488 6835 -15338
6489 6827 -15430
6490 6857 -15326
6491 6833 -15054
6492 6799 -15266
6493 6799 -15062
6494 6711 -15086
6495 6687 -15126
6496 6747 -15030
6497 6775 -14870
6498 6895 -15090
6499 6921 -15010
6500 6883 -14990
6501 6713 -14822
6502 6863 -15050
6503 6835 -15110
6504 6781 -15010
6505 6669 -15038
6506 6689 -14950
6507 6665 -14910
6508 6673 -15054
6509 6677 -14958
6510 6749 -15106
6511 6693 -15138
6512 6641 -14734
6513 6533 -14522
6514 6537 -14430
6515 6549 -14466
6516 6639 -14658
6517 6745 -14850
6518 6851 -14870
6519 6695 -14762
6520 6817 -14866
6521 6845 -14942
6522 6841 -14842
6523 6843 -14774
6524 6687 -14538
6525 6783 -14690
6526 6757 -14758
6527 6849 -14750
6528 6847 -15030
6529 6835 -15058
6530 6739 -14946
6531 6891 -14970
6532 7141 -15310
6533 7065 -15450
6534 7005 -15302
6535 7017 -15074
6536 7009 -15314
6537 6995 -15330
6538 7057 -15214
6539 7007 -14922
6540 6981 -15118
6541 6915 -14986
6542 7025 -15146
6543 6955 -14862
6544 6887 -14966
6545 6959 -15214
6546 7001 -15202
6547 7043 -15330
6548 7083 -15486
6549 7133 -15522
6550 6969 -15206
6551 6921 -14978
6552 6951 -15034
6553 6887 -14886
6554 6779 -14902
6555 6757 -14858
6556 6797 -14750
6557 6723 -14850
6558 6725 -14902
6559 6809 -14858
6560 6807 -14958
6561 6913 -15110
6562 6943 -15006
6563 6889 -15122
6564 6873 -15074
6565 6877 -15050
6566 6791 -14906
6567 6883 -14830
6568 6657 -14634
6569 6793 -14838
6570 6735 -14882
6571 6711 -14746
6572 6633 -14790
6573 6697 -14790
6574 6645 -14762
6575 6675 -15010
6576 6757 -15158
6577 6857 -15326
6578 7093 -15550
6579 7005 -15330
6580 7027 -15398
6581 7079 -15346
6582 7101 -15462
6583 7123 -15526
6584 7065 -15622
6585 6995 -15546
6586 6907 -15286
6587 7011 -15450
6588 7045 -15342
6589 6889 -15238
6590 6855 -15282
6591 6941 -15398
6592 6859 -15154
6593 6921 -15318
6594 6921 -15458
6595 6833 -15166
6596 6903 -15294
6597 6909 -15130
6598 6847 -15114
6599 6751 -15022
6600 6837 -15034
6601 6819 -15190
6602 6877 -15418
6603 6975 -15662
6604 6943 -15606
6605 6991 -15446
6606 6991 -15574
6607 6987 -15278
6608 6983 -15518
6609 7061 -15770
6610 6977 -15826
6611 7003 -15770
6612 6963 -15522
6613 6981 -15234
6614 6945 -15270
6615 7007 -15106
6616 6955 -15410
6617 6901 -15386
6618 6869 -15274
6619 6777 -15350
6620 6897 -15226
6621 6843 -15294
6622 6863 -15418
6623 6977 -15586
6624 6987 -15498
6625 7017 -15338
6626 6997 -15354
6627 7073 -15602
6628 7167 -15414
6629 7113 -15446
6630 7043 -15118
6631 6995 -14886
6632 7005 -14874
6633 7013 -15078
6634 7049 -15222
6635 6915 -14986
6636 6999 -15194
6637 7105 -15630
6638 7007 -15414
6639 7005 -15286
6640 6963 -15258
6641 6995 -15362
6642 7025 -15486
6643 6973 -15478
6644 6879 -15286
6645 6845 -15158
6646 6861 -15142
6647 6793 -14986
6648 6765 -15102
6649 6813 -15166
6650 7007 -15354
6651 7087 -15342
6652 7033 -15058
6653 6969 -14850
6654 6987 -15138
6655 7021 -15274
6656 7017 -15238
6657 6901 -15198
6658 6825 -15102
6659 6865 -15294
6660 6913 -15426
6661 6705 -15142
6662 6719 -15202
6663 6679 -14994
6664 6483 -14934
6665 6421 -14882
6666 6479 -14682
6667 6551 -14802
6668 6455 -14938
6669 6455 -14994
6670 6387 -14766
6671 6335 -14698
6672 6303 -14710
6673 6449 -14818
6674 6521 -14786
6675 6543 -15042
6676 6693 -15438
6677 6685 -15378
6678 6691 -15366
6679 6665 -15302
6680 6669 -15242
6681 6619 -14958
6682 6737 -15326
6683 6779 -15378
6684 6971 -15658
6685 6819 -15254
6686 6749 -15230
6687 6903 -15442
6688 6947 -15594
6689 6839 -15582
6690 6935 -15442
6691 6923 -15514
6692 6969 -15470
6693 6903 -15558
6694 6959 -15462
6695 6999 -15574
6696 7017 -15570
6697 6985 -15566
6698 6991 -15482
6699 7051 -15310
6700 7083 -15334
6701 7171 -15618
6702 7135 -15470
6703 7257 -15618
6704 7321 -15630
6705 7237 -15678
6706 7281 -15726
6707 7079 -15446
6708 7201 -15482
6709 7249 -15550
6710 7139 -15330
6711 7161 -15494
6712 7197 -15598
6713 7171 -15458
6714 7011 -15398
6715 6883 -15078
6716 7073 -15506
6717 7101 -15682
6718 7089 -15614
6719 7017 -15562
6720 7031 -15494
6721 6923 -15382
6722 6963 -15582
6723 6879 -15410
6724 7037 -15650
6725 7015 -15338
6726 6989 -15174
6727 7077 -15522
6728 7151 -15546
6729 7179 -15542
6730 7107 -15546
6731 7053 -15526
6732 6953 -15278
6733 6861 -15330
6734 6877 -15178
6735 6965 -15342
6736 6921 -15290
6737 6869 -15430
6738 6953 -15570
6739 7003 -15454
6740 6809 -15322
6741 6897 -15602
6742 7031 -15498
6743 6947 -15466
6744 6935 -15346
6745 6935 -15366
6746 6931 -15566
6747 6843 -15314
6748 6857 -15114
6749 6681 -14958
6750 6749 -14934
6751 6967 -15258
6752 7129 -15426
6753 7125 -15466
6754 7113 -15246
6755 7225 -15306
6756 7303 -15474
6757 7297 -15654
6758 7291 -15318
6759 7279 -15266
6760 7279 -15134
6761 7277 -15438
6762 7315 -15634
6763 7245 -15478
6764 7275 -15410
6765 7455 -15706
6766 7341 -15506
6767 7283 -15510
6768 7213 -15506
6769 7345 -15818
6770 7469 -15850
6771 7385 -15602
6772 7321 -15406
6773 7475 -15574
6774 7297 -15454
6775 7369 -15498
6776 7425 -15322
6777 7401 -15362
6778 7435 -15334
6779 7515 -15638
6780 7501 -15534
6781 7493 -15366
6782 7395 -15522
6783 7377 -15274
6784 7303 -15210
6785 7205 -15070
6786 7295 -15062
6787 7367 -15166
6788 7251 -15070
6789 7275 -15002
6790 7227 -15054
6791 7319 -15314
6792 7197 -14990
6793 7171 -14978
6794 7319 -14978
6795 7319 -15030
6796 7287 -15034
6797 7347 -15130
6798 7415 -15186
6799 7373 -15210
6800 7407 -15214
6801 7457 -15422
6802 7567 -15566
6803 7513 -15418
6804 7531 -15330
6805 7575 -15458
6806 7725 -15702
6807 7647 -15746
6808 7597 -15526
6809 7507 -15334
6810 7503 -15562
6811 7567 -15506
6812 7565 -15418
6813 7555 -15414
6814 7491 -15242
6815 7533 -15338
6816 7555 -15250
6817 7567 -15506
6818 7575 -15618
6819 7539 -15486
6820 7421 -15306
6821 7269 -15150
6822 7411 -15266
6823 7345 -15146
6824 7403 -15298
6825 7269 -15226
6826 7359 -15326
6827 7367 -15378
6828 7247 -15110
6829 7341 -15338
6830 7235 -15258
6831 7151 -15166
6832 7223 -15250
6833 7155 -14842
6834 7099 -14946
6835 7097 -14974
6836 7073 -14682
6837 7059 -14814
6838 7201 -15198
6839 7187 -14998
6840 7127 -15174
6841 7119 -15250
6842 7167 -15090
6843 7037 -15126
6844 7105 -15238
6845 7073 -14994
6846 7049 -14950
6847 7145 -15102
6848 7141 -15210
6849 7191 -15222
6850 7271 -15478
6851 7149 -15390
6852 7167 -15362
6853 7193 -15350
6854 7045 -15034
6855 7069 -14870
6856 7115 -15046
6857 7171 -15298
6858 7235 -15414
6859 7165 -15186
6860 7281 -15318
6861 7327 -15402
6862 7239 -15138
6863 7299 -15178
6864 7369 -15166
6865 7419 -15294
6866 7381 -15382
6867 7325 -15078
6868 7361 -15218
6869 7447 -15386
6870 7439 -15458
6871 7371 -15522
6872 7455 -15898
6873 7391 -15622
6874 7285 -15546
6875 7353 -15586
6876 7337 -15534
6877 7357 -15310
6878 7271 -14966
6879 7369 -15390
6880 7327 -15186
6881 7279 -15222
6882 7195 -14986
6883 7257 -14858
6884 7237 -14974
6885 7291 -15174
6886 7383 -15374
6887 7457 -15166
6888 7433 -15294
6889 7399 -15126
6890 7331 -14938
6891 7339 -15202
6892 7463 -15202
6893 7543 -15242
6894 7637 -15414
6895 7555 -15106
6896 7489 -15110
6897 7397 -14838
6898 7583 -15242
6899 7473 -14990
6900 7479 -15058
6901 7615 -15342
6902 7569 -15366
6903 7687 -15406
6904 7673 -15518
6905 7659 -15474
6906 7709 -15550
6907 7635 -15442
6908 7647 -15390
6909 7649 -15218
6910 7599 -15262
6911 7543 -15086
6912 7673 -15422
6913 7435 -15218
6914 7455 -15346
6915 7409 -15442
6916 7255 -15210
6917 7339 -15238
6918 7311 -15118
6919 7323 -15042
6920 7255 -15018
6921 7273 -15030
6922 7249 -15086
6923 7351 -15170
6924 7367 -15230
6925 7419 -15454
6926 7515 -15518
6927 7453 -15510
6928 7399 -15414
6929 7393 -15130
6930 7533 -15558
6931 7569 -15710
6932 7621 -15470
6933 7593 -15470
6934 7439 -15226
6935 7507 -15322
6936 7447 -15210
6937 7469 -15226
6938 7641 -15582
6939 7655 -15602
6940 7515 -15422
6941 7337 -15286
6942 7125 -15018
6943 7237 -15046
6944 7225 -15010
6945 7149 -14846
6946 7119 -14966
6947 7039 -14926
6948 7079 -15038
6949 7107 -14910
6950 7033 -14762
6951 7041 -14834
6952 7017 -14834
6953 7125 -15098
6954 7121 -14994
6955 7065 -14822
6956 7145 -14994
6957 7013 -14986
6958 7189 -15118
6959 7121 -14790
6960 7191 -15022
6961 7155 -15150
6962 7005 -14850
6963 6967 -15050
6964 7103 -15198
6965 7237 -15242
6966 7275 -15222
6967 7209 -15178
6968 7115 -15070
6969 7019 -15034
6970 7019 -14842
6971 7059 -14982
6972 7055 -15026
6973 7107 -14942
6974 6987 -14386
6975 7073 -14538
6976 7165 -14758
6977 7245 -14878
6978 7247 -14958
6979 7311 -15074
6980 7487 -15286
6981 7423 -15082
6982 7461 -15238
6983 7589 -15162
6984 7637 -15250
6985 7647 -15162
6986 7741 -15478
6987 7897 -15810
6988 7935 -15922
6989 7829 -15802
6990 7887 -15674
6991 7841 -15702
6992 7731 -15430
6993 7631 -15294
6994 7777 -15414
6995 7673 -15210
6996 7649 -15342
6997 7731 -15438
6998 7769 -15546
6999 7637 -15454
7000 7619 -15434
7001 7597 -15578
7002 7485 -15286
7003 7455 -15322
7004 7385 -15026
7005 7413 -15042
7006 7221 -14854
7007 7319 -15038
7008 7191 -14842
7009 7307 -14862
7010 7203 -14826
7011 7251 -15038
7012 7395 -15198
7013 7543 -15554
7014 7559 -15378
7015 7623 -15582
7016 7453 -15302
7017 7435 -14986
7018 7447 -15218
7019 7473 -15150
7020 7605 -15326
7021 7607 -15222
7022 7457 -15274
7023 7441 -15066
7024 7487 -14778
7025 7611 -14874
7026 7671 -15122
7027 7797 -15326
7028 7765 -15254
7029 7807 -15254
7030 7975 -15562
7031 7961 -15602
7032 8007 -15742
7033 7981 -15778
7034 7957 -15470
7035 7841 -15414
7036 7879 -15458
7037 7915 -15622
7038 7941 -15558
7039 7867 -15346
7040 7835 -15466
7041 7737 -15238
7042 7823 -15350
7043 7961 -15642
7044 8029 -15702
7045 8233 -16050
7046 8173 -15982
7047 8059 -15758
7048 7947 -15374
7049 8055 -15646
7050 8035 -15598
7051 8093 -15810
7052 8153 -16006
7053 8199 -16042
7054 8241 -15910
7055 8179 -15974
7056 8169 -15802
7057 8125 -15626
7058 8129 -15662
7059 8115 -15606
7060 8103 -15834
7061 7967 -15478
7062 8015 -15566
7063 7895 -15338
7064 7925 -15554
7065 7965 -15614
7066 7999 -15670
7067 8047 -15734
7068 7939 -15610
7069 7915 -15654
7070 8057 -15790
7071 8063 -15794
7072 8021 -15810
7073 7969 -15698
7074 7909 -15774
7075 7915 -15626
7076 7891 -15494
7077 7965 -15458
7078 7963 -15714
7079 7939 -15670
7080 8013 -15918
7081 7831 -15374
7082 7925 -15550
7083 7889 -15482
7084 7823 -15454
7085 7843 -15446
7086 7845 -15474
7087 7887 -15394
7088 7879 -15322
7089 7935 -15426
7090 7993 -15386
7091 7947 -15402
7092 7913 -15390
7093 7937 -15370
7094 7995 -15522
7095 7963 -15654
7096 7911 -15618
7097 7895 -15534
7098 7991 -15730
7099 7933 -15550
7100 7839 -15310
7101 7863 -15482
7102 7865 -15486
7103 7991 -15434
7104 7947 -15550
7105 7845 -15474
7106 7811 -15422
7107 7807 -15442
7108 7943 -15578
7109 7845 -15530
7110 7895 -15514
7111 7967 -15570
7112 7859 -15286
7113 7875 -15438
7114 7883 -15510
7115 7747 -15126
7116 7769 -15002
7117 7807 -15126
7118 7947 -15498
7119 7957 -15490
7120 8081 -15554
7121 8273 -15950
7122 8247 -15806
7123 8363 -16010
7124 8443 -16334
7125 8461 -16162
7126 8441 -16082
7127 8409 -16026
7128 8265 -15802
7129 8245 -15742
7130 8245 -15798
7131 8207 -15706
7132 8205 -15766
7133 7961 -15418
7134 8017 -15518
7135 8093 -15646
7136 8199 -15758
7137 8141 -15802
7138 8105 -15858
7139 8169 -15874
7140 8225 -15714
7141 8139 -15586
7142 8061 -15570
7143 8023 -15626
7144 7989 -15762
7145 7975 -15546
7146 7999 -15682
7147 7921 -15738
7148 7723 -15414
7149 7801 -15530
7150 7689 -15418
7151 7651 -15094
7152 7619 -15246
7153 7669 -15254
7154 7669 -15214
7155 7679 -15150
7156 7875 -15434
7157 7757 -15274
7158 7733 -15258
7159 7719 -15262
7160 7803 -15294
7161 7799 -15362
7162 7789 -15670
7163 7715 -15618
7164 7619 -15358
7165 7787 -15654
7166 7867 -15906
7167 7773 -15562
7168 7725 -15430
7169 7663 -15246
7170 7605 -15278
7171 7583 -15130
7172 7513 -15030
7173 7583 -15186
7174 7579 -15206
7175 7595 -15230
7176 7597 -15298
7177 7571 -15302
7178 7499 -15138
7179 7399 -15062
7180 7389 -14954
7181 7517 -15074
7182 7561 -15262
7183 7641 -15198
7184 7649 -15166
7185 7629 -15298
7186 7683 -15458
7187 7639 -15310
7188 7653 -15334
7189 7609 -15046
7190 7535 -15142
7191 7489 -15146
7192 7563 -15230
7193 7633 -15334
7194 7687 -15314
7195 7691 -15410
7196 7711 -15110
7197 7657 -15054
7198 7821 -15346
7199 7919 -15354
7200 7859 -15430
7201 7807 -15330
7202 7831 -15430
7203 7827 -15318
7204 7873 -15514
7205 7921 -15714
7206 7907 -15702
7207 7861 -15386
7208 7847 -15430
7209 7803 -15510
7210 7869 -15766
7211 7849 -15470
7212 7749 -15318
7213 7875 -15778
7214 7969 -15690
7215 8013 -15698
7216 8027 -15630
7217 8001 -15734
7218 8015 -15682
7219 8013 -15670
7220 8097 -15898
7221 8121 -15970
7222 8147 -15962
7223 8181 -15926
7224 8143 -16062
7225 8145 -16066
7226 8059 -15914
7227 7983 -15650
7228 7993 -15686
7229 7873 -15498
7230 7909 -15374
7231 8035 -15446
7232 8193 -15846
7233 8131 -15622
7234 8179 -15706
7235 8089 -15594
7236 8107 -15682
7237 8121 -15782
7238 8239 -15902
7239 8151 -15906
7240 8139 -15866
7241 8229 -16094
7242 8235 -16118
7243 8123 -15766
7244 8117 -15798
7245 8091 -15690
7246 8145 -15710
7247 8037 -15470
7248 8049 -15458
7249 8161 -15798
7250 8219 -15818
7251 8215 -15802
7252 8195 -15494
7253 8131 -15574
7254 8103 -15618
7255 8049 -15558
7256 8195 -15886
7257 8033 -15674
7258 8051 -15658
7259 8147 -15758
7260 8105 -15614
7261 7961 -15498
7262 7899 -15398
7263 7873 -15186
7264 7955 -15374
7265 7951 -15410
7266 8143 -15662
7267 8109 -15658
7268 8069 -15622
7269 7871 -15330
7270 7935 -15226
7271 8151 -15598
7272 8071 -15718
7273 7979 -15422
7274 7919 -15450
7275 8011 -15630
7276 8145 -15918
7277 8097 -15742
7278 8075 -15894
7279 8001 -15674
7280 8031 -15750
7281 8047 -15762
7282 8053 -15758
7283 7991 -15594
7284 7951 -15402
7285 7977 -15562
7286 8023 -15666
7287 7823 -15406
7288 7933 -15430
7289 8067 -15654
7290 8153 -15614
7291 8223 -15734
7292 8033 -15482
7293 8025 -15586
7294 8071 -15550
7295 8147 -15718
7296 8267 -15910
7297 8113 -15630
7298 8035 -15442
7299 7827 -15282
7300 7837 -15418
7301 7863 -15442
7302 7811 -15262
7303 7777 -15262
7304 7861 -15322
7305 7813 -15130
7306 7839 -15282
7307 7809 -15218
7308 7959 -15270
7309 7941 -15310
7310 7891 -15190
7311 7847 -15174
7312 7871 -15330
7313 7843 -15294
7314 7791 -15046
7315 7723 -15038
7316 7615 -14954
7317 7563 -14906
7318 7585 -15018
7319 7787 -15222
7320 7777 -15342
7321 7791 -15118
7322 7839 -15258
7323 7787 -15310
7324 7753 -15370
7325 7661 -15194
7326 7695 -15306
7327 7659 -15278
7328 7737 -15514
7329 7749 -15458
7330 7699 -15402
7331 7699 -15370
7332 7637 -15130
7333 7701 -15478
7334 7707 -15410
7335 7747 -15442
7336 7745 -15502
7337 7627 -15202
7338 7767 -15678
7339 7603 -15386
7340 7585 -15310
7341 7449 -15126
7342 7381 -15326
7343 7531 -15526
7344 7533 -15522
7345 7525 -15494
7346 7597 -15494
7347 7679 -15446
7348 7635 -15538
7349 7537 -15478
7350 7461 -15310
7351 7361 -15210
7352 7319 -15078
7353 7347 -15066
7354 7347 -15262
7355 7395 -15190
7356 7447 -15170
7357 7537 -15518
7358 7575 -15430
7359 7473 -15238
7360 7395 -15014
7361 7471 -15382
7362 7343 -15122
7363 7293 -14966
7364 7379 -15218
7365 7383 -15262
7366 7477 -15322
7367 7403 -15122
7368 7301 -14962
7369 7245 -14902
7370 7249 -15038
7371 7401 -15042
7372 7539 -15378
7373 7549 -15318
7374 7681 -15570
7375 7601 -15422
7376 7529 -15342
7377 7683 -15586
7378 7677 -15590
7379 7519 -15250
7380 7529 -15374
7381 7597 -15494
7382 7557 -15322
7383 7549 -15346
7384 7543 -15282
7385 7673 -15422
7386 7755 -15558
7387 7745 -15474
7388 7809 -15394
7389 7877 -15546
7390 7819 -15482
7391 7785 -15578
7392 7813 -15558
7393 7761 -15718
7394 7793 -15686
7395 7805 -15642
7396 7949 -15558
7397 7859 -15446
7398 7875 -15458
7399 7883 -15330
7400 7833 -15342
7401 7931 -15594
7402 7879 -15706
7403 7867 -15674
7404 7915 -15790
7405 7857 -15790
7406 7853 -15718
7407 7867 -15670
7408 7831 -15578
7409 7825 -15402
7410 7791 -15630
7411 7797 -15550
7412 7765 -15398
7413 7771 -15382
7414 7851 -15466
7415 7797 -15422
7416 7861 -15698
7417 7829 -15658
7418 7791 -15514
7419 7719 -15530
7420 7685 -15330
7421 7671 -15402
7422 7709 -15578
7423 7885 -15938
7424 7837 -15886
7425 7769 -15854
7426 7653 -15510
7427 7705 -15626
7428 7721 -15382
7429 7641 -15334
7430 7603 -15154
7431 7549 -15018
7432 7679 -15054
7433 7731 -15190
7434 7789 -15206
7435 7817 -15374
7436 7865 -15574
7437 7903 -15758
7438 7891 -15614
7439 7941 -15778
7440 7945 -15682
7441 7967 -15690
7442 7935 -15714
7443 8061 -15878
7444 7971 -15714
7445 7809 -15642
7446 7821 -15502
7447 8051 -15970
7448 7889 -15590
7449 7837 -15454
7450 7801 -15390
7451 7857 -15502
7452 7907 -15482
7453 7899 -15610
7454 7791 -15558
7455 7839 -15634
7456 7833 -15606
7457 7777 -15474
7458 7719 -15454
7459 7825 -15570
7460 7809 -15618
7461 7803 -15662
7462 7739 -15310
7463 7767 -15694
7464 7761 -15758
7465 7819 -15750
7466 7747 -15538
7467 7661 -15206
7468 7671 -15350
7469 7655 -15390
7470 7577 -15262
7471 7495 -15162
7472 7481 -15262
7473 7485 -15238
7474 7423 -15110
7475 7405 -15018
7476 7401 -15146
7477 7529 -15282
7478 7579 -15218
7479 7519 -15198
7480 7519 -15030
7481 7379 -15022
7482 7343 -14990
7483 7333 -14918
7484 7271 -14858
7485 7283 -14994
7486 7261 -15166
7487 7209 -14926
7488 7239 -15002
7489 7245 -15026
7490 7111 -14862
7491 7207 -15030
7492 7263 -15234
7493 7299 -15230
7494 7293 -15102
7495 7315 -15146
7496 7559 -15722
7497 7483 -15626
7498 7427 -15390
7499 7447 -15402
7500 7291 -15074
7501 7199 -14874
7502 7243 -14906
7503 7289 -14894
7504 7307 -14946
7505 7495 -15250
7506 7481 -15018
7507 7491 -15046
7508 7577 -15210
7509 7535 -15358
7510 7567 -15418
7511 7647 -15510
7512 7635 -15490
7513 7569 -15578
7514 7633 -15706
7515 7535 -15534
7516 7537 -15574
7517 7509 -15534
7518 7495 -15322
7519 7567 -15570
7520 7541 -15342
7521 7505 -15394
7522 7515 -15434
7523 7565 -15574
7524 7573 -15550
7525 7493 -15486
7526 7601 -15542
7527 7569 -15394
7528 7605 -15446
7529 7623 -15678
7530 7783 -15706
7531 7703 -15802
7532 7775 -15738
7533 7795 -15970
7534 7771 -15774
7535 7709 -15878
7536 7597 -15686
7537 7555 -15610
7538 7493 -15474
7539 7423 -15430
7540 7399 -15390
7541 7429 -15334
7542 7559 -15526
7543 7613 -15586
7544 7565 -15638
7545 7539 -15430
7546 7641 -15822
7547 7827 -16030
7548 7677 -15622
7549 7797 -15810
7550 7791 -15710
7551 7835 -15914
7552 7831 -15786
7553 7773 -15730
7554 7725 -15778
7555 7767 -15714
7556 7801 -15774
7557 7819 -15758
7558 7807 -15702
7559 7771 -15510
7560 7719 -15410
7561 7739 -15630
7562 7711 -15554
7563 7931 -15866
7564 7949 -15878
7565 7901 -15858
7566 7947 -15798
7567 7927 -15686
7568 7851 -15562
7569 7791 -15562
7570 7819 -15518
7571 7799 -15646
7572 7773 -15590
7573 7867 -15594
7574 7869 -15786
7575 7853 -15806
7576 7853 -15714
7577 7877 -15834
7578 7785 -15730
7579 7819 -15942
7580 7697 -15658
7581 7749 -15534
7582 7757 -15606
7583 7611 -15306
7584 7577 -15482
7585 7677 -15350
7586 7677 -15442
7587 7821 -15774
7588 7823 -15682
7589 7733 -15346
7590 7775 -15534
7591 7763 -15638
7592 7809 -15490
7593 7909 -15554
7594 7921 -15646
7595 7885 -15462
7596 7933 -15702
7597 8061 -15962
7598 7911 -15630
7599 7827 -15598
7600 7775 -15434
7601 7699 -15394
7602 7815 -15614
7603 7687 -15422
7604 7735 -15418
7605 7709 -15382
7606 7861 -15538
7607 7831 -15462
7608 7767 -15378
7609 7759 -15550
7610 7669 -15482
7611 7731 -15550
7612 7585 -15174
7613 7745 -15542
7614 7643 -15302
7615 7555 -15330
7616 7697 -15646
7617 7587 -15394
7618 7683 -15390
7619 7649 -15426
7620 7531 -15074
7621 7461 -15118
7622 7485 -14990
7623 7629 -15310
7624 7465 -15074
7625 7461 -15010
7626 7353 -14782
7627 7247 -15026
7628 7393 -15118
7629 7475 -15202
7630 7507 -15238
7631 7639 -15394
7632 7763 -15386
7633 7815 -15626
7634 7741 -15462
7635 7699 -15626
7636 7685 -15342
7637 7701 -15234
7638 7713 -15354
7639 7663 -15258
7640 7541 -15210
7641 7533 -15198
7642 7571 -15378
7643 7465 -15186
7644 7367 -15162
7645 7405 -15142
7646 7461 -15334
7647 7545 -15418
7648 7489 -15438
7649 7469 -15370
7650 7343 -15174
7651 7425 -15354
7652 7523 -15434
7653 7573 -15262
7654 7543 -15246
7655 7423 -15022
7656 7425 -15066
7657 7407 -15174
7658 7367 -15122
7659 7379 -15106
7660 7433 -15322
7661 7291 -15066
7662 7321 -14986
7663 7297 -15058
7664 7295 -14962
7665 7359 -15134
7666 7587 -15342
7667 7415 -15038
7668 7365 -14994
7669 7369 -15298
7670 7375 -15366
7671 7285 -15194
7672 7367 -15518
7673 7295 -15494
7674 7259 -15338
7675 7365 -15490
7676 7391 -15510
7677 7241 -15166
7678 7279 -15210
7679 7403 -15350
7680 7311 -15030
7681 7355 -14878
7682 7383 -14854
7683 7345 -14762
7684 7273 -14566
7685 7263 -14682
7686 7355 -14846
7687 7393 -14794
7688 7375 -14930
7689 7381 -15038
7690 7333 -14954
7691 7359 -14922
7692 7351 -14838
7693 7313 -14922
7694 7285 -15130
7695 7261 -15082
7696 7241 -15058
7697 7295 -15054
7698 7043 -14790
7699 7057 -15082
7700 7013 -14878
7701 7045 -14930
7702 7017 -14966
7703 7021 -14890
7704 6897 -14798
7705 6793 -14754
7706 6821 -14934
7707 6925 -15290
7708 6783 -14846
7709 6709 -14638
7710 6789 -14826
7711 6795 -14734
7712 6909 -14970
7713 6915 -14822
7714 7045 -15026
7715 7015 -14966
7716 6897 -14870
7717 6827 -14754
7718 6739 -14810
7719 6723 -14898
7720 6729 -14906
7721 6811 -14982
7722 6681 -14942
7723 6705 -14790
7724 6877 -15046
7725 6931 -15110
7726 7019 -15230
7727 6949 -15254
7728 6951 -15246
7729 6903 -15078
7730 6865 -15002
7731 6859 -14930
7732 6811 -14894
7733 6609 -14598
7734 6533 -14714
7735 6629 -14690
7736 6609 -14654
7737 6749 -14914
7738 6771 -14782
7739 6747 -14702
7740 6785 -14766
7741 6867 -14806
7742 6793 -14798
7743 6887 -14710
7744 6825 -14682
7745 6869 -14790
7746 7015 -14938
7747 6993 -14794
7748 7051 -14670
7749 6815 -14538
7750 6997 -14818
7751 7059 -14850
7752 6851 -14622
7753 6913 -14602
7754 7001 -14834
7755 7023 -14858
7756 6949 -14874
7757 6969 -14726
7758 7095 -15018
7759 7145 -15118
7760 7171 -15310
7761 7199 -15062
7762 7187 -15050
7763 7309 -15174
7764 7345 -14930
7765 7285 -14910
7766 7345 -15130
7767 7429 -15214
7768 7337 -15218
7769 7281 -15178
7770 7223 -14962
7771 7251 -15054
7772 7203 -15078
7773 7199 -14966
7774 7175 -15050
7775 7149 -15002
7776 7191 -15146
7777 7141 -15186
7778 7039 -14882
7779 7015 -14866
7780 7129 -14986
7781 7127 -14986
7782 7207 -15026
7783 7087 -15098
7784 7257 -15354
7785 7251 -15278
7786 7319 -15422
7787 7157 -15154
7788 7127 -15158
7789 7059 -15062
7790 7119 -15022
7791 7179 -15050
7792 7157 -14846
7793 7083 -14882
7794 7313 -15146
7795 7161 -15090
7796 7357 -15126
7797 7437 -15402
7798 7393 -15334
7799 7289 -15170
7800 7129 -14986
7801 7163 -15086
7802 7289 -15230
7803 7117 -14706
7804 7115 -14726
7805 7223 -15010
7806 7155 -14982
7807 7175 -14982
7808 7199 -14914
7809 7199 -14906
7810 7199 -14898
7811 7187 -14938
7812 7225 -14822
7813 7399 -15066
7814 7493 -15158
7815 7535 -15254
7816 7557 -15302
7817 7603 -15242
7818 7581 -15234
7819 7641 -15334
7820 7685 -15374
7821 7735 -15374
7822 7707 -15362
7823 7609 -15454
7824 7565 -15298
7825 7455 -15182
7826 7425 -15094
7827 7439 -15130
7828 7353 -15070
7829 7335 -15022
7830 7325 -15134
7831 7367 -15170
7832 7383 -15298
7833 7305 -15042
7834 7419 -15278
7835 7443 -15074
7836 7477 -15274
7837 7359 -15274
7838 7329 -15142
7839 7305 -15090
7840 7169 -14890
7841 7039 -14834
7842 7167 -15038
7843 7191 -14954
7844 7217 -14754
7845 7173 -14770
7846 7077 -14766
7847 7045 -14998
7848 7257 -15166
7849 7377 -15406
7850 7235 -15162
7851 7277 -15182
7852 7315 -15386
7853 7359 -15526
7854 7375 -15382
7855 7347 -15470
7856 7449 -15646
7857 7419 -15690
7858 7263 -15294
7859 7331 -15438
7860 7381 -15674
7861 7435 -15622
7862 7375 -15630
7863 7281 -15294
7864 7217 -15346
7865 7281 -15262
7866 7279 -15330
7867 7319 -15342
7868 7269 -15474
7869 7293 -15586
7870 7231 -15566
7871 7117 -15442
7872 7083 -15238
7873 7095 -15342
7874 7051 -15298
7875 6971 -15342
7876 7105 -15458
7877 7187 -15566
7878 7215 -15302
7879 7245 -15470
7880 7425 -15610
7881 7497 -15678
7882 7421 -15498
7883 7511 -15654
7884 7495 -15850
7885 7507 -15782
7886 7423 -15734
7887 7525 -15830
7888 7365 -15622
7889 7319 -15562
7890 7319 -15630
7891 7289 -15618
7892 7287 -15614
7893 7171 -15254
7894 7171 -15142
7895 7167 -15062
7896 7203 -15054
7897 7251 -15206
7898 7261 -15390
7899 7245 -15286
7900 7107 -15282
7901 7057 -15258
7902 7007 -15326
7903 6931 -15098
7904 6993 -15098
7905 6785 -14918
7906 6971 -15138
7907 6871 -14982
7908 6999 -15210
7909 7103 -15274
7910 7365 -15582
7911 7321 -15398
7912 7235 -15386
7913 7217 -15374
7914 7121 -15190
7915 7269 -15390
7916 7179 -15498
7917 7151 -15350
7918 7269 -15578
7919 7323 -15726
7920 7383 -15610
7921 7369 -15662
7922 7419 -15718
7923 7337 -15722
7924 7265 -15598
7925 7235 -15454
7926 7175 -15294
7927 7227 -15474
7928 7237 -15566
7929 7149 -15422
7930 7027 -15146
7931 7027 -14986
7932 7147 -15006
7933 7065 -14978
7934 7059 -14778
7935 6995 -14958
7936 7125 -14966
7937 7173 -15194
7938 7225 -15342
7939 7213 -15290
7940 7413 -15606
7941 7421 -15498
7942 7303 -15434
7943 7237 -15314
7944 7253 -15302
7945 7213 -15286
7946 7235 -15398
7947 7193 -15258
7948 7203 -15326
7949 7287 -15298
7950 7245 -15442
7951 7155 -15154
7952 7169 -15258
7953 7263 -15370
7954 7315 -15394
7955 7295 -15378
7956 7381 -15434
7957 7351 -15426
7958 7281 -15378
7959 7079 -15278
7960 7165 -15094
7961 7171 -15334
7962 7263 -15490
7963 7231 -15442
7964 7227 -15314
7965 7249 -15406
7966 7325 -15462
7967 7341 -15522
7968 7255 -15534
7969 7249 -15442
7970 7255 -15502
7971 7257 -15450
7972 7149 -15046
7973 7219 -15422
7974 7169 -15410
7975 7211 -15362
7976 7153 -15090
7977 7105 -15242
7978 7149 -15282
7979 7219 -15402
7980 7271 -15346
7981 7245 -15230
7982 7237 -15338
7983 7231 -15290
7984 7271 -15130
7985 7213 -15202
7986 7297 -15506
7987 7311 -15482
7988 7259 -15258
7989 7259 -15230
7990 7367 -15446
7991 7305 -15330
7992 7281 -15358
7993 7347 -15418
7994 7405 -15250
7995 7369 -15342
7996 7377 -15306
7997 7293 -15378
7998 7269 -15238
7999 7361 -15402
8000 7503 -15458
8001 7529 -15606
8002 7367 -15154
8003 7481 -15102
8004 7569 -15370
8005 7719 -15630
8006 7599 -15598
8007 7693 -15570
8008 7679 -15674
8009 7805 -15726
8010 7781 -15650
8011 7835 -15842
8012 7823 -15738
8013 7853 -15830
8014 7863 -15806
8015 7769 -15526
8016 7705 -15342
8017 7817 -15570
8018 7703 -15398
8019 7615 -15322
8020 7713 -15438
8021 7733 -15418
8022 7629 -15550
8023 7661 -15538
8024 7547 -15402
8025 7543 -15382
8026 7499 -15294
8027 7499 -15266
8028 7557 -15610
8029 7491 -15478
8030 7547 -15546
8031 7707 -15678
8032 7739 -15566
8033 7817 -15502
8034 7663 -15446
8035 7607 -15314
8036 7525 -15194
8037 7619 -15434
8038 7787 -15434
8039 7709 -15502
8040 7739 -15522
8041 7751 -15514
8042 7725 -15262
8043 7773 -15282
8044 7877 -15426
8045 7801 -15690
8046 7771 -15678
8047 7661 -15518
8048 7691 -15614
8049 7713 -15602
8050 7723 -15554
8051 7759 -15618
8052 7783 -15622
8053 7881 -15642
8054 7869 -15422
8055 7763 -15382
8056 7719 -15638
8057 7665 -15586
8058 7665 -15454
8059 7719 -15378
8060 7737 -15426
8061 7749 -15486
8062 7693 -15370
8063 7647 -15362
8064 7631 -15378
8065 7543 -15162
8066 7661 -15382
8067 7629 -15278
8068 7719 -15390
8069 7599 -15246
8070 7671 -15250
8071 7657 -15402
8072 7715 -15626
8073 7753 -15498
8074 7785 -15670
8075 7735 -15534
8076 7731 -15490
8077 7869 -15586
8078 7957 -15702
8079 7887 -15602
8080 7815 -15466
8081 7727 -15274
8082 7663 -15426
8083 7577 -15078
8084 7619 -15134
8085 7759 -15254
8086 7693 -15270
8087 7507 -14970
8088 7619 -15222
8089 7749 -15334
8090 7773 -15366
8091 7749 -15214
8092 7699 -15218
8093 7603 -15026
8094 7803 -15282
8095 7819 -15538
8096 7905 -15542
8097 7869 -15466
8098 7743 -15258
8099 7853 -15606
8100 7845 -15642
8101 7827 -15570
8102 7913 -15646
8103 7887 -15630
8104 7809 -15546
8105 7843 -15606
8106 7857 -15534
8107 7761 -15450
8108 7725 -15242
8109 7655 -15234
8110 7623 -15250
8111 7623 -15074
8112 7609 -15246
8113 7595 -15246
8114 7557 -15134
8115 7561 -15114
8116 7599 -15150
8117 7665 -15350
8118 7649 -15342
8119 7637 -15406
8120 7597 -15194
8121 7593 -15114
8122 7587 -15106
8123 7555 -15126
8124 7521 -14930
8125 7563 -15054
8126 7609 -15078
8127 7655 -15378
8128 7623 -15390
8129 7627 -15218
8130 7695 -15278
8131 7659 -15374
8132 7551 -15142
8133 7579 -15394
8134 7487 -15366
8135 7517 -14994
8136 7473 -15166
8137 7349 -14954
8138 7485 -15186
8139 7445 -14870
8140 7395 -14810
8141 7501 -15110
8142 7575 -15214
8143 7405 -14834
8144 7433 -15006
8145 7529 -15070
8146 7399 -15078
8147 7517 -15134
8148 7525 -15106
8149 7491 -15062
8150 7387 -14818
8151 7407 -14918
8152 7459 -15114
8153 7521 -15242
8154 7371 -14914
8155 7235 -14702
8156 7189 -14966
8157 7201 -15226
8158 7163 -14918
8159 7083 -14794
8160 7027 -14930
8161 7067 -15106
8162 7195 -15210
8163 7323 -15234
8164 7365 -15446
8165 7433 -15262
8166 7385 -15262
8167 7325 -15058
8168 7277 -15258
8169 7143 -14966
8170 7209 -15074
8171 7259 -15106
8172 7297 -15342
8173 7333 -15234
8174 7337 -15330
8175 7315 -15302
8176 7349 -15350
8177 7313 -15302
8178 7369 -15418
8179 7401 -15522
8180 7271 -15302
8181 7289 -15342
8182 7381 -15474
8183 7503 -15426
8184 7507 -15438
8185 7353 -15170
8186 7393 -15166
8187 7439 -15258
8188 7511 -15298
8189 7487 -15230
8190 7425 -15086
8191 7645 -15510
8192 7603 -15502
8193 7575 -15570
8194 7665 -15546
8195 7725 -15542
8196 7579 -15310
8197 7453 -15174
8198 7567 -15390
8199 7551 -15302
8200 7453 -15046
8201 7447 -14958
8202 7389 -14946
8203 7357 -14798
8204 7407 -14966
8205 7397 -15178
8206 7407 -15026
8207 7461 -15246
8208 7447 -15350
8209 7429 -15350
8210 7277 -14990
8211 7389 -15322
8212 7409 -15530
8213 7373 -15406
8214 7403 -15542
8215 7383 -15438
8216 7271 -15438
8217 7205 -15330
8218 7161 -15174
8219 7079 -15110
8220 6997 -15074
8221 7013 -15282
8222 6963 -15222
8223 6991 -15218
8224 6955 -15102
8225 7059 -15102
8226 7003 -14998
8227 6997 -14818
8228 6949 -14642
8229 6905 -14590
8230 7025 -14898
8231 7111 -14918
8232 7101 -15114
8233 7109 -15182
8234 7051 -15054
8235 6953 -14786
8236 7029 -14722
8237 7015 -14846
8238 7033 -14934
8239 7109 -14990
8240 7117 -14926
8241 7127 -15178
8242 7199 -15014
8243 7241 -15054
8244 7287 -15218
8245 7219 -15218
8246 7165 -15066
8247 7279 -15242
8248 7413 -15394
8249 7209 -15114
8250 7279 -15262
8251 7089 -14694
8252 7143 -14894
8253 7031 -14554
8254 6975 -14550
8255 7003 -14802
8256 6945 -14906
8257 6995 -15094
8258 6919 -14814
8259 6823 -14750
8260 6983 -15074
8261 7043 -14958
8262 6983 -15006
8263 7103 -15186
8264 6991 -14914
8265 6953 -14994
8266 6933 -14954
8267 7003 -15198
8268 7109 -15106
8269 7103 -15038
8270 6949 -14958
8271 7035 -14986
8272 7061 -15074
8273 7153 -15082
8274 7119 -15206
8275 7035 -15126
8276 6995 -15082
8277 6951 -15142
8278 6991 -15050
8279 6859 -14886
8280 6849 -14842
8281 6979 -15114
8282 6873 -15042
8283 6891 -14914
8284 6985 -15206
8285 6999 -15090
8286 7053 -15102
8287 7147 -15550
8288 7083 -15422
8289 7077 -15214
8290 7091 -15346
8291 7143 -15342
8292 7075 -15114
8293 7085 -15058
8294 7167 -15262
8295 7011 -14978
8296 6989 -15082
8297 7131 -15338
8298 7059 -15146
8299 6889 -14882
8300 6963 -15058
8301 7087 -15082
8302 7095 -15290
8303 7125 -15394
8304 7141 -15210
8305 7083 -15174
8306 7039 -14794
8307 7235 -15070
8308 7227 -15186
8309 7351 -15530
8310 7433 -15730
8311 7407 -15514
8312 7387 -15410
8313 7291 -15310
8314 7429 -15622
8315 7327 -15534
8316 7337 -15434
8317 7281 -15206
8318 7285 -15254
8319 7401 -15318
8320 7497 -15446
8321 7513 -15602
8322 7399 -15442
8323 7363 -15362
8324 7443 -15490
8325 7335 -15214
8326 7293 -15274
8327 7233 -15174
8328 7175 -15070
8329 7117 -14850
8330 7031 -14778
8331 6963 -14818
8332 6947 -14814
8333 7009 -14898
8334 6909 -14758
8335 6913 -14946
8336 7051 -15066
8337 6987 -14878
8338 7071 -14990
8339 7045 -15014
8340 7059 -14966
8341 7029 -14914
8342 7073 -14982
8343 7113 -15098
8344 7167 -15098
8345 7157 -14766
8346 7139 -14850
8347 7263 -15030
8348 7295 -14930
8349 7279 -14946
8350 7397 -14866
8351 7441 -14894
8352 7447 -15086
8353 7339 -15010
8354 7401 -15162
8355 7393 -15354
8356 7395 -15150
8357 7321 -14954
8358 7249 -15138
8359 7253 -15150
8360 7349 -15150
8361 7347 -14982
8362 7415 -15202
8363 7395 -15174
8364 7411 -14970
8365 7341 -14970
8366 7431 -15102
8367 7489 -15122
8368 7589 -15250
8369 7617 -15366
8370 7615 -15142
8371 7653 -15002
8372 7741 -15470
8373 7833 -15446
8374 7871 -15470
8375 7781 -15450
8376 7889 -15598
8377 7983 -15850
8378 8089 -15990
8379 7993 -15758
8380 7983 -15618
8381 7937 -15578
8382 7861 -15634
8383 7835 -15690
8384 7771 -15346
8385 7759 -15378
8386 7759 -15466
8387 7885 -15666
8388 7725 -15310
8389 7859 -15482
8390 7847 -15650
8391 7913 -15778
8392 7957 -15726
8393 7835 -15346
8394 7971 -15678
8395 8045 -15850
8396 8133 -15914
8397 8089 -15950
8398 8051 -15910
8399 7991 -15834
8400 7989 -15646
8401 7905 -15506
8402 7841 -15594
8403 7755 -15406
8404 7831 -15578
8405 7821 -15466
8406 7873 -15690
8407 7901 -15814
8408 7843 -15542
8409 7847 -15502
8410 7845 -15522
8411 7933 -15630
8412 8007 -15882
8413 7995 -16014
8414 7973 -15750
8415 7907 -15826
8416 7871 -15550
8417 7827 -15518
8418 7793 -15390
8419 7893 -15534
8420 7877 -15582
8421 7789 -15650
8422 7707 -15542
8423 7791 -15602
8424 7819 -15594
8425 7851 -15686
8426 7695 -15394
8427 7815 -15578
8428 7883 -15658
8429 7785 -15490
8430 7881 -15822
8431 7767 -15582
8432 7701 -15558
8433 7497 -15230
8434 7539 -15114
8435 7527 -15082
8436 7433 -15058
8437 7469 -15086
8438 7557 -15298
8439 7515 -15074
8440 7749 -15214
8441 7809 -15554
8442 7877 -15422
8443 7813 -15386
8444 7873 -15454
8445 7847 -15466
8446 7889 -15650
8447 7959 -15850
8448 7865 -15794
8449 7819 -15646
8450 7821 -15658
8451 7891 -15674
8452 7925 -15634
8453 7939 -15518
8454 7893 -15466
8455 7915 -15514
8456 7931 -15470
8457 7919 -15498
8458 7751 -15250
8459 7897 -15310
8460 7881 -15378
8461 7953 -15598
8462 7901 -15202
8463 7809 -15122
8464 7807 -15138
8465 7761 -15406
8466 7759 -15334
8467 7941 -15682
8468 7841 -15598
8469 7829 -15502
8470 7807 -15402
8471 7787 -15458
8472 7851 -15374
8473 7875 -15354
8474 7821 -15418
8475 7853 -15562
8476 7911 -15574
8477 7801 -15558
8478 7799 -15550
8479 7937 -15650
8480 8019 -15654
8481 7945 -15626
8482 8067 -15750
8483 8071 -15682
8484 7985 -15506
8485 8007 -15614
8486 7909 -15406
8487 7929 -15458
8488 8065 -15686
8489 7993 -15574
8490 7989 -15526
8491 8171 -15714
8492 8289 -16122
8493 8025 -15678
8494 7949 -15518
8495 8001 -15658
8496 8071 -15834
8497 8137 -15862
8498 8023 -15662
8499 7977 -15790
8500 8003 -15734
8501 8023 -15570
8502 8209 -16018
8503 8091 -15670
8504 8113 -15622
8505 8101 -15698
8506 8223 -15862
8507 8227 -15878
8508 8247 -15762
8509 8343 -16026
8510 8455 -16230
8511 8341 -16014
8512 8273 -16018
8513 8293 -15938
8514 8203 -15718
8515 8095 -15710
8516 8009 -15734
8517 7933 -15646
8518 8031 -15934
8519 7977 -15702
8520 7851 -15450
8521 7813 -15482
8522 7821 -15754
8523 7853 -16038
8524 7849 -15650
8525 7881 -15618
8526 7899 -15618
8527 7833 -15462
8528 7957 -15554
8529 7933 -15482
8530 7917 -15230
8531 7949 -15442
8532 8041 -15470
8533 8005 -15366
8534 7959 -15526
8535 7905 -15186
8536 8015 -15470
8537 8023 -15434
8538 8023 -15514
8539 8117 -15790
8540 8149 -15722
8541 8049 -15438
8542 8057 -15762
8543 7865 -15434
8544 7875 -15498
8545 7867 -15278
8546 7893 -15382
8547 7783 -15458
8548 7883 -15782
8549 7819 -15694
8550 7747 -15694
8551 7783 -15686
8552 7659 -15558
8553 7683 -15574
8554 7633 -15378
8555 7567 -15214
8556 7563 -15030
8557 7621 -15142
8558 7631 -15058
8559 7577 -15122
8560 7579 -15126
8561 7523 -15206
8562 7497 -15174
8563 7513 -15242
8564 7539 -15338
8565 7659 -15322
8566 7671 -15470
8567 7651 -15482
8568 7559 -15198
8569 7625 -15178
8570 7603 -15250
8571 7487 -15142
8572 7597 -15298
8573 7537 -15266
8574 7485 -15134
8575 7479 -15138
8576 7415 -14970
8577 7341 -14922
8578 7411 -15130
8579 7547 -15258
8580 7643 -15146
8581 7755 -15306
8582 7659 -15218
8583 7709 -15190
8584 7633 -15314
8585 7731 -15554
8586 7555 -15134
8587 7545 -14966
8588 7381 -14694
8589 7507 -15138
8590 7583 -15154
8591 7529 -14982
8592 7575 -15202
8593 7511 -15286
8594 7603 -15126
8595 7629 -15218
8596 7669 -15394
8597 7597 -15414
8598 7601 -15350
8599 7647 -15334
8600 7707 -15474
8601 7763 -15526
8602 7847 -15614
8603 7805 -15394
8604 7873 -15366
8605 7887 -15450
8606 7921 -15618
8607 7885 -15490
8608 7931 -15494
8609 8057 -15594
8610 8045 -15474
8611 8187 -15610
8612 8159 -15554
8613 8225 -15642
8614 8295 -15830
8615 8295 -15798
8616 8233 -15670
8617 8265 -15806
8618 8083 -15546
8619 8009 -15554
8620 7987 -15642
8621 8009 -15558
8622 7919 -15374
8623 7903 -15462
8624 8013 -15662
8625 8025 -15570
8626 8191 -15902
8627 8137 -15774
8628 8179 -15846
8629 8069 -15634
8630 7919 -15414
8631 7919 -15314
8632 8039 -15538
8633 8031 -15634
8634 8121 -15790
8635 8175 -15938
8636 8047 -15614
8637 8075 -15706
8638 8137 -15798
8639 8191 -15814
8640 8099 -15526
8641 8057 -15466
8642 8101 -15554
8643 8179 -15710
8644 8115 -15410
8645 8109 -15478
8646 8051 -15474
8647 8047 -15442
8648 8107 -15754
8649 8157 -15774
8650 8159 -15634
8651 8053 -15622
8652 8205 -16002
8653 8189 -16050
8654 8087 -15990
8655 7953 -15678
8656 7855 -15518
8657 7883 -15466
8658 7867 -15386
8659 7815 -15602
8660 7867 -15770
8661 7799 -15758
8662 7793 -15538
8663 7661 -15530
8664 7683 -15706
8665 7635 -15594
8666 7549 -15314
8667 7547 -15174
8668 7615 -15478
8669 7683 -15602
8670 7605 -15318
8671 7565 -15358
8672 7533 -15654
8673 7539 -15518
8674 7559 -15494
8675 7567 -15514
8676 7563 -15530
8677 7539 -15426
8678 7641 -15462
8679 7711 -15714
8680 7623 -15614
8681 7597 -15418
8682 7603 -15454
8683 7453 -15110
8684 7307 -14946
8685 7333 -14906
8686 7371 -15034
8687 7573 -15310
8688 7543 -15158
8689 7537 -15310
8690 7615 -15398
8691 7659 -15378
8692 7705 -15574
8693 7765 -15758
8694 7757 -15550
8695 7795 -15530
8696 7725 -15750
8697 7693 -15634
8698 7665 -15478
8699 7597 -15318
8700 7567 -15366
8701 7523 -15234
8702 7485 -15178
8703 7561 -15186
8704 7697 -15658
8705 7663 -15586
8706 7645 -15402
8707 7613 -15342
8708 7667 -15346
8709 7659 -15342
8710 7733 -15418
8711 7831 -15666
8712 7843 -15630
8713 7691 -15526
8714 7647 -15346
8715 7627 -15286
8716 7667 -15398
8717 7599 -15458
8718 7557 -15266
8719 7617 -15346
8720 7681 -15642
8721 7615 -15530
8722 7627 -15418
8723 7613 -15446
8724 7463 -15346
8725 7559 -15330
8726 7573 -15474
8727 7485 -15310
8728 7557 -15154
8729 7609 -15338
8730 7617 -15230
8731 7555 -15146
8732 7705 -15318
8733 7665 -15230
8734 7783 -15338
8735 7675 -15082
8736 7613 -15158
8737 7755 -15310
8738 7803 -15426
8739 7823 -15506
8740 7891 -15470
8741 7955 -15570
8742 7953 -15542
8743 7979 -15514
8744 8009 -15498
8745 8003 -15554
8746 8037 -15486
8747 8193 -15878
8748 8159 -15770
8749 8221 -15954
8750 8127 -15646
8751 8097 -15618
8752 8065 -15502
8753 8139 -15614
8754 8095 -15738
8755 8055 -15542
8756 7951 -15546
8757 7945 -15498
8758 8147 -15854
8759 8179 -15914
8760 8261 -16106
8761 8287 -15826
8762 8293 -15914
8763 8133 -15634
8764 8211 -15790
8765 8105 -15586
8766 8109 -15614
8767 8153 -15770
8768 8117 -15478
8769 8177 -15678
8770 8111 -15562
8771 8061 -15502
8772 7991 -15478
8773 7939 -15278
8774 7997 -15470
8775 7797 -15226
8776 7795 -15186
8777 7643 -15214
8778 7529 -15006
8779 7617 -15258
8780 7721 -15406
8781 7637 -15090
8782 7573 -15066
8783 7763 -15270
8784 7787 -15282
8785 7925 -15590
8786 7929 -15434
8787 7913 -15466
8788 7977 -15474
8789 7955 -15490
8790 7983 -15594
8791 8077 -15670
8792 7991 -15558
8793 7981 -15466
8794 8041 -15694
8795 7977 -15782
8796 8053 -15782
8797 8089 -15726
8798 8065 -15674
8799 8037 -15614
8800 8001 -15714
8801 7985 -15758
8802 7811 -15398
8803 7893 -15614
8804 7753 -15574
8805 7791 -15526
8806 7785 -15590
8807 7781 -15630
8808 7721 -15494
8809 7785 -15454
8810 7745 -15554
8811 7669 -15334
8812 7561 -15234
8813 7531 -15178
8814 7583 -15398
8815 7667 -15454
8816 7529 -15406
8817 7385 -15070
8818 7381 -15146
8819 7435 -15394
8820 7449 -15386
8821 7501 -15366
8822 7473 -15254
8823 7571 -15454
8824 7471 -15438
8825 7429 -15046
8826 7435 -15258
8827 7455 -15222
8828 7527 -15302
8829 7537 -15566
8830 7573 -15638
8831 7511 -15470
8832 7505 -15238
8833 7489 -15346
8834 7457 -15070
8835 7449 -15258
8836 7391 -15074
8837 7489 -15226
8838 7465 -15082
8839 7589 -15366
8840 7473 -15086
8841 7477 -15030
8842 7733 -15330
8843 7761 -15342
8844 7777 -15366
8845 7679 -15254
8846 7659 -15386
8847 7519 -15154
8848 7479 -15118
8849 7499 -15174
8850 7465 -15262
8851 7465 -15130
8852 7447 -15258
8853 7439 -15254
8854 7457 -15214
8855 7521 -15362
8856 7495 -15342
8857 7499 -15342
8858 7433 -15098
8859 7483 -15334
8860 7491 -15286
8861 7465 -15218
8862 7321 -14894
8863 7251 -14846
8864 7305 -14882
8865 7131 -14734
8866 7345 -14902
8867 7313 -15130
8868 7287 -15262
8869 7213 -15334
8870 7221 -15142
8871 7211 -14922
8872 7311 -14974
8873 7135 -14826
8874 7259 -15010
8875 7299 -15062
8876 7377 -15182
8877 7469 -15302
8878 7405 -15314
8879 7333 -15290
8880 7381 -15230
8881 7295 -15226
8882 7397 -15378
8883 7477 -15434
8884 7471 -15546
8885 7469 -15570
8886 7425 -15518
8887 7335 -15318
8888 7301 -15214
8889 7243 -15150
8890 7165 -14914
8891 7213 -14858
8892 7353 -15310
8893 7371 -15198
8894 7293 -15122
8895 7281 -15186
8896 7331 -15138
8897 7417 -15134
8898 7429 -14982
8899 7317 -14806
8900 7359 -15158
8901 7383 -15310
8902 7523 -15518
8903 7357 -15422
8904 7397 -15142
8905 7411 -15186
8906 7441 -14958
8907 7473 -15094
8908 7577 -15258
8909 7549 -15186
8910 7549 -15142
8911 7577 -15170
8912 7423 -14926
8913 7419 -14934
8914 7259 -14930
8915 7321 -14890
8916 7179 -14602
8917 7195 -14930
8918 7167 -14710
8919 7243 -14906
8920 7249 -14738
8921 7391 -15066
8922 7259 -14898
8923 7243 -14802
8924 7215 -14702
8925 7181 -14878
8926 7273 -14942
8927 7311 -14918
8928 7397 -15114
8929 7199 -14782
8930 7259 -14854
8931 7357 -14910
8932 7549 -15254
8933 7657 -15370
8934 7661 -15486
8935 7549 -15102
8936 7497 -15190
8937 7627 -15246
8938 7639 -15134
8939 7849 -15434
8940 7763 -15298
8941 7755 -15498
8942 7779 -15526
8943 7773 -15422
8944 7787 -15414
8945 7815 -15662
8946 7761 -15402
8947 7731 -15334
8948 7667 -15394
8949 7599 -15294
8950 7501 -15242
8951 7607 -15206
8952 7685 -15330
8953 7713 -15382
8954 7721 -15570
8955 7817 -15746
8956 7841 -15754
8957 7785 -15678
8958 7859 -15658
8959 7739 -15426
8960 7649 -15266
8961 7525 -15130
8962 7587 -15098
8963 7479 -15062
8964 7425 -14950
8965 7413 -15094
8966 7527 -15170
8967 7639 -15222
8968 7755 -15426
8969 7739 -15242
8970 7853 -15594
8971 7923 -15654
8972 7807 -15538
8973 7653 -15370
8974 7611 -15198
8975 7505 -15122
8976 7579 -15214
8977 7477 -15034
8978 7455 -15110
8979 7483 -15186
8980 7559 -15210
8981 7619 -15302
8982 7613 -15278
8983 7547 -15050
8984 7657 -15338
8985 7671 -15394
8986 7699 -15510
8987 7755 -15698
8988 7773 -15878
8989 7737 -15750
8990 7719 -15510
8991 7685 -15414
8992 7587 -15218
8993 7597 -15222
8994 7567 -15030
8995 7569 -15030
8996 7629 -15242
8997 7699 -15450
8998 7717 -15342
8999 7677 -15330
9000 7691 -15482
9001 7701 -15326
9002 7667 -15210
9003 7599 -15278
9004 7581 -15322
9005 7635 -15590
9006 7617 -15574
9007 7581 -15398
9008 7479 -15230
9009 7395 -14938
9010 7411 -14958
9011 7345 -15082
9012 7387 -14926
9013 7371 -15194
9014 7359 -15266
9015 7337 -15154
9016 7401 -15370
9017 7445 -15338
9018 7455 -15338
9019 7431 -15198
9020 7307 -15166
9021 7369 -15130
9022 7581 -15374
9023 7549 -15266
9024 7665 -15314
9025 7737 -15386
9026 7775 -15334
9027 7697 -15346
9028 7677 -15270
9029 7587 -15058
9030 7521 -14882
9031 7641 -15178
9032 7727 -15366
9033 7755 -15398
9034 7743 -15278
9035 7791 -15418
9036 7857 -15490
9037 8043 -15726
9038 8141 -15854
9039 8199 -15794
9040 8237 -16054
9041 8147 -15730
9042 8129 -15742
9043 8005 -15478
9044 7973 -15466
9045 8061 -15718
9046 8057 -15838
9047 8163 -15794
9048 8175 -15906
9049 8181 -15882
9050 8155 -15818
9051 8205 -15946
9052 8193 -15874
9053 8193 -16002
9054 8059 -15830
9055 7963 -15638
9056 8047 -15734
9057 8037 -15842
9058 8091 -15858
9059 8163 -15918
9060 8001 -15854
9061 7865 -15546
9062 7879 -15614
9063 7793 -15434
9064 7735 -15426
9065 7799 -15326
9066 7753 -15586
9067 7835 -15706
9068 7931 -15858
9069 7981 -15882
9070 7913 -15806
9071 8007 -16114
9072 7933 -15790
9073 7981 -15834
9074 7889 -15794
9075 7731 -15450
9076 7673 -15602
9077 7725 -15518
9078 7693 -15546
9079 7735 -15438
9080 7671 -15446
9081 7651 -15250
9082 7723 -15362
9083 7739 -15414
9084 7661 -15166
9085 7739 -15238
9086 7717 -15334
9087 7751 -15590
9088 7805 -15522
9089 7893 -15534
9090 7887 -15490
9091 7905 -15514
9092 7741 -15294
9093 7829 -15350
9094 7765 -15330
9095 7737 -15238
9096 7877 -15406
9097 7879 -15230
9098 7885 -15450
9099 7753 -15294
9100 7629 -15146
9101 7781 -15582
9102 7741 -15498
9103 7833 -15594
9104 7741 -15470
9105 7745 -15618
9106 7513 -15366
9107 7477 -15206
9108 7529 -15246
9109 7679 -15590
9110 7589 -15150
9111 7641 -15406
9112 7657 -15342
9113 7579 -15398
9114 7539 -15330
9115 7631 -15542
9116 7683 -15406
9117 7689 -15526
9118 7671 -15482
9119 7673 -15438
9120 7649 -15282
9121 7615 -15050
9122 7657 -15262
9123 7679 -15406
9124 7475 -15082
9125 7521 -15274
9126 7583 -15382
9127 7583 -15542
9128 7577 -15406
9129 7619 -15294
9130 7603 -15170
9131 7643 -15286
9132 7639 -15278
9133 7501 -14966
9134 7469 -15026
9135 7509 -15074
9136 7549 -15230
9137 7637 -15454
9138 7529 -15378
9139 7495 -15106
9140 7557 -15382
9141 7579 -15326
9142 7659 -15394
9143 7699 -15378
9144 7667 -15314
9145 7699 -15158
9146 7735 -15278
9147 7777 -15382
9148 7735 -15358
9149 7709 -15278
9150 7671 -15314
9151 7845 -15478
9152 7827 -15298
9153 7891 -15326
9154 7953 -15382
9155 8031 -15614
9156 8019 -15622
9157 7927 -15390
9158 7963 -15518
9159 7985 -15462
9160 8017 -15598
9161 7893 -15466
9162 7773 -15230
9163 7653 -15258
9164 7683 -15162
9165 7677 -15142
9166 7733 -15150
9167 7805 -15162
9168 8011 -15478
9169 8091 -15714
9170 8169 -15862
9171 8193 -15762
9172 8155 -15734
9173 8091 -15630
9174 8109 -15550
9175 8007 -15454
9176 8037 -15398
9177 8073 -15554
9178 8067 -15582
9179 8145 -15874
9180 8245 -15898
9181 8185 -15742
9182 8169 -15698
9183 8117 -15706
9184 8093 -15762
9185 8017 -15450
9186 8049 -15546
9187 8075 -15558
9188 8165 -15702
9189 8121 -15842
9190 8131 -15754
9191 8141 -15894
9192 8111 -15830
9193 8133 -15942
9194 8029 -15730
9195 8059 -15618
9196 7989 -15438
9197 7929 -15318
9198 7929 -15430
9199 7897 -15462
9200 7813 -15414
9201 7899 -15670
9202 7785 -15586
9203 7883 -15594
9204 7853 -15430
9205 7791 -15418
9206 7819 -15478
9207 7817 -15362
9208 7775 -15402
9209 7795 -15334
9210 7747 -15158
9211 7755 -15006
9212 7817 -15354
9213 7887 -15362
9214 7877 -15318
9215 7847 -15434
9216 7903 -15434
9217 7905 -15374
9218 7903 -15562
9219 7869 -15510
9220 7797 -15426
9221 7907 -15686
9222 7909 -15586
9223 7877 -15422
9224 7855 -15418
9225 7985 -15566
9226 8009 -15638
9227 8053 -15586
9228 8077 -15498
9229 8045 -15394
9230 8179 -15710
9231 8021 -15346
9232 7995 -15330
9233 8025 -15466
9234 7981 -15502
9235 7937 -15538
9236 8003 -15514
9237 7999 -15618
9238 7887 -15434
9239 7827 -15262
9240 7761 -15266
9241 7869 -15590
9242 7879 -15542
9243 7767 -15186
9244 7689 -15030
9245 7735 -15226
9246 7861 -15294
9247 7743 -15238
9248 7871 -15390
9249 7871 -15482
9250 7863 -15554
9251 7953 -15634
9252 8043 -15666
9253 7999 -15494
9254 7941 -15506
9255 7963 -15650
9256 7917 -15430
9257 7825 -15406
9258 7871 -15426
9259 8003 -15618
9260 7965 -15518
9261 7961 -15406
9262 7871 -15126
9263 7897 -15318
9264 7927 -15394
9265 7939 -15438
9266 7949 -15434
9267 7793 -15318
9268 7793 -15106
9269 7727 -15026
9270 7843 -15386
9271 7895 -15542
9272 7981 -15574
9273 8015 -15626
9274 7881 -15434
9275 7909 -15514
9276 7835 -15374
9277 7839 -15526
9278 7829 -15414
9279 7849 -15442
9280 7881 -15426
9281 7847 -15410
9282 7905 -15478
9283 8003 -15478
9284 8105 -15698
9285 8079 -15502
9286 8045 -15570
9287 8047 -15426
9288 8013 -15386
9289 7971 -15298
9290 8029 -15346
9291 8045 -15442
9292 7913 -15338
9293 7885 -15406
9294 7981 -15398
9295 7959 -15458
9296 7949 -15514
9297 7959 -15518
9298 7841 -15346
9299 7759 -15166
9300 7857 -15518
9301 7853 -15322
9302 7817 -15226
9303 7885 -15330
9304 7969 -15590
9305 7927 -15418
9306 7921 -15494
9307 7939 -15454
9308 7839 -15338
9309 7809 -15350
9310 7837 -15254
9311 7877 -15218
9312 7819 -15194
9313 7827 -15250
9314 7757 -15282
9315 7885 -15458
9316 7893 -15362
9317 7819 -15454
9318 7835 -15514
9319 7715 -15166
9320 7747 -15234
9321 7711 -15190
9322 7737 -15238
9323 7825 -15342
9324 7895 -15426
9325 7969 -15506
9326 7905 -15550
9327 8127 -15774
9328 7983 -15474
9329 7915 -15418
9330 7991 -15390
9331 8087 -15558
9332 7985 -15382
9333 8135 -15730
9334 8195 -15878
9335 8091 -15678
9336 8217 -15930
9337 8219 -16026
9338 8019 -15770
9339 7975 -15534
9340 7943 -15370
9341 7959 -15398
9342 7895 -15454
9343 8057 -15766
9344 7823 -15298
9345 7863 -15466
9346 7783 -15298
9347 7917 -15578
9348 7829 -15302
9349 7763 -15302
9350 7965 -15786
9351 7979 -15642
9352 7991 -15602
9353 7901 -15406
9354 7835 -15426
9355 7843 -15394
9356 7947 -15558
9357 7937 -15670
9358 7853 -15518
9359 7799 -15426
9360 7711 -15338
9361 7761 -15470
9362 7743 -15478
9363 7797 -15430
9364 7687 -15114
9365 7703 -15246
9366 7723 -15246
9367 7813 -15446
9368 7821 -15514
9369 7693 -15214
9370 7707 -15174
9371 7705 -15158
9372 7705 -15242
9373 7753 -15306
9374 7913 -15518
9375 7967 -15466
9376 7905 -15414
9377 7917 -15402
9378 8009 -15586
9379 7981 -15622
9380 8081 -15882
9381 7859 -15302
9382 7751 -15330
9383 7761 -15214
9384 7671 -15218
9385 7633 -15198
9386 7693 -15238
9387 7811 -15318
9388 7719 -15246
9389 7815 -15518
9390 7811 -15518
9391 7843 -15562
9392 7763 -15602
9393 7663 -15406
9394 7627 -15334
9395 7661 -15238
9396 7537 -14962
9397 7551 -14978
9398 7647 -15202
9399 7603 -15374
9400 7607 -15234
9401 7701 -15482
9402 7653 -15450
9403 7631 -15450
9404 7575 -15218
9405 7655 -15326
9406 7523 -15158
9407 7551 -15302
9408 7413 -15274
9409 7401 -15106
9410 7293 -15066
9411 7265 -14782
9412 7361 -15202
9413 7367 -15370
9414 7267 -15050
9415 7427 -15066
9416 7351 -14978
9417 7411 -15302
9418 7253 -15034
9419 7161 -14946
9420 7167 -14902
9421 7187 -15030
9422 7259 -15202
9423 7255 -14882
9424 7305 -15062
9425 7195 -14866
9426 7143 -14770
9427 7079 -14846
9428 7221 -15106
9429 7197 -15098
9430 7225 -15166
9431 7283 -15398
9432 7339 -15418
9433 7315 -15254
9434 7433 -15238
9435 7495 -15290
9436 7485 -15342
9437 7573 -15414
9438 7695 -15394
9439 7651 -15402
9440 7697 -15410
9441 7603 -15190
9442 7615 -15106
9443 7735 -15474
9444 7567 -15118
9445 7527 -15178
9446 7473 -15154
9447 7479 -15262
9448 7529 -15158
9449 7591 -15490
9450 7525 -15414
9451 7527 -15334
9452 7455 -15262
9453 7411 -15274
9454 7297 -15198
9455 7251 -15042
9456 7195 -14990
9457 7329 -15226
9458 7365 -15206
9459 7343 -15154
9460 7313 -14914
9461 7257 -14938
9462 7415 -15258
9463 7433 -15246
9464 7425 -15290
9465 7419 -15202
9466 7537 -15510
9467 7393 -15306
9468 7369 -15222
9469 7397 -15094
9470 7447 -15222
9471 7567 -15366
9472 7711 -15622
9473 7683 -15450
9474 7715 -15350
9475 7803 -15690
9476 7753 -15658
9477 7755 -15602
9478 7835 -15718
9479 7887 -15582
9480 7905 -15522
9481 7935 -15482
9482 8001 -15874
9483 8017 -15682
9484 8011 -15750
9485 8023 -15754
9486 8005 -15782
9487 7945 -15646
9488 7875 -15498
9489 7771 -15386
9490 7995 -15662
9491 7895 -15678
9492 7989 -15790
9493 8033 -15690
9494 7961 -15666
9495 7913 -15610
9496 7933 -15422
9497 7911 -15410
9498 7985 -15694
9499 7971 -15522
9500 7965 -15634
9501 8101 -15826
9502 8057 -15670
9503 8083 -15790
9504 8059 -15838
9505 8037 -15786
9506 8061 -15738
9507 8013 -15662
9508 7983 -15586
9509 7967 -15602
9510 7935 -15522
9511 7853 -15510
9512 7997 -15770
9513 7875 -15450
9514 7921 -15822
9515 7999 -15850
9516 8087 -15954
9517 8143 -16050
9518 8073 -15970
9519 8033 -15746
9520 7923 -15630
9521 7929 -15814
9522 7833 -15822
9523 7857 -15726
9524 7797 -15438
9525 7733 -15406
9526 7791 -15646
9527 7831 -15766
9528 7795 -15722
9529 7635 -15506
9530 7585 -15514
9531 7507 -15242
9532 7569 -15302
9533 7533 -15230
9534 7473 -15110
9535 7429 -15194
9536 7375 -15034
9537 7375 -15034
9538 7473 -15434
9539 7493 -15230
9540 7635 -15398
9541 7677 -15550
9542 7687 -15382
9543 7635 -15370
9544 7711 -15462
9545 7791 -15326
9546 7761 -15262
9547 7861 -15582
9548 7925 -15750
9549 7887 -15522
9550 7955 -15614
9551 7761 -15410
9552 7773 -15390
9553 7659 -15202
9554 7767 -15530
9555 7745 -15482
9556 7693 -15482
9557 7745 -15698
9558 7637 -15490
9559 7669 -15482
9560 7669 -15510
9561 7643 -15366
9562 7629 -15486
9563 7591 -15458
9564 7595 -15322
9565 7521 -15058
9566 7515 -15186
9567 7625 -15414
9568 7527 -15238
9569 7463 -15334
9570 7333 -15234
9571 7227 -15006
9572 7365 -15302
9573 7247 -15258
9574 7317 -15154
9575 7165 -15074
9576 7217 -15066
9577 7255 -15238
9578 7325 -15250
9579 7291 -15430
9580 7305 -15594
9581 7225 -15478
9582 7221 -15186
9583 7195 -15146
9584 7137 -14998
9585 7105 -14958
9586 7103 -14926
9587 7181 -14986
9588 7347 -15214
9589 7291 -14978
9590 7401 -15218
9591 7489 -15406
9592 7429 -15334
9593 7265 -15098
9594 7271 -15078
9595 7377 -15306
9596 7379 -15370
9597 7457 -15366
9598 7445 -15178
9599 7345 -15158
9600 7231 -14954
9601 7301 -15138
9602 7315 -15182
9603 7349 -15070
9604 7429 -15134
9605 7577 -15334
9606 7687 -15618
9607 7631 -15486
9608 7607 -15442
9609 7425 -15318
9610 7523 -15346
9611 7657 -15630
9612 7629 -15470
9613 7615 -15454
9614 7695 -15598
9615 7751 -15526
9616 7663 -15522
9617 7607 -15482
9618 7585 -15366
9619 7485 -15338
9620 7445 -15170
9621 7505 -15434
9622 7473 -15498
9623 7385 -15406
9624 7401 -15370
9625 7383 -15510
9626 7397 -15462
9627 7257 -15218
9628 7161 -15050
9629 7237 -15186
9630 7241 -15362
9631 7231 -15282
9632 7015 -15038
9633 7071 -15034
9634 6923 -14750
9635 6863 -14826
9636 6803 -14814
9637 6909 -14798
9638 6907 -14650
9639 7027 -15042
9640 6999 -15166
9641 7045 -15206
9642 7015 -15070
9643 7057 -15006
9644 6917 -14974
9645 7027 -15030
9646 6963 -15110
9647 6897 -14938
9648 6941 -14974
9649 7007 -14918
9650 7113 -15114
9651 6965 -14818
9652 7151 -15090
9653 7023 -14898
9654 7145 -15122
9655 7135 -15138
9656 7125 -15106
9657 7229 -15038
9658 7267 -15138
9659 7271 -15150
9660 7251 -15178
9661 7281 -15194
9662 7367 -15302
9663 7393 -15318
9664 7297 -15058
9665 7267 -15154
9666 7293 -15370
9667 7295 -15162
9668 7363 -15334
9669 7329 -15206
9670 7357 -15086
9671 7369 -15246
9672 7431 -15370
9673 7493 -15434
9674 7549 -15490
9675 7521 -15394
9676 7531 -15370
9677 7489 -15390
9678 7371 -15242
9679 7265 -15010
9680 7341 -15054
9681 7301 -14970
9682 7281 -14930
9683 7247 -14838
9684 7205 -14878
9685 7087 -14798
9686 7007 -14734
9687 7113 -15142
9688 7097 -15010
9689 7101 -15122
9690 6987 -15026
9691 6953 -15054
9692 6929 -15006
9693 6855 -14698
9694 6903 -14666
9695 7033 -14930
9696 7211 -15034
9697 7323 -15414
9698 7237 -15014
9699 7303 -15022
9700 7187 -14922
9701 7271 -15114
9702 7321 -15166
9703 7407 -15342
9704 7497 -15538
9705 7463 -15206
9706 7357 -15014
9707 7427 -15114
9708 7365 -14894
9709 7327 -14742
9710 7453 -14762
9711 7407 -14654
9712 7365 -14726
9713 7427 -14958
9714 7559 -15022
9715 7529 -15010
9716 7613 -15178
9717 7599 -15130
9718 7555 -14930
9719 7585 -15026
9720 7649 -15366
9721 7637 -15474
9722 7721 -15402
9723 7719 -15478
9724 7795 -15706
9725 7629 -15478
9726 7657 -15674
9727 7571 -15238
9728 7561 -15382
9729 7633 -15314
9730 7675 -15490
9731 7595 -15534
9732 7499 -15402
9733 7467 -15322
9734 7475 -15290
9735 7501 -15398
9736 7419 -15414
9737 7301 -15346
9738 7213 -15134
9739 7171 -14846
9740 7009 -14774
9741 7011 -14794
9742 7021 -14866
9743 7077 -14902
9744 7171 -15070
9745 7231 -15154
9746 7275 -15174
9747 7319 -15306
9748 7391 -15434
9749 7373 -15354
9750 7327 -15302
9751 7425 -15338
9752 7433 -15238
9753 7487 -15346
9754 7509 -15338
9755 7497 -15482
9756 7373 -15126
9757 7273 -15174
9758 7147 -14982
9759 7193 -14986
9760 7339 -15178
9761 7293 -15042
9762 7275 -15166
9763 7241 -15178
9764 7321 -15326
9765 7191 -15118
9766 7241 -15170
9767 7365 -15158
9768 7575 -15422
9769 7467 -15218
9770 7571 -15342
9771 7563 -15486
9772 7461 -15170
9773 7493 -15314
9774 7365 -15094
9775 7397 -15194
9776 7547 -15338
9777 7529 -15426
9778 7579 -15630
9779 7651 -15610
9780 7603 -15470
9781 7413 -14990
9782 7467 -15182
9783 7485 -15330
9784 7573 -15322
9785 7589 -15170
9786 7559 -15246
9787 7577 -15330
9788 7565 -15202
9789 7533 -15438
9790 7549 -15386
9791 7589 -15402
9792 7659 -15414
9793 7643 -15186
9794 7795 -15374
9795 7617 -15014
9796 7613 -15082
9797 7457 -15086
9798 7331 -15058
9799 7291 -14942
9800 7283 -15074
9801 7235 -14878
9802 7219 -14982
9803 7211 -14934
9804 7283 -15142
9805 7127 -14862
9806 7233 -14938
9807 7347 -15290
9808 7315 -15098
9809 7253 -14906
9810 7097 -14718
9811 7295 -15166
9812 7213 -15098
9813 7321 -15098
9814 7431 -15054
9815 7507 -15242
9816 7407 -15038
9817 7379 -15106
9818 7629 -15294
9819 7645 -15278
9820 7641 -15374
9821 7623 -15302
9822 7569 -15198
9823 7531 -14950
9824 7579 -15162
9825 7623 -15398
9826 7729 -15546
9827 7613 -15510
9828 7729 -15462
9829 7623 -15462
9830 7569 -15166
9831 7541 -15218
9832 7393 -15166
9833 7531 -15018
9834 7553 -15150
9835 7575 -15214
9836 7687 -15278
9837 7673 -15234
9838 7689 -15450
9839 7593 -15426
9840 7695 -15606
9841 7563 -15430
9842 7455 -15238
9843 7413 -15326
9844 7439 -15206
9845 7439 -15330
9846 7517 -15346
9847 7403 -15182
9848 7415 -15278
9849 7395 -15230
9850 7469 -15202
9851 7443 -15234
9852 7389 -15094
9853 7421 -15238
9854 7325 -15130
9855 7425 -15258
9856 7455 -15358
9857 7523 -15210
9858 7507 -15290
9859 7559 -15366
9860 7697 -15382
9861 7787 -15414
9862 7765 -15390
9863 7853 -15490
9864 7585 -15114
9865 7583 -15130
9866 7571 -15170
9867 7621 -15382
9868 7645 -15338
9869 7383 -14906
9870 7539 -15190
9871 7429 -15106
9872 7373 -15142
9873 7371 -15110
9874 7403 -15206
9875 7469 -15086
9876 7431 -15146
9877 7433 -15362
9878 7395 -15186
9879 7433 -15338
9880 7511 -15386
9881 7627 -15442
9882 7619 -15338
9883 7549 -15506
9884 7453 -15398
9885 7449 -15530
9886 7315 -15342
9887 7447 -15538
9888 7491 -15494
9889 7361 -15322
9890 7331 -15290
9891 7393 -15278
9892 7317 -15078
9893 7295 -14990
9894 7429 -15302
9895 7465 -15422
9896 7467 -15142
9897 7511 -15498
9898 7437 -15258
9899 7333 -15118
9900 7413 -15342
9901 7349 -15106
9902 7389 -15166
9903 7385 -15242
9904 7483 -15342
9905 7505 -15622
9906 7533 -15638
9907 7633 -15846
9908 7675 -15870
9909 7709 -15566
9910 7693 -15502
9911 7683 -15458
9912 7725 -15454
9913 7693 -15394
9914 7691 -15322
9915 7645 -15406
9916 7639 -15502
9917 7621 -15518
9918 7519 -15326
9919 7439 -15298
9920 7345 -15302
9921 7261 -15062
9922 7271 -14978
9923 7339 -15122
9924 7335 -14982
9925 7229 -14842
9926 7163 -15066
9927 7097 -14890
9928 6989 -14978
9929 7061 -14878
9930 6971 -14762
9931 6979 -14830
9932 7019 -14898
9933 6927 -14818
9934 7049 -14966
9935 7137 -15110
9936 7125 -15114
9937 7031 -14910
9938 6935 -14814
9939 6981 -14962
9940 7059 -15126
9941 7161 -15222
9942 7067 -15170
9943 7063 -15062
9944 7041 -15126
9945 6995 -14938
9946 7049 -14998
9947 7021 -14966
9948 7027 -15166
9949 6995 -15362
9950 7067 -15282
9951 7165 -15422
9952 7071 -15142
9953 7083 -15186
9954 6995 -15030
9955 6949 -14890
9956 6925 -15190
9957 6941 -14978
9958 6963 -14870
9959 6979 -14898
9960 6993 -14950
9961 6991 -14818
9962 7065 -15182
9963 6897 -15050
9964 6983 -15134
9965 6973 -15174
9966 6977 -15158
9967 6999 -15274
9968 7021 -15418
9969 6867 -15158
9970 6849 -15134
9971 6965 -15222
9972 6941 -15114
9973 6929 -15334
9974 7061 -15062
9975 6935 -14866
9976 6861 -14910
9977 6959 -14870
9978 6805 -14678
9979 6775 -14850
9980 6773 -14962
9981 6753 -14798
9982 6833 -14750
9983 6823 -14878
9984 6865 -14946
9985 6931 -14790
9986 6879 -14634
9987 6975 -14926
9988 7005 -15014
9989 7223 -15154
9990 7171 -14938
9991 7271 -15018
9992 7159 -14806
9993 7119 -14898
9994 7225 -15098
9995 7107 -14878
9996 7161 -14954
9997 7311 -15162
9998 7389 -15342
9999 7411 -15350
