0 -3 -6306
1 -9 -8026
2 53 -8986
3 -91 -9654
4 43 -10346
5 73 -10398
6 85 -10726
7 57 -10818
8 -95 -11098
9 -23 -11274
10 -77 -11166
11 -147 -11230
12 -107 -11410
13 -225 -11270
14 -351 -11666
15 -257 -11542
16 -175 -11698
17 77 -11758
18 93 -11474
19 153 -11726
20 125 -11626
21 15 -11818
22 -47 -11962
23 81 -11950
24 165 -11934
25 261 -11778
26 211 -11646
27 -63 -11802
28 -71 -11814
29 -183 -11970
30 -195 -11898
31 -191 -12082
32 -7 -12294
33 137 -12154
34 25 -12242
35 77 -12022
36 159 -12106
37 -19 -11842
38 -281 -11894
39 -259 -11894
40 -217 -11938
41 -129 -11754
42 9 -12230
43 -31 -12334
44 143 -12242
45 255 -11978
46 215 -12110
47 265 -12270
48 425 -12130
49 393 -12014
50 621 -12018
51 533 -12098
52 775 -12234
53 723 -12218
54 825 -12322
55 721 -12374
56 843 -12294
57 1051 -12186
58 915 -12554
59 915 -12458
60 885 -12346
61 895 -12598
62 843 -12606
63 877 -12526
64 975 -12470
65 1117 -12694
66 1061 -12598
67 1099 -12510
68 1151 -12518
69 1003 -12334
70 983 -12434
71 1007 -12350
72 1047 -12246
73 935 -12302
74 927 -12122
75 883 -12398
76 903 -12530
77 971 -12294
78 789 -12438
79 835 -12762
80 961 -12582
81 1061 -12218
82 1317 -12190
83 1247 -12306
84 1341 -12314
85 1291 -12430
86 1163 -12762
87 1095 -12722
88 1235 -12734
89 1347 -12718
90 1419 -13086
91 1283 -12762
92 1315 -12538
93 1341 -12350
94 1195 -12498
95 1277 -12790
96 1367 -12654
97 1371 -12726
98 1289 -12530
99 1291 -12486
100 1357 -12838
101 1379 -12594
102 1327 -12742
103 1341 -12634
104 1377 -12654
105 1313 -12686
106 1277 -12838
107 1311 -12682
108 1299 -12510
109 1437 -12826
110 1351 -12734
111 1397 -12650
112 1359 -12806
113 1401 -12626
114 1385 -12598
115 1497 -12654
116 1477 -12838
117 1539 -13046
118 1591 -12938
119 1625 -13026
120 1603 -12894
121 1577 -12850
122 1641 -13198
123 1785 -13150
124 1591 -13230
125 1737 -13002
126 1803 -12886
127 1861 -12922
128 1827 -12862
129 1701 -12722
130 1699 -12722
131 1723 -12754
132 1887 -12974
133 1915 -12962
134 1937 -12774
135 1949 -12686
136 2005 -12754
137 1999 -12878
138 1987 -12862
139 2151 -13162
140 1993 -12942
141 1975 -12870
142 2001 -13038
143 2111 -12978
144 2155 -12890
145 2125 -12766
146 2141 -12690
147 2055 -12958
148 2031 -12970
149 2083 -12858
150 2217 -12750
151 2265 -12982
152 2291 -12990
153 2151 -12914
154 2029 -12934
155 1921 -12714
156 1993 -12654
157 2011 -12570
158 2039 -12410
159 1969 -12390
160 2169 -12446
161 2289 -12590
162 2335 -12882
163 2367 -12742
164 2399 -12506
165 2257 -12642
166 2235 -12598
167 2263 -12378
168 2115 -12554
169 2095 -12698
170 2079 -12454
171 2115 -12574
172 2145 -12434
173 2101 -12814
174 2035 -12830
175 2005 -12798
176 2111 -12970
177 2085 -12986
178 2293 -12966
179 2277 -12802
180 2197 -13018
181 2079 -12862
182 2179 -12902
183 2245 -12998
184 2361 -12894
185 2461 -13086
186 2597 -12990
187 2561 -12686
188 2635 -12894
189 2571 -12786
190 2661 -12730
191 2893 -12766
192 2767 -12682
193 2851 -12358
194 2897 -12746
195 2893 -13062
196 2921 -13138
197 2899 -13074
198 2873 -13022
199 2765 -12834
200 2683 -12990
201 2631 -12874
202 2605 -12802
203 2633 -12990
204 2727 -13078
205 2755 -13186
206 2629 -12762
207 2725 -12930
208 2709 -12914
209 2689 -13050
210 2729 -12474
211 2723 -12878
212 2631 -12642
213 2679 -12546
214 2883 -12782
215 3039 -13002
216 3121 -13114
217 3109 -13082
218 3077 -12938
219 2991 -12794
220 2901 -12834
221 2881 -12934
222 2849 -12742
223 2831 -12882
224 2761 -12810
225 2795 -12798
226 2637 -12718
227 2703 -12830
228 2759 -12722
229 2855 -12754
230 2789 -12594
231 2877 -12642
232 2821 -12646
233 2947 -12990
234 3077 -12882
235 3233 -13018
236 3311 -12874
237 3245 -13078
238 3187 -12974
239 3235 -12730
240 3315 -12866
241 3403 -12730
242 3429 -13086
243 3473 -13070
244 3453 -12978
245 3387 -12742
246 3329 -12890
247 3305 -12838
248 3067 -12738
249 3101 -12766
250 3105 -12858
251 3309 -13050
252 3331 -12910
253 3375 -12630
254 3449 -12946
255 3475 -13042
256 3501 -12906
257 3517 -12750
258 3527 -12906
259 3417 -12970
260 3529 -12774
261 3347 -12790
262 3429 -12858
263 3371 -12794
264 3379 -12858
265 3473 -12918
266 3377 -13210
267 3445 -13266
268 3693 -13250
269 3739 -13210
270 3659 -13322
271 3703 -13022
272 3779 -13150
273 3927 -13174
274 3931 -13246
275 3981 -13306
276 4023 -13430
277 4045 -13290
278 4223 -13338
279 4039 -13018
280 3929 -12862
281 3927 -12982
282 3857 -12998
283 3909 -13130
284 3943 -13134
285 3877 -13026
286 3835 -13006
287 3869 -12942
288 3613 -13006
289 3563 -13034
290 3685 -13234
291 3667 -13194
292 3689 -13022
293 3513 -12930
294 3451 -12874
295 3505 -13050
296 3549 -13094
297 3587 -12934
298 3615 -12946
299 3599 -12894
300 3591 -12866
301 3551 -12986
302 3731 -13102
303 3885 -13022
304 3769 -13282
305 3767 -12942
306 3793 -13310
307 3763 -13354
308 3837 -13318
309 3783 -13006
310 3625 -13154
311 3751 -13138
312 3721 -13038
313 3759 -12982
314 3535 -12778
315 3769 -13114
316 3755 -13250
317 3647 -13170
318 3513 -12934
319 3471 -12802
320 3543 -12982
321 3629 -12910
322 3691 -12998
323 3649 -13234
324 3561 -13182
325 3529 -13294
326 3367 -13178
327 3303 -13114
328 3385 -12918
329 3559 -13030
330 3475 -13010
331 3607 -13078
332 3431 -12810
333 3549 -13090
334 3557 -13450
335 3467 -13110
336 3465 -13354
337 3339 -13238
338 3347 -12802
339 3349 -12458
340 3197 -12662
341 3261 -12762
342 3353 -12830
343 3433 -12994
344 3217 -12774
345 3421 -12982
346 3389 -12774
347 3481 -12558
348 3607 -12546
349 3685 -12598
350 3681 -12442
351 3845 -12630
352 3975 -12626
353 4011 -12934
354 3931 -12686
355 3967 -12614
356 4063 -12750
357 4071 -13234
358 3975 -13178
359 4085 -12850
360 4081 -12718
361 4275 -12922
362 4277 -12738
363 4231 -12734
364 4257 -12790
365 4359 -12998
366 4479 -12938
367 4535 -12846
368 4533 -12974
369 4493 -12946
370 4549 -12890
371 4571 -13038
372 4561 -13374
373 4569 -12934
374 4601 -13226
375 4559 -12934
376 4663 -12946
377 4685 -13054
378 4421 -13182
379 4487 -13262
380 4401 -13186
381 4359 -12874
382 4279 -12778
383 4185 -12846
384 4091 -12946
385 4185 -13246
386 4101 -13302
387 4219 -13366
388 4233 -13122
389 4085 -12994
390 4135 -13298
391 4193 -13318
392 4101 -13218
393 4335 -13314
394 4153 -13126
395 4099 -13130
396 4115 -13174
397 4261 -13294
398 4167 -13142
399 4119 -13090
400 4195 -13174
401 4253 -12730
402 4175 -12822
403 4203 -12922
404 4273 -12934
405 4333 -13106
406 4355 -12986
407 4553 -13122
408 4339 -12942
409 4317 -12830
410 4211 -12914
411 4193 -13074
412 4225 -13222
413 4341 -13234
414 4227 -12966
415 4051 -13110
416 4113 -12966
417 4011 -12694
418 3997 -12798
419 3975 -13014
420 3773 -12922
421 3901 -13058
422 3755 -12846
423 3867 -13062
424 3891 -12946
425 3977 -13038
426 3931 -12922
427 3923 -12854
428 4001 -13106
429 4025 -12978
430 4065 -12894
431 4039 -12950
432 4173 -12978
433 4023 -12946
434 4033 -13122
435 3939 -12846
436 3977 -12882
437 3931 -12826
438 3853 -13074
439 3867 -12910
440 4197 -13198
441 4231 -13170
442 4281 -12958
443 4281 -13026
444 4181 -13154
445 4035 -13166
446 3923 -12974
447 3881 -13114
448 3621 -12914
449 3767 -12810
450 3937 -13050
451 3819 -12954
452 3901 -13094
453 3897 -13094
454 3981 -13042
455 3995 -12778
456 4015 -12830
457 4081 -12874
458 4061 -12774
459 4003 -12814
460 4017 -12554
461 3893 -12530
462 3765 -12854
463 3785 -12798
464 3815 -12714
465 3773 -12946
466 3731 -12894
467 3805 -13042
468 3815 -13006
469 3871 -13054
470 3947 -13210
471 3965 -13254
472 3895 -13078
473 3983 -13102
474 4037 -13102
475 4059 -13118
476 3973 -12914
477 3869 -13010
478 3899 -12958
479 3891 -13018
480 3875 -13082
481 3965 -12990
482 3875 -13050
483 3917 -13306
484 4025 -13434
485 4079 -13366
486 4051 -13102
487 3947 -12986
488 3913 -12874
489 3867 -13086
490 3873 -12994
491 3977 -13202
492 4033 -13310
493 3951 -13154
494 3883 -13262
495 3677 -13042
496 3633 -12922
497 3673 -12826
498 3649 -12790
499 3415 -12670
500 3357 -12990
501 3431 -12954
502 3563 -13046
503 3619 -12738
504 3827 -12650
505 3837 -12690
506 3981 -12738
507 3831 -12798
508 3733 -12766
509 3739 -12846
510 3727 -13058
511 3721 -12778
512 3615 -12754
513 3475 -12846
514 3421 -12802
515 3441 -12838
516 3477 -12858
517 3365 -12558
518 3307 -12738
519 3293 -12734
520 3247 -12706
521 3423 -12922
522 3287 -13046
523 3441 -12914
524 3325 -12678
525 3207 -12790
526 3227 -12786
527 3283 -12398
528 3187 -12482
529 3383 -12690
530 3401 -12662
531 3569 -12702
532 3845 -13006
533 3687 -13138
534 3623 -12998
535 3597 -12834
536 3561 -12914
537 3549 -12886
538 3589 -12926
539 3685 -12942
540 3733 -12994
541 3803 -12966
542 3677 -12790
543 3647 -12666
544 3695 -12658
545 3683 -12526
546 3599 -12578
547 3461 -12478
548 3469 -12530
549 3437 -12486
550 3325 -12558
551 3129 -12490
552 3207 -12410
553 3413 -12546
554 3555 -12682
555 3597 -12906
556 3541 -12562
557 3487 -12430
558 3393 -12694
559 3301 -12406
560 3453 -12474
561 3393 -12614
562 3581 -12570
563 3411 -12542
564 3255 -12418
565 3253 -12602
566 3205 -12558
567 3135 -12802
568 3305 -12986
569 3331 -12990
570 3403 -12894
571 3409 -12610
572 3457 -12678
573 3359 -12842
574 3395 -12938
575 3331 -12670
576 3425 -12666
577 3409 -12686
578 3495 -12766
579 3267 -12826
580 3255 -12822
581 3199 -12406
582 3151 -12458
583 3205 -12506
584 2999 -12650
585 3011 -12578
586 2919 -12534
587 2765 -12458
588 2741 -12474
589 2755 -12534
590 2651 -12378
591 2677 -12402
592 2667 -12450
593 2747 -12410
594 2765 -12314
595 2725 -12282
596 2581 -12158
597 2627 -12446
598 2703 -12490
599 2591 -12426
600 2539 -12594
601 2647 -12654
602 2543 -12534
603 2443 -12278
604 2383 -12278
605 2315 -12086
606 2575 -12270
607 2679 -12258
608 2865 -12350
609 2781 -12454
610 2913 -12490
611 2911 -12614
612 3059 -12738
613 2913 -12678
614 2911 -12486
615 2617 -12566
616 2689 -12590
617 2729 -12566
618 2479 -12506
619 2249 -12166
620 2107 -12362
621 2155 -12658
622 2249 -12582
623 2105 -12578
624 2185 -12786
625 2115 -12766
626 2077 -12618
627 2061 -12598
628 2151 -12550
629 1999 -12642
630 1899 -12718
631 1835 -12738
632 2101 -12818
633 1935 -13018
634 1947 -12642
635 2057 -12502
636 2039 -12454
637 1929 -12318
638 1977 -12646
639 1955 -12750
640 2041 -12826
641 1935 -12566
642 1937 -12586
643 1971 -12530
644 2135 -12478
645 2237 -12414
646 2227 -12722
647 2257 -12702
648 2197 -12562
649 2315 -12602
650 2227 -12542
651 2235 -12226
652 2143 -12714
653 2085 -12742
654 2263 -12962
655 2419 -12722
656 2387 -12618
657 2483 -12710
658 2551 -12774
659 2489 -12730
660 2673 -12754
661 2721 -12390
662 2775 -12606
663 2915 -12634
664 2919 -12694
665 2993 -12930
666 2879 -12410
667 2697 -12442
668 2753 -12642
669 2739 -12722
670 2729 -12790
671 2615 -12686
672 2655 -12690
673 2619 -12570
674 2529 -12350
675 2523 -12490
676 2493 -12730
677 2635 -12802
678 2509 -12434
679 2539 -12526
680 2433 -12614
681 2515 -12598
682 2603 -12286
683 2447 -12354
684 2427 -12414
685 2623 -12458
686 2735 -12502
687 2649 -12430
688 2599 -12346
689 2583 -12282
690 2663 -12462
691 2601 -12326
692 2667 -12310
693 2561 -12254
694 2517 -12134
695 2549 -12122
696 2511 -12326
697 2503 -12126
698 2493 -12114
699 2425 -12182
700 2459 -12450
701 2325 -12326
702 2295 -12318
703 2051 -12282
704 2145 -12274
705 2009 -12018
706 2055 -11790
707 2087 -12214
708 2097 -12282
709 1929 -12042
710 1907 -12254
711 1833 -12202
712 1837 -12126
713 1629 -12250
714 1699 -11950
715 1531 -12066
716 1573 -12142
717 1621 -12382
718 1461 -12306
719 1491 -12186
720 1269 -12302
721 1305 -12338
722 1409 -12562
723 1401 -12122
724 1541 -12106
725 1479 -12414
726 1509 -12406
727 1633 -12314
728 1489 -12426
729 1245 -12234
730 1231 -12522
731 1033 -12730
732 1033 -12570
733 1045 -12550
734 855 -12470
735 815 -12434
736 857 -12382
737 773 -12182
738 831 -12502
739 727 -12234
740 661 -12362
741 691 -12634
742 657 -12294
743 649 -12298
744 881 -12342
745 1017 -12518
746 1115 -12498
747 1055 -12542
748 907 -12434
749 1045 -12462
750 1075 -12746
751 1103 -12750
752 965 -12726
753 777 -12754
754 847 -12534
755 923 -12190
756 835 -12078
757 845 -12190
758 893 -12350
759 775 -12510
760 779 -12462
761 789 -12546
762 631 -12642
763 603 -12462
764 569 -12470
765 811 -12558
766 1027 -12402
767 845 -12254
768 929 -12306
769 595 -12358
770 667 -12414
771 625 -12506
772 663 -12558
773 615 -12414
774 639 -12258
775 697 -12394
776 773 -12346
777 707 -12334
778 599 -12490
779 683 -12722
780 837 -12586
781 699 -12802
782 757 -12634
783 781 -12486
784 749 -12646
785 759 -12634
786 639 -12342
787 627 -12294
788 477 -12082
789 417 -12146
790 371 -12210
791 495 -12350
792 489 -12338
793 465 -12366
794 497 -12426
795 501 -12502
796 449 -12430
797 521 -12638
798 481 -12658
799 649 -12394
800 633 -12414
801 477 -12554
802 699 -12710
803 635 -12718
804 601 -12498
805 727 -12766
806 705 -12350
807 801 -12594
808 861 -12398
809 609 -12554
810 621 -12642
811 591 -12858
812 683 -12590
813 653 -12590
814 565 -12474
815 623 -12638
816 733 -12706
817 713 -12830
818 611 -12614
819 431 -12566
820 511 -12606
821 467 -12482
822 475 -12402
823 541 -12342
824 395 -12442
825 403 -12278
826 483 -12190
827 569 -12226
828 487 -12526
829 493 -12662
830 569 -12842
831 629 -12514
832 557 -12386
833 493 -12906
834 387 -12362
835 383 -12302
836 531 -11866
837 559 -12382
838 575 -12374
839 533 -12254
840 555 -12186
841 451 -12334
842 433 -12386
843 345 -12406
844 355 -12698
845 373 -12690
846 473 -12682
847 523 -12646
848 405 -12706
849 349 -12814
850 413 -12498
851 395 -12362
852 305 -12506
853 233 -12458
854 145 -12494
855 187 -12402
856 235 -12462
857 183 -12710
858 393 -12474
859 397 -12286
860 441 -12298
861 507 -12530
862 451 -12578
863 467 -12730
864 535 -12582
865 419 -12578
866 581 -12770
867 723 -12406
868 731 -12546
869 781 -12562
870 757 -12858
871 783 -12642
872 791 -12586
873 799 -12486
874 727 -12370
875 805 -12702
876 885 -12654
877 813 -12510
878 759 -12454
879 703 -12610
880 713 -12462
881 709 -12338
882 727 -12650
883 701 -12834
884 631 -12902
885 643 -12734
886 639 -12614
887 677 -12450
888 735 -12298
889 665 -12270
890 643 -12290
891 705 -12610
892 711 -12626
893 563 -12858
894 471 -12670
895 383 -12354
896 429 -12406
897 367 -12666
898 413 -12594
899 405 -12638
900 525 -12582
901 555 -12614
902 735 -12762
903 639 -12598
904 761 -12502
905 713 -12358
906 721 -12678
907 859 -12774
908 745 -12734
909 673 -12706
910 521 -12462
911 501 -12734
912 441 -12638
913 373 -12742
914 403 -12814
915 255 -12746
916 115 -12758
917 41 -12722
918 -111 -12474
919 -51 -12430
920 -217 -12442
921 -257 -12322
922 -193 -12406
923 -273 -12190
924 -189 -12282
925 -337 -12422
926 -181 -12222
927 -189 -12074
928 -157 -12358
929 -97 -12230
930 -103 -12238
931 -27 -12358
932 -73 -12218
933 17 -12618
934 95 -12478
935 149 -12666
936 135 -12778
937 185 -13098
938 197 -13066
939 73 -12874
940 13 -13018
941 179 -12770
942 307 -12698
943 421 -12562
944 359 -12682
945 233 -12630
946 151 -12710
947 183 -12698
948 185 -12686
949 217 -12546
950 293 -12638
951 203 -12910
952 227 -12462
953 253 -12642
954 289 -12554
955 349 -12402
956 349 -12690
957 223 -12754
958 77 -12718
959 -79 -12630
960 -51 -12522
961 -43 -12506
962 -169 -12570
963 -135 -12606
964 -123 -12590
965 -105 -12422
966 -151 -12774
967 -125 -12658
968 -119 -12538
969 -95 -12574
970 -101 -12802
971 -33 -12646
972 -195 -12534
973 -485 -12478
974 -537 -12842
975 -551 -12918
976 -431 -12898
977 -237 -12794
978 -183 -12902
979 -151 -12938
980 -151 -12926
981 29 -12730
982 159 -12770
983 237 -12658
984 185 -12894
985 211 -12730
986 309 -12754
987 359 -12686
988 293 -12742
989 143 -12830
990 35 -13010
991 99 -13070
992 -19 -12834
993 -267 -12622
994 -83 -12846
995 9 -12854
996 -147 -12998
997 -113 -12758
998 -179 -12642
999 -163 -12958
1000 -199 -12958
1001 -173 -12970
1002 -283 -12938
1003 -337 -12670
1004 -235 -12338
1005 -129 -12486
1006 -201 -12494
1007 -343 -12650
1008 -195 -12878
1009 -133 -12522
1010 -75 -12694
1011 -19 -12570
1012 -81 -12706
1013 -45 -12734
1014 -21 -12478
1015 -17 -12546
1016 61 -12510
1017 -119 -12418
1018 -137 -12314
1019 -147 -12530
1020 -285 -12794
1021 -393 -12714
1022 -465 -12890
1023 -389 -12990
1024 -427 -12830
1025 -353 -13338
1026 -195 -13202
1027 -175 -13510
1028 -227 -13238
1029 -123 -13122
1030 -195 -12814
1031 -141 -13014
1032 51 -12666
1033 -237 -12350
1034 -169 -12614
1035 -127 -12634
1036 -207 -12790
1037 -233 -12782
1038 -425 -12586
1039 -401 -12618
1040 -431 -12574
1041 -373 -12618
1042 -237 -12370
1043 -281 -12474
1044 -331 -12658
1045 -483 -12530
1046 -547 -12702
1047 -611 -12658
1048 -717 -12622
1049 -591 -12454
1050 -657 -12674
1051 -525 -12754
1052 -569 -12558
1053 -503 -12642
1054 -541 -12626
1055 -609 -12714
1056 -671 -12758
1057 -513 -12770
1058 -621 -12718
1059 -561 -12666
1060 -607 -12534
1061 -711 -12810
1062 -469 -12762
1063 -347 -12454
1064 -337 -12406
1065 -215 -12822
1066 -223 -12706
1067 -257 -12794
1068 -117 -12782
1069 105 -12482
1070 69 -12262
1071 197 -12506
1072 211 -12550
1073 121 -12566
1074 61 -12890
1075 141 -12658
1076 23 -12822
1077 -119 -12626
1078 65 -12610
1079 123 -12690
1080 63 -12754
1081 27 -13014
1082 1 -12826
1083 37 -12610
1084 -63 -12850
1085 -139 -12882
1086 -269 -12938
1087 -415 -12830
1088 -369 -12866
1089 -505 -12658
1090 -617 -12630
1091 -447 -12630
1092 -439 -12598
1093 -259 -12606
1094 -305 -12566
1095 -261 -12586
1096 -223 -12374
1097 -151 -12386
1098 -171 -12510
1099 -263 -12522
1100 -175 -12866
1101 -111 -13058
1102 -109 -13042
1103 25 -12822
1104 51 -12798
1105 -127 -12946
1106 -15 -12726
1107 -99 -12610
1108 13 -12758
1109 -109 -12994
1110 -153 -12790
1111 -197 -12718
1112 -115 -12710
1113 -279 -12770
1114 -353 -12746
1115 -395 -12798
1116 -235 -12786
1117 -307 -12602
1118 -121 -12654
1119 -19 -12558
1120 57 -12698
1121 87 -12570
1122 219 -12434
1123 217 -12390
1124 219 -12546
1125 375 -12498
1126 375 -12582
1127 391 -12606
1128 481 -12494
1129 421 -12454
1130 517 -12486
1131 439 -12390
1132 599 -12386
1133 645 -12490
1134 533 -12650
1135 399 -12602
1136 353 -12750
1137 379 -12806
1138 483 -12514
1139 579 -12802
1140 787 -12582
1141 709 -12658
1142 617 -12854
1143 501 -12770
1144 465 -12822
1145 499 -12870
1146 577 -12854
1147 579 -12954
1148 661 -12954
1149 589 -12778
1150 623 -12734
1151 661 -12658
1152 573 -12874
1153 427 -13030
1154 527 -13042
1155 487 -12802
1156 663 -12970
1157 605 -13066
1158 547 -12802
1159 581 -12498
1160 589 -12546
1161 627 -12594
1162 615 -12774
1163 581 -12846
1164 639 -12706
1165 645 -12538
1166 703 -12670
1167 771 -12778
1168 743 -12702
1169 599 -12758
1170 697 -12786
1171 639 -12690
1172 371 -12862
1173 407 -12754
1174 325 -12782
1175 337 -12658
1176 319 -12782
1177 223 -12814
1178 335 -12706
1179 455 -12798
1180 587 -12522
1181 505 -12638
1182 493 -12450
1183 419 -12570
1184 495 -12542
1185 351 -12610
1186 439 -12586
1187 411 -12470
1188 519 -12338
1189 429 -12386
1190 387 -12486
1191 251 -12222
1192 327 -12190
1193 261 -12150
1194 305 -12306
1195 481 -12462
1196 591 -12386
1197 427 -12414
1198 303 -12342
1199 225 -12358
1200 217 -12518
1201 119 -12406
1202 63 -12366
1203 107 -12414
1204 155 -12462
1205 221 -12630
1206 33 -12658
1207 -1 -12586
1208 137 -12874
1209 171 -12530
1210 265 -12374
1211 153 -12194
1212 409 -12450
1213 413 -12586
1214 469 -12438
1215 529 -12142
1216 525 -12054
1217 565 -12010
1218 609 -12258
1219 539 -11830
1220 319 -12106
1221 181 -12490
1222 105 -12434
1223 65 -12326
1224 79 -12162
1225 -189 -12362
1226 -271 -12518
1227 -349 -12646
1228 -295 -12710
1229 -289 -12822
1230 -153 -12890
1231 -33 -12866
1232 -239 -12838
1233 -231 -12850
1234 -105 -12730
1235 75 -12858
1236 43 -12870
1237 49 -12882
1238 -11 -12814
1239 -25 -12758
1240 133 -12746
1241 367 -12618
1242 233 -12650
1243 383 -12734
1244 479 -12622
1245 673 -12658
1246 709 -12626
1247 599 -12390
1248 657 -12582
1249 785 -12530
1250 751 -12358
1251 677 -12290
1252 839 -12450
1253 803 -12302
1254 751 -12486
1255 731 -12450
1256 807 -12242
1257 913 -12698
1258 887 -12626
1259 977 -12658
1260 1029 -12490
1261 921 -12366
1262 795 -12310
1263 863 -12150
1264 815 -12210
1265 851 -12170
1266 941 -12278
1267 1031 -12254
1268 1167 -12330
1269 1183 -12198
1270 1163 -12038
1271 963 -12186
1272 929 -12266
1273 901 -12374
1274 731 -12358
1275 609 -12498
1276 633 -12414
1277 513 -12430
1278 421 -12530
1279 347 -12438
1280 225 -12542
1281 329 -12342
1282 409 -12466
1283 539 -12382
1284 381 -12218
1285 289 -12382
1286 287 -12582
1287 369 -12742
1288 395 -12654
1289 431 -12558
1290 417 -12806
1291 387 -12830
1292 439 -12914
1293 413 -12922
1294 387 -12678
1295 537 -12538
1296 537 -12602
1297 589 -12618
1298 585 -12594
1299 501 -12374
1300 435 -12542
1301 335 -12450
1302 363 -12426
1303 351 -12514
1304 331 -12530
1305 273 -12686
1306 231 -12802
1307 159 -12586
1308 279 -12566
1309 315 -12522
1310 353 -12618
1311 145 -12514
1312 147 -12382
1313 53 -12330
1314 113 -12626
1315 133 -12482
1316 185 -12550
1317 255 -12734
1318 243 -12494
1319 1 -12570
1320 -31 -12614
1321 -179 -12446
1322 -271 -12570
1323 -449 -12634
1324 -429 -12694
1325 -371 -12682
1326 -305 -12538
1327 -377 -12418
1328 -363 -12702
1329 -439 -12366
1330 -417 -12474
1331 -471 -12570
1332 -441 -12134
1333 -527 -12362
1334 -575 -12342
1335 -653 -12514
1336 -659 -12610
1337 -679 -12494
1338 -595 -12590
1339 -705 -12610
1340 -585 -12170
1341 -551 -12394
1342 -447 -12374
1343 -617 -12246
1344 -637 -12210
1345 -633 -12546
1346 -473 -12578
1347 -477 -12486
1348 -473 -12314
1349 -457 -12390
1350 -393 -12770
1351 -427 -12478
1352 -279 -12366
1353 -283 -12154
1354 -179 -12266
1355 -243 -12134
1356 -61 -12142
1357 13 -12354
1358 -91 -12330
1359 -97 -12398
1360 -115 -12270
1361 -49 -12298
1362 19 -12370
1363 105 -12550
1364 159 -12602
1365 187 -12802
1366 267 -12426
1367 261 -12362
1368 489 -12370
1369 561 -11962
1370 537 -12154
1371 423 -12490
1372 477 -12610
1373 421 -12762
1374 497 -12554
1375 473 -12854
1376 377 -12890
1377 531 -12670
1378 499 -12654
1379 479 -12478
1380 403 -12338
1381 149 -12314
1382 139 -12186
1383 103 -12338
1384 199 -12382
1385 357 -12626
1386 421 -12570
1387 501 -12710
1388 573 -12762
1389 541 -12526
1390 521 -12570
1391 213 -12446
1392 125 -12598
1393 187 -12658
1394 145 -12522
1395 -27 -12530
1396 -33 -12490
1397 129 -12430
1398 227 -12802
1399 271 -12874
1400 149 -12994
1401 197 -12766
1402 251 -12250
1403 163 -12646
1404 199 -12726
1405 221 -12702
1406 349 -12618
1407 403 -12758
1408 303 -12638
1409 177 -12614
1410 245 -12838
1411 149 -12574
1412 161 -12526
1413 159 -12578
1414 85 -12858
1415 43 -12898
1416 29 -12730
1417 -65 -12742
1418 -151 -12702
1419 -231 -12874
1420 -199 -13278
1421 -289 -12894
1422 -173 -12818
1423 -151 -12470
1424 -25 -12470
1425 27 -12774
1426 147 -12446
1427 45 -12438
1428 103 -12422
1429 53 -12670
1430 -45 -12790
1431 -201 -12810
1432 95 -12826
1433 207 -12878
1434 155 -12838
1435 181 -12706
1436 255 -12706
1437 177 -12582
1438 161 -12518
1439 251 -12554
1440 81 -12510
1441 -51 -12390
1442 -59 -12350
1443 -175 -12490
1444 -285 -12598
1445 -211 -12674
1446 -127 -12578
1447 -65 -12526
1448 -19 -12186
1449 93 -12342
1450 161 -12294
1451 189 -12406
1452 179 -12326
1453 259 -12258
1454 139 -12234
1455 -93 -12346
1456 113 -12378
1457 135 -12222
1458 137 -12490
1459 17 -12430
1460 -155 -12462
1461 -191 -12506
1462 -123 -12674
1463 61 -12754
1464 -25 -12458
1465 -33 -12638
1466 -47 -12670
1467 53 -12578
1468 21 -12494
1469 57 -12522
1470 -19 -12598
1471 145 -12422
1472 159 -12734
1473 251 -12474
1474 279 -12334
1475 257 -12538
1476 223 -12450
1477 225 -12450
1478 55 -12526
1479 51 -12270
1480 187 -12414
1481 129 -12362
1482 119 -12274
1483 129 -12514
1484 145 -12530
1485 73 -12634
1486 125 -12790
1487 67 -12670
1488 51 -12646
1489 47 -12626
1490 1 -12646
1491 1 -12630
1492 -65 -12546
1493 87 -12610
1494 95 -12578
1495 13 -12622
1496 -27 -12542
1497 5 -12646
1498 95 -12670
1499 45 -12750
1500 -73 -12690
1501 -71 -12542
1502 -127 -12618
1503 -283 -12638
1504 -247 -12626
1505 -273 -12810
1506 -83 -12810
1507 -247 -13022
1508 -233 -12942
1509 -355 -12978
1510 -419 -12586
1511 -461 -12466
1512 -545 -12338
1513 -467 -12338
1514 -303 -12382
1515 -309 -12506
1516 -371 -12198
1517 -467 -12270
1518 -425 -12394
1519 -529 -12198
1520 -597 -12294
1521 -649 -12326
1522 -671 -12542
1523 -809 -12650
1524 -879 -12674
1525 -833 -12834
1526 -937 -12678
1527 -1039 -12702
1528 -953 -12778
1529 -873 -12546
1530 -637 -12674
1531 -475 -12534
1532 -373 -12562
1533 -451 -12246
1534 -399 -12470
1535 -491 -12530
1536 -449 -12814
1537 -397 -12558
1538 -383 -12474
1539 -393 -12610
1540 -389 -12566
1541 -427 -12254
1542 -451 -12674
1543 -439 -12818
1544 -387 -12878
1545 -355 -12770
1546 -313 -12874
1547 -501 -12534
1548 -371 -12842
1549 -345 -12882
1550 -363 -12646
1551 -515 -12902
1552 -431 -12850
1553 -397 -12986
1554 -557 -12794
1555 -583 -12958
1556 -653 -12814
1557 -577 -12846
1558 -397 -13198
1559 -389 -13010
1560 -461 -12938
1561 -415 -12862
1562 -357 -12862
1563 -483 -12870
1564 -561 -12830
1565 -509 -12738
1566 -585 -12806
1567 -671 -12690
1568 -609 -12842
1569 -785 -12702
1570 -791 -12758
1571 -837 -12730
1572 -937 -12526
1573 -957 -12530
1574 -949 -12758
1575 -957 -12538
1576 -785 -12666
1577 -501 -12738
1578 -443 -12998
1579 -385 -12742
1580 -397 -12814
1581 -457 -12694
1582 -461 -12918
1583 -545 -12890
1584 -369 -12722
1585 -307 -12574
1586 -93 -12774
1587 -109 -12650
1588 -105 -12538
1589 -131 -12530
1590 -223 -12746
1591 -169 -12826
1592 -33 -12678
1593 -91 -12770
1594 -219 -12778
1595 -155 -12578
1596 -155 -12382
1597 -185 -12726
1598 -299 -12582
1599 -171 -12770
1600 -205 -12970
1601 -179 -12674
1602 -319 -12742
1603 -209 -12702
1604 -303 -12678
1605 -317 -12406
1606 -279 -12518
1607 -311 -12374
1608 -371 -12622
1609 -399 -12406
1610 -487 -12622
1611 -525 -12790
1612 -719 -12698
1613 -767 -12638
1614 -711 -12526
1615 -807 -12374
1616 -685 -12754
1617 -493 -12934
1618 -639 -12646
1619 -509 -12846
1620 -501 -12686
1621 -423 -12666
1622 -541 -12658
1623 -533 -12422
1624 -563 -12430
1625 -517 -12650
1626 -607 -12834
1627 -467 -12842
1628 -371 -12634
1629 -351 -12798
1630 -425 -12742
1631 -387 -12522
1632 -417 -12446
1633 -509 -12322
1634 -333 -12246
1635 -305 -12430
1636 -217 -12366
1637 -191 -12606
1638 -273 -12494
1639 -339 -12434
1640 -351 -12582
1641 -493 -12682
1642 -493 -12598
1643 -417 -12786
1644 -395 -12514
1645 -373 -12666
1646 -449 -12222
1647 -463 -12074
1648 -367 -12122
1649 -391 -12238
1650 -445 -12510
1651 -509 -12354
1652 -575 -12726
1653 -579 -12354
1654 -565 -12730
1655 -539 -12666
1656 -485 -12858
1657 -373 -12710
1658 -313 -12698
1659 -377 -12702
1660 -267 -12846
1661 -193 -12782
1662 -323 -12614
1663 -255 -12522
1664 -263 -12574
1665 -401 -12834
1666 -425 -12694
1667 -615 -12702
1668 -689 -12550
1669 -689 -12490
1670 -725 -12366
1671 -835 -12302
1672 -913 -12598
1673 -873 -12494
1674 -947 -12674
1675 -905 -12646
1676 -679 -12678
1677 -685 -12270
1678 -683 -12454
1679 -863 -12358
1680 -859 -12230
1681 -767 -12278
1682 -753 -12254
1683 -921 -12366
1684 -863 -12362
1685 -853 -12838
1686 -821 -12906
1687 -831 -12490
1688 -977 -12290
1689 -1183 -12646
1690 -961 -12566
1691 -969 -12518
1692 -929 -12270
1693 -803 -12554
1694 -891 -12598
1695 -679 -12458
1696 -663 -12706
1697 -655 -12746
1698 -779 -12806
1699 -701 -12882
1700 -673 -12850
1701 -681 -12782
1702 -497 -12754
1703 -565 -12670
1704 -517 -12406
1705 -421 -12478
1706 -705 -12626
1707 -733 -12770
1708 -835 -12518
1709 -985 -12498
1710 -953 -12474
1711 -949 -12646
1712 -859 -12638
1713 -731 -12306
1714 -667 -12178
1715 -739 -12198
1716 -617 -12082
1717 -627 -12246
1718 -589 -12158
1719 -377 -12218
1720 -475 -12286
1721 -533 -12310
1722 -613 -12450
1723 -753 -12074
1724 -711 -12294
1725 -529 -12290
1726 -593 -12330
1727 -575 -12290
1728 -743 -12374
1729 -749 -12318
1730 -685 -12242
1731 -781 -12202
1732 -761 -12270
1733 -739 -12190
1734 -735 -12282
1735 -585 -12502
1736 -635 -12390
1737 -579 -12522
1738 -621 -12310
1739 -497 -12270
1740 -565 -12122
1741 -503 -12390
1742 -355 -12194
1743 -337 -12550
1744 -469 -12398
1745 -589 -12630
1746 -777 -12506
1747 -769 -12794
1748 -853 -12626
1749 -877 -12642
1750 -701 -12586
1751 -583 -12534
1752 -473 -12714
1753 -283 -13026
1754 -315 -13038
1755 -323 -12934
1756 -313 -12886
1757 -461 -12922
1758 -533 -13094
1759 -489 -12850
1760 -611 -13114
1761 -589 -13086
1762 -639 -12774
1763 -639 -12730
1764 -573 -12930
1765 -667 -12778
1766 -883 -12802
1767 -821 -12866
1768 -753 -12670
1769 -911 -12594
1770 -1013 -12390
1771 -969 -12426
1772 -991 -12550
1773 -1027 -12746
1774 -881 -12906
1775 -1137 -12686
1776 -1199 -12642
1777 -1251 -12682
1778 -1207 -12906
1779 -1231 -12718
1780 -1281 -12762
1781 -1393 -12526
1782 -1223 -12270
1783 -1097 -12170
1784 -967 -12342
1785 -1075 -12374
1786 -1327 -12474
1787 -1391 -12410
1788 -1429 -12334
1789 -1285 -12422
1790 -1409 -12714
1791 -1295 -12590
1792 -1261 -12478
1793 -1217 -12402
1794 -1355 -12446
1795 -1235 -12206
1796 -1347 -12090
1797 -1329 -12162
1798 -1275 -12154
1799 -1191 -12210
1800 -1183 -12198
1801 -1279 -12086
1802 -1177 -12178
1803 -1153 -12294
1804 -1121 -12122
1805 -1011 -12642
1806 -935 -12674
1807 -1001 -12722
1808 -1095 -12638
1809 -1107 -12506
1810 -1061 -12410
1811 -955 -12422
1812 -983 -12382
1813 -905 -12482
1814 -1019 -12474
1815 -1073 -12458
1816 -1177 -12470
1817 -1189 -12306
1818 -1229 -12350
1819 -1245 -12362
1820 -1315 -12290
1821 -1503 -12382
1822 -1437 -12258
1823 -1563 -12230
1824 -1635 -12294
1825 -1665 -12326
1826 -1765 -12306
1827 -1827 -12450
1828 -1851 -12346
1829 -1951 -12534
1830 -2091 -12482
1831 -2159 -12570
1832 -2173 -12498
1833 -2031 -12514
1834 -2095 -12642
1835 -2155 -12502
1836 -2133 -12642
1837 -2147 -12758
1838 -2325 -12814
1839 -2289 -12818
1840 -2167 -12682
1841 -2187 -12490
1842 -2077 -12682
1843 -2083 -12426
1844 -2117 -12470
1845 -2159 -12474
1846 -2029 -12518
1847 -1851 -12490
1848 -1955 -12542
1849 -1843 -12662
1850 -1911 -12718
1851 -1755 -12418
1852 -1729 -12594
1853 -1677 -12682
1854 -1617 -12630
1855 -1511 -12538
1856 -1451 -12326
1857 -1337 -12430
1858 -1383 -12650
1859 -1359 -12926
1860 -1485 -13074
1861 -1507 -12794
1862 -1645 -12798
1863 -1675 -12890
1864 -1617 -12818
1865 -1513 -12634
1866 -1443 -12714
1867 -1451 -12542
1868 -1337 -12618
1869 -1339 -12730
1870 -1209 -12594
1871 -1277 -12598
1872 -1267 -12406
1873 -1321 -12366
1874 -1373 -12606
1875 -1409 -12246
1876 -1423 -12278
1877 -1487 -12598
1878 -1191 -12226
1879 -1189 -12302
1880 -1247 -12478
1881 -1203 -12378
1882 -1155 -12174
1883 -1081 -12418
1884 -831 -12950
1885 -705 -12906
1886 -881 -12986
1887 -931 -12886
1888 -931 -12774
1889 -959 -12986
1890 -1119 -13026
1891 -1089 -12906
1892 -1009 -12742
1893 -981 -12894
1894 -917 -13022
1895 -839 -12702
1896 -901 -12798
1897 -757 -12790
1898 -721 -12678
1899 -567 -12366
1900 -427 -12310
1901 -285 -12446
1902 -309 -12430
1903 -309 -12178
1904 -315 -12626
1905 -319 -12598
1906 -199 -12502
1907 31 -12350
1908 61 -12382
1909 11 -12302
1910 -43 -12506
1911 103 -12574
1912 53 -12478
1913 -13 -12650
1914 -99 -12626
1915 -173 -12414
1916 -159 -12422
1917 -131 -12418
1918 35 -12578
1919 111 -12434
1920 -149 -12494
1921 79 -12438
1922 59 -12382
1923 95 -12638
1924 89 -12298
1925 149 -12238
1926 87 -12274
1927 175 -11982
1928 255 -12310
1929 383 -12502
1930 367 -12154
1931 343 -12534
1932 337 -12466
1933 361 -12070
1934 281 -12118
1935 209 -12186
1936 73 -12190
1937 49 -12370
1938 53 -12462
1939 -191 -12762
1940 -49 -12514
1941 -179 -12554
1942 -181 -12386
1943 -195 -12474
1944 -31 -12302
1945 -67 -12494
1946 -5 -12546
1947 -123 -12754
1948 -243 -12810
1949 -273 -12618
1950 -233 -12406
1951 -267 -12466
1952 -529 -12334
1953 -415 -12718
1954 -431 -12690
1955 -385 -12550
1956 -251 -12390
1957 -375 -12622
1958 -585 -12798
1959 -577 -12746
1960 -567 -12778
1961 -609 -12926
1962 -589 -12742
1963 -441 -12690
1964 -477 -12870
1965 -439 -12602
1966 -451 -12550
1967 -551 -12714
1968 -579 -12506
1969 -549 -12658
1970 -567 -12614
1971 -477 -12606
1972 -723 -12754
1973 -859 -12262
1974 -999 -12286
1975 -893 -12302
1976 -855 -12442
1977 -921 -12570
1978 -989 -12362
1979 -1193 -12410
1980 -1167 -12374
1981 -1133 -12350
1982 -1159 -12442
1983 -1279 -12530
1984 -1321 -12666
1985 -1385 -12626
1986 -1379 -12738
1987 -1347 -12806
1988 -1353 -12918
1989 -1345 -13054
1990 -1109 -12850
1991 -1247 -12686
1992 -1297 -12490
1993 -1393 -12218
1994 -1521 -12282
1995 -1465 -12578
1996 -1541 -12534
1997 -1517 -12442
1998 -1437 -12486
1999 -1703 -12778
2000 -1531 -12562
2001 -1609 -12630
2002 -1589 -12498
2003 -1415 -12306
2004 -1551 -12226
2005 -1573 -12314
2006 -1713 -12342
2007 -1757 -12454
2008 -1781 -12398
2009 -1681 -12466
2010 -1605 -12234
2011 -1625 -12310
2012 -1629 -12478
2013 -1713 -12502
2014 -1747 -12458
2015 -1833 -12238
2016 -1803 -12266
2017 -1723 -12386
2018 -1821 -12446
2019 -1897 -12410
2020 -1679 -12570
2021 -1705 -12594
2022 -1583 -12350
2023 -1535 -12202
2024 -1525 -12362
2025 -1411 -12318
2026 -1419 -12534
2027 -1469 -12526
2028 -1483 -12578
2029 -1513 -12118
2030 -1385 -12210
2031 -1361 -12346
2032 -1305 -12286
2033 -1125 -12130
2034 -965 -12246
2035 -977 -12246
2036 -851 -12382
2037 -1055 -12434
2038 -1131 -12542
2039 -1245 -12310
2040 -1205 -12570
2041 -1281 -12482
2042 -1125 -12466
2043 -1003 -12298
2044 -837 -12402
2045 -747 -12310
2046 -615 -12338
2047 -715 -12026
2048 -791 -12198
2049 -1069 -11970
2050 -929 -12250
2051 -1057 -12230
2052 -1211 -12342
2053 -1221 -12270
2054 -955 -11954
2055 -995 -11914
2056 -1013 -12126
2057 -1085 -12046
2058 -941 -11890
2059 -1017 -11938
2060 -1017 -12030
2061 -1073 -11938
2062 -1121 -12002
2063 -1195 -12046
2064 -1189 -12210
2065 -1141 -12134
2066 -1137 -12354
2067 -999 -12354
2068 -925 -12550
2069 -781 -12722
2070 -795 -12514
2071 -779 -12450
2072 -771 -12126
2073 -577 -12154
2074 -621 -12206
2075 -531 -12058
2076 -725 -12126
2077 -781 -12250
2078 -699 -12090
2079 -821 -12210
2080 -755 -12230
2081 -763 -11990
2082 -807 -12142
2083 -1123 -12006
2084 -1045 -12366
2085 -1033 -12170
2086 -985 -12294
2087 -889 -12266
2088 -937 -12530
2089 -1003 -12542
2090 -1037 -12562
2091 -755 -12382
2092 -805 -12118
2093 -675 -12498
2094 -671 -12290
2095 -891 -12058
2096 -851 -12414
2097 -711 -12486
2098 -533 -12382
2099 -489 -12538
2100 -385 -12426
2101 -295 -12518
2102 -265 -12514
2103 -355 -12582
2104 -345 -12578
2105 -433 -12610
2106 -529 -12514
2107 -525 -12650
2108 -659 -12762
2109 -673 -12990
2110 -659 -13050
2111 -653 -13118
2112 -575 -12946
2113 -625 -12686
2114 -549 -12394
2115 -421 -12586
2116 -355 -12850
2117 -457 -12850
2118 -607 -12606
2119 -565 -12614
2120 -439 -12490
2121 -559 -12338
2122 -559 -12594
2123 -731 -12734
2124 -843 -12662
2125 -919 -12858
2126 -907 -12846
2127 -1021 -12746
2128 -965 -12506
2129 -927 -12462
2130 -795 -12686
2131 -841 -12610
2132 -845 -12810
2133 -787 -12602
2134 -895 -12634
2135 -981 -12806
2136 -1147 -12586
2137 -1399 -12570
2138 -1573 -12790
2139 -1619 -12658
2140 -1615 -12570
2141 -1417 -12658
2142 -1367 -12494
2143 -1271 -12554
2144 -1383 -12594
2145 -1357 -12394
2146 -1545 -12598
2147 -1559 -12606
2148 -1439 -12810
2149 -1291 -12514
2150 -1463 -12306
2151 -1283 -12330
2152 -1089 -12370
2153 -1081 -12278
2154 -1123 -12738
2155 -1135 -12718
2156 -1229 -12582
2157 -1211 -12398
2158 -1137 -12746
2159 -1119 -12718
2160 -953 -12794
2161 -977 -12590
2162 -913 -12734
2163 -729 -12514
2164 -613 -12618
2165 -603 -12538
2166 -869 -12678
2167 -917 -12582
2168 -897 -12486
2169 -1003 -12366
2170 -891 -12606
2171 -943 -12282
2172 -815 -12354
2173 -951 -12310
2174 -693 -12534
2175 -763 -12518
2176 -821 -12462
2177 -979 -12450
2178 -965 -12610
2179 -785 -12770
2180 -763 -12730
2181 -691 -12830
2182 -663 -12926
2183 -689 -12902
2184 -751 -12978
2185 -711 -12878
2186 -681 -13122
2187 -699 -12970
2188 -681 -12774
2189 -585 -12734
2190 -723 -12694
2191 -747 -12810
2192 -915 -12702
2193 -1067 -12894
2194 -1065 -13014
2195 -945 -12858
2196 -843 -12742
2197 -761 -12698
2198 -749 -12810
2199 -777 -12946
2200 -749 -12922
2201 -781 -12914
2202 -969 -12854
2203 -1011 -13054
2204 -953 -12770
2205 -779 -12806
2206 -819 -12694
2207 -915 -12654
2208 -957 -12954
2209 -993 -12906
2210 -903 -12494
2211 -755 -12774
2212 -697 -12738
2213 -805 -12686
2214 -747 -12546
2215 -597 -12666
2216 -569 -12458
2217 -571 -12650
2218 -415 -12766
2219 -613 -12946
2220 -575 -12974
2221 -577 -13026
2222 -595 -12794
2223 -581 -12922
2224 -665 -12990
2225 -507 -13090
2226 -383 -13054
2227 -455 -12870
2228 -547 -13030
2229 -651 -13218
2230 -697 -12874
2231 -689 -12646
2232 -603 -12662
2233 -627 -12482
2234 -487 -12562
2235 -549 -12738
2236 -615 -12930
2237 -599 -12518
2238 -679 -12706
2239 -585 -12734
2240 -677 -12998
2241 -661 -12886
2242 -569 -12602
2243 -605 -12610
2244 -563 -12718
2245 -687 -12938
2246 -681 -13010
2247 -595 -12978
2248 -645 -12786
2249 -943 -12866
2250 -1035 -12826
2251 -1071 -12922
2252 -1065 -12710
2253 -1109 -12610
2254 -1151 -12618
2255 -953 -12722
2256 -997 -12722
2257 -1013 -12670
2258 -923 -12734
2259 -1025 -12598
2260 -1031 -12586
2261 -1273 -12702
2262 -1357 -12738
2263 -1393 -12866
2264 -1451 -12834
2265 -1391 -12754
2266 -1501 -12866
2267 -1493 -12698
2268 -1483 -12694
2269 -1667 -12742
2270 -1605 -12886
2271 -1617 -12794
2272 -1559 -12622
2273 -1459 -12630
2274 -1505 -12710
2275 -1577 -12846
2276 -1507 -12710
2277 -1633 -12826
2278 -1597 -12826
2279 -1477 -12694
2280 -1395 -12626
2281 -1515 -12698
2282 -1647 -12462
2283 -1579 -12530
2284 -1531 -12670
2285 -1585 -12842
2286 -1731 -12522
2287 -1791 -12570
2288 -1769 -12442
2289 -1883 -12602
2290 -1841 -12570
2291 -1941 -12574
2292 -2079 -12794
2293 -1941 -12590
2294 -2101 -12926
2295 -1993 -13006
2296 -2009 -12914
2297 -2079 -12730
2298 -1981 -12738
2299 -2013 -13018
2300 -1933 -12622
2301 -1829 -12594
2302 -1849 -12450
2303 -1693 -12522
2304 -1729 -12558
2305 -1659 -12610
2306 -1793 -12666
2307 -1663 -13058
2308 -1623 -12682
2309 -1391 -12530
2310 -1301 -12606
2311 -1303 -12822
2312 -1411 -12722
2313 -1493 -12670
2314 -1551 -12726
2315 -1555 -12882
2316 -1467 -12642
2317 -1483 -12110
2318 -1595 -12246
2319 -1479 -12274
2320 -1497 -12442
2321 -1547 -12758
2322 -1539 -12546
2323 -1605 -12718
2324 -1485 -12678
2325 -1619 -12638
2326 -1545 -12570
2327 -1531 -12350
2328 -1641 -12394
2329 -1701 -12510
2330 -1837 -12330
2331 -1997 -12446
2332 -1903 -12282
2333 -1879 -12514
2334 -1955 -12674
2335 -1773 -12662
2336 -1783 -12754
2337 -1815 -12630
2338 -1683 -12670
2339 -1731 -12394
2340 -1759 -12522
2341 -1935 -12770
2342 -1913 -12830
2343 -1705 -12782
2344 -1653 -12754
2345 -1515 -12698
2346 -1583 -12614
2347 -1625 -12842
2348 -1527 -12778
2349 -1395 -12406
2350 -1425 -12654
2351 -1471 -12790
2352 -1437 -12590
2353 -1313 -12338
2354 -1381 -12394
2355 -1365 -12474
2356 -1249 -12414
2357 -997 -12410
2358 -1017 -12354
2359 -1059 -12474
2360 -957 -12398
2361 -995 -12454
2362 -853 -12674
2363 -847 -12126
2364 -891 -12222
2365 -1107 -12558
2366 -1159 -12802
2367 -1309 -12554
2368 -1385 -12738
2369 -1557 -12622
2370 -1809 -12854
2371 -1803 -12782
2372 -1847 -12758
2373 -1803 -12650
2374 -1819 -12718
2375 -1783 -12542
2376 -1741 -12678
2377 -1679 -12422
2378 -1595 -12390
2379 -1701 -12310
2380 -1619 -12518
2381 -1745 -12290
2382 -1833 -12442
2383 -1761 -12410
2384 -1693 -12434
2385 -1789 -12482
2386 -1681 -12258
2387 -1789 -12238
2388 -1927 -12446
2389 -1873 -12374
2390 -1767 -12194
2391 -1793 -12562
2392 -2029 -12502
2393 -1967 -12386
2394 -1949 -12246
2395 -1975 -12102
2396 -1737 -12134
2397 -1881 -12210
2398 -1801 -12554
2399 -1843 -12462
2400 -2005 -12606
2401 -2075 -12446
2402 -2123 -12626
2403 -2147 -12710
2404 -2089 -12654
2405 -2089 -12798
2406 -1937 -12546
2407 -1985 -12522
2408 -2113 -12630
2409 -2215 -12734
2410 -2351 -12342
2411 -2543 -12578
2412 -2501 -12950
2413 -2571 -13094
2414 -2685 -13034
2415 -2715 -13194
2416 -2875 -12950
2417 -2853 -12830
2418 -2777 -12802
2419 -2723 -12722
2420 -2737 -12678
2421 -2745 -12834
2422 -2703 -12626
2423 -2775 -12742
2424 -2625 -12626
2425 -2739 -12610
2426 -2647 -12598
2427 -2749 -12702
2428 -2773 -12778
2429 -2807 -12810
2430 -2981 -12978
2431 -3111 -12966
2432 -3209 -12974
2433 -3251 -13062
2434 -3345 -13138
2435 -3305 -12918
2436 -3237 -12938
2437 -3445 -13278
2438 -3591 -13354
2439 -3479 -13130
2440 -3437 -13178
2441 -3363 -13370
2442 -3355 -13154
2443 -3491 -13202
2444 -3455 -13146
2445 -3473 -13146
2446 -3325 -13134
2447 -3345 -13030
2448 -3381 -13030
2449 -3331 -13206
2450 -3391 -12826
2451 -3435 -12922
2452 -3527 -12922
2453 -3627 -13198
2454 -3701 -13162
2455 -3647 -13174
2456 -3475 -13106
2457 -3451 -13310
2458 -3501 -13282
2459 -3541 -13122
2460 -3409 -12926
2461 -3339 -13002
2462 -3413 -12994
2463 -3341 -12638
2464 -3359 -12682
2465 -3413 -12930
2466 -3337 -12806
2467 -3279 -12598
2468 -3175 -12634
2469 -3091 -12534
2470 -3127 -12570
2471 -3249 -12802
2472 -3391 -12662
2473 -3479 -12346
2474 -3621 -12822
2475 -3677 -13162
2476 -3573 -12910
2477 -3521 -12762
2478 -3551 -12722
2479 -3511 -12842
2480 -3537 -12558
2481 -3557 -12758
2482 -3657 -12810
2483 -3567 -12842
2484 -3557 -12814
2485 -3653 -12978
2486 -3683 -12874
2487 -3697 -12906
2488 -3653 -12922
2489 -3711 -12830
2490 -3757 -12994
2491 -3841 -13070
2492 -3605 -13066
2493 -3727 -13214
2494 -3579 -13106
2495 -3497 -12850
2496 -3567 -12862
2497 -3559 -13062
2498 -3421 -12722
2499 -3425 -12734
2500 -3401 -12734
2501 -3353 -12734
2502 -3401 -12646
2503 -3435 -12750
2504 -3537 -12758
2505 -3507 -12982
2506 -3499 -13050
2507 -3371 -12750
2508 -3313 -12710
2509 -3283 -12954
2510 -3409 -12922
2511 -3377 -12746
2512 -3267 -12662
2513 -3299 -13038
2514 -3381 -13110
2515 -3243 -12886
2516 -3071 -12750
2517 -3229 -12598
2518 -3183 -12630
2519 -3201 -12838
2520 -3039 -12766
2521 -3015 -13014
2522 -2961 -13010
2523 -2923 -12662
2524 -2943 -12830
2525 -3103 -12958
2526 -3289 -12866
2527 -3359 -13018
2528 -3253 -12994
2529 -3217 -12794
2530 -3149 -12730
2531 -3145 -12662
2532 -3121 -12770
2533 -3151 -12634
2534 -3153 -12738
2535 -3125 -12602
2536 -3213 -12866
2537 -3247 -12750
2538 -3347 -12814
2539 -3413 -12842
2540 -3169 -12506
2541 -3169 -12610
2542 -2913 -12738
2543 -2867 -12798
2544 -2883 -12470
2545 -2769 -12522
2546 -2939 -12630
2547 -3095 -12878
2548 -3315 -12894
2549 -3409 -13290
2550 -3377 -13078
2551 -3159 -12694
2552 -2871 -12574
2553 -2929 -12610
2554 -2967 -12606
2555 -3057 -12714
2556 -3043 -13126
2557 -3001 -12638
2558 -2965 -12738
2559 -2959 -12814
2560 -2899 -12494
2561 -2965 -12410
2562 -3075 -12398
2563 -3131 -12558
2564 -3299 -12478
2565 -3409 -12562
2566 -3545 -12786
2567 -3695 -12698
2568 -3873 -12974
2569 -3893 -12738
2570 -3827 -12854
2571 -3889 -12878
2572 -3863 -12994
2573 -3887 -12878
2574 -4029 -13006
2575 -4007 -12954
2576 -4149 -12902
2577 -4249 -12974
2578 -4229 -12998
2579 -4349 -12998
2580 -4433 -12802
2581 -4417 -12918
2582 -4305 -12958
2583 -4267 -13362
2584 -4369 -13378
2585 -4223 -12890
2586 -4347 -13494
2587 -4271 -13178
2588 -4449 -13294
2589 -4369 -13274
2590 -4587 -13498
2591 -4511 -13310
2592 -4375 -13178
2593 -4317 -13254
2594 -4367 -13246
2595 -4347 -13314
2596 -4457 -13506
2597 -4521 -13418
2598 -4545 -13538
2599 -4565 -13342
2600 -4419 -13098
2601 -4241 -13070
2602 -4187 -13090
2603 -4393 -13466
2604 -4439 -13478
2605 -4267 -13354
2606 -4265 -13390
2607 -4131 -13378
2608 -4099 -13286
2609 -4081 -13382
2610 -4097 -13118
2611 -4141 -13378
2612 -4155 -13446
2613 -3949 -12914
2614 -4011 -13174
2615 -4109 -13194
2616 -3985 -13254
2617 -3917 -13174
2618 -4123 -13362
2619 -4205 -13414
2620 -4185 -13314
2621 -4141 -13358
2622 -4087 -13138
2623 -3899 -13022
2624 -3797 -13166
2625 -3729 -13142
2626 -3681 -13034
2627 -3633 -13078
2628 -3675 -13154
2629 -3665 -13354
2630 -3671 -13486
2631 -3623 -13294
2632 -3783 -13250
2633 -3731 -13206
2634 -3655 -13162
2635 -3503 -13302
2636 -3393 -13182
2637 -3341 -12950
2638 -3287 -12762
2639 -3249 -12746
2640 -3265 -12578
2641 -3319 -12718
2642 -3453 -12634
2643 -3577 -12814
2644 -3583 -12730
2645 -3529 -12966
2646 -3633 -12910
2647 -3599 -12974
2648 -3601 -12790
2649 -3553 -12674
2650 -3683 -12870
2651 -3715 -12978
2652 -3721 -12926
2653 -3809 -13134
2654 -3735 -13110
2655 -3847 -12966
2656 -4031 -13290
2657 -3971 -13266
2658 -3993 -12942
2659 -3881 -12810
2660 -3851 -12970
2661 -3777 -12970
2662 -3669 -13038
2663 -3735 -13206
2664 -3877 -13054
2665 -3899 -13254
2666 -3793 -13186
2667 -3629 -12814
2668 -3727 -13290
2669 -3629 -12910
2670 -3675 -12946
2671 -3579 -13162
2672 -3671 -13122
2673 -3681 -13074
2674 -3589 -12854
2675 -3531 -12962
2676 -3667 -12966
2677 -3681 -13090
2678 -3869 -13030
2679 -3843 -13030
2680 -3797 -12930
2681 -3651 -12786
2682 -3829 -12970
2683 -3869 -13026
2684 -3985 -13010
2685 -3835 -13014
2686 -3915 -13078
2687 -3839 -12842
2688 -3783 -12922
2689 -3785 -13054
2690 -3759 -12978
2691 -3843 -12962
2692 -4003 -13106
2693 -3889 -12914
2694 -3829 -12914
2695 -4055 -12930
2696 -3809 -12898
2697 -3657 -12858
2698 -3699 -12850
2699 -3615 -12822
2700 -3739 -13086
2701 -3851 -12854
2702 -3877 -13198
2703 -3929 -13010
2704 -3867 -12942
2705 -3963 -13070
2706 -3853 -12994
2707 -3855 -12894
2708 -3759 -12754
2709 -3795 -12870
2710 -3785 -12810
2711 -3917 -12926
2712 -3797 -12710
2713 -3867 -12874
2714 -3787 -13006
2715 -3949 -12862
2716 -3909 -12926
2717 -3787 -12710
2718 -3831 -12798
2719 -3835 -12726
2720 -3839 -12542
2721 -3823 -12546
2722 -3785 -12526
2723 -3791 -12398
2724 -3949 -12606
2725 -4057 -12518
2726 -4089 -12562
2727 -4247 -12738
2728 -4011 -12654
2729 -4101 -12562
2730 -4167 -12586
2731 -4187 -12538
2732 -4095 -12526
2733 -4019 -12810
2734 -3983 -12662
2735 -3939 -12362
2736 -3885 -12534
2737 -3769 -12330
2738 -4021 -12442
2739 -3961 -12614
2740 -3929 -12730
2741 -3995 -12854
2742 -4173 -13090
2743 -4189 -12802
2744 -3909 -12666
2745 -3945 -12734
2746 -3959 -12578
2747 -4023 -12598
2748 -4099 -12678
2749 -4141 -12622
2750 -4049 -12318
2751 -3979 -12206
2752 -4019 -12570
2753 -4001 -12466
2754 -4123 -12642
2755 -4111 -12530
2756 -4359 -12782
2757 -4241 -12894
2758 -4271 -12850
2759 -4359 -13018
2760 -4271 -12630
2761 -4257 -12726
2762 -4321 -12754
2763 -4243 -12762
2764 -4123 -12498
2765 -4091 -12574
2766 -4001 -12534
2767 -3977 -12590
2768 -4045 -12666
2769 -4091 -12882
2770 -4173 -12886
2771 -4135 -12986
2772 -4017 -12726
2773 -4087 -12842
2774 -4031 -12826
2775 -4137 -12990
2776 -4167 -12918
2777 -3871 -12670
2778 -3977 -12750
2779 -3919 -12842
2780 -3683 -12854
2781 -3733 -13082
2782 -3639 -12882
2783 -3485 -12950
2784 -3469 -12646
2785 -3431 -12754
2786 -3429 -12626
2787 -3413 -12638
2788 -3293 -12486
2789 -3345 -12774
2790 -3417 -12850
2791 -3369 -12902
2792 -3351 -12890
2793 -3283 -12814
2794 -3337 -12782
2795 -3279 -13006
2796 -3399 -12826
2797 -3435 -12914
2798 -3331 -13090
2799 -3355 -12818
2800 -3317 -12754
2801 -3441 -12986
2802 -3477 -12834
2803 -3577 -12846
2804 -3501 -12578
2805 -3519 -12574
2806 -3537 -12686
2807 -3565 -12606
2808 -3659 -13082
2809 -3755 -12878
2810 -3769 -12810
2811 -3913 -13018
2812 -3753 -12718
2813 -3717 -12726
2814 -3791 -12878
2815 -3643 -12842
2816 -3545 -12562
2817 -3517 -12550
2818 -3565 -12526
2819 -3737 -12474
2820 -3591 -12570
2821 -3557 -12246
2822 -3459 -12318
2823 -3417 -12494
2824 -3223 -12290
2825 -3237 -12298
2826 -3313 -12546
2827 -3199 -12586
2828 -3357 -12418
2829 -3383 -12526
2830 -3321 -12662
2831 -3273 -12674
2832 -3111 -12714
2833 -3089 -12498
2834 -3125 -12574
2835 -3311 -12626
2836 -3341 -12938
2837 -3391 -12698
2838 -3355 -12730
2839 -3507 -12910
2840 -3551 -12798
2841 -3523 -12646
2842 -3603 -12642
2843 -3533 -12922
2844 -3471 -12738
2845 -3473 -12822
2846 -3373 -12862
2847 -3433 -12746
2848 -3519 -12714
2849 -3663 -12806
2850 -3683 -12986
2851 -3699 -12930
2852 -3633 -12834
2853 -3393 -12582
2854 -3421 -12866
2855 -3293 -12950
2856 -3357 -12622
2857 -3249 -12402
2858 -3259 -12558
2859 -3295 -12570
2860 -3201 -12594
2861 -3135 -12438
2862 -3193 -12310
2863 -3241 -12434
2864 -3291 -12482
2865 -3305 -12582
2866 -3393 -12506
2867 -3385 -12414
2868 -3371 -12534
2869 -3475 -12542
2870 -3453 -12534
2871 -3391 -12694
2872 -3441 -12778
2873 -3357 -12650
2874 -3131 -12414
2875 -3067 -12798
2876 -3031 -12422
2877 -2919 -12430
2878 -3089 -12682
2879 -3193 -12790
2880 -3239 -12638
2881 -3389 -12614
2882 -3341 -12706
2883 -3455 -12518
2884 -3389 -12466
2885 -3199 -12290
2886 -3333 -12350
2887 -3307 -12154
2888 -3201 -12526
2889 -3173 -12366
2890 -3175 -12610
2891 -3241 -12742
2892 -3249 -12978
2893 -3319 -12774
2894 -3503 -12526
2895 -3347 -12246
2896 -3479 -12706
2897 -3417 -12666
2898 -3453 -12898
2899 -3637 -13106
2900 -3845 -13222
2901 -3903 -13142
2902 -3909 -13342
2903 -3867 -12986
2904 -3757 -13182
2905 -3725 -13162
2906 -3619 -12786
2907 -3443 -12722
2908 -3337 -12962
2909 -3475 -13054
2910 -3331 -13034
2911 -3307 -12642
2912 -3337 -12378
2913 -3211 -12446
2914 -3387 -12614
2915 -3363 -12534
2916 -3347 -12510
2917 -3261 -12622
2918 -3155 -12702
2919 -3131 -12738
2920 -3115 -12802
2921 -3025 -12834
2922 -2945 -12974
2923 -3045 -12834
2924 -3013 -13010
2925 -2801 -12778
2926 -2935 -12810
2927 -2853 -13030
2928 -2885 -12670
2929 -3017 -12754
2930 -3015 -12438
2931 -2941 -12378
2932 -2997 -12534
2933 -3045 -12754
2934 -2829 -12802
2935 -2793 -12978
2936 -2739 -12522
2937 -2777 -12626
2938 -2617 -12582
2939 -2461 -12382
2940 -2713 -12534
2941 -2669 -12622
2942 -2641 -12694
2943 -2627 -12610
2944 -2677 -12850
2945 -2649 -12866
2946 -2489 -13114
2947 -2485 -12794
2948 -2565 -12990
2949 -2481 -12822
2950 -2541 -13070
2951 -2493 -13058
2952 -2539 -12946
2953 -2419 -12974
2954 -2421 -12734
2955 -2269 -12710
2956 -2295 -12718
2957 -2289 -12726
2958 -2343 -12890
2959 -2559 -12974
2960 -2577 -12850
2961 -2391 -12738
2962 -2255 -12686
2963 -2207 -12654
2964 -2237 -12818
2965 -2095 -12890
2966 -2147 -12846
2967 -2249 -12734
2968 -2133 -12590
2969 -2003 -12686
2970 -1897 -12530
2971 -1947 -12570
2972 -1897 -12826
2973 -1951 -12714
2974 -1905 -12534
2975 -1973 -12594
2976 -1885 -12694
2977 -1967 -12730
2978 -2029 -12866
2979 -2027 -12990
2980 -2099 -12782
2981 -2057 -12730
2982 -2265 -12950
2983 -2169 -12802
2984 -2069 -12798
2985 -2125 -12922
2986 -1969 -12974
2987 -1883 -12806
2988 -1933 -12590
2989 -1885 -12398
2990 -1811 -12590
2991 -1797 -12394
2992 -1775 -12542
2993 -1805 -12602
2994 -1689 -12590
2995 -1573 -12802
2996 -1691 -12482
2997 -1781 -12070
2998 -1929 -12250
2999 -1879 -12454
3000 -1767 -12470
3001 -1853 -12766
3002 -2007 -12734
3003 -2221 -12770
3004 -2091 -12710
3005 -1949 -12646
3006 -1973 -12722
3007 -1977 -12706
3008 -1863 -12730
3009 -1673 -12626
3010 -1715 -12946
3011 -1795 -12726
3012 -1795 -12682
3013 -1883 -12378
3014 -1895 -12302
3015 -1737 -12122
3016 -1691 -12246
3017 -1619 -12294
3018 -1763 -12502
3019 -1649 -12618
3020 -1743 -12294
3021 -1519 -12458
3022 -1411 -12626
3023 -1375 -12318
3024 -1437 -12386
3025 -1511 -12298
3026 -1599 -12274
3027 -1657 -12462
3028 -1425 -12498
3029 -1445 -12514
3030 -1425 -12378
3031 -1405 -12474
3032 -1323 -12414
3033 -1281 -12638
3034 -1325 -12874
3035 -1085 -12614
3036 -1151 -12558
3037 -1237 -12578
3038 -1229 -12482
3039 -1271 -12446
3040 -1473 -12394
3041 -1459 -12666
3042 -1683 -12606
3043 -1583 -12338
3044 -1679 -12434
3045 -1695 -12442
3046 -1627 -12442
3047 -1703 -12654
3048 -1545 -12746
3049 -1213 -12550
3050 -1189 -12450
3051 -1213 -12510
3052 -1211 -12502
3053 -1379 -12394
3054 -1275 -12754
3055 -1253 -12578
3056 -1279 -12846
3057 -1467 -12718
3058 -1495 -12378
3059 -1531 -12594
3060 -1593 -12882
3061 -1617 -12810
3062 -1679 -13002
3063 -1499 -12942
3064 -1577 -12806
3065 -1601 -12870
3066 -1557 -12798
3067 -1707 -12938
3068 -1623 -12914
3069 -1569 -12982
3070 -1461 -12806
3071 -1509 -13038
3072 -1403 -12738
3073 -1167 -12698
3074 -1175 -12830
3075 -1119 -12666
3076 -1119 -12742
3077 -1131 -12758
3078 -1033 -12514
3079 -1127 -12414
3080 -983 -12306
3081 -1235 -12494
3082 -1329 -12598
3083 -1413 -12354
3084 -1515 -12518
3085 -1485 -12602
3086 -1555 -12438
3087 -1421 -12570
3088 -1497 -12610
3089 -1661 -12614
3090 -1655 -12582
3091 -1525 -12702
3092 -1461 -12822
3093 -1625 -12642
3094 -1851 -12654
3095 -1847 -12762
3096 -1811 -12694
3097 -1761 -12418
3098 -1797 -12434
3099 -1701 -12190
3100 -1669 -12290
3101 -1645 -12322
3102 -1581 -12378
3103 -1521 -12338
3104 -1711 -12454
3105 -1621 -12698
3106 -1585 -12506
3107 -1649 -12418
3108 -1511 -12566
3109 -1707 -12402
3110 -1685 -12490
3111 -1721 -12462
3112 -1715 -12582
3113 -1653 -12714
3114 -1603 -12466
3115 -1453 -12450
3116 -1493 -12574
3117 -1367 -12462
3118 -1451 -12430
3119 -1515 -12442
3120 -1461 -12330
3121 -1389 -12442
3122 -1583 -12486
3123 -1799 -12594
3124 -1635 -12642
3125 -1527 -12278
3126 -1471 -12610
3127 -1497 -12414
3128 -1731 -12574
3129 -1729 -12502
3130 -1735 -12490
3131 -1801 -12466
3132 -1761 -12734
3133 -1951 -12942
3134 -1927 -12498
3135 -1869 -12606
3136 -1927 -12822
3137 -2009 -12890
3138 -1979 -12770
3139 -2021 -12802
3140 -1931 -12878
3141 -1767 -12738
3142 -1865 -12690
3143 -1985 -13034
3144 -2027 -13422
3145 -2035 -13150
3146 -2063 -13250
3147 -2127 -13514
3148 -2239 -13110
3149 -2169 -13166
3150 -2195 -13110
3151 -2251 -12874
3152 -2125 -13102
3153 -2201 -13250
3154 -2129 -13110
3155 -1933 -13314
3156 -1815 -13186
3157 -1815 -13226
3158 -1797 -13130
3159 -1785 -13026
3160 -1897 -13022
3161 -2099 -13214
3162 -2143 -13390
3163 -2321 -13202
3164 -2381 -12970
3165 -2301 -13094
3166 -2329 -13118
3167 -2295 -13586
3168 -2191 -13398
3169 -2291 -13478
3170 -2131 -13130
3171 -2403 -13234
3172 -2433 -13198
3173 -2421 -12866
3174 -2495 -13014
3175 -2343 -12994
3176 -2329 -12954
3177 -2255 -12766
3178 -2173 -12834
3179 -2181 -12970
3180 -2077 -13030
3181 -2175 -12946
3182 -2093 -12734
3183 -2093 -12654
3184 -2243 -12822
3185 -2307 -12562
3186 -2351 -12690
3187 -2253 -12694
3188 -2267 -12862
3189 -2201 -12962
3190 -2239 -12854
3191 -2095 -13262
3192 -2105 -13274
3193 -2117 -13226
3194 -1933 -12830
3195 -2043 -12850
3196 -2067 -13070
3197 -2051 -12974
3198 -2023 -12598
3199 -1957 -12526
3200 -2113 -12614
3201 -2065 -12674
3202 -2055 -12686
3203 -2177 -12970
3204 -2299 -12910
3205 -2275 -12918
3206 -2191 -12946
3207 -2283 -12958
3208 -2359 -12930
3209 -2473 -12750
3210 -2559 -12938
3211 -2485 -12562
3212 -2385 -12738
3213 -2475 -12802
3214 -2469 -12782
3215 -2379 -12910
3216 -2393 -12530
3217 -2451 -12578
3218 -2389 -12598
3219 -2371 -12722
3220 -2355 -12714
3221 -2305 -12602
3222 -2313 -12790
3223 -2377 -12862
3224 -2389 -12726
3225 -2475 -12734
3226 -2613 -12838
3227 -2729 -13026
3228 -2629 -12862
3229 -2545 -12662
3230 -2631 -12666
3231 -2729 -12858
3232 -2667 -12670
3233 -2791 -12722
3234 -2699 -12610
3235 -2797 -12522
3236 -2745 -12754
3237 -2753 -12742
3238 -2803 -12450
3239 -2755 -12518
3240 -2467 -12670
3241 -2367 -12654
3242 -2303 -12514
3243 -2279 -12534
3244 -2349 -12578
3245 -2381 -12526
3246 -2369 -12618
3247 -2355 -12894
3248 -2263 -12722
3249 -2303 -12566
3250 -2179 -12610
3251 -2115 -12550
3252 -2183 -12586
3253 -2175 -12502
3254 -2247 -12518
3255 -2379 -12458
3256 -2611 -12210
3257 -2531 -12230
3258 -2499 -12282
3259 -2399 -12478
3260 -2373 -12554
3261 -2487 -12462
3262 -2275 -12434
3263 -2341 -12410
3264 -2285 -12454
3265 -2409 -12518
3266 -2479 -12470
3267 -2461 -12526
3268 -2445 -12574
3269 -2409 -12970
3270 -2287 -12738
3271 -2207 -12746
3272 -2173 -12642
3273 -2107 -12810
3274 -2101 -12806
3275 -2147 -12778
3276 -2115 -12850
3277 -2091 -12762
3278 -1839 -12482
3279 -1891 -12374
3280 -1799 -12522
3281 -1723 -12638
3282 -1809 -12554
3283 -1671 -12730
3284 -1733 -12686
3285 -1743 -12734
3286 -1645 -12634
3287 -1825 -12618
3288 -1733 -12890
3289 -1651 -12846
3290 -1709 -12650
3291 -1785 -12538
3292 -1937 -12698
3293 -2001 -12730
3294 -1883 -12682
3295 -1833 -12950
3296 -1713 -12826
3297 -1689 -12602
3298 -1695 -12554
3299 -1835 -12770
3300 -1733 -12686
3301 -1637 -12626
3302 -1467 -12526
3303 -1529 -12726
3304 -1515 -12714
3305 -1563 -12690
3306 -1681 -12678
3307 -1727 -12894
3308 -1715 -12494
3309 -1549 -12682
3310 -1779 -12630
3311 -1825 -12674
3312 -1711 -12750
3313 -1711 -12790
3314 -1743 -12742
3315 -1785 -12654
3316 -1729 -12682
3317 -1817 -12510
3318 -1857 -12446
3319 -1869 -12442
3320 -1903 -12350
3321 -1815 -12490
3322 -1741 -12458
3323 -1979 -12374
3324 -1787 -12390
3325 -1797 -12622
3326 -1903 -12882
3327 -1887 -13058
3328 -1777 -13178
3329 -1787 -13010
3330 -1985 -13154
3331 -1933 -13078
3332 -1929 -12854
3333 -1971 -12882
3334 -1929 -12694
3335 -1957 -12990
3336 -2017 -12782
3337 -1979 -12678
3338 -1883 -12638
3339 -2055 -12726
3340 -2177 -12798
3341 -2225 -12818
3342 -2085 -12574
3343 -2121 -12690
3344 -2113 -12646
3345 -1965 -12730
3346 -1965 -13002
3347 -1903 -12822
3348 -2049 -12738
3349 -2135 -12694
3350 -2075 -12698
3351 -2309 -12718
3352 -2257 -12806
3353 -2153 -12654
3354 -2211 -12706
3355 -2177 -12822
3356 -2225 -12922
3357 -2203 -12838
3358 -2155 -12802
3359 -2049 -13026
3360 -2183 -12878
3361 -2059 -12710
3362 -1923 -12698
3363 -2015 -12678
3364 -1953 -12722
3365 -1977 -12786
3366 -1935 -12654
3367 -2179 -12738
3368 -2337 -12966
3369 -2275 -12634
3370 -2209 -13010
3371 -2163 -13190
3372 -2257 -13186
3373 -2191 -13006
3374 -2085 -12822
3375 -2099 -12922
3376 -2159 -12998
3377 -2009 -12950
3378 -1931 -12914
3379 -1843 -12830
3380 -1933 -13058
3381 -1939 -12954
3382 -1953 -12866
3383 -1947 -12890
3384 -2051 -12942
3385 -2091 -12786
3386 -1995 -12734
3387 -1979 -12758
3388 -2005 -12814
3389 -1883 -12858
3390 -2001 -12818
3391 -1849 -12774
3392 -1725 -12698
3393 -1801 -12774
3394 -1953 -12782
3395 -1951 -12830
3396 -1863 -12790
3397 -1771 -12774
3398 -1733 -12570
3399 -1671 -12546
3400 -1627 -12662
3401 -1287 -12454
3402 -1339 -12686
3403 -1373 -12902
3404 -1513 -13014
3405 -1359 -12742
3406 -1429 -12658
3407 -1325 -12514
3408 -1363 -12506
3409 -1479 -12738
3410 -1563 -12718
3411 -1691 -12666
3412 -1747 -12674
3413 -1609 -12582
3414 -1613 -12654
3415 -1721 -12630
3416 -1811 -12514
3417 -1853 -12250
3418 -1881 -12382
3419 -1949 -12250
3420 -2063 -12254
3421 -2119 -12406
3422 -2149 -12186
3423 -2201 -12294
3424 -2193 -12750
3425 -2161 -13014
3426 -2045 -12910
3427 -1937 -12818
3428 -1847 -12986
3429 -1825 -13006
3430 -1801 -13234
3431 -1929 -13162
3432 -1925 -13182
3433 -1885 -13330
3434 -1873 -12950
3435 -1867 -12826
3436 -1781 -12962
3437 -1901 -12858
3438 -1845 -12682
3439 -1691 -12814
3440 -1595 -12758
3441 -1451 -12734
3442 -1281 -12722
3443 -1107 -12862
3444 -899 -12906
3445 -1083 -13154
3446 -1027 -12918
3447 -1065 -12662
3448 -1095 -12598
3449 -1035 -12554
3450 -1051 -12546
3451 -1081 -12678
3452 -1259 -12750
3453 -1287 -12918
3454 -1293 -12666
3455 -1631 -12818
3456 -1595 -12926
3457 -1599 -12934
3458 -1767 -12854
3459 -1603 -12882
3460 -1583 -12750
3461 -1645 -12478
3462 -1527 -12766
3463 -1677 -12838
3464 -1719 -12914
3465 -1873 -12994
3466 -1923 -12770
3467 -1895 -12490
3468 -1837 -12446
3469 -1801 -12558
3470 -1985 -12538
3471 -2101 -13070
3472 -2045 -12962
3473 -2097 -13354
3474 -2131 -13354
3475 -2073 -13142
3476 -2023 -13026
3477 -2049 -13286
3478 -2049 -13014
3479 -2169 -12982
3480 -2147 -12882
3481 -2049 -13038
3482 -2043 -12714
3483 -2125 -12794
3484 -2007 -12654
3485 -1941 -12550
3486 -2041 -12626
3487 -1939 -12738
3488 -1843 -12922
3489 -1703 -12618
3490 -1791 -12702
3491 -1755 -12962
3492 -1789 -13054
3493 -1753 -12722
3494 -1597 -12466
3495 -1627 -12678
3496 -1737 -12810
3497 -1633 -12782
3498 -1659 -12706
3499 -1815 -12810
3500 -1755 -12706
3501 -1719 -12706
3502 -1829 -13298
3503 -1645 -13186
3504 -1609 -13314
3505 -1663 -13046
3506 -1705 -12978
3507 -1673 -13050
3508 -1657 -13030
3509 -1701 -12758
3510 -1723 -12914
3511 -1843 -13014
3512 -1717 -13014
3513 -1629 -12994
3514 -1589 -12974
3515 -1499 -12842
3516 -1469 -12530
3517 -1489 -12658
3518 -1507 -12958
3519 -1481 -12922
3520 -1369 -12878
3521 -1379 -12886
3522 -1245 -12694
3523 -1261 -12794
3524 -1289 -12734
3525 -1371 -12690
3526 -1419 -12554
3527 -1447 -12766
3528 -1323 -12882
3529 -1207 -12874
3530 -1151 -12810
3531 -1115 -12790
3532 -983 -12706
3533 -1021 -12722
3534 -1229 -12702
3535 -1175 -13062
3536 -1223 -12830
3537 -1059 -13182
3538 -1065 -12862
3539 -1031 -12646
3540 -1089 -12870
3541 -1243 -12810
3542 -1179 -13058
3543 -1189 -12926
3544 -1019 -12894
3545 -1077 -12790
3546 -891 -12854
3547 -935 -12878
3548 -961 -12826
3549 -923 -12698
3550 -975 -12550
3551 -939 -12670
3552 -989 -12890
3553 -941 -12794
3554 -1183 -12918
3555 -1119 -13142
3556 -961 -13054
3557 -943 -13114
3558 -861 -13250
3559 -801 -13342
3560 -819 -12978
3561 -937 -12874
3562 -1093 -12994
3563 -1221 -13110
3564 -1169 -13058
3565 -1101 -12954
3566 -1227 -13014
3567 -1297 -13294
3568 -1309 -13230
3569 -1343 -12998
3570 -1429 -12978
3571 -1601 -12998
3572 -1549 -12962
3573 -1555 -12930
3574 -1503 -12894
3575 -1493 -12838
3576 -1429 -12702
3577 -1417 -12726
3578 -1357 -12654
3579 -1325 -12614
3580 -1587 -12530
3581 -1539 -12706
3582 -1671 -12758
3583 -1713 -12758
3584 -1653 -12670
3585 -1637 -12434
3586 -1631 -12446
3587 -1619 -12582
3588 -1479 -12490
3589 -1365 -12654
3590 -1507 -12714
3591 -1523 -12658
3592 -1425 -12458
3593 -1369 -12402
3594 -1387 -12494
3595 -1415 -12482
3596 -1351 -12402
3597 -1395 -12446
3598 -1485 -12606
3599 -1565 -12814
3600 -1591 -13014
3601 -1519 -12586
3602 -1599 -12542
3603 -1633 -12690
3604 -1667 -12574
3605 -1791 -12602
3606 -1709 -12530
3607 -1579 -12486
3608 -1483 -12642
3609 -1473 -12958
3610 -1491 -12978
3611 -1441 -13002
3612 -1461 -13102
3613 -1497 -13130
3614 -1581 -13018
3615 -1573 -12910
3616 -1803 -13082
3617 -1673 -12822
3618 -1727 -12858
3619 -1725 -12926
3620 -1647 -12714
3621 -1667 -12658
3622 -1697 -12854
3623 -1557 -12854
3624 -1549 -12774
3625 -1535 -12866
3626 -1277 -12746
3627 -1247 -12662
3628 -1221 -12778
3629 -1171 -13006
3630 -1389 -13082
3631 -1601 -13146
3632 -1601 -12834
3633 -1599 -12674
3634 -1565 -12694
3635 -1639 -12794
3636 -1615 -12914
3637 -1789 -12806
3638 -1835 -12786
3639 -1855 -12778
3640 -2039 -12742
3641 -2009 -12870
3642 -1953 -12722
3643 -1835 -12514
3644 -1927 -12498
3645 -1909 -12654
3646 -1811 -12486
3647 -1731 -12562
3648 -1447 -12614
3649 -1485 -12698
3650 -1529 -12890
3651 -1417 -12798
3652 -1379 -12822
3653 -1437 -12754
3654 -1365 -12678
3655 -1325 -12518
3656 -1409 -12362
3657 -1449 -12546
3658 -1367 -12882
3659 -1181 -12510
3660 -1203 -12486
3661 -1101 -12726
3662 -1135 -12738
3663 -1255 -12754
3664 -1355 -12790
3665 -1375 -12690
3666 -1343 -12530
3667 -1339 -12530
3668 -1475 -12454
3669 -1419 -12622
3670 -1549 -12426
3671 -1469 -12434
3672 -1463 -12734
3673 -1375 -12574
3674 -1409 -12654
3675 -1159 -12422
3676 -1357 -12342
3677 -1421 -12658
3678 -1467 -12642
3679 -1441 -12826
3680 -1443 -12830
3681 -1557 -12962
3682 -1573 -12834
3683 -1427 -12702
3684 -1519 -12742
3685 -1547 -12890
3686 -1365 -12934
3687 -1433 -12766
3688 -1323 -12814
3689 -1221 -13038
3690 -1103 -12626
3691 -1153 -12690
3692 -1371 -12702
3693 -1419 -12674
3694 -1483 -12382
3695 -1519 -12494
3696 -1483 -12678
3697 -1451 -12666
3698 -1499 -12526
3699 -1473 -12202
3700 -1509 -12370
3701 -1479 -12434
3702 -1293 -12278
3703 -1331 -12362
3704 -1417 -12430
3705 -1455 -12482
3706 -1105 -12570
3707 -1129 -12326
3708 -1071 -12350
3709 -1035 -12246
3710 -1199 -12490
3711 -1185 -12418
3712 -1139 -12338
3713 -1131 -12322
3714 -1087 -12278
3715 -1159 -12346
3716 -1209 -12122
3717 -1111 -12306
3718 -1045 -12394
3719 -1101 -12498
3720 -1027 -12322
3721 -995 -12742
3722 -1075 -12490
3723 -1025 -12622
3724 -1063 -12830
3725 -1337 -12602
3726 -1413 -12398
3727 -1457 -12446
3728 -1547 -12390
3729 -1509 -12470
3730 -1417 -12678
3731 -1385 -12438
3732 -1417 -12342
3733 -1391 -12450
3734 -1617 -12110
3735 -1631 -12290
3736 -1709 -12598
3737 -1725 -12630
3738 -1623 -12650
3739 -1587 -12850
3740 -1657 -12810
3741 -1733 -13022
3742 -1665 -13094
3743 -1585 -12914
3744 -1559 -12822
3745 -1687 -12846
3746 -1557 -12686
3747 -1451 -12682
3748 -1497 -12914
3749 -1477 -12834
3750 -1461 -12922
3751 -1455 -13142
3752 -1411 -13190
3753 -1327 -13094
3754 -1403 -13126
3755 -1391 -13158
3756 -1413 -12922
3757 -1381 -12790
3758 -1369 -12814
3759 -1413 -12630
3760 -1259 -12914
3761 -1319 -12458
3762 -1485 -12386
3763 -1305 -12198
3764 -1263 -12638
3765 -1235 -12542
3766 -1257 -12586
3767 -1405 -12586
3768 -1569 -12758
3769 -1543 -12582
3770 -1587 -12430
3771 -1581 -12690
3772 -1539 -12794
3773 -1539 -12818
3774 -1417 -12602
3775 -1505 -12930
3776 -1481 -12886
3777 -1335 -12982
3778 -1139 -12738
3779 -1187 -12674
3780 -1207 -12754
3781 -1403 -12678
3782 -1405 -12914
3783 -1465 -13086
3784 -1427 -13226
3785 -1389 -13290
3786 -1415 -13410
3787 -1367 -13310
3788 -1217 -13158
3789 -1323 -12938
3790 -1229 -12854
3791 -1331 -13190
3792 -1401 -13422
3793 -1341 -13294
3794 -1409 -13290
3795 -1339 -13226
3796 -1445 -12982
3797 -1307 -12962
3798 -1179 -12994
3799 -1095 -13130
3800 -1195 -12954
3801 -1055 -13118
3802 -997 -13270
3803 -1053 -13302
3804 -1107 -13326
3805 -1151 -13058
3806 -1009 -13086
3807 -1037 -13214
3808 -1149 -13074
3809 -945 -12978
3810 -1295 -12794
3811 -1305 -12726
3812 -1229 -12842
3813 -1301 -12906
3814 -1299 -13070
3815 -1287 -12994
3816 -1299 -12758
3817 -1237 -12582
3818 -1419 -12614
3819 -1411 -12754
3820 -1321 -12978
3821 -1255 -12746
3822 -1171 -13314
3823 -979 -13146
3824 -1051 -13190
3825 -905 -12918
3826 -871 -13006
3827 -1043 -13106
3828 -1015 -12990
3829 -1105 -12902
3830 -1123 -12866
3831 -1237 -12770
3832 -1269 -12718
3833 -1379 -12794
3834 -1437 -12642
3835 -1331 -12526
3836 -1413 -12682
3837 -1267 -12398
3838 -1331 -12638
3839 -1381 -12582
3840 -1395 -12578
3841 -1501 -12826
3842 -1437 -12922
3843 -1537 -12738
3844 -1479 -12590
3845 -1611 -12458
3846 -1485 -12558
3847 -1625 -12762
3848 -1623 -12870
3849 -1691 -13082
3850 -1501 -13022
3851 -1595 -12826
3852 -1575 -12742
3853 -1507 -13046
3854 -1445 -12970
3855 -1381 -12882
3856 -1357 -13202
3857 -1197 -13174
3858 -1345 -13034
3859 -1383 -13054
3860 -1361 -13178
3861 -1209 -12878
3862 -1235 -12778
3863 -1197 -12566
3864 -1245 -12494
3865 -1201 -12674
3866 -1189 -12642
3867 -1185 -12566
3868 -1071 -12402
3869 -1079 -12730
3870 -1125 -12850
3871 -1029 -13114
3872 -965 -13122
3873 -1081 -13234
3874 -899 -13130
3875 -823 -13198
3876 -785 -13134
3877 -755 -13082
3878 -833 -13222
3879 -783 -13246
3880 -745 -13062
3881 -753 -13042
3882 -829 -13062
3883 -803 -13014
3884 -843 -12934
3885 -655 -12966
3886 -895 -12890
3887 -1081 -12878
3888 -997 -12886
3889 -951 -12918
3890 -813 -12958
3891 -751 -13098
3892 -801 -13206
3893 -665 -13242
3894 -663 -12974
3895 -589 -12838
3896 -483 -13106
3897 -483 -13158
3898 -399 -12902
3899 -419 -12862
3900 -669 -12614
3901 -785 -12698
3902 -843 -12750
3903 -907 -12786
3904 -843 -12570
3905 -789 -12446
3906 -845 -12778
3907 -1025 -12754
3908 -873 -12666
3909 -855 -12566
3910 -887 -12650
3911 -949 -12622
3912 -975 -12810
3913 -975 -12806
3914 -1047 -13062
3915 -1053 -12970
3916 -1151 -13046
3917 -1203 -12874
3918 -1313 -12706
3919 -1311 -12650
3920 -1351 -12822
3921 -1379 -12810
3922 -1309 -12862
3923 -1301 -13002
3924 -1107 -12894
3925 -1197 -12926
3926 -1243 -12750
3927 -1113 -12438
3928 -1091 -12410
3929 -1121 -12362
3930 -1093 -12378
3931 -1175 -12386
3932 -1071 -12710
3933 -1161 -12450
3934 -1177 -12506
3935 -1135 -12554
3936 -1137 -12482
3937 -1179 -12402
3938 -1033 -12454
3939 -1079 -12530
3940 -1131 -12426
3941 -1221 -12466
3942 -1267 -12750
3943 -1111 -12738
3944 -975 -12534
3945 -971 -12518
3946 -851 -12250
3947 -1003 -12802
3948 -1021 -12782
3949 -991 -12870
3950 -1025 -12786
3951 -1227 -12858
3952 -1237 -12838
3953 -1153 -13090
3954 -1169 -13134
3955 -1147 -12886
3956 -1197 -12678
3957 -1209 -12562
3958 -1345 -12674
3959 -1505 -12910
3960 -1329 -12954
3961 -1237 -12870
3962 -1235 -12738
3963 -1289 -12590
3964 -1083 -12366
3965 -1081 -12418
3966 -917 -12594
3967 -839 -12382
3968 -1015 -12634
3969 -915 -12894
3970 -775 -12930
3971 -823 -12898
3972 -713 -12886
3973 -613 -12718
3974 -781 -12738
3975 -747 -12822
3976 -709 -13058
3977 -787 -13010
3978 -911 -13298
3979 -791 -13266
3980 -869 -12838
3981 -917 -13202
3982 -859 -13126
3983 -853 -13034
3984 -849 -13058
3985 -885 -13002
3986 -965 -13078
3987 -879 -13222
3988 -751 -13002
3989 -737 -13122
3990 -617 -12914
3991 -587 -13034
3992 -537 -12970
3993 -437 -12810
3994 -381 -12702
3995 -373 -12802
3996 -347 -12958
3997 -533 -13266
3998 -517 -13198
3999 -415 -12998
4000 -321 -12894
4001 -325 -13142
4002 -251 -13138
4003 -295 -13374
4004 -297 -12998
4005 -351 -12806
4006 -237 -13030
4007 -117 -12886
4008 -427 -13290
4009 -315 -13146
4010 -445 -13210
4011 -525 -13142
4012 -543 -12942
4013 -675 -12794
4014 -775 -12802
4015 -617 -12954
4016 -673 -12750
4017 -805 -12526
4018 -851 -12710
4019 -871 -12838
4020 -953 -12558
4021 -1043 -12686
4022 -1217 -12538
4023 -1243 -12674
4024 -1399 -12710
4025 -1427 -12854
4026 -1263 -12882
4027 -1297 -12918
4028 -1251 -12734
4029 -1325 -12598
4030 -1427 -12766
4031 -1343 -12734
4032 -1319 -12734
4033 -1373 -12742
4034 -1269 -12694
4035 -1153 -12606
4036 -1129 -12850
4037 -1279 -12902
4038 -1159 -12750
4039 -1255 -13002
4040 -993 -12870
4041 -1039 -12958
4042 -981 -13058
4043 -837 -12866
4044 -727 -12862
4045 -629 -12974
4046 -659 -12838
4047 -623 -12802
4048 -775 -13074
4049 -751 -12838
4050 -733 -12946
4051 -683 -12630
4052 -835 -12486
4053 -893 -12530
4054 -869 -12350
4055 -865 -12366
4056 -989 -12402
4057 -1151 -12214
4058 -1165 -12342
4059 -1095 -12246
4060 -1091 -12142
4061 -1115 -12506
4062 -1099 -12778
4063 -1099 -12274
4064 -1257 -12450
4065 -1093 -12602
4066 -1133 -12550
4067 -1265 -12554
4068 -1391 -12478
4069 -1385 -12638
4070 -1365 -12750
4071 -1377 -12470
4072 -1399 -12786
4073 -1445 -12842
4074 -1401 -12874
4075 -1487 -12914
4076 -1493 -13014
4077 -1577 -13018
4078 -1563 -12750
4079 -1731 -12730
4080 -1847 -12762
4081 -1911 -12798
4082 -2041 -12922
4083 -2175 -12970
4084 -2001 -12962
4085 -1877 -12826
4086 -1981 -12966
4087 -1847 -13030
4088 -1901 -13098
4089 -1961 -12906
4090 -2023 -13046
4091 -2039 -13010
4092 -2275 -12962
4093 -2291 -12990
4094 -2309 -12918
4095 -2283 -12958
4096 -2141 -12958
4097 -2267 -12950
4098 -2169 -13014
4099 -2131 -12982
4100 -2315 -12974
4101 -2041 -12990
4102 -2115 -12970
4103 -2023 -12654
4104 -2007 -12814
4105 -2103 -12898
4106 -2019 -12738
4107 -2091 -12898
4108 -2153 -12690
4109 -2213 -12698
4110 -2313 -13174
4111 -2145 -13002
4112 -2097 -12974
4113 -2077 -13170
4114 -2205 -12798
4115 -2317 -13070
4116 -2135 -12946
4117 -1909 -12710
4118 -1859 -12734
4119 -1771 -12762
4120 -1743 -12686
4121 -1815 -12774
4122 -1981 -12902
4123 -1775 -12642
4124 -1783 -12962
4125 -1783 -13014
4126 -1751 -13022
4127 -1703 -13178
4128 -1733 -12734
4129 -1745 -12762
4130 -1647 -12754
4131 -1723 -12610
4132 -1705 -12710
4133 -1863 -12798
4134 -1971 -12622
4135 -1983 -12858
4136 -1975 -12854
4137 -2029 -12894
4138 -2131 -12878
4139 -2111 -12850
4140 -2189 -12970
4141 -2055 -12806
4142 -2179 -12822
4143 -2363 -12962
4144 -2337 -12846
4145 -2463 -13294
4146 -2493 -13170
4147 -2493 -13082
4148 -2499 -13058
4149 -2641 -13150
4150 -2719 -13026
4151 -2671 -12834
4152 -2573 -13006
4153 -2555 -12998
4154 -2555 -13098
4155 -2511 -13054
4156 -2491 -12822
4157 -2393 -12846
4158 -2451 -12882
4159 -2197 -12674
4160 -2093 -12830
4161 -2005 -12718
4162 -2215 -13054
4163 -2291 -12762
4164 -2303 -12678
4165 -2347 -12818
4166 -2329 -12678
4167 -2333 -12806
4168 -2165 -12794
4169 -2099 -12870
4170 -2101 -12674
4171 -2195 -12826
4172 -2323 -12894
4173 -2275 -12814
4174 -2165 -12962
4175 -2033 -13382
4176 -2025 -13030
4177 -2133 -13002
4178 -2105 -13018
4179 -2093 -12990
4180 -2209 -13110
4181 -2197 -12938
4182 -2239 -12870
4183 -2181 -13058
4184 -2027 -13022
4185 -2057 -12854
4186 -2197 -12898
4187 -2129 -12810
4188 -2219 -13122
4189 -2217 -12926
4190 -2233 -12986
4191 -2181 -12706
4192 -1989 -12674
4193 -1959 -12422
4194 -1991 -12446
4195 -2053 -12590
4196 -1987 -12638
4197 -1941 -12462
4198 -1985 -12450
4199 -1815 -12382
4200 -1787 -12422
4201 -1859 -12410
4202 -1849 -12310
4203 -1791 -12314
4204 -1857 -12574
4205 -1961 -12482
4206 -1969 -12762
4207 -1833 -12510
4208 -1855 -12354
4209 -1809 -12366
4210 -1863 -12594
4211 -1739 -12550
4212 -1745 -12498
4213 -1851 -12738
4214 -1855 -12890
4215 -1913 -12934
4216 -2045 -12902
4217 -2303 -12978
4218 -2231 -12866
4219 -1935 -12678
4220 -1859 -12862
4221 -2033 -12754
4222 -1907 -12934
4223 -1785 -12854
4224 -1817 -12606
4225 -1783 -12530
4226 -1845 -12650
4227 -1715 -12502
4228 -1607 -12450
4229 -1461 -12534
4230 -1763 -12670
4231 -1915 -12766
4232 -2017 -12718
4233 -2081 -12830
4234 -2181 -12790
4235 -2131 -12878
4236 -2085 -12982
4237 -1957 -12890
4238 -1777 -12798
4239 -1781 -12530
4240 -1865 -12534
4241 -1793 -12590
4242 -1963 -12622
4243 -1957 -12818
4244 -1841 -12578
4245 -1937 -12398
4246 -1895 -12618
4247 -2003 -12614
4248 -1879 -12314
4249 -1779 -12342
4250 -1867 -12086
4251 -1951 -12370
4252 -2037 -12358
4253 -2167 -12454
4254 -2231 -12950
4255 -2155 -13010
4256 -2221 -12934
4257 -2333 -13090
4258 -2419 -13210
4259 -2409 -13170
4260 -2405 -13070
4261 -2475 -13102
4262 -2383 -12994
4263 -2473 -13166
4264 -2617 -13218
4265 -2677 -12766
4266 -2519 -12954
4267 -2637 -12758
4268 -2673 -12590
4269 -2783 -12626
4270 -2715 -12542
4271 -2735 -12738
4272 -2727 -12754
4273 -2865 -12762
4274 -2921 -12474
4275 -2997 -12786
4276 -2921 -12854
4277 -2985 -12966
4278 -2965 -12822
4279 -3139 -12758
4280 -3097 -13026
4281 -3027 -12954
4282 -3007 -12734
4283 -3079 -12594
4284 -3057 -12682
4285 -3161 -12646
4286 -3203 -13170
4287 -3201 -12938
4288 -3289 -13198
4289 -3333 -12914
4290 -3447 -12958
4291 -3507 -13110
4292 -3457 -13118
4293 -3425 -12982
4294 -3489 -13142
4295 -3375 -13070
4296 -3427 -13158
4297 -3519 -12970
4298 -3605 -12834
4299 -3653 -13018
4300 -3721 -13090
4301 -3651 -13082
4302 -3743 -12970
4303 -3751 -13090
4304 -3753 -13150
4305 -3673 -13258
4306 -3559 -13266
4307 -3695 -13094
4308 -3841 -13262
4309 -3747 -13170
4310 -3713 -12994
4311 -3643 -13446
4312 -3523 -13114
4313 -3467 -13006
4314 -3351 -12854
4315 -3125 -12766
4316 -3301 -12822
4317 -3323 -12914
4318 -3183 -12798
4319 -3149 -12878
4320 -3127 -12514
4321 -3015 -12614
4322 -3093 -12710
4323 -3053 -12642
4324 -2991 -12726
4325 -3045 -12846
4326 -2991 -13062
4327 -3083 -13038
4328 -3127 -13010
4329 -3177 -12878
4330 -3305 -13198
4331 -3249 -13110
4332 -3121 -12986
4333 -3037 -12834
4334 -2899 -12794
4335 -2915 -12662
4336 -2789 -12530
4337 -2883 -12566
4338 -3065 -12874
4339 -2969 -12798
4340 -2847 -12802
4341 -2859 -12814
4342 -2859 -12922
4343 -2987 -12922
4344 -2933 -12682
4345 -2819 -12374
4346 -2811 -12674
4347 -2791 -12846
4348 -2765 -12586
4349 -2835 -12462
4350 -2793 -12822
4351 -2803 -12954
4352 -2803 -12906
4353 -2875 -12734
4354 -3011 -12926
4355 -2883 -12954
4356 -2767 -12798
4357 -2819 -12842
4358 -2929 -12986
4359 -2903 -12694
4360 -2865 -12722
4361 -2665 -12482
4362 -2365 -12314
4363 -2377 -12522
4364 -2411 -12322
4365 -2179 -12486
4366 -2203 -12370
4367 -2165 -12570
4368 -2033 -12886
4369 -2155 -12626
4370 -2081 -12826
4371 -2245 -12778
4372 -2325 -12850
4373 -2401 -12782
4374 -2439 -12838
4375 -2395 -12762
4376 -2355 -12522
4377 -2337 -12466
4378 -2289 -12770
4379 -2447 -12642
4380 -2293 -12762
4381 -2269 -12906
4382 -2381 -12798
4383 -2515 -13014
4384 -2353 -12542
4385 -2239 -12586
4386 -2223 -12794
4387 -2205 -12926
4388 -2111 -12826
4389 -1869 -12626
4390 -2067 -12634
4391 -2057 -12730
4392 -2023 -12630
4393 -1765 -12638
4394 -1919 -12558
4395 -1955 -12538
4396 -2085 -12626
4397 -2129 -12662
4398 -2179 -12742
4399 -2067 -12570
4400 -2113 -12566
4401 -2087 -12694
4402 -1975 -12686
4403 -2061 -12782
4404 -1929 -12554
4405 -1821 -12694
4406 -1733 -12426
4407 -1695 -12622
4408 -1829 -12550
4409 -1929 -12606
4410 -1747 -12550
4411 -1639 -12474
4412 -1907 -12438
4413 -1995 -13034
4414 -2013 -13174
4415 -2117 -12922
4416 -2157 -13206
4417 -2205 -13234
4418 -2349 -13042
4419 -2277 -12942
4420 -2281 -12798
4421 -2189 -12782
4422 -2197 -12846
4423 -2191 -12618
4424 -2209 -12606
4425 -2387 -12762
4426 -2431 -12926
4427 -2355 -13082
4428 -2329 -12782
4429 -2531 -12614
4430 -2555 -12734
4431 -2525 -12782
4432 -2437 -12986
4433 -2447 -12574
4434 -2355 -12710
4435 -2505 -13050
4436 -2543 -12982
4437 -2457 -12822
4438 -2363 -12958
4439 -2187 -12726
4440 -2209 -12838
4441 -2111 -12770
4442 -2135 -12898
4443 -2081 -12998
4444 -2105 -12914
4445 -2167 -13102
4446 -2207 -13166
4447 -2179 -13026
4448 -2227 -12874
4449 -2107 -13038
4450 -2261 -12782
4451 -2455 -12710
4452 -2293 -12874
4453 -2311 -12794
4454 -2205 -12766
4455 -2107 -12610
4456 -2221 -12746
4457 -1969 -12686
4458 -1921 -12790
4459 -2033 -12714
4460 -1905 -12718
4461 -1765 -12734
4462 -1845 -12694
4463 -1877 -12778
4464 -1777 -12926
4465 -1817 -13002
4466 -1863 -12794
4467 -1865 -12630
4468 -1797 -12558
4469 -1761 -12786
4470 -1671 -12818
4471 -1637 -12738
4472 -1707 -12814
4473 -1701 -12930
4474 -1757 -12806
4475 -1807 -12826
4476 -1639 -12686
4477 -1403 -12894
4478 -1369 -12610
4479 -1411 -12598
4480 -1445 -12810
4481 -1265 -12842
4482 -1233 -12710
4483 -1173 -12714
4484 -1161 -12686
4485 -1337 -12738
4486 -1533 -12762
4487 -1551 -12750
4488 -1487 -12614
4489 -1495 -12474
4490 -1499 -12834
4491 -1415 -12866
4492 -1521 -13026
4493 -1563 -12710
4494 -1511 -12826
4495 -1619 -12918
4496 -1609 -12886
4497 -1579 -12874
4498 -1529 -13186
4499 -1419 -12886
4500 -1329 -13034
4501 -1323 -13002
4502 -1317 -12966
4503 -1395 -13290
4504 -1519 -13086
4505 -1377 -13078
4506 -1437 -13302
4507 -1309 -13246
4508 -1375 -13242
4509 -1339 -13034
4510 -1435 -12934
4511 -1351 -12818
4512 -1437 -12826
4513 -1369 -12750
4514 -1275 -12650
4515 -1579 -12614
4516 -1773 -12754
4517 -1779 -12694
4518 -1689 -12582
4519 -1667 -12674
4520 -1433 -12666
4521 -1507 -12934
4522 -1445 -12734
4523 -1529 -12946
4524 -1417 -13006
4525 -1191 -12902
4526 -1075 -12610
4527 -1083 -12326
4528 -963 -12382
4529 -857 -12394
4530 -715 -12734
4531 -739 -12794
4532 -831 -12886
4533 -813 -12586
4534 -673 -12798
4535 -637 -12586
4536 -651 -12534
4537 -623 -12630
4538 -749 -12902
4539 -669 -12838
4540 -577 -12810
4541 -615 -12794
4542 -599 -12734
4543 -491 -12554
4544 -587 -12578
4545 -573 -12638
4546 -445 -12722
4547 -519 -12726
4548 -489 -12494
4549 -393 -12682
4550 -277 -12594
4551 -351 -12790
4552 -449 -12582
4553 -469 -12586
4554 -415 -12678
4555 -249 -12718
4556 -333 -12538
4557 -239 -12470
4558 -57 -12510
4559 -13 -12546
4560 105 -12422
4561 65 -12274
4562 -37 -12638
4563 -263 -12490
4564 -137 -12738
4565 -159 -12790
4566 -279 -12614
4567 -455 -12670
4568 -563 -12638
4569 -525 -12442
4570 -565 -12446
4571 -627 -12314
4572 -621 -12590
4573 -559 -12850
4574 -699 -12970
4575 -671 -12666
4576 -641 -12694
4577 -607 -12714
4578 -529 -12714
4579 -719 -12930
4580 -677 -12914
4581 -739 -12894
4582 -869 -12978
4583 -799 -12806
4584 -923 -12782
4585 -959 -13066
4586 -859 -13074
4587 -979 -12922
4588 -1141 -12914
4589 -969 -13070
4590 -889 -13006
4591 -909 -12982
4592 -951 -13062
4593 -1077 -13146
4594 -1067 -12942
4595 -1039 -12954
4596 -1241 -13030
4597 -1229 -12910
4598 -1093 -13150
4599 -1083 -13322
4600 -1113 -13174
4601 -1107 -13122
4602 -1221 -12962
4603 -1109 -13178
4604 -1301 -13126
4605 -1181 -13074
4606 -1227 -12930
4607 -1153 -12894
4608 -1267 -13214
4609 -1057 -12734
4610 -1163 -13038
4611 -1153 -12866
4612 -1027 -12686
4613 -1333 -12834
4614 -1405 -13202
4615 -1429 -13142
4616 -1397 -13094
4617 -1415 -13134
4618 -1405 -13174
4619 -1371 -12938
4620 -1401 -12862
4621 -1485 -12590
4622 -1619 -12710
4623 -1477 -12758
4624 -1423 -12882
4625 -1665 -12834
4626 -1667 -12390
4627 -1545 -12490
4628 -1621 -12514
4629 -1539 -12642
4630 -1431 -12766
4631 -1365 -12558
4632 -1237 -12518
4633 -1179 -12494
4634 -1123 -12302
4635 -1191 -12314
4636 -1375 -12162
4637 -1297 -12506
4638 -1209 -12630
4639 -1139 -12630
4640 -1199 -12522
4641 -1063 -12602
4642 -1065 -12562
4643 -1165 -12374
4644 -1169 -12594
4645 -1181 -12430
4646 -1127 -12790
4647 -997 -12710
4648 -907 -12426
4649 -985 -12610
4650 -989 -12894
4651 -893 -12662
4652 -797 -12626
4653 -765 -12482
4654 -755 -12566
4655 -737 -12390
4656 -775 -12518
4657 -909 -12370
4658 -843 -12326
4659 -851 -12178
4660 -1039 -12114
4661 -1143 -12134
4662 -1149 -12358
4663 -1203 -12250
4664 -1217 -12050
4665 -1457 -11950
4666 -1365 -12174
4667 -1439 -12202
4668 -1459 -12362
4669 -1367 -12158
4670 -1431 -12190
4671 -1495 -12430
4672 -1419 -12290
4673 -1417 -12206
4674 -1359 -12322
4675 -1215 -12378
4676 -1089 -12110
4677 -1259 -11998
4678 -1223 -11950
4679 -1181 -12066
4680 -1215 -12110
4681 -1215 -12098
4682 -1265 -12082
4683 -975 -12002
4684 -919 -11886
4685 -699 -11978
4686 -881 -11986
4687 -821 -11894
4688 -925 -11890
4689 -931 -12014
4690 -805 -12138
4691 -655 -11954
4692 -447 -12030
4693 -317 -12162
4694 -429 -12162
4695 -349 -12234
4696 -391 -12210
4697 -451 -12162
4698 -315 -12546
4699 -341 -12618
4700 -181 -12382
4701 -271 -12190
4702 -123 -12214
4703 -137 -12018
4704 -21 -12014
4705 -151 -12298
4706 -45 -12486
4707 -57 -12250
4708 73 -12306
4709 -95 -12334
4710 -203 -12318
4711 -193 -12158
4712 -117 -12222
4713 -45 -12386
4714 -27 -12246
4715 -31 -12262
4716 221 -12282
4717 29 -12126
4718 69 -12154
4719 -71 -11966
4720 -101 -11946
4721 161 -11934
4722 313 -11710
4723 297 -11654
4724 437 -11906
4725 511 -11846
4726 593 -12058
4727 547 -12050
4728 517 -11990
4729 653 -12098
4730 477 -12426
4731 557 -12250
4732 545 -12358
4733 681 -12490
4734 715 -12402
4735 543 -12418
4736 561 -12458
4737 655 -12718
4738 629 -12782
4739 603 -12698
4740 693 -12830
4741 747 -12770
4742 715 -12866
4743 741 -12710
4744 787 -12838
4745 887 -13026
4746 1039 -12726
4747 1147 -12674
4748 1245 -12658
4749 1439 -12754
4750 1419 -12706
4751 1257 -12622
4752 1307 -12770
4753 1521 -12818
4754 1659 -13174
4755 1411 -12926
4756 1339 -12942
4757 1283 -12478
4758 1247 -12182
4759 1235 -12546
4760 1189 -12614
4761 1373 -12666
4762 1253 -12614
4763 1197 -12534
4764 1245 -12454
4765 1427 -12662
4766 1303 -12458
4767 1295 -12398
4768 1229 -12522
4769 1259 -12498
4770 1231 -12766
4771 1297 -12746
4772 1303 -12470
4773 1325 -12614
4774 1367 -12658
4775 1309 -12910
4776 1291 -12810
4777 1199 -12810
4778 1177 -12694
4779 1319 -12590
4780 1325 -12622
4781 1375 -12534
4782 1557 -12898
4783 1603 -12890
4784 1575 -12410
4785 1579 -12246
4786 1537 -12006
4787 1661 -12454
4788 1625 -12466
4789 1681 -12566
4790 1873 -12774
4791 1879 -12898
4792 1917 -12878
4793 2089 -12746
4794 2159 -12690
4795 2235 -12834
4796 2265 -12754
4797 2071 -12610
4798 1955 -12922
4799 1977 -13078
4800 1945 -13098
4801 1997 -13090
4802 2065 -12934
4803 1961 -12710
4804 1833 -12638
4805 1889 -12546
4806 1731 -12586
4807 1671 -12690
4808 1579 -12762
4809 1757 -12938
4810 1509 -12242
4811 1479 -12406
4812 1449 -12166
4813 1441 -12362
4814 1261 -12562
4815 1375 -12666
4816 1209 -12718
4817 1375 -12730
4818 1485 -13162
4819 1651 -13046
4820 1641 -12826
4821 1517 -12702
4822 1487 -12726
4823 1573 -12910
4824 1579 -13070
4825 1607 -12982
4826 1661 -12874
4827 1771 -12926
4828 1773 -12894
4829 1763 -12918
4830 1737 -12806
4831 1673 -12814
4832 1593 -12582
4833 1759 -12514
4834 1703 -12686
4835 1435 -12506
4836 1559 -12458
4837 1401 -12334
4838 1365 -12734
4839 1429 -12778
4840 1631 -12762
4841 1587 -12630
4842 1589 -12402
4843 1599 -12570
4844 1531 -12726
4845 1443 -12802
4846 1465 -12478
4847 1549 -12514
4848 1461 -12370
4849 1319 -12318
4850 1275 -12446
4851 1233 -12354
4852 1207 -12306
4853 1275 -12406
4854 1111 -12302
4855 981 -12262
4856 1197 -12046
4857 1185 -12218
4858 1085 -12430
4859 1081 -12510
4860 1051 -12394
4861 1045 -12718
4862 1205 -12674
4863 1095 -12638
4864 1055 -12358
4865 1113 -12514
4866 1221 -12634
4867 1197 -12882
4868 1155 -12702
4869 1251 -12706
4870 1225 -12410
4871 1267 -12754
4872 1209 -12762
4873 1289 -12586
4874 1189 -12758
4875 1185 -12650
4876 1189 -12554
4877 1393 -12438
4878 1357 -12602
4879 1431 -12750
4880 1413 -12586
4881 1393 -12622
4882 1351 -12710
4883 1431 -12906
4884 1557 -12862
4885 1411 -12886
4886 1341 -12758
4887 1225 -12842
4888 1271 -12582
4889 1193 -12474
4890 1239 -12274
4891 1311 -12222
4892 1255 -12330
4893 1115 -12574
4894 1215 -12638
4895 1335 -12766
4896 1421 -12766
4897 1599 -12494
4898 1671 -12414
4899 1565 -12470
4900 1681 -12646
4901 1569 -12462
4902 1543 -12402
4903 1593 -12502
4904 1677 -12302
4905 1715 -12502
4906 1617 -12582
4907 1477 -12862
4908 1597 -12678
4909 1599 -12558
4910 1457 -12578
4911 1513 -12738
4912 1723 -12610
4913 1743 -12474
4914 1857 -12710
4915 1813 -12614
4916 1819 -12626
4917 1811 -12630
4918 1621 -12578
4919 1581 -12478
4920 1429 -12226
4921 1455 -12394
4922 1331 -12506
4923 1309 -12578
4924 1377 -12634
4925 1357 -12614
4926 1289 -12438
4927 1365 -12638
4928 1251 -12646
4929 1331 -12722
4930 1505 -12206
4931 1645 -12190
4932 1763 -12310
4933 1753 -12598
4934 1663 -12714
4935 1751 -12658
4936 1699 -12378
4937 1667 -12594
4938 1747 -12754
4939 1907 -12614
4940 1987 -12870
4941 2185 -13110
4942 2439 -13010
4943 2329 -13018
4944 2163 -12610
4945 2155 -12486
4946 2159 -12574
4947 2097 -12638
4948 2125 -12702
4949 2005 -12798
4950 1963 -12878
4951 1957 -12646
4952 2337 -13078
4953 2447 -12942
4954 2429 -12942
4955 2205 -12762
4956 2255 -13010
4957 2303 -12778
4958 2305 -12742
4959 2231 -12802
4960 2251 -13114
4961 2249 -12966
4962 2219 -12902
4963 2241 -12838
4964 2293 -12894
4965 2155 -13026
4966 2059 -12930
4967 2009 -13078
4968 2019 -13018
4969 2155 -12998
4970 2253 -13206
4971 2287 -13174
4972 2163 -12930
4973 2135 -13046
4974 2171 -12982
4975 2139 -13114
4976 2129 -13218
4977 2053 -13066
4978 2091 -12978
4979 2121 -13090
4980 2109 -13014
4981 2059 -13030
4982 2081 -12846
4983 2055 -12770
4984 1815 -12698
4985 1817 -12826
4986 2013 -12666
4987 1871 -12754
4988 1813 -12990
4989 1743 -12890
4990 1939 -13074
4991 2073 -13018
4992 2117 -12798
4993 1963 -12830
4994 1917 -12822
4995 2013 -12890
4996 1905 -12746
4997 1975 -12802
4998 1803 -12842
4999 1757 -12782
5000 1719 -12818
5001 1587 -12718
5002 1787 -12702
5003 1943 -12766
5004 2025 -12854
5005 2199 -12822
5006 2005 -12922
5007 1953 -12978
5008 1931 -12854
5009 1721 -12734
5010 1735 -12926
5011 1607 -12822
5012 1677 -12974
5013 1565 -13038
5014 1537 -12882
5015 1343 -12834
5016 1381 -12830
5017 1279 -12862
5018 1329 -12618
5019 1377 -12642
5020 1441 -12950
5021 1437 -12946
5022 1401 -12790
5023 1523 -12966
5024 1477 -12974
5025 1565 -12826
5026 1615 -12638
5027 1589 -12694
5028 1751 -12762
5029 1805 -12850
5030 1847 -12626
5031 1817 -12750
5032 1851 -12874
5033 1799 -12826
5034 1679 -12918
5035 1799 -12742
5036 1669 -12854
5037 1717 -12682
5038 1753 -12750
5039 1871 -12866
5040 1843 -12674
5041 1743 -12714
5042 1833 -12602
5043 1913 -12582
5044 1811 -12574
5045 1751 -12642
5046 1665 -12450
5047 1573 -12410
5048 1669 -12462
5049 1625 -12414
5050 1613 -12462
5051 1625 -12466
5052 1821 -12326
5053 1851 -12634
5054 1983 -12850
5055 2069 -12782
5056 2085 -12738
5057 2189 -12830
5058 2135 -12814
5059 2029 -12866
5060 2017 -12806
5061 1847 -12598
5062 1741 -12574
5063 1859 -12274
5064 1915 -12270
5065 1967 -12270
5066 1921 -12254
5067 2015 -12234
5068 2165 -12514
5069 2043 -12506
5070 1927 -12486
5071 1957 -12578
5072 2037 -12746
5073 2005 -12642
5074 1949 -12614
5075 1941 -12710
5076 1849 -12582
5077 1777 -12722
5078 1663 -12462
5079 1847 -12834
5080 1917 -12946
5081 1837 -12822
5082 1749 -12666
5083 1769 -12646
5084 1725 -12594
5085 1919 -12586
5086 1869 -12698
5087 1941 -12630
5088 1939 -12342
5089 1727 -12602
5090 1821 -12562
5091 1519 -12758
5092 1547 -12722
5093 1637 -12674
5094 1643 -12574
5095 1823 -12486
5096 1887 -12494
5097 1897 -12562
5098 1891 -12634
5099 1951 -12618
5100 2065 -12870
5101 1893 -12762
5102 1977 -12710
5103 1819 -12782
5104 1827 -12678
5105 1923 -12498
5106 2045 -12526
5107 2131 -12570
5108 2129 -12394
5109 2345 -12406
5110 2525 -12486
5111 2549 -12802
5112 2559 -12674
5113 2545 -12826
5114 2481 -12778
5115 2503 -12398
5116 2497 -12522
5117 2529 -12490
5118 2497 -12638
5119 2481 -12778
5120 2459 -12638
5121 2451 -12738
5122 2363 -12730
5123 2345 -12982
5124 2365 -12798
5125 2349 -12942
5126 2441 -13022
5127 2383 -12806
5128 2393 -12854
5129 2385 -12954
5130 2283 -12710
5131 2299 -12622
5132 2323 -12658
5133 2249 -12446
5134 2275 -12602
5135 2303 -12574
5136 2227 -12594
5137 2163 -12406
5138 1925 -12406
5139 1913 -12302
5140 1843 -12318
5141 1831 -12538
5142 1857 -12786
5143 1803 -12626
5144 1779 -12874
5145 1663 -12906
5146 1525 -12442
5147 1553 -12346
5148 1605 -12502
5149 1405 -12362
5150 1417 -12410
5151 1203 -12370
5152 1183 -12446
5153 1251 -12442
5154 1077 -12074
5155 1093 -12290
5156 1023 -12158
5157 1031 -12334
5158 1221 -12590
5159 1265 -12690
5160 1301 -12674
5161 1295 -12710
5162 1293 -12906
5163 1185 -12706
5164 1123 -12594
5165 1131 -12666
5166 1087 -12442
5167 1251 -12310
5168 1089 -12550
5169 1043 -12738
5170 997 -12446
5171 1077 -12266
5172 1147 -12418
5173 1327 -12518
5174 1449 -12474
5175 1459 -12494
5176 1417 -12622
5177 1597 -12778
5178 1555 -12750
5179 1723 -12798
5180 1819 -12830
5181 1777 -12774
5182 1691 -12726
5183 1633 -12830
5184 1761 -12714
5185 1917 -12794
5186 2023 -12758
5187 2035 -12598
5188 2103 -12598
5189 2061 -12606
5190 2007 -12542
5191 1875 -12630
5192 2095 -12698
5193 2009 -12590
5194 1895 -12570
5195 1831 -12610
5196 1703 -12674
5197 1739 -12690
5198 1851 -12698
5199 1905 -12918
5200 1913 -12798
5201 2025 -12614
5202 1957 -12550
5203 1965 -12982
5204 2067 -12934
5205 2029 -12630
5206 2223 -12626
5207 2149 -12862
5208 1955 -12638
5209 2007 -12946
5210 1897 -12738
5211 1923 -12698
5212 1931 -12830
5213 2075 -12850
5214 2061 -12814
5215 2019 -12954
5216 2019 -12746
5217 1939 -12878
5218 1989 -12586
5219 1711 -12726
5220 1745 -13026
5221 1577 -12750
5222 1423 -12938
5223 1265 -12658
5224 1275 -12462
5225 1211 -12246
5226 1203 -12266
5227 1147 -12306
5228 993 -12330
5229 1049 -12242
5230 935 -12290
5231 913 -12038
5232 1027 -12038
5233 1087 -12390
5234 1101 -12306
5235 1095 -12538
5236 1063 -12150
5237 1117 -12482
5238 1059 -12614
5239 1135 -12534
5240 1029 -12602
5241 1225 -12722
5242 1313 -12670
5243 1091 -12570
5244 1049 -12598
5245 1095 -12770
5246 997 -12734
5247 1209 -12750
5248 1285 -12738
5249 1265 -12614
5250 1333 -12374
5251 1381 -12462
5252 1365 -12214
5253 1385 -12394
5254 1361 -12198
5255 1337 -12382
5256 1259 -12598
5257 1249 -12534
5258 1253 -12690
5259 1169 -12370
5260 1179 -12358
5261 1339 -12258
5262 1211 -12142
5263 1137 -12226
5264 1141 -12142
5265 1129 -12270
5266 1179 -12226
5267 1169 -12290
5268 1221 -12202
5269 1215 -12482
5270 1285 -12542
5271 1137 -12402
5272 1179 -12622
5273 1261 -12546
5274 1311 -12430
5275 1279 -12558
5276 1387 -12602
5277 1347 -12478
5278 1255 -12330
5279 1315 -12354
5280 1273 -12450
5281 1129 -12450
5282 1085 -12250
5283 971 -12430
5284 1057 -12202
5285 1189 -12278
5286 1325 -12338
5287 1311 -12374
5288 1271 -12338
5289 1347 -12666
5290 1317 -12802
5291 1319 -12838
5292 1307 -12742
5293 1307 -12522
5294 1347 -12570
5295 1265 -12538
5296 1219 -12546
5297 1139 -12482
5298 1227 -12554
5299 1241 -12414
5300 1185 -12302
5301 1129 -12422
5302 1075 -12426
5303 1295 -12398
5304 1185 -12626
5305 1315 -12794
5306 1381 -12870
5307 1453 -12722
5308 1513 -12910
5309 1345 -12758
5310 1531 -12686
5311 1515 -12706
5312 1547 -12822
5313 1525 -12626
5314 1451 -12902
5315 1473 -12882
5316 1463 -13074
5317 1351 -12806
5318 1249 -12558
5319 1169 -12382
5320 1105 -12538
5321 955 -12606
5322 933 -12714
5323 873 -12514
5324 851 -12586
5325 799 -12302
5326 791 -12206
5327 621 -12186
5328 577 -12378
5329 411 -12418
5330 285 -12374
5331 263 -12586
5332 407 -12310
5333 317 -12246
5334 383 -12134
5335 145 -12022
5336 337 -12210
5337 369 -12210
5338 327 -12386
5339 183 -12314
5340 69 -12130
5341 37 -12214
5342 -105 -12174
5343 113 -12206
5344 171 -12366
5345 101 -12318
5346 267 -12462
5347 341 -12790
5348 285 -12486
5349 217 -12386
5350 119 -12550
5351 103 -12370
5352 -45 -12374
5353 85 -12286
5354 9 -12194
5355 165 -12282
5356 199 -12442
5357 439 -12598
5358 437 -12474
5359 359 -12186
5360 349 -12270
5361 103 -12370
5362 227 -12570
5363 267 -12594
5364 209 -12646
5365 179 -12618
5366 341 -12654
5367 187 -12598
5368 305 -12514
5369 335 -12366
5370 391 -12650
5371 263 -12446
5372 85 -12406
5373 -27 -12458
5374 121 -12626
5375 115 -12670
5376 39 -12602
5377 15 -12738
5378 -29 -12774
5379 259 -12354
5380 217 -12730
5381 285 -12614
5382 367 -12438
5383 525 -12694
5384 581 -12354
5385 553 -12686
5386 475 -12782
5387 565 -12434
5388 509 -12434
5389 475 -12658
5390 589 -12562
5391 593 -12614
5392 613 -12714
5393 639 -12810
5394 651 -12766
5395 683 -12902
5396 689 -13042
5397 725 -13006
5398 699 -12910
5399 737 -12678
5400 805 -12918
5401 927 -12502
5402 955 -12542
5403 1149 -12658
5404 1057 -12550
5405 1017 -12618
5406 991 -12778
5407 1057 -12738
5408 1171 -12538
5409 1355 -12246
5410 1335 -12334
5411 1321 -12622
5412 1241 -12526
5413 1283 -12246
5414 1161 -12166
5415 1253 -12046
5416 1225 -12382
5417 1045 -12042
5418 1145 -12298
5419 1155 -12070
5420 1189 -12570
5421 1087 -12398
5422 1173 -12566
5423 1043 -12438
5424 1127 -12562
5425 1145 -12730
5426 1109 -12890
5427 1173 -12970
5428 1081 -12778
5429 1073 -12602
5430 1123 -12566
5431 1279 -12874
5432 1219 -12774
5433 1233 -12810
5434 1249 -12970
5435 1353 -12842
5436 1225 -12562
5437 1439 -12862
5438 1543 -12850
5439 1577 -12906
5440 1595 -12858
5441 1689 -13010
5442 1621 -12962
5443 1479 -12638
5444 1559 -12650
5445 1595 -12790
5446 1533 -12494
5447 1527 -12666
5448 1567 -12570
5449 1583 -12770
5450 1731 -12806
5451 1659 -12698
5452 1545 -12702
5453 1655 -12898
5454 1749 -13070
5455 1733 -12878
5456 1847 -12846
5457 1881 -12818
5458 1777 -12902
5459 1725 -12642
5460 1769 -12774
5461 1685 -13014
5462 1823 -12942
5463 1731 -12970
5464 1653 -13042
5465 1799 -12966
5466 1663 -12830
5467 1755 -12854
5468 1709 -12862
5469 1683 -12674
5470 1655 -12506
5471 1923 -12558
5472 1841 -12478
5473 1831 -12374
5474 1823 -12374
5475 1923 -12702
5476 1919 -12686
5477 1835 -12574
5478 1927 -12706
5479 1991 -12734
5480 2171 -12822
5481 2153 -12826
5482 2087 -12630
5483 2079 -12514
5484 2231 -12810
5485 2291 -12766
5486 2297 -12866
5487 2253 -12942
5488 2189 -12806
5489 2077 -12866
5490 2247 -12830
5491 2173 -12838
5492 2203 -12890
5493 2203 -12994
5494 2151 -12734
5495 1951 -12926
5496 1995 -12794
5497 1933 -12726
5498 1877 -12874
5499 1859 -12774
5500 1837 -12898
5501 2043 -12750
5502 2097 -12646
5503 2059 -12858
5504 2025 -12658
5505 2155 -12630
5506 2171 -12842
5507 2277 -12886
5508 2233 -12906
5509 2347 -12830
5510 2385 -12818
5511 2261 -12426
5512 2351 -12346
5513 2271 -12330
5514 2335 -12526
5515 2311 -12758
5516 2273 -12606
5517 2161 -12734
5518 2197 -12566
5519 2071 -13058
5520 1997 -12950
5521 1807 -12910
5522 1681 -12714
5523 1631 -12574
5524 1705 -12606
5525 1565 -12866
5526 1475 -12998
5527 1525 -13054
5528 1589 -12850
5529 1449 -12922
5530 1345 -12906
5531 1377 -12718
5532 1343 -12758
5533 1417 -12910
5534 1329 -12710
5535 1251 -12638
5536 1267 -12550
5537 1285 -12586
5538 1335 -12494
5539 1269 -12334
5540 1161 -12534
5541 1153 -12586
5542 1097 -12798
5543 1261 -12954
5544 1347 -12806
5545 1307 -13066
5546 1291 -12834
5547 1197 -12794
5548 1125 -12786
5549 1115 -12798
5550 933 -12398
5551 901 -12558
5552 737 -12582
5553 713 -12594
5554 801 -12666
5555 907 -12822
5556 939 -13022
5557 913 -12802
5558 1013 -12914
5559 1105 -12602
5560 1093 -12646
5561 1163 -12994
5562 1249 -12914
5563 1225 -12926
5564 1403 -12534
5565 1385 -12510
5566 1485 -12910
5567 1527 -12538
5568 1463 -12554
5569 1587 -12618
5570 1615 -12362
5571 1529 -12454
5572 1475 -12610
5573 1471 -12770
5574 1605 -12798
5575 1503 -12638
5576 1533 -12690
5577 1567 -12506
5578 1595 -12570
5579 1483 -12694
5580 1369 -12630
5581 1489 -12902
5582 1533 -12678
5583 1597 -12766
5584 1547 -12618
5585 1541 -12506
5586 1563 -12518
5587 1525 -12722
5588 1671 -12914
5589 1753 -12814
5590 1735 -13062
5591 1771 -12806
5592 1715 -12906
5593 1845 -12770
5594 1957 -12646
5595 1809 -12802
5596 1833 -12618
5597 1891 -12686
5598 1803 -12558
5599 1753 -12610
5600 1967 -12286
5601 2055 -12550
5602 2073 -12834
5603 2047 -13114
5604 1969 -13038
5605 2091 -13134
5606 2179 -12850
5607 2031 -12846
5608 1975 -12882
5609 1941 -13014
5610 1873 -12670
5611 1937 -12446
5612 1783 -12558
5613 1863 -12586
5614 1755 -12670
5615 1933 -12706
5616 1807 -12286
5617 1791 -12470
5618 1787 -12498
5619 1863 -12486
5620 1721 -12550
5621 1695 -12230
5622 1619 -12550
5623 1487 -12494
5624 1463 -12746
5625 1365 -12642
5626 1375 -12614
5627 1241 -12578
5628 1253 -12618
5629 1159 -12578
5630 1207 -12462
5631 1197 -12374
5632 1007 -12538
5633 845 -12146
5634 811 -12458
5635 821 -12618
5636 701 -12554
5637 767 -12490
5638 599 -12502
5639 573 -12362
5640 705 -12214
5641 757 -12426
5642 687 -12610
5643 569 -12594
5644 501 -12614
5645 467 -12430
5646 493 -12382
5647 641 -12134
5648 607 -12134
5649 495 -12178
5650 423 -12290
5651 609 -12146
5652 571 -12434
5653 539 -12534
5654 519 -12474
5655 465 -12558
5656 235 -12274
5657 147 -12178
5658 197 -12530
5659 259 -12746
5660 439 -12778
5661 401 -12490
5662 361 -12386
5663 373 -12610
5664 343 -12586
5665 289 -12718
5666 199 -12546
5667 219 -12638
5668 231 -12478
5669 189 -12834
5670 127 -12470
5671 81 -12490
5672 235 -12354
5673 187 -12458
5674 47 -12638
5675 1 -12562
5676 105 -12418
5677 183 -12522
5678 273 -12502
5679 199 -12202
5680 297 -12154
5681 445 -12494
5682 577 -12462
5683 719 -12610
5684 747 -12390
5685 877 -12362
5686 965 -12302
5687 931 -12286
5688 1005 -12514
5689 1183 -12698
5690 1135 -12830
5691 1449 -12586
5692 1453 -12698
5693 1457 -12638
5694 1489 -12798
5695 1481 -12782
5696 1403 -12618
5697 1367 -12594
5698 1319 -12490
5699 1357 -12542
5700 1483 -12534
5701 1471 -12358
5702 1483 -12202
5703 1375 -12186
5704 1339 -12418
5705 1423 -12358
5706 1079 -12214
5707 1203 -12294
5708 1353 -12574
5709 1227 -12406
5710 1049 -12790
5711 1051 -12570
5712 885 -12642
5713 1029 -12750
5714 1027 -12574
5715 1271 -12502
5716 1135 -12530
5717 1015 -12594
5718 1113 -12778
5719 1063 -12402
5720 1179 -12714
5721 989 -12662
5722 953 -12318
5723 941 -12610
5724 945 -12514
5725 963 -12586
5726 987 -12698
5727 957 -12678
5728 905 -12626
5729 921 -12726
5730 949 -12826
5731 1081 -12726
5732 1077 -12686
5733 1077 -12690
5734 1271 -12830
5735 1181 -12870
5736 1129 -12650
5737 919 -12566
5738 1003 -12570
5739 847 -12398
5740 833 -12362
5741 763 -12330
5742 645 -12434
5743 553 -12646
5744 459 -12442
5745 537 -12630
5746 511 -12470
5747 579 -12650
5748 687 -12326
5749 597 -12350
5750 585 -12150
5751 669 -12410
5752 639 -12610
5753 691 -12622
5754 553 -12674
5755 521 -12606
5756 579 -12402
5757 731 -12482
5758 761 -12478
5759 785 -12506
5760 775 -12346
5761 665 -12658
5762 647 -12614
5763 589 -12838
5764 381 -12654
5765 443 -12646
5766 279 -12790
5767 347 -12622
5768 349 -12566
5769 377 -12666
5770 513 -12634
5771 487 -12866
5772 663 -12958
5773 531 -12834
5774 391 -12786
5775 261 -12730
5776 343 -12430
5777 385 -12302
5778 157 -12218
5779 29 -12586
5780 107 -12490
5781 115 -12502
5782 -25 -12566
5783 -55 -12646
5784 -91 -12754
5785 -123 -12474
5786 -169 -12546
5787 -211 -12758
5788 -319 -12406
5789 -429 -12210
5790 -243 -12454
5791 -261 -12570
5792 -347 -12554
5793 -367 -12374
5794 -307 -12106
5795 -233 -12074
5796 -319 -12126
5797 -491 -12194
5798 -479 -12422
5799 -431 -12506
5800 -655 -12638
5801 -653 -12822
5802 -775 -12778
5803 -691 -12898
5804 -649 -12674
5805 -591 -12978
5806 -651 -12610
5807 -611 -12794
5808 -473 -12554
5809 -489 -12810
5810 -437 -12442
5811 -333 -12542
5812 -517 -12878
5813 -395 -12610
5814 -341 -12430
5815 -411 -12866
5816 -441 -12986
5817 -299 -12954
5818 -249 -12866
5819 -215 -12594
5820 -11 -12790
5821 99 -12966
5822 95 -12758
5823 193 -12826
5824 251 -12810
5825 165 -13038
5826 281 -12722
5827 381 -12910
5828 357 -12522
5829 345 -12530
5830 325 -12810
5831 375 -12878
5832 269 -12926
5833 247 -12950
5834 277 -12998
5835 355 -12906
5836 181 -12770
5837 225 -13210
5838 337 -12998
5839 273 -12746
5840 253 -12882
5841 121 -12190
5842 121 -12606
5843 147 -12766
5844 235 -12730
5845 387 -12686
5846 373 -12686
5847 329 -12606
5848 203 -12790
5849 189 -12658
5850 225 -12886
5851 335 -12834
5852 485 -12822
5853 433 -12818
5854 131 -12670
5855 251 -12486
5856 275 -12594
5857 237 -12618
5858 289 -12334
5859 401 -12354
5860 269 -12434
5861 187 -12602
5862 285 -12570
5863 185 -12318
5864 309 -12502
5865 365 -12714
5866 343 -12530
5867 529 -12610
5868 497 -12782
5869 405 -12714
5870 433 -12730
5871 521 -12590
5872 499 -12802
5873 597 -12594
5874 599 -12806
5875 549 -12850
5876 557 -12786
5877 535 -12702
5878 739 -12770
5879 859 -12682
5880 827 -12758
5881 843 -12354
5882 1061 -12470
5883 1293 -12274
5884 1475 -12282
5885 1473 -12542
5886 1555 -12774
5887 1615 -12526
5888 1601 -12570
5889 1689 -12574
5890 1653 -12618
5891 1731 -12730
5892 1731 -12650
5893 1793 -12574
5894 1705 -12526
5895 1767 -12642
5896 1903 -12902
5897 1985 -12846
5898 1857 -12534
5899 1679 -12446
5900 1773 -12374
5901 1741 -12606
5902 1767 -12538
5903 1691 -12718
5904 1679 -12658
5905 1731 -12266
5906 1631 -12554
5907 1279 -12402
5908 1299 -12394
5909 1325 -12278
5910 1109 -12146
5911 1053 -12370
5912 985 -12550
5913 835 -12230
5914 831 -12346
5915 809 -12238
5916 1053 -12574
5917 1019 -12442
5918 1017 -12166
5919 1155 -12446
5920 1179 -12414
5921 1203 -12366
5922 1319 -12822
5923 1437 -12602
5924 1389 -12670
5925 1479 -12502
5926 1567 -12454
5927 1479 -12374
5928 1521 -12190
5929 1473 -12258
5930 1395 -12146
5931 1359 -12206
5932 1261 -12222
5933 1329 -12194
5934 1411 -12430
5935 1573 -12490
5936 1691 -12474
5937 1553 -12334
5938 1611 -12474
5939 1709 -12810
5940 1855 -12422
5941 1831 -12514
5942 1807 -12506
5943 1859 -12478
5944 1861 -12694
5945 1967 -12810
5946 2145 -12790
5947 2093 -12578
5948 2067 -12538
5949 2205 -12734
5950 2075 -12646
5951 2009 -12518
5952 1867 -12574
5953 1961 -12402
5954 1995 -12570
5955 2035 -12562
5956 2093 -12546
5957 2131 -12558
5958 2023 -12438
5959 2221 -12678
5960 2287 -12802
5961 2231 -12790
5962 2165 -12702
5963 2127 -12546
5964 2063 -12354
5965 2065 -12314
5966 2107 -12410
5967 2181 -12386
5968 2327 -12650
5969 2437 -12782
5970 2441 -12702
5971 2347 -12442
5972 2249 -12358
5973 2213 -12446
5974 2151 -12518
5975 2365 -12406
5976 2375 -12438
5977 2401 -12530
5978 2255 -12426
5979 2231 -12374
5980 2257 -12510
5981 2169 -12430
5982 2007 -12722
5983 2035 -12726
5984 1879 -12710
5985 1937 -12878
5986 1839 -12882
5987 1659 -12710
5988 1477 -12746
5989 1485 -12666
5990 1565 -12802
5991 1601 -12630
5992 1477 -12630
5993 1443 -12594
5994 1541 -12590
5995 1743 -12638
5996 1573 -12746
5997 1767 -12798
5998 1817 -12562
5999 1859 -12650
6000 1825 -12382
6001 1701 -12430
6002 1897 -12398
6003 1947 -12214
6004 2149 -12374
6005 2037 -12286
6006 2173 -12282
6007 2335 -12478
6008 2521 -12622
6009 2601 -12662
6010 2431 -12542
6011 2475 -12782
6012 2269 -12734
6013 2165 -12522
6014 2173 -12566
6015 2213 -12598
6016 2391 -12182
6017 2449 -12286
6018 2303 -12542
6019 2195 -12402
6020 2233 -12510
6021 2253 -12538
6022 2315 -12730
6023 2309 -12442
6024 2299 -12614
6025 2393 -12698
6026 2413 -12814
6027 2389 -12690
6028 2353 -12738
6029 2393 -12830
6030 2375 -12754
6031 2433 -12850
6032 2571 -12626
6033 2639 -12462
6034 2753 -12702
6035 2719 -12562
6036 2593 -12710
6037 2639 -12750
6038 2597 -12802
6039 2583 -12602
6040 2595 -12742
6041 2597 -12734
6042 2687 -13006
6043 2629 -13054
6044 2565 -12998
6045 2657 -13074
6046 2687 -13362
6047 2683 -13182
6048 2775 -13002
6049 2851 -13126
6050 2711 -12914
6051 2671 -13002
6052 2723 -12886
6053 2611 -12790
6054 2593 -12846
6055 2527 -12782
6056 2525 -12966
6057 2509 -12890
6058 2561 -12926
6059 2607 -13122
6060 2523 -13086
6061 2605 -12854
6062 2735 -13106
6063 2675 -13066
6064 2671 -13018
6065 2663 -12918
6066 2743 -12914
6067 2787 -12874
6068 2897 -12666
6069 2751 -12630
6070 2461 -12442
6071 2651 -12622
6072 2705 -12566
6073 2711 -12770
6074 2837 -12926
6075 2917 -12942
6076 2943 -12750
6077 3025 -12938
6078 3073 -12762
6079 3039 -13130
6080 3103 -13054
6081 3001 -12822
6082 2861 -12706
6083 2791 -12802
6084 2669 -12814
6085 2769 -12886
6086 2723 -12690
6087 2477 -12426
6088 2563 -12586
6089 2459 -12630
6090 2349 -12826
6091 2355 -13038
6092 2217 -13182
6093 2155 -13046
6094 2081 -12926
6095 2221 -13138
6096 2141 -12970
6097 2001 -12810
6098 1803 -12642
6099 1751 -12746
6100 1741 -12714
6101 1733 -12830
6102 1705 -12826
6103 1627 -12910
6104 1587 -12714
6105 1689 -12758
6106 1599 -13038
6107 1641 -12942
6108 1669 -12858
6109 1687 -12850
6110 1771 -12630
6111 1811 -12626
6112 1607 -12802
6113 1451 -12778
6114 1571 -12730
6115 1685 -12742
6116 1647 -12642
6117 1829 -12722
6118 1927 -12766
6119 2057 -12626
6120 1945 -12894
6121 2051 -12870
6122 2189 -12990
6123 2185 -13002
6124 2329 -13138
6125 2459 -13266
6126 2269 -13238
6127 2141 -13014
6128 2135 -13122
6129 2241 -13098
6130 2275 -12998
6131 2315 -13062
6132 2335 -13150
6133 2237 -12962
6134 2215 -12822
6135 2167 -13058
6136 2219 -13046
6137 2189 -12806
6138 2325 -12834
6139 2337 -12786
6140 2339 -12902
6141 2533 -12954
6142 2519 -12842
6143 2381 -13150
6144 2255 -12942
6145 2249 -13066
6146 2279 -12918
6147 2265 -12862
6148 2513 -12994
6149 2623 -12926
6150 2671 -13002
6151 2601 -12990
6152 2687 -13006
6153 2557 -12890
6154 2539 -12974
6155 2559 -12894
6156 2373 -12978
6157 2215 -13006
6158 2211 -13254
6159 2091 -13094
6160 1883 -12950
6161 1831 -12842
6162 2047 -13122
6163 1917 -12982
6164 1955 -12734
6165 2087 -12958
6166 2169 -12898
6167 2293 -13142
6168 2281 -13122
6169 2103 -13158
6170 2131 -13062
6171 2153 -12914
6172 2117 -13002
6173 2107 -13162
6174 2295 -13230
6175 2247 -13342
6176 1979 -13178
6177 1989 -13250
6178 1787 -12962
6179 1849 -13006
6180 1855 -12958
6181 1895 -12842
6182 1889 -12762
6183 1817 -12598
6184 1941 -12758
6185 1947 -12934
6186 1977 -12974
6187 2011 -12970
6188 2109 -13194
6189 2181 -12854
6190 2145 -13018
6191 2099 -13094
6192 2117 -13130
6193 2165 -13090
6194 2105 -12890
6195 2061 -12714
6196 2137 -12846
6197 2211 -12782
6198 2181 -12654
6199 2141 -12674
6200 2029 -12966
6201 2037 -12758
6202 1955 -12546
6203 2029 -12862
6204 2179 -12850
6205 2151 -12774
6206 2055 -12522
6207 2041 -12998
6208 1919 -12866
6209 1955 -12774
6210 1825 -12742
6211 1967 -12850
6212 2073 -12782
6213 2267 -12926
6214 2453 -13246
6215 2349 -13046
6216 2425 -12706
6217 2363 -12846
6218 2333 -12998
6219 2441 -12630
6220 2389 -12738
6221 2453 -12902
6222 2439 -12878
6223 2349 -12570
6224 2409 -12782
6225 2321 -12786
6226 2307 -12974
6227 2341 -12914
6228 2337 -13038
6229 2277 -13034
6230 2463 -12822
6231 2271 -12798
6232 2087 -12562
6233 2045 -12782
6234 1965 -12622
6235 2145 -12794
6236 2321 -12798
6237 2407 -12794
6238 2489 -12646
6239 2481 -12878
6240 2589 -12890
6241 2669 -12838
6242 2759 -13154
6243 2605 -13054
6244 2895 -13058
6245 2769 -12806
6246 2699 -12798
6247 2623 -12894
6248 2601 -12582
6249 2575 -12686
6250 2563 -12750
6251 2733 -12694
6252 2833 -12782
6253 2965 -13122
6254 3137 -13302
6255 3217 -13206
6256 3315 -13186
6257 3269 -13218
6258 3157 -13030
6259 3185 -13030
6260 3131 -12934
6261 2987 -13042
6262 2949 -13094
6263 3033 -13066
6264 2921 -13010
6265 2981 -13066
6266 3095 -13126
6267 3083 -13350
6268 3061 -12942
6269 3001 -12930
6270 2961 -13042
6271 2975 -13018
6272 2801 -12814
6273 3017 -12878
6274 2945 -13114
6275 3033 -13318
6276 3147 -13182
6277 3187 -13198
6278 3121 -13218
6279 3067 -13182
6280 2963 -13102
6281 3061 -13042
6282 3075 -13374
6283 2811 -13002
6284 3055 -12870
6285 3191 -12846
6286 3071 -12798
6287 3191 -13346
6288 3323 -13590
6289 3389 -13434
6290 3301 -13042
6291 3267 -13070
6292 3087 -12726
6293 3191 -12938
6294 3161 -12998
6295 3237 -12906
6296 3363 -12942
6297 3135 -12578
6298 3213 -13014
6299 3179 -13034
6300 3131 -12914
6301 3153 -13030
6302 3135 -13230
6303 2995 -13070
6304 3115 -13030
6305 3063 -12822
6306 2989 -12794
6307 2981 -12818
6308 3027 -12918
6309 3159 -12854
6310 3143 -12598
6311 3201 -12622
6312 3269 -12742
6313 3337 -12834
6314 3395 -12858
6315 3485 -12818
6316 3499 -12514
6317 3465 -12914
6318 3377 -12794
6319 3443 -12910
6320 3363 -12866
6321 3371 -12890
6322 3395 -13010
6323 3249 -12834
6324 3303 -12742
6325 3357 -12930
6326 3509 -12882
6327 3547 -12914
6328 3415 -12698
6329 3485 -12814
6330 3573 -12986
6331 3515 -13186
6332 3431 -12950
6333 3579 -13038
6334 3589 -12974
6335 3633 -12918
6336 3611 -12866
6337 3471 -12794
6338 3259 -12974
6339 3253 -12498
6340 3183 -12694
6341 3145 -12826
6342 3223 -12614
6343 3197 -12706
6344 3259 -12762
6345 3103 -12750
6346 2993 -12470
6347 2819 -12394
6348 2963 -12638
6349 2875 -12570
6350 2773 -12514
6351 2707 -12602
6352 2877 -12738
6353 2883 -12698
6354 2941 -12622
6355 2883 -12758
6356 2935 -12798
6357 2897 -12746
6358 3011 -12626
6359 2965 -12466
6360 2757 -12482
6361 2673 -12402
6362 2677 -12406
6363 2695 -12526
6364 2635 -12842
6365 2641 -12866
6366 2633 -12682
6367 2565 -12602
6368 2509 -12606
6369 2565 -12562
6370 2607 -12462
6371 2597 -12682
6372 2729 -12506
6373 2705 -12230
6374 2707 -12366
6375 2765 -12362
6376 2729 -12470
6377 2777 -12622
6378 2653 -12474
6379 2671 -12314
6380 2743 -12386
6381 2701 -12498
6382 2525 -12518
6383 2641 -12590
6384 2519 -12450
6385 2605 -12502
6386 2567 -12350
6387 2581 -12294
6388 2509 -12490
6389 2577 -12614
6390 2555 -12706
6391 2491 -12770
6392 2483 -12442
6393 2459 -12366
6394 2339 -12222
6395 2437 -11914
6396 2471 -12142
6397 2319 -12234
6398 2137 -12070
6399 2091 -12118
6400 2031 -12090
6401 2107 -11982
6402 2007 -12046
6403 2047 -12110
6404 1919 -12226
6405 1865 -12534
6406 1863 -12130
6407 1987 -12194
6408 1987 -12038
6409 2047 -12106
6410 2117 -12338
6411 2129 -12446
6412 1897 -12354
6413 1979 -12286
6414 1973 -12662
6415 2045 -12538
6416 1977 -12466
6417 1931 -12678
6418 1925 -12534
6419 1947 -12438
6420 1907 -12502
6421 1951 -12490
6422 1879 -12822
6423 1845 -12698
6424 1813 -12814
6425 1877 -12694
6426 1819 -12862
6427 1715 -12698
6428 1849 -12470
6429 1711 -12666
6430 1647 -12846
6431 1543 -12986
6432 1377 -12626
6433 1385 -12826
6434 1483 -12554
6435 1407 -12326
6436 1525 -12374
6437 1397 -12374
6438 1369 -12426
6439 1373 -12430
6440 1423 -12662
6441 1485 -12654
6442 1421 -12786
6443 1337 -12834
6444 1361 -12502
6445 1495 -12770
6446 1569 -12530
6447 1689 -12618
6448 1783 -12558
6449 1801 -12502
6450 1699 -12286
6451 1515 -12190
6452 1419 -11982
6453 1337 -12194
6454 1461 -12290
6455 1341 -12158
6456 1463 -12498
6457 1429 -12398
6458 1511 -12474
6459 1557 -12322
6460 1457 -12118
6461 1253 -12146
6462 1221 -12094
6463 1243 -12070
6464 1043 -11938
6465 1189 -12162
6466 1245 -12342
6467 1115 -12582
6468 1179 -12446
6469 1163 -12646
6470 1357 -12634
6471 1505 -12510
6472 1439 -12442
6473 1501 -12554
6474 1393 -12762
6475 1365 -12586
6476 1439 -12606
6477 1539 -12618
6478 1607 -12174
6479 1627 -12142
6480 1547 -12410
6481 1413 -12378
6482 1457 -12378
6483 1159 -12078
6484 1191 -12234
6485 1067 -12302
6486 1015 -12174
6487 1091 -12102
6488 1151 -12198
6489 1153 -12278
6490 1165 -12138
6491 1205 -12250
6492 1105 -12050
6493 1161 -12066
6494 1263 -12162
6495 1241 -12310
6496 1181 -12318
6497 1321 -12210
6498 1183 -12330
6499 1019 -12170
6500 1079 -12290
6501 1073 -12150
6502 1089 -12178
6503 1133 -12158
6504 1241 -12338
6505 1167 -12462
6506 1185 -12610
6507 921 -12554
6508 989 -12470
6509 959 -12458
6510 1145 -12498
6511 1271 -12510
6512 1257 -12274
6513 1259 -12354
6514 1199 -12346
6515 1061 -12562
6516 1137 -12470
6517 1081 -12546
6518 1041 -12290
6519 1123 -12454
6520 1155 -12570
6521 1067 -12610
6522 813 -12486
6523 735 -12546
6524 507 -12438
6525 539 -12310
6526 461 -12582
6527 457 -12338
6528 407 -12170
6529 503 -12258
6530 645 -12398
6531 817 -12610
6532 875 -12638
6533 747 -12478
6534 693 -12762
6535 873 -12638
6536 979 -12526
6537 979 -12658
6538 799 -12622
6539 747 -12798
6540 663 -12722
6541 715 -12642
6542 579 -12590
6543 619 -12758
6544 563 -12802
6545 399 -12646
6546 401 -12614
6547 389 -12542
6548 479 -12538
6549 367 -12542
6550 429 -12602
6551 245 -12662
6552 293 -12750
6553 453 -12778
6554 435 -12646
6555 503 -12890
6556 499 -12806
6557 509 -12806
6558 409 -12814
6559 363 -12550
6560 465 -12710
6561 499 -12430
6562 297 -12430
6563 291 -12414
6564 421 -12606
6565 503 -12906
6566 603 -13002
6567 677 -13078
6568 547 -12754
6569 681 -12914
6570 701 -12734
6571 639 -12598
6572 575 -12626
6573 721 -12582
6574 675 -12874
6575 759 -12874
6576 797 -12550
6577 795 -12550
6578 805 -12346
6579 789 -12314
6580 747 -12238
6581 775 -12130
6582 655 -12374
6583 693 -12474
6584 799 -12302
6585 847 -12350
6586 711 -12550
6587 599 -12342
6588 557 -12230
6589 691 -12402
6590 695 -12446
6591 749 -12358
6592 735 -12258
6593 705 -12346
6594 635 -12338
6595 569 -12490
6596 561 -12554
6597 381 -12514
6598 451 -12578
6599 457 -12546
6600 313 -12370
6601 133 -12686
6602 67 -12338
6603 -29 -12494
6604 -153 -12326
6605 -155 -12386
6606 113 -12542
6607 121 -12542
6608 169 -12710
6609 297 -12690
6610 333 -12630
6611 429 -12806
6612 435 -12854
6613 509 -12830
6614 403 -12830
6615 427 -13058
6616 535 -12966
6617 427 -13014
6618 471 -12862
6619 603 -12650
6620 485 -12874
6621 425 -12810
6622 479 -12858
6623 527 -12658
6624 667 -12902
6625 643 -13014
6626 617 -13034
6627 573 -12842
6628 463 -13006
6629 347 -13062
6630 267 -12970
6631 253 -13126
6632 215 -13062
6633 191 -12914
6634 159 -12858
6635 127 -12850
6636 165 -12666
6637 315 -12626
6638 385 -12738
6639 413 -12634
6640 301 -12986
6641 321 -12802
6642 285 -12898
6643 397 -12798
6644 575 -12934
6645 475 -12978
6646 313 -12810
6647 151 -12758
6648 253 -12606
6649 287 -12770
6650 173 -12742
6651 93 -12802
6652 61 -12766
6653 159 -12766
6654 167 -12694
6655 155 -12690
6656 249 -12654
6657 127 -12786
6658 29 -12594
6659 -47 -12342
6660 -125 -12658
6661 -213 -12426
6662 -247 -12502
6663 -183 -12426
6664 -339 -12650
6665 -191 -12426
6666 -111 -12302
6667 -149 -12594
6668 -63 -12710
6669 -83 -12806
6670 29 -12774
6671 -17 -12738
6672 67 -13050
6673 225 -12998
6674 89 -13054
6675 161 -13046
6676 175 -12906
6677 117 -12762
6678 163 -12858
6679 19 -12618
6680 9 -12658
6681 -45 -12750
6682 55 -12698
6683 7 -12642
6684 17 -12610
6685 -53 -12438
6686 -349 -12322
6687 -331 -12546
6688 -307 -12358
6689 -195 -12634
6690 -175 -12510
6691 -7 -12450
6692 -31 -12218
6693 -247 -12498
6694 -189 -12706
6695 -35 -12714
6696 -141 -12734
6697 -205 -12986
6698 -259 -12846
6699 -145 -12378
6700 -93 -12514
6701 7 -12346
6702 187 -12586
6703 201 -12598
6704 67 -12586
6705 129 -12482
6706 69 -12434
6707 155 -12490
6708 193 -12390
6709 171 -12606
6710 217 -12594
6711 205 -12614
6712 345 -12358
6713 321 -12034
6714 321 -12434
6715 215 -12294
6716 185 -12602
6717 175 -12482
6718 123 -12486
6719 229 -12538
6720 405 -12466
6721 475 -12374
6722 555 -12498
6723 555 -12382
6724 489 -12274
6725 529 -12282
6726 565 -12274
6727 611 -12186
6728 635 -11958
6729 673 -12022
6730 475 -12102
6731 467 -12142
6732 505 -12394
6733 507 -12418
6734 543 -11878
6735 613 -12110
6736 591 -12114
6737 493 -12062
6738 645 -11946
6739 745 -12054
6740 677 -12146
6741 815 -11950
6742 853 -12358
6743 805 -12498
6744 853 -12446
6745 853 -12426
6746 891 -12354
6747 821 -12410
6748 1025 -12274
6749 941 -12234
6750 991 -12202
6751 1163 -12334
6752 1137 -12458
6753 1033 -12054
6754 1043 -12086
6755 1137 -12314
6756 1023 -12570
6757 1047 -12526
6758 959 -12466
6759 949 -12526
6760 1011 -12394
6761 1137 -12710
6762 1125 -12722
6763 1105 -12330
6764 1039 -12362
6765 965 -12510
6766 1073 -12474
6767 1097 -12462
6768 1049 -12226
6769 985 -12258
6770 1001 -12274
6771 1011 -12358
6772 953 -12414
6773 1077 -12582
6774 1169 -12342
6775 1051 -12366
6776 1065 -12326
6777 1143 -12578
6778 1157 -12446
6779 1215 -12462
6780 1367 -12454
6781 1383 -12406
6782 1387 -12350
6783 1267 -12326
6784 1099 -12506
6785 1155 -12626
6786 905 -12282
6787 749 -12454
6788 963 -12450
6789 989 -12382
6790 855 -12366
6791 1023 -12762
6792 1153 -12690
6793 1169 -12578
6794 1153 -12434
6795 1259 -12334
6796 1317 -12254
6797 1497 -12342
6798 1553 -12674
6799 1635 -12514
6800 1639 -12582
6801 1573 -12478
6802 1563 -12426
6803 1449 -12330
6804 1505 -12510
6805 1261 -12466
6806 1293 -12666
6807 1245 -12570
6808 1143 -12494
6809 973 -12478
6810 1069 -12698
6811 1003 -12622
6812 1163 -12494
6813 1217 -12258
6814 1091 -12338
6815 921 -12342
6816 955 -12246
6817 1075 -12378
6818 1153 -12450
6819 1131 -12114
6820 1025 -12322
6821 1091 -12506
6822 991 -12514
6823 927 -12398
6824 959 -12518
6825 847 -12530
6826 965 -12538
6827 1025 -12474
6828 1147 -12582
6829 1049 -12438
6830 1039 -12438
6831 1141 -12326
6832 1017 -12290
6833 1107 -12414
6834 1163 -12418
6835 1217 -12602
6836 1069 -12714
6837 1111 -12650
6838 1157 -12710
6839 1113 -12702
6840 973 -12502
6841 889 -12810
6842 913 -12762
6843 901 -12822
6844 1027 -12878
6845 955 -12654
6846 899 -12366
6847 923 -12422
6848 959 -12602
6849 1051 -12858
6850 1019 -12806
6851 977 -12674
6852 875 -12282
6853 859 -12506
6854 991 -12338
6855 1063 -12334
6856 1109 -12434
6857 1111 -12346
6858 1173 -12322
6859 1131 -12298
6860 1137 -12374
6861 1131 -12426
6862 1147 -12386
6863 1165 -12690
6864 1125 -12618
6865 1005 -12762
6866 1085 -12554
6867 1283 -12510
6868 1345 -12606
6869 1213 -12486
6870 1149 -12542
6871 1103 -12586
6872 965 -12542
6873 895 -12542
6874 951 -12654
6875 913 -12638
6876 1015 -12630
6877 1075 -12434
6878 1165 -12382
6879 1249 -12406
6880 1257 -12402
6881 1239 -12118
6882 1005 -12498
6883 893 -12730
6884 1027 -12710
6885 1059 -12590
6886 757 -12394
6887 793 -12498
6888 619 -12186
6889 681 -11998
6890 603 -11978
6891 579 -12166
6892 785 -12350
6893 787 -12686
6894 559 -12430
6895 611 -12414
6896 553 -12506
6897 773 -12542
6898 995 -12554
6899 1195 -12906
6900 1251 -12622
6901 1101 -12494
6902 957 -12594
6903 1021 -12518
6904 1083 -12722
6905 1007 -12738
6906 909 -12710
6907 863 -12826
6908 871 -12814
6909 845 -12914
6910 761 -13086
6911 761 -13094
6912 913 -12962
6913 845 -13098
6914 679 -13210
6915 689 -13142
6916 685 -13090
6917 871 -13022
6918 795 -12814
6919 743 -12418
6920 687 -12690
6921 593 -12578
6922 597 -12606
6923 611 -12542
6924 631 -12714
6925 689 -12718
6926 737 -12954
6927 763 -13178
6928 713 -13062
6929 765 -13158
6930 761 -13206
6931 829 -13362
6932 685 -13326
6933 685 -13522
6934 683 -13186
6935 729 -13274
6936 775 -12906
6937 689 -12742
6938 697 -12730
6939 715 -12802
6940 625 -12714
6941 555 -12978
6942 539 -12938
6943 629 -13006
6944 685 -12814
6945 631 -12806
6946 605 -12946
6947 627 -12958
6948 687 -12962
6949 619 -12906
6950 587 -12842
6951 637 -12846
6952 593 -12778
6953 519 -12478
6954 571 -12502
6955 513 -12442
6956 541 -12630
6957 749 -12586
6958 811 -12798
6959 565 -12790
6960 569 -12818
6961 497 -12466
6962 529 -12430
6963 501 -12902
6964 409 -12550
6965 433 -12762
6966 293 -12810
6967 73 -12774
6968 -113 -12538
6969 63 -12506
6970 -5 -12374
6971 -37 -12798
6972 -9 -12954
6973 39 -13014
6974 103 -13098
6975 149 -12886
6976 25 -12602
6977 107 -12790
6978 -47 -12718
6979 121 -12586
6980 203 -12282
6981 163 -12486
6982 209 -12290
6983 73 -12398
6984 -71 -12302
6985 -181 -12410
6986 -127 -12162
6987 -149 -12422
6988 -79 -12182
6989 -163 -12026
6990 -49 -12106
6991 49 -12226
6992 -89 -12402
6993 -227 -12618
6994 -75 -12626
6995 35 -12302
6996 169 -12342
6997 61 -12446
6998 -215 -12354
6999 -137 -12470
7000 5 -12330
7001 131 -12354
7002 63 -12202
7003 -15 -12642
7004 15 -12570
7005 23 -12630
7006 25 -12522
7007 123 -12526
7008 7 -12494
7009 -137 -12298
7010 -65 -12422
7011 55 -12466
7012 -17 -12226
7013 7 -12386
7014 -135 -12450
7015 -81 -12578
7016 -101 -12786
7017 -97 -12686
7018 67 -12538
7019 -31 -12594
7020 -123 -12606
7021 -41 -12762
7022 49 -12850
7023 133 -12554
7024 109 -12610
7025 287 -12454
7026 241 -12710
7027 391 -12718
7028 539 -12842
7029 535 -12942
7030 537 -12978
7031 461 -12966
7032 287 -13318
7033 291 -12918
7034 345 -12822
7035 327 -12894
7036 481 -12870
7037 407 -12894
7038 315 -13014
7039 189 -13070
7040 61 -13010
7041 -125 -12818
7042 -225 -12946
7043 -221 -13118
7044 -129 -12794
7045 -67 -12770
7046 149 -12522
7047 371 -12726
7048 247 -12810
7049 147 -12654
7050 143 -12782
7051 349 -12982
7052 251 -13046
7053 299 -13202
7054 345 -13298
7055 271 -13366
7056 329 -13146
7057 213 -13110
7058 205 -13186
7059 221 -13202
7060 119 -13158
7061 167 -13234
7062 225 -13050
7063 65 -12902
7064 15 -13042
7065 -89 -12806
7066 -165 -13050
7067 -109 -12982
7068 1 -12926
7069 -59 -13050
7070 13 -13038
7071 71 -13046
7072 -57 -12826
7073 -235 -12982
7074 -297 -12934
7075 -317 -12846
7076 -389 -12778
7077 -443 -12990
7078 -385 -13098
7079 -479 -12682
7080 -587 -12774
7081 -569 -12794
7082 -407 -13122
7083 -513 -13130
7084 -601 -13054
7085 -679 -12982
7086 -593 -12738
7087 -621 -12706
7088 -465 -12882
7089 -755 -12898
7090 -685 -12826
7091 -577 -12698
7092 -559 -12462
7093 -749 -12534
7094 -513 -12542
7095 -361 -12538
7096 -327 -12386
7097 -273 -12330
7098 -339 -12486
7099 -425 -12242
7100 -503 -12622
7101 -361 -12494
7102 -379 -12686
7103 -387 -12518
7104 -465 -12478
7105 -385 -12542
7106 -493 -12698
7107 -661 -12646
7108 -533 -12602
7109 -639 -12746
7110 -433 -12638
7111 -571 -12666
7112 -685 -12766
7113 -601 -12630
7114 -683 -12586
7115 -781 -12546
7116 -845 -12606
7117 -883 -12574
7118 -855 -12646
7119 -839 -12658
7120 -763 -12254
7121 -857 -12230
7122 -727 -12250
7123 -717 -12298
7124 -735 -12190
7125 -717 -12218
7126 -865 -12150
7127 -1139 -12314
7128 -1039 -12278
7129 -1023 -12374
7130 -983 -12402
7131 -869 -12382
7132 -851 -12242
7133 -977 -12362
7134 -905 -12142
7135 -925 -12186
7136 -909 -12362
7137 -997 -12678
7138 -931 -12646
7139 -943 -12562
7140 -823 -12570
7141 -849 -12718
7142 -709 -12542
7143 -873 -12882
7144 -851 -12738
7145 -1031 -12606
7146 -1045 -12478
7147 -975 -12454
7148 -1017 -12230
7149 -1095 -12386
7150 -957 -12498
7151 -1031 -12418
7152 -1191 -12498
7153 -1133 -12370
7154 -1137 -12482
7155 -1083 -12502
7156 -993 -12310
7157 -773 -12302
7158 -755 -12586
7159 -681 -12578
7160 -521 -12678
7161 -621 -12550
7162 -611 -12510
7163 -547 -12462
7164 -509 -12494
7165 -521 -12414
7166 -589 -12834
7167 -577 -12726
7168 -527 -12462
7169 -453 -12406
7170 -537 -12670
7171 -379 -12830
7172 -423 -12682
7173 -475 -12486
7174 -465 -12726
7175 -445 -12626
7176 -503 -12842
7177 -467 -12738
7178 -575 -12794
7179 -625 -12978
7180 -523 -12966
7181 -461 -13062
7182 -515 -12842
7183 -549 -12750
7184 -603 -12846
7185 -583 -12854
7186 -723 -12754
7187 -617 -12594
7188 -587 -12458
7189 -545 -12670
7190 -607 -12638
7191 -519 -12798
7192 -483 -13022
7193 -535 -13034
7194 -617 -12982
7195 -633 -13142
7196 -575 -12818
7197 -459 -13090
7198 -457 -13038
7199 -439 -13014
7200 -441 -13006
7201 -449 -12878
7202 -509 -12682
7203 -391 -12866
7204 -385 -12998
7205 -391 -12806
7206 -343 -12842
7207 -515 -12698
7208 -469 -12818
7209 -427 -12730
7210 -217 -12526
7211 -383 -12478
7212 -405 -12438
7213 -235 -12342
7214 -97 -12234
7215 -179 -12246
7216 -179 -12350
7217 -317 -12342
7218 -241 -12414
7219 -323 -12294
7220 -373 -12374
7221 -297 -12406
7222 -267 -12482
7223 -145 -12438
7224 -287 -12710
7225 -265 -12746
7226 -343 -12650
7227 -409 -12442
7228 -455 -12538
7229 -581 -12878
7230 -523 -12998
7231 -575 -12966
7232 -539 -12954
7233 -551 -12686
7234 -563 -12558
7235 -525 -13074
7236 -611 -13026
7237 -389 -13034
7238 -391 -12938
7239 -233 -12890
7240 -303 -12854
7241 -469 -12858
7242 -455 -12726
7243 -671 -12642
7244 -641 -12866
7245 -605 -12866
7246 -645 -12670
7247 -527 -12694
7248 -497 -12850
7249 -455 -12666
7250 -305 -12314
7251 -319 -12622
7252 -333 -12590
7253 -193 -12522
7254 -29 -12438
7255 -161 -12870
7256 -405 -12602
7257 -529 -12666
7258 -369 -12946
7259 -387 -12818
7260 -493 -12502
7261 -549 -12562
7262 -491 -12750
7263 -593 -12530
7264 -491 -12358
7265 -589 -12526
7266 -455 -12498
7267 -279 -12858
7268 -247 -12706
7269 -89 -12478
7270 -43 -12830
7271 -57 -13278
7272 -35 -13178
7273 -109 -12954
7274 -265 -12754
7275 -139 -13050
7276 -237 -12950
7277 -201 -12886
7278 -337 -12982
7279 -387 -12986
7280 -263 -13022
7281 -339 -13106
7282 -515 -12822
7283 -553 -12454
7284 -487 -12526
7285 -635 -12806
7286 -761 -12690
7287 -757 -12722
7288 -731 -12546
7289 -973 -12514
7290 -929 -12786
7291 -907 -12914
7292 -889 -12962
7293 -805 -12898
7294 -711 -12762
7295 -873 -12610
7296 -879 -12706
7297 -801 -12974
7298 -663 -13082
7299 -877 -13170
7300 -831 -13106
7301 -855 -13130
7302 -979 -12958
7303 -1027 -12926
7304 -855 -13130
7305 -1069 -12982
7306 -1119 -12810
7307 -1097 -12834
7308 -991 -12930
7309 -843 -12842
7310 -833 -13198
7311 -945 -13062
7312 -809 -12794
7313 -763 -13018
7314 -703 -12790
7315 -649 -12686
7316 -699 -12786
7317 -645 -12762
7318 -675 -12966
7319 -857 -13002
7320 -833 -12870
7321 -807 -12822
7322 -919 -12982
7323 -837 -12734
7324 -1009 -12834
7325 -1075 -12706
7326 -1017 -12758
7327 -931 -12986
7328 -931 -12862
7329 -983 -12978
7330 -1063 -12978
7331 -907 -12970
7332 -1023 -13014
7333 -1051 -12994
7334 -1185 -13062
7335 -1239 -12862
7336 -1029 -12754
7337 -969 -12842
7338 -849 -12786
7339 -971 -12782
7340 -983 -12714
7341 -939 -12494
7342 -927 -12486
7343 -1053 -12682
7344 -1265 -12658
7345 -1323 -12778
7346 -1277 -12746
7347 -1427 -12990
7348 -1493 -12942
7349 -1599 -12666
7350 -1727 -13050
7351 -1485 -12746
7352 -1451 -12846
7353 -1497 -13034
7354 -1525 -13034
7355 -1701 -13070
7356 -1691 -13262
7357 -1629 -13114
7358 -1673 -13130
7359 -1857 -13094
7360 -1791 -12846
7361 -1599 -12946
7362 -1545 -12750
7363 -1365 -12898
7364 -1441 -12426
7365 -1349 -12862
7366 -1343 -12754
7367 -1533 -12890
7368 -1595 -12982
7369 -1553 -13034
7370 -1741 -12846
7371 -1599 -12774
7372 -1363 -12754
7373 -1333 -12498
7374 -1293 -12430
7375 -1213 -12030
7376 -1117 -12166
7377 -1139 -12326
7378 -1139 -12350
7379 -1099 -12362
7380 -1175 -12794
7381 -1257 -12590
7382 -1069 -12798
7383 -1153 -12570
7384 -1133 -12714
7385 -1127 -12662
7386 -1213 -12538
7387 -1195 -12362
7388 -1201 -12638
7389 -1351 -12882
7390 -1445 -12970
7391 -1449 -13086
7392 -1433 -12870
7393 -1313 -12938
7394 -1341 -12938
7395 -1151 -12838
7396 -1101 -12934
7397 -1229 -12858
7398 -1281 -12966
7399 -1301 -13014
7400 -1375 -13014
7401 -1383 -12906
7402 -1391 -12886
7403 -1361 -12866
7404 -1491 -12698
7405 -1345 -12722
7406 -1415 -12858
7407 -1397 -12846
7408 -1443 -12702
7409 -1521 -12486
7410 -1421 -12526
7411 -1419 -12654
7412 -1291 -12394
7413 -1343 -12546
7414 -1323 -12578
7415 -1173 -12542
7416 -1043 -12670
7417 -1069 -12758
7418 -1101 -12622
7419 -953 -12562
7420 -955 -12570
7421 -1185 -12254
7422 -1167 -12670
7423 -871 -12414
7424 -811 -12570
7425 -979 -12182
7426 -935 -12210
7427 -685 -12402
7428 -735 -12322
7429 -765 -12154
7430 -719 -12062
7431 -693 -12226
7432 -583 -12226
7433 -417 -12178
7434 -459 -12114
7435 -647 -12078
7436 -473 -12170
7437 -447 -12198
7438 -561 -12162
7439 -669 -12158
7440 -823 -12338
7441 -839 -12434
7442 -729 -12362
7443 -627 -12334
7444 -523 -12134
7445 -449 -12154
7446 -517 -12154
7447 -755 -12050
7448 -739 -12090
7449 -607 -12214
7450 -663 -12210
7451 -613 -12286
7452 -623 -12342
7453 -657 -12698
7454 -569 -12818
7455 -581 -12746
7456 -735 -12274
7457 -647 -12382
7458 -739 -12582
7459 -867 -12366
7460 -871 -12470
7461 -779 -12642
7462 -885 -12690
7463 -813 -12386
7464 -799 -12542
7465 -693 -12234
7466 -633 -12526
7467 -465 -12234
7468 -275 -12398
7469 -257 -12606
7470 -193 -12754
7471 -95 -12802
7472 -169 -12554
7473 -143 -12466
7474 -397 -12186
7475 -313 -12226
7476 -281 -12442
7477 -217 -12446
7478 -237 -12482
7479 -349 -12658
7480 -341 -12526
7481 -337 -12514
7482 -291 -12478
7483 -245 -12518
7484 -65 -12398
7485 -11 -12222
7486 -13 -12290
7487 -9 -12286
7488 141 -12362
7489 47 -12266
7490 51 -12190
7491 183 -12214
7492 367 -12002
7493 363 -12078
7494 437 -12102
7495 447 -12218
7496 591 -12294
7497 521 -12490
7498 593 -12230
7499 585 -12018
7500 639 -11962
7501 633 -11966
7502 717 -12082
7503 829 -11966
7504 805 -12202
7505 839 -12354
7506 743 -12370
7507 691 -12646
7508 533 -12550
7509 555 -12574
7510 421 -12630
7511 459 -12614
7512 419 -12366
7513 391 -12314
7514 307 -12582
7515 217 -12566
7516 193 -12302
7517 251 -12282
7518 263 -12114
7519 313 -11766
7520 295 -11954
7521 435 -12086
7522 511 -12174
7523 545 -12366
7524 445 -12286
7525 411 -12034
7526 477 -12422
7527 419 -12530
7528 385 -12494
7529 469 -12566
7530 613 -12466
7531 705 -12442
7532 721 -12306
7533 635 -12338
7534 489 -12210
7535 343 -12434
7536 409 -12510
7537 547 -12478
7538 419 -12570
7539 417 -12326
7540 349 -12626
7541 327 -12526
7542 325 -12458
7543 393 -12514
7544 339 -12514
7545 263 -12662
7546 439 -12738
7547 509 -12734
7548 369 -12606
7549 501 -12446
7550 383 -12322
7551 339 -12342
7552 385 -12430
7553 397 -12342
7554 531 -12358
7555 573 -12474
7556 487 -12766
7557 549 -12670
7558 363 -12586
7559 549 -12462
7560 613 -12470
7561 743 -12702
7562 637 -12726
7563 677 -12986
7564 853 -12926
7565 903 -12786
7566 929 -12642
7567 889 -12890
7568 893 -12826
7569 935 -12662
7570 731 -12926
7571 655 -12978
7572 591 -12862
7573 473 -12866
7574 489 -13010
7575 569 -12846
7576 763 -12762
7577 731 -13038
7578 639 -12954
7579 599 -12862
7580 553 -12630
7581 667 -12650
7582 659 -12878
7583 833 -12542
7584 873 -12810
7585 847 -12618
7586 861 -12750
7587 847 -12570
7588 915 -12590
7589 943 -12274
7590 905 -12458
7591 863 -12690
7592 935 -12634
7593 893 -12402
7594 981 -12426
7595 825 -12670
7596 913 -12786
7597 993 -12706
7598 889 -12618
7599 949 -12514
7600 1105 -12450
7601 1145 -12454
7602 1143 -12610
7603 1189 -12442
7604 1387 -12390
7605 1513 -12630
7606 1349 -12562
7607 1431 -12598
7608 1411 -12710
7609 1507 -12734
7610 1401 -12566
7611 1349 -12530
7612 1411 -12650
7613 1465 -12854
7614 1321 -12758
7615 1271 -12742
7616 1119 -12738
7617 1021 -12782
7618 1069 -12798
7619 1135 -13058
7620 1067 -13026
7621 879 -13114
7622 791 -12854
7623 947 -12810
7624 1143 -12502
7625 1273 -12454
7626 1181 -12430
7627 1105 -12558
7628 1085 -12314
7629 1147 -12418
7630 1139 -12206
7631 1205 -12374
7632 1187 -12314
7633 1019 -12502
7634 1245 -12274
7635 1161 -12174
7636 1311 -12366
7637 1319 -12154
7638 1349 -12202
7639 1411 -12086
7640 1327 -12270
7641 1243 -11994
7642 1129 -11790
7643 1021 -11642
7644 1241 -12238
7645 1303 -12302
7646 1259 -12010
7647 1217 -12282
7648 1199 -12426
7649 1129 -12346
7650 1089 -12414
7651 971 -12422
7652 913 -12534
7653 883 -12462
7654 1011 -12462
7655 1097 -12562
7656 929 -12366
7657 873 -12498
7658 891 -12426
7659 1053 -12350
7660 939 -12214
7661 1027 -12314
7662 1037 -12158
7663 1217 -12358
7664 1191 -12502
7665 1023 -12458
7666 931 -12438
7667 937 -12186
7668 941 -12286
7669 903 -12434
7670 901 -12526
7671 955 -12338
7672 1179 -12558
7673 1307 -12546
7674 1331 -12162
7675 1081 -12226
7676 929 -12498
7677 955 -12610
7678 991 -12838
7679 811 -12542
7680 859 -12502
7681 805 -12410
7682 721 -12538
7683 753 -12446
7684 847 -12650
7685 999 -12886
7686 1049 -12470
7687 971 -12546
7688 975 -12626
7689 1085 -12446
7690 1121 -12630
7691 1017 -12770
7692 1017 -12638
7693 1051 -12574
7694 1075 -12246
7695 989 -12334
7696 941 -12054
7697 853 -12178
7698 825 -12254
7699 897 -12386
7700 871 -12442
7701 849 -12330
7702 815 -12462
7703 827 -12350
7704 849 -12214
7705 923 -12478
7706 955 -12894
7707 807 -12846
7708 837 -12534
7709 731 -12830
7710 853 -12658
7711 829 -12690
7712 807 -12950
7713 531 -12746
7714 551 -12798
7715 531 -12702
7716 455 -12718
7717 445 -12338
7718 473 -12206
7719 313 -12274
7720 315 -12318
7721 151 -12318
7722 151 -12466
7723 173 -12430
7724 157 -12506
7725 57 -12550
7726 93 -12766
7727 79 -12446
7728 379 -12214
7729 59 -12242
7730 51 -12390
7731 -45 -12194
7732 -39 -12262
7733 13 -12066
7734 23 -12234
7735 23 -12146
7736 51 -12402
7737 -29 -12826
7738 43 -12594
7739 -97 -12638
7740 83 -12482
7741 185 -12430
7742 89 -12510
7743 59 -12494
7744 59 -12686
7745 9 -12598
7746 99 -12682
7747 199 -12558
7748 203 -12438
7749 163 -12306
7750 163 -12110
7751 147 -12278
7752 87 -12386
7753 79 -12422
7754 167 -12118
7755 81 -12358
7756 17 -12238
7757 -49 -12222
7758 -157 -11966
7759 -69 -12154
7760 89 -12390
7761 81 -12330
7762 131 -12314
7763 27 -12478
7764 159 -12250
7765 45 -12126
7766 247 -12510
7767 347 -12462
7768 359 -12226
7769 435 -12474
7770 475 -12330
7771 529 -12226
7772 601 -12286
7773 475 -12070
7774 453 -12442
7775 379 -12422
7776 429 -12458
7777 259 -12734
7778 67 -12522
7779 195 -12422
7780 121 -12602
7781 131 -12594
7782 197 -12830
7783 291 -12654
7784 415 -12606
7785 557 -12390
7786 629 -12494
7787 501 -12470
7788 545 -12418
7789 377 -12374
7790 413 -12530
7791 537 -12462
7792 535 -12510
7793 525 -12350
7794 549 -12514
7795 533 -12654
7796 647 -12474
7797 603 -12498
7798 507 -12254
7799 577 -12454
7800 421 -12226
7801 313 -12426
7802 467 -12518
7803 487 -12486
7804 273 -12370
7805 295 -12590
7806 217 -12430
7807 249 -12206
7808 141 -12158
7809 147 -12458
7810 -17 -12570
7811 63 -12558
7812 23 -12650
7813 29 -12530
7814 63 -12786
7815 -7 -12614
7816 5 -12446
7817 159 -12590
7818 129 -12558
7819 111 -12602
7820 149 -12514
7821 3 -12618
7822 49 -12538
7823 135 -12650
7824 267 -12626
7825 355 -12934
7826 437 -12746
7827 485 -12610
7828 487 -12806
7829 531 -12902
7830 617 -12538
7831 429 -12798
7832 335 -12830
7833 211 -13082
7834 65 -12746
7835 -81 -12866
7836 -23 -12714
7837 109 -12822
7838 11 -12590
7839 131 -12918
7840 155 -12790
7841 115 -12346
7842 -39 -12554
7843 -21 -12586
7844 89 -12886
7845 -57 -12734
7846 59 -12774
7847 93 -12958
7848 199 -12954
7849 297 -12966
7850 389 -13278
7851 211 -12978
7852 175 -12766
7853 161 -12842
7854 201 -12826
7855 307 -12606
7856 443 -12778
7857 399 -12750
7858 407 -12566
7859 501 -12386
7860 431 -12486
7861 345 -12650
7862 363 -12554
7863 375 -12814
7864 331 -12510
7865 257 -12550
7866 83 -12590
7867 321 -12602
7868 229 -12738
7869 161 -12586
7870 47 -12986
7871 145 -12738
7872 103 -12606
7873 131 -12818
7874 103 -12802
7875 255 -12710
7876 355 -12514
7877 265 -12426
7878 273 -12838
7879 343 -12750
7880 383 -12546
7881 497 -12542
7882 485 -12658
7883 491 -12578
7884 593 -12602
7885 449 -12650
7886 487 -12650
7887 485 -12762
7888 475 -12558
7889 347 -12514
7890 305 -12102
7891 295 -12078
7892 357 -12254
7893 393 -12250
7894 363 -12338
7895 243 -12078
7896 205 -12102
7897 91 -12322
7898 -3 -12302
7899 -145 -12366
7900 -105 -12346
7901 -111 -12142
7902 -93 -12242
7903 -31 -12482
7904 123 -12330
7905 67 -12342
7906 -61 -12418
7907 -93 -12362
7908 -117 -12478
7909 -47 -12846
7910 141 -12746
7911 127 -12602
7912 195 -12594
7913 89 -12674
7914 43 -12670
7915 11 -12694
7916 -113 -12714
7917 -137 -12418
7918 -43 -12322
7919 91 -12490
7920 343 -12654
7921 415 -12830
7922 463 -12766
7923 369 -12482
7924 235 -12674
7925 303 -12682
7926 211 -12682
7927 135 -12754
7928 255 -13050
7929 355 -13158
7930 319 -13406
7931 217 -13346
7932 93 -13478
7933 93 -13170
7934 51 -13078
7935 105 -12890
7936 349 -12758
7937 463 -12754
7938 415 -12750
7939 493 -12590
7940 429 -12554
7941 441 -12722
7942 443 -12802
7943 477 -13094
7944 391 -12918
7945 393 -12982
7946 389 -12990
7947 387 -12882
7948 411 -12822
7949 461 -12862
7950 215 -12930
7951 247 -13102
7952 103 -12998
7953 87 -13226
7954 33 -13474
7955 79 -13318
7956 27 -13374
7957 -55 -13122
7958 -61 -13026
7959 -23 -12758
7960 31 -12734
7961 -97 -12542
7962 -167 -12474
7963 -123 -12574
7964 11 -12406
7965 89 -12634
7966 -129 -12874
7967 -141 -12690
7968 -173 -12586
7969 -145 -12618
7970 -63 -12542
7971 -81 -12610
7972 -71 -12894
7973 65 -12954
7974 -75 -13022
7975 -39 -12738
7976 -149 -12766
7977 -295 -12862
7978 -325 -12466
7979 -245 -12710
7980 -197 -12678
7981 -411 -12794
7982 -265 -12938
7983 -313 -13066
7984 -379 -13006
7985 -385 -12926
7986 -401 -12750
7987 -501 -12878
7988 -591 -12714
7989 -599 -12874
7990 -739 -12582
7991 -821 -12886
7992 -791 -12854
7993 -795 -12966
7994 -773 -12894
7995 -663 -12806
7996 -635 -12966
7997 -655 -12790
7998 -743 -12954
7999 -673 -12626
8000 -763 -12642
8001 -637 -12766
8002 -633 -12774
8003 -503 -12786
8004 -407 -12686
8005 -229 -12870
8006 -77 -12898
8007 83 -12870
8008 143 -12750
8009 159 -12878
8010 65 -12702
8011 125 -12498
8012 91 -12382
8013 75 -12258
8014 -45 -12474
8015 27 -12582
8016 133 -12530
8017 55 -12486
8018 31 -12698
8019 65 -12686
8020 -17 -12554
8021 47 -12658
8022 83 -12578
8023 203 -12578
8024 37 -12554
8025 -37 -12850
8026 -9 -12770
8027 -69 -12862
8028 29 -12870
8029 175 -12790
8030 151 -12746
8031 213 -12826
8032 251 -12610
8033 265 -12634
8034 307 -12590
8035 313 -13014
8036 321 -13174
8037 425 -13138
8038 449 -12894
8039 445 -12994
8040 327 -13278
8041 291 -13050
8042 173 -13002
8043 205 -13054
8044 103 -12926
8045 9 -12798
8046 -117 -12898
8047 17 -12850
8048 -107 -12678
8049 -111 -12686
8050 -59 -12650
8051 -47 -12654
8052 -193 -12690
8053 -185 -12806
8054 -247 -13014
8055 -141 -12890
8056 -199 -12594
8057 -47 -12606
8058 -41 -12530
8059 -159 -12646
8060 -269 -12758
8061 -553 -12770
8062 -655 -12914
8063 -691 -12426
8064 -797 -12818
8065 -973 -12542
8066 -939 -12910
8067 -803 -12738
8068 -839 -12806
8069 -619 -13006
8070 -483 -13038
8071 -667 -12898
8072 -815 -13058
8073 -859 -12598
8074 -891 -12918
8075 -899 -13010
8076 -921 -13042
8077 -779 -13050
8078 -893 -12854
8079 -971 -12770
8080 -833 -12754
8081 -845 -12566
8082 -649 -12522
8083 -577 -12438
8084 -659 -12382
8085 -661 -12182
8086 -569 -11990
8087 -641 -12138
8088 -777 -12270
8089 -843 -12346
8090 -845 -12542
8091 -911 -12378
8092 -773 -12758
8093 -915 -12558
8094 -917 -12362
8095 -1001 -12666
8096 -1243 -12786
8097 -1245 -12986
8098 -1369 -12646
8099 -1449 -12730
8100 -1489 -12866
8101 -1489 -12706
8102 -1413 -12846
8103 -1545 -12722
8104 -1507 -12746
8105 -1349 -12878
8106 -1565 -12826
8107 -1447 -12786
8108 -1485 -12874
8109 -1377 -12854
8110 -1399 -12746
8111 -1335 -12566
8112 -1267 -12410
8113 -1279 -12422
8114 -1301 -12310
8115 -1255 -12346
8116 -1379 -12570
8117 -1535 -12670
8118 -1591 -13006
8119 -1571 -13022
8120 -1657 -12886
8121 -1575 -12622
8122 -1483 -12838
8123 -1453 -12710
8124 -1337 -12490
8125 -1355 -12722
8126 -1229 -12834
8127 -1205 -12922
8128 -1047 -12938
8129 -1077 -12862
8130 -1051 -12798
8131 -1083 -12886
8132 -1065 -12802
8133 -1109 -13022
8134 -1161 -12906
8135 -1071 -12866
8136 -1099 -12974
8137 -923 -12850
8138 -1015 -12942
8139 -877 -12894
8140 -755 -12978
8141 -713 -13038
8142 -653 -12794
8143 -713 -12614
8144 -461 -12450
8145 -463 -12518
8146 -389 -12382
8147 -481 -12418
8148 -483 -12386
8149 -485 -12330
8150 -669 -12354
8151 -471 -12446
8152 -441 -12282
8153 -627 -12430
8154 -735 -12354
8155 -927 -12386
8156 -977 -12662
8157 -1133 -12570
8158 -1195 -12518
8159 -1069 -12334
8160 -919 -12506
8161 -877 -12630
8162 -961 -12606
8163 -939 -12610
8164 -991 -12946
8165 -987 -13114
8166 -1205 -12930
8167 -1223 -12914
8168 -1297 -12878
8169 -1331 -12898
8170 -1425 -12574
8171 -1323 -12386
8172 -1193 -12398
8173 -1133 -12366
8174 -1069 -12354
8175 -1097 -12070
8176 -1279 -12426
8177 -1199 -12374
8178 -1099 -12386
8179 -977 -12394
8180 -1181 -12442
8181 -1309 -12474
8182 -1197 -12462
8183 -1205 -12662
8184 -1203 -12626
8185 -1019 -12574
8186 -981 -12454
8187 -1023 -12474
8188 -879 -12614
8189 -1061 -12646
8190 -1063 -12474
8191 -1127 -12402
8192 -1017 -12410
8193 -959 -12298
8194 -1069 -12454
8195 -1187 -12434
8196 -1081 -12346
8197 -1137 -12218
8198 -1273 -11970
8199 -1371 -12158
8200 -1445 -11938
8201 -1233 -12106
8202 -1179 -12250
8203 -1263 -12246
8204 -1147 -12254
8205 -1153 -11978
8206 -997 -12310
8207 -1045 -12102
8208 -1129 -12390
8209 -1229 -12342
8210 -1333 -12326
8211 -1369 -12234
8212 -1449 -12114
8213 -1319 -12134
8214 -1265 -12442
8215 -1199 -12630
8216 -1227 -12618
8217 -1193 -12618
8218 -1189 -12678
8219 -1233 -12838
8220 -1109 -12630
8221 -1137 -12670
8222 -1127 -12794
8223 -937 -12742
8224 -967 -12470
8225 -865 -12566
8226 -837 -12402
8227 -881 -12398
8228 -1091 -12758
8229 -1047 -12850
8230 -991 -12718
8231 -943 -12606
8232 -945 -12618
8233 -957 -12674
8234 -1033 -12854
8235 -1005 -12654
8236 -891 -12482
8237 -1037 -12078
8238 -1079 -12278
8239 -1137 -12514
8240 -1231 -12494
8241 -1187 -12178
8242 -1117 -12414
8243 -1091 -12554
8244 -1057 -12490
8245 -1131 -12142
8246 -1143 -12350
8247 -1117 -12434
8248 -1283 -12554
8249 -1307 -12514
8250 -1257 -12530
8251 -1385 -12330
8252 -1467 -12294
8253 -1323 -12786
8254 -1365 -12526
8255 -1419 -12594
8256 -1317 -12974
8257 -1229 -12822
8258 -1245 -12782
8259 -1219 -12822
8260 -1123 -12606
8261 -1249 -12586
8262 -1151 -12362
8263 -1207 -12342
8264 -1315 -12506
8265 -1377 -12350
8266 -1261 -12734
8267 -1063 -12662
8268 -1005 -12638
8269 -1075 -12578
8270 -919 -12626
8271 -881 -12526
8272 -1057 -12318
8273 -981 -12202
8274 -983 -12226
8275 -927 -12514
8276 -859 -12350
8277 -807 -12370
8278 -483 -12214
8279 -573 -12218
8280 -593 -12126
8281 -663 -12498
8282 -669 -12454
8283 -597 -12422
8284 -513 -12250
8285 -499 -12266
8286 -791 -12486
8287 -775 -11978
8288 -947 -12014
8289 -1125 -11870
8290 -1171 -11822
8291 -1275 -12350
8292 -1149 -12046
8293 -1291 -12002
8294 -1227 -12062
8295 -1283 -12074
8296 -1321 -12178
8297 -1089 -12390
8298 -1027 -12318
8299 -1141 -12318
8300 -1197 -12442
8301 -1055 -12386
8302 -857 -12302
8303 -831 -12538
8304 -645 -12206
8305 -909 -12230
8306 -1121 -12366
8307 -1023 -12658
8308 -835 -12706
8309 -843 -12806
8310 -859 -12942
8311 -957 -12838
8312 -995 -12942
8313 -989 -12950
8314 -923 -12890
8315 -1035 -12758
8316 -1065 -12862
8317 -993 -12742
8318 -909 -12714
8319 -873 -12506
8320 -905 -12574
8321 -1053 -12638
8322 -1013 -12842
8323 -1063 -12802
8324 -1083 -12730
8325 -1097 -12742
8326 -1153 -12698
8327 -1019 -12678
8328 -1119 -12762
8329 -1031 -12478
8330 -991 -12826
8331 -1215 -12630
8332 -1259 -12294
8333 -1143 -12446
8334 -1297 -12478
8335 -1173 -12390
8336 -1291 -12350
8337 -1379 -12194
8338 -1497 -12314
8339 -1607 -12270
8340 -1631 -12334
8341 -1617 -12406
8342 -1489 -12346
8343 -1509 -12510
8344 -1709 -12658
8345 -1695 -12662
8346 -1567 -12618
8347 -1523 -12550
8348 -1629 -12386
8349 -1639 -12438
8350 -1795 -12414
8351 -1875 -12502
8352 -1995 -12642
8353 -1901 -12706
8354 -1951 -12618
8355 -2055 -12506
8356 -2085 -12650
8357 -2155 -12622
8358 -2341 -12718
8359 -2321 -12670
8360 -2331 -12518
8361 -2459 -12638
8362 -2587 -12782
8363 -2531 -13002
8364 -2597 -13090
8365 -2603 -12818
8366 -2637 -12858
8367 -2623 -12818
8368 -2671 -13042
8369 -2717 -13082
8370 -2697 -12834
8371 -2691 -13046
8372 -2733 -12926
8373 -2641 -12918
8374 -2695 -13082
8375 -2787 -12550
8376 -2805 -12814
8377 -2737 -13122
8378 -2953 -13298
8379 -2839 -12874
8380 -2679 -12782
8381 -2609 -13086
8382 -2661 -13106
8383 -2683 -12862
8384 -2665 -12978
8385 -2673 -12674
8386 -2599 -12970
8387 -2673 -13322
8388 -2793 -13566
8389 -2727 -13138
8390 -2781 -13522
8391 -2707 -13182
8392 -2691 -12962
8393 -2465 -13086
8394 -2557 -12926
8395 -2641 -12990
8396 -2695 -13110
8397 -2519 -13030
8398 -2499 -12866
8399 -2393 -12866
8400 -2463 -13054
8401 -2617 -13178
8402 -2559 -13326
8403 -2473 -13278
8404 -2605 -13174
8405 -2693 -13558
8406 -2609 -13502
8407 -2495 -13358
8408 -2543 -13102
8409 -2553 -13186
8410 -2437 -12986
8411 -2435 -12990
8412 -2259 -12902
8413 -2267 -12766
8414 -2299 -12754
8415 -2217 -12850
8416 -2399 -12766
8417 -2329 -12930
8418 -2335 -13146
8419 -2517 -12934
8420 -2619 -12942
8421 -2623 -12762
8422 -2591 -13150
8423 -2627 -13238
8424 -2623 -13186
8425 -2749 -13282
8426 -2807 -13138
8427 -2935 -13230
8428 -2889 -13298
8429 -2941 -12966
8430 -3003 -13034
8431 -3033 -12926
8432 -2899 -12774
8433 -2747 -12978
8434 -2507 -12874
8435 -2497 -12906
8436 -2507 -12882
8437 -2445 -12842
8438 -2507 -13010
8439 -2531 -13066
8440 -2491 -12770
8441 -2401 -12614
8442 -2373 -12686
8443 -2483 -12722
8444 -2371 -12526
8445 -2411 -12598
8446 -2393 -12790
8447 -2505 -12802
8448 -2373 -13066
8449 -2337 -12746
8450 -2277 -12714
8451 -2355 -13034
8452 -2319 -12902
8453 -2167 -12818
8454 -2057 -12830
8455 -2113 -12706
8456 -2135 -12566
8457 -2049 -12686
8458 -2095 -12614
8459 -2241 -12834
8460 -2151 -12642
8461 -2279 -12622
8462 -2271 -12258
8463 -2325 -12366
8464 -2359 -12526
8465 -2385 -12506
8466 -2347 -12398
8467 -2379 -12506
8468 -2423 -12782
8469 -2643 -12838
8470 -2619 -12994
8471 -2557 -12718
8472 -2615 -12946
8473 -2673 -12882
8474 -2721 -12786
8475 -2753 -12826
8476 -2747 -12854
8477 -2703 -12966
8478 -2457 -12958
8479 -2519 -12886
8480 -2601 -12838
8481 -2511 -12890
8482 -2677 -13118
8483 -2653 -13058
8484 -2599 -12842
8485 -2653 -13022
8486 -2545 -12770
8487 -2651 -12906
8488 -2679 -12678
8489 -2437 -12778
8490 -2419 -12834
8491 -2217 -12866
8492 -2123 -12902
8493 -2365 -12862
8494 -2315 -12874
8495 -2477 -12858
8496 -2367 -12998
8497 -2395 -12902
8498 -2497 -12794
8499 -2337 -12986
8500 -2327 -12758
8501 -2309 -12858
8502 -2309 -12718
8503 -2313 -12858
8504 -2441 -12554
8505 -2339 -12834
8506 -2325 -12630
8507 -2607 -12602
8508 -2525 -12890
8509 -2503 -12866
8510 -2327 -12738
8511 -2245 -12602
8512 -2277 -12402
8513 -2251 -12218
8514 -2325 -12466
8515 -2325 -12542
8516 -2305 -12526
8517 -2347 -12802
8518 -2141 -12738
8519 -2111 -12498
8520 -1931 -12406
8521 -1889 -12238
8522 -1911 -12566
8523 -2003 -12206
8524 -2023 -12398
8525 -2069 -12654
8526 -2239 -12690
8527 -2299 -12802
8528 -2345 -12570
8529 -2389 -12586
8530 -2239 -12554
8531 -2217 -12466
8532 -2253 -12614
8533 -2377 -12654
8534 -2337 -12430
8535 -2337 -12798
8536 -2351 -12874
8537 -2383 -12850
8538 -2221 -12650
8539 -2131 -12630
8540 -2271 -12794
8541 -2339 -12486
8542 -2327 -12462
8543 -2281 -12238
8544 -2165 -12274
8545 -2293 -12502
8546 -2529 -12522
8547 -2535 -12530
8548 -2441 -12378
8549 -2467 -12314
8550 -2395 -12618
8551 -2361 -12702
8552 -2221 -12690
8553 -2153 -12622
8554 -2133 -12534
8555 -2121 -12382
8556 -2195 -12322
8557 -2095 -12594
8558 -2039 -12630
8559 -1949 -12378
8560 -1731 -12506
8561 -1789 -12446
8562 -1795 -12570
8563 -1857 -12450
8564 -1803 -12710
8565 -1937 -12694
8566 -1869 -12670
8567 -1933 -12598
8568 -1831 -12474
8569 -1705 -12574
8570 -1767 -12542
8571 -1949 -12514
8572 -2069 -12398
8573 -2043 -12530
8574 -2083 -12782
8575 -2049 -12642
8576 -2117 -12562
8577 -2189 -12762
8578 -2151 -12438
8579 -2271 -12286
8580 -2245 -12598
8581 -2253 -12490
8582 -2405 -12510
8583 -2529 -12666
8584 -2521 -12938
8585 -2633 -12886
8586 -2505 -12654
8587 -2391 -12854
8588 -2427 -12962
8589 -2371 -12958
8590 -2469 -12990
8591 -2613 -13146
8592 -2511 -13042
8593 -2451 -13118
8594 -2329 -12938
8595 -2451 -12946
8596 -2435 -12654
8597 -2479 -13010
8598 -2495 -12826
8599 -2595 -12978
8600 -2581 -13138
8601 -2579 -12910
8602 -2489 -12690
8603 -2299 -12570
8604 -2503 -12746
8605 -2357 -12406
8606 -2293 -12542
8607 -2105 -12370
8608 -2133 -12490
8609 -2117 -12370
8610 -2239 -12542
8611 -2125 -12594
8612 -2009 -12466
8613 -2105 -12742
8614 -2203 -12774
8615 -2161 -12666
8616 -2261 -12426
8617 -2225 -12674
8618 -2281 -12778
8619 -2345 -12546
8620 -2393 -12758
8621 -2579 -12790
8622 -2465 -12618
8623 -2505 -12686
8624 -2641 -12810
8625 -2693 -12850
8626 -2755 -12886
8627 -2825 -13078
8628 -2797 -13114
8629 -2683 -13094
8630 -2603 -12806
8631 -2599 -12722
8632 -2569 -12814
8633 -2575 -12810
8634 -2531 -12818
8635 -2639 -12902
8636 -2623 -12786
8637 -2789 -12818
8638 -2891 -13010
8639 -2851 -12814
8640 -2667 -12738
8641 -2779 -12754
8642 -2871 -12786
8643 -2911 -12994
8644 -3081 -12954
8645 -3141 -13366
8646 -3129 -13330
8647 -3173 -12966
8648 -3229 -12746
8649 -3161 -12662
8650 -3091 -12838
8651 -3299 -13062
8652 -3211 -13098
8653 -3111 -13002
8654 -3069 -13186
8655 -3119 -12794
8656 -3227 -12906
8657 -3113 -12986
8658 -2999 -12674
8659 -3089 -12874
8660 -3037 -12606
8661 -2839 -12478
8662 -2927 -12362
8663 -2733 -12230
8664 -2671 -12330
8665 -2783 -12206
8666 -2873 -12310
8667 -3035 -12510
8668 -2883 -12410
8669 -2787 -12598
8670 -2993 -12826
8671 -2891 -12566
8672 -2883 -12294
8673 -2925 -12614
8674 -2959 -12986
8675 -2973 -12742
8676 -2835 -12550
8677 -2879 -12858
8678 -2755 -12502
8679 -2797 -12806
8680 -2897 -12934
8681 -2903 -12978
8682 -2837 -13062
8683 -2883 -13138
8684 -3057 -12718
8685 -2919 -12662
8686 -3113 -12774
8687 -2991 -12866
8688 -2931 -12690
8689 -3039 -12826
8690 -2891 -12866
8691 -2939 -12826
8692 -2979 -12898
8693 -2997 -12982
8694 -2899 -12778
8695 -2755 -12738
8696 -2543 -12542
8697 -2519 -12518
8698 -2485 -12782
8699 -2395 -12782
8700 -2371 -12794
8701 -2373 -12446
8702 -2317 -12650
8703 -2177 -12562
8704 -2263 -12594
8705 -2217 -12634
8706 -2261 -12842
8707 -2287 -12866
8708 -2221 -12934
8709 -2241 -12782
8710 -2145 -12758
8711 -2221 -12794
8712 -2253 -12818
8713 -2259 -12618
8714 -2325 -12666
8715 -2381 -12626
8716 -2497 -12682
8717 -2423 -12234
8718 -2311 -12322
8719 -2369 -12410
8720 -2429 -12374
8721 -2567 -12538
8722 -2559 -12442
8723 -2565 -12478
8724 -2563 -12410
8725 -2557 -12706
8726 -2441 -12366
8727 -2337 -12394
8728 -2275 -12118
8729 -2283 -12486
8730 -2203 -12474
8731 -2401 -12542
8732 -2387 -12790
8733 -2465 -12730
8734 -2385 -12798
8735 -2453 -12662
8736 -2323 -12434
8737 -2397 -12574
8738 -2501 -12474
8739 -2547 -12730
8740 -2531 -12830
8741 -2519 -12514
8742 -2583 -12622
8743 -2535 -12574
8744 -2593 -12734
8745 -2525 -12594
8746 -2589 -12718
8747 -2495 -12910
8748 -2501 -12834
8749 -2599 -12786
8750 -2417 -12642
8751 -2213 -12630
8752 -2243 -12726
8753 -2311 -12514
8754 -2283 -12698
8755 -2329 -12686
8756 -2427 -12786
8757 -2423 -12466
8758 -2307 -12638
8759 -2291 -12502
8760 -2275 -12590
8761 -2475 -12954
8762 -2557 -12926
8763 -2515 -12682
8764 -2689 -12594
8765 -2575 -12838
8766 -2677 -13054
8767 -2703 -13018
8768 -2697 -12914
8769 -2611 -12838
8770 -2831 -12946
8771 -2537 -12534
8772 -2463 -12546
8773 -2483 -12570
8774 -2389 -12618
8775 -2427 -12490
8776 -2507 -12502
8777 -2625 -12770
8778 -2675 -12838
8779 -2599 -12706
8780 -2579 -12722
8781 -2667 -12658
8782 -2645 -12442
8783 -2811 -12626
8784 -2971 -12894
8785 -3025 -13114
8786 -2829 -12906
8787 -2763 -13098
8788 -2769 -12778
8789 -2671 -12466
8790 -2481 -12366
8791 -2391 -12410
8792 -2257 -12298
8793 -2251 -12354
8794 -2263 -12462
8795 -2099 -12338
8796 -2155 -12318
8797 -2207 -12186
8798 -2119 -12498
8799 -2063 -12510
8800 -2095 -12586
8801 -2051 -12678
8802 -2001 -12486
8803 -2113 -12730
8804 -2367 -12726
8805 -2325 -12914
8806 -2065 -12794
8807 -2253 -12754
8808 -2253 -12950
8809 -2327 -12966
8810 -2331 -13082
8811 -2281 -13074
8812 -2439 -12806
8813 -2409 -13002
8814 -2393 -12922
8815 -2135 -12806
8816 -2079 -12762
8817 -2169 -12530
8818 -2195 -12622
8819 -2103 -12326
8820 -2061 -12378
8821 -2017 -12642
8822 -1821 -12702
8823 -1747 -12786
8824 -1719 -12626
8825 -1769 -12506
8826 -1831 -12666
8827 -1765 -12602
8828 -1901 -12562
8829 -1973 -12462
8830 -2023 -12418
8831 -1917 -12258
8832 -2007 -12238
8833 -1871 -12278
8834 -1947 -12338
8835 -2103 -12310
8836 -2265 -12302
8837 -2291 -12570
8838 -2373 -12474
8839 -2425 -12366
8840 -2463 -12602
8841 -2739 -12570
8842 -2905 -12486
8843 -2995 -12814
8844 -2985 -12906
8845 -3063 -12918
8846 -2915 -12686
8847 -2841 -12822
8848 -2849 -12558
8849 -2749 -12602
8850 -2791 -12594
8851 -2859 -12810
8852 -2723 -12814
8853 -2707 -12722
8854 -2749 -12854
8855 -2751 -12746
8856 -2741 -12406
8857 -2405 -12458
8858 -2455 -12258
8859 -2383 -12406
8860 -2345 -12502
8861 -2333 -12574
8862 -2379 -12778
8863 -2433 -12878
8864 -2323 -12782
8865 -2235 -12650
8866 -2317 -12694
8867 -2203 -12558
8868 -2235 -12666
8869 -2261 -12550
8870 -2115 -12330
8871 -2065 -12598
8872 -2007 -12362
8873 -1995 -12234
8874 -1843 -12178
8875 -1855 -12566
8876 -1815 -12406
8877 -1527 -12446
8878 -1475 -12374
8879 -1329 -12326
8880 -1207 -12066
8881 -1217 -12042
8882 -1249 -12082
8883 -1013 -11770
8884 -1007 -11730
8885 -973 -11798
8886 -1275 -11974
8887 -1299 -11906
8888 -1371 -11934
8889 -1181 -12082
8890 -1203 -12266
8891 -1183 -12366
8892 -1109 -12754
8893 -1129 -12570
8894 -1325 -12602
8895 -1307 -12642
8896 -1215 -12646
8897 -1343 -12414
8898 -1529 -12562
8899 -1565 -12530
8900 -1535 -12450
8901 -1431 -12470
8902 -1327 -12514
8903 -1377 -12590
8904 -1219 -12374
8905 -1127 -12458
8906 -1191 -12362
8907 -1087 -12306
8908 -1031 -12282
8909 -1175 -12222
8910 -1215 -12298
8911 -1163 -12034
8912 -1035 -12222
8913 -1181 -12546
8914 -1083 -12426
8915 -821 -12530
8916 -741 -12318
8917 -811 -12602
8918 -845 -12434
8919 -865 -12250
8920 -831 -12570
8921 -735 -12678
8922 -719 -12778
8923 -669 -12886
8924 -659 -13038
8925 -617 -12906
8926 -621 -12966
8927 -755 -12762
8928 -831 -12894
8929 -945 -13058
8930 -941 -13062
8931 -969 -12938
8932 -983 -12854
8933 -869 -12774
8934 -849 -12862
8935 -723 -12946
8936 -793 -13010
8937 -721 -12878
8938 -687 -12746
8939 -521 -12690
8940 -369 -12714
8941 -401 -12934
8942 -371 -12814
8943 -441 -13034
8944 -407 -12866
8945 -429 -12846
8946 -399 -12866
8947 -503 -12742
8948 -439 -12766
8949 -383 -12790
8950 -319 -12598
8951 -319 -12442
8952 -345 -12178
8953 -537 -12286
8954 -509 -12398
8955 -469 -12442
8956 -593 -12358
8957 -695 -12202
8958 -617 -12258
8959 -697 -12306
8960 -611 -12354
8961 -893 -12350
8962 -843 -12446
8963 -949 -12638
8964 -915 -12562
8965 -791 -12394
8966 -811 -12486
8967 -803 -12414
8968 -769 -12474
8969 -831 -12334
8970 -931 -12554
8971 -1113 -12562
8972 -1069 -12374
8973 -1179 -12714
8974 -1343 -12622
8975 -1339 -12730
8976 -1297 -12558
8977 -1289 -12670
8978 -1151 -12454
8979 -999 -12498
8980 -983 -12654
8981 -1017 -12666
8982 -1029 -12902
8983 -1069 -12966
8984 -1177 -12678
8985 -1093 -12558
8986 -1143 -12694
8987 -1165 -12542
8988 -1071 -12562
8989 -1179 -12470
8990 -1243 -12566
8991 -1153 -12462
8992 -1113 -12378
8993 -1057 -12338
8994 -1013 -12442
8995 -935 -12842
8996 -943 -12866
8997 -927 -12814
8998 -811 -12802
8999 -827 -12750
9000 -739 -12734
9001 -689 -12954
9002 -575 -12898
9003 -635 -12690
9004 -497 -12738
9005 -711 -12566
9006 -745 -12506
9007 -813 -12526
9008 -717 -12538
9009 -961 -12434
9010 -997 -12614
9011 -1041 -12818
9012 -1043 -12894
9013 -1037 -13006
9014 -961 -13178
9015 -1061 -12854
9016 -1129 -12810
9017 -961 -12870
9018 -729 -12898
9019 -851 -12846
9020 -885 -12754
9021 -895 -12718
9022 -1009 -13050
9023 -827 -12922
9024 -835 -12726
9025 -805 -12598
9026 -627 -12790
9027 -595 -12866
9028 -565 -12830
9029 -653 -12678
9030 -589 -12854
9031 -455 -12606
9032 -469 -12310
9033 -513 -12266
9034 -467 -12470
9035 -701 -12330
9036 -789 -12550
9037 -711 -12346
9038 -689 -12194
9039 -569 -12306
9040 -579 -12462
9041 -537 -12266
9042 -583 -12450
9043 -691 -12698
9044 -845 -12494
9045 -795 -12662
9046 -775 -12642
9047 -557 -12490
9048 -403 -12570
9049 -383 -12666
9050 -427 -12782
9051 -331 -12942
9052 -257 -12846
9053 -327 -12678
9054 -345 -12634
9055 -307 -12618
9056 -221 -12718
9057 -259 -12634
9058 -163 -12734
9059 -337 -12578
9060 -175 -12434
9061 -241 -12670
9062 -249 -12650
9063 -117 -12674
9064 -79 -12646
9065 -99 -12762
9066 -221 -12686
9067 -379 -12654
9068 -287 -12782
9069 -285 -12758
9070 -279 -12510
9071 -261 -12778
9072 -399 -12670
9073 -565 -12566
9074 -505 -12698
9075 -469 -12450
9076 -619 -12530
9077 -623 -12466
9078 -681 -12078
9079 -529 -12294
9080 -607 -12346
9081 -657 -12242
9082 -657 -12438
9083 -639 -12610
9084 -643 -12538
9085 -657 -12558
9086 -745 -12394
9087 -679 -12466
9088 -829 -12278
9089 -943 -12546
9090 -851 -12502
9091 -951 -12530
9092 -973 -12646
9093 -715 -12362
9094 -659 -12426
9095 -519 -12306
9096 -581 -12138
9097 -641 -11926
9098 -535 -12002
9099 -633 -11954
9100 -669 -12414
9101 -515 -12310
9102 -329 -12430
9103 -305 -12798
9104 -271 -12538
9105 -177 -12394
9106 55 -12314
9107 77 -12562
9108 275 -12406
9109 413 -12598
9110 299 -12634
9111 245 -12702
9112 239 -12514
9113 237 -12666
9114 177 -12494
9115 147 -12090
9116 13 -12386
9117 -51 -12506
9118 3 -12582
9119 -75 -12334
9120 -137 -12590
9121 -81 -12450
9122 -37 -12346
9123 157 -12298
9124 289 -12238
9125 205 -12334
9126 175 -12402
9127 259 -12278
9128 177 -12234
9129 111 -12282
9130 83 -12334
9131 77 -12254
9132 153 -12058
9133 101 -12250
9134 49 -12226
9135 183 -12222
9136 177 -12666
9137 299 -12582
9138 335 -12410
9139 465 -12566
9140 363 -12334
9141 189 -12142
9142 279 -12418
9143 501 -12386
9144 463 -12302
9145 591 -12578
9146 831 -12522
9147 805 -12278
9148 833 -12102
9149 875 -12206
9150 889 -12562
9151 871 -12718
9152 867 -12658
9153 971 -12830
9154 773 -12562
9155 825 -12690
9156 747 -12522
9157 803 -12418
9158 751 -12530
9159 605 -12398
9160 511 -12422
9161 573 -12606
9162 505 -12690
9163 761 -12734
9164 761 -12634
9165 705 -12814
9166 833 -13074
9167 911 -12898
9168 785 -12822
9169 651 -12694
9170 545 -12806
9171 619 -12586
9172 519 -12566
9173 415 -12918
9174 319 -12682
9175 179 -12678
9176 329 -12706
9177 283 -12678
9178 317 -12922
9179 245 -12806
9180 169 -12670
9181 317 -12518
9182 351 -12578
9183 293 -12482
9184 163 -12782
9185 13 -12754
9186 -293 -12730
9187 -245 -12802
9188 -245 -12762
9189 -83 -12890
9190 31 -12914
9191 -31 -12870
9192 85 -12722
9193 -109 -12694
9194 -141 -12618
9195 -235 -12602
9196 -275 -12422
9197 -269 -12342
9198 -281 -12490
9199 -551 -12602
9200 -639 -12430
9201 -775 -12614
9202 -765 -12622
9203 -923 -12538
9204 -1053 -12726
9205 -1131 -12766
9206 -1237 -12898
9207 -1083 -13190
9208 -1033 -13002
9209 -903 -13030
9210 -907 -12774
9211 -855 -12722
9212 -895 -12798
9213 -1081 -12662
9214 -945 -12810
9215 -819 -12730
9216 -673 -12534
9217 -659 -12426
9218 -675 -12538
9219 -647 -12426
9220 -545 -12314
9221 -595 -12526
9222 -625 -12682
9223 -515 -12894
9224 -577 -12678
9225 -675 -12398
9226 -511 -12482
9227 -599 -12502
9228 -827 -12670
9229 -1033 -12642
9230 -909 -12690
9231 -949 -12794
9232 -977 -12898
9233 -823 -12858
9234 -949 -12790
9235 -751 -12730
9236 -741 -12686
9237 -805 -12406
9238 -977 -12242
9239 -905 -12422
9240 -993 -12254
9241 -889 -12382
9242 -957 -12578
9243 -993 -12790
9244 -1101 -12634
9245 -963 -12714
9246 -1037 -12786
9247 -1209 -12482
9248 -1065 -12486
9249 -865 -12266
9250 -921 -12154
9251 -841 -12474
9252 -833 -12318
9253 -895 -12214
9254 -949 -12334
9255 -873 -12594
9256 -711 -12530
9257 -687 -12630
9258 -799 -12714
9259 -939 -12694
9260 -1045 -12770
9261 -1099 -12782
9262 -1045 -12730
9263 -1075 -12502
9264 -1121 -12474
9265 -1145 -12426
9266 -967 -12226
9267 -863 -12402
9268 -835 -12302
9269 -909 -12334
9270 -1061 -12218
9271 -947 -12490
9272 -927 -12346
9273 -1029 -12342
9274 -955 -12706
9275 -809 -12542
9276 -887 -12726
9277 -857 -12646
9278 -1041 -12430
9279 -1165 -12410
9280 -1185 -12662
9281 -1121 -12630
9282 -1223 -12390
9283 -1153 -12442
9284 -1447 -12746
9285 -1269 -12490
9286 -1395 -12486
9287 -1357 -12534
9288 -1529 -12474
9289 -1685 -12554
9290 -1573 -12226
9291 -1507 -12086
9292 -1385 -12322
9293 -1463 -12454
9294 -1335 -12346
9295 -1297 -12250
9296 -1173 -12294
9297 -1101 -12346
9298 -1119 -12490
9299 -1109 -12274
9300 -1149 -12386
9301 -1067 -12338
9302 -1101 -12398
9303 -1177 -12446
9304 -1307 -12346
9305 -1209 -12498
9306 -1347 -12394
9307 -1299 -12618
9308 -1289 -12458
9309 -1345 -12794
9310 -1377 -12786
9311 -1353 -12810
9312 -1393 -12902
9313 -1319 -12758
9314 -1187 -12830
9315 -1115 -12654
9316 -1153 -12626
9317 -1283 -12694
9318 -1357 -12642
9319 -1517 -12826
9320 -1599 -12910
9321 -1567 -12954
9322 -1447 -13086
9323 -1293 -12898
9324 -1279 -12958
9325 -1249 -12794
9326 -1291 -12702
9327 -1245 -12906
9328 -999 -12810
9329 -891 -12366
9330 -945 -12526
9331 -847 -12474
9332 -991 -12826
9333 -1037 -12990
9334 -1073 -13022
9335 -973 -12702
9336 -1085 -12934
9337 -951 -12942
9338 -981 -12826
9339 -1001 -12934
9340 -957 -12898
9341 -975 -12734
9342 -1009 -12478
9343 -979 -12306
9344 -1067 -12594
9345 -1147 -12578
9346 -1133 -12582
9347 -1103 -12586
9348 -1003 -12590
9349 -1195 -12686
9350 -1229 -12746
9351 -1243 -12658
9352 -1149 -12458
9353 -1301 -12450
9354 -1243 -12518
9355 -1205 -12394
9356 -1221 -12794
9357 -1195 -12970
9358 -1097 -12726
9359 -1225 -12570
9360 -1213 -12246
9361 -1193 -12374
9362 -1089 -12334
9363 -1097 -12426
9364 -1119 -12302
9365 -953 -12286
9366 -817 -12670
9367 -819 -12402
9368 -927 -12442
9369 -877 -12314
9370 -1063 -12690
9371 -999 -12746
9372 -1217 -12590
9373 -1205 -12642
9374 -1291 -12634
9375 -1373 -12514
9376 -1495 -12342
9377 -1583 -12686
9378 -1579 -12742
9379 -1619 -12758
9380 -1885 -12786
9381 -1829 -12682
9382 -1865 -12798
9383 -1807 -12798
9384 -1803 -12570
9385 -2001 -12662
9386 -2011 -12650
9387 -2197 -12858
9388 -2309 -13286
9389 -2401 -13178
9390 -2387 -13246
9391 -2513 -13118
9392 -2533 -13062
9393 -2603 -12914
9394 -2501 -12890
9395 -2443 -12922
9396 -2447 -12958
9397 -2731 -12938
9398 -2611 -12854
9399 -2697 -12750
9400 -2831 -12890
9401 -2921 -12986
9402 -3017 -12746
9403 -2975 -12850
9404 -2899 -12742
9405 -2925 -12862
9406 -2941 -12942
9407 -2987 -12842
9408 -2865 -12606
9409 -2779 -12434
9410 -2659 -12602
9411 -2825 -12466
9412 -2981 -12442
9413 -2987 -12594
9414 -3077 -12778
9415 -3053 -12654
9416 -3115 -12562
9417 -3319 -12786
9418 -3589 -13122
9419 -3691 -13430
9420 -3645 -13266
9421 -3495 -13362
9422 -3527 -13186
9423 -3751 -13394
9424 -3873 -13470
9425 -3919 -13370
9426 -3683 -12962
9427 -3579 -12994
9428 -3641 -13270
9429 -3699 -13050
9430 -3579 -12850
9431 -3543 -12674
9432 -3317 -12506
9433 -3407 -12618
9434 -3459 -12966
9435 -3445 -12942
9436 -3459 -12830
9437 -3489 -12690
9438 -3291 -12726
9439 -3159 -12782
9440 -3107 -12718
9441 -3093 -12630
9442 -3021 -12770
9443 -2947 -12450
9444 -2797 -12266
9445 -2831 -12686
9446 -2929 -12702
9447 -2799 -12562
9448 -2973 -12522
9449 -3133 -12554
9450 -3073 -12630
9451 -3015 -12798
9452 -2963 -12630
9453 -3039 -12590
9454 -2989 -12714
9455 -2897 -12454
9456 -2837 -12586
9457 -2795 -12642
9458 -2757 -12870
9459 -2937 -13018
9460 -2861 -12630
9461 -3027 -12758
9462 -3119 -12826
9463 -3167 -12682
9464 -3125 -12778
9465 -3141 -12874
9466 -3313 -12954
9467 -3187 -12830
9468 -3053 -12730
9469 -2889 -12758
9470 -2787 -12842
9471 -2779 -12602
9472 -2735 -12350
9473 -2699 -12506
9474 -2789 -12682
9475 -2625 -12506
9476 -2751 -12758
9477 -2685 -12786
9478 -2721 -12738
9479 -2521 -12914
9480 -2473 -12834
9481 -2459 -13022
9482 -2557 -13010
9483 -2833 -13118
9484 -2747 -13054
9485 -2709 -12850
9486 -2645 -12738
9487 -2703 -12646
9488 -2753 -12658
9489 -2701 -13038
9490 -2793 -12986
9491 -2743 -12798
9492 -2821 -12894
9493 -2735 -13098
9494 -2749 -12850
9495 -2697 -13054
9496 -2665 -12810
9497 -2599 -12694
9498 -2683 -12586
9499 -2783 -12922
9500 -2611 -12858
9501 -2641 -13046
9502 -2669 -12706
9503 -2515 -12618
9504 -2581 -12626
9505 -2495 -12390
9506 -2465 -12462
9507 -2453 -12730
9508 -2381 -12342
9509 -2261 -12230
9510 -2541 -12550
9511 -2399 -12462
9512 -2395 -12462
9513 -2343 -12450
9514 -2249 -12574
9515 -2193 -12850
9516 -2179 -12554
9517 -2217 -12610
9518 -2003 -12430
9519 -1957 -12778
9520 -2041 -12886
9521 -2153 -12590
9522 -2125 -12898
9523 -2135 -13114
9524 -2105 -12598
9525 -2279 -12634
9526 -2079 -12562
9527 -2069 -12610
9528 -2127 -12734
9529 -2007 -12830
9530 -1711 -12686
9531 -1885 -12690
9532 -1841 -12806
9533 -2001 -12518
9534 -1891 -12510
9535 -1837 -12558
9536 -1705 -12382
9537 -1657 -12394
9538 -1653 -12346
9539 -1589 -12134
9540 -1607 -12190
9541 -1553 -12330
9542 -1631 -12342
9543 -1849 -12446
9544 -1715 -12266
9545 -1693 -12222
9546 -1757 -12394
9547 -1847 -12390
9548 -1991 -12510
9549 -1997 -12306
9550 -2107 -12442
9551 -2117 -12638
9552 -2061 -12506
9553 -2147 -12598
9554 -2201 -12630
9555 -2303 -12722
9556 -2273 -12902
9557 -2363 -12950
9558 -2491 -13258
9559 -2493 -13198
9560 -2471 -13158
9561 -2361 -13326
9562 -2269 -13134
9563 -2231 -12966
9564 -2019 -12998
9565 -1881 -12726
9566 -1983 -12954
9567 -2017 -12902
9568 -1981 -12874
9569 -1963 -12726
9570 -1813 -12618
9571 -1923 -12598
9572 -1939 -12670
9573 -1859 -12862
9574 -1843 -12794
9575 -1877 -12910
9576 -1963 -13094
9577 -1835 -12930
9578 -1679 -12650
9579 -1847 -12730
9580 -1889 -12954
9581 -1773 -12670
9582 -1983 -12802
9583 -2039 -12714
9584 -2155 -12710
9585 -2019 -12366
9586 -2003 -12346
9587 -2101 -12506
9588 -2147 -12562
9589 -2025 -12670
9590 -2015 -12662
9591 -1839 -12266
9592 -1901 -12354
9593 -1805 -12402
9594 -1805 -12766
9595 -1727 -12478
9596 -1801 -12738
9597 -2063 -12498
9598 -2029 -12634
9599 -1947 -12422
9600 -2027 -12398
9601 -2189 -12510
9602 -2133 -12202
9603 -2167 -12550
9604 -2277 -12418
9605 -2175 -12310
9606 -2201 -12422
9607 -2387 -12474
9608 -2531 -12742
9609 -2721 -12566
9610 -2715 -12678
9611 -2607 -12886
9612 -2761 -12890
9613 -2815 -12774
9614 -3121 -12990
9615 -3181 -13266
9616 -3101 -13026
9617 -3291 -13094
9618 -3239 -12898
9619 -3407 -13058
9620 -3305 -12882
9621 -3049 -12718
9622 -3149 -12850
9623 -3025 -12786
9624 -3163 -12958
9625 -2921 -12734
9626 -2971 -12794
9627 -3029 -13010
9628 -3077 -13230
9629 -2881 -13086
9630 -2897 -13122
9631 -2901 -13110
9632 -2879 -13050
9633 -3035 -13098
9634 -2929 -12806
9635 -2873 -12718
9636 -2929 -13038
9637 -2831 -12914
9638 -2913 -12854
9639 -2829 -12598
9640 -2679 -12550
9641 -2761 -12538
9642 -2639 -12406
9643 -2627 -12614
9644 -2723 -12602
9645 -2689 -12534
9646 -2749 -12666
9647 -2859 -12710
9648 -2837 -12662
9649 -2957 -12794
9650 -2875 -12506
9651 -2905 -12786
9652 -2949 -12490
9653 -2947 -12330
9654 -2919 -12422
9655 -3063 -12054
9656 -3013 -12298
9657 -2979 -12334
9658 -3031 -12338
9659 -2925 -12450
9660 -3051 -12398
9661 -3093 -12746
9662 -3011 -12762
9663 -3147 -12770
9664 -3165 -12426
9665 -3117 -12334
9666 -3187 -12278
9667 -3239 -12530
9668 -3403 -12666
9669 -3397 -12362
9670 -3315 -12378
9671 -3247 -12294
9672 -3307 -12686
9673 -3529 -12666
9674 -3573 -12554
9675 -3375 -12422
9676 -3301 -12246
9677 -3201 -12274
9678 -3299 -12390
9679 -3175 -12474
9680 -3059 -12434
9681 -3079 -12610
9682 -3149 -12522
9683 -3443 -12378
9684 -3367 -12414
9685 -3387 -12454
9686 -3341 -12494
9687 -3355 -12522
9688 -3507 -12850
9689 -3479 -12810
9690 -3691 -12990
9691 -3641 -12790
9692 -3619 -12846
9693 -3411 -12634
9694 -3477 -12286
9695 -3653 -12602
9696 -3669 -12814
9697 -3547 -12430
9698 -3553 -12526
9699 -3549 -12622
9700 -3695 -12474
9701 -3741 -12518
9702 -3657 -12526
9703 -3737 -12470
9704 -3797 -12626
9705 -3759 -12730
9706 -3615 -12626
9707 -3507 -12434
9708 -3661 -12506
9709 -3467 -12486
9710 -3475 -12442
9711 -3663 -12934
9712 -3595 -12642
9713 -3609 -12898
9714 -3593 -12918
9715 -3597 -13014
9716 -3457 -12534
9717 -3411 -12742
9718 -3429 -12622
9719 -3567 -12758
9720 -3511 -12854
9721 -3413 -12750
9722 -3323 -12806
9723 -3361 -12806
9724 -3287 -12482
9725 -3419 -12566
9726 -3447 -12686
9727 -3277 -12582
9728 -3389 -12434
9729 -3287 -12290
9730 -3367 -12222
9731 -3309 -12270
9732 -3391 -12426
9733 -3491 -12566
9734 -3543 -12642
9735 -3617 -12758
9736 -3685 -12678
9737 -3693 -12746
9738 -3705 -12742
9739 -3819 -12682
9740 -3723 -12826
9741 -3795 -12630
9742 -3667 -12446
9743 -3635 -12310
9744 -3707 -12546
9745 -3825 -12634
9746 -3827 -12530
9747 -3789 -12562
9748 -3669 -12538
9749 -3709 -12502
9750 -3875 -12490
9751 -3815 -12470
9752 -3895 -12434
9753 -3991 -12478
9754 -4043 -12514
9755 -3927 -12794
9756 -4023 -13074
9757 -4069 -13006
9758 -4025 -13326
9759 -3941 -13182
9760 -3919 -12802
9761 -3891 -12746
9762 -3803 -12782
9763 -3693 -12566
9764 -3697 -12614
9765 -3679 -12746
9766 -3755 -12698
9767 -3805 -12834
9768 -3625 -12582
9769 -3597 -12534
9770 -3719 -12554
9771 -3759 -12718
9772 -3783 -12782
9773 -3841 -12938
9774 -3813 -12878
9775 -3747 -12958
9776 -3679 -12762
9777 -3637 -12842
9778 -3683 -12782
9779 -3639 -12830
9780 -3623 -12870
9781 -3509 -12714
9782 -3561 -12750
9783 -3477 -12950
9784 -3421 -12966
9785 -3459 -12574
9786 -3437 -12570
9787 -3515 -12610
9788 -3479 -12606
9789 -3457 -12786
9790 -3351 -12834
9791 -3303 -12598
9792 -3397 -12438
9793 -3491 -12574
9794 -3559 -12466
9795 -3469 -12542
9796 -3501 -12658
9797 -3527 -12634
9798 -3589 -12814
9799 -3547 -12802
9800 -3599 -12722
9801 -3497 -12754
9802 -3333 -12494
9803 -3107 -12662
9804 -3131 -12634
9805 -3053 -12786
9806 -3173 -12562
9807 -3253 -12650
9808 -3183 -12874
9809 -3225 -12614
9810 -3331 -12802
9811 -3321 -12810
9812 -3369 -12834
9813 -3267 -12742
9814 -3197 -12770
9815 -3091 -12726
9816 -3015 -12362
9817 -2847 -12082
9818 -2973 -12294
9819 -2859 -12450
9820 -2865 -12458
9821 -2831 -12174
9822 -2989 -12614
9823 -2959 -12478
9824 -2943 -12334
9825 -2957 -12150
9826 -2975 -12290
9827 -3073 -12418
9828 -3005 -12430
9829 -3095 -12318
9830 -3143 -12386
9831 -3159 -12546
9832 -2963 -12590
9833 -3053 -12610
9834 -2855 -12622
9835 -2929 -12502
9836 -2905 -12562
9837 -2845 -12434
9838 -2671 -12258
9839 -2659 -12442
9840 -2703 -12530
9841 -2767 -12654
9842 -2769 -12534
9843 -2861 -12630
9844 -2883 -12714
9845 -2725 -12546
9846 -2607 -12134
9847 -2599 -12346
9848 -2685 -12530
9849 -2827 -12806
9850 -2645 -12646
9851 -2901 -12498
9852 -2753 -12474
9853 -2865 -12378
9854 -2889 -12514
9855 -2869 -12326
9856 -2903 -12334
9857 -2933 -12274
9858 -2981 -12458
9859 -2781 -12598
9860 -2887 -12510
9861 -2817 -12594
9862 -2945 -12502
9863 -2969 -12502
9864 -3089 -12714
9865 -3055 -12526
9866 -3097 -12694
9867 -3151 -12810
9868 -3239 -13062
9869 -3257 -13062
9870 -3117 -12842
9871 -3165 -12698
9872 -3053 -12806
9873 -3215 -12862
9874 -3199 -12918
9875 -3261 -12782
9876 -3211 -12862
9877 -3119 -12782
9878 -3071 -12802
9879 -3113 -12702
9880 -3043 -12566
9881 -3215 -12606
9882 -3143 -12666
9883 -3249 -12430
9884 -3231 -12766
9885 -3315 -12366
9886 -3353 -12294
9887 -3377 -12474
9888 -3391 -12570
9889 -3429 -12490
9890 -3285 -12410
9891 -3227 -12354
9892 -3269 -12418
9893 -3291 -12510
9894 -3173 -12514
9895 -3193 -12618
9896 -3061 -12182
9897 -3117 -12646
9898 -3181 -12630
9899 -3205 -12558
9900 -3235 -12602
9901 -3179 -12554
9902 -3237 -12946
9903 -3251 -12554
9904 -3395 -12562
9905 -3483 -12734
9906 -3385 -12894
9907 -3307 -12738
9908 -3485 -12922
9909 -3607 -13122
9910 -3751 -13058
9911 -3643 -12914
9912 -3583 -12974
9913 -3613 -13014
9914 -3563 -12994
9915 -3523 -12790
9916 -3607 -12730
9917 -3685 -12614
9918 -3753 -12874
9919 -3807 -13342
9920 -3725 -13010
9921 -3697 -13158
9922 -3863 -13050
9923 -3975 -13034
9924 -3925 -12854
9925 -3921 -12822
9926 -3875 -12682
9927 -3955 -12918
9928 -3847 -12918
9929 -3911 -13114
9930 -3883 -13126
9931 -3847 -13222
9932 -3837 -12914
9933 -3839 -13082
9934 -3957 -13098
9935 -3995 -12974
9936 -3865 -13070
9937 -3821 -12970
9938 -3501 -12774
9939 -3447 -12858
9940 -3421 -12850
9941 -3311 -13042
9942 -3393 -13058
9943 -3347 -13178
9944 -3469 -13010
9945 -3495 -13082
9946 -3473 -13238
9947 -3403 -13218
9948 -3277 -13242
9949 -3431 -13242
9950 -3547 -12942
9951 -3375 -13034
9952 -3341 -12990
9953 -3291 -12970
9954 -3259 -13002
9955 -3287 -12738
9956 -3349 -12978
9957 -3509 -12994
9958 -3447 -12710
9959 -3509 -12646
9960 -3411 -12682
9961 -3469 -12938
9962 -3607 -12690
9963 -3685 -12706
9964 -3715 -12690
9965 -3615 -12634
9966 -3655 -12638
9967 -3763 -12698
9968 -3733 -12658
9969 -3741 -12838
9970 -3635 -12910
9971 -3417 -12738
9972 -3253 -12810
9973 -3139 -12770
9974 -3113 -12974
9975 -3045 -12862
9976 -3053 -12654
9977 -3249 -12878
9978 -3285 -12822
9979 -3275 -12694
9980 -3321 -12682
9981 -3327 -12602
9982 -3201 -12414
9983 -3367 -12458
9984 -3467 -12626
9985 -3585 -12706
9986 -3679 -12814
9987 -3649 -12914
9988 -3349 -12502
9989 -3377 -12810
9990 -3441 -12958
9991 -3471 -12906
9992 -3557 -12630
9993 -3695 -12758
9994 -3651 -12794
9995 -3353 -12630
9996 -3313 -12658
9997 -3119 -12534
9998 -3263 -12538
9999 -3359 -12942
