0 -101 -6298
1 115 -8254
2 -145 -9222
3 -199 -9754
4 -163 -10254
5 -93 -10578
6 -201 -10994
7 -71 -11170
8 -103 -10906
9 31 -11122
10 71 -11246
11 53 -11158
12 23 -11526
13 -73 -11594
14 -137 -11710
15 -185 -11826
16 -95 -11886
17 -89 -11846
18 -165 -12102
19 -71 -12118
20 11 -12110
21 125 -11962
22 75 -11858
23 -143 -11990
24 -289 -11946
25 -455 -12042
26 -481 -12098
27 -501 -12102
28 -517 -12118
29 -297 -11934
30 -357 -12342
31 -361 -12182
32 -323 -12054
33 -239 -12094
34 -267 -12090
35 -77 -12174
36 37 -12190
37 79 -12190
38 133 -12266
39 215 -12146
40 285 -12302
41 319 -12334
42 295 -12514
43 303 -12602
44 327 -12618
45 397 -12758
46 435 -12618
47 241 -12634
48 421 -12610
49 401 -12598
50 285 -12574
51 505 -12910
52 517 -12910
53 417 -12822
54 479 -12818
55 413 -12942
56 179 -12954
57 123 -12898
58 35 -12690
59 125 -13014
60 93 -12990
61 171 -12558
62 379 -12666
63 311 -12394
64 321 -12498
65 233 -12574
66 203 -12666
67 147 -12878
68 75 -12790
69 41 -12798
70 7 -12818
71 153 -12506
72 233 -12646
73 381 -12798
74 241 -12994
75 193 -12890
76 323 -12842
77 327 -12670
78 267 -12746
79 197 -12650
80 163 -12682
81 223 -12634
82 223 -12866
83 177 -12862
84 157 -12786
85 -13 -12994
86 -13 -13126
87 181 -13266
88 169 -13262
89 153 -13050
90 33 -13058
91 25 -12818
92 41 -12814
93 21 -12742
94 15 -13026
95 59 -12870
96 23 -12498
97 -85 -12558
98 45 -12774
99 -55 -12614
100 -103 -12666
101 -115 -12938
102 -241 -12834
103 -397 -12846
104 -277 -12554
105 -323 -12646
106 -313 -12814
107 -389 -12666
108 -353 -12854
109 -405 -12646
110 -431 -12342
111 -471 -12578
112 -505 -12346
113 -569 -12478
114 -577 -12490
115 -403 -12646
116 -511 -12526
117 -501 -12338
118 -533 -12462
119 -481 -12554
120 -391 -12502
121 -473 -12230
122 -501 -12334
123 -535 -12154
124 -685 -12190
125 -575 -12110
126 -649 -12322
127 -679 -12194
128 -697 -12254
129 -575 -12202
130 -285 -12258
131 -159 -12518
132 -123 -12514
133 -177 -12766
134 -195 -13030
135 -173 -13122
136 -215 -13170
137 -219 -13074
138 -245 -13030
139 -183 -12870
140 -221 -12994
141 -155 -12862
142 -155 -12682
143 -99 -12522
144 -77 -12498
145 -291 -12542
146 -267 -12578
147 -565 -12370
148 -583 -12598
149 -557 -12714
150 -499 -12774
151 -449 -12582
152 -387 -12694
153 -379 -12582
154 -279 -12818
155 -253 -12834
156 -235 -12654
157 -349 -12710
158 -343 -12746
159 -277 -12414
160 -195 -12558
161 111 -12698
162 -23 -12802
163 65 -12638
164 261 -12710
165 231 -12774
166 367 -12550
167 435 -12414
168 509 -12394
169 543 -12594
170 693 -12522
171 587 -12678
172 605 -12582
173 647 -12738
174 605 -12510
175 519 -12466
176 393 -12650
177 259 -12658
178 163 -12782
179 35 -12798
180 65 -12786
181 -29 -12786
182 43 -12726
183 93 -12770
184 175 -12778
185 143 -12966
186 215 -12842
187 157 -12726
188 289 -12722
189 289 -12898
190 157 -12746
191 97 -12790
192 117 -12814
193 207 -12890
194 127 -12618
195 123 -12598
196 -49 -12450
197 -85 -12694
198 -39 -12878
199 -11 -12842
200 -233 -13046
201 -161 -12778
202 -131 -12882
203 -115 -13094
204 -75 -12538
205 -95 -12710
206 -81 -12686
207 -153 -12658
208 -171 -12646
209 -249 -12818
210 -203 -12830
211 -347 -12734
212 -339 -12838
213 -337 -12750
214 -305 -12682
215 -195 -12762
216 -171 -12674
217 -157 -12854
218 -37 -12746
219 -5 -12790
220 19 -13066
221 -65 -13182
222 -87 -13318
223 -125 -13210
224 25 -12942
225 -95 -13010
226 -233 -13118
227 -269 -13066
228 -401 -12982
229 -459 -13074
230 -465 -13034
231 -197 -13022
232 -277 -12902
233 -201 -12706
234 -159 -12658
235 -331 -12670
236 -311 -12790
237 -369 -12706
238 -431 -12754
239 -427 -12610
240 -313 -12574
241 -269 -12710
242 -525 -12742
243 -369 -12774
244 -263 -13022
245 -397 -13142
246 -439 -13250
247 -741 -13142
248 -667 -12906
249 -727 -12942
250 -775 -13086
251 -711 -12986
252 -681 -12822
253 -555 -12742
254 -463 -12866
255 -467 -12898
256 -305 -12678
257 -327 -12862
258 -241 -12798
259 -363 -12898
260 -403 -12638
261 -401 -12794
262 -535 -12646
263 -501 -12550
264 -367 -12698
265 -343 -12454
266 -65 -12546
267 -7 -12358
268 83 -12490
269 -27 -12406
270 45 -12482
271 -17 -12762
272 -269 -12754
273 -211 -12598
274 -211 -12730
275 -247 -12646
276 -139 -12622
277 -139 -12498
278 -169 -12722
279 -127 -12890
280 -79 -12890
281 -53 -12462
282 -195 -12538
283 -411 -12874
284 -365 -12830
285 -377 -12702
286 -547 -12582
287 -617 -12630
288 -587 -12382
289 -539 -12386
290 -623 -12454
291 -711 -12362
292 -757 -12314
293 -883 -12346
294 -837 -12642
295 -727 -12642
296 -669 -12498
297 -641 -12382
298 -661 -12586
299 -437 -12714
300 -501 -12618
301 -503 -12654
302 -543 -12538
303 -561 -12586
304 -613 -12586
305 -445 -12370
306 -479 -12270
307 -601 -12150
308 -383 -12266
309 -405 -12182
310 -469 -12390
311 -359 -12146
312 -333 -12346
313 -261 -12362
314 -81 -12330
315 -167 -12106
316 -153 -12274
317 -271 -12190
318 -361 -12138
319 -377 -12194
320 -375 -12090
321 -549 -12470
322 -707 -12462
323 -847 -12518
324 -921 -12122
325 -991 -12254
326 -779 -12622
327 -843 -12470
328 -793 -12606
329 -805 -12690
330 -911 -12434
331 -787 -12458
332 -713 -12786
333 -673 -12614
334 -729 -12478
335 -571 -12450
336 -763 -12494
337 -953 -12770
338 -911 -12638
339 -815 -12798
340 -865 -12490
341 -695 -12558
342 -683 -12542
343 -785 -12554
344 -693 -12414
345 -737 -12350
346 -761 -12358
347 -865 -12530
348 -945 -12778
349 -1089 -12922
350 -1077 -12690
351 -1081 -12894
352 -997 -12874
353 -913 -12570
354 -739 -12650
355 -823 -12830
356 -773 -12866
357 -649 -12842
358 -605 -13018
359 -633 -12578
360 -691 -12710
361 -723 -12718
362 -781 -12786
363 -683 -12922
364 -585 -12982
365 -577 -13038
366 -593 -12974
367 -539 -12862
368 -473 -12978
369 -523 -12874
370 -437 -12866
371 -551 -12990
372 -569 -12950
373 -455 -13078
374 -607 -13018
375 -541 -12994
376 -799 -13098
377 -825 -12882
378 -803 -12774
379 -817 -12638
380 -733 -12442
381 -881 -12630
382 -839 -12722
383 -727 -12694
384 -655 -12734
385 -785 -12790
386 -951 -12698
387 -973 -12546
388 -1117 -12590
389 -1155 -12510
390 -1123 -12362
391 -1387 -12550
392 -1191 -12422
393 -1207 -12470
394 -1127 -12674
395 -1031 -12550
396 -1171 -12522
397 -1245 -12526
398 -1103 -12734
399 -1071 -12754
400 -1169 -12494
401 -1153 -12562
402 -1193 -12786
403 -1005 -12802
404 -959 -12730
405 -927 -12558
406 -959 -12598
407 -739 -12926
408 -733 -12810
409 -605 -12838
410 -585 -12822
411 -569 -12698
412 -547 -12942
413 -575 -12886
414 -575 -13042
415 -581 -13082
416 -435 -13138
417 -547 -12826
418 -631 -12930
419 -621 -12726
420 -467 -12790
421 -445 -12670
422 -301 -12930
423 -189 -12850
424 -153 -12706
425 -233 -12750
426 -77 -12790
427 -131 -12722
428 -143 -12562
429 -195 -12994
430 -403 -13026
431 -453 -12998
432 -549 -12810
433 -583 -12782
434 -525 -12626
435 -429 -12674
436 -381 -12654
437 -311 -12534
438 -347 -12698
439 -403 -12470
440 -487 -12694
441 -483 -12726
442 -449 -12866
443 -331 -12674
444 -297 -12822
445 -403 -12774
446 -589 -12722
447 -603 -12718
448 -721 -12558
449 -627 -12558
450 -715 -12658
451 -851 -12782
452 -789 -12834
453 -877 -13110
454 -1021 -13010
455 -957 -12966
456 -945 -13198
457 -887 -13202
458 -745 -13110
459 -729 -13126
460 -719 -13386
461 -803 -13070
462 -745 -13134
463 -557 -13166
464 -595 -13486
465 -481 -13506
466 -567 -13386
467 -323 -13258
468 -283 -13274
469 -261 -13362
470 -213 -13026
471 -279 -12698
472 -137 -12590
473 -141 -12786
474 -91 -12754
475 -159 -12826
476 -141 -13018
477 -301 -12966
478 -349 -12982
479 -499 -12854
480 -367 -12698
481 -313 -12598
482 -321 -12602
483 -407 -12714
484 -487 -12618
485 -457 -12554
486 -603 -12858
487 -753 -12782
488 -783 -12758
489 -807 -12662
490 -867 -12882
491 -919 -12766
492 -1007 -12670
493 -943 -12934
494 -929 -12934
495 -919 -13050
496 -989 -12954
497 -1005 -12898
498 -861 -13150
499 -829 -13306
500 -979 -13134
501 -1199 -13298
502 -1297 -13250
503 -1385 -13006
504 -1271 -12786
505 -1287 -12962
506 -1119 -12886
507 -967 -12658
508 -1021 -12702
509 -1143 -12822
510 -1159 -12694
511 -1217 -12810
512 -1183 -13030
513 -1179 -12926
514 -1261 -12642
515 -1247 -12730
516 -1303 -12710
517 -1341 -12838
518 -1421 -12726
519 -1515 -12886
520 -1557 -13086
521 -1673 -12998
522 -1663 -13046
523 -1519 -12742
524 -1581 -12722
525 -1675 -12626
526 -1649 -12806
527 -1709 -12794
528 -1869 -12722
529 -1751 -12986
530 -1601 -12874
531 -1485 -12754
532 -1281 -12598
533 -1359 -12978
534 -1423 -12774
535 -1457 -12706
536 -1439 -12742
537 -1451 -12562
538 -1671 -12746
539 -1705 -12646
540 -1625 -12790
541 -1583 -12710
542 -1503 -12742
543 -1441 -12850
544 -1305 -12938
545 -1203 -12830
546 -1155 -12646
547 -1177 -12882
548 -1181 -12634
549 -1119 -12658
550 -1093 -12498
551 -1057 -12634
552 -1099 -12830
553 -1057 -13038
554 -1059 -12802
555 -1067 -12766
556 -831 -12690
557 -821 -12578
558 -769 -12858
559 -725 -12990
560 -957 -12906
561 -1041 -12642
562 -1073 -12954
563 -1095 -12618
564 -1173 -12570
565 -1199 -12746
566 -1221 -12986
567 -1249 -12698
568 -985 -12426
569 -895 -12542
570 -831 -12670
571 -827 -12742
572 -987 -12614
573 -1127 -13030
574 -1165 -13002
575 -1111 -12986
576 -1019 -12646
577 -1035 -12926
578 -997 -12910
579 -1067 -12622
580 -1083 -12878
581 -1121 -13118
582 -1185 -13094
583 -1231 -12834
584 -1089 -13074
585 -1221 -13102
586 -1173 -13282
587 -1177 -13190
588 -1117 -13182
589 -1065 -12942
590 -1037 -12926
591 -1137 -13106
592 -1127 -12958
593 -1001 -13030
594 -1063 -12966
595 -1247 -13018
596 -1265 -13034
597 -1281 -12838
598 -1491 -12950
599 -1421 -12962
600 -1217 -12830
601 -1243 -12754
602 -1209 -12786
603 -1101 -12722
604 -1069 -12618
605 -939 -12854
606 -1049 -12874
607 -1071 -12958
608 -1065 -12918
609 -1163 -12874
610 -1233 -13082
611 -1115 -13022
612 -965 -12858
613 -913 -12754
614 -779 -12962
615 -983 -13282
616 -1073 -13154
617 -1101 -12926
618 -1043 -12810
619 -957 -12742
620 -991 -12994
621 -1243 -13094
622 -1069 -13098
623 -809 -13186
624 -813 -12878
625 -915 -12906
626 -877 -12910
627 -891 -12958
628 -1023 -12882
629 -817 -12890
630 -749 -12710
631 -629 -12814
632 -649 -12394
633 -585 -12630
634 -631 -12866
635 -693 -12986
636 -697 -12898
637 -569 -13002
638 -719 -12938
639 -711 -12886
640 -555 -13006
641 -427 -12846
642 -609 -12990
643 -533 -13022
644 -365 -12802
645 -469 -12962
646 -455 -13182
647 -467 -12966
648 -635 -13042
649 -621 -12854
650 -401 -12958
651 -419 -13170
652 -341 -12970
653 -347 -12846
654 -301 -13054
655 -429 -12970
656 -405 -12954
657 -323 -12694
658 -285 -12902
659 -211 -12838
660 -171 -12706
661 -179 -12730
662 -185 -12842
663 -193 -13026
664 -203 -12594
665 -317 -12634
666 -329 -12866
667 -385 -12830
668 -305 -12694
669 -211 -12514
670 -189 -12470
671 -277 -12438
672 -165 -12206
673 -97 -12430
674 -51 -12718
675 -101 -12666
676 -77 -12654
677 23 -12790
678 161 -12722
679 269 -12654
680 95 -12762
681 65 -12802
682 55 -13142
683 199 -12994
684 293 -12798
685 47 -12534
686 -79 -12822
687 -207 -12630
688 -239 -12738
689 -119 -12414
690 -121 -12634
691 -81 -12714
692 -67 -13046
693 -119 -13170
694 -135 -12662
695 -169 -12882
696 13 -12738
697 121 -12962
698 241 -12938
699 149 -13066
700 149 -12874
701 239 -12882
702 1 -13022
703 -201 -12994
704 -301 -13106
705 -117 -13050
706 -43 -12866
707 -229 -12994
708 -301 -13062
709 -265 -13010
710 -393 -12786
711 -487 -12862
712 -665 -12858
713 -627 -12798
714 -511 -12718
715 -549 -12770
716 -623 -12742
717 -649 -12710
718 -815 -13074
719 -645 -12822
720 -451 -12830
721 -477 -12862
722 -323 -12722
723 -243 -12482
724 -309 -12590
725 -385 -12418
726 -519 -12550
727 -373 -12630
728 -315 -12614
729 -167 -12602
730 -223 -12694
731 -15 -12782
732 -135 -12966
733 -255 -13034
734 -303 -13134
735 -239 -13158
736 -161 -13086
737 -151 -13238
738 -257 -13082
739 -251 -12942
740 -271 -12990
741 -351 -12882
742 -323 -12526
743 -457 -12570
744 -339 -12674
745 -289 -12838
746 -413 -12658
747 -429 -12714
748 -527 -12858
749 -625 -12906
750 -629 -12842
751 -613 -12886
752 -541 -12662
753 -439 -12798
754 -463 -12806
755 -459 -12770
756 -477 -12874
757 -511 -12766
758 -713 -12790
759 -683 -12706
760 -711 -12926
761 -803 -12834
762 -747 -12702
763 -743 -12642
764 -797 -12446
765 -541 -12614
766 -369 -12726
767 -365 -12622
768 -517 -12814
769 -555 -12794
770 -619 -12850
771 -675 -12714
772 -683 -12574
773 -649 -12258
774 -759 -12498
775 -685 -12306
776 -697 -12366
777 -651 -12410
778 -659 -12270
779 -689 -12618
780 -687 -12658
781 -589 -12414
782 -715 -12658
783 -811 -12598
784 -771 -12678
785 -705 -12718
786 -657 -12594
787 -649 -12522
788 -569 -12566
789 -693 -12398
790 -549 -12154
791 -431 -12450
792 -509 -12322
793 -465 -12374
794 -479 -12502
795 -381 -12418
796 -375 -12454
797 -365 -12726
798 -299 -12678
799 -243 -12602
800 -47 -12578
801 -155 -12486
802 -177 -12498
803 -175 -12594
804 -65 -12926
805 161 -12682
806 283 -12726
807 479 -13146
808 477 -13058
809 565 -13046
810 605 -12930
811 561 -12574
812 523 -12762
813 537 -12662
814 451 -12666
815 459 -12830
816 423 -12962
817 361 -12778
818 331 -12890
819 339 -13018
820 299 -12894
821 389 -13002
822 409 -13038
823 289 -13086
824 191 -13130
825 275 -12954
826 105 -13106
827 41 -12966
828 41 -12806
829 159 -13058
830 23 -12814
831 27 -13110
832 -169 -12758
833 -27 -12674
834 -147 -12754
835 -161 -12862
836 -169 -12638
837 -271 -12510
838 -323 -12530
839 -393 -12870
840 -237 -12662
841 -173 -12822
842 -67 -12830
843 -249 -12534
844 -273 -12698
845 -249 -12670
846 -341 -12654
847 -355 -12590
848 -247 -12506
849 -191 -12454
850 -183 -12574
851 -161 -12726
852 -165 -12658
853 -369 -12790
854 -527 -12974
855 -459 -12746
856 -391 -12658
857 -253 -12810
858 -225 -12542
859 -85 -12866
860 -237 -12930
861 -161 -12726
862 -81 -12658
863 -77 -13098
864 13 -12894
865 -101 -12894
866 -43 -12798
867 113 -12710
868 59 -12850
869 119 -12914
870 97 -13138
871 81 -13318
872 45 -12898
873 79 -12662
874 -105 -12574
875 -71 -12586
876 -63 -12602
877 105 -12810
878 311 -12690
879 359 -12622
880 393 -12658
881 383 -12726
882 237 -12710
883 361 -12614
884 405 -12550
885 565 -12614
886 471 -12522
887 521 -12646
888 331 -12578
889 323 -12438
890 281 -12482
891 347 -12682
892 271 -12690
893 181 -12690
894 183 -12642
895 187 -12686
896 209 -12578
897 369 -12766
898 253 -12898
899 259 -13006
900 155 -12866
901 297 -12778
902 437 -12906
903 267 -12618
904 327 -12946
905 511 -12862
906 499 -12902
907 465 -12814
908 379 -12734
909 255 -12506
910 215 -12550
911 171 -12738
912 203 -12966
913 339 -12810
914 269 -12974
915 141 -13026
916 209 -12890
917 329 -12850
918 355 -12902
919 477 -12830
920 459 -12762
921 635 -12634
922 743 -12530
923 671 -12502
924 523 -12442
925 587 -12722
926 555 -12882
927 659 -12806
928 519 -12594
929 529 -12550
930 617 -12798
931 461 -12610
932 481 -12566
933 611 -12990
934 801 -12942
935 567 -12762
936 693 -12958
937 803 -12642
938 695 -12814
939 609 -12642
940 541 -12710
941 411 -12846
942 333 -12814
943 587 -12782
944 535 -12758
945 453 -12526
946 369 -12594
947 397 -12570
948 399 -12394
949 541 -12518
950 793 -12714
951 755 -12670
952 759 -12758
953 811 -12650
954 705 -12258
955 803 -12442
956 837 -12582
957 841 -12558
958 855 -12270
959 927 -12318
960 869 -12362
961 787 -12530
962 905 -12590
963 969 -12682
964 961 -12894
965 1165 -12994
966 981 -12862
967 1063 -12914
968 1163 -12478
969 1195 -12730
970 1141 -12622
971 1139 -12682
972 893 -12846
973 845 -12702
974 823 -12958
975 1009 -12782
976 1023 -12542
977 963 -12538
978 1165 -12598
979 1283 -12670
980 1453 -12826
981 1429 -12950
982 1387 -12966
983 1459 -12826
984 1253 -12906
985 1305 -12882
986 1365 -13006
987 1277 -12886
988 1101 -12790
989 959 -12806
990 1087 -12874
991 1089 -12994
992 1181 -12586
993 1061 -12530
994 1031 -12646
995 959 -12590
996 1199 -12762
997 1039 -12578
998 791 -12530
999 647 -12546
1000 737 -12830
1001 813 -12742
1002 837 -12858
1003 945 -13146
1004 1081 -13046
1005 1227 -13278
1006 1161 -13214
1007 1077 -12938
1008 1059 -12886
1009 1095 -12798
1010 1203 -12430
1011 1179 -12446
1012 1187 -12546
1013 1237 -12662
1014 1087 -12594
1015 875 -12314
1016 1009 -12562
1017 955 -12402
1018 1011 -12730
1019 999 -12682
1020 1013 -12762
1021 1085 -12606
1022 909 -12470
1023 851 -12430
1024 903 -12094
1025 871 -12266
1026 943 -12438
1027 957 -12418
1028 997 -12262
1029 1075 -12126
1030 1033 -12330
1031 1083 -12574
1032 1017 -12158
1033 961 -12558
1034 993 -12726
1035 807 -12586
1036 667 -12398
1037 817 -12510
1038 675 -12850
1039 679 -12930
1040 623 -12862
1041 505 -12366
1042 403 -12334
1043 479 -12386
1044 489 -12486
1045 571 -12718
1046 675 -12282
1047 671 -12302
1048 477 -12434
1049 549 -12586
1050 657 -12658
1051 689 -12406
1052 753 -12666
1053 585 -12618
1054 585 -12682
1055 801 -12870
1056 873 -12810
1057 1059 -12754
1058 1063 -12518
1059 1047 -12426
1060 1091 -12698
1061 1027 -12474
1062 1001 -12566
1063 1003 -12522
1064 1017 -12546
1065 931 -12746
1066 879 -12562
1067 915 -12642
1068 781 -12762
1069 915 -12850
1070 847 -12566
1071 1021 -12730
1072 963 -12474
1073 995 -12798
1074 1011 -12662
1075 1037 -12678
1076 1079 -12782
1077 1081 -12790
1078 1067 -13034
1079 1099 -13238
1080 1147 -12810
1081 1231 -13022
1082 1313 -13074
1083 1365 -13250
1084 1159 -13006
1085 1071 -12810
1086 897 -12830
1087 901 -12738
1088 907 -12866
1089 1075 -12894
1090 1239 -13082
1091 973 -13078
1092 1115 -13326
1093 1213 -13234
1094 1241 -13218
1095 1225 -13278
1096 1295 -13170
1097 1339 -13394
1098 1069 -12846
1099 1047 -12934
1100 1045 -12754
1101 1027 -12914
1102 947 -12990
1103 823 -12986
1104 763 -12722
1105 929 -12826
1106 821 -12878
1107 773 -12942
1108 959 -12850
1109 683 -12674
1110 643 -12486
1111 581 -12730
1112 637 -12386
1113 775 -12566
1114 889 -12750
1115 899 -12850
1116 1015 -12878
1117 1425 -12842
1118 1405 -12922
1119 1235 -13042
1120 1241 -12774
1121 1375 -12870
1122 1571 -12850
1123 1553 -12714
1124 1565 -12826
1125 1589 -13022
1126 1385 -12762
1127 1503 -12570
1128 1621 -12530
1129 1539 -12614
1130 1451 -12474
1131 1437 -12562
1132 1387 -12626
1133 1383 -12658
1134 1493 -12994
1135 1391 -12986
1136 1515 -12922
1137 1469 -12946
1138 1691 -12686
1139 1717 -13058
1140 1603 -12954
1141 1745 -12774
1142 1761 -12742
1143 1727 -12978
1144 1629 -12850
1145 1529 -12886
1146 1429 -12942
1147 1443 -12982
1148 1437 -13202
1149 1517 -12786
1150 1511 -12666
1151 1535 -12554
1152 1755 -12546
1153 1763 -12370
1154 1663 -12594
1155 1531 -12746
1156 1545 -12774
1157 1337 -12774
1158 1311 -12734
1159 1153 -12618
1160 1429 -12794
1161 1573 -12914
1162 1555 -12586
1163 1485 -12718
1164 1555 -12674
1165 1421 -12802
1166 1403 -12834
1167 1327 -12686
1168 1237 -12690
1169 1297 -12758
1170 1525 -13086
1171 1491 -13474
1172 1495 -13262
1173 1285 -13306
1174 1353 -13062
1175 1249 -13230
1176 1185 -12926
1177 1303 -13046
1178 1357 -12854
1179 1191 -12954
1180 1127 -13322
1181 1303 -13286
1182 1387 -13146
1183 1319 -13190
1184 1541 -13042
1185 1417 -13082
1186 1607 -13430
1187 1581 -13346
1188 1629 -13298
1189 1685 -13250
1190 1783 -13266
1191 1731 -13346
1192 1801 -13350
1193 1891 -13042
1194 1747 -13230
1195 1651 -13226
1196 1777 -13158
1197 1807 -13138
1198 1801 -13218
1199 1975 -13486
1200 1921 -13362
1201 1889 -13550
1202 1833 -13310
1203 1905 -13162
1204 1925 -13274
1205 1859 -13090
1206 1987 -13050
1207 2011 -13002
1208 2031 -13206
1209 1885 -12914
1210 1851 -13138
1211 1885 -13218
1212 1947 -13162
1213 1911 -12882
1214 1989 -13002
1215 1829 -13110
1216 1925 -13294
1217 2033 -13258
1218 1949 -13358
1219 1987 -13162
1220 1701 -13146
1221 1803 -13034
1222 1809 -12990
1223 1687 -12950
1224 1741 -13146
1225 1925 -13254
1226 1981 -13050
1227 1991 -12786
1228 1923 -12878
1229 1815 -13090
1230 1885 -13058
1231 1883 -13174
1232 1815 -13062
1233 1719 -13074
1234 1811 -13026
1235 1895 -13390
1236 1891 -13050
1237 2005 -13106
1238 2047 -12942
1239 2277 -12902
1240 2287 -12666
1241 2461 -12814
1242 2435 -12898
1243 2383 -12842
1244 2473 -12818
1245 2319 -12710
1246 2295 -12654
1247 2185 -12726
1248 2135 -12570
1249 2059 -12666
1250 2123 -12698
1251 2121 -12638
1252 2133 -12542
1253 2065 -12742
1254 2199 -12886
1255 2367 -12954
1256 2501 -12866
1257 2499 -12938
1258 2525 -12846
1259 2741 -13054
1260 2627 -12678
1261 2797 -12822
1262 2721 -12638
1263 2741 -13022
1264 2775 -13090
1265 2729 -12766
1266 2769 -12766
1267 2887 -13090
1268 2997 -12982
1269 3159 -12930
1270 3053 -13222
1271 3109 -13438
1272 3077 -13146
1273 3225 -13038
1274 3435 -13142
1275 3507 -13106
1276 3393 -13094
1277 3461 -13234
1278 3429 -13038
1279 3201 -13138
1280 3117 -13062
1281 3133 -12766
1282 3191 -13030
1283 3237 -12966
1284 3245 -12926
1285 3197 -13050
1286 3295 -12934
1287 3217 -12942
1288 3177 -12994
1289 3217 -12942
1290 3327 -13010
1291 3447 -12886
1292 3271 -12910
1293 3347 -12846
1294 3351 -12854
1295 3405 -13026
1296 3461 -12954
1297 3355 -12874
1298 3301 -12818
1299 3345 -12874
1300 3347 -12922
1301 3243 -12850
1302 3335 -12942
1303 3363 -12914
1304 3379 -12834
1305 3339 -12838
1306 3291 -12706
1307 3323 -12954
1308 3199 -13150
1309 3213 -13314
1310 3179 -13002
1311 3115 -13154
1312 3145 -12846
1313 3049 -13014
1314 2989 -13246
1315 3003 -13214
1316 3051 -13498
1317 2977 -13258
1318 3163 -13330
1319 3345 -13486
1320 3319 -13406
1321 3375 -13562
1322 3503 -13658
1323 3531 -13462
1324 3445 -13454
1325 3521 -13478
1326 3505 -13370
1327 3601 -13366
1328 3629 -13550
1329 3495 -13090
1330 3537 -13402
1331 3421 -13266
1332 3541 -13234
1333 3621 -13490
1334 3677 -13514
1335 3739 -13506
1336 3839 -13846
1337 3927 -13958
1338 3827 -13782
1339 3827 -13678
1340 3679 -13398
1341 3679 -13510
1342 3679 -13186
1343 3693 -13122
1344 3777 -13086
1345 3683 -13130
1346 3587 -12742
1347 3593 -12910
1348 3513 -12790
1349 3627 -12974
1350 3529 -12810
1351 3517 -12798
1352 3583 -12914
1353 3879 -13182
1354 3821 -12930
1355 3873 -12842
1356 3991 -12898
1357 3925 -12978
1358 3911 -13070
1359 3829 -12798
1360 3747 -12906
1361 3651 -12554
1362 3851 -12742
1363 3787 -12790
1364 3939 -12622
1365 3929 -12810
1366 3959 -12794
1367 4049 -13022
1368 3915 -13170
1369 4103 -13390
1370 4129 -13350
1371 4161 -13438
1372 4293 -13718
1373 4431 -13630
1374 4399 -13526
1375 4413 -13302
1376 4499 -13486
1377 4355 -13298
1378 4359 -13438
1379 4283 -13218
1380 4143 -13046
1381 4131 -13002
1382 4007 -13034
1383 4047 -12958
1384 4093 -13098
1385 4103 -13054
1386 4143 -13086
1387 4187 -13502
1388 4293 -13498
1389 4307 -13262
1390 4313 -12918
1391 4321 -13014
1392 4305 -13222
1393 4201 -13110
1394 4105 -13082
1395 4095 -13154
1396 3959 -13186
1397 4009 -13090
1398 4021 -13218
1399 4197 -13422
1400 4075 -13534
1401 3903 -13174
1402 3769 -12894
1403 3629 -12866
1404 3639 -12822
1405 3491 -12738
1406 3559 -12906
1407 3581 -12954
1408 3691 -13166
1409 3609 -13298
1410 3571 -13386
1411 3455 -13514
1412 3351 -13422
1413 3509 -13322
1414 3489 -13146
1415 3385 -13246
1416 3323 -13138
1417 3293 -13214
1418 3239 -13078
1419 3269 -13066
1420 3275 -13154
1421 3325 -13166
1422 3341 -12870
1423 3329 -12854
1424 3353 -12662
1425 3507 -12666
1426 3729 -12738
1427 3683 -12830
1428 3597 -12638
1429 3631 -12690
1430 3619 -12570
1431 3479 -12446
1432 3577 -12586
1433 3689 -12698
1434 3519 -12678
1435 3607 -12470
1436 3861 -12642
1437 4061 -12734
1438 4191 -12758
1439 4259 -12774
1440 4161 -12554
1441 4083 -12522
1442 4207 -12758
1443 4261 -12654
1444 4513 -13226
1445 4379 -13230
1446 4301 -13126
1447 4323 -13198
1448 4333 -12898
1449 4243 -13058
1450 4323 -12810
1451 4331 -13106
1452 4123 -12946
1453 4161 -13110
1454 4305 -13294
1455 4303 -13270
1456 4311 -13246
1457 4273 -13266
1458 4187 -13158
1459 4161 -13206
1460 4045 -13002
1461 4161 -13002
1462 4337 -12982
1463 4357 -13078
1464 4443 -12954
1465 4661 -12966
1466 4625 -12994
1467 4757 -13350
1468 4797 -13422
1469 4817 -13630
1470 4719 -13350
1471 4583 -13202
1472 4453 -13322
1473 4343 -13238
1474 4269 -13270
1475 4333 -13258
1476 4071 -13170
1477 4025 -13086
1478 4121 -13098
1479 4159 -13166
1480 4301 -13318
1481 4445 -13550
1482 4461 -13282
1483 4487 -13306
1484 4527 -13306
1485 4361 -13130
1486 4357 -13214
1487 4161 -13042
1488 4243 -13070
1489 4345 -13094
1490 4465 -13026
1491 4415 -12950
1492 4617 -13342
1493 4531 -13142
1494 4689 -13146
1495 4779 -13246
1496 4731 -13510
1497 4693 -13138
1498 4779 -13250
1499 4785 -13198
1500 4777 -13350
1501 4803 -13362
1502 4845 -13378
1503 4829 -13006
1504 4787 -13014
1505 4833 -13118
1506 4915 -13230
1507 4911 -13366
1508 4871 -13478
1509 4893 -13450
1510 4665 -13354
1511 4519 -13266
1512 4459 -13446
1513 4217 -13410
1514 4279 -13414
1515 4055 -13242
1516 4173 -13082
1517 4275 -13266
1518 4223 -13070
1519 4271 -13158
1520 4333 -13550
1521 4435 -13474
1522 4501 -13598
1523 4605 -13550
1524 4673 -13514
1525 4735 -13398
1526 4673 -13302
1527 4699 -13194
1528 4831 -13158
1529 4941 -13370
1530 4931 -13206
1531 4871 -13386
1532 4801 -13390
1533 4929 -13418
1534 4975 -13466
1535 4715 -13170
1536 4661 -13098
1537 4697 -12946
1538 4585 -12786
1539 4687 -13022
1540 4875 -12894
1541 4863 -12850
1542 4885 -13086
1543 5095 -13178
1544 5143 -13098
1545 5195 -13222
1546 5251 -13454
1547 5241 -13150
1548 5259 -13310
1549 5193 -13358
1550 5105 -13410
1551 5019 -13482
1552 5079 -13542
1553 5041 -13542
1554 5183 -13854
1555 5207 -13650
1556 5129 -13522
1557 4951 -13310
1558 4955 -13402
1559 4897 -13490
1560 4953 -13446
1561 5063 -13734
1562 5093 -13510
1563 5049 -13394
1564 5057 -13694
1565 5185 -13570
1566 5165 -13610
1567 5207 -13510
1568 5363 -13570
1569 5603 -13610
1570 5499 -13538
1571 5455 -13306
1572 5535 -13422
1573 5409 -13150
1574 5373 -13290
1575 5343 -13590
1576 5325 -13374
1577 5137 -13302
1578 5209 -13170
1579 5289 -13398
1580 5397 -13486
1581 5409 -13534
1582 5349 -13674
1583 5263 -13462
1584 5209 -13330
1585 5115 -13246
1586 5203 -13422
1587 5147 -13302
1588 5077 -13306
1589 5067 -13366
1590 5105 -13546
1591 4999 -13594
1592 4919 -13574
1593 4763 -13290
1594 4723 -13074
1595 4735 -13190
1596 4609 -12938
1597 4579 -13106
1598 4681 -13126
1599 4713 -13426
1600 4677 -13298
1601 4797 -13230
1602 4783 -13162
1603 4607 -13254
1604 4529 -12910
1605 4575 -13226
1606 4593 -12698
1607 4529 -12870
1608 4443 -12874
1609 4569 -13046
1610 4619 -13178
1611 4563 -12846
1612 4601 -13014
1613 4609 -12994
1614 4677 -13122
1615 4903 -13290
1616 4963 -13410
1617 5039 -13534
1618 4997 -13502
1619 4967 -13306
1620 4915 -13014
1621 4873 -13122
1622 4959 -13090
1623 4937 -13038
1624 4969 -13382
1625 4989 -13390
1626 5089 -13474
1627 5093 -13534
1628 4983 -13662
1629 4991 -13390
1630 5005 -13598
1631 5003 -13626
1632 4915 -13570
1633 4929 -13490
1634 4949 -13418
1635 5067 -13738
1636 5047 -13618
1637 5065 -13538
1638 5029 -13522
1639 5007 -13746
1640 5087 -14046
1641 5093 -13910
1642 4907 -13722
1643 4851 -13598
1644 4873 -13694
1645 4815 -13546
1646 4911 -13646
1647 4927 -13694
1648 4949 -13594
1649 4981 -13642
1650 5037 -13926
1651 4857 -13738
1652 4831 -13578
1653 4729 -13598
1654 4781 -13538
1655 4649 -13306
1656 4635 -13334
1657 4689 -13394
1658 4579 -13450
1659 4569 -13462
1660 4593 -13570
1661 4631 -13682
1662 4553 -13514
1663 4555 -13394
1664 4507 -13270
1665 4385 -13454
1666 4367 -13406
1667 4225 -13586
1668 4281 -13502
1669 4431 -13418
1670 4427 -13322
1671 4301 -12878
1672 4321 -13246
1673 4375 -13362
1674 4365 -13186
1675 4261 -13186
1676 4235 -13250
1677 4167 -13018
1678 4165 -12818
1679 4089 -12666
1680 4017 -12898
1681 4153 -12902
1682 3987 -12998
1683 4073 -12802
1684 4053 -12818
1685 4079 -12930
1686 4109 -13078
1687 4021 -13354
1688 4095 -13542
1689 4157 -13406
1690 4169 -13342
1691 4121 -13386
1692 4025 -13350
1693 3975 -13274
1694 3931 -13358
1695 3799 -13294
1696 3749 -13298
1697 3695 -13438
1698 3511 -13314
1699 3551 -13262
1700 3399 -12982
1701 3375 -13138
1702 3451 -13282
1703 3439 -13126
1704 3523 -13194
1705 3465 -13194
1706 3511 -13238
1707 3437 -13346
1708 3337 -13366
1709 3451 -13366
1710 3583 -13306
1711 3573 -13498
1712 3623 -13566
1713 3405 -13254
1714 3601 -13378
1715 3643 -13074
1716 3589 -13026
1717 3613 -13026
1718 3793 -13110
1719 3733 -12954
1720 3675 -13098
1721 3591 -13050
1722 3701 -13194
1723 3527 -13198
1724 3523 -13330
1725 3455 -13410
1726 3267 -13018
1727 3327 -13118
1728 3215 -13190
1729 3287 -13230
1730 3141 -13146
1731 3085 -13094
1732 2985 -13334
1733 3063 -13330
1734 2979 -13410
1735 3059 -13462
1736 2987 -13390
1737 2849 -13334
1738 2891 -13354
1739 2899 -13254
1740 2759 -13190
1741 2805 -13154
1742 2699 -13062
1743 2669 -13018
1744 2765 -13190
1745 2711 -13202
1746 2787 -13362
1747 2647 -13038
1748 2581 -13070
1749 2627 -12986
1750 2691 -12882
1751 2651 -12818
1752 2717 -12902
1753 2607 -12718
1754 2663 -12594
1755 2961 -12902
1756 2973 -12886
1757 2985 -13006
1758 3121 -13178
1759 3183 -13014
1760 3375 -12970
1761 3331 -13118
1762 3369 -13006
1763 3335 -13242
1764 3389 -13194
1765 3307 -13334
1766 3413 -13250
1767 3263 -13150
1768 3205 -12962
1769 3177 -13258
1770 3099 -12970
1771 3207 -12838
1772 2967 -12910
1773 2917 -13062
1774 2971 -13142
1775 2983 -12994
1776 2741 -13250
1777 2769 -13034
1778 2791 -12806
1779 2791 -12634
1780 2825 -12894
1781 2867 -12846
1782 2967 -13106
1783 2839 -13210
1784 2919 -13362
1785 2965 -13370
1786 2961 -13398
1787 3013 -13250
1788 3079 -13314
1789 2959 -13234
1790 2913 -13390
1791 2829 -13346
1792 2875 -13242
1793 2793 -12950
1794 2853 -12742
1795 2865 -13066
1796 2755 -13174
1797 2639 -13134
1798 2721 -13250
1799 2665 -13162
1800 2843 -13354
1801 2697 -13242
1802 2739 -13122
1803 2741 -13150
1804 2465 -13010
1805 2383 -13114
1806 2409 -13130
1807 2359 -13126
1808 2391 -13086
1809 2287 -12946
1810 2159 -12714
1811 2307 -12942
1812 2171 -12778
1813 2113 -12898
1814 2071 -12970
1815 2043 -12730
1816 1963 -12642
1817 2023 -12670
1818 2045 -13062
1819 2203 -12950
1820 2113 -12930
1821 2089 -13050
1822 2439 -12990
1823 2471 -13310
1824 2349 -13250
1825 2309 -13050
1826 2197 -13010
1827 2309 -13018
1828 2343 -13086
1829 2305 -12998
1830 2303 -13010
1831 2259 -13070
1832 2359 -12846
1833 2337 -12782
1834 2333 -12978
1835 2403 -13050
1836 2429 -12878
1837 2433 -12638
1838 2367 -12698
1839 2385 -12778
1840 2335 -12862
1841 2151 -12726
1842 2087 -12794
1843 2065 -12822
1844 2293 -12774
1845 2349 -13058
1846 2375 -12882
1847 2267 -12770
1848 2379 -12790
1849 2453 -12958
1850 2423 -12974
1851 2589 -12990
1852 2413 -12662
1853 2421 -12870
1854 2477 -12826
1855 2521 -12778
1856 2619 -12770
1857 2801 -12994
1858 2769 -12862
1859 2755 -12594
1860 2697 -12382
1861 2661 -12590
1862 2711 -12474
1863 2737 -12826
1864 2825 -12846
1865 2685 -13030
1866 2653 -13098
1867 2511 -13106
1868 2647 -12946
1869 2399 -12610
1870 2369 -12938
1871 2497 -13062
1872 2575 -13342
1873 2521 -13158
1874 2669 -13034
1875 2423 -12930
1876 2443 -12846
1877 2395 -13026
1878 2439 -12914
1879 2573 -12918
1880 2635 -12862
1881 2677 -12990
1882 2751 -12962
1883 2935 -13166
1884 2941 -13282
1885 2867 -13354
1886 2909 -13254
1887 2745 -13242
1888 2817 -13186
1889 2613 -13174
1890 2671 -13110
1891 2615 -13346
1892 2647 -13238
1893 2635 -13234
1894 2715 -13366
1895 2851 -13166
1896 2815 -13478
1897 2885 -13194
1898 2855 -12958
1899 2725 -12814
1900 2759 -12902
1901 2723 -13222
1902 2695 -13382
1903 2523 -13350
1904 2407 -12974
1905 2305 -12882
1906 2379 -12946
1907 2395 -12794
1908 2247 -12590
1909 2209 -12850
1910 2251 -12838
1911 2149 -12594
1912 2081 -12918
1913 2163 -12694
1914 1945 -12710
1915 2007 -12818
1916 1831 -12698
1917 1929 -12590
1918 2039 -12642
1919 2081 -12710
1920 2071 -12542
1921 1995 -12458
1922 2041 -12374
1923 1863 -12550
1924 1937 -12606
1925 1955 -12590
1926 1957 -12786
1927 1919 -12786
1928 1915 -12790
1929 1881 -12614
1930 1995 -12702
1931 2025 -12798
1932 2089 -12742
1933 2029 -12834
1934 2033 -12554
1935 2071 -12826
1936 2127 -12918
1937 2227 -12874
1938 2185 -13058
1939 2135 -12714
1940 2261 -12734
1941 2313 -12802
1942 2315 -12598
1943 2391 -12742
1944 2465 -12654
1945 2283 -12806
1946 2339 -12954
1947 2257 -12954
1948 2279 -12982
1949 2509 -12970
1950 2523 -12702
1951 2463 -12822
1952 2483 -12986
1953 2497 -13178
1954 2509 -12918
1955 2367 -12762
1956 2459 -13070
1957 2573 -12734
1958 2683 -12870
1959 2727 -13014
1960 2613 -13058
1961 2705 -12978
1962 2801 -12874
1963 3041 -12990
1964 3143 -12890
1965 3177 -12786
1966 2885 -12790
1967 2927 -13054
1968 2739 -12834
1969 2687 -12762
1970 2747 -13026
1971 2693 -12926
1972 2733 -12706
1973 2757 -12654
1974 2845 -12694
1975 2873 -12538
1976 2731 -12582
1977 2923 -12482
1978 2913 -12622
1979 2831 -12938
1980 2757 -13018
1981 2729 -12642
1982 2817 -12770
1983 2821 -13130
1984 2933 -13170
1985 2915 -12954
1986 2913 -12862
1987 3013 -12874
1988 3073 -12894
1989 2865 -12834
1990 2693 -12814
1991 2827 -12886
1992 2869 -13022
1993 3041 -13042
1994 3079 -12922
1995 3241 -12842
1996 3389 -12830
1997 3365 -12910
1998 3413 -12870
1999 3491 -12762
2000 3359 -12842
2001 3419 -12478
2002 3429 -12706
2003 3319 -12602
2004 3399 -12614
2005 3557 -12766
2006 3473 -12750
2007 3461 -12846
2008 3581 -12794
2009 3489 -12750
2010 3471 -12682
2011 3605 -12934
2012 3591 -12846
2013 3551 -12874
2014 3727 -12786
2015 3743 -12810
2016 3731 -12678
2017 3741 -12798
2018 3703 -12666
2019 3751 -12774
2020 3795 -12618
2021 3749 -12930
2022 3673 -12958
2023 3753 -13126
2024 3847 -13018
2025 3823 -12930
2026 3905 -12766
2027 3959 -13122
2028 3859 -13014
2029 3785 -12926
2030 3785 -12970
2031 3755 -12974
2032 3801 -12954
2033 3969 -13158
2034 3843 -13306
2035 3719 -13030
2036 3637 -12890
2037 3521 -12946
2038 3517 -12854
2039 3535 -13022
2040 3641 -12902
2041 3743 -12866
2042 3905 -13090
2043 3871 -13050
2044 3793 -13058
2045 3835 -13162
2046 3907 -13130
2047 3917 -13234
2048 3975 -13250
2049 4001 -13642
2050 3985 -13694
2051 3941 -13250
2052 4115 -13486
2053 4093 -13266
2054 3953 -12998
2055 4069 -13110
2056 4089 -13326
2057 3983 -13322
2058 4143 -13374
2059 3971 -13154
2060 4095 -13250
2061 3987 -13226
2062 3907 -13154
2063 3957 -13026
2064 3859 -13126
2065 3729 -13150
2066 3899 -13418
2067 3731 -13262
2068 3745 -13470
2069 3755 -13334
2070 3745 -13310
2071 3719 -13450
2072 3797 -13374
2073 3765 -13026
2074 3715 -12698
2075 3731 -12706
2076 3705 -12934
2077 3809 -12982
2078 3795 -12918
2079 3739 -12878
2080 3689 -12766
2081 3535 -12890
2082 3621 -13066
2083 3559 -13118
2084 3503 -13118
2085 3563 -12942
2086 3721 -12994
2087 3709 -13054
2088 3749 -13118
2089 3859 -13122
2090 3923 -13366
2091 3869 -13378
2092 3881 -13342
2093 3885 -13370
2094 3871 -13278
2095 4007 -13354
2096 4085 -13458
2097 4135 -13262
2098 4053 -13038
2099 3923 -12878
2100 3961 -12910
2101 3983 -13038
2102 4097 -13138
2103 4061 -13310
2104 3949 -13422
2105 4131 -13406
2106 4139 -13658
2107 4035 -13466
2108 3841 -13262
2109 3815 -13122
2110 3821 -13178
2111 3903 -12994
2112 3841 -12886
2113 3889 -12710
2114 3831 -12746
2115 3871 -12898
2116 4041 -12838
2117 4191 -13146
2118 4195 -13114
2119 4175 -12982
2120 4165 -12798
2121 4155 -12778
2122 4207 -12818
2123 4343 -12926
2124 4331 -13094
2125 4325 -13202
2126 4275 -13038
2127 4367 -13214
2128 4499 -13122
2129 4517 -12890
2130 4491 -13234
2131 4443 -13066
2132 4441 -13158
2133 4453 -13150
2134 4361 -13214
2135 4377 -13286
2136 4469 -13110
2137 4607 -13094
2138 4723 -13170
2139 4723 -13274
2140 4631 -13430
2141 4755 -13506
2142 4677 -13370
2143 4785 -13686
2144 4685 -13562
2145 4675 -13474
2146 4631 -13502
2147 4605 -13402
2148 4627 -13394
2149 4707 -13706
2150 4671 -13554
2151 4695 -13398
2152 4871 -13650
2153 4879 -13694
2154 4869 -13418
2155 4925 -13586
2156 4843 -13606
2157 4899 -13638
2158 4815 -13610
2159 4733 -13818
2160 4713 -13622
2161 4793 -13478
2162 4635 -13414
2163 4721 -13390
2164 4611 -13138
2165 4403 -13126
2166 4361 -13494
2167 4505 -13610
2168 4507 -13394
2169 4535 -13466
2170 4583 -13614
2171 4645 -13558
2172 4447 -13346
2173 4371 -13286
2174 4449 -13250
2175 4513 -13134
2176 4279 -13034
2177 4411 -13278
2178 4433 -13562
2179 4377 -13522
2180 4351 -13350
2181 4373 -13262
2182 4229 -13202
2183 4167 -13190
2184 4155 -13294
2185 4017 -13250
2186 4087 -13502
2187 4163 -13606
2188 4249 -13606
2189 4023 -13382
2190 4219 -13398
2191 4195 -13334
2192 4097 -13306
2193 4241 -13430
2194 4193 -13414
2195 4147 -13282
2196 3959 -13198
2197 3901 -13382
2198 3815 -13446
2199 3729 -13242
2200 3799 -13222
2201 3639 -13058
2202 3513 -13046
2203 3627 -13046
2204 3357 -12838
2205 3417 -12662
2206 3561 -12786
2207 3575 -12470
2208 3565 -12854
2209 3585 -12690
2210 3577 -12734
2211 3369 -12886
2212 3483 -13106
2213 3415 -12914
2214 3423 -12870
2215 3439 -12890
2216 3391 -13102
2217 3429 -13238
2218 3531 -13230
2219 3341 -12874
2220 3583 -12818
2221 3487 -13014
2222 3581 -13090
2223 3667 -12918
2224 3631 -12890
2225 3797 -13118
2226 3901 -13038
2227 3785 -13250
2228 3733 -13298
2229 3875 -13142
2230 3825 -13170
2231 3907 -13186
2232 3819 -13102
2233 3807 -13022
2234 3915 -13110
2235 4039 -13066
2236 4099 -12910
2237 4065 -12818
2238 4059 -13018
2239 4131 -13226
2240 4131 -13186
2241 4133 -13122
2242 4149 -13026
2243 4195 -13046
2244 4091 -12582
2245 4119 -12698
2246 4113 -12722
2247 4159 -12726
2248 4041 -12678
2249 3885 -12742
2250 3769 -12682
2251 3791 -12906
2252 3935 -13010
2253 3975 -13154
2254 3939 -13166
2255 3869 -13062
2256 3877 -13062
2257 3879 -12878
2258 3749 -12958
2259 3577 -12950
2260 3477 -12698
2261 3551 -12554
2262 3675 -12822
2263 3657 -12490
2264 3655 -12562
2265 3509 -12330
2266 3423 -12290
2267 3457 -12430
2268 3303 -12470
2269 3281 -12242
2270 3149 -12318
2271 3009 -12330
2272 2861 -12566
2273 2813 -12402
2274 2795 -12446
2275 2897 -12574
2276 2961 -12674
2277 2795 -12698
2278 2549 -12698
2279 2585 -12598
2280 2391 -12702
2281 2367 -12614
2282 2393 -12738
2283 2429 -12650
2284 2499 -12638
2285 2431 -12766
2286 2531 -12782
2287 2527 -12574
2288 2735 -12710
2289 2813 -12566
2290 2949 -12810
2291 2889 -12490
2292 2947 -12542
2293 2845 -12510
2294 2817 -12374
2295 2841 -12602
2296 2869 -12426
2297 2569 -12518
2298 2601 -12658
2299 2747 -12514
2300 2781 -12602
2301 2735 -12758
2302 2533 -12530
2303 2749 -12510
2304 2897 -12498
2305 2773 -12582
2306 2819 -12746
2307 2931 -12514
2308 3165 -12658
2309 2981 -12782
2310 2985 -12798
2311 2965 -12970
2312 2975 -12894
2313 3083 -12766
2314 3077 -12802
2315 2973 -12846
2316 2933 -13066
2317 2927 -13110
2318 2947 -12846
2319 2979 -12906
2320 3089 -12942
2321 3117 -12770
2322 3211 -12778
2323 3043 -12854
2324 2983 -12954
2325 2943 -12786
2326 3081 -13058
2327 3183 -12998
2328 3261 -13114
2329 3053 -13346
2330 3005 -13146
2331 2925 -13074
2332 2963 -12986
2333 2885 -12986
2334 3105 -12894
2335 2875 -12614
2336 2813 -12486
2337 2855 -12474
2338 3019 -12806
2339 2879 -12622
2340 2813 -12682
2341 2777 -12758
2342 2767 -12650
2343 2991 -12602
2344 2881 -12386
2345 2963 -12418
2346 2911 -12562
2347 2989 -12530
2348 2905 -12506
2349 2971 -12418
2350 2877 -12710
2351 2953 -12834
2352 2887 -12902
2353 2803 -13002
2354 2941 -12974
2355 2885 -12794
2356 2881 -12938
2357 2931 -12974
2358 3017 -13254
2359 3039 -13114
2360 2987 -13190
2361 3009 -13186
2362 2935 -12938
2363 2955 -12846
2364 2949 -12738
2365 3013 -12654
2366 3181 -12854
2367 3271 -12946
2368 3183 -12822
2369 3135 -12870
2370 3167 -12726
2371 3259 -12442
2372 3185 -12678
2373 3253 -13126
2374 3287 -13042
2375 3239 -13010
2376 3227 -12978
2377 3341 -12802
2378 3509 -13026
2379 3515 -13026
2380 3475 -12882
2381 3621 -12826
2382 3581 -12742
2383 3263 -12630
2384 3377 -12738
2385 3277 -13030
2386 3269 -13078
2387 3155 -12702
2388 3037 -12982
2389 3117 -12890
2390 3153 -13002
2391 3033 -12934
2392 2933 -12886
2393 2989 -12982
2394 3073 -12866
2395 3079 -12846
2396 3171 -12990
2397 3095 -12910
2398 3005 -12826
2399 2911 -12582
2400 2949 -12486
2401 2839 -12550
2402 2993 -12718
2403 3045 -12702
2404 2971 -12850
2405 2947 -12650
2406 2959 -12514
2407 2747 -12654
2408 2741 -12482
2409 2637 -12170
2410 2625 -12298
2411 2807 -12526
2412 2803 -12274
2413 2891 -12798
2414 2825 -12418
2415 2625 -12634
2416 2693 -12758
2417 2647 -12798
2418 2491 -12650
2419 2631 -12610
2420 2611 -12702
2421 2611 -12210
2422 2731 -12506
2423 2819 -12774
2424 2893 -12746
2425 2911 -12658
2426 2965 -12470
2427 2935 -12474
2428 2873 -12358
2429 2791 -12582
2430 2947 -12998
2431 3039 -12962
2432 3007 -12894
2433 2891 -12986
2434 3015 -12730
2435 2929 -12718
2436 2879 -12734
2437 2825 -12662
2438 2751 -12786
2439 2743 -12830
2440 2571 -12542
2441 2689 -12694
2442 2567 -12854
2443 2529 -12922
2444 2503 -12906
2445 2517 -12838
2446 2695 -12894
2447 2723 -12870
2448 2851 -12886
2449 2805 -12646
2450 2733 -12650
2451 2773 -12666
2452 3033 -12682
2453 3051 -12730
2454 2985 -12606
2455 2865 -12618
2456 2923 -12610
2457 2773 -12310
2458 2917 -12502
2459 2881 -12798
2460 2917 -12690
2461 2953 -12622
2462 3271 -12726
2463 3161 -12586
2464 2975 -12902
2465 3023 -12898
2466 2839 -12826
2467 2875 -12886
2468 2823 -13090
2469 2989 -13054
2470 2955 -13186
2471 3033 -13194
2472 3105 -13178
2473 3261 -13214
2474 3083 -12874
2475 3165 -12810
2476 3261 -13002
2477 3139 -12950
2478 3293 -12918
2479 3169 -12854
2480 3189 -12982
2481 3271 -12918
2482 3391 -12922
2483 3343 -13142
2484 3373 -12966
2485 3377 -13010
2486 3373 -12858
2487 3269 -13098
2488 3329 -12994
2489 3147 -12646
2490 3173 -12846
2491 3245 -12902
2492 3207 -12806
2493 3269 -12558
2494 3283 -12506
2495 3211 -12510
2496 3309 -12826
2497 3433 -13166
2498 3377 -12994
2499 3315 -13002
2500 3297 -13106
2501 3149 -13058
2502 3103 -13010
2503 3135 -12918
2504 3163 -12762
2505 2963 -12958
2506 2853 -12702
2507 2939 -12978
2508 2905 -13058
2509 3031 -13302
2510 2951 -13018
2511 3045 -13318
2512 2955 -13154
2513 3015 -13234
2514 2957 -13190
2515 2993 -12930
2516 3071 -13086
2517 2935 -13142
2518 2811 -13262
2519 2701 -13058
2520 2801 -12862
2521 2777 -12830
2522 2839 -12870
2523 2741 -13038
2524 2755 -13086
2525 2809 -12954
2526 2727 -13186
2527 2735 -13130
2528 2795 -13162
2529 2721 -13018
2530 2571 -12970
2531 2591 -13002
2532 2479 -12702
2533 2571 -12678
2534 2483 -12446
2535 2479 -12578
2536 2543 -13090
2537 2619 -13178
2538 2475 -13086
2539 2469 -13222
2540 2555 -13006
2541 2689 -13198
2542 2485 -12918
2543 2433 -12738
2544 2307 -12834
2545 2333 -12958
2546 2099 -12526
2547 2141 -12606
2548 2249 -12818
2549 2227 -12606
2550 2229 -12538
2551 2429 -12846
2552 2477 -12838
2553 2697 -12786
2554 2719 -12618
2555 2517 -12642
2556 2449 -12554
2557 2441 -12794
2558 2333 -12682
2559 2299 -12634
2560 2355 -12694
2561 2313 -12566
2562 2453 -12622
2563 2435 -12846
2564 2305 -12658
2565 2281 -12730
2566 2193 -12738
2567 2233 -12470
2568 2093 -12382
2569 2149 -12570
2570 2119 -12614
2571 2237 -12466
2572 2193 -12394
2573 2141 -12526
2574 2243 -12622
2575 2387 -12378
2576 2277 -12078
2577 2299 -12178
2578 2041 -12450
2579 1943 -12626
2580 1927 -12506
2581 1675 -12646
2582 1743 -12746
2583 1809 -12690
2584 1765 -12730
2585 1919 -12758
2586 2005 -12642
2587 2105 -12622
2588 1967 -12614
2589 1847 -12382
2590 1861 -12574
2591 1765 -12598
2592 1569 -12230
2593 1465 -12570
2594 1743 -12418
2595 1671 -12306
2596 1569 -12486
2597 1655 -12430
2598 1717 -12350
2599 1711 -12598
2600 1581 -12450
2601 1683 -12514
2602 1661 -12486
2603 1639 -12842
2604 1813 -12562
2605 1857 -12686
2606 1715 -12562
2607 1813 -12578
2608 1963 -12458
2609 1995 -12598
2610 2129 -12518
2611 2073 -12402
2612 2065 -12698
2613 2143 -12810
2614 2179 -12782
2615 2053 -12706
2616 2139 -12870
2617 2291 -12866
2618 2359 -12722
2619 2391 -13174
2620 2309 -12906
2621 2085 -12742
2622 2001 -12490
2623 1905 -12546
2624 1901 -12490
2625 1933 -12918
2626 1829 -12654
2627 1771 -12866
2628 1767 -12622
2629 1747 -12550
2630 1763 -12498
2631 1853 -12562
2632 1737 -12578
2633 1833 -12634
2634 1819 -12506
2635 1749 -12526
2636 1591 -12610
2637 1665 -12674
2638 1649 -12798
2639 1631 -12694
2640 1491 -12690
2641 1423 -12682
2642 1417 -12498
2643 1295 -12794
2644 1271 -12778
2645 1311 -12706
2646 1213 -12630
2647 1165 -12378
2648 1205 -12562
2649 1229 -12782
2650 1143 -12854
2651 1147 -12810
2652 1083 -12550
2653 929 -12502
2654 855 -12438
2655 947 -12398
2656 899 -12442
2657 819 -12790
2658 827 -12818
2659 751 -12850
2660 627 -12454
2661 659 -12586
2662 729 -12602
2663 751 -12650
2664 679 -12574
2665 681 -12750
2666 661 -12650
2667 707 -12758
2668 749 -12594
2669 791 -12454
2670 645 -12270
2671 655 -12234
2672 715 -12218
2673 571 -12510
2674 641 -12382
2675 629 -12558
2676 837 -12470
2677 747 -12866
2678 861 -12514
2679 1021 -12366
2680 1103 -12458
2681 1013 -12430
2682 1143 -12510
2683 1019 -12510
2684 1071 -12518
2685 899 -12650
2686 803 -12646
2687 873 -12662
2688 951 -12374
2689 903 -12378
2690 733 -12258
2691 681 -12370
2692 617 -12494
2693 623 -12418
2694 641 -12510
2695 583 -12634
2696 443 -12738
2697 385 -12278
2698 339 -12310
2699 427 -12438
2700 311 -12490
2701 141 -12518
2702 81 -12626
2703 85 -12910
2704 3 -12858
2705 -41 -12770
2706 -143 -12906
2707 -183 -13082
2708 -227 -13010
2709 -89 -13078
2710 -91 -12958
2711 -135 -13010
2712 -77 -12810
2713 -33 -12710
2714 -67 -12630
2715 -69 -12802
2716 -33 -12962
2717 -7 -13018
2718 87 -13050
2719 81 -12850
2720 155 -12798
2721 35 -12694
2722 -33 -12894
2723 -65 -12630
2724 69 -12994
2725 3 -12902
2726 -23 -12802
2727 -115 -12886
2728 -289 -13042
2729 -385 -13154
2730 -285 -13226
2731 -337 -12994
2732 -283 -12802
2733 -347 -12598
2734 -231 -12814
2735 -307 -12562
2736 -149 -12594
2737 -181 -12766
2738 -45 -12778
2739 -47 -12774
2740 27 -12506
2741 49 -12590
2742 69 -12538
2743 185 -12474
2744 113 -12522
2745 -75 -12638
2746 -73 -12866
2747 -61 -12638
2748 -169 -12602
2749 -259 -12618
2750 -249 -12590
2751 -81 -12654
2752 163 -13250
2753 111 -12830
2754 253 -13058
2755 309 -13086
2756 267 -12694
2757 171 -12502
2758 63 -12658
2759 9 -12702
2760 67 -12598
2761 47 -12338
2762 -35 -12582
2763 73 -12454
2764 -5 -12694
2765 1 -12642
2766 -115 -12658
2767 -63 -12862
2768 27 -12830
2769 7 -13026
2770 -131 -12954
2771 -373 -12686
2772 -437 -12782
2773 -243 -12546
2774 -185 -12870
2775 -151 -13070
2776 -23 -13186
2777 -9 -13070
2778 49 -13246
2779 173 -13290
2780 155 -13218
2781 171 -13014
2782 253 -12986
2783 125 -13330
2784 109 -12978
2785 193 -12938
2786 117 -12854
2787 -31 -12818
2788 137 -12942
2789 163 -13214
2790 113 -12902
2791 73 -13106
2792 171 -13138
2793 15 -13098
2794 -19 -13158
2795 -67 -13154
2796 -157 -13022
2797 -263 -13050
2798 -409 -13110
2799 -295 -12862
2800 -259 -12842
2801 -161 -12746
2802 33 -12982
2803 -53 -12962
2804 -123 -13078
2805 -97 -12906
2806 -107 -12910
2807 -109 -13158
2808 63 -13118
2809 159 -12962
2810 137 -13282
2811 143 -13038
2812 229 -12706
2813 137 -12990
2814 19 -12934
2815 -129 -12830
2816 -105 -12994
2817 -29 -12954
2818 -41 -13334
2819 -143 -13322
2820 -205 -13362
2821 -259 -13210
2822 -487 -13058
2823 -707 -13262
2824 -707 -13134
2825 -781 -13042
2826 -827 -13026
2827 -705 -12862
2828 -737 -12666
2829 -751 -12938
2830 -785 -12758
2831 -709 -12926
2832 -803 -12894
2833 -697 -12654
2834 -685 -12750
2835 -633 -12618
2836 -553 -12618
2837 -471 -12594
2838 -509 -12510
2839 -411 -12550
2840 -347 -12698
2841 -471 -12622
2842 -411 -12594
2843 -307 -12518
2844 -335 -12622
2845 -391 -12750
2846 -485 -12746
2847 -525 -12674
2848 -627 -12718
2849 -609 -12762
2850 -507 -12638
2851 -289 -12706
2852 -187 -12874
2853 -205 -12634
2854 -359 -12746
2855 -409 -12710
2856 -381 -12746
2857 -289 -12614
2858 -253 -12902
2859 -119 -12946
2860 3 -12878
2861 -33 -12842
2862 193 -13006
2863 151 -12790
2864 129 -12458
2865 65 -12510
2866 57 -12606
2867 215 -12470
2868 263 -12510
2869 111 -12438
2870 89 -12306
2871 127 -12366
2872 253 -12326
2873 355 -12662
2874 401 -12494
2875 427 -12778
2876 399 -12754
2877 481 -12770
2878 503 -12614
2879 397 -12490
2880 359 -12742
2881 283 -12766
2882 19 -12374
2883 39 -12446
2884 19 -12382
2885 111 -12422
2886 17 -12546
2887 31 -12558
2888 175 -12810
2889 263 -12558
2890 387 -12598
2891 321 -12290
2892 283 -12250
2893 365 -12222
2894 575 -12246
2895 477 -12142
2896 411 -12010
2897 411 -12450
2898 471 -12586
2899 499 -12722
2900 407 -12654
2901 449 -12746
2902 393 -12794
2903 391 -12870
2904 413 -12630
2905 373 -12866
2906 461 -12838
2907 423 -12898
2908 257 -12782
2909 233 -12870
2910 211 -12958
2911 149 -12922
2912 25 -12938
2913 65 -13106
2914 123 -12938
2915 275 -12906
2916 345 -13062
2917 355 -13042
2918 365 -13130
2919 419 -13290
2920 505 -13410
2921 581 -13046
2922 629 -12954
2923 573 -13038
2924 609 -13346
2925 827 -13146
2926 721 -12850
2927 581 -13006
2928 491 -13090
2929 479 -13030
2930 343 -13278
2931 357 -13306
2932 287 -13166
2933 459 -12894
2934 385 -13058
2935 297 -12994
2936 517 -13062
2937 473 -13134
2938 465 -12994
2939 251 -13278
2940 311 -13278
2941 461 -13218
2942 585 -13422
2943 679 -13462
2944 573 -13366
2945 597 -13162
2946 591 -13074
2947 825 -12986
2948 949 -12902
2949 951 -12942
2950 887 -12722
2951 1113 -12814
2952 971 -12946
2953 997 -12658
2954 859 -12826
2955 819 -12778
2956 957 -12974
2957 843 -12946
2958 943 -13102
2959 913 -13086
2960 851 -13058
2961 943 -13282
2962 1051 -13318
2963 937 -13142
2964 683 -13198
2965 889 -13010
2966 885 -12858
2967 871 -12626
2968 779 -12730
2969 703 -12574
2970 597 -12494
2971 667 -12326
2972 739 -12470
2973 967 -12630
2974 1039 -12454
2975 1119 -12606
2976 1027 -12402
2977 1067 -12562
2978 909 -12366
2979 925 -12754
2980 1033 -12466
2981 1315 -12826
2982 1289 -12774
2983 1325 -12678
2984 1383 -12774
2985 1259 -12834
2986 1247 -12786
2987 1387 -12926
2988 1419 -12614
2989 1317 -12690
2990 1329 -12614
2991 1205 -12574
2992 1285 -12910
2993 1327 -12894
2994 1179 -13126
2995 1137 -12766
2996 1069 -12650
2997 1133 -12718
2998 1055 -12654
2999 1077 -12922
3000 1077 -12882
3001 1047 -12738
3002 1147 -12658
3003 1223 -12734
3004 1251 -12870
3005 1231 -13078
3006 1191 -13102
3007 1301 -13010
3008 1265 -12998
3009 1453 -13030
3010 1363 -13030
3011 1337 -13162
3012 1409 -13262
3013 1477 -13066
3014 1677 -13258
3015 1775 -13274
3016 1765 -13014
3017 1707 -12850
3018 1823 -12802
3019 1719 -12726
3020 1655 -12862
3021 1485 -12790
3022 1433 -13002
3023 1463 -13210
3024 1547 -13050
3025 1663 -12866
3026 1593 -12782
3027 1635 -12446
3028 1709 -12758
3029 1777 -12974
3030 1879 -12858
3031 1723 -12978
3032 1635 -12830
3033 1611 -12674
3034 1525 -12938
3035 1611 -12650
3036 1369 -12694
3037 1457 -12714
3038 1501 -12618
3039 1375 -12670
3040 1313 -12790
3041 1367 -12726
3042 1391 -12714
3043 1471 -12818
3044 1355 -12870
3045 1277 -12822
3046 1213 -13270
3047 1265 -13370
3048 1241 -12830
3049 1293 -12646
3050 1349 -12842
3051 1187 -12874
3052 1307 -13002
3053 1369 -12970
3054 1543 -12858
3055 1555 -12830
3056 1483 -12814
3057 1719 -12842
3058 1815 -12998
3059 1857 -13026
3060 1987 -13206
3061 2041 -12978
3062 2037 -13030
3063 2085 -13174
3064 2051 -13262
3065 2089 -13214
3066 2185 -13246
3067 2145 -13122
3068 2071 -12814
3069 2243 -12754
3070 2181 -12730
3071 2313 -12814
3072 2323 -12954
3073 2297 -13134
3074 2129 -13198
3075 2277 -13326
3076 2123 -13170
3077 2067 -13142
3078 2139 -12970
3079 2117 -13042
3080 2205 -13122
3081 1975 -12890
3082 1881 -12914
3083 1665 -12926
3084 1731 -12786
3085 1703 -12886
3086 1657 -12822
3087 1639 -12730
3088 1641 -12846
3089 1699 -12866
3090 1779 -13142
3091 1689 -12946
3092 1597 -12822
3093 1789 -13038
3094 1935 -12862
3095 1927 -12962
3096 1969 -13002
3097 1907 -13122
3098 1937 -13258
3099 1981 -13154
3100 1881 -13102
3101 1795 -13294
3102 1759 -13054
3103 1899 -12958
3104 1769 -12970
3105 1697 -12858
3106 1687 -12822
3107 1685 -12794
3108 1641 -12862
3109 1463 -12930
3110 1363 -12622
3111 1435 -12802
3112 1335 -12866
3113 1385 -13074
3114 1375 -12878
3115 1391 -12886
3116 1347 -12738
3117 1439 -13106
3118 1275 -12890
3119 1261 -12710
3120 1397 -12814
3121 1411 -12694
3122 1427 -12566
3123 1621 -12718
3124 1793 -12806
3125 1883 -12770
3126 1845 -12586
3127 1773 -12258
3128 1693 -12262
3129 1759 -12606
3130 1729 -12670
3131 1703 -12806
3132 1587 -12866
3133 1717 -12950
3134 1645 -12902
3135 1803 -12962
3136 1729 -12818
3137 1671 -12942
3138 1543 -12862
3139 1585 -13054
3140 1729 -12762
3141 1927 -12886
3142 1863 -12954
3143 1855 -13214
3144 1951 -12890
3145 2021 -12806
3146 1995 -13130
3147 2021 -13098
3148 1879 -12926
3149 1997 -13094
3150 2009 -13134
3151 1893 -13018
3152 1793 -12950
3153 1895 -12638
3154 1835 -12854
3155 1931 -13042
3156 1939 -12978
3157 1899 -12914
3158 1749 -12910
3159 1569 -12874
3160 1585 -13014
3161 1555 -13138
3162 1729 -13214
3163 1561 -12730
3164 1303 -12842
3165 1217 -12890
3166 1245 -13070
3167 1203 -13070
3168 1081 -12890
3169 929 -12882
3170 897 -12506
3171 955 -12418
3172 1029 -12758
3173 1073 -12714
3174 985 -13042
3175 843 -13126
3176 743 -12894
3177 721 -12746
3178 669 -12798
3179 639 -13018
3180 485 -13022
3181 425 -12950
3182 387 -13042
3183 383 -12874
3184 217 -12682
3185 221 -12706
3186 129 -12778
3187 91 -13098
3188 83 -12974
3189 -59 -13062
3190 -25 -12966
3191 25 -12790
3192 -117 -12842
3193 245 -12870
3194 67 -12834
3195 49 -13098
3196 61 -12818
3197 127 -12578
3198 173 -12942
3199 91 -12746
3200 -89 -12798
3201 -157 -12926
3202 -149 -13062
3203 59 -13170
3204 21 -13270
3205 39 -13266
3206 -107 -13026
3207 -93 -12998
3208 -123 -12918
3209 -303 -12978
3210 -343 -12902
3211 -435 -12854
3212 -279 -12530
3213 -269 -12678
3214 -241 -12794
3215 -137 -12450
3216 -129 -12602
3217 -101 -12606
3218 -147 -12738
3219 -231 -12886
3220 -73 -13010
3221 -211 -12754
3222 -71 -12906
3223 133 -12662
3224 -19 -12742
3225 -255 -12850
3226 -251 -12842
3227 -305 -12694
3228 -189 -12674
3229 -347 -12682
3230 -285 -12802
3231 -231 -12574
3232 -205 -12650
3233 9 -12414
3234 -27 -12102
3235 -61 -12418
3236 -31 -12610
3237 -91 -12554
3238 -33 -13126
3239 -81 -12882
3240 -119 -12946
3241 -175 -12746
3242 -237 -12906
3243 -173 -12818
3244 -85 -12878
3245 -7 -12870
3246 -39 -12790
3247 87 -13146
3248 99 -13030
3249 -27 -12742
3250 -191 -12634
3251 -247 -12950
3252 -209 -12946
3253 -165 -12902
3254 -231 -13022
3255 -369 -13198
3256 -365 -13386
3257 -183 -12994
3258 -321 -12742
3259 -403 -12694
3260 -457 -12798
3261 -373 -12946
3262 -387 -13202
3263 -471 -12918
3264 -749 -12986
3265 -787 -13194
3266 -899 -13298
3267 -965 -13122
3268 -807 -12898
3269 -639 -12946
3270 -577 -12978
3271 -707 -12738
3272 -611 -12786
3273 -585 -12738
3274 -519 -12962
3275 -429 -13158
3276 -427 -12878
3277 -559 -13162
3278 -599 -12954
3279 -715 -13182
3280 -651 -13118
3281 -673 -13394
3282 -743 -13354
3283 -677 -13442
3284 -507 -12974
3285 -365 -13070
3286 -511 -13114
3287 -343 -12914
3288 -359 -13230
3289 -427 -13018
3290 -203 -13250
3291 -169 -13226
3292 -185 -13230
3293 -315 -13166
3294 -423 -13438
3295 -517 -13366
3296 -579 -13114
3297 -391 -12878
3298 -401 -13018
3299 -515 -13042
3300 -549 -13102
3301 -369 -13078
3302 -477 -13190
3303 -255 -13330
3304 -219 -13022
3305 -181 -13098
3306 -99 -13238
3307 -249 -13166
3308 -273 -13030
3309 -175 -13042
3310 -127 -12802
3311 -185 -12870
3312 -337 -13094
3313 -367 -12970
3314 -481 -13030
3315 -365 -13034
3316 -467 -13086
3317 -571 -13022
3318 -739 -13186
3319 -899 -13330
3320 -813 -13222
3321 -789 -13250
3322 -661 -13150
3323 -607 -12954
3324 -427 -13058
3325 -391 -13006
3326 -419 -12770
3327 -391 -12898
3328 -545 -12702
3329 -555 -12878
3330 -595 -12490
3331 -581 -12526
3332 -537 -12622
3333 -611 -12802
3334 -549 -13098
3335 -361 -13254
3336 -337 -12982
3337 -325 -12834
3338 -323 -12806
3339 -97 -12662
3340 -211 -12826
3341 -269 -13250
3342 -235 -13318
3343 -187 -13118
3344 -359 -13182
3345 -487 -12954
3346 -487 -13114
3347 -491 -13018
3348 -381 -12882
3349 -135 -12790
3350 -155 -12878
3351 -235 -12946
3352 -189 -12810
3353 -21 -12814
3354 -27 -12778
3355 -55 -12762
3356 -3 -12634
3357 35 -12766
3358 -135 -12810
3359 -181 -12782
3360 -255 -12826
3361 -213 -13042
3362 -243 -12750
3363 -251 -12566
3364 -335 -12562
3365 -459 -12702
3366 -623 -12826
3367 -553 -12862
3368 -553 -12942
3369 -497 -13042
3370 -505 -13018
3371 -493 -12986
3372 -541 -13022
3373 -547 -12910
3374 -515 -12874
3375 -453 -13118
3376 -647 -12878
3377 -571 -13074
3378 -749 -13154
3379 -699 -13050
3380 -661 -13122
3381 -815 -12838
3382 -821 -13050
3383 -691 -13142
3384 -599 -13066
3385 -659 -12930
3386 -573 -12722
3387 -697 -13054
3388 -701 -12918
3389 -867 -12938
3390 -851 -12898
3391 -895 -12814
3392 -895 -13222
3393 -799 -13210
3394 -683 -13394
3395 -815 -13186
3396 -807 -13342
3397 -769 -13098
3398 -713 -12954
3399 -523 -12950
3400 -433 -13122
3401 -461 -12962
3402 -423 -12850
3403 -423 -13106
3404 -397 -12966
3405 -365 -13242
3406 -371 -13206
3407 -481 -13154
3408 -429 -13218
3409 -419 -12994
3410 -405 -13290
3411 -311 -13490
3412 -517 -13322
3413 -383 -13290
3414 -229 -13438
3415 -331 -13398
3416 -443 -13366
3417 -505 -13126
3418 -615 -13074
3419 -559 -13198
3420 -501 -13042
3421 -447 -12962
3422 -373 -13058
3423 -291 -13146
3424 -249 -13150
3425 -217 -12978
3426 -291 -12986
3427 -229 -12882
3428 -173 -12774
3429 -211 -12698
3430 -299 -13046
3431 -297 -13310
3432 -299 -12994
3433 -161 -12910
3434 -63 -12798
3435 -109 -12762
3436 -249 -12970
3437 -217 -13074
3438 -161 -13138
3439 -277 -12930
3440 -189 -12946
3441 -183 -13038
3442 -277 -13174
3443 -209 -13118
3444 -161 -13310
3445 -151 -13086
3446 -237 -13186
3447 -161 -13238
3448 -159 -13290
3449 -161 -13094
3450 -45 -13082
3451 -83 -12962
3452 -233 -13098
3453 -41 -13066
3454 -21 -13130
3455 -101 -13342
3456 -157 -13226
3457 -297 -13090
3458 -287 -13266
3459 -359 -13326
3460 -507 -13458
3461 -459 -13294
3462 -319 -13370
3463 -353 -13418
3464 -261 -13502
3465 -171 -13482
3466 -295 -13398
3467 -271 -13258
3468 -265 -13410
3469 -323 -13330
3470 -291 -13378
3471 -207 -13114
3472 -273 -13174
3473 -291 -13414
3474 -295 -13190
3475 -365 -13222
3476 -349 -13414
3477 -169 -13290
3478 -219 -13150
3479 -117 -13210
3480 -157 -13150
3481 -263 -13102
3482 -215 -13206
3483 -315 -13198
3484 -331 -12838
3485 -309 -12774
3486 -313 -12674
3487 -383 -12646
3488 -513 -12990
3489 -679 -13134
3490 -471 -13058
3491 -535 -13270
3492 -505 -13082
3493 -485 -12914
3494 -635 -12902
3495 -581 -12962
3496 -489 -13042
3497 -531 -13266
3498 -629 -13210
3499 -579 -13106
3500 -469 -13234
3501 -489 -13122
3502 -607 -12682
3503 -617 -12754
3504 -605 -12878
3505 -523 -12774
3506 -471 -12574
3507 -403 -12854
3508 -451 -12822
3509 -565 -12902
3510 -481 -12910
3511 -299 -12650
3512 -331 -12902
3513 -431 -13030
3514 -495 -12890
3515 -503 -13018
3516 -487 -12990
3517 -423 -13034
3518 -299 -13114
3519 -305 -12942
3520 -185 -13062
3521 -5 -13182
3522 183 -13246
3523 157 -13042
3524 211 -12862
3525 239 -12918
3526 189 -13142
3527 21 -13138
3528 -23 -13210
3529 77 -13210
3530 205 -13002
3531 183 -12606
3532 47 -12406
3533 191 -12678
3534 283 -12790
3535 343 -12614
3536 357 -12938
3537 213 -12818
3538 333 -12986
3539 585 -13346
3540 639 -12990
3541 519 -13194
3542 605 -13166
3543 593 -12998
3544 625 -13086
3545 347 -13058
3546 235 -12882
3547 263 -12974
3548 235 -13070
3549 273 -13150
3550 419 -13098
3551 435 -13262
3552 519 -13226
3553 521 -13186
3554 569 -13134
3555 383 -13378
3556 427 -13446
3557 493 -13270
3558 531 -13154
3559 427 -13174
3560 365 -13134
3561 463 -13362
3562 375 -13386
3563 261 -13414
3564 287 -13246
3565 325 -13386
3566 419 -13318
3567 275 -13302
3568 371 -13098
3569 447 -13002
3570 343 -12562
3571 319 -12930
3572 489 -12858
3573 363 -13038
3574 239 -12846
3575 281 -12946
3576 111 -12790
3577 73 -12874
3578 -19 -13118
3579 111 -13126
3580 93 -13142
3581 -63 -13026
3582 39 -12938
3583 -125 -12974
3584 -281 -12874
3585 -407 -12870
3586 -407 -12974
3587 -199 -12810
3588 -251 -13138
3589 -419 -12926
3590 -481 -12974
3591 -411 -12850
3592 -433 -13094
3593 -403 -12778
3594 -199 -12778
3595 -291 -13222
3596 -251 -13150
3597 -297 -13482
3598 -173 -13318
3599 41 -13498
3600 167 -13506
3601 179 -13334
3602 289 -12946
3603 123 -12938
3604 141 -13022
3605 189 -13290
3606 279 -13106
3607 507 -12838
3608 631 -12794
3609 667 -12762
3610 703 -12934
3611 707 -12942
3612 599 -13062
3613 505 -12794
3614 509 -12674
3615 669 -12958
3616 567 -12954
3617 437 -13026
3618 413 -12906
3619 487 -12854
3620 535 -12818
3621 435 -12770
3622 489 -12614
3623 467 -12822
3624 657 -12922
3625 625 -12522
3626 733 -12666
3627 689 -12878
3628 645 -12818
3629 637 -12658
3630 653 -12490
3631 647 -12626
3632 693 -12746
3633 663 -12774
3634 731 -12706
3635 615 -12814
3636 623 -12578
3637 649 -12622
3638 607 -12794
3639 783 -12778
3640 811 -12606
3641 773 -12818
3642 829 -12994
3643 771 -13062
3644 773 -13110
3645 747 -12994
3646 651 -13050
3647 431 -13082
3648 457 -13002
3649 455 -12966
3650 563 -13070
3651 365 -12818
3652 341 -12922
3653 403 -12890
3654 231 -13046
3655 57 -12758
3656 -15 -12862
3657 31 -12846
3658 -153 -12810
3659 -57 -12966
3660 -75 -12970
3661 -187 -12910
3662 -79 -12878
3663 -177 -13226
3664 -93 -13070
3665 -147 -12974
3666 -71 -12938
3667 -127 -12870
3668 -173 -13102
3669 -149 -13014
3670 -107 -12898
3671 -179 -13010
3672 -195 -13050
3673 -163 -13038
3674 -139 -13290
3675 -113 -13046
3676 -303 -12706
3677 -185 -12766
3678 -249 -12674
3679 -197 -12882
3680 -235 -12782
3681 -271 -12806
3682 -217 -12570
3683 -303 -12750
3684 -303 -12950
3685 -199 -12906
3686 -83 -12834
3687 83 -12782
3688 -103 -12894
3689 -135 -12862
3690 -169 -12942
3691 -205 -13002
3692 -131 -13046
3693 29 -13054
3694 -179 -13038
3695 -127 -13066
3696 -85 -13054
3697 -161 -13050
3698 -253 -12826
3699 -239 -12978
3700 -163 -12978
3701 -233 -13350
3702 -233 -13242
3703 -179 -13118
3704 -213 -12766
3705 -319 -12634
3706 -219 -12838
3707 -255 -12778
3708 -319 -12818
3709 -323 -12630
3710 -509 -13026
3711 -527 -12810
3712 -413 -12974
3713 -455 -12894
3714 -407 -13038
3715 -203 -12878
3716 -125 -12858
3717 -307 -12878
3718 -223 -12826
3719 -289 -12846
3720 -83 -13090
3721 -237 -12894
3722 -43 -12842
3723 -51 -12662
3724 3 -12622
3725 -161 -12758
3726 -207 -12950
3727 -161 -12866
3728 -103 -12882
3729 1 -13134
3730 -43 -13062
3731 -219 -13114
3732 -181 -13222
3733 -93 -13542
3734 -39 -13390
3735 -219 -13258
3736 -141 -13406
3737 -43 -13198
3738 -91 -12826
3739 -49 -13062
3740 -39 -13150
3741 19 -13150
3742 -125 -13050
3743 -165 -13126
3744 -137 -13210
3745 -193 -13174
3746 -81 -12966
3747 -113 -13006
3748 -51 -12946
3749 -77 -12818
3750 -123 -12686
3751 -281 -12710
3752 -453 -12826
3753 -307 -12738
3754 -337 -12882
3755 -291 -12806
3756 -231 -12694
3757 -385 -12870
3758 -443 -13230
3759 -341 -13310
3760 -225 -13298
3761 -171 -13122
3762 -201 -13082
3763 -189 -13018
3764 -255 -12806
3765 -231 -13038
3766 -307 -12954
3767 -305 -13246
3768 -261 -13174
3769 -231 -13154
3770 -251 -13034
3771 -213 -12842
3772 -173 -12722
3773 -287 -12730
3774 -411 -12894
3775 -351 -12878
3776 -333 -12978
3777 -169 -12902
3778 -205 -12950
3779 -183 -12946
3780 -231 -12870
3781 -243 -12902
3782 -231 -12818
3783 -251 -12786
3784 -213 -13118
3785 -257 -13026
3786 -233 -13026
3787 -229 -12702
3788 -227 -12562
3789 -181 -12802
3790 -43 -12702
3791 -73 -13122
3792 -167 -12958
3793 27 -12930
3794 -61 -12942
3795 55 -12750
3796 139 -12894
3797 225 -13010
3798 227 -12990
3799 211 -13082
3800 203 -12826
3801 327 -12982
3802 323 -13146
3803 179 -13278
3804 233 -13038
3805 377 -12954
3806 295 -12946
3807 219 -13326
3808 163 -13362
3809 101 -13094
3810 105 -13326
3811 63 -13342
3812 17 -13182
3813 49 -13194
3814 57 -13386
3815 67 -13362
3816 133 -13114
3817 13 -13046
3818 -125 -13134
3819 -29 -12910
3820 -57 -12810
3821 -3 -12762
3822 89 -13094
3823 163 -13142
3824 159 -13058
3825 327 -13118
3826 413 -13002
3827 375 -12906
3828 409 -12910
3829 455 -12950
3830 223 -13014
3831 313 -12982
3832 365 -13226
3833 321 -13042
3834 223 -13002
3835 259 -12938
3836 291 -12878
3837 347 -12782
3838 307 -12838
3839 291 -12670
3840 229 -12802
3841 355 -12846
3842 207 -12922
3843 35 -13106
3844 11 -13070
3845 79 -12878
3846 179 -13038
3847 199 -12554
3848 69 -12702
3849 223 -12734
3850 249 -12718
3851 295 -12994
3852 407 -13182
3853 409 -13278
3854 495 -13030
3855 391 -13382
3856 481 -13086
3857 327 -13262
3858 427 -13490
3859 401 -12858
3860 369 -12898
3861 307 -12750
3862 249 -12554
3863 89 -12762
3864 85 -12838
3865 165 -12934
3866 319 -12894
3867 265 -13074
3868 323 -12998
3869 253 -12918
3870 -27 -12942
3871 -33 -12870
3872 -7 -12826
3873 137 -13034
3874 227 -13058
3875 385 -13242
3876 535 -13318
3877 553 -13010
3878 385 -13010
3879 259 -12914
3880 351 -13178
3881 429 -12906
3882 323 -12770
3883 407 -12566
3884 309 -12758
3885 407 -12798
3886 569 -12806
3887 713 -13122
3888 643 -13046
3889 605 -12898
3890 551 -12782
3891 573 -12562
3892 537 -12842
3893 589 -12878
3894 445 -12854
3895 459 -13002
3896 525 -13114
3897 587 -13102
3898 735 -13278
3899 689 -13346
3900 803 -13162
3901 877 -13402
3902 765 -13210
3903 787 -13462
3904 677 -13238
3905 659 -13178
3906 677 -12570
3907 649 -12558
3908 683 -12730
3909 669 -12786
3910 757 -12810
3911 553 -12746
3912 605 -12758
3913 669 -12874
3914 631 -13170
3915 439 -12978
3916 529 -13238
3917 335 -13082
3918 403 -12950
3919 405 -12850
3920 473 -13094
3921 547 -13130
3922 661 -13270
3923 695 -13030
3924 773 -13310
3925 813 -13250
3926 715 -13266
3927 733 -13102
3928 789 -13210
3929 687 -13330
3930 743 -13194
3931 765 -13214
3932 813 -13050
3933 925 -13170
3934 891 -13158
3935 757 -13026
3936 789 -13066
3937 791 -12950
3938 827 -13114
3939 833 -13054
3940 739 -13062
3941 757 -13078
3942 719 -13378
3943 659 -13182
3944 525 -12958
3945 533 -12938
3946 491 -12918
3947 715 -12798
3948 785 -12774
3949 779 -12558
3950 775 -12838
3951 717 -12910
3952 643 -13294
3953 527 -13142
3954 457 -13542
3955 321 -13258
3956 361 -13442
3957 309 -13286
3958 323 -13186
3959 493 -13238
3960 609 -13110
3961 385 -12954
3962 369 -12898
3963 429 -12614
3964 395 -12754
3965 309 -12934
3966 331 -13062
3967 429 -13002
3968 517 -13126
3969 625 -12726
3970 519 -13098
3971 539 -13050
3972 567 -12854
3973 395 -12858
3974 411 -12870
3975 305 -12650
3976 271 -12802
3977 287 -12918
3978 235 -13210
3979 271 -13318
3980 265 -13266
3981 517 -13414
3982 419 -13406
3983 347 -13254
3984 491 -13194
3985 507 -13346
3986 501 -13506
3987 419 -13250
3988 261 -13202
3989 235 -13334
3990 199 -13126
3991 133 -13018
3992 279 -12898
3993 237 -12934
3994 295 -12790
3995 145 -12866
3996 193 -12702
3997 239 -12490
3998 277 -12534
3999 359 -12882
4000 427 -12550
4001 529 -12586
4002 569 -12794
4003 469 -12654
4004 481 -12558
4005 503 -12382
4006 471 -12786
4007 387 -12762
4008 531 -12734
4009 623 -12478
4010 555 -12662
4011 651 -12510
4012 529 -12506
4013 421 -12754
4014 269 -12770
4015 177 -12682
4016 201 -12806
4017 215 -12734
4018 253 -12926
4019 89 -13110
4020 13 -13050
4021 -37 -12938
4022 -173 -13082
4023 -29 -13070
4024 -75 -13142
4025 -107 -13058
4026 61 -12970
4027 69 -13042
4028 -43 -12994
4029 -193 -12862
4030 -21 -13010
4031 -37 -12918
4032 -227 -12970
4033 -233 -12934
4034 -85 -13186
4035 -93 -13182
4036 -145 -12914
4037 -59 -13050
4038 -253 -12850
4039 -197 -12670
4040 -225 -12726
4041 -265 -12842
4042 -299 -12682
4043 -305 -12398
4044 -165 -12434
4045 -271 -12450
4046 -253 -12730
4047 -119 -12802
4048 -3 -12702
4049 -61 -12774
4050 -155 -12838
4051 -79 -12842
4052 -77 -12770
4053 -171 -12686
4054 -95 -12690
4055 -41 -12898
4056 -33 -12814
4057 -99 -12898
4058 -121 -12906
4059 -115 -13122
4060 -45 -12818
4061 -359 -12874
4062 -255 -13042
4063 -313 -12854
4064 -219 -12854
4065 -65 -13026
4066 -149 -12878
4067 -129 -12862
4068 -31 -13010
4069 -189 -13118
4070 -295 -13202
4071 -391 -13138
4072 -377 -13282
4073 -571 -13138
4074 -643 -13018
4075 -789 -13154
4076 -823 -13170
4077 -903 -13138
4078 -915 -13074
4079 -909 -13210
4080 -845 -12958
4081 -859 -13222
4082 -993 -13510
4083 -757 -13482
4084 -731 -13486
4085 -725 -13410
4086 -701 -13406
4087 -703 -13394
4088 -831 -13494
4089 -675 -13334
4090 -721 -13326
4091 -693 -13062
4092 -605 -13314
4093 -757 -13270
4094 -689 -13174
4095 -669 -12974
4096 -629 -12946
4097 -529 -12826
4098 -451 -12870
4099 -461 -12906
4100 -551 -12810
4101 -519 -12694
4102 -527 -12822
4103 -577 -12802
4104 -521 -12702
4105 -587 -12686
4106 -401 -12834
4107 -563 -12802
4108 -457 -13026
4109 -583 -12958
4110 -431 -13158
4111 -365 -13006
4112 -431 -13086
4113 -349 -13274
4114 -399 -13406
4115 -243 -13614
4116 -227 -13282
4117 -117 -13146
4118 -151 -13202
4119 -81 -13210
4120 -55 -13122
4121 -27 -13070
4122 -49 -13042
4123 -63 -12734
4124 -61 -12870
4125 -67 -12742
4126 -239 -12774
4127 -357 -12610
4128 -559 -12822
4129 -671 -12698
4130 -609 -12890
4131 -643 -12590
4132 -673 -12658
4133 -763 -12918
4134 -767 -12746
4135 -617 -12458
4136 -683 -12730
4137 -629 -12982
4138 -655 -13098
4139 -609 -12994
4140 -637 -12758
4141 -581 -12710
4142 -743 -12810
4143 -759 -12598
4144 -939 -12406
4145 -763 -12394
4146 -809 -12538
4147 -713 -12582
4148 -763 -12562
4149 -791 -12750
4150 -765 -12658
4151 -971 -12874
4152 -913 -12978
4153 -725 -13206
4154 -665 -13198
4155 -687 -13110
4156 -703 -12694
4157 -789 -12998
4158 -781 -12870
4159 -683 -13038
4160 -603 -13042
4161 -733 -13014
4162 -949 -13410
4163 -913 -13134
4164 -931 -12938
4165 -1105 -13138
4166 -1125 -12782
4167 -1157 -12714
4168 -1347 -12858
4169 -1329 -12758
4170 -1267 -12750
4171 -1459 -12694
4172 -1363 -12658
4173 -1435 -12762
4174 -1449 -12650
4175 -1419 -12746
4176 -1451 -12914
4177 -1383 -12662
4178 -1381 -12650
4179 -1409 -12670
4180 -1379 -12774
4181 -1247 -12526
4182 -1275 -12894
4183 -1379 -13062
4184 -1531 -13002
4185 -1621 -13202
4186 -1567 -13166
4187 -1623 -13442
4188 -1609 -13458
4189 -1551 -13366
4190 -1503 -13298
4191 -1583 -13074
4192 -1641 -13186
4193 -1715 -13278
4194 -1465 -13302
4195 -1565 -13106
4196 -1597 -13266
4197 -1555 -13258
4198 -1503 -13158
4199 -1549 -13334
4200 -1591 -13438
4201 -1689 -13122
4202 -1557 -12962
4203 -1511 -13034
4204 -1351 -13006
4205 -1391 -13058
4206 -1387 -13186
4207 -1337 -13166
4208 -1443 -13262
4209 -1611 -13106
4210 -1581 -13002
4211 -1603 -12838
4212 -1637 -12578
4213 -1753 -12834
4214 -1897 -13170
4215 -1909 -13290
4216 -1701 -13118
4217 -1631 -13090
4218 -1713 -13206
4219 -1799 -13070
4220 -1789 -13050
4221 -1871 -13334
4222 -1703 -13178
4223 -1661 -13194
4224 -1593 -13218
4225 -1507 -13478
4226 -1495 -13266
4227 -1433 -13282
4228 -1421 -13370
4229 -1379 -13246
4230 -1389 -13126
4231 -1497 -13110
4232 -1463 -13286
4233 -1445 -13130
4234 -1237 -13270
4235 -1157 -13270
4236 -1191 -13342
4237 -1155 -13278
4238 -1279 -13138
4239 -1269 -13138
4240 -1341 -13050
4241 -1287 -13178
4242 -1165 -13074
4243 -1315 -13118
4244 -1255 -13050
4245 -1273 -13150
4246 -1103 -13070
4247 -1119 -13226
4248 -941 -13486
4249 -885 -13322
4250 -799 -13474
4251 -849 -13082
4252 -749 -12878
4253 -723 -12822
4254 -785 -13118
4255 -775 -13086
4256 -715 -13170
4257 -695 -13206
4258 -635 -13310
4259 -479 -13146
4260 -323 -13350
4261 -335 -13366
4262 -401 -13514
4263 -545 -13658
4264 -367 -13754
4265 -463 -13494
4266 -553 -13474
4267 -551 -13306
4268 -599 -13370
4269 -599 -13370
4270 -825 -13350
4271 -803 -13254
4272 -775 -13162
4273 -899 -13262
4274 -809 -13354
4275 -801 -13302
4276 -737 -13174
4277 -579 -12986
4278 -597 -12758
4279 -579 -12686
4280 -715 -12970
4281 -633 -13230
4282 -489 -13350
4283 -379 -13234
4284 -483 -13102
4285 -435 -13050
4286 -535 -13070
4287 -439 -13318
4288 -413 -13034
4289 -341 -13362
4290 -281 -13314
4291 -277 -13090
4292 -99 -13110
4293 -87 -12818
4294 -61 -13022
4295 -149 -12850
4296 -273 -13066
4297 -67 -13330
4298 -79 -13106
4299 -77 -13094
4300 -115 -13214
4301 -151 -13138
4302 -81 -13134
4303 -129 -12898
4304 -201 -12902
4305 -149 -13030
4306 -435 -12994
4307 -473 -12798
4308 -399 -12882
4309 -403 -12974
4310 -603 -12822
4311 -533 -12726
4312 -483 -13014
4313 -661 -12998
4314 -719 -13002
4315 -605 -13258
4316 -817 -13210
4317 -807 -13042
4318 -895 -13234
4319 -949 -13190
4320 -933 -13322
4321 -809 -13130
4322 -833 -13062
4323 -851 -13086
4324 -873 -12826
4325 -981 -12938
4326 -801 -12946
4327 -855 -12882
4328 -1025 -12926
4329 -1079 -12638
4330 -1139 -12494
4331 -1065 -12602
4332 -929 -12714
4333 -873 -12586
4334 -791 -12490
4335 -747 -12726
4336 -741 -12774
4337 -805 -12562
4338 -1001 -12730
4339 -1039 -12846
4340 -1091 -13030
4341 -1087 -12902
4342 -1195 -12846
4343 -935 -12794
4344 -1057 -12866
4345 -1047 -12942
4346 -879 -12978
4347 -861 -13002
4348 -891 -12882
4349 -997 -12562
4350 -997 -12706
4351 -999 -12486
4352 -905 -12502
4353 -919 -12638
4354 -997 -12638
4355 -971 -12570
4356 -913 -12554
4357 -981 -12646
4358 -747 -12642
4359 -707 -12786
4360 -675 -12554
4361 -873 -12614
4362 -1019 -12642
4363 -987 -12766
4364 -1085 -12762
4365 -1019 -12494
4366 -1131 -12534
4367 -1227 -12770
4368 -969 -12798
4369 -1029 -12814
4370 -1025 -12734
4371 -1061 -12670
4372 -1067 -12622
4373 -1189 -12902
4374 -1207 -12850
4375 -1273 -12646
4376 -1187 -12562
4377 -1445 -12698
4378 -1293 -12790
4379 -1257 -12598
4380 -1253 -12834
4381 -1365 -12710
4382 -1387 -12934
4383 -1375 -12878
4384 -1367 -12638
4385 -1321 -12774
4386 -1085 -12718
4387 -1013 -12738
4388 -1007 -12786
4389 -911 -12658
4390 -841 -12778
4391 -969 -12806
4392 -871 -12826
4393 -957 -12690
4394 -1041 -12926
4395 -921 -12894
4396 -1007 -13130
4397 -891 -12950
4398 -843 -12790
4399 -943 -12762
4400 -923 -12802
4401 -691 -12622
4402 -631 -12702
4403 -651 -12722
4404 -823 -12622
4405 -807 -12626
4406 -699 -12518
4407 -709 -12646
4408 -693 -12722
4409 -537 -12578
4410 -623 -12510
4411 -797 -12462
4412 -973 -12774
4413 -913 -12634
4414 -797 -12574
4415 -879 -12382
4416 -759 -12422
4417 -665 -12510
4418 -657 -12770
4419 -631 -12698
4420 -627 -12666
4421 -405 -12698
4422 -207 -12826
4423 -179 -12694
4424 -45 -12566
4425 -67 -12694
4426 -75 -12682
4427 -185 -12470
4428 -329 -12446
4429 -429 -12550
4430 -307 -12638
4431 -399 -12522
4432 -519 -12526
4433 -517 -12570
4434 -501 -12358
4435 -427 -12602
4436 -313 -12478
4437 -107 -12466
4438 -215 -12558
4439 -265 -12690
4440 -219 -12574
4441 -233 -12606
4442 -265 -12554
4443 -345 -12622
4444 -399 -12674
4445 -265 -12682
4446 -227 -12690
4447 -255 -12594
4448 -283 -12638
4449 -153 -12646
4450 -97 -12662
4451 -199 -12582
4452 -145 -12642
4453 -41 -12494
4454 111 -12454
4455 101 -12534
4456 -15 -12374
4457 -91 -12622
4458 -203 -12446
4459 -179 -12874
4460 -199 -12522
4461 -315 -12526
4462 -293 -12314
4463 -327 -12486
4464 -201 -12578
4465 -29 -12230
4466 -45 -12486
4467 27 -12554
4468 -77 -12614
4469 -107 -12358
4470 -195 -12342
4471 -137 -12462
4472 -103 -12326
4473 -215 -12838
4474 -209 -12842
4475 -137 -12666
4476 -137 -13054
4477 -87 -12734
4478 51 -12742
4479 -25 -12874
4480 13 -12870
4481 31 -12638
4482 11 -12686
4483 -101 -12694
4484 -141 -12770
4485 -123 -12966
4486 -215 -13198
4487 -281 -12978
4488 -151 -12742
4489 -181 -12850
4490 -221 -12726
4491 -301 -12854
4492 -281 -12610
4493 -293 -12598
4494 -103 -12674
4495 -123 -12782
4496 -303 -12594
4497 -283 -12810
4498 -279 -12562
4499 -301 -12442
4500 -533 -12426
4501 -447 -12702
4502 -523 -12686
4503 -583 -12618
4504 -653 -12666
4505 -725 -12586
4506 -573 -12598
4507 -461 -12546
4508 -471 -12662
4509 -593 -12602
4510 -523 -12562
4511 -571 -12790
4512 -501 -12794
4513 -501 -13026
4514 -421 -12826
4515 -357 -12690
4516 -323 -12498
4517 -441 -12526
4518 -571 -12330
4519 -521 -12266
4520 -445 -12354
4521 -155 -12354
4522 -285 -12358
4523 -201 -12182
4524 -161 -12342
4525 111 -12250
4526 165 -12178
4527 269 -12166
4528 227 -12122
4529 233 -12166
4530 167 -11966
4531 71 -12026
4532 43 -12274
4533 181 -12146
4534 101 -12154
4535 3 -12146
4536 -73 -12230
4537 -167 -12266
4538 -155 -12134
4539 -185 -12310
4540 -41 -12382
4541 -15 -12470
4542 77 -12462
4543 -91 -12430
4544 137 -12274
4545 241 -12506
4546 301 -12390
4547 273 -12386
4548 243 -11922
4549 215 -12026
4550 59 -11866
4551 -9 -12094
4552 -141 -12166
4553 -105 -12190
4554 -147 -12414
4555 -165 -12434
4556 69 -12470
4557 125 -12426
4558 47 -12106
4559 -29 -12026
4560 11 -12106
4561 -13 -12506
4562 -167 -12442
4563 -201 -12618
4564 -263 -12622
4565 -265 -12462
4566 -285 -12510
4567 -439 -12366
4568 -687 -12442
4569 -555 -12446
4570 -631 -12518
4571 -529 -12458
4572 -561 -12302
4573 -521 -12526
4574 -563 -12434
4575 -621 -12698
4576 -661 -12978
4577 -585 -12890
4578 -511 -12870
4579 -457 -12866
4580 -523 -12890
4581 -471 -12754
4582 -387 -12658
4583 -407 -12630
4584 -347 -12690
4585 -229 -12838
4586 -307 -12782
4587 -369 -12698
4588 -501 -12578
4589 -591 -12810
4590 -513 -12594
4591 -577 -12386
4592 -583 -12522
4593 -533 -12418
4594 -611 -12418
4595 -689 -12726
4596 -713 -12798
4597 -755 -12850
4598 -769 -12906
4599 -933 -12678
4600 -997 -12750
4601 -1083 -12958
4602 -1101 -12950
4603 -881 -12914
4604 -669 -12918
4605 -619 -13022
4606 -599 -12854
4607 -381 -12830
4608 -349 -12746
4609 -543 -12638
4610 -521 -12482
4611 -495 -12646
4612 -745 -12602
4613 -629 -12822
4614 -539 -12862
4615 -649 -12962
4616 -621 -13022
4617 -555 -12762
4618 -559 -12670
4619 -455 -12846
4620 -443 -12626
4621 -387 -12514
4622 -467 -12634
4623 -255 -12618
4624 -309 -12650
4625 -429 -12578
4626 -505 -12526
4627 -407 -12362
4628 -503 -12494
4629 -409 -12606
4630 -579 -12430
4631 -757 -12514
4632 -869 -12442
4633 -793 -12454
4634 -833 -12486
4635 -731 -12582
4636 -547 -12834
4637 -505 -12970
4638 -529 -12970
4639 -495 -12766
4640 -509 -12686
4641 -487 -12702
4642 -455 -12654
4643 -495 -12590
4644 -445 -12762
4645 -297 -13110
4646 -449 -12714
4647 -431 -12742
4648 -351 -12566
4649 -359 -12738
4650 -459 -12862
4651 -385 -12698
4652 -335 -12714
4653 -291 -12934
4654 -497 -12786
4655 -593 -12778
4656 -497 -12470
4657 -433 -12602
4658 -527 -12694
4659 -613 -12734
4660 -805 -12786
4661 -827 -12766
4662 -887 -12582
4663 -823 -12698
4664 -991 -12662
4665 -1077 -12334
4666 -1033 -12646
4667 -929 -12650
4668 -1177 -12562
4669 -1081 -12422
4670 -951 -12382
4671 -1005 -12618
4672 -1185 -12562
4673 -1167 -12606
4674 -1205 -12626
4675 -1439 -12742
4676 -1485 -12778
4677 -1669 -12850
4678 -1701 -12570
4679 -1607 -12942
4680 -1619 -12894
4681 -1769 -12938
4682 -1609 -12914
4683 -1555 -12798
4684 -1503 -12794
4685 -1521 -12662
4686 -1515 -12998
4687 -1571 -12982
4688 -1603 -12998
4689 -1511 -13106
4690 -1415 -13006
4691 -1433 -12886
4692 -1673 -12962
4693 -1613 -12842
4694 -1799 -12938
4695 -1799 -12742
4696 -1657 -12742
4697 -1555 -12422
4698 -1715 -12310
4699 -1611 -12618
4700 -1541 -12522
4701 -1567 -12598
4702 -1725 -12490
4703 -1839 -12602
4704 -1705 -12782
4705 -1535 -12670
4706 -1441 -12810
4707 -1351 -12874
4708 -1337 -12746
4709 -1327 -12754
4710 -1495 -12446
4711 -1535 -12602
4712 -1571 -12646
4713 -1591 -12578
4714 -1819 -12522
4715 -1781 -12518
4716 -1711 -12474
4717 -1677 -12490
4718 -1613 -12594
4719 -1619 -12602
4720 -1593 -12646
4721 -1521 -12602
4722 -1655 -12458
4723 -1577 -12442
4724 -1505 -12346
4725 -1295 -12434
4726 -1173 -12482
4727 -1001 -12574
4728 -1039 -12842
4729 -1175 -12650
4730 -1071 -12602
4731 -1047 -12722
4732 -959 -12922
4733 -1037 -12934
4734 -1169 -12782
4735 -1173 -12958
4736 -1143 -12854
4737 -1235 -12518
4738 -1351 -12186
4739 -1497 -12486
4740 -1381 -12310
4741 -1231 -12398
4742 -1283 -12486
4743 -1395 -12318
4744 -1399 -12598
4745 -1283 -12718
4746 -1277 -12510
4747 -1283 -12474
4748 -1215 -12634
4749 -1195 -12594
4750 -1267 -12630
4751 -1385 -12306
4752 -1429 -12446
4753 -1507 -12666
4754 -1515 -12814
4755 -1463 -12710
4756 -1571 -12438
4757 -1565 -12630
4758 -1487 -12694
4759 -1585 -12834
4760 -1523 -12674
4761 -1397 -12910
4762 -1237 -12942
4763 -1343 -12662
4764 -1277 -12966
4765 -1315 -12898
4766 -1297 -12970
4767 -1237 -12898
4768 -1279 -12922
4769 -1297 -12942
4770 -1199 -12774
4771 -1221 -12734
4772 -1253 -12938
4773 -1253 -12842
4774 -1187 -12770
4775 -1231 -12694
4776 -1241 -12762
4777 -1293 -12898
4778 -1147 -12618
4779 -1241 -12582
4780 -1301 -12514
4781 -1219 -12618
4782 -1283 -12862
4783 -1103 -12770
4784 -1149 -12706
4785 -1243 -12862
4786 -1225 -12882
4787 -1215 -13122
4788 -1317 -12714
4789 -1187 -12830
4790 -1151 -12986
4791 -1321 -13030
4792 -1367 -12930
4793 -1347 -13050
4794 -1293 -12982
4795 -1269 -12834
4796 -1239 -12806
4797 -1295 -12802
4798 -1233 -12714
4799 -1165 -12846
4800 -1087 -12670
4801 -1027 -12522
4802 -1083 -12442
4803 -983 -12554
4804 -877 -12226
4805 -877 -12534
4806 -825 -12354
4807 -885 -12474
4808 -1009 -12626
4809 -785 -12394
4810 -733 -12266
4811 -663 -12342
4812 -643 -12506
4813 -541 -12426
4814 -361 -12562
4815 -237 -12614
4816 -267 -12866
4817 -137 -12778
4818 -83 -12786
4819 -7 -12626
4820 -191 -12842
4821 -181 -12950
4822 -309 -12794
4823 -313 -12630
4824 -153 -12782
4825 -45 -12866
4826 27 -12674
4827 143 -12854
4828 63 -12542
4829 105 -12546
4830 29 -12574
4831 -147 -12498
4832 -27 -12502
4833 -173 -12438
4834 -187 -12470
4835 -153 -12654
4836 -177 -12802
4837 -515 -12678
4838 -375 -12642
4839 -439 -12662
4840 -391 -12526
4841 -359 -12770
4842 -343 -12698
4843 -499 -12786
4844 -419 -12662
4845 -475 -12498
4846 -453 -12262
4847 -477 -12078
4848 -563 -12270
4849 -657 -12486
4850 -719 -12642
4851 -781 -12462
4852 -759 -12642
4853 -719 -12586
4854 -769 -12478
4855 -825 -12182
4856 -965 -12222
4857 -1105 -12374
4858 -1179 -12526
4859 -1001 -12754
4860 -1131 -12722
4861 -1163 -12854
4862 -1265 -12762
4863 -1223 -12690
4864 -1399 -13038
4865 -1325 -12774
4866 -1397 -12758
4867 -1563 -13106
4868 -1489 -12630
4869 -1525 -12650
4870 -1727 -13062
4871 -1789 -13454
4872 -1631 -13126
4873 -1539 -12982
4874 -1551 -13090
4875 -1703 -12950
4876 -1599 -13026
4877 -1593 -12778
4878 -1727 -12882
4879 -1491 -12822
4880 -1547 -12746
4881 -1487 -12818
4882 -1437 -12698
4883 -1265 -12806
4884 -1115 -12986
4885 -1053 -13042
4886 -897 -13054
4887 -777 -12978
4888 -827 -13090
4889 -855 -13130
4890 -847 -13130
4891 -963 -13058
4892 -891 -13218
4893 -915 -13214
4894 -909 -13166
4895 -963 -13042
4896 -1063 -13006
4897 -1005 -13162
4898 -961 -13130
4899 -959 -13226
4900 -1065 -13118
4901 -903 -13194
4902 -1005 -13058
4903 -1081 -12894
4904 -977 -12554
4905 -1045 -12902
4906 -1139 -12790
4907 -1229 -12822
4908 -1169 -12954
4909 -983 -13182
4910 -1083 -13422
4911 -1193 -13166
4912 -1317 -13062
4913 -1389 -12946
4914 -1397 -12846
4915 -1411 -12914
4916 -1345 -12978
4917 -1439 -12742
4918 -1395 -12750
4919 -1423 -12786
4920 -1533 -12838
4921 -1565 -12806
4922 -1617 -12710
4923 -1495 -12770
4924 -1415 -12806
4925 -1449 -12790
4926 -1417 -12534
4927 -1447 -12550
4928 -1567 -12982
4929 -1525 -12702
4930 -1623 -12918
4931 -1667 -13110
4932 -1729 -13210
4933 -1795 -12998
4934 -1577 -12770
4935 -1691 -12818
4936 -1841 -12862
4937 -1863 -12946
4938 -1809 -13054
4939 -1717 -12910
4940 -1829 -12778
4941 -1947 -12858
4942 -2033 -12942
4943 -2159 -12854
4944 -2099 -12926
4945 -2221 -13030
4946 -2277 -13158
4947 -2315 -13062
4948 -2221 -13090
4949 -2259 -13230
4950 -2211 -12874
4951 -2095 -12938
4952 -2009 -13154
4953 -1949 -12998
4954 -1895 -12870
4955 -2157 -13274
4956 -2211 -13202
4957 -2177 -13102
4958 -2307 -13210
4959 -2137 -13210
4960 -2229 -13266
4961 -2187 -13106
4962 -2253 -12938
4963 -2241 -13162
4964 -2273 -13006
4965 -2269 -13026
4966 -2257 -13138
4967 -2395 -13246
4968 -2389 -12978
4969 -2365 -12842
4970 -2331 -12874
4971 -2315 -12846
4972 -2127 -12954
4973 -1935 -12910
4974 -1981 -12886
4975 -2137 -13198
4976 -2243 -13314
4977 -2259 -13038
4978 -2203 -12934
4979 -2041 -12758
4980 -2143 -12894
4981 -2011 -12710
4982 -2071 -12574
4983 -2021 -12630
4984 -2031 -12642
4985 -2095 -12778
4986 -2143 -12670
4987 -2219 -12870
4988 -2267 -12730
4989 -2431 -12714
4990 -2467 -12566
4991 -2643 -12766
4992 -2609 -12970
4993 -2549 -12846
4994 -2625 -13102
4995 -2535 -12886
4996 -2495 -12938
4997 -2555 -13042
4998 -2427 -13118
4999 -2525 -13142
5000 -2725 -13030
5001 -2811 -13078
5002 -2719 -13074
5003 -2859 -12682
5004 -2909 -12982
5005 -2773 -13002
5006 -2815 -12822
5007 -2773 -12662
5008 -2741 -12774
5009 -2779 -12574
5010 -2645 -12762
5011 -2579 -12510
5012 -2677 -12814
5013 -2685 -12774
5014 -2615 -12846
5015 -2819 -13082
5016 -2799 -13042
5017 -2895 -12726
5018 -3167 -12962
5019 -3309 -12986
5020 -3229 -12886
5021 -3217 -12706
5022 -3275 -12754
5023 -3219 -13222
5024 -3137 -13030
5025 -3265 -13182
5026 -3153 -13078
5027 -3255 -13098
5028 -3299 -12830
5029 -3199 -13018
5030 -3129 -13230
5031 -3181 -13178
5032 -3107 -13018
5033 -3205 -13062
5034 -3127 -12802
5035 -3191 -12642
5036 -3293 -13066
5037 -3295 -13126
5038 -3307 -12886
5039 -3205 -12842
5040 -3181 -12894
5041 -3313 -13010
5042 -3345 -13278
5043 -3287 -13222
5044 -3283 -12882
5045 -3443 -13010
5046 -3291 -13070
5047 -3339 -13166
5048 -3417 -13138
5049 -3595 -13526
5050 -3499 -13438
5051 -3561 -13462
5052 -3591 -13322
5053 -3555 -13422
5054 -3557 -13318
5055 -3441 -13294
5056 -3473 -13426
5057 -3355 -13362
5058 -3179 -13290
5059 -3189 -13474
5060 -3207 -13350
5061 -3185 -13318
5062 -3297 -13094
5063 -3159 -12890
5064 -3193 -13170
5065 -3185 -13050
5066 -3189 -13182
5067 -3155 -13118
5068 -3171 -12922
5069 -3163 -13074
5070 -3105 -13022
5071 -3055 -13022
5072 -3189 -13090
5073 -2995 -12950
5074 -3027 -12994
5075 -3243 -13054
5076 -3219 -12858
5077 -3305 -13054
5078 -3293 -12922
5079 -3259 -12922
5080 -3319 -12994
5081 -3225 -13062
5082 -3249 -12950
5083 -3087 -12810
5084 -3001 -12806
5085 -2839 -12650
5086 -2887 -12610
5087 -2769 -12618
5088 -2769 -12610
5089 -2709 -12630
5090 -2865 -12678
5091 -2763 -12638
5092 -2745 -12694
5093 -2847 -12890
5094 -2941 -12826
5095 -3063 -12718
5096 -3117 -13026
5097 -3093 -12854
5098 -2849 -12786
5099 -2775 -12990
5100 -2625 -12718
5101 -2735 -13034
5102 -2809 -13066
5103 -2967 -12998
5104 -3225 -12982
5105 -3245 -12794
5106 -3315 -12698
5107 -3273 -12890
5108 -3239 -13030
5109 -3483 -13554
5110 -3551 -13506
5111 -3533 -13246
5112 -3545 -13250
5113 -3469 -13182
5114 -3353 -12918
5115 -3287 -12790
5116 -3435 -13314
5117 -3411 -13202
5118 -3377 -13206
5119 -3521 -13206
5120 -3529 -13174
5121 -3495 -13278
5122 -3391 -13110
5123 -3411 -13134
5124 -3391 -13270
5125 -3465 -13274
5126 -3495 -13158
5127 -3661 -13242
5128 -3511 -13218
5129 -3591 -13098
5130 -3619 -13034
5131 -3641 -12938
5132 -3489 -12802
5133 -3439 -12822
5134 -3457 -12774
5135 -3563 -12806
5136 -3481 -12814
5137 -3581 -12914
5138 -3371 -12722
5139 -3465 -13098
5140 -3501 -12910
5141 -3625 -13098
5142 -3575 -12778
5143 -3585 -12702
5144 -3701 -12802
5145 -3653 -13110
5146 -3745 -13090
5147 -3691 -13126
5148 -3735 -12994
5149 -3953 -12962
5150 -4025 -12978
5151 -4091 -13010
5152 -4313 -13230
5153 -4343 -13158
5154 -4313 -13158
5155 -4315 -13182
5156 -4329 -13042
5157 -4247 -12942
5158 -4149 -13178
5159 -4091 -13178
5160 -4241 -12898
5161 -4149 -13098
5162 -4149 -13022
5163 -3883 -12862
5164 -4015 -12782
5165 -3925 -12778
5166 -3901 -12702
5167 -4093 -12994
5168 -4011 -13210
5169 -3967 -13082
5170 -3983 -12790
5171 -3929 -12734
5172 -4053 -12902
5173 -4099 -13094
5174 -4033 -13150
5175 -3957 -13102
5176 -4005 -13298
5177 -3993 -13286
5178 -3909 -13234
5179 -3977 -13262
5180 -3939 -13202
5181 -3957 -13202
5182 -3937 -13186
5183 -3937 -13270
5184 -3995 -13342
5185 -3889 -13002
5186 -3941 -13058
5187 -3955 -13238
5188 -3721 -13034
5189 -3599 -12998
5190 -3653 -12942
5191 -3513 -12714
5192 -3427 -12834
5193 -3355 -12830
5194 -3185 -12894
5195 -3193 -12554
5196 -3207 -13018
5197 -3123 -12786
5198 -3301 -13026
5199 -3363 -12954
5200 -3353 -13102
5201 -3337 -13038
5202 -3239 -12618
5203 -3241 -13018
5204 -3145 -12862
5205 -3205 -13150
5206 -3133 -13078
5207 -3157 -12698
5208 -3165 -12990
5209 -3045 -13258
5210 -2937 -12950
5211 -2975 -12806
5212 -2863 -12846
5213 -2885 -12834
5214 -2881 -12778
5215 -2959 -12966
5216 -3081 -12694
5217 -2947 -12654
5218 -3009 -12806
5219 -3063 -12818
5220 -2961 -12606
5221 -3077 -12606
5222 -3153 -12598
5223 -3341 -13238
5224 -3301 -13270
5225 -3447 -13310
5226 -3433 -13350
5227 -3309 -13082
5228 -3241 -13150
5229 -3293 -13350
5230 -3411 -13182
5231 -3479 -12874
5232 -3417 -13050
5233 -3421 -13022
5234 -3451 -12946
5235 -3373 -12926
5236 -3261 -12774
5237 -3373 -12706
5238 -3379 -12614
5239 -3517 -13026
5240 -3537 -12902
5241 -3605 -12782
5242 -3593 -12554
5243 -3587 -12734
5244 -3561 -12854
5245 -3553 -12994
5246 -3657 -12858
5247 -3661 -13142
5248 -3709 -13142
5249 -3773 -13238
5250 -3803 -13162
5251 -3805 -13214
5252 -3959 -13434
5253 -3919 -13282
5254 -3861 -13538
5255 -3899 -13578
5256 -3721 -13346
5257 -3735 -13490
5258 -3535 -13582
5259 -3395 -13318
5260 -3305 -13330
5261 -3297 -13186
5262 -3201 -13114
5263 -3249 -13082
5264 -3325 -13050
5265 -3349 -13274
5266 -3345 -13246
5267 -3457 -13190
5268 -3463 -13130
5269 -3363 -13134
5270 -3397 -12882
5271 -3357 -12982
5272 -3135 -12422
5273 -3069 -12266
5274 -3053 -12574
5275 -2963 -12842
5276 -2999 -13082
5277 -3241 -13218
5278 -3283 -13230
5279 -3353 -13562
5280 -2973 -13078
5281 -3113 -13046
5282 -3033 -13018
5283 -3195 -13230
5284 -3059 -13066
5285 -3003 -13030
5286 -2961 -13086
5287 -2889 -13110
5288 -3017 -13058
5289 -2867 -13138
5290 -2863 -13290
5291 -2943 -13286
5292 -2799 -13254
5293 -2839 -13030
5294 -2871 -12814
5295 -2603 -12786
5296 -2655 -12538
5297 -2831 -12698
5298 -2809 -12754
5299 -3049 -12942
5300 -3087 -12958
5301 -2967 -12990
5302 -2913 -13182
5303 -2851 -12982
5304 -2647 -12982
5305 -2579 -12898
5306 -2529 -12878
5307 -2619 -12934
5308 -2353 -12766
5309 -2283 -12634
5310 -2411 -12614
5311 -2351 -12770
5312 -2309 -12750
5313 -2313 -12754
5314 -2385 -12810
5315 -2285 -12638
5316 -2207 -12530
5317 -2191 -12570
5318 -2131 -12566
5319 -2263 -12706
5320 -2163 -12766
5321 -2105 -12638
5322 -2061 -12826
5323 -2193 -12874
5324 -2335 -12782
5325 -2453 -12906
5326 -2357 -12750
5327 -2453 -12670
5328 -2487 -12538
5329 -2587 -12642
5330 -2549 -12654
5331 -2583 -12802
5332 -2629 -12674
5333 -2579 -12694
5334 -2567 -12854
5335 -2601 -13018
5336 -2581 -13198
5337 -2441 -12854
5338 -2513 -13006
5339 -2559 -12830
5340 -2589 -12734
5341 -2489 -12814
5342 -2419 -12958
5343 -2333 -12806
5344 -2419 -12742
5345 -2359 -12686
5346 -2421 -12634
5347 -2417 -12738
5348 -2321 -12858
5349 -2339 -12666
5350 -2291 -13082
5351 -2315 -12874
5352 -2385 -12990
5353 -2517 -12922
5354 -2543 -13298
5355 -2647 -13026
5356 -2631 -13098
5357 -2653 -13038
5358 -2703 -13026
5359 -2925 -13098
5360 -2845 -13146
5361 -2883 -12938
5362 -2815 -13026
5363 -2745 -12850
5364 -2747 -12990
5365 -2687 -13170
5366 -2749 -13122
5367 -2631 -13026
5368 -2637 -13278
5369 -2691 -13090
5370 -2609 -12790
5371 -2781 -12998
5372 -2849 -13138
5373 -2731 -12738
5374 -2687 -12646
5375 -2673 -12618
5376 -2815 -12858
5377 -2881 -12778
5378 -2851 -12586
5379 -2975 -12658
5380 -3081 -12738
5381 -2949 -12738
5382 -3049 -12666
5383 -2943 -12798
5384 -2961 -12450
5385 -3115 -12522
5386 -3291 -12874
5387 -3341 -12926
5388 -3135 -12950
5389 -3243 -12830
5390 -3253 -12578
5391 -3299 -12902
5392 -3331 -13090
5393 -3325 -12858
5394 -3443 -13106
5395 -3577 -13326
5396 -3615 -13318
5397 -3777 -13206
5398 -3757 -13138
5399 -3793 -12986
5400 -3867 -13314
5401 -3903 -13430
5402 -3847 -13382
5403 -3935 -13366
5404 -3969 -13138
5405 -4053 -13378
5406 -3971 -13510
5407 -3877 -13538
5408 -3751 -13266
5409 -3743 -13350
5410 -3765 -13110
5411 -3809 -13166
5412 -3747 -13266
5413 -3507 -12938
5414 -3413 -12982
5415 -3421 -13046
5416 -3451 -12818
5417 -3407 -13106
5418 -3243 -13138
5419 -3215 -12954
5420 -3251 -13178
5421 -3295 -12926
5422 -3469 -13310
5423 -3583 -13570
5424 -3477 -13614
5425 -3301 -13754
5426 -3285 -13314
5427 -3255 -12870
5428 -3191 -12958
5429 -3137 -12994
5430 -3073 -13002
5431 -3209 -13126
5432 -3137 -12862
5433 -3079 -12854
5434 -3217 -13038
5435 -3319 -12970
5436 -3325 -12894
5437 -3239 -12674
5438 -3259 -12882
5439 -3321 -12726
5440 -3233 -12774
5441 -3141 -12822
5442 -3151 -12910
5443 -3063 -12770
5444 -3031 -12770
5445 -3049 -12458
5446 -3045 -12538
5447 -3225 -12994
5448 -3293 -12878
5449 -3163 -12898
5450 -3155 -12834
5451 -3037 -13114
5452 -3069 -13138
5453 -3019 -13130
5454 -3115 -13106
5455 -3061 -13234
5456 -3111 -12826
5457 -3077 -13038
5458 -3185 -13242
5459 -3261 -13170
5460 -3157 -13054
5461 -3203 -13146
5462 -3007 -13222
5463 -2921 -13490
5464 -2979 -13558
5465 -3171 -13466
5466 -3059 -13142
5467 -2981 -13050
5468 -2923 -13138
5469 -2969 -12942
5470 -2865 -13006
5471 -2831 -13006
5472 -2943 -12858
5473 -2943 -13054
5474 -2993 -12946
5475 -2999 -13198
5476 -3009 -13238
5477 -2991 -13338
5478 -2935 -13286
5479 -2885 -13086
5480 -2901 -12954
5481 -2891 -12938
5482 -2765 -12738
5483 -2783 -12966
5484 -2873 -12822
5485 -2829 -12878
5486 -2947 -12958
5487 -2775 -13194
5488 -2733 -13062
5489 -2773 -13214
5490 -2871 -13282
5491 -2987 -13158
5492 -2833 -13126
5493 -2831 -13002
5494 -2839 -12902
5495 -2879 -12906
5496 -2823 -13162
5497 -2823 -12986
5498 -2759 -13082
5499 -2679 -12962
5500 -2757 -12970
5501 -2769 -12942
5502 -2873 -13006
5503 -2987 -13270
5504 -2911 -13058
5505 -2703 -12918
5506 -2715 -12894
5507 -2679 -13062
5508 -2629 -12978
5509 -2719 -13058
5510 -2673 -12974
5511 -2515 -12930
5512 -2565 -12994
5513 -2573 -13134
5514 -2329 -13170
5515 -2343 -13118
5516 -2269 -12734
5517 -2269 -12942
5518 -2437 -12926
5519 -2381 -12930
5520 -2409 -12774
5521 -2439 -13114
5522 -2407 -12866
5523 -2319 -12958
5524 -2471 -13154
5525 -2465 -13054
5526 -2457 -12874
5527 -2489 -12922
5528 -2323 -12966
5529 -2453 -13318
5530 -2507 -13130
5531 -2329 -13034
5532 -2309 -13098
5533 -2233 -12874
5534 -2275 -12862
5535 -2333 -12766
5536 -2273 -12774
5537 -2381 -12690
5538 -2489 -12874
5539 -2437 -12842
5540 -2271 -13034
5541 -2369 -12882
5542 -2431 -12946
5543 -2367 -12722
5544 -2435 -12694
5545 -2527 -13178
5546 -2415 -13206
5547 -2591 -13346
5548 -2509 -13466
5549 -2603 -13102
5550 -2565 -13218
5551 -2479 -13198
5552 -2351 -12946
5553 -2379 -12786
5554 -2321 -12738
5555 -2377 -13190
5556 -2259 -12642
5557 -2209 -12822
5558 -2101 -12790
5559 -2147 -12806
5560 -2211 -12858
5561 -2291 -12962
5562 -2345 -12886
5563 -2327 -13102
5564 -2323 -13026
5565 -2199 -12850
5566 -2087 -12854
5567 -2017 -13198
5568 -1965 -13122
5569 -1857 -13078
5570 -1827 -13166
5571 -1819 -13322
5572 -1811 -12950
5573 -1969 -13058
5574 -1847 -13134
5575 -1931 -13026
5576 -1809 -13122
5577 -1921 -12990
5578 -1759 -13074
5579 -1567 -12890
5580 -1609 -12858
5581 -1753 -12930
5582 -1603 -13134
5583 -1571 -13034
5584 -1611 -13350
5585 -1665 -13262
5586 -1679 -13114
5587 -1831 -13514
5588 -1771 -13402
5589 -1787 -13306
5590 -1751 -13330
5591 -1725 -13246
5592 -1725 -12790
5593 -1907 -13002
5594 -1853 -13086
5595 -1869 -13058
5596 -1815 -12870
5597 -1699 -12958
5598 -1721 -12954
5599 -1717 -13026
5600 -1795 -13090
5601 -1633 -13090
5602 -1699 -13118
5603 -1839 -13150
5604 -1729 -12982
5605 -1781 -13006
5606 -1767 -13070
5607 -1749 -12938
5608 -1905 -12770
5609 -1833 -12898
5610 -1957 -13018
5611 -1981 -12902
5612 -2031 -12874
5613 -1981 -12822
5614 -2019 -12886
5615 -2083 -13058
5616 -1975 -13146
5617 -2029 -12970
5618 -2059 -13018
5619 -2097 -12966
5620 -2121 -12630
5621 -2143 -12802
5622 -1975 -12766
5623 -1975 -12874
5624 -2115 -12882
5625 -2037 -12906
5626 -2023 -12902
5627 -1971 -12722
5628 -1937 -12762
5629 -1989 -13010
5630 -2067 -12910
5631 -1991 -12850
5632 -1957 -12702
5633 -1951 -13154
5634 -1991 -12998
5635 -1817 -12654
5636 -1817 -12654
5637 -1685 -12754
5638 -1729 -12842
5639 -1545 -12890
5640 -1745 -12810
5641 -1725 -12870
5642 -1787 -12606
5643 -1737 -12646
5644 -1873 -12606
5645 -1775 -12922
5646 -1627 -13058
5647 -1711 -12806
5648 -1829 -12998
5649 -1909 -13002
5650 -1879 -13262
5651 -1861 -12986
5652 -1817 -12922
5653 -1859 -12778
5654 -1693 -12518
5655 -1765 -12478
5656 -1797 -12646
5657 -1669 -12598
5658 -1491 -12786
5659 -1353 -13034
5660 -1231 -13082
5661 -1073 -12518
5662 -1147 -12478
5663 -1123 -12334
5664 -1109 -12370
5665 -1163 -12334
5666 -1161 -12334
5667 -927 -12354
5668 -913 -12382
5669 -767 -12214
5670 -879 -12542
5671 -635 -12246
5672 -745 -12530
5673 -851 -12518
5674 -817 -12790
5675 -799 -12754
5676 -783 -12794
5677 -691 -12826
5678 -795 -12694
5679 -743 -12762
5680 -593 -12442
5681 -661 -12490
5682 -687 -12698
5683 -589 -12570
5684 -551 -12606
5685 -707 -12854
5686 -883 -12894
5687 -871 -12970
5688 -1093 -12750
5689 -1147 -12674
5690 -1161 -12890
5691 -1173 -12854
5692 -1231 -12882
5693 -1299 -12794
5694 -1083 -12754
5695 -1017 -12506
5696 -779 -12606
5697 -741 -12634
5698 -721 -12814
5699 -735 -12666
5700 -609 -12754
5701 -487 -12830
5702 -487 -12502
5703 -397 -12658
5704 -189 -12806
5705 -181 -12826
5706 -71 -12774
5707 -29 -12890
5708 -11 -12834
5709 -53 -12774
5710 -83 -12698
5711 -287 -12446
5712 -391 -12550
5713 -487 -12366
5714 -517 -12378
5715 -583 -12518
5716 -515 -12518
5717 -455 -12338
5718 -347 -12498
5719 -309 -12494
5720 -233 -12326
5721 -265 -12318
5722 -309 -12314
5723 -341 -12554
5724 -381 -12450
5725 -511 -12426
5726 -773 -12714
5727 -945 -12646
5728 -829 -12790
5729 -731 -12854
5730 -605 -12826
5731 -661 -12770
5732 -591 -12766
5733 -691 -12814
5734 -681 -12790
5735 -667 -12510
5736 -519 -12730
5737 -593 -12662
5738 -621 -12774
5739 -487 -12786
5740 -429 -12930
5741 -425 -12866
5742 -285 -12958
5743 -411 -12818
5744 -303 -12878
5745 -233 -12782
5746 -327 -12698
5747 -263 -12742
5748 -333 -13042
5749 -315 -12886
5750 -483 -12578
5751 -497 -12738
5752 -495 -12806
5753 -551 -12926
5754 -615 -12838
5755 -711 -12938
5756 -877 -12718
5757 -897 -12662
5758 -701 -12574
5759 -631 -12686
5760 -713 -12582
5761 -691 -12722
5762 -599 -13002
5763 -441 -12926
5764 -305 -12786
5765 -401 -12602
5766 -573 -12202
5767 -625 -12162
5768 -633 -12462
5769 -507 -12262
5770 -395 -12906
5771 -393 -12906
5772 -353 -12570
5773 -441 -12294
5774 -473 -12678
5775 -365 -12662
5776 -387 -12710
5777 -283 -12622
5778 -337 -12634
5779 -355 -12406
5780 -481 -12438
5781 -455 -12582
5782 -773 -12506
5783 -749 -12510
5784 -825 -12322
5785 -643 -12634
5786 -707 -12734
5787 -703 -12626
5788 -665 -12714
5789 -533 -12782
5790 -445 -13074
5791 -355 -12918
5792 -225 -13034
5793 -263 -13062
5794 -97 -13070
5795 -25 -13034
5796 -21 -12718
5797 -133 -12538
5798 -295 -12678
5799 -427 -12578
5800 -313 -12706
5801 -305 -12726
5802 -235 -12998
5803 -33 -12854
5804 -17 -12758
5805 -39 -12838
5806 -33 -12682
5807 195 -12602
5808 421 -12466
5809 409 -12626
5810 523 -12706
5811 473 -12758
5812 599 -12826
5813 435 -12498
5814 287 -12562
5815 233 -12690
5816 263 -12798
5817 181 -12898
5818 63 -12750
5819 55 -12746
5820 135 -12774
5821 107 -12542
5822 67 -12246
5823 -103 -12542
5824 -51 -12870
5825 115 -12806
5826 89 -12402
5827 -1 -12806
5828 -93 -12998
5829 -37 -13206
5830 137 -12954
5831 163 -12970
5832 171 -13038
5833 -61 -13046
5834 35 -13030
5835 -65 -12814
5836 -75 -12634
5837 -173 -12686
5838 -327 -12582
5839 -183 -12538
5840 -265 -12630
5841 -171 -12702
5842 -245 -12534
5843 -337 -12882
5844 -331 -13138
5845 -291 -12866
5846 -541 -12926
5847 -665 -12890
5848 -817 -12846
5849 -809 -12970
5850 -823 -13102
5851 -887 -13206
5852 -867 -13002
5853 -837 -13010
5854 -761 -13006
5855 -889 -13082
5856 -875 -13110
5857 -1065 -13434
5858 -1177 -13186
5859 -1169 -13106
5860 -1215 -13030
5861 -1209 -12990
5862 -961 -13062
5863 -903 -13298
5864 -1063 -13050
5865 -1085 -13070
5866 -1169 -13022
5867 -1027 -12922
5868 -1123 -12922
5869 -1031 -13282
5870 -1081 -13050
5871 -973 -12898
5872 -1025 -12810
5873 -945 -12998
5874 -979 -13470
5875 -919 -13446
5876 -769 -13238
5877 -807 -12738
5878 -807 -12826
5879 -901 -12986
5880 -773 -13110
5881 -695 -13010
5882 -533 -12850
5883 -613 -12686
5884 -481 -13042
5885 -615 -13170
5886 -843 -12962
5887 -763 -13082
5888 -749 -13010
5889 -643 -13190
5890 -733 -13002
5891 -641 -12850
5892 -553 -12634
5893 -491 -12670
5894 -317 -12686
5895 -405 -12778
5896 -525 -12594
5897 -409 -12742
5898 -397 -12822
5899 -521 -12554
5900 -607 -12478
5901 -573 -12882
5902 -299 -12602
5903 -323 -12574
5904 -317 -12842
5905 -303 -12418
5906 -373 -12490
5907 -275 -12770
5908 -297 -12750
5909 -389 -12702
5910 -455 -12762
5911 -529 -12682
5912 -679 -12754
5913 -689 -12914
5914 -517 -12846
5915 -493 -12994
5916 -411 -13130
5917 -219 -12958
5918 -185 -13110
5919 -377 -13122
5920 -315 -13218
5921 -367 -13282
5922 -457 -13166
5923 -537 -13150
5924 -443 -13038
5925 -309 -13282
5926 -123 -13446
5927 -169 -13126
5928 -187 -13154
5929 11 -13166
5930 65 -13062
5931 -131 -12886
5932 -373 -13170
5933 -237 -12942
5934 -219 -13134
5935 -235 -13038
5936 -115 -13078
5937 -157 -13286
5938 -351 -13186
5939 -305 -13066
5940 -379 -13050
5941 -453 -13214
5942 -457 -12970
5943 -423 -13034
5944 -291 -13082
5945 -439 -12970
5946 -463 -13022
5947 -513 -12830
5948 -637 -12962
5949 -557 -13214
5950 -523 -12918
5951 -551 -12858
5952 -611 -13066
5953 -405 -12830
5954 -331 -12842
5955 -239 -12826
5956 -239 -12858
5957 -203 -12914
5958 -253 -12798
5959 -55 -12706
5960 83 -13166
5961 109 -13298
5962 141 -13382
5963 149 -13278
5964 349 -13290
5965 405 -13350
5966 435 -13270
5967 423 -13302
5968 327 -13054
5969 341 -12974
5970 357 -13062
5971 243 -12942
5972 337 -12998
5973 283 -13150
5974 175 -13302
5975 253 -13442
5976 351 -13674
5977 465 -13534
5978 349 -13442
5979 393 -13494
5980 357 -13210
5981 411 -13038
5982 425 -12990
5983 373 -12986
5984 405 -13282
5985 221 -13178
5986 207 -13150
5987 123 -12954
5988 79 -12874
5989 275 -13110
5990 309 -12974
5991 81 -12778
5992 -61 -12758
5993 -139 -12886
5994 -145 -12966
5995 -77 -13474
5996 -109 -13194
5997 -219 -13046
5998 -179 -13022
5999 -163 -13114
6000 -217 -13066
6001 -337 -13166
6002 -327 -13266
6003 -345 -13390
6004 -325 -13150
6005 -237 -13302
6006 -177 -13458
6007 -267 -13346
6008 -291 -13370
6009 -325 -13526
6010 -403 -13394
6011 -415 -13618
6012 -333 -13374
6013 -225 -13646
6014 -279 -13410
6015 -281 -13286
6016 -365 -13290
6017 -343 -13250
6018 -257 -13454
6019 -317 -13386
6020 -257 -13042
6021 -129 -13670
6022 -143 -13350
6023 -303 -13186
6024 -295 -13494
6025 -235 -13550
6026 -227 -13486
6027 -221 -13774
6028 -145 -13242
6029 -133 -13206
6030 -159 -13050
6031 75 -13154
6032 85 -13510
6033 -123 -13438
6034 -111 -13614
6035 -191 -13622
6036 115 -13470
6037 49 -13494
6038 23 -13314
6039 -51 -12946
6040 -145 -12830
6041 -151 -12778
6042 27 -12806
6043 -67 -13050
6044 -109 -13498
6045 -31 -13302
6046 -165 -13538
6047 -81 -13254
6048 -127 -13110
6049 -253 -13294
6050 -185 -13014
6051 -177 -13146
6052 -247 -13098
6053 -413 -13158
6054 -395 -13054
6055 -383 -12886
6056 -499 -13030
6057 -611 -13010
6058 -551 -13022
6059 -591 -13082
6060 -583 -13038
6061 -567 -13030
6062 -515 -13102
6063 -541 -13074
6064 -401 -12766
6065 -361 -12922
6066 -299 -12954
6067 -163 -13346
6068 -129 -13146
6069 -5 -13290
6070 75 -12926
6071 247 -12810
6072 133 -12982
6073 -85 -13022
6074 17 -13050
6075 -61 -13058
6076 -165 -13138
6077 -145 -12846
6078 -141 -12974
6079 -129 -12862
6080 -243 -12702
6081 -247 -12458
6082 -421 -12242
6083 -449 -12522
6084 -377 -12714
6085 -317 -12794
6086 -241 -12782
6087 -495 -13018
6088 -305 -13102
6089 -297 -12930
6090 -477 -13078
6091 -311 -12926
6092 -271 -12814
6093 -349 -13182
6094 -245 -13130
6095 -463 -13022
6096 -331 -13026
6097 -337 -13262
6098 -241 -13250
6099 -321 -12954
6100 -355 -12850
6101 -277 -13010
6102 -285 -13142
6103 -363 -13114
6104 -323 -13278
6105 -351 -13242
6106 -505 -13230
6107 -489 -13294
6108 -501 -13378
6109 -471 -13410
6110 -579 -13146
6111 -381 -13110
6112 -547 -13166
6113 -483 -13254
6114 -413 -13398
6115 -585 -13354
6116 -705 -13358
6117 -705 -13326
6118 -887 -13390
6119 -915 -13426
6120 -903 -13386
6121 -1013 -13674
6122 -1095 -13918
6123 -1237 -13610
6124 -1219 -13394
6125 -1309 -13298
6126 -1141 -13046
6127 -1319 -13074
6128 -1335 -12986
6129 -1521 -13386
6130 -1559 -13422
6131 -1631 -13746
6132 -1701 -13986
6133 -1715 -13714
6134 -1649 -13798
6135 -1491 -13966
6136 -1557 -13738
6137 -1519 -13454
6138 -1561 -13590
6139 -1607 -13614
6140 -1563 -13626
6141 -1559 -13286
6142 -1591 -13166
6143 -1635 -13258
6144 -1441 -13114
6145 -1543 -13082
6146 -1505 -12834
6147 -1333 -12966
6148 -1311 -13194
6149 -1297 -13142
6150 -1169 -13122
6151 -1093 -13082
6152 -1071 -13146
6153 -1117 -13118
6154 -1091 -13034
6155 -1083 -12958
6156 -1047 -12986
6157 -905 -12846
6158 -1005 -13202
6159 -803 -13222
6160 -793 -13158
6161 -801 -13250
6162 -733 -13070
6163 -725 -13082
6164 -555 -13030
6165 -641 -13270
6166 -519 -13154
6167 -625 -12846
6168 -635 -13018
6169 -651 -13210
6170 -647 -13222
6171 -751 -12802
6172 -771 -13058
6173 -673 -13326
6174 -647 -13134
6175 -473 -13314
6176 -379 -13266
6177 -339 -13302
6178 -281 -13226
6179 -383 -13250
6180 -329 -13038
6181 -283 -13062
6182 -177 -12894
6183 -5 -12842
6184 -93 -13150
6185 -111 -12986
6186 -175 -12914
6187 -165 -12730
6188 -227 -12826
6189 -167 -13106
6190 -67 -12790
6191 -113 -12678
6192 -107 -12890
6193 -69 -13042
6194 -181 -12962
6195 -97 -13098
6196 -229 -13194
6197 -277 -12962
6198 -191 -12842
6199 -25 -13010
6200 -3 -12822
6201 27 -12610
6202 69 -12654
6203 137 -12726
6204 139 -12618
6205 -39 -12638
6206 -19 -12626
6207 -167 -12654
6208 -159 -12642
6209 -277 -12622
6210 -255 -12606
6211 -307 -12754
6212 -289 -12622
6213 -311 -12726
6214 -357 -12874
6215 -379 -12726
6216 -399 -12926
6217 -371 -12850
6218 -511 -12814
6219 -593 -12762
6220 -499 -13038
6221 -605 -13466
6222 -703 -13578
6223 -723 -13610
6224 -727 -13470
6225 -743 -13246
6226 -737 -13050
6227 -715 -13378
6228 -661 -13350
6229 -683 -13278
6230 -621 -13470
6231 -869 -13234
6232 -953 -13378
6233 -859 -13334
6234 -841 -13258
6235 -881 -13142
6236 -707 -13106
6237 -1023 -13154
6238 -901 -12970
6239 -921 -13254
6240 -849 -13238
6241 -729 -13342
6242 -645 -12954
6243 -691 -13442
6244 -809 -13370
6245 -829 -13206
6246 -899 -13446
6247 -811 -13362
6248 -721 -13238
6249 -633 -13098
6250 -677 -13186
6251 -597 -13282
6252 -537 -13166
6253 -479 -13246
6254 -601 -13078
6255 -511 -13486
6256 -505 -13166
6257 -383 -13234
6258 -303 -13234
6259 -169 -13278
6260 -299 -13370
6261 -451 -13282
6262 -331 -13382
6263 -275 -13158
6264 -35 -13230
6265 43 -13086
6266 45 -12934
6267 231 -13246
6268 323 -13014
6269 337 -12898
6270 317 -12766
6271 257 -12618
6272 215 -12670
6273 139 -12838
6274 155 -12810
6275 61 -12698
6276 -41 -12858
6277 -21 -12994
6278 -105 -12930
6279 -13 -12754
6280 -51 -12954
6281 13 -12994
6282 -25 -13086
6283 3 -12886
6284 85 -12754
6285 163 -12666
6286 -21 -12934
6287 47 -12770
6288 -43 -12618
6289 3 -12802
6290 -11 -12754
6291 -5 -12534
6292 -123 -12838
6293 -179 -12774
6294 -205 -12714
6295 -171 -12574
6296 -181 -12410
6297 -257 -12554
6298 -329 -12646
6299 -361 -12874
6300 -459 -12770
6301 -563 -12746
6302 -721 -12698
6303 -721 -12982
6304 -707 -12958
6305 -955 -12902
6306 -931 -12886
6307 -887 -13050
6308 -859 -13026
6309 -1051 -12994
6310 -933 -12982
6311 -865 -12902
6312 -891 -12854
6313 -897 -12870
6314 -865 -12998
6315 -915 -13018
6316 -1069 -13106
6317 -999 -13178
6318 -1175 -13102
6319 -1047 -13250
6320 -1043 -13330
6321 -851 -13126
6322 -945 -13122
6323 -801 -12886
6324 -837 -12758
6325 -919 -12658
6326 -919 -12498
6327 -957 -12774
6328 -811 -12754
6329 -723 -12898
6330 -653 -13090
6331 -815 -13126
6332 -1051 -12978
6333 -1043 -12822
6334 -1035 -12938
6335 -949 -13098
6336 -1111 -12966
6337 -1117 -13038
6338 -1145 -12878
6339 -1185 -12886
6340 -1185 -12646
6341 -1067 -12810
6342 -1077 -12738
6343 -1067 -12890
6344 -1109 -12902
6345 -999 -12858
6346 -809 -12642
6347 -955 -12694
6348 -941 -12706
6349 -971 -12494
6350 -1057 -12446
6351 -979 -12506
6352 -963 -12654
6353 -1169 -12570
6354 -1243 -12794
6355 -1039 -13002
6356 -1053 -13054
6357 -1149 -12946
6358 -1041 -13058
6359 -1025 -13042
6360 -1005 -13038
6361 -859 -13106
6362 -977 -13030
6363 -917 -12674
6364 -901 -12762
6365 -855 -12914
6366 -749 -12874
6367 -939 -13006
6368 -917 -12882
6369 -1129 -13122
6370 -997 -12918
6371 -803 -12730
6372 -683 -12470
6373 -793 -12582
6374 -801 -12710
6375 -795 -12330
6376 -785 -12390
6377 -867 -12382
6378 -901 -12798
6379 -747 -12942
6380 -911 -12922
6381 -995 -12918
6382 -1131 -12834
6383 -1089 -12734
6384 -1085 -12742
6385 -1003 -12806
6386 -893 -12746
6387 -761 -12814
6388 -717 -12914
6389 -663 -12750
6390 -515 -12818
6391 -525 -12910
6392 -517 -12950
6393 -193 -12894
6394 -195 -12578
6395 -87 -12386
6396 123 -12714
6397 -59 -12610
6398 -23 -12850
6399 -119 -12858
6400 -249 -13026
6401 -41 -12930
6402 -5 -12814
6403 121 -12582
6404 315 -12718
6405 401 -12626
6406 397 -12662
6407 493 -13022
6408 445 -12966
6409 261 -13094
6410 281 -12918
6411 261 -13034
6412 301 -13042
6413 143 -13166
6414 107 -12898
6415 297 -13098
6416 405 -13026
6417 295 -12946
6418 303 -12950
6419 289 -12890
6420 337 -12994
6421 353 -12906
6422 167 -12794
6423 -5 -12598
6424 83 -12642
6425 7 -12658
6426 97 -12602
6427 117 -12630
6428 17 -12810
6429 19 -12850
6430 217 -12722
6431 403 -12702
6432 479 -12722
6433 581 -12618
6434 505 -12762
6435 443 -12862
6436 565 -12662
6437 735 -12618
6438 675 -12678
6439 795 -12694
6440 621 -12510
6441 701 -12498
6442 943 -12550
6443 835 -12778
6444 981 -12742
6445 947 -12466
6446 929 -12386
6447 1095 -12490
6448 1029 -12418
6449 1017 -12410
6450 1093 -12502
6451 907 -12322
6452 907 -12398
6453 991 -12246
6454 889 -12314
6455 931 -12594
6456 949 -12674
6457 995 -12598
6458 921 -12654
6459 817 -12490
6460 997 -12558
6461 877 -12454
6462 1007 -12622
6463 963 -12578
6464 759 -12710
6465 865 -12566
6466 879 -12642
6467 797 -12462
6468 929 -12458
6469 1021 -12590
6470 903 -12590
6471 869 -12682
6472 889 -12834
6473 923 -12646
6474 1173 -12778
6475 1217 -12862
6476 1223 -12814
6477 1189 -13014
6478 1085 -12990
6479 1091 -12742
6480 1233 -12674
6481 1133 -12774
6482 1217 -13030
6483 1299 -13134
6484 1421 -13102
6485 1493 -13014
6486 1421 -13378
6487 1297 -13242
6488 1159 -13058
6489 1161 -13130
6490 1203 -13238
6491 1219 -13382
6492 1115 -13118
6493 959 -13010
6494 1093 -13362
6495 1167 -13150
6496 1089 -13038
6497 1025 -13038
6498 1085 -12974
6499 991 -13102
6500 977 -13206
6501 953 -12994
6502 1101 -12978
6503 1105 -12974
6504 1165 -13246
6505 1063 -12746
6506 953 -12598
6507 845 -12734
6508 731 -12754
6509 539 -12414
6510 833 -12570
6511 745 -12946
6512 819 -13022
6513 831 -12910
6514 871 -12942
6515 947 -12666
6516 789 -12682
6517 747 -12790
6518 815 -12738
6519 1013 -12826
6520 1027 -12978
6521 1059 -12654
6522 943 -12882
6523 991 -13102
6524 1041 -13042
6525 1039 -13130
6526 1221 -13130
6527 1049 -12894
6528 991 -12802
6529 1109 -13066
6530 1291 -12962
6531 1315 -12886
6532 1375 -12850
6533 1469 -12922
6534 1411 -12614
6535 1315 -12678
6536 1221 -12522
6537 1279 -12346
6538 1277 -12618
6539 1305 -12510
6540 1271 -12746
6541 1259 -12590
6542 1235 -12602
6543 1207 -12666
6544 1079 -12754
6545 1113 -12526
6546 1273 -12574
6547 1337 -12874
6548 1391 -12594
6549 1449 -12914
6550 1437 -12866
6551 1441 -12610
6552 1467 -12614
6553 1541 -12682
6554 1563 -12854
6555 1681 -12798
6556 1825 -13110
6557 1685 -12978
6558 1563 -12506
6559 1725 -12606
6560 1607 -12770
6561 1621 -12514
6562 1581 -12650
6563 1517 -12622
6564 1499 -12862
6565 1411 -12622
6566 1403 -12570
6567 1475 -12614
6568 1405 -12538
6569 1461 -12674
6570 1339 -12610
6571 1247 -12630
6572 1155 -12522
6573 1239 -12462
6574 1265 -12590
6575 1355 -12550
6576 1113 -12226
6577 1109 -12538
6578 951 -12538
6579 977 -12602
6580 897 -12578
6581 999 -12498
6582 989 -12750
6583 1007 -12710
6584 833 -12390
6585 849 -12334
6586 977 -12414
6587 1117 -12530
6588 1209 -12410
6589 1329 -12166
6590 1353 -12550
6591 1379 -12434
6592 1229 -12382
6593 1361 -12470
6594 1491 -12610
6595 1575 -12418
6596 1509 -12450
6597 1337 -12622
6598 1321 -12810
6599 1237 -12610
6600 1311 -12602
6601 1627 -12662
6602 1629 -12614
6603 1783 -12554
6604 1917 -12570
6605 1991 -12370
6606 1799 -12010
6607 1785 -12086
6608 1713 -12222
6609 1599 -12258
6610 1571 -12302
6611 1389 -12278
6612 1327 -12374
6613 1171 -12406
6614 1045 -12050
6615 993 -12226
6616 985 -12274
6617 975 -12390
6618 787 -12354
6619 601 -12406
6620 521 -12514
6621 565 -12566
6622 553 -12418
6623 395 -12538
6624 457 -12658
6625 397 -12806
6626 487 -12590
6627 501 -12570
6628 617 -12474
6629 749 -12306
6630 621 -12474
6631 567 -12718
6632 421 -12754
6633 487 -12630
6634 541 -12878
6635 609 -12710
6636 729 -12934
6637 1077 -12858
6638 1029 -12714
6639 1069 -12642
6640 1027 -12374
6641 1169 -12494
6642 1189 -12686
6643 1169 -12710
6644 1209 -12562
6645 981 -12806
6646 883 -12698
6647 947 -12466
6648 1151 -12430
6649 1151 -12590
6650 1247 -12726
6651 1203 -12602
6652 1101 -12578
6653 1195 -12650
6654 1269 -12490
6655 1323 -12430
6656 1211 -12498
6657 1437 -12514
6658 1401 -12422
6659 1275 -12534
6660 1237 -12550
6661 1285 -12534
6662 1119 -12462
6663 1123 -12322
6664 1175 -12446
6665 995 -12550
6666 1035 -12638
6667 1075 -12598
6668 1089 -12550
6669 945 -12410
6670 1065 -12738
6671 1021 -13014
6672 917 -12918
6673 839 -12918
6674 795 -13014
6675 811 -12834
6676 819 -12762
6677 893 -12678
6678 867 -12682
6679 919 -12982
6680 791 -12750
6681 643 -12946
6682 567 -12686
6683 507 -12898
6684 651 -12834
6685 689 -13026
6686 689 -12954
6687 709 -12870
6688 751 -12794
6689 663 -12618
6690 873 -12806
6691 1013 -12878
6692 1149 -12862
6693 1045 -12822
6694 1211 -12906
6695 1405 -12982
6696 1493 -12834
6697 1491 -12762
6698 1569 -12886
6699 1689 -12922
6700 1641 -12766
6701 1775 -12622
6702 1847 -12766
6703 1605 -12778
6704 1747 -13018
6705 1721 -12878
6706 1679 -12822
6707 1603 -12614
6708 1713 -12690
6709 1627 -12822
6710 1553 -12862
6711 1523 -12738
6712 1693 -12798
6713 1585 -12658
6714 1539 -12398
6715 1549 -12246
6716 1621 -12186
6717 1439 -12414
6718 1545 -12442
6719 1383 -12274
6720 1349 -12350
6721 1203 -12142
6722 1245 -12286
6723 1397 -12390
6724 1423 -12458
6725 1541 -12266
6726 1519 -12350
6727 1601 -12418
6728 1795 -12310
6729 1631 -12478
6730 1567 -12474
6731 1549 -12098
6732 1605 -12166
6733 1653 -12302
6734 1823 -12662
6735 1721 -12482
6736 1729 -12530
6737 1963 -12642
6738 2189 -12590
6739 2189 -12750
6740 2187 -12810
6741 2127 -12918
6742 2321 -12914
6743 2297 -12830
6744 2295 -12930
6745 2261 -12670
6746 2175 -12854
6747 2271 -13018
6748 2255 -13122
6749 2361 -13122
6750 2437 -12866
6751 2335 -12790
6752 2175 -12634
6753 2093 -12586
6754 2125 -12574
6755 2137 -12598
6756 2141 -12654
6757 2229 -12610
6758 2159 -12578
6759 2147 -12274
6760 2213 -12346
6761 2211 -12766
6762 2415 -12790
6763 2471 -12850
6764 2441 -12962
6765 2481 -13186
6766 2485 -13010
6767 2399 -12914
6768 2373 -13042
6769 2497 -13338
6770 2461 -13034
6771 2311 -13098
6772 2199 -13250
6773 2113 -13202
6774 1999 -12994
6775 1887 -12934
6776 1819 -12914
6777 1799 -13134
6778 1979 -13234
6779 2103 -13046
6780 2243 -13086
6781 2305 -13254
6782 2325 -13334
6783 2393 -13078
6784 2637 -13402
6785 2829 -13430
6786 2763 -13390
6787 2695 -13054
6788 2621 -13090
6789 2723 -13094
6790 2897 -12978
6791 2999 -13182
6792 3019 -13094
6793 3025 -13222
6794 3035 -13142
6795 3065 -13038
6796 3129 -13166
6797 3377 -13110
6798 3309 -13166
6799 3355 -13182
6800 3425 -13074
6801 3417 -12838
6802 3247 -12974
6803 3301 -13042
6804 3177 -13114
6805 3083 -13438
6806 2965 -13310
6807 3059 -13562
6808 3147 -13534
6809 3169 -13470
6810 3243 -13370
6811 3319 -13370
6812 3207 -12922
6813 3361 -13086
6814 3115 -13090
6815 3057 -12862
6816 3017 -12750
6817 3095 -12770
6818 3153 -12794
6819 3127 -12742
6820 3045 -12806
6821 2935 -12806
6822 2925 -12890
6823 3075 -12818
6824 3069 -12790
6825 3073 -12890
6826 3107 -12850
6827 3103 -13118
6828 2957 -13202
6829 2931 -13042
6830 2813 -12906
6831 2763 -12754
6832 2781 -13018
6833 2835 -13330
6834 2787 -13138
6835 2821 -13114
6836 2821 -12998
6837 2767 -12990
6838 2723 -12838
6839 2667 -12590
6840 2487 -12470
6841 2269 -12466
6842 2307 -12410
6843 2293 -12494
6844 2307 -12622
6845 2353 -12814
6846 2255 -12698
6847 2299 -12954
6848 2425 -12982
6849 2397 -12974
6850 2447 -12838
6851 2279 -12762
6852 2217 -12794
6853 2279 -12842
6854 2185 -12754
6855 2219 -12934
6856 2235 -12818
6857 2265 -12434
6858 2349 -12366
6859 2213 -12394
6860 2335 -12566
6861 2485 -12558
6862 2391 -12850
6863 2357 -13022
6864 2407 -13134
6865 2333 -13002
6866 2347 -12726
6867 2201 -12726
6868 2395 -12926
6869 2563 -12866
6870 2581 -12882
6871 2723 -13046
6872 2619 -13134
6873 2537 -13158
6874 2615 -13114
6875 2691 -13302
6876 2667 -13246
6877 2565 -13286
6878 2491 -13214
6879 2567 -13174
6880 2511 -13082
6881 2451 -13150
6882 2463 -13290
6883 2627 -13082
6884 2589 -13098
6885 2653 -13034
6886 2487 -13010
6887 2409 -12994
6888 2489 -13166
6889 2505 -12982
6890 2667 -13014
6891 2565 -13270
6892 2583 -13198
6893 2535 -13122
6894 2547 -13098
6895 2513 -12966
6896 2673 -12910
6897 2587 -12862
6898 2539 -12838
6899 2583 -12942
6900 2635 -13058
6901 2851 -12938
6902 2805 -12798
6903 2869 -12962
6904 2825 -12690
6905 2895 -12830
6906 2935 -13122
6907 2953 -13190
6908 2963 -13414
6909 3079 -13294
6910 2943 -13266
6911 2879 -13102
6912 2883 -13334
6913 2939 -13122
6914 2947 -13038
6915 3125 -13206
6916 3029 -12922
6917 3099 -13122
6918 3153 -12910
6919 3179 -13054
6920 3017 -12922
6921 2949 -13022
6922 2891 -12986
6923 2857 -12918
6924 2807 -12838
6925 2737 -12834
6926 2807 -12814
6927 2731 -13058
6928 2721 -12926
6929 2909 -12990
6930 3075 -12954
6931 3201 -12866
6932 3087 -13050
6933 3163 -13182
6934 3145 -13002
6935 3153 -12938
6936 3205 -13014
6937 3157 -12878
6938 3027 -12978
6939 2925 -12962
6940 2959 -13202
6941 2755 -13086
6942 2707 -13098
6943 2649 -12890
6944 2687 -12834
6945 2597 -12858
6946 2519 -12854
6947 2461 -13078
6948 2575 -13210
6949 2559 -13322
6950 2511 -13310
6951 2665 -13226
6952 2705 -12970
6953 2671 -12946
6954 2775 -13230
6955 2715 -13098
6956 2797 -13442
6957 2757 -13658
6958 2819 -13546
6959 2691 -13302
6960 2721 -13458
6961 2793 -13410
6962 2945 -13494
6963 3021 -13574
6964 3109 -13626
6965 3209 -13594
6966 3185 -13582
6967 3123 -13490
6968 3031 -13426
6969 3097 -13266
6970 3107 -13030
6971 3071 -13222
6972 3073 -13306
6973 3027 -13330
6974 3071 -13230
6975 3123 -13354
6976 3025 -13174
6977 3045 -13206
6978 3033 -13258
6979 3027 -13506
6980 2993 -13230
6981 3089 -13342
6982 3033 -13418
6983 3089 -13366
6984 3161 -13426
6985 3171 -13498
6986 3125 -13482
6987 3109 -13414
6988 3001 -13050
6989 3021 -13378
6990 3053 -13374
6991 3107 -13058
6992 2977 -12970
6993 2975 -12838
6994 3149 -12978
6995 3271 -12882
6996 3079 -12822
6997 3225 -12650
6998 3111 -12390
6999 3137 -12630
7000 3261 -12638
7001 3325 -12806
7002 3395 -12934
7003 3287 -12978
7004 3109 -12942
7005 2979 -12922
7006 2973 -12898
7007 2947 -12858
7008 2963 -12906
7009 3059 -12866
7010 3003 -13010
7011 3047 -12650
7012 3079 -12682
7013 3105 -12854
7014 3057 -12566
7015 2897 -12570
7016 2833 -12650
7017 2727 -12638
7018 2669 -12682
7019 2601 -12898
7020 2663 -13118
7021 2605 -13078
7022 2663 -13222
7023 2617 -12910
7024 2807 -12834
7025 2829 -12886
7026 2627 -12726
7027 2741 -12938
7028 2693 -13058
7029 2543 -12786
7030 2433 -13034
7031 2421 -13198
7032 2575 -13126
7033 2499 -13026
7034 2525 -13174
7035 2475 -13082
7036 2193 -12830
7037 2185 -12850
7038 2161 -12842
7039 2185 -13022
7040 2039 -12826
7041 1997 -12618
7042 2053 -12770
7043 2079 -13070
7044 2047 -12994
7045 1933 -12830
7046 2021 -12698
7047 1943 -12626
7048 1819 -12578
7049 2017 -12510
7050 2127 -12814
7051 2167 -12662
7052 2099 -12850
7053 2201 -12830
7054 2187 -12738
7055 2283 -12698
7056 2019 -12822
7057 1931 -12722
7058 1897 -12886
7059 2113 -13026
7060 2025 -13306
7061 1885 -13154
7062 2025 -13066
7063 2075 -12970
7064 2125 -12862
7065 2029 -12838
7066 2035 -13042
7067 1973 -13290
7068 2075 -13202
7069 2151 -13134
7070 2161 -12930
7071 2111 -13094
7072 2047 -13082
7073 2139 -13046
7074 2089 -12990
7075 2093 -13214
7076 2265 -13090
7077 2377 -12782
7078 2385 -13158
7079 2335 -13034
7080 2361 -13022
7081 2299 -13054
7082 2219 -12982
7083 2237 -13138
7084 2255 -13246
7085 2253 -13186
7086 2221 -13334
7087 2333 -13362
7088 2311 -13138
7089 2307 -13146
7090 2145 -13122
7091 2149 -13050
7092 2339 -12806
7093 2287 -12774
7094 2225 -12730
7095 2317 -12630
7096 2279 -12678
7097 2249 -12478
7098 2151 -12594
7099 2293 -12606
7100 2169 -12598
7101 2293 -12494
7102 2015 -12458
7103 1963 -12470
7104 1947 -12310
7105 1965 -12526
7106 1881 -12650
7107 1805 -12878
7108 1881 -12902
7109 1635 -12978
7110 1621 -12850
7111 1701 -12998
7112 1835 -13070
7113 1717 -12766
7114 1683 -12910
7115 1673 -12954
7116 1539 -12906
7117 1539 -12774
7118 1477 -12734
7119 1505 -12786
7120 1401 -12658
7121 1445 -12734
7122 1589 -12730
7123 1605 -12746
7124 1525 -12922
7125 1677 -12666
7126 1569 -12798
7127 1533 -12938
7128 1507 -12854
7129 1357 -12594
7130 1551 -12482
7131 1617 -12638
7132 1553 -12646
7133 1611 -12690
7134 1525 -12582
7135 1411 -12450
7136 1345 -12546
7137 1363 -12682
7138 1373 -12750
7139 1645 -12958
7140 1603 -13006
7141 1555 -12790
7142 1671 -12706
7143 1615 -12502
7144 1595 -12838
7145 1519 -12462
7146 1617 -12658
7147 1681 -12726
7148 1665 -12586
7149 1505 -12766
7150 1437 -12754
7151 1629 -12794
7152 1659 -12658
7153 1541 -12618
7154 1495 -12450
7155 1583 -12410
7156 1733 -12410
7157 1659 -12526
7158 1619 -12462
7159 1565 -12346
7160 1387 -12574
7161 1281 -12418
7162 1417 -12458
7163 1395 -12434
7164 1383 -12414
7165 1557 -12530
7166 1363 -12702
7167 1441 -12766
7168 1459 -12862
7169 1559 -12614
7170 1583 -12794
7171 1565 -12694
7172 1663 -12718
7173 1617 -12822
7174 1475 -12874
7175 1625 -12978
7176 1763 -12358
7177 1723 -12662
7178 1737 -12482
7179 1685 -12446
7180 1795 -12474
7181 1717 -12870
7182 1601 -12586
7183 1535 -12798
7184 1375 -12838
7185 1481 -12654
7186 1575 -12726
7187 1593 -12762
7188 1497 -12910
7189 1559 -13078
7190 1673 -12774
7191 1651 -12914
7192 1803 -13078
7193 1839 -13110
7194 1991 -13086
7195 1983 -13162
7196 1923 -13134
7197 2019 -13170
7198 1845 -13094
7199 1927 -13026
7200 1741 -13098
7201 1631 -13014
7202 1593 -13042
7203 1569 -12834
7204 1295 -13054
7205 1235 -12802
7206 1191 -12850
7207 1275 -12770
7208 1315 -12782
7209 1221 -12714
7210 1131 -12806
7211 1111 -13030
7212 1101 -13162
7213 1197 -13250
7214 1325 -13118
7215 1357 -13178
7216 1259 -13138
7217 1291 -13186
7218 1317 -13022
7219 1395 -12986
7220 1301 -12802
7221 1385 -12866
7222 1451 -13022
7223 1483 -12862
7224 1339 -12834
7225 1253 -12614
7226 1283 -12862
7227 1339 -12898
7228 1375 -12898
7229 1257 -12874
7230 1169 -12906
7231 1031 -12586
7232 1063 -12702
7233 1069 -12850
7234 1093 -12494
7235 1151 -12466
7236 963 -12562
7237 1017 -12986
7238 1165 -12950
7239 1029 -12726
7240 1133 -13026
7241 1061 -12974
7242 1117 -12870
7243 1143 -12742
7244 1223 -12830
7245 1237 -12742
7246 1353 -12442
7247 1373 -12290
7248 1405 -12514
7249 1457 -12730
7250 1541 -12686
7251 1451 -13174
7252 1385 -12982
7253 1353 -13146
7254 1361 -12890
7255 1309 -12726
7256 1225 -12802
7257 1081 -12806
7258 1027 -12866
7259 747 -12822
7260 779 -12866
7261 817 -12818
7262 785 -12950
7263 783 -12946
7264 867 -12686
7265 1041 -12858
7266 1037 -12746
7267 983 -12554
7268 775 -12510
7269 901 -12666
7270 791 -12546
7271 883 -12758
7272 847 -12766
7273 969 -12774
7274 1055 -12754
7275 1021 -12842
7276 1031 -12834
7277 1017 -12834
7278 1159 -12610
7279 1011 -12722
7280 1057 -12510
7281 1099 -12614
7282 1155 -12938
7283 1165 -12798
7284 1153 -12966
7285 1273 -12982
7286 1181 -13126
7287 1161 -12598
7288 1155 -12694
7289 1359 -12574
7290 1337 -12782
7291 1323 -12902
7292 1487 -13078
7293 1393 -12934
7294 1329 -12882
7295 1323 -13082
7296 1279 -12914
7297 1233 -12874
7298 1255 -12926
7299 1245 -12814
7300 1337 -13022
7301 1257 -13290
7302 1147 -12774
7303 1093 -12814
7304 1191 -12706
7305 1165 -12750
7306 1317 -12770
7307 1421 -13030
7308 1451 -12930
7309 1319 -12938
7310 1423 -12774
7311 1515 -12794
7312 1651 -12870
7313 1755 -12810
7314 1785 -12914
7315 1737 -12918
7316 1601 -13190
7317 1775 -12998
7318 1651 -12990
7319 1485 -13074
7320 1551 -13278
7321 1681 -13086
7322 1575 -13094
7323 1513 -13174
7324 1539 -13130
7325 1649 -13082
7326 1735 -12922
7327 1751 -13186
7328 1791 -13358
7329 1783 -13390
7330 1827 -13174
7331 1893 -13162
7332 1861 -13010
7333 1955 -13038
7334 1901 -13154
7335 1889 -13238
7336 1885 -13198
7337 1953 -12986
7338 1963 -13034
7339 2031 -12782
7340 2001 -12974
7341 2065 -12826
7342 2141 -13122
7343 2003 -13250
7344 1971 -13230
7345 2039 -13186
7346 2303 -13338
7347 2191 -13170
7348 2257 -13210
7349 2171 -13262
7350 2095 -13042
7351 2037 -13266
7352 1899 -13318
7353 1929 -13090
7354 1925 -13002
7355 1959 -12922
7356 1809 -13106
7357 1881 -13054
7358 1811 -12882
7359 1667 -12826
7360 1683 -12934
7361 1595 -13002
7362 1571 -13098
7363 1779 -13106
7364 1851 -13190
7365 1901 -12938
7366 1857 -12418
7367 1855 -12866
7368 1887 -13158
7369 1817 -12698
7370 1909 -12810
7371 2037 -12810
7372 1935 -12610
7373 1939 -12634
7374 1813 -12654
7375 1587 -12506
7376 1587 -12566
7377 1465 -12726
7378 1297 -12682
7379 1237 -12350
7380 1123 -12642
7381 1197 -12574
7382 1197 -12694
7383 1117 -12994
7384 1259 -12754
7385 1093 -12534
7386 1181 -12490
7387 1173 -12590
7388 1197 -12778
7389 927 -13202
7390 1051 -13150
7391 1233 -12858
7392 1259 -12918
7393 1425 -13326
7394 1369 -13174
7395 1173 -13150
7396 1149 -12634
7397 1017 -12798
7398 941 -13002
7399 991 -12710
7400 1225 -12490
7401 1081 -12838
7402 1067 -12782
7403 1027 -12550
7404 979 -12774
7405 983 -12790
7406 859 -12910
7407 759 -12578
7408 701 -12722
7409 767 -12734
7410 671 -12798
7411 901 -12882
7412 949 -12858
7413 1077 -12906
7414 869 -12602
7415 823 -12718
7416 821 -12570
7417 611 -12634
7418 429 -12826
7419 503 -12786
7420 403 -12802
7421 405 -12874
7422 497 -12306
7423 659 -12218
7424 761 -12518
7425 1007 -12314
7426 897 -12358
7427 699 -12326
7428 727 -12598
7429 845 -12542
7430 691 -12778
7431 749 -12790
7432 455 -12482
7433 577 -12446
7434 453 -12342
7435 583 -12258
7436 789 -12418
7437 765 -12450
7438 915 -12422
7439 749 -12198
7440 763 -12198
7441 835 -12394
7442 827 -12318
7443 741 -12254
7444 881 -12442
7445 949 -12534
7446 983 -12414
7447 907 -12662
7448 999 -12702
7449 1027 -12570
7450 1101 -12614
7451 1075 -12666
7452 1163 -12734
7453 1199 -12654
7454 1239 -12726
7455 1143 -12666
7456 1085 -12398
7457 913 -12658
7458 793 -12722
7459 643 -12298
7460 765 -12522
7461 619 -12498
7462 721 -12450
7463 765 -12538
7464 923 -12390
7465 775 -12362
7466 543 -12634
7467 569 -12578
7468 657 -12642
7469 711 -12706
7470 791 -13086
7471 681 -13022
7472 509 -12814
7473 465 -12726
7474 397 -12846
7475 463 -12718
7476 399 -12926
7477 283 -12774
7478 307 -12594
7479 495 -12630
7480 469 -12626
7481 557 -12418
7482 381 -12730
7483 315 -12666
7484 283 -12614
7485 233 -12678
7486 155 -12754
7487 243 -12594
7488 55 -12714
7489 11 -12634
7490 -75 -12734
7491 -127 -12658
7492 -115 -12750
7493 -245 -12730
7494 -387 -12858
7495 -465 -12894
7496 -289 -12938
7497 -305 -12990
7498 -285 -13094
7499 -255 -13282
7500 -259 -13062
7501 -119 -13226
7502 -319 -13174
7503 -291 -13294
7504 -251 -12910
7505 -311 -12926
7506 -403 -13086
7507 -361 -12890
7508 -439 -13026
7509 -485 -13010
7510 -407 -12958
7511 -573 -12782
7512 -469 -12610
7513 -451 -12654
7514 -451 -12386
7515 -511 -12530
7516 -471 -12642
7517 -315 -12638
7518 -353 -12810
7519 -199 -12614
7520 -199 -12778
7521 -29 -12658
7522 -191 -12970
7523 -233 -13018
7524 -103 -13134
7525 79 -13006
7526 -23 -12898
7527 -43 -13062
7528 -167 -12910
7529 -213 -12906
7530 -375 -12818
7531 -547 -12610
7532 -529 -13158
7533 -623 -13094
7534 -765 -13266
7535 -825 -13454
7536 -745 -13586
7537 -831 -13486
7538 -903 -13478
7539 -1039 -13174
7540 -987 -13278
7541 -1119 -13062
7542 -929 -12930
7543 -1023 -12814
7544 -949 -12946
7545 -885 -12866
7546 -993 -12738
7547 -983 -12814
7548 -1035 -12774
7549 -995 -12906
7550 -857 -12914
7551 -757 -12782
7552 -845 -12786
7553 -981 -12854
7554 -1109 -12810
7555 -959 -12690
7556 -817 -12626
7557 -851 -12550
7558 -915 -12622
7559 -1053 -12614
7560 -1083 -12426
7561 -1085 -12358
7562 -1085 -12766
7563 -1009 -12826
7564 -1177 -12830
7565 -1239 -12702
7566 -1005 -12374
7567 -1043 -12378
7568 -1047 -12210
7569 -895 -12330
7570 -869 -12322
7571 -831 -12314
7572 -971 -12518
7573 -1045 -12550
7574 -1455 -12766
7575 -1587 -12414
7576 -1589 -12654
7577 -1509 -12214
7578 -1685 -12486
7579 -1691 -12562
7580 -1545 -12178
7581 -1447 -12462
7582 -1437 -12486
7583 -1595 -12430
7584 -1811 -12550
7585 -1891 -12754
7586 -1953 -12674
7587 -2001 -12470
7588 -2055 -12406
7589 -2025 -12414
7590 -2189 -12406
7591 -2139 -12206
7592 -2125 -12434
7593 -2095 -12582
7594 -2037 -12326
7595 -2065 -12502
7596 -1839 -12374
7597 -1895 -12638
7598 -1863 -12794
7599 -1797 -12730
7600 -1709 -12666
7601 -1679 -12586
7602 -1759 -12542
7603 -2035 -12750
7604 -2055 -12782
7605 -2073 -12962
7606 -2167 -12678
7607 -2023 -12670
7608 -2209 -12934
7609 -2137 -12806
7610 -2163 -13054
7611 -2137 -12954
7612 -2277 -12998
7613 -2211 -12954
7614 -2113 -13190
7615 -1919 -12998
7616 -1959 -13182
7617 -1999 -12958
7618 -1939 -12858
7619 -1985 -13146
7620 -2019 -12970
7621 -1923 -13046
7622 -2075 -13254
7623 -2127 -13218
7624 -2181 -13218
7625 -2281 -13182
7626 -2229 -13002
7627 -2307 -13070
7628 -2131 -12782
7629 -2187 -12738
7630 -2319 -12982
7631 -2359 -12874
7632 -2321 -12734
7633 -2181 -12954
7634 -1975 -12634
7635 -2133 -13206
7636 -1999 -13034
7637 -2013 -13062
7638 -1895 -13010
7639 -1813 -13062
7640 -1703 -12862
7641 -1769 -12766
7642 -1797 -12978
7643 -1723 -12978
7644 -1693 -12934
7645 -1861 -12830
7646 -1667 -13002
7647 -1475 -12994
7648 -1491 -12946
7649 -1475 -12898
7650 -1431 -12990
7651 -1455 -13274
7652 -1351 -13058
7653 -1379 -13054
7654 -1435 -13162
7655 -1367 -13086
7656 -1343 -13066
7657 -1379 -13038
7658 -1247 -12666
7659 -1085 -12910
7660 -863 -13054
7661 -811 -12958
7662 -957 -13178
7663 -1105 -13334
7664 -1115 -12950
7665 -1161 -12874
7666 -1143 -12890
7667 -1101 -12814
7668 -1101 -13014
7669 -1153 -12710
7670 -1097 -12838
7671 -1049 -12970
7672 -1065 -12906
7673 -1127 -12878
7674 -1003 -12690
7675 -1023 -12466
7676 -971 -12482
7677 -1247 -12742
7678 -1343 -12622
7679 -1297 -12442
7680 -1291 -12402
7681 -1405 -12678
7682 -1407 -13010
7683 -1411 -12970
7684 -1197 -13010
7685 -1229 -12874
7686 -1199 -12858
7687 -1245 -13054
7688 -1067 -13214
7689 -1063 -12962
7690 -1119 -13106
7691 -1085 -13066
7692 -1061 -12854
7693 -1111 -12554
7694 -1229 -12814
7695 -1227 -12938
7696 -1303 -12830
7697 -1155 -12974
7698 -1099 -12762
7699 -1209 -12638
7700 -1207 -12722
7701 -1031 -12586
7702 -1069 -12718
7703 -1069 -12482
7704 -1077 -12622
7705 -795 -12782
7706 -691 -12498
7707 -833 -12582
7708 -649 -12514
7709 -781 -12366
7710 -715 -12354
7711 -743 -12298
7712 -845 -12550
7713 -847 -12470
7714 -835 -12354
7715 -649 -12658
7716 -663 -12378
7717 -629 -12630
7718 -661 -12730
7719 -639 -12702
7720 -437 -12674
7721 -563 -12626
7722 -663 -12622
7723 -713 -12734
7724 -731 -12606
7725 -869 -12350
7726 -837 -12622
7727 -679 -12446
7728 -799 -12802
7729 -713 -12718
7730 -585 -12702
7731 -649 -12606
7732 -703 -12662
7733 -737 -12526
7734 -707 -12798
7735 -573 -12862
7736 -595 -12666
7737 -679 -12674
7738 -703 -12894
7739 -621 -12698
7740 -493 -12730
7741 -595 -12742
7742 -523 -12618
7743 -475 -12666
7744 -609 -12718
7745 -561 -12866
7746 -499 -12610
7747 -377 -12450
7748 -365 -12286
7749 -339 -12490
7750 -249 -12146
7751 -277 -12594
7752 -265 -12374
7753 -307 -12470
7754 -413 -12438
7755 -351 -12386
7756 -441 -13090
7757 -525 -13110
7758 -515 -12994
7759 -615 -13086
7760 -587 -13150
7761 -599 -13402
7762 -709 -13302
7763 -481 -12954
7764 -555 -13206
7765 -613 -12998
7766 -707 -12962
7767 -651 -13134
7768 -631 -13190
7769 -619 -13398
7770 -593 -13438
7771 -593 -13482
7772 -505 -13558
7773 -381 -13202
7774 -463 -13094
7775 -497 -13154
7776 -449 -13054
7777 -505 -13094
7778 -307 -12982
7779 -241 -12858
7780 -159 -12714
7781 -57 -12490
7782 -183 -12598
7783 -101 -12550
7784 -319 -12370
7785 -395 -12526
7786 -419 -12498
7787 -431 -12490
7788 -353 -12530
7789 -395 -12406
7790 -343 -12642
7791 -501 -12506
7792 -469 -12918
7793 -523 -12950
7794 -779 -13026
7795 -657 -12790
7796 -601 -12838
7797 -511 -12610
7798 -379 -12506
7799 -499 -12606
7800 -481 -12602
7801 -539 -12354
7802 -321 -12302
7803 -123 -12390
7804 -25 -12182
7805 -45 -12266
7806 -29 -12402
7807 -27 -12498
7808 -41 -12710
7809 -33 -12586
7810 -141 -12530
7811 -197 -12758
7812 -173 -12962
7813 -147 -12842
7814 -111 -12822
7815 -57 -12734
7816 -9 -13026
7817 -111 -13002
7818 -103 -12782
7819 -133 -12702
7820 -163 -12714
7821 -59 -12538
7822 -67 -12526
7823 53 -12590
7824 221 -12554
7825 241 -12686
7826 395 -12866
7827 501 -13062
7828 445 -12806
7829 491 -12850
7830 463 -12978
7831 441 -12766
7832 523 -12770
7833 459 -12758
7834 517 -12650
7835 395 -12974
7836 431 -12894
7837 563 -12598
7838 497 -12490
7839 339 -12794
7840 245 -12902
7841 355 -12790
7842 539 -12658
7843 503 -12658
7844 371 -12886
7845 153 -12654
7846 185 -12694
7847 35 -12618
7848 59 -12826
7849 13 -12566
7850 1 -12582
7851 125 -12618
7852 51 -12938
7853 -69 -12778
7854 -165 -12822
7855 -53 -12838
7856 -67 -12782
7857 -93 -12758
7858 -115 -12470
7859 -309 -12746
7860 -319 -12986
7861 -479 -12726
7862 -503 -12514
7863 -715 -12554
7864 -663 -12806
7865 -511 -12650
7866 -687 -12710
7867 -611 -12490
7868 -517 -12306
7869 -431 -12570
7870 -493 -12462
7871 -479 -12442
7872 -423 -12698
7873 -671 -13018
7874 -697 -12786
7875 -599 -12886
7876 -425 -12918
7877 -519 -12886
7878 -529 -12774
7879 -451 -12482
7880 -257 -12522
7881 -147 -12582
7882 53 -12458
7883 -57 -12622
7884 -41 -12882
7885 -95 -12486
7886 -27 -12090
7887 -197 -12354
7888 -125 -12458
7889 -21 -12446
7890 -9 -12658
7891 69 -12474
7892 127 -12798
7893 159 -12670
7894 235 -12746
7895 47 -12830
7896 33 -12666
7897 125 -12854
7898 137 -13150
7899 49 -13074
7900 151 -13194
7901 53 -13082
7902 -21 -12782
7903 -191 -12946
7904 -347 -12918
7905 -367 -12730
7906 -395 -12914
7907 -311 -12966
7908 -219 -12822
7909 -273 -12574
7910 -191 -12370
7911 -245 -12422
7912 -225 -12466
7913 -101 -12422
7914 13 -12782
7915 19 -12490
7916 63 -12610
7917 111 -12742
7918 81 -12986
7919 -25 -13042
7920 -99 -13142
7921 71 -13334
7922 89 -13266
7923 153 -12962
7924 87 -12650
7925 59 -12682
7926 -89 -12730
7927 -213 -12846
7928 -353 -12718
7929 -187 -12550
7930 -225 -12806
7931 -171 -12746
7932 -215 -13006
7933 -277 -12998
7934 -287 -13182
7935 -361 -13182
7936 -275 -12918
7937 -189 -12710
7938 -177 -12578
7939 -153 -12334
7940 -135 -12426
7941 -173 -12534
7942 -159 -12446
7943 -197 -12654
7944 -181 -12814
7945 -185 -12810
7946 -305 -12894
7947 -181 -12854
7948 -39 -12934
7949 -121 -12886
7950 -225 -12794
7951 -191 -12730
7952 -257 -12926
7953 -107 -12934
7954 231 -13110
7955 207 -13274
7956 209 -13086
7957 87 -13090
7958 153 -13374
7959 173 -13318
7960 163 -13154
7961 99 -13334
7962 -67 -13402
7963 -81 -13290
7964 -165 -13386
7965 -171 -13182
7966 -173 -13202
7967 -169 -13282
7968 -187 -13026
7969 -159 -13098
7970 1 -13014
7971 33 -13058
7972 157 -12994
7973 211 -12962
7974 375 -12918
7975 339 -12798
7976 399 -12790
7977 269 -12858
7978 103 -13050
7979 95 -12950
7980 -3 -12966
7981 117 -12798
7982 125 -13106
7983 37 -12810
7984 -97 -12794
7985 -185 -12578
7986 -155 -12702
7987 -151 -12522
7988 -9 -12946
7989 39 -12862
7990 75 -12958
7991 63 -12942
7992 19 -12746
7993 23 -12758
7994 59 -13110
7995 27 -12986
7996 151 -12762
7997 -91 -12622
7998 -95 -12746
7999 -67 -12658
8000 -3 -12862
8001 -137 -12822
8002 -163 -12946
8003 -163 -13026
8004 -137 -12758
8005 -97 -12438
8006 -57 -12606
8007 -155 -12814
8008 -181 -12850
8009 -383 -12762
8010 -373 -12770
8011 -331 -12862
8012 -373 -12682
8013 -273 -12638
8014 -289 -12590
8015 -379 -12606
8016 -629 -12562
8017 -577 -12642
8018 -449 -12762
8019 -497 -12582
8020 -509 -12766
8021 -553 -12882
8022 -633 -13010
8023 -671 -12990
8024 -583 -12878
8025 -603 -12886
8026 -551 -12974
8027 -695 -13354
8028 -697 -13586
8029 -593 -13430
8030 -535 -13138
8031 -635 -13122
8032 -639 -13322
8033 -715 -12902
8034 -565 -13122
8035 -591 -13074
8036 -715 -12970
8037 -675 -12862
8038 -717 -12798
8039 -757 -13026
8040 -817 -13102
8041 -989 -12934
8042 -1141 -12670
8043 -1171 -12690
8044 -1263 -12706
8045 -1249 -12922
8046 -1143 -12958
8047 -1241 -13262
8048 -1313 -13278
8049 -1367 -13218
8050 -1439 -13170
8051 -1315 -13374
8052 -1131 -13162
8053 -989 -13170
8054 -1137 -13202
8055 -965 -13106
8056 -1123 -13226
8057 -1077 -13166
8058 -1023 -13238
8059 -1027 -13226
8060 -1021 -13194
8061 -879 -13182
8062 -941 -12958
8063 -1025 -13062
8064 -1183 -13014
8065 -1141 -12882
8066 -1093 -13170
8067 -1125 -12870
8068 -1149 -13046
8069 -1177 -13422
8070 -1125 -13106
8071 -1251 -13078
8072 -1065 -13026
8073 -1053 -13018
8074 -1081 -12930
8075 -1149 -12966
8076 -1085 -12962
8077 -1081 -12930
8078 -1055 -13074
8079 -1069 -12826
8080 -949 -12770
8081 -843 -12798
8082 -803 -12938
8083 -763 -12790
8084 -765 -12738
8085 -963 -12874
8086 -1043 -12978
8087 -1229 -13122
8088 -1197 -13046
8089 -1279 -13018
8090 -1321 -13022
8091 -1359 -12702
8092 -1493 -12954
8093 -1509 -12826
8094 -1317 -12806
8095 -1197 -12802
8096 -1251 -13086
8097 -1403 -12998
8098 -1501 -13086
8099 -1411 -12606
8100 -1579 -12814
8101 -1805 -13122
8102 -1821 -12954
8103 -2057 -12806
8104 -1917 -12958
8105 -2077 -13102
8106 -1933 -12834
8107 -1901 -12898
8108 -1949 -12954
8109 -2027 -12846
8110 -2041 -12766
8111 -2113 -12722
8112 -2207 -12926
8113 -2375 -13238
8114 -2451 -13426
8115 -2493 -13310
8116 -2461 -13242
8117 -2477 -13066
8118 -2497 -13314
8119 -2549 -13350
8120 -2549 -13178
8121 -2505 -13194
8122 -2517 -13266
8123 -2487 -13066
8124 -2515 -13082
8125 -2551 -13126
8126 -2553 -12954
8127 -2541 -13122
8128 -2445 -12854
8129 -2369 -12970
8130 -2381 -13138
8131 -2491 -13354
8132 -2543 -13406
8133 -2419 -13250
8134 -2365 -13602
8135 -2315 -13626
8136 -2265 -13442
8137 -2155 -13390
8138 -2041 -13086
8139 -1957 -12998
8140 -1869 -13002
8141 -1765 -12914
8142 -1945 -13006
8143 -1967 -13038
8144 -2043 -13110
8145 -2039 -13110
8146 -1977 -13122
8147 -2141 -12930
8148 -2195 -13046
8149 -2103 -13030
8150 -1937 -13090
8151 -1871 -13158
8152 -1937 -12890
8153 -1931 -12922
8154 -2035 -12934
8155 -2215 -12978
8156 -2009 -12750
8157 -1995 -12642
8158 -2115 -12974
8159 -2007 -12950
8160 -2035 -12906
8161 -1983 -12934
8162 -1747 -12762
8163 -1737 -12794
8164 -1837 -12766
8165 -1933 -12838
8166 -1895 -12702
8167 -1833 -12554
8168 -1719 -12546
8169 -1767 -12330
8170 -1771 -12730
8171 -1623 -12662
8172 -1593 -12622
8173 -1577 -12606
8174 -1539 -12766
8175 -1391 -12806
8176 -1457 -12850
8177 -1419 -12626
8178 -1431 -12634
8179 -1601 -12650
8180 -1573 -13086
8181 -1567 -13002
8182 -1583 -12994
8183 -1833 -12858
8184 -1747 -12870
8185 -1597 -13026
8186 -1611 -13222
8187 -1631 -13062
8188 -1613 -13018
8189 -1445 -12630
8190 -1457 -12882
8191 -1545 -12678
8192 -1537 -12454
8193 -1549 -12822
8194 -1687 -12922
8195 -1773 -12942
8196 -1963 -13042
8197 -1933 -13022
8198 -1883 -12942
8199 -1805 -13062
8200 -1873 -13062
8201 -1821 -13114
8202 -1565 -12954
8203 -1495 -13090
8204 -1575 -13086
8205 -1643 -13262
8206 -1737 -13358
8207 -1723 -13470
8208 -1749 -13390
8209 -1691 -13278
8210 -1793 -13290
8211 -1709 -13438
8212 -1661 -13174
8213 -1585 -12922
8214 -1499 -12866
8215 -1559 -12666
8216 -1543 -12822
8217 -1437 -12854
8218 -1507 -13078
8219 -1475 -12818
8220 -1557 -12694
8221 -1659 -12858
8222 -1531 -12978
8223 -1531 -13086
8224 -1635 -13194
8225 -1601 -13198
8226 -1799 -13070
8227 -1799 -12926
8228 -1765 -12646
8229 -2021 -12766
8230 -1927 -12682
8231 -2029 -12686
8232 -2025 -12670
8233 -1923 -12798
8234 -1747 -13074
8235 -1811 -13154
8236 -1761 -13094
8237 -1873 -12982
8238 -1875 -13158
8239 -1983 -13046
8240 -1997 -13174
8241 -2143 -13006
8242 -2117 -12954
8243 -2119 -12954
8244 -2211 -13154
8245 -2293 -12966
8246 -2349 -13102
8247 -2399 -13026
8248 -2215 -13054
8249 -2195 -12910
8250 -2181 -12834
8251 -2225 -12826
8252 -2183 -12926
8253 -2161 -12894
8254 -2167 -13062
8255 -2153 -12746
8256 -2255 -12922
8257 -2239 -12926
8258 -2325 -12798
8259 -2413 -13006
8260 -2263 -13046
8261 -2397 -13046
8262 -2349 -12930
8263 -2299 -12838
8264 -2225 -12658
8265 -2413 -12630
8266 -2459 -12818
8267 -2505 -12910
8268 -2383 -12998
8269 -2251 -12954
8270 -2213 -12714
8271 -2167 -12918
8272 -2153 -12926
8273 -2421 -13122
8274 -2405 -13238
8275 -2409 -13174
8276 -2499 -13346
8277 -2519 -13518
8278 -2393 -13238
8279 -2427 -13030
8280 -2501 -13238
8281 -2603 -13102
8282 -2519 -13010
8283 -2469 -13170
8284 -2623 -13150
8285 -2597 -13290
8286 -2607 -13086
8287 -2681 -13150
8288 -2597 -12930
8289 -2639 -13102
8290 -2553 -13198
8291 -2675 -13122
8292 -2589 -13034
8293 -2655 -13186
8294 -2569 -13462
8295 -2535 -13338
8296 -2549 -13318
8297 -2637 -13134
8298 -2735 -13302
8299 -2687 -12998
8300 -2815 -12830
8301 -2969 -12954
8302 -3231 -13066
8303 -3437 -13326
8304 -3565 -13350
8305 -3587 -13354
8306 -3459 -13066
8307 -3557 -13182
8308 -3707 -13086
8309 -3673 -13150
8310 -3645 -13178
8311 -3559 -13142
8312 -3531 -13134
8313 -3405 -13002
8314 -3331 -12874
8315 -3293 -12766
8316 -3269 -12610
8317 -3279 -12454
8318 -3079 -12682
8319 -3093 -12650
8320 -3059 -12778
8321 -3061 -12734
8322 -3041 -12794
8323 -3057 -12802
8324 -2967 -12962
8325 -2993 -12766
8326 -3063 -12918
8327 -3245 -13014
8328 -3399 -13290
8329 -3249 -13194
8330 -3155 -13258
8331 -3073 -13106
8332 -3119 -13122
8333 -3223 -13206
8334 -3165 -13310
8335 -3355 -13446
8336 -3125 -13362
8337 -3211 -13470
8338 -3231 -13538
8339 -3183 -13250
8340 -3135 -13230
8341 -2993 -13166
8342 -3005 -13142
8343 -2863 -13002
8344 -2837 -12886
8345 -2813 -12646
8346 -2771 -12754
8347 -2845 -12934
8348 -2767 -12934
8349 -2829 -12854
8350 -2755 -12666
8351 -2685 -12690
8352 -2605 -12902
8353 -2653 -12882
8354 -2619 -12970
8355 -2641 -13118
8356 -2571 -12938
8357 -2653 -12950
8358 -2763 -12506
8359 -2601 -12662
8360 -2641 -12646
8361 -2685 -12798
8362 -2805 -12726
8363 -2723 -12718
8364 -2743 -12734
8365 -2789 -12886
8366 -2819 -12902
8367 -2861 -12802
8368 -2869 -12698
8369 -2845 -12530
8370 -2727 -12594
8371 -2621 -12530
8372 -2715 -12418
8373 -2693 -12638
8374 -2805 -12602
8375 -2949 -12590
8376 -3183 -12690
8377 -3265 -12902
8378 -3241 -13010
8379 -3117 -12962
8380 -3129 -12686
8381 -3015 -12730
8382 -2919 -12846
8383 -2909 -12902
8384 -2727 -13022
8385 -2771 -13042
8386 -2905 -13246
8387 -2623 -13110
8388 -2675 -12938
8389 -2611 -12646
8390 -2425 -12650
8391 -2627 -12766
8392 -2645 -12666
8393 -2659 -12734
8394 -2487 -12790
8395 -2441 -12866
8396 -2309 -12730
8397 -2245 -12806
8398 -2271 -12674
8399 -2297 -12614
8400 -2355 -12386
8401 -2577 -12554
8402 -2565 -12630
8403 -2593 -12694
8404 -2511 -12638
8405 -2587 -12666
8406 -2499 -12458
8407 -2665 -12574
8408 -2543 -12398
8409 -2633 -12398
8410 -2685 -12590
8411 -2643 -12714
8412 -2675 -12938
8413 -2659 -13146
8414 -2543 -13018
8415 -2467 -12954
8416 -2521 -13030
8417 -2553 -13078
8418 -2435 -12974
8419 -2533 -12850
8420 -2465 -12674
8421 -2201 -12490
8422 -2339 -12490
8423 -2281 -12446
8424 -2437 -12862
8425 -2581 -12878
8426 -2765 -13398
8427 -2737 -13122
8428 -2741 -13178
8429 -2909 -13326
8430 -2923 -13074
8431 -2979 -12958
8432 -2997 -13258
8433 -2945 -13098
8434 -2945 -13202
8435 -3023 -13234
8436 -3045 -13386
8437 -2865 -13006
8438 -2729 -13174
8439 -2657 -12934
8440 -2675 -12870
8441 -2787 -12858
8442 -2917 -12910
8443 -2891 -12786
8444 -2733 -12718
8445 -2851 -12454
8446 -2885 -12574
8447 -2951 -12882
8448 -2985 -13102
8449 -2931 -13150
8450 -2981 -13046
8451 -3109 -13050
8452 -3289 -13374
8453 -3205 -13314
8454 -3189 -13386
8455 -3201 -13590
8456 -3299 -13510
8457 -3401 -13358
8458 -3345 -13274
8459 -3405 -13378
8460 -3423 -13286
8461 -3259 -13142
8462 -3351 -13218
8463 -3355 -12826
8464 -3315 -12678
8465 -3317 -12654
8466 -3413 -12542
8467 -3297 -12670
8468 -3133 -12646
8469 -3145 -12594
8470 -3125 -12778
8471 -3079 -12778
8472 -2787 -12638
8473 -2867 -12834
8474 -2999 -13134
8475 -2963 -12750
8476 -3119 -13006
8477 -3089 -13298
8478 -3061 -13190
8479 -3003 -12886
8480 -2997 -13050
8481 -2995 -12962
8482 -3033 -13026
8483 -3017 -12918
8484 -2931 -13038
8485 -2823 -13070
8486 -2851 -12878
8487 -2963 -13222
8488 -2869 -12978
8489 -2911 -12918
8490 -2745 -12810
8491 -2555 -12846
8492 -2555 -13142
8493 -2687 -13346
8494 -2705 -13090
8495 -2769 -13226
8496 -2783 -13294
8497 -2829 -13302
8498 -2937 -13186
8499 -2777 -13094
8500 -2759 -13086
8501 -2729 -13098
8502 -2793 -13146
8503 -2693 -12958
8504 -2763 -12990
8505 -2625 -12970
8506 -2575 -12894
8507 -2667 -12954
8508 -2769 -13194
8509 -2741 -13098
8510 -2647 -13034
8511 -2609 -12830
8512 -2615 -12878
8513 -2583 -13022
8514 -2495 -12938
8515 -2519 -13062
8516 -2577 -12722
8517 -2469 -12842
8518 -2445 -12678
8519 -2463 -12550
8520 -2391 -12834
8521 -2645 -12938
8522 -2681 -12786
8523 -2593 -12642
8524 -2513 -12838
8525 -2581 -12830
8526 -2391 -13010
8527 -2365 -12962
8528 -2269 -12706
8529 -2217 -12994
8530 -2283 -12886
8531 -2217 -12978
8532 -2233 -13026
8533 -2281 -13058
8534 -2427 -13194
8535 -2513 -13350
8536 -2589 -13206
8537 -2597 -13314
8538 -2545 -12910
8539 -2275 -12534
8540 -2363 -12554
8541 -2445 -12750
8542 -2293 -12734
8543 -2479 -12622
8544 -2539 -12654
8545 -2673 -12762
8546 -2609 -12590
8547 -2665 -12874
8548 -2773 -12894
8549 -2805 -12854
8550 -2693 -12806
8551 -2787 -12770
8552 -2643 -12630
8553 -2731 -12622
8554 -2691 -12646
8555 -2625 -12694
8556 -2775 -12954
8557 -2825 -12986
8558 -2915 -13134
8559 -2701 -13086
8560 -2771 -12958
8561 -2753 -12886
8562 -2835 -13082
8563 -2869 -12902
8564 -2935 -13002
8565 -3041 -12862
8566 -3083 -12894
8567 -3081 -12754
8568 -3055 -12794
8569 -3101 -12646
8570 -3003 -12610
8571 -3155 -12914
8572 -3199 -12670
8573 -3197 -12930
8574 -3261 -13198
8575 -3471 -13322
8576 -3277 -13218
8577 -3233 -13382
8578 -3359 -12962
8579 -3447 -13062
8580 -3553 -13098
8581 -3637 -13090
8582 -3667 -13106
8583 -3529 -12814
8584 -3583 -13122
8585 -3633 -13118
8586 -3491 -13066
8587 -3531 -13134
8588 -3517 -13074
8589 -3359 -12890
8590 -3313 -12910
8591 -3347 -12754
8592 -3513 -12998
8593 -3457 -12866
8594 -3447 -13046
8595 -3479 -13026
8596 -3217 -13014
8597 -3161 -12822
8598 -3125 -12606
8599 -2975 -12634
8600 -3121 -12966
8601 -3039 -12914
8602 -3073 -12890
8603 -3105 -12974
8604 -2953 -12946
8605 -2975 -13158
8606 -2841 -12974
8607 -2795 -13086
8608 -2689 -13014
8609 -2799 -12850
8610 -2791 -13010
8611 -2703 -13026
8612 -2545 -13062
8613 -2583 -13150
8614 -2677 -13134
8615 -2665 -13242
8616 -2539 -13310
8617 -2687 -13306
8618 -2783 -13314
8619 -2759 -13166
8620 -2771 -12998
8621 -2701 -13050
8622 -2615 -13290
8623 -2467 -13242
8624 -2275 -13118
8625 -2355 -13102
8626 -2383 -13354
8627 -2561 -13190
8628 -2685 -13090
8629 -2661 -13274
8630 -2813 -13262
8631 -2835 -13342
8632 -2855 -13110
8633 -2825 -13082
8634 -2761 -13322
8635 -2867 -13062
8636 -2805 -13226
8637 -2865 -13078
8638 -3003 -12886
8639 -3165 -13162
8640 -3131 -13250
8641 -3209 -13154
8642 -2985 -12978
8643 -3051 -13150
8644 -3179 -13074
8645 -3169 -13234
8646 -3165 -13050
8647 -3181 -13042
8648 -3349 -13050
8649 -3189 -12774
8650 -3065 -12858
8651 -3077 -13094
8652 -3107 -12942
8653 -3181 -12954
8654 -3159 -12958
8655 -3449 -13162
8656 -3437 -13198
8657 -3385 -13386
8658 -3213 -13290
8659 -3331 -13210
8660 -3261 -13082
8661 -3175 -13446
8662 -3181 -13358
8663 -3155 -13350
8664 -3097 -13274
8665 -3203 -13306
8666 -3347 -13130
8667 -3221 -12898
8668 -3163 -13102
8669 -3053 -13110
8670 -2975 -13350
8671 -3041 -13294
8672 -3081 -13206
8673 -3173 -13118
8674 -3059 -13198
8675 -2897 -12994
8676 -2983 -12858
8677 -2977 -13314
8678 -2943 -13142
8679 -2903 -13174
8680 -2795 -13006
8681 -2713 -13126
8682 -2859 -13030
8683 -2929 -12958
8684 -2921 -13058
8685 -2797 -12782
8686 -2957 -12790
8687 -3005 -12846
8688 -3051 -13150
8689 -2961 -13118
8690 -2881 -13198
8691 -2925 -12998
8692 -2851 -12814
8693 -2841 -12986
8694 -2835 -13154
8695 -2747 -13230
8696 -2663 -13046
8697 -2701 -12938
8698 -2915 -13018
8699 -2821 -12846
8700 -2863 -13062
8701 -2805 -13054
8702 -2685 -13010
8703 -2749 -12898
8704 -2585 -12682
8705 -2521 -12842
8706 -2341 -12894
8707 -2241 -12770
8708 -1967 -12370
8709 -1915 -12334
8710 -1971 -12526
8711 -1959 -12538
8712 -2051 -12530
8713 -2049 -12734
8714 -2055 -12834
8715 -2095 -12670
8716 -2049 -12662
8717 -2039 -12974
8718 -2113 -12998
8719 -2067 -13006
8720 -2087 -12914
8721 -2003 -12622
8722 -2141 -12706
8723 -1903 -12642
8724 -2021 -12710
8725 -1987 -12642
8726 -2067 -12966
8727 -2021 -12810
8728 -2013 -13054
8729 -2073 -13314
8730 -2221 -13298
8731 -2277 -13458
8732 -2287 -13414
8733 -2171 -13230
8734 -2217 -13302
8735 -2063 -13346
8736 -2121 -13018
8737 -2135 -13058
8738 -1973 -12958
8739 -2075 -12950
8740 -2125 -12986
8741 -2119 -12902
8742 -2167 -12830
8743 -2101 -12922
8744 -2077 -13106
8745 -2093 -13086
8746 -1957 -12950
8747 -1697 -12790
8748 -1427 -12626
8749 -1377 -12762
8750 -1419 -12706
8751 -1357 -12682
8752 -1315 -12686
8753 -1297 -12542
8754 -1303 -12422
8755 -1425 -12342
8756 -1571 -12678
8757 -1725 -12554
8758 -1759 -12530
8759 -1749 -12602
8760 -1507 -12394
8761 -1521 -12570
8762 -1465 -12386
8763 -1461 -12458
8764 -1371 -12342
8765 -1413 -12598
8766 -1505 -12778
8767 -1215 -12498
8768 -1225 -12542
8769 -1289 -12454
8770 -1613 -12518
8771 -1691 -12382
8772 -1577 -12554
8773 -1713 -12458
8774 -1509 -12518
8775 -1543 -12534
8776 -1681 -12518
8777 -1799 -12542
8778 -2081 -12598
8779 -2157 -12706
8780 -2175 -12558
8781 -2275 -12746
8782 -2431 -12754
8783 -2429 -12658
8784 -2491 -12726
8785 -2489 -12614
8786 -2621 -12882
8787 -2639 -13102
8788 -2523 -12966
8789 -2523 -12942
8790 -2357 -12986
8791 -2279 -13034
8792 -2257 -12858
8793 -2365 -12902
8794 -2411 -12862
8795 -2505 -12854
8796 -2473 -12782
8797 -2489 -12582
8798 -2515 -12634
8799 -2579 -12858
8800 -2587 -12614
8801 -2643 -12818
8802 -2577 -12498
8803 -2725 -12466
8804 -2805 -12846
8805 -2889 -12854
8806 -2905 -12970
8807 -2883 -13054
8808 -2983 -13038
8809 -2959 -12878
8810 -2787 -12914
8811 -2683 -12930
8812 -2779 -13038
8813 -2777 -12898
8814 -2895 -13094
8815 -2835 -13158
8816 -2591 -12854
8817 -2651 -13026
8818 -2461 -13050
8819 -2657 -12818
8820 -2617 -12798
8821 -2731 -13174
8822 -2657 -12858
8823 -2737 -12602
8824 -2703 -12962
8825 -2599 -13086
8826 -2475 -13142
8827 -2579 -12942
8828 -2595 -12818
8829 -2659 -12750
8830 -2579 -12706
8831 -2821 -13098
8832 -2943 -13118
8833 -3009 -12918
8834 -3019 -13262
8835 -2985 -13470
8836 -2979 -13210
8837 -2963 -13226
8838 -2953 -12862
8839 -2913 -12846
8840 -2987 -12898
8841 -3011 -12750
8842 -2841 -12962
8843 -2765 -13086
8844 -2817 -13150
8845 -2873 -13286
8846 -3015 -12898
8847 -3029 -13074
8848 -3081 -12858
8849 -2987 -12698
8850 -2951 -12746
8851 -3001 -12802
8852 -2911 -12850
8853 -2985 -12950
8854 -2949 -12798
8855 -3029 -12918
8856 -3001 -13086
8857 -3135 -12858
8858 -3205 -12978
8859 -3183 -12774
8860 -3219 -12962
8861 -3117 -12882
8862 -2917 -12922
8863 -3037 -13054
8864 -3019 -12850
8865 -3099 -13066
8866 -3189 -13206
8867 -3247 -13306
8868 -3251 -13186
8869 -3223 -13122
8870 -3153 -12878
8871 -3129 -13098
8872 -3213 -13238
8873 -3153 -13222
8874 -3137 -12886
8875 -3113 -12642
8876 -3151 -12566
8877 -3377 -12702
8878 -3309 -13022
8879 -3283 -12998
8880 -3307 -12906
8881 -3437 -12814
8882 -3365 -12894
8883 -3395 -12762
8884 -3401 -12962
8885 -3419 -13206
8886 -3443 -13038
8887 -3315 -13130
8888 -3183 -12906
8889 -3245 -13102
8890 -3309 -13374
8891 -3153 -12970
8892 -3225 -13186
8893 -3175 -13138
8894 -3253 -13098
8895 -3137 -12978
8896 -3155 -13098
8897 -3179 -13166
8898 -3199 -13346
8899 -3431 -13462
8900 -3345 -13202
8901 -3425 -12986
8902 -3463 -13198
8903 -3411 -12934
8904 -3669 -13142
8905 -3603 -13150
8906 -3521 -13138
8907 -3535 -13214
8908 -3475 -13282
8909 -3509 -13346
8910 -3325 -13246
8911 -3345 -13242
8912 -3183 -13070
8913 -3295 -13334
8914 -3245 -13250
8915 -3215 -13362
8916 -3335 -13554
8917 -3533 -13182
8918 -3543 -13110
8919 -3599 -13190
8920 -3685 -13222
8921 -3765 -13330
8922 -3717 -13294
8923 -3815 -13110
8924 -3657 -13390
8925 -3589 -13514
8926 -3687 -13626
8927 -3677 -13478
8928 -3709 -13530
8929 -3609 -13562
8930 -3563 -13334
8931 -3661 -13306
8932 -3599 -13310
8933 -3477 -13146
8934 -3421 -13158
8935 -3459 -13158
8936 -3433 -13050
8937 -3521 -13082
8938 -3427 -13234
8939 -3507 -13406
8940 -3567 -13438
8941 -3537 -13322
8942 -3557 -13254
8943 -3567 -13518
8944 -3605 -13566
8945 -3683 -13538
8946 -3643 -13514
8947 -3675 -13402
8948 -3687 -13382
8949 -3691 -13334
8950 -3707 -13266
8951 -3627 -13262
8952 -3617 -13290
8953 -3629 -13566
8954 -3743 -13250
8955 -3789 -13034
8956 -3823 -13134
8957 -3873 -13222
8958 -3865 -13342
8959 -3885 -13542
8960 -4013 -13478
8961 -4069 -13338
8962 -4097 -13294
8963 -4043 -13250
8964 -4059 -13326
8965 -4177 -13258
8966 -4077 -13122
8967 -4095 -13574
8968 -4037 -13350
8969 -4015 -13334
8970 -4025 -13374
8971 -3929 -13458
8972 -3979 -13258
8973 -3983 -13122
8974 -4007 -12978
8975 -3875 -12974
8976 -3935 -13062
8977 -3869 -13066
8978 -3913 -13166
8979 -4027 -13134
8980 -4101 -13354
8981 -3965 -13270
8982 -4059 -13550
8983 -3895 -13526
8984 -3833 -13430
8985 -3817 -13514
8986 -3969 -13586
8987 -3795 -13258
8988 -3785 -13194
8989 -3653 -13174
8990 -3689 -12974
8991 -3695 -13150
8992 -3689 -13138
8993 -3691 -13006
8994 -3621 -13090
8995 -3493 -13110
8996 -3419 -13102
8997 -3427 -13074
8998 -3477 -13074
8999 -3527 -12926
9000 -3457 -12954
9001 -3527 -13146
9002 -3553 -13186
9003 -3473 -13194
9004 -3601 -13130
9005 -3539 -13370
9006 -3381 -13222
9007 -3307 -12910
9008 -3265 -13038
9009 -3327 -12890
9010 -3387 -13226
9011 -3365 -13254
9012 -3309 -13142
9013 -3255 -13162
9014 -3265 -13406
9015 -3309 -13346
9016 -3249 -13214
9017 -3193 -13418
9018 -3185 -13574
9019 -3233 -13338
9020 -3209 -13414
9021 -3319 -13554
9022 -3399 -13338
9023 -3201 -13262
9024 -3171 -12954
9025 -3141 -12986
9026 -3149 -13218
9027 -3181 -13290
9028 -3053 -13346
9029 -2941 -13414
9030 -2915 -13282
9031 -2767 -13226
9032 -2779 -12898
9033 -2703 -13082
9034 -2715 -12954
9035 -2675 -13106
9036 -2579 -13170
9037 -2595 -12838
9038 -2611 -13206
9039 -2581 -13122
9040 -2509 -13110
9041 -2551 -13242
9042 -2513 -13114
9043 -2495 -13006
9044 -2531 -13166
9045 -2583 -13206
9046 -2593 -13142
9047 -2539 -13090
9048 -2575 -13226
9049 -2621 -12934
9050 -2519 -12954
9051 -2533 -13062
9052 -2505 -12978
9053 -2487 -13026
9054 -2519 -12934
9055 -2475 -13010
9056 -2385 -13082
9057 -2483 -13126
9058 -2489 -12914
9059 -2453 -13214
9060 -2407 -13398
9061 -2531 -13426
9062 -2463 -13002
9063 -2435 -12978
9064 -2447 -13198
9065 -2405 -12746
9066 -2391 -12910
9067 -2173 -12790
9068 -2281 -12934
9069 -2311 -12854
9070 -2245 -12790
9071 -2255 -12770
9072 -2253 -12802
9073 -2193 -12642
9074 -2159 -12730
9075 -2303 -12718
9076 -2403 -12986
9077 -2161 -12930
9078 -2151 -12938
9079 -1977 -12742
9080 -1923 -12922
9081 -1763 -13006
9082 -1605 -13090
9083 -1415 -12918
9084 -1355 -12866
9085 -1185 -12894
9086 -1173 -13062
9087 -1127 -12930
9088 -1323 -13162
9089 -1427 -13150
9090 -1715 -13030
9091 -1593 -13090
9092 -1513 -13034
9093 -1347 -13038
9094 -1463 -13130
9095 -1497 -13006
9096 -1457 -12946
9097 -1473 -13090
9098 -1425 -13066
9099 -1273 -12878
9100 -1199 -12734
9101 -1281 -12910
9102 -1295 -13210
9103 -1317 -12982
9104 -1267 -12926
9105 -1181 -12690
9106 -1215 -12478
9107 -1179 -12534
9108 -1139 -12462
9109 -1415 -12550
9110 -1453 -12586
9111 -1655 -12958
9112 -1699 -12706
9113 -1671 -12666
9114 -1769 -12798
9115 -1613 -12862
9116 -1645 -12610
9117 -1677 -12634
9118 -1759 -12846
9119 -1743 -13142
9120 -1535 -13122
9121 -1561 -13150
9122 -1653 -13118
9123 -1771 -13098
9124 -1703 -12934
9125 -1731 -12858
9126 -1549 -12946
9127 -1623 -13122
9128 -1643 -12974
9129 -1629 -13022
9130 -1663 -13130
9131 -1625 -13242
9132 -1721 -13122
9133 -1803 -13218
9134 -1919 -13066
9135 -1857 -13158
9136 -1843 -12966
9137 -1733 -13166
9138 -1807 -13174
9139 -1787 -12926
9140 -1709 -13166
9141 -1727 -13162
9142 -1749 -13098
9143 -1757 -13014
9144 -1737 -13074
9145 -1715 -13170
9146 -1719 -13126
9147 -1777 -12994
9148 -1771 -13302
9149 -1931 -13246
9150 -2025 -13262
9151 -2171 -13054
9152 -1997 -13266
9153 -1969 -13114
9154 -1963 -12818
9155 -2001 -12890
9156 -1997 -13202
9157 -1735 -13254
9158 -1605 -13210
9159 -1565 -13446
9160 -1531 -13010
9161 -1711 -13406
9162 -1685 -13270
9163 -1857 -13306
9164 -1843 -13358
9165 -2007 -13298
9166 -2135 -13414
9167 -2015 -13014
9168 -1889 -13266
9169 -1855 -13322
9170 -1843 -13110
9171 -1833 -13322
9172 -1763 -13562
9173 -1743 -13226
9174 -1771 -13318
9175 -2009 -13346
9176 -2029 -13470
9177 -1951 -13378
9178 -2007 -13298
9179 -2091 -13522
9180 -2133 -13626
9181 -2181 -13606
9182 -2105 -13786
9183 -2107 -13446
9184 -1983 -13442
9185 -2003 -13594
9186 -1879 -13554
9187 -1883 -13610
9188 -1783 -13390
9189 -1767 -13222
9190 -1715 -13198
9191 -1759 -13386
9192 -1765 -13158
9193 -1749 -13078
9194 -1755 -13222
9195 -1781 -13454
9196 -1939 -13262
9197 -1953 -13202
9198 -1843 -13358
9199 -1875 -13598
9200 -1849 -13714
9201 -1819 -13590
9202 -1807 -13314
9203 -1741 -13254
9204 -1489 -13530
9205 -1467 -13554
9206 -1499 -13538
9207 -1463 -13542
9208 -1623 -13614
9209 -1529 -13398
9210 -1653 -13298
9211 -1701 -13546
9212 -1695 -13202
9213 -1633 -13250
9214 -1905 -13314
9215 -2013 -13466
9216 -1879 -13534
9217 -1831 -13414
9218 -1929 -13486
9219 -1921 -13242
9220 -1967 -13330
9221 -1919 -13250
9222 -1931 -13118
9223 -2039 -13242
9224 -2015 -12846
9225 -1995 -12750
9226 -1983 -13018
9227 -2145 -12918
9228 -2265 -12910
9229 -2283 -13026
9230 -2347 -13082
9231 -2423 -13026
9232 -2295 -13082
9233 -2297 -12846
9234 -2385 -12918
9235 -2227 -12978
9236 -2275 -12894
9237 -2507 -13342
9238 -2547 -13210
9239 -2459 -12962
9240 -2597 -13074
9241 -2597 -13034
9242 -2531 -13086
9243 -2681 -12994
9244 -2633 -13134
9245 -2555 -13070
9246 -2551 -13246
9247 -2505 -13070
9248 -2479 -13086
9249 -2513 -13110
9250 -2583 -13070
9251 -2719 -13070
9252 -2659 -12826
9253 -2565 -12782
9254 -2561 -12934
9255 -2387 -12858
9256 -2351 -13130
9257 -2385 -12854
9258 -2385 -13006
9259 -2233 -13126
9260 -2243 -13090
9261 -2163 -13094
9262 -1991 -12922
9263 -2173 -12958
9264 -2101 -12874
9265 -2181 -12854
9266 -2019 -12650
9267 -2071 -12834
9268 -2103 -12954
9269 -2263 -13158
9270 -2265 -13210
9271 -2273 -13322
9272 -2145 -13094
9273 -2175 -12982
9274 -2245 -12870
9275 -2423 -13050
9276 -2257 -13094
9277 -2263 -12794
9278 -2441 -13162
9279 -2479 -12930
9280 -2227 -12726
9281 -2151 -12822
9282 -1997 -12814
9283 -2001 -12550
9284 -1929 -12466
9285 -1949 -12682
9286 -2043 -12642
9287 -1991 -12706
9288 -2105 -12734
9289 -2127 -13090
9290 -2135 -13038
9291 -2071 -12818
9292 -2171 -12830
9293 -2341 -12790
9294 -2303 -12890
9295 -2267 -12798
9296 -2339 -13098
9297 -2517 -13286
9298 -2649 -13506
9299 -2587 -13242
9300 -2549 -13358
9301 -2571 -13046
9302 -2565 -13098
9303 -2669 -12946
9304 -2653 -13246
9305 -2599 -13082
9306 -2761 -12970
9307 -2917 -13166
9308 -2837 -13326
9309 -2841 -13298
9310 -2711 -13454
9311 -2829 -13378
9312 -2901 -13418
9313 -3015 -13434
9314 -3117 -13330
9315 -3215 -13378
9316 -3195 -13466
9317 -3307 -13530
9318 -3183 -13446
9319 -3191 -13446
9320 -3241 -13514
9321 -3269 -13430
9322 -3217 -13346
9323 -3097 -13490
9324 -3141 -13442
9325 -3135 -13366
9326 -2959 -12970
9327 -2821 -13086
9328 -2781 -12690
9329 -2723 -12690
9330 -2745 -13114
9331 -2899 -13338
9332 -2841 -12890
9333 -2783 -13310
9334 -2707 -13078
9335 -2697 -13030
9336 -2809 -12986
9337 -2839 -13130
9338 -2899 -13274
9339 -2733 -13222
9340 -2677 -13166
9341 -2587 -13198
9342 -2611 -13158
9343 -2583 -12874
9344 -2707 -13178
9345 -2711 -13190
9346 -2681 -13218
9347 -2669 -13086
9348 -2585 -12998
9349 -2513 -12938
9350 -2389 -13030
9351 -2385 -13170
9352 -2201 -12930
9353 -2143 -13082
9354 -2113 -12854
9355 -2279 -12938
9356 -2193 -13026
9357 -1931 -12654
9358 -2053 -12866
9359 -2043 -12858
9360 -2205 -12954
9361 -2177 -12970
9362 -2003 -12938
9363 -2065 -12890
9364 -2043 -12806
9365 -2021 -12738
9366 -1937 -12818
9367 -1781 -12850
9368 -1963 -12858
9369 -1969 -12814
9370 -2015 -12786
9371 -1829 -12858
9372 -1859 -12786
9373 -1793 -12922
9374 -1793 -12902
9375 -1747 -12970
9376 -1775 -12762
9377 -1583 -12702
9378 -1651 -12538
9379 -1517 -12798
9380 -1593 -13094
9381 -1537 -13022
9382 -1651 -12910
9383 -1829 -12842
9384 -1931 -12994
9385 -2061 -12802
9386 -2121 -13014
9387 -2023 -12798
9388 -2057 -13042
9389 -2161 -12938
9390 -2115 -12618
9391 -2175 -12670
9392 -2311 -12830
9393 -2329 -12658
9394 -2347 -13018
9395 -2311 -13086
9396 -2359 -13022
9397 -2477 -13070
9398 -2401 -12994
9399 -2387 -12862
9400 -2199 -12778
9401 -2297 -12854
9402 -1987 -12874
9403 -1965 -12934
9404 -1707 -12674
9405 -1723 -12654
9406 -1805 -12526
9407 -1717 -12446
9408 -1739 -12446
9409 -1789 -12670
9410 -1641 -12510
9411 -1853 -12546
9412 -1865 -12854
9413 -1849 -12818
9414 -1773 -12998
9415 -1735 -12734
9416 -2031 -12858
9417 -2101 -12946
9418 -2051 -12662
9419 -2111 -12842
9420 -1921 -12950
9421 -2015 -12998
9422 -2021 -12570
9423 -2007 -12514
9424 -2025 -12562
9425 -2117 -12558
9426 -2089 -12598
9427 -1937 -12778
9428 -1949 -12834
9429 -1965 -12910
9430 -1933 -12678
9431 -2049 -12626
9432 -2119 -12874
9433 -2285 -12842
9434 -2145 -12678
9435 -2095 -12506
9436 -2079 -12722
9437 -2177 -12830
9438 -2177 -13162
9439 -2273 -13170
9440 -2509 -13066
9441 -2451 -12938
9442 -2543 -12794
9443 -2555 -12834
9444 -2583 -12906
9445 -2441 -12782
9446 -2621 -12734
9447 -2479 -12766
9448 -2611 -12506
9449 -2633 -12310
9450 -2775 -12434
9451 -2769 -12614
9452 -2839 -12738
9453 -2743 -12602
9454 -2749 -12822
9455 -2731 -12630
9456 -2643 -12942
9457 -2725 -12910
9458 -2817 -12686
9459 -2823 -12866
9460 -2739 -12714
9461 -2727 -12742
9462 -2827 -12770
9463 -2917 -12658
9464 -2927 -12918
9465 -3037 -12894
9466 -3029 -12902
9467 -3143 -13106
9468 -3077 -13010
9469 -3019 -12746
9470 -3103 -12702
9471 -3111 -12550
9472 -3185 -12526
9473 -3411 -12598
9474 -3387 -12706
9475 -3333 -12798
9476 -3349 -12626
9477 -3301 -12498
9478 -3327 -12362
9479 -3471 -12726
9480 -3343 -12274
9481 -3375 -12410
9482 -3251 -12538
9483 -3251 -12574
9484 -3469 -12870
9485 -3489 -12842
9486 -3435 -13010
9487 -3457 -12694
9488 -3603 -12766
9489 -3691 -12626
9490 -3487 -12642
9491 -3515 -12786
9492 -3533 -13066
9493 -3387 -12978
9494 -3525 -13162
9495 -3409 -13218
9496 -3445 -13006
9497 -3525 -13186
9498 -3445 -12902
9499 -3531 -12918
9500 -3425 -12782
9501 -3455 -12922
9502 -3389 -12794
9503 -3503 -13082
9504 -3537 -13026
9505 -3657 -13186
9506 -3589 -13458
9507 -3689 -13430
9508 -3709 -13110
9509 -3745 -13258
9510 -3695 -13446
9511 -3847 -13426
9512 -3935 -13466
9513 -3879 -13734
9514 -3687 -13442
9515 -3691 -13254
9516 -3457 -13094
9517 -3515 -13058
9518 -3435 -12698
9519 -3337 -12446
9520 -3245 -12398
9521 -3301 -12462
9522 -3297 -12438
9523 -3417 -12638
9524 -3413 -12634
9525 -3455 -12858
9526 -3369 -12974
9527 -3517 -13222
9528 -3489 -13038
9529 -3577 -12758
9530 -3507 -12862
9531 -3593 -12866
9532 -3577 -13026
9533 -3443 -12754
9534 -3555 -12646
9535 -3643 -12898
9536 -3727 -13054
9537 -3677 -12814
9538 -3627 -12930
9539 -3717 -12798
9540 -3587 -12486
9541 -3665 -12918
9542 -3667 -13014
9543 -3823 -13042
9544 -3801 -13338
9545 -3789 -13306
9546 -3763 -13178
9547 -3703 -13042
9548 -3649 -13058
9549 -3663 -12902
9550 -3703 -12750
9551 -3755 -12982
9552 -3637 -13194
9553 -3507 -12766
9554 -3599 -12874
9555 -3607 -12774
9556 -3671 -12562
9557 -3827 -12622
9558 -3697 -12722
9559 -3821 -12642
9560 -4107 -13062
9561 -3929 -12922
9562 -3831 -12930
9563 -3849 -13086
9564 -3793 -13102
9565 -3693 -12806
9566 -3747 -12706
9567 -3789 -12794
9568 -3793 -12998
9569 -3741 -13162
9570 -3637 -12994
9571 -3629 -12650
9572 -3591 -12810
9573 -3739 -12950
9574 -3557 -12846
9575 -3351 -12870
9576 -3337 -12630
9577 -3223 -12634
9578 -3327 -12682
9579 -3277 -12586
9580 -3209 -12750
9581 -3335 -12750
9582 -3335 -12530
9583 -3349 -12930
9584 -3255 -12974
9585 -3249 -12730
9586 -3249 -12738
9587 -3057 -12950
9588 -3185 -12926
9589 -3153 -12946
9590 -3177 -12842
9591 -3155 -12826
9592 -3161 -12794
9593 -3243 -12638
9594 -3293 -12690
9595 -3413 -12734
9596 -3441 -12850
9597 -3599 -12790
9598 -3759 -13102
9599 -3825 -13118
9600 -3847 -13298
9601 -3789 -13306
9602 -3697 -13206
9603 -3477 -13542
9604 -3605 -13234
9605 -3629 -13398
9606 -3679 -13326
9607 -3667 -13374
9608 -3393 -12926
9609 -3265 -12970
9610 -3117 -13142
9611 -3171 -13046
9612 -3229 -13118
9613 -3159 -13138
9614 -3145 -12834
9615 -3167 -12838
9616 -3055 -13058
9617 -2939 -12958
9618 -2875 -12946
9619 -2897 -12922
9620 -2839 -13090
9621 -2897 -13098
9622 -2733 -13166
9623 -2921 -13178
9624 -2939 -13246
9625 -2963 -13074
9626 -3067 -13254
9627 -3105 -13338
9628 -2971 -13174
9629 -3051 -13130
9630 -3097 -13186
9631 -2913 -13074
9632 -2819 -12834
9633 -2761 -13078
9634 -2867 -13162
9635 -2853 -12838
9636 -3001 -12990
9637 -3107 -12854
9638 -3025 -12714
9639 -3097 -12750
9640 -3239 -12798
9641 -3251 -12826
9642 -3385 -12954
9643 -3319 -12674
9644 -3361 -12838
9645 -3247 -12738
9646 -3413 -12602
9647 -3203 -12750
9648 -3223 -12862
9649 -3095 -12754
9650 -3077 -12834
9651 -3005 -12854
9652 -3031 -12922
9653 -2953 -12846
9654 -3063 -12970
9655 -3021 -12818
9656 -3101 -12906
9657 -2983 -12974
9658 -2855 -13038
9659 -2769 -12922
9660 -2781 -13062
9661 -2651 -12898
9662 -2675 -12934
9663 -2631 -13146
9664 -2749 -13210
9665 -2835 -12986
9666 -2771 -13030
9667 -2809 -13226
9668 -2797 -13202
9669 -2865 -12986
9670 -2995 -13170
9671 -2859 -12990
9672 -2831 -12922
9673 -2843 -12870
9674 -3021 -12978
9675 -3103 -13142
9676 -3089 -13114
9677 -3191 -13046
9678 -3243 -13106
9679 -3153 -13098
9680 -3115 -12914
9681 -2945 -12878
9682 -2917 -13006
9683 -3005 -13146
9684 -3073 -13130
9685 -3015 -13054
9686 -3139 -13134
9687 -3163 -13246
9688 -3327 -13306
9689 -3297 -13230
9690 -3395 -13406
9691 -3337 -13546
9692 -3089 -13310
9693 -3111 -13266
9694 -3151 -13386
9695 -3097 -13098
9696 -3099 -13330
9697 -2999 -13254
9698 -2953 -13402
9699 -3023 -13306
9700 -2921 -13062
9701 -2895 -12822
9702 -2875 -12870
9703 -2871 -12834
9704 -2735 -12786
9705 -2653 -12466
9706 -2535 -12310
9707 -2483 -12646
9708 -2497 -12626
9709 -2517 -12618
9710 -2707 -12878
9711 -2805 -12938
9712 -2813 -13154
9713 -2899 -13050
9714 -3081 -12918
9715 -3069 -13162
9716 -3099 -13162
9717 -3079 -13102
9718 -3267 -13006
9719 -3139 -13110
9720 -3017 -13066
9721 -3057 -13098
9722 -2963 -12894
9723 -2933 -12834
9724 -2799 -12974
9725 -2819 -12886
9726 -2973 -13066
9727 -2973 -12906
9728 -2877 -13382
9729 -2925 -13418
9730 -3061 -13302
9731 -3093 -13182
9732 -3107 -13222
9733 -3217 -13366
9734 -3271 -13110
9735 -3111 -12902
9736 -3265 -13110
9737 -3225 -13214
9738 -3189 -13362
9739 -3105 -13282
9740 -3115 -13246
9741 -3089 -13034
9742 -3119 -12994
9743 -3099 -13014
9744 -3111 -13034
9745 -2989 -12914
9746 -2863 -12658
9747 -2821 -12718
9748 -2949 -12690
9749 -2931 -12858
9750 -2909 -12930
9751 -2819 -12714
9752 -2909 -12706
9753 -2979 -12750
9754 -3057 -12706
9755 -2897 -12770
9756 -2869 -12842
9757 -2915 -12802
9758 -2789 -12834
9759 -2819 -12742
9760 -2883 -12798
9761 -2893 -12822
9762 -2829 -12870
9763 -2729 -12938
9764 -2735 -12794
9765 -2735 -12614
9766 -2645 -12746
9767 -2709 -12754
9768 -2623 -13006
9769 -2507 -13098
9770 -2489 -13170
9771 -2409 -13126
9772 -2575 -12982
9773 -2571 -13154
9774 -2537 -13478
9775 -2479 -13354
9776 -2541 -13262
9777 -2527 -13094
9778 -2407 -13126
9779 -2183 -13234
9780 -2147 -13174
9781 -2283 -12894
9782 -2307 -12958
9783 -2227 -12922
9784 -2273 -12810
9785 -2245 -12930
9786 -2175 -13102
9787 -2169 -13078
9788 -2221 -13114
9789 -2131 -12994
9790 -2129 -13114
9791 -2041 -12922
9792 -2051 -12850
9793 -2205 -12746
9794 -2225 -12978
9795 -2325 -12890
9796 -2415 -12710
9797 -2385 -12750
9798 -2457 -12826
9799 -2353 -12686
9800 -2413 -12670
9801 -2241 -12594
9802 -2319 -12546
9803 -2253 -12806
9804 -2289 -12826
9805 -2415 -12754
9806 -2539 -12914
9807 -2583 -12966
9808 -2697 -13042
9809 -2631 -13150
9810 -2593 -12934
9811 -2423 -12690
9812 -2375 -12698
9813 -2417 -12838
9814 -2449 -13074
9815 -2417 -12834
9816 -2471 -12838
9817 -2439 -12926
9818 -2709 -13150
9819 -2633 -13082
9820 -2513 -13030
9821 -2603 -12966
9822 -2579 -12994
9823 -2685 -13066
9824 -2695 -12950
9825 -2501 -12910
9826 -2427 -12602
9827 -2453 -12554
9828 -2611 -12618
9829 -2501 -12406
9830 -2597 -12614
9831 -2677 -12458
9832 -2737 -12622
9833 -2615 -12686
9834 -2693 -12898
9835 -2637 -12810
9836 -2661 -12854
9837 -2787 -13190
9838 -2825 -13354
9839 -2703 -13102
9840 -2617 -13010
9841 -2425 -13054
9842 -2397 -12750
9843 -2667 -13054
9844 -2635 -12806
9845 -2897 -12986
9846 -2991 -12930
9847 -3081 -13058
9848 -3207 -13242
9849 -3331 -13274
9850 -3187 -13146
9851 -3259 -13346
9852 -3145 -13250
9853 -2973 -13038
9854 -2829 -13090
9855 -2963 -13246
9856 -2929 -13338
9857 -2881 -13326
9858 -2903 -13166
9859 -2795 -13278
9860 -2887 -13334
9861 -2859 -13114
9862 -2799 -13178
9863 -2805 -13202
9864 -2849 -13106
9865 -2673 -12842
9866 -2659 -13042
9867 -2787 -12918
9868 -2915 -13250
9869 -2823 -13274
9870 -2823 -13230
9871 -3009 -13462
9872 -3065 -13470
9873 -3029 -13210
9874 -3087 -13250
9875 -2955 -12918
9876 -2951 -12882
9877 -2887 -12958
9878 -2877 -12838
9879 -2841 -13098
9880 -2807 -13278
9881 -2963 -13342
9882 -2875 -13198
9883 -2943 -13162
9884 -2737 -12718
9885 -3057 -13134
9886 -3323 -13238
9887 -3393 -13194
9888 -3325 -13302
9889 -3313 -13138
9890 -3425 -13086
9891 -3445 -13198
9892 -3541 -13342
9893 -3549 -13422
9894 -3653 -13154
9895 -3819 -13358
9896 -3883 -13082
9897 -3983 -13226
9898 -3913 -13318
9899 -3831 -13150
9900 -3849 -13202
9901 -3805 -13446
9902 -3749 -13298
9903 -3689 -13166
9904 -3575 -13154
9905 -3585 -13146
9906 -3647 -13102
9907 -3531 -13038
9908 -3509 -12798
9909 -3559 -12842
9910 -3469 -12946
9911 -3583 -12650
9912 -3769 -12762
9913 -3965 -12958
9914 -3765 -12750
9915 -3833 -13058
9916 -3857 -13074
9917 -3901 -13274
9918 -3901 -13206
9919 -3911 -13234
9920 -3871 -13034
9921 -3893 -13054
9922 -4091 -13302
9923 -4141 -13394
9924 -4157 -13142
9925 -4103 -13154
9926 -4211 -13250
9927 -4211 -13526
9928 -4253 -13450
9929 -4205 -13542
9930 -4189 -13214
9931 -4035 -13194
9932 -3977 -13138
9933 -4037 -13266
9934 -3987 -13186
9935 -3943 -13182
9936 -4061 -13338
9937 -3963 -13278
9938 -4033 -13118
9939 -4027 -13266
9940 -3993 -13322
9941 -3867 -13158
9942 -3807 -13066
9943 -3771 -13118
9944 -3719 -13266
9945 -3767 -13242
9946 -3847 -13338
9947 -3793 -12958
9948 -3879 -12986
9949 -3865 -12842
9950 -3915 -13158
9951 -3921 -13098
9952 -3793 -13046
9953 -3747 -13494
9954 -3751 -13418
9955 -3735 -13338
9956 -4011 -13490
9957 -4083 -13370
9958 -3979 -13550
9959 -4003 -13610
9960 -3847 -13354
9961 -3737 -13450
9962 -3499 -13066
9963 -3441 -12982
9964 -3519 -12922
9965 -3659 -13066
9966 -3571 -13058
9967 -3505 -12978
9968 -3463 -12906
9969 -3523 -12734
9970 -3465 -12518
9971 -3473 -13074
9972 -3349 -12878
9973 -3297 -12610
9974 -3473 -13086
9975 -3651 -13210
9976 -3769 -13006
9977 -3837 -12878
9978 -3841 -13118
9979 -3711 -12934
9980 -3823 -12974
9981 -3719 -12966
9982 -3561 -12678
9983 -3621 -12994
9984 -3617 -13018
9985 -3759 -12866
9986 -3601 -12850
9987 -3585 -12678
9988 -3577 -12830
9989 -3643 -12922
9990 -3771 -13054
9991 -3837 -13222
9992 -4001 -13334
9993 -4147 -13390
9994 -4083 -13410
9995 -3941 -13262
9996 -3947 -13298
9997 -3897 -13038
9998 -3959 -12834
9999 -3791 -13058
