0 -217 -6062
1 -133 -8298
2 -299 -9626
3 -283 -10114
4 -529 -10662
5 -483 -10922
6 -557 -11094
7 -501 -11462
8 -459 -11482
9 -351 -11590
10 -287 -11566
11 -81 -11550
12 -87 -11750
13 93 -11710
14 225 -11726
15 207 -11890
16 431 -11834
17 581 -12022
18 537 -12074
19 489 -12118
20 513 -11966
21 547 -12046
22 579 -12182
23 583 -12186
24 649 -12190
25 747 -12226
26 787 -12614
27 689 -12702
28 819 -12670
29 801 -12994
30 799 -12890
31 881 -12818
32 953 -12742
33 861 -12746
34 983 -12686
35 941 -12946
36 965 -12822
37 797 -13050
38 895 -12834
39 849 -12542
40 981 -12994
41 975 -12814
42 941 -12578
43 1145 -12670
44 1269 -12866
45 1251 -12758
46 1195 -12942
47 1239 -12910
48 1291 -12886
49 1197 -12710
50 1183 -13062
51 1149 -12778
52 1173 -12782
53 1341 -12814
54 1349 -12830
55 1431 -12886
56 1261 -13106
57 1191 -13282
58 1093 -13106
59 1241 -13266
60 1221 -13442
61 1143 -13174
62 1079 -13206
63 1135 -13086
64 1153 -13034
65 1021 -13118
66 1143 -13014
67 1249 -13226
68 1259 -13274
69 1205 -13182
70 1263 -13282
71 1271 -13298
72 1367 -13230
73 1367 -13354
74 1399 -13286
75 1333 -13146
76 1367 -13130
77 1371 -13130
78 1319 -13214
79 1071 -13234
80 1233 -13318
81 1153 -13426
82 1089 -13370
83 1015 -13206
84 1099 -13230
85 1269 -13310
86 1087 -13174
87 1263 -13266
88 1373 -13242
89 1241 -13166
90 1131 -13130
91 879 -13054
92 769 -12846
93 789 -12954
94 769 -13062
95 845 -12966
96 847 -12898
97 793 -12802
98 739 -12798
99 801 -12866
100 795 -12946
101 799 -13086
102 783 -12982
103 805 -12806
104 949 -13038
105 783 -13098
106 841 -13074
107 937 -12950
108 1023 -12678
109 1169 -12746
110 1041 -12786
111 1097 -12670
112 1013 -12738
113 805 -12826
114 841 -12658
115 835 -12938
116 863 -12886
117 973 -12930
118 887 -13078
119 885 -12910
120 979 -12898
121 1009 -12918
122 879 -12958
123 811 -12982
124 905 -13282
125 973 -13202
126 813 -13070
127 971 -13214
128 1055 -13358
129 1031 -13274
130 1059 -13390
131 1171 -13182
132 1125 -13026
133 1215 -12894
134 1233 -13278
135 1235 -13134
136 1273 -13358
137 1365 -13266
138 1497 -13454
139 1361 -13370
140 1299 -13446
141 1199 -13146
142 1121 -12894
143 825 -12898
144 857 -13214
145 903 -13174
146 871 -13558
147 699 -13514
148 653 -13382
149 645 -13442
150 757 -13326
151 973 -13358
152 885 -13406
153 983 -13574
154 991 -13510
155 1117 -13530
156 1177 -13406
157 1063 -13538
158 1071 -13478
159 975 -13582
160 1005 -13326
161 1055 -13274
162 973 -13414
163 885 -13386
164 927 -13486
165 947 -13482
166 1075 -13418
167 1097 -13478
168 1069 -13574
169 1051 -13630
170 1109 -13458
171 999 -13310
172 1019 -13238
173 1021 -13346
174 1093 -13386
175 1051 -13578
176 1001 -13582
177 967 -13770
178 1183 -13682
179 1195 -13774
180 1317 -13942
181 1191 -13934
182 1149 -13914
183 1197 -14078
184 1113 -14114
185 1169 -13774
186 1245 -13922
187 1283 -13814
188 1393 -14038
189 1335 -14094
190 1445 -14030
191 1295 -13982
192 1449 -13978
193 1451 -13978
194 1313 -14194
195 1241 -13974
196 1165 -14018
197 1167 -14186
198 1099 -14018
199 1159 -14090
200 1249 -14038
201 1309 -13946
202 1425 -14150
203 1435 -14006
204 1511 -14086
205 1603 -14198
206 1581 -14122
207 1583 -14110
208 1515 -13946
209 1541 -13906
210 1427 -13734
211 1507 -13946
212 1483 -13938
213 1357 -14118
214 1377 -13958
215 1501 -14014
216 1459 -13730
217 1417 -13682
218 1359 -13842
219 1387 -13634
220 1465 -14098
221 1409 -13994
222 1531 -13882
223 1645 -13958
224 1691 -13762
225 1647 -13978
226 1671 -14070
227 1649 -13734
228 1423 -13654
229 1411 -13602
230 1291 -13358
231 1195 -13406
232 1317 -13574
233 1331 -13514
234 1421 -13634
235 1465 -13618
236 1581 -13622
237 1525 -13690
238 1453 -13766
239 1541 -13774
240 1751 -13586
241 1667 -14090
242 1671 -13910
243 1681 -14098
244 1839 -13914
245 1811 -13722
246 1737 -13698
247 1765 -13802
248 1773 -13718
249 1811 -13726
250 1833 -13510
251 1785 -13402
252 1853 -13486
253 1701 -13290
254 1775 -13298
255 1617 -13406
256 1757 -13434
257 1989 -13510
258 2073 -13630
259 2111 -13598
260 2219 -13638
261 2187 -13718
262 2227 -13466
263 2229 -13266
264 2279 -13246
265 2241 -13614
266 2295 -13658
267 2255 -13710
268 2175 -13638
269 2183 -13570
270 2315 -13998
271 2379 -14034
272 2355 -13870
273 2309 -14046
274 2149 -13954
275 2159 -13906
276 2149 -13866
277 1997 -13714
278 2007 -13506
279 1981 -13550
280 1931 -13558
281 1799 -13442
282 1649 -13718
283 1735 -13806
284 1777 -13646
285 1753 -13750
286 1803 -13722
287 1781 -13782
288 1839 -13854
289 1845 -13926
290 1639 -13906
291 1473 -13806
292 1471 -14142
293 1511 -14130
294 1519 -13674
295 1603 -14190
296 1583 -14026
297 1767 -14022
298 1735 -13818
299 1929 -13946
300 1909 -13926
301 1953 -14214
302 1971 -13946
303 1951 -13822
304 1887 -13694
305 1709 -13678
306 1813 -13910
307 1627 -13882
308 1605 -13698
309 1763 -13722
310 1721 -13970
311 1625 -14014
312 1769 -14042
313 1873 -14026
314 2007 -13870
315 2021 -13606
316 1919 -13710
317 2047 -13902
318 2207 -13850
319 2239 -13754
320 2299 -13658
321 2357 -13890
322 2349 -13710
323 2239 -13786
324 2343 -13526
325 2375 -13838
326 2275 -13754
327 2341 -13766
328 2457 -13806
329 2393 -13902
330 2273 -13610
331 2269 -13690
332 2203 -13674
333 2175 -13726
334 2323 -14010
335 2363 -13978
336 2385 -13814
337 2249 -13894
338 2271 -13930
339 2359 -13990
340 2315 -13566
341 2125 -13570
342 2083 -14050
343 2039 -13894
344 2067 -14006
345 2053 -13850
346 1871 -13834
347 1919 -13798
348 1967 -13818
349 1867 -13830
350 1687 -13822
351 1699 -13862
352 1709 -13594
353 1639 -13394
354 1675 -13582
355 1687 -13542
356 1709 -13410
357 1723 -13766
358 1597 -13730
359 1603 -13646
360 1443 -13606
361 1437 -13294
362 1311 -13442
363 1219 -13362
364 1319 -13502
365 1415 -13450
366 1495 -13382
367 1489 -13318
368 1495 -13406
369 1663 -13482
370 1671 -13414
371 1655 -13086
372 1695 -13130
373 1759 -13306
374 1931 -13582
375 1869 -13426
376 1881 -13518
377 1921 -13462
378 1865 -13326
379 1847 -13554
380 1909 -13362
381 1915 -13318
382 2103 -13482
383 2263 -13754
384 2257 -13566
385 2339 -13430
386 2335 -13418
387 2249 -13226
388 2209 -13414
389 2081 -13638
390 2069 -13666
391 2019 -13734
392 1923 -13798
393 1807 -13658
394 1849 -13510
395 1893 -13458
396 1827 -13662
397 1901 -13906
398 1779 -13506
399 1585 -13374
400 1603 -13154
401 1769 -13490
402 1681 -13730
403 1547 -13450
404 1611 -13658
405 1589 -13726
406 1649 -13926
407 1639 -13466
408 1569 -13478
409 1467 -13662
410 1497 -13922
411 1273 -13718
412 1277 -13830
413 1275 -13810
414 1233 -14078
415 1261 -14018
416 1131 -13842
417 1145 -13714
418 1347 -13622
419 1333 -13666
420 1255 -13730
421 1057 -13470
422 887 -13430
423 1027 -13494
424 1003 -13490
425 949 -13202
426 995 -13118
427 1117 -13270
428 981 -13270
429 883 -13226
430 955 -13142
431 1141 -13498
432 1461 -13338
433 1517 -13710
434 1415 -13406
435 1289 -13526
436 1171 -13478
437 1059 -13414
438 1047 -13366
439 993 -13278
440 943 -13314
441 1067 -13314
442 1133 -13282
443 1211 -13482
444 1227 -13306
445 1133 -13330
446 1027 -13350
447 753 -13362
448 801 -13366
449 787 -13286
450 793 -13410
451 705 -13606
452 605 -13398
453 673 -13182
454 843 -13098
455 1013 -13130
456 1069 -13026
457 957 -13030
458 923 -13190
459 837 -13158
460 757 -12922
461 675 -13082
462 537 -13150
463 553 -13214
464 457 -13410
465 445 -13442
466 447 -13274
467 443 -13154
468 299 -13098
469 391 -13370
470 379 -13222
471 271 -13358
472 219 -13286
473 83 -13506
474 225 -13206
475 251 -13370
476 245 -13294
477 213 -13394
478 483 -13466
479 387 -13634
480 275 -13622
481 155 -13230
482 275 -13274
483 107 -13426
484 37 -13270
485 147 -13086
486 213 -13290
487 299 -13302
488 241 -13266
489 227 -13510
490 167 -13290
491 109 -13146
492 77 -13222
493 -41 -13110
494 207 -13170
495 259 -13122
496 165 -13154
497 57 -13414
498 149 -13434
499 365 -13606
500 469 -13514
501 361 -13582
502 319 -13774
503 201 -13654
504 215 -13754
505 305 -14006
506 93 -13842
507 223 -13658
508 315 -13414
509 377 -13254
510 315 -13438
511 339 -13386
512 391 -13294
513 481 -13130
514 369 -13142
515 195 -13030
516 255 -13262
517 417 -12950
518 513 -13330
519 659 -13334
520 593 -12922
521 553 -13054
522 427 -13198
523 453 -13318
524 435 -13474
525 427 -13294
526 673 -13274
527 659 -13218
528 563 -13326
529 767 -13334
530 849 -13370
531 885 -13410
532 789 -13274
533 713 -13430
534 645 -13366
535 657 -13342
536 673 -13222
537 707 -13446
538 701 -13282
539 691 -13278
540 661 -13194
541 685 -13106
542 645 -13314
543 739 -13066
544 549 -13210
545 683 -13206
546 633 -13066
547 717 -13226
548 827 -13182
549 781 -13362
550 805 -13542
551 673 -13238
552 567 -13302
553 551 -13438
554 577 -13250
555 759 -13354
556 799 -13382
557 913 -13606
558 809 -13538
559 865 -13510
560 853 -13510
561 803 -13766
562 821 -13894
563 959 -13838
564 951 -13482
565 973 -13474
566 727 -13538
567 827 -13646
568 967 -13442
569 949 -13686
570 1075 -13778
571 985 -13486
572 1111 -13726
573 1061 -13694
574 1177 -13906
575 1195 -13706
576 1253 -13438
577 1167 -13310
578 1139 -13602
579 1057 -13642
580 1039 -13534
581 1159 -13534
582 1011 -13402
583 1089 -13270
584 1005 -13182
585 985 -13282
586 949 -13346
587 1129 -13510
588 1251 -13614
589 1233 -13670
590 1231 -13606
591 1267 -13338
592 1333 -13026
593 1375 -13246
594 1389 -13182
595 1249 -13178
596 1261 -13258
597 1229 -13322
598 1079 -13394
599 1029 -13406
600 889 -13354
601 923 -13270
602 897 -13310
603 967 -13358
604 963 -13450
605 983 -13342
606 1025 -13450
607 881 -13446
608 837 -13822
609 787 -13566
610 839 -13526
611 845 -13478
612 741 -13502
613 703 -13534
614 915 -13538
615 835 -13398
616 705 -13390
617 669 -13298
618 659 -13174
619 693 -13514
620 711 -13286
621 827 -13162
622 869 -13462
623 803 -13446
624 735 -13266
625 797 -13338
626 839 -12994
627 887 -13238
628 825 -13430
629 775 -13422
630 749 -13354
631 701 -13210
632 585 -13398
633 495 -13614
634 541 -13538
635 429 -13482
636 633 -13522
637 639 -13310
638 869 -13558
639 755 -13470
640 805 -13434
641 795 -13426
642 889 -13578
643 903 -13482
644 975 -13386
645 767 -13394
646 953 -13462
647 995 -13594
648 1015 -13494
649 1017 -13786
650 1151 -13582
651 1257 -13706
652 1191 -13714
653 1221 -13734
654 1257 -13674
655 1163 -13958
656 1147 -13642
657 1075 -13730
658 1057 -13758
659 1161 -13622
660 1321 -13686
661 1273 -13590
662 1395 -13746
663 1273 -13686
664 1315 -13734
665 1427 -13518
666 1517 -13574
667 1621 -13710
668 1517 -13774
669 1571 -13942
670 1613 -13758
671 1575 -13830
672 1685 -13818
673 1811 -13922
674 1875 -13970
675 1813 -13998
676 1795 -14054
677 1729 -13942
678 1743 -13990
679 1719 -13842
680 1663 -13742
681 1643 -13650
682 1659 -13570
683 1415 -13362
684 1387 -13138
685 1363 -13210
686 1621 -13546
687 1557 -13418
688 1473 -13418
689 1481 -13482
690 1461 -13478
691 1475 -13434
692 1517 -13778
693 1647 -13490
694 1611 -13230
695 1757 -13466
696 1701 -13466
697 1799 -13330
698 1633 -13378
699 1653 -13410
700 1655 -13446
701 1495 -13534
702 1539 -13474
703 1507 -13406
704 1427 -13486
705 1451 -13450
706 1661 -13402
707 1629 -13334
708 1541 -13370
709 1531 -13350
710 1677 -13338
711 1587 -13142
712 1659 -13270
713 1597 -13362
714 1485 -13382
715 1501 -13178
716 1393 -12922
717 1429 -13022
718 1403 -13186
719 1297 -13198
720 1173 -12870
721 1267 -13014
722 1323 -12946
723 1451 -13002
724 1337 -13170
725 1429 -13342
726 1481 -13486
727 1359 -13430
728 1367 -13406
729 1409 -13214
730 1443 -13446
731 1483 -13582
732 1191 -13618
733 1383 -13546
734 1423 -13542
735 1483 -13366
736 1601 -13286
737 1567 -13450
738 1473 -13686
739 1581 -13402
740 1557 -13526
741 1465 -13334
742 1331 -13322
743 1311 -13446
744 1289 -13410
745 1383 -13454
746 1409 -13518
747 1445 -13118
748 1375 -13042
749 1361 -13118
750 1351 -12938
751 1239 -12834
752 1247 -12858
753 1423 -13194
754 1235 -13162
755 1469 -13110
756 1625 -13094
757 1625 -13130
758 1739 -13350
759 1617 -13090
760 1533 -13186
761 1631 -13218
762 1579 -13498
763 1491 -13350
764 1567 -13414
765 1599 -13594
766 1671 -13542
767 1657 -13670
768 1469 -13526
769 1413 -13642
770 1395 -13682
771 1493 -13678
772 1395 -13486
773 1371 -13478
774 1273 -13762
775 1189 -13734
776 1123 -13586
777 1065 -13346
778 1357 -13398
779 1453 -13290
780 1345 -13270
781 1285 -13230
782 1337 -13290
783 1513 -13390
784 1299 -13514
785 1219 -13650
786 1073 -13330
787 1167 -13306
788 1183 -13242
789 1295 -13094
790 1301 -13322
791 1397 -13466
792 1381 -13406
793 1483 -13166
794 1493 -13554
795 1569 -13678
796 1589 -13418
797 1583 -13278
798 1513 -13534
799 1633 -13582
800 1677 -13614
801 1655 -13330
802 1597 -13514
803 1411 -13714
804 1365 -13654
805 1243 -13678
806 1493 -13570
807 1317 -13422
808 1421 -13514
809 1307 -13530
810 1211 -13294
811 997 -13170
812 1097 -13066
813 1019 -13398
814 1159 -13190
815 1165 -13294
816 1117 -13314
817 1075 -13198
818 1359 -12954
819 1177 -12902
820 1465 -12934
821 1551 -13026
822 1615 -13122
823 1475 -13082
824 1557 -12986
825 1533 -13106
826 1495 -13114
827 1579 -13262
828 1513 -13438
829 1475 -13562
830 1555 -13650
831 1635 -13354
832 1709 -13222
833 1811 -13374
834 1773 -13278
835 1981 -13526
836 1963 -13502
837 1901 -13490
838 1961 -13318
839 2011 -13094
840 1945 -13154
841 1901 -13606
842 1813 -13070
843 1887 -13118
844 1919 -13222
845 1783 -13186
846 1881 -13098
847 1873 -13306
848 1741 -13294
849 1817 -13210
850 1831 -12946
851 1841 -13006
852 1823 -12978
853 1787 -12982
854 1883 -13102
855 1881 -13086
856 1861 -12894
857 1975 -13230
858 2093 -13314
859 2159 -13338
860 1993 -13214
861 2089 -13202
862 2137 -13482
863 2167 -13590
864 2183 -13882
865 2239 -13822
866 2267 -13686
867 2227 -13498
868 2205 -13246
869 2141 -13466
870 1985 -13498
871 1865 -13242
872 1733 -13398
873 1847 -13446
874 1839 -13754
875 1923 -13594
876 1847 -13410
877 1789 -13574
878 1791 -13582
879 1693 -13686
880 1735 -13514
881 1777 -13282
882 1611 -13462
883 1681 -13602
884 1715 -13594
885 1519 -13534
886 1595 -13598
887 1583 -13174
888 1643 -13170
889 1831 -13178
890 1731 -13158
891 1703 -13150
892 1713 -13274
893 1677 -13266
894 1715 -13186
895 1691 -13470
896 1657 -13370
897 1681 -13402
898 1745 -13226
899 1645 -13578
900 1455 -13630
901 1657 -13894
902 1687 -13918
903 1705 -13666
904 1513 -13414
905 1559 -13510
906 1509 -13466
907 1409 -13342
908 1299 -13518
909 1363 -13554
910 1389 -13574
911 1347 -13714
912 1381 -13722
913 1415 -13706
914 1473 -13634
915 1571 -13418
916 1549 -13470
917 1423 -13558
918 1493 -13274
919 1477 -13258
920 1541 -13426
921 1779 -13722
922 1929 -13554
923 1945 -13734
924 1967 -13438
925 2041 -13538
926 2045 -13614
927 2085 -13478
928 1923 -13726
929 1979 -13582
930 2051 -13490
931 2059 -13554
932 2177 -13486
933 2117 -13298
934 2109 -13570
935 2061 -13586
936 2103 -13398
937 1851 -13326
938 1873 -13106
939 1841 -13158
940 1855 -13442
941 1773 -13478
942 1847 -13374
943 1863 -13574
944 1897 -13970
945 2075 -13942
946 1969 -13702
947 1867 -13830
948 1851 -14062
949 1807 -13522
950 1705 -13382
951 1743 -13270
952 1895 -13426
953 1989 -13558
954 2057 -13618
955 2117 -13618
956 2035 -13518
957 1921 -13230
958 1993 -13342
959 1857 -13062
960 1805 -13038
961 1899 -13094
962 2053 -13290
963 2095 -13286
964 2037 -13246
965 2121 -13634
966 2223 -13670
967 2183 -13502
968 2249 -13502
969 2409 -13426
970 2577 -13518
971 2473 -13630
972 2335 -13730
973 2337 -13518
974 2515 -13486
975 2551 -13486
976 2583 -13582
977 2495 -13466
978 2391 -13370
979 2369 -13690
980 2385 -13758
981 2541 -13794
982 2587 -13722
983 2601 -13470
984 2633 -13326
985 2657 -13406
986 2637 -13606
987 2797 -13666
988 2923 -14110
989 3077 -14002
990 3051 -14206
991 3031 -14366
992 3177 -14258
993 3231 -14090
994 3115 -13846
995 3155 -14070
996 3193 -14018
997 3181 -14054
998 3031 -14146
999 3191 -14354
1000 3153 -14214
1001 2877 -13730
1002 2817 -13802
1003 2893 -13814
1004 2875 -13878
1005 2857 -13822
1006 2837 -13758
1007 2793 -13766
1008 2871 -13802
1009 2927 -13826
1010 2859 -13858
1011 2791 -13882
1012 2819 -13754
1013 2673 -13674
1014 2767 -13902
1015 2779 -13790
1016 2651 -13622
1017 2625 -13554
1018 2479 -13578
1019 2373 -13526
1020 2313 -13718
1021 2259 -13562
1022 2211 -13794
1023 2047 -13830
1024 2055 -13582
1025 2229 -13730
1026 2155 -13782
1027 2163 -13726
1028 2169 -13810
1029 2055 -13690
1030 2093 -13774
1031 2169 -13922
1032 2249 -13846
1033 2321 -13826
1034 2359 -13406
1035 2363 -13698
1036 2223 -13694
1037 2277 -13434
1038 2371 -13258
1039 2147 -13458
1040 2157 -13298
1041 2051 -13274
1042 2127 -12986
1043 2119 -13282
1044 2083 -13346
1045 1787 -13150
1046 1911 -13206
1047 1969 -13330
1048 2141 -13330
1049 2193 -13254
1050 2191 -13174
1051 2247 -13294
1052 2385 -13422
1053 2407 -13274
1054 2143 -13150
1055 2159 -13422
1056 2111 -13250
1057 2043 -13226
1058 1979 -13226
1059 1855 -13286
1060 1835 -13502
1061 1877 -13442
1062 1891 -13478
1063 2003 -13462
1064 1899 -13350
1065 1871 -13338
1066 1703 -13222
1067 1787 -13142
1068 1907 -13026
1069 1973 -13082
1070 1805 -13026
1071 1875 -13138
1072 1773 -13274
1073 2041 -13430
1074 2231 -13274
1075 2213 -13462
1076 2171 -13354
1077 2273 -13346
1078 2167 -13558
1079 2123 -13158
1080 2135 -13210
1081 2045 -13438
1082 1827 -13474
1083 1717 -13394
1084 1775 -13330
1085 1881 -13558
1086 1917 -13678
1087 1853 -13614
1088 1989 -13366
1089 1813 -13202
1090 1739 -13050
1091 1697 -12838
1092 1685 -13126
1093 1643 -13094
1094 1925 -13598
1095 1773 -13494
1096 1741 -13374
1097 1879 -13614
1098 1793 -13618
1099 1713 -13554
1100 1767 -13366
1101 1659 -13230
1102 1585 -13426
1103 1601 -13230
1104 1415 -13070
1105 1333 -13302
1106 1235 -13234
1107 1233 -13086
1108 1133 -13046
1109 1061 -12958
1110 1065 -12934
1111 897 -13098
1112 1023 -12922
1113 1073 -13042
1114 1243 -13126
1115 1221 -13198
1116 1235 -13090
1117 1037 -13242
1118 1003 -13298
1119 1073 -13414
1120 1003 -13486
1121 1033 -13350
1122 895 -13302
1123 1097 -13606
1124 1239 -13530
1125 1327 -13554
1126 1185 -13410
1127 1299 -13454
1128 1265 -13506
1129 1271 -13658
1130 1367 -13834
1131 1397 -14034
1132 1321 -14102
1133 1333 -13806
1134 1401 -13618
1135 1301 -13854
1136 1307 -13626
1137 1367 -13946
1138 1321 -13806
1139 1395 -13874
1140 1341 -13798
1141 1449 -13594
1142 1409 -13538
1143 1393 -13822
1144 1495 -13754
1145 1341 -13662
1146 1329 -13626
1147 1381 -13786
1148 1369 -13870
1149 1435 -13890
1150 1345 -13622
1151 1383 -13730
1152 1425 -13798
1153 1347 -13670
1154 1365 -13694
1155 1353 -13690
1156 1327 -13634
1157 1329 -13630
1158 1381 -13706
1159 1345 -13694
1160 1341 -13870
1161 1349 -13782
1162 1375 -13734
1163 1483 -13846
1164 1459 -13546
1165 1431 -13482
1166 1457 -13702
1167 1407 -13658
1168 1513 -13726
1169 1457 -13414
1170 1321 -13510
1171 1261 -13658
1172 1191 -13778
1173 1253 -13654
1174 1175 -13594
1175 1213 -13670
1176 1271 -13554
1177 1113 -13398
1178 1135 -13222
1179 1077 -13498
1180 1079 -13378
1181 1015 -13346
1182 911 -13534
1183 921 -13490
1184 877 -13710
1185 767 -13602
1186 837 -13466
1187 735 -13550
1188 631 -13398
1189 485 -13094
1190 429 -13358
1191 479 -13174
1192 393 -13418
1193 481 -13594
1194 557 -13886
1195 539 -13802
1196 581 -13834
1197 771 -13642
1198 851 -13602
1199 801 -13650
1200 711 -13702
1201 801 -13654
1202 887 -13606
1203 917 -13542
1204 917 -13530
1205 957 -13522
1206 1093 -13518
1207 1161 -13638
1208 1025 -13726
1209 1043 -13558
1210 975 -13394
1211 947 -13382
1212 929 -13586
1213 825 -13462
1214 627 -13494
1215 577 -13618
1216 657 -13410
1217 665 -13438
1218 663 -13458
1219 817 -13122
1220 791 -13214
1221 921 -13194
1222 873 -13338
1223 879 -13482
1224 767 -13510
1225 685 -13482
1226 727 -13202
1227 807 -13434
1228 981 -13362
1229 1051 -13478
1230 953 -13614
1231 913 -13666
1232 1031 -13654
1233 1181 -13518
1234 1215 -13266
1235 1173 -13350
1236 1307 -13278
1237 1241 -13410
1238 1127 -13362
1239 1083 -13542
1240 999 -13486
1241 1023 -13390
1242 839 -13342
1243 925 -13606
1244 769 -13306
1245 757 -12954
1246 947 -12774
1247 829 -12946
1248 813 -12810
1249 809 -13014
1250 691 -12754
1251 819 -12974
1252 617 -13314
1253 787 -13242
1254 735 -13698
1255 757 -13766
1256 825 -13534
1257 1103 -13418
1258 1075 -13498
1259 1011 -13658
1260 1057 -13894
1261 991 -13578
1262 1071 -13558
1263 987 -13042
1264 1157 -13286
1265 967 -13406
1266 817 -13342
1267 855 -13514
1268 901 -13290
1269 873 -13350
1270 973 -13254
1271 779 -13126
1272 693 -13158
1273 849 -13258
1274 923 -13178
1275 803 -13270
1276 1001 -13046
1277 937 -13146
1278 819 -13146
1279 675 -13122
1280 487 -12970
1281 437 -12950
1282 477 -13034
1283 645 -12722
1284 721 -12846
1285 535 -13038
1286 559 -13154
1287 595 -12958
1288 685 -13014
1289 697 -13026
1290 683 -13062
1291 751 -13162
1292 745 -13198
1293 751 -13190
1294 689 -13290
1295 725 -13150
1296 671 -12686
1297 735 -12778
1298 683 -12790
1299 765 -13002
1300 699 -12990
1301 783 -12950
1302 751 -13302
1303 745 -13398
1304 817 -13314
1305 697 -13330
1306 509 -13246
1307 527 -13426
1308 747 -13562
1309 793 -13546
1310 841 -13458
1311 733 -13582
1312 715 -13402
1313 843 -13438
1314 717 -13758
1315 463 -13590
1316 557 -13562
1317 515 -13362
1318 725 -13418
1319 507 -13638
1320 691 -13562
1321 741 -13642
1322 601 -13406
1323 563 -13250
1324 583 -13270
1325 605 -13302
1326 471 -13290
1327 541 -13634
1328 403 -13410
1329 419 -13506
1330 463 -13454
1331 565 -13222
1332 495 -13226
1333 451 -13110
1334 425 -13462
1335 533 -13406
1336 419 -13490
1337 341 -13442
1338 197 -13234
1339 205 -13082
1340 275 -13146
1341 243 -13298
1342 237 -13378
1343 261 -13610
1344 327 -13786
1345 261 -13606
1346 305 -13270
1347 335 -13534
1348 307 -13310
1349 269 -13322
1350 297 -13382
1351 365 -13442
1352 379 -13210
1353 469 -13546
1354 393 -13498
1355 345 -13366
1356 337 -13350
1357 321 -13438
1358 259 -13330
1359 267 -13198
1360 389 -13246
1361 465 -13418
1362 295 -13450
1363 301 -13358
1364 329 -13662
1365 271 -13414
1366 229 -13418
1367 91 -13354
1368 117 -13390
1369 61 -13230
1370 -55 -13190
1371 137 -13542
1372 79 -13678
1373 111 -13550
1374 233 -13598
1375 217 -13658
1376 227 -13706
1377 125 -13374
1378 233 -13394
1379 359 -13430
1380 443 -13486
1381 565 -13338
1382 497 -13150
1383 493 -13066
1384 553 -13298
1385 509 -13394
1386 471 -13210
1387 525 -13462
1388 503 -13354
1389 411 -13302
1390 511 -13030
1391 623 -13242
1392 663 -13594
1393 715 -13646
1394 855 -13258
1395 851 -13114
1396 879 -13094
1397 867 -13118
1398 821 -13350
1399 895 -13050
1400 955 -13146
1401 935 -13354
1402 1027 -13414
1403 1095 -13358
1404 1059 -13382
1405 1031 -13466
1406 1097 -13626
1407 947 -13518
1408 913 -13270
1409 771 -13514
1410 761 -13718
1411 907 -13450
1412 679 -13390
1413 667 -13434
1414 555 -13470
1415 693 -13494
1416 671 -13502
1417 581 -13518
1418 519 -13250
1419 635 -13450
1420 535 -13470
1421 553 -13698
1422 651 -13174
1423 593 -13146
1424 755 -13362
1425 817 -13610
1426 821 -13406
1427 1007 -13298
1428 1075 -13414
1429 1131 -13526
1430 1147 -13530
1431 1015 -13490
1432 995 -13126
1433 891 -13194
1434 853 -13202
1435 1081 -13362
1436 1023 -13386
1437 921 -13366
1438 865 -13442
1439 847 -13458
1440 867 -13378
1441 777 -13454
1442 605 -13486
1443 707 -13590
1444 725 -13442
1445 787 -13254
1446 839 -13446
1447 819 -13514
1448 637 -13470
1449 521 -13458
1450 505 -13234
1451 513 -13194
1452 377 -13214
1453 257 -13218
1454 297 -13314
1455 383 -13794
1456 349 -13574
1457 479 -13414
1458 457 -13386
1459 305 -13410
1460 349 -13706
1461 477 -13494
1462 427 -13454
1463 473 -13662
1464 429 -13694
1465 437 -13370
1466 315 -13294
1467 263 -13318
1468 183 -13298
1469 219 -13358
1470 141 -13154
1471 223 -13406
1472 305 -13394
1473 377 -13466
1474 211 -13742
1475 147 -13602
1476 31 -13578
1477 51 -13586
1478 145 -13298
1479 161 -13330
1480 155 -13438
1481 147 -13278
1482 341 -13194
1483 261 -13398
1484 253 -13390
1485 151 -13374
1486 139 -13382
1487 207 -13402
1488 351 -13718
1489 253 -13550
1490 39 -13270
1491 -71 -13486
1492 -107 -13438
1493 -339 -13370
1494 -419 -13502
1495 -289 -13446
1496 -365 -13142
1497 -363 -13298
1498 -339 -13346
1499 -315 -13394
1500 -473 -13410
1501 -517 -13414
1502 -601 -13634
1503 -611 -13694
1504 -689 -13786
1505 -609 -13766
1506 -583 -13586
1507 -499 -13566
1508 -507 -13718
1509 -505 -13762
1510 -493 -13566
1511 -519 -13674
1512 -521 -13714
1513 -717 -13726
1514 -689 -13738
1515 -757 -13690
1516 -637 -13658
1517 -453 -13558
1518 -403 -13730
1519 -411 -13642
1520 -401 -13850
1521 -491 -13790
1522 -425 -13550
1523 -325 -13222
1524 -229 -13138
1525 -211 -13406
1526 -245 -13330
1527 -291 -13230
1528 -439 -13014
1529 -453 -13226
1530 -719 -13146
1531 -975 -13342
1532 -947 -13346
1533 -1109 -13418
1534 -1105 -13366
1535 -1293 -13406
1536 -1323 -13218
1537 -1327 -13430
1538 -1187 -13534
1539 -1199 -13414
1540 -1201 -13514
1541 -1239 -13334
1542 -1355 -13598
1543 -1339 -13746
1544 -1339 -13454
1545 -1215 -13494
1546 -1173 -13518
1547 -1221 -13678
1548 -1209 -13698
1549 -1033 -13582
1550 -977 -13510
1551 -887 -13158
1552 -985 -13174
1553 -1181 -13426
1554 -1235 -13222
1555 -1323 -13178
1556 -1377 -13318
1557 -1437 -13278
1558 -1383 -13222
1559 -1377 -13026
1560 -1617 -13286
1561 -1783 -13218
1562 -1811 -13502
1563 -1703 -13814
1564 -1787 -13706
1565 -1845 -13498
1566 -1811 -13314
1567 -1813 -13550
1568 -1671 -13514
1569 -1543 -13210
1570 -1615 -13614
1571 -1655 -13634
1572 -1771 -13658
1573 -1753 -13490
1574 -1915 -13742
1575 -1957 -13626
1576 -1981 -13474
1577 -1869 -13398
1578 -1715 -13342
1579 -1693 -13234
1580 -1659 -13322
1581 -1615 -13366
1582 -1553 -13186
1583 -1695 -13418
1584 -1733 -13386
1585 -1755 -13486
1586 -1839 -13742
1587 -1837 -13730
1588 -1919 -13710
1589 -1853 -13614
1590 -1971 -13498
1591 -1969 -13690
1592 -1937 -13674
1593 -1961 -13482
1594 -2011 -13506
1595 -1835 -13278
1596 -1991 -13714
1597 -2077 -13890
1598 -2077 -13858
1599 -2063 -13834
1600 -2207 -14042
1601 -2187 -13722
1602 -2219 -13754
1603 -2349 -13698
1604 -2527 -13814
1605 -2693 -13754
1606 -2621 -13550
1607 -2509 -13670
1608 -2549 -13926
1609 -2535 -13750
1610 -2499 -13802
1611 -2665 -13794
1612 -2503 -13790
1613 -2407 -13874
1614 -2425 -13682
1615 -2385 -13570
1616 -2527 -13286
1617 -2645 -13430
1618 -2665 -13578
1619 -2623 -13506
1620 -2693 -13490
1621 -2609 -13794
1622 -2537 -13706
1623 -2517 -13846
1624 -2447 -13594
1625 -2367 -13754
1626 -2299 -14042
1627 -2181 -13954
1628 -2075 -13954
1629 -2119 -13774
1630 -2127 -13946
1631 -2029 -13770
1632 -1941 -13582
1633 -1951 -13318
1634 -1991 -13550
1635 -2027 -13406
1636 -2041 -13694
1637 -2037 -13502
1638 -1995 -13662
1639 -1959 -13722
1640 -1867 -13482
1641 -1763 -13150
1642 -1769 -13302
1643 -1625 -13338
1644 -1691 -13358
1645 -1675 -13066
1646 -1733 -13066
1647 -1665 -13014
1648 -1461 -12990
1649 -1511 -13302
1650 -1531 -13154
1651 -1485 -13034
1652 -1477 -13050
1653 -1485 -13014
1654 -1325 -12942
1655 -1373 -13002
1656 -1281 -13402
1657 -1355 -13206
1658 -1321 -13214
1659 -1301 -13078
1660 -1231 -12942
1661 -1195 -13166
1662 -1181 -13238
1663 -1073 -13266
1664 -1031 -13226
1665 -973 -13406
1666 -993 -13534
1667 -857 -13338
1668 -1039 -13602
1669 -923 -13538
1670 -973 -13406
1671 -1083 -13306
1672 -1083 -13226
1673 -1103 -13162
1674 -1037 -13098
1675 -1011 -12974
1676 -971 -13270
1677 -837 -12990
1678 -875 -13346
1679 -823 -13078
1680 -805 -13058
1681 -783 -13266
1682 -797 -13402
1683 -623 -13206
1684 -569 -13382
1685 -447 -13342
1686 -505 -13362
1687 -643 -13370
1688 -767 -13082
1689 -831 -13314
1690 -841 -13506
1691 -881 -13414
1692 -761 -13326
1693 -647 -12958
1694 -673 -13058
1695 -617 -13182
1696 -539 -13274
1697 -433 -13314
1698 -339 -13638
1699 -369 -13538
1700 -447 -13274
1701 -485 -13042
1702 -465 -12974
1703 -405 -12962
1704 -525 -13122
1705 -663 -12950
1706 -765 -12914
1707 -735 -13182
1708 -777 -13274
1709 -873 -13266
1710 -845 -13370
1711 -825 -13430
1712 -877 -13570
1713 -871 -13562
1714 -817 -13590
1715 -943 -13474
1716 -1045 -13414
1717 -1039 -13074
1718 -1079 -13546
1719 -1215 -13482
1720 -1439 -13634
1721 -1411 -13470
1722 -1295 -13122
1723 -1191 -13318
1724 -1247 -13286
1725 -1327 -13254
1726 -1327 -13298
1727 -1347 -13058
1728 -1401 -13282
1729 -1519 -13298
1730 -1417 -13382
1731 -1361 -13422
1732 -1295 -13046
1733 -1205 -13310
1734 -1119 -13194
1735 -1083 -13206
1736 -1169 -13202
1737 -1139 -12970
1738 -1115 -13158
1739 -1383 -13386
1740 -1421 -13410
1741 -1415 -13334
1742 -1491 -13518
1743 -1549 -13446
1744 -1495 -13702
1745 -1457 -13558
1746 -1521 -13758
1747 -1517 -13630
1748 -1487 -13562
1749 -1347 -13778
1750 -1527 -13598
1751 -1385 -13470
1752 -1337 -13834
1753 -1389 -13590
1754 -1321 -13626
1755 -1227 -13474
1756 -1405 -13590
1757 -1509 -13726
1758 -1589 -13494
1759 -1477 -13590
1760 -1333 -13394
1761 -1249 -13074
1762 -1265 -13326
1763 -1345 -13322
1764 -1427 -13134
1765 -1331 -12890
1766 -1333 -13006
1767 -1501 -12766
1768 -1605 -12858
1769 -1449 -13062
1770 -1623 -13170
1771 -1745 -13094
1772 -1645 -13290
1773 -1623 -13214
1774 -1613 -13250
1775 -1499 -13190
1776 -1465 -13054
1777 -1579 -13106
1778 -1415 -13134
1779 -1245 -13078
1780 -1237 -13194
1781 -1299 -13310
1782 -1387 -13046
1783 -1229 -13314
1784 -1235 -13366
1785 -1349 -13606
1786 -1363 -13518
1787 -1423 -13466
1788 -1369 -13506
1789 -1543 -13594
1790 -1627 -13562
1791 -1637 -13838
1792 -1593 -13754
1793 -1535 -13742
1794 -1631 -13690
1795 -1657 -13754
1796 -1815 -13994
1797 -1873 -13770
1798 -2127 -13706
1799 -2087 -13766
1800 -2083 -13730
1801 -1983 -13878
1802 -2115 -13934
1803 -2187 -13754
1804 -2231 -14062
1805 -2095 -14198
1806 -2065 -14146
1807 -2175 -14022
1808 -2043 -13902
1809 -1899 -13438
1810 -1919 -13670
1811 -1977 -13530
1812 -1865 -13458
1813 -1899 -13442
1814 -1965 -13510
1815 -1861 -13510
1816 -1753 -13466
1817 -1671 -13466
1818 -1879 -13454
1819 -1743 -13302
1820 -1769 -13274
1821 -1713 -13154
1822 -1707 -13194
1823 -1665 -13222
1824 -1601 -13226
1825 -1733 -13602
1826 -1663 -13398
1827 -1717 -13362
1828 -1621 -13338
1829 -1639 -13342
1830 -1829 -13494
1831 -1793 -13366
1832 -1639 -13270
1833 -1623 -13210
1834 -1543 -13142
1835 -1559 -13230
1836 -1335 -13270
1837 -1327 -13298
1838 -1407 -13458
1839 -1563 -13566
1840 -1485 -13698
1841 -1631 -13554
1842 -1485 -13558
1843 -1429 -13698
1844 -1345 -13782
1845 -1283 -13682
1846 -1277 -13762
1847 -1227 -13634
1848 -1285 -13794
1849 -1197 -13466
1850 -1165 -13522
1851 -1183 -13886
1852 -1147 -13694
1853 -1175 -13662
1854 -1209 -13302
1855 -1173 -13258
1856 -1077 -13358
1857 -1183 -13294
1858 -1245 -13290
1859 -1105 -13354
1860 -1127 -13346
1861 -1127 -13494
1862 -1191 -13386
1863 -1045 -13314
1864 -1133 -13362
1865 -1037 -13322
1866 -1099 -13546
1867 -1157 -13490
1868 -1205 -13618
1869 -1165 -13494
1870 -1039 -13386
1871 -999 -13442
1872 -977 -13278
1873 -895 -13326
1874 -987 -13238
1875 -993 -13046
1876 -999 -13102
1877 -1161 -13330
1878 -1165 -13570
1879 -1337 -13454
1880 -1345 -13490
1881 -1463 -13286
1882 -1251 -13210
1883 -1259 -13318
1884 -1179 -13406
1885 -1153 -13574
1886 -1237 -13590
1887 -1225 -13462
1888 -1363 -13642
1889 -1227 -13418
1890 -993 -13586
1891 -835 -13574
1892 -757 -13558
1893 -795 -13294
1894 -693 -13266
1895 -669 -13398
1896 -607 -13634
1897 -563 -13302
1898 -607 -13106
1899 -609 -13310
1900 -653 -13366
1901 -533 -13498
1902 -635 -13410
1903 -763 -13378
1904 -539 -13402
1905 -701 -13486
1906 -655 -13530
1907 -621 -13650
1908 -631 -13878
1909 -573 -14194
1910 -655 -14182
1911 -429 -13718
1912 -253 -13678
1913 -293 -13518
1914 -299 -13570
1915 -357 -13558
1916 -359 -13346
1917 -371 -13358
1918 -401 -13402
1919 -311 -13538
1920 -301 -13370
1921 -271 -13186
1922 -95 -13322
1923 -97 -13458
1924 -137 -13526
1925 -53 -13654
1926 39 -13554
1927 17 -13414
1928 -61 -13270
1929 -143 -13754
1930 -179 -13674
1931 -301 -13578
1932 -191 -13494
1933 -141 -13294
1934 -143 -13490
1935 -79 -13538
1936 101 -13698
1937 -67 -13698
1938 -101 -13550
1939 -193 -13518
1940 -189 -13314
1941 -183 -13494
1942 -97 -13394
1943 -1 -13686
1944 -55 -13522
1945 -69 -13466
1946 -3 -13538
1947 -203 -13394
1948 -325 -13530
1949 -345 -13650
1950 -271 -13362
1951 -273 -13410
1952 -287 -13494
1953 -329 -13278
1954 -541 -13266
1955 -555 -13406
1956 -641 -13126
1957 -627 -13054
1958 -487 -12982
1959 -449 -12862
1960 -495 -12890
1961 -451 -12966
1962 -451 -13326
1963 -359 -13254
1964 -301 -13390
1965 -197 -13474
1966 -367 -13606
1967 -407 -13558
1968 -369 -13554
1969 -269 -13514
1970 -329 -13466
1971 -249 -13322
1972 -287 -13262
1973 -111 -13226
1974 -55 -13250
1975 225 -13190
1976 277 -13238
1977 481 -13242
1978 363 -13194
1979 203 -13014
1980 283 -13242
1981 255 -13414
1982 219 -13478
1983 225 -13494
1984 289 -13174
1985 289 -13290
1986 367 -13290
1987 361 -13530
1988 257 -13390
1989 337 -13458
1990 447 -13294
1991 419 -13366
1992 499 -13050
1993 719 -13250
1994 637 -13238
1995 665 -13442
1996 613 -13446
1997 657 -13610
1998 571 -13490
1999 541 -13406
2000 529 -13362
2001 549 -13398
2002 473 -13230
2003 419 -13182
2004 523 -13162
2005 611 -13234
2006 489 -13202
2007 541 -12842
2008 343 -13110
2009 233 -13026
2010 357 -13382
2011 293 -13334
2012 195 -13450
2013 241 -13642
2014 163 -13490
2015 311 -13338
2016 383 -13338
2017 457 -13442
2018 325 -13126
2019 439 -13142
2020 465 -13474
2021 559 -13430
2022 559 -13346
2023 649 -13338
2024 515 -13370
2025 383 -13266
2026 517 -13606
2027 401 -13626
2028 399 -13418
2029 523 -13398
2030 673 -13338
2031 561 -13286
2032 603 -13402
2033 593 -13230
2034 519 -13274
2035 645 -13346
2036 621 -13178
2037 501 -13114
2038 527 -13310
2039 451 -13374
2040 421 -13318
2041 483 -13638
2042 429 -13642
2043 357 -13650
2044 209 -13478
2045 169 -13458
2046 25 -13850
2047 11 -13562
2048 1 -13614
2049 65 -13562
2050 145 -13546
2051 49 -13606
2052 -93 -13218
2053 29 -13174
2054 -47 -13298
2055 -89 -13334
2056 55 -13262
2057 25 -12894
2058 33 -13026
2059 -77 -13154
2060 -153 -13222
2061 -1 -13178
2062 -5 -13114
2063 1 -13126
2064 -145 -13002
2065 -339 -12810
2066 -429 -12998
2067 -495 -13114
2068 -509 -13030
2069 -525 -13162
2070 -467 -13286
2071 -459 -12962
2072 -575 -13210
2073 -587 -13454
2074 -365 -13414
2075 -453 -13446
2076 -469 -13106
2077 -625 -13262
2078 -481 -13190
2079 -559 -13290
2080 -591 -13430
2081 -463 -13438
2082 -645 -13338
2083 -671 -13390
2084 -695 -13330
2085 -653 -13430
2086 -777 -13402
2087 -701 -13414
2088 -869 -13602
2089 -919 -13594
2090 -915 -13610
2091 -765 -13286
2092 -727 -13358
2093 -681 -13350
2094 -731 -13270
2095 -717 -13246
2096 -653 -13194
2097 -601 -13210
2098 -627 -13134
2099 -611 -13254
2100 -483 -13142
2101 -547 -13110
2102 -561 -12994
2103 -395 -12926
2104 -437 -12766
2105 -459 -13022
2106 -377 -13106
2107 -345 -13202
2108 -299 -13314
2109 -381 -13302
2110 -409 -13286
2111 -327 -13366
2112 -467 -13318
2113 -159 -13126
2114 -165 -13482
2115 -171 -13454
2116 -275 -13198
2117 -259 -12994
2118 -395 -13214
2119 -371 -13382
2120 -229 -13326
2121 -219 -13434
2122 -167 -13490
2123 -207 -13198
2124 -135 -13318
2125 -285 -13578
2126 -297 -13702
2127 -189 -13750
2128 -355 -13746
2129 -487 -13478
2130 -409 -13454
2131 -371 -13542
2132 -321 -13698
2133 -391 -13758
2134 -451 -13702
2135 -497 -13774
2136 -639 -13690
2137 -537 -13710
2138 -463 -13498
2139 -387 -13614
2140 -499 -13554
2141 -707 -13538
2142 -663 -13386
2143 -603 -13590
2144 -423 -13470
2145 -543 -13530
2146 -543 -13474
2147 -527 -13510
2148 -509 -13426
2149 -477 -13510
2150 -641 -13678
2151 -577 -13902
2152 -567 -13886
2153 -723 -14022
2154 -655 -13786
2155 -717 -13998
2156 -701 -13690
2157 -755 -13834
2158 -633 -13590
2159 -645 -13086
2160 -749 -13298
2161 -587 -13370
2162 -487 -13462
2163 -411 -13306
2164 -319 -13354
2165 -311 -13502
2166 -445 -13530
2167 -373 -13694
2168 -379 -13470
2169 -415 -13566
2170 -473 -13870
2171 -401 -13502
2172 -607 -13406
2173 -651 -13390
2174 -681 -13438
2175 -625 -13542
2176 -595 -13370
2177 -453 -13306
2178 -303 -13462
2179 -373 -13394
2180 -393 -13422
2181 -375 -13566
2182 -461 -13334
2183 -463 -13270
2184 -287 -13530
2185 -73 -13306
2186 -205 -13214
2187 -345 -13378
2188 -359 -13374
2189 -457 -13206
2190 -489 -13502
2191 -359 -13534
2192 -377 -13526
2193 -355 -13762
2194 -259 -13718
2195 -259 -13450
2196 -195 -13454
2197 -145 -13162
2198 -29 -13394
2199 25 -13418
2200 73 -13546
2201 263 -13378
2202 387 -13670
2203 535 -13774
2204 479 -13758
2205 479 -13826
2206 527 -13818
2207 645 -13638
2208 659 -13498
2209 717 -13578
2210 731 -13626
2211 679 -13734
2212 735 -13706
2213 803 -13934
2214 739 -13470
2215 697 -13562
2216 699 -13606
2217 645 -13490
2218 649 -13402
2219 759 -13298
2220 871 -13274
2221 721 -13198
2222 577 -13294
2223 549 -13506
2224 435 -13250
2225 385 -13218
2226 269 -13394
2227 249 -13278
2228 203 -13194
2229 337 -13298
2230 171 -13338
2231 207 -13554
2232 199 -13526
2233 203 -13522
2234 267 -13526
2235 317 -13478
2236 299 -13778
2237 195 -13698
2238 83 -13534
2239 41 -13522
2240 -41 -13638
2241 -87 -13574
2242 -105 -13494
2243 -53 -13462
2244 -141 -13602
2245 -137 -13270
2246 -193 -13346
2247 -181 -13134
2248 -85 -13306
2249 -105 -13306
2250 -183 -13622
2251 -21 -13410
2252 157 -13374
2253 261 -13542
2254 135 -13434
2255 233 -13338
2256 203 -13370
2257 179 -13398
2258 349 -13238
2259 313 -13246
2260 349 -13326
2261 467 -13422
2262 449 -13474
2263 647 -13490
2264 559 -13550
2265 641 -13690
2266 605 -13350
2267 621 -13258
2268 553 -13486
2269 439 -13478
2270 489 -13426
2271 535 -13510
2272 709 -13562
2273 759 -13254
2274 689 -13142
2275 777 -13070
2276 753 -13198
2277 687 -12874
2278 559 -13094
2279 703 -13586
2280 809 -13522
2281 905 -13462
2282 955 -13358
2283 1035 -13510
2284 983 -13522
2285 1061 -13518
2286 1055 -13586
2287 1185 -13298
2288 1215 -13334
2289 1237 -13438
2290 1445 -13162
2291 1387 -13006
2292 1677 -13494
2293 1621 -13502
2294 1547 -13646
2295 1559 -13578
2296 1513 -13298
2297 1509 -13286
2298 1551 -13426
2299 1595 -13598
2300 1551 -13542
2301 1623 -13714
2302 1651 -13722
2303 1761 -13762
2304 1667 -13474
2305 1727 -13442
2306 1813 -13746
2307 1803 -13786
2308 1759 -13734
2309 1697 -13614
2310 1669 -13686
2311 1613 -13378
2312 1595 -13434
2313 1615 -13506
2314 1527 -13462
2315 1675 -13470
2316 1705 -13846
2317 1731 -13550
2318 1719 -13214
2319 1705 -13274
2320 1599 -13454
2321 1715 -13594
2322 1665 -13802
2323 1615 -13746
2324 1555 -13818
2325 1473 -13778
2326 1449 -13810
2327 1369 -13774
2328 1543 -13770
2329 1601 -13526
2330 1741 -13554
2331 1671 -13234
2332 1699 -13098
2333 1861 -13214
2334 1747 -13202
2335 1775 -13414
2336 1661 -13190
2337 1727 -13278
2338 1925 -13390
2339 1909 -13366
2340 1705 -13202
2341 1743 -13314
2342 1571 -13014
2343 1477 -13038
2344 1381 -13322
2345 1557 -12930
2346 1683 -12890
2347 1899 -13070
2348 1907 -13150
2349 1995 -13130
2350 1949 -13038
2351 2125 -13346
2352 2183 -13378
2353 2205 -13382
2354 2077 -13370
2355 1995 -13362
2356 2069 -13250
2357 2129 -13222
2358 2333 -13434
2359 2349 -13394
2360 2509 -13758
2361 2481 -13590
2362 2509 -13714
2363 2603 -13738
2364 2521 -13746
2365 2271 -13802
2366 2249 -13806
2367 2109 -13846
2368 2287 -13846
2369 2221 -13574
2370 2339 -13494
2371 2503 -13670
2372 2499 -13654
2373 2605 -13874
2374 2569 -13614
2375 2503 -13646
2376 2457 -13910
2377 2387 -14186
2378 2395 -14090
2379 2357 -14074
2380 2285 -14058
2381 2135 -13826
2382 1981 -13714
2383 1887 -13866
2384 1915 -13802
2385 1955 -13862
2386 1955 -13734
2387 2089 -13774
2388 2093 -13414
2389 1937 -13438
2390 1909 -13406
2391 1737 -13366
2392 1825 -13298
2393 1883 -13366
2394 1823 -13390
2395 1897 -13534
2396 1801 -13810
2397 1901 -13406
2398 1985 -13410
2399 2113 -13634
2400 2061 -13754
2401 2201 -13518
2402 2257 -13758
2403 2367 -13882
2404 2167 -13810
2405 1971 -13758
2406 2061 -13926
2407 2139 -13822
2408 1969 -13926
2409 1979 -13758
2410 1985 -13530
2411 2107 -13746
2412 2177 -13690
2413 2181 -14026
2414 2203 -14082
2415 2113 -14226
2416 1887 -14358
2417 1877 -14266
2418 1935 -14074
2419 1931 -13922
2420 2129 -14286
2421 2211 -14574
2422 2073 -14350
2423 2007 -14070
2424 2017 -14154
2425 1827 -14278
2426 1805 -14154
2427 1769 -14090
2428 1841 -13962
2429 1689 -13754
2430 1655 -13846
2431 1667 -13686
2432 1803 -13798
2433 1759 -14026
2434 1633 -13870
2435 1811 -13858
2436 1845 -13998
2437 1789 -13590
2438 1801 -13542
2439 1873 -13670
2440 1883 -13518
2441 1899 -13722
2442 1777 -13430
2443 1947 -13618
2444 2031 -13526
2445 2061 -13450
2446 2057 -13490
2447 2003 -13418
2448 1843 -13278
2449 1867 -13286
2450 1785 -13278
2451 2025 -13642
2452 1969 -13694
2453 2015 -13586
2454 1989 -13774
2455 1985 -13802
2456 2015 -13718
2457 2079 -13530
2458 1989 -13626
2459 2001 -13422
2460 2065 -13730
2461 2163 -13458
2462 2061 -13558
2463 2085 -13706
2464 2031 -13814
2465 2005 -13622
2466 1915 -13486
2467 1957 -13478
2468 1951 -13486
2469 1959 -13526
2470 2117 -13762
2471 2041 -13630
2472 2143 -13638
2473 2113 -13694
2474 2003 -13690
2475 2033 -13878
2476 2065 -13570
2477 2095 -13706
2478 2165 -13590
2479 2207 -13570
2480 2283 -13538
2481 2193 -13666
2482 2395 -13842
2483 2315 -13714
2484 2281 -13622
2485 2153 -13662
2486 2025 -13518
2487 2075 -13378
2488 2015 -13346
2489 1837 -13590
2490 1891 -13586
2491 1845 -13674
2492 1859 -13494
2493 1733 -13314
2494 1697 -13362
2495 1669 -13462
2496 1839 -13566
2497 1567 -13398
2498 1587 -13562
2499 1649 -13610
2500 1593 -13586
2501 1509 -13682
2502 1437 -13546
2503 1279 -13558
2504 1237 -13354
2505 1395 -13382
2506 1381 -13442
2507 1495 -13654
2508 1651 -13558
2509 1611 -13654
2510 1465 -13510
2511 1485 -13450
2512 1527 -13434
2513 1459 -13626
2514 1217 -13742
2515 1215 -13594
2516 1241 -13386
2517 1321 -13314
2518 1319 -13238
2519 1285 -13426
2520 1287 -13570
2521 1363 -13566
2522 1459 -13338
2523 1549 -13246
2524 1531 -13354
2525 1739 -13270
2526 1707 -13142
2527 1827 -13226
2528 1901 -13290
2529 1935 -13326
2530 1959 -13282
2531 1833 -13506
2532 1537 -13262
2533 1575 -13234
2534 1479 -13254
2535 1307 -13510
2536 1329 -13254
2537 1403 -13478
2538 1417 -13190
2539 1617 -13538
2540 1573 -13370
2541 1457 -13602
2542 1477 -13422
2543 1629 -13510
2544 1575 -13686
2545 1313 -13370
2546 1283 -13294
2547 1289 -13150
2548 1493 -13094
2549 1483 -13102
2550 1599 -13130
2551 1649 -13462
2552 1725 -13514
2553 1665 -13290
2554 1745 -13446
2555 1629 -13334
2556 1663 -13170
2557 1791 -13426
2558 1749 -13358
2559 1827 -13098
2560 1863 -13286
2561 1833 -13234
2562 1655 -13046
2563 1585 -12962
2564 1839 -12954
2565 1799 -12758
2566 1747 -12850
2567 1801 -12846
2568 1615 -12778
2569 1547 -12850
2570 1479 -12754
2571 1331 -12982
2572 1163 -12878
2573 1069 -12918
2574 1111 -13142
2575 1017 -13074
2576 997 -12914
2577 921 -13222
2578 797 -13358
2579 679 -13130
2580 913 -13398
2581 933 -13414
2582 1097 -13582
2583 1069 -13358
2584 1115 -13326
2585 1281 -13202
2586 1217 -13418
2587 1011 -13518
2588 979 -13274
2589 953 -13578
2590 1059 -13370
2591 1117 -13210
2592 1151 -13314
2593 1137 -13118
2594 1173 -13366
2595 1279 -13514
2596 1167 -13418
2597 1233 -13474
2598 1277 -13626
2599 1145 -13694
2600 1277 -13426
2601 1173 -13050
2602 1219 -13310
2603 1137 -13230
2604 1143 -13098
2605 1073 -12954
2606 1185 -13006
2607 1067 -13138
2608 1201 -13282
2609 1245 -13290
2610 1239 -13130
2611 1219 -13018
2612 1169 -13074
2613 1073 -13138
2614 1137 -13198
2615 1173 -13194
2616 1275 -13270
2617 1317 -13046
2618 1267 -13118
2619 1225 -13150
2620 1301 -13298
2621 1361 -13018
2622 1333 -13006
2623 1335 -12846
2624 1081 -12822
2625 1077 -12786
2626 1181 -12850
2627 1075 -12998
2628 1035 -12954
2629 1229 -13002
2630 1003 -13234
2631 901 -13034
2632 915 -12782
2633 873 -13054
2634 773 -13138
2635 929 -13226
2636 907 -13310
2637 1063 -13046
2638 1011 -13162
2639 1063 -13126
2640 953 -13006
2641 999 -12806
2642 857 -12622
2643 781 -12674
2644 849 -12738
2645 769 -12822
2646 481 -12958
2647 569 -12962
2648 539 -12818
2649 611 -13006
2650 505 -13254
2651 519 -13434
2652 517 -13654
2653 653 -13566
2654 727 -13650
2655 777 -13382
2656 779 -13698
2657 861 -13570
2658 755 -13414
2659 587 -13346
2660 559 -13214
2661 529 -13562
2662 531 -13366
2663 617 -13242
2664 723 -13130
2665 911 -13430
2666 801 -13282
2667 851 -13310
2668 901 -13370
2669 869 -13334
2670 765 -13638
2671 773 -13282
2672 727 -13270
2673 439 -13210
2674 463 -13306
2675 363 -13478
2676 353 -13650
2677 299 -13562
2678 355 -13598
2679 369 -13062
2680 401 -13034
2681 393 -13078
2682 329 -12886
2683 423 -13078
2684 543 -13322
2685 571 -13490
2686 555 -13130
2687 415 -13142
2688 277 -13094
2689 241 -13298
2690 217 -13298
2691 425 -13050
2692 323 -13118
2693 335 -13318
2694 543 -13210
2695 445 -13146
2696 615 -12978
2697 593 -13254
2698 529 -13382
2699 427 -12994
2700 505 -13054
2701 415 -13010
2702 281 -13110
2703 347 -13102
2704 369 -13078
2705 287 -13482
2706 199 -13394
2707 93 -13446
2708 297 -13506
2709 411 -13178
2710 469 -13234
2711 543 -13126
2712 443 -13214
2713 455 -12982
2714 561 -13226
2715 605 -13210
2716 603 -13258
2717 489 -13162
2718 397 -13358
2719 375 -13350
2720 203 -13426
2721 279 -13386
2722 267 -13302
2723 363 -13354
2724 263 -13330
2725 369 -13358
2726 139 -13430
2727 129 -13026
2728 99 -13170
2729 55 -12858
2730 53 -13118
2731 -135 -13170
2732 -83 -13034
2733 -183 -13118
2734 -333 -13094
2735 -301 -13014
2736 -349 -12910
2737 -271 -12994
2738 -107 -12850
2739 -143 -12942
2740 -145 -12898
2741 -317 -12946
2742 -315 -12854
2743 -371 -12958
2744 -337 -13330
2745 -301 -13326
2746 -233 -13258
2747 -403 -13378
2748 -351 -13142
2749 -447 -13274
2750 -429 -13086
2751 -467 -13110
2752 -415 -13106
2753 -381 -13042
2754 -427 -13210
2755 -405 -13186
2756 -507 -13510
2757 -587 -13130
2758 -683 -13138
2759 -651 -13122
2760 -489 -13130
2761 -563 -13094
2762 -617 -13090
2763 -551 -12878
2764 -597 -13090
2765 -599 -12902
2766 -525 -12982
2767 -595 -13286
2768 -501 -13206
2769 -481 -13286
2770 -719 -13170
2771 -673 -12882
2772 -663 -12818
2773 -575 -13022
2774 -577 -13062
2775 -609 -13250
2776 -577 -13298
2777 -441 -13066
2778 -591 -12982
2779 -439 -12990
2780 -597 -13002
2781 -511 -13098
2782 -407 -13010
2783 -667 -13298
2784 -589 -12902
2785 -677 -13270
2786 -657 -13298
2787 -685 -13166
2788 -673 -13014
2789 -517 -13170
2790 -577 -13082
2791 -439 -13006
2792 -399 -12982
2793 -599 -13238
2794 -561 -13274
2795 -675 -13206
2796 -555 -13290
2797 -769 -13366
2798 -727 -13426
2799 -709 -13706
2800 -695 -13594
2801 -695 -13582
2802 -673 -13718
2803 -807 -13946
2804 -869 -13906
2805 -855 -13734
2806 -871 -13714
2807 -1059 -13706
2808 -859 -13734
2809 -1007 -13754
2810 -979 -13770
2811 -877 -13586
2812 -957 -13586
2813 -877 -13490
2814 -829 -13614
2815 -955 -13590
2816 -857 -13762
2817 -843 -13386
2818 -717 -13458
2819 -517 -13626
2820 -565 -13682
2821 -569 -13866
2822 -587 -13818
2823 -707 -13682
2824 -851 -13550
2825 -933 -13422
2826 -957 -13390
2827 -805 -13394
2828 -1033 -13362
2829 -1007 -13390
2830 -1029 -13574
2831 -959 -13606
2832 -923 -13342
2833 -871 -13490
2834 -745 -13622
2835 -685 -13702
2836 -527 -13578
2837 -605 -13542
2838 -737 -13558
2839 -799 -13722
2840 -895 -13650
2841 -737 -13474
2842 -753 -13470
2843 -751 -13138
2844 -705 -13370
2845 -617 -13354
2846 -639 -13474
2847 -719 -13498
2848 -621 -13534
2849 -697 -13586
2850 -765 -13914
2851 -741 -13646
2852 -643 -13610
2853 -791 -13874
2854 -699 -13506
2855 -777 -13246
2856 -665 -13382
2857 -743 -13506
2858 -841 -13646
2859 -939 -13714
2860 -1031 -13694
2861 -1119 -13722
2862 -1039 -13806
2863 -1039 -13718
2864 -977 -13698
2865 -971 -13518
2866 -1007 -13974
2867 -1103 -13778
2868 -1143 -13526
2869 -1247 -13662
2870 -1307 -13526
2871 -1243 -13802
2872 -1171 -13722
2873 -953 -13726
2874 -1025 -13862
2875 -1049 -13574
2876 -1029 -13566
2877 -979 -13450
2878 -1085 -13498
2879 -1195 -13766
2880 -1001 -13898
2881 -1023 -14070
2882 -1015 -13962
2883 -923 -13790
2884 -871 -13526
2885 -863 -13566
2886 -1009 -13610
2887 -1003 -13666
2888 -1031 -13702
2889 -839 -13502
2890 -649 -13530
2891 -741 -13542
2892 -673 -13590
2893 -609 -13318
2894 -499 -13370
2895 -367 -13350
2896 -449 -13430
2897 -539 -13522
2898 -519 -13374
2899 -529 -13438
2900 -669 -13654
2901 -669 -13426
2902 -853 -13354
2903 -707 -13270
2904 -791 -13514
2905 -855 -13442
2906 -801 -13514
2907 -763 -13466
2908 -771 -13534
2909 -897 -13794
2910 -905 -13802
2911 -785 -13566
2912 -835 -13522
2913 -705 -13574
2914 -709 -13582
2915 -821 -13654
2916 -677 -13318
2917 -713 -13470
2918 -619 -13574
2919 -569 -13470
2920 -687 -13494
2921 -681 -13242
2922 -591 -13470
2923 -657 -13238
2924 -569 -13466
2925 -495 -13690
2926 -623 -13086
2927 -631 -13326
2928 -657 -13178
2929 -665 -13226
2930 -683 -13426
2931 -537 -13338
2932 -629 -13558
2933 -689 -13374
2934 -619 -13234
2935 -603 -13166
2936 -735 -13246
2937 -753 -13266
2938 -785 -13406
2939 -661 -13562
2940 -697 -13570
2941 -525 -13626
2942 -595 -13614
2943 -599 -13562
2944 -563 -13634
2945 -645 -13570
2946 -751 -13390
2947 -621 -13438
2948 -705 -13402
2949 -639 -13154
2950 -803 -13114
2951 -753 -12902
2952 -761 -13194
2953 -847 -13242
2954 -947 -13062
2955 -917 -13050
2956 -909 -13126
2957 -1023 -13310
2958 -919 -13298
2959 -961 -13286
2960 -905 -13382
2961 -809 -13542
2962 -605 -13522
2963 -747 -13502
2964 -819 -13546
2965 -885 -13554
2966 -959 -13494
2967 -885 -13554
2968 -955 -13474
2969 -939 -13474
2970 -809 -13534
2971 -831 -13650
2972 -805 -13726
2973 -807 -13514
2974 -687 -13334
2975 -653 -13374
2976 -693 -13326
2977 -755 -13362
2978 -755 -13230
2979 -759 -13358
2980 -903 -13690
2981 -953 -13586
2982 -871 -13902
2983 -961 -13806
2984 -1109 -13878
2985 -1183 -13946
2986 -1121 -14146
2987 -1123 -14474
2988 -1035 -14298
2989 -1059 -14106
2990 -1019 -14334
2991 -929 -14214
2992 -1033 -13674
2993 -957 -13786
2994 -1005 -13602
2995 -1109 -13486
2996 -1141 -13554
2997 -1327 -13534
2998 -1267 -13770
2999 -1307 -13610
3000 -1327 -13734
3001 -1369 -13818
3002 -1503 -13922
3003 -1297 -13846
3004 -1189 -13566
3005 -1321 -13598
3006 -1303 -13362
3007 -1195 -13566
3008 -953 -13682
3009 -1043 -13610
3010 -1059 -13498
3011 -885 -13466
3012 -891 -13298
3013 -897 -13526
3014 -881 -13418
3015 -839 -13378
3016 -879 -13454
3017 -943 -13338
3018 -761 -13378
3019 -739 -13402
3020 -615 -13366
3021 -777 -13458
3022 -771 -13542
3023 -705 -13730
3024 -601 -13426
3025 -413 -13702
3026 -269 -13566
3027 -397 -13362
3028 -273 -13418
3029 -271 -13318
3030 -329 -13298
3031 -275 -13046
3032 -165 -13194
3033 -29 -13178
3034 -181 -13342
3035 -165 -13146
3036 -383 -13146
3037 -553 -13026
3038 -419 -12794
3039 -547 -12946
3040 -485 -13406
3041 -435 -13686
3042 -241 -13694
3043 -177 -13494
3044 -81 -13406
3045 -317 -13518
3046 -305 -13394
3047 -319 -13306
3048 -61 -13510
3049 -13 -13758
3050 65 -13690
3051 -233 -13730
3052 -199 -13766
3053 -183 -13794
3054 -193 -13910
3055 -289 -13790
3056 -195 -13462
3057 -319 -13382
3058 -233 -13206
3059 -303 -13126
3060 -91 -13074
3061 -101 -13086
3062 -107 -13182
3063 -103 -13086
3064 -131 -13258
3065 23 -13194
3066 -7 -13226
3067 -207 -13198
3068 -241 -13114
3069 -319 -13422
3070 -305 -13386
3071 -297 -13450
3072 -275 -13722
3073 -205 -13682
3074 -173 -13518
3075 -31 -13502
3076 -165 -13238
3077 -133 -13066
3078 83 -13022
3079 217 -12738
3080 173 -12966
3081 115 -13034
3082 19 -13262
3083 -49 -12934
3084 -135 -13142
3085 -187 -13002
3086 -133 -12906
3087 83 -13210
3088 63 -13186
3089 -25 -12914
3090 1 -13206
3091 25 -13146
3092 47 -13158
3093 -33 -13154
3094 111 -13286
3095 343 -13334
3096 263 -13074
3097 303 -13014
3098 101 -12854
3099 175 -12758
3100 103 -12422
3101 115 -12602
3102 171 -12646
3103 207 -12582
3104 97 -12490
3105 239 -12646
3106 471 -12930
3107 433 -12794
3108 451 -12906
3109 595 -12854
3110 497 -12998
3111 379 -12982
3112 389 -12962
3113 569 -13046
3114 419 -12902
3115 311 -13018
3116 145 -13190
3117 215 -13454
3118 155 -13510
3119 85 -13110
3120 73 -13122
3121 175 -13334
3122 155 -13130
3123 159 -13270
3124 121 -13198
3125 377 -13034
3126 385 -12998
3127 471 -12890
3128 437 -13014
3129 465 -12854
3130 331 -13066
3131 277 -12926
3132 253 -13294
3133 55 -13194
3134 37 -13298
3135 85 -13350
3136 91 -13330
3137 47 -13190
3138 25 -13270
3139 211 -12934
3140 179 -13302
3141 403 -13146
3142 465 -13066
3143 609 -13102
3144 579 -12982
3145 639 -12998
3146 741 -12562
3147 893 -12838
3148 957 -13142
3149 1139 -13254
3150 1117 -13318
3151 1077 -13266
3152 971 -13290
3153 859 -13342
3154 565 -13130
3155 525 -13298
3156 467 -13362
3157 309 -13006
3158 383 -13046
3159 399 -13182
3160 505 -13426
3161 505 -13402
3162 473 -13066
3163 433 -12890
3164 481 -13034
3165 559 -13102
3166 581 -13170
3167 613 -13154
3168 679 -12830
3169 761 -13114
3170 805 -13050
3171 737 -13234
3172 647 -13254
3173 469 -13526
3174 637 -13574
3175 511 -13362
3176 667 -13538
3177 611 -13570
3178 587 -13670
3179 417 -13630
3180 547 -13718
3181 493 -13390
3182 517 -13338
3183 527 -13322
3184 555 -13010
3185 577 -13114
3186 569 -13194
3187 429 -13322
3188 365 -13178
3189 293 -12798
3190 275 -13006
3191 369 -13142
3192 413 -12926
3193 423 -13106
3194 507 -12758
3195 565 -12782
3196 451 -13002
3197 383 -13062
3198 415 -13242
3199 579 -13150
3200 503 -13234
3201 449 -13190
3202 545 -13218
3203 539 -13058
3204 669 -12866
3205 467 -13070
3206 545 -13286
3207 567 -13262
3208 581 -13194
3209 453 -13226
3210 561 -13254
3211 653 -13170
3212 569 -13282
3213 613 -13046
3214 583 -12966
3215 633 -13006
3216 543 -12994
3217 563 -12934
3218 329 -13130
3219 315 -13262
3220 129 -13206
3221 71 -13134
3222 -5 -13090
3223 -11 -13042
3224 -5 -13074
3225 -15 -13078
3226 27 -13098
3227 379 -13302
3228 269 -13074
3229 535 -13206
3230 493 -13422
3231 511 -13402
3232 461 -13354
3233 307 -13258
3234 313 -13102
3235 149 -13034
3236 119 -12998
3237 101 -13162
3238 65 -13086
3239 107 -13058
3240 -23 -12994
3241 19 -12962
3242 -77 -12978
3243 -81 -13242
3244 -163 -13246
3245 -81 -13322
3246 -117 -13406
3247 9 -13342
3248 79 -13554
3249 -7 -13542
3250 117 -13250
3251 143 -13050
3252 335 -12938
3253 379 -13070
3254 349 -13118
3255 177 -13026
3256 307 -13206
3257 433 -13214
3258 347 -13242
3259 351 -13430
3260 275 -13462
3261 253 -13226
3262 105 -13290
3263 193 -13242
3264 377 -13490
3265 337 -13770
3266 315 -13414
3267 435 -13542
3268 481 -13762
3269 591 -13686
3270 569 -13358
3271 591 -13494
3272 553 -13366
3273 529 -13438
3274 541 -13198
3275 751 -13594
3276 815 -13614
3277 775 -13666
3278 743 -13606
3279 707 -13494
3280 755 -13542
3281 819 -13526
3282 721 -13394
3283 669 -13198
3284 575 -13134
3285 739 -13166
3286 577 -13214
3287 595 -13274
3288 617 -13002
3289 617 -13386
3290 621 -13450
3291 589 -13246
3292 505 -13338
3293 537 -13570
3294 595 -13574
3295 559 -13714
3296 531 -13390
3297 575 -13434
3298 577 -13710
3299 505 -13574
3300 327 -13786
3301 373 -13722
3302 317 -13858
3303 319 -13758
3304 263 -13826
3305 347 -13594
3306 347 -13562
3307 425 -13382
3308 569 -13350
3309 675 -13578
3310 789 -13762
3311 611 -13614
3312 633 -13586
3313 713 -13558
3314 521 -13282
3315 675 -13154
3316 609 -13406
3317 611 -13562
3318 697 -13558
3319 699 -13718
3320 761 -13878
3321 733 -14058
3322 691 -13730
3323 673 -13866
3324 827 -13946
3325 819 -14018
3326 873 -13962
3327 899 -13934
3328 1019 -13862
3329 955 -13610
3330 1083 -13514
3331 1121 -13566
3332 1137 -13446
3333 1153 -13630
3334 1065 -13410
3335 1009 -13282
3336 1043 -13346
3337 1095 -13358
3338 993 -13138
3339 1117 -13330
3340 1083 -13342
3341 1189 -13534
3342 1187 -13434
3343 1127 -13462
3344 1115 -13266
3345 1111 -13138
3346 1367 -13258
3347 1243 -13106
3348 1353 -13082
3349 1375 -13054
3350 1449 -13550
3351 1337 -13290
3352 1253 -13442
3353 1189 -13490
3354 1119 -13290
3355 991 -13238
3356 949 -13282
3357 1015 -13314
3358 989 -13182
3359 937 -13002
3360 963 -12862
3361 975 -13006
3362 929 -12950
3363 845 -13154
3364 739 -13522
3365 893 -13402
3366 1047 -13582
3367 1207 -13870
3368 1377 -13754
3369 1373 -13610
3370 1523 -14014
3371 1375 -13638
3372 1213 -13230
3373 1023 -13438
3374 877 -13190
3375 967 -13078
3376 913 -13198
3377 1023 -13586
3378 863 -13374
3379 993 -13258
3380 943 -13166
3381 771 -13406
3382 811 -13518
3383 779 -13522
3384 765 -13466
3385 897 -13354
3386 947 -13238
3387 939 -13354
3388 1049 -13286
3389 951 -13382
3390 983 -13374
3391 1107 -13162
3392 1153 -13042
3393 1115 -13282
3394 1149 -13446
3395 1027 -13326
3396 811 -13554
3397 765 -13610
3398 615 -13554
3399 507 -13470
3400 517 -13634
3401 391 -13318
3402 275 -13234
3403 391 -13154
3404 555 -13454
3405 343 -13338
3406 291 -13306
3407 307 -13034
3408 429 -13254
3409 419 -13422
3410 433 -13362
3411 199 -13226
3412 193 -13314
3413 131 -13302
3414 175 -13526
3415 75 -13550
3416 217 -13346
3417 213 -13330
3418 101 -13122
3419 181 -13226
3420 389 -13118
3421 317 -13306
3422 363 -13234
3423 309 -13502
3424 403 -13362
3425 405 -13362
3426 513 -13494
3427 475 -13486
3428 373 -13226
3429 319 -13058
3430 321 -13114
3431 437 -13126
3432 529 -13262
3433 435 -13218
3434 341 -13214
3435 325 -13390
3436 409 -13358
3437 341 -13234
3438 329 -13114
3439 333 -13186
3440 151 -12878
3441 97 -12942
3442 117 -12970
3443 115 -13022
3444 93 -13162
3445 151 -13074
3446 189 -13446
3447 259 -13298
3448 231 -13382
3449 253 -13434
3450 333 -13382
3451 413 -13538
3452 219 -13518
3453 271 -13578
3454 267 -13386
3455 483 -13190
3456 311 -13342
3457 223 -13150
3458 231 -13250
3459 241 -13326
3460 -13 -13326
3461 -139 -13446
3462 -217 -13218
3463 -177 -13130
3464 -247 -13070
3465 -233 -13082
3466 -349 -12846
3467 -377 -13086
3468 -265 -13170
3469 -183 -13082
3470 -69 -13014
3471 -25 -13102
3472 89 -13042
3473 249 -13210
3474 407 -13258
3475 389 -13470
3476 433 -13554
3477 353 -13550
3478 365 -13498
3479 447 -13490
3480 449 -13482
3481 549 -13310
3482 581 -13478
3483 547 -13554
3484 421 -13578
3485 537 -13686
3486 411 -13498
3487 341 -13330
3488 305 -13430
3489 235 -13530
3490 131 -13614
3491 101 -13734
3492 125 -13470
3493 287 -13334
3494 397 -13446
3495 329 -13538
3496 151 -13214
3497 195 -13130
3498 223 -13302
3499 117 -13066
3500 173 -13202
3501 61 -13274
3502 21 -13566
3503 113 -13538
3504 227 -13710
3505 225 -13390
3506 275 -13458
3507 187 -13742
3508 293 -13718
3509 251 -13454
3510 423 -13570
3511 399 -13630
3512 335 -13486
3513 421 -13542
3514 453 -13642
3515 377 -13418
3516 313 -13414
3517 355 -13490
3518 343 -13390
3519 377 -13454
3520 231 -13274
3521 311 -13270
3522 467 -13342
3523 267 -13294
3524 427 -13418
3525 279 -13402
3526 223 -13406
3527 355 -13506
3528 431 -13402
3529 351 -13266
3530 295 -13254
3531 305 -13310
3532 351 -13226
3533 343 -13298
3534 193 -13238
3535 243 -13130
3536 363 -12986
3537 297 -13058
3538 217 -13054
3539 59 -13270
3540 151 -13198
3541 93 -13002
3542 45 -13022
3543 -103 -13142
3544 -53 -13106
3545 109 -13086
3546 195 -13310
3547 199 -13278
3548 133 -13406
3549 109 -13246
3550 135 -13450
3551 333 -13422
3552 383 -13294
3553 251 -13222
3554 381 -13230
3555 63 -13066
3556 29 -13070
3557 -87 -13106
3558 -15 -13246
3559 -95 -13390
3560 -11 -13186
3561 -109 -13170
3562 -121 -13150
3563 -213 -13198
3564 -211 -13394
3565 -201 -13626
3566 -275 -13814
3567 -427 -13434
3568 -423 -13494
3569 -383 -13454
3570 -167 -13634
3571 -69 -13786
3572 -103 -13350
3573 -145 -13274
3574 -25 -13362
3575 -89 -13538
3576 -115 -13690
3577 9 -13734
3578 69 -13546
3579 -43 -13786
3580 -155 -13590
3581 -91 -13414
3582 -49 -13626
3583 81 -13566
3584 291 -13674
3585 241 -13546
3586 353 -13506
3587 353 -13366
3588 495 -13610
3589 437 -13618
3590 469 -13226
3591 509 -13270
3592 435 -13502
3593 519 -13530
3594 449 -13262
3595 435 -13286
3596 457 -13178
3597 573 -13286
3598 651 -13406
3599 687 -13178
3600 683 -13366
3601 655 -13278
3602 457 -13310
3603 547 -13142
3604 571 -13402
3605 625 -13186
3606 595 -13222
3607 579 -13014
3608 587 -13278
3609 631 -13374
3610 595 -13322
3611 731 -13286
3612 915 -13214
3613 935 -13386
3614 997 -13506
3615 839 -13170
3616 855 -13442
3617 999 -13498
3618 1221 -13534
3619 1221 -13638
3620 1135 -13402
3621 1179 -13430
3622 1273 -13410
3623 1269 -13538
3624 1159 -13606
3625 1211 -13378
3626 1295 -13410
3627 1295 -13514
3628 1305 -13398
3629 1295 -13350
3630 1349 -13162
3631 1257 -13218
3632 1273 -13454
3633 1153 -13374
3634 1013 -13154
3635 1087 -13686
3636 1033 -13910
3637 989 -13574
3638 901 -13486
3639 889 -13730
3640 849 -13326
3641 763 -13226
3642 741 -13070
3643 725 -13138
3644 883 -13094
3645 957 -13546
3646 981 -13610
3647 955 -13650
3648 977 -13594
3649 1073 -13458
3650 1201 -13270
3651 1217 -13270
3652 1313 -13058
3653 1255 -13150
3654 1289 -13582
3655 1151 -13622
3656 1165 -13586
3657 1013 -13442
3658 1101 -13478
3659 1159 -13274
3660 1177 -13182
3661 1331 -13290
3662 1259 -13306
3663 1299 -13290
3664 1307 -13538
3665 1379 -13454
3666 1525 -13334
3667 1485 -13474
3668 1535 -13434
3669 1487 -13362
3670 1655 -13306
3671 1497 -13322
3672 1699 -13422
3673 1865 -13722
3674 1743 -13582
3675 1777 -13558
3676 1845 -13534
3677 1881 -13614
3678 1879 -13486
3679 1965 -13590
3680 1845 -13602
3681 1803 -13214
3682 1655 -13102
3683 1525 -13194
3684 1479 -13406
3685 1659 -13742
3686 1595 -13510
3687 1539 -13590
3688 1713 -13222
3689 1799 -13222
3690 1857 -13502
3691 1879 -13590
3692 1959 -13606
3693 2069 -13434
3694 2039 -13454
3695 2071 -13582
3696 2099 -13410
3697 2213 -13070
3698 2079 -13254
3699 2297 -13466
3700 2131 -13714
3701 1989 -13490
3702 1735 -13458
3703 1855 -13446
3704 1941 -13458
3705 1973 -13674
3706 1945 -13446
3707 1933 -13530
3708 2037 -13514
3709 2229 -13382
3710 2275 -13286
3711 2305 -13322
3712 2211 -13542
3713 2085 -13530
3714 2205 -13718
3715 1947 -13766
3716 2139 -13722
3717 2113 -13746
3718 1977 -13686
3719 2035 -13674
3720 1941 -13194
3721 1967 -13430
3722 1871 -13530
3723 1893 -13414
3724 2005 -13474
3725 1905 -13290
3726 1817 -13242
3727 2035 -13110
3728 2015 -13378
3729 2021 -13562
3730 2069 -13586
3731 2205 -13594
3732 2273 -13606
3733 2275 -13434
3734 2093 -13534
3735 2181 -13650
3736 2397 -13566
3737 2299 -13566
3738 2117 -13278
3739 2121 -13130
3740 1997 -13234
3741 2061 -13370
3742 2017 -13326
3743 1947 -13206
3744 2013 -13214
3745 1873 -13158
3746 1887 -13234
3747 1937 -13206
3748 1905 -13230
3749 1839 -13074
3750 1781 -13086
3751 1857 -13118
3752 1903 -13066
3753 1821 -13298
3754 1851 -13578
3755 1953 -13590
3756 1831 -13574
3757 1917 -13114
3758 1949 -13290
3759 1799 -13210
3760 1885 -13458
3761 2045 -13582
3762 1987 -13462
3763 1809 -13678
3764 1779 -13430
3765 1847 -13306
3766 1857 -13342
3767 1771 -13470
3768 1701 -13638
3769 1777 -13650
3770 1743 -13470
3771 1903 -13406
3772 1669 -13518
3773 1533 -13086
3774 1659 -13446
3775 1861 -13238
3776 1771 -13554
3777 1649 -13354
3778 1531 -13434
3779 1649 -13402
3780 1723 -13430
3781 1839 -13606
3782 1863 -13650
3783 1751 -13638
3784 1741 -13762
3785 1697 -13678
3786 1679 -13870
3787 1571 -13766
3788 1581 -13686
3789 1681 -13602
3790 1999 -13710
3791 1967 -13686
3792 1961 -13854
3793 1893 -14086
3794 1923 -13962
3795 1909 -13862
3796 1875 -14030
3797 1893 -14062
3798 1959 -13854
3799 1809 -13754
3800 1769 -13878
3801 1825 -13878
3802 1679 -13442
3803 1587 -13930
3804 1541 -13658
3805 1605 -13494
3806 1541 -13694
3807 1501 -13694
3808 1453 -13726
3809 1559 -13930
3810 1521 -13602
3811 1671 -13630
3812 1811 -13802
3813 1875 -13758
3814 1861 -13734
3815 1777 -13750
3816 1727 -13598
3817 1795 -13486
3818 1941 -13430
3819 2123 -13342
3820 2211 -13374
3821 1989 -13382
3822 1989 -13618
3823 2167 -13818
3824 2091 -13622
3825 2075 -13534
3826 2045 -13378
3827 2229 -13458
3828 2239 -13598
3829 2149 -13570
3830 2107 -13674
3831 2071 -13502
3832 2217 -13438
3833 2137 -13658
3834 2281 -13710
3835 2189 -13586
3836 2001 -13394
3837 1929 -13270
3838 1945 -13122
3839 2123 -12978
3840 1963 -12918
3841 2211 -13358
3842 2155 -13206
3843 2231 -13210
3844 2225 -13226
3845 2055 -13342
3846 2149 -13386
3847 2181 -13270
3848 2191 -13422
3849 2117 -13442
3850 1973 -13314
3851 2095 -13554
3852 2047 -13578
3853 1989 -13362
3854 1937 -13226
3855 1965 -13306
3856 1945 -13414
3857 1909 -13422
3858 1919 -13550
3859 1791 -13578
3860 1757 -13678
3861 1765 -13362
3862 1739 -13314
3863 1673 -13458
3864 1677 -13486
3865 1651 -13618
3866 1741 -13506
3867 1851 -13534
3868 1989 -13482
3869 1941 -13422
3870 1899 -13362
3871 1735 -13370
3872 1789 -13614
3873 1761 -13726
3874 1745 -13538
3875 1523 -13514
3876 1447 -13410
3877 1439 -13526
3878 1367 -13318
3879 1375 -13270
3880 1409 -13410
3881 1247 -13310
3882 1433 -13442
3883 1417 -13746
3884 1427 -13658
3885 1335 -13790
3886 1329 -13570
3887 1701 -13606
3888 1805 -13562
3889 1715 -13458
3890 1805 -13446
3891 1777 -13338
3892 1873 -13446
3893 1963 -13318
3894 1927 -13350
3895 1759 -13318
3896 1763 -13194
3897 1653 -13318
3898 1749 -13698
3899 1711 -13670
3900 1701 -13670
3901 1745 -13826
3902 1807 -13738
3903 1715 -13794
3904 1699 -13890
3905 1687 -13910
3906 1645 -13630
3907 1585 -13746
3908 1625 -13594
3909 1709 -13602
3910 1593 -13722
3911 1605 -13634
3912 1681 -13630
3913 1587 -13670
3914 1539 -13690
3915 1383 -13494
3916 1463 -13818
3917 1445 -13666
3918 1513 -13934
3919 1453 -13754
3920 1609 -13634
3921 1577 -13782
3922 1579 -13814
3923 1639 -13674
3924 1611 -13930
3925 1589 -13894
3926 1589 -14014
3927 1675 -13830
3928 1783 -13850
3929 1841 -13554
3930 1923 -13610
3931 1837 -13522
3932 1715 -13554
3933 1741 -13534
3934 1903 -13526
3935 1827 -13602
3936 2011 -13482
3937 1871 -13702
3938 1861 -13594
3939 2097 -13822
3940 2139 -13838
3941 2093 -13714
3942 2109 -13886
3943 2303 -14174
3944 2287 -14334
3945 2215 -14078
3946 2227 -13698
3947 2237 -13914
3948 2203 -13950
3949 2093 -14006
3950 2115 -13986
3951 2055 -13782
3952 2087 -13838
3953 2255 -13990
3954 2199 -14086
3955 2063 -13898
3956 1863 -13822
3957 1847 -13746
3958 1807 -13770
3959 1791 -13722
3960 1747 -13730
3961 1663 -13538
3962 1751 -13454
3963 1861 -13714
3964 1843 -13654
3965 1747 -13854
3966 1695 -13678
3967 1771 -13570
3968 1661 -13666
3969 1741 -13738
3970 1565 -13542
3971 1701 -13762
3972 1679 -13686
3973 1617 -13698
3974 1497 -13682
3975 1473 -13590
3976 1543 -13478
3977 1631 -13442
3978 1551 -13602
3979 1357 -13558
3980 1371 -13502
3981 1493 -13774
3982 1355 -13814
3983 1169 -13710
3984 1131 -13618
3985 1163 -13350
3986 1453 -13526
3987 1423 -13394
3988 1461 -13514
3989 1467 -13806
3990 1517 -13670
3991 1491 -13766
3992 1453 -13730
3993 1453 -13486
3994 1539 -13394
3995 1527 -13562
3996 1579 -13482
3997 1519 -13498
3998 1587 -13462
3999 1539 -13546
4000 1547 -13530
4001 1565 -13350
4002 1573 -13130
4003 1405 -13158
4004 1525 -13122
4005 1545 -13386
4006 1641 -13474
4007 1559 -13766
4008 1457 -13582
4009 1483 -13306
4010 1601 -13278
4011 1473 -13466
4012 1579 -13702
4013 1687 -13758
4014 1593 -13890
4015 1423 -13794
4016 1343 -13822
4017 1269 -14046
4018 1293 -13914
4019 1221 -13910
4020 1289 -13866
4021 1129 -13710
4022 1151 -13618
4023 1247 -13622
4024 1223 -13474
4025 1309 -13542
4026 1399 -13518
4027 1495 -13610
4028 1449 -13670
4029 1399 -13362
4030 1085 -13586
4031 1089 -13322
4032 1099 -13414
4033 1047 -13306
4034 1023 -13398
4035 865 -13598
4036 981 -13470
4037 977 -13426
4038 1003 -13354
4039 1135 -13358
4040 1217 -13234
4041 1349 -13350
4042 1165 -13234
4043 1245 -13338
4044 1329 -13390
4045 1215 -13490
4046 1203 -13294
4047 1103 -13386
4048 1143 -13538
4049 1189 -13862
4050 1229 -13774
4051 1303 -13626
4052 1327 -13554
4053 1345 -13510
4054 1431 -13934
4055 1355 -13722
4056 1333 -13902
4057 1469 -13850
4058 1495 -13866
4059 1615 -13702
4060 1521 -13798
4061 1585 -13730
4062 1651 -13802
4063 1665 -13950
4064 1731 -13886
4065 1565 -13930
4066 1721 -14054
4067 1785 -13990
4068 1717 -14042
4069 1709 -13742
4070 1737 -13630
4071 1833 -13466
4072 1945 -13662
4073 2069 -13498
4074 2045 -13682
4075 2047 -13878
4076 2119 -13966
4077 1917 -13850
4078 1937 -13758
4079 1759 -13806
4080 1759 -13618
4081 1739 -13666
4082 1825 -13642
4083 1817 -13854
4084 1945 -13578
4085 1939 -13818
4086 2035 -13950
4087 2027 -14170
4088 1923 -14030
4089 1825 -14094
4090 1835 -14198
4091 1953 -14226
4092 2039 -14226
4093 1917 -14314
4094 1967 -13978
4095 2035 -14154
4096 1949 -14138
4097 2037 -13898
4098 1989 -14090
4099 1793 -14170
4100 1663 -13986
4101 1633 -14070
4102 1705 -13854
4103 1713 -14006
4104 1729 -13850
4105 1843 -13730
4106 1925 -13886
4107 1997 -13754
4108 2007 -13690
4109 1917 -13546
4110 2007 -13870
4111 1935 -13922
4112 1887 -13722
4113 1951 -13730
4114 1907 -13454
4115 1953 -13570
4116 2057 -13490
4117 1861 -13406
4118 1903 -13330
4119 1839 -13518
4120 1917 -13726
4121 1799 -13546
4122 1763 -13478
4123 1747 -13406
4124 1717 -13742
4125 1793 -13874
4126 1757 -14002
4127 1797 -14210
4128 1881 -13946
4129 1783 -13562
4130 1629 -13422
4131 1525 -13442
4132 1639 -13506
4133 1625 -13434
4134 1607 -13554
4135 1509 -13546
4136 1525 -13562
4137 1465 -13386
4138 1575 -13406
4139 1587 -13514
4140 1619 -13522
4141 1681 -13598
4142 1655 -13398
4143 1781 -13262
4144 1707 -13082
4145 1669 -13206
4146 1763 -13246
4147 1841 -13438
4148 1917 -13638
4149 1767 -13434
4150 1789 -13478
4151 1791 -13394
4152 1847 -13442
4153 1711 -13326
4154 1697 -13170
4155 1915 -13338
4156 1903 -13478
4157 1945 -13410
4158 1965 -13302
4159 1899 -13214
4160 1853 -13386
4161 1931 -13590
4162 1943 -13518
4163 1913 -13626
4164 1945 -13754
4165 1947 -13914
4166 2071 -13802
4167 1997 -13538
4168 2135 -13558
4169 2177 -13382
4170 2207 -13502
4171 2207 -13618
4172 2035 -13426
4173 1969 -13318
4174 2063 -13414
4175 1987 -13506
4176 1931 -13430
4177 1993 -13566
4178 1897 -13330
4179 1773 -13258
4180 1785 -13262
4181 1825 -13426
4182 1889 -13542
4183 1967 -13510
4184 2097 -13130
4185 2083 -13066
4186 2203 -13090
4187 2269 -13090
4188 2309 -13222
4189 2233 -13226
4190 2249 -13182
4191 2311 -13506
4192 2297 -13214
4193 2439 -13346
4194 2391 -13234
4195 2277 -13234
4196 2207 -13090
4197 2121 -13314
4198 1963 -13246
4199 1945 -13214
4200 1771 -13210
4201 1913 -13442
4202 1791 -13318
4203 1721 -13182
4204 1893 -13210
4205 1679 -13146
4206 1759 -13438
4207 1651 -13322
4208 1487 -13218
4209 1447 -13346
4210 1375 -13338
4211 1389 -13350
4212 1335 -13226
4213 1279 -13302
4214 1371 -13522
4215 1467 -13666
4216 1523 -13630
4217 1653 -13658
4218 1585 -13642
4219 1587 -13662
4220 1533 -13670
4221 1517 -13770
4222 1353 -13662
4223 1525 -13710
4224 1485 -13742
4225 1369 -13830
4226 1389 -13670
4227 1319 -13570
4228 1343 -13234
4229 1335 -13338
4230 1323 -13214
4231 1149 -13290
4232 1105 -13290
4233 1257 -13414
4234 1363 -13394
4235 1325 -13430
4236 1265 -13370
4237 1217 -13354
4238 1241 -13266
4239 1421 -13262
4240 1389 -13378
4241 1325 -13278
4242 1317 -13546
4243 1305 -13462
4244 1257 -13366
4245 1177 -13442
4246 1353 -13706
4247 1141 -13286
4248 1189 -13646
4249 1291 -13546
4250 1189 -13386
4251 1125 -13126
4252 1035 -13302
4253 1177 -13314
4254 1195 -13366
4255 1267 -13338
4256 1281 -13422
4257 1365 -13358
4258 1055 -13078
4259 1291 -13354
4260 1279 -13274
4261 1183 -13222
4262 1181 -13198
4263 1167 -13206
4264 1285 -13322
4265 1281 -13122
4266 1313 -13534
4267 1473 -13482
4268 1531 -13502
4269 1515 -13514
4270 1677 -13770
4271 1625 -13594
4272 1711 -13650
4273 1733 -13462
4274 1799 -13502
4275 1967 -13598
4276 1981 -13602
4277 1995 -13718
4278 1913 -13722
4279 1887 -13542
4280 1953 -13558
4281 2023 -13510
4282 1813 -13390
4283 1697 -13650
4284 1721 -13406
4285 1683 -13190
4286 1635 -13390
4287 1743 -13534
4288 1725 -13278
4289 1761 -13694
4290 1733 -13806
4291 1909 -13738
4292 2045 -13858
4293 2079 -13866
4294 2101 -13934
4295 2221 -13734
4296 2081 -13566
4297 2009 -13674
4298 2067 -13642
4299 2029 -13682
4300 1911 -13310
4301 1969 -13394
4302 2037 -13402
4303 1861 -13614
4304 1857 -13694
4305 1877 -13562
4306 1831 -13314
4307 1847 -13386
4308 1863 -13366
4309 2031 -13362
4310 2131 -13242
4311 2177 -13302
4312 2053 -13350
4313 2089 -13674
4314 2101 -13674
4315 2121 -13594
4316 2095 -13806
4317 2119 -13862
4318 2129 -13626
4319 2137 -13618
4320 2259 -13466
4321 2403 -13718
4322 2413 -13438
4323 2563 -13494
4324 2615 -13642
4325 2529 -13650
4326 2599 -13754
4327 2441 -13538
4328 2435 -13298
4329 2489 -13274
4330 2557 -13398
4331 2769 -13358
4332 2639 -13386
4333 2659 -13358
4334 2617 -13434
4335 2641 -13570
4336 2607 -13646
4337 2643 -13858
4338 2651 -13526
4339 2529 -13342
4340 2549 -13522
4341 2563 -13518
4342 2479 -13422
4343 2499 -13282
4344 2919 -13442
4345 2823 -13582
4346 2893 -13698
4347 3001 -13746
4348 3001 -13598
4349 3017 -13574
4350 3065 -13558
4351 3213 -13690
4352 3057 -13562
4353 2943 -13522
4354 2999 -13458
4355 3199 -13638
4356 3247 -13750
4357 3199 -13454
4358 3203 -13538
4359 3141 -13666
4360 3185 -13594
4361 3245 -13906
4362 3195 -13814
4363 3195 -13758
4364 3447 -13802
4365 3311 -13870
4366 3391 -13974
4367 3337 -13966
4368 3257 -13978
4369 3247 -13942
4370 3221 -13846
4371 3185 -13798
4372 3145 -13534
4373 3071 -13574
4374 3261 -13478
4375 3351 -13474
4376 3485 -13678
4377 3639 -13694
4378 3681 -13946
4379 3611 -13590
4380 3647 -13790
4381 3677 -13830
4382 3653 -13658
4383 3667 -13470
4384 3627 -13670
4385 3647 -13406
4386 3657 -13598
4387 3781 -13646
4388 3835 -13554
4389 3711 -13686
4390 3775 -13570
4391 3717 -13414
4392 3643 -13326
4393 3585 -13170
4394 3585 -13382
4395 3705 -13590
4396 3563 -13426
4397 3563 -13678
4398 3627 -13490
4399 3577 -13262
4400 3533 -13566
4401 3571 -13586
4402 3675 -13586
4403 3839 -13650
4404 3905 -13802
4405 4035 -14066
4406 3871 -13894
4407 3653 -13690
4408 3685 -13814
4409 3789 -14042
4410 3713 -13786
4411 3655 -13754
4412 3801 -13802
4413 3873 -13642
4414 3733 -13862
4415 3779 -14030
4416 3889 -14090
4417 3771 -13998
4418 3795 -13898
4419 3723 -14034
4420 3561 -13770
4421 3481 -13718
4422 3689 -13970
4423 3805 -13786
4424 3887 -13606
4425 3817 -13302
4426 3687 -13366
4427 3601 -13402
4428 3465 -13326
4429 3505 -13550
4430 3443 -13438
4431 3487 -13342
4432 3535 -13498
4433 3587 -13522
4434 3545 -13254
4435 3737 -13682
4436 3665 -13462
4437 3555 -13394
4438 3555 -13674
4439 3663 -13802
4440 3715 -13774
4441 3787 -13754
4442 3743 -13846
4443 3847 -13930
4444 3839 -13542
4445 3719 -13546
4446 3697 -13554
4447 3721 -13494
4448 3609 -13502
4449 3489 -13238
4450 3647 -13402
4451 3661 -13578
4452 3623 -13650
4453 3473 -13678
4454 3481 -13786
4455 3399 -13650
4456 3345 -13386
4457 3235 -13426
4458 3257 -13410
4459 3543 -13634
4460 3441 -13406
4461 3383 -13338
4462 3373 -13414
4463 3439 -13510
4464 3633 -13662
4465 3737 -13646
4466 3699 -13686
4467 3785 -13866
4468 3725 -13854
4469 3679 -13918
4470 3543 -14046
4471 3473 -13822
4472 3525 -13838
4473 3467 -13730
4474 3473 -13650
4475 3569 -13730
4476 3689 -13738
4477 3689 -13654
4478 3551 -13534
4479 3441 -13642
4480 3381 -13750
4481 3625 -13510
4482 3393 -13486
4483 3473 -13918
4484 3333 -13806
4485 3323 -13850
4486 3337 -14026
4487 3199 -13846
4488 3209 -13726
4489 3277 -13738
4490 3233 -13802
4491 3185 -13746
4492 3203 -13714
4493 3165 -13530
4494 3023 -13334
4495 3073 -13466
4496 3107 -13522
4497 3129 -13206
4498 3113 -13318
4499 3229 -13302
4500 3301 -13218
4501 3281 -13174
4502 3207 -13122
4503 3367 -13570
4504 3425 -13530
4505 3431 -13402
4506 3339 -13354
4507 3241 -13242
4508 2999 -13310
4509 3001 -13138
4510 2855 -13266
4511 2963 -13266
4512 2987 -13262
4513 3003 -13626
4514 2951 -13486
4515 2959 -13694
4516 2879 -13454
4517 2753 -13294
4518 2695 -13606
4519 2651 -13514
4520 2611 -13566
4521 2419 -13294
4522 2397 -13306
4523 2419 -12986
4524 2321 -12910
4525 2531 -13282
4526 2549 -13446
4527 2603 -13302
4528 2695 -13622
4529 2785 -13718
4530 2663 -13810
4531 2635 -13722
4532 2665 -13714
4533 2683 -13590
4534 2765 -13578
4535 2863 -13570
4536 2943 -13694
4537 2773 -13542
4538 2731 -13274
4539 2703 -13666
4540 2641 -13710
4541 2563 -13642
4542 2613 -13550
4543 2519 -13678
4544 2615 -13838
4545 2619 -13966
4546 2475 -13490
4547 2525 -13586
4548 2551 -13490
4549 2645 -13786
4550 2601 -13778
4551 2523 -13702
4552 2515 -13342
4553 2577 -13758
4554 2663 -13794
4555 2751 -13546
4556 2635 -13406
4557 2681 -13634
4558 2545 -13726
4559 2731 -14046
4560 2641 -13862
4561 2521 -13674
4562 2443 -13686
4563 2449 -13598
4564 2219 -13570
4565 2271 -13822
4566 2139 -13698
4567 2365 -13546
4568 2525 -13582
4569 2435 -13574
4570 2379 -13558
4571 2265 -13382
4572 2179 -13362
4573 2087 -13510
4574 2109 -13362
4575 2047 -13394
4576 2267 -13626
4577 2183 -13422
4578 2227 -13646
4579 2103 -13350
4580 1839 -13214
4581 1889 -13146
4582 2057 -13266
4583 2025 -13606
4584 1875 -13678
4585 1919 -13418
4586 1855 -13630
4587 1881 -13430
4588 2003 -13502
4589 1909 -13482
4590 1873 -13438
4591 1763 -13306
4592 1891 -13198
4593 1695 -13326
4594 1801 -13258
4595 1737 -13046
4596 1739 -13114
4597 1817 -13038
4598 1789 -13038
4599 1767 -13058
4600 1653 -12954
4601 1817 -13302
4602 1779 -13154
4603 1645 -13070
4604 1607 -13154
4605 1483 -13206
4606 1669 -13466
4607 1545 -13410
4608 1479 -13430
4609 1333 -13194
4610 1231 -13406
4611 1295 -13462
4612 1255 -13530
4613 1341 -13610
4614 1401 -13678
4615 1261 -13322
4616 1269 -13410
4617 1191 -13506
4618 1113 -13606
4619 1227 -13330
4620 1205 -13142
4621 1217 -13106
4622 1253 -13594
4623 1331 -13430
4624 1311 -13622
4625 1327 -13550
4626 1529 -13510
4627 1429 -13334
4628 1581 -13270
4629 1867 -13254
4630 1897 -13370
4631 1677 -13234
4632 1893 -13362
4633 1965 -13398
4634 2009 -13590
4635 2023 -13654
4636 1849 -13286
4637 1975 -13230
4638 2033 -13122
4639 1969 -13158
4640 1797 -13406
4641 1827 -13294
4642 1841 -13502
4643 1799 -13070
4644 1863 -13358
4645 1951 -13602
4646 1895 -13314
4647 1727 -13206
4648 1629 -13274
4649 1653 -13174
4650 1701 -13102
4651 1689 -13362
4652 1819 -13154
4653 1575 -13038
4654 1603 -13066
4655 1607 -13090
4656 1549 -13158
4657 1573 -13094
4658 1621 -13346
4659 1493 -12958
4660 1535 -13226
4661 1637 -13190
4662 1493 -13338
4663 1357 -13134
4664 1339 -13142
4665 1387 -12958
4666 1417 -13086
4667 1577 -13014
4668 1623 -13070
4669 1683 -12942
4670 1625 -12918
4671 1635 -12822
4672 1665 -12846
4673 1785 -12846
4674 2009 -12910
4675 1953 -13098
4676 1963 -13190
4677 1839 -13134
4678 1857 -12962
4679 1781 -12818
4680 1771 -12998
4681 1629 -13046
4682 1587 -13090
4683 1447 -13218
4684 1387 -12970
4685 1255 -12666
4686 1127 -12906
4687 1161 -12950
4688 1089 -13002
4689 1067 -12914
4690 1035 -13062
4691 1109 -12934
4692 1021 -12818
4693 1211 -12926
4694 1341 -12838
4695 1323 -12602
4696 1459 -12894
4697 1595 -12926
4698 1491 -13030
4699 1723 -12998
4700 1675 -13126
4701 1587 -13302
4702 1727 -13302
4703 1583 -13310
4704 1445 -13210
4705 1495 -13330
4706 1283 -13198
4707 1337 -13494
4708 1283 -13426
4709 1205 -13450
4710 995 -13678
4711 865 -13414
4712 967 -13542
4713 973 -13542
4714 971 -13530
4715 1009 -13498
4716 1019 -13274
4717 1083 -13226
4718 1027 -13694
4719 1147 -13318
4720 1261 -13170
4721 1253 -13334
4722 1237 -13250
4723 1219 -13314
4724 1195 -13670
4725 1159 -13654
4726 1115 -13666
4727 1185 -13578
4728 1295 -13482
4729 1325 -13382
4730 1317 -13646
4731 1257 -13406
4732 1367 -13354
4733 1349 -13410
4734 1323 -13718
4735 1329 -13802
4736 1329 -13862
4737 1255 -13718
4738 1187 -13406
4739 1319 -13662
4740 1261 -13594
4741 1185 -13434
4742 1099 -13582
4743 1185 -13538
4744 1359 -13626
4745 1423 -13698
4746 1313 -13394
4747 1367 -13234
4748 1273 -13370
4749 1295 -13418
4750 1337 -13198
4751 1517 -13222
4752 1439 -13354
4753 1503 -13406
4754 1563 -13390
4755 1577 -13346
4756 1573 -13486
4757 1477 -13502
4758 1297 -13274
4759 1221 -13374
4760 1257 -13274
4761 1075 -13222
4762 1001 -13310
4763 1023 -13214
4764 1031 -13258
4765 1069 -13378
4766 899 -13466
4767 863 -13298
4768 955 -13278
4769 973 -13270
4770 951 -13478
4771 985 -13074
4772 1035 -13518
4773 1039 -13226
4774 1103 -13126
4775 1171 -12858
4776 1173 -13150
4777 1195 -13106
4778 1249 -13158
4779 1329 -13310
4780 1205 -13214
4781 1269 -13126
4782 1115 -13234
4783 1129 -13314
4784 1053 -13610
4785 1103 -13578
4786 1111 -13526
4787 1205 -13578
4788 1253 -13594
4789 1155 -13502
4790 1131 -13294
4791 999 -13346
4792 863 -13530
4793 833 -13358
4794 907 -13430
4795 843 -13214
4796 691 -13190
4797 733 -13182
4798 837 -13306
4799 1005 -13282
4800 931 -13294
4801 821 -13234
4802 663 -13134
4803 613 -13370
4804 551 -13538
4805 541 -13814
4806 611 -13622
4807 583 -13342
4808 803 -13346
4809 673 -13386
4810 655 -13278
4811 719 -13234
4812 649 -13178
4813 645 -13374
4814 595 -13606
4815 591 -13346
4816 583 -13450
4817 747 -13534
4818 797 -13610
4819 985 -13734
4820 1005 -13730
4821 847 -13906
4822 847 -13946
4823 827 -13674
4824 819 -13534
4825 789 -13338
4826 697 -13402
4827 675 -13402
4828 803 -13330
4829 881 -13470
4830 941 -13438
4831 817 -13326
4832 809 -13598
4833 889 -13394
4834 993 -13422
4835 1057 -13310
4836 971 -13402
4837 867 -13402
4838 643 -13498
4839 691 -13662
4840 687 -13474
4841 475 -13546
4842 421 -13678
4843 527 -13626
4844 485 -13746
4845 377 -13774
4846 397 -13618
4847 509 -13646
4848 375 -13602
4849 427 -13538
4850 307 -13610
4851 411 -13574
4852 307 -13386
4853 305 -13462
4854 369 -13286
4855 467 -13090
4856 513 -13338
4857 495 -13062
4858 457 -12942
4859 581 -13006
4860 663 -13134
4861 627 -13394
4862 709 -13202
4863 651 -13210
4864 753 -13126
4865 749 -13214
4866 767 -13290
4867 781 -13146
4868 967 -13402
4869 1017 -13466
4870 1027 -13550
4871 925 -13490
4872 765 -13446
4873 767 -13574
4874 763 -13466
4875 867 -13578
4876 823 -13678
4877 861 -13730
4878 865 -13702
4879 947 -13474
4880 1005 -13466
4881 945 -13498
4882 785 -13434
4883 875 -13390
4884 859 -13446
4885 689 -13610
4886 737 -13554
4887 735 -13466
4888 585 -13574
4889 455 -13406
4890 411 -13378
4891 529 -13514
4892 401 -13282
4893 195 -13570
4894 89 -13574
4895 191 -13722
4896 197 -13922
4897 291 -14030
4898 235 -13798
4899 281 -13798
4900 203 -13830
4901 221 -13630
4902 59 -13658
4903 -31 -13494
4904 179 -13454
4905 113 -13350
4906 117 -13338
4907 -145 -13410
4908 -55 -13558
4909 21 -13434
4910 63 -13614
4911 9 -13534
4912 69 -13686
4913 141 -13610
4914 -55 -13430
4915 -93 -13426
4916 -95 -13386
4917 -157 -13198
4918 -225 -13342
4919 -37 -13486
4920 35 -13346
4921 -37 -13686
4922 -173 -13550
4923 -97 -13658
4924 -97 -13570
4925 -207 -13558
4926 -257 -13650
4927 -317 -13414
4928 -225 -13350
4929 -347 -13406
4930 -285 -13446
4931 -349 -13610
4932 -285 -13526
4933 -75 -13698
4934 -131 -13762
4935 -161 -13738
4936 -41 -13470
4937 19 -13318
4938 9 -13542
4939 -77 -13634
4940 163 -13822
4941 191 -13814
4942 173 -13738
4943 285 -13718
4944 375 -13610
4945 483 -13630
4946 499 -13502
4947 323 -13170
4948 489 -13234
4949 715 -13230
4950 695 -13314
4951 635 -13130
4952 689 -13138
4953 743 -13042
4954 823 -13134
4955 873 -13334
4956 735 -13450
4957 747 -13570
4958 739 -13358
4959 663 -13522
4960 565 -13358
4961 659 -13274
4962 659 -13282
4963 593 -13374
4964 511 -13346
4965 531 -13378
4966 311 -13650
4967 359 -13670
4968 549 -13474
4969 615 -13578
4970 581 -13746
4971 717 -13946
4972 729 -13866
4973 627 -13574
4974 741 -13570
4975 803 -13738
4976 759 -13934
4977 799 -14230
4978 725 -14070
4979 807 -14254
4980 867 -14418
4981 741 -14122
4982 819 -14010
4983 773 -14146
4984 675 -14018
4985 655 -14154
4986 607 -13822
4987 577 -13758
4988 631 -13878
4989 479 -13898
4990 493 -13874
4991 577 -14242
4992 633 -14094
4993 721 -14038
4994 695 -13882
4995 499 -13910
4996 553 -13830
4997 593 -13962
4998 649 -13970
4999 937 -14038
5000 847 -14194
5001 733 -14066
5002 643 -13882
5003 671 -13774
5004 749 -13634
5005 839 -13698
5006 743 -13494
5007 757 -13394
5008 691 -13354
5009 383 -13230
5010 361 -13714
5011 273 -13434
5012 251 -13638
5013 297 -13722
5014 199 -13766
5015 295 -13822
5016 443 -13834
5017 263 -13866
5018 155 -13714
5019 1 -13850
5020 -117 -13646
5021 -233 -13650
5022 -251 -13910
5023 -187 -13866
5024 -283 -13858
5025 -341 -13970
5026 -175 -13762
5027 -95 -13858
5028 1 -13798
5029 -115 -13698
5030 -117 -13714
5031 -127 -13962
5032 53 -13922
5033 63 -13878
5034 77 -13942
5035 153 -13686
5036 145 -13586
5037 69 -13678
5038 49 -13490
5039 27 -13438
5040 203 -13570
5041 85 -13758
5042 -21 -13334
5043 -131 -13342
5044 -71 -13502
5045 -237 -13554
5046 -327 -13546
5047 -219 -13618
5048 -279 -13582
5049 -267 -13614
5050 -245 -13750
5051 -297 -13430
5052 -463 -13274
5053 -477 -13478
5054 -405 -13354
5055 -535 -13658
5056 -475 -13678
5057 -561 -13702
5058 -503 -13938
5059 -471 -13882
5060 -205 -13690
5061 -135 -14186
5062 5 -13878
5063 -5 -13890
5064 -35 -14022
5065 -7 -13726
5066 9 -13734
5067 -13 -13654
5068 173 -13918
5069 375 -13478
5070 297 -13518
5071 353 -13606
5072 309 -13542
5073 325 -13638
5074 517 -13698
5075 583 -13662
5076 307 -13394
5077 419 -13122
5078 377 -13398
5079 411 -13430
5080 253 -13674
5081 321 -13478
5082 343 -13434
5083 367 -13426
5084 395 -13502
5085 265 -13334
5086 355 -13322
5087 391 -13370
5088 495 -13770
5089 493 -13950
5090 481 -13958
5091 653 -13994
5092 479 -13850
5093 485 -13754
5094 415 -13610
5095 471 -13802
5096 641 -13698
5097 687 -13934
5098 635 -13990
5099 649 -13970
5100 585 -13890
5101 649 -13990
5102 585 -13814
5103 659 -13786
5104 747 -14018
5105 689 -14018
5106 745 -13914
5107 651 -13670
5108 679 -13642
5109 675 -13378
5110 631 -13450
5111 799 -13222
5112 855 -13226
5113 707 -13582
5114 717 -13650
5115 747 -13582
5116 731 -13666
5117 705 -13526
5118 549 -13738
5119 519 -13506
5120 597 -13542
5121 631 -13514
5122 461 -13426
5123 669 -13522
5124 767 -13786
5125 765 -13918
5126 677 -14018
5127 495 -13734
5128 515 -13766
5129 503 -13754
5130 719 -13818
5131 595 -13818
5132 551 -13762
5133 471 -13590
5134 367 -13646
5135 353 -13678
5136 397 -13542
5137 587 -13598
5138 597 -13494
5139 519 -13314
5140 505 -13378
5141 543 -13394
5142 649 -13518
5143 741 -13514
5144 711 -13558
5145 715 -13438
5146 621 -13158
5147 651 -13454
5148 659 -13622
5149 767 -13650
5150 707 -13550
5151 573 -13478
5152 533 -13390
5153 345 -13362
5154 351 -13374
5155 325 -13482
5156 427 -13446
5157 361 -13486
5158 531 -13670
5159 533 -13434
5160 607 -13514
5161 649 -13310
5162 659 -13574
5163 721 -13518
5164 779 -13722
5165 669 -13626
5166 765 -13794
5167 691 -13482
5168 575 -13142
5169 731 -13618
5170 715 -13578
5171 611 -13546
5172 663 -13486
5173 711 -13230
5174 593 -13014
5175 605 -12930
5176 631 -12990
5177 589 -13278
5178 593 -13382
5179 479 -13302
5180 571 -13350
5181 495 -13334
5182 603 -13234
5183 663 -13394
5184 651 -13342
5185 729 -13314
5186 671 -13350
5187 779 -13106
5188 911 -13194
5189 899 -13502
5190 1029 -13422
5191 1105 -13366
5192 1163 -13502
5193 1139 -13390
5194 1001 -13794
5195 1017 -13530
5196 951 -13574
5197 1025 -13710
5198 1171 -13758
5199 1215 -13658
5200 1137 -14042
5201 1103 -13634
5202 1159 -13610
5203 1215 -13674
5204 1213 -13566
5205 1203 -13498
5206 1187 -13562
5207 1173 -13194
5208 1031 -13242
5209 1143 -13222
5210 1101 -13482
5211 1037 -13070
5212 981 -13102
5213 979 -13310
5214 945 -13350
5215 921 -13462
5216 887 -13522
5217 875 -13554
5218 721 -13546
5219 845 -13782
5220 819 -13858
5221 839 -13518
5222 731 -13634
5223 807 -13670
5224 877 -13810
5225 859 -13486
5226 863 -13314
5227 623 -13390
5228 637 -13334
5229 795 -13226
5230 633 -13258
5231 631 -13422
5232 691 -13690
5233 713 -13682
5234 851 -13626
5235 1013 -13818
5236 1007 -13958
5237 1069 -13738
5238 905 -13826
5239 849 -13790
5240 773 -13634
5241 775 -13674
5242 763 -13662
5243 703 -13362
5244 779 -13082
5245 985 -13466
5246 835 -13502
5247 587 -13818
5248 679 -13854
5249 669 -13610
5250 731 -13582
5251 689 -13758
5252 697 -14074
5253 837 -13870
5254 789 -14058
5255 817 -13714
5256 845 -13946
5257 867 -13826
5258 777 -13910
5259 737 -13818
5260 791 -13610
5261 879 -13562
5262 925 -13690
5263 857 -13574
5264 907 -13354
5265 805 -13694
5266 819 -13626
5267 851 -13722
5268 789 -13818
5269 753 -13770
5270 719 -13510
5271 761 -13734
5272 805 -13626
5273 729 -13538
5274 773 -13530
5275 769 -13378
5276 773 -13326
5277 761 -13306
5278 821 -13082
5279 897 -13550
5280 987 -13714
5281 961 -13394
5282 809 -13294
5283 717 -13382
5284 679 -13590
5285 683 -13598
5286 633 -13706
5287 659 -13606
5288 673 -13482
5289 735 -13398
5290 605 -13314
5291 735 -13214
5292 759 -13414
5293 555 -13266
5294 661 -13398
5295 727 -13358
5296 827 -13342
5297 763 -13250
5298 941 -13354
5299 985 -13426
5300 885 -13474
5301 981 -13606
5302 911 -13562
5303 865 -13566
5304 939 -13382
5305 989 -13206
5306 957 -13114
5307 877 -13450
5308 759 -13406
5309 737 -13498
5310 839 -13442
5311 945 -13486
5312 1055 -13614
5313 1035 -13386
5314 1031 -13446
5315 949 -13198
5316 935 -13422
5317 975 -13442
5318 1085 -13474
5319 1187 -13494
5320 927 -13494
5321 899 -13474
5322 889 -13554
5323 885 -13446
5324 867 -13498
5325 773 -13378
5326 621 -13378
5327 747 -13490
5328 665 -13482
5329 873 -13490
5330 823 -13562
5331 899 -13346
5332 933 -13362
5333 941 -13406
5334 883 -13526
5335 967 -13402
5336 1005 -13402
5337 1039 -13170
5338 1137 -13006
5339 1131 -13346
5340 1111 -13302
5341 1105 -13258
5342 1029 -13470
5343 1037 -13478
5344 975 -13242
5345 1033 -13394
5346 959 -13494
5347 1241 -13342
5348 1227 -13366
5349 1273 -13206
5350 1297 -13350
5351 1417 -13534
5352 1453 -13546
5353 1623 -13538
5354 1437 -13306
5355 1443 -13410
5356 1439 -13422
5357 1339 -13362
5358 1369 -13430
5359 1275 -13486
5360 1327 -13454
5361 1233 -13598
5362 1271 -13530
5363 1407 -13554
5364 1447 -13514
5365 1293 -13310
5366 1321 -13414
5367 1311 -13626
5368 1339 -13526
5369 1115 -13506
5370 1015 -13250
5371 1039 -13410
5372 995 -13490
5373 1043 -13286
5374 929 -13150
5375 885 -13026
5376 979 -13102
5377 1117 -13382
5378 1055 -13438
5379 993 -13162
5380 1015 -13194
5381 803 -13266
5382 645 -13290
5383 681 -13194
5384 833 -13290
5385 733 -13138
5386 597 -13114
5387 413 -13354
5388 501 -13178
5389 629 -13122
5390 509 -13018
5391 479 -13118
5392 563 -13226
5393 679 -13262
5394 699 -13226
5395 633 -13130
5396 675 -13178
5397 819 -13122
5398 779 -13218
5399 769 -13350
5400 797 -13350
5401 787 -13154
5402 931 -13330
5403 961 -13214
5404 967 -13090
5405 945 -13174
5406 1017 -13250
5407 1143 -13622
5408 1161 -13150
5409 1075 -13378
5410 1099 -13350
5411 1079 -13126
5412 951 -12802
5413 1093 -12886
5414 967 -12790
5415 1137 -13066
5416 1359 -13178
5417 1367 -13182
5418 1257 -12950
5419 1251 -13118
5420 1287 -12978
5421 1315 -13118
5422 1439 -13418
5423 1535 -13362
5424 1477 -13522
5425 1443 -13462
5426 1213 -13334
5427 1351 -13474
5428 1247 -13418
5429 1439 -13818
5430 1351 -13922
5431 1413 -13942
5432 1485 -13414
5433 1481 -13566
5434 1623 -13558
5435 1605 -13414
5436 1531 -13342
5437 1323 -13346
5438 1347 -13470
5439 1251 -13342
5440 1189 -13474
5441 1431 -13314
5442 1387 -13206
5443 1469 -13506
5444 1417 -13322
5445 1393 -13402
5446 1401 -13514
5447 1571 -13138
5448 1471 -13390
5449 1539 -13202
5450 1537 -13170
5451 1601 -13258
5452 1617 -13386
5453 1611 -13474
5454 1539 -13506
5455 1515 -13498
5456 1561 -13498
5457 1533 -13418
5458 1457 -13398
5459 1357 -13242
5460 1321 -13082
5461 1215 -13062
5462 1211 -13130
5463 1213 -13226
5464 1269 -13338
5465 1353 -13098
5466 1327 -13410
5467 1421 -13702
5468 1337 -13890
5469 1283 -13702
5470 1155 -13830
5471 1203 -13530
5472 1073 -13638
5473 1045 -13686
5474 945 -13422
5475 781 -13586
5476 939 -13630
5477 1059 -13398
5478 1049 -13054
5479 829 -13130
5480 819 -13418
5481 891 -13542
5482 623 -13342
5483 603 -13598
5484 801 -13518
5485 687 -13566
5486 765 -13322
5487 873 -13298
5488 765 -13590
5489 701 -13714
5490 789 -13538
5491 745 -13710
5492 753 -13470
5493 579 -13506
5494 449 -13390
5495 583 -13522
5496 577 -13550
5497 821 -13246
5498 893 -13318
5499 745 -13102
5500 685 -13390
5501 715 -13606
5502 631 -13538
5503 831 -13498
5504 1003 -13890
5505 943 -13742
5506 1097 -13566
5507 1215 -13710
5508 1215 -13570
5509 1373 -13370
5510 1457 -13458
5511 1609 -13422
5512 1535 -13474
5513 1539 -13430
5514 1493 -13302
5515 1677 -13274
5516 1689 -13462
5517 1785 -13818
5518 1799 -13686
5519 1817 -13706
5520 1879 -13690
5521 1793 -13730
5522 1913 -13410
5523 1845 -13590
5524 1871 -13382
5525 1757 -13510
5526 1773 -13482
5527 1611 -13482
5528 1611 -13514
5529 1555 -13626
5530 1657 -13642
5531 1689 -13618
5532 1723 -13558
5533 1703 -13478
5534 1807 -13566
5535 1633 -13446
5536 1693 -13602
5537 1619 -13426
5538 1625 -13278
5539 1523 -13466
5540 1441 -13286
5541 1325 -13554
5542 1361 -13290
5543 1411 -13550
5544 1403 -13522
5545 1391 -13746
5546 1521 -13378
5547 1481 -13398
5548 1577 -13410
5549 1617 -13358
5550 1507 -13382
5551 1573 -13654
5552 1659 -13438
5553 1805 -13402
5554 1823 -13498
5555 1727 -13314
5556 1667 -13498
5557 1787 -13562
5558 1769 -13510
5559 1715 -13438
5560 1709 -13922
5561 1743 -13994
5562 1743 -13930
5563 1523 -14138
5564 1505 -13982
5565 1423 -13578
5566 1379 -13598
5567 1355 -13946
5568 1385 -13918
5569 1461 -13634
5570 1341 -13634
5571 1333 -13686
5572 1211 -13706
5573 1231 -13522
5574 1381 -13442
5575 1459 -13558
5576 1505 -13590
5577 1497 -13454
5578 1485 -13422
5579 1519 -13418
5580 1635 -13574
5581 1577 -13914
5582 1851 -13590
5583 1673 -13438
5584 1799 -13522
5585 1695 -13566
5586 1701 -13306
5587 1779 -13482
5588 1883 -13378
5589 1807 -13534
5590 1649 -13550
5591 1555 -13534
5592 1461 -13646
5593 1369 -13486
5594 1427 -13786
5595 1181 -13582
5596 1119 -13718
5597 937 -13586
5598 1019 -13478
5599 1033 -13310
5600 925 -13106
5601 1013 -13578
5602 917 -13622
5603 819 -13786
5604 851 -13734
5605 947 -13810
5606 1041 -13590
5607 849 -13574
5608 859 -13518
5609 835 -13590
5610 635 -13526
5611 403 -13302
5612 393 -13158
5613 371 -13238
5614 351 -13214
5615 185 -13122
5616 129 -12854
5617 255 -13154
5618 167 -13038
5619 285 -13162
5620 443 -13306
5621 375 -13374
5622 375 -13502
5623 365 -13482
5624 291 -13558
5625 133 -13414
5626 107 -13378
5627 93 -13202
5628 41 -13390
5629 55 -13178
5630 151 -13526
5631 113 -13422
5632 59 -13406
5633 3 -13522
5634 135 -13498
5635 249 -13530
5636 153 -13586
5637 335 -13766
5638 349 -13894
5639 457 -13774
5640 245 -13574
5641 497 -13634
5642 557 -13506
5643 537 -13694
5644 517 -13922
5645 515 -13938
5646 529 -14002
5647 463 -13870
5648 637 -13558
5649 795 -13614
5650 821 -13482
5651 875 -13226
5652 967 -13350
5653 1115 -13286
5654 1083 -13410
5655 1211 -13270
5656 1231 -13290
5657 1179 -13454
5658 1331 -13390
5659 1421 -13670
5660 1419 -13270
5661 1477 -13182
5662 1585 -13306
5663 1677 -13346
5664 1575 -13254
5665 1469 -13350
5666 1383 -13266
5667 1299 -13030
5668 1093 -13246
5669 1073 -13474
5670 1045 -13638
5671 1065 -13670
5672 1169 -13630
5673 1149 -13750
5674 1217 -13618
5675 1087 -13654
5676 1049 -13446
5677 1115 -13430
5678 1115 -13282
5679 1173 -13338
5680 1125 -13378
5681 1129 -13422
5682 1205 -13526
5683 1383 -13614
5684 1293 -13486
5685 1039 -13646
5686 1163 -13374
5687 1199 -13526
5688 1063 -13602
5689 1045 -13734
5690 931 -13630
5691 875 -13614
5692 841 -13434
5693 979 -13582
5694 981 -13478
5695 963 -13466
5696 1253 -12946
5697 1279 -12870
5698 1285 -13342
5699 1203 -13230
5700 1281 -13110
5701 1187 -13218
5702 1075 -13402
5703 955 -13494
5704 1151 -13294
5705 1169 -13310
5706 1159 -13182
5707 1067 -13214
5708 1077 -13502
5709 999 -13542
5710 965 -13590
5711 935 -13574
5712 1003 -13614
5713 1035 -13470
5714 955 -13594
5715 1007 -13654
5716 1053 -13418
5717 955 -13462
5718 803 -13446
5719 763 -13446
5720 835 -13366
5721 923 -13246
5722 915 -13198
5723 939 -13134
5724 933 -13286
5725 995 -13526
5726 1095 -13314
5727 1049 -13102
5728 1089 -13338
5729 983 -13102
5730 1163 -13138
5731 1189 -13130
5732 1007 -13302
5733 1069 -13178
5734 1131 -13190
5735 973 -13086
5736 819 -13106
5737 963 -13278
5738 811 -13086
5739 685 -12970
5740 893 -13058
5741 899 -13274
5742 931 -13154
5743 753 -13242
5744 819 -13546
5745 1033 -13866
5746 1043 -13686
5747 1145 -13586
5748 1031 -13494
5749 1007 -13922
5750 909 -13766
5751 949 -13634
5752 891 -13386
5753 801 -13494
5754 755 -13610
5755 659 -13466
5756 723 -13458
5757 827 -13306
5758 857 -13390
5759 1015 -13534
5760 947 -13546
5761 891 -13746
5762 877 -13610
5763 821 -13706
5764 663 -13650
5765 745 -13642
5766 881 -13686
5767 1057 -13686
5768 1027 -13850
5769 1143 -13790
5770 1223 -14034
5771 1119 -14086
5772 1115 -13730
5773 1221 -13594
5774 1037 -13478
5775 1145 -13462
5776 1033 -13466
5777 891 -13614
5778 857 -13594
5779 857 -13682
5780 723 -13254
5781 693 -13274
5782 663 -13338
5783 747 -13290
5784 727 -13274
5785 579 -13214
5786 599 -13058
5787 701 -13198
5788 767 -13286
5789 713 -13118
5790 759 -13438
5791 725 -13358
5792 555 -13162
5793 521 -13414
5794 539 -13486
5795 557 -13574
5796 611 -13386
5797 531 -13286
5798 451 -13178
5799 559 -13674
5800 641 -13674
5801 623 -13454
5802 619 -13606
5803 555 -13658
5804 543 -13670
5805 591 -13846
5806 515 -13614
5807 553 -13538
5808 429 -13458
5809 439 -13390
5810 679 -13334
5811 775 -13606
5812 751 -13530
5813 767 -13514
5814 695 -13666
5815 687 -13534
5816 749 -13586
5817 641 -13390
5818 535 -13470
5819 511 -13626
5820 559 -13390
5821 407 -13262
5822 379 -13174
5823 533 -13438
5824 599 -13318
5825 575 -13394
5826 629 -13410
5827 641 -13342
5828 699 -13306
5829 617 -13254
5830 605 -13154
5831 655 -12934
5832 649 -13094
5833 519 -13330
5834 431 -13182
5835 415 -13394
5836 259 -13150
5837 253 -13190
5838 129 -13246
5839 291 -13134
5840 391 -12966
5841 653 -13250
5842 791 -13202
5843 965 -13174
5844 833 -13174
5845 789 -13194
5846 765 -13322
5847 671 -13114
5848 549 -12878
5849 631 -12954
5850 519 -13130
5851 601 -13018
5852 503 -13122
5853 485 -13226
5854 439 -13138
5855 327 -13358
5856 445 -13294
5857 365 -13354
5858 497 -13398
5859 315 -13050
5860 391 -13034
5861 379 -13130
5862 397 -13026
5863 225 -12982
5864 151 -12910
5865 73 -12978
5866 -11 -13218
5867 81 -13070
5868 127 -12994
5869 33 -13066
5870 -59 -13186
5871 -129 -13246
5872 -129 -13202
5873 -107 -13238
5874 -41 -13314
5875 123 -13310
5876 197 -13046
5877 193 -13086
5878 197 -13166
5879 153 -13170
5880 263 -13190
5881 377 -13206
5882 393 -13150
5883 449 -13086
5884 455 -13002
5885 489 -13006
5886 411 -13070
5887 429 -13138
5888 503 -13114
5889 403 -12902
5890 295 -13226
5891 237 -13530
5892 253 -13322
5893 229 -13182
5894 309 -13206
5895 293 -13210
5896 245 -13090
5897 335 -13102
5898 319 -13174
5899 315 -13070
5900 389 -13446
5901 485 -13422
5902 583 -13514
5903 621 -13530
5904 599 -13426
5905 555 -13234
5906 551 -13218
5907 517 -13178
5908 397 -13386
5909 383 -13254
5910 547 -13322
5911 639 -13102
5912 831 -13302
5913 915 -13358
5914 841 -13306
5915 989 -13298
5916 959 -13398
5917 951 -13178
5918 921 -13178
5919 1049 -13254
5920 1023 -13250
5921 1069 -13174
5922 1237 -13222
5923 1271 -13242
5924 1249 -13266
5925 1333 -13250
5926 1287 -13274
5927 1263 -12986
5928 1197 -12714
5929 1015 -12894
5930 1075 -12926
5931 1147 -13138
5932 1065 -13118
5933 955 -12802
5934 887 -12986
5935 973 -13014
5936 841 -12686
5937 805 -12562
5938 791 -12874
5939 801 -12978
5940 859 -13242
5941 819 -13178
5942 953 -13130
5943 705 -13182
5944 691 -12714
5945 679 -12910
5946 559 -12950
5947 443 -12786
5948 575 -12802
5949 413 -13146
5950 503 -13158
5951 669 -13178
5952 803 -13494
5953 833 -13814
5954 905 -13366
5955 857 -13582
5956 727 -13522
5957 627 -13602
5958 589 -13522
5959 643 -13446
5960 695 -13690
5961 779 -13162
5962 575 -12986
5963 567 -13070
5964 669 -13310
5965 541 -13482
5966 651 -13514
5967 601 -13630
5968 595 -13726
5969 675 -13686
5970 743 -13690
5971 601 -13698
5972 473 -13490
5973 493 -13366
5974 409 -13398
5975 397 -13274
5976 443 -13402
5977 503 -13390
5978 429 -13302
5979 391 -13330
5980 467 -13786
5981 491 -13870
5982 371 -13706
5983 265 -13726
5984 319 -13862
5985 411 -13890
5986 331 -13642
5987 297 -13670
5988 369 -13482
5989 325 -13566
5990 377 -13634
5991 381 -13710
5992 383 -13294
5993 451 -13262
5994 407 -13178
5995 369 -13146
5996 293 -13142
5997 447 -13178
5998 599 -13414
5999 643 -13254
6000 563 -13150
6001 675 -13058
6002 689 -13190
6003 775 -13110
6004 815 -13222
6005 715 -13146
6006 615 -13234
6007 715 -13234
6008 643 -13030
6009 555 -12974
6010 531 -13014
6011 655 -13262
6012 531 -13162
6013 597 -13358
6014 637 -13458
6015 653 -13194
6016 659 -13354
6017 647 -13486
6018 829 -13418
6019 835 -13622
6020 743 -13782
6021 627 -13614
6022 607 -13506
6023 395 -13306
6024 401 -13478
6025 445 -13506
6026 509 -13182
6027 535 -13330
6028 611 -13546
6029 655 -13402
6030 567 -13530
6031 701 -13294
6032 733 -13010
6033 775 -13470
6034 737 -13510
6035 789 -13450
6036 807 -13458
6037 701 -13322
6038 607 -13306
6039 571 -13306
6040 685 -13354
6041 689 -13178
6042 763 -13270
6043 839 -13370
6044 947 -13550
6045 1107 -13310
6046 1179 -13190
6047 1037 -13218
6048 1019 -13162
6049 1039 -13154
6050 979 -13210
6051 1091 -13286
6052 1079 -13290
6053 1233 -13298
6054 1187 -13290
6055 1213 -13474
6056 1209 -13722
6057 1159 -13794
6058 1321 -13874
6059 1287 -13890
6060 1331 -13702
6061 1335 -13518
6062 1325 -13498
6063 1329 -13746
6064 1311 -13590
6065 1397 -13634
6066 1299 -13474
6067 1389 -13590
6068 1265 -13794
6069 1153 -13442
6070 1115 -13510
6071 1085 -13466
6072 1061 -13466
6073 1099 -13254
6074 1213 -13346
6075 1231 -13234
6076 1247 -12986
6077 1191 -13266
6078 1149 -13022
6079 1123 -13194
6080 1193 -13334
6081 1215 -13374
6082 1125 -13474
6083 1103 -13446
6084 1167 -13418
6085 1291 -13606
6086 1381 -13526
6087 1269 -13502
6088 1295 -13514
6089 1199 -13398
6090 1189 -13362
6091 1181 -13270
6092 1117 -12930
6093 1119 -13098
6094 1343 -13114
6095 1389 -13222
6096 1235 -13114
6097 1243 -13190
6098 1241 -13070
6099 1295 -13334
6100 1301 -13426
6101 1289 -13394
6102 1491 -13466
6103 1527 -13686
6104 1535 -13806
6105 1469 -13510
6106 1529 -13634
6107 1475 -13662
6108 1343 -13598
6109 1175 -13638
6110 1191 -13418
6111 1113 -13458
6112 1057 -13506
6113 1087 -13478
6114 1159 -13450
6115 1177 -13286
6116 1231 -13234
6117 1199 -13282
6118 1153 -13158
6119 1021 -13250
6120 1159 -13374
6121 1105 -13298
6122 1041 -13610
6123 1021 -13426
6124 977 -13598
6125 913 -13510
6126 823 -13374
6127 947 -13394
6128 1033 -13438
6129 971 -13554
6130 975 -13770
6131 989 -13758
6132 917 -13734
6133 913 -13358
6134 817 -13362
6135 765 -13374
6136 665 -13382
6137 697 -13266
6138 815 -13458
6139 651 -13494
6140 653 -13154
6141 667 -13050
6142 861 -13062
6143 723 -13202
6144 617 -13322
6145 517 -13110
6146 537 -13098
6147 537 -13206
6148 571 -12862
6149 491 -13150
6150 545 -12982
6151 539 -13050
6152 499 -13102
6153 529 -13138
6154 653 -13046
6155 715 -13090
6156 821 -13050
6157 863 -13162
6158 861 -13398
6159 873 -13294
6160 917 -13434
6161 981 -13290
6162 1211 -13374
6163 1249 -13070
6164 1375 -13178
6165 1285 -13382
6166 1163 -13378
6167 1101 -13386
6168 1045 -13478
6169 1025 -13466
6170 919 -13226
6171 947 -13306
6172 1051 -13502
6173 1247 -13386
6174 1179 -13230
6175 1239 -13482
6176 1283 -13310
6177 1243 -13434
6178 1301 -13562
6179 1255 -13358
6180 1253 -13494
6181 1165 -13806
6182 1119 -13590
6183 1083 -13674
6184 949 -13734
6185 1029 -13814
6186 1015 -13726
6187 875 -13494
6188 827 -13490
6189 813 -13570
6190 571 -13242
6191 559 -13334
6192 687 -13350
6193 471 -13314
6194 337 -13250
6195 239 -13430
6196 269 -13406
6197 317 -13510
6198 265 -13446
6199 281 -13486
6200 361 -13598
6201 321 -13662
6202 331 -13602
6203 265 -13582
6204 125 -13334
6205 203 -13422
6206 -21 -13046
6207 -107 -13362
6208 -85 -13374
6209 -27 -13210
6210 111 -13542
6211 -77 -13414
6212 -109 -12958
6213 -175 -13214
6214 -213 -13222
6215 -293 -13298
6216 -319 -13314
6217 -351 -13354
6218 -401 -13402
6219 -433 -13294
6220 -451 -13206
6221 -477 -13070
6222 -645 -13122
6223 -783 -13322
6224 -787 -13194
6225 -807 -13378
6226 -877 -13178
6227 -801 -13198
6228 -843 -13118
6229 -845 -13314
6230 -799 -13146
6231 -867 -13470
6232 -915 -13902
6233 -867 -13706
6234 -911 -13522
6235 -779 -13382
6236 -991 -13402
6237 -1017 -13598
6238 -931 -13410
6239 -909 -13742
6240 -1021 -13762
6241 -943 -13466
6242 -853 -13454
6243 -1047 -13502
6244 -1115 -13646
6245 -953 -13590
6246 -1153 -13486
6247 -1203 -13346
6248 -1145 -13254
6249 -1231 -13430
6250 -1125 -13718
6251 -1185 -13522
6252 -1205 -13658
6253 -1153 -13710
6254 -1071 -13582
6255 -1257 -13790
6256 -1315 -13678
6257 -1211 -13258
6258 -1037 -13494
6259 -1041 -13398
6260 -909 -13438
6261 -993 -13934
6262 -969 -13426
6263 -935 -13490
6264 -891 -13502
6265 -1001 -13170
6266 -1095 -13390
6267 -937 -13410
6268 -929 -13514
6269 -815 -13438
6270 -905 -13442
6271 -785 -13534
6272 -465 -13502
6273 -679 -13426
6274 -653 -13222
6275 -609 -13442
6276 -599 -13446
6277 -639 -13242
6278 -501 -13038
6279 -595 -13382
6280 -615 -13490
6281 -619 -13650
6282 -679 -13782
6283 -753 -13750
6284 -833 -13694
6285 -835 -13526
6286 -887 -13694
6287 -1061 -13342
6288 -913 -13186
6289 -897 -13290
6290 -953 -13282
6291 -861 -13174
6292 -819 -13286
6293 -843 -12970
6294 -927 -13022
6295 -781 -12914
6296 -759 -13154
6297 -833 -13170
6298 -799 -13146
6299 -855 -13370
6300 -855 -13546
6301 -953 -13518
6302 -773 -13374
6303 -705 -13242
6304 -753 -13410
6305 -733 -13298
6306 -879 -13502
6307 -821 -13610
6308 -839 -13662
6309 -943 -13466
6310 -1005 -13490
6311 -941 -13570
6312 -993 -13502
6313 -1179 -13598
6314 -1095 -13270
6315 -1085 -13050
6316 -1161 -13146
6317 -1155 -13146
6318 -999 -13106
6319 -989 -13406
6320 -1035 -13330
6321 -865 -13266
6322 -751 -13434
6323 -821 -13798
6324 -885 -13714
6325 -923 -14030
6326 -993 -13870
6327 -861 -13842
6328 -709 -13538
6329 -627 -13230
6330 -463 -13490
6331 -333 -13642
6332 -307 -13750
6333 -489 -13746
6334 -609 -13974
6335 -583 -14090
6336 -419 -13914
6337 -423 -13754
6338 -409 -13654
6339 -535 -13542
6340 -511 -13602
6341 -517 -13462
6342 -445 -13130
6343 -555 -13414
6344 -505 -13666
6345 -361 -13818
6346 -341 -13738
6347 -177 -13662
6348 -157 -13630
6349 -299 -13614
6350 -237 -13366
6351 -189 -13422
6352 -131 -13610
6353 -241 -13350
6354 -73 -13366
6355 -99 -13394
6356 -11 -13094
6357 59 -12954
6358 213 -13242
6359 181 -13390
6360 51 -13326
6361 3 -13330
6362 -169 -13278
6363 -241 -13422
6364 -187 -13326
6365 -203 -13550
6366 -95 -13694
6367 -65 -13666
6368 21 -13634
6369 -113 -13686
6370 -163 -13618
6371 -17 -13534
6372 -95 -13590
6373 -291 -13510
6374 -175 -13266
6375 -119 -13662
6376 -179 -13514
6377 -111 -13346
6378 -31 -13386
6379 -31 -13134
6380 -9 -13278
6381 145 -13106
6382 255 -13322
6383 315 -13334
6384 185 -13150
6385 245 -13238
6386 171 -13270
6387 259 -13194
6388 227 -13258
6389 235 -13422
6390 233 -13462
6391 175 -13442
6392 -55 -13574
6393 -111 -13422
6394 -223 -13450
6395 -325 -13642
6396 -445 -13350
6397 -471 -13418
6398 -455 -13586
6399 -517 -13662
6400 -339 -13334
6401 -417 -13394
6402 -383 -13626
6403 -453 -13386
6404 -357 -13442
6405 -433 -13514
6406 -417 -13486
6407 -247 -13542
6408 -255 -13574
6409 -365 -13678
6410 -457 -13558
6411 -523 -13826
6412 -479 -13794
6413 -559 -13818
6414 -551 -13662
6415 -369 -13462
6416 -575 -13482
6417 -635 -13666
6418 -719 -13490
6419 -591 -13354
6420 -543 -13290
6421 -513 -13470
6422 -397 -13462
6423 -471 -13374
6424 -651 -13046
6425 -539 -13226
6426 -635 -13022
6427 -509 -13034
6428 -451 -12826
6429 -513 -12986
6430 -455 -13410
6431 -435 -13378
6432 -415 -13562
6433 -591 -13542
6434 -563 -13354
6435 -683 -13266
6436 -609 -13366
6437 -613 -13390
6438 -571 -13514
6439 -593 -13498
6440 -649 -13526
6441 -621 -13318
6442 -665 -13250
6443 -427 -13098
6444 -291 -13350
6445 -159 -13430
6446 -83 -13350
6447 -33 -13382
6448 -133 -13582
6449 -111 -13514
6450 -59 -13390
6451 -165 -13254
6452 -313 -13478
6453 -291 -13394
6454 -159 -13486
6455 -283 -13346
6456 -315 -13494
6457 -345 -13374
6458 -407 -13014
6459 -383 -13010
6460 -491 -13382
6461 -645 -13462
6462 -753 -13174
6463 -667 -13066
6464 -729 -13026
6465 -741 -12922
6466 -805 -13042
6467 -933 -13022
6468 -955 -13142
6469 -993 -13042
6470 -905 -13078
6471 -961 -13258
6472 -927 -13462
6473 -889 -13422
6474 -857 -13498
6475 -761 -13466
6476 -741 -13290
6477 -845 -13246
6478 -709 -13226
6479 -649 -13246
6480 -395 -13242
6481 -311 -13270
6482 -269 -13130
6483 -235 -13262
6484 -145 -13186
6485 -109 -13174
6486 -313 -12974
6487 -255 -12950
6488 -403 -13362
6489 -555 -13382
6490 -543 -13278
6491 -399 -13506
6492 -501 -13498
6493 -443 -13182
6494 -629 -13454
6495 -661 -13366
6496 -607 -13198
6497 -827 -13338
6498 -929 -13274
6499 -1095 -13394
6500 -1361 -13382
6501 -1413 -13426
6502 -1305 -13450
6503 -1297 -13530
6504 -1223 -13398
6505 -1363 -13362
6506 -1391 -13226
6507 -1443 -13626
6508 -1551 -13614
6509 -1545 -13638
6510 -1383 -13422
6511 -1231 -13198
6512 -1119 -13402
6513 -1155 -13402
6514 -1231 -13346
6515 -1239 -13266
6516 -1041 -13318
6517 -1161 -13446
6518 -1135 -13094
6519 -1013 -13114
6520 -885 -13026
6521 -817 -13090
6522 -895 -13306
6523 -1009 -13466
6524 -1057 -13582
6525 -1145 -13702
6526 -1165 -13426
6527 -1245 -13694
6528 -1309 -13338
6529 -1285 -13498
6530 -1349 -13714
6531 -1649 -13606
6532 -1509 -13570
6533 -1517 -13386
6534 -1509 -13198
6535 -1367 -13434
6536 -1505 -13406
6537 -1547 -13550
6538 -1555 -13714
6539 -1551 -13462
6540 -1467 -13498
6541 -1527 -13566
6542 -1683 -13434
6543 -1529 -13394
6544 -1659 -13398
6545 -1769 -13294
6546 -1671 -13634
6547 -1495 -13354
6548 -1577 -13198
6549 -1529 -13154
6550 -1649 -13346
6551 -1721 -13630
6552 -1707 -13586
6553 -1887 -13670
6554 -2007 -13758
6555 -2107 -13818
6556 -2161 -13834
6557 -2215 -13862
6558 -2037 -13606
6559 -1967 -13610
6560 -2001 -13718
6561 -1989 -13538
6562 -2137 -13650
6563 -2175 -13810
6564 -2125 -13482
6565 -2315 -13690
6566 -2343 -13810
6567 -2499 -13958
6568 -2431 -13818
6569 -2373 -13758
6570 -2369 -13566
6571 -2383 -13654
6572 -2287 -13826
6573 -2169 -13790
6574 -2075 -13378
6575 -2051 -13506
6576 -2051 -13566
6577 -2137 -13698
6578 -2039 -13646
6579 -2189 -13686
6580 -2285 -13754
6581 -2285 -13894
6582 -2277 -13834
6583 -2133 -13582
6584 -2197 -13850
6585 -2381 -13958
6586 -2389 -13590
6587 -2243 -13758
6588 -2303 -13766
6589 -2469 -13714
6590 -2483 -13794
6591 -2417 -13898
6592 -2339 -13834
6593 -2429 -13994
6594 -2511 -13990
6595 -2475 -13762
6596 -2407 -13758
6597 -2435 -13622
6598 -2533 -13630
6599 -2423 -13642
6600 -2353 -13614
6601 -2435 -14026
6602 -2391 -13778
6603 -2309 -13650
6604 -2339 -13530
6605 -2489 -13670
6606 -2485 -13730
6607 -2423 -13986
6608 -2421 -14202
6609 -2577 -13966
6610 -2717 -14058
6611 -2709 -14154
6612 -2715 -14222
6613 -2737 -14102
6614 -2657 -13982
6615 -2709 -14146
6616 -2659 -14194
6617 -2729 -14134
6618 -2809 -14166
6619 -2841 -14434
6620 -2931 -14378
6621 -3013 -14142
6622 -3035 -14114
6623 -2951 -13814
6624 -2869 -13682
6625 -2893 -13926
6626 -3003 -14094
6627 -3035 -13970
6628 -3013 -14330
6629 -2893 -14026
6630 -2727 -13810
6631 -2729 -13438
6632 -2903 -13618
6633 -2843 -13670
6634 -2753 -13630
6635 -2747 -13734
6636 -2737 -13394
6637 -2613 -13222
6638 -2643 -13322
6639 -2493 -13378
6640 -2715 -13546
6641 -2771 -13562
6642 -2891 -13454
6643 -2981 -13614
6644 -3015 -13450
6645 -2991 -13830
6646 -2953 -13566
6647 -2851 -13242
6648 -2863 -13746
6649 -2783 -13798
6650 -2767 -13834
6651 -2805 -14006
6652 -2679 -13814
6653 -2675 -13722
6654 -2769 -13754
6655 -2701 -13650
6656 -2805 -13814
6657 -2807 -13642
6658 -2755 -13962
6659 -2825 -14106
6660 -2799 -13998
6661 -2933 -13750
6662 -2871 -13754
6663 -2799 -13482
6664 -2771 -13442
6665 -2655 -13242
6666 -2697 -13442
6667 -2713 -13554
6668 -2687 -13418
6669 -2635 -13474
6670 -2725 -13742
6671 -2833 -13710
6672 -2941 -14054
6673 -2877 -14142
6674 -2837 -13790
6675 -2783 -13898
6676 -2569 -13906
6677 -2523 -13926
6678 -2539 -14098
6679 -2511 -13870
6680 -2601 -14062
6681 -2613 -14042
6682 -2557 -14006
6683 -2519 -13554
6684 -2603 -13402
6685 -2661 -13518
6686 -2553 -13746
6687 -2721 -13834
6688 -2625 -13982
6689 -2663 -13818
6690 -2795 -13774
6691 -2877 -13778
6692 -2789 -13734
6693 -2849 -13814
6694 -2805 -13674
6695 -2705 -13626
6696 -2797 -13750
6697 -2713 -13502
6698 -2665 -13530
6699 -2751 -13734
6700 -2727 -13626
6701 -2507 -13562
6702 -2357 -13402
6703 -2313 -13594
6704 -2259 -13286
6705 -2159 -13326
6706 -2263 -13562
6707 -2339 -13370
6708 -2299 -13366
6709 -2425 -13622
6710 -2463 -13666
6711 -2547 -13570
6712 -2573 -13662
6713 -2493 -13498
6714 -2365 -13338
6715 -2377 -12950
6716 -2369 -13166
6717 -2135 -13354
6718 -2159 -13346
6719 -2167 -13458
6720 -2403 -13506
6721 -2171 -13366
6722 -2113 -13354
6723 -2129 -13446
6724 -2085 -13462
6725 -2031 -13346
6726 -1933 -13338
6727 -1801 -13266
6728 -1771 -13266
6729 -1611 -12986
6730 -1689 -13066
6731 -1775 -13162
6732 -1747 -13450
6733 -1735 -13242
6734 -1669 -13306
6735 -1623 -13326
6736 -1627 -13310
6737 -1681 -13146
6738 -1611 -13146
6739 -1485 -13238
6740 -1499 -13230
6741 -1499 -13298
6742 -1427 -13202
6743 -1393 -13234
6744 -1497 -13214
6745 -1517 -13182
6746 -1639 -13470
6747 -1713 -13502
6748 -1687 -13578
6749 -1847 -13574
6750 -1779 -13622
6751 -1601 -13398
6752 -1689 -13226
6753 -1719 -13470
6754 -1613 -13406
6755 -1593 -13358
6756 -1545 -13306
6757 -1459 -13510
6758 -1425 -13270
6759 -1453 -13414
6760 -1489 -13362
6761 -1529 -13206
6762 -1489 -13250
6763 -1377 -13142
6764 -1461 -13278
6765 -1397 -13278
6766 -1465 -13182
6767 -1415 -13150
6768 -1263 -13226
6769 -1169 -12890
6770 -997 -13018
6771 -1133 -13074
6772 -1283 -13314
6773 -1409 -13674
6774 -1371 -13506
6775 -1239 -13570
6776 -1059 -13438
6777 -1147 -13598
6778 -1179 -13710
6779 -1169 -13538
6780 -1125 -13490
6781 -1211 -13514
6782 -1291 -13310
6783 -1155 -13262
6784 -1063 -13238
6785 -1347 -13562
6786 -1329 -13682
6787 -1617 -13658
6788 -1595 -13810
6789 -1511 -13510
6790 -1473 -13298
6791 -1557 -13170
6792 -1443 -13314
6793 -1277 -13078
6794 -1391 -13094
6795 -1443 -13006
6796 -1329 -13358
6797 -1255 -13158
6798 -1287 -12830
6799 -1403 -13074
6800 -1537 -13310
6801 -1421 -13306
6802 -1251 -13330
6803 -1259 -13370
6804 -1219 -13258
6805 -1151 -13038
6806 -1229 -13402
6807 -1035 -13314
6808 -1007 -13166
6809 -1101 -13350
6810 -1137 -13286
6811 -1289 -13170
6812 -1307 -13166
6813 -1379 -13110
6814 -1437 -13046
6815 -1341 -13294
6816 -1231 -13230
6817 -1247 -13054
6818 -1195 -13110
6819 -1181 -13058
6820 -1299 -13114
6821 -1207 -12858
6822 -1131 -12798
6823 -1189 -12890
6824 -1265 -12850
6825 -1417 -12950
6826 -1483 -12970
6827 -1399 -13022
6828 -1309 -12910
6829 -1305 -13042
6830 -1425 -13146
6831 -1431 -13086
6832 -1297 -13350
6833 -1381 -13186
6834 -1347 -13222
6835 -1293 -13142
6836 -1451 -13130
6837 -1295 -13122
6838 -1297 -13218
6839 -1307 -13206
6840 -1419 -13134
6841 -1337 -13470
6842 -1307 -13246
6843 -1193 -13406
6844 -1175 -13306
6845 -1185 -13254
6846 -1153 -13254
6847 -1007 -13234
6848 -1177 -13094
6849 -1213 -13130
6850 -1337 -13274
6851 -1319 -13338
6852 -1375 -13402
6853 -1469 -13310
6854 -1619 -13270
6855 -1555 -13438
6856 -1439 -13378
6857 -1333 -13422
6858 -1155 -13014
6859 -891 -12882
6860 -1069 -12938
6861 -1263 -13178
6862 -1289 -13246
6863 -1277 -13630
6864 -1233 -13302
6865 -1197 -13258
6866 -1269 -13338
6867 -1381 -13162
6868 -1389 -13370
6869 -1279 -13434
6870 -1259 -13594
6871 -1261 -13638
6872 -1209 -13350
6873 -1069 -13558
6874 -1111 -13646
6875 -1229 -13414
6876 -1243 -13646
6877 -1191 -13602
6878 -1027 -13550
6879 -929 -13498
6880 -941 -13494
6881 -841 -13594
6882 -937 -13542
6883 -869 -13310
6884 -975 -13238
6885 -981 -13058
6886 -1017 -13102
6887 -1075 -13002
6888 -991 -13246
6889 -953 -13070
6890 -877 -12906
6891 -983 -12806
6892 -1113 -12574
6893 -1115 -12774
6894 -1209 -12906
6895 -1391 -12982
6896 -1473 -12850
6897 -1397 -12754
6898 -1307 -12978
6899 -1247 -13182
6900 -1297 -13002
6901 -1077 -13178
6902 -927 -13138
6903 -823 -13046
6904 -841 -13030
6905 -895 -13110
6906 -837 -13090
6907 -859 -13234
6908 -771 -13122
6909 -815 -12994
6910 -859 -12862
6911 -1013 -12938
6912 -899 -13030
6913 -1029 -13326
6914 -1171 -13678
6915 -1167 -13482
6916 -1033 -13330
6917 -1013 -13266
6918 -1117 -12986
6919 -1287 -13318
6920 -1429 -13374
6921 -1393 -13474
6922 -1391 -13486
6923 -1457 -13238
6924 -1497 -13262
6925 -1527 -13314
6926 -1595 -13430
6927 -1643 -13322
6928 -1541 -13130
6929 -1613 -13506
6930 -1465 -13362
6931 -1361 -13078
6932 -1297 -13142
6933 -1265 -13254
6934 -1273 -13202
6935 -1243 -13406
6936 -1327 -13322
6937 -1335 -13258
6938 -1285 -13042
6939 -1229 -12946
6940 -1119 -12918
6941 -1295 -13122
6942 -1165 -13254
6943 -1111 -13210
6944 -1113 -13190
6945 -1125 -13130
6946 -1203 -13258
6947 -1235 -13682
6948 -1155 -13446
6949 -1121 -13270
6950 -1119 -13350
6951 -1151 -13490
6952 -1301 -13550
6953 -1249 -13578
6954 -1239 -13506
6955 -1311 -13290
6956 -1299 -13278
6957 -1437 -13462
6958 -1441 -13614
6959 -1173 -13550
6960 -1117 -13558
6961 -1061 -13598
6962 -845 -13638
6963 -939 -13534
6964 -997 -13666
6965 -983 -13610
6966 -941 -13650
6967 -1137 -13742
6968 -1015 -13622
6969 -1101 -13842
6970 -1129 -13990
6971 -989 -13962
6972 -891 -13974
6973 -979 -13738
6974 -811 -13710
6975 -723 -13738
6976 -687 -13598
6977 -831 -13638
6978 -777 -13518
6979 -821 -13718
6980 -729 -13966
6981 -835 -13746
6982 -905 -13630
6983 -1049 -13890
6984 -851 -13594
6985 -793 -13162
6986 -745 -13158
6987 -871 -13254
6988 -931 -13458
6989 -831 -13406
6990 -727 -13302
6991 -741 -13118
6992 -803 -13210
6993 -905 -13246
6994 -903 -13502
6995 -913 -13402
6996 -811 -13390
6997 -829 -13298
6998 -849 -13266
6999 -837 -13190
7000 -751 -13394
7001 -713 -13402
7002 -691 -13262
7003 -601 -13134
7004 -563 -12898
7005 -559 -13206
7006 -439 -13038
7007 -421 -12922
7008 -513 -12986
7009 -505 -13106
7010 -525 -13038
7011 -551 -13154
7012 -503 -13398
7013 -339 -13442
7014 -389 -13354
7015 -405 -13494
7016 -281 -13350
7017 -227 -13422
7018 -207 -13370
7019 -317 -13446
7020 -451 -13430
7021 -649 -13322
7022 -597 -13514
7023 -509 -13342
7024 -423 -13502
7025 -439 -13282
7026 -217 -13474
7027 -257 -13438
7028 -239 -13218
7029 -89 -13070
7030 -17 -13062
7031 -105 -13222
7032 -123 -13218
7033 -225 -13282
7034 -391 -13498
7035 -401 -13226
7036 -435 -13478
7037 -385 -13518
7038 -311 -13418
7039 -343 -13354
7040 -437 -13366
7041 -395 -13358
7042 -477 -13418
7043 -391 -13462
7044 -465 -13386
7045 -397 -13370
7046 -309 -13702
7047 -187 -13814
7048 -121 -14058
7049 -25 -13914
7050 185 -13650
7051 321 -13486
7052 357 -13478
7053 353 -13314
7054 229 -13054
7055 371 -13222
7056 253 -13438
7057 253 -13470
7058 223 -13618
7059 203 -13378
7060 237 -13558
7061 179 -13690
7062 231 -13602
7063 341 -13382
7064 415 -13250
7065 465 -13370
7066 347 -13426
7067 127 -13242
7068 231 -13506
7069 209 -13322
7070 217 -13270
7071 295 -13634
7072 355 -13622
7073 409 -13478
7074 483 -13350
7075 565 -13434
7076 739 -13446
7077 759 -13278
7078 959 -13078
7079 941 -13042
7080 973 -13254
7081 829 -13282
7082 739 -13302
7083 757 -13150
7084 673 -13270
7085 865 -13314
7086 789 -13042
7087 833 -13306
7088 851 -13342
7089 789 -13358
7090 845 -13766
7091 967 -13830
7092 809 -13786
7093 797 -13578
7094 707 -13326
7095 725 -13442
7096 717 -13562
7097 809 -13574
7098 821 -13434
7099 939 -13486
7100 939 -13558
7101 1039 -13650
7102 1049 -13690
7103 1037 -13614
7104 1079 -13526
7105 1009 -13466
7106 1089 -13570
7107 1065 -13490
7108 979 -13482
7109 1013 -13306
7110 979 -13606
7111 841 -13578
7112 673 -13682
7113 591 -13510
7114 617 -13354
7115 981 -13654
7116 1051 -13786
7117 1023 -13730
7118 979 -13582
7119 1033 -13578
7120 1039 -13630
7121 991 -13418
7122 1023 -13242
7123 1109 -13650
7124 1185 -13806
7125 1187 -13818
7126 1139 -13994
7127 1211 -13930
7128 1225 -13738
7129 1189 -13754
7130 1121 -13482
7131 1167 -13390
7132 1301 -13502
7133 1031 -13486
7134 1047 -13546
7135 1083 -13746
7136 1107 -13770
7137 1039 -13742
7138 903 -13878
7139 811 -13870
7140 877 -13650
7141 859 -13670
7142 833 -13662
7143 843 -13650
7144 985 -13766
7145 953 -13998
7146 927 -13806
7147 1071 -13914
7148 1053 -13854
7149 1135 -14206
7150 1033 -14002
7151 891 -13894
7152 641 -13666
7153 477 -13470
7154 373 -13346
7155 387 -13602
7156 407 -13726
7157 369 -13702
7158 415 -13538
7159 439 -13718
7160 193 -13958
7161 103 -13706
7162 157 -13850
7163 169 -13646
7164 231 -13662
7165 207 -13610
7166 387 -13494
7167 581 -13374
7168 763 -13614
7169 787 -13650
7170 779 -13658
7171 809 -13774
7172 893 -13658
7173 915 -13682
7174 813 -13618
7175 695 -13486
7176 603 -13530
7177 619 -13690
7178 499 -13838
7179 423 -13494
7180 329 -13402
7181 237 -13306
7182 201 -13662
7183 129 -13762
7184 71 -13618
7185 75 -13746
7186 -21 -13970
7187 149 -13910
7188 205 -13754
7189 413 -13562
7190 341 -13542
7191 185 -13494
7192 207 -13594
7193 179 -13358
7194 -17 -13314
7195 -13 -13230
7196 105 -13358
7197 81 -13466
7198 249 -13554
7199 265 -13526
7200 271 -13618
7201 221 -13710
7202 291 -13794
7203 275 -13782
7204 291 -13558
7205 385 -13350
7206 281 -13214
7207 399 -13302
7208 327 -13450
7209 349 -13522
7210 589 -13454
7211 415 -13578
7212 455 -13494
7213 355 -13350
7214 337 -13374
7215 371 -13350
7216 453 -13398
7217 339 -13166
7218 379 -13242
7219 417 -13358
7220 357 -13310
7221 381 -13254
7222 383 -13450
7223 391 -13530
7224 347 -13418
7225 373 -13366
7226 245 -13210
7227 369 -13234
7228 415 -13230
7229 497 -13334
7230 411 -13458
7231 353 -13754
7232 185 -13826
7233 217 -13762
7234 173 -13990
7235 149 -13582
7236 131 -13694
7237 -105 -13734
7238 25 -13538
7239 -163 -13678
7240 -201 -13730
7241 -333 -13554
7242 -269 -13738
7243 -269 -13898
7244 -221 -13794
7245 -141 -13874
7246 -89 -13562
7247 -23 -13378
7248 1 -13650
7249 -33 -13578
7250 -35 -13878
7251 105 -13662
7252 73 -13586
7253 43 -13766
7254 109 -13786
7255 41 -13818
7256 -7 -13718
7257 41 -13834
7258 -3 -13994
7259 39 -13994
7260 31 -14034
7261 -43 -13998
7262 157 -13798
7263 189 -13706
7264 257 -13698
7265 491 -13746
7266 579 -13774
7267 571 -13502
7268 507 -13442
7269 523 -13578
7270 409 -13294
7271 221 -13366
7272 413 -13458
7273 335 -13546
7274 311 -13390
7275 99 -13482
7276 61 -13658
7277 35 -13598
7278 139 -13290
7279 53 -13330
7280 -3 -13498
7281 53 -13294
7282 -21 -13410
7283 -37 -13426
7284 97 -13294
7285 -17 -13466
7286 -9 -13586
7287 43 -13774
7288 47 -13634
7289 -21 -13674
7290 -71 -13714
7291 -7 -13846
7292 -185 -13646
7293 -217 -13714
7294 -243 -13810
7295 -271 -13722
7296 -367 -13746
7297 -307 -13882
7298 -445 -14074
7299 -361 -13990
7300 -323 -13822
7301 -373 -13842
7302 -257 -13486
7303 -279 -13538
7304 -413 -13314
7305 -287 -13402
7306 -167 -13482
7307 -129 -13530
7308 -137 -13594
7309 -131 -13574
7310 -95 -13362
7311 -97 -13414
7312 71 -13310
7313 29 -13434
7314 -57 -13450
7315 -111 -13522
7316 -203 -13370
7317 -291 -13662
7318 -369 -13578
7319 -389 -13362
7320 -335 -13246
7321 -369 -13474
7322 -447 -13346
7323 -381 -13386
7324 -515 -13326
7325 -377 -13342
7326 -339 -13470
7327 -357 -13362
7328 -423 -13322
7329 -43 -13590
7330 89 -13466
7331 105 -13374
7332 31 -13166
7333 9 -13122
7334 -41 -13298
7335 -43 -13106
7336 9 -13378
7337 -223 -13186
7338 -227 -13194
7339 -153 -13178
7340 -71 -13006
7341 -79 -12878
7342 -89 -13206
7343 -51 -13154
7344 -81 -13110
7345 -77 -13278
7346 -181 -12986
7347 -245 -13086
7348 -343 -12938
7349 -503 -13182
7350 -405 -13058
7351 -609 -13162
7352 -787 -13106
7353 -1011 -12898
7354 -993 -12742
7355 -1033 -12782
7356 -979 -12898
7357 -1039 -12934
7358 -1101 -13234
7359 -1159 -13358
7360 -1277 -13222
7361 -1201 -13258
7362 -1223 -13602
7363 -1295 -13730
7364 -1307 -13590
7365 -1181 -13450
7366 -1145 -13414
7367 -1117 -13330
7368 -1031 -13422
7369 -1045 -13298
7370 -1045 -13178
7371 -953 -13294
7372 -1149 -13130
7373 -1051 -13318
7374 -1035 -13194
7375 -1011 -13246
7376 -961 -13258
7377 -1151 -13350
7378 -1185 -13266
7379 -1243 -13374
7380 -1079 -13390
7381 -1135 -13506
7382 -979 -13510
7383 -877 -13234
7384 -819 -13038
7385 -869 -13258
7386 -893 -13098
7387 -965 -13102
7388 -1137 -13242
7389 -1183 -13362
7390 -1289 -13366
7391 -1103 -13454
7392 -1139 -13210
7393 -1011 -13034
7394 -1057 -13098
7395 -1079 -12918
7396 -991 -13210
7397 -1055 -13310
7398 -1109 -13450
7399 -1115 -13294
7400 -1031 -13174
7401 -809 -13210
7402 -873 -13210
7403 -663 -13094
7404 -667 -13122
7405 -599 -13126
7406 -861 -13054
7407 -899 -13058
7408 -665 -13042
7409 -865 -13014
7410 -1141 -13182
7411 -933 -13250
7412 -939 -13310
7413 -1027 -13126
7414 -973 -13226
7415 -1125 -13422
7416 -1165 -13374
7417 -1293 -13558
7418 -1181 -13406
7419 -1205 -13658
7420 -1117 -13922
7421 -1195 -13750
7422 -1281 -13458
7423 -1225 -13386
7424 -1265 -13458
7425 -1285 -13270
7426 -1355 -13118
7427 -1391 -13286
7428 -1395 -13174
7429 -1397 -13110
7430 -1251 -13002
7431 -1103 -12994
7432 -1233 -12882
7433 -1335 -12742
7434 -1389 -12842
7435 -1305 -12866
7436 -1271 -13006
7437 -1269 -13098
7438 -1363 -12862
7439 -1195 -12874
7440 -1225 -12922
7441 -1299 -12978
7442 -1325 -13366
7443 -1333 -13130
7444 -1465 -13190
7445 -1465 -13310
7446 -1409 -13310
7447 -1419 -13306
7448 -1437 -12950
7449 -1407 -13222
7450 -1387 -13458
7451 -1361 -13326
7452 -1287 -13298
7453 -1257 -13250
7454 -1253 -13222
7455 -1227 -13258
7456 -1067 -13190
7457 -1157 -12974
7458 -1117 -13250
7459 -1189 -13130
7460 -1065 -13326
7461 -1121 -13298
7462 -1139 -13298
7463 -1209 -13262
7464 -1227 -13310
7465 -1175 -13550
7466 -1037 -13786
7467 -995 -13690
7468 -1025 -13510
7469 -1183 -13426
7470 -1229 -13278
7471 -1227 -13294
7472 -1201 -13098
7473 -1321 -13198
7474 -1267 -13506
7475 -1371 -13650
7476 -1279 -13698
7477 -1521 -13522
7478 -1469 -13602
7479 -1475 -13518
7480 -1431 -13446
7481 -1451 -13362
7482 -1553 -13530
7483 -1595 -13406
7484 -1553 -13586
7485 -1415 -13758
7486 -1459 -13442
7487 -1537 -13386
7488 -1675 -13462
7489 -1627 -13350
7490 -1569 -13374
7491 -1571 -13370
7492 -1533 -13554
7493 -1631 -13646
7494 -1635 -13686
7495 -1695 -13714
7496 -1779 -13786
7497 -1705 -13610
7498 -1809 -13586
7499 -1725 -13238
7500 -1689 -13406
7501 -1619 -13370
7502 -1841 -13298
7503 -1777 -13422
7504 -1699 -13546
7505 -1609 -13574
7506 -1585 -13382
7507 -1583 -13206
7508 -1721 -13458
7509 -1579 -13422
7510 -1657 -13370
7511 -1549 -13426
7512 -1421 -13542
7513 -1475 -13294
7514 -1323 -13454
7515 -1357 -13298
7516 -1479 -13174
7517 -1355 -13166
7518 -1317 -13062
7519 -1371 -12874
7520 -1483 -12874
7521 -1603 -13270
7522 -1505 -13494
7523 -1547 -13434
7524 -1643 -13266
7525 -1631 -13322
7526 -1687 -13374
7527 -1811 -13182
7528 -1681 -12922
7529 -1741 -13030
7530 -1767 -12946
7531 -1799 -13118
7532 -1841 -13250
7533 -1811 -13118
7534 -1943 -13078
7535 -1975 -13162
7536 -2081 -13338
7537 -2101 -13486
7538 -2261 -13334
7539 -2239 -13382
7540 -2201 -13434
7541 -2341 -13494
7542 -2281 -13646
7543 -2521 -13550
7544 -2405 -13422
7545 -2253 -13250
7546 -2325 -13322
7547 -2439 -13398
7548 -2555 -13514
7549 -2545 -13370
7550 -2519 -13390
7551 -2537 -13554
7552 -2419 -13690
7553 -2459 -13726
7554 -2613 -13542
7555 -2541 -13714
7556 -2619 -13582
7557 -2643 -13506
7558 -2669 -13502
7559 -2617 -13498
7560 -2701 -13490
7561 -2797 -13530
7562 -2771 -13410
7563 -2857 -13494
7564 -2825 -13594
7565 -2887 -13606
7566 -2755 -13490
7567 -2793 -13598
7568 -2763 -13610
7569 -2695 -13746
7570 -2983 -13618
7571 -2869 -13518
7572 -2963 -13498
7573 -2915 -13526
7574 -2897 -13330
7575 -2845 -13194
7576 -2737 -13286
7577 -2911 -13446
7578 -2971 -13702
7579 -2985 -13666
7580 -3013 -13610
7581 -3053 -13614
7582 -3159 -13638
7583 -3029 -13782
7584 -3001 -13566
7585 -3159 -13510
7586 -3241 -13482
7587 -3305 -13446
7588 -3263 -13422
7589 -3219 -13190
7590 -3125 -13446
7591 -2899 -13166
7592 -2845 -13154
7593 -2957 -13358
7594 -3049 -13422
7595 -2965 -13362
7596 -2791 -13378
7597 -2683 -13434
7598 -2697 -13426
7599 -2865 -13258
7600 -2903 -13322
7601 -2869 -13258
7602 -2915 -13402
7603 -2929 -13414
7604 -3073 -13570
7605 -2917 -13478
7606 -2997 -13506
7607 -3115 -13542
7608 -3091 -13790
7609 -2983 -13778
7610 -2903 -13998
7611 -2891 -13922
7612 -2985 -13598
7613 -3097 -13514
7614 -3139 -13582
7615 -3139 -13458
7616 -3161 -13446
7617 -3089 -13458
7618 -3063 -13434
7619 -3199 -13330
7620 -3239 -13594
7621 -3173 -13262
7622 -3109 -13322
7623 -2983 -13434
7624 -3017 -13794
7625 -3101 -13902
7626 -3069 -13854
7627 -2879 -13538
7628 -2935 -13706
7629 -2817 -13606
7630 -2957 -13658
7631 -3159 -13678
7632 -3113 -13870
7633 -3091 -13914
7634 -3029 -14050
7635 -3221 -13898
7636 -3217 -13754
7637 -3167 -13586
7638 -3233 -13630
7639 -3241 -13542
7640 -3349 -13278
7641 -3357 -13382
7642 -3405 -13522
7643 -3315 -13530
7644 -3361 -13482
7645 -3281 -13678
7646 -3437 -13526
7647 -3435 -13666
7648 -3281 -13510
7649 -3191 -13578
7650 -3243 -13602
7651 -3393 -13750
7652 -3363 -13654
7653 -3151 -13678
7654 -3295 -13802
7655 -3429 -14250
7656 -3505 -13806
7657 -3519 -13822
7658 -3607 -13586
7659 -3509 -13882
7660 -3397 -13826
7661 -3465 -13742
7662 -3371 -13610
7663 -3401 -13758
7664 -3277 -13630
7665 -3289 -13798
7666 -3333 -13718
7667 -3475 -13486
7668 -3403 -13738
7669 -3569 -13906
7670 -3553 -13950
7671 -3611 -13730
7672 -3571 -13630
7673 -3573 -13954
7674 -3609 -13762
7675 -3579 -13790
7676 -3687 -14054
7677 -3585 -13838
7678 -3657 -13970
7679 -3473 -13662
7680 -3631 -13970
7681 -3389 -13722
7682 -3311 -13574
7683 -3321 -13874
7684 -3307 -13762
7685 -3409 -14202
7686 -3285 -14086
7687 -3391 -13858
7688 -3407 -13838
7689 -3229 -13882
7690 -3175 -13642
7691 -3133 -13618
7692 -3037 -13570
7693 -3055 -13546
7694 -2979 -13790
7695 -2877 -13366
7696 -2907 -13250
7697 -2915 -13306
7698 -3093 -13418
7699 -3097 -13278
7700 -3137 -13410
7701 -3161 -13538
7702 -3123 -13282
7703 -3173 -13210
7704 -3267 -13054
7705 -3233 -13106
7706 -3271 -13102
7707 -3299 -13146
7708 -3311 -12994
7709 -3333 -13318
7710 -3385 -13614
7711 -3473 -13482
7712 -3471 -13506
7713 -3319 -13254
7714 -3409 -13506
7715 -3319 -13358
7716 -3481 -13334
7717 -3485 -13282
7718 -3527 -13378
7719 -3597 -13582
7720 -3581 -13522
7721 -3627 -13434
7722 -3515 -13458
7723 -3573 -13478
7724 -3533 -13426
7725 -3415 -13442
7726 -3359 -13314
7727 -3511 -13486
7728 -3575 -13558
7729 -3593 -13422
7730 -3589 -13146
7731 -3651 -13458
7732 -3637 -13330
7733 -3719 -13746
7734 -3777 -13654
7735 -3817 -13782
7736 -3727 -13854
7737 -3633 -13830
7738 -3569 -13722
7739 -3505 -13566
7740 -3305 -13234
7741 -3509 -13558
7742 -3443 -13394
7743 -3333 -13622
7744 -3249 -13230
7745 -3235 -13342
7746 -3145 -13430
7747 -3261 -13590
7748 -3267 -13374
7749 -3249 -13406
7750 -3167 -13278
7751 -3367 -13190
7752 -3321 -13346
7753 -3275 -13274
7754 -3221 -13382
7755 -3173 -13550
7756 -3231 -13614
7757 -3101 -13550
7758 -3097 -13806
7759 -3019 -13678
7760 -2987 -13634
7761 -3155 -13614
7762 -3149 -13618
7763 -3165 -13442
7764 -3277 -13370
7765 -3349 -13318
7766 -3263 -13258
7767 -3249 -13442
7768 -3275 -13498
7769 -3193 -13382
7770 -3353 -13554
7771 -3229 -13194
7772 -3241 -13438
7773 -3115 -13530
7774 -3173 -13470
7775 -3049 -13546
7776 -3113 -13462
7777 -3161 -13490
7778 -3123 -13354
7779 -3035 -13430
7780 -3043 -13566
7781 -3111 -13542
7782 -3139 -13446
7783 -3205 -13498
7784 -3281 -13586
7785 -3241 -13466
7786 -3301 -13570
7787 -3115 -13618
7788 -3183 -13778
7789 -3365 -13598
7790 -3175 -13418
7791 -3081 -13634
7792 -3023 -13498
7793 -3181 -13654
7794 -3205 -13718
7795 -3285 -13654
7796 -3271 -13846
7797 -3283 -14022
7798 -3287 -13878
7799 -3277 -13854
7800 -3285 -13862
7801 -3307 -13850
7802 -3065 -13886
7803 -3103 -13854
7804 -3069 -13918
7805 -2927 -13578
7806 -2859 -13530
7807 -3043 -13582
7808 -2967 -13530
7809 -2879 -13554
7810 -2861 -13690
7811 -2921 -13786
7812 -3107 -13786
7813 -2957 -13514
7814 -2857 -13362
7815 -2851 -13570
7816 -2859 -13514
7817 -2721 -13262
7818 -2773 -13286
7819 -2939 -13214
7820 -2711 -13550
7821 -2623 -13486
7822 -2653 -13286
7823 -2633 -13126
7824 -2641 -13406
7825 -2483 -13374
7826 -2525 -13134
7827 -2469 -13262
7828 -2589 -13450
7829 -2693 -13242
7830 -2741 -13174
7831 -2681 -13294
7832 -2527 -13418
7833 -2453 -13334
7834 -2429 -13414
7835 -2289 -13506
7836 -2211 -13406
7837 -2275 -13490
7838 -2471 -13366
7839 -2523 -13566
7840 -2599 -13658
7841 -2457 -13514
7842 -2337 -13642
7843 -2227 -13798
7844 -2335 -13754
7845 -2279 -13566
7846 -2275 -13410
7847 -2171 -13658
7848 -2293 -13690
7849 -2377 -13730
7850 -2473 -13634
7851 -2453 -13454
7852 -2533 -13450
7853 -2459 -13134
7854 -2533 -13118
7855 -2559 -13366
7856 -2655 -13374
7857 -2591 -13162
7858 -2433 -13114
7859 -2435 -13250
7860 -2403 -13258
7861 -2473 -13110
7862 -2411 -13234
7863 -2355 -13490
7864 -2239 -13374
7865 -2297 -13678
7866 -2239 -13510
7867 -2147 -13398
7868 -2137 -13434
7869 -2125 -13426
7870 -2257 -13542
7871 -2261 -13698
7872 -2269 -13546
7873 -2239 -13754
7874 -2351 -14106
7875 -2145 -13898
7876 -2037 -13838
7877 -1949 -13634
7878 -1999 -13458
7879 -1655 -13446
7880 -1707 -13290
7881 -1785 -13250
7882 -1767 -13354
7883 -1595 -13262
7884 -1575 -13290
7885 -1471 -13146
7886 -1475 -13182
7887 -1633 -13338
7888 -1431 -13230
7889 -1255 -13326
7890 -1437 -13302
7891 -1523 -13458
7892 -1477 -13222
7893 -1359 -13162
7894 -1447 -13078
7895 -1541 -13286
7896 -1709 -13310
7897 -1757 -13566
7898 -1839 -13710
7899 -1791 -13574
7900 -1853 -13550
7901 -1721 -13278
7902 -1563 -13274
7903 -1509 -13202
7904 -1459 -13222
7905 -1577 -13346
7906 -1733 -13526
7907 -1819 -13598
7908 -1849 -13458
7909 -1815 -13446
7910 -1721 -13422
7911 -1745 -13130
7912 -1917 -13250
7913 -1971 -13254
7914 -1889 -13174
7915 -1935 -13218
7916 -1829 -13174
7917 -1799 -13178
7918 -1691 -13306
7919 -1657 -13582
7920 -1593 -13390
7921 -1597 -13338
7922 -1587 -13258
7923 -1541 -13390
7924 -1575 -13466
7925 -1583 -13462
7926 -1665 -13518
7927 -1687 -13618
7928 -1349 -13574
7929 -1331 -13678
7930 -1373 -13574
7931 -1381 -13402
7932 -1485 -13586
7933 -1495 -13238
7934 -1673 -13186
7935 -1661 -13002
7936 -1613 -13094
7937 -1611 -13306
7938 -1479 -13298
7939 -1519 -13082
7940 -1449 -13274
7941 -1449 -13434
7942 -1417 -13430
7943 -1535 -13338
7944 -1431 -13398
7945 -1379 -13206
7946 -1363 -13334
7947 -1281 -13126
7948 -1287 -13066
7949 -1361 -13402
7950 -1359 -13098
7951 -1331 -13278
7952 -1475 -13218
7953 -1381 -13270
7954 -1333 -13410
7955 -1289 -13406
7956 -1207 -13178
7957 -1283 -13126
7958 -1355 -13326
7959 -1381 -13290
7960 -1377 -13298
7961 -1337 -13306
7962 -1141 -13206
7963 -1267 -13122
7964 -1411 -13122
7965 -1375 -13090
7966 -1377 -13042
7967 -1295 -12894
7968 -1291 -13034
7969 -1349 -13142
7970 -1269 -13014
7971 -1409 -12890
7972 -1459 -13014
7973 -1383 -13050
7974 -1297 -13090
7975 -1315 -12902
7976 -1437 -12802
7977 -1467 -12806
7978 -1489 -13050
7979 -1501 -13138
7980 -1449 -13234
7981 -1513 -13190
7982 -1449 -13122
7983 -1495 -13254
7984 -1389 -12882
7985 -1319 -12938
7986 -1421 -13154
7987 -1341 -13082
7988 -1313 -13178
7989 -1281 -13082
7990 -1255 -13290
7991 -1367 -13306
7992 -1325 -13074
7993 -1233 -12934
7994 -1191 -13186
7995 -1139 -13386
7996 -1021 -13226
7997 -1041 -13146
7998 -813 -13106
7999 -793 -13094
8000 -649 -13054
8001 -693 -13022
8002 -649 -13330
8003 -545 -13282
8004 -373 -13130
8005 -423 -13322
8006 -645 -13374
8007 -667 -13118
8008 -547 -13014
8009 -597 -13250
8010 -573 -13346
8011 -623 -13322
8012 -749 -13214
8013 -753 -13426
8014 -863 -13382
8015 -905 -13310
8016 -795 -13326
8017 -791 -13270
8018 -699 -13154
8019 -635 -13194
8020 -559 -13190
8021 -793 -13194
8022 -743 -12954
8023 -765 -12998
8024 -833 -13030
8025 -861 -13138
8026 -1049 -13382
8027 -1023 -13422
8028 -913 -13378
8029 -775 -13638
8030 -697 -13366
8031 -685 -13426
8032 -671 -13418
8033 -869 -13338
8034 -753 -13406
8035 -551 -13358
8036 -517 -13506
8037 -437 -13278
8038 -405 -13430
8039 -289 -13294
8040 -377 -13142
8041 -439 -13294
8042 -521 -13170
8043 -573 -13186
8044 -677 -13258
8045 -813 -13330
8046 -807 -13186
8047 -667 -13366
8048 -779 -13114
8049 -653 -13250
8050 -651 -13034
8051 -463 -13110
8052 -499 -13326
8053 -547 -13342
8054 -531 -13494
8055 -449 -13514
8056 -529 -13422
8057 -451 -13238
8058 -541 -13422
8059 -571 -13494
8060 -519 -13406
8061 -435 -13530
8062 -453 -13538
8063 -357 -13610
8064 -363 -13478
8065 -503 -13466
8066 -671 -13538
8067 -591 -13582
8068 -497 -13514
8069 -513 -13522
8070 -577 -13778
8071 -633 -13574
8072 -565 -13438
8073 -415 -13858
8074 -427 -13802
8075 -321 -13602
8076 -423 -13594
8077 -415 -13598
8078 -349 -13690
8079 -323 -13446
8080 -421 -13442
8081 -629 -13622
8082 -541 -13814
8083 -511 -13726
8084 -595 -13938
8085 -803 -13754
8086 -769 -13774
8087 -747 -13982
8088 -699 -13942
8089 -795 -13718
8090 -873 -13662
8091 -977 -13558
8092 -929 -13758
8093 -839 -13990
8094 -755 -14034
8095 -761 -13982
8096 -633 -14014
8097 -667 -13730
8098 -545 -13618
8099 -579 -13918
8100 -499 -13814
8101 -459 -13874
8102 -365 -14126
8103 -181 -13994
8104 -227 -13982
8105 -209 -13986
8106 -293 -13842
8107 -227 -13778
8108 -243 -14074
8109 -245 -13886
8110 -127 -13958
8111 -243 -13906
8112 -97 -13858
8113 5 -13658
8114 -137 -13938
8115 -93 -13958
8116 -145 -14118
8117 -103 -14126
8118 9 -14062
8119 -55 -13790
8120 -99 -13970
8121 -29 -13946
8122 -59 -14002
8123 -137 -14118
8124 -141 -13830
8125 -97 -13782
8126 -59 -13982
8127 -7 -13766
8128 55 -13462
8129 53 -13214
8130 -111 -13342
8131 -89 -13566
8132 -283 -13514
8133 -181 -13274
8134 -291 -13146
8135 -245 -13214
8136 -297 -13238
8137 -185 -13258
8138 -159 -13302
8139 17 -13318
8140 53 -13346
8141 125 -13466
8142 87 -13302
8143 143 -13414
8144 161 -13302
8145 159 -13102
8146 243 -13442
8147 377 -13406
8148 283 -13394
8149 219 -13270
8150 369 -13742
8151 401 -13834
8152 277 -13838
8153 351 -13726
8154 353 -13522
8155 425 -13730
8156 411 -13686
8157 413 -13814
8158 327 -13854
8159 621 -13894
8160 715 -14066
8161 533 -13818
8162 607 -13782
8163 513 -13474
8164 579 -13574
8165 561 -13446
8166 659 -13370
8167 691 -13438
8168 733 -13774
8169 767 -13762
8170 705 -13642
8171 845 -13662
8172 889 -13706
8173 873 -13482
8174 827 -13578
8175 811 -13530
8176 647 -13486
8177 753 -13562
8178 643 -13474
8179 701 -13474
8180 751 -13574
8181 919 -13502
8182 1009 -13750
8183 941 -13934
8184 1095 -13478
8185 1103 -13338
8186 957 -13254
8187 811 -13390
8188 879 -13338
8189 885 -13578
8190 889 -13430
8191 937 -13382
8192 873 -13414
8193 795 -13606
8194 905 -13802
8195 967 -13622
8196 987 -13822
8197 1007 -13774
8198 1017 -13822
8199 783 -13670
8200 685 -13566
8201 677 -13742
8202 793 -13798
8203 795 -13750
8204 1029 -13498
8205 1081 -13558
8206 1155 -13454
8207 1201 -13670
8208 1249 -13626
8209 1175 -13582
8210 1167 -13438
8211 1099 -13430
8212 1055 -13550
8213 1059 -13566
8214 1069 -13430
8215 1001 -13754
8216 891 -13306
8217 929 -13338
8218 929 -13606
8219 1037 -13354
8220 1219 -13110
8221 1111 -13214
8222 1221 -13114
8223 1121 -12982
8224 1179 -13126
8225 1193 -13282
8226 1401 -13438
8227 1397 -13658
8228 1247 -13542
8229 1273 -13590
8230 1285 -13410
8231 1345 -13410
8232 1405 -13434
8233 1379 -13654
8234 1437 -13510
8235 1347 -13526
8236 1269 -13406
8237 1325 -13314
8238 1511 -13454
8239 1433 -13430
8240 1315 -13378
8241 1373 -13230
8242 1309 -13338
8243 1395 -13270
8244 1367 -13678
8245 1321 -13646
8246 1249 -13682
8247 1321 -13654
8248 1341 -13586
8249 1275 -13778
8250 1297 -13762
8251 1333 -13718
8252 1169 -13442
8253 1199 -13634
8254 1187 -13782
8255 1217 -13682
8256 1327 -13770
8257 1379 -13574
8258 1435 -13730
8259 1505 -13650
8260 1485 -13374
8261 1553 -13454
8262 1533 -13438
8263 1567 -13322
8264 1507 -13430
8265 1535 -13522
8266 1407 -13314
8267 1297 -13242
8268 1305 -13390
8269 1243 -13490
8270 1243 -13770
8271 1195 -13770
8272 1283 -13566
8273 1369 -13630
8274 1219 -13494
8275 1139 -13526
8276 1019 -13314
8277 1077 -13330
8278 1153 -13278
8279 1111 -13410
8280 1087 -13586
8281 911 -13466
8282 825 -13474
8283 873 -13378
8284 861 -13554
8285 819 -13746
8286 759 -13766
8287 671 -13698
8288 725 -13546
8289 605 -13570
8290 673 -13366
8291 763 -13350
8292 779 -13286
8293 869 -13394
8294 969 -13382
8295 971 -13286
8296 1029 -13330
8297 1083 -13282
8298 911 -13638
8299 1035 -13870
8300 1045 -13558
8301 1089 -13642
8302 1161 -13346
8303 1107 -13318
8304 1167 -13362
8305 1241 -13570
8306 1357 -13486
8307 1289 -13202
8308 1293 -13094
8309 1165 -13282
8310 1047 -13426
8311 907 -13590
8312 885 -13522
8313 847 -13670
8314 863 -13642
8315 767 -13458
8316 837 -13442
8317 673 -13598
8318 679 -13698
8319 675 -13718
8320 701 -13706
8321 763 -13966
8322 661 -13758
8323 665 -13634
8324 573 -13558
8325 269 -13390
8326 461 -13306
8327 469 -13474
8328 339 -13526
8329 295 -13486
8330 285 -13582
8331 323 -13426
8332 245 -13386
8333 309 -13186
8334 293 -13318
8335 421 -13386
8336 477 -13338
8337 421 -13306
8338 341 -13286
8339 367 -13582
8340 269 -13206
8341 181 -13114
8342 263 -13430
8343 307 -13294
8344 189 -13086
8345 301 -13218
8346 163 -13274
8347 231 -13358
8348 137 -13270
8349 301 -13374
8350 243 -13566
8351 169 -13462
8352 91 -13266
8353 155 -13182
8354 203 -13286
8355 243 -13298
8356 67 -13278
8357 51 -13266
8358 17 -13270
8359 87 -13354
8360 237 -13442
8361 147 -13394
8362 53 -13114
8363 231 -13570
8364 263 -13458
8365 147 -13258
8366 -31 -13266
8367 59 -13154
8368 105 -13110
8369 141 -13274
8370 141 -13114
8371 377 -13238
8372 533 -13470
8373 617 -13842
8374 669 -13774
8375 543 -13734
8376 503 -13654
8377 489 -13606
8378 309 -13806
8379 275 -13474
8380 359 -13270
8381 305 -13538
8382 229 -13602
8383 159 -13366
8384 115 -13382
8385 7 -13322
8386 97 -13214
8387 205 -13306
8388 207 -12974
8389 313 -13046
8390 331 -13142
8391 163 -13154
8392 171 -13162
8393 297 -13058
8394 111 -12986
8395 181 -13022
8396 83 -13274
8397 125 -13230
8398 81 -13386
8399 71 -13418
8400 157 -13270
8401 43 -13294
8402 141 -13462
8403 99 -13594
8404 117 -13454
8405 41 -13330
8406 95 -13274
8407 95 -13314
8408 17 -13098
8409 -61 -13314
8410 -235 -13310
8411 -445 -13294
8412 -583 -13450
8413 -691 -13398
8414 -663 -13458
8415 -441 -13386
8416 -547 -13078
8417 -563 -13418
8418 -481 -13398
8419 -483 -13594
8420 -295 -13614
8421 -445 -13562
8422 -293 -13234
8423 -229 -13202
8424 -331 -13082
8425 -301 -13050
8426 -75 -12994
8427 121 -13014
8428 155 -13110
8429 67 -13114
8430 1 -13178
8431 -133 -13286
8432 -51 -13238
8433 -141 -13490
8434 -55 -13342
8435 -69 -13562
8436 -33 -13230
8437 -101 -13246
8438 -201 -13234
8439 -81 -13366
8440 -35 -13366
8441 -185 -13402
8442 -199 -13494
8443 -171 -13482
8444 -287 -13346
8445 -241 -13354
8446 -271 -13130
8447 -139 -13290
8448 15 -13306
8449 97 -13230
8450 13 -13170
8451 51 -13434
8452 71 -13418
8453 153 -13342
8454 -91 -13046
8455 -71 -13338
8456 85 -13250
8457 -103 -13234
8458 -93 -13594
8459 -169 -13498
8460 -177 -13470
8461 -165 -13894
8462 -149 -14014
8463 -135 -13830
8464 -179 -13750
8465 -217 -13682
8466 -195 -13706
8467 -237 -13566
8468 -155 -13322
8469 -211 -13262
8470 -71 -13134
8471 151 -13170
8472 237 -13162
8473 237 -13338
8474 221 -13242
8475 191 -13406
8476 117 -13314
8477 -37 -13214
8478 -83 -13058
8479 -69 -13078
8480 21 -13182
8481 121 -13162
8482 181 -13170
8483 199 -13622
8484 313 -13502
8485 271 -13454
8486 263 -13330
8487 165 -13426
8488 311 -13406
8489 443 -13058
8490 451 -12962
8491 671 -13194
8492 711 -13374
8493 859 -13158
8494 869 -13162
8495 931 -12974
8496 871 -13106
8497 873 -13010
8498 851 -12862
8499 975 -12854
8500 997 -13074
8501 1047 -13370
8502 1129 -13146
8503 1265 -13214
8504 1151 -13058
8505 1101 -13134
8506 1197 -13262
8507 1037 -13062
8508 1075 -13118
8509 1139 -13178
8510 1293 -13346
8511 1249 -13318
8512 1273 -13210
8513 1341 -13134
8514 1239 -13106
8515 1275 -13266
8516 1273 -13166
8517 1167 -13114
8518 1157 -13218
8519 1079 -13130
8520 1001 -12770
8521 1195 -12798
8522 1179 -12878
8523 1109 -12878
8524 1097 -12938
8525 1349 -12854
8526 1243 -12990
8527 1263 -12674
8528 1131 -12514
8529 1143 -12378
8530 1075 -12454
8531 987 -12806
8532 967 -12730
8533 1103 -12554
8534 913 -12682
8535 883 -12586
8536 911 -12578
8537 915 -12654
8538 845 -12714
8539 791 -12690
8540 693 -12802
8541 725 -13038
8542 817 -12870
8543 675 -12870
8544 663 -12834
8545 483 -12758
8546 339 -12582
8547 427 -12634
8548 355 -12726
8549 409 -13046
8550 363 -13126
8551 233 -13058
8552 127 -13078
8553 -93 -13182
8554 -47 -13122
8555 51 -13002
8556 99 -13318
8557 85 -13370
8558 131 -13126
8559 213 -13034
8560 217 -13426
8561 187 -13534
8562 97 -13534
8563 233 -13150
8564 165 -12878
8565 191 -12746
8566 127 -12650
8567 49 -12866
8568 -13 -12822
8569 209 -13030
8570 83 -12706
8571 345 -13246
8572 445 -12798
8573 497 -12990
8574 475 -12910
8575 643 -12910
8576 751 -12670
8577 699 -13110
8578 789 -13222
8579 681 -12846
8580 719 -12910
8581 421 -13154
8582 551 -13106
8583 395 -13290
8584 391 -13154
8585 347 -12870
8586 455 -12866
8587 465 -12922
8588 429 -12810
8589 339 -12874
8590 293 -12938
8591 365 -13230
8592 451 -13446
8593 501 -13654
8594 603 -13258
8595 509 -13138
8596 547 -13042
8597 471 -13234
8598 571 -13058
8599 671 -12954
8600 675 -12950
8601 701 -13090
8602 693 -13046
8603 761 -12962
8604 739 -12966
8605 639 -13138
8606 573 -13210
8607 609 -13138
8608 735 -13018
8609 699 -12954
8610 407 -13034
8611 333 -12938
8612 353 -13062
8613 337 -12770
8614 431 -13002
8615 431 -12846
8616 603 -12646
8617 657 -12870
8618 657 -12710
8619 781 -12682
8620 683 -12498
8621 853 -12714
8622 881 -12902
8623 847 -12710
8624 997 -13010
8625 859 -13022
8626 803 -13090
8627 963 -13066
8628 1005 -13238
8629 941 -13310
8630 867 -13350
8631 1001 -13234
8632 1007 -13150
8633 977 -13242
8634 1069 -13502
8635 1219 -13538
8636 1211 -13714
8637 1301 -13578
8638 1303 -13694
8639 1285 -13638
8640 1285 -13458
8641 1243 -13350
8642 1349 -13478
8643 1543 -13278
8644 1585 -13398
8645 1631 -13198
8646 1651 -13278
8647 1617 -13338
8648 1729 -13426
8649 1809 -13154
8650 1883 -13346
8651 1785 -13382
8652 1651 -13142
8653 1675 -13178
8654 1583 -13306
8655 1611 -13166
8656 1787 -13182
8657 1753 -13230
8658 1821 -13102
8659 1777 -12974
8660 1841 -12838
8661 1973 -12934
8662 1771 -13006
8663 1729 -12954
8664 1877 -12674
8665 1981 -12610
8666 1917 -12678
8667 1953 -12626
8668 2139 -12726
8669 2263 -12922
8670 2265 -13130
8671 2251 -13142
8672 2287 -13514
8673 2311 -13570
8674 2329 -13618
8675 2213 -13466
8676 2509 -13758
8677 2391 -13478
8678 2513 -13674
8679 2365 -13594
8680 2265 -13278
8681 2425 -13426
8682 2289 -13326
8683 2271 -13610
8684 2141 -13206
8685 2093 -13022
8686 2017 -12858
8687 1957 -12834
8688 1917 -13062
8689 2041 -13094
8690 2033 -13274
8691 2215 -13110
8692 2423 -13202
8693 2379 -13066
8694 2431 -13206
8695 2385 -13098
8696 2453 -13282
8697 2517 -13242
8698 2559 -13126
8699 2703 -13434
8700 2701 -13510
8701 2481 -13314
8702 2545 -12998
8703 2659 -12862
8704 2857 -13226
8705 2947 -13698
8706 2959 -13586
8707 2795 -13586
8708 2831 -13582
8709 2973 -13814
8710 3069 -13422
8711 3147 -13686
8712 3311 -13698
8713 3351 -13718
8714 3447 -13630
8715 3325 -13490
8716 3353 -13410
8717 3265 -13530
8718 3261 -13194
8719 3363 -13318
8720 3381 -13246
8721 3205 -13266
8722 3137 -13134
8723 3179 -13114
8724 3215 -13142
8725 2967 -13046
8726 2999 -12774
8727 2901 -13038
8728 3247 -13114
8729 3287 -13082
8730 3265 -13346
8731 3157 -13466
8732 3121 -13498
8733 3143 -13314
8734 3269 -13346
8735 3187 -13102
8736 3281 -12982
8737 3381 -13194
8738 3389 -13338
8739 3227 -13110
8740 3213 -13266
8741 3279 -13354
8742 3249 -13302
8743 3257 -13354
8744 3165 -13298
8745 2993 -13314
8746 2817 -13042
8747 2747 -12858
8748 2809 -12746
8749 2819 -12926
8750 2877 -13082
8751 2851 -12990
8752 2833 -13162
8753 2851 -13334
8754 2937 -13298
8755 2853 -13394
8756 2819 -13206
8757 2921 -13410
8758 2841 -13518
8759 2881 -13406
8760 2741 -13386
8761 2595 -13206
8762 2639 -13350
8763 2901 -13438
8764 2879 -13390
8765 2785 -13290
8766 2719 -13310
8767 2815 -13362
8768 2765 -13382
8769 2669 -13154
8770 2589 -12754
8771 2679 -13066
8772 2799 -13206
8773 2965 -13330
8774 2951 -13058
8775 2921 -12930
8776 2957 -12994
8777 3059 -12954
8778 3051 -13266
8779 3069 -13362
8780 2991 -13574
8781 3051 -13398
8782 3125 -13342
8783 3129 -13454
8784 3115 -13386
8785 3153 -13710
8786 3389 -13714
8787 3469 -13770
8788 3449 -13782
8789 3429 -13754
8790 3425 -13638
8791 3507 -14026
8792 3457 -13794
8793 3479 -13742
8794 3367 -13706
8795 3231 -13494
8796 3153 -13810
8797 2951 -13658
8798 3023 -13866
8799 3005 -13934
8800 2979 -13934
8801 2875 -13846
8802 3027 -13878
8803 2841 -13722
8804 2831 -13758
8805 2791 -13922
8806 2907 -13954
8807 3047 -13738
8808 2895 -13650
8809 2875 -13846
8810 2903 -13990
8811 2887 -13822
8812 3015 -13802
8813 2977 -13842
8814 2905 -13902
8815 2937 -13794
8816 2827 -14050
8817 3063 -14014
8818 3133 -13926
8819 2985 -13842
8820 2921 -13794
8821 2901 -13594
8822 2931 -13758
8823 2977 -13862
8824 3031 -13974
8825 2923 -13682
8826 2937 -13738
8827 2831 -13522
8828 2899 -13598
8829 3039 -13826
8830 3033 -14042
8831 3151 -14262
8832 3057 -14166
8833 3053 -13858
8834 3029 -13786
8835 3027 -13678
8836 2905 -13586
8837 2887 -13634
8838 3037 -13446
8839 3009 -13538
8840 3001 -13674
8841 2937 -13758
8842 2759 -13630
8843 2841 -13470
8844 2691 -13398
8845 2599 -13246
8846 2699 -13270
8847 2589 -13198
8848 2441 -13098
8849 2421 -13186
8850 2365 -13206
8851 2327 -13038
8852 2311 -13054
8853 2327 -12922
8854 2233 -12934
8855 2173 -13126
8856 2143 -13234
8857 2215 -12994
8858 2135 -13486
8859 2203 -13362
8860 2399 -13406
8861 2385 -13274
8862 2539 -13286
8863 2489 -13334
8864 2405 -13250
8865 2395 -13418
8866 2441 -13526
8867 2461 -13154
8868 2387 -13138
8869 2525 -13522
8870 2525 -13434
8871 2641 -13386
8872 2539 -13374
8873 2577 -13602
8874 2757 -13754
8875 2847 -13746
8876 2849 -13798
8877 2713 -13566
8878 2747 -13566
8879 2767 -13670
8880 2801 -13586
8881 2837 -13686
8882 2749 -13834
8883 2731 -13602
8884 2631 -13522
8885 2627 -13562
8886 2729 -13462
8887 2813 -13306
8888 2887 -13434
8889 2957 -13602
8890 2757 -13230
8891 2891 -13446
8892 2975 -13606
8893 3163 -13874
8894 3097 -13642
8895 3097 -13758
8896 3221 -13910
8897 3015 -13670
8898 2875 -13506
8899 2767 -13646
8900 2793 -13802
8901 2967 -13774
8902 2921 -13602
8903 2789 -13690
8904 2737 -13926
8905 2721 -14066
8906 2737 -13758
8907 2807 -13858
8908 2771 -13786
8909 2745 -13626
8910 2811 -13658
8911 2655 -13462
8912 2733 -13666
8913 2795 -13714
8914 2787 -13498
8915 2841 -13402
8916 2749 -13410
8917 2671 -13506
8918 2699 -13782
8919 2681 -13638
8920 2753 -13562
8921 2759 -13714
8922 2771 -13742
8923 2631 -13366
8924 2585 -13422
8925 2553 -13590
8926 2689 -13654
8927 2625 -13494
8928 2571 -13258
8929 2603 -13522
8930 2485 -13498
8931 2543 -13578
8932 2709 -13658
8933 2717 -13642
8934 2557 -13470
8935 2635 -13570
8936 2565 -13594
8937 2587 -13366
8938 2549 -13670
8939 2523 -13678
8940 2553 -13666
8941 2615 -13730
8942 2541 -13510
8943 2543 -13362
8944 2587 -13686
8945 2711 -13550
8946 2679 -13634
8947 2551 -13742
8948 2509 -13602
8949 2633 -13714
8950 2557 -13650
8951 2573 -13838
8952 2605 -13950
8953 2623 -13798
8954 2765 -13978
8955 2829 -13866
8956 2973 -14002
8957 3101 -13670
8958 2843 -13502
8959 2811 -13546
8960 2729 -13506
8961 2551 -13506
8962 2609 -13414
8963 2663 -13358
8964 2845 -13306
8965 2819 -13394
8966 2793 -13410
8967 2655 -13246
8968 2583 -12958
8969 2535 -12826
8970 2615 -13070
8971 2899 -13230
8972 2867 -13026
8973 3015 -13118
8974 2993 -13086
8975 2881 -13190
8976 2957 -13222
8977 2915 -13310
8978 2587 -12906
8979 2699 -13002
8980 2919 -13274
8981 2991 -13126
8982 2931 -13074
8983 3095 -12914
8984 3145 -12934
8985 3257 -12974
8986 3337 -13194
8987 3481 -13414
8988 3595 -13270
8989 3403 -13202
8990 3473 -13034
8991 3463 -13106
8992 3463 -13122
8993 3345 -13038
8994 3229 -13014
8995 3087 -12874
8996 3087 -13006
8997 2939 -12902
8998 2961 -12874
8999 3081 -12858
9000 3175 -13070
9001 3311 -13014
9002 3631 -13618
9003 3645 -13582
9004 3789 -13530
9005 3783 -13614
9006 3763 -13306
9007 3677 -13154
9008 3583 -13294
9009 3543 -13494
9010 3583 -13346
9011 3587 -13386
9012 3601 -13346
9013 3769 -13330
9014 3859 -13554
9015 3683 -13326
9016 3723 -13418
9017 3667 -13390
9018 3819 -13466
9019 3783 -13486
9020 3633 -13402
9021 3707 -13318
9022 3769 -13526
9023 3619 -13670
9024 3593 -13398
9025 3527 -13166
9026 3619 -13206
9027 3681 -13434
9028 3785 -13426
9029 3875 -13598
9030 3947 -13674
9031 3877 -13322
9032 4031 -13618
9033 4015 -13566
9034 3903 -13418
9035 3887 -13462
9036 4015 -13586
9037 3905 -13742
9038 3911 -13610
9039 3805 -13122
9040 3881 -13566
9041 3829 -13294
9042 3771 -13370
9043 3731 -13398
9044 3861 -13574
9045 3733 -13470
9046 3715 -13830
9047 3695 -13834
9048 3673 -13838
9049 3733 -13702
9050 3715 -13630
9051 3739 -13370
9052 3645 -13294
9053 3805 -13514
9054 3799 -13406
9055 3851 -13490
9056 3967 -13330
9057 3995 -13386
9058 4119 -13730
9059 4135 -13910
9060 4151 -13834
9061 4099 -13766
9062 4051 -13654
9063 4157 -13562
9064 4255 -13866
9065 4359 -13930
9066 4389 -14214
9067 4333 -14106
9068 4313 -13818
9069 4379 -13882
9070 4303 -13898
9071 4317 -13810
9072 4205 -13842
9073 3927 -13602
9074 3905 -13658
9075 4035 -13682
9076 4085 -13558
9077 3919 -13602
9078 3871 -13570
9079 3745 -13426
9080 3723 -13466
9081 3845 -13526
9082 3987 -13630
9083 4005 -13458
9084 4131 -13674
9085 4041 -13662
9086 4195 -13734
9087 4119 -13614
9088 4189 -13802
9089 4133 -13942
9090 4095 -13942
9091 4015 -13758
9092 4039 -13906
9093 4063 -13854
9094 4147 -13934
9095 4083 -13626
9096 4053 -13338
9097 3901 -13370
9098 3805 -13250
9099 3805 -13134
9100 3861 -13022
9101 3871 -13310
9102 3765 -13382
9103 3889 -13346
9104 3963 -13398
9105 3995 -13466
9106 3997 -13522
9107 3865 -13394
9108 3965 -13622
9109 4073 -13758
9110 4023 -13646
9111 3949 -13694
9112 4009 -13798
9113 4005 -13846
9114 3963 -13710
9115 3957 -13802
9116 4063 -13906
9117 4009 -13938
9118 3883 -13842
9119 3833 -13558
9120 3659 -13254
9121 3579 -13162
9122 3639 -13266
9123 3669 -13254
9124 3693 -13394
9125 3693 -13290
9126 3713 -13458
9127 3681 -13430
9128 3613 -13606
9129 3631 -13494
9130 3561 -13470
9131 3715 -13354
9132 3667 -13550
9133 3671 -13478
9134 3637 -13722
9135 3661 -13382
9136 3421 -13250
9137 3465 -13394
9138 3437 -13258
9139 3529 -13178
9140 3621 -13238
9141 3651 -13426
9142 3627 -13394
9143 3769 -13614
9144 3861 -13494
9145 3697 -13622
9146 3801 -13614
9147 3845 -13722
9148 3857 -13698
9149 3969 -13710
9150 4025 -13914
9151 4017 -13814
9152 3965 -13802
9153 3793 -13674
9154 3687 -13694
9155 3767 -13650
9156 3855 -13846
9157 3863 -13886
9158 3939 -13830
9159 3899 -14038
9160 3793 -13806
9161 3619 -14170
9162 3631 -13862
9163 3633 -13686
9164 3605 -13950
9165 3533 -13654
9166 3491 -13722
9167 3611 -14110
9168 3613 -13994
9169 3583 -14054
9170 3783 -13914
9171 3673 -13474
9172 3839 -13850
9173 3553 -13654
9174 3687 -13778
9175 3697 -13686
9176 3707 -13758
9177 3715 -13898
9178 3633 -13766
9179 3573 -13854
9180 3625 -13646
9181 3571 -13654
9182 3467 -13634
9183 3267 -13502
9184 3221 -13446
9185 3303 -13390
9186 3195 -13330
9187 3151 -13378
9188 3149 -13274
9189 3101 -13334
9190 3023 -13494
9191 2939 -13354
9192 2967 -13338
9193 2933 -13358
9194 3017 -13318
9195 2953 -13138
9196 2857 -13230
9197 2799 -13122
9198 2805 -13138
9199 2913 -13198
9200 3005 -13406
9201 2923 -13322
9202 2877 -13358
9203 2759 -13310
9204 2585 -13310
9205 2421 -13394
9206 2453 -13418
9207 2523 -13430
9208 2681 -13314
9209 2657 -13478
9210 2707 -13374
9211 2809 -13378
9212 2813 -13626
9213 2801 -13806
9214 2887 -13810
9215 2803 -13806
9216 2765 -13422
9217 2825 -13782
9218 2677 -13702
9219 2789 -13870
9220 2679 -13450
9221 2729 -13358
9222 2949 -13454
9223 3023 -13566
9224 3063 -13642
9225 3019 -13562
9226 2963 -13462
9227 2979 -13158
9228 2889 -13210
9229 2909 -13366
9230 2857 -13430
9231 2829 -13142
9232 2879 -13338
9233 2895 -13398
9234 2865 -13366
9235 2741 -13146
9236 2791 -13362
9237 2733 -13362
9238 2797 -13338
9239 2859 -13318
9240 3035 -13262
9241 3139 -13446
9242 3125 -13658
9243 3143 -13930
9244 3179 -14066
9245 3079 -13862
9246 3057 -13862
9247 3135 -13702
9248 3149 -13678
9249 3119 -13630
9250 3241 -13506
9251 3201 -13438
9252 3369 -13298
9253 3249 -13446
9254 3283 -13234
9255 3209 -13098
9256 3303 -13158
9257 3247 -13210
9258 3299 -13266
9259 3363 -13382
9260 3405 -13446
9261 3427 -13366
9262 3209 -13166
9263 3137 -13378
9264 3003 -13394
9265 3047 -13526
9266 3101 -13318
9267 3189 -13510
9268 3307 -13482
9269 3261 -13522
9270 3217 -13650
9271 3207 -13606
9272 3065 -13198
9273 3097 -13526
9274 2973 -13354
9275 2759 -13058
9276 2869 -13222
9277 2971 -13386
9278 3093 -13346
9279 2947 -13274
9280 2869 -13482
9281 2767 -13330
9282 2825 -13614
9283 2915 -13666
9284 2839 -13498
9285 2937 -13578
9286 2927 -13582
9287 2907 -13526
9288 2877 -13290
9289 3007 -13410
9290 3053 -13366
9291 3005 -13430
9292 3125 -13530
9293 3253 -13866
9294 3259 -13954
9295 3303 -13994
9296 3275 -13946
9297 3359 -13798
9298 3209 -13798
9299 3253 -13974
9300 3149 -13506
9301 3239 -13766
9302 3119 -13750
9303 3031 -13910
9304 3131 -13806
9305 3193 -13918
9306 3167 -13826
9307 3237 -13782
9308 3067 -13806
9309 3157 -13806
9310 3087 -13914
9311 3025 -13934
9312 2881 -13694
9313 2867 -13646
9314 2953 -13822
9315 2869 -13866
9316 2861 -13798
9317 3029 -13686
9318 2991 -13458
9319 3119 -13514
9320 3151 -13266
9321 2967 -13350
9322 3071 -13518
9323 2985 -13474
9324 3013 -13642
9325 3211 -13822
9326 3119 -13830
9327 3167 -13790
9328 3029 -13670
9329 3175 -13610
9330 2991 -13842
9331 3033 -14006
9332 3019 -13874
9333 3151 -14114
9334 3199 -13974
9335 3273 -14022
9336 3333 -14138
9337 3283 -13874
9338 3393 -14062
9339 3307 -14006
9340 3373 -13886
9341 3453 -13746
9342 3531 -13926
9343 3593 -13842
9344 3549 -13922
9345 3487 -13578
9346 3475 -13574
9347 3533 -13550
9348 3465 -13474
9349 3447 -13394
9350 3303 -13350
9351 3313 -13526
9352 3267 -13710
9353 3161 -13470
9354 3107 -13338
9355 3005 -13170
9356 3195 -13314
9357 3095 -13626
9358 3103 -13526
9359 3247 -13646
9360 3301 -13582
9361 3319 -13570
9362 3237 -13478
9363 3343 -13398
9364 3241 -13226
9365 3271 -13242
9366 3205 -13106
9367 3067 -13142
9368 3107 -13102
9369 3087 -13294
9370 3169 -13246
9371 3109 -13198
9372 3215 -13066
9373 3309 -13198
9374 3351 -13166
9375 3413 -13090
9376 3417 -13042
9377 3583 -13070
9378 3609 -13018
9379 3531 -13018
9380 3641 -13002
9381 3859 -13138
9382 3835 -13382
9383 3879 -13478
9384 3825 -13358
9385 3875 -13322
9386 3825 -13534
9387 4063 -13414
9388 4143 -13602
9389 4075 -13674
9390 4047 -13550
9391 4193 -13698
9392 4297 -13910
9393 4425 -13802
9394 4371 -13850
9395 4407 -13922
9396 4209 -13834
9397 4259 -13850
9398 4203 -13698
9399 4233 -13582
9400 4355 -13770
9401 4329 -13614
9402 4251 -13746
9403 4349 -13762
9404 4225 -13570
9405 4463 -13742
9406 4471 -13646
9407 4437 -13474
9408 4595 -13814
9409 4555 -13866
9410 4575 -13862
9411 4661 -13906
9412 4495 -13898
9413 4523 -13942
9414 4515 -13778
9415 4425 -13438
9416 4631 -13650
9417 4411 -13482
9418 4367 -13318
9419 4271 -13534
9420 4065 -13218
9421 4027 -13202
9422 3997 -13186
9423 4059 -13350
9424 4017 -13258
9425 4197 -13314
9426 4225 -13386
9427 4163 -13246
9428 4077 -13066
9429 4121 -13062
9430 4123 -13346
9431 4033 -13326
9432 4059 -13098
9433 4169 -13194
9434 4387 -13374
9435 4585 -13394
9436 4459 -13654
9437 4455 -13730
9438 4369 -13874
9439 4273 -13386
9440 4295 -13530
9441 4329 -13798
9442 4259 -13678
9443 4147 -13550
9444 4115 -13686
9445 4085 -13786
9446 3915 -13554
9447 3877 -13410
9448 3643 -13142
9449 3595 -13158
9450 3731 -13270
9451 3707 -13234
9452 3835 -13082
9453 3791 -13218
9454 3883 -13438
9455 3831 -13390
9456 3919 -13674
9457 3857 -13414
9458 3823 -13486
9459 4075 -13650
9460 4029 -13554
9461 4051 -13638
9462 4171 -13702
9463 4329 -13666
9464 4363 -13510
9465 4423 -13734
9466 4695 -14018
9467 4659 -13786
9468 4665 -13662
9469 4587 -13686
9470 4449 -13642
9471 4427 -13674
9472 4361 -13630
9473 4591 -13658
9474 4805 -13718
9475 4787 -13738
9476 4787 -13898
9477 4777 -13982
9478 4765 -13818
9479 4761 -13746
9480 4691 -13854
9481 4877 -13866
9482 4907 -13734
9483 4943 -13522
9484 4915 -13610
9485 4867 -13802
9486 4901 -14058
9487 5111 -14282
9488 5005 -14070
9489 5087 -14098
9490 4873 -13838
9491 4889 -13670
9492 4931 -13538
9493 4833 -13466
9494 4937 -13434
9495 5043 -13766
9496 5031 -13730
9497 5109 -13706
9498 5067 -13610
9499 4957 -13450
9500 4787 -13246
9501 4909 -13490
9502 4765 -13338
9503 4675 -13358
9504 4515 -13550
9505 4563 -13202
9506 4493 -13438
9507 4551 -13662
9508 4511 -13314
9509 4463 -13366
9510 4413 -13114
9511 4505 -13310
9512 4363 -13398
9513 4351 -13242
9514 4435 -13442
9515 4443 -13302
9516 4487 -13170
9517 4493 -13010
9518 4573 -13370
9519 4515 -13442
9520 4665 -13450
9521 4695 -13638
9522 4689 -13510
9523 4813 -13878
9524 4933 -13838
9525 4873 -13634
9526 4911 -13754
9527 5007 -13814
9528 5079 -13622
9529 5079 -13590
9530 4897 -13370
9531 4707 -13430
9532 4693 -13706
9533 4697 -13730
9534 4749 -13706
9535 4695 -13542
9536 4675 -13526
9537 4663 -13422
9538 4913 -13646
9539 4853 -13366
9540 4889 -13278
9541 5005 -13470
9542 5143 -13694
9543 5107 -13494
9544 5131 -13706
9545 5169 -13654
9546 5233 -13578
9547 5147 -13858
9548 5089 -13730
9549 5089 -13558
9550 5215 -13550
9551 5191 -13526
9552 5323 -13606
9553 5267 -13542
9554 5375 -13702
9555 5363 -13690
9556 5523 -13766
9557 5401 -13706
9558 5395 -13838
9559 5349 -13766
9560 5559 -13910
9561 5655 -14002
9562 5789 -14126
9563 5787 -14054
9564 5647 -13982
9565 5619 -14130
9566 5677 -14230
9567 5685 -14150
9568 5719 -14306
9569 5703 -14058
9570 5659 -13954
9571 5537 -13898
9572 5701 -14362
9573 5743 -14186
9574 5693 -14038
9575 5617 -13954
9576 5777 -14118
9577 5763 -14094
9578 5679 -13722
9579 5631 -13494
9580 5787 -13950
9581 5805 -14026
9582 5717 -13882
9583 5831 -14270
9584 5699 -14218
9585 5793 -13938
9586 5729 -14042
9587 5869 -14150
9588 5933 -13902
9589 6061 -14230
9590 6199 -14094
9591 6145 -14498
9592 6085 -14174
9593 5961 -14114
9594 5953 -13934
9595 5959 -13882
9596 5965 -13954
9597 6005 -13942
9598 5895 -13846
9599 6019 -14014
9600 5923 -13870
9601 5991 -13810
9602 5919 -13818
9603 5939 -13902
9604 5927 -14114
9605 5983 -14406
9606 5917 -14418
9607 5975 -14450
9608 5845 -14114
9609 5941 -13978
9610 6063 -14190
9611 5937 -13922
9612 5743 -13974
9613 5697 -13986
9614 5587 -13638
9615 5557 -13754
9616 5629 -13758
9617 5563 -13926
9618 5505 -14126
9619 5499 -13818
9620 5591 -14126
9621 5455 -14086
9622 5389 -13722
9623 5393 -13846
9624 5529 -13950
9625 5509 -13814
9626 5599 -13914
9627 5589 -14054
9628 5387 -13670
9629 5343 -13614
9630 5261 -13794
9631 5247 -13802
9632 5277 -13986
9633 5281 -13866
9634 5289 -13910
9635 5421 -14074
9636 5479 -14226
9637 5485 -13962
9638 5387 -13970
9639 5275 -13690
9640 5165 -13354
9641 5143 -13426
9642 5113 -13286
9643 5003 -13210
9644 5119 -13122
9645 5235 -13318
9646 5257 -13454
9647 5267 -13406
9648 5275 -13550
9649 5409 -13778
9650 5397 -13662
9651 5533 -13994
9652 5543 -13934
9653 5419 -13794
9654 5575 -13954
9655 5655 -13758
9656 5797 -13930
9657 5925 -13826
9658 5973 -14050
9659 5927 -14066
9660 5963 -13862
9661 5947 -13774
9662 5823 -13518
9663 5835 -13498
9664 5915 -13662
9665 5933 -13866
9666 5873 -13854
9667 5937 -13986
9668 6145 -14290
9669 6169 -14158
9670 6057 -14078
9671 6053 -14042
9672 6117 -14018
9673 6015 -14110
9674 6071 -13922
9675 6037 -13834
9676 6087 -13866
9677 6001 -13846
9678 6113 -14094
9679 6051 -13946
9680 6009 -13782
9681 5943 -13970
9682 5897 -13926
9683 5963 -14278
9684 5973 -14278
9685 6093 -14202
9686 5983 -14182
9687 5953 -14026
9688 6023 -14002
9689 5887 -13898
9690 5969 -14006
9691 5933 -14190
9692 5923 -14146
9693 5847 -13946
9694 5893 -14042
9695 5953 -14222
9696 5865 -14122
9697 5829 -13842
9698 5641 -13670
9699 5617 -13606
9700 5677 -13674
9701 5503 -13406
9702 5369 -13558
9703 5479 -13714
9704 5483 -13798
9705 5423 -13590
9706 5443 -13726
9707 5319 -13406
9708 5273 -13658
9709 5223 -13458
9710 5341 -13634
9711 5369 -13662
9712 5329 -13626
9713 5319 -13678
9714 5237 -13598
9715 5307 -13678
9716 5349 -13722
9717 5427 -13806
9718 5311 -13874
9719 5411 -14050
9720 5433 -13882
9721 5469 -14274
9722 5507 -14070
9723 5439 -13922
9724 5497 -13902
9725 5279 -13702
9726 5175 -13646
9727 5179 -13650
9728 5281 -13542
9729 5403 -13426
9730 5425 -13590
9731 5397 -13610
9732 5423 -13610
9733 5521 -13850
9734 5513 -13910
9735 5603 -13954
9736 5637 -13934
9737 5281 -13786
9738 5245 -13662
9739 5203 -13934
9740 5083 -13802
9741 5133 -13786
9742 5109 -13830
9743 5097 -13826
9744 5233 -13678
9745 5229 -13662
9746 5075 -13450
9747 5047 -13306
9748 4903 -13230
9749 4981 -13466
9750 4941 -13370
9751 5053 -13746
9752 4995 -13478
9753 4991 -13502
9754 5021 -13682
9755 4877 -13438
9756 4987 -13490
9757 5065 -13718
9758 5203 -13726
9759 5313 -13538
9760 5431 -13762
9761 5409 -13678
9762 5491 -13902
9763 5465 -14090
9764 5589 -14302
9765 5709 -14250
9766 5623 -14134
9767 5755 -13990
9768 5631 -13938
9769 5479 -14074
9770 5605 -14142
9771 5679 -13974
9772 5583 -14050
9773 5567 -13986
9774 5509 -14010
9775 5471 -14006
9776 5419 -13770
9777 5397 -13774
9778 5173 -13602
9779 5339 -13758
9780 5287 -13802
9781 5385 -13830
9782 5561 -14106
9783 5615 -14006
9784 5667 -13950
9785 5761 -14118
9786 5799 -14086
9787 5789 -14170
9788 5785 -14310
9789 5873 -14138
9790 5875 -14350
9791 5855 -14222
9792 5761 -14186
9793 5865 -14130
9794 5785 -13866
9795 5867 -14054
9796 5977 -14082
9797 5887 -14122
9798 5969 -14030
9799 5861 -13822
9800 5793 -13910
9801 5807 -14094
9802 5723 -13926
9803 5837 -13982
9804 5859 -14398
9805 5993 -14518
9806 5921 -14294
9807 5767 -14050
9808 5669 -14070
9809 5619 -13838
9810 5701 -13886
9811 5633 -13906
9812 5749 -14010
9813 5767 -13978
9814 5755 -14074
9815 5731 -14042
9816 5657 -13954
9817 5731 -14226
9818 5679 -13898
9819 5855 -13990
9820 5981 -14126
9821 5825 -13890
9822 5801 -13862
9823 5919 -13634
9824 5963 -13782
9825 6013 -14062
9826 6077 -14230
9827 6077 -14402
9828 6117 -14130
9829 6101 -14054
9830 6123 -14138
9831 6073 -14158
9832 6155 -14242
9833 6065 -13986
9834 6177 -14038
9835 6157 -14054
9836 6077 -13834
9837 6003 -13782
9838 6017 -14006
9839 5977 -14034
9840 6167 -14254
9841 6177 -14050
9842 6207 -14066
9843 6149 -14202
9844 6259 -14090
9845 6219 -14070
9846 6265 -14366
9847 5959 -14034
9848 5991 -13918
9849 6033 -13802
9850 5931 -13746
9851 5939 -13794
9852 5927 -13894
9853 5981 -13998
9854 5943 -13830
9855 5933 -14058
9856 5777 -14054
9857 5863 -14214
9858 5785 -13918
9859 5741 -14050
9860 5531 -13950
9861 5477 -13578
9862 5395 -13606
9863 5415 -13882
9864 5505 -13766
9865 5323 -13630
9866 5317 -13590
9867 5407 -13446
9868 5315 -13510
9869 5311 -13542
9870 5201 -13566
9871 5171 -13570
9872 5211 -13658
9873 5069 -13566
9874 5099 -13610
9875 5155 -13578
9876 5135 -13618
9877 5157 -13538
9878 5041 -13518
9879 4903 -13406
9880 5021 -13526
9881 4799 -13458
9882 4731 -13490
9883 4595 -13218
9884 4757 -13174
9885 4717 -13206
9886 4811 -13358
9887 4793 -13234
9888 4701 -13254
9889 4807 -13234
9890 4791 -13250
9891 4815 -13318
9892 4725 -13222
9893 4689 -13038
9894 4743 -13370
9895 4693 -13326
9896 4905 -13262
9897 4917 -13286
9898 5165 -13630
9899 5121 -13414
9900 5023 -13310
9901 5161 -13542
9902 5133 -13330
9903 5095 -13330
9904 5097 -13338
9905 5173 -13430
9906 5181 -13438
9907 5331 -13622
9908 5331 -13530
9909 5299 -13330
9910 5209 -13034
9911 5213 -12938
9912 5215 -13074
9913 5365 -13306
9914 5349 -13378
9915 5237 -13286
9916 5309 -13438
9917 5287 -13326
9918 5341 -13258
9919 5227 -13366
9920 5315 -13182
9921 5419 -13454
9922 5511 -13370
9923 5669 -13650
9924 5597 -13762
9925 5617 -13778
9926 5413 -13730
9927 5349 -13658
9928 5389 -13686
9929 5459 -13862
9930 5413 -13606
9931 5397 -13538
9932 5499 -13770
9933 5503 -13606
9934 5481 -13602
9935 5415 -13382
9936 5279 -13278
9937 5239 -13386
9938 5279 -13526
9939 5407 -13662
9940 5391 -13394
9941 5427 -13690
9942 5597 -13942
9943 5701 -14006
9944 5717 -13922
9945 5693 -13910
9946 5747 -13962
9947 5665 -13818
9948 5735 -13834
9949 5681 -13842
9950 5799 -13914
9951 5679 -13782
9952 5647 -13802
9953 5489 -13658
9954 5563 -13698
9955 5631 -13866
9956 5515 -13622
9957 5533 -13442
9958 5695 -13714
9959 5683 -13690
9960 5671 -13822
9961 5657 -13754
9962 5719 -13846
9963 5703 -13806
9964 5681 -13806
9965 5597 -13846
9966 5511 -13610
9967 5377 -13734
9968 5333 -13710
9969 5345 -13566
9970 5491 -13658
9971 5441 -13586
9972 5639 -13798
9973 5569 -13926
9974 5345 -13970
9975 5419 -13930
9976 5431 -14078
9977 5425 -14054
9978 5531 -13934
9979 5409 -13914
9980 5427 -14002
9981 5235 -13882
9982 5075 -13806
9983 5041 -13754
9984 4867 -13878
9985 4821 -13658
9986 4809 -13426
9987 4917 -13606
9988 4915 -13914
9989 4705 -13662
9990 4777 -13714
9991 4721 -13734
9992 4655 -13606
9993 4671 -13562
9994 4707 -13734
9995 4915 -13922
9996 4897 -13854
9997 4905 -13922
9998 4911 -13946
9999 5005 -13722
