0 211 -5978
1 253 -7770
2 503 -8894
3 647 -9466
4 661 -9434
5 909 -9822
6 865 -10094
7 825 -10526
8 583 -10242
9 739 -10462
10 557 -10682
11 541 -10722
12 665 -10710
13 785 -10706
14 833 -10646
15 867 -10734
16 959 -11126
17 1055 -11310
18 1387 -11218
19 1431 -10890
20 1425 -10746
21 1335 -10550
22 1395 -10426
23 1507 -10658
24 1641 -10858
25 1629 -10942
26 1449 -10942
27 1407 -10734
28 1543 -11146
29 1481 -11274
30 1333 -11014
31 1529 -10930
32 1365 -10790
33 1213 -10902
34 1095 -10746
35 1099 -10634
36 1059 -10894
37 1025 -11062
38 1085 -11122
39 1141 -11090
40 1195 -11170
41 1241 -11134
42 1525 -11298
43 1599 -11286
44 1649 -11234
45 1753 -11218
46 1617 -11374
47 1547 -11562
48 1583 -11302
49 1769 -11258
50 1639 -11246
51 1679 -11146
52 1505 -11230
53 1299 -10934
54 1169 -11018
55 1223 -11046
56 1103 -11182
57 1141 -11258
58 1069 -11330
59 1093 -11198
60 1121 -11262
61 861 -11154
62 777 -10982
63 755 -11146
64 595 -11274
65 599 -11154
66 593 -11090
67 567 -11162
68 649 -11082
69 479 -10926
70 499 -11046
71 547 -11042
72 517 -10918
73 563 -10942
74 629 -11142
75 571 -11278
76 461 -11346
77 401 -10986
78 379 -11202
79 269 -11294
80 65 -10922
81 11 -11030
82 -223 -10874
83 -79 -11098
84 -65 -11174
85 55 -11214
86 129 -11098
87 153 -11054
88 189 -11030
89 -43 -10610
90 133 -10890
91 177 -11074
92 259 -10890
93 295 -10958
94 217 -10938
95 251 -10830
96 221 -11042
97 259 -11082
98 297 -11150
99 269 -11162
100 279 -11114
101 229 -11426
102 147 -11166
103 231 -11118
104 247 -10998
105 163 -11058
106 103 -11074
107 217 -11002
108 301 -11058
109 477 -11182
110 521 -11274
111 487 -11366
112 407 -11302
113 599 -11210
114 757 -11114
115 867 -11094
116 1043 -10818
117 933 -11174
118 1007 -11194
119 811 -11218
120 755 -11166
121 805 -11114
122 795 -10966
123 587 -11006
124 489 -10982
125 495 -10954
126 593 -10778
127 715 -11002
128 511 -11198
129 499 -11170
130 443 -11234
131 389 -11282
132 441 -11554
133 687 -11482
134 665 -11266
135 771 -11342
136 733 -11470
137 459 -11522
138 543 -11338
139 641 -11282
140 311 -11318
141 367 -11302
142 291 -11118
143 381 -11126
144 503 -11154
145 327 -11082
146 289 -11150
147 195 -11454
148 275 -11290
149 337 -11294
150 173 -11506
151 89 -11282
152 -15 -10982
153 93 -10946
154 109 -11230
155 149 -11210
156 239 -11302
157 161 -11350
158 101 -11302
159 59 -10938
160 -231 -11018
161 -179 -10898
162 -25 -10790
163 -79 -11122
164 -91 -10970
165 -35 -10890
166 -67 -10866
167 35 -11194
168 45 -11066
169 251 -11046
170 409 -11234
171 513 -11138
172 469 -11114
173 611 -10786
174 509 -11146
175 457 -11390
176 483 -11278
177 501 -11042
178 315 -11118
179 407 -11294
180 359 -11406
181 523 -11222
182 661 -11286
183 561 -10966
184 623 -11118
185 621 -11350
186 599 -11194
187 819 -10886
188 743 -10994
189 749 -10922
190 661 -10930
191 385 -11126
192 481 -11198
193 495 -11098
194 347 -11130
195 417 -11294
196 405 -11202
197 241 -11194
198 245 -11202
199 209 -11138
200 259 -11030
201 37 -11054
202 33 -10938
203 181 -11046
204 191 -11018
205 227 -11294
206 185 -11446
207 237 -11514
208 245 -11486
209 213 -11026
210 267 -11166
211 183 -11358
212 351 -11418
213 255 -11294
214 197 -11262
215 201 -11258
216 249 -11494
217 225 -11626
218 137 -11490
219 177 -11210
220 327 -11014
221 281 -11130
222 47 -10978
223 161 -11206
224 219 -11262
225 187 -11158
226 241 -11210
227 141 -11346
228 213 -11258
229 485 -11266
230 343 -11426
231 365 -11274
232 147 -11442
233 257 -11226
234 241 -11262
235 37 -11098
236 -47 -11134
237 -229 -11014
238 -193 -10978
239 -301 -11402
240 -415 -11438
241 -429 -11294
242 -295 -11318
243 -415 -11282
244 -461 -11342
245 -597 -11458
246 -719 -11542
247 -647 -11598
248 -671 -11418
249 -635 -11226
250 -767 -11398
251 -939 -11258
252 -975 -11366
253 -983 -11494
254 -839 -11586
255 -847 -11762
256 -641 -11734
257 -517 -11494
258 -391 -11374
259 -503 -11342
260 -427 -11170
261 -393 -11582
262 -469 -11402
263 -403 -11302
264 -175 -11262
265 -129 -11242
266 -251 -11290
267 -261 -11330
268 -173 -11182
269 -265 -11126
270 -407 -11246
271 -375 -11282
272 -279 -11206
273 -271 -11294
274 -251 -11298
275 -183 -11370
276 -409 -11426
277 -259 -11478
278 -527 -11202
279 -665 -11346
280 -563 -11642
281 -513 -11422
282 -539 -11202
283 -465 -11042
284 -521 -11094
285 -719 -11198
286 -843 -10930
287 -809 -11046
288 -985 -11314
289 -801 -11330
290 -895 -11382
291 -963 -11502
292 -1087 -11458
293 -927 -11370
294 -933 -11258
295 -1045 -11106
296 -1109 -11270
297 -1085 -11458
298 -947 -11334
299 -895 -11298
300 -915 -11218
301 -987 -11058
302 -685 -11082
303 -807 -11382
304 -775 -11322
305 -811 -11342
306 -793 -11318
307 -639 -11258
308 -655 -11402
309 -595 -11422
310 -491 -11346
311 -581 -11170
312 -429 -11510
313 -369 -11582
314 -537 -11634
315 -647 -11818
316 -845 -11726
317 -777 -11710
318 -769 -11598
319 -755 -11646
320 -727 -11430
321 -563 -11526
322 -545 -11622
323 -549 -11910
324 -653 -11586
325 -533 -11654
326 -505 -11678
327 -409 -11654
328 -359 -11778
329 -381 -11702
330 -323 -11846
331 -257 -11926
332 -301 -11770
333 -389 -11942
334 -329 -11938
335 -441 -11858
336 -229 -11626
337 -111 -11558
338 -217 -11358
339 -117 -11354
340 -5 -11498
341 -65 -11402
342 103 -11434
343 97 -11634
344 123 -11410
345 287 -11578
346 217 -11902
347 -11 -11542
348 25 -11894
349 1 -11810
350 -91 -11746
351 -255 -11718
352 -323 -11766
353 -477 -11590
354 -375 -11750
355 -503 -11798
356 -649 -11590
357 -789 -11638
358 -463 -11494
359 -355 -11558
360 -345 -11686
361 -273 -11458
362 -393 -11510
363 -337 -11586
364 -343 -11414
365 -319 -11322
366 -275 -11538
367 -483 -11474
368 -403 -11390
369 -321 -11298
370 -395 -11602
371 -309 -11646
372 -213 -11462
373 -165 -11286
374 -213 -11514
375 -305 -11722
376 -285 -11618
377 -291 -11742
378 -155 -11470
379 -115 -11574
380 -5 -11398
381 183 -11362
382 133 -11414
383 115 -11194
384 119 -11214
385 101 -11246
386 23 -11362
387 285 -11126
388 347 -11290
389 331 -11114
390 337 -11258
391 383 -11254
392 401 -11562
393 415 -11642
394 461 -11546
395 525 -11362
396 539 -11406
397 345 -11522
398 409 -11658
399 405 -11706
400 525 -11658
401 419 -11354
402 619 -11438
403 401 -11734
404 385 -11694
405 369 -11682
406 399 -11646
407 435 -11546
408 635 -11150
409 759 -11126
410 701 -11402
411 639 -11298
412 405 -11358
413 225 -11250
414 309 -11150
415 361 -11254
416 349 -11182
417 389 -11158
418 371 -11562
419 553 -11462
420 543 -11374
421 617 -11350
422 335 -11078
423 411 -11230
424 471 -11346
425 453 -11454
426 473 -11154
427 401 -11374
428 441 -11378
429 441 -11722
430 587 -11794
431 437 -11622
432 485 -11506
433 541 -11246
434 633 -11026
435 675 -11154
436 627 -11054
437 451 -10894
438 571 -11098
439 657 -11286
440 661 -11354
441 689 -11210
442 715 -11178
443 621 -11150
444 513 -11158
445 825 -11246
446 945 -11158
447 867 -11174
448 673 -11170
449 647 -11354
450 495 -11174
451 475 -11146
452 563 -11226
453 539 -11406
454 521 -11258
455 493 -10866
456 547 -11054
457 499 -10910
458 395 -11102
459 429 -11094
460 417 -10990
461 387 -11130
462 289 -11454
463 311 -11314
464 263 -11238
465 253 -11266
466 285 -11166
467 485 -10966
468 493 -11118
469 691 -11462
470 675 -11358
471 759 -11398
472 871 -11366
473 891 -11434
474 1081 -11430
475 935 -11566
476 995 -11310
477 859 -11162
478 905 -11434
479 895 -11438
480 1007 -11410
481 1121 -11490
482 1205 -11446
483 1267 -11298
484 1321 -11782
485 1211 -11530
486 1341 -11714
487 1367 -11650
488 1449 -11570
489 1391 -11534
490 1369 -11538
491 1499 -11594
492 1601 -11602
493 1673 -11570
494 1955 -11750
495 1955 -11774
496 2091 -11606
497 2233 -11714
498 2197 -12238
499 2121 -11954
500 2183 -12210
501 2027 -12034
502 1859 -11990
503 1845 -11814
504 1829 -11690
505 1639 -11514
506 1435 -11622
507 1285 -11634
508 1413 -11446
509 1437 -11606
510 1279 -11338
511 1247 -11234
512 1137 -11218
513 993 -11174
514 911 -11362
515 975 -11526
516 1019 -11322
517 997 -11390
518 1151 -11462
519 1043 -11282
520 939 -11578
521 911 -11666
522 1103 -11714
523 1179 -11466
524 1069 -11570
525 1107 -11626
526 1167 -11398
527 1297 -11198
528 1167 -11122
529 1073 -11266
530 873 -11182
531 849 -11282
532 719 -11066
533 859 -10974
534 679 -11042
535 811 -11202
536 667 -11134
537 679 -11198
538 517 -11234
539 645 -11350
540 693 -11106
541 891 -11270
542 841 -11574
543 1079 -11374
544 1057 -11134
545 955 -11178
546 945 -11130
547 857 -11366
548 819 -11286
549 967 -11214
550 975 -11194
551 1059 -10918
552 873 -11102
553 909 -11038
554 1057 -11242
555 887 -11230
556 921 -11006
557 1019 -11182
558 963 -11350
559 1139 -11418
560 1221 -11186
561 1279 -11138
562 1215 -11098
563 1209 -11054
564 1367 -11102
565 1507 -11106
566 1427 -11202
567 1335 -11326
568 1427 -11442
569 1291 -11338
570 1321 -11690
571 1393 -11266
572 1171 -11090
573 1217 -11214
574 1299 -11082
575 1225 -11006
576 1095 -11174
577 1229 -11278
578 1101 -11006
579 1027 -11282
580 1101 -11270
581 1303 -11210
582 1343 -11386
583 1229 -11494
584 1203 -11502
585 1169 -11742
586 1123 -11866
587 1019 -11606
588 781 -11382
589 705 -11558
590 681 -11614
591 647 -11450
592 623 -11446
593 639 -11446
594 579 -11434
595 587 -11386
596 487 -11278
597 473 -11062
598 365 -10990
599 425 -11174
600 579 -11462
601 659 -11578
602 637 -11330
603 831 -11658
604 883 -11718
605 747 -11522
606 695 -11358
607 537 -11398
608 691 -11398
609 715 -11566
610 597 -11666
611 489 -11534
612 591 -11234
613 401 -11310
614 551 -11382
615 649 -11310
616 559 -11178
617 409 -11522
618 357 -11462
619 353 -11590
620 541 -11378
621 557 -11266
622 561 -11554
623 719 -11466
624 565 -11274
625 339 -11186
626 499 -11254
627 453 -11154
628 365 -11066
629 443 -11158
630 697 -11006
631 917 -11114
632 1015 -11198
633 909 -11266
634 933 -11326
635 909 -11466
636 1141 -11434
637 1097 -11222
638 1209 -11470
639 1189 -11422
640 935 -11230
641 977 -11454
642 1031 -11246
643 1075 -11110
644 1009 -11474
645 1001 -11238
646 1039 -11414
647 1181 -11562
648 1223 -11478
649 1125 -11434
650 1127 -11366
651 1097 -11346
652 991 -11430
653 1145 -11282
654 1107 -11414
655 997 -11430
656 913 -11266
657 931 -11326
658 935 -11314
659 975 -11074
660 1011 -11090
661 1007 -11414
662 1165 -11334
663 1221 -10962
664 1067 -11066
665 1205 -11146
666 1231 -11186
667 1129 -11250
668 1035 -11334
669 1081 -11534
670 1165 -11370
671 1147 -11726
672 1201 -11406
673 1195 -11382
674 1295 -11518
675 1295 -11710
676 1287 -11458
677 1247 -11634
678 1215 -11470
679 1393 -11626
680 1571 -11798
681 1509 -11470
682 1467 -11566
683 1579 -11794
684 1487 -11706
685 1545 -11778
686 1349 -11462
687 1321 -11394
688 1423 -11538
689 1409 -11510
690 1283 -11522
691 1131 -11482
692 1067 -11354
693 1159 -11446
694 1169 -11206
695 1151 -11366
696 1055 -11418
697 987 -11446
698 1083 -11422
699 955 -11274
700 929 -11030
701 847 -10934
702 983 -10982
703 1003 -11046
704 1151 -11018
705 1219 -11266
706 1237 -11118
707 1421 -11178
708 1561 -10966
709 1495 -10810
710 1453 -10854
711 1451 -11150
712 1669 -11330
713 1697 -11274
714 1653 -11130
715 1351 -11090
716 1257 -10718
717 1005 -10962
718 825 -10874
719 1037 -10818
720 1001 -10986
721 915 -11198
722 783 -11106
723 537 -10802
724 593 -10938
725 589 -11066
726 591 -11114
727 511 -11130
728 503 -11162
729 337 -11194
730 503 -11366
731 549 -11426
732 631 -11418
733 593 -11174
734 465 -11306
735 395 -11294
736 487 -11282
737 483 -11246
738 369 -11210
739 223 -11210
740 283 -11250
741 139 -11350
742 47 -11406
743 9 -11442
744 -15 -11426
745 185 -11362
746 155 -11250
747 103 -11322
748 -67 -11234
749 127 -11174
750 209 -11354
751 263 -11370
752 67 -11326
753 93 -11194
754 151 -11358
755 31 -11226
756 37 -11378
757 83 -11490
758 -117 -11326
759 -73 -11486
760 -193 -11306
761 157 -11326
762 237 -11594
763 293 -11630
764 277 -11498
765 365 -11506
766 275 -11490
767 531 -11362
768 669 -11490
769 637 -11346
770 439 -11290
771 369 -11266
772 331 -11206
773 255 -11354
774 115 -11566
775 169 -11462
776 69 -11226
777 -23 -11154
778 -41 -11138
779 -91 -10994
780 -247 -10866
781 -171 -11218
782 -189 -11422
783 -147 -11406
784 -117 -11102
785 -213 -11226
786 -83 -11478
787 -71 -11406
788 -269 -11514
789 -363 -11886
790 -299 -11866
791 -291 -12046
792 -215 -11746
793 -281 -11714
794 -93 -11450
795 79 -11598
796 -25 -11774
797 -69 -12050
798 31 -11886
799 -147 -12042
800 7 -11914
801 -257 -11682
802 -87 -11894
803 -155 -11518
804 -161 -11442
805 151 -11378
806 199 -11350
807 155 -11494
808 107 -11362
809 233 -11406
810 181 -11258
811 275 -11438
812 375 -11418
813 165 -11426
814 41 -11418
815 183 -11406
816 105 -11386
817 109 -11478
818 105 -11506
819 267 -11614
820 255 -11542
821 229 -11478
822 227 -11434
823 409 -11346
824 195 -11294
825 99 -11206
826 63 -11406
827 105 -11550
828 57 -11486
829 -59 -11346
830 -175 -11406
831 -281 -11298
832 -165 -11682
833 -19 -11490
834 -5 -11510
835 87 -11366
836 53 -11378
837 117 -11458
838 141 -11090
839 231 -11278
840 107 -11346
841 79 -11454
842 237 -11490
843 285 -11378
844 135 -11338
845 347 -11170
846 597 -11034
847 753 -11102
848 779 -11278
849 745 -11290
850 765 -11318
851 663 -11138
852 723 -11438
853 591 -11242
854 463 -11166
855 345 -11426
856 303 -11450
857 413 -11406
858 421 -11502
859 413 -11218
860 445 -11314
861 453 -11278
862 539 -11238
863 391 -11342
864 479 -11310
865 423 -11558
866 453 -11518
867 709 -11834
868 797 -11862
869 745 -11834
870 725 -11662
871 799 -11810
872 595 -11878
873 549 -11630
874 511 -11518
875 447 -11542
876 407 -11598
877 279 -11618
878 195 -11526
879 267 -11390
880 223 -11206
881 179 -11522
882 9 -11554
883 -1 -11374
884 113 -11586
885 93 -11474
886 239 -11406
887 269 -11434
888 221 -11630
889 155 -11166
890 217 -11010
891 121 -11154
892 217 -11122
893 269 -11166
894 159 -11066
895 27 -11242
896 41 -11298
897 19 -11142
898 -53 -11022
899 17 -11238
900 -17 -11114
901 -47 -11250
902 -127 -11254
903 -103 -11314
904 -141 -11334
905 -45 -11402
906 -61 -11226
907 77 -11354
908 107 -11334
909 131 -11394
910 203 -11182
911 103 -10834
912 3 -10798
913 235 -11166
914 131 -11398
915 53 -11358
916 49 -11318
917 79 -11262
918 135 -11126
919 131 -11206
920 85 -11250
921 219 -11006
922 243 -11154
923 401 -11178
924 399 -11170
925 521 -11170
926 519 -11046
927 609 -11074
928 591 -10810
929 613 -11062
930 495 -11038
931 547 -11262
932 623 -11310
933 689 -11714
934 635 -11602
935 549 -11518
936 475 -11346
937 191 -11370
938 211 -10930
939 361 -10994
940 421 -10850
941 375 -11102
942 133 -11070
943 147 -11258
944 335 -11178
945 419 -11202
946 297 -11310
947 193 -11194
948 165 -11338
949 141 -11478
950 33 -11462
951 -51 -11490
952 83 -11242
953 -133 -11066
954 -5 -10986
955 1 -11230
956 -205 -10998
957 -231 -11118
958 -367 -11166
959 -393 -11346
960 -509 -11238
961 -789 -11082
962 -675 -11078
963 -699 -11126
964 -759 -11018
965 -591 -10918
966 -687 -10958
967 -737 -11146
968 -709 -11162
969 -707 -10930
970 -571 -11138
971 -459 -11370
972 -321 -11422
973 -365 -11226
974 -513 -11498
975 -507 -11542
976 -577 -11346
977 -729 -11366
978 -605 -11170
979 -687 -11314
980 -579 -11338
981 -621 -11258
982 -557 -11414
983 -473 -11378
984 -269 -11582
985 -261 -11390
986 -249 -11474
987 -89 -11410
988 -73 -11322
989 47 -11262
990 125 -11274
991 221 -11258
992 117 -11286
993 169 -11218
994 35 -11214
995 57 -11118
996 117 -10986
997 41 -11294
998 -11 -11390
999 -229 -11442
1000 -261 -11358
1001 -267 -11490
1002 -307 -11186
1003 -555 -11302
1004 -483 -11250
1005 -431 -11182
1006 -363 -11394
1007 -299 -11262
1008 -229 -11086
1009 -153 -11306
1010 -245 -11218
1011 -337 -11374
1012 -235 -11250
1013 -283 -11066
1014 -429 -11114
1015 -489 -11106
1016 -403 -11158
1017 -695 -11486
1018 -529 -11386
1019 -519 -11378
1020 -677 -11342
1021 -763 -11562
1022 -679 -11626
1023 -757 -11418
1024 -737 -11154
1025 -589 -11142
1026 -407 -11234
1027 -497 -11438
1028 -347 -11594
1029 -185 -11574
1030 -191 -11190
1031 -151 -11222
1032 -159 -11370
1033 -155 -11434
1034 -157 -11542
1035 -99 -11654
1036 -131 -11626
1037 -41 -11434
1038 121 -11482
1039 91 -11362
1040 211 -10810
1041 205 -10698
1042 -29 -10658
1043 9 -10986
1044 -69 -11102
1045 9 -11298
1046 23 -11466
1047 139 -11326
1048 157 -11322
1049 413 -11426
1050 303 -11738
1051 513 -11654
1052 465 -11714
1053 459 -11526
1054 685 -11378
1055 485 -11126
1056 521 -11298
1057 245 -11190
1058 181 -11046
1059 109 -11082
1060 117 -11178
1061 405 -11326
1062 375 -11246
1063 459 -11250
1064 343 -11386
1065 431 -11126
1066 521 -11342
1067 513 -11350
1068 617 -11710
1069 597 -11626
1070 595 -11446
1071 477 -10990
1072 529 -11206
1073 397 -11074
1074 383 -11094
1075 455 -11106
1076 447 -11106
1077 563 -11226
1078 617 -11170
1079 689 -10842
1080 467 -11006
1081 347 -11010
1082 333 -11070
1083 491 -11262
1084 549 -10990
1085 489 -10970
1086 311 -11190
1087 223 -11210
1088 -11 -10994
1089 155 -10718
1090 285 -10910
1091 361 -11094
1092 501 -11210
1093 409 -11106
1094 399 -11002
1095 261 -11146
1096 431 -11166
1097 309 -11078
1098 483 -11250
1099 581 -11306
1100 581 -11226
1101 553 -11486
1102 577 -11446
1103 569 -11642
1104 555 -11662
1105 719 -11714
1106 745 -11826
1107 493 -11566
1108 559 -11778
1109 673 -11670
1110 923 -11786
1111 887 -11550
1112 931 -11418
1113 911 -11278
1114 965 -11302
1115 951 -11214
1116 747 -11170
1117 635 -11150
1118 655 -11458
1119 579 -11474
1120 501 -11442
1121 585 -11550
1122 507 -11590
1123 341 -11558
1124 201 -11662
1125 217 -11762
1126 255 -11962
1127 367 -11778
1128 403 -11522
1129 477 -11262
1130 405 -11166
1131 481 -11162
1132 379 -11386
1133 239 -11462
1134 127 -11382
1135 221 -11410
1136 337 -11486
1137 217 -11654
1138 261 -11630
1139 273 -11650
1140 137 -11842
1141 229 -11562
1142 193 -11566
1143 141 -11618
1144 179 -11834
1145 181 -11558
1146 89 -11506
1147 153 -11470
1148 241 -11810
1149 143 -11778
1150 149 -12038
1151 187 -11614
1152 157 -11614
1153 285 -11774
1154 229 -11354
1155 203 -11474
1156 387 -11662
1157 383 -11650
1158 267 -11322
1159 205 -11806
1160 205 -11726
1161 95 -11746
1162 125 -11510
1163 29 -11502
1164 -63 -11710
1165 -53 -11586
1166 -213 -11254
1167 -307 -11394
1168 -147 -11210
1169 -225 -11310
1170 -205 -11286
1171 -241 -11270
1172 -155 -11254
1173 -229 -11302
1174 -147 -11398
1175 -15 -11522
1176 43 -11602
1177 217 -11382
1178 25 -11230
1179 123 -11478
1180 181 -11486
1181 -13 -11554
1182 -27 -11382
1183 -99 -11470
1184 -21 -11306
1185 -85 -11226
1186 101 -11350
1187 211 -11166
1188 117 -11122
1189 11 -11210
1190 25 -11414
1191 25 -11426
1192 19 -11390
1193 39 -11474
1194 163 -11466
1195 -9 -11778
1196 31 -11714
1197 69 -11494
1198 185 -11694
1199 331 -11890
1200 397 -11578
1201 373 -11626
1202 249 -11566
1203 229 -11434
1204 327 -11438
1205 149 -11554
1206 -31 -11354
1207 137 -11498
1208 125 -11438
1209 239 -11722
1210 287 -11478
1211 211 -11410
1212 263 -11526
1213 251 -12030
1214 215 -11790
1215 201 -11674
1216 277 -11470
1217 243 -11686
1218 469 -11618
1219 479 -11486
1220 507 -11486
1221 487 -11386
1222 631 -11506
1223 525 -11602
1224 717 -11474
1225 835 -11406
1226 847 -11670
1227 855 -11502
1228 619 -11690
1229 691 -11518
1230 941 -11730
1231 947 -11718
1232 813 -11662
1233 855 -11586
1234 803 -11482
1235 625 -11550
1236 781 -11470
1237 601 -11590
1238 585 -11610
1239 631 -11446
1240 709 -11434
1241 839 -11446
1242 955 -11586
1243 795 -11470
1244 883 -11518
1245 793 -11658
1246 843 -11758
1247 1047 -11774
1248 1061 -11654
1249 1053 -11682
1250 921 -11574
1251 807 -11570
1252 1013 -11578
1253 1041 -11238
1254 1187 -11542
1255 1207 -11714
1256 1219 -11674
1257 1169 -11482
1258 1147 -11610
1259 1059 -11538
1260 955 -11602
1261 967 -11630
1262 913 -11454
1263 989 -11410
1264 811 -11570
1265 743 -11642
1266 885 -11458
1267 847 -11486
1268 869 -11634
1269 739 -11574
1270 953 -11690
1271 1083 -11766
1272 1181 -11834
1273 1401 -11690
1274 1257 -11382
1275 1295 -11390
1276 1207 -11482
1277 1427 -11466
1278 1551 -11270
1279 1385 -11386
1280 1241 -11230
1281 1283 -11606
1282 1355 -11478
1283 1327 -11738
1284 1097 -11734
1285 1089 -11538
1286 1273 -11574
1287 1371 -11534
1288 1297 -11514
1289 1287 -11462
1290 1181 -11426
1291 1017 -11258
1292 1075 -11370
1293 1035 -11358
1294 1001 -11202
1295 1001 -10938
1296 1061 -11082
1297 1159 -10986
1298 1163 -11306
1299 1229 -11170
1300 1119 -11090
1301 1267 -11230
1302 1215 -11058
1303 1535 -11058
1304 1339 -11198
1305 1421 -11078
1306 1487 -11250
1307 1403 -11310
1308 1461 -11194
1309 1441 -11362
1310 1473 -11322
1311 1439 -11298
1312 1507 -11290
1313 1513 -11302
1314 1491 -11626
1315 1479 -11514
1316 1353 -11318
1317 1723 -11454
1318 1567 -11290
1319 1655 -11586
1320 1725 -11610
1321 1639 -11858
1322 1637 -11642
1323 1519 -11590
1324 1427 -11426
1325 1525 -11690
1326 1741 -11726
1327 1849 -11574
1328 1847 -11462
1329 1997 -11666
1330 2009 -11482
1331 2209 -11778
1332 2241 -11850
1333 2219 -11834
1334 2055 -11638
1335 2003 -11506
1336 1937 -11542
1337 1793 -11306
1338 1737 -11286
1339 1707 -11278
1340 1437 -11474
1341 1347 -11278
1342 1405 -11090
1343 1325 -11158
1344 1287 -11146
1345 1035 -11410
1346 1095 -11282
1347 1153 -11290
1348 1133 -11162
1349 1211 -11370
1350 1293 -11194
1351 1099 -11334
1352 1101 -11462
1353 1113 -11394
1354 1237 -11362
1355 1203 -11374
1356 1475 -11470
1357 1569 -11406
1358 1617 -11598
1359 1495 -11670
1360 1421 -11442
1361 1357 -11350
1362 1083 -11310
1363 1083 -11122
1364 1093 -11230
1365 1149 -10946
1366 1163 -10862
1367 1057 -10690
1368 1079 -10958
1369 1089 -11082
1370 1137 -10974
1371 1297 -10858
1372 1139 -10930
1373 1101 -11038
1374 1187 -11478
1375 1169 -11282
1376 1291 -11354
1377 1241 -11310
1378 1141 -11294
1379 1375 -11358
1380 1297 -11394
1381 1123 -11014
1382 1135 -11138
1383 1117 -11162
1384 1069 -11058
1385 1037 -11258
1386 969 -11382
1387 1057 -11538
1388 931 -11382
1389 935 -11370
1390 977 -11322
1391 967 -11546
1392 937 -11358
1393 957 -11414
1394 893 -11510
1395 819 -11346
1396 685 -11466
1397 583 -11582
1398 669 -11258
1399 759 -11482
1400 775 -11558
1401 893 -11750
1402 935 -11386
1403 655 -11194
1404 791 -11214
1405 677 -11398
1406 923 -11558
1407 995 -11354
1408 1059 -11410
1409 1015 -11418
1410 1075 -11342
1411 885 -11150
1412 795 -11210
1413 983 -11514
1414 951 -11474
1415 1057 -11258
1416 1053 -11234
1417 1059 -11550
1418 1063 -11558
1419 993 -11778
1420 933 -11546
1421 801 -11586
1422 677 -11594
1423 675 -11306
1424 737 -11514
1425 739 -11538
1426 571 -11662
1427 425 -11650
1428 487 -11426
1429 567 -11406
1430 507 -11314
1431 487 -11298
1432 529 -11502
1433 453 -11478
1434 539 -11330
1435 587 -11066
1436 665 -10934
1437 657 -10982
1438 715 -11034
1439 727 -11118
1440 733 -11106
1441 731 -11026
1442 645 -11046
1443 579 -11142
1444 687 -11318
1445 935 -11390
1446 939 -11114
1447 987 -11274
1448 1011 -11302
1449 1003 -11518
1450 819 -11190
1451 735 -11294
1452 791 -11418
1453 827 -11266
1454 1003 -11510
1455 927 -11234
1456 685 -11234
1457 591 -11362
1458 467 -11158
1459 369 -11090
1460 423 -11310
1461 307 -11466
1462 315 -11174
1463 463 -11418
1464 521 -11274
1465 643 -11042
1466 857 -11194
1467 939 -11314
1468 961 -11374
1469 1033 -11238
1470 1023 -10958
1471 1033 -11138
1472 925 -11222
1473 833 -11250
1474 823 -11102
1475 751 -10986
1476 847 -11158
1477 979 -11430
1478 909 -11522
1479 851 -11498
1480 1023 -11534
1481 1179 -11474
1482 1093 -11382
1483 995 -11414
1484 949 -11406
1485 967 -11302
1486 887 -11482
1487 797 -11398
1488 969 -11390
1489 1031 -11186
1490 863 -11262
1491 805 -11302
1492 795 -11194
1493 703 -11490
1494 723 -11278
1495 737 -11098
1496 739 -11026
1497 849 -11018
1498 1009 -10942
1499 1001 -11250
1500 901 -10906
1501 863 -11046
1502 1039 -11222
1503 1085 -11258
1504 873 -11546
1505 893 -11410
1506 991 -11186
1507 1129 -11266
1508 903 -11246
1509 843 -11206
1510 813 -11454
1511 607 -11438
1512 803 -11414
1513 901 -11322
1514 1017 -11462
1515 1137 -11334
1516 1069 -11374
1517 1071 -11258
1518 1157 -11438
1519 1215 -11462
1520 1213 -11818
1521 1267 -11698
1522 1229 -11482
1523 1335 -11366
1524 1283 -11422
1525 1473 -11638
1526 1573 -11822
1527 1869 -11610
1528 1879 -11710
1529 1947 -11486
1530 1861 -11346
1531 1711 -10862
1532 1615 -11234
1533 1593 -11294
1534 1589 -11342
1535 1545 -11630
1536 1287 -11830
1537 1361 -11482
1538 1365 -11634
1539 1259 -11398
1540 1267 -11482
1541 1281 -11578
1542 1139 -11398
1543 1205 -11346
1544 1125 -11038
1545 1097 -11094
1546 1111 -11078
1547 1301 -11386
1548 1073 -11342
1549 1225 -11230
1550 1349 -11546
1551 1403 -11122
1552 1611 -11462
1553 1611 -11422
1554 1575 -11738
1555 1569 -11746
1556 1363 -11498
1557 1325 -11390
1558 1277 -11266
1559 1291 -11210
1560 1373 -11246
1561 1415 -11142
1562 1209 -11198
1563 1311 -11126
1564 1239 -11262
1565 1401 -11242
1566 1323 -10870
1567 1261 -11250
1568 1217 -11454
1569 1173 -11282
1570 1113 -11170
1571 1049 -11226
1572 931 -11198
1573 961 -11274
1574 701 -11414
1575 733 -11618
1576 651 -11410
1577 711 -11258
1578 815 -11150
1579 893 -11274
1580 901 -11114
1581 951 -11290
1582 971 -11294
1583 1119 -11178
1584 1309 -11482
1585 1199 -11574
1586 1159 -11538
1587 1191 -11590
1588 1187 -11738
1589 1331 -11658
1590 1339 -11402
1591 1169 -11350
1592 1345 -11446
1593 1347 -11662
1594 1587 -11474
1595 1539 -11238
1596 1483 -11202
1597 1297 -11234
1598 1271 -11378
1599 1285 -11386
1600 1443 -11466
1601 1545 -11562
1602 1521 -11350
1603 1513 -11278
1604 1397 -11154
1605 1531 -11266
1606 1447 -11094
1607 1539 -11130
1608 1721 -11338
1609 1567 -11254
1610 1425 -11602
1611 1417 -11370
1612 1387 -11530
1613 1353 -11418
1614 1515 -11410
1615 1351 -11234
1616 1201 -11070
1617 1203 -10962
1618 955 -11002
1619 1017 -10834
1620 885 -10938
1621 939 -10866
1622 925 -11154
1623 859 -11394
1624 911 -11378
1625 837 -11366
1626 841 -11574
1627 727 -11650
1628 625 -11442
1629 597 -11306
1630 557 -11482
1631 469 -11622
1632 293 -11474
1633 119 -11470
1634 -17 -11470
1635 -31 -11406
1636 133 -11374
1637 161 -11486
1638 39 -11242
1639 217 -10926
1640 165 -10886
1641 169 -11006
1642 101 -11126
1643 23 -11094
1644 -13 -11334
1645 75 -11294
1646 157 -11294
1647 211 -11442
1648 335 -11574
1649 413 -11542
1650 351 -11222
1651 311 -11382
1652 373 -11326
1653 307 -11374
1654 271 -11198
1655 141 -11242
1656 309 -11266
1657 131 -11202
1658 273 -11318
1659 201 -11166
1660 77 -11126
1661 263 -10790
1662 253 -10782
1663 299 -11154
1664 355 -11210
1665 423 -11374
1666 447 -11438
1667 585 -11482
1668 455 -11722
1669 617 -11414
1670 807 -11266
1671 985 -11462
1672 911 -11434
1673 1133 -11690
1674 1043 -11430
1675 1019 -11490
1676 877 -11418
1677 879 -11406
1678 831 -11278
1679 935 -11550
1680 747 -11598
1681 793 -11722
1682 689 -11614
1683 665 -11550
1684 595 -11782
1685 709 -11778
1686 583 -11602
1687 507 -11342
1688 439 -11474
1689 533 -11174
1690 695 -11398
1691 787 -11246
1692 847 -11226
1693 1045 -11206
1694 991 -11310
1695 1115 -11322
1696 1241 -11118
1697 1077 -11090
1698 1143 -11194
1699 1237 -11138
1700 1169 -11246
1701 1231 -11338
1702 1163 -11366
1703 955 -11210
1704 989 -11534
1705 823 -11566
1706 1019 -11742
1707 1217 -11602
1708 995 -11682
1709 1125 -11526
1710 1019 -11322
1711 1045 -11298
1712 771 -11090
1713 871 -11210
1714 765 -11286
1715 761 -11306
1716 903 -11394
1717 735 -11246
1718 769 -11358
1719 839 -11262
1720 789 -11562
1721 1083 -11606
1722 1189 -11770
1723 1191 -11582
1724 1011 -11550
1725 995 -11422
1726 1139 -11526
1727 1045 -11582
1728 987 -11510
1729 827 -11146
1730 775 -11134
1731 861 -11186
1732 1015 -11294
1733 761 -11330
1734 641 -11350
1735 693 -11230
1736 653 -11554
1737 695 -11178
1738 707 -11222
1739 417 -11150
1740 569 -11050
1741 597 -11198
1742 379 -11014
1743 507 -11050
1744 685 -10886
1745 831 -11054
1746 913 -11094
1747 891 -11202
1748 1065 -11210
1749 969 -11510
1750 807 -11230
1751 883 -11310
1752 689 -11106
1753 557 -11202
1754 445 -11326
1755 595 -11310
1756 735 -11126
1757 667 -11186
1758 411 -11354
1759 513 -11146
1760 483 -11162
1761 523 -11314
1762 467 -11410
1763 523 -11466
1764 681 -11190
1765 659 -11586
1766 567 -11602
1767 625 -11686
1768 655 -11510
1769 577 -11474
1770 803 -11510
1771 813 -11358
1772 733 -11350
1773 933 -11238
1774 991 -11278
1775 995 -11290
1776 1289 -11202
1777 1241 -11334
1778 1069 -11286
1779 1083 -11122
1780 917 -11082
1781 973 -11038
1782 1049 -11022
1783 933 -11202
1784 813 -11262
1785 655 -11346
1786 645 -11110
1787 721 -11086
1788 719 -11294
1789 729 -11306
1790 669 -11178
1791 959 -11126
1792 939 -10938
1793 873 -11202
1794 725 -11102
1795 767 -11206
1796 769 -11142
1797 749 -10982
1798 917 -11186
1799 1001 -11366
1800 1057 -11110
1801 1087 -11262
1802 941 -11246
1803 831 -11370
1804 845 -11402
1805 703 -11250
1806 675 -11334
1807 629 -11210
1808 803 -11346
1809 659 -11242
1810 665 -11310
1811 531 -11554
1812 643 -11322
1813 617 -11638
1814 607 -11706
1815 517 -11598
1816 575 -11686
1817 423 -11670
1818 323 -11350
1819 231 -11262
1820 379 -11214
1821 401 -11570
1822 263 -11302
1823 143 -11450
1824 29 -11306
1825 37 -11306
1826 -45 -11154
1827 -101 -11526
1828 71 -11602
1829 -167 -11810
1830 -133 -11726
1831 -151 -11366
1832 -109 -11586
1833 -35 -11406
1834 47 -11382
1835 175 -11650
1836 331 -11458
1837 359 -11426
1838 245 -11418
1839 241 -11626
1840 383 -11394
1841 449 -11586
1842 329 -11514
1843 159 -11486
1844 161 -11278
1845 111 -11818
1846 147 -11882
1847 321 -11962
1848 411 -11650
1849 355 -11730
1850 255 -11686
1851 317 -11614
1852 283 -11382
1853 263 -11510
1854 313 -11542
1855 -71 -11546
1856 -275 -11642
1857 -181 -11614
1858 -129 -11518
1859 -91 -11698
1860 -67 -11678
1861 41 -11710
1862 23 -11586
1863 -131 -11694
1864 -197 -11770
1865 -169 -11946
1866 -191 -11998
1867 -129 -11766
1868 -189 -11762
1869 -121 -11738
1870 17 -11734
1871 31 -11454
1872 -291 -11426
1873 -417 -11326
1874 -405 -11326
1875 -413 -11426
1876 -361 -11526
1877 -501 -11402
1878 -369 -11478
1879 -253 -11426
1880 -275 -11438
1881 -357 -11262
1882 -357 -11222
1883 -383 -11402
1884 -419 -11586
1885 -487 -11706
1886 -479 -11902
1887 -449 -11722
1888 -437 -11770
1889 -605 -11494
1890 -583 -11514
1891 -571 -11610
1892 -539 -11782
1893 -529 -11650
1894 -461 -11598
1895 -381 -11558
1896 -349 -11398
1897 -151 -11426
1898 -107 -11202
1899 -71 -11354
1900 39 -11234
1901 -31 -11382
1902 -137 -11498
1903 -247 -11366
1904 -181 -11458
1905 -259 -11494
1906 -151 -11506
1907 -177 -11230
1908 -183 -11214
1909 -189 -11154
1910 -333 -11038
1911 -507 -10938
1912 -373 -10858
1913 -127 -10846
1914 -69 -10910
1915 -249 -10994
1916 -207 -10870
1917 -285 -10754
1918 -435 -10962
1919 -447 -11166
1920 -463 -11198
1921 -429 -11318
1922 -435 -11482
1923 -473 -11494
1924 -483 -11358
1925 -443 -11170
1926 -319 -11118
1927 -199 -11226
1928 -133 -11186
1929 -201 -11310
1930 -241 -11394
1931 -393 -11434
1932 -275 -11174
1933 -237 -11482
1934 -323 -11326
1935 -397 -11210
1936 -237 -11294
1937 -265 -11410
1938 -411 -11362
1939 -441 -11562
1940 -499 -11282
1941 -497 -11182
1942 -599 -11238
1943 -597 -11238
1944 -683 -11334
1945 -559 -11214
1946 -447 -11298
1947 -339 -11230
1948 -295 -11318
1949 -367 -11298
1950 -589 -11338
1951 -559 -11422
1952 -611 -11554
1953 -677 -11446
1954 -789 -11214
1955 -833 -11306
1956 -871 -11318
1957 -799 -11322
1958 -1089 -11490
1959 -891 -11594
1960 -941 -11482
1961 -819 -11422
1962 -753 -11422
1963 -813 -11330
1964 -697 -11618
1965 -637 -11214
1966 -785 -11462
1967 -1049 -11414
1968 -1087 -11466
1969 -1151 -11726
1970 -1313 -11754
1971 -1129 -11630
1972 -1187 -11294
1973 -1233 -11402
1974 -1151 -11610
1975 -1225 -11722
1976 -1151 -11642
1977 -1099 -11586
1978 -1161 -11670
1979 -1327 -11610
1980 -1157 -11502
1981 -1065 -11630
1982 -1001 -11650
1983 -999 -11530
1984 -933 -11590
1985 -895 -11534
1986 -823 -11346
1987 -787 -11502
1988 -833 -11846
1989 -753 -11874
1990 -971 -11802
1991 -1107 -11686
1992 -1257 -11478
1993 -1305 -11286
1994 -1401 -11330
1995 -1327 -11350
1996 -1353 -11666
1997 -1341 -11458
1998 -1367 -11450
1999 -1369 -11418
2000 -1275 -11550
2001 -1431 -11254
2002 -1215 -11062
2003 -1171 -11234
2004 -1291 -11002
2005 -1477 -11162
2006 -1367 -11234
2007 -1481 -11126
2008 -1415 -11210
2009 -1285 -11450
2010 -1193 -11378
2011 -1259 -11378
2012 -1151 -11110
2013 -991 -11234
2014 -1041 -11274
2015 -1003 -11466
2016 -991 -11246
2017 -1039 -11418
2018 -985 -11418
2019 -849 -11182
2020 -841 -11126
2021 -759 -11186
2022 -775 -11354
2023 -915 -11222
2024 -1029 -11166
2025 -1019 -11362
2026 -907 -11282
2027 -651 -11570
2028 -695 -11406
2029 -625 -11474
2030 -795 -11230
2031 -819 -11390
2032 -759 -11458
2033 -799 -11546
2034 -789 -11218
2035 -663 -11562
2036 -651 -11582
2037 -665 -11562
2038 -511 -11670
2039 -403 -11670
2040 -509 -11634
2041 -497 -11802
2042 -325 -11798
2043 -355 -11646
2044 -269 -11894
2045 -431 -11398
2046 -265 -11614
2047 -275 -11350
2048 -291 -11026
2049 -401 -11378
2050 -295 -11538
2051 -419 -11078
2052 -571 -11282
2053 -367 -11418
2054 -359 -11218
2055 -349 -11266
2056 -355 -11490
2057 -315 -11342
2058 -397 -11086
2059 -293 -11250
2060 -277 -11194
2061 -457 -11182
2062 -319 -11098
2063 -271 -11182
2064 -99 -11562
2065 -161 -11062
2066 -7 -11170
2067 -139 -11142
2068 -263 -10866
2069 -451 -10690
2070 -465 -10782
2071 -577 -11054
2072 -585 -11026
2073 -845 -11002
2074 -719 -11066
2075 -597 -11086
2076 -463 -11238
2077 -577 -11170
2078 -521 -11290
2079 -399 -11410
2080 -513 -11226
2081 -469 -11342
2082 -503 -11386
2083 -367 -11370
2084 -395 -11382
2085 -337 -11170
2086 -329 -11150
2087 -441 -11306
2088 -503 -11422
2089 -437 -11646
2090 -187 -11830
2091 -333 -11590
2092 -231 -11406
2093 -207 -11214
2094 -203 -11154
2095 -125 -11350
2096 -69 -11478
2097 -141 -11234
2098 23 -11278
2099 -25 -11222
2100 -119 -11438
2101 -173 -11442
2102 -275 -11370
2103 -329 -11454
2104 -265 -11598
2105 -97 -11490
2106 119 -11426
2107 193 -11482
2108 245 -11438
2109 247 -11314
2110 227 -11370
2111 331 -11494
2112 345 -11274
2113 367 -11566
2114 347 -11586
2115 395 -11618
2116 193 -11654
2117 43 -11542
2118 -123 -11430
2119 -99 -11414
2120 -91 -11282
2121 -303 -11414
2122 -213 -11834
2123 -225 -11470
2124 -231 -11422
2125 -57 -11474
2126 -139 -11298
2127 -9 -11386
2128 -43 -11374
2129 -233 -11762
2130 -409 -11482
2131 -637 -11442
2132 -561 -11282
2133 -487 -11290
2134 -495 -11250
2135 -557 -11050
2136 -233 -11398
2137 -119 -11378
2138 -257 -11622
2139 -363 -11518
2140 -179 -11674
2141 -37 -11474
2142 -163 -11386
2143 -157 -11426
2144 -293 -11542
2145 -215 -11242
2146 -5 -11126
2147 47 -11274
2148 129 -11290
2149 107 -11406
2150 -17 -11434
2151 -177 -11214
2152 33 -11166
2153 299 -11286
2154 473 -10910
2155 385 -10946
2156 457 -10966
2157 345 -10994
2158 389 -11146
2159 121 -11058
2160 121 -10998
2161 181 -10930
2162 123 -11362
2163 -41 -11190
2164 -61 -11246
2165 -173 -11338
2166 -139 -11450
2167 -177 -11262
2168 -63 -11442
2169 -141 -11166
2170 -131 -11034
2171 -267 -10910
2172 -101 -11106
2173 -171 -11186
2174 -55 -11422
2175 -193 -11402
2176 -247 -11238
2177 -411 -11370
2178 -455 -11250
2179 -455 -11238
2180 -471 -11438
2181 -463 -11354
2182 -399 -11078
2183 -353 -10790
2184 -201 -11182
2185 -35 -11194
2186 -25 -11258
2187 -53 -11438
2188 -55 -11166
2189 73 -11210
2190 23 -11386
2191 1 -11542
2192 47 -11482
2193 303 -11462
2194 295 -11094
2195 303 -11162
2196 231 -11394
2197 229 -11042
2198 245 -11322
2199 65 -11142
2200 35 -11134
2201 -11 -11018
2202 -155 -10978
2203 19 -11054
2204 205 -10942
2205 199 -11002
2206 -307 -11058
2207 81 -11302
2208 -31 -11486
2209 -59 -11302
2210 -51 -11478
2211 51 -11386
2212 141 -11334
2213 143 -11222
2214 73 -11038
2215 103 -11218
2216 257 -11054
2217 297 -11222
2218 331 -11178
2219 393 -11054
2220 385 -10966
2221 415 -11142
2222 463 -11198
2223 479 -11190
2224 539 -11218
2225 569 -11578
2226 853 -11346
2227 703 -11058
2228 487 -11134
2229 211 -11154
2230 87 -10926
2231 123 -11022
2232 79 -11070
2233 -69 -10670
2234 -5 -10554
2235 -67 -10706
2236 45 -10806
2237 139 -10830
2238 127 -10826
2239 111 -11122
2240 119 -10922
2241 201 -11134
2242 133 -11042
2243 -3 -11122
2244 -127 -11062
2245 -359 -11034
2246 -341 -11042
2247 -211 -10694
2248 -41 -10722
2249 133 -10874
2250 137 -11086
2251 347 -11058
2252 181 -11066
2253 175 -10874
2254 -139 -10966
2255 -169 -11086
2256 29 -11290
2257 129 -11082
2258 365 -11170
2259 489 -11206
2260 365 -11118
2261 237 -11062
2262 273 -11150
2263 197 -11330
2264 117 -11446
2265 63 -11746
2266 277 -11650
2267 371 -11214
2268 349 -11178
2269 251 -11346
2270 319 -11246
2271 411 -11326
2272 385 -11282
2273 409 -11282
2274 467 -11214
2275 475 -11326
2276 213 -10882
2277 289 -11018
2278 191 -10974
2279 335 -11122
2280 249 -11238
2281 273 -11202
2282 325 -11058
2283 479 -11306
2284 603 -10998
2285 725 -10994
2286 681 -11050
2287 583 -11038
2288 505 -10658
2289 375 -10794
2290 399 -10906
2291 507 -11186
2292 619 -11106
2293 689 -11154
2294 743 -11122
2295 607 -11074
2296 625 -10990
2297 677 -11178
2298 795 -11266
2299 723 -11290
2300 623 -11054
2301 699 -10914
2302 579 -10866
2303 591 -10978
2304 485 -11026
2305 361 -11182
2306 441 -11134
2307 623 -11342
2308 619 -11350
2309 641 -11194
2310 437 -11050
2311 709 -10830
2312 811 -11098
2313 783 -11070
2314 753 -11262
2315 533 -11302
2316 699 -11322
2317 649 -11290
2318 711 -11298
2319 921 -11462
2320 961 -11134
2321 1035 -11370
2322 1303 -11278
2323 1221 -11142
2324 1111 -10926
2325 1071 -11202
2326 941 -11182
2327 1125 -11378
2328 1135 -11622
2329 877 -11482
2330 965 -11586
2331 865 -11602
2332 1061 -11554
2333 805 -11478
2334 741 -11146
2335 653 -11130
2336 839 -11282
2337 707 -11470
2338 649 -11466
2339 721 -11130
2340 705 -11362
2341 793 -11522
2342 895 -11274
2343 973 -11290
2344 983 -11370
2345 1047 -11346
2346 959 -11366
2347 685 -11218
2348 841 -11290
2349 941 -11134
2350 915 -11270
2351 801 -11210
2352 811 -11246
2353 823 -11354
2354 749 -11530
2355 621 -11410
2356 663 -11526
2357 745 -11510
2358 767 -11386
2359 735 -11302
2360 765 -11226
2361 777 -11342
2362 855 -11070
2363 729 -11126
2364 839 -10954
2365 905 -11106
2366 1067 -11282
2367 989 -10970
2368 1031 -10998
2369 1095 -11222
2370 1025 -11346
2371 895 -11166
2372 753 -11138
2373 933 -11318
2374 827 -11434
2375 901 -11154
2376 1061 -11482
2377 1135 -11498
2378 1081 -11410
2379 1029 -11750
2380 1155 -11422
2381 1175 -11346
2382 1229 -11478
2383 1227 -11398
2384 1469 -11518
2385 1279 -11434
2386 1163 -11638
2387 1009 -11614
2388 727 -11798
2389 527 -11786
2390 581 -11990
2391 709 -11838
2392 539 -11534
2393 409 -11462
2394 553 -11334
2395 669 -11374
2396 577 -11530
2397 525 -11142
2398 577 -11222
2399 581 -11410
2400 551 -11402
2401 619 -11342
2402 933 -11402
2403 1003 -11234
2404 1107 -11338
2405 1169 -11502
2406 947 -11318
2407 837 -11118
2408 897 -11082
2409 1017 -11202
2410 883 -11274
2411 963 -11326
2412 897 -11250
2413 929 -11058
2414 945 -11138
2415 987 -11362
2416 937 -11474
2417 815 -11102
2418 667 -11130
2419 701 -11242
2420 549 -11122
2421 635 -10898
2422 655 -11050
2423 731 -11082
2424 809 -11078
2425 677 -11150
2426 483 -11238
2427 439 -11314
2428 325 -11294
2429 47 -11250
2430 -37 -11402
2431 -73 -11322
2432 -235 -11350
2433 -193 -11242
2434 -243 -11210
2435 -151 -11398
2436 -207 -11614
2437 -177 -11270
2438 -217 -11486
2439 -65 -11622
2440 -13 -11326
2441 -77 -11358
2442 -189 -11406
2443 -297 -11490
2444 -229 -11594
2445 -165 -11622
2446 -381 -11494
2447 -381 -11422
2448 -325 -11850
2449 -189 -11670
2450 -197 -11538
2451 -269 -11522
2452 -347 -11642
2453 -411 -11826
2454 -511 -11778
2455 -571 -11838
2456 -427 -11770
2457 -381 -11266
2458 -279 -11498
2459 -385 -11350
2460 -489 -11590
2461 -495 -11418
2462 -597 -11662
2463 -659 -11690
2464 -713 -11638
2465 -793 -11318
2466 -781 -11558
2467 -843 -11554
2468 -997 -11438
2469 -1161 -11298
2470 -1137 -11286
2471 -1211 -11274
2472 -1115 -11302
2473 -1173 -11330
2474 -1019 -11390
2475 -905 -11550
2476 -1029 -11578
2477 -1145 -11574
2478 -1169 -11622
2479 -1255 -11314
2480 -985 -11394
2481 -847 -11570
2482 -805 -11634
2483 -665 -11538
2484 -563 -11542
2485 -815 -11702
2486 -933 -11630
2487 -1013 -11770
2488 -1129 -11962
2489 -989 -11730
2490 -857 -12030
2491 -971 -12170
2492 -1057 -11854
2493 -1179 -11978
2494 -1141 -12026
2495 -919 -11682
2496 -865 -11534
2497 -827 -11434
2498 -871 -11418
2499 -639 -11202
2500 -621 -11346
2501 -527 -11254
2502 -543 -11638
2503 -457 -11562
2504 -415 -11654
2505 -431 -11618
2506 -769 -11950
2507 -857 -11834
2508 -805 -11986
2509 -679 -11922
2510 -815 -11942
2511 -787 -11526
2512 -999 -11758
2513 -1187 -11682
2514 -1279 -11698
2515 -1467 -11994
2516 -1555 -11914
2517 -1461 -11802
2518 -1481 -11818
2519 -1493 -11802
2520 -1787 -11838
2521 -1729 -11698
2522 -1577 -11382
2523 -1685 -11642
2524 -1667 -11466
2525 -1637 -11258
2526 -1703 -11530
2527 -1577 -11490
2528 -1547 -11430
2529 -1661 -11282
2530 -1729 -11570
2531 -1731 -11542
2532 -1811 -11330
2533 -1707 -11406
2534 -1629 -11286
2535 -1535 -11142
2536 -1617 -11430
2537 -1545 -11302
2538 -1575 -11374
2539 -1505 -11402
2540 -1563 -11706
2541 -1477 -11758
2542 -1427 -11394
2543 -1459 -11234
2544 -1449 -10962
2545 -1635 -11282
2546 -1845 -11450
2547 -1757 -11534
2548 -1667 -11518
2549 -1483 -11606
2550 -1595 -11874
2551 -1549 -11586
2552 -1739 -11498
2553 -1671 -11146
2554 -1771 -11326
2555 -1779 -11422
2556 -1727 -11290
2557 -1575 -11430
2558 -1677 -11290
2559 -1457 -11330
2560 -1485 -11274
2561 -1195 -11538
2562 -1239 -11422
2563 -1295 -11394
2564 -1139 -11498
2565 -1309 -11746
2566 -1237 -11378
2567 -1333 -11402
2568 -1369 -11302
2569 -1495 -11358
2570 -1515 -11618
2571 -1437 -11482
2572 -1363 -11570
2573 -1247 -11902
2574 -1127 -11714
2575 -1153 -11454
2576 -1175 -11678
2577 -1077 -11394
2578 -1089 -11318
2579 -1011 -11086
2580 -985 -11166
2581 -885 -11006
2582 -897 -11282
2583 -833 -11118
2584 -671 -11366
2585 -709 -11646
2586 -745 -11450
2587 -691 -11242
2588 -671 -11434
2589 -775 -11110
2590 -877 -11206
2591 -915 -11246
2592 -945 -11298
2593 -989 -11338
2594 -931 -11462
2595 -905 -11530
2596 -817 -11610
2597 -849 -11318
2598 -979 -11306
2599 -1055 -11362
2600 -1091 -11418
2601 -929 -11410
2602 -867 -11382
2603 -973 -11506
2604 -859 -11498
2605 -831 -11374
2606 -903 -11402
2607 -991 -11250
2608 -1049 -11402
2609 -827 -11318
2610 -777 -11402
2611 -679 -11214
2612 -593 -11106
2613 -759 -11306
2614 -887 -11234
2615 -783 -11254
2616 -909 -11450
2617 -917 -11394
2618 -967 -11178
2619 -807 -11034
2620 -933 -11086
2621 -869 -11206
2622 -901 -11470
2623 -923 -11638
2624 -895 -11526
2625 -799 -11426
2626 -767 -11570
2627 -509 -11626
2628 -533 -11354
2629 -525 -11118
2630 -663 -11142
2631 -599 -11074
2632 -467 -11198
2633 -429 -11102
2634 -503 -11074
2635 -437 -11318
2636 -407 -11558
2637 -503 -11450
2638 -601 -11482
2639 -703 -11150
2640 -493 -10970
2641 -577 -11250
2642 -617 -11350
2643 -643 -11302
2644 -633 -11214
2645 -727 -11486
2646 -765 -11510
2647 -851 -11378
2648 -829 -11354
2649 -823 -11066
2650 -749 -11074
2651 -831 -11090
2652 -991 -11018
2653 -901 -11166
2654 -733 -11166
2655 -615 -11286
2656 -807 -11170
2657 -767 -11146
2658 -647 -11374
2659 -583 -11486
2660 -527 -11342
2661 -323 -11146
2662 -421 -11062
2663 -221 -11246
2664 -269 -11170
2665 -297 -11226
2666 -367 -11282
2667 -425 -11222
2668 -553 -11410
2669 -405 -11438
2670 -545 -11382
2671 -745 -11238
2672 -581 -11582
2673 -639 -11430
2674 -533 -11378
2675 -449 -11466
2676 -433 -11626
2677 -479 -11514
2678 -499 -11442
2679 -397 -11666
2680 -495 -11474
2681 -727 -11494
2682 -831 -11678
2683 -869 -11642
2684 -879 -11814
2685 -907 -11898
2686 -817 -11558
2687 -817 -11546
2688 -893 -11474
2689 -927 -11522
2690 -883 -11210
2691 -907 -11362
2692 -701 -11186
2693 -847 -11098
2694 -883 -11142
2695 -877 -11354
2696 -1119 -11374
2697 -1007 -11378
2698 -1021 -11258
2699 -1085 -11394
2700 -1123 -11426
2701 -1077 -11590
2702 -1145 -11398
2703 -1057 -11214
2704 -873 -11314
2705 -1055 -11322
2706 -875 -11230
2707 -781 -11402
2708 -781 -11390
2709 -657 -11426
2710 -793 -11098
2711 -805 -11266
2712 -803 -11130
2713 -901 -11254
2714 -717 -11242
2715 -545 -11238
2716 -593 -11518
2717 -623 -11286
2718 -465 -11258
2719 -469 -11254
2720 -403 -11182
2721 -267 -11354
2722 -249 -11258
2723 -315 -11262
2724 -231 -11406
2725 -65 -11406
2726 -23 -11610
2727 -65 -11494
2728 59 -11242
2729 -97 -11022
2730 -93 -11230
2731 -113 -11182
2732 -99 -11218
2733 -55 -11570
2734 115 -11562
2735 187 -11474
2736 293 -11510
2737 263 -11462
2738 319 -11318
2739 295 -11490
2740 299 -11466
2741 101 -11410
2742 217 -11258
2743 179 -11426
2744 9 -11510
2745 27 -11374
2746 -111 -11470
2747 -223 -11530
2748 -123 -11522
2749 -165 -11474
2750 -111 -11146
2751 -223 -11570
2752 -305 -11102
2753 -231 -11310
2754 -153 -11242
2755 -229 -11442
2756 -367 -11410
2757 -481 -11314
2758 -647 -11882
2759 -613 -11526
2760 -501 -11382
2761 -547 -11290
2762 -617 -11422
2763 -645 -11538
2764 -491 -11122
2765 -285 -11534
2766 -215 -11686
2767 -255 -11586
2768 -141 -11550
2769 -213 -11774
2770 -137 -11634
2771 -129 -11554
2772 -117 -11826
2773 -201 -12066
2774 -251 -11734
2775 -501 -11694
2776 -631 -11754
2777 -627 -11714
2778 -685 -11870
2779 -705 -11710
2780 -497 -11970
2781 -339 -11634
2782 -219 -11794
2783 -155 -11766
2784 -97 -11498
2785 -171 -11386
2786 119 -11642
2787 217 -11218
2788 229 -11226
2789 393 -11714
2790 363 -11554
2791 417 -11442
2792 515 -11390
2793 513 -11502
2794 523 -11342
2795 753 -11414
2796 951 -11346
2797 1069 -11450
2798 1207 -11646
2799 1145 -11562
2800 1063 -11914
2801 1013 -11498
2802 1057 -11354
2803 1227 -11346
2804 1181 -11158
2805 987 -11070
2806 1001 -11278
2807 909 -11174
2808 961 -11278
2809 673 -11218
2810 587 -11238
2811 663 -10902
2812 627 -11126
2813 441 -11170
2814 363 -11022
2815 411 -11130
2816 213 -11078
2817 289 -10986
2818 207 -11146
2819 285 -11406
2820 405 -11278
2821 369 -11194
2822 273 -11334
2823 389 -11254
2824 269 -11374
2825 329 -11130
2826 407 -11298
2827 477 -11394
2828 365 -11334
2829 419 -11446
2830 667 -11318
2831 683 -11182
2832 539 -11018
2833 793 -10902
2834 713 -10938
2835 993 -10630
2836 1041 -10946
2837 1071 -10850
2838 1149 -10850
2839 1179 -10730
2840 1293 -11370
2841 1273 -10838
2842 1161 -11158
2843 1179 -10926
2844 1301 -10786
2845 1231 -10910
2846 1197 -10906
2847 927 -10906
2848 1095 -10946
2849 1039 -10998
2850 1083 -10778
2851 1023 -11042
2852 1085 -11002
2853 979 -11022
2854 831 -10770
2855 837 -10930
2856 821 -11086
2857 695 -11166
2858 673 -11142
2859 659 -11166
2860 551 -10810
2861 455 -11034
2862 617 -11210
2863 619 -11502
2864 785 -11138
2865 707 -11134
2866 657 -11314
2867 593 -11150
2868 523 -11250
2869 409 -11422
2870 531 -11310
2871 567 -11222
2872 309 -11382
2873 419 -11598
2874 283 -11450
2875 401 -11202
2876 169 -11198
2877 189 -11206
2878 379 -11342
2879 345 -11042
2880 299 -11262
2881 235 -11286
2882 351 -11346
2883 245 -10998
2884 149 -11430
2885 255 -11410
2886 133 -11370
2887 93 -11206
2888 -93 -11182
2889 -97 -10814
2890 -117 -11006
2891 -131 -11078
2892 -161 -10982
2893 -65 -11262
2894 -99 -11098
2895 -85 -11034
2896 -263 -11106
2897 -315 -11138
2898 63 -11338
2899 125 -11082
2900 105 -11114
2901 35 -11074
2902 -39 -11038
2903 -149 -10954
2904 -135 -11170
2905 -253 -11106
2906 -425 -11250
2907 -387 -11226
2908 -479 -11298
2909 -459 -11174
2910 -535 -11146
2911 -393 -10966
2912 -183 -11114
2913 -257 -11022
2914 -293 -11154
2915 -403 -11174
2916 -515 -10862
2917 -707 -11002
2918 -599 -11286
2919 -587 -11262
2920 -629 -11206
2921 -563 -11154
2922 -443 -11118
2923 -395 -11046
2924 -341 -11262
2925 -277 -11230
2926 -155 -11238
2927 -235 -11258
2928 -213 -11238
2929 -131 -11214
2930 -93 -10902
2931 -107 -11034
2932 -209 -11054
2933 47 -11002
2934 163 -10922
2935 385 -11026
2936 363 -11054
2937 517 -11214
2938 429 -11290
2939 387 -11278
2940 431 -11086
2941 291 -11062
2942 335 -11038
2943 261 -11162
2944 359 -10942
2945 349 -10722
2946 445 -10870
2947 423 -10798
2948 479 -10786
2949 501 -11138
2950 649 -11226
2951 613 -10802
2952 683 -10942
2953 651 -11102
2954 407 -10938
2955 233 -11110
2956 415 -11162
2957 535 -11342
2958 717 -11310
2959 741 -11438
2960 855 -11070
2961 939 -11098
2962 999 -11126
2963 1061 -11334
2964 959 -11418
2965 1105 -11250
2966 1077 -11382
2967 1095 -11302
2968 1165 -11310
2969 1049 -11066
2970 1095 -11274
2971 983 -11454
2972 773 -11278
2973 767 -11478
2974 909 -11358
2975 807 -11314
2976 811 -11510
2977 741 -11466
2978 709 -11386
2979 695 -11298
2980 723 -11302
2981 583 -11094
2982 535 -11290
2983 635 -10970
2984 597 -11370
2985 641 -11414
2986 695 -11410
2987 571 -11190
2988 467 -11426
2989 447 -11282
2990 633 -11406
2991 685 -11654
2992 749 -11670
2993 859 -11702
2994 835 -11590
2995 843 -11682
2996 731 -11790
2997 727 -11650
2998 675 -11714
2999 617 -11822
3000 709 -11682
3001 837 -11450
3002 877 -11702
3003 1031 -11534
3004 961 -11546
3005 685 -11546
3006 685 -11522
3007 787 -11498
3008 865 -11410
3009 803 -11130
3010 737 -11454
3011 623 -11446
3012 483 -11150
3013 407 -11310
3014 291 -11266
3015 119 -11434
3016 139 -11274
3017 145 -11134
3018 77 -11154
3019 65 -11182
3020 -53 -11350
3021 -107 -11242
3022 -257 -11170
3023 -215 -11322
3024 -313 -11414
3025 -381 -11582
3026 -321 -11454
3027 -299 -11750
3028 -371 -11642
3029 -425 -11682
3030 -311 -11534
3031 -295 -11590
3032 -205 -11734
3033 -243 -11486
3034 -167 -11562
3035 -223 -11686
3036 -185 -11694
3037 21 -11646
3038 -131 -11694
3039 7 -11758
3040 -3 -11542
3041 49 -11402
3042 77 -11294
3043 171 -11378
3044 59 -11302
3045 237 -11218
3046 261 -11134
3047 -83 -11234
3048 -31 -11222
3049 -15 -11278
3050 147 -11262
3051 75 -11170
3052 -89 -11130
3053 51 -11098
3054 -29 -11598
3055 -101 -11510
3056 -157 -11578
3057 -197 -11522
3058 -105 -11742
3059 -3 -11558
3060 5 -11510
3061 -3 -11610
3062 -63 -11510
3063 -171 -11430
3064 -39 -11246
3065 -185 -11290
3066 -141 -11134
3067 -219 -11314
3068 -315 -11302
3069 -457 -11142
3070 -511 -11254
3071 -415 -11482
3072 -479 -11626
3073 -367 -11438
3074 -429 -11214
3075 -637 -11338
3076 -721 -11562
3077 -893 -11574
3078 -755 -11370
3079 -601 -11310
3080 -565 -11310
3081 -511 -11226
3082 -503 -11258
3083 -633 -11342
3084 -819 -11246
3085 -833 -11238
3086 -799 -11410
3087 -739 -11406
3088 -715 -11470
3089 -517 -11314
3090 -393 -11486
3091 -317 -11038
3092 -431 -11046
3093 -545 -11158
3094 -489 -11474
3095 -555 -11430
3096 -403 -11414
3097 -657 -11590
3098 -741 -11226
3099 -709 -11258
3100 -765 -11218
3101 -693 -10994
3102 -927 -11014
3103 -785 -11270
3104 -649 -11446
3105 -581 -11350
3106 -543 -11566
3107 -419 -11238
3108 -347 -11234
3109 -329 -11590
3110 -263 -11502
3111 -247 -11370
3112 -381 -10950
3113 -317 -11038
3114 -421 -11250
3115 -557 -11294
3116 -693 -11218
3117 -775 -11106
3118 -839 -10978
3119 -943 -11146
3120 -915 -11006
3121 -805 -11082
3122 -829 -10994
3123 -797 -10770
3124 -511 -10966
3125 -411 -11290
3126 -389 -11442
3127 -345 -11626
3128 33 -11558
3129 -13 -11362
3130 -169 -11610
3131 -121 -11306
3132 -229 -11406
3133 -65 -11622
3134 -133 -11670
3135 59 -11106
3136 45 -11158
3137 109 -11494
3138 347 -11738
3139 523 -11726
3140 605 -11818
3141 629 -11534
3142 659 -11386
3143 645 -11398
3144 601 -11134
3145 581 -11626
3146 555 -11390
3147 411 -11434
3148 431 -11534
3149 369 -11598
3150 317 -11530
3151 419 -11582
3152 475 -11690
3153 413 -11694
3154 407 -11610
3155 451 -11486
3156 377 -11506
3157 331 -11418
3158 299 -11430
3159 233 -11574
3160 103 -11686
3161 33 -11574
3162 -109 -11266
3163 1 -11566
3164 3 -11926
3165 -109 -11962
3166 -191 -11906
3167 -205 -12014
3168 -239 -11774
3169 -189 -11818
3170 -313 -11814
3171 -293 -11762
3172 -189 -11818
3173 -209 -11518
3174 -153 -11162
3175 -135 -11294
3176 -53 -11278
3177 27 -10914
3178 107 -11470
3179 225 -11038
3180 275 -10970
3181 179 -10898
3182 299 -10906
3183 645 -10886
3184 623 -11178
3185 479 -11118
3186 347 -11434
3187 505 -11314
3188 521 -11318
3189 571 -11354
3190 597 -11610
3191 571 -11722
3192 475 -11534
3193 587 -11450
3194 583 -11302
3195 613 -11430
3196 703 -11686
3197 775 -11570
3198 733 -11434
3199 619 -11394
3200 545 -11342
3201 491 -11510
3202 429 -11434
3203 615 -11206
3204 607 -11454
3205 717 -11630
3206 759 -11482
3207 793 -11666
3208 857 -11502
3209 845 -11250
3210 821 -11378
3211 517 -11114
3212 321 -11302
3213 395 -11310
3214 403 -11278
3215 413 -11206
3216 331 -10986
3217 277 -11086
3218 227 -11142
3219 221 -11418
3220 391 -11190
3221 403 -11130
3222 487 -11322
3223 473 -11406
3224 449 -11386
3225 127 -11438
3226 101 -11246
3227 95 -11178
3228 227 -11110
3229 293 -11218
3230 369 -11222
3231 379 -11334
3232 467 -11410
3233 445 -11454
3234 531 -11622
3235 659 -11682
3236 883 -11526
3237 631 -11630
3238 819 -11702
3239 969 -11554
3240 883 -11554
3241 875 -11482
3242 829 -11442
3243 743 -11362
3244 897 -11502
3245 989 -11554
3246 795 -11782
3247 1061 -11658
3248 969 -11658
3249 885 -11558
3250 929 -11482
3251 855 -11594
3252 711 -11522
3253 673 -11450
3254 675 -11110
3255 425 -11426
3256 367 -11566
3257 315 -11526
3258 387 -11466
3259 451 -11230
3260 231 -11134
3261 167 -10954
3262 125 -11174
3263 -5 -11098
3264 81 -11362
3265 -23 -11218
3266 275 -11366
3267 445 -11086
3268 403 -11190
3269 291 -10938
3270 235 -11322
3271 275 -11274
3272 277 -11098
3273 279 -11322
3274 227 -11366
3275 313 -10934
3276 557 -11210
3277 575 -11210
3278 703 -11110
3279 619 -11194
3280 761 -11094
3281 741 -11094
3282 637 -11022
3283 719 -11050
3284 795 -10930
3285 779 -10806
3286 671 -10534
3287 861 -10658
3288 885 -10830
3289 851 -11054
3290 769 -10950
3291 767 -10958
3292 889 -10902
3293 957 -10934
3294 971 -11038
3295 1137 -11070
3296 1201 -11198
3297 1191 -11150
3298 1027 -11058
3299 1081 -10970
3300 1109 -10842
3301 1071 -11010
3302 1283 -11178
3303 1381 -11062
3304 1403 -11038
3305 1217 -11326
3306 1145 -10894
3307 1059 -10666
3308 1089 -11134
3309 999 -10830
3310 785 -11174
3311 697 -11458
3312 499 -11418
3313 679 -11518
3314 779 -11418
3315 825 -11594
3316 831 -11410
3317 865 -11410
3318 675 -11194
3319 627 -10990
3320 597 -10914
3321 365 -10818
3322 409 -11022
3323 279 -11502
3324 321 -11334
3325 271 -11614
3326 259 -11486
3327 231 -11430
3328 263 -11246
3329 165 -11034
3330 27 -11158
3331 63 -11178
3332 -31 -11074
3333 73 -11034
3334 161 -11002
3335 111 -10938
3336 7 -11062
3337 91 -11142
3338 29 -11482
3339 11 -11426
3340 -119 -11406
3341 -203 -11286
3342 -299 -11162
3343 -447 -11070
3344 -405 -11138
3345 -635 -11290
3346 -687 -11354
3347 -843 -11322
3348 -819 -11218
3349 -853 -10982
3350 -811 -10938
3351 -765 -11226
3352 -745 -11202
3353 -803 -11362
3354 -609 -11534
3355 -623 -11030
3356 -663 -11150
3357 -801 -11314
3358 -615 -11270
3359 -535 -11374
3360 -521 -11230
3361 -593 -11350
3362 -739 -11382
3363 -615 -11158
3364 -413 -11186
3365 -493 -11002
3366 -485 -11062
3367 -517 -11062
3368 -373 -11398
3369 -311 -11598
3370 -269 -11498
3371 -403 -11610
3372 -323 -11570
3373 -233 -11702
3374 -249 -11266
3375 -411 -11190
3376 -415 -11274
3377 -415 -11066
3378 -469 -11010
3379 -251 -10902
3380 -93 -11070
3381 55 -11318
3382 63 -11146
3383 257 -11446
3384 283 -11306
3385 509 -11318
3386 571 -11294
3387 713 -11330
3388 863 -11502
3389 797 -11506
3390 989 -11594
3391 1025 -11486
3392 1057 -11490
3393 1079 -11586
3394 1037 -11538
3395 1015 -11226
3396 945 -11346
3397 951 -11318
3398 919 -11446
3399 971 -11302
3400 847 -11338
3401 733 -11686
3402 655 -11746
3403 661 -11654
3404 715 -11670
3405 579 -11722
3406 545 -11822
3407 249 -11594
3408 47 -11506
3409 163 -11370
3410 47 -11466
3411 105 -11138
3412 185 -11126
3413 285 -11206
3414 301 -11054
3415 479 -10926
3416 523 -10950
3417 389 -11230
3418 293 -11486
3419 101 -11430
3420 137 -11298
3421 147 -11294
3422 79 -11334
3423 7 -11374
3424 9 -11422
3425 -113 -11530
3426 -227 -11242
3427 -337 -11410
3428 -277 -11418
3429 -163 -11782
3430 -77 -11650
3431 -15 -11486
3432 -33 -11510
3433 -81 -11634
3434 87 -11586
3435 119 -11514
3436 251 -11538
3437 339 -11626
3438 295 -11618
3439 77 -11250
3440 255 -11194
3441 125 -11374
3442 103 -11178
3443 53 -11550
3444 7 -11398
3445 153 -11406
3446 141 -11538
3447 95 -11546
3448 363 -11386
3449 695 -11314
3450 767 -11046
3451 703 -10938
3452 845 -11314
3453 751 -11302
3454 951 -11210
3455 867 -11218
3456 785 -11110
3457 677 -11298
3458 631 -11218
3459 457 -11346
3460 615 -11438
3461 627 -11334
3462 663 -10934
3463 727 -11066
3464 741 -11010
3465 699 -10930
3466 781 -10942
3467 881 -10686
3468 909 -10854
3469 987 -10934
3470 953 -10806
3471 929 -11006
3472 761 -11054
3473 767 -10954
3474 763 -11006
3475 557 -11158
3476 535 -11178
3477 625 -11062
3478 685 -11190
3479 785 -11130
3480 661 -11134
3481 517 -11334
3482 467 -11466
3483 361 -11522
3484 135 -11494
3485 -253 -11634
3486 -33 -11426
3487 7 -11374
3488 -201 -11222
3489 -153 -11602
3490 -241 -11378
3491 -59 -11294
3492 59 -11174
3493 61 -11274
3494 169 -11290
3495 81 -11290
3496 187 -11198
3497 -225 -11438
3498 -261 -11390
3499 -261 -11806
3500 -429 -11430
3501 -437 -11630
3502 -461 -11478
3503 -571 -11618
3504 -603 -11706
3505 -617 -11738
3506 -597 -11570
3507 -713 -11686
3508 -869 -11582
3509 -1049 -11818
3510 -1141 -11618
3511 -1165 -11622
3512 -1159 -11634
3513 -1213 -11386
3514 -1087 -11382
3515 -1097 -11482
3516 -977 -11154
3517 -1141 -11434
3518 -1079 -11422
3519 -1161 -11646
3520 -1305 -12090
3521 -1245 -11946
3522 -1369 -11874
3523 -1431 -11854
3524 -1383 -11578
3525 -1339 -11514
3526 -1261 -11734
3527 -1199 -11794
3528 -1221 -11906
3529 -1265 -11666
3530 -1323 -11718
3531 -1081 -11618
3532 -1093 -11558
3533 -937 -11798
3534 -821 -11782
3535 -973 -11626
3536 -883 -11558
3537 -709 -11762
3538 -849 -12058
3539 -879 -11858
3540 -877 -11818
3541 -917 -12090
3542 -975 -11926
3543 -925 -11650
3544 -809 -11498
3545 -721 -11538
3546 -537 -11630
3547 -695 -11354
3548 -745 -11402
3549 -771 -11434
3550 -655 -11126
3551 -627 -10982
3552 -553 -11086
3553 -621 -11246
3554 -507 -11394
3555 -483 -11330
3556 -477 -11342
3557 -437 -11290
3558 -467 -10966
3559 -579 -10930
3560 -599 -11114
3561 -543 -11290
3562 -585 -11586
3563 -653 -11446
3564 -643 -11562
3565 -449 -11654
3566 -467 -11630
3567 -517 -11502
3568 -735 -11418
3569 -573 -11394
3570 -601 -11394
3571 -465 -11458
3572 -573 -11290
3573 -533 -11286
3574 -613 -11214
3575 -685 -11130
3576 -551 -11366
3577 -553 -11474
3578 -559 -11302
3579 -493 -11366
3580 -445 -11086
3581 -353 -11182
3582 -245 -11122
3583 -233 -11282
3584 -321 -11310
3585 -305 -11230
3586 -279 -10958
3587 -245 -11338
3588 -159 -11454
3589 -93 -11330
3590 -61 -11206
3591 45 -11190
3592 101 -11282
3593 209 -11330
3594 211 -11270
3595 193 -11374
3596 101 -11294
3597 153 -11254
3598 237 -11214
3599 273 -11090
3600 335 -11198
3601 233 -10966
3602 347 -11022
3603 279 -11178
3604 105 -10998
3605 -15 -11122
3606 231 -11282
3607 211 -11242
3608 -59 -11258
3609 -105 -11190
3610 -95 -11514
3611 -233 -11458
3612 -187 -11422
3613 -95 -11478
3614 69 -11614
3615 63 -11406
3616 197 -11270
3617 165 -11330
3618 283 -11518
3619 213 -11630
3620 117 -11342
3621 135 -11334
3622 -149 -10994
3623 -53 -11010
3624 9 -11174
3625 -117 -11362
3626 -235 -11442
3627 -289 -11234
3628 -295 -11294
3629 -249 -11430
3630 -317 -11650
3631 -381 -11494
3632 -291 -11406
3633 -391 -11654
3634 -207 -11566
3635 -407 -11258
3636 -259 -11450
3637 -87 -11254
3638 -301 -11226
3639 -465 -11430
3640 -127 -11190
3641 -81 -11074
3642 -35 -11310
3643 -173 -11666
3644 -33 -11330
3645 -69 -11446
3646 -23 -11706
3647 93 -11658
3648 279 -11558
3649 105 -11302
3650 -77 -11318
3651 11 -11418
3652 -45 -11306
3653 -71 -11082
3654 -133 -11190
3655 -251 -11302
3656 -301 -11498
3657 -329 -11470
3658 -213 -11658
3659 -163 -11566
3660 -129 -11642
3661 -81 -11634
3662 15 -11462
3663 69 -11646
3664 -95 -11478
3665 125 -11334
3666 89 -11558
3667 135 -11302
3668 217 -11338
3669 121 -11694
3670 149 -11930
3671 313 -11558
3672 207 -11354
3673 223 -11702
3674 291 -11534
3675 279 -11390
3676 319 -11286
3677 247 -11066
3678 113 -11258
3679 299 -11146
3680 331 -11234
3681 415 -11350
3682 557 -11134
3683 385 -11274
3684 287 -11342
3685 213 -11462
3686 381 -11558
3687 229 -11550
3688 169 -11382
3689 247 -11526
3690 361 -11466
3691 353 -11526
3692 511 -11622
3693 447 -11378
3694 503 -11578
3695 629 -11406
3696 607 -11386
3697 677 -11450
3698 685 -11410
3699 799 -11446
3700 771 -11590
3701 1047 -11722
3702 893 -11590
3703 933 -11630
3704 1013 -11590
3705 905 -11638
3706 1061 -11666
3707 1163 -11962
3708 1121 -12034
3709 1167 -11646
3710 1207 -11794
3711 1353 -12006
3712 1261 -11618
3713 1257 -11878
3714 1157 -11642
3715 1075 -11730
3716 877 -11590
3717 955 -11782
3718 875 -11682
3719 1103 -11574
3720 1101 -11742
3721 1255 -11614
3722 1315 -11726
3723 1237 -11738
3724 1281 -11702
3725 1435 -11746
3726 1323 -11250
3727 1499 -11686
3728 1407 -11694
3729 1359 -11906
3730 1149 -11570
3731 1215 -11626
3732 1291 -11594
3733 1317 -11294
3734 1417 -11638
3735 1333 -11742
3736 1321 -11566
3737 1295 -11386
3738 1263 -11406
3739 1369 -11438
3740 1289 -11430
3741 1277 -11258
3742 1253 -11462
3743 1281 -11242
3744 1271 -11150
3745 1201 -11186
3746 1197 -11014
3747 1349 -11050
3748 1409 -11326
3749 1435 -11258
3750 1353 -11514
3751 1279 -11546
3752 1299 -11570
3753 1251 -11498
3754 1135 -11494
3755 1215 -11406
3756 963 -11030
3757 863 -11174
3758 937 -11390
3759 769 -11362
3760 809 -11670
3761 929 -11462
3762 761 -11458
3763 757 -11466
3764 763 -11190
3765 861 -11182
3766 691 -11394
3767 781 -11342
3768 625 -11434
3769 715 -11230
3770 641 -11490
3771 851 -11606
3772 819 -11730
3773 841 -11790
3774 885 -11738
3775 961 -11490
3776 925 -11234
3777 727 -11426
3778 819 -11402
3779 859 -11274
3780 787 -11610
3781 643 -11310
3782 521 -11466
3783 627 -11230
3784 609 -11418
3785 741 -11466
3786 699 -11342
3787 671 -11614
3788 781 -11490
3789 811 -11210
3790 785 -11478
3791 741 -11466
3792 691 -11330
3793 609 -11470
3794 541 -11470
3795 281 -11226
3796 289 -11322
3797 203 -11290
3798 191 -11150
3799 217 -11350
3800 155 -11166
3801 125 -11358
3802 -83 -11578
3803 -89 -11446
3804 -343 -11450
3805 -329 -11202
3806 -483 -11662
3807 -507 -11602
3808 -493 -11586
3809 -287 -11450
3810 -387 -11542
3811 -175 -11462
3812 -257 -11410
3813 -311 -11526
3814 -217 -11166
3815 -253 -11362
3816 -189 -11622
3817 -175 -11486
3818 -193 -11210
3819 -143 -11306
3820 -9 -11326
3821 -155 -11258
3822 -163 -11014
3823 -149 -11230
3824 -269 -11538
3825 -337 -11378
3826 -257 -11554
3827 -211 -11498
3828 -151 -11330
3829 -235 -11530
3830 -137 -11450
3831 -41 -11430
3832 257 -11426
3833 293 -11570
3834 167 -11522
3835 253 -11358
3836 255 -11326
3837 239 -11246
3838 399 -10942
3839 433 -11482
3840 197 -11478
3841 -15 -11178
3842 -47 -11374
3843 -175 -11206
3844 -135 -11310
3845 -201 -11150
3846 85 -10958
3847 -7 -11018
3848 -301 -11094
3849 -345 -11042
3850 -195 -10954
3851 1 -10934
3852 -121 -10982
3853 -117 -11206
3854 -27 -11082
3855 -65 -11398
3856 -47 -11202
3857 -141 -11270
3858 -261 -11174
3859 -289 -11326
3860 -301 -11194
3861 -479 -11234
3862 -503 -11118
3863 -539 -11270
3864 -445 -11234
3865 -523 -11270
3866 -343 -11098
3867 -269 -11154
3868 -201 -11262
3869 -289 -11498
3870 -137 -11554
3871 11 -11286
3872 -233 -11538
3873 -85 -11690
3874 -171 -11630
3875 -189 -11566
3876 -185 -11630
3877 -217 -11590
3878 -205 -11778
3879 -239 -11654
3880 -133 -11626
3881 -333 -11870
3882 -431 -11774
3883 -413 -11666
3884 -299 -11670
3885 -301 -11342
3886 -221 -11438
3887 -143 -11606
3888 -239 -11598
3889 -3 -11378
3890 13 -11398
3891 7 -11466
3892 81 -11214
3893 133 -11202
3894 3 -11342
3895 -145 -11190
3896 -51 -11134
3897 -29 -11370
3898 -67 -11130
3899 -57 -11122
3900 55 -11182
3901 127 -11234
3902 99 -11298
3903 75 -11110
3904 177 -10994
3905 213 -11202
3906 171 -11310
3907 191 -11294
3908 245 -11498
3909 353 -11534
3910 379 -11534
3911 475 -11314
3912 537 -11066
3913 575 -11114
3914 673 -11138
3915 549 -11418
3916 535 -11194
3917 499 -11298
3918 703 -11446
3919 789 -11650
3920 853 -11510
3921 927 -11502
3922 747 -11486
3923 727 -11182
3924 899 -11082
3925 987 -11098
3926 841 -11170
3927 669 -11410
3928 463 -11310
3929 399 -11558
3930 467 -11502
3931 547 -11538
3932 693 -11806
3933 731 -11830
3934 897 -11830
3935 737 -11754
3936 891 -11566
3937 701 -11690
3938 755 -11666
3939 903 -11338
3940 763 -11210
3941 923 -11314
3942 871 -11298
3943 813 -11598
3944 813 -11454
3945 793 -11338
3946 643 -11322
3947 767 -11110
3948 789 -11078
3949 493 -11058
3950 729 -10966
3951 861 -11138
3952 875 -11294
3953 1081 -11286
3954 1117 -11102
3955 1107 -11190
3956 1061 -11274
3957 991 -11258
3958 1041 -11342
3959 905 -11334
3960 839 -11386
3961 857 -10998
3962 869 -10942
3963 787 -11022
3964 805 -11282
3965 921 -10974
3966 863 -11374
3967 1005 -11590
3968 1125 -11366
3969 1213 -11242
3970 987 -11110
3971 1151 -11122
3972 1321 -11046
3973 1325 -11070
3974 1243 -11070
3975 1103 -11342
3976 1209 -11282
3977 1349 -11434
3978 1373 -11470
3979 1403 -11254
3980 1537 -11342
3981 1713 -11122
3982 1915 -11490
3983 2079 -11522
3984 1971 -11442
3985 2045 -11598
3986 2041 -11590
3987 1937 -11414
3988 1787 -11238
3989 1561 -11190
3990 1547 -11438
3991 1315 -11590
3992 1299 -11402
3993 1243 -11410
3994 1317 -10930
3995 1291 -11238
3996 1305 -11250
3997 1359 -11006
3998 1471 -11246
3999 1547 -11526
4000 1353 -11574
4001 1249 -11458
4002 1267 -11650
4003 977 -11322
4004 861 -11230
4005 765 -11310
4006 589 -11274
4007 591 -11446
4008 725 -11234
4009 723 -11258
4010 445 -11206
4011 349 -11158
4012 397 -11094
4013 367 -10950
4014 291 -10918
4015 93 -11162
4016 -137 -11014
4017 -113 -10850
4018 -81 -11058
4019 -129 -10774
4020 -33 -11166
4021 -303 -10742
4022 -305 -11162
4023 -59 -11222
4024 -29 -11146
4025 71 -11306
4026 155 -11274
4027 221 -11066
4028 403 -11354
4029 395 -11046
4030 427 -11086
4031 611 -11242
4032 469 -11218
4033 583 -11322
4034 431 -11350
4035 279 -11314
4036 231 -11294
4037 245 -11230
4038 357 -11062
4039 345 -11106
4040 247 -11226
4041 185 -11122
4042 205 -11026
4043 261 -11166
4044 291 -10954
4045 317 -10990
4046 277 -11298
4047 399 -11346
4048 431 -11498
4049 443 -11266
4050 505 -11382
4051 401 -11434
4052 391 -11282
4053 271 -11362
4054 139 -11438
4055 -21 -11478
4056 99 -11706
4057 69 -11346
4058 -79 -11390
4059 -93 -11230
4060 -215 -11202
4061 -231 -11282
4062 -253 -11234
4063 -335 -11178
4064 -497 -11282
4065 -383 -11394
4066 -299 -11442
4067 -135 -11258
4068 -3 -11574
4069 245 -11554
4070 207 -11374
4071 319 -11206
4072 303 -11142
4073 443 -11518
4074 275 -11434
4075 141 -11658
4076 153 -11802
4077 203 -11750
4078 309 -11642
4079 281 -11454
4080 383 -11398
4081 123 -11462
4082 95 -11322
4083 127 -11138
4084 153 -11258
4085 141 -11418
4086 273 -11254
4087 355 -11418
4088 689 -11322
4089 737 -11022
4090 599 -11238
4091 635 -11422
4092 639 -11382
4093 705 -11378
4094 697 -11314
4095 671 -11090
4096 771 -11034
4097 865 -11102
4098 959 -11290
4099 957 -11442
4100 1153 -11266
4101 1267 -11042
4102 1235 -10854
4103 1205 -11022
4104 1231 -11138
4105 1193 -11386
4106 1239 -10962
4107 1225 -11082
4108 1243 -11162
4109 1395 -10866
4110 1493 -10958
4111 1231 -11150
4112 1313 -11150
4113 1255 -10802
4114 1331 -10902
4115 1283 -10854
4116 1261 -10962
4117 1241 -11086
4118 1393 -10882
4119 1431 -11190
4120 1311 -11226
4121 1379 -11154
4122 1533 -11262
4123 1491 -11050
4124 1565 -11218
4125 1551 -11126
4126 1605 -11122
4127 1585 -11254
4128 1655 -11338
4129 1717 -11154
4130 1757 -11374
4131 1749 -11446
4132 1681 -11386
4133 1525 -11782
4134 1487 -11526
4135 1565 -11474
4136 1543 -11210
4137 1555 -11450
4138 1793 -11430
4139 1985 -11598
4140 1931 -11594
4141 2009 -11354
4142 1907 -11470
4143 1869 -11382
4144 1731 -11278
4145 1701 -11038
4146 1657 -11094
4147 1627 -11382
4148 1441 -11402
4149 1549 -11546
4150 1717 -11722
4151 1723 -11846
4152 1697 -11970
4153 1531 -11910
4154 1487 -11646
4155 1285 -11594
4156 1117 -11502
4157 923 -11626
4158 861 -11502
4159 835 -11546
4160 775 -11734
4161 855 -12014
4162 863 -11986
4163 811 -11706
4164 777 -11478
4165 803 -11474
4166 687 -11830
4167 605 -11538
4168 667 -11450
4169 627 -11430
4170 695 -11354
4171 841 -11386
4172 953 -11282
4173 947 -11362
4174 975 -11350
4175 787 -11390
4176 789 -11294
4177 859 -11334
4178 723 -11374
4179 727 -11266
4180 713 -11390
4181 469 -11346
4182 607 -11458
4183 757 -11274
4184 731 -11334
4185 847 -11450
4186 705 -11682
4187 463 -11402
4188 495 -11170
4189 373 -11310
4190 235 -11102
4191 171 -11186
4192 53 -11190
4193 63 -11170
4194 35 -11258
4195 35 -11254
4196 -93 -11294
4197 -89 -11138
4198 -261 -11158
4199 -391 -11154
4200 -305 -11282
4201 -297 -11374
4202 -309 -11470
4203 -331 -11378
4204 -371 -11406
4205 -299 -11082
4206 -541 -11050
4207 -323 -11278
4208 -205 -11346
4209 -183 -11378
4210 -345 -11430
4211 -271 -11250
4212 -209 -11374
4213 -165 -11270
4214 -249 -11342
4215 -403 -11242
4216 -463 -11378
4217 -485 -11398
4218 -501 -11462
4219 -705 -11674
4220 -535 -11362
4221 -483 -11518
4222 -613 -11466
4223 -579 -11394
4224 -529 -11158
4225 -299 -11198
4226 -143 -11502
4227 -101 -11314
4228 -67 -11518
4229 -65 -11402
4230 -43 -11278
4231 117 -11450
4232 -39 -11162
4233 -43 -11138
4234 81 -11354
4235 -139 -11238
4236 -135 -10882
4237 -107 -10910
4238 -195 -11086
4239 -223 -11374
4240 -285 -11382
4241 -141 -11270
4242 -171 -11194
4243 -119 -11290
4244 -109 -11234
4245 -119 -11114
4246 -83 -10894
4247 -171 -10994
4248 -263 -11270
4249 -265 -11118
4250 -139 -11306
4251 -165 -11462
4252 -17 -11478
4253 155 -11338
4254 211 -11394
4255 291 -11438
4256 225 -11326
4257 261 -11554
4258 325 -11442
4259 379 -11302
4260 513 -11410
4261 325 -11446
4262 215 -11390
4263 159 -11234
4264 117 -11562
4265 41 -11642
4266 133 -11466
4267 203 -11486
4268 323 -11682
4269 331 -11422
4270 143 -11074
4271 205 -11290
4272 179 -11274
4273 257 -11394
4274 431 -11538
4275 497 -11474
4276 485 -11162
4277 411 -11218
4278 491 -11326
4279 259 -11110
4280 183 -11090
4281 193 -11338
4282 19 -11334
4283 47 -11570
4284 129 -11470
4285 325 -11242
4286 387 -11326
4287 349 -11054
4288 407 -11054
4289 467 -11010
4290 423 -10914
4291 541 -11126
4292 621 -11270
4293 667 -11114
4294 631 -11202
4295 559 -11374
4296 627 -11334
4297 689 -11306
4298 783 -11386
4299 855 -11450
4300 695 -11574
4301 851 -11490
4302 737 -11394
4303 559 -11386
4304 673 -11522
4305 637 -11586
4306 613 -11614
4307 605 -11494
4308 655 -11418
4309 539 -11850
4310 725 -11726
4311 445 -11518
4312 549 -11538
4313 537 -11850
4314 407 -11562
4315 241 -11618
4316 207 -11442
4317 217 -11358
4318 111 -11358
4319 165 -11470
4320 73 -11498
4321 95 -11438
4322 -17 -11442
4323 -47 -11586
4324 -57 -11442
4325 -171 -11326
4326 -293 -11234
4327 -107 -11430
4328 -1 -11394
4329 181 -11594
4330 161 -11270
4331 -31 -11670
4332 -97 -11458
4333 -81 -11542
4334 -135 -11586
4335 -99 -11390
4336 -193 -11418
4337 -137 -11270
4338 -155 -11482
4339 -219 -11686
4340 -225 -11546
4341 -219 -11710
4342 -401 -11434
4343 -349 -11582
4344 -345 -11506
4345 -279 -11614
4346 -225 -11530
4347 -405 -11474
4348 -349 -11342
4349 -223 -11142
4350 -79 -11330
4351 -81 -11210
4352 -121 -11326
4353 9 -11278
4354 -127 -10978
4355 5 -10910
4356 31 -10910
4357 167 -10958
4358 227 -11258
4359 97 -11206
4360 -5 -11318
4361 27 -11174
4362 67 -10986
4363 67 -11490
4364 67 -11590
4365 89 -11726
4366 85 -11970
4367 -195 -11998
4368 -11 -12002
4369 -65 -11842
4370 -69 -12030
4371 -35 -12042
4372 -151 -12002
4373 -213 -11702
4374 -117 -11838
4375 35 -11830
4376 -15 -11586
4377 -39 -11762
4378 13 -11590
4379 -87 -11730
4380 187 -11826
4381 407 -11782
4382 391 -11718
4383 361 -11394
4384 295 -11410
4385 369 -11514
4386 363 -11318
4387 539 -11378
4388 423 -11398
4389 415 -11230
4390 595 -11142
4391 511 -11166
4392 663 -11338
4393 875 -11438
4394 971 -11090
4395 849 -11142
4396 807 -11286
4397 889 -11494
4398 741 -11238
4399 759 -11414
4400 855 -11574
4401 675 -11746
4402 775 -11702
4403 709 -11786
4404 719 -11542
4405 757 -11750
4406 913 -11622
4407 1065 -11722
4408 1063 -11762
4409 1049 -11622
4410 1089 -11694
4411 1001 -11538
4412 947 -11454
4413 959 -11246
4414 883 -11366
4415 745 -11522
4416 709 -11522
4417 707 -11318
4418 863 -11346
4419 903 -11214
4420 1017 -11590
4421 1017 -11610
4422 1101 -11622
4423 981 -11682
4424 887 -11638
4425 941 -11810
4426 797 -12014
4427 821 -11994
4428 775 -11738
4429 797 -11538
4430 713 -11530
4431 647 -11478
4432 589 -11298
4433 721 -11550
4434 641 -11482
4435 673 -11342
4436 739 -11194
4437 773 -11286
4438 833 -11302
4439 827 -11274
4440 683 -11070
4441 717 -11446
4442 917 -11326
4443 1043 -11838
4444 1117 -11674
4445 1069 -11670
4446 1099 -11802
4447 1139 -12074
4448 927 -11802
4449 787 -11878
4450 825 -11590
4451 827 -11734
4452 701 -11750
4453 533 -11594
4454 665 -11198
4455 683 -11330
4456 709 -11154
4457 411 -11414
4458 349 -11514
4459 107 -11622
4460 7 -11298
4461 -169 -11210
4462 -83 -11310
4463 -219 -11538
4464 -247 -11450
4465 -159 -11518
4466 -391 -11282
4467 -467 -11234
4468 -427 -11530
4469 -281 -11298
4470 -355 -11346
4471 -245 -11098
4472 -221 -10882
4473 -81 -11270
4474 -93 -11246
4475 -69 -11230
4476 -99 -11162
4477 -109 -11606
4478 69 -11306
4479 183 -11418
4480 199 -11622
4481 215 -11718
4482 333 -11842
4483 5 -11426
4484 155 -11434
4485 229 -11946
4486 301 -11706
4487 319 -11646
4488 93 -11842
4489 171 -11678
4490 189 -11686
4491 307 -11586
4492 527 -11490
4493 381 -11698
4494 189 -11590
4495 99 -11334
4496 233 -11678
4497 363 -11738
4498 357 -11698
4499 355 -11846
4500 659 -11662
4501 625 -11626
4502 583 -11766
4503 417 -11626
4504 471 -11774
4505 599 -11338
4506 463 -11434
4507 523 -11446
4508 669 -11282
4509 577 -11346
4510 679 -11342
4511 737 -11546
4512 737 -11654
4513 717 -11334
4514 729 -11266
4515 491 -11170
4516 383 -11426
4517 229 -11326
4518 259 -11426
4519 249 -11214
4520 273 -10998
4521 329 -11166
4522 331 -11394
4523 255 -11402
4524 113 -11666
4525 151 -11306
4526 3 -11398
4527 -51 -11502
4528 -97 -11290
4529 -147 -11310
4530 -101 -11394
4531 -141 -11458
4532 -67 -11546
4533 -193 -11578
4534 -167 -11570
4535 -259 -11518
4536 -113 -11590
4537 -89 -11310
4538 191 -10978
4539 391 -11090
4540 127 -11106
4541 345 -11330
4542 253 -11166
4543 107 -11214
4544 347 -11374
4545 393 -11518
4546 313 -11414
4547 435 -11446
4548 339 -11290
4549 217 -11446
4550 277 -11638
4551 217 -11746
4552 349 -11318
4553 405 -11538
4554 503 -11386
4555 487 -11286
4556 407 -11346
4557 491 -11190
4558 421 -11010
4559 343 -11022
4560 305 -10998
4561 273 -10942
4562 417 -11074
4563 293 -11222
4564 253 -11186
4565 239 -11314
4566 273 -11266
4567 255 -11138
4568 247 -11486
4569 169 -11226
4570 199 -11238
4571 175 -11270
4572 173 -11562
4573 189 -11402
4574 555 -11430
4575 585 -11542
4576 709 -11186
4577 753 -11250
4578 795 -11318
4579 795 -11130
4580 821 -11358
4581 711 -11338
4582 679 -11518
4583 667 -11370
4584 629 -11310
4585 533 -11254
4586 441 -11042
4587 503 -10854
4588 565 -10894
4589 495 -11306
4590 435 -11186
4591 503 -11330
4592 469 -11242
4593 381 -11038
4594 281 -10994
4595 317 -10898
4596 299 -11062
4597 271 -11022
4598 513 -10902
4599 525 -11278
4600 545 -11238
4601 593 -11518
4602 455 -11562
4603 365 -11266
4604 185 -11086
4605 -11 -10938
4606 1 -11034
4607 187 -11114
4608 265 -11034
4609 419 -11166
4610 477 -10854
4611 417 -10846
4612 345 -11154
4613 495 -11326
4614 719 -11546
4615 695 -11422
4616 745 -11466
4617 821 -11650
4618 833 -11722
4619 985 -11570
4620 1155 -11330
4621 1255 -11486
4622 1289 -11590
4623 959 -11602
4624 853 -11666
4625 963 -11578
4626 911 -11382
4627 993 -11358
4628 973 -11150
4629 1043 -11098
4630 1069 -11034
4631 1049 -11010
4632 979 -11402
4633 1001 -11210
4634 919 -11058
4635 839 -11266
4636 929 -11342
4637 931 -11374
4638 839 -11178
4639 947 -11294
4640 957 -11342
4641 937 -11150
4642 913 -11214
4643 843 -11402
4644 987 -11498
4645 863 -11514
4646 699 -11590
4647 635 -11194
4648 481 -11070
4649 463 -11154
4650 175 -11066
4651 193 -11210
4652 415 -11282
4653 419 -11262
4654 553 -11078
4655 491 -11082
4656 323 -10758
4657 281 -10594
4658 157 -10738
4659 297 -10874
4660 229 -11262
4661 191 -11258
4662 101 -11058
4663 -15 -11042
4664 -143 -11134
4665 -101 -10954
4666 -123 -11086
4667 -21 -11010
4668 -25 -10822
4669 43 -11010
4670 -55 -11090
4671 -61 -11062
4672 -11 -10986
4673 -173 -10866
4674 -283 -11130
4675 -189 -11486
4676 -61 -11290
4677 21 -11462
4678 201 -11170
4679 205 -11346
4680 163 -11326
4681 31 -11182
4682 61 -11402
4683 11 -11426
4684 -67 -11398
4685 -163 -11646
4686 -175 -11718
4687 113 -11710
4688 73 -11582
4689 -15 -11858
4690 -47 -11834
4691 -201 -11450
4692 -247 -11526
4693 -375 -11442
4694 -267 -11658
4695 -225 -11558
4696 -279 -11478
4697 -253 -11498
4698 -129 -11490
4699 -253 -11346
4700 -293 -11410
4701 -199 -11118
4702 -97 -11274
4703 39 -11090
4704 291 -11250
4705 169 -11114
4706 89 -11054
4707 53 -11038
4708 -61 -11022
4709 73 -11134
4710 9 -11042
4711 77 -11246
4712 17 -11186
4713 -61 -10954
4714 -43 -11066
4715 -31 -11018
4716 27 -11182
4717 53 -11266
4718 -167 -11482
4719 -325 -11478
4720 -231 -11526
4721 -169 -11426
4722 -137 -11326
4723 81 -11482
4724 113 -11366
4725 19 -11542
4726 205 -11134
4727 315 -11150
4728 295 -11454
4729 353 -11134
4730 369 -11222
4731 323 -11086
4732 367 -11186
4733 295 -11066
4734 307 -11102
4735 385 -11482
4736 211 -11370
4737 249 -11298
4738 171 -11214
4739 57 -11142
4740 -51 -11146
4741 -181 -11106
4742 -163 -11162
4743 201 -11214
4744 61 -11154
4745 133 -11026
4746 291 -11342
4747 321 -11194
4748 109 -11150
4749 217 -11170
4750 251 -11154
4751 329 -11138
4752 195 -11214
4753 167 -11178
4754 83 -11090
4755 63 -10966
4756 131 -11122
4757 233 -11222
4758 237 -11262
4759 313 -11454
4760 347 -11462
4761 273 -11246
4762 131 -11234
4763 37 -11174
4764 -33 -11182
4765 -259 -11094
4766 -249 -11002
4767 -309 -10922
4768 -199 -11230
4769 -327 -11462
4770 -373 -11434
4771 -359 -11438
4772 -513 -11422
4773 -573 -11398
4774 -647 -11258
4775 -731 -11190
4776 -807 -11194
4777 -671 -11458
4778 -455 -11102
4779 -499 -11314
4780 -325 -11158
4781 -329 -10950
4782 -431 -10738
4783 -317 -10874
4784 -577 -11162
4785 -367 -11378
4786 -545 -11130
4787 -509 -10942
4788 -387 -10742
4789 -425 -10998
4790 -485 -11094
4791 -481 -11254
4792 -463 -11370
4793 -531 -11146
4794 -391 -11170
4795 -459 -11374
4796 -399 -11118
4797 -381 -11218
4798 -545 -11090
4799 -533 -11302
4800 -341 -11270
4801 -433 -11066
4802 -267 -11374
4803 -235 -11302
4804 -343 -11274
4805 -525 -11130
4806 -407 -11198
4807 -393 -11442
4808 -451 -11370
4809 -413 -11306
4810 -347 -11126
4811 -431 -11206
4812 -429 -11146
4813 -361 -11058
4814 -161 -11094
4815 27 -10974
4816 21 -11066
4817 45 -10926
4818 -5 -10914
4819 -29 -11098
4820 63 -10866
4821 175 -10822
4822 507 -11014
4823 553 -10814
4824 523 -10958
4825 495 -10818
4826 369 -11002
4827 379 -11050
4828 351 -11410
4829 221 -11154
4830 119 -11182
4831 125 -11014
4832 105 -11030
4833 153 -11090
4834 297 -11158
4835 409 -11474
4836 229 -11502
4837 349 -11386
4838 263 -11226
4839 251 -11334
4840 109 -11458
4841 261 -11278
4842 39 -11158
4843 149 -11414
4844 251 -11362
4845 387 -11182
4846 331 -11230
4847 425 -11310
4848 365 -11530
4849 395 -11338
4850 509 -11282
4851 443 -11410
4852 451 -11542
4853 615 -11442
4854 467 -11566
4855 369 -11418
4856 581 -11566
4857 713 -11506
4858 759 -11566
4859 881 -11474
4860 839 -11326
4861 1015 -11458
4862 895 -11606
4863 795 -11374
4864 675 -11658
4865 749 -11714
4866 735 -11346
4867 797 -11474
4868 761 -11402
4869 943 -11778
4870 915 -11210
4871 821 -11090
4872 943 -11086
4873 997 -11334
4874 1079 -11274
4875 1105 -11106
4876 945 -11322
4877 969 -11258
4878 959 -11530
4879 1055 -11326
4880 941 -11074
4881 895 -11106
4882 927 -11242
4883 937 -11390
4884 851 -10986
4885 899 -11374
4886 811 -11266
4887 839 -11246
4888 777 -11150
4889 793 -11030
4890 589 -11082
4891 701 -11074
4892 663 -11182
4893 633 -11210
4894 809 -11166
4895 741 -11202
4896 749 -11154
4897 675 -11122
4898 665 -11426
4899 703 -11450
4900 767 -11350
4901 839 -11258
4902 789 -11450
4903 859 -11402
4904 971 -11378
4905 797 -11538
4906 1067 -11538
4907 953 -11550
4908 1093 -11482
4909 1325 -11418
4910 1423 -11690
4911 1087 -11414
4912 895 -11290
4913 867 -11134
4914 831 -10862
4915 841 -10770
4916 795 -10850
4917 707 -11102
4918 763 -11038
4919 713 -11030
4920 681 -11254
4921 873 -11422
4922 971 -11366
4923 779 -11242
4924 703 -11254
4925 773 -11330
4926 767 -11386
4927 593 -11234
4928 551 -11246
4929 513 -11054
4930 473 -11298
4931 463 -11174
4932 343 -11030
4933 425 -11438
4934 501 -11646
4935 573 -11430
4936 479 -11378
4937 539 -11398
4938 345 -11314
4939 281 -11570
4940 103 -11510
4941 27 -11502
4942 -165 -11322
4943 -129 -11582
4944 -93 -11390
4945 -123 -11242
4946 -163 -11522
4947 -35 -11358
4948 95 -11078
4949 97 -11258
4950 155 -11526
4951 1 -11554
4952 133 -11658
4953 117 -11562
4954 59 -11630
4955 -39 -11654
4956 -167 -11602
4957 -181 -11406
4958 -311 -11438
4959 -265 -11302
4960 -313 -11458
4961 -429 -11302
4962 -481 -11126
4963 -581 -11034
4964 -547 -11246
4965 -559 -11054
4966 -477 -11138
4967 -365 -11350
4968 -313 -11642
4969 -379 -11650
4970 -231 -11526
4971 -427 -11622
4972 -385 -11546
4973 -409 -11170
4974 -253 -11222
4975 -447 -11086
4976 -433 -11138
4977 -389 -11442
4978 -341 -11202
4979 -491 -11218
4980 -257 -11078
4981 -97 -11294
4982 65 -11270
4983 -19 -11254
4984 -103 -11526
4985 3 -11606
4986 -3 -11510
4987 -151 -11442
4988 -101 -11506
4989 -117 -11550
4990 -261 -11406
4991 -263 -11326
4992 -235 -11522
4993 -417 -11542
4994 -435 -11454
4995 -505 -11562
4996 -295 -11598
4997 -453 -11150
4998 -347 -11194
4999 -265 -11050
5000 -317 -11318
5001 -411 -11430
5002 -419 -11414
5003 -235 -11430
5004 -137 -11646
5005 -107 -11466
5006 -39 -11378
5007 -11 -11266
5008 -19 -11142
5009 -63 -11290
5010 -51 -11078
5011 3 -10930
5012 35 -11126
5013 -61 -11322
5014 29 -11546
5015 51 -11098
5016 301 -11178
5017 -31 -11218
5018 -17 -11390
5019 -179 -11574
5020 -219 -11650
5021 -165 -11550
5022 -111 -11598
5023 -147 -11918
5024 25 -11738
5025 -27 -11518
5026 91 -11478
5027 157 -11770
5028 67 -11514
5029 139 -11622
5030 173 -11874
5031 131 -11550
5032 221 -11326
5033 93 -11290
5034 7 -11582
5035 37 -11302
5036 121 -10978
5037 165 -11074
5038 149 -11514
5039 111 -11398
5040 -41 -11358
5041 -71 -11202
5042 -267 -11130
5043 -207 -10846
5044 -439 -11102
5045 -525 -11146
5046 -399 -11122
5047 -299 -10958
5048 -337 -11098
5049 -351 -11018
5050 -399 -10918
5051 -555 -11138
5052 -603 -11182
5053 -723 -11122
5054 -691 -11290
5055 -685 -11022
5056 -639 -11322
5057 -633 -11330
5058 -571 -11198
5059 -465 -11182
5060 -495 -11462
5061 -243 -11490
5062 -325 -11674
5063 -345 -11646
5064 -353 -11486
5065 -417 -11598
5066 -387 -11410
5067 -333 -11314
5068 -245 -11538
5069 -131 -11286
5070 -15 -11318
5071 -101 -11538
5072 -133 -11014
5073 -119 -11058
5074 -77 -11246
5075 -3 -11126
5076 153 -11106
5077 217 -11346
5078 93 -11330
5079 17 -11346
5080 -61 -11422
5081 61 -11578
5082 49 -11454
5083 143 -11418
5084 209 -11462
5085 457 -11482
5086 569 -11514
5087 371 -11362
5088 235 -11406
5089 447 -11186
5090 459 -11390
5091 427 -11222
5092 491 -11406
5093 361 -11162
5094 421 -11074
5095 481 -10990
5096 587 -11038
5097 539 -11222
5098 527 -11190
5099 343 -11234
5100 327 -11246
5101 323 -11454
5102 127 -11502
5103 237 -11478
5104 315 -11374
5105 209 -11518
5106 225 -11846
5107 157 -11850
5108 93 -11786
5109 197 -11418
5110 195 -11266
5111 171 -11474
5112 99 -11454
5113 51 -11542
5114 167 -11494
5115 -45 -11618
5116 251 -11698
5117 245 -11626
5118 45 -11594
5119 7 -11290
5120 53 -11158
5121 183 -11418
5122 223 -11362
5123 283 -11430
5124 287 -11698
5125 347 -11482
5126 391 -11250
5127 411 -10890
5128 319 -11086
5129 393 -11274
5130 445 -11318
5131 351 -11230
5132 399 -11262
5133 263 -11142
5134 245 -11086
5135 273 -10990
5136 135 -10966
5137 -27 -11158
5138 69 -11502
5139 -71 -11238
5140 -171 -11102
5141 -67 -11270
5142 -33 -11454
5143 -141 -11386
5144 -141 -11522
5145 -137 -11702
5146 -447 -11446
5147 -403 -11102
5148 -643 -11154
5149 -557 -11090
5150 -615 -11090
5151 -627 -11158
5152 -675 -11042
5153 -769 -10978
5154 -627 -11138
5155 -543 -10922
5156 -543 -11126
5157 -269 -11258
5158 -127 -10898
5159 -167 -10762
5160 103 -10666
5161 -49 -10862
5162 -123 -10994
5163 153 -11014
5164 63 -11058
5165 223 -11062
5166 181 -10882
5167 221 -11018
5168 243 -10846
5169 111 -10834
5170 5 -11142
5171 -103 -11158
5172 -127 -11314
5173 -35 -11326
5174 -17 -11206
5175 135 -11278
5176 -69 -11334
5177 -49 -11210
5178 -129 -11542
5179 59 -11506
5180 -37 -11242
5181 -93 -11390
5182 67 -11178
5183 -37 -10894
5184 59 -10922
5185 -147 -11050
5186 31 -11122
5187 -15 -11218
5188 -35 -11414
5189 97 -11258
5190 39 -11266
5191 87 -11082
5192 133 -11086
5193 233 -11066
5194 205 -11550
5195 285 -11238
5196 461 -11378
5197 407 -11366
5198 293 -11394
5199 283 -11370
5200 77 -11214
5201 -153 -11622
5202 -89 -11354
5203 -51 -11078
5204 -177 -11122
5205 -141 -11454
5206 -191 -11190
5207 -251 -11242
5208 -149 -11202
5209 -143 -10982
5210 -3 -11018
5211 -85 -10930
5212 -91 -11242
5213 -179 -11150
5214 -351 -11122
5215 -361 -11394
5216 -467 -11430
5217 -593 -11386
5218 -609 -11122
5219 -585 -11394
5220 -511 -11554
5221 -409 -11402
5222 -401 -11490
5223 -315 -11178
5224 -439 -11002
5225 -373 -11178
5226 -393 -11154
5227 -231 -11170
5228 -75 -11126
5229 -227 -11154
5230 -477 -11158
5231 -489 -10990
5232 -579 -11330
5233 -687 -11334
5234 -717 -11294
5235 -659 -10902
5236 -681 -11082
5237 -743 -11306
5238 -585 -11198
5239 -485 -11410
5240 -435 -11510
5241 -415 -11266
5242 -473 -11426
5243 -397 -11382
5244 -457 -11398
5245 -557 -11318
5246 -639 -11430
5247 -441 -11522
5248 -449 -11606
5249 -381 -11526
5250 -353 -11530
5251 -383 -11258
5252 -185 -11098
5253 -141 -10934
5254 -247 -10710
5255 -367 -10666
5256 -437 -11002
5257 -205 -10998
5258 -47 -11278
5259 71 -11238
5260 -1 -11234
5261 21 -11418
5262 111 -11338
5263 113 -11414
5264 35 -11518
5265 -103 -11342
5266 -231 -11242
5267 -167 -11278
5268 -401 -11174
5269 -369 -10934
5270 -347 -11078
5271 -379 -11046
5272 -319 -11230
5273 -317 -11198
5274 -381 -11482
5275 -339 -11286
5276 -161 -11394
5277 -99 -11526
5278 -73 -11342
5279 -79 -11174
5280 3 -11366
5281 -153 -11302
5282 77 -11338
5283 307 -11062
5284 329 -11122
5285 467 -10938
5286 373 -11118
5287 469 -11074
5288 537 -11278
5289 605 -11654
5290 609 -11398
5291 643 -11270
5292 629 -11170
5293 603 -11286
5294 775 -11494
5295 645 -11410
5296 635 -11266
5297 503 -11334
5298 499 -11542
5299 383 -11438
5300 187 -11558
5301 119 -11338
5302 9 -11474
5303 -3 -11370
5304 -69 -11242
5305 -135 -11282
5306 -105 -11382
5307 9 -11106
5308 -39 -11594
5309 -57 -11930
5310 -221 -11702
5311 -273 -11710
5312 -335 -11690
5313 -285 -11410
5314 -365 -11186
5315 -305 -11458
5316 -379 -11446
5317 -527 -11278
5318 -581 -11382
5319 -629 -11170
5320 -867 -11350
5321 -767 -11514
5322 -671 -11602
5323 -617 -11350
5324 -663 -11282
5325 -607 -11370
5326 -555 -11398
5327 -601 -11418
5328 -645 -11478
5329 -575 -11178
5330 -293 -11054
5331 -417 -11094
5332 -721 -11142
5333 -765 -11082
5334 -591 -11370
5335 -587 -11482
5336 -463 -11274
5337 -447 -11370
5338 -557 -11282
5339 -563 -11054
5340 -457 -11150
5341 -171 -11154
5342 -225 -11174
5343 -239 -11042
5344 -205 -10998
5345 -167 -11294
5346 -55 -11130
5347 -235 -11070
5348 -303 -11094
5349 -227 -10882
5350 -379 -11230
5351 -597 -11402
5352 -681 -11374
5353 -779 -11122
5354 -711 -11254
5355 -763 -11286
5356 -811 -11298
5357 -649 -11266
5358 -543 -11234
5359 -705 -10982
5360 -589 -11538
5361 -429 -11370
5362 -529 -11338
5363 -403 -11190
5364 -441 -11374
5365 -223 -11126
5366 -341 -11334
5367 -335 -11390
5368 -459 -11426
5369 -699 -11302
5370 -615 -11250
5371 -611 -11134
5372 -771 -10998
5373 -905 -11030
5374 -959 -11466
5375 -877 -11334
5376 -1021 -11266
5377 -1049 -11430
5378 -1049 -11254
5379 -1227 -11194
5380 -1235 -11174
5381 -1355 -11130
5382 -1245 -11046
5383 -1203 -11150
5384 -1087 -11578
5385 -1339 -11458
5386 -1143 -11038
5387 -1093 -11382
5388 -1219 -11346
5389 -1119 -11354
5390 -1173 -11238
5391 -1115 -11354
5392 -1159 -11114
5393 -1069 -11190
5394 -969 -11310
5395 -1161 -11182
5396 -1139 -11322
5397 -1053 -11202
5398 -1175 -11214
5399 -1113 -11166
5400 -1077 -11066
5401 -917 -10886
5402 -803 -10974
5403 -697 -11034
5404 -619 -11370
5405 -761 -11186
5406 -885 -11230
5407 -789 -11562
5408 -757 -11626
5409 -777 -11262
5410 -771 -11266
5411 -859 -11522
5412 -725 -11322
5413 -521 -11366
5414 -631 -11246
5415 -519 -11286
5416 -513 -11286
5417 -555 -11310
5418 -643 -11010
5419 -623 -11258
5420 -561 -11502
5421 -359 -11390
5422 -433 -11222
5423 -603 -11382
5424 -647 -11298
5425 -637 -10774
5426 -631 -10758
5427 -597 -11118
5428 -617 -11202
5429 -649 -11454
5430 -561 -11190
5431 -459 -11062
5432 -571 -11110
5433 -693 -11250
5434 -659 -11386
5435 -813 -11298
5436 -857 -11350
5437 -883 -11322
5438 -557 -11250
5439 -755 -11366
5440 -519 -11566
5441 -695 -11266
5442 -703 -11342
5443 -619 -11098
5444 -557 -11298
5445 -379 -11302
5446 -301 -11298
5447 -375 -11494
5448 -589 -11622
5449 -577 -11702
5450 -585 -11702
5451 -703 -11554
5452 -967 -11638
5453 -927 -11658
5454 -927 -11522
5455 -931 -11386
5456 -1009 -11362
5457 -977 -11478
5458 -1035 -11434
5459 -983 -11562
5460 -979 -11418
5461 -943 -11398
5462 -1069 -11362
5463 -1109 -11382
5464 -1163 -11466
5465 -1077 -11394
5466 -1201 -11438
5467 -1189 -11334
5468 -1141 -11530
5469 -1077 -11098
5470 -807 -10886
5471 -833 -10982
5472 -901 -11166
5473 -925 -11350
5474 -815 -11310
5475 -871 -11142
5476 -801 -11058
5477 -887 -11202
5478 -1005 -11330
5479 -875 -11386
5480 -929 -11222
5481 -779 -11082
5482 -697 -11274
5483 -819 -11254
5484 -855 -11058
5485 -801 -11130
5486 -751 -11322
5487 -679 -11062
5488 -789 -10930
5489 -561 -11102
5490 -727 -10886
5491 -647 -11162
5492 -583 -11162
5493 -667 -11318
5494 -835 -11354
5495 -731 -11386
5496 -567 -11278
5497 -525 -11278
5498 -627 -11598
5499 -617 -11790
5500 -749 -11414
5501 -611 -11554
5502 -351 -11586
5503 -237 -11538
5504 -221 -11310
5505 -167 -11246
5506 5 -11326
5507 35 -11106
5508 -91 -10842
5509 -301 -10970
5510 -553 -11074
5511 -561 -10894
5512 -701 -10962
5513 -891 -11178
5514 -963 -11154
5515 -1123 -11542
5516 -1279 -11406
5517 -1261 -11690
5518 -1173 -11762
5519 -1173 -11738
5520 -1171 -11774
5521 -1183 -11826
5522 -1241 -11642
5523 -1243 -11574
5524 -1159 -11406
5525 -1207 -11678
5526 -1149 -11694
5527 -1219 -11586
5528 -1171 -11362
5529 -1197 -11462
5530 -1201 -11726
5531 -1271 -11406
5532 -1277 -11694
5533 -1427 -11774
5534 -1353 -11774
5535 -1425 -11678
5536 -1255 -11626
5537 -1413 -11546
5538 -1475 -11466
5539 -1595 -11754
5540 -1647 -11534
5541 -1503 -11602
5542 -1567 -11602
5543 -1369 -11686
5544 -1373 -11814
5545 -1383 -11934
5546 -1505 -11878
5547 -1339 -11998
5548 -1383 -11846
5549 -1371 -11686
5550 -1499 -11706
5551 -1485 -11818
5552 -1485 -11670
5553 -1681 -11842
5554 -1549 -11778
5555 -1605 -11694
5556 -1559 -11574
5557 -1399 -11298
5558 -1337 -11198
5559 -1589 -10926
5560 -1567 -10874
5561 -1453 -10986
5562 -1601 -11186
5563 -1649 -11274
5564 -1661 -11322
5565 -1473 -11338
5566 -1469 -11114
5567 -1385 -11034
5568 -1279 -11230
5569 -1207 -11070
5570 -1069 -11306
5571 -973 -11394
5572 -859 -11438
5573 -835 -11526
5574 -849 -11598
5575 -881 -11678
5576 -917 -11538
5577 -1011 -11366
5578 -1065 -11146
5579 -869 -11346
5580 -907 -11438
5581 -895 -11426
5582 -827 -11446
5583 -885 -11454
5584 -1095 -11266
5585 -929 -11266
5586 -989 -11222
5587 -1019 -11226
5588 -949 -11230
5589 -939 -11446
5590 -811 -11262
5591 -821 -11130
5592 -973 -11350
5593 -831 -11402
5594 -1055 -11230
5595 -1045 -11394
5596 -973 -11410
5597 -1111 -10994
5598 -1221 -11010
5599 -1237 -11182
5600 -1351 -11406
5601 -1483 -11394
5602 -1485 -11286
5603 -1383 -11506
5604 -1381 -11478
5605 -1537 -11338
5606 -1655 -11534
5607 -1711 -11834
5608 -1555 -11898
5609 -1747 -11746
5610 -1955 -11250
5611 -1841 -11222
5612 -1675 -11414
5613 -1733 -11434
5614 -1825 -11638
5615 -2115 -11346
5616 -2047 -11118
5617 -2049 -11214
5618 -1943 -11518
5619 -1977 -11466
5620 -2173 -11602
5621 -2017 -11458
5622 -2233 -11598
5623 -2319 -11546
5624 -2503 -11506
5625 -2399 -11466
5626 -2675 -11742
5627 -2819 -11834
5628 -2739 -11882
5629 -2461 -11750
5630 -2449 -11534
5631 -2551 -11506
5632 -2557 -11690
5633 -2631 -11670
5634 -2973 -11506
5635 -2935 -11362
5636 -2779 -11218
5637 -2659 -10974
5638 -2745 -11318
5639 -2695 -11446
5640 -2603 -11570
5641 -2559 -11322
5642 -2691 -11458
5643 -2689 -11438
5644 -2439 -11406
5645 -2391 -11298
5646 -2175 -11402
5647 -2115 -11098
5648 -2193 -11202
5649 -2267 -11106
5650 -2259 -11154
5651 -2143 -10618
5652 -1953 -11050
5653 -2009 -11038
5654 -2147 -11362
5655 -1963 -11070
5656 -1775 -11138
5657 -1643 -11382
5658 -1645 -11242
5659 -1625 -11426
5660 -1395 -11438
5661 -1245 -11218
5662 -1239 -11250
5663 -1439 -11702
5664 -1407 -11594
5665 -1461 -11486
5666 -1437 -11566
5667 -1445 -11674
5668 -1259 -11338
5669 -1177 -11502
5670 -1287 -11542
5671 -1201 -11426
5672 -1147 -11234
5673 -1297 -11510
5674 -1335 -11586
5675 -1371 -11622
5676 -1365 -11370
5677 -1341 -11358
5678 -1409 -11458
5679 -1377 -11654
5680 -1353 -11326
5681 -1357 -11290
5682 -1289 -11206
5683 -1201 -11170
5684 -1371 -11034
5685 -1519 -11154
5686 -1503 -11358
5687 -1517 -11498
5688 -1451 -11398
5689 -1483 -11466
5690 -1313 -11434
5691 -1297 -11494
5692 -1327 -11286
5693 -1247 -11266
5694 -1335 -11274
5695 -1269 -11658
5696 -1209 -11574
5697 -1489 -11662
5698 -1489 -11582
5699 -1483 -11682
5700 -1553 -11742
5701 -1313 -11374
5702 -1245 -11294
5703 -1249 -11402
5704 -1123 -10954
5705 -1235 -11490
5706 -1107 -11446
5707 -907 -11402
5708 -899 -11342
5709 -847 -11374
5710 -917 -11494
5711 -951 -11346
5712 -805 -11350
5713 -691 -11322
5714 -865 -11534
5715 -885 -11422
5716 -869 -11402
5717 -1111 -11398
5718 -1225 -11218
5719 -1171 -11306
5720 -1301 -11306
5721 -1315 -11314
5722 -1281 -11426
5723 -1189 -11470
5724 -943 -11354
5725 -953 -11518
5726 -955 -11542
5727 -831 -11438
5728 -671 -11350
5729 -775 -11346
5730 -1029 -11230
5731 -891 -11410
5732 -825 -11658
5733 -555 -11418
5734 -527 -11262
5735 -295 -11410
5736 -281 -11358
5737 -303 -11662
5738 -205 -11458
5739 -313 -11318
5740 -383 -11262
5741 -159 -11438
5742 -209 -11470
5743 -255 -11398
5744 -367 -11426
5745 -181 -11350
5746 -155 -11386
5747 -127 -11194
5748 -27 -11194
5749 -133 -10970
5750 -111 -11002
5751 -335 -11286
5752 -345 -11166
5753 -469 -11094
5754 -599 -11250
5755 -675 -11290
5756 -679 -11458
5757 -559 -11158
5758 -641 -11370
5759 -691 -11234
5760 -661 -11142
5761 -659 -11162
5762 -615 -11094
5763 -703 -11058
5764 -867 -10966
5765 -641 -11098
5766 -799 -11030
5767 -573 -11322
5768 -453 -11426
5769 -541 -11710
5770 -437 -11598
5771 -459 -11346
5772 -433 -11026
5773 -455 -11110
5774 -545 -11342
5775 -513 -11570
5776 -553 -11222
5777 -581 -11390
5778 -661 -11014
5779 -605 -11146
5780 -679 -11094
5781 -719 -11130
5782 -749 -11342
5783 -609 -11254
5784 -583 -11006
5785 -587 -10946
5786 -559 -11170
5787 -565 -11262
5788 -723 -10986
5789 -785 -10998
5790 -667 -11034
5791 -749 -11082
5792 -667 -11114
5793 -619 -10766
5794 -627 -10706
5795 -583 -11038
5796 -457 -11086
5797 -231 -10850
5798 -193 -10778
5799 -271 -10690
5800 -87 -10986
5801 -115 -11034
5802 113 -11126
5803 19 -11002
5804 285 -10978
5805 149 -11138
5806 183 -11306
5807 185 -11122
5808 231 -10826
5809 143 -10638
5810 37 -10730
5811 233 -10954
5812 87 -11010
5813 13 -10834
5814 -81 -11094
5815 -133 -11266
5816 -217 -11282
5817 -171 -11302
5818 -167 -11502
5819 -195 -11366
5820 -217 -11010
5821 -169 -11278
5822 -87 -11478
5823 -317 -11614
5824 -243 -11530
5825 -219 -11402
5826 -423 -11366
5827 -451 -11058
5828 -497 -11486
5829 -443 -11326
5830 -447 -11214
5831 -549 -11038
5832 -537 -10986
5833 -711 -11330
5834 -783 -11370
5835 -709 -11394
5836 -777 -11374
5837 -779 -11646
5838 -589 -11378
5839 -535 -11810
5840 -491 -11762
5841 -561 -11570
5842 -583 -11630
5843 -563 -11226
5844 -401 -11374
5845 -349 -11410
5846 -337 -11258
5847 -423 -11254
5848 -475 -11462
5849 -531 -11334
5850 -563 -11422
5851 -719 -11510
5852 -727 -11534
5853 -803 -11506
5854 -911 -11394
5855 -1065 -11218
5856 -1075 -11482
5857 -1127 -11394
5858 -1057 -11302
5859 -1129 -11274
5860 -1021 -11602
5861 -913 -11338
5862 -981 -11426
5863 -1095 -11446
5864 -937 -11358
5865 -1243 -11318
5866 -1269 -11274
5867 -1155 -11254
5868 -1241 -11334
5869 -1079 -11062
5870 -1183 -11166
5871 -1155 -10950
5872 -1147 -11154
5873 -1109 -10978
5874 -1053 -10938
5875 -923 -10906
5876 -965 -10974
5877 -1099 -11250
5878 -1211 -10982
5879 -1181 -11334
5880 -1139 -11198
5881 -1149 -11278
5882 -1105 -11306
5883 -1131 -11174
5884 -1183 -11182
5885 -1167 -11150
5886 -1215 -11106
5887 -1167 -11074
5888 -1161 -11222
5889 -1269 -11374
5890 -1271 -11194
5891 -1319 -11358
5892 -1273 -11342
5893 -1293 -11654
5894 -1297 -11702
5895 -1221 -11418
5896 -1135 -11334
5897 -1059 -11366
5898 -987 -11262
5899 -1035 -10938
5900 -1029 -11206
5901 -997 -11278
5902 -1091 -11230
5903 -833 -11014
5904 -1097 -11126
5905 -951 -11158
5906 -1083 -11214
5907 -1085 -11066
5908 -1183 -11006
5909 -1125 -11046
5910 -1139 -10938
5911 -1593 -11034
5912 -1501 -10958
5913 -1533 -11010
5914 -1249 -10954
5915 -1223 -10998
5916 -1161 -11062
5917 -1107 -10806
5918 -991 -10654
5919 -843 -11002
5920 -1079 -11194
5921 -879 -11222
5922 -787 -11486
5923 -941 -11170
5924 -899 -11318
5925 -617 -11306
5926 -521 -11450
5927 -517 -11526
5928 -459 -11586
5929 -315 -11502
5930 -301 -11350
5931 -349 -11218
5932 -381 -11294
5933 -271 -11570
5934 -147 -11242
5935 -145 -11338
5936 -79 -11058
5937 -135 -11346
5938 -193 -11486
5939 -125 -11386
5940 37 -11754
5941 179 -11510
5942 255 -11626
5943 95 -11774
5944 305 -11662
5945 243 -11690
5946 103 -11678
5947 -197 -11878
5948 -189 -11754
5949 -153 -11766
5950 -21 -11858
5951 -39 -11714
5952 49 -11714
5953 -1 -11682
5954 9 -11546
5955 -27 -11502
5956 -45 -11506
5957 -183 -11334
5958 -185 -11346
5959 -107 -11162
5960 -229 -11186
5961 -141 -11254
5962 -125 -11102
5963 -125 -11350
5964 35 -11194
5965 -165 -11106
5966 -237 -11034
5967 -301 -10838
5968 -393 -10906
5969 -349 -11314
5970 -371 -11314
5971 -419 -11242
5972 -477 -11370
5973 -459 -11422
5974 -567 -11350
5975 -497 -11290
5976 -495 -11338
5977 -593 -11198
5978 -587 -11362
5979 -555 -11150
5980 -539 -11266
5981 -747 -11222
5982 -827 -11306
5983 -783 -11066
5984 -815 -11166
5985 -817 -11146
5986 -861 -11366
5987 -819 -11354
5988 -1261 -11414
5989 -1155 -11510
5990 -1105 -11558
5991 -1089 -11514
5992 -1043 -11534
5993 -1015 -11486
5994 -1003 -11538
5995 -825 -11274
5996 -839 -11806
5997 -749 -11626
5998 -749 -11650
5999 -603 -11506
6000 -713 -11354
6001 -715 -11378
6002 -827 -11458
6003 -755 -11570
6004 -641 -11486
6005 -545 -11562
6006 -783 -11786
6007 -993 -11702
6008 -703 -11422
6009 -697 -11558
6010 -653 -11402
6011 -735 -11298
6012 -715 -11154
6013 -655 -11294
6014 -765 -11146
6015 -743 -11778
6016 -587 -11918
6017 -649 -11774
6018 -455 -11678
6019 -337 -11594
6020 -265 -11654
6021 -381 -11614
6022 -379 -11530
6023 -371 -11254
6024 -483 -11406
6025 -639 -11430
6026 -767 -11478
6027 -603 -11138
6028 -679 -10918
6029 -757 -11002
6030 -633 -10802
6031 -423 -11026
6032 -303 -10862
6033 -325 -11026
6034 -291 -11138
6035 -273 -11330
6036 -131 -11358
6037 -83 -11194
6038 -9 -11218
6039 -57 -11306
6040 5 -11342
6041 37 -11326
6042 -141 -11350
6043 -81 -11302
6044 59 -11394
6045 135 -11270
6046 187 -11238
6047 315 -11490
6048 227 -11766
6049 103 -11638
6050 201 -11538
6051 273 -11550
6052 211 -11278
6053 257 -11342
6054 277 -11526
6055 291 -11650
6056 299 -11210
6057 225 -11246
6058 165 -11458
6059 195 -11550
6060 -51 -11590
6061 -155 -11330
6062 -53 -11454
6063 -47 -11382
6064 -219 -11546
6065 -237 -11386
6066 -233 -11306
6067 -319 -11402
6068 -337 -11622
6069 -503 -11586
6070 -549 -11274
6071 -573 -11422
6072 -781 -11518
6073 -811 -11254
6074 -905 -11330
6075 -799 -11146
6076 -729 -11058
6077 -743 -11006
6078 -673 -11066
6079 -643 -11106
6080 -563 -11186
6081 -419 -11182
6082 -429 -11306
6083 -403 -11058
6084 -435 -11546
6085 -363 -11318
6086 -595 -11378
6087 -641 -11250
6088 -535 -11254
6089 -429 -11414
6090 -363 -11442
6091 -269 -11602
6092 -295 -11426
6093 -295 -11546
6094 -341 -11826
6095 -57 -11422
6096 181 -11386
6097 25 -11186
6098 63 -11506
6099 293 -11358
6100 329 -11350
6101 119 -11342
6102 31 -11286
6103 161 -11626
6104 163 -11462
6105 333 -11502
6106 273 -11246
6107 393 -11106
6108 445 -11254
6109 479 -11434
6110 393 -11286
6111 477 -11262
6112 445 -11242
6113 533 -11142
6114 545 -11278
6115 669 -11042
6116 643 -11130
6117 737 -11310
6118 771 -11518
6119 849 -11522
6120 1011 -11330
6121 907 -11538
6122 961 -11502
6123 905 -11282
6124 893 -10942
6125 921 -11122
6126 767 -11330
6127 723 -11142
6128 509 -11086
6129 499 -11398
6130 317 -11454
6131 287 -11362
6132 235 -11502
6133 121 -11494
6134 223 -11278
6135 167 -11514
6136 305 -11270
6137 389 -11470
6138 265 -11322
6139 437 -11178
6140 465 -11278
6141 591 -11290
6142 589 -11190
6143 491 -11202
6144 625 -11490
6145 563 -11586
6146 617 -11606
6147 667 -11242
6148 553 -11466
6149 579 -11334
6150 597 -11090
6151 467 -11182
6152 559 -11494
6153 663 -11366
6154 575 -11362
6155 701 -11422
6156 747 -11162
6157 941 -11286
6158 991 -11330
6159 783 -11410
6160 699 -11438
6161 431 -11426
6162 617 -11450
6163 491 -11582
6164 445 -11590
6165 285 -11406
6166 311 -11314
6167 249 -11266
6168 201 -11298
6169 127 -11366
6170 209 -11250
6171 231 -11498
6172 175 -11262
6173 195 -11270
6174 359 -11374
6175 279 -11674
6176 269 -11490
6177 335 -11406
6178 247 -11486
6179 285 -11482
6180 275 -11586
6181 261 -11378
6182 229 -11618
6183 265 -11726
6184 299 -11530
6185 421 -11742
6186 521 -11558
6187 607 -11666
6188 623 -11730
6189 559 -11650
6190 589 -11606
6191 395 -11258
6192 583 -11430
6193 489 -11098
6194 715 -11254
6195 623 -11150
6196 563 -11154
6197 335 -11218
6198 463 -11138
6199 501 -11246
6200 551 -11418
6201 419 -10978
6202 295 -11194
6203 383 -11262
6204 479 -11254
6205 327 -11214
6206 245 -11418
6207 53 -11234
6208 149 -11410
6209 -73 -11278
6210 15 -11146
6211 1 -11242
6212 -329 -11430
6213 -249 -11406
6214 19 -11178
6215 23 -11362
6216 3 -11570
6217 -81 -11694
6218 -35 -11346
6219 -173 -11118
6220 -351 -11418
6221 -387 -11282
6222 -595 -11214
6223 -367 -11178
6224 -563 -11334
6225 -607 -11382
6226 -435 -11206
6227 -363 -11034
6228 -129 -10990
6229 -61 -10910
6230 -65 -11146
6231 -181 -11298
6232 31 -11266
6233 1 -11402
6234 177 -11370
6235 105 -11002
6236 203 -10914
6237 215 -10882
6238 223 -11046
6239 83 -11066
6240 -35 -11158
6241 -123 -11474
6242 -85 -11206
6243 37 -11310
6244 67 -11346
6245 231 -11118
6246 87 -11090
6247 57 -11122
6248 137 -11186
6249 175 -11390
6250 115 -11362
6251 159 -10938
6252 85 -11078
6253 -159 -10926
6254 -139 -10974
6255 -155 -11330
6256 -101 -11262
6257 -171 -11266
6258 -43 -11262
6259 -131 -11314
6260 75 -11282
6261 99 -11306
6262 123 -11426
6263 231 -11330
6264 349 -11490
6265 197 -11578
6266 179 -11542
6267 29 -11430
6268 145 -11390
6269 43 -11294
6270 127 -11342
6271 167 -11182
6272 397 -11434
6273 395 -11490
6274 387 -11186
6275 215 -10982
6276 207 -11018
6277 345 -11054
6278 387 -11194
6279 441 -11578
6280 489 -11526
6281 499 -11494
6282 511 -11470
6283 399 -11302
6284 375 -11430
6285 493 -11478
6286 639 -11262
6287 473 -11218
6288 363 -11266
6289 403 -11306
6290 435 -11182
6291 317 -11414
6292 279 -11442
6293 23 -11466
6294 27 -11426
6295 -31 -11246
6296 -97 -11306
6297 121 -11450
6298 217 -11830
6299 177 -11366
6300 103 -11542
6301 83 -11602
6302 3 -11542
6303 -11 -11590
6304 253 -11210
6305 143 -11398
6306 75 -11154
6307 -49 -11342
6308 -39 -11122
6309 -153 -11534
6310 -103 -11310
6311 69 -11338
6312 291 -11250
6313 365 -10938
6314 341 -11206
6315 285 -11130
6316 381 -11238
6317 491 -11506
6318 457 -11310
6319 537 -11442
6320 575 -11774
6321 631 -11766
6322 697 -11826
6323 713 -11850
6324 629 -11606
6325 771 -11766
6326 817 -11914
6327 939 -12074
6328 933 -12010
6329 1057 -11762
6330 1109 -11854
6331 1261 -11858
6332 1291 -11670
6333 1383 -11834
6334 1399 -11666
6335 1347 -11798
6336 1265 -11746
6337 1283 -11706
6338 1231 -11602
6339 1175 -11518
6340 1257 -11850
6341 1235 -11746
6342 1293 -11862
6343 1061 -11662
6344 1025 -11534
6345 1155 -11662
6346 1173 -11462
6347 1245 -11770
6348 1471 -11874
6349 1387 -11670
6350 1435 -11798
6351 1531 -11962
6352 1531 -11850
6353 1417 -11686
6354 1243 -11642
6355 1199 -11466
6356 1171 -11546
6357 1311 -11510
6358 1273 -11514
6359 1323 -11638
6360 1349 -11462
6361 1473 -11442
6362 1541 -11434
6363 1557 -11602
6364 1505 -11266
6365 1525 -11278
6366 1689 -11598
6367 1785 -11694
6368 1761 -12114
6369 1519 -11658
6370 1383 -11706
6371 1445 -11550
6372 1123 -11414
6373 1109 -11446
6374 1073 -11498
6375 1219 -11622
6376 1193 -11638
6377 1191 -11510
6378 1409 -11330
6379 1605 -11346
6380 1669 -11530
6381 1537 -11262
6382 1399 -11298
6383 1513 -11358
6384 1677 -11542
6385 1531 -11138
6386 1555 -11394
6387 1633 -11574
6388 1577 -11394
6389 1555 -11546
6390 1295 -11690
6391 1277 -11558
6392 1265 -11686
6393 1271 -11666
6394 1309 -11318
6395 1275 -11530
6396 1051 -11594
6397 1055 -11498
6398 1143 -11794
6399 1255 -11558
6400 1255 -11714
6401 1307 -11518
6402 1429 -11658
6403 1555 -11858
6404 1349 -11814
6405 1285 -11562
6406 1219 -11566
6407 1241 -11530
6408 1283 -11402
6409 1299 -11394
6410 1355 -11458
6411 1203 -11526
6412 1299 -11670
6413 1217 -11906
6414 1315 -11790
6415 1255 -11834
6416 1261 -11558
6417 1111 -11630
6418 1165 -11518
6419 1167 -11186
6420 979 -11210
6421 997 -11046
6422 1143 -11194
6423 1117 -11082
6424 1239 -11410
6425 1187 -11206
6426 1191 -11378
6427 1179 -11202
6428 1165 -11094
6429 1167 -11114
6430 1231 -11226
6431 1341 -11222
6432 1135 -11198
6433 1027 -11626
6434 973 -11454
6435 953 -11506
6436 1093 -11442
6437 955 -11654
6438 1037 -11810
6439 1091 -11658
6440 1093 -11810
6441 961 -11138
6442 903 -11066
6443 839 -11126
6444 837 -11066
6445 761 -11078
6446 745 -11174
6447 759 -11174
6448 925 -11166
6449 889 -11130
6450 877 -11166
6451 867 -11202
6452 879 -11298
6453 655 -11314
6454 649 -11338
6455 861 -11322
6456 799 -11290
6457 685 -11150
6458 461 -11406
6459 595 -11254
6460 511 -11406
6461 459 -11286
6462 347 -11058
6463 423 -11266
6464 461 -11278
6465 413 -11234
6466 539 -11330
6467 693 -11418
6468 683 -11450
6469 671 -11554
6470 599 -11546
6471 585 -11362
6472 651 -11214
6473 637 -11298
6474 661 -11266
6475 809 -11422
6476 977 -11538
6477 993 -11418
6478 901 -11614
6479 749 -11558
6480 1013 -11266
6481 1137 -11490
6482 1265 -11294
6483 1189 -11278
6484 1375 -11682
6485 1475 -11522
6486 1439 -11742
6487 1589 -11654
6488 1591 -11730
6489 1635 -11842
6490 1835 -11706
6491 1783 -11654
6492 1675 -11774
6493 1739 -11734
6494 1657 -11490
6495 1775 -11618
6496 1869 -11586
6497 1887 -11566
6498 1963 -11338
6499 1979 -11234
6500 1951 -11498
6501 1851 -11562
6502 1693 -11458
6503 1547 -11610
6504 1647 -11650
6505 1705 -11758
6506 1771 -11666
6507 1737 -11850
6508 1591 -11782
6509 1395 -11462
6510 1533 -11530
6511 1529 -11274
6512 1607 -11410
6513 1757 -11570
6514 1705 -11582
6515 1621 -11362
6516 1773 -11550
6517 1777 -11274
6518 1847 -11466
6519 1889 -11538
6520 1931 -11354
6521 1849 -11218
6522 1639 -11490
6523 1559 -11186
6524 1607 -11250
6525 1499 -11318
6526 1391 -11462
6527 1261 -11146
6528 1357 -11498
6529 1329 -11242
6530 1205 -11258
6531 1151 -11374
6532 1067 -11502
6533 1023 -11282
6534 1021 -11242
6535 1109 -11550
6536 1095 -11458
6537 971 -11378
6538 1227 -11206
6539 1485 -11414
6540 1427 -11470
6541 1517 -11238
6542 1415 -11082
6543 1493 -11298
6544 1511 -11538
6545 1499 -11250
6546 1355 -11738
6547 1331 -11354
6548 1165 -11382
6549 1219 -11390
6550 1141 -11362
6551 1321 -11462
6552 1371 -11590
6553 1247 -11414
6554 1043 -11170
6555 1001 -11450
6556 1053 -11310
6557 1081 -11250
6558 1121 -10986
6559 1177 -11354
6560 999 -11322
6561 917 -11246
6562 937 -11266
6563 977 -11758
6564 913 -11566
6565 1035 -11498
6566 1041 -11950
6567 1121 -11818
6568 1043 -12022
6569 981 -11878
6570 1103 -11690
6571 1181 -11602
6572 1239 -11466
6573 1321 -11362
6574 1385 -11126
6575 1319 -11138
6576 1269 -11362
6577 1221 -11282
6578 1181 -10914
6579 1175 -11030
6580 1043 -10950
6581 805 -10958
6582 667 -11154
6583 835 -11302
6584 915 -11270
6585 1089 -11126
6586 1183 -11118
6587 1099 -11358
6588 1199 -11370
6589 1137 -11166
6590 1093 -11142
6591 917 -11222
6592 1127 -11162
6593 867 -10826
6594 791 -11150
6595 605 -11018
6596 621 -10874
6597 685 -10982
6598 595 -10630
6599 603 -10966
6600 397 -10946
6601 275 -10894
6602 231 -10890
6603 253 -10930
6604 111 -11046
6605 331 -11090
6606 281 -10934
6607 337 -11074
6608 365 -11178
6609 401 -11154
6610 513 -11134
6611 411 -11226
6612 609 -11330
6613 747 -11510
6614 659 -11230
6615 521 -11290
6616 457 -11114
6617 547 -11146
6618 493 -11262
6619 255 -11206
6620 279 -11242
6621 343 -11018
6622 363 -11202
6623 341 -11390
6624 455 -11082
6625 321 -11370
6626 83 -11214
6627 109 -11498
6628 125 -11422
6629 265 -11466
6630 369 -11242
6631 271 -11158
6632 487 -11182
6633 433 -11034
6634 231 -11374
6635 529 -11342
6636 461 -11250
6637 477 -11386
6638 637 -11658
6639 495 -11626
6640 479 -11562
6641 459 -11322
6642 613 -11638
6643 725 -11702
6644 807 -11918
6645 1045 -11766
6646 1009 -11510
6647 821 -11374
6648 783 -11386
6649 821 -11342
6650 695 -11286
6651 591 -10998
6652 597 -11210
6653 515 -11106
6654 529 -10870
6655 669 -10690
6656 659 -10994
6657 561 -11142
6658 665 -11062
6659 675 -11246
6660 521 -11250
6661 611 -11486
6662 553 -11122
6663 461 -11202
6664 497 -10982
6665 597 -11006
6666 573 -11202
6667 453 -11278
6668 511 -11142
6669 473 -11342
6670 459 -11374
6671 391 -11278
6672 445 -11350
6673 413 -11402
6674 367 -11350
6675 437 -11226
6676 341 -11106
6677 415 -11542
6678 267 -11590
6679 305 -11534
6680 59 -11362
6681 -21 -11558
6682 181 -11474
6683 27 -11406
6684 133 -11258
6685 335 -11022
6686 257 -11250
6687 319 -11510
6688 295 -11302
6689 239 -11598
6690 67 -11322
6691 29 -11686
6692 113 -11518
6693 143 -11422
6694 41 -11242
6695 245 -11366
6696 381 -11294
6697 525 -11266
6698 671 -11646
6699 723 -11698
6700 607 -11698
6701 505 -11638
6702 545 -11526
6703 651 -11358
6704 605 -11458
6705 775 -11826
6706 929 -11410
6707 999 -11478
6708 1177 -11582
6709 939 -11418
6710 933 -11830
6711 881 -11650
6712 851 -11306
6713 831 -11610
6714 847 -11622
6715 765 -11374
6716 767 -11750
6717 717 -11894
6718 681 -11570
6719 601 -11382
6720 547 -11490
6721 461 -11414
6722 549 -11606
6723 649 -11398
6724 791 -11506
6725 725 -11510
6726 893 -11822
6727 893 -11838
6728 819 -11722
6729 741 -11642
6730 847 -11510
6731 769 -11442
6732 659 -11482
6733 623 -11370
6734 669 -11642
6735 583 -11502
6736 699 -11402
6737 663 -11422
6738 725 -11178
6739 467 -11406
6740 455 -11422
6741 377 -11638
6742 243 -11358
6743 85 -11070
6744 -113 -11162
6745 -319 -11434
6746 -373 -11262
6747 -469 -11374
6748 -573 -11210
6749 -629 -11462
6750 -487 -11202
6751 -525 -11282
6752 -489 -11198
6753 -417 -11230
6754 -525 -11258
6755 -881 -11222
6756 -873 -11146
6757 -1007 -11218
6758 -963 -11046
6759 -999 -11014
6760 -1147 -10850
6761 -1115 -11046
6762 -1069 -11238
6763 -1143 -11014
6764 -931 -10994
6765 -933 -11066
6766 -977 -11114
6767 -935 -11094
6768 -833 -11126
6769 -805 -11354
6770 -737 -11262
6771 -763 -11178
6772 -715 -10990
6773 -821 -11006
6774 -787 -11138
6775 -951 -11130
6776 -1017 -11142
6777 -931 -10834
6778 -1011 -10882
6779 -1005 -10754
6780 -1159 -10698
6781 -1169 -10870
6782 -915 -10942
6783 -523 -10846
6784 -589 -11054
6785 -629 -10846
6786 -661 -11050
6787 -715 -11122
6788 -673 -11298
6789 -529 -11318
6790 -637 -11306
6791 -603 -11294
6792 -503 -11286
6793 -775 -11166
6794 -787 -11338
6795 -767 -11226
6796 -771 -11274
6797 -811 -11386
6798 -829 -11294
6799 -851 -11310
6800 -895 -11146
6801 -703 -11210
6802 -577 -11162
6803 -393 -11222
6804 -465 -11066
6805 -433 -11046
6806 -603 -11050
6807 -467 -10878
6808 -457 -11138
6809 -539 -11366
6810 -695 -11166
6811 -893 -11190
6812 -973 -11118
6813 -971 -11022
6814 -869 -10946
6815 -789 -11022
6816 -783 -11190
6817 -715 -11210
6818 -625 -11294
6819 -515 -11546
6820 -529 -11370
6821 -611 -11498
6822 -513 -11222
6823 -503 -11302
6824 -467 -11462
6825 -585 -11502
6826 -397 -11462
6827 -423 -11646
6828 -299 -11786
6829 -265 -11530
6830 -383 -11550
6831 -315 -11610
6832 -401 -11510
6833 -395 -11546
6834 -143 -11358
6835 -85 -11306
6836 11 -11422
6837 -53 -11362
6838 73 -11394
6839 85 -11378
6840 91 -11162
6841 -51 -11314
6842 125 -11426
6843 275 -11474
6844 383 -11506
6845 539 -11494
6846 395 -11414
6847 559 -11514
6848 497 -11598
6849 621 -11370
6850 379 -11434
6851 493 -11106
6852 429 -11310
6853 369 -11226
6854 645 -11366
6855 635 -11446
6856 583 -11242
6857 607 -11006
6858 519 -11170
6859 429 -11006
6860 353 -11234
6861 403 -11338
6862 329 -11206
6863 159 -11098
6864 -3 -11270
6865 -7 -11322
6866 63 -11042
6867 -33 -11206
6868 -125 -11230
6869 -31 -11146
6870 -89 -11274
6871 -261 -11262
6872 -133 -11534
6873 -109 -11558
6874 -191 -11478
6875 -381 -11486
6876 -387 -11290
6877 -85 -11270
6878 -93 -11586
6879 -105 -11570
6880 -153 -11482
6881 -39 -11462
6882 141 -11422
6883 347 -11158
6884 213 -11022
6885 385 -11034
6886 405 -10966
6887 417 -11150
6888 435 -11046
6889 513 -11166
6890 433 -11314
6891 459 -11466
6892 399 -11642
6893 419 -11530
6894 469 -11238
6895 325 -11266
6896 343 -11318
6897 267 -11430
6898 203 -11214
6899 251 -11254
6900 341 -11330
6901 413 -11482
6902 371 -11474
6903 181 -11538
6904 239 -11650
6905 367 -11526
6906 373 -11306
6907 241 -11302
6908 125 -11202
6909 241 -11314
6910 563 -11530
6911 583 -11666
6912 497 -11382
6913 361 -11590
6914 299 -11690
6915 423 -11322
6916 475 -11514
6917 597 -11410
6918 749 -11074
6919 649 -11122
6920 669 -11266
6921 593 -11186
6922 551 -11426
6923 533 -11286
6924 577 -11086
6925 541 -11346
6926 445 -11298
6927 563 -11114
6928 613 -10998
6929 631 -10982
6930 677 -11222
6931 773 -11474
6932 981 -11526
6933 1027 -11286
6934 819 -11330
6935 975 -11482
6936 895 -11198
6937 861 -11198
6938 913 -11174
6939 919 -11318
6940 835 -11194
6941 841 -11190
6942 637 -11194
6943 591 -11218
6944 567 -11246
6945 575 -11286
6946 471 -11310
6947 529 -11354
6948 451 -11242
6949 487 -11058
6950 429 -10986
6951 529 -11282
6952 473 -11270
6953 483 -11286
6954 439 -11234
6955 373 -11254
6956 463 -11330
6957 339 -11538
6958 421 -11706
6959 381 -11546
6960 441 -11262
6961 401 -11378
6962 455 -11354
6963 495 -11262
6964 357 -11230
6965 477 -11254
6966 533 -11330
6967 665 -11366
6968 779 -11466
6969 741 -11130
6970 829 -11174
6971 793 -11134
6972 815 -11534
6973 923 -11546
6974 971 -11566
6975 893 -11234
6976 901 -11570
6977 891 -11574
6978 667 -11422
6979 611 -11458
6980 605 -11458
6981 613 -11546
6982 421 -11610
6983 467 -11422
6984 431 -11258
6985 301 -11254
6986 269 -11114
6987 289 -11010
6988 193 -11038
6989 113 -11034
6990 239 -11226
6991 317 -11278
6992 363 -11090
6993 309 -11306
6994 261 -10854
6995 119 -10990
6996 217 -10954
6997 377 -11074
6998 337 -11186
6999 267 -11250
7000 283 -11094
7001 321 -11366
7002 435 -11346
7003 279 -11434
7004 201 -11402
7005 65 -11206
7006 -33 -11174
7007 -17 -11238
7008 -91 -11474
7009 -225 -11318
7010 -147 -11150
7011 -121 -11162
7012 -119 -11294
7013 -201 -11230
7014 7 -11298
7015 175 -11566
7016 101 -11262
7017 157 -11498
7018 187 -11418
7019 161 -11374
7020 183 -11334
7021 111 -11234
7022 149 -11458
7023 249 -11334
7024 123 -11242
7025 205 -11390
7026 227 -11526
7027 359 -11542
7028 351 -11294
7029 189 -11470
7030 257 -11398
7031 147 -11514
7032 263 -11470
7033 333 -11294
7034 415 -11406
7035 649 -11558
7036 721 -11214
7037 545 -10962
7038 617 -11374
7039 693 -11426
7040 579 -11194
7041 539 -11274
7042 511 -11234
7043 513 -11062
7044 599 -11422
7045 627 -11402
7046 593 -11870
7047 391 -11678
7048 225 -11658
7049 267 -11818
7050 409 -11674
7051 227 -11682
7052 251 -11482
7053 147 -11134
7054 21 -11122
7055 203 -11250
7056 57 -11422
7057 39 -11274
7058 -7 -11582
7059 139 -11662
7060 43 -11542
7061 147 -11510
7062 -59 -11182
7063 -43 -11302
7064 5 -11142
7065 -125 -11246
7066 -91 -11290
7067 -143 -11290
7068 -1 -11366
7069 -77 -11166
7070 -111 -11218
7071 65 -11498
7072 111 -11434
7073 23 -11686
7074 203 -11330
7075 77 -11490
7076 119 -11366
7077 -61 -11470
7078 83 -11614
7079 99 -11406
7080 177 -11230
7081 181 -11222
7082 103 -11298
7083 -25 -11354
7084 -71 -11394
7085 -191 -11382
7086 -223 -11338
7087 -293 -11242
7088 -193 -11382
7089 -495 -11638
7090 -579 -11574
7091 -557 -11486
7092 -341 -11574
7093 -291 -11474
7094 -521 -11254
7095 -595 -11350
7096 -523 -11450
7097 -585 -11398
7098 -459 -11450
7099 -495 -11622
7100 -565 -11622
7101 -461 -11442
7102 -597 -11338
7103 -389 -10962
7104 -225 -10826
7105 -315 -11054
7106 -85 -10966
7107 -75 -11030
7108 -365 -11182
7109 -233 -11114
7110 37 -11150
7111 1 -11522
7112 5 -11558
7113 81 -11286
7114 -63 -11354
7115 -221 -11630
7116 -143 -11586
7117 -253 -11582
7118 -301 -11186
7119 -399 -11182
7120 -405 -11214
7121 -329 -11302
7122 -195 -11194
7123 -155 -11230
7124 -209 -11066
7125 -353 -11194
7126 -445 -11130
7127 -383 -11190
7128 -361 -11294
7129 -509 -11210
7130 -457 -11126
7131 -441 -11258
7132 -427 -11246
7133 -483 -11322
7134 -461 -11110
7135 -421 -11142
7136 -311 -11250
7137 -323 -11154
7138 -293 -11014
7139 -297 -11098
7140 -195 -11310
7141 13 -11486
7142 -31 -11398
7143 113 -11482
7144 -125 -11294
7145 -127 -11458
7146 -133 -11290
7147 23 -11038
7148 -59 -11266
7149 -97 -11370
7150 -229 -11530
7151 -243 -11834
7152 -147 -11758
7153 -235 -11806
7154 -245 -11962
7155 -369 -11738
7156 -359 -11770
7157 -353 -11758
7158 -619 -11858
7159 -449 -11606
7160 -487 -11654
7161 -471 -11318
7162 -663 -11466
7163 -665 -11434
7164 -607 -11710
7165 -387 -11822
7166 -359 -11942
7167 -569 -11942
7168 -621 -11642
7169 -683 -11586
7170 -479 -11326
7171 -245 -11326
7172 -169 -11494
7173 27 -11742
7174 -7 -11754
7175 63 -11770
7176 121 -11494
7177 33 -11582
7178 85 -11446
7179 95 -11430
7180 -39 -11302
7181 45 -11382
7182 69 -11414
7183 19 -11626
7184 49 -11650
7185 107 -11474
7186 -17 -11718
7187 -5 -11430
7188 87 -11486
7189 173 -11410
7190 189 -11738
7191 355 -11738
7192 339 -11706
7193 377 -11754
7194 331 -11850
7195 431 -11762
7196 233 -11670
7197 203 -11674
7198 213 -11834
7199 41 -11834
7200 209 -11826
7201 141 -11386
7202 225 -11418
7203 275 -11450
7204 287 -11506
7205 507 -11702
7206 221 -11758
7207 139 -11646
7208 197 -11734
7209 187 -11914
7210 347 -11654
7211 275 -11382
7212 185 -11558
7213 411 -11334
7214 205 -11606
7215 305 -11734
7216 133 -11898
7217 59 -12010
7218 -167 -11630
7219 -101 -11258
7220 -193 -11370
7221 -315 -11234
7222 -227 -11162
7223 -11 -11126
7224 -203 -11066
7225 -181 -11274
7226 -169 -11170
7227 -81 -11386
7228 71 -11278
7229 -9 -11518
7230 183 -11350
7231 55 -11206
7232 105 -11410
7233 49 -11406
7234 147 -11610
7235 233 -11630
7236 507 -11378
7237 639 -11018
7238 553 -11050
7239 599 -10990
7240 525 -11150
7241 523 -10898
7242 457 -10970
7243 499 -10922
7244 363 -10846
7245 301 -10874
7246 275 -11150
7247 351 -11102
7248 371 -11198
7249 419 -11074
7250 341 -11302
7251 375 -11262
7252 461 -11146
7253 369 -11302
7254 407 -11074
7255 309 -10970
7256 375 -11090
7257 445 -11230
7258 361 -11150
7259 317 -11230
7260 333 -10958
7261 267 -11042
7262 233 -11158
7263 157 -11038
7264 313 -11042
7265 301 -10850
7266 283 -10978
7267 123 -11122
7268 91 -11374
7269 -11 -11130
7270 67 -11106
7271 203 -11270
7272 191 -10918
7273 183 -11078
7274 131 -11010
7275 161 -11114
7276 73 -11058
7277 153 -10862
7278 127 -11006
7279 129 -11166
7280 149 -11230
7281 17 -11166
7282 97 -11282
7283 -9 -11198
7284 -79 -11338
7285 75 -11278
7286 95 -11310
7287 -29 -11306
7288 47 -11834
7289 -175 -11594
7290 -305 -11398
7291 -279 -11546
7292 -129 -11522
7293 -297 -11306
7294 -347 -11482
7295 -389 -11430
7296 -349 -11006
7297 -363 -11150
7298 -497 -10974
7299 -321 -11166
7300 -395 -11418
7301 -551 -11226
7302 -599 -11302
7303 -609 -11310
7304 -671 -11218
7305 -771 -11290
7306 -859 -11210
7307 -781 -11374
7308 -697 -11270
7309 -843 -11290
7310 -901 -11238
7311 -1065 -11378
7312 -1001 -11090
7313 -1023 -11098
7314 -905 -11346
7315 -911 -11302
7316 -797 -11286
7317 -795 -11642
7318 -831 -11654
7319 -791 -11846
7320 -961 -11618
7321 -839 -11350
7322 -669 -11494
7323 -737 -11714
7324 -917 -11474
7325 -875 -11538
7326 -995 -11986
7327 -1069 -11918
7328 -1017 -11490
7329 -1201 -11738
7330 -1111 -11818
7331 -1089 -11774
7332 -953 -11774
7333 -1163 -11830
7334 -1059 -11518
7335 -1107 -11558
7336 -1157 -11630
7337 -1055 -11570
7338 -1023 -11790
7339 -805 -11574
7340 -781 -11818
7341 -711 -11862
7342 -613 -11770
7343 -651 -11730
7344 -699 -11706
7345 -579 -11718
7346 -529 -11334
7347 -415 -11390
7348 -491 -11282
7349 -379 -11614
7350 -345 -11430
7351 -325 -11514
7352 -209 -11558
7353 -149 -11318
7354 -191 -11318
7355 -211 -11122
7356 -227 -11270
7357 -279 -11490
7358 -145 -11494
7359 -339 -11434
7360 -245 -11490
7361 -73 -11738
7362 -17 -11546
7363 -77 -11674
7364 89 -11618
7365 65 -11682
7366 49 -11086
7367 159 -11314
7368 -23 -11578
7369 -145 -11622
7370 -277 -11622
7371 -531 -11622
7372 -541 -11754
7373 -467 -11478
7374 -481 -11638
7375 -391 -11850
7376 -233 -11890
7377 -177 -11634
7378 -217 -11746
7379 -167 -11862
7380 -253 -11610
7381 -211 -11630
7382 -451 -11810
7383 -547 -11790
7384 -595 -11790
7385 -565 -11726
7386 -713 -11982
7387 -923 -11686
7388 -1109 -11530
7389 -1137 -11210
7390 -1203 -11306
7391 -1313 -11302
7392 -1337 -11526
7393 -1427 -11430
7394 -1493 -11402
7395 -1437 -11502
7396 -1387 -11398
7397 -1337 -11358
7398 -1377 -11458
7399 -1223 -11198
7400 -1137 -10986
7401 -1221 -11190
7402 -1163 -10994
7403 -1237 -10922
7404 -1395 -11082
7405 -1119 -11054
7406 -921 -11346
7407 -937 -11238
7408 -849 -11274
7409 -987 -11270
7410 -1197 -11502
7411 -1345 -11694
7412 -1325 -11510
7413 -1383 -11346
7414 -1471 -11386
7415 -1439 -11450
7416 -1409 -11322
7417 -1645 -11274
7418 -1567 -11230
7419 -1493 -11214
7420 -1357 -11258
7421 -1495 -11322
7422 -1481 -11366
7423 -1667 -11526
7424 -1639 -11542
7425 -1557 -11410
7426 -1393 -11598
7427 -1489 -11538
7428 -1615 -11750
7429 -1775 -11606
7430 -1771 -11442
7431 -1857 -11590
7432 -1851 -11750
7433 -1715 -11766
7434 -1685 -11890
7435 -1643 -11730
7436 -1677 -11638
7437 -1507 -11250
7438 -1295 -11174
7439 -1277 -10842
7440 -1111 -10934
7441 -931 -10810
7442 -887 -11086
7443 -995 -11142
7444 -1127 -10930
7445 -1151 -11198
7446 -1307 -11322
7447 -1209 -11390
7448 -1339 -11354
7449 -1525 -11118
7450 -1461 -11114
7451 -1395 -11238
7452 -1379 -11462
7453 -1217 -11298
7454 -1301 -11586
7455 -1141 -11442
7456 -1207 -11426
7457 -1283 -11394
7458 -1191 -11442
7459 -1227 -11610
7460 -1173 -11822
7461 -1173 -11698
7462 -1217 -11446
7463 -1303 -11598
7464 -1043 -11450
7465 -1077 -11550
7466 -1025 -11326
7467 -1091 -11182
7468 -1113 -11018
7469 -1039 -11182
7470 -999 -11302
7471 -911 -11006
7472 -841 -11030
7473 -849 -11122
7474 -857 -10926
7475 -587 -11014
7476 -525 -11154
7477 -439 -11090
7478 -375 -11114
7479 -361 -11190
7480 -401 -11450
7481 -457 -11462
7482 -385 -11286
7483 -343 -11254
7484 -289 -11322
7485 -237 -11434
7486 -349 -11462
7487 -219 -11334
7488 -271 -11250
7489 -269 -11206
7490 29 -11190
7491 -5 -10994
7492 23 -11326
7493 -27 -11226
7494 95 -11134
7495 125 -11234
7496 27 -11162
7497 -171 -11586
7498 -429 -11366
7499 -393 -11306
7500 -517 -11090
7501 -591 -11046
7502 -597 -11302
7503 -607 -11330
7504 -457 -11258
7505 -663 -11002
7506 -599 -11082
7507 -693 -11174
7508 -985 -11146
7509 -961 -11262
7510 -865 -11094
7511 -849 -11370
7512 -787 -11398
7513 -921 -11270
7514 -799 -11586
7515 -815 -11394
7516 -895 -11246
7517 -845 -11378
7518 -905 -11346
7519 -761 -11314
7520 -857 -11442
7521 -1077 -11302
7522 -975 -11366
7523 -953 -11174
7524 -861 -11274
7525 -923 -11406
7526 -819 -11034
7527 -703 -11322
7528 -797 -11166
7529 -937 -11298
7530 -923 -11298
7531 -1059 -11266
7532 -1103 -11234
7533 -1001 -11146
7534 -1023 -10970
7535 -841 -11250
7536 -835 -11058
7537 -649 -11242
7538 -581 -11118
7539 -447 -10862
7540 -187 -10970
7541 -139 -10890
7542 -283 -10934
7543 -235 -11070
7544 -311 -10966
7545 -489 -10882
7546 -405 -10830
7547 -245 -10874
7548 -249 -10722
7549 -37 -10558
7550 -7 -10814
7551 127 -11050
7552 221 -11046
7553 227 -11106
7554 393 -11278
7555 449 -11274
7556 413 -11366
7557 449 -11554
7558 509 -11482
7559 623 -11562
7560 623 -11794
7561 593 -11898
7562 649 -11462
7563 577 -11462
7564 639 -11414
7565 405 -11462
7566 419 -11290
7567 243 -11146
7568 135 -11382
7569 49 -11418
7570 -35 -11302
7571 37 -11166
7572 -87 -11190
7573 -121 -11210
7574 -125 -11282
7575 -131 -10998
7576 -131 -11206
7577 -201 -11462
7578 -355 -11150
7579 -191 -11082
7580 -223 -11290
7581 -237 -11410
7582 -481 -11450
7583 -519 -11530
7584 -547 -11414
7585 -377 -11374
7586 -391 -11586
7587 -449 -11306
7588 -249 -11054
7589 -343 -11190
7590 -307 -11294
7591 -129 -10850
7592 -195 -10930
7593 -123 -10958
7594 -211 -11162
7595 -185 -11402
7596 -235 -11134
7597 -315 -11190
7598 -323 -11230
7599 -221 -11282
7600 -149 -11402
7601 -351 -11298
7602 -417 -11382
7603 -497 -11346
7604 -671 -11346
7605 -635 -11318
7606 -657 -11242
7607 -639 -11366
7608 -713 -11150
7609 -715 -11366
7610 -785 -10990
7611 -753 -11194
7612 -841 -11406
7613 -781 -11286
7614 -671 -11362
7615 -623 -10866
7616 -669 -11330
7617 -853 -11374
7618 -807 -11446
7619 -905 -11382
7620 -829 -11138
7621 -733 -11206
7622 -481 -11174
7623 -433 -11242
7624 -339 -11174
7625 -207 -11386
7626 -9 -11382
7627 79 -11258
7628 -37 -11350
7629 103 -11350
7630 61 -11402
7631 139 -11470
7632 -29 -11678
7633 33 -11470
7634 -197 -11598
7635 -343 -11546
7636 -307 -11374
7637 -103 -11550
7638 -217 -11634
7639 -39 -11542
7640 -173 -11398
7641 -255 -11166
7642 -213 -11226
7643 -151 -11394
7644 91 -11522
7645 193 -11250
7646 101 -11166
7647 179 -11122
7648 297 -11062
7649 385 -11122
7650 181 -11246
7651 127 -11158
7652 121 -11502
7653 23 -11558
7654 125 -11334
7655 95 -11510
7656 -5 -11362
7657 -185 -11078
7658 -161 -11274
7659 -77 -11250
7660 -199 -11466
7661 -179 -11354
7662 -319 -11394
7663 -409 -11366
7664 -597 -11362
7665 -405 -11226
7666 -315 -10922
7667 -357 -11106
7668 -293 -11254
7669 -333 -11166
7670 -263 -11138
7671 -421 -11270
7672 -659 -11266
7673 -425 -11334
7674 -419 -11154
7675 -489 -11298
7676 -535 -11354
7677 -421 -11418
7678 -491 -11370
7679 -471 -11318
7680 -441 -11270
7681 -419 -11058
7682 -381 -11182
7683 -321 -11342
7684 -257 -10970
7685 -305 -11002
7686 -239 -10974
7687 -29 -11090
7688 -89 -11034
7689 -149 -11270
7690 -285 -11014
7691 -609 -11382
7692 -693 -11230
7693 -727 -11202
7694 -691 -11402
7695 -881 -11226
7696 -917 -11094
7697 -1127 -11202
7698 -1061 -11142
7699 -1029 -11206
7700 -1169 -11114
7701 -1193 -11178
7702 -1281 -11250
7703 -1153 -11354
7704 -1071 -11138
7705 -1163 -11182
7706 -1191 -11118
7707 -1247 -11426
7708 -1343 -11642
7709 -1213 -11522
7710 -1255 -11162
7711 -1271 -11122
7712 -1391 -10990
7713 -1289 -11130
7714 -1505 -11170
7715 -1563 -11370
7716 -1389 -11238
7717 -1259 -11002
7718 -1259 -11134
7719 -1211 -11294
7720 -1125 -11334
7721 -1059 -11434
7722 -937 -11170
7723 -925 -11198
7724 -881 -11334
7725 -843 -11530
7726 -843 -11474
7727 -735 -11390
7728 -695 -11306
7729 -841 -11398
7730 -931 -11166
7731 -937 -11394
7732 -911 -11322
7733 -969 -11462
7734 -961 -11646
7735 -951 -11366
7736 -937 -11270
7737 -987 -11198
7738 -923 -11282
7739 -949 -11298
7740 -879 -11466
7741 -827 -11222
7742 -859 -11050
7743 -835 -11042
7744 -889 -11134
7745 -897 -11178
7746 -829 -11514
7747 -727 -11598
7748 -791 -11002
7749 -635 -11286
7750 -615 -11226
7751 -465 -11186
7752 -507 -11386
7753 -309 -11178
7754 -229 -11342
7755 15 -11342
7756 97 -11014
7757 223 -11250
7758 339 -11402
7759 363 -11390
7760 489 -11314
7761 555 -11138
7762 443 -11226
7763 369 -11218
7764 325 -11270
7765 247 -11182
7766 499 -11066
7767 625 -11366
7768 571 -11434
7769 583 -11386
7770 517 -11190
7771 437 -11162
7772 319 -11186
7773 191 -11322
7774 97 -11150
7775 71 -11102
7776 85 -10982
7777 147 -11178
7778 139 -11266
7779 251 -11354
7780 361 -11390
7781 413 -11138
7782 213 -11222
7783 65 -11126
7784 23 -10902
7785 5 -10842
7786 -87 -11170
7787 97 -11178
7788 115 -10874
7789 89 -11222
7790 193 -11402
7791 203 -11442
7792 93 -11210
7793 49 -11106
7794 127 -11010
7795 159 -10966
7796 337 -11274
7797 341 -11226
7798 157 -10950
7799 229 -11374
7800 279 -11242
7801 195 -11250
7802 223 -11386
7803 299 -11450
7804 311 -11386
7805 301 -11698
7806 267 -11562
7807 323 -11450
7808 471 -11306
7809 423 -11290
7810 323 -11246
7811 299 -11106
7812 385 -11094
7813 253 -11406
7814 207 -11334
7815 347 -11322
7816 449 -11238
7817 349 -11194
7818 353 -11362
7819 351 -11046
7820 285 -11214
7821 319 -11150
7822 427 -11158
7823 373 -11338
7824 427 -11246
7825 233 -11202
7826 83 -11082
7827 309 -11406
7828 379 -11274
7829 323 -11374
7830 263 -11150
7831 421 -11066
7832 273 -11174
7833 383 -11070
7834 225 -11430
7835 211 -11390
7836 287 -11426
7837 259 -11602
7838 341 -11478
7839 289 -11558
7840 399 -11362
7841 483 -11226
7842 273 -11462
7843 343 -11206
7844 331 -11186
7845 441 -11106
7846 473 -11110
7847 579 -11422
7848 513 -11290
7849 321 -11142
7850 247 -11182
7851 161 -11334
7852 123 -11246
7853 61 -11490
7854 9 -11398
7855 243 -11610
7856 269 -11750
7857 499 -11814
7858 463 -11710
7859 625 -11618
7860 565 -11514
7861 535 -11406
7862 523 -11330
7863 673 -11622
7864 723 -11562
7865 871 -11446
7866 853 -11490
7867 781 -11634
7868 789 -11630
7869 743 -11722
7870 685 -11470
7871 739 -11634
7872 947 -11694
7873 909 -11438
7874 801 -11258
7875 795 -11282
7876 773 -11318
7877 919 -11402
7878 1025 -11222
7879 1045 -11602
7880 945 -11254
7881 893 -11370
7882 827 -11506
7883 701 -11610
7884 679 -11518
7885 557 -11390
7886 575 -11486
7887 541 -11410
7888 403 -11434
7889 181 -11350
7890 79 -11214
7891 211 -11266
7892 363 -11014
7893 557 -10870
7894 399 -11198
7895 315 -11426
7896 109 -11562
7897 41 -11450
7898 -87 -11478
7899 -45 -11394
7900 39 -11538
7901 227 -11406
7902 209 -11670
7903 161 -11302
7904 309 -11166
7905 355 -11190
7906 463 -11278
7907 467 -11014
7908 633 -10986
7909 737 -10998
7910 795 -11382
7911 673 -11242
7912 669 -11142
7913 609 -10910
7914 497 -11146
7915 547 -11210
7916 675 -11418
7917 863 -11290
7918 769 -11422
7919 939 -11558
7920 851 -11478
7921 723 -11586
7922 681 -11306
7923 741 -11122
7924 753 -11158
7925 515 -11318
7926 633 -11518
7927 695 -11570
7928 563 -11370
7929 385 -11466
7930 185 -11198
7931 217 -11250
7932 147 -11386
7933 299 -11206
7934 247 -11122
7935 187 -11138
7936 339 -11646
7937 101 -11578
7938 -23 -11534
7939 -131 -11274
7940 -85 -11298
7941 -191 -11482
7942 -75 -11274
7943 165 -11186
7944 117 -11318
7945 -23 -11330
7946 41 -11562
7947 159 -11578
7948 139 -11570
7949 29 -11778
7950 113 -11798
7951 -103 -11682
7952 -205 -11766
7953 -167 -11442
7954 -293 -11470
7955 -173 -11558
7956 -259 -11462
7957 -333 -11354
7958 -305 -11358
7959 -113 -11266
7960 -91 -11382
7961 57 -11102
7962 219 -11242
7963 381 -11142
7964 451 -10986
7965 461 -11114
7966 533 -11162
7967 377 -10950
7968 225 -11282
7969 247 -11370
7970 197 -11506
7971 167 -11482
7972 263 -11414
7973 177 -11310
7974 177 -11310
7975 127 -11130
7976 197 -11374
7977 169 -11254
7978 173 -11146
7979 123 -11306
7980 305 -11250
7981 609 -11558
7982 635 -11430
7983 499 -11538
7984 455 -11442
7985 353 -11442
7986 453 -11686
7987 543 -11674
7988 557 -11450
7989 517 -11422
7990 427 -11546
7991 423 -11342
7992 419 -11290
7993 497 -11474
7994 413 -11574
7995 463 -11118
7996 453 -10786
7997 485 -10718
7998 429 -10978
7999 383 -10618
8000 135 -10818
8001 197 -11006
8002 183 -11102
8003 109 -11182
8004 99 -11150
8005 63 -11198
8006 277 -11306
8007 211 -11178
8008 295 -11278
8009 215 -11158
8010 203 -11222
8011 -1 -11322
8012 65 -11546
8013 45 -11386
8014 177 -11466
8015 209 -11554
8016 113 -11318
8017 -43 -11286
8018 75 -11378
8019 133 -11378
8020 163 -11114
8021 355 -11158
8022 383 -11382
8023 461 -11386
8024 365 -11134
8025 403 -11190
8026 199 -11062
8027 283 -11142
8028 279 -11410
8029 397 -11178
8030 387 -11426
8031 461 -11194
8032 601 -11186
8033 693 -11174
8034 673 -11286
8035 763 -11450
8036 861 -11322
8037 857 -11166
8038 899 -11226
8039 845 -11090
8040 753 -11370
8041 587 -11206
8042 591 -11182
8043 669 -11378
8044 881 -11222
8045 895 -11358
8046 977 -11318
8047 881 -11702
8048 921 -11302
8049 839 -11370
8050 919 -11222
8051 963 -11398
8052 1057 -11326
8053 1075 -11286
8054 1257 -11510
8055 1271 -11310
8056 1349 -11406
8057 1431 -11730
8058 1259 -11274
8059 1195 -11550
8060 1367 -11806
8061 1295 -11738
8062 1319 -11558
8063 1307 -11402
8064 1223 -11362
8065 1327 -11446
8066 1279 -11566
8067 1195 -11210
8068 1165 -11170
8069 1163 -10998
8070 1167 -10998
8071 1067 -11238
8072 1121 -11262
8073 983 -11194
8074 1017 -11334
8075 805 -11282
8076 963 -11622
8077 933 -11698
8078 1079 -11654
8079 1183 -11674
8080 1221 -11922
8081 1237 -11666
8082 1265 -11310
8083 1233 -11506
8084 1383 -11574
8085 1285 -11594
8086 1145 -11542
8087 1137 -11450
8088 1127 -11330
8089 995 -11498
8090 869 -11050
8091 793 -11018
8092 1017 -11222
8093 1183 -11438
8094 1143 -11490
8095 1133 -11406
8096 1035 -11070
8097 1031 -11290
8098 945 -11450
8099 1179 -11358
8100 1113 -11438
8101 1189 -11226
8102 1223 -11074
8103 1203 -10706
8104 1243 -10766
8105 1065 -10782
8106 1107 -11078
8107 1031 -11238
8108 881 -11238
8109 957 -11458
8110 977 -11442
8111 897 -11506
8112 921 -11182
8113 837 -11382
8114 809 -11158
8115 741 -11102
8116 701 -11142
8117 597 -11166
8118 651 -11586
8119 689 -11690
8120 503 -11482
8121 519 -11186
8122 563 -11162
8123 395 -11082
8124 543 -11214
8125 705 -11254
8126 819 -11002
8127 699 -10850
8128 699 -10810
8129 633 -11022
8130 729 -10926
8131 645 -11102
8132 695 -10942
8133 801 -11134
8134 905 -10826
8135 1019 -10858
8136 1209 -10934
8137 1351 -11014
8138 1327 -11338
8139 1429 -11258
8140 1111 -11274
8141 1121 -11194
8142 1115 -11614
8143 1149 -11482
8144 1299 -11406
8145 1191 -11454
8146 1155 -11446
8147 1041 -11426
8148 1247 -11562
8149 1321 -11210
8150 1397 -11174
8151 1475 -11374
8152 1293 -11114
8153 1437 -11186
8154 1487 -11158
8155 1469 -11078
8156 1473 -11190
8157 1511 -11230
8158 1529 -11426
8159 1317 -11406
8160 1269 -11218
8161 1281 -11314
8162 1269 -11462
8163 1091 -11442
8164 1301 -11330
8165 1395 -11246
8166 1409 -11058
8167 1419 -11030
8168 1445 -11378
8169 1265 -11314
8170 1139 -11254
8171 973 -11294
8172 1079 -11406
8173 1149 -11390
8174 1093 -11690
8175 1085 -11402
8176 1117 -11370
8177 1253 -11522
8178 1147 -11354
8179 1253 -11306
8180 1377 -11218
8181 1495 -11314
8182 1597 -11190
8183 1697 -11338
8184 1713 -11198
8185 1765 -11262
8186 1883 -11426
8187 1715 -11562
8188 1885 -11382
8189 2017 -11230
8190 1987 -11166
8191 2061 -11242
8192 2099 -11354
8193 2051 -11338
8194 2019 -11238
8195 1851 -10910
8196 1711 -11186
8197 1655 -11194
8198 1769 -11298
8199 1867 -11586
8200 1775 -11666
8201 1819 -11834
8202 1921 -11402
8203 1931 -11310
8204 1857 -11270
8205 1799 -11198
8206 1583 -11102
8207 1551 -11270
8208 1571 -11574
8209 1515 -11478
8210 1407 -11438
8211 1367 -11598
8212 1269 -11254
8213 1107 -11230
8214 1019 -11442
8215 1019 -11542
8216 761 -11402
8217 899 -11202
8218 909 -11250
8219 821 -11322
8220 883 -11298
8221 815 -11286
8222 837 -11482
8223 881 -11406
8224 945 -11326
8225 813 -11414
8226 781 -11210
8227 765 -11374
8228 797 -11406
8229 651 -11298
8230 625 -11118
8231 631 -11454
8232 683 -11578
8233 757 -11758
8234 677 -11426
8235 715 -11506
8236 709 -11302
8237 779 -11394
8238 869 -11050
8239 813 -11194
8240 697 -11190
8241 597 -11334
8242 579 -11450
8243 699 -11378
8244 897 -11118
8245 929 -11166
8246 927 -11154
8247 1077 -10946
8248 1131 -10878
8249 915 -11074
8250 931 -11190
8251 1089 -11614
8252 993 -11586
8253 983 -11594
8254 959 -11494
8255 1085 -11414
8256 1141 -11514
8257 1175 -11714
8258 1075 -11570
8259 1199 -11542
8260 1395 -11566
8261 1489 -11650
8262 1445 -11582
8263 1447 -11610
8264 1373 -11326
8265 1269 -11634
8266 1275 -11734
8267 1189 -11586
8268 1243 -11266
8269 1405 -11362
8270 1401 -11686
8271 1153 -11626
8272 1065 -11686
8273 1209 -11678
8274 1061 -11646
8275 1119 -11638
8276 1081 -11374
8277 1053 -11398
8278 1165 -11354
8279 1209 -11322
8280 1153 -11498
8281 945 -11234
8282 821 -11054
8283 863 -11018
8284 743 -11030
8285 819 -11022
8286 899 -11234
8287 843 -11218
8288 979 -11186
8289 971 -11330
8290 1271 -11358
8291 1195 -11486
8292 929 -11334
8293 769 -11342
8294 633 -11210
8295 609 -11398
8296 597 -11410
8297 629 -11138
8298 529 -10950
8299 415 -11198
8300 335 -11262
8301 401 -11210
8302 301 -10950
8303 399 -10834
8304 449 -11002
8305 443 -11146
8306 385 -11166
8307 445 -11130
8308 525 -11182
8309 603 -11190
8310 629 -11246
8311 555 -11154
8312 851 -11162
8313 915 -11074
8314 941 -11238
8315 821 -10934
8316 789 -11266
8317 791 -11078
8318 861 -11330
8319 971 -11066
8320 901 -11126
8321 911 -11138
8322 981 -10998
8323 825 -10930
8324 893 -11378
8325 865 -11118
8326 907 -11090
8327 873 -11246
8328 655 -11354
8329 591 -11478
8330 585 -11290
8331 559 -11490
8332 553 -11346
8333 565 -11162
8334 539 -11370
8335 619 -11454
8336 673 -11586
8337 763 -11502
8338 567 -11434
8339 701 -11530
8340 579 -11342
8341 535 -11450
8342 451 -11186
8343 401 -11394
8344 567 -11458
8345 659 -11410
8346 743 -11126
8347 783 -11310
8348 655 -11194
8349 893 -11374
8350 761 -11082
8351 651 -11226
8352 577 -11366
8353 361 -11122
8354 397 -10878
8355 389 -10898
8356 423 -11142
8357 427 -10934
8358 385 -11002
8359 577 -11454
8360 671 -11382
8361 451 -11282
8362 699 -10730
8363 737 -11102
8364 601 -11166
8365 685 -11014
8366 607 -11070
8367 663 -11274
8368 673 -11450
8369 869 -11346
8370 993 -11262
8371 1139 -11394
8372 1205 -11522
8373 1077 -11374
8374 1087 -11666
8375 979 -11418
8376 939 -11426
8377 1051 -11538
8378 1027 -11754
8379 1179 -11458
8380 1103 -11294
8381 1195 -11234
8382 1361 -11338
8383 1287 -11174
8384 1375 -11446
8385 1401 -11654
8386 1435 -11658
8387 1671 -11706
8388 1669 -11426
8389 1589 -11406
8390 1531 -11314
8391 1313 -11310
8392 1241 -11430
8393 1213 -11494
8394 1121 -11466
8395 1007 -11030
8396 1057 -11258
8397 983 -11230
8398 717 -11246
8399 789 -11258
8400 953 -11350
8401 957 -11290
8402 943 -11290
8403 803 -11506
8404 667 -11386
8405 675 -11418
8406 881 -11390
8407 779 -11206
8408 869 -10986
8409 985 -11134
8410 851 -11314
8411 525 -11350
8412 417 -11182
8413 253 -11138
8414 77 -11202
8415 331 -11142
8416 259 -11290
8417 255 -11126
8418 355 -10950
8419 281 -11230
8420 333 -11038
8421 361 -11266
8422 515 -11294
8423 541 -11190
8424 619 -11046
8425 577 -10946
8426 535 -11214
8427 589 -10954
8428 559 -11126
8429 501 -11302
8430 477 -11642
8431 391 -11550
8432 429 -11630
8433 337 -11474
8434 369 -11694
8435 367 -11502
8436 155 -11706
8437 59 -11498
8438 -101 -11238
8439 -35 -11358
8440 -103 -11366
8441 -201 -11294
8442 -169 -11366
8443 -105 -11206
8444 -103 -11174
8445 -63 -11054
8446 -245 -11234
8447 -445 -11254
8448 -607 -11362
8449 -599 -11038
8450 -687 -10922
8451 -749 -11114
8452 -659 -11282
8453 -661 -11234
8454 -767 -11278
8455 -693 -11342
8456 -599 -11458
8457 -525 -11434
8458 -509 -11254
8459 -317 -11118
8460 -373 -11370
8461 -353 -11638
8462 -365 -11678
8463 -491 -11498
8464 -481 -11366
8465 -509 -11342
8466 -525 -11314
8467 -403 -11442
8468 -431 -11518
8469 -479 -11586
8470 -429 -11498
8471 -629 -11374
8472 -649 -11598
8473 -623 -11578
8474 -675 -11618
8475 -617 -11650
8476 -749 -11246
8477 -765 -11374
8478 -809 -11498
8479 -571 -11418
8480 -549 -11534
8481 -697 -11430
8482 -755 -11626
8483 -747 -11358
8484 -927 -11382
8485 -1003 -11438
8486 -867 -11398
8487 -837 -11570
8488 -823 -11522
8489 -751 -11394
8490 -549 -11490
8491 -631 -11486
8492 -375 -11502
8493 -431 -11186
8494 -279 -11582
8495 -257 -11526
8496 -91 -11554
8497 -113 -11398
8498 13 -11434
8499 -5 -11638
8500 183 -11678
8501 297 -11678
8502 217 -11626
8503 79 -11898
8504 275 -11610
8505 351 -11330
8506 157 -11414
8507 287 -11394
8508 457 -11442
8509 405 -11478
8510 353 -11494
8511 131 -11234
8512 141 -11434
8513 281 -11238
8514 299 -11294
8515 251 -11298
8516 283 -11330
8517 225 -11186
8518 325 -11302
8519 169 -11650
8520 219 -11530
8521 239 -11290
8522 169 -11122
8523 105 -11222
8524 287 -11298
8525 237 -11342
8526 285 -11282
8527 297 -11334
8528 255 -11290
8529 197 -11430
8530 111 -11302
8531 159 -11014
8532 127 -11250
8533 189 -11134
8534 217 -11082
8535 217 -11098
8536 83 -11134
8537 -103 -11378
8538 -233 -11558
8539 -175 -11630
8540 -219 -11386
8541 -375 -11422
8542 -417 -11346
8543 -433 -11534
8544 -463 -11314
8545 -317 -11246
8546 -301 -11170
8547 -289 -11434
8548 -269 -11466
8549 -409 -11574
8550 -477 -11406
8551 -661 -11662
8552 -637 -11786
8553 -589 -11734
8554 -525 -11710
8555 -489 -11646
8556 -471 -11654
8557 -545 -11702
8558 -661 -11766
8559 -679 -11774
8560 -495 -11714
8561 -373 -11718
8562 -399 -11670
8563 -361 -11490
8564 -381 -11438
8565 -241 -11414
8566 -245 -11414
8567 1 -11214
8568 39 -11382
8569 125 -11106
8570 145 -11246
8571 271 -11214
8572 333 -11458
8573 493 -11494
8574 531 -11646
8575 567 -11406
8576 545 -11558
8577 385 -11486
8578 269 -11498
8579 187 -11622
8580 125 -11522
8581 155 -11466
8582 181 -11618
8583 49 -11390
8584 105 -11374
8585 83 -11262
8586 269 -11634
8587 131 -11358
8588 93 -11506
8589 157 -11462
8590 215 -11238
8591 83 -11502
8592 -15 -11306
8593 41 -11446
8594 -127 -11406
8595 -1 -11302
8596 9 -11238
8597 75 -11238
8598 67 -11414
8599 135 -11442
8600 9 -11454
8601 17 -11330
8602 33 -11558
8603 101 -11430
8604 137 -11450
8605 181 -11238
8606 227 -11274
8607 277 -11446
8608 297 -11590
8609 145 -11390
8610 17 -11298
8611 87 -11366
8612 31 -11042
8613 29 -11282
8614 79 -11370
8615 117 -11362
8616 227 -11498
8617 61 -11362
8618 85 -11346
8619 -19 -11334
8620 -77 -11578
8621 15 -11606
8622 51 -11574
8623 -3 -11450
8624 -49 -11566
8625 -95 -11386
8626 -135 -11386
8627 -287 -11498
8628 -405 -11398
8629 -349 -11590
8630 -579 -11658
8631 -583 -11574
8632 -717 -11454
8633 -621 -11126
8634 -425 -11414
8635 -445 -11526
8636 -389 -11482
8637 -517 -11494
8638 -445 -11246
8639 -479 -11234
8640 -577 -11382
8641 -601 -11282
8642 -757 -11142
8643 -649 -10870
8644 -591 -10950
8645 -549 -11006
8646 -561 -11142
8647 -563 -11238
8648 -535 -11170
8649 -595 -10994
8650 -639 -11018
8651 -681 -10974
8652 -715 -11066
8653 -701 -11166
8654 -523 -11246
8655 -425 -11210
8656 -525 -11218
8657 -575 -11150
8658 -577 -10970
8659 -543 -11014
8660 -517 -11050
8661 -655 -11578
8662 -741 -11482
8663 -693 -11258
8664 -785 -11310
8665 -759 -11122
8666 -829 -10958
8667 -657 -11098
8668 -519 -11518
8669 -469 -11414
8670 -307 -11542
8671 -193 -11294
8672 -439 -11314
8673 -513 -11442
8674 -487 -11546
8675 -493 -11470
8676 -487 -11582
8677 -501 -11506
8678 -499 -11550
8679 -239 -11542
8680 -207 -11458
8681 -73 -11602
8682 -131 -11434
8683 -169 -11398
8684 -209 -11538
8685 -177 -11766
8686 -83 -11726
8687 -105 -11566
8688 -133 -11622
8689 -121 -11522
8690 -129 -11494
8691 -169 -11718
8692 -259 -11474
8693 -357 -11626
8694 -379 -11502
8695 -585 -11426
8696 -645 -11582
8697 -739 -11326
8698 -901 -11278
8699 -1143 -11350
8700 -1159 -11390
8701 -1069 -11466
8702 -1011 -11518
8703 -1079 -11582
8704 -971 -11546
8705 -1005 -11538
8706 -979 -11518
8707 -855 -11318
8708 -807 -11302
8709 -647 -11430
8710 -513 -11294
8711 -343 -11246
8712 -463 -11098
8713 -443 -11354
8714 -593 -11418
8715 -577 -11522
8716 -671 -11662
8717 -541 -11726
8718 -653 -11758
8719 -519 -11518
8720 -573 -11562
8721 -515 -11258
8722 -511 -11394
8723 -665 -11414
8724 -579 -11642
8725 -665 -11494
8726 -509 -11494
8727 -397 -11422
8728 -425 -11486
8729 -335 -11150
8730 -169 -11306
8731 -227 -11474
8732 -351 -11286
8733 -345 -11470
8734 -181 -11450
8735 -199 -11458
8736 -227 -11382
8737 -411 -11230
8738 -379 -11374
8739 -493 -11310
8740 -525 -11462
8741 -629 -11470
8742 -461 -11574
8743 -615 -11486
8744 -563 -11530
8745 -647 -11350
8746 -563 -11394
8747 -649 -11678
8748 -833 -11850
8749 -869 -11878
8750 -1021 -11878
8751 -1045 -11686
8752 -1057 -11826
8753 -1065 -11714
8754 -1255 -11622
8755 -1077 -11670
8756 -993 -11530
8757 -969 -11426
8758 -851 -11394
8759 -771 -10990
8760 -665 -10990
8761 -673 -10642
8762 -775 -10942
8763 -791 -11118
8764 -971 -11190
8765 -989 -11086
8766 -1091 -11150
8767 -1111 -11202
8768 -1115 -11046
8769 -895 -11010
8770 -899 -11014
8771 -813 -10826
8772 -895 -10974
8773 -913 -10998
8774 -969 -11214
8775 -905 -11426
8776 -847 -11210
8777 -523 -11418
8778 -427 -11354
8779 -487 -11702
8780 -505 -11354
8781 -455 -11346
8782 -581 -11462
8783 -715 -11274
8784 -719 -11346
8785 -693 -11274
8786 -823 -11486
8787 -757 -11306
8788 -655 -11146
8789 -785 -11134
8790 -631 -11306
8791 -711 -11426
8792 -591 -11326
8793 -817 -10942
8794 -823 -11142
8795 -833 -11170
8796 -777 -11226
8797 -799 -11310
8798 -767 -11526
8799 -795 -11594
8800 -683 -11390
8801 -867 -11306
8802 -1003 -11498
8803 -985 -11470
8804 -1027 -11086
8805 -975 -11226
8806 -989 -11662
8807 -1047 -11622
8808 -1297 -11854
8809 -1277 -11730
8810 -1273 -11826
8811 -1123 -11842
8812 -1197 -11778
8813 -1175 -11734
8814 -1231 -11534
8815 -1319 -11542
8816 -1369 -11330
8817 -1301 -11294
8818 -1253 -11554
8819 -1177 -11398
8820 -1131 -11390
8821 -1097 -11134
8822 -1123 -11186
8823 -1075 -11050
8824 -1053 -11302
8825 -1025 -11294
8826 -995 -11142
8827 -1021 -11374
8828 -877 -11510
8829 -975 -11326
8830 -1103 -11310
8831 -1155 -11490
8832 -1055 -11418
8833 -911 -11102
8834 -1017 -11370
8835 -857 -10994
8836 -1051 -11370
8837 -1007 -11450
8838 -1045 -11334
8839 -1169 -11402
8840 -1127 -11310
8841 -1085 -11042
8842 -1175 -11106
8843 -1401 -11106
8844 -1355 -11378
8845 -1381 -11374
8846 -1439 -11406
8847 -1479 -11470
8848 -1413 -11346
8849 -1305 -11246
8850 -1421 -11422
8851 -1267 -11258
8852 -1259 -11326
8853 -1239 -11382
8854 -1319 -11274
8855 -1289 -11214
8856 -1277 -11358
8857 -1307 -11326
8858 -1305 -11402
8859 -1379 -11218
8860 -1367 -11142
8861 -1285 -11222
8862 -1145 -11370
8863 -919 -11474
8864 -791 -11310
8865 -835 -11430
8866 -747 -11530
8867 -741 -11362
8868 -693 -11534
8869 -629 -11754
8870 -527 -11562
8871 -469 -11266
8872 -531 -11210
8873 -597 -11374
8874 -585 -11190
8875 -693 -11258
8876 -727 -11154
8877 -767 -11054
8878 -621 -11310
8879 -609 -11230
8880 -655 -11298
8881 -797 -11174
8882 -873 -11082
8883 -933 -11270
8884 -791 -11214
8885 -789 -11466
8886 -639 -11174
8887 -771 -11274
8888 -489 -11110
8889 -325 -11178
8890 -381 -11338
8891 -313 -11230
8892 -365 -11286
8893 -489 -11354
8894 -591 -11414
8895 -765 -11538
8896 -737 -11466
8897 -749 -11366
8898 -855 -11398
8899 -777 -11462
8900 -915 -11626
8901 -1003 -11642
8902 -921 -11622
8903 -747 -11790
8904 -619 -11482
8905 -633 -11458
8906 -667 -11530
8907 -531 -11342
8908 -521 -11374
8909 -469 -11122
8910 -449 -11066
8911 -373 -11054
8912 -633 -11118
8913 -859 -11298
8914 -905 -11086
8915 -919 -11090
8916 -967 -11142
8917 -1179 -11094
8918 -801 -11014
8919 -829 -11414
8920 -665 -11274
8921 -703 -11406
8922 -657 -11082
8923 -755 -11278
8924 -931 -11222
8925 -961 -11330
8926 -899 -11318
8927 -823 -11038
8928 -679 -11178
8929 -971 -11142
8930 -997 -10990
8931 -801 -10850
8932 -865 -11062
8933 -803 -11314
8934 -823 -11182
8935 -693 -11146
8936 -793 -11114
8937 -675 -10942
8938 -573 -11030
8939 -501 -11198
8940 -487 -11298
8941 -379 -11478
8942 -373 -11622
8943 -299 -11230
8944 -113 -11462
8945 -197 -11370
8946 -97 -11566
8947 -185 -11714
8948 -177 -11570
8949 -249 -11510
8950 -357 -11414
8951 -265 -11502
8952 -359 -11346
8953 -359 -11110
8954 -463 -11306
8955 -547 -11038
8956 -591 -10966
8957 -555 -11402
8958 -625 -11454
8959 -731 -11366
8960 -625 -11326
8961 -827 -11430
8962 -667 -11254
8963 -783 -11222
8964 -855 -11190
8965 -773 -11138
8966 -799 -11406
8967 -839 -11542
8968 -871 -11430
8969 -773 -11202
8970 -735 -11290
8971 -941 -11622
8972 -963 -11706
8973 -1127 -11314
8974 -1239 -11442
8975 -1245 -11262
8976 -1409 -11290
8977 -1347 -11486
8978 -1343 -11814
8979 -1263 -11926
8980 -1233 -11718
8981 -1077 -11618
8982 -1251 -11522
8983 -1141 -11530
8984 -1071 -11106
8985 -1003 -11214
8986 -1083 -11222
8987 -999 -11194
8988 -987 -11278
8989 -809 -11302
8990 -513 -11206
8991 -455 -11270
8992 -449 -11266
8993 -481 -11062
8994 -275 -11322
8995 -345 -11354
8996 -291 -11378
8997 -285 -11470
8998 21 -11506
8999 -35 -11650
9000 7 -11702
9001 -123 -11566
9002 -25 -11494
9003 -81 -11314
9004 -45 -11546
9005 -25 -11570
9006 81 -11478
9007 49 -11506
9008 183 -11526
9009 63 -11414
9010 89 -11346
9011 129 -11498
9012 335 -11774
9013 361 -11694
9014 409 -11978
9015 391 -11890
9016 155 -11754
9017 207 -11678
9018 61 -11534
9019 91 -11838
9020 -81 -11458
9021 69 -11590
9022 31 -11250
9023 -29 -11526
9024 43 -11714
9025 -135 -11526
9026 -61 -11658
9027 -73 -11854
9028 -147 -11982
9029 35 -12050
9030 107 -12026
9031 155 -11502
9032 149 -11690
9033 167 -11414
9034 271 -11570
9035 311 -11678
9036 365 -11754
9037 355 -11598
9038 325 -11526
9039 337 -11330
9040 181 -11498
9041 19 -11526
9042 29 -11474
9043 -91 -11814
9044 -227 -11742
9045 -259 -11830
9046 -363 -11954
9047 -351 -11586
9048 -479 -11546
9049 -323 -11494
9050 -327 -11402
9051 -457 -11658
9052 -503 -11462
9053 -451 -11594
9054 -449 -11438
9055 -555 -11258
9056 -663 -11246
9057 -819 -11282
9058 -735 -11350
9059 -817 -11206
9060 -709 -11282
9061 -781 -11054
9062 -803 -11182
9063 -1103 -11154
9064 -1049 -11186
9065 -1135 -10962
9066 -1185 -10926
9067 -1093 -10922
9068 -1131 -11098
9069 -1165 -11138
9070 -1051 -11006
9071 -943 -10890
9072 -1007 -11338
9073 -1059 -11066
9074 -1057 -11242
9075 -1169 -11130
9076 -1245 -10934
9077 -1221 -11046
9078 -1197 -11358
9079 -1207 -11410
9080 -1175 -11290
9081 -1115 -11210
9082 -1019 -11470
9083 -975 -11250
9084 -1013 -11214
9085 -889 -11270
9086 -1061 -11322
9087 -1115 -11422
9088 -1031 -11514
9089 -1091 -11558
9090 -1091 -11746
9091 -1143 -11782
9092 -1051 -11786
9093 -1135 -11510
9094 -1143 -11334
9095 -937 -11402
9096 -795 -11614
9097 -799 -11390
9098 -875 -11534
9099 -647 -11398
9100 -485 -11094
9101 -585 -11526
9102 -853 -11374
9103 -837 -11214
9104 -939 -11270
9105 -685 -11318
9106 -585 -11026
9107 -693 -11286
9108 -441 -11126
9109 -485 -11026
9110 -499 -11306
9111 -445 -11138
9112 -409 -11150
9113 -567 -10906
9114 -523 -11110
9115 -413 -11274
9116 -479 -11286
9117 -333 -11282
9118 -407 -11318
9119 -453 -11206
9120 -477 -11202
9121 -545 -11102
9122 -591 -10986
9123 -571 -11138
9124 -457 -11270
9125 -583 -11254
9126 -189 -11174
9127 -223 -11230
9128 -235 -11334
9129 -271 -11462
9130 -117 -11122
9131 -37 -11266
9132 37 -11370
9133 39 -11322
9134 -3 -11066
9135 -125 -11282
9136 -79 -11202
9137 -59 -11186
9138 -167 -11134
9139 -77 -11374
9140 -103 -11270
9141 -5 -11138
9142 151 -11058
9143 179 -10986
9144 69 -10982
9145 77 -11034
9146 3 -10954
9147 13 -11190
9148 -65 -11098
9149 -121 -11102
9150 33 -11070
9151 181 -10882
9152 -33 -10866
9153 -47 -11186
9154 -167 -11194
9155 -125 -11258
9156 31 -11206
9157 157 -11238
9158 123 -11466
9159 183 -11290
9160 91 -11214
9161 27 -10926
9162 53 -11110
9163 -87 -11266
9164 -257 -11478
9165 -297 -11182
9166 -173 -11382
9167 -359 -11270
9168 -397 -11394
9169 -381 -11162
9170 -361 -10858
9171 -347 -11182
9172 -503 -11430
9173 -473 -11222
9174 -373 -11322
9175 -405 -11214
9176 -427 -11186
9177 -363 -11286
9178 -333 -11190
9179 -427 -11314
9180 -219 -11522
9181 -127 -11414
9182 -167 -11402
9183 -143 -11110
9184 -213 -11526
9185 -117 -11530
9186 -187 -11374
9187 -197 -11426
9188 -69 -11502
9189 -17 -11186
9190 269 -11186
9191 127 -11370
9192 211 -11054
9193 107 -11082
9194 19 -11186
9195 -21 -10822
9196 -55 -11230
9197 5 -11214
9198 79 -11230
9199 111 -10954
9200 219 -10866
9201 239 -11038
9202 219 -11130
9203 163 -10994
9204 223 -11154
9205 195 -11166
9206 69 -11458
9207 81 -11338
9208 35 -11362
9209 85 -11286
9210 -121 -11306
9211 -319 -11290
9212 -299 -11338
9213 -285 -11206
9214 -471 -11190
9215 -395 -10966
9216 -343 -11190
9217 -373 -11186
9218 -583 -11090
9219 -371 -10994
9220 -81 -10850
9221 -49 -11162
9222 -15 -11278
9223 -19 -11282
9224 -33 -11338
9225 -127 -11274
9226 -131 -11082
9227 3 -11322
9228 -89 -11326
9229 -113 -11406
9230 -285 -11514
9231 -105 -11802
9232 13 -11470
9233 -151 -11102
9234 -217 -11738
9235 -7 -11606
9236 127 -11462
9237 -1 -11434
9238 23 -11422
9239 -111 -11522
9240 -63 -11334
9241 -115 -11234
9242 -207 -11318
9243 -181 -11638
9244 -219 -11694
9245 -399 -11334
9246 -461 -11374
9247 -541 -11298
9248 -659 -11558
9249 -845 -11442
9250 -1047 -11586
9251 -1015 -11598
9252 -1041 -11442
9253 -937 -11242
9254 -925 -11134
9255 -845 -11482
9256 -809 -11346
9257 -811 -11430
9258 -605 -11318
9259 -593 -11542
9260 -707 -11634
9261 -719 -11730
9262 -1001 -11626
9263 -1065 -11334
9264 -1111 -11474
9265 -1067 -11518
9266 -1039 -11714
9267 -1117 -11438
9268 -1179 -11486
9269 -1237 -11354
9270 -1219 -11562
9271 -1349 -11594
9272 -1317 -11434
9273 -1267 -11630
9274 -1223 -11498
9275 -1237 -11482
9276 -1349 -11514
9277 -1219 -11470
9278 -1303 -11330
9279 -1201 -11302
9280 -1245 -11298
9281 -1237 -10922
9282 -1415 -11114
9283 -1655 -11350
9284 -1799 -11122
9285 -1783 -11030
9286 -1885 -11338
9287 -1933 -10986
9288 -1649 -10894
9289 -1693 -11106
9290 -1555 -10946
9291 -1465 -10950
9292 -1343 -11294
9293 -1501 -11274
9294 -1299 -11386
9295 -1471 -11570
9296 -1581 -11586
9297 -1423 -11606
9298 -1403 -11566
9299 -1367 -11774
9300 -1445 -11514
9301 -1231 -11474
9302 -1289 -11522
9303 -1297 -11394
9304 -1191 -11530
9305 -1141 -11342
9306 -1105 -11210
9307 -1013 -11342
9308 -1015 -11514
9309 -1061 -11398
9310 -1155 -11602
9311 -1259 -11734
9312 -1229 -11778
9313 -1441 -11522
9314 -1533 -11294
9315 -1521 -11350
9316 -1535 -11486
9317 -1487 -11538
9318 -1407 -11654
9319 -1267 -11346
9320 -1379 -11010
9321 -1439 -11218
9322 -1429 -10858
9323 -1773 -11322
9324 -1767 -11386
9325 -1783 -11538
9326 -1823 -11830
9327 -1817 -11810
9328 -1631 -11386
9329 -1583 -11526
9330 -1573 -11514
9331 -1631 -11538
9332 -1679 -11602
9333 -1669 -11282
9334 -1949 -11534
9335 -2055 -11414
9336 -2077 -11334
9337 -2061 -11374
9338 -2131 -11666
9339 -2003 -11774
9340 -1925 -11754
9341 -1833 -11670
9342 -1865 -11726
9343 -1961 -11782
9344 -1945 -11410
9345 -2097 -11418
9346 -2043 -11450
9347 -1953 -11390
9348 -1921 -11242
9349 -1845 -11134
9350 -1733 -10954
9351 -1741 -11098
9352 -1729 -11062
9353 -1711 -11086
9354 -1535 -11118
9355 -1545 -11182
9356 -1591 -11386
9357 -1653 -11202
9358 -1489 -11358
9359 -1431 -11478
9360 -1219 -11378
9361 -1221 -11374
9362 -1065 -11342
9363 -879 -11314
9364 -805 -11422
9365 -763 -11098
9366 -837 -11022
9367 -765 -11250
9368 -671 -11278
9369 -633 -11262
9370 -605 -11370
9371 -585 -11282
9372 -551 -11218
9373 -575 -11282
9374 -557 -11522
9375 -507 -11122
9376 -457 -11134
9377 -495 -11150
9378 -361 -10946
9379 -167 -11154
9380 -137 -11206
9381 -61 -11130
9382 -131 -11342
9383 -209 -11186
9384 -95 -11402
9385 13 -11482
9386 129 -11390
9387 109 -11150
9388 251 -11234
9389 89 -11550
9390 241 -11310
9391 227 -11646
9392 305 -11530
9393 349 -11566
9394 587 -11458
9395 395 -11142
9396 393 -11218
9397 349 -11258
9398 429 -11054
9399 417 -11102
9400 347 -11222
9401 269 -11286
9402 205 -11426
9403 119 -11538
9404 191 -11654
9405 159 -11582
9406 163 -11606
9407 13 -11194
9408 77 -11170
9409 187 -11442
9410 191 -11642
9411 57 -11450
9412 41 -11422
9413 -65 -11634
9414 -245 -11570
9415 -421 -11330
9416 -247 -11326
9417 -523 -11374
9418 -481 -11102
9419 -405 -11082
9420 -497 -11082
9421 -453 -11222
9422 -343 -11214
9423 -371 -11146
9424 -403 -11038
9425 -489 -11278
9426 -621 -11462
9427 -571 -11358
9428 -445 -11258
9429 -323 -11418
9430 -281 -11246
9431 -365 -11442
9432 -319 -11146
9433 -401 -11430
9434 -509 -11242
9435 -535 -11210
9436 -517 -11114
9437 -489 -11054
9438 -583 -11282
9439 -623 -11134
9440 -469 -10946
9441 -337 -11202
9442 -441 -11142
9443 -505 -10950
9444 -423 -10878
9445 -343 -11242
9446 -309 -11242
9447 -275 -11266
9448 -303 -11398
9449 -407 -11394
9450 -399 -11538
9451 -415 -11210
9452 -347 -11298
9453 -165 -11354
9454 -245 -11506
9455 -179 -11330
9456 -203 -11354
9457 -23 -11382
9458 -119 -11370
9459 -123 -11394
9460 -15 -11238
9461 -95 -11134
9462 -77 -11118
9463 -7 -11114
9464 -59 -11382
9465 33 -11414
9466 147 -11322
9467 59 -11110
9468 15 -11190
9469 -43 -11634
9470 -27 -11530
9471 107 -11522
9472 193 -11302
9473 225 -11558
9474 297 -11674
9475 453 -11474
9476 591 -11614
9477 603 -11650
9478 569 -11390
9479 521 -11294
9480 425 -11190
9481 443 -11038
9482 389 -11234
9483 427 -11170
9484 459 -11190
9485 569 -11282
9486 561 -11538
9487 521 -11298
9488 713 -11222
9489 555 -11378
9490 435 -11302
9491 397 -11150
9492 299 -11286
9493 305 -11350
9494 269 -11434
9495 391 -11354
9496 365 -11374
9497 449 -11574
9498 419 -11250
9499 511 -11326
9500 567 -11498
9501 483 -11382
9502 389 -11498
9503 373 -11250
9504 423 -11482
9505 449 -11234
9506 287 -11310
9507 147 -11446
9508 71 -11270
9509 -187 -11402
9510 -279 -11386
9511 -389 -11054
9512 -413 -10950
9513 -451 -11002
9514 -453 -11154
9515 -483 -11058
9516 -559 -11338
9517 -583 -11382
9518 -599 -11538
9519 -499 -11370
9520 -313 -11178
9521 -595 -11294
9522 -357 -11262
9523 -315 -11606
9524 -273 -11510
9525 -367 -11646
9526 -353 -11450
9527 -347 -11590
9528 -373 -11398
9529 -291 -11398
9530 -297 -11194
9531 -411 -11150
9532 -565 -11130
9533 -591 -11254
9534 -745 -11194
9535 -619 -10714
9536 -727 -11190
9537 -737 -11398
9538 -757 -11386
9539 -849 -11214
9540 -939 -11454
9541 -983 -11566
9542 -965 -11262
9543 -931 -11306
9544 -971 -11354
9545 -1057 -11098
9546 -815 -11282
9547 -811 -11134
9548 -803 -11018
9549 -819 -11130
9550 -789 -11150
9551 -653 -11158
9552 -563 -11218
9553 -381 -11054
9554 -427 -11062
9555 -477 -11306
9556 -447 -11174
9557 -569 -11070
9558 -409 -11122
9559 -393 -10990
9560 -287 -11338
9561 -323 -11054
9562 -465 -11158
9563 -479 -11330
9564 -331 -11330
9565 -327 -10910
9566 -291 -11022
9567 -229 -11158
9568 -171 -11150
9569 -173 -11470
9570 -119 -11250
9571 15 -11002
9572 -225 -11122
9573 -171 -10994
9574 -167 -10978
9575 -253 -11110
9576 -187 -11226
9577 -187 -11310
9578 -307 -10978
9579 -201 -11014
9580 -251 -11174
9581 -127 -11190
9582 -257 -11038
9583 -195 -11194
9584 -97 -11474
9585 -115 -11410
9586 87 -11582
9587 -7 -11146
9588 -157 -11742
9589 25 -11778
9590 11 -11470
9591 31 -11350
9592 -53 -11250
9593 -183 -11178
9594 -219 -11366
9595 -201 -11354
9596 -71 -11222
9597 67 -11046
9598 111 -10842
9599 91 -11150
9600 81 -11062
9601 113 -11274
9602 -157 -11322
9603 -249 -11194
9604 -117 -11338
9605 -75 -11134
9606 -111 -11326
9607 -145 -11134
9608 -167 -11034
9609 -135 -11094
9610 -245 -11326
9611 -153 -11082
9612 -195 -11114
9613 -173 -11510
9614 -221 -11210
9615 -267 -11366
9616 -239 -11326
9617 -231 -11482
9618 -209 -11446
9619 -289 -11430
9620 -255 -11486
9621 -403 -11430
9622 -237 -11454
9623 -391 -11334
9624 -389 -11270
9625 -313 -11274
9626 -359 -11606
9627 -261 -11638
9628 -161 -11510
9629 -439 -11670
9630 -439 -11662
9631 -471 -11490
9632 -423 -11762
9633 -443 -11970
9634 -531 -11614
9635 -497 -11458
9636 -335 -11594
9637 -315 -11454
9638 -371 -11346
9639 -547 -11182
9640 -737 -11314
9641 -801 -11658
9642 -781 -11598
9643 -873 -11454
9644 -923 -11478
9645 -865 -11638
9646 -865 -11470
9647 -675 -11642
9648 -559 -11462
9649 -695 -11314
9650 -537 -11334
9651 -543 -11210
9652 -465 -11178
9653 -399 -11322
9654 -373 -11426
9655 -197 -11314
9656 -111 -11158
9657 -79 -10950
9658 -37 -11186
9659 31 -11202
9660 9 -11022
9661 -131 -11158
9662 -101 -11370
9663 -13 -11378
9664 -37 -11106
9665 -13 -11074
9666 49 -11146
9667 -29 -11250
9668 -113 -11334
9669 -33 -11438
9670 -9 -11214
9671 79 -11418
9672 77 -11338
9673 5 -11234
9674 45 -11094
9675 149 -11330
9676 43 -11418
9677 -41 -11142
9678 -25 -11102
9679 49 -10926
9680 -75 -10942
9681 9 -11006
9682 69 -10914
9683 251 -10862
9684 215 -10962
9685 129 -11070
9686 145 -11118
9687 213 -11270
9688 181 -11142
9689 207 -10990
9690 87 -11162
9691 151 -10902
9692 103 -11030
9693 151 -10926
9694 241 -10906
9695 293 -11038
9696 329 -11110
9697 373 -11114
9698 347 -10886
9699 365 -10914
9700 247 -10874
9701 285 -11310
9702 263 -11598
9703 255 -11438
9704 189 -11482
9705 255 -11422
9706 253 -11306
9707 89 -11242
9708 21 -11218
9709 211 -11174
9710 267 -11402
9711 163 -11426
9712 175 -11502
9713 363 -11594
9714 347 -11350
9715 493 -11606
9716 561 -11510
9717 499 -11326
9718 417 -11290
9719 465 -11278
9720 459 -11278
9721 633 -11174
9722 411 -11150
9723 493 -11106
9724 567 -11230
9725 597 -11198
9726 707 -11190
9727 659 -11210
9728 605 -11070
9729 669 -10882
9730 731 -10946
9731 823 -11114
9732 955 -10766
9733 939 -10798
9734 727 -10802
9735 657 -11170
9736 513 -10986
9737 397 -11058
9738 315 -11198
9739 259 -11058
9740 495 -11178
9741 511 -11158
9742 699 -11282
9743 717 -10874
9744 417 -11130
9745 425 -10858
9746 97 -10858
9747 -43 -10878
9748 15 -10838
9749 125 -10850
9750 -47 -11078
9751 -81 -11002
9752 -189 -11234
9753 -141 -11054
9754 -47 -11042
9755 -271 -11210
9756 -383 -10910
9757 -299 -11350
9758 -289 -11066
9759 -201 -10922
9760 -311 -10906
9761 -165 -10858
9762 -217 -10942
9763 -181 -10822
9764 -63 -10578
9765 -45 -10806
9766 -141 -11010
9767 -135 -11046
9768 -233 -10934
9769 -219 -10798
9770 -231 -10826
9771 -93 -10746
9772 45 -10686
9773 101 -10698
9774 139 -10978
9775 31 -11126
9776 259 -11214
9777 449 -11122
9778 429 -11242
9779 405 -11118
9780 445 -11214
9781 435 -11190
9782 395 -11486
9783 375 -11158
9784 403 -11286
9785 465 -11434
9786 483 -11638
9787 439 -11286
9788 547 -11542
9789 623 -11482
9790 639 -11266
9791 571 -11198
9792 705 -11150
9793 737 -11034
9794 675 -11258
9795 667 -11358
9796 645 -11086
9797 511 -11314
9798 599 -11390
9799 313 -11406
9800 283 -11234
9801 101 -11162
9802 1 -11106
9803 57 -11226
9804 47 -11322
9805 37 -11314
9806 -27 -11362
9807 165 -11442
9808 111 -11266
9809 223 -10998
9810 379 -11218
9811 415 -11214
9812 643 -11122
9813 547 -11298
9814 547 -11594
9815 689 -11386
9816 867 -11362
9817 703 -11426
9818 647 -11466
9819 693 -11510
9820 751 -11550
9821 659 -11710
9822 907 -11802
9823 1041 -11842
9824 927 -11742
9825 845 -11666
9826 945 -11902
9827 917 -11886
9828 985 -11650
9829 1029 -11566
9830 875 -11458
9831 793 -11378
9832 781 -11286
9833 717 -11186
9834 789 -11278
9835 767 -11138
9836 855 -11018
9837 783 -11062
9838 887 -11266
9839 901 -11246
9840 1051 -11406
9841 925 -11282
9842 885 -11222
9843 1015 -11226
9844 985 -11294
9845 999 -11046
9846 1021 -11142
9847 1111 -11082
9848 1109 -11114
9849 977 -11126
9850 849 -11078
9851 777 -11002
9852 759 -11146
9853 551 -10898
9854 487 -10786
9855 403 -10926
9856 423 -10942
9857 521 -10974
9858 511 -11386
9859 621 -11402
9860 401 -11154
9861 151 -11422
9862 151 -11198
9863 177 -11026
9864 179 -11006
9865 195 -11114
9866 301 -10902
9867 365 -11314
9868 293 -11030
9869 429 -11262
9870 453 -11218
9871 491 -11422
9872 745 -11394
9873 797 -11394
9874 629 -11362
9875 513 -10990
9876 661 -11122
9877 535 -11178
9878 555 -11190
9879 643 -11038
9880 627 -11170
9881 607 -11170
9882 685 -11002
9883 645 -10914
9884 743 -10814
9885 797 -11174
9886 905 -11054
9887 743 -11210
9888 673 -11198
9889 523 -11238
9890 745 -11222
9891 663 -11154
9892 633 -11118
9893 677 -11114
9894 501 -11258
9895 415 -11298
9896 483 -11310
9897 383 -11406
9898 453 -11318
9899 581 -11286
9900 485 -11338
9901 555 -11762
9902 615 -11474
9903 623 -11330
9904 497 -11290
9905 601 -11234
9906 565 -11454
9907 593 -11618
9908 435 -11282
9909 469 -11574
9910 479 -11386
9911 333 -11306
9912 121 -11122
9913 103 -11526
9914 -53 -11230
9915 -3 -11366
9916 1 -11386
9917 91 -11338
9918 265 -11238
9919 239 -11378
9920 263 -11202
9921 333 -11242
9922 335 -11258
9923 307 -11262
9924 391 -11350
9925 275 -11278
9926 199 -11026
9927 229 -11474
9928 207 -11306
9929 229 -11158
9930 301 -11222
9931 189 -11286
9932 113 -11266
9933 249 -11194
9934 233 -10822
9935 193 -11042
9936 107 -11178
9937 -23 -11006
9938 -17 -10974
9939 -43 -11078
9940 -21 -11290
9941 77 -11126
9942 403 -11046
9943 289 -11050
9944 315 -11110
9945 461 -11594
9946 539 -11486
9947 507 -11470
9948 461 -11094
9949 423 -10874
9950 567 -11110
9951 743 -11018
9952 773 -11202
9953 959 -11198
9954 989 -11506
9955 837 -11438
9956 897 -11262
9957 911 -11522
9958 867 -11338
9959 1051 -11566
9960 1027 -11310
9961 1177 -11238
9962 1227 -11186
9963 1209 -11370
9964 1183 -11090
9965 1173 -11378
9966 1227 -11378
9967 1181 -11198
9968 1041 -11018
9969 1021 -11158
9970 977 -11338
9971 971 -11390
9972 859 -11202
9973 643 -11506
9974 621 -11402
9975 587 -11430
9976 671 -11446
9977 491 -11214
9978 633 -11246
9979 683 -11062
9980 501 -11014
9981 591 -11154
9982 717 -11138
9983 687 -11478
9984 783 -11306
9985 767 -11374
9986 553 -11254
9987 575 -11238
9988 591 -11250
9989 541 -11322
9990 609 -11262
9991 443 -10970
9992 503 -11154
9993 453 -11434
9994 331 -11246
9995 407 -11250
9996 529 -11278
9997 511 -11406
9998 615 -11266
9999 577 -11554
