0 51 -6434
1 -13 -8018
2 163 -9234
3 153 -9622
4 123 -10266
5 267 -10602
6 271 -10798
7 269 -10966
8 131 -10902
9 269 -11070
10 337 -11154
11 379 -11090
12 521 -11106
13 697 -10954
14 747 -11250
15 675 -11402
16 701 -11558
17 541 -11446
18 577 -11394
19 663 -11138
20 891 -11514
21 1049 -11382
22 1039 -11374
23 989 -11462
24 955 -11410
25 865 -11526
26 1017 -11510
27 1151 -11298
28 1119 -11510
29 925 -11446
30 1051 -11538
31 1145 -11814
32 1265 -11762
33 1069 -11926
34 1069 -11842
35 1003 -11702
36 1093 -11818
37 1177 -11830
38 1139 -11854
39 1187 -11794
40 1179 -11626
41 1393 -11990
42 1615 -12082
43 1657 -12046
44 1667 -11922
45 1513 -11746
46 1397 -11658
47 1319 -11602
48 1241 -11890
49 1263 -11706
50 1407 -11742
51 1251 -11654
52 1097 -11838
53 1041 -11838
54 1055 -11762
55 1047 -11574
56 1239 -11762
57 1359 -11626
58 1269 -11826
59 1255 -11974
60 1383 -11910
61 1417 -11882
62 1437 -11914
63 1319 -11662
64 1299 -11662
65 1355 -11818
66 1427 -12026
67 1261 -11930
68 1127 -11902
69 1059 -12090
70 953 -11990
71 1147 -11638
72 1121 -11938
73 1251 -11990
74 1193 -11686
75 1095 -11726
76 1169 -11734
77 1315 -11738
78 1345 -11878
79 1493 -11766
80 1499 -11610
81 1487 -11678
82 1635 -11914
83 1641 -11834
84 1487 -11826
85 1455 -11778
86 1257 -11334
87 1229 -11558
88 1181 -11654
89 1203 -11778
90 1149 -11842
91 1095 -11934
92 1115 -12078
93 1029 -11698
94 991 -11790
95 1229 -11566
96 1267 -11506
97 1165 -11370
98 1193 -11474
99 1125 -11422
100 903 -11574
101 631 -11714
102 635 -11758
103 749 -11782
104 747 -11802
105 833 -11894
106 789 -11818
107 1007 -11982
108 937 -11990
109 1021 -11922
110 1205 -11926
111 1145 -11962
112 1279 -11962
113 1181 -11710
114 1307 -11702
115 1377 -11742
116 1443 -11898
117 1357 -11882
118 1361 -11758
119 1061 -11722
120 1227 -11806
121 1097 -11582
122 1015 -11482
123 1001 -11510
124 1213 -11634
125 1239 -11614
126 1319 -11498
127 1271 -11482
128 1099 -11626
129 1241 -11602
130 1331 -11746
131 1259 -11562
132 1219 -11758
133 1133 -12158
134 1039 -11846
135 1099 -11630
136 1263 -11874
137 1215 -11682
138 1243 -11726
139 1223 -11750
140 1201 -11618
141 1041 -11906
142 1021 -11794
143 973 -11670
144 1081 -11706
145 1083 -11674
146 1133 -11926
147 985 -11858
148 925 -12006
149 829 -11982
150 785 -11706
151 781 -11698
152 827 -11738
153 923 -11926
154 909 -11470
155 963 -11734
156 1091 -11810
157 1217 -11842
158 1157 -11790
159 1197 -11714
160 1319 -11610
161 1387 -11726
162 1367 -11794
163 1427 -11762
164 1309 -11774
165 1399 -11814
166 1263 -11806
167 1373 -11802
168 1491 -11910
169 1479 -12070
170 1395 -11822
171 1547 -11966
172 1265 -12086
173 1057 -12046
174 973 -11826
175 851 -11890
176 877 -12170
177 817 -11942
178 809 -11774
179 759 -11806
180 837 -11686
181 855 -11706
182 731 -11758
183 979 -11842
184 1241 -11942
185 1205 -11962
186 1117 -12078
187 1263 -12098
188 1253 -11982
189 1071 -12098
190 1033 -12034
191 969 -11890
192 1007 -11874
193 923 -11870
194 1007 -11790
195 789 -11902
196 925 -11918
197 963 -12018
198 1069 -11974
199 865 -11922
200 805 -11662
201 599 -11554
202 609 -11510
203 803 -11782
204 713 -11762
205 757 -11654
206 623 -11342
207 665 -11510
208 603 -11422
209 829 -11522
210 791 -11706
211 643 -11322
212 625 -11646
213 729 -11454
214 617 -11462
215 755 -11670
216 699 -11674
217 749 -11862
218 729 -11850
219 685 -11854
220 777 -11902
221 747 -11962
222 569 -11954
223 515 -12018
224 383 -11786
225 367 -11758
226 233 -11614
227 239 -11858
228 133 -11614
229 41 -11386
230 97 -11398
231 219 -11706
232 357 -11718
233 355 -11562
234 341 -11666
235 413 -11874
236 447 -12074
237 465 -11990
238 349 -11810
239 539 -11914
240 497 -11814
241 457 -11630
242 433 -11874
243 423 -11934
244 439 -12034
245 459 -11998
246 639 -12202
247 605 -12078
248 537 -11946
249 627 -12050
250 655 -12158
251 419 -12058
252 537 -12114
253 531 -11958
254 647 -12086
255 697 -11794
256 709 -11970
257 567 -12190
258 527 -12138
259 523 -12270
260 467 -12046
261 355 -11874
262 477 -11678
263 509 -11570
264 443 -11726
265 565 -11906
266 555 -11846
267 477 -12142
268 411 -11946
269 499 -11938
270 505 -11610
271 487 -11782
272 607 -11530
273 509 -11722
274 395 -11686
275 637 -12002
276 517 -11922
277 661 -12010
278 649 -11682
279 803 -11878
280 869 -11738
281 775 -11990
282 975 -11758
283 999 -12142
284 797 -11974
285 751 -11778
286 599 -11834
287 497 -11986
288 441 -12066
289 251 -12134
290 177 -11782
291 155 -11382
292 69 -11370
293 245 -11650
294 155 -11474
295 157 -11618
296 267 -11626
297 371 -11738
298 449 -11582
299 451 -11614
300 623 -11750
301 663 -11502
302 609 -11650
303 797 -11666
304 811 -11722
305 921 -11826
306 867 -11666
307 917 -11650
308 931 -11902
309 753 -12078
310 729 -12182
311 733 -12086
312 647 -11942
313 485 -11710
314 535 -11822
315 581 -11950
316 581 -12042
317 551 -11798
318 585 -11834
319 463 -11566
320 427 -11506
321 463 -11598
322 455 -11450
323 469 -11618
324 353 -11882
325 513 -11566
326 605 -11826
327 715 -11694
328 661 -11446
329 573 -11334
330 593 -11502
331 563 -11494
332 557 -11238
333 547 -11430
334 651 -11474
335 765 -11290
336 955 -11398
337 1153 -11430
338 1159 -11254
339 1203 -11310
340 1245 -11406
341 1293 -11554
342 1205 -11782
343 1291 -11854
344 1163 -11850
345 1159 -11590
346 1153 -11666
347 1145 -11706
348 937 -11722
349 949 -11826
350 1093 -11974
351 869 -12070
352 821 -11974
353 777 -12018
354 673 -12130
355 639 -11926
356 823 -12146
357 863 -12054
358 887 -12162
359 733 -12202
360 673 -12150
361 799 -12026
362 881 -11838
363 953 -11822
364 953 -12270
365 895 -12186
366 1013 -11582
367 1093 -11578
368 1011 -11710
369 1133 -11774
370 1201 -11702
371 1039 -11630
372 1145 -11498
373 1225 -11490
374 1061 -11462
375 885 -11374
376 939 -11278
377 997 -11670
378 1119 -11706
379 1057 -11626
380 933 -11454
381 905 -11438
382 883 -11706
383 705 -11574
384 783 -11530
385 819 -11642
386 931 -11638
387 859 -12014
388 867 -11730
389 891 -11702
390 933 -11738
391 1099 -11914
392 1109 -12202
393 1083 -12066
394 1069 -11878
395 995 -11886
396 1023 -11998
397 1071 -11854
398 1045 -12002
399 943 -12310
400 979 -12166
401 917 -12238
402 655 -12118
403 663 -12098
404 697 -11974
405 637 -12118
406 653 -12330
407 585 -11970
408 619 -12106
409 753 -12066
410 799 -12014
411 853 -12166
412 821 -12158
413 771 -12170
414 751 -11910
415 781 -11990
416 815 -12030
417 805 -11930
418 725 -11922
419 439 -11710
420 343 -11658
421 291 -11674
422 505 -11994
423 497 -12390
424 573 -12250
425 399 -12066
426 539 -12134
427 463 -12210
428 627 -12190
429 841 -12214
430 917 -12402
431 959 -12422
432 831 -12018
433 839 -12110
434 837 -11854
435 1081 -11690
436 1059 -11806
437 1087 -11770
438 1151 -11922
439 1093 -11978
440 937 -12174
441 945 -12238
442 1045 -12082
443 1089 -11754
444 957 -11858
445 841 -11890
446 687 -11946
447 571 -11726
448 405 -11978
449 459 -12130
450 501 -12114
451 443 -11870
452 365 -11710
453 333 -11790
454 311 -11794
455 223 -12002
456 375 -11966
457 347 -11606
458 245 -11802
459 427 -11590
460 575 -11854
461 609 -11602
462 745 -11906
463 829 -11678
464 735 -11610
465 593 -11538
466 631 -11566
467 577 -11794
468 543 -11778
469 583 -11662
470 685 -11786
471 547 -11818
472 677 -11922
473 887 -11538
474 813 -11774
475 849 -11850
476 977 -11690
477 905 -11874
478 875 -11950
479 983 -11578
480 931 -11622
481 819 -11754
482 905 -11802
483 735 -12046
484 889 -12154
485 967 -12242
486 1007 -11886
487 957 -12042
488 967 -11930
489 1069 -11970
490 1029 -11806
491 1013 -11874
492 959 -11834
493 923 -11686
494 1073 -11794
495 1137 -11758
496 1289 -11926
497 1191 -11810
498 1129 -11918
499 1031 -12074
500 1123 -12198
501 1297 -11934
502 1289 -11906
503 1295 -11938
504 1359 -12218
505 1457 -11790
506 1299 -11686
507 1349 -11674
508 1333 -11806
509 1443 -12066
510 1421 -11994
511 1369 -12062
512 1381 -11870
513 1363 -11970
514 1187 -11754
515 1145 -11714
516 967 -11550
517 1013 -11850
518 961 -11950
519 949 -11926
520 971 -11886
521 807 -11678
522 731 -11754
523 701 -11634
524 929 -11642
525 989 -11574
526 1071 -11826
527 1313 -11846
528 1383 -11930
529 1349 -12106
530 1351 -12102
531 1357 -11834
532 1149 -11698
533 1091 -11402
534 1177 -11574
535 1097 -11750
536 1015 -11618
537 1029 -11786
538 1067 -11890
539 1135 -11978
540 1033 -11846
541 973 -11730
542 1075 -11674
543 1029 -11826
544 1017 -11526
545 1077 -11478
546 1239 -11982
547 1239 -11774
548 1209 -11710
549 1149 -11726
550 1099 -11678
551 1135 -11810
552 1015 -11662
553 805 -11838
554 807 -11846
555 755 -11630
556 673 -11438
557 639 -11438
558 579 -11334
559 639 -11586
560 569 -11582
561 629 -11706
562 579 -11754
563 627 -11658
564 703 -11518
565 805 -11450
566 905 -11586
567 971 -11638
568 827 -11734
569 851 -11586
570 1071 -11618
571 1083 -11646
572 975 -11290
573 755 -11270
574 629 -11454
575 585 -11310
576 533 -11478
577 705 -11646
578 755 -11670
579 647 -11870
580 855 -12066
581 835 -12006
582 817 -12070
583 651 -11898
584 555 -11790
585 609 -11786
586 581 -11786
587 645 -11702
588 479 -11550
589 641 -11806
590 779 -11798
591 701 -11522
592 575 -11558
593 767 -11586
594 713 -11614
595 689 -11478
596 733 -11550
597 753 -11626
598 719 -11694
599 609 -11794
600 589 -11610
601 605 -11886
602 613 -11698
603 723 -11794
604 565 -11670
605 719 -11502
606 645 -11650
607 661 -11402
608 641 -11638
609 605 -11694
610 641 -11894
611 521 -11794
612 635 -11858
613 661 -11802
614 487 -11774
615 411 -11790
616 377 -11606
617 421 -11722
618 649 -11630
619 591 -11950
620 427 -11922
621 525 -11702
622 391 -11394
623 427 -11522
624 419 -11570
625 637 -11746
626 613 -11774
627 399 -11742
628 407 -11942
629 481 -11758
630 469 -11270
631 447 -11478
632 367 -11354
633 387 -11618
634 297 -11726
635 283 -11466
636 337 -11522
637 347 -11658
638 279 -11538
639 335 -11618
640 339 -11562
641 361 -11566
642 399 -11362
643 293 -11670
644 255 -11638
645 235 -11570
646 171 -11534
647 107 -11618
648 219 -11742
649 113 -11714
650 131 -11750
651 135 -11578
652 217 -11874
653 299 -11938
654 577 -11582
655 609 -11974
656 683 -11930
657 745 -12098
658 747 -11838
659 773 -11782
660 571 -11886
661 417 -11846
662 409 -11854
663 637 -11722
664 655 -11890
665 703 -11986
666 661 -11950
667 615 -11910
668 651 -11726
669 815 -11850
670 659 -11662
671 533 -11834
672 549 -11810
673 711 -11978
674 829 -12074
675 747 -12170
676 603 -11862
677 787 -11858
678 707 -11906
679 811 -11858
680 975 -11770
681 1157 -11674
682 1145 -11646
683 965 -11798
684 995 -11734
685 893 -11966
686 949 -12198
687 1107 -11750
688 1047 -11890
689 1119 -11886
690 1189 -11714
691 1225 -11662
692 923 -11942
693 879 -11750
694 851 -11758
695 823 -11758
696 933 -12030
697 951 -11922
698 1091 -12074
699 1167 -12334
700 1109 -12030
701 1107 -11954
702 981 -12114
703 1001 -12134
704 1139 -12026
705 1081 -12190
706 1297 -12102
707 1281 -12198
708 1365 -12114
709 1301 -11862
710 1279 -11986
711 1255 -11742
712 1167 -11974
713 1079 -11954
714 1225 -12306
715 1291 -12170
716 1241 -12146
717 1145 -12002
718 1261 -12110
719 1177 -12018
720 1373 -12278
721 1371 -12394
722 1367 -12470
723 1367 -12134
724 1375 -12438
725 1427 -12422
726 1291 -12342
727 1279 -12238
728 1171 -12158
729 979 -12082
730 1043 -12290
731 1093 -12174
732 1311 -12302
733 1415 -11938
734 1301 -11958
735 1191 -12030
736 1189 -11986
737 1189 -11874
738 1183 -11710
739 1273 -11970
740 1223 -12406
741 1191 -12170
742 1179 -11998
743 1043 -11938
744 1081 -11590
745 1377 -11718
746 1347 -11522
747 1389 -11838
748 1503 -11886
749 1559 -11854
750 1491 -11706
751 1589 -11906
752 1581 -12134
753 1757 -12130
754 1793 -12198
755 1829 -12054
756 1823 -11914
757 1787 -12230
758 1813 -12250
759 1989 -12250
760 2063 -11922
761 2175 -12362
762 2117 -12142
763 2173 -12054
764 2255 -11982
765 2131 -12034
766 1845 -12074
767 1739 -11946
768 1767 -11922
769 1615 -11662
770 1595 -12050
771 1459 -12014
772 1615 -12046
773 1663 -11954
774 1749 -12090
775 1779 -11998
776 1805 -11986
777 1695 -11938
778 1969 -11946
779 1847 -12162
780 1773 -12162
781 1953 -12118
782 2059 -11798
783 2063 -11822
784 2085 -12014
785 1885 -11982
786 1851 -11950
787 1717 -11970
788 1781 -11730
789 1823 -11750
790 2017 -12138
791 1917 -11990
792 1799 -12034
793 1843 -11730
794 1973 -11666
795 1871 -11954
796 1749 -11698
797 1663 -11442
798 1495 -11630
799 1583 -11654
800 1531 -11770
801 1319 -11706
802 1291 -11790
803 1227 -11662
804 1231 -11710
805 1405 -11778
806 1401 -11710
807 1411 -11754
808 1519 -12074
809 1565 -11826
810 1465 -11758
811 1469 -11746
812 1501 -11846
813 1555 -12014
814 1471 -11758
815 1715 -11702
816 1817 -11870
817 1835 -12130
818 1789 -12194
819 1661 -12150
820 1781 -12342
821 1837 -12314
822 1553 -12174
823 1525 -11926
824 1619 -11614
825 1467 -11698
826 1525 -11786
827 1495 -11862
828 1461 -11794
829 1405 -11450
830 1449 -11558
831 1477 -11566
832 1441 -11442
833 1585 -11598
834 1645 -11674
835 1707 -11826
836 1549 -11858
837 1563 -11782
838 1665 -11698
839 1535 -11802
840 1517 -11858
841 1435 -11710
842 1461 -12082
843 1391 -12054
844 1443 -12110
845 1557 -11786
846 1463 -11810
847 1379 -11870
848 1493 -12138
849 1673 -12138
850 1589 -12130
851 1691 -11942
852 1663 -11950
853 1545 -11894
854 1413 -12026
855 1373 -11738
856 1407 -11678
857 1429 -12218
858 1501 -12282
859 1589 -12182
860 1463 -12306
861 1477 -12022
862 1407 -11846
863 1377 -12362
864 1359 -12338
865 1415 -12238
866 1375 -12178
867 1385 -12138
868 1357 -11970
869 1457 -11918
870 1381 -11810
871 1481 -11790
872 1569 -11926
873 1599 -11902
874 1489 -11998
875 1477 -12030
876 1465 -11950
877 1451 -11842
878 1549 -11910
879 1667 -11938
880 1471 -12034
881 1659 -12506
882 1575 -12370
883 1477 -11862
884 1463 -12042
885 1451 -12134
886 1429 -12254
887 1515 -12606
888 1393 -12410
889 1299 -12326
890 1355 -12098
891 1483 -11966
892 1459 -12142
893 1619 -12358
894 1527 -12266
895 1391 -12294
896 1283 -12490
897 1295 -12514
898 1389 -12466
899 1319 -12446
900 1187 -12682
901 1323 -12694
902 1383 -12422
903 1297 -12382
904 1189 -12326
905 1069 -12246
906 1095 -12454
907 1057 -12138
908 1125 -12166
909 995 -11942
910 1105 -11934
911 1063 -12122
912 1283 -12062
913 1107 -12114
914 1231 -12442
915 1067 -12170
916 997 -12278
917 1013 -12258
918 1055 -12366
919 1075 -12314
920 1143 -12074
921 1043 -12114
922 989 -12186
923 1027 -11890
924 1059 -12198
925 1049 -12066
926 871 -12226
927 887 -12434
928 751 -12394
929 835 -12326
930 777 -12270
931 747 -12226
932 657 -12070
933 511 -12146
934 619 -12306
935 731 -12294
936 775 -12094
937 743 -12094
938 747 -12366
939 783 -12298
940 711 -12146
941 521 -12174
942 405 -11818
943 279 -11954
944 433 -12206
945 221 -12246
946 95 -12126
947 -39 -12386
948 65 -12166
949 17 -12158
950 115 -12098
951 137 -12142
952 197 -12250
953 221 -12054
954 203 -11966
955 209 -11966
956 109 -12038
957 27 -11806
958 -103 -11762
959 41 -11794
960 35 -11954
961 111 -11938
962 55 -11986
963 -55 -11982
964 43 -12030
965 -1 -12066
966 169 -12098
967 23 -11870
968 63 -11674
969 23 -11858
970 -91 -11834
971 -83 -11854
972 -91 -11890
973 -3 -11938
974 9 -11870
975 27 -11782
976 -65 -11754
977 -361 -11838
978 -501 -12082
979 -479 -11758
980 -423 -12182
981 -557 -11838
982 -643 -11874
983 -583 -12154
984 -561 -11954
985 -645 -11994
986 -557 -11798
987 -601 -11806
988 -575 -12154
989 -489 -12150
990 -553 -11970
991 -503 -12190
992 -469 -12178
993 -637 -12222
994 -625 -12110
995 -507 -12166
996 -397 -12142
997 -445 -11886
998 -575 -11826
999 -521 -11694
1000 -713 -11866
1001 -631 -11718
1002 -609 -11926
1003 -701 -12010
1004 -833 -11978
1005 -1087 -11778
1006 -1111 -12006
1007 -1043 -12250
1008 -1011 -12214
1009 -1117 -12258
1010 -1289 -12542
1011 -1319 -12434
1012 -1283 -12082
1013 -1377 -12146
1014 -1359 -12078
1015 -1423 -11934
1016 -1215 -11766
1017 -1059 -11914
1018 -1047 -11822
1019 -1119 -11766
1020 -1151 -12062
1021 -1141 -11902
1022 -1115 -11942
1023 -1297 -12218
1024 -1225 -12442
1025 -1197 -12298
1026 -1237 -12206
1027 -1177 -12434
1028 -1225 -12210
1029 -1083 -12082
1030 -1097 -12170
1031 -1071 -12078
1032 -959 -11966
1033 -961 -11974
1034 -857 -12166
1035 -817 -12210
1036 -1019 -11910
1037 -1085 -12198
1038 -881 -11946
1039 -937 -12042
1040 -1007 -12034
1041 -1059 -12154
1042 -1037 -12178
1043 -1037 -12206
1044 -927 -12082
1045 -971 -11870
1046 -891 -12134
1047 -939 -11962
1048 -781 -11922
1049 -703 -11646
1050 -575 -11634
1051 -545 -11562
1052 -717 -11518
1053 -677 -11634
1054 -523 -11338
1055 -457 -11430
1056 -317 -11410
1057 -451 -11538
1058 -587 -11678
1059 -705 -11806
1060 -975 -11710
1061 -921 -11822
1062 -853 -11778
1063 -803 -11794
1064 -765 -11826
1065 -725 -11910
1066 -615 -12102
1067 -523 -11918
1068 -541 -11914
1069 -529 -11842
1070 -443 -11794
1071 -379 -11622
1072 -535 -11566
1073 -429 -11850
1074 -489 -11870
1075 -409 -11734
1076 -433 -11918
1077 -463 -11918
1078 -453 -11526
1079 -499 -11698
1080 -429 -11538
1081 -445 -11174
1082 -369 -11410
1083 -449 -11658
1084 -527 -11442
1085 -439 -11750
1086 -343 -12030
1087 -379 -11714
1088 -539 -11754
1089 -595 -11974
1090 -491 -11898
1091 -439 -11994
1092 -335 -11998
1093 -257 -11930
1094 -231 -11822
1095 -207 -11814
1096 -175 -11674
1097 -283 -11638
1098 -223 -11570
1099 -171 -11558
1100 -157 -11654
1101 -85 -11886
1102 -213 -11938
1103 -251 -11662
1104 -311 -11710
1105 -291 -11714
1106 -579 -11902
1107 -621 -11966
1108 -603 -12106
1109 -569 -11942
1110 -405 -12086
1111 -223 -12166
1112 -147 -11970
1113 -105 -12066
1114 -7 -12054
1115 99 -12026
1116 131 -12114
1117 295 -12034
1118 233 -11958
1119 339 -11938
1120 219 -11926
1121 147 -11746
1122 41 -11890
1123 353 -12110
1124 315 -12146
1125 107 -11950
1126 161 -11854
1127 111 -11782
1128 -105 -11930
1129 -99 -12054
1130 -181 -12038
1131 -87 -12066
1132 -83 -12078
1133 -319 -11990
1134 -379 -12110
1135 -387 -12074
1136 -427 -11926
1137 -399 -11846
1138 -327 -11906
1139 -317 -11938
1140 -357 -12222
1141 -453 -12094
1142 -487 -12174
1143 -389 -12178
1144 -313 -11970
1145 -265 -12074
1146 -195 -12074
1147 -175 -12166
1148 -143 -12202
1149 -191 -12138
1150 -95 -12210
1151 31 -12258
1152 -23 -12146
1153 13 -12130
1154 83 -12018
1155 -1 -11950
1156 -95 -11706
1157 -75 -11922
1158 -123 -11898
1159 -179 -12018
1160 -303 -11826
1161 -369 -11706
1162 -513 -11818
1163 -727 -11794
1164 -807 -11962
1165 -733 -12082
1166 -523 -11850
1167 -521 -11742
1168 -417 -11734
1169 -557 -11950
1170 -385 -12058
1171 -235 -11698
1172 89 -11846
1173 223 -12010
1174 65 -12194
1175 129 -11802
1176 113 -11634
1177 -19 -11906
1178 141 -11898
1179 123 -11930
1180 -45 -12022
1181 -33 -12110
1182 83 -12214
1183 87 -12094
1184 1 -12286
1185 173 -12470
1186 111 -12458
1187 15 -12398
1188 123 -11918
1189 109 -11762
1190 77 -11906
1191 131 -11858
1192 43 -11630
1193 -49 -11654
1194 157 -11838
1195 305 -11922
1196 297 -11766
1197 143 -11650
1198 99 -11978
1199 241 -12002
1200 259 -11806
1201 443 -11898
1202 363 -12018
1203 157 -11974
1204 203 -12166
1205 19 -12238
1206 65 -12342
1207 149 -12066
1208 243 -11902
1209 223 -12126
1210 219 -11930
1211 115 -11874
1212 271 -12150
1213 279 -12330
1214 441 -12182
1215 361 -12362
1216 149 -12294
1217 71 -12126
1218 223 -12130
1219 157 -12230
1220 53 -12338
1221 249 -12130
1222 331 -11878
1223 375 -11870
1224 503 -11858
1225 489 -11786
1226 255 -11926
1227 105 -12022
1228 241 -11818
1229 519 -12050
1230 563 -12162
1231 501 -12038
1232 663 -12066
1233 641 -12162
1234 713 -12234
1235 881 -12138
1236 961 -12014
1237 1057 -11950
1238 1093 -11726
1239 1341 -11734
1240 1289 -11794
1241 1425 -11574
1242 1427 -11506
1243 1489 -11714
1244 1555 -11642
1245 1675 -11618
1246 1791 -11838
1247 1855 -12022
1248 1705 -12106
1249 1779 -12030
1250 1685 -11842
1251 1629 -11614
1252 1517 -11670
1253 1547 -11638
1254 1453 -11590
1255 1495 -11790
1256 1333 -11618
1257 1305 -11554
1258 1329 -11678
1259 1301 -11582
1260 1289 -11694
1261 1377 -11882
1262 1199 -11758
1263 1197 -11910
1264 1271 -11994
1265 1303 -12038
1266 1389 -11938
1267 1233 -12014
1268 1053 -11782
1269 1035 -11850
1270 1059 -11690
1271 1063 -11782
1272 1003 -11602
1273 1031 -11502
1274 925 -11686
1275 803 -11786
1276 881 -11826
1277 1033 -11870
1278 1097 -11718
1279 949 -11454
1280 1095 -11646
1281 1123 -11698
1282 1071 -11834
1283 965 -12342
1284 833 -11934
1285 595 -11822
1286 519 -12010
1287 543 -11922
1288 677 -11626
1289 645 -11806
1290 439 -11766
1291 433 -11814
1292 373 -11566
1293 541 -11478
1294 585 -11186
1295 531 -11346
1296 569 -11402
1297 601 -11578
1298 525 -11226
1299 495 -11466
1300 287 -11370
1301 53 -11178
1302 3 -11230
1303 -129 -11586
1304 179 -11406
1305 215 -11242
1306 325 -11306
1307 367 -11486
1308 331 -11522
1309 239 -11694
1310 113 -11678
1311 -25 -11686
1312 -13 -11338
1313 29 -11626
1314 75 -11554
1315 -65 -11522
1316 -333 -11662
1317 -285 -11670
1318 -169 -11946
1319 -199 -11706
1320 -203 -11962
1321 -217 -12274
1322 -265 -12034
1323 -305 -11882
1324 -279 -12186
1325 -381 -12210
1326 -561 -12098
1327 -821 -12070
1328 -771 -11918
1329 -569 -11970
1330 -617 -11922
1331 -665 -11890
1332 -777 -11754
1333 -637 -11914
1334 -587 -12030
1335 -473 -11746
1336 -489 -11734
1337 -539 -11670
1338 -551 -11482
1339 -643 -11498
1340 -559 -11530
1341 -757 -11418
1342 -787 -11182
1343 -779 -11114
1344 -761 -11370
1345 -939 -11538
1346 -867 -11662
1347 -915 -11526
1348 -771 -11654
1349 -899 -11838
1350 -845 -11602
1351 -851 -11714
1352 -931 -11942
1353 -1035 -11734
1354 -961 -11906
1355 -967 -11750
1356 -1157 -11846
1357 -1053 -12206
1358 -1133 -12122
1359 -1161 -12194
1360 -1157 -12030
1361 -1077 -11818
1362 -1095 -11682
1363 -1103 -11706
1364 -1083 -11694
1365 -993 -11794
1366 -825 -11890
1367 -789 -12066
1368 -771 -12178
1369 -655 -12082
1370 -839 -12210
1371 -849 -12398
1372 -757 -11838
1373 -587 -12258
1374 -623 -12186
1375 -569 -12298
1376 -513 -12210
1377 -619 -12346
1378 -621 -12210
1379 -595 -12070
1380 -443 -12190
1381 -447 -11838
1382 -465 -11894
1383 -211 -11774
1384 -163 -12190
1385 19 -11746
1386 -29 -11958
1387 -23 -11774
1388 -35 -11806
1389 -71 -11938
1390 157 -12074
1391 125 -12102
1392 81 -12258
1393 95 -12290
1394 383 -12094
1395 391 -12094
1396 333 -12294
1397 295 -12006
1398 417 -11846
1399 401 -11974
1400 523 -11782
1401 541 -11770
1402 453 -11586
1403 537 -11862
1404 479 -11894
1405 303 -12090
1406 365 -12094
1407 389 -12142
1408 375 -12150
1409 453 -12038
1410 505 -12082
1411 559 -12126
1412 441 -11994
1413 357 -12078
1414 431 -12118
1415 641 -11942
1416 577 -11930
1417 439 -12010
1418 443 -11662
1419 591 -11734
1420 505 -11982
1421 419 -11618
1422 643 -11838
1423 635 -11602
1424 607 -11786
1425 587 -11822
1426 625 -11942
1427 701 -11994
1428 693 -11938
1429 601 -12050
1430 685 -11922
1431 667 -12194
1432 687 -12150
1433 861 -12014
1434 901 -12106
1435 981 -12106
1436 847 -12066
1437 1153 -12218
1438 1083 -11990
1439 1269 -11762
1440 1217 -11738
1441 1297 -11658
1442 1337 -11782
1443 1309 -11754
1444 1411 -11738
1445 1553 -11878
1446 1579 -11610
1447 1593 -11578
1448 1445 -11638
1449 1437 -11546
1450 1309 -11850
1451 1403 -11722
1452 1319 -11630
1453 1373 -12054
1454 1451 -11902
1455 1333 -11966
1456 1367 -11974
1457 1417 -11906
1458 1467 -12114
1459 1411 -11934
1460 1481 -12030
1461 1479 -11946
1462 1447 -11922
1463 1601 -11982
1464 1491 -11926
1465 1413 -11654
1466 1507 -11862
1467 1561 -12050
1468 1535 -12086
1469 1289 -12018
1470 1211 -12090
1471 1151 -12306
1472 1157 -12130
1473 1029 -12346
1474 1013 -12054
1475 997 -11830
1476 1009 -11914
1477 819 -11806
1478 811 -11750
1479 775 -11614
1480 893 -11818
1481 1041 -11782
1482 1015 -11730
1483 1125 -11898
1484 977 -11986
1485 943 -12014
1486 949 -12026
1487 767 -11958
1488 641 -11818
1489 535 -12138
1490 581 -12106
1491 637 -12194
1492 499 -12162
1493 613 -12174
1494 479 -11858
1495 393 -11838
1496 389 -11854
1497 435 -11870
1498 395 -11654
1499 429 -11878
1500 455 -11690
1501 459 -11954
1502 349 -12150
1503 221 -12070
1504 207 -11890
1505 197 -11830
1506 -21 -11926
1507 177 -11990
1508 89 -12050
1509 -131 -11750
1510 -185 -11870
1511 -227 -11854
1512 -23 -12070
1513 -157 -11942
1514 -201 -11974
1515 -257 -11890
1516 -247 -11850
1517 -403 -11954
1518 -159 -11814
1519 -161 -11894
1520 -285 -11998
1521 -455 -11930
1522 -275 -11938
1523 -291 -12362
1524 -459 -12270
1525 -477 -12058
1526 -515 -12058
1527 -481 -11854
1528 -479 -11850
1529 -587 -12282
1530 -559 -12318
1531 -571 -12254
1532 -621 -12218
1533 -759 -11862
1534 -717 -12014
1535 -845 -12114
1536 -833 -12314
1537 -695 -12018
1538 -759 -12158
1539 -683 -12086
1540 -623 -12190
1541 -625 -12182
1542 -649 -12198
1543 -745 -12054
1544 -767 -11898
1545 -879 -11798
1546 -715 -11674
1547 -693 -11842
1548 -793 -11714
1549 -701 -11778
1550 -821 -11850
1551 -607 -11818
1552 -585 -11926
1553 -383 -11750
1554 -277 -11750
1555 -257 -11910
1556 -257 -11798
1557 -299 -11802
1558 -191 -11878
1559 -75 -11790
1560 -119 -11698
1561 -195 -11754
1562 -63 -11626
1563 -39 -11718
1564 -139 -11866
1565 9 -11746
1566 85 -11638
1567 107 -11578
1568 141 -11882
1569 267 -11774
1570 165 -11774
1571 261 -11642
1572 283 -11670
1573 137 -11462
1574 197 -11562
1575 243 -11686
1576 361 -11550
1577 309 -11542
1578 387 -11326
1579 381 -11318
1580 277 -11386
1581 355 -11490
1582 341 -11734
1583 461 -11602
1584 495 -11678
1585 379 -11602
1586 349 -11786
1587 495 -12110
1588 503 -11950
1589 587 -12074
1590 599 -12194
1591 609 -12046
1592 689 -12066
1593 857 -11878
1594 779 -12218
1595 873 -11846
1596 967 -12034
1597 865 -12086
1598 829 -11946
1599 761 -11886
1600 711 -11990
1601 689 -11946
1602 603 -12014
1603 695 -12102
1604 685 -11994
1605 553 -12134
1606 543 -12086
1607 539 -12074
1608 409 -12038
1609 409 -11958
1610 329 -12070
1611 553 -12062
1612 601 -11830
1613 529 -11958
1614 591 -12138
1615 469 -12094
1616 515 -12086
1617 425 -11870
1618 509 -11974
1619 389 -12378
1620 431 -12202
1621 403 -12242
1622 375 -12254
1623 445 -12234
1624 361 -12050
1625 641 -12206
1626 487 -12274
1627 363 -12322
1628 169 -12462
1629 121 -11990
1630 121 -12010
1631 1 -12046
1632 -101 -12078
1633 -41 -12150
1634 -175 -12446
1635 -207 -12046
1636 -409 -12266
1637 -433 -12234
1638 -429 -12086
1639 -235 -12118
1640 -143 -12282
1641 -363 -12130
1642 -461 -12318
1643 -529 -12370
1644 -721 -12450
1645 -655 -12410
1646 -553 -11878
1647 -651 -11922
1648 -727 -11570
1649 -863 -11806
1650 -935 -11970
1651 -723 -11770
1652 -653 -11858
1653 -647 -11834
1654 -595 -11770
1655 -615 -11922
1656 -415 -11894
1657 -511 -11866
1658 -539 -12054
1659 -317 -12142
1660 -269 -12214
1661 -119 -12082
1662 -105 -11926
1663 -83 -12002
1664 -107 -12122
1665 65 -11918
1666 -133 -12030
1667 -385 -12138
1668 -411 -12050
1669 -559 -11770
1670 -437 -12050
1671 -575 -11734
1672 -563 -11870
1673 -397 -11742
1674 -511 -11854
1675 -489 -11950
1676 -569 -11866
1677 -401 -11678
1678 -399 -11830
1679 -505 -11782
1680 -493 -11658
1681 -525 -11638
1682 -589 -11762
1683 -471 -11786
1684 -385 -11942
1685 -411 -11778
1686 -573 -11722
1687 -607 -11634
1688 -787 -11522
1689 -731 -11702
1690 -869 -11750
1691 -697 -11666
1692 -515 -11862
1693 -709 -11966
1694 -677 -11738
1695 -785 -11630
1696 -881 -12014
1697 -939 -11954
1698 -877 -11946
1699 -973 -11938
1700 -951 -11994
1701 -1083 -11946
1702 -1013 -11830
1703 -953 -11782
1704 -923 -11714
1705 -935 -11782
1706 -1017 -12018
1707 -735 -12158
1708 -661 -11950
1709 -645 -12310
1710 -501 -12178
1711 -191 -12362
1712 -193 -12030
1713 -25 -11834
1714 -55 -11718
1715 -87 -11638
1716 -269 -11598
1717 -357 -11666
1718 -243 -11690
1719 -367 -11758
1720 -371 -12026
1721 -441 -11934
1722 -491 -12198
1723 -517 -12098
1724 -669 -11950
1725 -633 -11938
1726 -551 -11730
1727 -623 -11758
1728 -655 -11826
1729 -551 -11898
1730 -607 -11962
1731 -473 -11846
1732 -481 -11842
1733 -673 -12266
1734 -817 -12086
1735 -823 -11678
1736 -751 -11534
1737 -891 -11722
1738 -817 -11622
1739 -873 -11458
1740 -791 -11946
1741 -743 -11942
1742 -683 -11998
1743 -783 -11970
1744 -951 -12030
1745 -963 -12098
1746 -1013 -12082
1747 -945 -12118
1748 -867 -12286
1749 -717 -11886
1750 -763 -11958
1751 -657 -11878
1752 -701 -11806
1753 -549 -11922
1754 -713 -12278
1755 -543 -12118
1756 -529 -12170
1757 -529 -11994
1758 -499 -11698
1759 -425 -11914
1760 -393 -11922
1761 -479 -11906
1762 -791 -11874
1763 -779 -12062
1764 -847 -11922
1765 -821 -11998
1766 -775 -11634
1767 -921 -11714
1768 -1041 -11982
1769 -1103 -11910
1770 -1137 -11886
1771 -1007 -11802
1772 -1035 -11698
1773 -1015 -11726
1774 -979 -11902
1775 -947 -11758
1776 -1113 -11950
1777 -1151 -12022
1778 -1249 -12054
1779 -1429 -12158
1780 -1381 -11934
1781 -1573 -12238
1782 -1657 -12266
1783 -1591 -12186
1784 -1499 -12266
1785 -1475 -12006
1786 -1285 -12090
1787 -1359 -12002
1788 -1413 -12034
1789 -1331 -11942
1790 -1379 -11818
1791 -1407 -11710
1792 -1535 -11902
1793 -1457 -12050
1794 -1369 -12298
1795 -1271 -12350
1796 -1311 -12146
1797 -1209 -12274
1798 -1211 -12214
1799 -1309 -12114
1800 -1213 -11814
1801 -1099 -12074
1802 -1211 -11818
1803 -1339 -12102
1804 -1279 -11866
1805 -1189 -12130
1806 -1181 -12082
1807 -1077 -11986
1808 -891 -12066
1809 -799 -12110
1810 -971 -12070
1811 -1019 -11998
1812 -1057 -12058
1813 -865 -12058
1814 -993 -12122
1815 -751 -12130
1816 -757 -11870
1817 -785 -11950
1818 -729 -11990
1819 -755 -12058
1820 -631 -11994
1821 -729 -11738
1822 -749 -11874
1823 -791 -11886
1824 -947 -11882
1825 -947 -11794
1826 -893 -11798
1827 -917 -11594
1828 -951 -11634
1829 -975 -11886
1830 -1127 -11910
1831 -1067 -11906
1832 -1141 -11898
1833 -1019 -12066
1834 -1127 -12130
1835 -1239 -12246
1836 -963 -12070
1837 -1061 -12162
1838 -997 -12258
1839 -1025 -12138
1840 -1141 -12310
1841 -1169 -12274
1842 -1011 -11930
1843 -1005 -12058
1844 -1059 -12014
1845 -975 -11950
1846 -887 -12006
1847 -783 -12026
1848 -811 -12270
1849 -553 -12322
1850 -569 -12354
1851 -643 -12422
1852 -589 -12310
1853 -619 -12178
1854 -497 -12090
1855 -475 -12086
1856 -349 -12278
1857 -465 -12258
1858 -553 -11990
1859 -717 -12090
1860 -633 -12042
1861 -613 -12182
1862 -655 -12410
1863 -829 -11998
1864 -897 -12002
1865 -1111 -12026
1866 -1249 -11942
1867 -1145 -11974
1868 -1159 -12022
1869 -1123 -12126
1870 -1131 -11782
1871 -1141 -11534
1872 -1083 -11782
1873 -1083 -11618
1874 -991 -11418
1875 -941 -11434
1876 -841 -11450
1877 -647 -11350
1878 -543 -11482
1879 -739 -11306
1880 -771 -11322
1881 -729 -11786
1882 -689 -11666
1883 -709 -11658
1884 -881 -11822
1885 -783 -11974
1886 -821 -11802
1887 -699 -11750
1888 -577 -11870
1889 -611 -11918
1890 -729 -11742
1891 -775 -11754
1892 -873 -11690
1893 -961 -11742
1894 -737 -11786
1895 -483 -11606
1896 -559 -11818
1897 -521 -11978
1898 -639 -11890
1899 -609 -12118
1900 -649 -11894
1901 -443 -11854
1902 -365 -11874
1903 -505 -12146
1904 -669 -12026
1905 -575 -11906
1906 -737 -11906
1907 -669 -12094
1908 -681 -11802
1909 -729 -11542
1910 -807 -11834
1911 -791 -11866
1912 -749 -11498
1913 -927 -11390
1914 -1063 -11814
1915 -1153 -11654
1916 -1215 -11550
1917 -1241 -11754
1918 -1403 -11922
1919 -1331 -11782
1920 -1233 -11970
1921 -1145 -11562
1922 -1107 -11814
1923 -1113 -11822
1924 -1229 -11850
1925 -1119 -11534
1926 -1057 -11638
1927 -1235 -11802
1928 -1183 -11858
1929 -1119 -11914
1930 -933 -11954
1931 -959 -11834
1932 -1175 -12050
1933 -1051 -11658
1934 -1181 -11886
1935 -1229 -11886
1936 -1431 -12082
1937 -1335 -11986
1938 -1369 -11766
1939 -1489 -11758
1940 -1345 -11602
1941 -1387 -11722
1942 -1431 -11774
1943 -1359 -12118
1944 -1303 -11942
1945 -1133 -11794
1946 -1197 -11798
1947 -1083 -11778
1948 -1033 -12042
1949 -1045 -12082
1950 -1023 -11754
1951 -1009 -11886
1952 -1111 -12050
1953 -1101 -12022
1954 -1139 -12206
1955 -1009 -12158
1956 -925 -12090
1957 -889 -11982
1958 -1097 -12294
1959 -859 -12170
1960 -923 -11850
1961 -999 -11898
1962 -1017 -11918
1963 -1105 -12054
1964 -977 -11866
1965 -1005 -11902
1966 -1119 -11818
1967 -1247 -11810
1968 -1251 -11962
1969 -1225 -11558
1970 -1373 -11846
1971 -1389 -12102
1972 -1361 -12030
1973 -1133 -12186
1974 -1159 -12298
1975 -1187 -12154
1976 -1125 -11986
1977 -1101 -12010
1978 -841 -11642
1979 -915 -11858
1980 -871 -12210
1981 -829 -11886
1982 -817 -12062
1983 -987 -11934
1984 -1051 -12154
1985 -1129 -11882
1986 -1117 -11930
1987 -1127 -11902
1988 -1107 -11958
1989 -955 -12110
1990 -955 -11842
1991 -807 -11970
1992 -889 -11902
1993 -781 -12098
1994 -771 -11882
1995 -833 -11890
1996 -871 -11938
1997 -825 -12142
1998 -973 -11982
1999 -957 -11730
2000 -899 -11762
2001 -967 -11734
2002 -919 -11826
2003 -1057 -11730
2004 -1061 -11818
2005 -1035 -11866
2006 -1073 -12094
2007 -1019 -11978
2008 -961 -12254
2009 -1029 -11986
2010 -1111 -11898
2011 -1001 -11866
2012 -967 -11958
2013 -1091 -11950
2014 -1163 -11670
2015 -1283 -11906
2016 -1335 -11798
2017 -1353 -11938
2018 -1371 -12034
2019 -1593 -12082
2020 -1515 -12190
2021 -1583 -12410
2022 -1653 -12318
2023 -1623 -12326
2024 -1721 -12470
2025 -1783 -12310
2026 -1543 -12206
2027 -1467 -12018
2028 -1601 -12142
2029 -1685 -11866
2030 -1731 -11910
2031 -1745 -11662
2032 -1893 -11918
2033 -1749 -11662
2034 -1753 -11662
2035 -1699 -11842
2036 -1769 -11730
2037 -1923 -12130
2038 -1705 -12178
2039 -1721 -12366
2040 -1597 -12198
2041 -1561 -12142
2042 -1497 -12138
2043 -1547 -12226
2044 -1403 -12046
2045 -1551 -11986
2046 -1359 -12058
2047 -1325 -11926
2048 -1349 -11650
2049 -1371 -11834
2050 -1457 -11554
2051 -1309 -11974
2052 -1363 -11966
2053 -1419 -12038
2054 -1291 -11802
2055 -1361 -11886
2056 -1339 -11950
2057 -1245 -11906
2058 -1397 -11898
2059 -1409 -11858
2060 -1415 -11882
2061 -1307 -11762
2062 -1209 -11942
2063 -1121 -11778
2064 -941 -11854
2065 -1001 -12002
2066 -1037 -11990
2067 -909 -11610
2068 -845 -11462
2069 -769 -11318
2070 -863 -11410
2071 -931 -11286
2072 -659 -11642
2073 -525 -11678
2074 -397 -11814
2075 -475 -11758
2076 -601 -11806
2077 -749 -11726
2078 -579 -11798
2079 -621 -11850
2080 -583 -12042
2081 -545 -11846
2082 -577 -11730
2083 -657 -11934
2084 -615 -11718
2085 -677 -11890
2086 -691 -11810
2087 -487 -11698
2088 -387 -11554
2089 -329 -11730
2090 -207 -11386
2091 -355 -11666
2092 -541 -11642
2093 -533 -11794
2094 -621 -11586
2095 -547 -11402
2096 -585 -11830
2097 -651 -11714
2098 -527 -11986
2099 -639 -11986
2100 -821 -11998
2101 -869 -12154
2102 -837 -12114
2103 -881 -11890
2104 -935 -12118
2105 -865 -12250
2106 -1169 -12182
2107 -1195 -12038
2108 -1317 -11978
2109 -1383 -12078
2110 -1413 -12138
2111 -1449 -12370
2112 -1613 -12062
2113 -1573 -12078
2114 -1681 -12210
2115 -1649 -12270
2116 -1695 -11966
2117 -1721 -11830
2118 -1669 -11830
2119 -1549 -12058
2120 -1699 -11990
2121 -1575 -12250
2122 -1529 -11942
2123 -1501 -11950
2124 -1515 -11870
2125 -1481 -11718
2126 -1413 -11830
2127 -1381 -12018
2128 -1295 -12130
2129 -1245 -11734
2130 -1179 -11790
2131 -1345 -11990
2132 -1375 -11890
2133 -1311 -11990
2134 -1403 -11938
2135 -1335 -11954
2136 -1483 -11846
2137 -1389 -11886
2138 -1351 -12026
2139 -1585 -11946
2140 -1623 -11766
2141 -1767 -12066
2142 -1613 -12042
2143 -1497 -12070
2144 -1729 -12130
2145 -1769 -11718
2146 -1683 -11810
2147 -1707 -11734
2148 -1697 -11518
2149 -1719 -11850
2150 -1699 -12046
2151 -1551 -11794
2152 -1409 -11678
2153 -1353 -11854
2154 -1473 -11838
2155 -1371 -11906
2156 -1365 -11842
2157 -1347 -11670
2158 -1535 -11614
2159 -1559 -11622
2160 -1483 -11642
2161 -1483 -11610
2162 -1603 -11762
2163 -1597 -11546
2164 -1725 -11590
2165 -1663 -11414
2166 -1867 -11526
2167 -1859 -11558
2168 -1865 -11638
2169 -1883 -11714
2170 -1897 -12006
2171 -1851 -11926
2172 -1777 -11738
2173 -1781 -11574
2174 -1797 -11722
2175 -1787 -11694
2176 -1701 -11506
2177 -1487 -11570
2178 -1339 -11570
2179 -1347 -11750
2180 -1453 -11894
2181 -1393 -12014
2182 -1337 -12050
2183 -1251 -12130
2184 -1345 -11926
2185 -1301 -11942
2186 -1171 -11754
2187 -1035 -11702
2188 -1075 -11758
2189 -1013 -11690
2190 -1089 -11910
2191 -1031 -11742
2192 -887 -11482
2193 -781 -11698
2194 -727 -11882
2195 -777 -11810
2196 -583 -11838
2197 -573 -11834
2198 -519 -11714
2199 -333 -11582
2200 -313 -11718
2201 -305 -11846
2202 -267 -11622
2203 -289 -11922
2204 -205 -12130
2205 -285 -11778
2206 -393 -11810
2207 -313 -11982
2208 -151 -11802
2209 -103 -11942
2210 -115 -12110
2211 5 -11974
2212 -37 -11810
2213 -179 -11994
2214 5 -12142
2215 3 -12006
2216 101 -11930
2217 153 -11930
2218 173 -12110
2219 247 -11978
2220 233 -11762
2221 227 -11834
2222 219 -11806
2223 119 -11918
2224 73 -11738
2225 165 -11874
2226 251 -11942
2227 389 -11978
2228 399 -12002
2229 647 -11814
2230 711 -12038
2231 745 -12134
2232 565 -11934
2233 635 -11918
2234 643 -11830
2235 787 -11686
2236 685 -11898
2237 933 -12138
2238 861 -11990
2239 863 -11926
2240 997 -12110
2241 887 -11994
2242 863 -12054
2243 787 -11922
2244 923 -11870
2245 775 -11750
2246 797 -11790
2247 865 -11798
2248 943 -11826
2249 953 -11770
2250 987 -11922
2251 855 -11706
2252 875 -11694
2253 889 -11614
2254 923 -11626
2255 939 -11554
2256 1135 -11954
2257 1329 -12022
2258 1399 -12234
2259 1309 -12250
2260 1327 -12174
2261 1317 -11982
2262 1393 -12034
2263 1489 -12038
2264 1523 -11966
2265 1501 -11862
2266 1479 -11982
2267 1563 -11678
2268 1583 -11610
2269 1421 -11810
2270 1445 -11978
2271 1417 -12018
2272 1381 -11842
2273 1453 -12242
2274 1523 -11858
2275 1355 -11878
2276 1259 -12018
2277 1085 -12070
2278 1079 -12078
2279 1009 -12018
2280 1163 -11998
2281 1079 -11926
2282 931 -11930
2283 895 -11694
2284 717 -11802
2285 739 -11674
2286 615 -11946
2287 619 -11846
2288 573 -11874
2289 537 -11902
2290 557 -11762
2291 429 -11754
2292 649 -11890
2293 773 -12098
2294 849 -12142
2295 903 -11998
2296 849 -11866
2297 781 -12126
2298 763 -12138
2299 651 -12098
2300 613 -12154
2301 481 -11910
2302 531 -12054
2303 593 -11850
2304 553 -12142
2305 621 -12198
2306 453 -12094
2307 683 -12074
2308 617 -11846
2309 589 -11906
2310 479 -11922
2311 439 -11990
2312 363 -11674
2313 173 -11946
2314 213 -11682
2315 295 -11694
2316 243 -11366
2317 303 -11378
2318 155 -11494
2319 239 -11338
2320 105 -11306
2321 -29 -11338
2322 -125 -11350
2323 -11 -11266
2324 -27 -11238
2325 -57 -11482
2326 43 -11778
2327 263 -11914
2328 435 -11810
2329 567 -11606
2330 645 -11874
2331 721 -11850
2332 847 -11822
2333 1051 -11986
2334 1009 -12158
2335 1163 -11942
2336 1161 -11942
2337 1267 -11942
2338 1259 -11854
2339 1015 -11734
2340 909 -11982
2341 1019 -11958
2342 913 -11830
2343 1017 -12042
2344 1069 -12346
2345 887 -12222
2346 901 -12322
2347 795 -12358
2348 777 -12386
2349 859 -11998
2350 739 -12002
2351 751 -12090
2352 667 -11946
2353 533 -11762
2354 615 -11726
2355 663 -11954
2356 583 -12158
2357 593 -12090
2358 669 -11834
2359 625 -11874
2360 595 -11942
2361 563 -11966
2362 571 -11938
2363 543 -12074
2364 575 -12006
2365 629 -12022
2366 597 -11778
2367 821 -11894
2368 815 -11830
2369 745 -11878
2370 673 -11878
2371 715 -11790
2372 697 -11694
2373 659 -11514
2374 831 -11514
2375 689 -11674
2376 795 -11934
2377 829 -12034
2378 917 -11862
2379 929 -12058
2380 925 -12310
2381 1169 -12122
2382 1211 -12238
2383 1161 -12034
2384 1151 -12034
2385 1327 -12054
2386 1511 -12034
2387 1505 -11934
2388 1567 -11966
2389 1549 -12258
2390 1519 -12174
2391 1497 -12206
2392 1545 -12282
2393 1575 -11930
2394 1529 -11754
2395 1361 -11558
2396 1181 -11766
2397 1217 -11970
2398 1009 -11998
2399 909 -12022
2400 805 -11666
2401 605 -11882
2402 679 -11658
2403 665 -11810
2404 541 -11466
2405 617 -11494
2406 651 -11238
2407 811 -11334
2408 861 -11330
2409 805 -11598
2410 839 -11622
2411 667 -11798
2412 587 -11706
2413 397 -11846
2414 595 -11762
2415 649 -12050
2416 495 -11862
2417 395 -11902
2418 429 -11782
2419 413 -12014
2420 333 -11834
2421 359 -11838
2422 399 -11854
2423 327 -11714
2424 327 -11650
2425 311 -11686
2426 247 -11734
2427 303 -11970
2428 275 -12058
2429 249 -11742
2430 273 -11730
2431 153 -12086
2432 249 -11998
2433 147 -11930
2434 83 -11974
2435 43 -11846
2436 -81 -11682
2437 103 -11758
2438 -3 -11698
2439 -97 -11846
2440 -265 -11654
2441 -147 -11790
2442 -139 -11766
2443 -97 -11842
2444 -15 -11438
2445 127 -11502
2446 35 -11482
2447 -243 -11594
2448 -15 -11702
2449 -153 -11486
2450 -189 -11414
2451 -215 -11590
2452 -267 -11818
2453 -347 -11882
2454 -373 -11646
2455 -367 -11674
2456 -323 -11750
2457 -333 -11890
2458 -257 -11902
2459 -85 -11914
2460 -61 -11814
2461 -47 -11846
2462 -197 -11918
2463 -379 -11842
2464 -337 -11722
2465 -541 -11562
2466 -467 -11450
2467 -523 -11306
2468 -481 -11386
2469 -519 -11366
2470 -551 -11506
2471 -455 -11738
2472 -479 -11842
2473 -545 -11530
2474 -601 -11766
2475 -441 -11830
2476 -501 -11814
2477 -553 -12050
2478 -647 -12094
2479 -569 -12042
2480 -571 -11938
2481 -607 -12082
2482 -773 -12050
2483 -751 -11882
2484 -777 -11886
2485 -759 -11718
2486 -731 -11878
2487 -791 -11718
2488 -713 -11794
2489 -535 -11866
2490 -429 -11910
2491 -335 -12110
2492 -397 -12230
2493 -279 -12138
2494 -211 -12110
2495 -125 -12234
2496 105 -12118
2497 -27 -12066
2498 125 -12046
2499 -59 -12042
2500 -121 -11958
2501 -7 -12042
2502 41 -11902
2503 15 -11814
2504 139 -11650
2505 201 -11822
2506 225 -11702
2507 95 -11878
2508 -39 -11926
2509 -29 -11906
2510 7 -11838
2511 111 -11878
2512 73 -11886
2513 371 -11966
2514 287 -11918
2515 191 -11878
2516 227 -12070
2517 71 -11718
2518 -15 -11882
2519 -33 -12038
2520 73 -11898
2521 131 -12118
2522 245 -12282
2523 227 -12018
2524 171 -11778
2525 99 -12070
2526 -5 -11646
2527 63 -12134
2528 151 -12038
2529 171 -11894
2530 135 -11886
2531 221 -11634
2532 341 -11638
2533 493 -11934
2534 689 -11834
2535 505 -11946
2536 329 -12182
2537 389 -11750
2538 397 -12038
2539 613 -11918
2540 645 -11950
2541 639 -11994
2542 629 -12086
2543 493 -11946
2544 539 -12138
2545 575 -12174
2546 481 -12210
2547 445 -12326
2548 413 -12234
2549 563 -11774
2550 549 -11794
2551 471 -11922
2552 595 -11606
2553 509 -11678
2554 683 -11790
2555 797 -11582
2556 843 -11646
2557 819 -11750
2558 961 -11750
2559 1019 -11698
2560 1159 -11602
2561 1017 -11758
2562 935 -12070
2563 923 -11930
2564 969 -12254
2565 1131 -12102
2566 1101 -11954
2567 1297 -11638
2568 1285 -11894
2569 1307 -11786
2570 1263 -11842
2571 1035 -11738
2572 1045 -12030
2573 935 -11754
2574 699 -11646
2575 571 -11562
2576 587 -11458
2577 659 -11370
2578 505 -11198
2579 599 -11154
2580 583 -11086
2581 515 -11262
2582 679 -11146
2583 813 -11302
2584 937 -11594
2585 955 -11670
2586 975 -11726
2587 965 -11554
2588 927 -11762
2589 1057 -11734
2590 1181 -11790
2591 1033 -11902
2592 1053 -11954
2593 1083 -12038
2594 1029 -11710
2595 1007 -11646
2596 1083 -11742
2597 997 -11678
2598 891 -11722
2599 741 -11766
2600 741 -11666
2601 729 -11546
2602 699 -11634
2603 781 -11570
2604 839 -11642
2605 761 -11762
2606 719 -11502
2607 657 -11758
2608 521 -11738
2609 641 -11762
2610 691 -11942
2611 599 -11942
2612 483 -11898
2613 473 -12050
2614 439 -12042
2615 469 -11862
2616 611 -12102
2617 621 -11834
2618 639 -11922
2619 743 -11950
2620 543 -11710
2621 551 -11894
2622 567 -11730
2623 529 -11682
2624 497 -11642
2625 581 -11702
2626 497 -11970
2627 443 -11790
2628 267 -11718
2629 347 -11774
2630 335 -11722
2631 411 -12226
2632 199 -12034
2633 121 -12146
2634 71 -11914
2635 55 -12358
2636 -133 -12510
2637 -59 -12378
2638 11 -12514
2639 13 -12434
2640 115 -12526
2641 339 -12166
2642 363 -12074
2643 253 -12118
2644 297 -12238
2645 233 -12274
2646 409 -12178
2647 353 -12142
2648 251 -12202
2649 265 -12086
2650 155 -11926
2651 237 -12166
2652 109 -12042
2653 53 -11754
2654 79 -11854
2655 137 -11902
2656 193 -11730
2657 139 -11670
2658 255 -11494
2659 133 -11426
2660 173 -11794
2661 149 -11702
2662 275 -11694
2663 41 -11662
2664 -51 -11698
2665 -49 -11582
2666 -167 -11722
2667 -149 -11766
2668 117 -11898
2669 55 -11914
2670 21 -11850
2671 65 -11794
2672 275 -11714
2673 165 -11682
2674 231 -11546
2675 287 -11946
2676 213 -11830
2677 147 -12170
2678 321 -12150
2679 93 -11846
2680 103 -11958
2681 73 -11830
2682 129 -11698
2683 37 -11730
2684 27 -11774
2685 17 -11618
2686 133 -11670
2687 159 -11766
2688 181 -11678
2689 139 -11886
2690 169 -11742
2691 3 -11790
2692 -145 -12022
2693 -113 -12006
2694 -81 -12094
2695 -159 -12094
2696 -23 -12118
2697 -75 -11790
2698 -89 -11902
2699 43 -11714
2700 291 -11710
2701 237 -11686
2702 -11 -11454
2703 -221 -11534
2704 -155 -11278
2705 151 -11342
2706 63 -11590
2707 -133 -11598
2708 -253 -11450
2709 -287 -11518
2710 -179 -11470
2711 29 -11390
2712 93 -11578
2713 211 -11802
2714 249 -11586
2715 427 -11610
2716 405 -11950
2717 221 -12022
2718 195 -11950
2719 287 -11822
2720 181 -11938
2721 321 -12082
2722 269 -12134
2723 413 -12150
2724 531 -12094
2725 497 -12006
2726 437 -11854
2727 397 -11758
2728 435 -11834
2729 519 -11970
2730 497 -12006
2731 441 -12054
2732 399 -11978
2733 337 -11866
2734 271 -12226
2735 345 -11962
2736 361 -11906
2737 401 -12002
2738 513 -12014
2739 559 -12090
2740 679 -11970
2741 787 -12134
2742 777 -12206
2743 741 -12138
2744 671 -11978
2745 579 -12090
2746 483 -12066
2747 483 -11766
2748 555 -11838
2749 533 -11926
2750 649 -11842
2751 501 -11806
2752 581 -11654
2753 411 -11458
2754 399 -11638
2755 601 -11434
2756 469 -11242
2757 467 -11674
2758 487 -11510
2759 609 -11322
2760 493 -11166
2761 311 -11158
2762 367 -11202
2763 441 -11334
2764 505 -11186
2765 583 -11354
2766 431 -11426
2767 477 -11442
2768 531 -11374
2769 485 -11478
2770 453 -11566
2771 443 -11450
2772 593 -11614
2773 471 -11890
2774 407 -11698
2775 243 -11658
2776 319 -11462
2777 367 -11058
2778 335 -11546
2779 439 -11834
2780 401 -11582
2781 383 -11674
2782 475 -11774
2783 463 -11774
2784 225 -11510
2785 201 -11510
2786 67 -11678
2787 45 -11806
2788 -65 -11778
2789 -261 -11698
2790 -307 -12002
2791 -339 -11858
2792 -307 -12142
2793 -285 -12342
2794 -335 -12142
2795 -431 -11970
2796 -401 -12054
2797 -353 -11898
2798 -397 -12242
2799 -343 -11862
2800 -223 -11858
2801 -159 -12002
2802 -1 -12002
2803 151 -11614
2804 105 -11726
2805 1 -11766
2806 -213 -11890
2807 -239 -11998
2808 -263 -11946
2809 -215 -12134
2810 -411 -11946
2811 -503 -11870
2812 -525 -12034
2813 -547 -11994
2814 -783 -12082
2815 -763 -12106
2816 -779 -12458
2817 -787 -11942
2818 -823 -11934
2819 -845 -11810
2820 -769 -11562
2821 -705 -11550
2822 -653 -11466
2823 -595 -11634
2824 -739 -11634
2825 -833 -11490
2826 -843 -11394
2827 -893 -11418
2828 -753 -11538
2829 -559 -11694
2830 -571 -11750
2831 -509 -12090
2832 -595 -11906
2833 -637 -11942
2834 -607 -11986
2835 -433 -11766
2836 -339 -11686
2837 -417 -11774
2838 -455 -11434
2839 -417 -11526
2840 -241 -11602
2841 -407 -11266
2842 -211 -11362
2843 -185 -11162
2844 -263 -11418
2845 -391 -11550
2846 -397 -11510
2847 -207 -11750
2848 47 -11774
2849 43 -11878
2850 127 -12134
2851 135 -11878
2852 -39 -11870
2853 93 -12046
2854 241 -12210
2855 257 -12110
2856 371 -12090
2857 273 -12102
2858 221 -12014
2859 225 -11970
2860 191 -12130
2861 261 -12070
2862 155 -11994
2863 71 -12090
2864 -175 -12026
2865 -177 -11914
2866 -37 -11822
2867 163 -12198
2868 171 -12114
2869 47 -12234
2870 89 -12026
2871 73 -11866
2872 -3 -11850
2873 83 -11654
2874 193 -11642
2875 131 -11522
2876 31 -11562
2877 -197 -11478
2878 -17 -11658
2879 -199 -11582
2880 -161 -11450
2881 -75 -11410
2882 41 -11306
2883 107 -11634
2884 9 -11874
2885 71 -11798
2886 173 -11870
2887 -29 -11602
2888 -191 -11726
2889 -295 -11682
2890 -337 -11878
2891 -155 -11586
2892 -147 -11562
2893 -257 -11538
2894 -233 -11898
2895 -261 -11834
2896 -409 -11586
2897 -613 -11658
2898 -367 -11718
2899 -539 -11882
2900 -825 -11930
2901 -701 -11934
2902 -647 -11562
2903 -635 -12070
2904 -447 -12190
2905 -421 -12322
2906 -433 -12386
2907 -487 -12202
2908 -329 -12086
2909 -383 -12098
2910 -231 -12142
2911 -365 -11822
2912 -507 -11766
2913 -525 -12002
2914 -453 -11542
2915 -577 -11390
2916 -717 -11622
2917 -735 -11758
2918 -649 -11946
2919 -501 -12222
2920 -417 -12182
2921 -563 -12194
2922 -643 -12146
2923 -703 -12178
2924 -671 -12174
2925 -663 -12130
2926 -661 -11834
2927 -679 -11658
2928 -717 -12030
2929 -927 -12270
2930 -915 -12410
2931 -905 -12470
2932 -971 -12090
2933 -857 -11966
2934 -839 -11918
2935 -855 -11962
2936 -971 -12158
2937 -923 -11950
2938 -1151 -12046
2939 -1275 -11806
2940 -1115 -11930
2941 -1219 -12218
2942 -1325 -11930
2943 -1227 -12114
2944 -1135 -12298
2945 -1223 -12350
2946 -1157 -12378
2947 -1299 -12078
2948 -1355 -12070
2949 -1439 -11978
2950 -1469 -11938
2951 -1425 -11882
2952 -1597 -11934
2953 -1673 -11866
2954 -1613 -11906
2955 -1601 -11894
2956 -1587 -11958
2957 -1625 -12034
2958 -1641 -11730
2959 -1647 -11638
2960 -1787 -11682
2961 -1943 -11858
2962 -2011 -11930
2963 -1923 -11774
2964 -1839 -11634
2965 -1831 -11734
2966 -1729 -11894
2967 -1713 -12106
2968 -1763 -12026
2969 -1745 -11926
2970 -1525 -11978
2971 -1605 -12070
2972 -1449 -11982
2973 -1467 -11746
2974 -1389 -11782
2975 -1421 -11914
2976 -1411 -12242
2977 -1405 -12158
2978 -1429 -11966
2979 -1329 -11802
2980 -1419 -11750
2981 -1207 -11602
2982 -1305 -11630
2983 -1369 -11746
2984 -1177 -11606
2985 -1123 -11814
2986 -1269 -11910
2987 -1225 -11962
2988 -1273 -12066
2989 -1221 -12110
2990 -1299 -12038
2991 -1215 -12262
2992 -1391 -12098
2993 -1415 -11846
2994 -1309 -11866
2995 -1323 -11882
2996 -1131 -11962
2997 -1085 -12166
2998 -873 -12170
2999 -1037 -12106
3000 -1169 -12286
3001 -1141 -12322
3002 -1071 -12402
3003 -985 -12458
3004 -885 -12334
3005 -757 -12290
3006 -807 -12190
3007 -745 -12058
3008 -611 -11722
3009 -573 -11650
3010 -629 -11910
3011 -671 -12118
3012 -733 -12126
3013 -725 -12326
3014 -621 -12218
3015 -561 -12274
3016 -507 -12222
3017 -375 -12070
3018 -461 -12266
3019 -533 -12366
3020 -419 -12090
3021 -791 -12238
3022 -761 -12142
3023 -717 -11818
3024 -921 -11942
3025 -941 -11958
3026 -879 -12194
3027 -845 -12210
3028 -853 -11978
3029 -959 -12374
3030 -1001 -12398
3031 -923 -12374
3032 -673 -12086
3033 -681 -11630
3034 -615 -12014
3035 -707 -12018
3036 -751 -12182
3037 -843 -12198
3038 -893 -12110
3039 -907 -11814
3040 -739 -11674
3041 -855 -11690
3042 -793 -11990
3043 -961 -12058
3044 -887 -11886
3045 -1005 -12094
3046 -1027 -11982
3047 -1043 -11926
3048 -985 -12066
3049 -1097 -11974
3050 -1153 -12346
3051 -1125 -12190
3052 -1215 -12194
3053 -1331 -12146
3054 -1505 -11898
3055 -1607 -12210
3056 -1523 -12170
3057 -1563 -12162
3058 -1539 -11750
3059 -1489 -11970
3060 -1355 -11850
3061 -1373 -11750
3062 -1385 -11754
3063 -1321 -11846
3064 -1395 -11898
3065 -1361 -11926
3066 -1199 -11826
3067 -1249 -11942
3068 -1299 -12090
3069 -1103 -11830
3070 -1207 -12206
3071 -1257 -12230
3072 -1447 -11906
3073 -1371 -12094
3074 -1417 -12226
3075 -1313 -11998
3076 -1307 -11918
3077 -1341 -11910
3078 -1357 -11902
3079 -1411 -11890
3080 -1489 -11790
3081 -1391 -11822
3082 -1425 -11782
3083 -1345 -11990
3084 -1443 -12166
3085 -1661 -11890
3086 -1667 -11890
3087 -1693 -11734
3088 -1603 -11590
3089 -1533 -11750
3090 -1561 -12010
3091 -1535 -11994
3092 -1537 -12010
3093 -1467 -11810
3094 -1473 -11646
3095 -1561 -11726
3096 -1557 -11814
3097 -1507 -11798
3098 -1423 -11554
3099 -1565 -11634
3100 -1639 -11642
3101 -1625 -11770
3102 -1697 -11790
3103 -1689 -11630
3104 -1643 -11782
3105 -1803 -11850
3106 -1757 -11654
3107 -1735 -11678
3108 -1743 -11310
3109 -1771 -11590
3110 -1813 -11794
3111 -1795 -11746
3112 -1725 -11854
3113 -1785 -11878
3114 -1833 -11754
3115 -1963 -11894
3116 -2043 -12026
3117 -2069 -12086
3118 -1981 -11762
3119 -1969 -11770
3120 -1909 -11666
3121 -1791 -11662
3122 -1701 -11606
3123 -1789 -11482
3124 -1871 -11474
3125 -1895 -11622
3126 -1883 -11490
3127 -1747 -11698
3128 -1601 -11802
3129 -1593 -11950
3130 -1745 -11834
3131 -1725 -12098
3132 -1937 -12254
3133 -2051 -12150
3134 -2189 -12254
3135 -2307 -12234
3136 -2201 -11978
3137 -2301 -11934
3138 -2359 -12018
3139 -2383 -12362
3140 -2151 -12282
3141 -2213 -12430
3142 -2199 -12358
3143 -2277 -12302
3144 -2223 -12114
3145 -2159 -12130
3146 -2231 -12114
3147 -2207 -11858
3148 -2183 -11806
3149 -2115 -11630
3150 -2137 -11810
3151 -2211 -11838
3152 -2181 -11950
3153 -2093 -11862
3154 -2119 -11998
3155 -2009 -11798
3156 -2179 -11806
3157 -2287 -11962
3158 -2261 -11746
3159 -2155 -11714
3160 -2149 -11350
3161 -2147 -11486
3162 -2145 -11550
3163 -2069 -11674
3164 -2199 -11826
3165 -2243 -11930
3166 -2231 -11946
3167 -2305 -11990
3168 -2289 -11890
3169 -2243 -11634
3170 -2217 -11682
3171 -2267 -11782
3172 -2317 -11750
3173 -2393 -12114
3174 -2413 -12022
3175 -2299 -12002
3176 -2145 -11886
3177 -2259 -11654
3178 -2157 -11774
3179 -2177 -11846
3180 -2241 -11998
3181 -2287 -12114
3182 -2315 -12054
3183 -2301 -12162
3184 -2273 -12194
3185 -2125 -12290
3186 -2063 -11994
3187 -2021 -12086
3188 -2019 -12194
3189 -2085 -12178
3190 -2051 -12114
3191 -2083 -12282
3192 -1937 -12286
3193 -1847 -12106
3194 -1691 -12238
3195 -1571 -12114
3196 -1395 -12162
3197 -1431 -11726
3198 -1405 -11902
3199 -1319 -12062
3200 -1233 -11834
3201 -1285 -12126
3202 -1245 -12062
3203 -1167 -11918
3204 -1107 -12010
3205 -1241 -11854
3206 -1179 -11750
3207 -1297 -11862
3208 -1337 -11914
3209 -1369 -11954
3210 -1323 -11922
3211 -1335 -12094
3212 -1221 -12022
3213 -1367 -12126
3214 -1439 -12002
3215 -1403 -11926
3216 -1609 -11906
3217 -1493 -12046
3218 -1389 -12234
3219 -1409 -11946
3220 -1641 -12114
3221 -1641 -12018
3222 -1659 -11858
3223 -1569 -11782
3224 -1541 -11630
3225 -1589 -12106
3226 -1533 -12042
3227 -1447 -11962
3228 -1345 -11726
3229 -1307 -11450
3230 -1045 -11578
3231 -1085 -11506
3232 -983 -11434
3233 -919 -11714
3234 -829 -11598
3235 -785 -11654
3236 -765 -11570
3237 -793 -11826
3238 -811 -12110
3239 -841 -11962
3240 -927 -11938
3241 -909 -11826
3242 -845 -12018
3243 -761 -11746
3244 -727 -11930
3245 -771 -11970
3246 -761 -11830
3247 -897 -11734
3248 -803 -12014
3249 -933 -11774
3250 -969 -12034
3251 -813 -11926
3252 -827 -11702
3253 -775 -11474
3254 -593 -11446
3255 -819 -11618
3256 -695 -11706
3257 -607 -11922
3258 -513 -11750
3259 -531 -11778
3260 -467 -11810
3261 -473 -11774
3262 -463 -11902
3263 -435 -11802
3264 -421 -11950
3265 -463 -11734
3266 -221 -11786
3267 -285 -11614
3268 -325 -11734
3269 -147 -11498
3270 -93 -11542
3271 -105 -11698
3272 -47 -11514
3273 -109 -11474
3274 45 -11706
3275 107 -11646
3276 -7 -11998
3277 -69 -11966
3278 -53 -11754
3279 -43 -11726
3280 291 -11662
3281 447 -11766
3282 457 -11782
3283 551 -11778
3284 537 -11830
3285 593 -11838
3286 595 -11822
3287 587 -11966
3288 651 -11818
3289 571 -11998
3290 481 -11930
3291 477 -12122
3292 571 -11982
3293 535 -12038
3294 397 -11970
3295 527 -11918
3296 483 -11714
3297 459 -11726
3298 331 -11842
3299 425 -11914
3300 447 -12122
3301 685 -11974
3302 607 -11982
3303 477 -12302
3304 575 -12102
3305 675 -12126
3306 699 -12258
3307 809 -12086
3308 567 -11850
3309 621 -11930
3310 609 -11838
3311 599 -11914
3312 623 -11798
3313 735 -12014
3314 675 -11866
3315 769 -12038
3316 741 -11902
3317 775 -12038
3318 811 -11834
3319 723 -11906
3320 729 -12070
3321 817 -11874
3322 773 -11798
3323 825 -11746
3324 819 -11698
3325 609 -11558
3326 535 -11534
3327 569 -11698
3328 537 -11538
3329 497 -11634
3330 265 -11530
3331 433 -11862
3332 413 -11754
3333 343 -11654
3334 413 -11686
3335 439 -11698
3336 469 -11822
3337 471 -12154
3338 489 -12030
3339 503 -11954
3340 411 -11810
3341 327 -11966
3342 359 -11942
3343 411 -11954
3344 511 -11898
3345 425 -12014
3346 513 -11750
3347 505 -12034
3348 449 -12170
3349 645 -11838
3350 559 -11802
3351 667 -12150
3352 645 -11998
3353 739 -12278
3354 705 -11870
3355 633 -12130
3356 653 -12274
3357 507 -12274
3358 385 -12286
3359 381 -12022
3360 559 -12462
3361 569 -12174
3362 567 -12334
3363 395 -12166
3364 413 -11974
3365 353 -11886
3366 359 -12014
3367 369 -12026
3368 573 -12186
3369 675 -12230
3370 747 -12102
3371 539 -12174
3372 557 -11990
3373 463 -11890
3374 487 -11750
3375 577 -11754
3376 625 -11574
3377 775 -11562
3378 735 -11398
3379 775 -11454
3380 797 -11546
3381 767 -11810
3382 513 -11750
3383 447 -11390
3384 285 -11562
3385 411 -11590
3386 381 -11594
3387 311 -11450
3388 343 -11646
3389 237 -11826
3390 69 -11690
3391 123 -11902
3392 -37 -12022
3393 -141 -11934
3394 81 -11702
3395 107 -11702
3396 87 -11898
3397 53 -11982
3398 251 -12074
3399 397 -11826
3400 457 -12006
3401 545 -12070
3402 637 -12014
3403 503 -12102
3404 353 -12090
3405 331 -12138
3406 209 -12318
3407 357 -12322
3408 377 -11894
3409 393 -11710
3410 497 -11830
3411 597 -11962
3412 479 -11950
3413 405 -11898
3414 467 -11918
3415 533 -11762
3416 537 -11850
3417 343 -11746
3418 445 -11870
3419 297 -11922
3420 345 -12150
3421 379 -12146
3422 559 -11822
3423 447 -11922
3424 389 -12138
3425 369 -12166
3426 345 -12078
3427 295 -12334
3428 331 -12290
3429 447 -12294
3430 435 -12430
3431 491 -12218
3432 501 -12254
3433 309 -11998
3434 341 -11962
3435 535 -11914
3436 411 -11986
3437 335 -11806
3438 377 -11934
3439 421 -11926
3440 391 -11730
3441 361 -11946
3442 367 -11962
3443 539 -12310
3444 467 -12346
3445 375 -12322
3446 397 -12134
3447 461 -12266
3448 315 -12230
3449 299 -12326
3450 189 -12266
3451 57 -12402
3452 41 -12354
3453 81 -12094
3454 33 -12214
3455 37 -12178
3456 -105 -12018
3457 -37 -11962
3458 -125 -11730
3459 -241 -11878
3460 -111 -11902
3461 19 -11830
3462 37 -12162
3463 63 -11814
3464 -123 -11830
3465 -95 -12070
3466 -69 -12134
3467 -271 -11958
3468 -81 -12010
3469 -309 -11742
3470 -103 -11406
3471 -63 -11586
3472 -69 -11910
3473 -299 -12054
3474 -243 -12154
3475 -29 -11906
3476 -155 -11726
3477 -237 -11554
3478 -217 -11434
3479 -349 -11646
3480 -403 -11690
3481 -553 -11554
3482 -431 -11638
3483 -507 -11806
3484 -621 -11818
3485 -755 -11762
3486 -753 -11778
3487 -533 -11686
3488 -611 -11454
3489 -455 -11598
3490 -325 -11382
3491 -249 -11494
3492 -267 -11742
3493 -273 -11690
3494 -63 -11698
3495 -17 -11782
3496 -23 -11926
3497 23 -11962
3498 133 -11934
3499 219 -12162
3500 95 -12134
3501 59 -11930
3502 69 -11954
3503 277 -12006
3504 57 -11766
3505 89 -11810
3506 103 -11942
3507 -21 -11710
3508 -7 -11926
3509 -49 -12150
3510 29 -11946
3511 -167 -12066
3512 -213 -12262
3513 -147 -12210
3514 -179 -12050
3515 -87 -11830
3516 -135 -12010
3517 -153 -11766
3518 -137 -11738
3519 -203 -11726
3520 -193 -11906
3521 -301 -11938
3522 -305 -12018
3523 -453 -11818
3524 -503 -11938
3525 -367 -11722
3526 -251 -11534
3527 -249 -11726
3528 -175 -11558
3529 -131 -11746
3530 -73 -11762
3531 -59 -11870
3532 -21 -12022
3533 -91 -12130
3534 -219 -11970
3535 -253 -12170
3536 -379 -12282
3537 -359 -12186
3538 -415 -12278
3539 -571 -12034
3540 -469 -11850
3541 -583 -11654
3542 -361 -11970
3543 -347 -11926
3544 -281 -11930
3545 -335 -11842
3546 -211 -11774
3547 -301 -11946
3548 -269 -11646
3549 -211 -12066
3550 -327 -12158
3551 -345 -11894
3552 -355 -11886
3553 -237 -11962
3554 -235 -11606
3555 -257 -11618
3556 -41 -11694
3557 -19 -11766
3558 -193 -11738
3559 -139 -11710
3560 -95 -12050
3561 -83 -11714
3562 167 -11698
3563 47 -11858
3564 201 -12138
3565 77 -12126
3566 287 -12126
3567 341 -12074
3568 237 -12142
3569 157 -12066
3570 289 -12034
3571 377 -11994
3572 93 -12098
3573 107 -12150
3574 307 -12130
3575 279 -12170
3576 189 -12178
3577 199 -11950
3578 -5 -11990
3579 211 -11938
3580 233 -11862
3581 291 -11922
3582 287 -11998
3583 287 -12006
3584 317 -12026
3585 339 -11798
3586 287 -11738
3587 61 -11866
3588 159 -12170
3589 17 -12034
3590 103 -11858
3591 191 -11894
3592 333 -11966
3593 233 -11582
3594 173 -11778
3595 91 -11662
3596 151 -11634
3597 177 -11718
3598 161 -11586
3599 103 -11478
3600 -19 -11334
3601 175 -11550
3602 93 -11658
3603 65 -11882
3604 37 -11758
3605 -5 -12062
3606 -185 -11862
3607 257 -11786
3608 549 -11850
3609 519 -11770
3610 337 -12026
3611 411 -12438
3612 391 -12370
3613 269 -12086
3614 291 -11854
3615 341 -11970
3616 251 -11718
3617 249 -11658
3618 273 -11582
3619 391 -11806
3620 283 -11986
3621 225 -11794
3622 243 -11854
3623 225 -11666
3624 411 -11690
3625 451 -11810
3626 559 -11702
3627 693 -11826
3628 695 -11722
3629 475 -11594
3630 497 -11670
3631 489 -12126
3632 439 -11994
3633 501 -11966
3634 441 -11942
3635 345 -11854
3636 421 -11726
3637 383 -11850
3638 371 -11714
3639 375 -11614
3640 405 -11618
3641 493 -11710
3642 521 -11746
3643 597 -11746
3644 667 -11866
3645 677 -11874
3646 647 -11502
3647 901 -11466
3648 861 -12026
3649 839 -11946
3650 943 -12258
3651 843 -12178
3652 749 -12054
3653 833 -11766
3654 821 -11834
3655 875 -11666
3656 885 -11746
3657 753 -11510
3658 701 -11522
3659 763 -11742
3660 797 -11946
3661 891 -12178
3662 897 -12342
3663 1029 -12194
3664 1057 -12230
3665 1271 -12366
3666 989 -12074
3667 1135 -11890
3668 1097 -12070
3669 993 -11962
3670 891 -11850
3671 789 -11854
3672 905 -11822
3673 839 -11930
3674 651 -11934
3675 651 -12018
3676 723 -11906
3677 1059 -12062
3678 1067 -12054
3679 1133 -11902
3680 1203 -12234
3681 1203 -12082
3682 1089 -12014
3683 965 -11830
3684 847 -12126
3685 849 -11766
3686 949 -11938
3687 651 -12050
3688 741 -11986
3689 615 -11950
3690 779 -11958
3691 709 -11882
3692 619 -11810
3693 745 -12030
3694 733 -11862
3695 795 -11750
3696 709 -11674
3697 547 -11782
3698 625 -11774
3699 577 -12034
3700 573 -12166
3701 501 -11998
3702 481 -11990
3703 483 -12034
3704 761 -11966
3705 745 -11802
3706 781 -11786
3707 889 -11934
3708 779 -11978
3709 929 -12082
3710 863 -12278
3711 937 -12214
3712 943 -12118
3713 1029 -12202
3714 961 -12258
3715 873 -12162
3716 691 -12026
3717 717 -12074
3718 593 -12118
3719 669 -12070
3720 733 -12014
3721 819 -12174
3722 611 -12134
3723 645 -12346
3724 573 -12506
3725 483 -12418
3726 415 -12102
3727 569 -12002
3728 735 -12178
3729 683 -12134
3730 773 -11974
3731 649 -11882
3732 553 -11974
3733 533 -11906
3734 487 -11622
3735 531 -11830
3736 497 -11802
3737 365 -11866
3738 261 -11986
3739 281 -11734
3740 27 -11498
3741 151 -11366
3742 51 -11498
3743 253 -11422
3744 53 -11502
3745 39 -11490
3746 -31 -11802
3747 -25 -11510
3748 -17 -11750
3749 -55 -11866
3750 -47 -11650
3751 63 -11910
3752 31 -11930
3753 119 -11566
3754 147 -11714
3755 295 -11670
3756 353 -11830
3757 441 -11814
3758 507 -11846
3759 771 -11534
3760 699 -11506
3761 447 -11442
3762 437 -11450
3763 477 -11258
3764 587 -11510
3765 349 -11358
3766 383 -11466
3767 391 -11710
3768 227 -11894
3769 381 -11830
3770 281 -11702
3771 233 -11682
3772 299 -11866
3773 269 -11806
3774 123 -11702
3775 175 -11614
3776 187 -11522
3777 235 -11942
3778 185 -11962
3779 -35 -12138
3780 19 -11998
3781 211 -11814
3782 263 -11966
3783 175 -12194
3784 235 -12190
3785 327 -12166
3786 199 -12034
3787 337 -12094
3788 273 -12122
3789 209 -12006
3790 277 -12086
3791 295 -12442
3792 163 -12230
3793 269 -12054
3794 311 -12178
3795 333 -12058
3796 331 -11986
3797 309 -11738
3798 215 -11774
3799 343 -12086
3800 447 -11602
3801 355 -11642
3802 301 -11678
3803 227 -11582
3804 231 -11594
3805 199 -11554
3806 221 -11738
3807 239 -11646
3808 261 -11638
3809 277 -11814
3810 147 -11954
3811 41 -11918
3812 95 -11790
3813 -5 -11846
3814 111 -11842
3815 359 -12038
3816 303 -12010
3817 413 -11766
3818 401 -11858
3819 505 -11854
3820 537 -11650
3821 701 -11726
3822 643 -11638
3823 721 -11926
3824 809 -11610
3825 619 -11702
3826 525 -11654
3827 421 -11766
3828 365 -11734
3829 329 -12086
3830 329 -12058
3831 273 -11950
3832 227 -11614
3833 189 -11818
3834 109 -11854
3835 1 -11670
3836 -41 -11822
3837 127 -11926
3838 163 -11738
3839 95 -11934
3840 181 -11954
3841 239 -11894
3842 325 -11842
3843 277 -11794
3844 291 -11738
3845 305 -11966
3846 193 -12186
3847 245 -12074
3848 175 -11998
3849 121 -11622
3850 201 -11798
3851 203 -11962
3852 343 -11850
3853 327 -11934
3854 423 -12062
3855 445 -12046
3856 423 -12150
3857 497 -11858
3858 445 -11534
3859 449 -11794
3860 425 -11902
3861 323 -11862
3862 261 -11602
3863 439 -11466
3864 367 -11590
3865 123 -11882
3866 57 -11826
3867 -131 -11890
3868 -93 -11874
3869 -119 -11874
3870 -13 -11902
3871 -69 -11630
3872 -143 -11762
3873 -165 -11762
3874 -333 -11966
3875 -213 -11866
3876 -305 -11654
3877 -283 -11854
3878 -347 -11794
3879 -101 -11782
3880 -49 -11854
3881 -109 -11902
3882 -17 -11942
3883 7 -11838
3884 69 -11618
3885 117 -11698
3886 39 -12102
3887 105 -11858
3888 101 -11898
3889 179 -11878
3890 295 -11866
3891 335 -11762
3892 219 -11462
3893 183 -11882
3894 269 -12094
3895 391 -12230
3896 231 -12282
3897 103 -11974
3898 143 -12054
3899 311 -11822
3900 301 -11746
3901 369 -12126
3902 283 -12130
3903 271 -11874
3904 353 -11846
3905 389 -11958
3906 373 -12038
3907 289 -11674
3908 249 -11694
3909 219 -11890
3910 249 -11630
3911 325 -11646
3912 287 -11790
3913 93 -11630
3914 157 -12002
3915 99 -11746
3916 97 -11650
3917 55 -11650
3918 -5 -11494
3919 -23 -11502
3920 43 -11714
3921 -115 -11682
3922 -179 -11662
3923 -123 -12014
3924 -201 -11830
3925 -137 -11598
3926 -81 -11882
3927 -139 -11826
3928 -59 -11726
3929 -165 -11998
3930 -13 -12010
3931 173 -11866
3932 399 -12026
3933 723 -11702
3934 823 -12110
3935 707 -11778
3936 703 -11870
3937 609 -12114
3938 629 -12262
3939 539 -12378
3940 519 -12386
3941 469 -12218
3942 447 -12150
3943 377 -11918
3944 309 -12302
3945 329 -12502
3946 487 -12258
3947 561 -12390
3948 429 -11870
3949 347 -11794
3950 277 -11958
3951 251 -11962
3952 115 -11922
3953 189 -11818
3954 199 -11750
3955 271 -11538
3956 313 -11838
3957 435 -11706
3958 735 -11830
3959 705 -11746
3960 735 -11834
3961 857 -11862
3962 931 -11678
3963 821 -11766
3964 819 -11730
3965 911 -11818
3966 899 -12210
3967 809 -12002
3968 797 -12182
3969 779 -11890
3970 747 -12154
3971 717 -12302
3972 471 -12282
3973 599 -12050
3974 463 -12082
3975 487 -11906
3976 445 -11846
3977 479 -12142
3978 411 -12234
3979 243 -12030
3980 377 -12194
3981 243 -12098
3982 235 -12058
3983 211 -11934
3984 217 -12026
3985 175 -12298
3986 241 -12182
3987 117 -11906
3988 143 -12002
3989 225 -11874
3990 161 -12082
3991 263 -11838
3992 393 -11698
3993 421 -12078
3994 471 -12034
3995 565 -11998
3996 439 -11810
3997 623 -11602
3998 623 -11954
3999 759 -11666
4000 607 -11954
4001 635 -11918
4002 701 -11906
4003 755 -11862
4004 941 -11870
4005 971 -12042
4006 925 -11974
4007 927 -11882
4008 1127 -11754
4009 1075 -11882
4010 1301 -11746
4011 1327 -11758
4012 1157 -11942
4013 1373 -11910
4014 1543 -12018
4015 1501 -11762
4016 1637 -11750
4017 1611 -11874
4018 1635 -11822
4019 1581 -11946
4020 1643 -11598
4021 1553 -11942
4022 1705 -12170
4023 1703 -12106
4024 1379 -12030
4025 1321 -12210
4026 1273 -12278
4027 1181 -12054
4028 1103 -12350
4029 969 -11954
4030 1111 -12310
4031 1379 -12094
4032 1339 -11846
4033 1355 -12198
4034 1257 -12106
4035 1081 -12138
4036 971 -12174
4037 999 -12150
4038 1039 -12150
4039 1063 -12102
4040 1159 -12146
4041 1141 -12010
4042 1171 -12002
4043 1211 -12014
4044 1127 -11910
4045 1185 -11842
4046 1211 -11950
4047 1225 -12214
4048 1099 -12338
4049 999 -12146
4050 793 -11898
4051 745 -11834
4052 805 -11758
4053 879 -12038
4054 759 -11746
4055 643 -11782
4056 529 -11974
4057 531 -11542
4058 729 -11854
4059 705 -11906
4060 587 -12218
4061 599 -11990
4062 875 -12370
4063 821 -12050
4064 803 -12058
4065 627 -11946
4066 595 -11818
4067 641 -11946
4068 761 -12198
4069 661 -12022
4070 705 -12386
4071 715 -12366
4072 855 -12290
4073 683 -12670
4074 557 -12582
4075 531 -12442
4076 551 -12562
4077 597 -12714
4078 377 -12510
4079 331 -12494
4080 313 -12042
4081 311 -12094
4082 303 -12410
4083 383 -12182
4084 173 -12110
4085 93 -11822
4086 77 -11974
4087 107 -11990
4088 73 -12006
4089 -65 -12358
4090 -111 -12270
4091 -65 -12086
4092 55 -12058
4093 179 -11786
4094 203 -11842
4095 37 -11838
4096 1 -12118
4097 53 -12026
4098 17 -12106
4099 117 -11946
4100 149 -11922
4101 107 -11898
4102 339 -11674
4103 399 -11890
4104 303 -11894
4105 337 -11766
4106 431 -11678
4107 211 -11642
4108 149 -11742
4109 115 -11666
4110 181 -11514
4111 183 -11478
4112 31 -11682
4113 49 -11778
4114 107 -11890
4115 61 -12034
4116 5 -11962
4117 83 -11842
4118 119 -11778
4119 103 -11686
4120 97 -11934
4121 121 -11958
4122 227 -11906
4123 83 -11978
4124 125 -11702
4125 373 -11890
4126 315 -11902
4127 481 -11662
4128 615 -11666
4129 507 -11626
4130 649 -11438
4131 549 -11502
4132 599 -11606
4133 615 -11418
4134 599 -11490
4135 517 -11574
4136 541 -11506
4137 437 -11682
4138 433 -11678
4139 597 -11574
4140 651 -11690
4141 529 -11818
4142 563 -11662
4143 327 -11406
4144 205 -11558
4145 235 -11506
4146 13 -11514
4147 -9 -11574
4148 -109 -11798
4149 -273 -11718
4150 -95 -11606
4151 -227 -11646
4152 -189 -11698
4153 -121 -11930
4154 -153 -12122
4155 -307 -12022
4156 -273 -11674
4157 -277 -11450
4158 -321 -11522
4159 -509 -11638
4160 -357 -11602
4161 -219 -11814
4162 -237 -11726
4163 -45 -11962
4164 65 -11714
4165 -127 -11670
4166 -267 -11498
4167 -169 -11558
4168 -79 -11606
4169 -105 -11738
4170 -153 -11978
4171 -287 -12042
4172 -285 -11858
4173 -177 -11618
4174 -179 -11718
4175 63 -11658
4176 153 -11774
4177 -25 -11890
4178 -81 -12278
4179 -143 -12206
4180 -77 -12238
4181 -97 -12222
4182 -121 -12326
4183 -119 -12070
4184 -255 -12046
4185 -115 -11770
4186 -23 -12082
4187 183 -11946
4188 163 -12286
4189 213 -12206
4190 77 -11970
4191 25 -12198
4192 165 -12438
4193 67 -12202
4194 139 -12146
4195 103 -12190
4196 53 -12202
4197 101 -12086
4198 217 -12250
4199 123 -12166
4200 211 -12350
4201 203 -12202
4202 149 -12294
4203 71 -12258
4204 79 -11970
4205 -17 -12174
4206 13 -12466
4207 149 -12154
4208 205 -12278
4209 175 -12178
4210 233 -12202
4211 477 -11966
4212 729 -12094
4213 741 -12362
4214 801 -12322
4215 755 -12166
4216 733 -12214
4217 787 -12322
4218 829 -12038
4219 975 -12058
4220 1121 -12114
4221 1101 -11986
4222 1105 -12222
4223 1129 -11990
4224 1067 -12014
4225 1069 -12198
4226 1111 -12366
4227 1237 -12406
4228 1209 -12414
4229 1251 -12362
4230 1373 -12282
4231 1553 -12154
4232 1603 -12094
4233 1419 -11862
4234 1333 -11918
4235 1319 -11766
4236 1195 -11770
4237 1249 -11846
4238 1379 -12002
4239 1305 -12174
4240 1399 -11966
4241 1477 -12186
4242 1609 -12458
4243 1543 -12414
4244 1429 -12406
4245 1329 -12050
4246 1047 -12014
4247 991 -12258
4248 1203 -12066
4249 1417 -12154
4250 1349 -12154
4251 1421 -12330
4252 1259 -12354
4253 1317 -12250
4254 1465 -12122
4255 1521 -12066
4256 1479 -11794
4257 1341 -12154
4258 1357 -12250
4259 1505 -12098
4260 1563 -12222
4261 1399 -12058
4262 1359 -11822
4263 1373 -11950
4264 1301 -12106
4265 1213 -11834
4266 1193 -11978
4267 1181 -11838
4268 1015 -11646
4269 1195 -11586
4270 1003 -11674
4271 971 -11854
4272 1137 -11806
4273 1065 -11870
4274 1175 -12026
4275 1161 -12014
4276 963 -11994
4277 883 -12182
4278 891 -12006
4279 945 -12058
4280 1053 -12034
4281 831 -11882
4282 693 -12030
4283 691 -12186
4284 603 -12142
4285 527 -12058
4286 639 -12034
4287 479 -11842
4288 545 -11970
4289 449 -11998
4290 605 -11850
4291 583 -11726
4292 759 -11858
4293 771 -11818
4294 629 -11714
4295 635 -11526
4296 813 -11990
4297 613 -12090
4298 665 -12074
4299 561 -12106
4300 677 -12170
4301 473 -12234
4302 689 -12386
4303 617 -12322
4304 761 -12374
4305 759 -12386
4306 893 -12246
4307 969 -12302
4308 969 -12270
4309 1017 -12342
4310 1021 -12326
4311 1133 -11950
4312 1131 -12158
4313 1061 -12222
4314 977 -12314
4315 971 -12002
4316 829 -12210
4317 889 -12266
4318 833 -12082
4319 705 -12146
4320 687 -12102
4321 709 -12094
4322 731 -11746
4323 795 -12110
4324 773 -12154
4325 795 -11914
4326 835 -11930
4327 897 -11778
4328 771 -11862
4329 759 -11954
4330 741 -11946
4331 671 -11666
4332 477 -11534
4333 279 -11578
4334 307 -11778
4335 289 -11798
4336 231 -11862
4337 159 -11810
4338 169 -11786
4339 73 -12058
4340 -67 -11858
4341 -119 -11882
4342 -263 -11870
4343 -383 -12002
4344 -331 -11794
4345 -305 -11950
4346 -1 -11918
4347 111 -12030
4348 161 -11646
4349 209 -11734
4350 235 -11866
4351 29 -12114
4352 93 -11946
4353 -95 -11826
4354 65 -11766
4355 -37 -12090
4356 129 -11958
4357 75 -11786
4358 -43 -11734
4359 -37 -11922
4360 -69 -12030
4361 -101 -12054
4362 -123 -12294
4363 -43 -12322
4364 -201 -11866
4365 -317 -11822
4366 -451 -11906
4367 -729 -11746
4368 -763 -11702
4369 -1031 -12042
4370 -1063 -11930
4371 -1145 -12050
4372 -1043 -12038
4373 -927 -11774
4374 -923 -11982
4375 -997 -12150
4376 -921 -12054
4377 -779 -12170
4378 -843 -12062
4379 -729 -12006
4380 -803 -11858
4381 -729 -11966
4382 -709 -11994
4383 -735 -11950
4384 -815 -11918
4385 -1007 -11754
4386 -967 -11806
4387 -1065 -11774
4388 -1071 -11638
4389 -1063 -11458
4390 -1019 -11622
4391 -945 -11590
4392 -1081 -11534
4393 -1121 -11522
4394 -1139 -11682
4395 -1281 -11774
4396 -1243 -11962
4397 -1277 -11774
4398 -1227 -11874
4399 -925 -11942
4400 -963 -12102
4401 -837 -11946
4402 -721 -11926
4403 -751 -11966
4404 -917 -11850
4405 -959 -11778
4406 -1031 -11878
4407 -929 -11922
4408 -883 -11918
4409 -969 -12194
4410 -1155 -12122
4411 -1131 -12146
4412 -1127 -11654
4413 -1135 -11630
4414 -1197 -11494
4415 -1259 -11318
4416 -1365 -11434
4417 -1219 -11630
4418 -1255 -11830
4419 -1227 -11758
4420 -1247 -11710
4421 -1305 -11690
4422 -1297 -11518
4423 -1107 -11518
4424 -957 -11734
4425 -923 -11698
4426 -877 -11618
4427 -877 -11694
4428 -795 -11434
4429 -657 -11466
4430 -799 -11534
4431 -775 -11730
4432 -965 -12018
4433 -803 -12094
4434 -727 -11930
4435 -967 -12222
4436 -949 -12006
4437 -909 -12022
4438 -1045 -11838
4439 -963 -11762
4440 -1005 -11994
4441 -1011 -12122
4442 -1051 -11786
4443 -1131 -11862
4444 -1053 -11826
4445 -1031 -11758
4446 -979 -11578
4447 -853 -11362
4448 -965 -11578
4449 -1017 -11894
4450 -983 -11994
4451 -947 -11958
4452 -1159 -12326
4453 -1227 -12358
4454 -1183 -12402
4455 -1107 -12358
4456 -1207 -12198
4457 -1127 -12162
4458 -947 -11890
4459 -1157 -12078
4460 -1113 -11758
4461 -927 -11918
4462 -929 -12154
4463 -729 -12254
4464 -709 -12262
4465 -827 -11950
4466 -843 -12066
4467 -963 -11858
4468 -757 -12022
4469 -791 -11750
4470 -819 -11954
4471 -801 -12006
4472 -891 -11830
4473 -825 -11850
4474 -865 -11766
4475 -941 -11794
4476 -817 -11994
4477 -969 -12070
4478 -929 -11878
4479 -1017 -11918
4480 -1021 -11850
4481 -939 -11874
4482 -817 -11814
4483 -813 -11690
4484 -637 -11746
4485 -561 -11826
4486 -451 -11566
4487 -541 -11622
4488 -587 -11554
4489 -519 -11334
4490 -539 -11274
4491 -563 -11306
4492 -771 -11206
4493 -859 -11110
4494 -859 -11078
4495 -821 -11362
4496 -733 -11474
4497 -875 -11574
4498 -969 -11414
4499 -1211 -11738
4500 -1255 -11874
4501 -971 -11562
4502 -1003 -11726
4503 -1059 -11878
4504 -1035 -11982
4505 -981 -11930
4506 -959 -11794
4507 -1223 -11806
4508 -1401 -11462
4509 -1341 -11618
4510 -1293 -11866
4511 -1291 -11702
4512 -1199 -11766
4513 -921 -11678
4514 -1087 -11846
4515 -1155 -12178
4516 -1027 -12222
4517 -933 -12190
4518 -989 -12074
4519 -989 -11950
4520 -967 -12066
4521 -1021 -11854
4522 -1125 -11762
4523 -1183 -11766
4524 -1127 -11822
4525 -1059 -11946
4526 -1165 -11934
4527 -809 -11710
4528 -827 -11954
4529 -917 -11738
4530 -891 -11718
4531 -883 -11606
4532 -775 -11514
4533 -563 -11698
4534 -703 -11514
4535 -647 -11782
4536 -739 -11966
4537 -705 -11706
4538 -773 -12154
4539 -673 -11590
4540 -635 -11766
4541 -621 -11742
4542 -577 -11738
4543 -619 -11502
4544 -525 -11362
4545 -425 -11438
4546 -393 -11698
4547 -353 -11742
4548 -431 -11786
4549 -615 -11466
4550 -459 -11490
4551 -391 -11542
4552 -243 -11354
4553 -319 -11698
4554 -393 -11562
4555 -353 -11614
4556 -225 -11938
4557 -173 -12282
4558 -155 -12202
4559 -95 -12302
4560 -275 -12038
4561 -345 -11926
4562 -421 -11810
4563 -415 -11886
4564 -399 -11898
4565 -315 -11578
4566 -213 -11658
4567 -209 -11614
4568 -265 -11462
4569 -449 -11422
4570 -497 -11590
4571 -349 -11742
4572 -247 -11758
4573 -141 -11782
4574 -159 -11714
4575 -225 -11774
4576 -361 -11690
4577 -345 -11778
4578 -325 -11826
4579 -193 -11770
4580 -143 -11666
4581 -117 -11586
4582 -327 -11682
4583 -265 -11666
4584 -339 -11694
4585 -281 -11718
4586 -293 -11898
4587 -509 -11886
4588 -451 -11914
4589 -527 -12098
4590 -375 -12110
4591 -389 -12094
4592 -479 -11906
4593 -545 -11770
4594 -513 -11738
4595 -519 -11518
4596 -593 -11762
4597 -499 -11914
4598 -255 -12110
4599 -231 -12130
4600 -319 -11954
4601 -191 -12330
4602 -51 -12062
4603 -19 -12050
4604 -25 -11834
4605 43 -12010
4606 21 -12102
4607 61 -12246
4608 155 -12358
4609 25 -12426
4610 63 -12662
4611 291 -12318
4612 239 -12282
4613 311 -12162
4614 369 -12294
4615 441 -12154
4616 273 -12310
4617 293 -12126
4618 225 -12158
4619 93 -12082
4620 -49 -12098
4621 -29 -12274
4622 65 -12326
4623 217 -12190
4624 231 -12134
4625 187 -11942
4626 297 -12306
4627 259 -12290
4628 311 -12366
4629 315 -12218
4630 263 -12166
4631 421 -12218
4632 393 -12146
4633 379 -11982
4634 215 -11870
4635 217 -11610
4636 281 -11566
4637 119 -11758
4638 213 -11770
4639 209 -11842
4640 75 -11682
4641 17 -11786
4642 -219 -11770
4643 -141 -11826
4644 -257 -11770
4645 -43 -11610
4646 -15 -11750
4647 61 -11766
4648 141 -11950
4649 27 -11730
4650 49 -11738
4651 11 -11718
4652 87 -12066
4653 -27 -12178
4654 -79 -12146
4655 -71 -11930
4656 -423 -11994
4657 -449 -11654
4658 -407 -11642
4659 -337 -11570
4660 -329 -11522
4661 -191 -11910
4662 -81 -11814
4663 -23 -11894
4664 3 -11982
4665 23 -11838
4666 9 -11954
4667 -199 -12210
4668 -347 -12330
4669 -199 -12074
4670 -245 -12202
4671 -369 -11854
4672 -365 -11886
4673 -333 -11550
4674 -249 -11398
4675 -253 -11522
4676 -339 -11666
4677 -119 -11778
4678 -181 -11918
4679 -181 -11306
4680 -181 -11498
4681 -233 -11834
4682 -295 -11698
4683 -353 -11674
4684 -305 -11674
4685 -395 -11670
4686 -567 -11858
4687 -623 -11862
4688 -637 -11466
4689 -795 -11594
4690 -839 -11642
4691 -847 -11746
4692 -911 -11610
4693 -843 -11882
4694 -869 -11658
4695 -903 -11750
4696 -743 -11666
4697 -727 -11766
4698 -655 -11858
4699 -497 -11774
4700 -405 -11810
4701 -383 -11878
4702 -249 -11874
4703 -347 -11950
4704 -307 -11850
4705 -369 -12106
4706 -323 -12022
4707 -261 -11714
4708 -235 -11778
4709 -193 -11986
4710 -13 -11762
4711 -67 -11806
4712 -3 -11486
4713 -3 -11678
4714 9 -11598
4715 -159 -11766
4716 -163 -11798
4717 -3 -11706
4718 -125 -11858
4719 -83 -11818
4720 -17 -11702
4721 201 -11950
4722 25 -11998
4723 -123 -11918
4724 3 -11562
4725 1 -11578
4726 173 -11686
4727 197 -11846
4728 113 -11874
4729 203 -12510
4730 245 -12334
4731 137 -12190
4732 81 -12222
4733 261 -12374
4734 175 -12230
4735 171 -12038
4736 3 -12298
4737 -211 -12166
4738 -175 -11918
4739 -233 -12122
4740 -243 -11986
4741 -153 -11694
4742 -191 -11918
4743 -273 -11838
4744 -375 -11890
4745 -259 -11766
4746 -399 -11926
4747 -673 -11770
4748 -911 -11722
4749 -855 -11550
4750 -731 -11450
4751 -541 -11754
4752 -511 -12026
4753 -615 -12034
4754 -611 -11994
4755 -625 -11694
4756 -647 -11642
4757 -675 -11894
4758 -831 -11714
4759 -897 -11674
4760 -843 -11586
4761 -897 -11558
4762 -855 -11794
4763 -731 -11794
4764 -753 -12010
4765 -669 -11874
4766 -675 -11966
4767 -817 -12150
4768 -773 -12154
4769 -743 -11934
4770 -743 -11834
4771 -713 -11618
4772 -939 -11790
4773 -919 -11866
4774 -1007 -11814
4775 -1021 -11686
4776 -905 -11742
4777 -919 -12122
4778 -837 -12042
4779 -751 -12282
4780 -741 -12282
4781 -679 -12210
4782 -913 -11894
4783 -913 -11754
4784 -935 -11586
4785 -1059 -11914
4786 -1059 -12202
4787 -1051 -12058
4788 -995 -11990
4789 -913 -11994
4790 -1001 -11894
4791 -799 -11974
4792 -965 -11870
4793 -933 -12002
4794 -901 -11682
4795 -779 -11470
4796 -699 -11602
4797 -785 -11730
4798 -907 -11798
4799 -863 -11798
4800 -881 -11706
4801 -843 -11398
4802 -967 -11730
4803 -1075 -12002
4804 -1265 -11934
4805 -1281 -11918
4806 -1345 -12054
4807 -1233 -12026
4808 -1347 -11754
4809 -1189 -11578
4810 -1267 -11918
4811 -1477 -12034
4812 -1335 -12126
4813 -1229 -11782
4814 -1173 -11630
4815 -1033 -12034
4816 -1045 -11986
4817 -889 -11822
4818 -881 -11854
4819 -999 -11834
4820 -1105 -11514
4821 -1143 -11530
4822 -1079 -11654
4823 -935 -11606
4824 -901 -11554
4825 -789 -11486
4826 -813 -11710
4827 -763 -11602
4828 -833 -11506
4829 -523 -11570
4830 -631 -11582
4831 -537 -11606
4832 -627 -11638
4833 -683 -11638
4834 -629 -11426
4835 -579 -11462
4836 -475 -11558
4837 -603 -11826
4838 -503 -11778
4839 -639 -11818
4840 -627 -11614
4841 -983 -11910
4842 -905 -11930
4843 -903 -11810
4844 -809 -12034
4845 -651 -11786
4846 -845 -11778
4847 -933 -12098
4848 -887 -11838
4849 -777 -11898
4850 -1011 -11898
4851 -1191 -11970
4852 -1237 -11706
4853 -1289 -11738
4854 -1131 -11650
4855 -1185 -11610
4856 -1189 -11570
4857 -1567 -11458
4858 -1441 -11502
4859 -1447 -11546
4860 -1359 -11306
4861 -1279 -11122
4862 -1351 -11546
4863 -1345 -11466
4864 -1325 -11450
4865 -1289 -11510
4866 -1313 -11570
4867 -1303 -11566
4868 -1351 -11478
4869 -1411 -11526
4870 -1273 -11434
4871 -1479 -11630
4872 -1475 -11642
4873 -1659 -11658
4874 -1425 -11638
4875 -1329 -11378
4876 -1313 -11446
4877 -1343 -11586
4878 -1527 -11986
4879 -1629 -11738
4880 -1615 -11638
4881 -1607 -11702
4882 -1719 -11470
4883 -1445 -11562
4884 -1541 -11294
4885 -1755 -11582
4886 -1827 -11802
4887 -1723 -11754
4888 -1873 -11686
4889 -1997 -11886
4890 -2131 -11938
4891 -2211 -11942
4892 -2163 -11738
4893 -2075 -11386
4894 -1955 -11494
4895 -1895 -11794
4896 -1859 -11790
4897 -1823 -11918
4898 -1887 -11858
4899 -1739 -11618
4900 -1653 -11826
4901 -1771 -11918
4902 -1907 -11718
4903 -1903 -11714
4904 -1841 -11766
4905 -1971 -11842
4906 -1777 -11946
4907 -1649 -12134
4908 -1681 -12078
4909 -1759 -12054
4910 -1901 -11850
4911 -1885 -11894
4912 -1929 -11874
4913 -1923 -11766
4914 -1875 -11738
4915 -2039 -11850
4916 -2109 -11998
4917 -2205 -11906
4918 -2065 -11798
4919 -1977 -11862
4920 -1903 -11898
4921 -1803 -11814
4922 -1729 -11930
4923 -1685 -11786
4924 -1713 -11962
4925 -1653 -11878
4926 -1689 -11658
4927 -1591 -11666
4928 -1437 -11794
4929 -1383 -12006
4930 -1303 -11986
4931 -1339 -11826
4932 -1231 -12050
4933 -1425 -12334
4934 -1353 -12442
4935 -1431 -12318
4936 -1279 -12310
4937 -1223 -12186
4938 -1235 -12206
4939 -1279 -12214
4940 -1239 -12278
4941 -1153 -12286
4942 -831 -12098
4943 -775 -12042
4944 -737 -12130
4945 -705 -12134
4946 -769 -11962
4947 -809 -12054
4948 -751 -12106
4949 -747 -11874
4950 -837 -11914
4951 -781 -11994
4952 -855 -11850
4953 -1017 -12002
4954 -987 -12234
4955 -809 -12154
4956 -825 -12038
4957 -703 -11822
4958 -545 -11830
4959 -567 -12110
4960 -441 -12078
4961 -411 -12070
4962 -289 -11994
4963 -449 -11822
4964 -413 -12014
4965 -509 -12134
4966 -429 -12034
4967 -399 -12038
4968 -223 -12066
4969 -97 -12214
4970 -175 -12282
4971 -201 -12258
4972 -231 -12250
4973 -191 -11854
4974 -29 -12050
4975 219 -12122
4976 159 -12118
4977 -47 -12002
4978 -263 -11902
4979 -387 -11870
4980 -361 -11610
4981 -429 -11910
4982 -435 -11486
4983 -403 -11750
4984 -361 -11766
4985 -347 -11766
4986 -313 -11390
4987 -237 -11518
4988 -253 -11646
4989 -313 -11714
4990 -369 -11770
4991 -283 -11758
4992 -479 -11614
4993 -631 -11666
4994 -627 -11866
4995 -543 -11954
4996 -417 -12058
4997 -413 -11878
4998 -201 -11734
4999 -231 -12078
5000 -371 -12026
5001 -163 -11982
5002 -119 -12118
5003 -137 -12002
5004 -81 -11758
5005 -45 -11946
5006 235 -11742
5007 265 -11778
5008 279 -12058
5009 179 -12282
5010 69 -12146
5011 295 -12134
5012 283 -11982
5013 173 -11818
5014 159 -11922
5015 265 -11962
5016 149 -11882
5017 257 -12042
5018 271 -11990
5019 51 -11974
5020 49 -11678
5021 199 -11654
5022 253 -11554
5023 163 -11762
5024 215 -11922
5025 147 -12006
5026 67 -12106
5027 191 -11982
5028 247 -11774
5029 1 -11746
5030 -105 -11790
5031 -229 -11926
5032 -269 -11678
5033 -189 -11702
5034 -159 -11938
5035 -223 -11866
5036 -121 -11750
5037 57 -12026
5038 -181 -12090
5039 -145 -12038
5040 -181 -11886
5041 -373 -11850
5042 -425 -11810
5043 -425 -11826
5044 -177 -11690
5045 -379 -11690
5046 -523 -11714
5047 -645 -12342
5048 -623 -12370
5049 -731 -12250
5050 -743 -12662
5051 -857 -12610
5052 -793 -12434
5053 -795 -12206
5054 -627 -12374
5055 -675 -12110
5056 -799 -12190
5057 -795 -12070
5058 -769 -11902
5059 -717 -12098
5060 -645 -11926
5061 -651 -11794
5062 -765 -11882
5063 -799 -11726
5064 -813 -11706
5065 -849 -11398
5066 -949 -11494
5067 -971 -11698
5068 -1001 -12070
5069 -1167 -11862
5070 -1043 -12094
5071 -869 -12050
5072 -761 -12022
5073 -787 -12062
5074 -907 -12094
5075 -907 -12022
5076 -723 -11806
5077 -539 -11770
5078 -431 -11666
5079 -343 -11814
5080 -355 -12006
5081 -339 -11994
5082 -427 -12054
5083 -369 -11914
5084 -333 -12022
5085 -295 -11910
5086 -195 -11806
5087 -183 -11922
5088 -117 -11734
5089 -117 -11846
5090 -277 -12086
5091 -291 -11810
5092 -211 -11806
5093 -213 -11922
5094 -105 -11810
5095 -175 -11682
5096 -223 -11762
5097 -197 -11666
5098 -75 -11934
5099 -187 -11658
5100 -289 -11718
5101 -407 -12158
5102 -467 -12286
5103 -415 -12218
5104 -471 -12226
5105 -539 -11910
5106 -545 -12018
5107 -677 -11906
5108 -725 -12022
5109 -829 -12218
5110 -703 -12218
5111 -611 -12154
5112 -647 -11998
5113 -851 -12054
5114 -755 -11930
5115 -815 -12074
5116 -873 -11950
5117 -1037 -12150
5118 -915 -12294
5119 -991 -12230
5120 -895 -12122
5121 -823 -12282
5122 -813 -12314
5123 -785 -12438
5124 -959 -12142
5125 -837 -12134
5126 -765 -11762
5127 -803 -11930
5128 -791 -12206
5129 -791 -12206
5130 -721 -12058
5131 -661 -11990
5132 -777 -11898
5133 -603 -12022
5134 -591 -12014
5135 -549 -12274
5136 -365 -12130
5137 -313 -12402
5138 -199 -12402
5139 -191 -12142
5140 -113 -12178
5141 -301 -12022
5142 -485 -12186
5143 -661 -12090
5144 -607 -12410
5145 -635 -12250
5146 -617 -12274
5147 -531 -12338
5148 -507 -12390
5149 -565 -12090
5150 -485 -12146
5151 -493 -12210
5152 -599 -12054
5153 -599 -12266
5154 -581 -12438
5155 -627 -12550
5156 -693 -12438
5157 -647 -12050
5158 -889 -12174
5159 -1007 -12158
5160 -873 -12150
5161 -815 -12342
5162 -739 -12290
5163 -803 -12278
5164 -709 -11990
5165 -835 -12058
5166 -781 -11938
5167 -831 -11870
5168 -909 -11718
5169 -757 -11602
5170 -899 -11514
5171 -741 -11678
5172 -727 -11894
5173 -637 -11874
5174 -721 -11874
5175 -731 -12134
5176 -643 -12230
5177 -467 -12266
5178 -499 -12238
5179 -657 -12302
5180 -625 -12070
5181 -559 -11982
5182 -543 -12034
5183 -461 -11750
5184 -541 -11902
5185 -363 -11814
5186 -523 -11946
5187 -427 -12074
5188 -367 -11930
5189 -561 -12062
5190 -483 -12094
5191 -555 -12010
5192 -719 -12086
5193 -681 -12214
5194 -603 -12138
5195 -497 -12318
5196 -661 -11930
5197 -675 -12206
5198 -791 -12122
5199 -815 -12162
5200 -827 -12298
5201 -905 -12374
5202 -861 -11990
5203 -873 -11606
5204 -1023 -12034
5205 -1205 -11830
5206 -1197 -12218
5207 -1239 -12218
5208 -1077 -12066
5209 -1071 -11962
5210 -931 -11770
5211 -949 -11998
5212 -895 -11974
5213 -681 -12262
5214 -639 -11946
5215 -629 -11682
5216 -643 -11710
5217 -733 -11642
5218 -687 -11990
5219 -811 -12054
5220 -971 -11978
5221 -1047 -12166
5222 -955 -11886
5223 -899 -11746
5224 -757 -11934
5225 -777 -11658
5226 -689 -11542
5227 -563 -11750
5228 -711 -11914
5229 -701 -11774
5230 -611 -11630
5231 -669 -11566
5232 -535 -11786
5233 -481 -11678
5234 -505 -11606
5235 -405 -11838
5236 -275 -11758
5237 -243 -11638
5238 -445 -11818
5239 -189 -11818
5240 -197 -11950
5241 -181 -11918
5242 -265 -11902
5243 -219 -11718
5244 -201 -11774
5245 -313 -11662
5246 -649 -11582
5247 -633 -11778
5248 -567 -11506
5249 -625 -11550
5250 -637 -11466
5251 -579 -11190
5252 -583 -11318
5253 -597 -11458
5254 -707 -11626
5255 -729 -11482
5256 -889 -11518
5257 -861 -11630
5258 -979 -11658
5259 -991 -11618
5260 -975 -11466
5261 -967 -11838
5262 -895 -11550
5263 -995 -11278
5264 -849 -11182
5265 -871 -11266
5266 -827 -11306
5267 -661 -11158
5268 -695 -11290
5269 -829 -11406
5270 -863 -11686
5271 -873 -11714
5272 -901 -11806
5273 -937 -11494
5274 -1023 -11574
5275 -1121 -11754
5276 -1005 -11510
5277 -1019 -11386
5278 -1081 -11578
5279 -1253 -11882
5280 -1305 -12278
5281 -1435 -12322
5282 -1499 -12218
5283 -1511 -12174
5284 -1449 -11910
5285 -1583 -11942
5286 -1477 -11870
5287 -1521 -11946
5288 -1631 -11926
5289 -1645 -11706
5290 -1699 -11802
5291 -1577 -11930
5292 -1819 -12182
5293 -1733 -12026
5294 -1783 -11898
5295 -1629 -12058
5296 -1691 -11986
5297 -1657 -12450
5298 -1579 -12290
5299 -1515 -11922
5300 -1609 -11842
5301 -1623 -11998
5302 -1737 -11806
5303 -1773 -11850
5304 -1791 -11750
5305 -2021 -11994
5306 -2087 -12122
5307 -2229 -11982
5308 -2235 -12254
5309 -2109 -12394
5310 -1959 -12054
5311 -1939 -12010
5312 -1943 -12034
5313 -1811 -12014
5314 -1857 -12034
5315 -1903 -12178
5316 -1821 -11766
5317 -1881 -11594
5318 -1851 -11738
5319 -2037 -11602
5320 -2205 -12062
5321 -2235 -12006
5322 -2231 -11950
5323 -2043 -11970
5324 -1977 -11842
5325 -1923 -12246
5326 -1927 -12330
5327 -2073 -12266
5328 -2051 -12202
5329 -2111 -12510
5330 -2259 -12750
5331 -2253 -12718
5332 -2091 -12290
5333 -1963 -12302
5334 -2075 -12170
5335 -2251 -12194
5336 -2337 -12302
5337 -2457 -12034
5338 -2463 -12158
5339 -2567 -12218
5340 -2547 -12398
5341 -2565 -12198
5342 -2421 -12018
5343 -2183 -11970
5344 -2197 -11874
5345 -2249 -11846
5346 -2411 -11778
5347 -2475 -11682
5348 -2493 -11842
5349 -2613 -12058
5350 -2589 -11874
5351 -2487 -12182
5352 -2399 -12022
5353 -2303 -11830
5354 -2425 -11866
5355 -2461 -11938
5356 -2273 -12006
5357 -2437 -12078
5358 -2477 -11966
5359 -2523 -12246
5360 -2493 -12218
5361 -2495 -12070
5362 -2441 -12158
5363 -2363 -12086
5364 -2147 -12102
5365 -2107 -11946
5366 -2141 -11870
5367 -2195 -11886
5368 -2225 -12038
5369 -2265 -12154
5370 -2295 -12110
5371 -2389 -12014
5372 -2321 -12034
5373 -2355 -11926
5374 -2359 -12038
5375 -2443 -12094
5376 -2235 -12230
5377 -2227 -12142
5378 -2173 -11982
5379 -2151 -11718
5380 -2229 -11674
5381 -2091 -11738
5382 -2157 -11618
5383 -2077 -11406
5384 -1993 -11602
5385 -1807 -11310
5386 -1735 -11222
5387 -1691 -11450
5388 -1869 -11466
5389 -1771 -11298
5390 -1769 -11214
5391 -1791 -11194
5392 -1771 -11346
5393 -1577 -11226
5394 -1727 -11478
5395 -1835 -11454
5396 -1947 -11558
5397 -1827 -11350
5398 -1993 -11466
5399 -1991 -11602
5400 -2035 -11782
5401 -2003 -11798
5402 -2155 -11570
5403 -2151 -11474
5404 -2109 -11730
5405 -2153 -11754
5406 -2141 -11782
5407 -2111 -11582
5408 -2263 -11574
5409 -2189 -11762
5410 -2111 -11902
5411 -2069 -12166
5412 -2255 -11934
5413 -2241 -11946
5414 -2331 -11998
5415 -2253 -12282
5416 -2331 -12274
5417 -2261 -12150
5418 -2255 -12054
5419 -2197 -12030
5420 -2163 -12078
5421 -2217 -12294
5422 -2185 -12474
5423 -2319 -12286
5424 -2235 -12238
5425 -2071 -11898
5426 -2055 -11946
5427 -2203 -12070
5428 -2025 -11974
5429 -2005 -12138
5430 -2011 -12002
5431 -2137 -11730
5432 -2077 -11798
5433 -2243 -11758
5434 -2151 -11866
5435 -2281 -12010
5436 -2387 -12106
5437 -2549 -12026
5438 -2515 -11918
5439 -2337 -12086
5440 -2335 -12170
5441 -2287 -11854
5442 -2499 -12042
5443 -2507 -12110
5444 -2459 -12074
5445 -2531 -11898
5446 -2743 -12118
5447 -2843 -12098
5448 -2725 -12122
5449 -2565 -12282
5450 -2647 -12374
5451 -2371 -12214
5452 -2245 -12050
5453 -2303 -12114
5454 -2321 -11990
5455 -2277 -12022
5456 -2237 -11858
5457 -2411 -11918
5458 -2653 -12010
5459 -2485 -12078
5460 -2223 -11974
5461 -2055 -11826
5462 -2037 -11774
5463 -2099 -11658
5464 -2175 -11646
5465 -2203 -11942
5466 -2125 -12030
5467 -2251 -12262
5468 -2201 -12298
5469 -2179 -12178
5470 -2027 -12234
5471 -2051 -12070
5472 -2119 -12002
5473 -2001 -12062
5474 -1949 -12062
5475 -1869 -11818
5476 -1741 -11906
5477 -1665 -11946
5478 -1757 -11970
5479 -1813 -11882
5480 -1771 -11582
5481 -1749 -11770
5482 -1731 -11826
5483 -1607 -11862
5484 -1627 -12146
5485 -1579 -11958
5486 -1599 -12010
5487 -1539 -12102
5488 -1717 -12122
5489 -1721 -12062
5490 -1823 -11978
5491 -1907 -11886
5492 -1877 -11918
5493 -1717 -11790
5494 -1655 -11882
5495 -1731 -11978
5496 -1663 -11794
5497 -1629 -11582
5498 -1771 -11654
5499 -1835 -11430
5500 -1837 -11338
5501 -1709 -11334
5502 -1697 -11582
5503 -1745 -11814
5504 -1771 -11814
5505 -1695 -11894
5506 -1807 -12038
5507 -1949 -12082
5508 -2045 -12222
5509 -2191 -12418
5510 -2127 -12114
5511 -2041 -12014
5512 -2187 -11978
5513 -2273 -12222
5514 -2409 -12310
5515 -2191 -12154
5516 -2153 -12262
5517 -2117 -12174
5518 -2195 -12274
5519 -2251 -12142
5520 -2383 -12094
5521 -2307 -12074
5522 -2317 -12222
5523 -2157 -11934
5524 -2139 -11950
5525 -2237 -11858
5526 -2287 -11926
5527 -2361 -11838
5528 -2349 -11710
5529 -2647 -11742
5530 -2373 -11746
5531 -2361 -11726
5532 -2305 -11902
5533 -2323 -11954
5534 -2343 -12254
5535 -2173 -12186
5536 -2109 -11982
5537 -2177 -12042
5538 -2253 -11934
5539 -2291 -11882
5540 -2339 -11994
5541 -2399 -11998
5542 -2397 -12150
5543 -2355 -12242
5544 -2443 -12038
5545 -2371 -12098
5546 -2563 -12066
5547 -2337 -12186
5548 -2297 -12090
5549 -2409 -12210
5550 -2505 -12346
5551 -2641 -12370
5552 -2501 -12126
5553 -2735 -12054
5554 -2697 -12210
5555 -2579 -12354
5556 -2467 -12334
5557 -2407 -12214
5558 -2327 -12066
5559 -2473 -12002
5560 -2567 -12158
5561 -2591 -12182
5562 -2257 -12070
5563 -2309 -12150
5564 -2453 -12474
5565 -2363 -12286
5566 -2433 -12162
5567 -2281 -11790
5568 -2481 -11750
5569 -2525 -11718
5570 -2629 -11958
5571 -2543 -12118
5572 -2717 -12402
5573 -2821 -12478
5574 -2651 -12438
5575 -2677 -12054
5576 -2671 -12098
5577 -2805 -12030
5578 -2749 -12118
5579 -2923 -12050
5580 -2821 -12154
5581 -2845 -12318
5582 -2889 -12086
5583 -2947 -12106
5584 -3061 -12242
5585 -3133 -12290
5586 -3115 -12378
5587 -3043 -12374
5588 -3035 -12262
5589 -2847 -12114
5590 -2675 -12102
5591 -2703 -12154
5592 -2641 -12298
5593 -2525 -12006
5594 -2687 -12150
5595 -2435 -12142
5596 -2285 -12066
5597 -2281 -11930
5598 -2121 -11942
5599 -2259 -11986
5600 -2255 -11822
5601 -2141 -12198
5602 -2077 -12206
5603 -1999 -11878
5604 -2001 -12026
5605 -1725 -12126
5606 -1863 -11914
5607 -1695 -12146
5608 -1691 -12158
5609 -1731 -12118
5610 -1673 -12370
5611 -1767 -12550
5612 -1575 -12714
5613 -1641 -12554
5614 -1605 -12282
5615 -1445 -12298
5616 -1435 -12286
5617 -1383 -12414
5618 -1307 -12426
5619 -1231 -12654
5620 -1203 -12618
5621 -1257 -12130
5622 -1211 -12014
5623 -1103 -12046
5624 -1149 -12382
5625 -1131 -12418
5626 -1319 -12418
5627 -1469 -12282
5628 -1569 -12338
5629 -1433 -12134
5630 -1529 -12018
5631 -1445 -11858
5632 -1335 -11958
5633 -1305 -12070
5634 -1357 -11886
5635 -1347 -12158
5636 -1415 -11898
5637 -1471 -12178
5638 -1497 -12090
5639 -1529 -12298
5640 -1409 -12210
5641 -1395 -12182
5642 -1529 -12010
5643 -1637 -12026
5644 -1489 -12286
5645 -1539 -11998
5646 -1395 -12030
5647 -1487 -12034
5648 -1467 -12306
5649 -1301 -12182
5650 -1329 -12050
5651 -1349 -12118
5652 -1299 -12086
5653 -1163 -11910
5654 -1307 -11866
5655 -1421 -11774
5656 -1471 -11762
5657 -1627 -11654
5658 -1487 -11854
5659 -1337 -11778
5660 -1277 -11770
5661 -1553 -11606
5662 -1601 -11698
5663 -1517 -11638
5664 -1539 -11494
5665 -1669 -11878
5666 -1513 -11690
5667 -1513 -11826
5668 -1557 -11694
5669 -1447 -11646
5670 -1391 -11710
5671 -1533 -11834
5672 -1519 -11866
5673 -1631 -11798
5674 -1757 -11834
5675 -1731 -11562
5676 -1893 -11730
5677 -1957 -11734
5678 -2141 -11950
5679 -1957 -11802
5680 -1989 -11914
5681 -1867 -11870
5682 -1887 -11938
5683 -2089 -12082
5684 -1993 -11982
5685 -1741 -11958
5686 -1595 -11754
5687 -1671 -11790
5688 -1697 -11722
5689 -1515 -11722
5690 -1475 -11654
5691 -1321 -11814
5692 -1349 -11922
5693 -1379 -12086
5694 -1539 -11902
5695 -1433 -12074
5696 -1277 -11958
5697 -1219 -12042
5698 -1225 -12242
5699 -1175 -12022
5700 -1319 -11910
5701 -1295 -11938
5702 -1263 -11926
5703 -1277 -11898
5704 -1155 -11890
5705 -1059 -11914
5706 -1061 -11762
5707 -919 -11586
5708 -927 -11850
5709 -879 -12086
5710 -869 -12006
5711 -839 -11942
5712 -1043 -11958
5713 -1103 -12062
5714 -1121 -12014
5715 -1169 -12150
5716 -1257 -12138
5717 -1275 -12118
5718 -1309 -11854
5719 -1213 -11822
5720 -1387 -11778
5721 -1379 -12022
5722 -1205 -11990
5723 -1029 -12014
5724 -955 -11998
5725 -943 -11930
5726 -1039 -11910
5727 -1171 -11806
5728 -1083 -11650
5729 -985 -11646
5730 -1023 -11774
5731 -871 -11866
5732 -841 -11674
5733 -639 -11746
5734 -549 -11662
5735 -675 -11806
5736 -609 -11498
5737 -683 -11854
5738 -623 -11750
5739 -657 -11854
5740 -727 -11726
5741 -857 -11858
5742 -853 -11962
5743 -681 -11714
5744 -827 -11426
5745 -927 -11578
5746 -935 -11802
5747 -1007 -11802
5748 -1015 -11806
5749 -1045 -11790
5750 -917 -11886
5751 -893 -11814
5752 -901 -12006
5753 -965 -11798
5754 -907 -11958
5755 -905 -11910
5756 -901 -11894
5757 -997 -11878
5758 -1069 -11790
5759 -963 -11726
5760 -887 -11522
5761 -901 -11534
5762 -859 -11582
5763 -915 -11634
5764 -1017 -11818
5765 -1031 -11942
5766 -1045 -11742
5767 -991 -11730
5768 -971 -11898
5769 -1027 -11898
5770 -1135 -12106
5771 -1067 -12058
5772 -1163 -11846
5773 -1141 -11918
5774 -1031 -11886
5775 -1155 -11898
5776 -1307 -11938
5777 -1213 -12266
5778 -1201 -12314
5779 -1171 -12294
5780 -1255 -11958
5781 -1163 -12138
5782 -1145 -12306
5783 -1177 -12322
5784 -1015 -12098
5785 -1167 -12266
5786 -1151 -12310
5787 -1297 -12550
5788 -1239 -12478
5789 -1083 -12406
5790 -1021 -12226
5791 -827 -12086
5792 -835 -12082
5793 -793 -11982
5794 -835 -11910
5795 -817 -11786
5796 -959 -11886
5797 -949 -12198
5798 -909 -12094
5799 -1001 -12174
5800 -1051 -12146
5801 -961 -12026
5802 -903 -11818
5803 -873 -11678
5804 -1057 -12046
5805 -1101 -12250
5806 -1167 -12338
5807 -1151 -11762
5808 -1259 -11678
5809 -1161 -11794
5810 -1209 -11578
5811 -1203 -11806
5812 -1127 -12062
5813 -1151 -12030
5814 -1257 -11954
5815 -1405 -11938
5816 -1279 -11906
5817 -1315 -12034
5818 -1227 -12106
5819 -1423 -11990
5820 -1397 -12278
5821 -1409 -12146
5822 -1363 -12078
5823 -1365 -12170
5824 -1329 -12050
5825 -1151 -12102
5826 -1145 -11998
5827 -1377 -12214
5828 -1239 -11846
5829 -1377 -12150
5830 -1343 -12078
5831 -1381 -12106
5832 -1267 -11962
5833 -1087 -11986
5834 -951 -11930
5835 -915 -11806
5836 -711 -11986
5837 -645 -11870
5838 -519 -11718
5839 -465 -12066
5840 -489 -12230
5841 -561 -12254
5842 -413 -11926
5843 -463 -11818
5844 -387 -11854
5845 -373 -11978
5846 -303 -11842
5847 -275 -11614
5848 -303 -11486
5849 -265 -11630
5850 -129 -11738
5851 -251 -12046
5852 -267 -12138
5853 -253 -11982
5854 -207 -11950
5855 -253 -12050
5856 -125 -11910
5857 -289 -12054
5858 -295 -11782
5859 -363 -11814
5860 -297 -11730
5861 -117 -11574
5862 -35 -11918
5863 -25 -11886
5864 -145 -11890
5865 -1 -11666
5866 -29 -11898
5867 125 -11938
5868 179 -11610
5869 159 -11650
5870 221 -11606
5871 57 -11854
5872 31 -11802
5873 53 -11974
5874 11 -11962
5875 -73 -11818
5876 -75 -11874
5877 -167 -11942
5878 -303 -11978
5879 -339 -11978
5880 -527 -11870
5881 -605 -12010
5882 -567 -12226
5883 -551 -12022
5884 -399 -11838
5885 -357 -12062
5886 -375 -12030
5887 -441 -12042
5888 -475 -11894
5889 -629 -11902
5890 -579 -11922
5891 -597 -12106
5892 -593 -12054
5893 -531 -11786
5894 -497 -11950
5895 -427 -11970
5896 -407 -11910
5897 -455 -11914
5898 -581 -11834
5899 -471 -12090
5900 -573 -11966
5901 -635 -11854
5902 -691 -11722
5903 -709 -11970
5904 -535 -12146
5905 -357 -11882
5906 -467 -11814
5907 -385 -11814
5908 -259 -11654
5909 -127 -11798
5910 29 -11822
5911 -89 -11690
5912 -67 -11670
5913 -243 -11246
5914 -205 -11274
5915 -137 -11214
5916 -181 -11398
5917 -483 -11538
5918 -621 -11418
5919 -625 -11618
5920 -697 -11494
5921 -751 -11450
5922 -375 -11354
5923 -239 -11490
5924 -71 -11414
5925 -7 -11610
5926 -49 -11670
5927 -87 -11394
5928 -149 -11562
5929 69 -11726
5930 75 -11738
5931 189 -11750
5932 233 -11626
5933 227 -11462
5934 293 -11286
5935 329 -11470
5936 287 -11574
5937 83 -11562
5938 101 -11418
5939 -51 -11758
5940 -41 -11562
5941 -157 -11566
5942 -259 -11622
5943 -139 -11422
5944 -253 -11494
5945 -195 -11374
5946 -61 -11330
5947 -13 -11594
5948 109 -11706
5949 273 -11582
5950 397 -11578
5951 433 -11790
5952 473 -11774
5953 581 -11898
5954 585 -11626
5955 489 -11890
5956 559 -11690
5957 683 -11630
5958 637 -11814
5959 569 -11410
5960 495 -11902
5961 377 -11626
5962 403 -11842
5963 621 -11654
5964 419 -11730
5965 481 -11562
5966 697 -11610
5967 753 -11762
5968 539 -11550
5969 359 -11698
5970 69 -12030
5971 47 -12082
5972 -63 -11994
5973 -141 -12050
5974 -171 -12066
5975 -199 -12026
5976 -197 -11990
5977 -193 -12134
5978 -67 -11902
5979 3 -11950
5980 -125 -11806
5981 -273 -11898
5982 -147 -12042
5983 -209 -11954
5984 -157 -11934
5985 -539 -11846
5986 -487 -12070
5987 -411 -11902
5988 -315 -12054
5989 -313 -11874
5990 -405 -11686
5991 -341 -11802
5992 -311 -11958
5993 -263 -12030
5994 -55 -11866
5995 11 -11462
5996 179 -11570
5997 29 -11162
5998 31 -11054
5999 -213 -10918
6000 -29 -11322
6001 21 -11530
6002 -189 -11746
6003 -239 -11802
6004 -203 -11790
6005 -161 -11550
6006 -131 -11666
6007 -117 -11874
6008 -29 -11738
6009 7 -11718
6010 -67 -11958
6011 59 -11662
6012 -49 -12002
6013 17 -11810
6014 -53 -11902
6015 -185 -11986
6016 -1 -11886
6017 73 -11682
6018 13 -11710
6019 47 -12050
6020 155 -11958
6021 9 -11946
6022 147 -11930
6023 177 -11954
6024 167 -11970
6025 49 -11974
6026 147 -11938
6027 135 -11994
6028 39 -11886
6029 -117 -12150
6030 -173 -12310
6031 -215 -12094
6032 -137 -12002
6033 -153 -12058
6034 39 -12066
6035 307 -12174
6036 327 -12118
6037 343 -12002
6038 513 -12130
6039 513 -11870
6040 469 -11922
6041 493 -11810
6042 467 -12146
6043 549 -12102
6044 339 -11958
6045 335 -11810
6046 297 -12094
6047 375 -11946
6048 331 -12042
6049 231 -12086
6050 355 -11634
6051 359 -11582
6052 455 -11682
6053 507 -11642
6054 449 -11822
6055 577 -11778
6056 519 -11666
6057 617 -11954
6058 681 -11974
6059 415 -11746
6060 431 -11782
6061 419 -11366
6062 129 -11382
6063 115 -11618
6064 209 -11990
6065 331 -11806
6066 109 -11754
6067 245 -11570
6068 291 -11610
6069 149 -11658
6070 123 -11730
6071 25 -11838
6072 101 -12098
6073 321 -12090
6074 435 -12034
6075 351 -12010
6076 397 -12242
6077 283 -12150
6078 181 -12118
6079 77 -11898
6080 221 -12182
6081 101 -11854
6082 -25 -11966
6083 -67 -12022
6084 13 -11934
6085 -39 -12098
6086 -11 -11886
6087 -165 -12086
6088 -1 -12106
6089 35 -12170
6090 119 -12310
6091 191 -11902
6092 65 -11978
6093 113 -11938
6094 101 -11902
6095 55 -11898
6096 207 -11750
6097 381 -11782
6098 425 -12074
6099 373 -11974
6100 307 -12058
6101 347 -12006
6102 271 -11894
6103 303 -11666
6104 265 -11830
6105 207 -11854
6106 173 -11554
6107 317 -11998
6108 417 -11750
6109 305 -11710
6110 177 -12066
6111 273 -11874
6112 255 -11762
6113 231 -11850
6114 161 -12058
6115 9 -11906
6116 -137 -12246
6117 -191 -12078
6118 -305 -12326
6119 -321 -12146
6120 -143 -12142
6121 -149 -12026
6122 -331 -12082
6123 -413 -12194
6124 -391 -12082
6125 -431 -11930
6126 -425 -12134
6127 -335 -11998
6128 -417 -11990
6129 -325 -11922
6130 -573 -11998
6131 -719 -12182
6132 -723 -12326
6133 -517 -12122
6134 -323 -12094
6135 -317 -12094
6136 -417 -12194
6137 -381 -12126
6138 -573 -12202
6139 -631 -12122
6140 -547 -11894
6141 -643 -11982
6142 -577 -12098
6143 -621 -12002
6144 -437 -11806
6145 -615 -11626
6146 -463 -11674
6147 -327 -11618
6148 -407 -11990
6149 -609 -11990
6150 -491 -11994
6151 -609 -11966
6152 -499 -12178
6153 -483 -12194
6154 -255 -12162
6155 -325 -12134
6156 -443 -12170
6157 -503 -11958
6158 -371 -11934
6159 -505 -12046
6160 -361 -12018
6161 -227 -12054
6162 -61 -11806
6163 -133 -11702
6164 -175 -11754
6165 -21 -11790
6166 -227 -11574
6167 -239 -11614
6168 -237 -11526
6169 -59 -11790
6170 -133 -11902
6171 19 -12106
6172 247 -11902
6173 365 -11558
6174 273 -11594
6175 119 -11666
6176 185 -11418
6177 69 -11306
6178 37 -11310
6179 -19 -11410
6180 19 -11538
6181 47 -11694
6182 141 -12034
6183 135 -11754
6184 147 -11794
6185 159 -11754
6186 21 -11766
6187 -147 -11686
6188 -303 -11742
6189 -325 -11594
6190 -301 -11718
6191 -351 -11870
6192 -411 -12090
6193 -409 -12202
6194 -395 -11722
6195 -611 -11714
6196 -625 -11666
6197 -647 -11594
6198 -745 -11850
6199 -735 -11590
6200 -835 -11886
6201 -999 -11710
6202 -939 -11782
6203 -751 -11650
6204 -933 -11746
6205 -909 -11894
6206 -821 -11906
6207 -883 -12050
6208 -787 -11938
6209 -873 -12126
6210 -883 -12198
6211 -947 -12050
6212 -871 -12090
6213 -929 -11842
6214 -935 -11778
6215 -851 -11858
6216 -993 -12094
6217 -883 -12042
6218 -1027 -12146
6219 -887 -12166
6220 -899 -12174
6221 -977 -11778
6222 -767 -11862
6223 -759 -11922
6224 -785 -11874
6225 -761 -11918
6226 -689 -11794
6227 -559 -11654
6228 -717 -11726
6229 -731 -11918
6230 -749 -11922
6231 -723 -11650
6232 -757 -11518
6233 -647 -11394
6234 -695 -11646
6235 -703 -11370
6236 -637 -11290
6237 -667 -11410
6238 -751 -11634
6239 -715 -11730
6240 -885 -11862
6241 -1063 -11962
6242 -963 -11710
6243 -877 -11442
6244 -919 -11430
6245 -851 -11798
6246 -989 -11746
6247 -999 -11702
6248 -1151 -11442
6249 -1231 -11806
6250 -1199 -11650
6251 -1211 -11570
6252 -1307 -11614
6253 -1293 -11650
6254 -1201 -11586
6255 -1245 -11766
6256 -1315 -11986
6257 -1563 -11914
6258 -1559 -11962
6259 -1663 -11874
6260 -1529 -11998
6261 -1657 -11978
6262 -1751 -11950
6263 -1687 -11890
6264 -1801 -11898
6265 -1877 -11858
6266 -1947 -11866
6267 -1983 -12058
6268 -1997 -11558
6269 -2121 -11858
6270 -2107 -11618
6271 -1993 -11546
6272 -1949 -11590
6273 -2041 -11418
6274 -1921 -11390
6275 -1783 -11390
6276 -1867 -11542
6277 -1759 -11618
6278 -1749 -11682
6279 -1681 -11590
6280 -1647 -11750
6281 -1597 -11450
6282 -1477 -11634
6283 -1493 -11574
6284 -1371 -11790
6285 -1219 -11522
6286 -1345 -11554
6287 -1577 -11870
6288 -1547 -11834
6289 -1461 -11634
6290 -1499 -11694
6291 -1479 -11538
6292 -1323 -11746
6293 -1211 -11706
6294 -997 -11478
6295 -989 -11542
6296 -1079 -11590
6297 -1011 -11934
6298 -1013 -12170
6299 -849 -12002
6300 -871 -11934
6301 -799 -11826
6302 -885 -11670
6303 -969 -11850
6304 -1173 -11550
6305 -1313 -11454
6306 -1327 -11658
6307 -1163 -11734
6308 -1223 -11802
6309 -1219 -11718
6310 -1079 -11582
6311 -1107 -11690
6312 -1059 -11686
6313 -1149 -11854
6314 -1173 -11898
6315 -1095 -11622
6316 -925 -11546
6317 -921 -11346
6318 -851 -11586
6319 -773 -11934
6320 -825 -12134
6321 -741 -12078
6322 -867 -12110
6323 -821 -11922
6324 -751 -11866
6325 -841 -11810
6326 -817 -11738
6327 -909 -11994
6328 -841 -12070
6329 -691 -11882
6330 -557 -11686
6331 -527 -12030
6332 -459 -12454
6333 -419 -12150
6334 -429 -11990
6335 -303 -12190
6336 -229 -12218
6337 -351 -12130
6338 -355 -11982
6339 -341 -12050
6340 -555 -11998
6341 -557 -11874
6342 -463 -11890
6343 -399 -11814
6344 -333 -11830
6345 -319 -12178
6346 -469 -11678
6347 -277 -11674
6348 -385 -11810
6349 -337 -11750
6350 -325 -11686
6351 -209 -11902
6352 -311 -11966
6353 -361 -11798
6354 -225 -11662
6355 -171 -11582
6356 -181 -11722
6357 -233 -11954
6358 -235 -11882
6359 -367 -11934
6360 -535 -11838
6361 -493 -11758
6362 -557 -12122
6363 -407 -11990
6364 -523 -12134
6365 -523 -12126
6366 -549 -12030
6367 -515 -12226
6368 -673 -12330
6369 -503 -12458
6370 -577 -12510
6371 -597 -12134
6372 -573 -11826
6373 -385 -11954
6374 -289 -11922
6375 -259 -12090
6376 -259 -12218
6377 -395 -12258
6378 -365 -11978
6379 -331 -11806
6380 -427 -11678
6381 -333 -11978
6382 -275 -12114
6383 -321 -12250
6384 -405 -12486
6385 -265 -12438
6386 -155 -12102
6387 -157 -12310
6388 -173 -12230
6389 -141 -12066
6390 -179 -12210
6391 -265 -12102
6392 -117 -12354
6393 -113 -12246
6394 -271 -12182
6395 -47 -12454
6396 45 -12266
6397 73 -12258
6398 243 -12254
6399 361 -12198
6400 391 -12302
6401 251 -12478
6402 329 -12486
6403 411 -12406
6404 261 -11974
6405 143 -12130
6406 125 -11862
6407 -23 -11902
6408 127 -11910
6409 33 -12278
6410 205 -11994
6411 371 -11974
6412 403 -11922
6413 433 -12094
6414 709 -11962
6415 703 -12102
6416 693 -12182
6417 809 -12190
6418 857 -12042
6419 903 -11822
6420 887 -11906
6421 881 -11830
6422 743 -11854
6423 865 -11894
6424 757 -11802
6425 683 -11794
6426 603 -11766
6427 663 -11706
6428 599 -11506
6429 585 -11562
6430 463 -11762
6431 485 -11942
6432 377 -11950
6433 263 -11930
6434 343 -11838
6435 511 -12106
6436 599 -12006
6437 615 -12090
6438 567 -11982
6439 747 -11942
6440 817 -11754
6441 673 -11658
6442 595 -11718
6443 685 -11634
6444 643 -11802
6445 889 -11886
6446 707 -11778
6447 651 -12182
6448 779 -12350
6449 825 -12434
6450 803 -12450
6451 745 -11986
6452 937 -12010
6453 1043 -11882
6454 833 -11758
6455 667 -11730
6456 511 -11526
6457 401 -11658
6458 303 -11702
6459 353 -11866
6460 213 -11762
6461 211 -11662
6462 221 -11718
6463 75 -11454
6464 263 -11478
6465 355 -11538
6466 423 -11458
6467 369 -11574
6468 397 -11674
6469 503 -11934
6470 523 -11634
6471 559 -11582
6472 575 -11722
6473 535 -11862
6474 393 -11574
6475 381 -11566
6476 275 -11514
6477 153 -11402
6478 171 -11358
6479 251 -11286
6480 345 -11302
6481 245 -11574
6482 135 -11538
6483 49 -11722
6484 75 -11710
6485 81 -11722
6486 85 -11934
6487 79 -12074
6488 197 -12130
6489 225 -12230
6490 219 -12106
6491 235 -12190
6492 85 -12346
6493 151 -11946
6494 223 -12122
6495 215 -11954
6496 205 -11846
6497 179 -11906
6498 -37 -11890
6499 -191 -11786
6500 73 -12010
6501 -19 -11922
6502 -239 -11974
6503 -61 -11934
6504 -141 -11990
6505 -125 -12074
6506 -285 -11866
6507 -241 -12218
6508 -175 -11930
6509 -159 -12306
6510 -143 -12342
6511 -201 -12138
6512 -229 -12010
6513 -245 -11946
6514 -249 -11914
6515 -229 -12150
6516 -343 -11834
6517 -203 -12010
6518 -255 -11650
6519 -221 -11710
6520 -179 -11790
6521 -297 -11962
6522 -471 -12046
6523 -463 -11870
6524 -507 -11982
6525 -561 -11746
6526 -695 -11902
6527 -763 -11742
6528 -791 -11894
6529 -795 -11658
6530 -923 -11922
6531 -829 -11854
6532 -893 -11734
6533 -751 -11894
6534 -875 -11734
6535 -1071 -11766
6536 -1053 -11946
6537 -1013 -12062
6538 -1189 -11778
6539 -1203 -11814
6540 -1151 -11878
6541 -1211 -12154
6542 -1169 -11982
6543 -1345 -12194
6544 -1347 -11986
6545 -1447 -12158
6546 -1655 -12210
6547 -1681 -11842
6548 -1743 -11802
6549 -1605 -11894
6550 -1449 -11810
6551 -1307 -12382
6552 -1301 -12058
6553 -1305 -12202
6554 -1455 -12138
6555 -1399 -12090
6556 -1383 -12186
6557 -1461 -12286
6558 -1433 -12222
6559 -1315 -12090
6560 -1351 -12070
6561 -1353 -12122
6562 -1363 -12310
6563 -1367 -11978
6564 -1477 -11982
6565 -1343 -11918
6566 -1209 -12178
6567 -1201 -12046
6568 -1223 -12210
6569 -1073 -12110
6570 -1143 -11986
6571 -981 -11830
6572 -907 -11822
6573 -1141 -11618
6574 -1325 -11610
6575 -1383 -11730
6576 -1413 -11786
6577 -1225 -11754
6578 -1299 -11574
6579 -1227 -11730
6580 -1081 -11706
6581 -1179 -12118
6582 -1071 -12110
6583 -975 -11922
6584 -1099 -11874
6585 -1151 -11726
6586 -1141 -11758
6587 -1045 -11986
6588 -1089 -12166
6589 -1177 -12286
6590 -1275 -12394
6591 -1171 -12294
6592 -1295 -12166
6593 -1449 -12138
6594 -1437 -12310
6595 -1585 -12226
6596 -1481 -11910
6597 -1741 -11882
6598 -1607 -12122
6599 -1719 -12254
6600 -1695 -12182
6601 -1613 -12050
6602 -1563 -12046
6603 -1467 -11898
6604 -1509 -11890
6605 -1493 -11858
6606 -1499 -12282
6607 -1581 -12306
6608 -1529 -12086
6609 -1393 -11874
6610 -1391 -12206
6611 -1535 -12186
6612 -1601 -12398
6613 -1571 -12182
6614 -1479 -12106
6615 -1597 -12462
6616 -1655 -12262
6617 -1655 -12154
6618 -1631 -12142
6619 -1601 -12082
6620 -1743 -12030
6621 -1823 -12102
6622 -1917 -12254
6623 -1947 -12314
6624 -1999 -12338
6625 -2061 -12326
6626 -2059 -12198
6627 -2111 -12362
6628 -2133 -12478
6629 -2107 -12386
6630 -2051 -12262
6631 -2239 -12374
6632 -2213 -11958
6633 -2059 -11846
6634 -2097 -11798
6635 -2135 -11914
6636 -2199 -12022
6637 -2223 -12242
6638 -2245 -12078
6639 -2183 -12054
6640 -2197 -12266
6641 -2293 -12358
6642 -2315 -12154
6643 -2387 -12098
6644 -2287 -11886
6645 -2273 -11882
6646 -2347 -12298
6647 -2239 -12430
6648 -2169 -12326
6649 -2175 -12218
6650 -2105 -12110
6651 -1955 -11906
6652 -1971 -11722
6653 -1821 -11922
6654 -1929 -12094
6655 -1791 -12030
6656 -1731 -12098
6657 -1655 -12010
6658 -1669 -12402
6659 -1667 -12358
6660 -1575 -12538
6661 -1533 -12482
6662 -1573 -12414
6663 -1485 -12270
6664 -1275 -12234
6665 -1301 -12290
6666 -1419 -12334
6667 -1093 -12482
6668 -1215 -12234
6669 -1269 -11746
6670 -1353 -11990
6671 -1333 -11966
6672 -1385 -11946
6673 -1595 -12086
6674 -1683 -12070
6675 -1505 -11950
6676 -1583 -11726
6677 -1499 -12074
6678 -1565 -12098
6679 -1517 -12146
6680 -1301 -11770
6681 -1331 -11978
6682 -1235 -12058
6683 -1199 -11814
6684 -885 -11718
6685 -909 -11794
6686 -817 -11678
6687 -941 -11754
6688 -1099 -11894
6689 -1151 -11822
6690 -1217 -12054
6691 -1403 -12278
6692 -1379 -12330
6693 -1395 -12038
6694 -1243 -11846
6695 -1105 -11894
6696 -1025 -11750
6697 -1109 -12062
6698 -1045 -12142
6699 -987 -12026
6700 -987 -11830
6701 -633 -11710
6702 -865 -11686
6703 -579 -11854
6704 -463 -11750
6705 -447 -11774
6706 -213 -11698
6707 -345 -11930
6708 -445 -11886
6709 -305 -11942
6710 -323 -11870
6711 41 -11898
6712 77 -11846
6713 -179 -11742
6714 -115 -11498
6715 -39 -11762
6716 -65 -11866
6717 -187 -11894
6718 -253 -11858
6719 -307 -11886
6720 -87 -11766
6721 -109 -11974
6722 -141 -12202
6723 -301 -12190
6724 -245 -11894
6725 -245 -11734
6726 -379 -11974
6727 -389 -12134
6728 -471 -12170
6729 -423 -12222
6730 -245 -11994
6731 -339 -11838
6732 -225 -11738
6733 -227 -11598
6734 -241 -11970
6735 -155 -12110
6736 -221 -12086
6737 -203 -12210
6738 -173 -11930
6739 -191 -11678
6740 -131 -11590
6741 -141 -11650
6742 -13 -11882
6743 -41 -11618
6744 -141 -11682
6745 -59 -11846
6746 3 -12114
6747 79 -12018
6748 -151 -12090
6749 -247 -12186
6750 -307 -12122
6751 -163 -12054
6752 -265 -11882
6753 -243 -11962
6754 -203 -11978
6755 -283 -11982
6756 -247 -11790
6757 -149 -11762
6758 -287 -11714
6759 -111 -11902
6760 -93 -11942
6761 -45 -11886
6762 -75 -11710
6763 77 -11854
6764 -11 -12178
6765 -15 -11902
6766 -59 -12074
6767 -31 -12042
6768 -11 -11590
6769 -99 -11794
6770 -91 -12158
6771 -139 -11918
6772 -257 -11834
6773 -307 -11758
6774 -281 -11822
6775 -247 -11794
6776 -245 -11878
6777 -221 -11426
6778 -187 -11610
6779 -87 -11602
6780 11 -11850
6781 -137 -12202
6782 -317 -12322
6783 -299 -12330
6784 -135 -12070
6785 -21 -11970
6786 -163 -12318
6787 -285 -12086
6788 -279 -11794
6789 -381 -12022
6790 -525 -12250
6791 -617 -12066
6792 -607 -11990
6793 -513 -12030
6794 -435 -12050
6795 -505 -11838
6796 -473 -11822
6797 -379 -11934
6798 -365 -11930
6799 -351 -11938
6800 -255 -12162
6801 -233 -12142
6802 -33 -12278
6803 193 -12222
6804 179 -12138
6805 65 -12234
6806 -29 -12138
6807 -61 -11702
6808 -79 -11714
6809 -219 -11922
6810 -211 -11798
6811 -187 -11558
6812 -237 -11746
6813 -137 -11930
6814 -113 -11982
6815 -119 -12406
6816 -177 -12130
6817 3 -12078
6818 -115 -12046
6819 -29 -12118
6820 -75 -12058
6821 -161 -11978
6822 -73 -12086
6823 21 -11630
6824 -85 -11950
6825 -195 -11722
6826 -379 -11958
6827 -543 -11914
6828 -511 -11938
6829 -673 -11930
6830 -693 -11818
6831 -579 -12158
6832 -699 -11918
6833 -513 -12166
6834 -709 -12126
6835 -681 -12210
6836 -855 -12106
6837 -685 -11982
6838 -567 -11694
6839 -569 -11742
6840 -543 -12094
6841 -501 -12138
6842 -649 -12122
6843 -637 -12318
6844 -785 -12482
6845 -763 -12438
6846 -731 -11986
6847 -913 -12026
6848 -1065 -12194
6849 -1039 -12082
6850 -1129 -11962
6851 -1031 -11950
6852 -985 -12082
6853 -863 -11886
6854 -829 -11894
6855 -817 -12118
6856 -715 -11882
6857 -615 -11902
6858 -629 -11786
6859 -475 -12122
6860 -485 -11986
6861 -551 -12134
6862 -633 -12218
6863 -865 -12066
6864 -865 -11730
6865 -907 -11842
6866 -1085 -11822
6867 -903 -11966
6868 -911 -11902
6869 -1017 -12022
6870 -1061 -12262
6871 -1125 -12314
6872 -1049 -12478
6873 -945 -12310
6874 -909 -12370
6875 -1047 -12498
6876 -1149 -12214
6877 -1123 -12118
6878 -1077 -11910
6879 -973 -12082
6880 -897 -12110
6881 -1019 -12238
6882 -1011 -12322
6883 -877 -12230
6884 -973 -12218
6885 -941 -12382
6886 -1189 -12402
6887 -1347 -11870
6888 -1221 -11854
6889 -1253 -11842
6890 -1269 -11666
6891 -1175 -11970
6892 -1059 -11922
6893 -955 -12030
6894 -973 -11894
6895 -891 -11986
6896 -1029 -12114
6897 -1209 -11978
6898 -1103 -12106
6899 -1069 -12222
6900 -1127 -11962
6901 -1133 -11978
6902 -1255 -11898
6903 -1363 -12018
6904 -1465 -12202
6905 -1423 -12238
6906 -1389 -12338
6907 -1587 -12210
6908 -1475 -12170
6909 -1595 -12282
6910 -1645 -11990
6911 -1383 -12058
6912 -1499 -12010
6913 -1589 -12078
6914 -1677 -12406
6915 -1731 -12422
6916 -1653 -12490
6917 -1461 -12294
6918 -1447 -12158
6919 -1463 -12082
6920 -1401 -11670
6921 -1455 -12102
6922 -1487 -12282
6923 -1523 -12354
6924 -1487 -12258
6925 -1429 -12078
6926 -1439 -11930
6927 -1443 -12090
6928 -1395 -11806
6929 -1617 -12158
6930 -1543 -11998
6931 -1519 -12338
6932 -1465 -12382
6933 -1477 -12186
6934 -1401 -12098
6935 -1239 -12270
6936 -1119 -11890
6937 -1053 -12250
6938 -991 -11842
6939 -1035 -11758
6940 -1033 -11870
6941 -1059 -12086
6942 -1229 -12118
6943 -1095 -12174
6944 -1071 -12026
6945 -907 -11878
6946 -817 -11790
6947 -705 -11790
6948 -685 -12074
6949 -751 -11682
6950 -785 -11710
6951 -547 -11790
6952 -465 -11666
6953 -421 -11562
6954 -405 -11798
6955 -257 -12010
6956 -207 -12002
6957 -35 -11962
6958 -13 -11866
6959 95 -11802
6960 97 -12066
6961 197 -12134
6962 245 -12006
6963 199 -11906
6964 305 -12038
6965 321 -11966
6966 435 -11894
6967 373 -11522
6968 423 -11454
6969 631 -11282
6970 603 -11510
6971 725 -11606
6972 743 -11762
6973 715 -11970
6974 645 -12034
6975 805 -12066
6976 757 -12318
6977 639 -12042
6978 423 -12014
6979 365 -12046
6980 427 -12030
6981 287 -12018
6982 323 -11998
6983 327 -12058
6984 495 -12254
6985 537 -12158
6986 499 -12074
6987 279 -12222
6988 163 -12094
6989 343 -12194
6990 405 -12046
6991 303 -11966
6992 379 -12214
6993 405 -12154
6994 273 -11874
6995 165 -12066
6996 225 -12342
6997 287 -12270
6998 21 -12298
6999 163 -11914
7000 161 -12238
7001 41 -12082
7002 5 -11946
7003 81 -11962
7004 21 -12006
7005 -103 -12162
7006 -193 -12058
7007 -169 -11910
7008 -131 -11942
7009 9 -11874
7010 49 -11978
7011 135 -11934
7012 -141 -11594
7013 53 -11934
7014 113 -12142
7015 229 -12210
7016 93 -12298
7017 135 -12426
7018 263 -12462
7019 109 -12334
7020 53 -12390
7021 105 -12330
7022 267 -12370
7023 271 -12050
7024 369 -12170
7025 385 -11846
7026 271 -12002
7027 307 -12058
7028 307 -12126
7029 319 -11938
7030 253 -12290
7031 193 -12278
7032 231 -12062
7033 233 -12114
7034 325 -12170
7035 247 -12346
7036 105 -12594
7037 213 -12370
7038 151 -12246
7039 109 -12326
7040 107 -12038
7041 145 -11690
7042 75 -12170
7043 207 -12194
7044 133 -11718
7045 177 -11886
7046 -31 -12038
7047 51 -12334
7048 163 -12066
7049 1 -11934
7050 -9 -12386
7051 -17 -12062
7052 103 -12190
7053 219 -12202
7054 255 -11970
7055 517 -12010
7056 199 -11798
7057 167 -11774
7058 163 -11586
7059 237 -11722
7060 231 -11866
7061 311 -11878
7062 339 -11882
7063 255 -11738
7064 113 -11798
7065 21 -11906
7066 45 -12042
7067 183 -11986
7068 149 -12130
7069 95 -11930
7070 89 -12086
7071 -83 -11746
7072 -21 -11986
7073 49 -12026
7074 21 -11754
7075 -7 -11502
7076 87 -11678
7077 -109 -11818
7078 -37 -11830
7079 23 -11798
7080 -25 -11990
7081 -93 -12186
7082 -83 -11946
7083 -29 -11882
7084 29 -11570
7085 47 -11818
7086 31 -11586
7087 11 -11750
7088 -29 -11654
7089 23 -11474
7090 -39 -11194
7091 53 -11294
7092 197 -11490
7093 243 -11274
7094 353 -11370
7095 469 -11562
7096 435 -11594
7097 359 -11914
7098 589 -11822
7099 467 -12034
7100 685 -12290
7101 697 -12058
7102 549 -11982
7103 493 -11858
7104 229 -11942
7105 175 -12050
7106 69 -12066
7107 13 -12190
7108 -41 -12250
7109 -109 -12230
7110 -107 -12002
7111 -99 -12114
7112 -91 -11910
7113 15 -12070
7114 -1 -12154
7115 25 -12146
7116 71 -12062
7117 109 -12306
7118 7 -12094
7119 25 -11922
7120 149 -11878
7121 211 -12226
7122 227 -11986
7123 43 -12066
7124 -149 -12070
7125 -221 -12186
7126 -117 -12126
7127 -209 -11982
7128 -201 -11590
7129 -85 -11670
7130 -199 -11378
7131 -247 -11706
7132 -171 -11938
7133 -85 -11738
7134 -1 -12062
7135 -109 -11722
7136 -103 -11634
7137 -7 -11678
7138 37 -11734
7139 57 -11798
7140 307 -11914
7141 379 -11806
7142 389 -11710
7143 491 -11822
7144 421 -11742
7145 259 -12066
7146 227 -12070
7147 195 -12338
7148 95 -12134
7149 75 -12098
7150 -43 -12394
7151 -7 -12338
7152 -51 -11974
7153 -173 -11878
7154 -243 -11898
7155 -141 -11770
7156 -115 -11662
7157 -135 -11794
7158 -213 -11866
7159 -207 -11782
7160 81 -11662
7161 -109 -11962
7162 -29 -11906
7163 85 -11642
7164 65 -11542
7165 -17 -12006
7166 37 -12010
7167 69 -11974
7168 165 -11822
7169 115 -11826
7170 253 -11858
7171 415 -11826
7172 433 -11826
7173 515 -11726
7174 521 -11782
7175 675 -11834
7176 639 -11970
7177 903 -11774
7178 901 -11718
7179 995 -11922
7180 923 -11658
7181 799 -11686
7182 775 -11762
7183 637 -11738
7184 487 -11522
7185 715 -11722
7186 777 -11694
7187 785 -11814
7188 735 -11994
7189 653 -11934
7190 757 -11998
7191 833 -11766
7192 679 -11610
7193 693 -11570
7194 957 -11886
7195 897 -11862
7196 789 -12058
7197 659 -12026
7198 631 -11954
7199 641 -11886
7200 749 -11822
7201 715 -11794
7202 703 -11670
7203 413 -11854
7204 255 -11886
7205 229 -11818
7206 171 -11930
7207 183 -11922
7208 37 -11794
7209 193 -11870
7210 141 -11822
7211 233 -11894
7212 189 -11806
7213 3 -11790
7214 41 -11834
7215 -129 -11846
7216 -239 -12050
7217 -139 -12158
7218 -31 -12278
7219 95 -12194
7220 119 -12170
7221 -1 -12110
7222 25 -12034
7223 251 -12042
7224 255 -12122
7225 111 -12094
7226 23 -12286
7227 -5 -11902
7228 -77 -11874
7229 13 -11762
7230 -61 -11750
7231 -165 -11622
7232 -307 -11442
7233 -285 -11542
7234 -269 -11810
7235 -139 -11750
7236 -217 -11946
7237 -351 -11874
7238 -241 -11830
7239 -183 -11906
7240 -235 -11826
7241 -329 -11914
7242 -473 -11914
7243 -343 -11818
7244 -323 -12258
7245 -295 -12006
7246 -325 -12158
7247 -379 -12094
7248 -341 -12086
7249 -261 -12066
7250 -309 -11954
7251 -479 -11914
7252 -149 -12038
7253 -155 -11734
7254 -145 -11626
7255 -141 -11670
7256 -105 -11766
7257 -187 -11634
7258 -285 -11698
7259 -109 -11694
7260 -155 -11690
7261 -121 -12046
7262 -57 -12086
7263 -17 -12066
7264 161 -11750
7265 275 -11962
7266 181 -11778
7267 197 -11898
7268 79 -12082
7269 317 -11874
7270 181 -11978
7271 69 -12078
7272 -23 -12006
7273 -107 -12134
7274 13 -11986
7275 -11 -12338
7276 49 -12114
7277 -23 -12138
7278 75 -11898
7279 129 -12022
7280 217 -12042
7281 241 -12002
7282 239 -12018
7283 61 -11946
7284 55 -12194
7285 105 -11902
7286 129 -11870
7287 -113 -12034
7288 7 -12026
7289 163 -12090
7290 -11 -11870
7291 259 -11706
7292 235 -11846
7293 223 -11902
7294 -35 -11818
7295 -119 -11834
7296 -149 -12026
7297 -161 -11926
7298 -149 -12250
7299 33 -12238
7300 39 -12014
7301 125 -11842
7302 229 -12078
7303 173 -11998
7304 203 -12066
7305 315 -11874
7306 165 -12206
7307 319 -11950
7308 405 -11974
7309 335 -11834
7310 369 -11986
7311 259 -11734
7312 215 -11798
7313 185 -11958
7314 223 -12070
7315 263 -11670
7316 259 -11482
7317 187 -11582
7318 21 -11470
7319 33 -11694
7320 51 -11674
7321 261 -11434
7322 375 -11546
7323 73 -11534
7324 123 -11822
7325 311 -11922
7326 333 -11566
7327 395 -11566
7328 353 -11602
7329 237 -11798
7330 67 -11874
7331 11 -12150
7332 79 -11774
7333 91 -11958
7334 21 -12014
7335 111 -12110
7336 85 -12094
7337 -61 -12066
7338 -39 -12178
7339 7 -12018
7340 -153 -12022
7341 -121 -12042
7342 -155 -12114
7343 -69 -12154
7344 -81 -11922
7345 -209 -12034
7346 -311 -11746
7347 -371 -11582
7348 -337 -11862
7349 -335 -11866
7350 -439 -11918
7351 -449 -11698
7352 -307 -11750
7353 -347 -11922
7354 -225 -11954
7355 -75 -11786
7356 -115 -11634
7357 -79 -11610
7358 -141 -11274
7359 -67 -11466
7360 -287 -11626
7361 -441 -11730
7362 -437 -11614
7363 -609 -12166
7364 -553 -11990
7365 -601 -11930
7366 -561 -12034
7367 -557 -11898
7368 -525 -11982
7369 -437 -11962
7370 -599 -11806
7371 -611 -11738
7372 -563 -11574
7373 -343 -11482
7374 -243 -11442
7375 -265 -11506
7376 -303 -11822
7377 -197 -11738
7378 -261 -11998
7379 -351 -11998
7380 -265 -11866
7381 -435 -11674
7382 -379 -11586
7383 -187 -11618
7384 -101 -11794
7385 -19 -11714
7386 -129 -11770
7387 -67 -11914
7388 -103 -11694
7389 -267 -11594
7390 -273 -11778
7391 -495 -11970
7392 -479 -11966
7393 -485 -11566
7394 -573 -11738
7395 -487 -11982
7396 -357 -11962
7397 -187 -11762
7398 -239 -12238
7399 -183 -12098
7400 -321 -11886
7401 -357 -11950
7402 -351 -11798
7403 -513 -11918
7404 -443 -11822
7405 -457 -11914
7406 -393 -12062
7407 -399 -11966
7408 -459 -11914
7409 -571 -11814
7410 -557 -12222
7411 -525 -12054
7412 -449 -11962
7413 -439 -12210
7414 -403 -12058
7415 -467 -11906
7416 -643 -11802
7417 -757 -11866
7418 -671 -11930
7419 -677 -11878
7420 -625 -11690
7421 -529 -11818
7422 -575 -11874
7423 -391 -11870
7424 -349 -11810
7425 -569 -12046
7426 -713 -11678
7427 -731 -11782
7428 -767 -11438
7429 -825 -11386
7430 -785 -11754
7431 -777 -11642
7432 -693 -11586
7433 -613 -11454
7434 -651 -11786
7435 -507 -11806
7436 -559 -12014
7437 -363 -12006
7438 -391 -12062
7439 -227 -12038
7440 -141 -11906
7441 -153 -11734
7442 -167 -12094
7443 -257 -11998
7444 -343 -11798
7445 -363 -11922
7446 -445 -12066
7447 -273 -11834
7448 -223 -12030
7449 -231 -11798
7450 -229 -11562
7451 -161 -11530
7452 -379 -11454
7453 -425 -11330
7454 -611 -11402
7455 -623 -11462
7456 -609 -11486
7457 -741 -11734
7458 -775 -11630
7459 -507 -11802
7460 -783 -11462
7461 -929 -11642
7462 -803 -11398
7463 -581 -11586
7464 -653 -11854
7465 -861 -11746
7466 -931 -11706
7467 -1017 -11802
7468 -1079 -11774
7469 -1181 -11918
7470 -1103 -11742
7471 -1137 -12070
7472 -1065 -12206
7473 -1007 -12110
7474 -1131 -12058
7475 -1019 -11942
7476 -1035 -11882
7477 -1077 -11694
7478 -1011 -11914
7479 -1169 -11762
7480 -1007 -11894
7481 -931 -12162
7482 -987 -12010
7483 -1019 -12026
7484 -983 -12102
7485 -1003 -12038
7486 -1195 -11834
7487 -1369 -11870
7488 -1401 -12006
7489 -1259 -11874
7490 -1023 -11762
7491 -1107 -11794
7492 -1045 -11826
7493 -1041 -11782
7494 -1029 -11678
7495 -1119 -11598
7496 -1113 -11818
7497 -1033 -11762
7498 -875 -11786
7499 -1029 -11574
7500 -943 -12202
7501 -1043 -12122
7502 -1147 -11950
7503 -1129 -12222
7504 -865 -11962
7505 -655 -11630
7506 -857 -11530
7507 -725 -11590
7508 -669 -11734
7509 -647 -11934
7510 -565 -11802
7511 -569 -11778
7512 -537 -11574
7513 -503 -11674
7514 -497 -11742
7515 -385 -11582
7516 -521 -11690
7517 -583 -11918
7518 -413 -11678
7519 -481 -12158
7520 -353 -11762
7521 -303 -11766
7522 -323 -11942
7523 -285 -11906
7524 -97 -11950
7525 -331 -11982
7526 -497 -11666
7527 -465 -11586
7528 -531 -11934
7529 -445 -11874
7530 -449 -11694
7531 -451 -11982
7532 -417 -11826
7533 -491 -11670
7534 -423 -11714
7535 -189 -11694
7536 -233 -11610
7537 -195 -11550
7538 -199 -11610
7539 -169 -11546
7540 -89 -11638
7541 29 -11826
7542 11 -11698
7543 179 -11822
7544 157 -11882
7545 155 -12046
7546 65 -11934
7547 -57 -11714
7548 -5 -11718
7549 -105 -11498
7550 133 -11590
7551 321 -11818
7552 485 -11554
7553 461 -11562
7554 537 -11702
7555 469 -11418
7556 567 -11610
7557 835 -11630
7558 859 -11710
7559 845 -11642
7560 767 -11782
7561 853 -11910
7562 933 -11766
7563 1017 -11982
7564 1109 -11842
7565 1059 -12158
7566 839 -12034
7567 751 -12094
7568 823 -12026
7569 573 -11914
7570 565 -11906
7571 611 -11830
7572 681 -11846
7573 853 -12006
7574 833 -11822
7575 979 -11706
7576 957 -11578
7577 897 -11782
7578 1001 -11650
7579 937 -11590
7580 1105 -11862
7581 1073 -11906
7582 915 -11834
7583 861 -12106
7584 885 -12162
7585 935 -12306
7586 839 -12246
7587 739 -12230
7588 739 -12362
7589 611 -12118
7590 629 -11986
7591 623 -12086
7592 489 -11894
7593 389 -11726
7594 219 -11790
7595 355 -11814
7596 475 -11946
7597 381 -11894
7598 345 -11994
7599 415 -12198
7600 325 -12202
7601 241 -12146
7602 329 -12150
7603 387 -11902
7604 279 -12002
7605 305 -12114
7606 349 -12070
7607 269 -12186
7608 259 -12058
7609 297 -11998
7610 337 -11862
7611 409 -11954
7612 501 -11898
7613 393 -11986
7614 303 -11674
7615 439 -11670
7616 393 -11942
7617 421 -12078
7618 569 -11926
7619 535 -11882
7620 431 -11734
7621 427 -11826
7622 619 -11994
7623 431 -11938
7624 347 -12038
7625 343 -11758
7626 383 -11742
7627 347 -11874
7628 473 -11870
7629 499 -11866
7630 603 -11882
7631 737 -11646
7632 949 -11706
7633 751 -11574
7634 589 -11598
7635 639 -11570
7636 601 -11614
7637 463 -11738
7638 301 -11786
7639 259 -11690
7640 153 -11786
7641 181 -11758
7642 187 -11670
7643 145 -11470
7644 141 -11690
7645 353 -11558
7646 363 -11718
7647 367 -11810
7648 583 -11906
7649 585 -11958
7650 697 -11782
7651 541 -11770
7652 379 -12122
7653 251 -12002
7654 197 -11826
7655 249 -11910
7656 173 -11602
7657 431 -11562
7658 515 -11746
7659 463 -12002
7660 567 -12022
7661 647 -11910
7662 713 -12098
7663 599 -12010
7664 677 -11762
7665 625 -12154
7666 457 -12078
7667 463 -11790
7668 367 -11706
7669 495 -11726
7670 555 -11706
7671 557 -11550
7672 561 -11742
7673 443 -11794
7674 451 -11714
7675 269 -11542
7676 -49 -11566
7677 109 -11634
7678 131 -11522
7679 111 -11410
7680 23 -11602
7681 -3 -11954
7682 -277 -12058
7683 -437 -11954
7684 -221 -11930
7685 -165 -12038
7686 -357 -11958
7687 -259 -11918
7688 -189 -11870
7689 -99 -12126
7690 75 -11930
7691 51 -12346
7692 81 -12262
7693 23 -12162
7694 -133 -12022
7695 -153 -12222
7696 -149 -12174
7697 -47 -11882
7698 -121 -11954
7699 7 -12058
7700 -27 -11834
7701 109 -11782
7702 -31 -11766
7703 -79 -11990
7704 57 -12122
7705 25 -11898
7706 -97 -11890
7707 -317 -11842
7708 -289 -11694
7709 -293 -11746
7710 -359 -11678
7711 -423 -11626
7712 -451 -11674
7713 -481 -11626
7714 -383 -11990
7715 -509 -11990
7716 -629 -11874
7717 -589 -12130
7718 -669 -11866
7719 -555 -11786
7720 -505 -11842
7721 -487 -11986
7722 -361 -12102
7723 -319 -12082
7724 -285 -11758
7725 -171 -11598
7726 -265 -11546
7727 -263 -11838
7728 -153 -11762
7729 -283 -11878
7730 -453 -11650
7731 -471 -11718
7732 -351 -11810
7733 -289 -11514
7734 -421 -11614
7735 -441 -11698
7736 -335 -11782
7737 -297 -11914
7738 -459 -11786
7739 -535 -12138
7740 -559 -12086
7741 -537 -12170
7742 -341 -11966
7743 -195 -11734
7744 25 -11982
7745 -17 -11794
7746 -301 -11622
7747 -317 -11774
7748 -439 -12154
7749 -385 -12094
7750 -439 -11618
7751 -457 -11818
7752 -227 -11626
7753 -269 -11642
7754 -191 -11958
7755 -3 -11950
7756 19 -11650
7757 -123 -11766
7758 -227 -11814
7759 -381 -12026
7760 -391 -12166
7761 -467 -11962
7762 -545 -11910
7763 -499 -11898
7764 -483 -11678
7765 -519 -11814
7766 -573 -11526
7767 -787 -11406
7768 -823 -11646
7769 -783 -12102
7770 -899 -11870
7771 -765 -11762
7772 -703 -12002
7773 -369 -11854
7774 -401 -11982
7775 -443 -12062
7776 -537 -11938
7777 -331 -11894
7778 -245 -12122
7779 -203 -11790
7780 -207 -11662
7781 -265 -11818
7782 -123 -11630
7783 107 -11486
7784 143 -11782
7785 -1 -11698
7786 113 -11530
7787 81 -11522
7788 89 -11622
7789 223 -11738
7790 351 -11766
7791 243 -11682
7792 231 -11610
7793 189 -11786
7794 181 -11842
7795 175 -11858
7796 249 -12130
7797 229 -12138
7798 177 -12010
7799 119 -12042
7800 167 -12318
7801 -119 -12474
7802 -145 -12446
7803 -55 -12158
7804 31 -12202
7805 -155 -11998
7806 -267 -12270
7807 -175 -12026
7808 -125 -12118
7809 -55 -12198
7810 -47 -12378
7811 -95 -12222
7812 -199 -11986
7813 -125 -12234
7814 -67 -12310
7815 -35 -12014
7816 57 -11926
7817 -9 -12006
7818 9 -11710
7819 5 -11774
7820 -53 -12110
7821 -191 -12490
7822 -133 -12010
7823 -293 -12086
7824 -469 -12074
7825 -567 -11930
7826 -595 -12182
7827 -519 -11906
7828 -493 -12018
7829 -495 -12038
7830 -555 -11994
7831 -729 -12210
7832 -839 -12294
7833 -805 -12146
7834 -927 -12310
7835 -799 -12298
7836 -901 -12230
7837 -1003 -12126
7838 -993 -12098
7839 -943 -12090
7840 -875 -12074
7841 -1061 -12270
7842 -1013 -12138
7843 -1069 -12078
7844 -1001 -12190
7845 -1013 -12142
7846 -967 -12294
7847 -843 -12406
7848 -683 -12434
7849 -657 -12266
7850 -743 -12346
7851 -969 -12394
7852 -957 -12098
7853 -967 -11998
7854 -901 -12082
7855 -721 -12158
7856 -543 -12002
7857 -603 -12294
7858 -601 -12158
7859 -663 -12306
7860 -427 -12378
7861 -425 -12610
7862 -485 -12474
7863 -319 -12106
7864 -85 -12182
7865 43 -11906
7866 -69 -11942
7867 -117 -12158
7868 -131 -12394
7869 -157 -12142
7870 -255 -12078
7871 -91 -12078
7872 -231 -12226
7873 -343 -12006
7874 -495 -12030
7875 -663 -12226
7876 -617 -12094
7877 -505 -12318
7878 -461 -12106
7879 -367 -11930
7880 -375 -12214
7881 -381 -12294
7882 -443 -12206
7883 -229 -12262
7884 -247 -12094
7885 -163 -12126
7886 -113 -12118
7887 -125 -11898
7888 -265 -12050
7889 -201 -12166
7890 -269 -11894
7891 -471 -11746
7892 -453 -11858
7893 -381 -11850
7894 -337 -11834
7895 -335 -11926
7896 -257 -11962
7897 -135 -11742
7898 -231 -11882
7899 -171 -11966
7900 103 -11974
7901 -33 -11738
7902 -195 -11962
7903 -179 -12126
7904 -233 -12210
7905 -255 -12114
7906 -427 -11970
7907 -349 -12110
7908 -227 -12118
7909 -157 -12518
7910 -71 -12074
7911 -189 -12154
7912 -291 -12006
7913 -345 -11830
7914 -373 -12034
7915 -251 -11738
7916 -293 -11802
7917 -287 -11806
7918 -263 -11854
7919 -345 -11998
7920 -125 -12102
7921 -173 -12354
7922 -259 -12022
7923 -215 -11846
7924 -289 -11718
7925 -307 -12050
7926 -247 -11846
7927 -101 -11890
7928 -323 -11986
7929 -195 -12166
7930 -141 -12186
7931 -79 -12318
7932 -27 -12358
7933 -55 -12270
7934 -69 -12346
7935 -145 -12474
7936 -179 -12198
7937 -155 -12194
7938 179 -12342
7939 77 -12350
7940 51 -12326
7941 9 -12286
7942 93 -11934
7943 41 -11974
7944 -103 -12154
7945 -117 -11954
7946 49 -12090
7947 99 -11890
7948 39 -12138
7949 -121 -11762
7950 -43 -11778
7951 -1 -12306
7952 -59 -12390
7953 -201 -12518
7954 43 -12310
7955 137 -11998
7956 207 -12218
7957 125 -11714
7958 179 -11698
7959 215 -11834
7960 281 -12030
7961 259 -12034
7962 299 -11946
7963 281 -11934
7964 249 -11934
7965 277 -12186
7966 241 -12126
7967 173 -12082
7968 51 -11978
7969 263 -12026
7970 113 -11870
7971 135 -11910
7972 77 -12094
7973 35 -11858
7974 -289 -11962
7975 -363 -11734
7976 -459 -11730
7977 -593 -11898
7978 -471 -12046
7979 -613 -11962
7980 -549 -12042
7981 -677 -11918
7982 -651 -11846
7983 -801 -12078
7984 -603 -11922
7985 -465 -11774
7986 -421 -11846
7987 -303 -11674
7988 -295 -11634
7989 -189 -11662
7990 -161 -11690
7991 -211 -11570
7992 -331 -11570
7993 -299 -11498
7994 -309 -11678
7995 -597 -11850
7996 -481 -11958
7997 -347 -11914
7998 -405 -11818
7999 -487 -11810
8000 -427 -11846
8001 -377 -11774
8002 -269 -11714
8003 -401 -11650
8004 -219 -11534
8005 -207 -11758
8006 -51 -11806
8007 -147 -11906
8008 105 -11982
8009 81 -11994
8010 219 -11990
8011 491 -12158
8012 573 -11818
8013 619 -11962
8014 567 -11994
8015 611 -12074
8016 507 -11926
8017 539 -11782
8018 543 -11910
8019 511 -11810
8020 597 -11722
8021 635 -11550
8022 623 -11634
8023 587 -11630
8024 499 -12002
8025 533 -11926
8026 447 -11994
8027 577 -11726
8028 511 -11690
8029 543 -11826
8030 471 -12170
8031 527 -12078
8032 495 -12050
8033 419 -12054
8034 555 -12034
8035 865 -12098
8036 891 -12218
8037 919 -12170
8038 927 -12110
8039 691 -11946
8040 637 -12018
8041 711 -11866
8042 793 -11986
8043 781 -12158
8044 793 -12422
8045 825 -12094
8046 745 -11946
8047 675 -11710
8048 439 -11574
8049 227 -11954
8050 101 -11834
8051 17 -11898
8052 -3 -11946
8053 37 -11898
8054 99 -11786
8055 205 -11758
8056 21 -11790
8057 -37 -11670
8058 -45 -11554
8059 29 -11702
8060 -83 -11622
8061 -103 -11666
8062 -101 -11806
8063 -53 -11718
8064 3 -11586
8065 125 -11802
8066 67 -11718
8067 -71 -11918
8068 -49 -11630
8069 39 -12166
8070 -233 -12006
8071 -103 -12102
8072 -133 -11910
8073 -37 -12242
8074 -135 -12058
8075 -51 -12246
8076 -61 -12070
8077 -111 -11882
8078 81 -12018
8079 133 -12026
8080 79 -12098
8081 133 -12150
8082 223 -11910
8083 159 -12078
8084 53 -12078
8085 -21 -12130
8086 -65 -12214
8087 -189 -12346
8088 -95 -12390
8089 49 -12298
8090 115 -12186
8091 29 -12258
8092 49 -12310
8093 59 -12006
8094 145 -12070
8095 153 -12138
8096 191 -12086
8097 499 -12058
8098 393 -12286
8099 365 -12102
8100 301 -11902
8101 343 -12286
8102 231 -12190
8103 7 -12326
8104 99 -12518
8105 221 -12266
8106 193 -12274
8107 -55 -12270
8108 25 -12270
8109 -81 -12182
8110 -101 -12330
8111 -43 -12266
8112 65 -12086
8113 89 -12010
8114 131 -11966
8115 137 -12090
8116 119 -11966
8117 203 -11654
8118 153 -11890
8119 223 -11978
8120 39 -12210
8121 23 -12206
8122 -31 -12154
8123 -21 -12274
8124 27 -12182
8125 83 -12022
8126 125 -11902
8127 -221 -11918
8128 -323 -12074
8129 -275 -12158
8130 -239 -12422
8131 -219 -12398
8132 -101 -12350
8133 -25 -12186
8134 -57 -12294
8135 285 -12094
8136 351 -12182
8137 379 -12194
8138 337 -12118
8139 347 -12506
8140 357 -12554
8141 393 -12518
8142 337 -12454
8143 291 -12438
8144 369 -12446
8145 359 -12258
8146 359 -12282
8147 419 -12198
8148 387 -12002
8149 277 -11870
8150 165 -11834
8151 245 -12030
8152 71 -12154
8153 215 -12122
8154 337 -11890
8155 241 -11978
8156 323 -11898
8157 299 -11926
8158 187 -11846
8159 45 -11942
8160 -21 -11826
8161 -9 -11954
8162 35 -12002
8163 -177 -12170
8164 -421 -11934
8165 -499 -11842
8166 -697 -12006
8167 -767 -12046
8168 -719 -12030
8169 -545 -12086
8170 -575 -12066
8171 -613 -11810
8172 -649 -11866
8173 -601 -12254
8174 -377 -12030
8175 -407 -12042
8176 -391 -11906
8177 -371 -11974
8178 -309 -12006
8179 -275 -11974
8180 -117 -12054
8181 -315 -11958
8182 -375 -12286
8183 -405 -12230
8184 -513 -11978
8185 -597 -11762
8186 -511 -11774
8187 -523 -11890
8188 -605 -12014
8189 -597 -11794
8190 -437 -12098
8191 -471 -12186
8192 -643 -12002
8193 -603 -12030
8194 -547 -11694
8195 -513 -12114
8196 -507 -12174
8197 -451 -12214
8198 -603 -12186
8199 -651 -12418
8200 -671 -12534
8201 -433 -12234
8202 -633 -12102
8203 -755 -12154
8204 -641 -12650
8205 -727 -12290
8206 -609 -12306
8207 -457 -12458
8208 -417 -12342
8209 -365 -12150
8210 -407 -12078
8211 -539 -11698
8212 -505 -11790
8213 -685 -11718
8214 -643 -11646
8215 -579 -11578
8216 -443 -11590
8217 -355 -11814
8218 -447 -11890
8219 -303 -12106
8220 -191 -11978
8221 -315 -12122
8222 -521 -11942
8223 -521 -12154
8224 -577 -11810
8225 -519 -12058
8226 -715 -12082
8227 -761 -11862
8228 -679 -11950
8229 -519 -11954
8230 -423 -11822
8231 -369 -11822
8232 -347 -12054
8233 -461 -12186
8234 -795 -12186
8235 -909 -12414
8236 -857 -12286
8237 -737 -12394
8238 -889 -12354
8239 -817 -12474
8240 -771 -12246
8241 -885 -12190
8242 -959 -12058
8243 -795 -12286
8244 -865 -12218
8245 -851 -12194
8246 -945 -11970
8247 -829 -12090
8248 -761 -12274
8249 -969 -12298
8250 -907 -12286
8251 -1169 -12278
8252 -1239 -12130
8253 -1145 -12142
8254 -1043 -12102
8255 -1039 -12282
8256 -1043 -12290
8257 -1023 -12158
8258 -1093 -12058
8259 -1221 -11902
8260 -1281 -11890
8261 -1107 -11958
8262 -1083 -11770
8263 -1255 -11798
8264 -1515 -11774
8265 -1387 -11774
8266 -1339 -11922
8267 -1503 -12054
8268 -1483 -12246
8269 -1513 -12270
8270 -1501 -12226
8271 -1337 -12466
8272 -1391 -12226
8273 -1355 -12142
8274 -1343 -12430
8275 -1375 -12466
8276 -1529 -12058
8277 -1497 -12054
8278 -1533 -12178
8279 -1553 -12070
8280 -1537 -12006
8281 -1561 -11954
8282 -1525 -11866
8283 -1487 -11726
8284 -1485 -11950
8285 -1449 -11422
8286 -1637 -11650
8287 -1567 -11818
8288 -1407 -11906
8289 -1365 -11914
8290 -1231 -11750
8291 -1249 -11786
8292 -1441 -11918
8293 -1591 -11882
8294 -1527 -11822
8295 -1391 -11722
8296 -1469 -11818
8297 -1533 -12218
8298 -1585 -12110
8299 -1607 -12082
8300 -1661 -11826
8301 -1663 -11910
8302 -1815 -12118
8303 -1779 -11962
8304 -1831 -11878
8305 -1731 -11826
8306 -1771 -12046
8307 -1813 -11978
8308 -1905 -12174
8309 -1847 -11998
8310 -1811 -11846
8311 -1775 -11578
8312 -1877 -11734
8313 -1989 -11886
8314 -1889 -11842
8315 -1871 -12018
8316 -1847 -11958
8317 -1835 -11926
8318 -1761 -11802
8319 -1767 -11970
8320 -1903 -11842
8321 -1839 -12086
8322 -1783 -11994
8323 -1523 -12134
8324 -1515 -12150
8325 -1639 -12086
8326 -1879 -11814
8327 -2015 -12194
8328 -1897 -11862
8329 -2087 -12086
8330 -2167 -11982
8331 -2255 -11866
8332 -2261 -12066
8333 -2405 -12166
8334 -2305 -12178
8335 -2235 -12238
8336 -2349 -12374
8337 -2365 -12530
8338 -2277 -12342
8339 -2257 -12146
8340 -2169 -12062
8341 -2251 -12338
8342 -2245 -12206
8343 -2283 -12374
8344 -2363 -12170
8345 -2355 -12286
8346 -2517 -12294
8347 -2361 -12014
8348 -2381 -12434
8349 -2533 -12338
8350 -2343 -12246
8351 -2433 -12306
8352 -2543 -12310
8353 -2609 -12362
8354 -2541 -11962
8355 -2447 -12230
8356 -2155 -11686
8357 -2005 -11698
8358 -2005 -11966
8359 -2075 -11974
8360 -2143 -11970
8361 -2271 -11934
8362 -2301 -11866
8363 -2219 -11758
8364 -2187 -11798
8365 -2189 -11818
8366 -2159 -11882
8367 -2297 -11746
8368 -2193 -11842
8369 -2303 -11698
8370 -2373 -12038
8371 -2279 -12146
8372 -2363 -12170
8373 -2235 -12238
8374 -2385 -12054
8375 -2131 -12150
8376 -2079 -12150
8377 -2161 -12298
8378 -2083 -11982
8379 -1991 -11774
8380 -1835 -12010
8381 -2077 -11974
8382 -2241 -11966
8383 -2231 -11938
8384 -2255 -11814
8385 -2335 -11834
8386 -2311 -11874
8387 -2291 -11758
8388 -2301 -11870
8389 -2457 -12022
8390 -2595 -11962
8391 -2847 -12034
8392 -2923 -12034
8393 -2803 -11698
8394 -2899 -11790
8395 -2747 -11458
8396 -2869 -11798
8397 -3003 -11878
8398 -2957 -12050
8399 -2855 -11978
8400 -2919 -12082
8401 -2795 -12202
8402 -2667 -11730
8403 -2551 -11706
8404 -2557 -11878
8405 -2357 -11830
8406 -2413 -11950
8407 -2255 -12030
8408 -2337 -12138
8409 -2367 -11850
8410 -2353 -11878
8411 -2443 -11618
8412 -2373 -11798
8413 -2291 -11942
8414 -2069 -11854
8415 -1961 -11538
8416 -2013 -11994
8417 -1769 -11602
8418 -1807 -11934
8419 -1687 -11986
8420 -1655 -11970
8421 -1601 -11814
8422 -1457 -11818
8423 -1443 -12218
8424 -1535 -12410
8425 -1691 -12146
8426 -1723 -12330
8427 -1569 -12318
8428 -1681 -12274
8429 -1677 -12518
8430 -1685 -12290
8431 -1679 -12506
8432 -1681 -12542
8433 -1577 -12438
8434 -1457 -12214
8435 -1479 -12294
8436 -1465 -12386
8437 -1705 -12466
8438 -1753 -12510
8439 -1601 -12330
8440 -1641 -12250
8441 -1793 -11790
8442 -1815 -11898
8443 -1847 -11806
8444 -1753 -11622
8445 -1559 -11674
8446 -1603 -11858
8447 -1373 -11962
8448 -1373 -11886
8449 -1239 -11746
8450 -1409 -11778
8451 -1433 -11826
8452 -1533 -11898
8453 -1501 -12382
8454 -1373 -12026
8455 -1385 -11638
8456 -1291 -11878
8457 -1277 -11958
8458 -1145 -12062
8459 -967 -11950
8460 -1119 -12286
8461 -1033 -12022
8462 -1003 -12374
8463 -957 -12230
8464 -769 -12282
8465 -619 -12418
8466 -535 -12210
8467 -607 -12082
8468 -621 -12162
8469 -499 -12030
8470 -573 -12014
8471 -577 -12354
8472 -639 -12382
8473 -661 -12286
8474 -867 -12102
8475 -895 -12086
8476 -805 -12294
8477 -893 -12138
8478 -839 -12006
8479 -875 -11946
8480 -659 -11830
8481 -829 -11802
8482 -577 -11698
8483 -471 -11902
8484 -389 -11942
8485 -295 -11714
8486 -221 -11802
8487 -421 -11978
8488 -323 -11414
8489 -341 -11518
8490 -463 -11598
8491 -547 -11350
8492 -385 -11438
8493 -563 -11714
8494 -735 -11886
8495 -785 -11910
8496 -815 -11830
8497 -931 -11850
8498 -887 -11850
8499 -895 -11842
8500 -903 -11754
8501 -821 -11626
8502 -945 -11758
8503 -827 -11842
8504 -977 -12374
8505 -901 -12286
8506 -1027 -12186
8507 -1081 -12162
8508 -1103 -11886
8509 -1139 -11898
8510 -1113 -11854
8511 -1009 -11798
8512 -963 -11674
8513 -1045 -11690
8514 -1093 -11826
8515 -1109 -11886
8516 -1091 -11738
8517 -1089 -11766
8518 -1025 -12038
8519 -957 -12170
8520 -957 -11886
8521 -967 -12118
8522 -945 -12038
8523 -1033 -12142
8524 -947 -12038
8525 -1005 -11866
8526 -967 -11766
8527 -933 -11702
8528 -1049 -11754
8529 -1033 -11826
8530 -901 -11786
8531 -1107 -11870
8532 -1079 -11770
8533 -1001 -11814
8534 -903 -11642
8535 -843 -11798
8536 -931 -11838
8537 -1073 -11722
8538 -1073 -11566
8539 -1053 -11602
8540 -1233 -11658
8541 -1333 -11710
8542 -1461 -11646
8543 -1535 -11746
8544 -1547 -11826
8545 -1507 -12118
8546 -1481 -11906
8547 -1443 -12006
8548 -1509 -12082
8549 -1517 -12142
8550 -1557 -12206
8551 -1675 -12394
8552 -1503 -12190
8553 -1357 -12206
8554 -1379 -12310
8555 -1301 -12066
8556 -1153 -12070
8557 -1189 -11926
8558 -1051 -12170
8559 -949 -12026
8560 -941 -12058
8561 -1041 -12042
8562 -1085 -12022
8563 -1267 -12330
8564 -1115 -12314
8565 -927 -12430
8566 -859 -12490
8567 -859 -12258
8568 -731 -12150
8569 -887 -12014
8570 -869 -12002
8571 -819 -11854
8572 -829 -11870
8573 -953 -12010
8574 -917 -11846
8575 -963 -11806
8576 -1077 -12202
8577 -1017 -11822
8578 -989 -12174
8579 -1255 -12130
8580 -1181 -12106
8581 -1181 -12314
8582 -1145 -12070
8583 -995 -12226
8584 -905 -11866
8585 -889 -11702
8586 -773 -11858
8587 -697 -11930
8588 -729 -11686
8589 -645 -11798
8590 -563 -11806
8591 -545 -11706
8592 -595 -11878
8593 -727 -11726
8594 -829 -11954
8595 -669 -11814
8596 -529 -11690
8597 -499 -11546
8598 -517 -11766
8599 -461 -11798
8600 -541 -11682
8601 -475 -11786
8602 -407 -11338
8603 -511 -11498
8604 -499 -11702
8605 -393 -11626
8606 -559 -11342
8607 -565 -11738
8608 -563 -11686
8609 -697 -11526
8610 -753 -11590
8611 -677 -11774
8612 -565 -11818
8613 -693 -11654
8614 -713 -11786
8615 -935 -11838
8616 -1025 -11954
8617 -845 -11870
8618 -735 -11798
8619 -679 -12010
8620 -701 -11838
8621 -635 -11702
8622 -721 -11498
8623 -731 -11586
8624 -553 -11470
8625 -627 -11598
8626 -851 -11542
8627 -1071 -11858
8628 -1005 -11846
8629 -1129 -11906
8630 -1125 -11982
8631 -1101 -11906
8632 -1033 -11734
8633 -1097 -11638
8634 -1201 -11642
8635 -1277 -12006
8636 -1319 -11746
8637 -1231 -11490
8638 -1365 -11654
8639 -1037 -11574
8640 -1161 -11794
8641 -1179 -11670
8642 -1107 -11958
8643 -973 -11890
8644 -997 -11766
8645 -971 -11602
8646 -841 -11714
8647 -935 -11798
8648 -923 -11910
8649 -1027 -12050
8650 -915 -11750
8651 -949 -11746
8652 -953 -11530
8653 -837 -11454
8654 -689 -11518
8655 -745 -11546
8656 -895 -11586
8657 -857 -11822
8658 -863 -11802
8659 -689 -11906
8660 -541 -11818
8661 -783 -11778
8662 -865 -11746
8663 -863 -11618
8664 -985 -11762
8665 -955 -11970
8666 -1019 -11962
8667 -1003 -12022
8668 -971 -12126
8669 -879 -11826
8670 -951 -11958
8671 -989 -11854
8672 -1183 -11818
8673 -1169 -11966
8674 -1191 -12146
8675 -1301 -12102
8676 -1299 -11838
8677 -1327 -11874
8678 -1339 -11934
8679 -1443 -12038
8680 -1479 -11850
8681 -1395 -11734
8682 -1439 -12126
8683 -1205 -12246
8684 -1377 -12506
8685 -1213 -12474
8686 -1083 -11886
8687 -1037 -11942
8688 -1107 -11966
8689 -967 -11762
8690 -1237 -11654
8691 -1613 -11586
8692 -1651 -11410
8693 -1581 -11254
8694 -1455 -11574
8695 -1245 -11574
8696 -1333 -11538
8697 -1475 -11782
8698 -1481 -11874
8699 -1461 -11754
8700 -1411 -11638
8701 -1335 -11558
8702 -1147 -11438
8703 -1087 -11390
8704 -963 -11418
8705 -1095 -11514
8706 -1165 -11662
8707 -1033 -11674
8708 -1035 -11742
8709 -961 -11730
8710 -1001 -11718
8711 -1037 -12038
8712 -887 -11938
8713 -945 -11950
8714 -937 -11874
8715 -905 -12018
8716 -875 -11946
8717 -1025 -12202
8718 -945 -11922
8719 -795 -12014
8720 -439 -12142
8721 -387 -11658
8722 -399 -11950
8723 -379 -11762
8724 -479 -11830
8725 -481 -11818
8726 -467 -11702
8727 -473 -11762
8728 -389 -11702
8729 -307 -11598
8730 -459 -11770
8731 -725 -11590
8732 -841 -11618
8733 -873 -11994
8734 -859 -11858
8735 -751 -11730
8736 -833 -11462
8737 -915 -11738
8738 -977 -11938
8739 -1023 -11942
8740 -1011 -12090
8741 -999 -12086
8742 -873 -12154
8743 -839 -12106
8744 -693 -11982
8745 -609 -11982
8746 -685 -12042
8747 -647 -12030
8748 -719 -12070
8749 -659 -11842
8750 -655 -12158
8751 -653 -12250
8752 -525 -12110
8753 -511 -12258
8754 -493 -12098
8755 -351 -12106
8756 -565 -12022
8757 -481 -11998
8758 -283 -12082
8759 -133 -11806
8760 -49 -11894
8761 -45 -11910
8762 89 -11898
8763 129 -11962
8764 95 -11930
8765 239 -12082
8766 -23 -11906
8767 33 -11850
8768 -29 -11934
8769 35 -11934
8770 145 -11954
8771 183 -12094
8772 223 -11994
8773 201 -12218
8774 143 -12138
8775 31 -11826
8776 15 -11626
8777 101 -12018
8778 163 -11922
8779 205 -11742
8780 133 -11986
8781 127 -11770
8782 157 -11642
8783 245 -11962
8784 351 -12298
8785 245 -12290
8786 177 -12022
8787 249 -12018
8788 47 -11990
8789 -23 -12026
8790 41 -11522
8791 53 -11582
8792 -65 -11590
8793 101 -11602
8794 141 -11866
8795 251 -12006
8796 187 -11746
8797 307 -11822
8798 345 -11642
8799 265 -11998
8800 427 -11754
8801 305 -11710
8802 197 -11926
8803 175 -11850
8804 249 -11746
8805 365 -11802
8806 279 -11982
8807 125 -11742
8808 7 -11442
8809 109 -11662
8810 33 -11870
8811 -25 -12034
8812 -31 -12310
8813 -69 -12094
8814 -121 -12210
8815 -43 -12178
8816 -189 -11978
8817 -115 -12010
8818 -245 -12022
8819 -145 -12086
8820 -73 -11930
8821 -73 -11938
8822 -53 -12098
8823 -95 -12130
8824 -101 -12130
8825 -251 -12030
8826 -141 -11962
8827 -157 -11942
8828 -155 -11642
8829 -107 -11498
8830 17 -11618
8831 -79 -11686
8832 -227 -11750
8833 -211 -11786
8834 -217 -11966
8835 -199 -11690
8836 -297 -11670
8837 -231 -11962
8838 -265 -11814
8839 -305 -11950
8840 -311 -12026
8841 -173 -11802
8842 -357 -11878
8843 -125 -11646
8844 31 -11698
8845 105 -11866
8846 -17 -11686
8847 -17 -11994
8848 -85 -11906
8849 -301 -11814
8850 -355 -11870
8851 -345 -11662
8852 -121 -11574
8853 -79 -11902
8854 -123 -11974
8855 -11 -12134
8856 97 -11982
8857 275 -11922
8858 389 -12114
8859 405 -11986
8860 283 -11926
8861 337 -12014
8862 515 -11962
8863 527 -12030
8864 563 -11978
8865 493 -11866
8866 743 -11962
8867 713 -11814
8868 549 -12110
8869 357 -12066
8870 287 -11610
8871 309 -11718
8872 197 -11602
8873 159 -11666
8874 85 -11786
8875 155 -11834
8876 259 -11698
8877 285 -11834
8878 269 -11766
8879 211 -11958
8880 145 -12034
8881 183 -11822
8882 145 -11762
8883 29 -11750
8884 41 -11850
8885 25 -12018
8886 -105 -11986
8887 -331 -12246
8888 -415 -12126
8889 -449 -11886
8890 -609 -11854
8891 -813 -12050
8892 -885 -12058
8893 -743 -12014
8894 -763 -11918
8895 -627 -11854
8896 -523 -12090
8897 -449 -12310
8898 -349 -12442
8899 -383 -12254
8900 -315 -12246
8901 -259 -12034
8902 -403 -11814
8903 -589 -11906
8904 -527 -11802
8905 -437 -12090
8906 -491 -12038
8907 -535 -12006
8908 -587 -12098
8909 -701 -12050
8910 -561 -11930
8911 -633 -12210
8912 -663 -11926
8913 -495 -12090
8914 -521 -12178
8915 -365 -12002
8916 -245 -11982
8917 -389 -12050
8918 -543 -12102
8919 -593 -11970
8920 -645 -11862
8921 -857 -11994
8922 -763 -11638
8923 -635 -11618
8924 -741 -11806
8925 -849 -11978
8926 -723 -11714
8927 -847 -11630
8928 -857 -11630
8929 -1035 -11866
8930 -1295 -11882
8931 -1341 -11598
8932 -1391 -12118
8933 -1289 -12230
8934 -1255 -12058
8935 -1279 -12026
8936 -1243 -11838
8937 -1321 -11854
8938 -1519 -11854
8939 -1389 -11702
8940 -1317 -11942
8941 -1209 -11802
8942 -1107 -11770
8943 -1089 -11818
8944 -1255 -11750
8945 -1121 -11854
8946 -1103 -11898
8947 -1015 -11834
8948 -1101 -11918
8949 -1163 -11938
8950 -1245 -11922
8951 -1129 -11874
8952 -1125 -12022
8953 -1123 -11786
8954 -859 -11718
8955 -759 -11750
8956 -841 -11690
8957 -853 -11706
8958 -797 -11986
8959 -769 -11654
8960 -713 -11714
8961 -739 -11690
8962 -763 -11954
8963 -757 -11658
8964 -995 -12054
8965 -919 -11942
8966 -741 -12042
8967 -813 -12086
8968 -893 -12030
8969 -921 -11806
8970 -769 -12026
8971 -679 -12058
8972 -815 -12014
8973 -897 -12150
8974 -891 -11938
8975 -901 -12010
8976 -1101 -12018
8977 -879 -12050
8978 -941 -11898
8979 -1155 -11938
8980 -1301 -11918
8981 -1217 -11870
8982 -1305 -11870
8983 -1347 -11990
8984 -1297 -12314
8985 -1291 -12030
8986 -1411 -12150
8987 -1431 -11970
8988 -1045 -11854
8989 -1185 -11882
8990 -1225 -11914
8991 -981 -12082
8992 -999 -12062
8993 -1067 -12106
8994 -1125 -12186
8995 -1275 -12034
8996 -1285 -12170
8997 -1269 -11902
8998 -1179 -12102
8999 -1203 -12298
9000 -1079 -12118
9001 -1087 -12274
9002 -1107 -12234
9003 -1193 -12306
9004 -991 -12070
9005 -861 -12006
9006 -897 -12058
9007 -767 -12126
9008 -727 -12090
9009 -949 -11994
9010 -979 -12038
9011 -1097 -12106
9012 -1069 -12102
9013 -1097 -12250
9014 -1155 -11914
9015 -1309 -11966
9016 -1133 -12082
9017 -919 -12278
9018 -823 -12258
9019 -669 -12054
9020 -617 -12134
9021 -471 -11942
9022 -405 -11742
9023 -425 -11826
9024 -429 -12090
9025 -411 -12206
9026 -487 -12118
9027 -659 -11986
9028 -613 -11970
9029 -545 -12210
9030 -621 -12290
9031 -557 -12206
9032 -481 -12142
9033 -565 -12330
9034 -529 -12386
9035 -539 -12526
9036 -459 -12114
9037 -437 -12330
9038 -375 -12542
9039 -523 -12242
9040 -571 -12206
9041 -511 -12394
9042 -657 -12258
9043 -751 -12406
9044 -685 -12126
9045 -775 -12142
9046 -641 -12050
9047 -701 -12002
9048 -711 -11966
9049 -629 -11846
9050 -677 -11850
9051 -933 -11854
9052 -933 -12030
9053 -961 -12094
9054 -923 -11974
9055 -955 -12054
9056 -975 -12026
9057 -835 -11942
9058 -921 -12070
9059 -887 -12358
9060 -749 -12206
9061 -895 -11986
9062 -751 -12046
9063 -721 -11806
9064 -689 -11638
9065 -427 -11682
9066 -341 -11486
9067 -463 -11694
9068 -487 -11862
9069 -591 -11630
9070 -603 -11482
9071 -379 -11714
9072 -353 -11622
9073 -411 -11538
9074 -419 -11758
9075 -413 -11630
9076 -611 -11566
9077 -561 -11706
9078 -623 -11874
9079 -501 -11950
9080 -591 -11854
9081 -565 -11694
9082 -583 -11538
9083 -627 -11622
9084 -589 -11566
9085 -641 -11850
9086 -509 -11710
9087 -341 -11914
9088 -49 -12010
9089 -195 -11746
9090 -305 -11634
9091 -405 -11618
9092 -295 -11914
9093 -497 -11878
9094 -511 -11650
9095 -347 -11854
9096 -401 -11794
9097 -475 -11866
9098 -507 -11882
9099 -525 -11978
9100 -495 -11854
9101 -433 -11926
9102 -415 -12266
9103 -231 -12314
9104 -339 -12066
9105 -463 -12046
9106 -371 -11926
9107 -633 -11978
9108 -611 -12018
9109 -359 -12062
9110 -477 -12162
9111 -591 -11726
9112 -709 -12022
9113 -563 -11810
9114 -605 -11842
9115 -681 -11926
9116 -633 -12202
9117 -615 -12130
9118 -637 -12078
9119 -521 -11974
9120 -537 -12026
9121 -307 -12074
9122 -379 -12142
9123 -451 -12138
9124 -563 -12102
9125 -503 -11914
9126 -307 -11898
9127 -229 -11746
9128 -221 -11718
9129 -363 -11934
9130 -327 -11786
9131 -219 -11906
9132 -373 -11866
9133 -323 -11650
9134 -235 -12050
9135 -147 -12018
9136 -161 -11998
9137 -75 -11878
9138 55 -12246
9139 59 -12242
9140 121 -12062
9141 131 -12054
9142 -65 -11914
9143 -129 -11882
9144 -263 -11930
9145 -227 -11762
9146 -479 -11706
9147 -467 -11418
9148 -415 -11558
9149 -369 -11554
9150 -363 -11890
9151 -393 -12010
9152 -643 -12238
9153 -561 -12010
9154 -599 -11970
9155 -663 -12230
9156 -669 -12102
9157 -653 -11962
9158 -605 -11914
9159 -643 -12154
9160 -611 -11778
9161 -387 -11782
9162 -443 -11706
9163 -605 -11734
9164 -671 -11898
9165 -717 -11910
9166 -659 -12118
9167 -655 -12022
9168 -479 -11862
9169 -513 -11830
9170 -443 -12002
9171 -599 -11886
9172 -563 -12062
9173 -551 -12246
9174 -455 -12242
9175 -301 -12186
9176 -417 -12162
9177 -285 -12150
9178 -43 -12486
9179 149 -12354
9180 239 -12214
9181 253 -12334
9182 205 -12110
9183 309 -11838
9184 461 -11658
9185 557 -11766
9186 513 -12134
9187 613 -12366
9188 497 -12106
9189 517 -12058
9190 617 -12174
9191 527 -11878
9192 569 -11906
9193 539 -12070
9194 639 -12242
9195 575 -12102
9196 497 -12034
9197 539 -11882
9198 581 -12014
9199 551 -11950
9200 471 -11770
9201 531 -11746
9202 617 -11830
9203 491 -11966
9204 417 -11882
9205 385 -11874
9206 249 -12014
9207 161 -12350
9208 29 -12490
9209 -95 -12274
9210 -49 -12118
9211 -17 -11666
9212 -11 -11814
9213 -67 -12090
9214 -19 -12314
9215 -129 -12234
9216 -53 -11614
9217 57 -11786
9218 213 -11730
9219 179 -11910
9220 39 -11630
9221 -163 -12122
9222 -165 -12290
9223 -263 -11978
9224 -149 -11698
9225 -251 -11910
9226 -133 -11906
9227 -135 -12222
9228 -257 -12318
9229 -363 -12202
9230 -285 -12282
9231 -301 -12222
9232 -313 -12202
9233 -153 -12442
9234 -203 -12110
9235 -365 -11666
9236 -285 -11790
9237 -513 -11710
9238 -485 -11882
9239 -653 -11822
9240 -817 -11682
9241 -519 -11986
9242 -505 -11814
9243 -577 -11626
9244 -305 -11558
9245 -191 -11770
9246 -203 -11390
9247 -279 -11522
9248 -211 -11814
9249 -291 -11870
9250 -271 -11942
9251 -497 -11790
9252 -453 -11966
9253 -445 -11842
9254 -309 -11858
9255 -295 -11790
9256 -311 -11934
9257 -553 -11734
9258 -739 -11758
9259 -695 -12042
9260 -823 -12186
9261 -1017 -12070
9262 -1233 -11958
9263 -1151 -12106
9264 -1043 -12238
9265 -831 -12262
9266 -683 -12234
9267 -759 -12334
9268 -513 -12342
9269 -375 -12398
9270 -227 -12402
9271 -263 -12306
9272 -271 -12146
9273 -355 -12290
9274 -435 -12326
9275 -421 -12078
9276 -439 -11726
9277 -575 -11878
9278 -361 -11978
9279 -419 -11950
9280 -279 -11990
9281 -319 -12258
9282 -261 -12130
9283 -309 -12002
9284 -365 -11942
9285 -375 -12018
9286 -315 -11634
9287 -151 -11934
9288 -211 -12134
9289 -145 -12118
9290 -265 -12238
9291 -381 -12486
9292 -107 -12394
9293 7 -12158
9294 -19 -12190
9295 -51 -12314
9296 -219 -12462
9297 -275 -12490
9298 -63 -12502
9299 27 -12150
9300 -1 -12294
9301 -25 -12278
9302 115 -12406
9303 429 -12338
9304 377 -12350
9305 305 -12118
9306 669 -12090
9307 625 -12126
9308 651 -11882
9309 641 -12206
9310 623 -12306
9311 405 -11830
9312 317 -11778
9313 421 -11842
9314 263 -12082
9315 315 -11994
9316 457 -12042
9317 339 -11898
9318 439 -11926
9319 567 -11890
9320 493 -11626
9321 497 -11898
9322 399 -11858
9323 337 -12026
9324 323 -12446
9325 319 -12062
9326 323 -12274
9327 393 -12094
9328 651 -12286
9329 621 -12186
9330 725 -12250
9331 783 -12166
9332 621 -12242
9333 731 -11950
9334 507 -12078
9335 437 -12086
9336 353 -11994
9337 111 -12050
9338 123 -12078
9339 25 -11934
9340 -85 -12106
9341 -119 -12026
9342 -169 -12226
9343 -133 -12130
9344 -217 -11910
9345 -385 -11918
9346 -279 -12114
9347 -301 -12106
9348 -359 -11858
9349 -239 -11818
9350 -277 -11786
9351 -329 -11990
9352 -73 -12058
9353 -139 -12014
9354 -183 -12098
9355 -211 -12050
9356 -245 -12338
9357 -259 -12510
9358 -247 -12414
9359 -359 -12378
9360 -255 -12314
9361 -309 -12258
9362 -371 -12214
9363 -409 -12154
9364 -457 -11858
9365 -209 -12066
9366 -153 -12090
9367 -529 -12030
9368 -711 -11990
9369 -653 -11954
9370 -841 -11986
9371 -789 -12262
9372 -911 -12082
9373 -869 -12078
9374 -1079 -12182
9375 -1209 -12186
9376 -1207 -12226
9377 -1135 -12314
9378 -1225 -12190
9379 -1315 -12034
9380 -1233 -12518
9381 -1191 -12598
9382 -1215 -12826
9383 -1153 -12718
9384 -1183 -12614
9385 -1167 -12558
9386 -957 -12502
9387 -965 -12830
9388 -1011 -12834
9389 -1117 -12818
9390 -1035 -12714
9391 -1163 -12526
9392 -1283 -12274
9393 -1499 -12142
9394 -1303 -12126
9395 -1135 -12234
9396 -1199 -12078
9397 -1363 -12250
9398 -1263 -12402
9399 -1213 -12278
9400 -1255 -12538
9401 -1171 -12326
9402 -1119 -12222
9403 -1055 -12130
9404 -785 -12126
9405 -843 -11978
9406 -767 -12262
9407 -803 -12206
9408 -845 -12274
9409 -705 -12094
9410 -587 -12594
9411 -597 -12438
9412 -781 -12370
9413 -767 -12350
9414 -527 -12254
9415 -465 -12106
9416 -353 -12182
9417 -381 -11966
9418 -303 -12114
9419 -407 -12362
9420 -407 -12358
9421 -275 -12286
9422 -245 -12006
9423 -163 -11994
9424 -185 -11918
9425 -175 -12014
9426 -41 -12398
9427 31 -12318
9428 27 -12226
9429 67 -12566
9430 -7 -12414
9431 -67 -12186
9432 -201 -12126
9433 -143 -11878
9434 -283 -12238
9435 -527 -11974
9436 -531 -12050
9437 -641 -12078
9438 -755 -11842
9439 -789 -12006
9440 -805 -12210
9441 -845 -12350
9442 -755 -12182
9443 -915 -12250
9444 -945 -12198
9445 -857 -12158
9446 -887 -12126
9447 -903 -12238
9448 -879 -12074
9449 -929 -11990
9450 -985 -11918
9451 -831 -11706
9452 -743 -11762
9453 -785 -11862
9454 -793 -12002
9455 -769 -11710
9456 -679 -11706
9457 -581 -11774
9458 -397 -11522
9459 -519 -11666
9460 -277 -11754
9461 -201 -11786
9462 -61 -11834
9463 5 -12030
9464 -27 -12354
9465 5 -12486
9466 85 -12014
9467 79 -11798
9468 87 -11890
9469 149 -11758
9470 171 -11798
9471 87 -11758
9472 423 -11918
9473 269 -11694
9474 135 -11578
9475 119 -11682
9476 155 -11454
9477 33 -11594
9478 -143 -11554
9479 35 -12050
9480 -1 -11982
9481 -39 -11910
9482 -191 -12138
9483 -213 -12046
9484 -263 -11814
9485 -303 -12030
9486 -413 -11866
9487 -647 -11802
9488 -747 -11930
9489 -701 -11718
9490 -711 -11542
9491 -563 -11594
9492 -775 -11630
9493 -663 -11938
9494 -693 -11642
9495 -795 -11594
9496 -769 -11706
9497 -693 -11882
9498 -663 -11914
9499 -569 -11778
9500 -637 -11718
9501 -653 -11462
9502 -861 -11502
9503 -903 -11330
9504 -883 -11322
9505 -1221 -11370
9506 -1347 -11486
9507 -1633 -11618
9508 -1551 -11878
9509 -1661 -12066
9510 -1759 -11902
9511 -1811 -11914
9512 -1801 -12018
9513 -1597 -11702
9514 -1593 -11786
9515 -1621 -12022
9516 -1801 -12146
9517 -1489 -12138
9518 -1371 -12018
9519 -1289 -11986
9520 -1181 -12018
9521 -1279 -11778
9522 -1261 -11622
9523 -1329 -11846
9524 -1163 -11894
9525 -1091 -11734
9526 -983 -11758
9527 -1019 -11942
9528 -933 -12050
9529 -721 -12094
9530 -517 -12038
9531 -443 -11822
9532 -639 -12054
9533 -581 -12094
9534 -611 -12382
9535 -581 -12186
9536 -655 -12090
9537 -777 -12098
9538 -669 -12230
9539 -571 -12106
9540 -617 -11790
9541 -517 -11906
9542 -525 -11610
9543 -499 -11886
9544 -369 -11786
9545 -369 -11766
9546 -393 -11978
9547 -313 -12254
9548 -283 -12042
9549 -371 -11998
9550 -335 -11910
9551 -495 -12142
9552 -583 -12038
9553 -597 -11998
9554 -653 -11798
9555 -601 -11834
9556 -511 -12006
9557 -597 -11890
9558 -577 -11874
9559 -423 -11738
9560 -355 -11786
9561 -329 -11886
9562 -199 -11826
9563 -223 -11866
9564 -369 -12158
9565 -303 -11974
9566 -219 -11850
9567 -83 -11894
9568 69 -12066
9569 131 -11994
9570 -3 -11806
9571 -107 -11838
9572 -165 -12010
9573 -43 -11718
9574 111 -12006
9575 189 -12126
9576 347 -11866
9577 141 -11806
9578 329 -11914
9579 353 -12038
9580 291 -11898
9581 291 -12206
9582 193 -12422
9583 247 -12118
9584 101 -12050
9585 95 -12098
9586 77 -12014
9587 187 -12006
9588 73 -11718
9589 171 -11970
9590 119 -11846
9591 263 -11830
9592 119 -11962
9593 81 -12042
9594 95 -12066
9595 -97 -11870
9596 59 -11994
9597 27 -12010
9598 -77 -11938
9599 99 -11894
9600 5 -11918
9601 101 -11962
9602 147 -11958
9603 -121 -11982
9604 -369 -12058
9605 -349 -12070
9606 -195 -12178
9607 -95 -12394
9608 -197 -12562
9609 -233 -12218
9610 -315 -12246
9611 -439 -12326
9612 -341 -12514
9613 -485 -12490
9614 -431 -12490
9615 -463 -12390
9616 -441 -12314
9617 -323 -12354
9618 -347 -12302
9619 -261 -12106
9620 -165 -12006
9621 -271 -12298
9622 -361 -12198
9623 -421 -12130
9624 -573 -12194
9625 -567 -12298
9626 -631 -12006
9627 -573 -12162
9628 -645 -12238
9629 -515 -11802
9630 -425 -11770
9631 -395 -11902
9632 -409 -12038
9633 -485 -11994
9634 -701 -12110
9635 -733 -12298
9636 -835 -12342
9637 -853 -12030
9638 -941 -11830
9639 -877 -11766
9640 -925 -11594
9641 -913 -11674
9642 -925 -12130
9643 -997 -11994
9644 -965 -11626
9645 -1029 -11818
9646 -1065 -12026
9647 -1049 -12014
9648 -1189 -11798
9649 -1199 -12070
9650 -1193 -11718
9651 -1069 -12054
9652 -1263 -12198
9653 -1299 -12114
9654 -1303 -11994
9655 -1219 -12230
9656 -1055 -12098
9657 -951 -12078
9658 -879 -12174
9659 -821 -12010
9660 -875 -11990
9661 -735 -12014
9662 -897 -11774
9663 -699 -12238
9664 -707 -12326
9665 -747 -12354
9666 -599 -12366
9667 -783 -12138
9668 -775 -12538
9669 -813 -12478
9670 -771 -12070
9671 -763 -12218
9672 -957 -12022
9673 -845 -12190
9674 -803 -12242
9675 -745 -12038
9676 -693 -12182
9677 -671 -12042
9678 -579 -11898
9679 -495 -11918
9680 -569 -12098
9681 -427 -12266
9682 -445 -12046
9683 -403 -12098
9684 -295 -12354
9685 -359 -12142
9686 -295 -12066
9687 -255 -12222
9688 -293 -12234
9689 -281 -12186
9690 -479 -12206
9691 -601 -12294
9692 -507 -12354
9693 -409 -12026
9694 -215 -12150
9695 -271 -12178
9696 -227 -12214
9697 -193 -12286
9698 -273 -12382
9699 -351 -12390
9700 -335 -12386
9701 -303 -12338
9702 -337 -12298
9703 -431 -12134
9704 -517 -12006
9705 -411 -11762
9706 -467 -11706
9707 -353 -11742
9708 -321 -11786
9709 -211 -11754
9710 -173 -11770
9711 -127 -11762
9712 -173 -12002
9713 -101 -11942
9714 -113 -11778
9715 -171 -12082
9716 -33 -11946
9717 -59 -12082
9718 -159 -11830
9719 -121 -12110
9720 101 -12166
9721 11 -12002
9722 -21 -12162
9723 153 -12062
9724 111 -12202
9725 3 -12258
9726 -21 -12014
9727 -35 -11882
9728 -107 -12118
9729 -121 -11930
9730 -317 -11958
9731 -329 -12130
9732 -423 -12002
9733 -523 -12054
9734 -313 -11850
9735 -499 -11690
9736 -543 -12070
9737 -547 -12054
9738 -573 -12094
9739 -617 -11810
9740 -493 -11994
9741 -465 -12014
9742 -357 -11882
9743 -407 -11998
9744 -497 -11986
9745 -543 -11930
9746 -149 -11926
9747 -27 -11682
9748 135 -11786
9749 251 -11806
9750 147 -11662
9751 235 -11674
9752 221 -11498
9753 209 -11902
9754 253 -11994
9755 23 -11982
9756 -177 -12070
9757 -219 -12138
9758 -255 -11746
9759 -235 -11958
9760 -123 -12090
9761 -37 -12186
9762 75 -12126
9763 87 -12202
9764 13 -12158
9765 -73 -12282
9766 17 -12142
9767 139 -11946
9768 157 -12030
9769 195 -12006
9770 187 -11898
9771 155 -11782
9772 71 -11890
9773 321 -12026
9774 211 -12246
9775 89 -12306
9776 195 -12298
9777 211 -12054
9778 341 -12158
9779 333 -12066
9780 421 -11882
9781 389 -11926
9782 387 -11570
9783 291 -11610
9784 259 -11606
9785 241 -11778
9786 207 -11798
9787 143 -11770
9788 -7 -11414
9789 -191 -11502
9790 -283 -11682
9791 -97 -11822
9792 -25 -12134
9793 -29 -12086
9794 -21 -11754
9795 -23 -11694
9796 -291 -11714
9797 -257 -11870
9798 -275 -11826
9799 -287 -11786
9800 -25 -11722
9801 -121 -11510
9802 -175 -11918
9803 -41 -11646
9804 -111 -11838
9805 -175 -11846
9806 -139 -11722
9807 -213 -11954
9808 -209 -12006
9809 -227 -11802
9810 -173 -11662
9811 -287 -11646
9812 -255 -11570
9813 -145 -11602
9814 -219 -11534
9815 7 -11694
9816 -103 -11758
9817 97 -11890
9818 159 -11594
9819 115 -11526
9820 195 -11514
9821 245 -11466
9822 149 -11490
9823 119 -11798
9824 -123 -11990
9825 -149 -11890
9826 -199 -11970
9827 -111 -11910
9828 -125 -11954
9829 -109 -11946
9830 37 -11774
9831 -71 -11954
9832 -73 -12026
9833 -365 -11966
9834 -395 -11990
9835 -333 -11914
9836 -353 -11962
9837 -439 -12006
9838 -475 -11870
9839 -577 -11978
9840 -791 -11902
9841 -755 -11954
9842 -737 -12038
9843 -619 -12162
9844 -657 -12070
9845 -767 -12098
9846 -783 -12094
9847 -917 -12042
9848 -725 -12234
9849 -701 -11966
9850 -673 -12102
9851 -765 -12198
9852 -775 -12278
9853 -889 -11938
9854 -693 -11822
9855 -513 -12002
9856 -307 -11902
9857 -187 -11710
9858 -105 -11662
9859 -241 -11798
9860 -101 -11982
9861 -13 -12066
9862 5 -12078
9863 191 -11830
9864 63 -11762
9865 327 -11954
9866 397 -12150
9867 463 -11954
9868 537 -11782
9869 569 -11886
9870 447 -11946
9871 419 -11846
9872 307 -11474
9873 363 -11638
9874 563 -11474
9875 625 -11594
9876 585 -11786
9877 613 -11482
9878 755 -11358
9879 705 -11646
9880 899 -11462
9881 819 -11510
9882 909 -11266
9883 1043 -11310
9884 865 -11454
9885 933 -11526
9886 817 -11538
9887 759 -11390
9888 705 -11250
9889 847 -11190
9890 1031 -11378
9891 1061 -11406
9892 1099 -11134
9893 1043 -11210
9894 877 -11318
9895 1013 -11570
9896 1259 -11538
9897 1229 -11462
9898 1137 -11610
9899 1063 -11726
9900 1167 -11794
9901 999 -11810
9902 1151 -11714
9903 1249 -12098
9904 1321 -11966
9905 1325 -12014
9906 1381 -12022
9907 1293 -12078
9908 1361 -11918
9909 1219 -11730
9910 1241 -11882
9911 1131 -11994
9912 1303 -11906
9913 1233 -11862
9914 1315 -12082
9915 1265 -12046
9916 1141 -12202
9917 1079 -12150
9918 1231 -12398
9919 1131 -12478
9920 1179 -12302
9921 1393 -12170
9922 1379 -12218
9923 1407 -12302
9924 1445 -12258
9925 1341 -12378
9926 1453 -12314
9927 1359 -12114
9928 1355 -11982
9929 1299 -12222
9930 1227 -12374
9931 1215 -11898
9932 1423 -11814
9933 1285 -11966
9934 1405 -12002
9935 1325 -12194
9936 1337 -12222
9937 1247 -12070
9938 1127 -11934
9939 949 -11578
9940 833 -11946
9941 849 -11878
9942 739 -11678
9943 655 -11714
9944 613 -11630
9945 761 -11586
9946 755 -11510
9947 799 -11482
9948 749 -11394
9949 597 -11594
9950 539 -11574
9951 589 -11778
9952 749 -11854
9953 663 -12170
9954 781 -12098
9955 577 -11742
9956 501 -11606
9957 461 -11566
9958 435 -11386
9959 401 -11650
9960 209 -11450
9961 43 -11542
9962 155 -11466
9963 153 -11514
9964 107 -11194
9965 213 -11402
9966 79 -11642
9967 199 -11594
9968 209 -11730
9969 297 -11682
9970 319 -11630
9971 389 -11538
9972 435 -11598
9973 397 -11634
9974 561 -11754
9975 287 -11362
9976 251 -11538
9977 357 -11738
9978 257 -11490
9979 339 -11582
9980 147 -11738
9981 137 -11754
9982 287 -11586
9983 347 -11306
9984 481 -11246
9985 413 -11566
9986 467 -11502
9987 185 -11550
9988 215 -11866
9989 235 -11778
9990 217 -11622
9991 237 -11618
9992 403 -11686
9993 627 -11474
9994 789 -11406
9995 815 -11538
9996 853 -11718
9997 765 -11754
9998 1019 -12018
9999 973 -11714
