0 505 -6134
1 527 -8210
2 473 -9182
3 487 -9790
4 541 -10138
5 463 -10354
6 637 -10678
7 705 -10690
8 593 -10822
9 653 -10830
10 703 -10902
11 523 -11122
12 467 -11146
13 481 -11442
14 443 -11570
15 329 -11618
16 403 -11658
17 351 -11442
18 567 -11490
19 617 -11574
20 701 -11534
21 631 -11374
22 511 -11546
23 739 -11446
24 521 -11474
25 463 -11258
26 299 -11358
27 151 -11290
28 73 -11462
29 101 -11866
30 53 -11746
31 -177 -11522
32 -127 -11790
33 -115 -11738
34 -99 -11806
35 -91 -11970
36 -271 -12170
37 -247 -12026
38 -287 -11950
39 -265 -12010
40 -193 -12022
41 -241 -12002
42 -305 -12094
43 -367 -12070
44 -571 -12122
45 -521 -12158
46 -677 -12218
47 -699 -11986
48 -893 -12126
49 -913 -12078
50 -1029 -12038
51 -1011 -12130
52 -999 -12006
53 -919 -12238
54 -895 -12222
55 -985 -12146
56 -827 -12150
57 -749 -12134
58 -773 -12150
59 -673 -12294
60 -525 -11910
61 -403 -11946
62 -531 -12154
63 -617 -12258
64 -699 -12350
65 -729 -12498
66 -739 -12658
67 -761 -12334
68 -697 -12158
69 -507 -12166
70 -695 -12194
71 -573 -12066
72 -573 -12154
73 -659 -12130
74 -639 -12138
75 -587 -11882
76 -553 -11730
77 -695 -12054
78 -601 -11878
79 -757 -11810
80 -589 -12030
81 -607 -11958
82 -669 -12082
83 -749 -12054
84 -791 -12074
85 -813 -12110
86 -881 -11966
87 -947 -12066
88 -903 -11950
89 -969 -12266
90 -977 -12202
91 -947 -12314
92 -983 -12410
93 -1073 -12454
94 -1125 -12506
95 -1045 -12402
96 -1051 -12338
97 -1099 -12302
98 -1285 -12230
99 -1403 -12262
100 -1373 -12038
101 -1621 -12206
102 -1623 -12354
103 -1543 -12442
104 -1597 -12362
105 -1559 -12226
106 -1659 -12166
107 -1647 -12098
108 -1447 -11874
109 -1523 -12038
110 -1639 -12046
111 -1641 -12114
112 -1657 -12158
113 -1679 -12198
114 -1965 -12110
115 -2047 -12106
116 -2023 -12366
117 -1891 -12182
118 -1985 -12098
119 -2079 -12130
120 -2079 -12126
121 -2113 -12138
122 -2101 -12446
123 -2181 -12318
124 -2005 -12118
125 -2087 -12226
126 -2223 -12494
127 -2191 -12342
128 -2151 -12146
129 -2145 -12218
130 -2083 -12466
131 -2167 -12166
132 -2155 -12174
133 -2161 -12030
134 -2219 -11982
135 -2147 -12090
136 -2181 -12158
137 -2357 -12306
138 -2467 -12374
139 -2283 -12022
140 -2171 -12138
141 -2237 -12474
142 -2335 -12510
143 -2119 -12278
144 -2137 -12250
145 -2243 -12326
146 -2283 -12102
147 -2245 -12078
148 -2323 -12066
149 -2149 -12194
150 -2179 -11942
151 -2185 -11846
152 -2399 -11990
153 -2387 -12474
154 -2305 -12222
155 -2247 -12058
156 -2347 -11906
157 -2395 -11910
158 -2291 -12286
159 -2243 -12194
160 -2269 -12154
161 -2421 -11930
162 -2377 -11842
163 -2313 -12046
164 -2317 -12206
165 -2383 -12014
166 -2323 -12154
167 -2289 -12110
168 -2229 -12142
169 -2245 -11930
170 -2431 -12086
171 -2525 -12150
172 -2481 -11946
173 -2513 -12270
174 -2485 -12202
175 -2373 -12354
176 -2281 -12274
177 -2213 -12390
178 -2201 -12162
179 -2245 -12330
180 -2223 -12258
181 -2207 -12186
182 -2187 -12086
183 -2075 -12266
184 -2103 -12550
185 -2125 -12438
186 -2085 -12526
187 -2193 -12730
188 -2155 -12726
189 -2025 -12634
190 -1975 -12714
191 -1973 -12442
192 -1813 -12358
193 -2013 -12542
194 -1877 -12458
195 -1877 -12530
196 -1885 -12282
197 -1809 -12362
198 -1743 -12334
199 -1629 -12414
200 -1735 -12238
201 -1505 -12090
202 -1459 -12406
203 -1431 -12122
204 -1529 -12222
205 -1493 -12206
206 -1605 -11970
207 -1453 -11702
208 -1437 -12178
209 -1583 -12182
210 -1599 -12278
211 -1489 -12274
212 -1591 -12162
213 -1481 -12018
214 -1511 -12062
215 -1527 -12250
216 -1289 -12198
217 -1109 -12370
218 -975 -12070
219 -777 -12186
220 -603 -12042
221 -739 -12210
222 -745 -12538
223 -555 -12190
224 -387 -12222
225 -357 -12110
226 -453 -11794
227 -251 -11962
228 -321 -11866
229 -243 -11770
230 -219 -11878
231 -227 -11754
232 -259 -11810
233 -325 -11998
234 -235 -12274
235 -269 -12046
236 -129 -12134
237 -173 -11914
238 -261 -11918
239 -383 -11786
240 -329 -11698
241 -283 -11742
242 -257 -11854
243 -217 -11894
244 -299 -11842
245 -289 -11982
246 -183 -11986
247 -113 -12002
248 -153 -12026
249 -229 -12078
250 -171 -12210
251 57 -12154
252 109 -12202
253 -37 -12322
254 19 -12114
255 17 -12178
256 9 -12162
257 23 -12158
258 33 -12238
259 -95 -12254
260 -53 -12262
261 -109 -12130
262 -61 -12026
263 -175 -12046
264 -79 -11714
265 -211 -11834
266 -317 -11954
267 -219 -12090
268 -67 -11666
269 -285 -12210
270 -297 -12242
271 -247 -12258
272 -185 -12018
273 115 -12014
274 243 -12010
275 271 -12238
276 129 -12082
277 87 -12054
278 135 -11842
279 181 -11966
280 341 -11814
281 327 -11946
282 111 -12086
283 133 -12082
284 175 -11990
285 309 -11946
286 305 -12162
287 325 -12154
288 155 -11998
289 233 -11914
290 279 -11934
291 379 -11634
292 235 -11790
293 135 -12050
294 29 -12010
295 63 -12218
296 81 -12126
297 17 -12174
298 159 -12338
299 223 -12262
300 279 -12222
301 337 -12190
302 399 -12050
303 505 -12062
304 349 -12174
305 401 -12158
306 449 -12102
307 515 -12174
308 437 -12090
309 293 -11918
310 377 -11890
311 237 -12330
312 109 -12206
313 -47 -11966
314 -153 -12270
315 -175 -12150
316 -151 -12142
317 -179 -12090
318 -51 -11746
319 109 -11638
320 175 -11754
321 239 -11914
322 329 -12030
323 339 -11930
324 451 -11862
325 467 -11946
326 431 -11854
327 481 -11830
328 427 -11890
329 473 -11754
330 419 -11834
331 417 -11970
332 443 -12094
333 485 -12090
334 451 -11782
335 389 -12102
336 419 -12202
337 575 -12042
338 563 -11970
339 759 -12058
340 675 -12326
341 693 -12210
342 695 -12046
343 555 -12058
344 559 -12150
345 541 -12110
346 505 -12102
347 305 -12442
348 251 -12346
349 499 -12130
350 391 -12238
351 275 -12206
352 167 -12042
353 195 -11998
354 47 -11794
355 -89 -11914
356 1 -11938
357 -85 -11890
358 147 -12130
359 135 -11966
360 15 -11894
361 -25 -11882
362 -19 -12042
363 131 -12010
364 151 -12146
365 125 -12118
366 105 -12470
367 -27 -12094
368 45 -12274
369 113 -12098
370 189 -12046
371 199 -11994
372 165 -12094
373 353 -12082
374 445 -11942
375 479 -11910
376 405 -11698
377 479 -12042
378 319 -12166
379 221 -12218
380 419 -12166
381 419 -12178
382 497 -12362
383 381 -12302
384 483 -12302
385 607 -12502
386 521 -11990
387 471 -12122
388 529 -12114
389 367 -12070
390 425 -12058
391 353 -12042
392 475 -12162
393 429 -11986
394 411 -12090
395 291 -12202
396 449 -12026
397 437 -12186
398 633 -12062
399 613 -12246
400 761 -12514
401 741 -12342
402 751 -12438
403 733 -12174
404 837 -12230
405 681 -12274
406 893 -11890
407 857 -11926
408 841 -11882
409 803 -12382
410 683 -12242
411 755 -12262
412 661 -11906
413 737 -12114
414 751 -12050
415 807 -12186
416 861 -12046
417 937 -11846
418 991 -11690
419 879 -11906
420 1037 -12186
421 1015 -12154
422 1033 -12118
423 1051 -12198
424 1023 -12206
425 1183 -12230
426 1167 -12270
427 1269 -11966
428 1421 -12186
429 1305 -12526
430 1529 -12338
431 1513 -12626
432 1605 -12626
433 1703 -12530
434 1631 -12226
435 1557 -12114
436 1625 -12202
437 1639 -12406
438 1617 -12422
439 1645 -12066
440 1687 -12114
441 1633 -12310
442 1569 -12250
443 1527 -12342
444 1481 -12310
445 1597 -12354
446 1505 -12322
447 1505 -12086
448 1611 -12234
449 1541 -12150
450 1461 -12270
451 1347 -12078
452 1427 -12338
453 1593 -12638
454 1569 -12634
455 1525 -12590
456 1399 -12266
457 1507 -12190
458 1619 -12030
459 1665 -11930
460 2057 -12146
461 2067 -12366
462 2009 -12406
463 2089 -12498
464 2205 -12282
465 2333 -12182
466 2233 -12310
467 2181 -12146
468 2103 -12194
469 2095 -12250
470 2097 -12318
471 2083 -12506
472 2037 -12422
473 2067 -12466
474 2031 -12378
475 1975 -12418
476 1995 -12338
477 2041 -12446
478 2103 -12214
479 2269 -12430
480 2249 -12462
481 2025 -12478
482 2169 -12334
483 2129 -12182
484 2181 -12358
485 2137 -12282
486 2261 -12126
487 2293 -11942
488 2281 -12434
489 2239 -12158
490 2367 -12378
491 2405 -12366
492 2427 -12506
493 2413 -12258
494 2549 -12546
495 2477 -12726
496 2621 -12598
497 2601 -12582
498 2553 -12294
499 2611 -12450
500 2701 -12438
501 2531 -12346
502 2483 -12278
503 2673 -12418
504 2517 -12242
505 2595 -12434
506 2579 -12214
507 2617 -12314
508 2579 -12150
509 2553 -12178
510 2601 -12266
511 2703 -12438
512 2665 -12194
513 2671 -12162
514 2735 -12478
515 2505 -12290
516 2509 -12214
517 2475 -12142
518 2729 -11946
519 2713 -12010
520 2727 -12290
521 2707 -12110
522 2825 -12002
523 2699 -12054
524 2679 -12118
525 2705 -12014
526 2627 -12198
527 2633 -11950
528 2439 -11898
529 2365 -11730
530 2281 -11598
531 2231 -11702
532 2281 -11866
533 2289 -12182
534 2497 -12186
535 2281 -12194
536 2161 -12034
537 2131 -12170
538 1863 -12030
539 1843 -12266
540 1973 -12026
541 1975 -11658
542 1949 -11790
543 1977 -11990
544 1849 -11874
545 1969 -11994
546 1859 -11898
547 1789 -11866
548 1759 -12086
549 1871 -11974
550 1673 -12054
551 1601 -12286
552 1595 -12102
553 1571 -12210
554 1661 -12110
555 1571 -11830
556 1669 -12130
557 1563 -12102
558 1431 -11822
559 1477 -11926
560 1575 -12066
561 1677 -12006
562 1843 -11990
563 1725 -12082
564 1793 -12126
565 1885 -12462
566 1809 -12198
567 1869 -12230
568 1851 -12058
569 1741 -11906
570 1709 -12046
571 1663 -12026
572 1553 -11854
573 1689 -11938
574 1605 -12002
575 1429 -12006
576 1507 -12330
577 1541 -12154
578 1439 -12082
579 1457 -11982
580 1419 -11962
581 1277 -12018
582 1173 -11930
583 1169 -12006
584 1347 -12110
585 1233 -12022
586 1179 -11802
587 1111 -11626
588 1317 -11694
589 1279 -11770
590 1463 -11994
591 1441 -11942
592 1565 -11926
593 1767 -11914
594 1757 -11754
595 1907 -11722
596 1797 -11458
597 1879 -11446
598 1881 -11490
599 1931 -11582
600 2083 -11890
601 1925 -11822
602 2123 -11834
603 2187 -11990
604 2339 -12242
605 2329 -12230
606 2313 -12006
607 2369 -12170
608 2267 -12318
609 2069 -12058
610 1941 -12198
611 2077 -12234
612 2051 -12382
613 2119 -12282
614 2259 -12342
615 2157 -12222
616 1953 -12178
617 1985 -11982
618 1821 -12098
619 1783 -12046
620 1753 -12158
621 1685 -12450
622 1691 -12210
623 1733 -12238
624 1863 -12570
625 1775 -12518
626 1729 -12458
627 1847 -12254
628 1759 -12518
629 1719 -12362
630 1653 -12310
631 1761 -12410
632 1703 -12486
633 1791 -12186
634 1649 -12130
635 1711 -12166
636 1807 -12418
637 1723 -12550
638 1695 -12498
639 1559 -12562
640 1541 -12430
641 1319 -12342
642 1349 -12158
643 1327 -11994
644 1337 -11898
645 1427 -11594
646 1421 -11770
647 1233 -11686
648 1433 -11654
649 1377 -11762
650 1453 -11498
651 1419 -11590
652 1441 -11962
653 1361 -11994
654 1191 -11818
655 1117 -11890
656 921 -12078
657 1043 -11990
658 1121 -12086
659 1087 -12214
660 1217 -12234
661 1181 -11954
662 1233 -12138
663 1211 -12034
664 1209 -12026
665 1071 -11926
666 1037 -11986
667 833 -11974
668 939 -12054
669 973 -11774
670 775 -11702
671 703 -12026
672 379 -12122
673 545 -12258
674 571 -12230
675 475 -11978
676 473 -12194
677 589 -12338
678 565 -12298
679 515 -12078
680 243 -12014
681 259 -11842
682 33 -11994
683 63 -12318
684 -55 -11882
685 -27 -12006
686 -141 -11770
687 -275 -11774
688 -201 -11938
689 -209 -11798
690 -147 -11606
691 55 -11318
692 109 -11506
693 201 -11746
694 297 -11782
695 347 -11702
696 545 -11582
697 425 -11778
698 279 -11790
699 325 -11674
700 285 -11850
701 263 -11806
702 109 -11918
703 147 -12038
704 111 -12066
705 -3 -12250
706 29 -12162
707 -59 -12170
708 -29 -12158
709 -87 -12198
710 -131 -12330
711 -211 -12142
712 -179 -12194
713 -457 -12098
714 -553 -12346
715 -509 -12486
716 -389 -12518
717 -297 -12334
718 -227 -12434
719 -239 -12330
720 -289 -12334
721 -287 -12258
722 -135 -12202
723 -131 -12342
724 -217 -12018
725 -319 -12090
726 -419 -12046
727 -305 -12126
728 -353 -11934
729 -385 -11638
730 -277 -11730
731 -231 -11562
732 -293 -11918
733 -447 -12126
734 -343 -12166
735 -283 -11782
736 -303 -12022
737 -243 -11898
738 -307 -11702
739 -201 -11550
740 -159 -11490
741 -113 -11746
742 -213 -11778
743 -175 -11826
744 -279 -11654
745 -211 -11650
746 -179 -11782
747 -197 -11794
748 -399 -11666
749 -435 -11602
750 -361 -11630
751 -403 -11662
752 -311 -11702
753 -303 -11690
754 -343 -12170
755 -321 -11930
756 -311 -12026
757 -403 -11814
758 -443 -11714
759 -437 -11466
760 -389 -11370
761 -449 -11526
762 -553 -11698
763 -387 -11694
764 -379 -11826
765 -285 -11918
766 -253 -12082
767 -305 -12010
768 -147 -11790
769 -315 -11970
770 -283 -11782
771 -251 -11754
772 -261 -11734
773 -335 -11854
774 -265 -11842
775 -283 -11894
776 -371 -11814
777 -373 -11930
778 -353 -11806
779 -387 -11922
780 -287 -11850
781 -355 -11742
782 -413 -11790
783 -391 -11742
784 -559 -11886
785 -627 -11934
786 -633 -11858
787 -613 -11982
788 -593 -11934
789 -579 -11890
790 -725 -11842
791 -629 -12090
792 -537 -11922
793 -413 -11802
794 -459 -11630
795 -521 -11826
796 -529 -12098
797 -537 -12174
798 -493 -12206
799 -589 -12186
800 -471 -11934
801 -287 -12062
802 -303 -12270
803 -431 -12262
804 -447 -12154
805 -337 -12158
806 -245 -12082
807 -181 -12094
808 -97 -12258
809 -189 -12434
810 -53 -12338
811 -93 -11954
812 47 -12070
813 -85 -12162
814 -127 -12282
815 -79 -12582
816 -193 -12202
817 -331 -12206
818 -385 -12310
819 -205 -12130
820 -251 -12122
821 -243 -12050
822 -267 -12074
823 -131 -12030
824 -157 -11930
825 -155 -11822
826 -115 -11878
827 -193 -11590
828 -191 -11722
829 -219 -11750
830 -51 -11886
831 129 -12102
832 129 -11798
833 295 -11746
834 151 -11858
835 259 -11830
836 367 -12114
837 349 -11926
838 489 -12022
839 657 -11990
840 635 -11878
841 763 -11910
842 789 -11842
843 765 -11794
844 771 -12158
845 873 -12098
846 961 -12226
847 1103 -12194
848 989 -12062
849 831 -12182
850 859 -12150
851 781 -12254
852 871 -12026
853 725 -11830
854 679 -11958
855 659 -12086
856 745 -11946
857 919 -12050
858 857 -12026
859 905 -12058
860 1009 -12430
861 989 -12394
862 1013 -12318
863 997 -11986
864 849 -11978
865 729 -11934
866 587 -11714
867 561 -11510
868 719 -11698
869 599 -12210
870 529 -12290
871 763 -12338
872 689 -12050
873 675 -11894
874 523 -11990
875 615 -12066
876 525 -12162
877 575 -12234
878 585 -12126
879 589 -12050
880 615 -12250
881 569 -12234
882 677 -12302
883 767 -12358
884 967 -12390
885 933 -12410
886 861 -12294
887 593 -12166
888 527 -12110
889 641 -11826
890 627 -11958
891 425 -11918
892 483 -11922
893 521 -11826
894 351 -11790
895 609 -11586
896 597 -11570
897 595 -11642
898 607 -11946
899 573 -12050
900 515 -11990
901 449 -12142
902 579 -12030
903 349 -12018
904 169 -12010
905 145 -12054
906 267 -11998
907 229 -12022
908 191 -12154
909 137 -12082
910 -107 -12002
911 -251 -11778
912 -267 -11834
913 -151 -11838
914 -159 -11898
915 -45 -11990
916 -9 -11874
917 -73 -11902
918 -321 -11974
919 -317 -12130
920 -459 -12394
921 -367 -12446
922 -361 -12430
923 -403 -12634
924 -203 -12234
925 -253 -12594
926 -229 -12542
927 -15 -12694
928 -147 -12298
929 -115 -12578
930 31 -12522
931 69 -12442
932 49 -12350
933 -53 -12362
934 103 -12262
935 -31 -12570
936 43 -12518
937 71 -12398
938 -47 -12458
939 -95 -12434
940 -117 -12638
941 -57 -12574
942 -91 -12782
943 -5 -12394
944 -141 -12134
945 -155 -12222
946 -157 -12302
947 -177 -12286
948 -259 -12114
949 -249 -12114
950 -255 -12310
951 -435 -12286
952 -201 -12518
953 -83 -12410
954 -33 -12266
955 -71 -12414
956 -53 -12398
957 -101 -12606
958 -109 -12402
959 -105 -12334
960 -113 -12282
961 -103 -12302
962 -299 -12070
963 -171 -11938
964 -177 -12046
965 -81 -11966
966 -131 -12218
967 -171 -12110
968 -57 -12158
969 31 -12078
970 -85 -11982
971 -81 -12266
972 61 -12298
973 101 -12166
974 245 -12422
975 73 -12370
976 199 -12282
977 295 -12354
978 287 -12258
979 247 -12374
980 189 -12194
981 307 -12482
982 213 -12574
983 295 -12334
984 415 -12550
985 443 -12190
986 151 -11978
987 111 -12158
988 115 -12214
989 -29 -12162
990 -71 -12254
991 129 -12186
992 105 -12118
993 83 -11914
994 79 -12246
995 -123 -12398
996 -79 -12182
997 -257 -12178
998 -279 -12138
999 -301 -12038
1000 -279 -11990
1001 -377 -12118
1002 -465 -11994
1003 -547 -12110
1004 -497 -11846
1005 -547 -11918
1006 -591 -12198
1007 -691 -12022
1008 -795 -11874
1009 -753 -11854
1010 -569 -11954
1011 -447 -11842
1012 -421 -11922
1013 -423 -11934
1014 -225 -11774
1015 -69 -12026
1016 -27 -11886
1017 19 -11906
1018 -29 -12034
1019 197 -11854
1020 73 -11530
1021 49 -11714
1022 43 -11798
1023 107 -11626
1024 159 -11610
1025 175 -11982
1026 173 -12046
1027 -1 -11686
1028 -53 -11642
1029 159 -11746
1030 39 -11606
1031 -115 -12090
1032 49 -11942
1033 -7 -11938
1034 -61 -11998
1035 -99 -12294
1036 -165 -12126
1037 -269 -12094
1038 -243 -12226
1039 -169 -12226
1040 -375 -12354
1041 -341 -12202
1042 -447 -11974
1043 -313 -12078
1044 -365 -12310
1045 -499 -12086
1046 -365 -12402
1047 -541 -12302
1048 -621 -12270
1049 -673 -11970
1050 -509 -12126
1051 -565 -12014
1052 -523 -12006
1053 -581 -11854
1054 -635 -11982
1055 -659 -11878
1056 -591 -11618
1057 -615 -11614
1058 -511 -11602
1059 -561 -11590
1060 -713 -11886
1061 -593 -11806
1062 -615 -11686
1063 -477 -11902
1064 -619 -12174
1065 -531 -11922
1066 -493 -12202
1067 -377 -12222
1068 -361 -12154
1069 -415 -12214
1070 -405 -12314
1071 -341 -12414
1072 -331 -12122
1073 -221 -11998
1074 -85 -12254
1075 -381 -12150
1076 -343 -12354
1077 -221 -12210
1078 -187 -12410
1079 -183 -12114
1080 -135 -12114
1081 -193 -12242
1082 -37 -12182
1083 189 -12310
1084 137 -12174
1085 -49 -12190
1086 -131 -12026
1087 -71 -12038
1088 -89 -12162
1089 -181 -12082
1090 -233 -11702
1091 -405 -12054
1092 -483 -12250
1093 -435 -12050
1094 -247 -11946
1095 -383 -12162
1096 -325 -12062
1097 -465 -12114
1098 -543 -12218
1099 -529 -12154
1100 -509 -12250
1101 -497 -11982
1102 -691 -12074
1103 -579 -12138
1104 -377 -11922
1105 -389 -11990
1106 -179 -11910
1107 -165 -11562
1108 -137 -11590
1109 -135 -11662
1110 -103 -11854
1111 -239 -11586
1112 -325 -11702
1113 -163 -11630
1114 -105 -11874
1115 15 -11890
1116 -139 -12034
1117 -89 -11906
1118 -161 -12190
1119 -189 -11766
1120 -133 -11770
1121 -77 -11742
1122 -245 -11790
1123 -459 -11854
1124 -589 -11862
1125 -679 -11786
1126 -765 -11738
1127 -711 -11934
1128 -611 -12102
1129 -587 -12050
1130 -659 -11762
1131 -479 -11810
1132 -419 -11998
1133 -349 -12142
1134 -327 -12130
1135 -249 -11974
1136 -357 -12110
1137 -493 -12154
1138 -463 -12066
1139 -489 -12242
1140 -619 -12118
1141 -517 -12066
1142 -343 -11930
1143 -513 -12122
1144 -701 -12082
1145 -659 -12162
1146 -667 -12182
1147 -575 -12106
1148 -431 -11914
1149 -437 -11990
1150 -389 -11826
1151 -109 -11982
1152 -175 -12198
1153 -131 -12266
1154 -63 -12386
1155 -81 -12398
1156 -19 -12386
1157 1 -12442
1158 59 -12454
1159 53 -12574
1160 11 -12762
1161 -37 -12622
1162 129 -12570
1163 123 -12442
1164 129 -12270
1165 137 -12554
1166 21 -12558
1167 17 -12386
1168 113 -12210
1169 3 -12154
1170 -61 -12362
1171 -99 -12506
1172 -167 -12222
1173 -209 -12254
1174 -173 -12306
1175 -117 -12086
1176 -137 -12502
1177 -269 -12342
1178 -295 -12270
1179 -123 -12562
1180 -209 -12378
1181 -143 -12238
1182 -95 -12194
1183 -25 -12238
1184 -187 -12438
1185 97 -12110
1186 95 -11862
1187 215 -11918
1188 311 -12098
1189 281 -12282
1190 217 -12166
1191 233 -12030
1192 261 -11858
1193 255 -12058
1194 333 -12010
1195 281 -11958
1196 209 -11810
1197 205 -11878
1198 241 -11926
1199 275 -12198
1200 405 -12042
1201 473 -12254
1202 301 -11982
1203 193 -12202
1204 307 -12086
1205 317 -12022
1206 421 -12334
1207 301 -12262
1208 305 -12238
1209 299 -12246
1210 311 -12202
1211 247 -12206
1212 349 -12290
1213 397 -12186
1214 387 -12110
1215 575 -12090
1216 851 -12262
1217 795 -12382
1218 669 -12298
1219 813 -12474
1220 893 -12870
1221 793 -12622
1222 543 -12678
1223 575 -12770
1224 749 -12566
1225 715 -12518
1226 927 -12590
1227 851 -12302
1228 757 -12494
1229 609 -12354
1230 661 -12338
1231 537 -12378
1232 701 -12422
1233 755 -12402
1234 1065 -12466
1235 959 -12402
1236 1087 -12242
1237 931 -12154
1238 879 -12458
1239 821 -12342
1240 767 -12298
1241 859 -12294
1242 787 -12310
1243 771 -12410
1244 839 -12754
1245 841 -12510
1246 893 -12546
1247 697 -12210
1248 513 -12030
1249 777 -12110
1250 895 -11934
1251 1107 -11998
1252 1087 -12186
1253 1127 -12134
1254 917 -11998
1255 633 -12470
1256 383 -12318
1257 365 -12558
1258 391 -12618
1259 323 -12550
1260 299 -12514
1261 213 -12630
1262 87 -12290
1263 149 -12410
1264 373 -12286
1265 501 -12178
1266 367 -12158
1267 575 -12062
1268 567 -12054
1269 661 -11934
1270 549 -11838
1271 587 -11842
1272 695 -12106
1273 735 -12054
1274 673 -12162
1275 597 -11866
1276 631 -12010
1277 661 -11870
1278 581 -11998
1279 545 -12270
1280 621 -12242
1281 731 -12558
1282 675 -12474
1283 647 -12398
1284 561 -12410
1285 653 -12342
1286 817 -12246
1287 773 -12206
1288 721 -12090
1289 771 -12238
1290 781 -12342
1291 847 -12342
1292 825 -12206
1293 791 -12398
1294 947 -12318
1295 945 -12570
1296 959 -12390
1297 1011 -12142
1298 1021 -12006
1299 1039 -12262
1300 849 -12334
1301 683 -12262
1302 707 -12406
1303 497 -12258
1304 363 -12510
1305 345 -12506
1306 525 -12594
1307 403 -12578
1308 265 -12118
1309 147 -12306
1310 171 -12362
1311 293 -12170
1312 259 -12122
1313 221 -12238
1314 313 -12246
1315 481 -12330
1316 423 -12130
1317 357 -12486
1318 353 -12454
1319 383 -12246
1320 439 -12214
1321 721 -12246
1322 731 -12294
1323 763 -12322
1324 611 -11866
1325 607 -11802
1326 567 -11602
1327 421 -11690
1328 429 -11682
1329 453 -11694
1330 693 -11922
1331 625 -11998
1332 569 -11698
1333 701 -11922
1334 751 -11826
1335 673 -11962
1336 495 -12126
1337 499 -11882
1338 385 -11930
1339 363 -12238
1340 435 -12182
1341 393 -12142
1342 547 -11786
1343 387 -11714
1344 369 -11638
1345 395 -11722
1346 427 -11894
1347 339 -11626
1348 247 -11830
1349 185 -11778
1350 329 -11674
1351 315 -11646
1352 303 -11542
1353 343 -11506
1354 435 -11570
1355 399 -11330
1356 463 -11770
1357 231 -11894
1358 419 -11786
1359 531 -11866
1360 597 -11894
1361 515 -12070
1362 567 -12110
1363 495 -11890
1364 475 -12166
1365 365 -11878
1366 257 -11942
1367 103 -12094
1368 111 -12178
1369 309 -12026
1370 245 -12030
1371 159 -12034
1372 203 -12266
1373 369 -12286
1374 461 -12254
1375 473 -12262
1376 423 -11938
1377 563 -11734
1378 547 -11814
1379 545 -11986
1380 427 -12170
1381 523 -11838
1382 415 -12074
1383 513 -12150
1384 543 -12258
1385 347 -12150
1386 405 -12218
1387 497 -12138
1388 409 -12086
1389 251 -12222
1390 197 -12202
1391 171 -12350
1392 303 -12138
1393 339 -12190
1394 379 -12230
1395 169 -12454
1396 161 -12178
1397 283 -12274
1398 423 -12094
1399 497 -11830
1400 623 -11906
1401 713 -12002
1402 589 -11826
1403 615 -11842
1404 647 -11958
1405 587 -11970
1406 731 -12046
1407 749 -11894
1408 743 -11626
1409 825 -11850
1410 975 -11766
1411 747 -11830
1412 561 -11826
1413 599 -11810
1414 519 -11762
1415 699 -11954
1416 773 -11838
1417 843 -11778
1418 911 -11850
1419 1035 -11722
1420 1275 -11746
1421 1067 -11618
1422 981 -11410
1423 947 -11758
1424 877 -11702
1425 965 -11710
1426 1013 -11582
1427 1063 -11682
1428 1037 -11770
1429 1025 -11582
1430 871 -11642
1431 913 -11714
1432 843 -11834
1433 785 -11722
1434 827 -11610
1435 781 -11522
1436 927 -11518
1437 787 -11422
1438 719 -11862
1439 641 -11722
1440 455 -11570
1441 399 -11626
1442 393 -11810
1443 583 -11894
1444 715 -11802
1445 765 -11846
1446 759 -11994
1447 419 -11750
1448 397 -11906
1449 511 -12074
1450 595 -11690
1451 625 -11634
1452 729 -11610
1453 603 -11862
1454 555 -11894
1455 607 -11798
1456 631 -11830
1457 561 -12082
1458 633 -11870
1459 695 -11790
1460 607 -11858
1461 573 -11846
1462 625 -11902
1463 835 -11954
1464 801 -11570
1465 705 -11846
1466 725 -11786
1467 833 -11646
1468 779 -11854
1469 795 -12150
1470 851 -12090
1471 945 -12066
1472 767 -12030
1473 921 -12014
1474 1115 -12034
1475 1217 -11978
1476 1195 -12258
1477 1349 -12090
1478 1473 -12378
1479 1369 -12206
1480 1269 -12182
1481 1221 -12198
1482 1213 -12014
1483 1043 -12178
1484 1127 -12038
1485 1105 -11970
1486 1167 -12314
1487 1097 -12082
1488 951 -11854
1489 1061 -11858
1490 1171 -12014
1491 1187 -12066
1492 1137 -11806
1493 1133 -11858
1494 1311 -12038
1495 1187 -11926
1496 1145 -12290
1497 1189 -12150
1498 1057 -12002
1499 1163 -12078
1500 1339 -12426
1501 1369 -12354
1502 1483 -12230
1503 1537 -12062
1504 1449 -12042
1505 1443 -12018
1506 1661 -12230
1507 1619 -12410
1508 1489 -12194
1509 1555 -12298
1510 1567 -12206
1511 1559 -12222
1512 1647 -12102
1513 1841 -12086
1514 1897 -11850
1515 1807 -12030
1516 1827 -12226
1517 1823 -12278
1518 1897 -12770
1519 1865 -12686
1520 1833 -12474
1521 1693 -12546
1522 1913 -12402
1523 1705 -12594
1524 1677 -12642
1525 1625 -12642
1526 1677 -12618
1527 1577 -12430
1528 1741 -12482
1529 1715 -12542
1530 1585 -12510
1531 1659 -12570
1532 1527 -12466
1533 1463 -12294
1534 1445 -12286
1535 1585 -12314
1536 1875 -12302
1537 1725 -11994
1538 1733 -12442
1539 1725 -12414
1540 1747 -12250
1541 1725 -12346
1542 1793 -12194
1543 1793 -12270
1544 1891 -12122
1545 1931 -12410
1546 2051 -12302
1547 2059 -12342
1548 1915 -12158
1549 1851 -12118
1550 1839 -12230
1551 1889 -12386
1552 1893 -12410
1553 1827 -12302
1554 1839 -12438
1555 1877 -12262
1556 1733 -12134
1557 1675 -12250
1558 1737 -12274
1559 1733 -12162
1560 1699 -12098
1561 1781 -12110
1562 1957 -12438
1563 1957 -12246
1564 1971 -11998
1565 1941 -12118
1566 1679 -11874
1567 1845 -12126
1568 1777 -12034
1569 1949 -12414
1570 1851 -12426
1571 1815 -12278
1572 1709 -12178
1573 1667 -12362
1574 1849 -12398
1575 1695 -12314
1576 1827 -12182
1577 2003 -12202
1578 1917 -12358
1579 1917 -12338
1580 1979 -12346
1581 1881 -12270
1582 1767 -12210
1583 1625 -11950
1584 1687 -12246
1585 1959 -12374
1586 1783 -12382
1587 1667 -12306
1588 1579 -11910
1589 1611 -11826
1590 1777 -12018
1591 1763 -12118
1592 1657 -12542
1593 1613 -12418
1594 1497 -12442
1595 1637 -12386
1596 1747 -12430
1597 1835 -12482
1598 1733 -12270
1599 1681 -12050
1600 1675 -12230
1601 1595 -12110
1602 1675 -12446
1603 1731 -12310
1604 1661 -12266
1605 1635 -12234
1606 1687 -12222
1607 1857 -12330
1608 1893 -12374
1609 1985 -12598
1610 2061 -12498
1611 2129 -12334
1612 2119 -12506
1613 2025 -12266
1614 2111 -12238
1615 2307 -12506
1616 2567 -12738
1617 2581 -12726
1618 2529 -12390
1619 2609 -12366
1620 2549 -12246
1621 2467 -12434
1622 2423 -12506
1623 2615 -12422
1624 2567 -12678
1625 2487 -12514
1626 2443 -12438
1627 2489 -12442
1628 2391 -12290
1629 2471 -12218
1630 2459 -12018
1631 2511 -12182
1632 2341 -12294
1633 2453 -12358
1634 2539 -12502
1635 2373 -12714
1636 2243 -12874
1637 2289 -12678
1638 2297 -12874
1639 2253 -12606
1640 2351 -12498
1641 2449 -12230
1642 2483 -12306
1643 2431 -12266
1644 2305 -12286
1645 2379 -12282
1646 2227 -12290
1647 2045 -11838
1648 2117 -11882
1649 2139 -12178
1650 2149 -11902
1651 2173 -12154
1652 2295 -12354
1653 2167 -12278
1654 2219 -11998
1655 2205 -12162
1656 2285 -12086
1657 2223 -12338
1658 2255 -12214
1659 2279 -12154
1660 2195 -12150
1661 2231 -11862
1662 2091 -11950
1663 2245 -12142
1664 2091 -12014
1665 1853 -12062
1666 1879 -12030
1667 1959 -12394
1668 1873 -12430
1669 1839 -12274
1670 1887 -12434
1671 1915 -12566
1672 1995 -12514
1673 1943 -12254
1674 2125 -12542
1675 2201 -12314
1676 2279 -12230
1677 2129 -12322
1678 2055 -12314
1679 2171 -12422
1680 2183 -12478
1681 2037 -12294
1682 1845 -12170
1683 1787 -12222
1684 1621 -12294
1685 1655 -12422
1686 1737 -12134
1687 1815 -12274
1688 1791 -12274
1689 1761 -12034
1690 1991 -12086
1691 2109 -11990
1692 2307 -11942
1693 2349 -12118
1694 2341 -12190
1695 2279 -12134
1696 2305 -12006
1697 2211 -11922
1698 2077 -11822
1699 2105 -12126
1700 2027 -11882
1701 2013 -12066
1702 2225 -12398
1703 2273 -12266
1704 2175 -11922
1705 2231 -12182
1706 2243 -12078
1707 2339 -12330
1708 2383 -12538
1709 2413 -12458
1710 2303 -12238
1711 2203 -12110
1712 2073 -12114
1713 2315 -12214
1714 2457 -12402
1715 2157 -12302
1716 2085 -12298
1717 2119 -12170
1718 2065 -12310
1719 2241 -12474
1720 2217 -12398
1721 2239 -12386
1722 2265 -12802
1723 2433 -12634
1724 2427 -12662
1725 2401 -12794
1726 2395 -12834
1727 2285 -12454
1728 2055 -12474
1729 2281 -12518
1730 2029 -12338
1731 2185 -12086
1732 2239 -12258
1733 2191 -12166
1734 2275 -12514
1735 2199 -12738
1736 2375 -12714
1737 2389 -12882
1738 2361 -12730
1739 2339 -12654
1740 2343 -12754
1741 2429 -12814
1742 2353 -12582
1743 2349 -12570
1744 2249 -12430
1745 2307 -12330
1746 2281 -11942
1747 2227 -11914
1748 2383 -11998
1749 2427 -12170
1750 2589 -12190
1751 2747 -12242
1752 2545 -12294
1753 2581 -12254
1754 2531 -12146
1755 2549 -12074
1756 2713 -12302
1757 2805 -12170
1758 2789 -12314
1759 2727 -12786
1760 2853 -12498
1761 2709 -12746
1762 2647 -12626
1763 2785 -12466
1764 2775 -12510
1765 2649 -12438
1766 2717 -12258
1767 2833 -12462
1768 2749 -12422
1769 2827 -12426
1770 2871 -12378
1771 2985 -12530
1772 2883 -12254
1773 2915 -12278
1774 2831 -11998
1775 2803 -12314
1776 2769 -12474
1777 2749 -12674
1778 2851 -12750
1779 2687 -12818
1780 2819 -12546
1781 2901 -12354
1782 2969 -12350
1783 2915 -12406
1784 2929 -12258
1785 2889 -12426
1786 2803 -12702
1787 2871 -12638
1788 2937 -12666
1789 2971 -12658
1790 3163 -12414
1791 3157 -12474
1792 3057 -12762
1793 3151 -12450
1794 3093 -12314
1795 2973 -12182
1796 2809 -11910
1797 2733 -11686
1798 2575 -11734
1799 2435 -11878
1800 2417 -11874
1801 2263 -11814
1802 2175 -11954
1803 2079 -11882
1804 2141 -12146
1805 2187 -12086
1806 2075 -12114
1807 2059 -12242
1808 1903 -12274
1809 1697 -12162
1810 1695 -12554
1811 1787 -12462
1812 1699 -12458
1813 1661 -12350
1814 1657 -12446
1815 1729 -12254
1816 1687 -12198
1817 1559 -12338
1818 1729 -12310
1819 1883 -12026
1820 1893 -12078
1821 1759 -12042
1822 1703 -11922
1823 1551 -11734
1824 1571 -11826
1825 1657 -11774
1826 1761 -12030
1827 1807 -12290
1828 1857 -12350
1829 1789 -12454
1830 1689 -12194
1831 1549 -12302
1832 1711 -12374
1833 1841 -12070
1834 1631 -12234
1835 1789 -12474
1836 1815 -12398
1837 1915 -12218
1838 1931 -12134
1839 1757 -12054
1840 1623 -12186
1841 1437 -11942
1842 1483 -12050
1843 1421 -11966
1844 1337 -12058
1845 1435 -11846
1846 1295 -11834
1847 1159 -11706
1848 1067 -11730
1849 1035 -11670
1850 1063 -11710
1851 1039 -11534
1852 1169 -11890
1853 1219 -11974
1854 1189 -11646
1855 1423 -11746
1856 1347 -11802
1857 1313 -11890
1858 1181 -11878
1859 1345 -11938
1860 1405 -11938
1861 1419 -11922
1862 1547 -12042
1863 1495 -12030
1864 1471 -12082
1865 1233 -12006
1866 1219 -12070
1867 1139 -11846
1868 1259 -11766
1869 1331 -11842
1870 1305 -11750
1871 1259 -11478
1872 1195 -11578
1873 1227 -11698
1874 1359 -11734
1875 1399 -11710
1876 1521 -11938
1877 1607 -12094
1878 1799 -11930
1879 1711 -12038
1880 1519 -11986
1881 1611 -12062
1882 1615 -11834
1883 1449 -11974
1884 1469 -11614
1885 1381 -11826
1886 1433 -11982
1887 1483 -11782
1888 1467 -11914
1889 1327 -11846
1890 1411 -11982
1891 1429 -12010
1892 1317 -12150
1893 1313 -11818
1894 1337 -11906
1895 1385 -11874
1896 1277 -11870
1897 1135 -11682
1898 1073 -11714
1899 1033 -11810
1900 1245 -11874
1901 1385 -11810
1902 1313 -11618
1903 1221 -11610
1904 1099 -11598
1905 1119 -11486
1906 1145 -11478
1907 1249 -11510
1908 1077 -11546
1909 995 -11898
1910 1037 -11878
1911 1063 -12102
1912 1001 -11882
1913 943 -11854
1914 915 -11858
1915 873 -11578
1916 925 -11858
1917 991 -11854
1918 943 -12078
1919 951 -12186
1920 901 -12250
1921 689 -11898
1922 563 -11830
1923 599 -11950
1924 603 -12182
1925 603 -12106
1926 735 -12046
1927 765 -12178
1928 745 -12230
1929 647 -12154
1930 729 -12102
1931 609 -11994
1932 701 -12026
1933 715 -12154
1934 483 -12246
1935 473 -12394
1936 521 -12382
1937 629 -12458
1938 521 -12242
1939 537 -12202
1940 393 -12150
1941 393 -12086
1942 545 -11958
1943 709 -11902
1944 891 -11926
1945 819 -11942
1946 747 -11946
1947 721 -12030
1948 753 -12034
1949 815 -12066
1950 1033 -12022
1951 1163 -11866
1952 1373 -11982
1953 1477 -12022
1954 1535 -12038
1955 1379 -11786
1956 1675 -11986
1957 1767 -12142
1958 1825 -12066
1959 1785 -12014
1960 1825 -12298
1961 1623 -12338
1962 1499 -12182
1963 1449 -12418
1964 1451 -12070
1965 1291 -12318
1966 1379 -12270
1967 1339 -12422
1968 1351 -12050
1969 1385 -11714
1970 1501 -11938
1971 1491 -12350
1972 1407 -12194
1973 1363 -12226
1974 1443 -12138
1975 1353 -12350
1976 1235 -12386
1977 1325 -12230
1978 1387 -12482
1979 1367 -12478
1980 1379 -12230
1981 1341 -11998
1982 1405 -12278
1983 1497 -12446
1984 1183 -12298
1985 1275 -12098
1986 1409 -11998
1987 1413 -11982
1988 1359 -11922
1989 1379 -12010
1990 1265 -11966
1991 1203 -11866
1992 1201 -11650
1993 1329 -11674
1994 1345 -11486
1995 1427 -11530
1996 1583 -11658
1997 1635 -11398
1998 1745 -11566
1999 1707 -11874
2000 1543 -11838
2001 1567 -12030
2002 1691 -11918
2003 1457 -11870
2004 1405 -11642
2005 1397 -11686
2006 1297 -11554
2007 1481 -11634
2008 1265 -11594
2009 1049 -11946
2010 1071 -11894
2011 1037 -12070
2012 941 -11958
2013 905 -11886
2014 1053 -11414
2015 959 -11758
2016 1007 -11802
2017 973 -11846
2018 867 -11782
2019 785 -11786
2020 723 -11682
2021 783 -11570
2022 701 -11714
2023 483 -11870
2024 515 -12014
2025 489 -11582
2026 489 -11686
2027 469 -11686
2028 295 -11786
2029 361 -11794
2030 293 -11658
2031 359 -11674
2032 301 -11570
2033 447 -11878
2034 419 -11762
2035 467 -11786
2036 281 -11774
2037 281 -11710
2038 265 -11682
2039 309 -11706
2040 289 -11934
2041 365 -11954
2042 209 -11938
2043 -5 -11662
2044 25 -12010
2045 95 -12018
2046 245 -11838
2047 93 -11578
2048 279 -11498
2049 373 -11674
2050 503 -11662
2051 679 -11710
2052 885 -11666
2053 1009 -11950
2054 843 -11774
2055 985 -12038
2056 859 -12078
2057 957 -11818
2058 999 -11746
2059 1029 -11690
2060 1001 -11826
2061 1037 -11974
2062 1129 -12030
2063 1193 -12102
2064 1083 -12230
2065 957 -12210
2066 799 -12054
2067 751 -11878
2068 527 -11786
2069 413 -11754
2070 493 -11970
2071 605 -12078
2072 631 -11798
2073 703 -11866
2074 779 -12114
2075 867 -12090
2076 959 -12158
2077 1005 -12194
2078 1001 -12102
2079 1161 -12090
2080 1207 -12114
2081 1299 -12034
2082 1261 -12090
2083 1215 -12034
2084 1107 -11826
2085 929 -12002
2086 835 -12266
2087 873 -12242
2088 855 -12134
2089 949 -12198
2090 769 -12150
2091 671 -12110
2092 707 -12210
2093 531 -11866
2094 919 -11738
2095 833 -11838
2096 765 -11910
2097 905 -11902
2098 877 -11702
2099 823 -11590
2100 849 -11490
2101 737 -11858
2102 893 -11742
2103 787 -11866
2104 741 -11822
2105 713 -11754
2106 611 -11778
2107 653 -11866
2108 571 -11670
2109 701 -11826
2110 789 -11794
2111 677 -11946
2112 727 -12018
2113 521 -11890
2114 373 -12182
2115 543 -12546
2116 695 -12370
2117 635 -12246
2118 699 -12286
2119 639 -12182
2120 711 -12366
2121 671 -12350
2122 705 -12282
2123 805 -12502
2124 1017 -12402
2125 1021 -12830
2126 1047 -12774
2127 905 -12754
2128 1111 -12454
2129 1023 -12662
2130 929 -12530
2131 855 -12246
2132 1033 -12378
2133 927 -12294
2134 883 -12258
2135 835 -12442
2136 837 -12394
2137 699 -12258
2138 541 -12190
2139 609 -12414
2140 665 -12226
2141 495 -12042
2142 399 -12146
2143 333 -12118
2144 205 -12142
2145 57 -11990
2146 87 -12082
2147 153 -11882
2148 247 -11990
2149 387 -11798
2150 305 -11846
2151 191 -12098
2152 255 -12178
2153 97 -12050
2154 167 -12190
2155 113 -12110
2156 59 -11958
2157 -9 -12026
2158 67 -11790
2159 73 -11706
2160 -5 -11582
2161 -137 -11658
2162 -193 -11658
2163 -243 -11682
2164 -467 -11598
2165 -519 -11666
2166 -473 -11610
2167 -631 -11470
2168 -735 -11678
2169 -573 -11818
2170 -551 -11946
2171 -687 -12086
2172 -593 -11818
2173 -567 -12006
2174 -481 -12014
2175 -439 -12134
2176 -223 -12134
2177 -381 -12126
2178 -341 -12098
2179 -341 -12218
2180 -315 -12202
2181 -335 -11886
2182 -309 -11846
2183 -233 -12078
2184 -155 -11830
2185 -159 -12194
2186 -119 -12462
2187 -179 -12346
2188 -127 -12366
2189 -169 -12122
2190 -219 -12186
2191 -223 -12126
2192 -301 -12038
2193 -215 -12046
2194 -95 -11958
2195 -49 -12018
2196 -233 -11718
2197 -397 -11922
2198 -353 -12022
2199 -197 -11994
2200 -95 -12034
2201 -71 -11862
2202 -67 -11854
2203 -39 -11818
2204 -1 -11862
2205 -53 -12354
2206 -85 -12310
2207 -143 -12406
2208 -53 -12530
2209 -21 -12502
2210 -75 -12366
2211 -137 -12294
2212 -177 -12342
2213 -199 -12142
2214 -197 -12302
2215 -199 -12302
2216 -269 -12222
2217 -177 -12286
2218 -119 -12270
2219 145 -12430
2220 33 -12474
2221 -95 -12398
2222 53 -12270
2223 -109 -11954
2224 -143 -11850
2225 -75 -11922
2226 -35 -12046
2227 -71 -12066
2228 -315 -11998
2229 -171 -12134
2230 -15 -12038
2231 53 -11810
2232 117 -11846
2233 209 -11994
2234 179 -11914
2235 327 -12022
2236 305 -11774
2237 181 -12218
2238 283 -12122
2239 241 -12138
2240 149 -12366
2241 215 -12314
2242 83 -12190
2243 -39 -12054
2244 71 -12194
2245 201 -12442
2246 235 -12414
2247 327 -12122
2248 97 -12302
2249 241 -12302
2250 269 -12374
2251 137 -12338
2252 -75 -12006
2253 -109 -11886
2254 -153 -11930
2255 -161 -12118
2256 -219 -12154
2257 -367 -12358
2258 -381 -12130
2259 -437 -12026
2260 -291 -12082
2261 -367 -12266
2262 -301 -12230
2263 -257 -12198
2264 -401 -12410
2265 -303 -12142
2266 -277 -12286
2267 -343 -12078
2268 -355 -12158
2269 -203 -12062
2270 -205 -11870
2271 23 -11906
2272 -17 -12038
2273 -23 -12222
2274 -13 -12110
2275 81 -12002
2276 33 -12130
2277 -137 -12222
2278 -379 -12070
2279 -269 -12022
2280 -293 -11814
2281 -201 -11826
2282 -67 -12142
2283 -49 -12098
2284 -109 -12270
2285 -349 -12358
2286 -193 -12446
2287 -149 -12314
2288 -177 -12298
2289 -221 -12310
2290 -265 -12306
2291 -71 -12414
2292 -77 -12218
2293 1 -12118
2294 -53 -12262
2295 19 -12158
2296 -201 -12078
2297 -137 -11946
2298 -43 -12174
2299 -147 -12166
2300 -169 -12278
2301 -205 -12382
2302 -271 -12758
2303 -107 -12630
2304 -93 -12454
2305 -185 -12398
2306 -241 -12442
2307 -117 -12462
2308 -13 -12198
2309 27 -12098
2310 177 -12234
2311 217 -11986
2312 327 -12050
2313 407 -12230
2314 351 -12134
2315 307 -12374
2316 409 -12382
2317 431 -12582
2318 427 -12574
2319 363 -12646
2320 151 -12530
2321 73 -12382
2322 -69 -12314
2323 -111 -12310
2324 -103 -12282
2325 -125 -12318
2326 53 -12066
2327 19 -12046
2328 147 -12030
2329 273 -11906
2330 343 -12126
2331 401 -11966
2332 281 -12070
2333 299 -12134
2334 133 -12202
2335 145 -11986
2336 141 -12062
2337 167 -12106
2338 83 -12190
2339 243 -12258
2340 167 -11926
2341 -137 -11918
2342 -129 -11898
2343 -329 -11666
2344 -311 -11826
2345 -111 -11938
2346 -205 -12050
2347 -111 -11774
2348 -87 -11714
2349 -15 -11746
2350 -145 -11858
2351 -373 -11822
2352 -301 -11914
2353 -181 -11894
2354 -159 -12102
2355 -225 -12214
2356 -161 -12270
2357 -201 -11946
2358 -283 -12018
2359 -179 -12158
2360 -35 -12182
2361 -13 -12290
2362 -25 -12498
2363 -107 -12302
2364 -203 -12366
2365 -147 -12310
2366 -97 -12498
2367 -221 -12622
2368 -111 -12438
2369 -45 -12218
2370 -7 -12206
2371 -201 -12038
2372 5 -12202
2373 -95 -12106
2374 -83 -12334
2375 -237 -12174
2376 -283 -12066
2377 -335 -11822
2378 -289 -12234
2379 -253 -12226
2380 -187 -12242
2381 -243 -12174
2382 -253 -12374
2383 -303 -12718
2384 -405 -12586
2385 -469 -12470
2386 -675 -12374
2387 -809 -12162
2388 -729 -12010
2389 -695 -12146
2390 -797 -12346
2391 -681 -12462
2392 -751 -12670
2393 -721 -12734
2394 -699 -12522
2395 -743 -12546
2396 -663 -12514
2397 -745 -12418
2398 -649 -12362
2399 -601 -12326
2400 -537 -12110
2401 -591 -12062
2402 -703 -12086
2403 -689 -11870
2404 -713 -12142
2405 -485 -12322
2406 -523 -12086
2407 -431 -12042
2408 -557 -12142
2409 -577 -12234
2410 -593 -12478
2411 -453 -11958
2412 -279 -12114
2413 -255 -12150
2414 -295 -11982
2415 -421 -11794
2416 -331 -12026
2417 -465 -12146
2418 -335 -12326
2419 -405 -12398
2420 -365 -12126
2421 -401 -12282
2422 -489 -12194
2423 -475 -12306
2424 -493 -12194
2425 -507 -12018
2426 -359 -12198
2427 -393 -12122
2428 -297 -11958
2429 -285 -11922
2430 -337 -12226
2431 -371 -12394
2432 -403 -12334
2433 -389 -11990
2434 -507 -11878
2435 -339 -11902
2436 -293 -12254
2437 -421 -11986
2438 -343 -12154
2439 -255 -12354
2440 -221 -12230
2441 -223 -12114
2442 -55 -12054
2443 -45 -12022
2444 -243 -12162
2445 -263 -12106
2446 -431 -12110
2447 -483 -12150
2448 -609 -11842
2449 -435 -12042
2450 -293 -12006
2451 -259 -11850
2452 -179 -11898
2453 -87 -11902
2454 117 -11662
2455 -91 -11678
2456 -71 -11962
2457 -127 -11830
2458 -3 -11706
2459 -181 -11734
2460 -275 -11726
2461 -281 -11606
2462 -397 -11614
2463 -329 -11646
2464 -271 -11562
2465 -295 -11762
2466 -373 -11846
2467 -289 -11762
2468 -151 -12022
2469 -85 -11834
2470 -161 -12034
2471 -17 -12342
2472 -97 -12234
2473 -137 -12350
2474 -123 -12454
2475 -123 -12190
2476 -17 -12034
2477 13 -12014
2478 -7 -12142
2479 -63 -12334
2480 -51 -12206
2481 9 -12138
2482 -15 -11798
2483 79 -11586
2484 129 -11582
2485 129 -11766
2486 305 -11878
2487 147 -11702
2488 293 -11686
2489 189 -12022
2490 249 -11962
2491 393 -12030
2492 183 -11866
2493 255 -11846
2494 263 -11874
2495 269 -12474
2496 241 -12282
2497 239 -12118
2498 281 -12402
2499 335 -12342
2500 311 -12282
2501 359 -12266
2502 319 -12146
2503 433 -12238
2504 555 -12122
2505 665 -11878
2506 885 -11974
2507 821 -12054
2508 875 -12034
2509 971 -11950
2510 933 -11998
2511 1097 -12258
2512 1247 -12310
2513 1151 -12162
2514 1169 -12022
2515 1011 -12170
2516 1149 -12250
2517 1187 -12022
2518 1031 -12026
2519 1067 -12274
2520 899 -12298
2521 955 -12090
2522 811 -11862
2523 721 -12046
2524 767 -12226
2525 885 -11990
2526 959 -11986
2527 889 -12150
2528 997 -12142
2529 873 -12282
2530 941 -12250
2531 907 -12310
2532 931 -12434
2533 1001 -12558
2534 979 -12354
2535 945 -12174
2536 863 -12486
2537 803 -12406
2538 783 -12642
2539 563 -12414
2540 493 -12438
2541 471 -12666
2542 493 -12750
2543 615 -12734
2544 479 -12698
2545 495 -12390
2546 529 -12286
2547 473 -12494
2548 637 -12338
2549 673 -12090
2550 741 -12186
2551 641 -11862
2552 589 -11730
2553 639 -11854
2554 685 -12054
2555 521 -12302
2556 379 -12310
2557 321 -12122
2558 315 -12298
2559 285 -12058
2560 341 -12018
2561 355 -12066
2562 401 -11986
2563 439 -12238
2564 553 -12334
2565 455 -12382
2566 375 -12166
2567 489 -12286
2568 401 -12374
2569 459 -12486
2570 361 -12250
2571 275 -12254
2572 197 -12038
2573 351 -12002
2574 439 -12226
2575 419 -12246
2576 401 -12158
2577 491 -12254
2578 431 -12218
2579 395 -11890
2580 447 -11934
2581 441 -12214
2582 361 -12186
2583 379 -12386
2584 353 -12082
2585 361 -12190
2586 273 -12422
2587 265 -12126
2588 225 -12126
2589 289 -12326
2590 261 -12214
2591 431 -12266
2592 541 -12134
2593 459 -12274
2594 689 -12394
2595 517 -12166
2596 513 -12322
2597 527 -12322
2598 525 -12378
2599 559 -12418
2600 519 -12750
2601 577 -12394
2602 645 -12698
2603 639 -12310
2604 475 -12150
2605 627 -12298
2606 825 -12286
2607 833 -12222
2608 863 -12498
2609 975 -12446
2610 1011 -12358
2611 785 -12314
2612 661 -12334
2613 361 -12234
2614 415 -12310
2615 347 -12310
2616 263 -12222
2617 405 -11974
2618 429 -12154
2619 319 -12182
2620 349 -12206
2621 463 -12158
2622 373 -12186
2623 411 -12334
2624 337 -12302
2625 311 -12154
2626 319 -12446
2627 287 -12222
2628 341 -12230
2629 363 -11910
2630 369 -11990
2631 247 -12074
2632 229 -12210
2633 133 -12282
2634 29 -12366
2635 -101 -12534
2636 -209 -12246
2637 -285 -12270
2638 -227 -12418
2639 -277 -12202
2640 -161 -12030
2641 -57 -11762
2642 105 -12270
2643 23 -12202
2644 53 -12154
2645 141 -12202
2646 287 -12266
2647 171 -12258
2648 119 -12342
2649 71 -12390
2650 1 -12134
2651 109 -12350
2652 153 -12362
2653 123 -11942
2654 165 -12114
2655 73 -11942
2656 -127 -12014
2657 -69 -11890
2658 -157 -12390
2659 -141 -12450
2660 -77 -12330
2661 -59 -12186
2662 -53 -12058
2663 63 -12206
2664 -3 -12270
2665 -103 -12262
2666 -149 -12322
2667 -161 -12522
2668 -189 -12286
2669 -17 -12270
2670 61 -12438
2671 121 -12570
2672 83 -12558
2673 19 -12394
2674 201 -12254
2675 363 -12542
2676 415 -12414
2677 525 -12294
2678 523 -12170
2679 647 -12158
2680 607 -12126
2681 671 -12206
2682 625 -12266
2683 621 -12282
2684 499 -12130
2685 475 -12250
2686 559 -12082
2687 431 -11966
2688 469 -12026
2689 487 -12090
2690 307 -12310
2691 165 -11878
2692 249 -11930
2693 329 -11914
2694 197 -11898
2695 31 -11874
2696 -13 -11826
2697 51 -11934
2698 105 -12010
2699 133 -11694
2700 203 -11926
2701 139 -11822
2702 187 -11998
2703 213 -12254
2704 45 -12218
2705 -13 -12222
2706 71 -12498
2707 -105 -12462
2708 -125 -12310
2709 -133 -12430
2710 -269 -12194
2711 -137 -12182
2712 -99 -12230
2713 -343 -12270
2714 -395 -12382
2715 -363 -12226
2716 -445 -12378
2717 -527 -12142
2718 -469 -12462
2719 -343 -12394
2720 -363 -11966
2721 -389 -11926
2722 -377 -11874
2723 -317 -12134
2724 -531 -12026
2725 -383 -11798
2726 -469 -11970
2727 -399 -12046
2728 -353 -12154
2729 -317 -12218
2730 -325 -12166
2731 -451 -12090
2732 -531 -11974
2733 -427 -12190
2734 -401 -12274
2735 -391 -12258
2736 -283 -12354
2737 -539 -12394
2738 -471 -12162
2739 -593 -12322
2740 -725 -12182
2741 -741 -12282
2742 -771 -12198
2743 -693 -11982
2744 -687 -12266
2745 -653 -11894
2746 -811 -11882
2747 -933 -12230
2748 -1091 -12018
2749 -1151 -11866
2750 -1139 -11942
2751 -1143 -12098
2752 -1073 -12226
2753 -949 -12386
2754 -839 -12142
2755 -881 -11998
2756 -625 -11990
2757 -643 -12018
2758 -643 -12294
2759 -635 -12402
2760 -687 -12146
2761 -611 -12410
2762 -707 -12174
2763 -569 -12054
2764 -605 -12342
2765 -493 -12202
2766 -365 -12142
2767 -275 -12182
2768 -245 -12086
2769 -255 -11714
2770 -297 -11670
2771 -199 -11854
2772 -363 -11986
2773 -397 -12118
2774 -405 -12070
2775 -297 -12002
2776 -391 -12054
2777 -293 -12226
2778 -475 -11942
2779 -565 -12174
2780 -339 -12166
2781 -563 -12222
2782 -603 -12250
2783 -687 -12302
2784 -607 -12198
2785 -671 -12158
2786 -613 -12286
2787 -531 -12118
2788 -459 -12222
2789 -545 -12254
2790 -515 -12374
2791 -541 -12150
2792 -693 -12178
2793 -641 -12094
2794 -631 -12182
2795 -777 -12262
2796 -905 -12354
2797 -1065 -12418
2798 -1127 -12418
2799 -1039 -12126
2800 -1147 -12282
2801 -1391 -12302
2802 -1581 -12398
2803 -1555 -12306
2804 -1403 -12218
2805 -1237 -12194
2806 -1257 -12262
2807 -1141 -12254
2808 -1149 -12070
2809 -1215 -12178
2810 -1299 -12158
2811 -1319 -12514
2812 -1179 -12402
2813 -1159 -12222
2814 -1081 -12266
2815 -1103 -12138
2816 -1181 -12602
2817 -1207 -12602
2818 -1191 -12574
2819 -1189 -12570
2820 -1433 -12298
2821 -1321 -12358
2822 -1243 -12286
2823 -1297 -12118
2824 -1081 -12002
2825 -913 -11982
2826 -1075 -11986
2827 -935 -12170
2828 -917 -11950
2829 -979 -12082
2830 -1049 -12070
2831 -1071 -12190
2832 -967 -12186
2833 -843 -12350
2834 -919 -12066
2835 -939 -12214
2836 -1035 -12110
2837 -937 -12298
2838 -887 -12374
2839 -759 -12382
2840 -785 -12166
2841 -717 -12346
2842 -601 -12174
2843 -511 -11890
2844 -437 -11730
2845 -541 -11930
2846 -493 -12086
2847 -551 -12090
2848 -533 -12154
2849 -507 -12178
2850 -581 -11998
2851 -403 -12146
2852 -503 -12322
2853 -427 -12430
2854 -493 -12198
2855 -553 -12526
2856 -745 -12418
2857 -695 -12130
2858 -629 -11886
2859 -733 -11938
2860 -701 -11850
2861 -833 -12058
2862 -797 -12006
2863 -521 -12406
2864 -705 -12306
2865 -783 -12330
2866 -869 -12218
2867 -827 -12082
2868 -817 -11914
2869 -843 -11854
2870 -825 -12162
2871 -989 -12314
2872 -1061 -12154
2873 -1055 -12194
2874 -1189 -12238
2875 -1239 -12474
2876 -1223 -12482
2877 -1377 -12458
2878 -1249 -12418
2879 -1067 -12330
2880 -1115 -12226
2881 -1181 -12438
2882 -995 -12118
2883 -1051 -12246
2884 -1161 -12194
2885 -965 -12114
2886 -1001 -12034
2887 -937 -11714
2888 -983 -11902
2889 -1015 -11874
2890 -1161 -11990
2891 -901 -12118
2892 -933 -12138
2893 -1125 -12102
2894 -1055 -12178
2895 -1125 -12038
2896 -1241 -11902
2897 -1251 -12022
2898 -1341 -12454
2899 -1287 -12450
2900 -1135 -12658
2901 -955 -12466
2902 -915 -12222
2903 -849 -12050
2904 -785 -12274
2905 -863 -12126
2906 -783 -11966
2907 -783 -12278
2908 -581 -12194
2909 -443 -12226
2910 -385 -12194
2911 -353 -12474
2912 -297 -12258
2913 -121 -12206
2914 -193 -12122
2915 -53 -11938
2916 81 -12082
2917 183 -11950
2918 191 -11962
2919 63 -12094
2920 -125 -12178
2921 -233 -12106
2922 -307 -12010
2923 -231 -11838
2924 -235 -12054
2925 -67 -11778
2926 -73 -11986
2927 -9 -11990
2928 -91 -11642
2929 -275 -11894
2930 -225 -12030
2931 -379 -11818
2932 -463 -11830
2933 -455 -11758
2934 -441 -11950
2935 -431 -11810
2936 -329 -12094
2937 5 -12046
2938 -41 -12302
2939 -271 -12186
2940 -221 -12110
2941 -103 -12038
2942 -241 -12026
2943 -199 -12294
2944 -303 -12218
2945 -159 -12354
2946 -99 -12382
2947 67 -12170
2948 117 -11994
2949 65 -11906
2950 -67 -12082
2951 101 -11786
2952 121 -12014
2953 257 -12142
2954 265 -12222
2955 205 -12406
2956 41 -12534
2957 -1 -12206
2958 157 -12326
2959 165 -12114
2960 19 -11898
2961 -101 -12074
2962 -45 -11894
2963 -93 -12074
2964 -225 -12026
2965 -211 -12126
2966 -99 -12346
2967 -213 -12130
2968 -335 -11914
2969 -365 -11718
2970 -315 -11798
2971 -333 -11846
2972 -325 -11778
2973 -109 -11838
2974 -91 -11886
2975 -247 -12086
2976 -363 -12242
2977 -369 -11734
2978 -399 -11946
2979 -389 -11986
2980 -345 -12218
2981 -433 -11962
2982 -519 -12178
2983 -315 -11982
2984 -437 -12270
2985 -381 -12050
2986 -453 -12210
2987 -337 -12162
2988 -369 -12258
2989 -369 -12094
2990 -563 -11982
2991 -635 -12098
2992 -723 -12002
2993 -831 -12154
2994 -831 -12082
2995 -843 -12146
2996 -923 -11946
2997 -909 -12302
2998 -835 -12202
2999 -799 -12350
3000 -701 -12262
3001 -533 -12346
3002 -469 -12298
3003 -435 -12250
3004 -385 -12134
3005 -431 -12042
3006 -401 -12102
3007 -493 -12094
3008 -631 -12082
3009 -445 -11910
3010 -515 -11790
3011 -355 -11850
3012 -289 -11738
3013 -199 -12174
3014 -75 -12082
3015 -37 -11914
3016 7 -11830
3017 -9 -11826
3018 -105 -11934
3019 -197 -11970
3020 -293 -12014
3021 -343 -12022
3022 -427 -12094
3023 -439 -12074
3024 -389 -12202
3025 -363 -11926
3026 -375 -11926
3027 -581 -11834
3028 -465 -11990
3029 -445 -11938
3030 -253 -12006
3031 -307 -12002
3032 -371 -12078
3033 -479 -12090
3034 -465 -12018
3035 -511 -12226
3036 -361 -12158
3037 -373 -12066
3038 -521 -12078
3039 -521 -12134
3040 -425 -12214
3041 -415 -12206
3042 -239 -12266
3043 -309 -11974
3044 -485 -12074
3045 -471 -12062
3046 -375 -11974
3047 -253 -11714
3048 -387 -11898
3049 -225 -11614
3050 -157 -11606
3051 -51 -11506
3052 -63 -11494
3053 -227 -11790
3054 -237 -11902
3055 -103 -12042
3056 -151 -12114
3057 -209 -11978
3058 -113 -11826
3059 -125 -11762
3060 -179 -11946
3061 -45 -11838
3062 117 -11838
3063 289 -11994
3064 233 -11882
3065 179 -11794
3066 155 -11898
3067 11 -11882
3068 -323 -12242
3069 -143 -12202
3070 -39 -12138
3071 41 -12254
3072 83 -12354
3073 43 -12122
3074 69 -12390
3075 203 -12198
3076 361 -12318
3077 243 -12290
3078 365 -12434
3079 453 -12486
3080 333 -12182
3081 481 -11954
3082 415 -11962
3083 211 -12186
3084 385 -12130
3085 215 -11962
3086 331 -12098
3087 351 -12382
3088 383 -12270
3089 261 -11910
3090 295 -12126
3091 197 -12106
3092 203 -11910
3093 277 -11862
3094 287 -11954
3095 349 -11914
3096 531 -11930
3097 567 -11854
3098 533 -11634
3099 645 -11558
3100 783 -11682
3101 633 -12014
3102 461 -12126
3103 637 -12206
3104 743 -12310
3105 791 -12170
3106 837 -12130
3107 719 -12066
3108 675 -11998
3109 671 -12318
3110 823 -12114
3111 989 -12082
3112 921 -12050
3113 841 -12030
3114 711 -12162
3115 633 -12106
3116 781 -12318
3117 883 -12230
3118 829 -12058
3119 869 -12062
3120 635 -12198
3121 717 -12238
3122 589 -11838
3123 635 -12174
3124 595 -12226
3125 839 -12294
3126 825 -12370
3127 675 -12402
3128 753 -12110
3129 701 -12050
3130 743 -12270
3131 727 -12142
3132 841 -12306
3133 939 -12522
3134 997 -12190
3135 1095 -12206
3136 1065 -11982
3137 943 -12314
3138 809 -12238
3139 807 -12102
3140 655 -12078
3141 639 -12130
3142 629 -12290
3143 383 -12078
3144 451 -12294
3145 517 -12346
3146 655 -12038
3147 573 -12182
3148 473 -12078
3149 441 -12230
3150 621 -12154
3151 727 -12350
3152 779 -12518
3153 747 -12430
3154 869 -12270
3155 907 -12266
3156 883 -12198
3157 827 -12378
3158 857 -12182
3159 857 -12082
3160 851 -12126
3161 855 -12130
3162 999 -12054
3163 1111 -12170
3164 1115 -12258
3165 1125 -12074
3166 1061 -11910
3167 1155 -11686
3168 1223 -11830
3169 1317 -12134
3170 1133 -12098
3171 1269 -12186
3172 1301 -12014
3173 1537 -12242
3174 1499 -12374
3175 1417 -11866
3176 1219 -11818
3177 1081 -11862
3178 1175 -11770
3179 1357 -11874
3180 1309 -12126
3181 1351 -12154
3182 1393 -12202
3183 1547 -12426
3184 1581 -12114
3185 1529 -12230
3186 1339 -12194
3187 1231 -12002
3188 1357 -11958
3189 1331 -11874
3190 1511 -12062
3191 1447 -12010
3192 1565 -12250
3193 1477 -12210
3194 1529 -12494
3195 1579 -12086
3196 1577 -12278
3197 1329 -12054
3198 1301 -11842
3199 1181 -11966
3200 1141 -12014
3201 1363 -12238
3202 1305 -12098
3203 1381 -11834
3204 1331 -11670
3205 1269 -11858
3206 1351 -12042
3207 1267 -11930
3208 1315 -11974
3209 1297 -12002
3210 1377 -11842
3211 1385 -11710
3212 1189 -12290
3213 1133 -12250
3214 1111 -12126
3215 1157 -12214
3216 1155 -12678
3217 1073 -12442
3218 1155 -12358
3219 1043 -12486
3220 1171 -12026
3221 1239 -12050
3222 1319 -12306
3223 1383 -12150
3224 1161 -12158
3225 1159 -11986
3226 1113 -12254
3227 1051 -12218
3228 879 -11954
3229 843 -12190
3230 939 -12006
3231 997 -12022
3232 1007 -11958
3233 941 -12118
3234 1063 -11910
3235 1081 -12106
3236 877 -11498
3237 787 -11686
3238 1003 -11910
3239 953 -11786
3240 951 -12086
3241 677 -11606
3242 533 -11862
3243 537 -12038
3244 539 -11862
3245 573 -11854
3246 579 -11922
3247 723 -12030
3248 575 -12246
3249 591 -12054
3250 625 -12278
3251 537 -12274
3252 615 -12382
3253 651 -12334
3254 697 -12274
3255 689 -12078
3256 869 -12322
3257 871 -12226
3258 879 -12278
3259 845 -12394
3260 667 -12370
3261 739 -12150
3262 837 -12174
3263 707 -12058
3264 589 -12378
3265 547 -12362
3266 573 -12538
3267 363 -12374
3268 337 -12198
3269 531 -12430
3270 565 -12438
3271 637 -12414
3272 889 -12402
3273 913 -12590
3274 853 -12406
3275 913 -12342
3276 887 -12250
3277 1019 -11994
3278 1079 -11946
3279 907 -11954
3280 781 -12010
3281 823 -12226
3282 635 -12082
3283 405 -12118
3284 413 -12094
3285 563 -12142
3286 519 -12114
3287 607 -12018
3288 499 -12046
3289 509 -11926
3290 445 -12002
3291 351 -11874
3292 401 -11910
3293 549 -11806
3294 347 -11414
3295 247 -11626
3296 175 -11678
3297 113 -11982
3298 59 -11782
3299 -51 -11870
3300 -97 -11822
3301 -231 -11850
3302 -341 -11938
3303 -371 -11814
3304 -221 -11834
3305 -243 -11902
3306 -169 -11898
3307 -69 -11918
3308 -99 -12054
3309 -213 -12418
3310 -197 -12598
3311 -83 -12502
3312 -107 -12162
3313 105 -12058
3314 105 -12034
3315 -11 -11930
3316 -133 -11914
3317 -79 -12098
3318 -121 -12258
3319 9 -12106
3320 55 -12042
3321 73 -12094
3322 107 -12102
3323 -99 -12146
3324 -79 -11982
3325 -9 -12122
3326 23 -12142
3327 99 -12022
3328 101 -11738
3329 75 -11802
3330 245 -11954
3331 135 -12002
3332 259 -11782
3333 445 -12058
3334 509 -12206
3335 765 -12434
3336 879 -12186
3337 767 -11994
3338 897 -12034
3339 1051 -12170
3340 1065 -11882
3341 1019 -12002
3342 955 -11858
3343 1079 -12178
3344 1109 -12210
3345 1223 -12110
3346 1311 -12150
3347 1317 -12046
3348 1193 -12086
3349 1157 -11890
3350 1211 -12246
3351 1237 -12058
3352 1335 -12158
3353 1373 -11974
3354 1405 -11930
3355 1497 -12102
3356 1501 -12090
3357 1519 -12090
3358 1449 -12070
3359 1417 -11854
3360 1387 -12078
3361 1505 -11946
3362 1493 -11954
3363 1457 -12290
3364 1503 -12290
3365 1537 -12482
3366 1515 -12278
3367 1395 -12066
3368 1589 -12234
3369 1561 -12254
3370 1553 -12414
3371 1725 -12382
3372 1595 -12382
3373 1669 -12362
3374 1661 -12254
3375 1827 -11982
3376 1835 -12034
3377 1915 -12030
3378 1813 -12058
3379 1789 -12158
3380 1835 -12114
3381 1685 -12290
3382 1877 -12394
3383 1719 -12018
3384 1589 -12178
3385 1647 -12134
3386 1741 -12338
3387 1537 -12030
3388 1535 -12118
3389 1567 -12198
3390 1685 -11862
3391 1543 -11838
3392 1479 -12130
3393 1627 -12290
3394 1729 -12086
3395 1629 -12058
3396 1489 -12170
3397 1503 -12082
3398 1499 -11682
3399 1547 -11894
3400 1435 -11466
3401 1475 -11962
3402 1427 -11918
3403 1551 -12326
3404 1463 -12226
3405 1535 -12218
3406 1379 -12110
3407 1433 -12382
3408 1343 -12262
3409 1343 -12062
3410 1509 -12070
3411 1585 -12238
3412 1663 -12094
3413 1505 -12098
3414 1403 -12182
3415 1331 -12046
3416 1367 -12202
3417 1357 -12154
3418 1285 -12070
3419 1331 -12022
3420 1347 -11886
3421 1381 -11974
3422 1397 -11862
3423 1581 -12326
3424 1597 -12254
3425 1479 -12202
3426 1437 -12234
3427 1615 -12206
3428 1439 -12166
3429 1273 -12078
3430 1261 -12098
3431 1281 -11918
3432 1221 -11990
3433 1085 -11538
3434 955 -11738
3435 935 -11750
3436 775 -12310
3437 737 -12126
3438 669 -12242
3439 619 -12242
3440 709 -12426
3441 547 -11990
3442 617 -12098
3443 617 -12266
3444 545 -12194
3445 659 -12218
3446 697 -12250
3447 705 -12118
3448 763 -12150
3449 713 -12354
3450 645 -12298
3451 559 -12410
3452 589 -12290
3453 673 -12230
3454 815 -12358
3455 1065 -12318
3456 1129 -12306
3457 1053 -12158
3458 823 -12034
3459 955 -11958
3460 815 -11890
3461 785 -12314
3462 813 -12102
3463 829 -12126
3464 853 -12054
3465 755 -12134
3466 859 -12174
3467 905 -12118
3468 885 -12074
3469 941 -12126
3470 945 -12094
3471 995 -12286
3472 1199 -12298
3473 1125 -12318
3474 1045 -12522
3475 913 -12118
3476 953 -11906
3477 1035 -11934
3478 1211 -11970
3479 1111 -11998
3480 1167 -12218
3481 1199 -12218
3482 1075 -12190
3483 1149 -11938
3484 1063 -12082
3485 1107 -11882
3486 1137 -12118
3487 1205 -12038
3488 1205 -12094
3489 1279 -12194
3490 1145 -12294
3491 1139 -12218
3492 1101 -12018
3493 1075 -12074
3494 895 -12374
3495 955 -12250
3496 835 -12170
3497 1037 -11978
3498 921 -11778
3499 1015 -11898
3500 949 -12102
3501 883 -11766
3502 675 -11770
3503 841 -11930
3504 885 -12070
3505 817 -11970
3506 867 -11930
3507 649 -11646
3508 691 -11838
3509 533 -12018
3510 585 -11770
3511 641 -11658
3512 859 -11782
3513 741 -11854
3514 649 -11626
3515 687 -11782
3516 783 -11882
3517 867 -11946
3518 999 -12090
3519 1093 -12210
3520 1083 -12286
3521 985 -12250
3522 1047 -12206
3523 985 -12298
3524 939 -12314
3525 897 -12130
3526 817 -12306
3527 975 -12022
3528 771 -12102
3529 749 -12326
3530 773 -12230
3531 735 -12118
3532 863 -12058
3533 919 -12034
3534 1029 -12086
3535 939 -12070
3536 1089 -12106
3537 939 -12122
3538 997 -12162
3539 979 -11886
3540 929 -12050
3541 1025 -12162
3542 839 -12386
3543 941 -12406
3544 935 -12314
3545 979 -12270
3546 913 -12350
3547 873 -12118
3548 889 -12214
3549 927 -12242
3550 1039 -12270
3551 903 -12074
3552 841 -12298
3553 755 -12230
3554 741 -12370
3555 849 -12110
3556 891 -12066
3557 1087 -11958
3558 1181 -11782
3559 1081 -11978
3560 1037 -11962
3561 1143 -11942
3562 1159 -11970
3563 1139 -12170
3564 1321 -12014
3565 1323 -12214
3566 1303 -12030
3567 1259 -12130
3568 1381 -12202
3569 1459 -12110
3570 1487 -12046
3571 1391 -12114
3572 1153 -12282
3573 1227 -12262
3574 1383 -12202
3575 1593 -12470
3576 1857 -12446
3577 1895 -12410
3578 1851 -12378
3579 1773 -12482
3580 1711 -12462
3581 1785 -12434
3582 2001 -12318
3583 2089 -12102
3584 1987 -12250
3585 1935 -12158
3586 1869 -12102
3587 1733 -12058
3588 1675 -12494
3589 1517 -11986
3590 1455 -12238
3591 1465 -12542
3592 1539 -12454
3593 1467 -12358
3594 1471 -12162
3595 1613 -12294
3596 1719 -12382
3597 1771 -12366
3598 1769 -12266
3599 1647 -12222
3600 1573 -12226
3601 1355 -11994
3602 1329 -12170
3603 1237 -12030
3604 1305 -12298
3605 1267 -12026
3606 1181 -12258
3607 1103 -12106
3608 1055 -12150
3609 1019 -11898
3610 843 -11762
3611 773 -11570
3612 815 -11462
3613 735 -11750
3614 721 -11342
3615 807 -11402
3616 723 -11510
3617 717 -11626
3618 631 -11470
3619 701 -11686
3620 543 -11650
3621 455 -11714
3622 347 -11630
3623 397 -11778
3624 491 -11938
3625 457 -11894
3626 457 -11946
3627 441 -11926
3628 555 -11934
3629 617 -12146
3630 677 -11926
3631 739 -12114
3632 713 -12158
3633 757 -12182
3634 767 -12278
3635 875 -12498
3636 719 -12202
3637 547 -12082
3638 369 -11710
3639 387 -11918
3640 413 -12146
3641 387 -11842
3642 449 -11878
3643 501 -12302
3644 503 -12126
3645 499 -12258
3646 537 -12354
3647 613 -12310
3648 529 -12334
3649 563 -12170
3650 709 -12054
3651 641 -12278
3652 665 -12218
3653 839 -12070
3654 985 -12130
3655 1109 -12174
3656 1101 -12174
3657 1085 -12394
3658 1119 -12402
3659 1099 -12322
3660 1167 -12270
3661 1149 -12038
3662 987 -11966
3663 1163 -12102
3664 1271 -12382
3665 1179 -12130
3666 1055 -12166
3667 1119 -12378
3668 905 -12070
3669 969 -12322
3670 947 -12386
3671 919 -12402
3672 959 -12506
3673 1025 -12194
3674 1227 -12442
3675 1101 -12398
3676 1211 -12194
3677 1137 -12002
3678 1181 -12482
3679 1195 -12214
3680 1175 -12146
3681 1133 -12118
3682 987 -12342
3683 1125 -12178
3684 1165 -12086
3685 1251 -12210
3686 1375 -12190
3687 1525 -11834
3688 1513 -12062
3689 1613 -12090
3690 1745 -12298
3691 1939 -12438
3692 1871 -12522
3693 2021 -12570
3694 1923 -12382
3695 1773 -12394
3696 1861 -12506
3697 1903 -12578
3698 1907 -12502
3699 1843 -12422
3700 1885 -12722
3701 1721 -12706
3702 1685 -12446
3703 1673 -12342
3704 1713 -12278
3705 1705 -12406
3706 1855 -12378
3707 1849 -12334
3708 1817 -12062
3709 2053 -11918
3710 2119 -11942
3711 2069 -11826
3712 1991 -12170
3713 2253 -12546
3714 2443 -12490
3715 2513 -12386
3716 2551 -12578
3717 2499 -12506
3718 2343 -12270
3719 2357 -12174
3720 2235 -12054
3721 2303 -12282
3722 2469 -12746
3723 2409 -12866
3724 2411 -12690
3725 2253 -12370
3726 2437 -12390
3727 2495 -12342
3728 2441 -12266
3729 2471 -12246
3730 2513 -12446
3731 2401 -12350
3732 2361 -12118
3733 2335 -12326
3734 2277 -12262
3735 2233 -12370
3736 2361 -12398
3737 2381 -12542
3738 2213 -12598
3739 2149 -12426
3740 2217 -12286
3741 2195 -12326
3742 2207 -12138
3743 2143 -12246
3744 2139 -12458
3745 2131 -12638
3746 2099 -12626
3747 1851 -12706
3748 1665 -12334
3749 1645 -12546
3750 1769 -12558
3751 1653 -12334
3752 1607 -12462
3753 1583 -12402
3754 1491 -12622
3755 1553 -12498
3756 1559 -12474
3757 1571 -12614
3758 1515 -12662
3759 1397 -12378
3760 1355 -12330
3761 1285 -12370
3762 1359 -12142
3763 1243 -12238
3764 1135 -11802
3765 1267 -12022
3766 1231 -12038
3767 1333 -11970
3768 1309 -12170
3769 1069 -12218
3770 1161 -12522
3771 1245 -12374
3772 1257 -12346
3773 1221 -12494
3774 1177 -12614
3775 1439 -12506
3776 1325 -12558
3777 1313 -12042
3778 1429 -12354
3779 1413 -12506
3780 1329 -12610
3781 1305 -12250
3782 1203 -12082
3783 1283 -12034
3784 1097 -12166
3785 1007 -12294
3786 891 -12206
3787 1037 -12482
3788 1045 -12334
3789 979 -12354
3790 869 -12394
3791 981 -12230
3792 1133 -12338
3793 1131 -12430
3794 1235 -12210
3795 1205 -12226
3796 1139 -12014
3797 1129 -12290
3798 1153 -12314
3799 1301 -12134
3800 1275 -12282
3801 1459 -12462
3802 1599 -12450
3803 1721 -12562
3804 1891 -12614
3805 1749 -12542
3806 1799 -12638
3807 1853 -12566
3808 1577 -12278
3809 1517 -12262
3810 1403 -12334
3811 1211 -12606
3812 1261 -12526
3813 1335 -12498
3814 1323 -12470
3815 1449 -12318
3816 1199 -11918
3817 1339 -11986
3818 1453 -12182
3819 1413 -12146
3820 1501 -12134
3821 1387 -12374
3822 1311 -12346
3823 1327 -12310
3824 1409 -12326
3825 1479 -12690
3826 1309 -12790
3827 1285 -12882
3828 1261 -12758
3829 1429 -12798
3830 1397 -12914
3831 1131 -12902
3832 1075 -12434
3833 1111 -12302
3834 1085 -12362
3835 1115 -12278
3836 1063 -12114
3837 1167 -11890
3838 1227 -11954
3839 1271 -12254
3840 1145 -12210
3841 1031 -12134
3842 847 -12074
3843 785 -12166
3844 645 -12214
3845 733 -12226
3846 745 -12562
3847 625 -12262
3848 563 -12266
3849 623 -12074
3850 599 -12162
3851 623 -12214
3852 713 -12226
3853 787 -12110
3854 629 -12114
3855 555 -12078
3856 497 -11734
3857 293 -12074
3858 237 -12090
3859 273 -12198
3860 325 -12270
3861 379 -12442
3862 273 -12322
3863 305 -12434
3864 133 -12306
3865 233 -12150
3866 195 -12138
3867 249 -12034
3868 195 -12074
3869 151 -12110
3870 193 -12146
3871 301 -12042
3872 269 -12106
3873 231 -12046
3874 305 -12054
3875 177 -12374
3876 1 -12350
3877 -75 -12330
3878 -277 -12306
3879 -311 -12290
3880 -249 -12374
3881 -207 -12118
3882 -101 -12034
3883 -223 -12018
3884 -377 -12058
3885 -419 -11890
3886 -521 -11898
3887 -293 -11878
3888 -177 -12070
3889 -31 -11870
3890 33 -11910
3891 157 -11998
3892 -15 -11702
3893 73 -11786
3894 137 -12038
3895 55 -11986
3896 181 -11942
3897 197 -11758
3898 37 -11790
3899 63 -11998
3900 89 -11982
3901 -83 -12214
3902 39 -12206
3903 195 -12182
3904 265 -11846
3905 189 -11958
3906 103 -12166
3907 91 -12258
3908 113 -12446
3909 115 -12354
3910 167 -11950
3911 161 -11906
3912 251 -11906
3913 449 -11974
3914 485 -12222
3915 555 -12162
3916 655 -12334
3917 553 -12258
3918 649 -11978
3919 771 -11998
3920 833 -12286
3921 815 -12494
3922 789 -12430
3923 843 -12262
3924 751 -12354
3925 621 -12494
3926 663 -12410
3927 633 -12414
3928 587 -12278
3929 545 -12042
3930 405 -12122
3931 375 -12266
3932 365 -12242
3933 399 -12118
3934 633 -12126
3935 733 -11866
3936 681 -11622
3937 735 -11990
3938 571 -12078
3939 585 -12170
3940 449 -12294
3941 415 -12366
3942 495 -12198
3943 261 -12370
3944 259 -12246
3945 65 -12266
3946 61 -12170
3947 49 -12034
3948 13 -12070
3949 -29 -12026
3950 15 -12298
3951 39 -12386
3952 33 -12146
3953 -151 -12134
3954 -77 -12286
3955 -107 -12198
3956 -153 -12230
3957 -95 -12174
3958 -169 -12178
3959 -265 -12142
3960 -355 -12054
3961 -315 -12222
3962 -275 -12090
3963 -191 -11810
3964 -157 -12090
3965 7 -12490
3966 79 -12410
3967 31 -12338
3968 -93 -12006
3969 39 -12010
3970 105 -11986
3971 343 -12186
3972 379 -12334
3973 419 -12350
3974 353 -12202
3975 263 -12290
3976 255 -12334
3977 253 -12190
3978 241 -12154
3979 379 -12226
3980 419 -12050
3981 335 -12094
3982 351 -12010
3983 277 -12146
3984 259 -12202
3985 271 -12194
3986 235 -12086
3987 261 -11994
3988 185 -11930
3989 57 -11982
3990 163 -12134
3991 -27 -11942
3992 -149 -12126
3993 -293 -12270
3994 -229 -12166
3995 -231 -12278
3996 -235 -12030
3997 -97 -12142
3998 19 -11906
3999 3 -12058
4000 -89 -12186
4001 -25 -11806
4002 -41 -11810
4003 -175 -11762
4004 -239 -12022
4005 -191 -12034
4006 -261 -12174
4007 -473 -12054
4008 -523 -12086
4009 -409 -12182
4010 -491 -11982
4011 -629 -11790
4012 -497 -12110
4013 -487 -12318
4014 -495 -12218
4015 -631 -12350
4016 -693 -12306
4017 -601 -11930
4018 -481 -12066
4019 -439 -12198
4020 -371 -12530
4021 -363 -12414
4022 -431 -12390
4023 -517 -12218
4024 -599 -12378
4025 -859 -12242
4026 -969 -12374
4027 -1095 -12170
4028 -1213 -12402
4029 -1161 -12514
4030 -1087 -12562
4031 -1025 -12306
4032 -877 -12086
4033 -799 -12158
4034 -823 -12202
4035 -1007 -12398
4036 -1237 -12530
4037 -1235 -12250
4038 -1243 -12242
4039 -1173 -11930
4040 -1185 -11982
4041 -1191 -12146
4042 -1311 -12114
4043 -1359 -12178
4044 -1407 -11898
4045 -1375 -11782
4046 -1457 -11702
4047 -1495 -12038
4048 -1463 -11846
4049 -1409 -11850
4050 -1417 -11894
4051 -1431 -12046
4052 -1559 -12202
4053 -1433 -12170
4054 -1535 -12238
4055 -1415 -12122
4056 -1267 -12066
4057 -1115 -12054
4058 -1215 -11994
4059 -1269 -12258
4060 -1229 -12238
4061 -1345 -12190
4062 -1221 -12114
4063 -1055 -11838
4064 -983 -12122
4065 -827 -12074
4066 -693 -12050
4067 -731 -12226
4068 -983 -12154
4069 -921 -12034
4070 -849 -12006
4071 -679 -11638
4072 -837 -11898
4073 -1015 -11950
4074 -1017 -11762
4075 -1117 -12026
4076 -989 -12090
4077 -987 -11778
4078 -1045 -12042
4079 -953 -11890
4080 -1045 -12234
4081 -1141 -12186
4082 -1119 -12162
4083 -1153 -12206
4084 -1361 -11974
4085 -1443 -12146
4086 -1239 -12082
4087 -1251 -12110
4088 -1357 -12102
4089 -1531 -12134
4090 -1585 -12182
4091 -1395 -12106
4092 -1495 -12066
4093 -1625 -12074
4094 -1569 -11958
4095 -1487 -12002
4096 -1459 -11878
4097 -1409 -11842
4098 -1315 -11986
4099 -1303 -11970
4100 -1475 -12390
4101 -1609 -12414
4102 -1563 -12350
4103 -1417 -12386
4104 -1489 -12242
4105 -1613 -11998
4106 -1479 -12230
4107 -1417 -12166
4108 -1325 -12070
4109 -1331 -12214
4110 -1203 -12114
4111 -1467 -12186
4112 -1401 -12302
4113 -1489 -12122
4114 -1499 -12070
4115 -1563 -12122
4116 -1747 -12062
4117 -1689 -12170
4118 -1543 -12154
4119 -1479 -12142
4120 -1491 -12194
4121 -1331 -12078
4122 -1035 -11690
4123 -859 -11878
4124 -949 -11850
4125 -1069 -12222
4126 -1159 -12110
4127 -1073 -12106
4128 -1125 -12194
4129 -1003 -11958
4130 -899 -11902
4131 -943 -11962
4132 -877 -12066
4133 -801 -12182
4134 -715 -11946
4135 -747 -12134
4136 -935 -12110
4137 -991 -12162
4138 -901 -12282
4139 -945 -12154
4140 -931 -11866
4141 -993 -11722
4142 -1155 -11806
4143 -1041 -12078
4144 -1111 -12050
4145 -1157 -11974
4146 -1193 -11706
4147 -1171 -11822
4148 -1037 -11526
4149 -1093 -11942
4150 -933 -11786
4151 -867 -11882
4152 -1047 -11778
4153 -1241 -12194
4154 -1381 -12054
4155 -1197 -12094
4156 -1379 -12438
4157 -1207 -12370
4158 -1151 -12574
4159 -1153 -12686
4160 -1139 -12714
4161 -1097 -12458
4162 -1299 -12570
4163 -1373 -12474
4164 -1323 -12354
4165 -1401 -12446
4166 -1157 -12190
4167 -1113 -12194
4168 -969 -12234
4169 -735 -12482
4170 -525 -12350
4171 -461 -11966
4172 -601 -12186
4173 -585 -12310
4174 -493 -12098
4175 -611 -12538
4176 -797 -12322
4177 -709 -12390
4178 -673 -12394
4179 -631 -12382
4180 -451 -12154
4181 -619 -12366
4182 -557 -12346
4183 -633 -12386
4184 -787 -12434
4185 -703 -12402
4186 -517 -12098
4187 -559 -12250
4188 -707 -12406
4189 -797 -12206
4190 -845 -12354
4191 -519 -12422
4192 -641 -12302
4193 -741 -12094
4194 -717 -12346
4195 -737 -12510
4196 -831 -12386
4197 -797 -12262
4198 -889 -12566
4199 -1053 -12230
4200 -1089 -11950
4201 -975 -11830
4202 -815 -11926
4203 -937 -12122
4204 -763 -12162
4205 -855 -11914
4206 -795 -12042
4207 -971 -12090
4208 -887 -12010
4209 -1071 -11934
4210 -1049 -12074
4211 -921 -11994
4212 -835 -12002
4213 -665 -12046
4214 -737 -12082
4215 -765 -12298
4216 -665 -12246
4217 -781 -12206
4218 -853 -12170
4219 -653 -12122
4220 -661 -12078
4221 -741 -12190
4222 -867 -12082
4223 -793 -12078
4224 -923 -11874
4225 -969 -11830
4226 -1005 -11910
4227 -1155 -12150
4228 -1165 -12170
4229 -1043 -12170
4230 -1181 -12222
4231 -1057 -12298
4232 -1041 -12338
4233 -1081 -12154
4234 -921 -11902
4235 -833 -12338
4236 -771 -12154
4237 -675 -12238
4238 -731 -12278
4239 -669 -12298
4240 -549 -12198
4241 -567 -12254
4242 -425 -12246
4243 -453 -12190
4244 -395 -11958
4245 -381 -11890
4246 -397 -12050
4247 -261 -12326
4248 -81 -12206
4249 -1 -12382
4250 153 -12394
4251 239 -12402
4252 335 -12478
4253 229 -12206
4254 387 -11970
4255 265 -12206
4256 139 -12138
4257 49 -12394
4258 109 -12490
4259 35 -12342
4260 123 -12278
4261 117 -12342
4262 239 -12378
4263 285 -12210
4264 121 -12494
4265 27 -12322
4266 41 -12162
4267 -129 -12082
4268 -117 -12002
4269 -141 -12054
4270 -73 -11886
4271 -205 -11938
4272 -213 -11866
4273 -329 -12014
4274 -267 -12242
4275 -129 -12246
4276 -189 -12170
4277 -131 -12358
4278 -169 -12186
4279 -235 -12190
4280 -213 -12110
4281 -217 -12078
4282 -99 -12186
4283 -143 -12126
4284 -43 -12310
4285 3 -12298
4286 -71 -12222
4287 87 -12230
4288 117 -12086
4289 61 -12162
4290 187 -12078
4291 265 -12238
4292 339 -12362
4293 429 -12122
4294 487 -11998
4295 523 -11778
4296 685 -12086
4297 745 -12142
4298 837 -12154
4299 737 -11982
4300 691 -12182
4301 579 -12286
4302 607 -12466
4303 527 -12410
4304 525 -12390
4305 523 -12342
4306 513 -12118
4307 433 -12258
4308 203 -12122
4309 275 -12334
4310 235 -12426
4311 195 -12134
4312 321 -12682
4313 301 -12506
4314 135 -12746
4315 43 -12582
4316 5 -12706
4317 93 -12590
4318 175 -12310
4319 333 -12550
4320 239 -12114
4321 221 -12386
4322 321 -12150
4323 405 -12702
4324 505 -12442
4325 515 -12542
4326 543 -12374
4327 457 -12374
4328 261 -12486
4329 173 -12542
4330 295 -12462
4331 285 -12430
4332 203 -12366
4333 137 -12410
4334 45 -12422
4335 43 -12318
4336 -71 -12342
4337 281 -12614
4338 361 -12214
4339 301 -12370
4340 385 -12278
4341 459 -12230
4342 481 -12122
4343 597 -12294
4344 505 -12242
4345 311 -12234
4346 477 -12098
4347 453 -12358
4348 507 -12226
4349 539 -12314
4350 735 -12338
4351 613 -12346
4352 539 -12318
4353 529 -12394
4354 607 -12526
4355 637 -12598
4356 711 -12234
4357 635 -12166
4358 735 -12214
4359 719 -12162
4360 669 -12094
4361 711 -12198
4362 739 -12346
4363 693 -12514
4364 643 -12230
4365 647 -12298
4366 483 -12418
4367 409 -12174
4368 399 -12218
4369 139 -12414
4370 135 -12066
4371 199 -12130
4372 299 -12550
4373 433 -12514
4374 337 -12642
4375 369 -12594
4376 527 -12438
4377 135 -12378
4378 139 -12234
4379 189 -12510
4380 -105 -12350
4381 -117 -12558
4382 -99 -12614
4383 -73 -12466
4384 31 -12550
4385 107 -12342
4386 103 -12294
4387 125 -12454
4388 171 -12490
4389 189 -12462
4390 503 -12618
4391 617 -12514
4392 571 -12414
4393 569 -12542
4394 671 -12594
4395 671 -12566
4396 683 -12150
4397 729 -12246
4398 663 -12358
4399 705 -12150
4400 633 -12190
4401 633 -12238
4402 649 -12254
4403 713 -12290
4404 571 -12022
4405 521 -12130
4406 639 -11990
4407 733 -12038
4408 815 -11966
4409 741 -11874
4410 673 -11682
4411 837 -12246
4412 695 -12170
4413 733 -12134
4414 495 -12434
4415 525 -12638
4416 523 -12706
4417 579 -12826
4418 339 -12558
4419 251 -12350
4420 145 -12502
4421 221 -12206
4422 -1 -12238
4423 3 -11986
4424 -135 -12198
4425 7 -12286
4426 -25 -12174
4427 7 -12258
4428 -5 -12118
4429 75 -12058
4430 151 -12346
4431 147 -12454
4432 -83 -12170
4433 -99 -12314
4434 -1 -12434
4435 -107 -12466
4436 -7 -12418
4437 97 -12346
4438 35 -12498
4439 -37 -12366
4440 -93 -12178
4441 -57 -12278
4442 33 -12346
4443 -89 -12410
4444 -221 -12454
4445 -273 -12594
4446 -1 -12826
4447 117 -12710
4448 83 -12578
4449 31 -12150
4450 -201 -12158
4451 -169 -11994
4452 -135 -12134
4453 -237 -12094
4454 -361 -11926
4455 -277 -11886
4456 -339 -11874
4457 -561 -12126
4458 -437 -12034
4459 -291 -11934
4460 -261 -11782
4461 -73 -12106
4462 -165 -12230
4463 -93 -12258
4464 -133 -12342
4465 -111 -12302
4466 -19 -12362
4467 37 -12242
4468 -365 -12386
4469 -563 -12426
4470 -655 -12254
4471 -621 -12062
4472 -573 -11826
4473 -553 -12170
4474 -471 -11906
4475 -491 -11946
4476 -563 -11894
4477 -605 -12018
4478 -563 -12042
4479 -515 -12086
4480 -511 -11946
4481 -417 -11906
4482 -343 -12058
4483 -189 -12054
4484 -251 -12298
4485 -189 -12202
4486 -119 -12018
4487 -141 -11762
4488 -51 -11694
4489 -17 -11966
4490 -259 -12110
4491 -133 -12150
4492 -191 -12186
4493 -171 -12094
4494 -209 -12222
4495 -175 -12102
4496 69 -12278
4497 -39 -12318
4498 51 -12210
4499 -103 -12022
4500 -179 -11866
4501 1 -11974
4502 -171 -11842
4503 -225 -11730
4504 -199 -11762
4505 -249 -11938
4506 -373 -11638
4507 -275 -11694
4508 -309 -11814
4509 -337 -11970
4510 -541 -12054
4511 -657 -12158
4512 -637 -12194
4513 -655 -11994
4514 -745 -12110
4515 -829 -12302
4516 -771 -12210
4517 -795 -12354
4518 -857 -12402
4519 -761 -12486
4520 -753 -12446
4521 -827 -12510
4522 -807 -12366
4523 -731 -12162
4524 -609 -12114
4525 -529 -12238
4526 -291 -12334
4527 -331 -12122
4528 -365 -12226
4529 -273 -12194
4530 -251 -12082
4531 -347 -12234
4532 -267 -12354
4533 -377 -12210
4534 -241 -12362
4535 -153 -12042
4536 -293 -12206
4537 -473 -12342
4538 -283 -12422
4539 -213 -12298
4540 -223 -12362
4541 -189 -12314
4542 -109 -12390
4543 -115 -12306
4544 -219 -12266
4545 -289 -12274
4546 -199 -12270
4547 -33 -12218
4548 -203 -12046
4549 -13 -12122
4550 -137 -12098
4551 -355 -12026
4552 -477 -12282
4553 -377 -12486
4554 -397 -12394
4555 -285 -12330
4556 -203 -12650
4557 -357 -12466
4558 -115 -12334
4559 95 -12290
4560 19 -12566
4561 97 -12318
4562 65 -12294
4563 83 -12390
4564 35 -12290
4565 15 -12278
4566 63 -12306
4567 217 -12270
4568 151 -12274
4569 99 -12402
4570 -83 -12362
4571 47 -12170
4572 -61 -12150
4573 -267 -12202
4574 -227 -12234
4575 -305 -12282
4576 -367 -12686
4577 -283 -12686
4578 -233 -12562
4579 -149 -12554
4580 -103 -12462
4581 -285 -12470
4582 -229 -12474
4583 -185 -12546
4584 -157 -12798
4585 -227 -12574
4586 -169 -12554
4587 -123 -12306
4588 -117 -12394
4589 -131 -12090
4590 -131 -12138
4591 -191 -12138
4592 -173 -12290
4593 -85 -12118
4594 -133 -11850
4595 -283 -11818
4596 -195 -12078
4597 -337 -11870
4598 -53 -12238
4599 9 -11998
4600 -53 -11838
4601 11 -12094
4602 179 -12014
4603 345 -12090
4604 565 -12214
4605 397 -12498
4606 413 -12442
4607 469 -12534
4608 573 -12510
4609 553 -12358
4610 665 -12410
4611 567 -12410
4612 537 -12298
4613 563 -12334
4614 619 -12230
4615 659 -12470
4616 773 -12502
4617 817 -12494
4618 691 -12246
4619 833 -12490
4620 693 -12530
4621 919 -12062
4622 881 -12082
4623 953 -12054
4624 995 -12082
4625 1057 -11998
4626 979 -12062
4627 1151 -12030
4628 1041 -11938
4629 1043 -12066
4630 981 -11854
4631 1015 -11878
4632 879 -11854
4633 1139 -11930
4634 1089 -12090
4635 1143 -11946
4636 1193 -11754
4637 1177 -11926
4638 1087 -11862
4639 1095 -11806
4640 1061 -11790
4641 1049 -11742
4642 863 -11854
4643 735 -12026
4644 689 -12118
4645 591 -12046
4646 469 -12146
4647 297 -12038
4648 297 -12178
4649 141 -12118
4650 379 -11950
4651 369 -11746
4652 375 -11846
4653 451 -11858
4654 559 -12006
4655 427 -11682
4656 227 -11754
4657 287 -11842
4658 131 -11814
4659 211 -11770
4660 35 -11906
4661 -99 -11546
4662 -223 -11586
4663 -63 -11678
4664 -179 -11666
4665 -295 -11718
4666 -197 -12242
4667 -335 -12074
4668 -257 -11970
4669 -311 -11734
4670 -315 -11806
4671 -487 -11866
4672 -481 -11590
4673 -685 -11354
4674 -965 -11534
4675 -1003 -11690
4676 -1023 -11830
4677 -945 -11670
4678 -849 -11938
4679 -793 -11942
4680 -685 -11798
4681 -761 -12006
4682 -829 -11826
4683 -911 -12062
4684 -917 -12098
4685 -1045 -11882
4686 -911 -11974
4687 -991 -12142
4688 -1073 -12314
4689 -1013 -12066
4690 -1007 -11966
4691 -983 -12022
4692 -791 -12114
4693 -777 -12010
4694 -503 -12094
4695 -343 -11806
4696 -411 -11614
4697 -513 -11830
4698 -527 -11818
4699 -599 -11922
4700 -409 -12186
4701 -309 -11870
4702 -219 -11870
4703 -199 -11774
4704 -161 -11982
4705 -327 -11766
4706 -307 -11658
4707 -125 -11754
4708 -311 -11774
4709 -401 -11762
4710 -597 -12046
4711 -697 -12190
4712 -549 -12282
4713 -377 -11890
4714 -281 -11802
4715 -145 -11762
4716 -317 -11398
4717 -261 -11614
4718 -285 -11834
4719 -445 -11870
4720 -337 -11898
4721 -149 -12014
4722 -121 -11886
4723 -87 -11966
4724 -43 -12254
4725 -91 -12138
4726 -71 -12206
4727 -45 -12030
4728 -51 -11854
4729 -129 -11938
4730 -109 -12218
4731 11 -12190
4732 -95 -12022
4733 -49 -12010
4734 -323 -11930
4735 -553 -12138
4736 -595 -12402
4737 -441 -12278
4738 -311 -12318
4739 5 -12246
4740 -111 -12214
4741 -199 -12490
4742 -385 -12514
4743 -575 -12334
4744 -591 -12066
4745 -705 -12282
4746 -549 -12222
4747 -487 -12238
4748 -413 -12174
4749 -343 -12078
4750 -447 -11998
4751 -459 -12098
4752 -531 -12218
4753 -607 -12302
4754 -689 -12390
4755 -641 -12402
4756 -523 -12346
4757 -479 -12186
4758 -435 -12382
4759 -651 -11886
4760 -697 -11754
4761 -603 -12058
4762 -553 -12238
4763 -407 -12186
4764 -417 -12490
4765 -339 -12466
4766 -389 -12198
4767 -341 -12346
4768 -417 -12470
4769 -497 -12234
4770 -375 -12230
4771 -347 -12062
4772 -323 -12086
4773 -309 -12166
4774 -299 -11978
4775 -431 -11766
4776 -441 -11826
4777 -389 -12158
4778 -293 -12174
4779 -337 -11886
4780 -33 -11970
4781 87 -11986
4782 107 -11958
4783 297 -11914
4784 275 -11918
4785 355 -12430
4786 511 -12170
4787 539 -12114
4788 641 -11922
4789 691 -11746
4790 643 -11730
4791 589 -11738
4792 629 -11938
4793 583 -12030
4794 511 -11846
4795 545 -11850
4796 425 -11946
4797 437 -12066
4798 361 -12290
4799 437 -11870
4800 601 -12134
4801 595 -11938
4802 607 -11798
4803 619 -11934
4804 505 -12038
4805 509 -12034
4806 607 -12082
4807 411 -12202
4808 205 -11942
4809 173 -12198
4810 231 -12178
4811 247 -11850
4812 271 -11802
4813 343 -11770
4814 343 -11934
4815 427 -11990
4816 441 -11966
4817 441 -12282
4818 309 -12190
4819 213 -12254
4820 457 -12418
4821 541 -12354
4822 499 -12206
4823 457 -12414
4824 495 -12322
4825 607 -12358
4826 535 -12310
4827 463 -12442
4828 445 -12502
4829 459 -12566
4830 513 -12278
4831 327 -12478
4832 227 -12142
4833 175 -11970
4834 193 -11878
4835 103 -12094
4836 119 -12230
4837 189 -12278
4838 59 -12134
4839 89 -11902
4840 -91 -12074
4841 -47 -11858
4842 -153 -12054
4843 -45 -12302
4844 59 -12402
4845 177 -12238
4846 41 -12070
4847 -5 -12342
4848 -31 -12670
4849 145 -12718
4850 -67 -12318
4851 -201 -12246
4852 -261 -12358
4853 -303 -12426
4854 -111 -12638
4855 -149 -12666
4856 -263 -12442
4857 -281 -12478
4858 -275 -12562
4859 -331 -12434
4860 -109 -12334
4861 -85 -12618
4862 37 -12414
4863 23 -12406
4864 -75 -12494
4865 -165 -12634
4866 -35 -12390
4867 -181 -12474
4868 -77 -12742
4869 -105 -12542
4870 -197 -12406
4871 -219 -12526
4872 -267 -12474
4873 -347 -11982
4874 -505 -12098
4875 -463 -12262
4876 -361 -12298
4877 -385 -12286
4878 -257 -12158
4879 -289 -12130
4880 -491 -12090
4881 -627 -12174
4882 -537 -12258
4883 -503 -12318
4884 -429 -12198
4885 -283 -11886
4886 -189 -12010
4887 -381 -12254
4888 -319 -12306
4889 -171 -12330
4890 -85 -12134
4891 -85 -12178
4892 -125 -12162
4893 81 -12250
4894 -59 -12358
4895 -87 -12286
4896 -287 -12142
4897 -355 -12002
4898 -229 -12038
4899 -339 -12010
4900 -345 -11966
4901 -231 -12190
4902 -223 -11922
4903 -479 -12038
4904 -657 -11822
4905 -473 -11906
4906 -339 -12154
4907 -219 -12270
4908 -251 -12194
4909 -217 -12010
4910 -25 -12170
4911 -211 -12018
4912 -75 -12402
4913 -93 -12630
4914 -75 -12550
4915 57 -12346
4916 11 -12430
4917 37 -12478
4918 -83 -12326
4919 -49 -12506
4920 89 -12130
4921 235 -12170
4922 163 -12054
4923 229 -11902
4924 167 -11770
4925 211 -11862
4926 237 -12030
4927 159 -12042
4928 343 -12166
4929 309 -12262
4930 291 -12038
4931 371 -12154
4932 287 -11990
4933 329 -12158
4934 237 -12062
4935 399 -12062
4936 259 -12038
4937 177 -11942
4938 179 -12250
4939 -35 -11958
4940 71 -12086
4941 -93 -11938
4942 183 -11806
4943 197 -11734
4944 161 -11830
4945 121 -11934
4946 121 -11826
4947 117 -11982
4948 79 -11826
4949 -21 -11670
4950 -27 -11758
4951 -67 -11842
4952 -9 -11902
4953 51 -11706
4954 -15 -11822
4955 55 -12302
4956 151 -12250
4957 31 -12186
4958 -165 -12054
4959 -243 -12166
4960 45 -12378
4961 -245 -12310
4962 -183 -12062
4963 -195 -11898
4964 -187 -12142
4965 -147 -11910
4966 69 -12114
4967 201 -12134
4968 285 -12102
4969 283 -12134
4970 407 -12074
4971 297 -12218
4972 77 -12146
4973 77 -12058
4974 133 -11758
4975 25 -11874
4976 -105 -11978
4977 -143 -11934
4978 -157 -12078
4979 17 -11882
4980 209 -12038
4981 295 -12118
4982 53 -11950
4983 -27 -12314
4984 1 -12230
4985 47 -12154
4986 25 -12290
4987 -37 -12094
4988 -133 -12174
4989 -71 -12062
4990 -67 -12310
4991 27 -12150
4992 -23 -11854
4993 -41 -11998
4994 137 -12058
4995 135 -12086
4996 73 -12102
4997 191 -11906
4998 249 -11874
4999 141 -11902
5000 191 -11774
5001 97 -12050
5002 167 -12314
5003 87 -12126
5004 145 -12390
5005 97 -12418
5006 31 -12374
5007 155 -12202
5008 241 -12030
5009 341 -11838
5010 395 -11862
5011 473 -11950
5012 321 -11738
5013 275 -11622
5014 111 -11758
5015 119 -11962
5016 35 -11862
5017 127 -11662
5018 1 -11626
5019 45 -11534
5020 5 -11598
5021 117 -11534
5022 21 -11694
5023 83 -11746
5024 -49 -11610
5025 95 -11706
5026 23 -11626
5027 71 -11870
5028 7 -11898
5029 -63 -11778
5030 -3 -11734
5031 189 -11670
5032 277 -11894
5033 179 -11946
5034 245 -11786
5035 321 -11954
5036 319 -11774
5037 203 -11718
5038 133 -11746
5039 145 -12018
5040 121 -11702
5041 159 -11646
5042 229 -11690
5043 281 -11702
5044 217 -11506
5045 181 -11642
5046 139 -11866
5047 211 -11910
5048 227 -11994
5049 295 -11822
5050 257 -11686
5051 195 -11842
5052 143 -11798
5053 39 -11706
5054 65 -11642
5055 -43 -11578
5056 -23 -11690
5057 83 -11762
5058 65 -12002
5059 5 -12018
5060 -27 -11934
5061 -19 -12078
5062 -73 -11826
5063 -325 -11974
5064 -247 -12094
5065 -329 -12110
5066 -295 -12022
5067 17 -11858
5068 -99 -11522
5069 -5 -11826
5070 207 -11830
5071 169 -11966
5072 101 -11946
5073 83 -12214
5074 77 -11986
5075 207 -11706
5076 121 -11822
5077 139 -11930
5078 173 -11766
5079 259 -11706
5080 257 -11658
5081 383 -11626
5082 369 -11594
5083 337 -11602
5084 407 -11770
5085 203 -11902
5086 261 -11726
5087 -81 -11854
5088 97 -11854
5089 17 -11862
5090 57 -11766
5091 145 -11918
5092 167 -11782
5093 35 -11870
5094 -77 -12094
5095 43 -11918
5096 151 -12010
5097 225 -12230
5098 279 -12066
5099 185 -12022
5100 147 -12018
5101 79 -12318
5102 -27 -12250
5103 -105 -12062
5104 -187 -12170
5105 -189 -12230
5106 -137 -12410
5107 -235 -12230
5108 -257 -12198
5109 -157 -12262
5110 -183 -12306
5111 -67 -12510
5112 -109 -12238
5113 95 -12086
5114 159 -12150
5115 137 -12218
5116 225 -12078
5117 87 -12018
5118 33 -12142
5119 129 -12126
5120 143 -11938
5121 -71 -12106
5122 -5 -12214
5123 -39 -12598
5124 -161 -12162
5125 -103 -12234
5126 -209 -12234
5127 -321 -12138
5128 -211 -11982
5129 -199 -12178
5130 -117 -12130
5131 -101 -12238
5132 11 -12322
5133 49 -12526
5134 3 -12710
5135 73 -12402
5136 61 -12318
5137 93 -12154
5138 195 -12126
5139 89 -12202
5140 -45 -11718
5141 -153 -11894
5142 -195 -11798
5143 -83 -11806
5144 -119 -11570
5145 -33 -11918
5146 61 -11906
5147 -35 -11894
5148 -97 -11842
5149 -75 -11806
5150 -103 -11786
5151 -39 -11870
5152 209 -11694
5153 221 -11578
5154 143 -11486
5155 -7 -11434
5156 -25 -11730
5157 89 -11982
5158 133 -12210
5159 343 -12118
5160 155 -12078
5161 109 -12374
5162 217 -12394
5163 259 -12282
5164 179 -12182
5165 51 -12342
5166 -7 -12426
5167 -47 -12174
5168 -139 -12130
5169 -45 -12410
5170 -133 -12486
5171 -147 -12626
5172 -65 -12534
5173 -169 -12498
5174 -205 -12246
5175 -131 -12250
5176 -169 -12322
5177 -411 -12314
5178 -313 -12442
5179 -327 -12110
5180 -337 -12078
5181 -395 -12114
5182 -447 -12214
5183 -513 -12126
5184 -413 -12278
5185 -535 -12102
5186 -415 -12046
5187 -435 -12274
5188 -363 -12190
5189 -429 -12274
5190 -315 -12426
5191 -131 -12298
5192 -277 -12454
5193 -291 -12450
5194 -343 -12278
5195 -363 -12382
5196 -267 -12394
5197 -219 -12454
5198 -437 -12438
5199 -307 -12374
5200 -489 -12774
5201 -339 -12530
5202 -275 -12474
5203 -245 -12378
5204 -279 -12214
5205 -211 -12350
5206 -331 -12426
5207 -429 -12410
5208 -393 -12306
5209 -455 -12118
5210 -423 -12290
5211 -343 -12086
5212 -547 -11966
5213 -355 -12034
5214 -221 -12018
5215 -281 -12018
5216 -217 -11806
5217 -73 -12110
5218 -129 -12002
5219 55 -12074
5220 -29 -11942
5221 -107 -12066
5222 -17 -12014
5223 25 -12274
5224 195 -12330
5225 255 -12270
5226 261 -12154
5227 285 -12162
5228 223 -12394
5229 251 -12402
5230 257 -12526
5231 271 -12378
5232 303 -12366
5233 297 -12658
5234 199 -12322
5235 329 -12158
5236 133 -11906
5237 35 -11958
5238 -99 -12126
5239 -73 -12186
5240 183 -12130
5241 331 -12158
5242 161 -12270
5243 95 -12166
5244 45 -12242
5245 -35 -12162
5246 61 -11958
5247 -1 -12038
5248 -147 -12174
5249 -75 -12190
5250 39 -12150
5251 71 -11978
5252 -35 -12354
5253 -79 -12186
5254 -213 -12006
5255 -245 -12158
5256 -377 -12066
5257 -311 -12062
5258 -325 -12154
5259 -429 -12126
5260 -437 -12194
5261 -407 -12102
5262 -519 -12118
5263 -575 -12158
5264 -435 -12034
5265 -437 -12070
5266 -461 -12174
5267 -423 -12058
5268 -415 -12170
5269 -267 -11982
5270 -311 -12054
5271 -201 -11990
5272 -327 -12174
5273 -445 -12314
5274 -543 -12354
5275 -861 -12418
5276 -817 -12338
5277 -801 -12330
5278 -625 -12346
5279 -709 -11966
5280 -603 -12206
5281 -601 -12070
5282 -531 -11942
5283 -555 -12126
5284 -705 -12042
5285 -713 -12078
5286 -805 -12186
5287 -949 -12334
5288 -849 -12370
5289 -793 -12174
5290 -839 -12210
5291 -855 -12206
5292 -825 -12046
5293 -737 -12026
5294 -833 -11762
5295 -847 -11974
5296 -871 -12070
5297 -789 -12254
5298 -823 -12074
5299 -987 -12186
5300 -963 -12406
5301 -881 -12602
5302 -925 -12306
5303 -991 -12166
5304 -1073 -12286
5305 -973 -12002
5306 -951 -12062
5307 -1091 -12162
5308 -1191 -12298
5309 -1271 -12458
5310 -1473 -12370
5311 -1381 -12334
5312 -1405 -12222
5313 -1363 -12102
5314 -1351 -12138
5315 -1257 -12274
5316 -919 -12130
5317 -949 -11998
5318 -827 -12214
5319 -733 -12282
5320 -911 -12250
5321 -895 -12266
5322 -775 -12358
5323 -705 -12434
5324 -737 -12202
5325 -683 -12306
5326 -575 -12254
5327 -567 -12246
5328 -531 -12278
5329 -537 -12366
5330 -647 -12390
5331 -599 -12158
5332 -477 -12298
5333 -493 -12294
5334 -495 -12234
5335 -525 -11986
5336 -443 -11866
5337 -441 -11922
5338 -625 -12218
5339 -587 -12270
5340 -575 -12274
5341 -607 -12078
5342 -695 -12138
5343 -591 -11866
5344 -481 -11746
5345 -369 -11818
5346 -229 -11938
5347 -237 -11954
5348 -479 -11978
5349 -433 -11802
5350 -437 -11842
5351 -449 -12122
5352 -355 -12138
5353 -379 -12166
5354 -427 -11850
5355 -439 -11930
5356 -437 -12198
5357 -483 -12154
5358 -579 -12446
5359 -605 -12494
5360 -737 -12430
5361 -831 -12290
5362 -707 -12078
5363 -523 -12126
5364 -673 -12262
5365 -777 -12382
5366 -697 -12130
5367 -633 -12070
5368 -601 -12406
5369 -653 -12306
5370 -733 -12158
5371 -817 -12130
5372 -865 -11914
5373 -815 -11910
5374 -863 -12062
5375 -787 -11910
5376 -661 -11926
5377 -645 -11518
5378 -483 -11722
5379 -519 -11726
5380 -633 -11710
5381 -597 -12002
5382 -665 -11854
5383 -649 -11934
5384 -609 -12370
5385 -577 -12066
5386 -627 -12046
5387 -777 -11882
5388 -773 -11950
5389 -605 -11842
5390 -625 -12186
5391 -673 -12022
5392 -497 -12066
5393 -659 -12002
5394 -657 -12014
5395 -577 -11994
5396 -713 -11946
5397 -555 -12066
5398 -641 -12414
5399 -897 -12606
5400 -835 -12414
5401 -861 -12106
5402 -969 -12062
5403 -987 -11962
5404 -995 -11898
5405 -999 -12234
5406 -1125 -12242
5407 -1019 -12314
5408 -1095 -12066
5409 -951 -12054
5410 -839 -12054
5411 -917 -11990
5412 -875 -12210
5413 -941 -12422
5414 -803 -12658
5415 -649 -12586
5416 -521 -12462
5417 -385 -12082
5418 -371 -12302
5419 -53 -12186
5420 125 -12038
5421 -7 -11718
5422 -141 -11994
5423 67 -11698
5424 167 -11814
5425 177 -11950
5426 229 -11902
5427 195 -11614
5428 173 -11762
5429 245 -11730
5430 217 -11882
5431 207 -11886
5432 265 -12090
5433 147 -11998
5434 233 -11914
5435 273 -11950
5436 295 -11890
5437 405 -11982
5438 505 -11838
5439 519 -11754
5440 539 -11794
5441 715 -11706
5442 675 -11854
5443 691 -11922
5444 633 -12134
5445 637 -12034
5446 743 -11822
5447 695 -11894
5448 885 -11890
5449 801 -11786
5450 867 -11978
5451 905 -11930
5452 975 -12002
5453 921 -11854
5454 973 -12102
5455 1153 -12138
5456 1069 -12218
5457 909 -12194
5458 757 -11934
5459 967 -11958
5460 873 -11886
5461 979 -11894
5462 1189 -11994
5463 1187 -12334
5464 1315 -12354
5465 1429 -12446
5466 1481 -12314
5467 1359 -12246
5468 1371 -12194
5469 1621 -11994
5470 1489 -11954
5471 1565 -12442
5472 1613 -12342
5473 1609 -12130
5474 1645 -12134
5475 1587 -11994
5476 1519 -12226
5477 1539 -12210
5478 1445 -12486
5479 1377 -12270
5480 1447 -12430
5481 1479 -12218
5482 1383 -12402
5483 1393 -12134
5484 1491 -12190
5485 1329 -12130
5486 1441 -12390
5487 1689 -12514
5488 1721 -12514
5489 1701 -12334
5490 1977 -12398
5491 1965 -12534
5492 2029 -12362
5493 2203 -12542
5494 2157 -12606
5495 2187 -12714
5496 2019 -12606
5497 1865 -12634
5498 1901 -12434
5499 1811 -12506
5500 1727 -12434
5501 1691 -12294
5502 1713 -12358
5503 1777 -12214
5504 1893 -12274
5505 1715 -12454
5506 1801 -12402
5507 1823 -12286
5508 1797 -12246
5509 1989 -12290
5510 2005 -12310
5511 2007 -12254
5512 2027 -12370
5513 2007 -12110
5514 2135 -12410
5515 2251 -12334
5516 2237 -12482
5517 2163 -12414
5518 2193 -12282
5519 2099 -12290
5520 2021 -12118
5521 1953 -12038
5522 1955 -12206
5523 2047 -12310
5524 1935 -12170
5525 1957 -12370
5526 1933 -12442
5527 1867 -12578
5528 1735 -12446
5529 1805 -12294
5530 1861 -12310
5531 1847 -12238
5532 1745 -12246
5533 1751 -12010
5534 1585 -12198
5535 1509 -12262
5536 1561 -12262
5537 1535 -12006
5538 1657 -12258
5539 1641 -12370
5540 1395 -12082
5541 1149 -12102
5542 1165 -12074
5543 1365 -12142
5544 1303 -12194
5545 1359 -12270
5546 1365 -12410
5547 1287 -12070
5548 1301 -12078
5549 1303 -12166
5550 1299 -12050
5551 1395 -11974
5552 1443 -11870
5553 1605 -12106
5554 1735 -12074
5555 1715 -11806
5556 1851 -11826
5557 1899 -11778
5558 2099 -11738
5559 1909 -11778
5560 2025 -11666
5561 1971 -11698
5562 2011 -11806
5563 1801 -11798
5564 1819 -12130
5565 2101 -12030
5566 2065 -11926
5567 2063 -11970
5568 2115 -12362
5569 1997 -12078
5570 1957 -12134
5571 1889 -12034
5572 1977 -12106
5573 1991 -11942
5574 1993 -12002
5575 2027 -12206
5576 2007 -12266
5577 2119 -12202
5578 2133 -12250
5579 2299 -12122
5580 2255 -12494
5581 2105 -12542
5582 2265 -12262
5583 2327 -12266
5584 2415 -12258
5585 2327 -12394
5586 2183 -12090
5587 2155 -12058
5588 2217 -12026
5589 2193 -12278
5590 1931 -11926
5591 1949 -11978
5592 1955 -11902
5593 1887 -11830
5594 1787 -11958
5595 1659 -11882
5596 1651 -11950
5597 1587 -12114
5598 1493 -12090
5599 1449 -12290
5600 1407 -12406
5601 1317 -11866
5602 1351 -11742
5603 1133 -11798
5604 1171 -11862
5605 1139 -11890
5606 1243 -11782
5607 1161 -12074
5608 1159 -12106
5609 1209 -12178
5610 971 -12014
5611 947 -12122
5612 1037 -11738
5613 1061 -11882
5614 1279 -11822
5615 1255 -11886
5616 1397 -11958
5617 1657 -11994
5618 1661 -11742
5619 1751 -11838
5620 1831 -12030
5621 1799 -12030
5622 1809 -11862
5623 1765 -11954
5624 1819 -11930
5625 1979 -12046
5626 1905 -12234
5627 1879 -12018
5628 1745 -11814
5629 1817 -12334
5630 1973 -11990
5631 1999 -12006
5632 1977 -11830
5633 2037 -12110
5634 2073 -12114
5635 1973 -12122
5636 2151 -12090
5637 2085 -12166
5638 2147 -12158
5639 2197 -12098
5640 2127 -12126
5641 1933 -11786
5642 2067 -11674
5643 2011 -11758
5644 2055 -11722
5645 2115 -12178
5646 2083 -11926
5647 2137 -12034
5648 2437 -12166
5649 2363 -12174
5650 2133 -12026
5651 2059 -11998
5652 2229 -12038
5653 2327 -12194
5654 2359 -12142
5655 2323 -12250
5656 2267 -12126
5657 2263 -12354
5658 2193 -12066
5659 2233 -12162
5660 2221 -12170
5661 2311 -12242
5662 2205 -11886
5663 2135 -12210
5664 2315 -12418
5665 2209 -12266
5666 2259 -12050
5667 2309 -12342
5668 2399 -12290
5669 2427 -12322
5670 2315 -12334
5671 2391 -12462
5672 2241 -12494
5673 2213 -12306
5674 2143 -12230
5675 2091 -12566
5676 2207 -12330
5677 2209 -12594
5678 2443 -12590
5679 2471 -12370
5680 2475 -12438
5681 2467 -12214
5682 2571 -12530
5683 2571 -12578
5684 2543 -12674
5685 2435 -12618
5686 2589 -12586
5687 2531 -12346
5688 2443 -12334
5689 2413 -12566
5690 2401 -12458
5691 2463 -12606
5692 2553 -12706
5693 2629 -12414
5694 2653 -12338
5695 2671 -12330
5696 2893 -12758
5697 2657 -12438
5698 2603 -12242
5699 2667 -12298
5700 2641 -12298
5701 2583 -12354
5702 2529 -12138
5703 2397 -12110
5704 2177 -12058
5705 2281 -12002
5706 2331 -12350
5707 2427 -12338
5708 2351 -12306
5709 2427 -12142
5710 2339 -12286
5711 2175 -12086
5712 2053 -11890
5713 2111 -11802
5714 2115 -12106
5715 2225 -12106
5716 2277 -11914
5717 2473 -12318
5718 2263 -12302
5719 2443 -12246
5720 2477 -12306
5721 2451 -12226
5722 2531 -12454
5723 2405 -12354
5724 2477 -12706
5725 2465 -12438
5726 2441 -12358
5727 2139 -12262
5728 2253 -12254
5729 2153 -12266
5730 2081 -12126
5731 2025 -12274
5732 1917 -12198
5733 1969 -12166
5734 2025 -12326
5735 1775 -12422
5736 1931 -12342
5737 2045 -12350
5738 2003 -12338
5739 1945 -12314
5740 1803 -12266
5741 1759 -12194
5742 1933 -12354
5743 1953 -12146
5744 1921 -12018
5745 1813 -11930
5746 1889 -11994
5747 1841 -11890
5748 1799 -11754
5749 1809 -11890
5750 1751 -11954
5751 1661 -11986
5752 1761 -12050
5753 1919 -12006
5754 1943 -12166
5755 1935 -12338
5756 1737 -12130
5757 1797 -12318
5758 1787 -12254
5759 2019 -12282
5760 1825 -12118
5761 1781 -12106
5762 1789 -12206
5763 1723 -12114
5764 1505 -11918
5765 1399 -11898
5766 1519 -12058
5767 1435 -11854
5768 1465 -11986
5769 1427 -12150
5770 1465 -12322
5771 1403 -12294
5772 1399 -12154
5773 1379 -12054
5774 1415 -11986
5775 1333 -11782
5776 1513 -12034
5777 1445 -11918
5778 1337 -12114
5779 1173 -12146
5780 1145 -11942
5781 1227 -12274
5782 1143 -12106
5783 1261 -12186
5784 1325 -12118
5785 1381 -12306
5786 1511 -12070
5787 1399 -12350
5788 1351 -11806
5789 1517 -11946
5790 1609 -11942
5791 1589 -11906
5792 1589 -11846
5793 1571 -11826
5794 1475 -11866
5795 1505 -11962
5796 1305 -11874
5797 1239 -11902
5798 1179 -12042
5799 1179 -11854
5800 1021 -11978
5801 673 -12206
5802 847 -12282
5803 1021 -12402
5804 823 -12294
5805 747 -12538
5806 715 -12314
5807 715 -12402
5808 797 -12006
5809 635 -12058
5810 679 -12346
5811 801 -12522
5812 723 -12530
5813 589 -12214
5814 599 -12478
5815 843 -12282
5816 817 -12310
5817 695 -12158
5818 665 -11990
5819 703 -12202
5820 713 -12034
5821 831 -12130
5822 695 -11958
5823 941 -11994
5824 915 -12090
5825 943 -12442
5826 797 -12310
5827 843 -12550
5828 841 -12418
5829 843 -12482
5830 873 -12250
5831 749 -12326
5832 881 -12194
5833 941 -12522
5834 811 -12498
5835 703 -12494
5836 729 -12406
5837 649 -12462
5838 615 -12330
5839 673 -12274
5840 677 -12254
5841 699 -12090
5842 719 -12138
5843 741 -12122
5844 1043 -12246
5845 1073 -12338
5846 1111 -12282
5847 1049 -12014
5848 875 -11946
5849 993 -12078
5850 963 -12246
5851 771 -12214
5852 737 -12302
5853 741 -12098
5854 585 -12090
5855 367 -12242
5856 415 -12222
5857 455 -12010
5858 337 -11930
5859 319 -11910
5860 495 -12122
5861 483 -11902
5862 451 -12018
5863 407 -11654
5864 373 -12190
5865 207 -12190
5866 139 -12118
5867 153 -12058
5868 29 -12130
5869 181 -12038
5870 115 -12142
5871 137 -12166
5872 97 -12102
5873 -63 -12206
5874 73 -12426
5875 75 -12314
5876 -173 -12210
5877 17 -12002
5878 79 -11994
5879 213 -11862
5880 107 -11770
5881 171 -11966
5882 173 -11766
5883 31 -11602
5884 167 -11994
5885 89 -12022
5886 153 -12018
5887 71 -11970
5888 9 -12062
5889 195 -11938
5890 171 -11850
5891 241 -12174
5892 197 -12282
5893 77 -12298
5894 -43 -12398
5895 -127 -12502
5896 -159 -12458
5897 -107 -12582
5898 -29 -12310
5899 -45 -12014
5900 -155 -12014
5901 -237 -12362
5902 -423 -12022
5903 -435 -12150
5904 -211 -12206
5905 -141 -12066
5906 -53 -12254
5907 109 -12254
5908 -57 -12518
5909 -43 -12338
5910 -77 -12238
5911 -119 -12254
5912 -265 -12406
5913 -235 -12382
5914 -97 -12218
5915 -219 -12278
5916 -141 -12094
5917 -125 -12434
5918 -17 -12218
5919 -65 -12298
5920 -77 -12434
5921 -337 -12318
5922 -187 -12282
5923 -161 -12106
5924 49 -12002
5925 -67 -12150
5926 -133 -12082
5927 -189 -12002
5928 -37 -11870
5929 129 -12310
5930 117 -12402
5931 -91 -12626
5932 81 -12514
5933 121 -12338
5934 -11 -12318
5935 65 -12202
5936 33 -11970
5937 -79 -11906
5938 79 -12046
5939 145 -11702
5940 -33 -11918
5941 -119 -12190
5942 -293 -12158
5943 -255 -12198
5944 -341 -12134
5945 -291 -12094
5946 -29 -11974
5947 -85 -12002
5948 -203 -12210
5949 -283 -12250
5950 -155 -12250
5951 -295 -12490
5952 -409 -12310
5953 -409 -12222
5954 -349 -12282
5955 -277 -12338
5956 -327 -12186
5957 -293 -12110
5958 -149 -12282
5959 -281 -12298
5960 -399 -12034
5961 -387 -11914
5962 -411 -11778
5963 -381 -11958
5964 -427 -11994
5965 -481 -12162
5966 -457 -12078
5967 -395 -12310
5968 -431 -12474
5969 -681 -12426
5970 -539 -12298
5971 -529 -12106
5972 -627 -12138
5973 -613 -12338
5974 -637 -12234
5975 -701 -12018
5976 -835 -12146
5977 -925 -12134
5978 -921 -12210
5979 -989 -12142
5980 -1053 -12466
5981 -1009 -12238
5982 -825 -12098
5983 -889 -12154
5984 -861 -12386
5985 -985 -12210
5986 -1243 -12382
5987 -1333 -12278
5988 -1193 -11990
5989 -1251 -12174
5990 -1293 -12122
5991 -1227 -12102
5992 -1159 -12050
5993 -1061 -12130
5994 -913 -12222
5995 -875 -12338
5996 -681 -12198
5997 -529 -11994
5998 -485 -11958
5999 -439 -12150
6000 -575 -12034
6001 -597 -12222
6002 -605 -12310
6003 -641 -12290
6004 -707 -12150
6005 -703 -11906
6006 -723 -11926
6007 -719 -12042
6008 -707 -12278
6009 -785 -12122
6010 -751 -12246
6011 -699 -12346
6012 -667 -12206
6013 -749 -12226
6014 -833 -12294
6015 -843 -12270
6016 -723 -12294
6017 -617 -12094
6018 -749 -12094
6019 -467 -12046
6020 -405 -12054
6021 -531 -11918
6022 -463 -12042
6023 -431 -11798
6024 -457 -11802
6025 -637 -11962
6026 -509 -12198
6027 -437 -12530
6028 -407 -12262
6029 -331 -12094
6030 -309 -12062
6031 -225 -12194
6032 -79 -12310
6033 27 -12162
6034 -35 -12298
6035 -147 -12238
6036 -89 -12490
6037 -71 -12314
6038 -195 -12346
6039 -173 -12254
6040 53 -12450
6041 185 -12318
6042 265 -12418
6043 321 -12550
6044 347 -12486
6045 245 -12334
6046 79 -12230
6047 151 -12354
6048 159 -12410
6049 65 -12306
6050 -77 -11966
6051 5 -12250
6052 45 -12134
6053 -19 -12250
6054 -49 -12222
6055 -31 -12378
6056 25 -12250
6057 141 -12258
6058 -137 -12134
6059 15 -11922
6060 -189 -11934
6061 23 -12090
6062 49 -11978
6063 -77 -12094
6064 17 -12214
6065 -99 -12238
6066 -115 -12278
6067 -369 -12398
6068 -299 -12294
6069 -207 -12118
6070 -129 -12150
6071 -45 -12202
6072 19 -12242
6073 23 -12422
6074 3 -12446
6075 -95 -12370
6076 -231 -12278
6077 -297 -12382
6078 -31 -12270
6079 -81 -12202
6080 -111 -12246
6081 23 -12130
6082 67 -11994
6083 139 -12074
6084 439 -12430
6085 375 -12378
6086 375 -12374
6087 413 -12214
6088 493 -12298
6089 481 -12586
6090 383 -12334
6091 171 -12470
6092 239 -12450
6093 253 -12314
6094 475 -12182
6095 671 -12066
6096 693 -12122
6097 777 -12158
6098 713 -12022
6099 909 -12098
6100 903 -12278
6101 931 -12234
6102 953 -12326
6103 1049 -12154
6104 1091 -12178
6105 1259 -12314
6106 1193 -12506
6107 1327 -12450
6108 1285 -12254
6109 1315 -12150
6110 1395 -12246
6111 1443 -12490
6112 1365 -12698
6113 1209 -12586
6114 1299 -12318
6115 1145 -12494
6116 1083 -12574
6117 937 -12582
6118 741 -12598
6119 673 -12486
6120 653 -12318
6121 721 -12258
6122 631 -12666
6123 499 -12486
6124 489 -12382
6125 551 -12266
6126 641 -12182
6127 641 -11998
6128 769 -12054
6129 863 -12290
6130 907 -12338
6131 949 -12366
6132 971 -12206
6133 943 -12202
6134 809 -12118
6135 613 -11858
6136 621 -12038
6137 493 -12262
6138 573 -12034
6139 513 -12374
6140 537 -12122
6141 399 -12034
6142 531 -11858
6143 605 -11930
6144 609 -11854
6145 445 -11974
6146 469 -11866
6147 539 -11914
6148 715 -12046
6149 753 -12050
6150 701 -12206
6151 511 -12086
6152 565 -12298
6153 487 -12026
6154 385 -11906
6155 361 -12030
6156 293 -12102
6157 213 -11930
6158 87 -12214
6159 1 -12054
6160 -99 -11938
6161 43 -12266
6162 -9 -12394
6163 -75 -12454
6164 -247 -12070
6165 -309 -11802
6166 -341 -12006
6167 -173 -11778
6168 -253 -11918
6169 -139 -11826
6170 -215 -11870
6171 -477 -12214
6172 -477 -12386
6173 -317 -12218
6174 -401 -12034
6175 -301 -11990
6176 -435 -12006
6177 -379 -11830
6178 -467 -11802
6179 -569 -11998
6180 -577 -11846
6181 -609 -12010
6182 -431 -11854
6183 -391 -11918
6184 -443 -11622
6185 -431 -11862
6186 -523 -12186
6187 -519 -11982
6188 -457 -12194
6189 -413 -12398
6190 -437 -12650
6191 -397 -12246
6192 -453 -12378
6193 -437 -12390
6194 -399 -12594
6195 -333 -12506
6196 -457 -12622
6197 -441 -12678
6198 -383 -12510
6199 -379 -12710
6200 -357 -12494
6201 -311 -12330
6202 -423 -12394
6203 -499 -12406
6204 -405 -12574
6205 -369 -12590
6206 -265 -12338
6207 -221 -12510
6208 -243 -12582
6209 -265 -12262
6210 -275 -12134
6211 -95 -12166
6212 -201 -12094
6213 -365 -12042
6214 -531 -11966
6215 -489 -11962
6216 -543 -12086
6217 -621 -11986
6218 -715 -12198
6219 -709 -12262
6220 -757 -12158
6221 -879 -12014
6222 -845 -11738
6223 -1009 -11778
6224 -929 -11750
6225 -943 -11954
6226 -959 -12362
6227 -789 -12078
6228 -765 -11942
6229 -939 -12078
6230 -763 -11854
6231 -567 -11826
6232 -607 -12170
6233 -637 -12302
6234 -679 -12086
6235 -541 -12150
6236 -445 -12178
6237 -427 -12226
6238 -433 -12186
6239 -523 -12190
6240 -521 -12318
6241 -707 -12038
6242 -771 -12110
6243 -845 -11962
6244 -1003 -11998
6245 -883 -12122
6246 -1001 -12270
6247 -893 -12390
6248 -825 -12326
6249 -1037 -12242
6250 -1121 -12278
6251 -1005 -12186
6252 -963 -12142
6253 -781 -12046
6254 -711 -12290
6255 -637 -12290
6256 -601 -12078
6257 -873 -12330
6258 -937 -12254
6259 -885 -12190
6260 -839 -12242
6261 -911 -12310
6262 -953 -12314
6263 -883 -12186
6264 -973 -11990
6265 -945 -12330
6266 -833 -12450
6267 -939 -12478
6268 -1097 -12502
6269 -1025 -12350
6270 -1127 -12134
6271 -1181 -12394
6272 -1193 -12210
6273 -1341 -12210
6274 -1357 -12238
6275 -1325 -12546
6276 -1329 -12254
6277 -1221 -12306
6278 -1285 -12238
6279 -1379 -11926
6280 -1429 -12042
6281 -1469 -11910
6282 -1365 -11846
6283 -1433 -12006
6284 -1311 -11966
6285 -1097 -12070
6286 -975 -12314
6287 -945 -12166
6288 -1033 -12194
6289 -1145 -12054
6290 -1231 -12026
6291 -1199 -11886
6292 -1121 -12066
6293 -1059 -12118
6294 -1063 -12230
6295 -1113 -12194
6296 -969 -12026
6297 -1075 -12186
6298 -1025 -12222
6299 -1025 -12202
6300 -1045 -12014
6301 -999 -12190
6302 -925 -12086
6303 -847 -12102
6304 -625 -11870
6305 -601 -11898
6306 -705 -11862
6307 -701 -11942
6308 -691 -12046
6309 -749 -12058
6310 -875 -11982
6311 -881 -11726
6312 -915 -11762
6313 -1015 -11746
6314 -1129 -11886
6315 -1235 -11878
6316 -1309 -11958
6317 -1439 -12066
6318 -1457 -12034
6319 -1513 -12134
6320 -1479 -12458
6321 -1541 -12434
6322 -1581 -12298
6323 -1697 -12218
6324 -1685 -12118
6325 -1801 -12446
6326 -1757 -12478
6327 -1665 -12394
6328 -1721 -12338
6329 -1743 -12534
6330 -1783 -12322
6331 -1861 -12202
6332 -1943 -12374
6333 -1989 -12346
6334 -2125 -12546
6335 -2109 -12634
6336 -2199 -12666
6337 -1965 -12550
6338 -1889 -12570
6339 -1975 -12482
6340 -1985 -12462
6341 -1885 -12546
6342 -1921 -12358
6343 -1991 -12158
6344 -1993 -12362
6345 -1845 -12430
6346 -1821 -12426
6347 -1851 -12354
6348 -1919 -12474
6349 -1933 -12426
6350 -1819 -12594
6351 -1729 -12782
6352 -1673 -12694
6353 -1567 -12606
6354 -1431 -12378
6355 -1351 -12462
6356 -1345 -12570
6357 -1333 -12642
6358 -1157 -12370
6359 -1093 -12086
6360 -1023 -12418
6361 -1147 -12190
6362 -1309 -12230
6363 -1309 -12490
6364 -1221 -12262
6365 -1199 -12138
6366 -1041 -12054
6367 -983 -12118
6368 -1129 -12158
6369 -1241 -12042
6370 -1011 -12150
6371 -1141 -12182
6372 -1111 -12142
6373 -1345 -12310
6374 -1453 -12234
6375 -1557 -12366
6376 -1491 -12166
6377 -1459 -11910
6378 -1591 -12126
6379 -1629 -11990
6380 -1555 -12086
6381 -1585 -12078
6382 -1573 -12198
6383 -1527 -11914
6384 -1479 -11878
6385 -1517 -12006
6386 -1597 -12018
6387 -1651 -12106
6388 -1703 -12070
6389 -1535 -12222
6390 -1539 -12062
6391 -1627 -12170
6392 -1729 -12162
6393 -1745 -12058
6394 -1621 -11906
6395 -1671 -12142
6396 -1671 -11814
6397 -1601 -11942
6398 -1623 -11994
6399 -1701 -12078
6400 -1617 -11778
6401 -1695 -11846
6402 -1779 -11810
6403 -1705 -11978
6404 -1767 -11782
6405 -1695 -11938
6406 -1719 -11870
6407 -1625 -12094
6408 -1753 -12102
6409 -1761 -12066
6410 -1737 -12090
6411 -1835 -12110
6412 -1859 -12018
6413 -1719 -11834
6414 -1603 -11842
6415 -1651 -11998
6416 -1715 -12218
6417 -1637 -12478
6418 -1475 -12310
6419 -1443 -12154
6420 -1329 -12202
6421 -1317 -11946
6422 -1399 -12134
6423 -1261 -12046
6424 -1321 -11810
6425 -1109 -11702
6426 -1151 -11838
6427 -1155 -11954
6428 -1133 -11998
6429 -1101 -12138
6430 -1195 -12166
6431 -931 -12234
6432 -1095 -12238
6433 -1223 -12394
6434 -1409 -12306
6435 -1511 -12226
6436 -1455 -12322
6437 -1297 -12438
6438 -1431 -12370
6439 -1487 -12422
6440 -1527 -12358
6441 -1705 -12390
6442 -1609 -11918
6443 -1573 -12006
6444 -1413 -11998
6445 -1531 -11902
6446 -1575 -11934
6447 -1495 -11854
6448 -1343 -11802
6449 -1487 -11830
6450 -1511 -11922
6451 -1535 -12134
6452 -1613 -12414
6453 -1687 -12366
6454 -1519 -12166
6455 -1487 -12314
6456 -1549 -12186
6457 -1537 -12362
6458 -1471 -12546
6459 -1583 -12406
6460 -1563 -12430
6461 -1691 -12354
6462 -1709 -12250
6463 -1849 -12114
6464 -1741 -12254
6465 -1839 -12226
6466 -1653 -12142
6467 -1577 -11878
6468 -1611 -11758
6469 -1511 -11742
6470 -1521 -11878
6471 -1385 -11854
6472 -1453 -12158
6473 -1553 -12006
6474 -1513 -11934
6475 -1615 -11814
6476 -1685 -11826
6477 -1685 -11894
6478 -1757 -12158
6479 -1853 -12210
6480 -1851 -12286
6481 -1679 -11878
6482 -1693 -11890
6483 -1795 -11970
6484 -1829 -12142
6485 -1757 -12054
6486 -1653 -12086
6487 -1751 -12042
6488 -1901 -12126
6489 -1811 -12322
6490 -1805 -12326
6491 -1625 -12094
6492 -1531 -12210
6493 -1459 -12334
6494 -1649 -12078
6495 -1617 -12418
6496 -1631 -12182
6497 -1561 -12202
6498 -1725 -12018
6499 -1805 -12142
6500 -1797 -12266
6501 -1787 -12574
6502 -1751 -12330
6503 -1961 -12074
6504 -1923 -12138
6505 -1873 -11862
6506 -1673 -12106
6507 -1747 -12134
6508 -1797 -12146
6509 -1873 -12318
6510 -1851 -11974
6511 -1683 -11906
6512 -1761 -12002
6513 -1757 -12110
6514 -1673 -11814
6515 -1657 -11830
6516 -1855 -11894
6517 -1879 -12094
6518 -1889 -12138
6519 -2075 -11922
6520 -1831 -12042
6521 -1873 -12130
6522 -1983 -12274
6523 -2091 -12282
6524 -2079 -12182
6525 -2237 -12250
6526 -2259 -12658
6527 -2249 -12506
6528 -2207 -12542
6529 -2275 -12478
6530 -2169 -11974
6531 -2375 -11978
6532 -2339 -12170
6533 -2283 -12122
6534 -2145 -12522
6535 -2097 -12410
6536 -2185 -12394
6537 -2223 -12394
6538 -2325 -12558
6539 -2167 -12738
6540 -2117 -12466
6541 -2181 -12474
6542 -2197 -12358
6543 -2205 -12562
6544 -2399 -12374
6545 -2391 -12294
6546 -2365 -12442
6547 -2299 -12582
6548 -2175 -12362
6549 -2085 -12250
6550 -2265 -12290
6551 -2177 -12170
6552 -2209 -12194
6553 -2313 -12166
6554 -2251 -12322
6555 -2459 -12362
6556 -2631 -12450
6557 -2565 -12054
6558 -2433 -11970
6559 -2441 -12030
6560 -2313 -12182
6561 -2429 -12206
6562 -2411 -12158
6563 -2335 -12326
6564 -1991 -12262
6565 -1923 -12186
6566 -1803 -12090
6567 -1739 -12046
6568 -1681 -12062
6569 -1761 -12038
6570 -1719 -11766
6571 -1779 -11834
6572 -1745 -11818
6573 -1645 -11966
6574 -1801 -11946
6575 -1643 -11870
6576 -1493 -11974
6577 -1551 -12130
6578 -1683 -12118
6579 -1585 -11938
6580 -1649 -12030
6581 -1577 -11954
6582 -1547 -11886
6583 -1603 -11946
6584 -1521 -12254
6585 -1551 -11962
6586 -1567 -12158
6587 -1575 -12074
6588 -1555 -11974
6589 -1659 -11870
6590 -1705 -11726
6591 -1539 -11966
6592 -1537 -12166
6593 -1359 -11934
6594 -1375 -12002
6595 -1399 -11918
6596 -1445 -11934
6597 -1637 -12238
6598 -1441 -12370
6599 -1469 -12322
6600 -1381 -12486
6601 -1299 -12194
6602 -1191 -12058
6603 -1167 -11854
6604 -1215 -12082
6605 -1307 -12246
6606 -1321 -12266
6607 -1203 -12142
6608 -1231 -12250
6609 -1109 -12182
6610 -1133 -12062
6611 -1105 -12298
6612 -1231 -12214
6613 -1439 -12130
6614 -1527 -12462
6615 -1371 -12474
6616 -1219 -12126
6617 -1399 -12074
6618 -1431 -11966
6619 -1511 -12222
6620 -1397 -11994
6621 -1481 -12330
6622 -1593 -12274
6623 -1509 -12154
6624 -1383 -11914
6625 -1487 -11826
6626 -1361 -12074
6627 -1333 -12346
6628 -1277 -12278
6629 -1229 -12238
6630 -1045 -12378
6631 -971 -12374
6632 -853 -12334
6633 -757 -12438
6634 -749 -12214
6635 -821 -12102
6636 -755 -11926
6637 -587 -12310
6638 -551 -12382
6639 -307 -12338
6640 -227 -12466
6641 -131 -12442
6642 -33 -12142
6643 19 -12174
6644 -91 -12402
6645 -203 -12314
6646 -217 -12322
6647 -153 -12210
6648 -55 -12310
6649 125 -12202
6650 147 -12038
6651 141 -12238
6652 143 -12058
6653 233 -12498
6654 187 -12330
6655 85 -12330
6656 23 -12438
6657 -17 -12542
6658 -103 -12494
6659 -13 -12274
6660 111 -12398
6661 95 -12050
6662 43 -12158
6663 159 -12274
6664 205 -12438
6665 -25 -12270
6666 9 -12242
6667 31 -12366
6668 191 -12166
6669 243 -12174
6670 237 -12058
6671 163 -11966
6672 73 -12038
6673 -189 -12370
6674 67 -12162
6675 -1 -12562
6676 5 -12382
6677 45 -12210
6678 -159 -12382
6679 -211 -12266
6680 -209 -12214
6681 -43 -12150
6682 85 -12178
6683 79 -12186
6684 -23 -12066
6685 -11 -12130
6686 5 -11842
6687 -7 -11658
6688 -53 -11694
6689 33 -11862
6690 133 -12014
6691 163 -11990
6692 377 -12214
6693 237 -11810
6694 255 -12054
6695 177 -12118
6696 431 -12138
6697 647 -12114
6698 809 -12182
6699 783 -12110
6700 859 -12182
6701 825 -12262
6702 987 -12274
6703 927 -12394
6704 915 -12314
6705 581 -12274
6706 683 -12114
6707 749 -12114
6708 943 -12142
6709 821 -12046
6710 771 -11802
6711 817 -11826
6712 837 -12078
6713 973 -12442
6714 993 -12450
6715 917 -12186
6716 815 -12246
6717 649 -12246
6718 805 -12114
6719 1003 -12042
6720 867 -12226
6721 833 -12274
6722 793 -12294
6723 889 -12086
6724 863 -12210
6725 789 -12342
6726 671 -12174
6727 581 -12394
6728 579 -12270
6729 511 -12138
6730 507 -12242
6731 573 -12102
6732 555 -12138
6733 385 -12326
6734 365 -12350
6735 259 -12162
6736 207 -12366
6737 49 -12198
6738 -75 -12242
6739 -133 -12186
6740 -31 -11954
6741 -81 -11942
6742 -171 -11886
6743 -223 -11874
6744 -59 -12086
6745 27 -11702
6746 103 -11826
6747 5 -11894
6748 137 -11842
6749 105 -11814
6750 -85 -11826
6751 -77 -11954
6752 -147 -12034
6753 -157 -12190
6754 -145 -11918
6755 3 -12094
6756 -49 -12210
6757 -247 -12134
6758 -227 -11934
6759 -263 -11826
6760 -163 -11966
6761 -79 -11814
6762 -11 -12042
6763 -163 -11878
6764 -177 -11814
6765 -131 -11914
6766 -245 -11930
6767 -301 -11786
6768 81 -11706
6769 197 -11854
6770 287 -11774
6771 329 -11778
6772 381 -11978
6773 553 -11758
6774 377 -11850
6775 343 -12074
6776 377 -12158
6777 283 -12430
6778 639 -12354
6779 591 -12334
6780 483 -12450
6781 409 -12306
6782 449 -12418
6783 383 -12178
6784 309 -12278
6785 105 -12194
6786 315 -12174
6787 119 -12110
6788 29 -12082
6789 51 -12038
6790 -115 -12066
6791 -71 -11938
6792 -33 -11978
6793 -121 -11994
6794 -91 -12194
6795 -101 -12082
6796 -203 -12022
6797 -233 -12202
6798 -415 -12190
6799 -345 -12330
6800 -281 -12114
6801 -427 -12166
6802 -613 -12110
6803 -815 -12298
6804 -859 -12206
6805 -1019 -12202
6806 -1099 -12214
6807 -1109 -12110
6808 -1317 -12346
6809 -1297 -12350
6810 -1201 -12282
6811 -1213 -12694
6812 -1005 -12098
6813 -949 -12214
6814 -997 -12010
6815 -973 -12478
6816 -905 -12330
6817 -801 -12206
6818 -831 -12362
6819 -995 -12206
6820 -1165 -12106
6821 -1095 -12218
6822 -1081 -12382
6823 -1257 -12346
6824 -1483 -12290
6825 -1371 -12062
6826 -1371 -12146
6827 -1335 -11854
6828 -1205 -11962
6829 -1189 -12062
6830 -1015 -11922
6831 -839 -11870
6832 -831 -12330
6833 -1027 -11970
6834 -1167 -11926
6835 -1139 -12050
6836 -1143 -11838
6837 -1369 -11946
6838 -1377 -12146
6839 -1343 -12074
6840 -1289 -12002
6841 -1317 -11886
6842 -1051 -11714
6843 -935 -11690
6844 -1043 -11694
6845 -1147 -11762
6846 -1303 -11854
6847 -1307 -11726
6848 -1285 -11574
6849 -1351 -11982
6850 -1497 -11634
6851 -1511 -11830
6852 -1479 -11946
6853 -1649 -11794
6854 -1709 -11846
6855 -1807 -12006
6856 -1745 -12298
6857 -1937 -12222
6858 -2037 -11962
6859 -1979 -11846
6860 -2053 -12154
6861 -2013 -12018
6862 -2089 -12086
6863 -2145 -12422
6864 -2325 -12350
6865 -2549 -12302
6866 -2529 -12382
6867 -2547 -12470
6868 -2451 -12522
6869 -2427 -12550
6870 -2349 -12426
6871 -2403 -12334
6872 -2431 -12106
6873 -2411 -12194
6874 -2373 -12286
6875 -2391 -12326
6876 -2289 -12146
6877 -2271 -11942
6878 -2217 -12166
6879 -2327 -12150
6880 -2297 -12042
6881 -2243 -12070
6882 -2239 -12330
6883 -2275 -12074
6884 -2171 -12118
6885 -2245 -12466
6886 -2185 -12318
6887 -2309 -12194
6888 -2433 -12326
6889 -2539 -12178
6890 -2411 -12170
6891 -2375 -12302
6892 -2271 -12138
6893 -2197 -12162
6894 -2081 -12314
6895 -2065 -12186
6896 -1935 -12198
6897 -1977 -12238
6898 -1841 -12186
6899 -1757 -12002
6900 -1697 -12138
6901 -1543 -12238
6902 -1769 -12270
6903 -1833 -12106
6904 -1835 -12298
6905 -1761 -12426
6906 -1677 -12474
6907 -1757 -12434
6908 -1681 -12362
6909 -1687 -11970
6910 -1715 -12314
6911 -1815 -12402
6912 -1807 -12194
6913 -1807 -11986
6914 -1779 -12186
6915 -1759 -12266
6916 -1637 -12038
6917 -1643 -11966
6918 -1745 -11850
6919 -1809 -11970
6920 -1849 -12130
6921 -1879 -12202
6922 -1795 -12018
6923 -1885 -11874
6924 -1813 -11906
6925 -1797 -11714
6926 -1995 -11814
6927 -1981 -11718
6928 -2043 -11562
6929 -1963 -11858
6930 -1755 -11794
6931 -1599 -11998
6932 -1635 -12050
6933 -1519 -12050
6934 -1529 -12086
6935 -1359 -12206
6936 -1157 -11834
6937 -977 -11610
6938 -1147 -11546
6939 -1151 -11686
6940 -1227 -11762
6941 -1273 -11746
6942 -1165 -12150
6943 -1095 -12266
6944 -1219 -12118
6945 -1393 -12002
6946 -1473 -12090
6947 -1575 -12106
6948 -1585 -12086
6949 -1555 -12126
6950 -1559 -11974
6951 -1683 -11974
6952 -1635 -11942
6953 -1751 -11730
6954 -1591 -11646
6955 -1679 -11538
6956 -1475 -11846
6957 -1591 -11986
6958 -1395 -11894
6959 -1401 -11958
6960 -1287 -11894
6961 -1407 -11958
6962 -1225 -12154
6963 -1267 -12286
6964 -1275 -12094
6965 -1253 -11894
6966 -1261 -12242
6967 -1249 -12098
6968 -1243 -12082
6969 -1185 -12046
6970 -1281 -12086
6971 -1315 -11954
6972 -1323 -11902
6973 -1253 -11886
6974 -1251 -11766
6975 -1271 -11914
6976 -1301 -12154
6977 -1339 -12102
6978 -1151 -11778
6979 -1177 -11694
6980 -1249 -11930
6981 -1329 -11774
6982 -1107 -11810
6983 -1191 -12018
6984 -1257 -12246
6985 -1259 -12206
6986 -1111 -12250
6987 -1093 -12082
6988 -1031 -12050
6989 -977 -12186
6990 -933 -12262
6991 -1003 -12278
6992 -1065 -12366
6993 -1039 -12506
6994 -1167 -12542
6995 -1301 -12394
6996 -1419 -12374
6997 -1229 -12478
6998 -1173 -12230
6999 -1119 -11878
7000 -1111 -12234
7001 -835 -12262
7002 -885 -12022
7003 -997 -11910
7004 -885 -11702
7005 -757 -11626
7006 -725 -11946
7007 -689 -11994
7008 -731 -11918
7009 -611 -11886
7010 -687 -11770
7011 -699 -11978
7012 -663 -12138
7013 -771 -12326
7014 -751 -12262
7015 -823 -12170
7016 -797 -11922
7017 -763 -12202
7018 -637 -11894
7019 -767 -11898
7020 -945 -11870
7021 -1005 -11894
7022 -817 -12054
7023 -857 -12010
7024 -727 -11738
7025 -583 -11970
7026 -661 -12058
7027 -705 -11942
7028 -581 -11858
7029 -459 -12050
7030 -539 -11978
7031 -501 -12062
7032 -411 -12106
7033 -459 -11982
7034 -589 -11942
7035 -551 -12066
7036 -575 -12126
7037 -663 -12138
7038 -755 -12254
7039 -833 -12070
7040 -835 -12146
7041 -759 -11978
7042 -819 -11850
7043 -751 -11734
7044 -873 -12050
7045 -993 -12282
7046 -1003 -12250
7047 -1121 -12174
7048 -1255 -11902
7049 -1157 -11974
7050 -1225 -11802
7051 -1185 -11722
7052 -1073 -12086
7053 -987 -11946
7054 -927 -11898
7055 -899 -11794
7056 -941 -11866
7057 -807 -11778
7058 -927 -11946
7059 -817 -12010
7060 -575 -12570
7061 -395 -12562
7062 -463 -12550
7063 -415 -12222
7064 -465 -12186
7065 -451 -12022
7066 -449 -12082
7067 -465 -12262
7068 -275 -12418
7069 -251 -12202
7070 -421 -12122
7071 -239 -12186
7072 -215 -12298
7073 -175 -12118
7074 -127 -11998
7075 3 -12170
7076 -61 -12170
7077 -69 -12070
7078 -183 -11950
7079 -147 -11862
7080 -327 -11762
7081 -347 -11822
7082 -405 -11914
7083 -589 -12122
7084 -519 -12182
7085 -665 -12258
7086 -691 -12358
7087 -579 -12394
7088 -597 -12506
7089 -797 -12358
7090 -665 -12238
7091 -559 -12238
7092 -575 -12242
7093 -263 -12178
7094 -171 -12146
7095 -201 -11938
7096 -35 -12022
7097 13 -12130
7098 -81 -12090
7099 -85 -12306
7100 -173 -12366
7101 -159 -12398
7102 -55 -12078
7103 -47 -12094
7104 -315 -12294
7105 -307 -12510
7106 -267 -12326
7107 -343 -12270
7108 -379 -12298
7109 -457 -12322
7110 -271 -12586
7111 -629 -12506
7112 -685 -12486
7113 -753 -12722
7114 -759 -12558
7115 -929 -12386
7116 -855 -12506
7117 -741 -12034
7118 -785 -12250
7119 -821 -12398
7120 -805 -12722
7121 -675 -12598
7122 -613 -12786
7123 -677 -12910
7124 -643 -12606
7125 -627 -12502
7126 -639 -12686
7127 -731 -12418
7128 -697 -12122
7129 -747 -11934
7130 -915 -11878
7131 -831 -11866
7132 -659 -11950
7133 -829 -11822
7134 -871 -11690
7135 -879 -11734
7136 -821 -11866
7137 -857 -11966
7138 -801 -11826
7139 -583 -11946
7140 -585 -11878
7141 -527 -12142
7142 -537 -11830
7143 -537 -11690
7144 -381 -11678
7145 -291 -11766
7146 -293 -11966
7147 -313 -11890
7148 -317 -11886
7149 -319 -11974
7150 -387 -12090
7151 -647 -11890
7152 -717 -12226
7153 -551 -12682
7154 -375 -12406
7155 -313 -12374
7156 -289 -12582
7157 -537 -12462
7158 -519 -12390
7159 -435 -12158
7160 -229 -11962
7161 -201 -12050
7162 -271 -11774
7163 -347 -12182
7164 -287 -12026
7165 -209 -12054
7166 -189 -12062
7167 -175 -12274
7168 -163 -12170
7169 -297 -12254
7170 -285 -12294
7171 -323 -12242
7172 -287 -12190
7173 -465 -12274
7174 -441 -12318
7175 -433 -12274
7176 -433 -12282
7177 -453 -12130
7178 -483 -12194
7179 -381 -12046
7180 -379 -12142
7181 -395 -12102
7182 -465 -12238
7183 -511 -12406
7184 -545 -12442
7185 -655 -12278
7186 -675 -12306
7187 -739 -12258
7188 -687 -12286
7189 -681 -12354
7190 -607 -12398
7191 -479 -12266
7192 -577 -12126
7193 -543 -12238
7194 -589 -12330
7195 -693 -12330
7196 -929 -12390
7197 -909 -12274
7198 -1075 -12418
7199 -1127 -12302
7200 -1275 -12282
7201 -1233 -12078
7202 -1089 -12094
7203 -1031 -12342
7204 -1017 -12282
7205 -1123 -12226
7206 -1209 -12126
7207 -1359 -11898
7208 -1297 -12142
7209 -1367 -12194
7210 -1269 -12258
7211 -1355 -12282
7212 -1259 -12362
7213 -1245 -12282
7214 -1197 -12126
7215 -1193 -12278
7216 -1093 -12214
7217 -1469 -12190
7218 -1555 -12354
7219 -1681 -12418
7220 -1751 -12266
7221 -1749 -12318
7222 -1677 -12402
7223 -1783 -12626
7224 -1673 -12574
7225 -1647 -12766
7226 -1571 -12458
7227 -1495 -12230
7228 -1401 -12158
7229 -1621 -12386
7230 -1613 -12074
7231 -1693 -12186
7232 -1865 -12254
7233 -1875 -12366
7234 -1947 -12170
7235 -2111 -12182
7236 -1843 -12190
7237 -1735 -12166
7238 -1883 -12370
7239 -2141 -12154
7240 -2129 -12242
7241 -2079 -12342
7242 -2067 -11974
7243 -1989 -11814
7244 -1959 -11986
7245 -1973 -12006
7246 -1879 -12178
7247 -1967 -12094
7248 -2037 -11882
7249 -2045 -12278
7250 -2073 -12294
7251 -1945 -12134
7252 -2095 -12270
7253 -1973 -12370
7254 -2017 -12126
7255 -1949 -12098
7256 -1843 -12146
7257 -1911 -12242
7258 -1787 -12202
7259 -1763 -12038
7260 -1721 -12006
7261 -1775 -11910
7262 -1801 -12118
7263 -1791 -12042
7264 -1937 -11978
7265 -1775 -12274
7266 -1683 -12042
7267 -1543 -12062
7268 -1641 -12058
7269 -1669 -12138
7270 -1723 -12162
7271 -1625 -12250
7272 -1703 -12474
7273 -1745 -12314
7274 -1735 -12402
7275 -1755 -12430
7276 -1515 -12262
7277 -1541 -12162
7278 -1549 -12190
7279 -1685 -12090
7280 -1551 -11818
7281 -1503 -12006
7282 -1519 -11950
7283 -1665 -12098
7284 -1603 -12374
7285 -1627 -12354
7286 -1639 -12418
7287 -1695 -12582
7288 -1739 -12226
7289 -1719 -12406
7290 -1637 -12270
7291 -1607 -12630
7292 -1531 -12722
7293 -1557 -12446
7294 -1405 -12334
7295 -1441 -12282
7296 -1349 -12574
7297 -1359 -12578
7298 -1313 -12474
7299 -1311 -12378
7300 -1303 -12166
7301 -1315 -12574
7302 -1277 -12382
7303 -1173 -12186
7304 -1123 -12022
7305 -1209 -11874
7306 -1121 -11930
7307 -1213 -11946
7308 -1143 -12354
7309 -1241 -12154
7310 -1029 -12190
7311 -975 -12438
7312 -933 -12274
7313 -955 -12238
7314 -1121 -12222
7315 -1201 -12306
7316 -1237 -12078
7317 -1383 -12182
7318 -1399 -12074
7319 -1229 -12294
7320 -1347 -12190
7321 -1385 -12322
7322 -1461 -12606
7323 -1375 -12686
7324 -1257 -12742
7325 -1021 -12546
7326 -819 -12294
7327 -659 -12002
7328 -655 -12014
7329 -695 -12134
7330 -701 -12194
7331 -647 -12418
7332 -713 -12542
7333 -755 -12114
7334 -839 -12198
7335 -775 -12266
7336 -883 -12322
7337 -957 -12482
7338 -993 -12330
7339 -909 -12302
7340 -981 -12374
7341 -991 -11978
7342 -883 -12070
7343 -727 -11962
7344 -587 -12034
7345 -515 -12326
7346 -379 -12134
7347 -517 -12270
7348 -569 -12454
7349 -565 -12366
7350 -647 -12382
7351 -719 -12166
7352 -639 -12094
7353 -641 -12194
7354 -725 -12170
7355 -863 -12430
7356 -865 -12046
7357 -939 -12206
7358 -1129 -12258
7359 -1123 -12274
7360 -1101 -12086
7361 -1209 -12178
7362 -1259 -12158
7363 -1421 -12598
7364 -1545 -12470
7365 -1429 -12258
7366 -1355 -12258
7367 -1247 -12230
7368 -1371 -12250
7369 -1383 -12094
7370 -1415 -11982
7371 -1315 -11926
7372 -1193 -11894
7373 -1361 -11922
7374 -1217 -12154
7375 -1123 -12314
7376 -1145 -12330
7377 -1205 -12430
7378 -1197 -12178
7379 -979 -12430
7380 -997 -12326
7381 -907 -12166
7382 -663 -11946
7383 -549 -11954
7384 -219 -11722
7385 -51 -11870
7386 -69 -12190
7387 -129 -12314
7388 -25 -12394
7389 -79 -12350
7390 -149 -12230
7391 -287 -12170
7392 -263 -12098
7393 -393 -12114
7394 -559 -12058
7395 -563 -11842
7396 -401 -11834
7397 -361 -12158
7398 -319 -11886
7399 -447 -12082
7400 -335 -12030
7401 -275 -11722
7402 -365 -11874
7403 -463 -12062
7404 -387 -11606
7405 -501 -11430
7406 -379 -11742
7407 -255 -11814
7408 -283 -11730
7409 -407 -11778
7410 -361 -11658
7411 -417 -11730
7412 -357 -11566
7413 -169 -11546
7414 -207 -11386
7415 41 -11622
7416 175 -11562
7417 103 -11874
7418 -35 -12034
7419 -121 -12302
7420 -193 -11962
7421 -205 -11886
7422 -221 -11774
7423 -251 -12006
7424 -257 -11858
7425 -145 -12090
7426 -103 -12238
7427 -51 -12374
7428 -125 -12182
7429 -23 -12394
7430 -21 -12390
7431 -55 -12170
7432 19 -12326
7433 -149 -12086
7434 -173 -12106
7435 -201 -11922
7436 -389 -11994
7437 -455 -12074
7438 -681 -11978
7439 -449 -12326
7440 -441 -12090
7441 -393 -12470
7442 -311 -12214
7443 -193 -12246
7444 -179 -12242
7445 3 -11950
7446 87 -12090
7447 225 -12226
7448 183 -12054
7449 87 -11990
7450 115 -11942
7451 141 -12010
7452 15 -12026
7453 -13 -11622
7454 71 -11954
7455 119 -12038
7456 93 -11990
7457 -125 -12126
7458 -55 -11910
7459 7 -11878
7460 -95 -11678
7461 -207 -11682
7462 -229 -11554
7463 -475 -11726
7464 -451 -11786
7465 -277 -11774
7466 -225 -11566
7467 -393 -11630
7468 -397 -11454
7469 -435 -11302
7470 -513 -11214
7471 -483 -11582
7472 -439 -11642
7473 -235 -11738
7474 -265 -11618
7475 -255 -11966
7476 -333 -12074
7477 -341 -11902
7478 -491 -12038
7479 -323 -11858
7480 -175 -11578
7481 -73 -11682
7482 -209 -11818
7483 -263 -11614
7484 -351 -11634
7485 -139 -11850
7486 -255 -11854
7487 -231 -12190
7488 -231 -11926
7489 -125 -11906
7490 -101 -12014
7491 11 -11822
7492 -15 -11838
7493 -99 -11970
7494 -159 -12098
7495 -135 -11766
7496 -11 -11794
7497 -145 -11722
7498 -139 -12002
7499 -111 -12194
7500 -109 -12230
7501 55 -12106
7502 251 -12338
7503 341 -12266
7504 311 -11946
7505 303 -11886
7506 337 -12066
7507 387 -11998
7508 517 -12090
7509 613 -11974
7510 703 -12002
7511 791 -12138
7512 883 -12142
7513 869 -12198
7514 1003 -12406
7515 863 -12178
7516 885 -12198
7517 935 -11814
7518 841 -11794
7519 761 -11822
7520 985 -11682
7521 891 -11838
7522 943 -11846
7523 1053 -12042
7524 1073 -12086
7525 1251 -12014
7526 1103 -12006
7527 1105 -12158
7528 1115 -12326
7529 1289 -12310
7530 1011 -12382
7531 975 -12438
7532 1129 -12154
7533 1063 -12374
7534 1037 -12438
7535 1133 -12082
7536 1089 -11962
7537 1177 -12250
7538 1381 -12170
7539 1081 -11978
7540 1053 -12206
7541 961 -12122
7542 931 -12318
7543 969 -12078
7544 877 -12034
7545 991 -11702
7546 1007 -12078
7547 941 -12278
7548 939 -12482
7549 893 -12454
7550 893 -12710
7551 945 -12690
7552 907 -12934
7553 921 -12746
7554 965 -12782
7555 1037 -12730
7556 999 -12778
7557 1009 -12746
7558 1029 -12858
7559 973 -12782
7560 921 -12698
7561 839 -12606
7562 933 -12462
7563 785 -12258
7564 729 -12058
7565 733 -12430
7566 901 -12514
7567 1017 -12218
7568 1011 -12118
7569 937 -12382
7570 905 -12442
7571 811 -12350
7572 747 -12262
7573 815 -11882
7574 757 -11962
7575 787 -11898
7576 761 -11950
7577 905 -12326
7578 1127 -12154
7579 1199 -12166
7580 1137 -12342
7581 1079 -12146
7582 1225 -12270
7583 1157 -12150
7584 1035 -11822
7585 953 -12006
7586 1125 -12002
7587 1113 -12298
7588 1277 -12258
7589 1277 -12162
7590 1173 -12050
7591 1041 -11994
7592 1095 -12194
7593 1087 -11958
7594 1003 -11658
7595 1211 -11862
7596 1315 -11874
7597 1097 -12014
7598 1225 -12126
7599 1175 -11922
7600 1213 -12170
7601 1209 -12262
7602 1169 -12254
7603 1099 -12090
7604 1111 -12578
7605 897 -12358
7606 741 -12450
7607 827 -12326
7608 763 -12442
7609 595 -12442
7610 605 -12138
7611 673 -12022
7612 743 -12238
7613 587 -12202
7614 471 -12090
7615 349 -11958
7616 433 -12066
7617 573 -12118
7618 605 -12010
7619 707 -11954
7620 623 -11978
7621 673 -12254
7622 481 -12130
7623 405 -12174
7624 231 -12262
7625 285 -12222
7626 547 -12486
7627 349 -12474
7628 207 -12222
7629 295 -12134
7630 363 -12182
7631 477 -12370
7632 685 -12390
7633 545 -12506
7634 517 -12466
7635 603 -12650
7636 531 -12786
7637 639 -12566
7638 591 -12422
7639 697 -12634
7640 689 -12578
7641 729 -12682
7642 761 -12590
7643 777 -12562
7644 645 -12322
7645 647 -12466
7646 595 -12254
7647 703 -12190
7648 935 -12122
7649 897 -12422
7650 933 -12762
7651 985 -12538
7652 921 -12714
7653 945 -12590
7654 1053 -12442
7655 775 -12434
7656 831 -12362
7657 793 -12266
7658 821 -12262
7659 879 -12354
7660 853 -12150
7661 723 -12278
7662 635 -12246
7663 599 -12466
7664 749 -12326
7665 627 -12094
7666 665 -12210
7667 723 -12174
7668 757 -12182
7669 717 -12226
7670 573 -12130
7671 583 -12070
7672 379 -11982
7673 383 -12302
7674 263 -12226
7675 255 -12306
7676 217 -12086
7677 461 -12022
7678 305 -11978
7679 219 -11914
7680 199 -11782
7681 153 -11762
7682 131 -11814
7683 189 -11738
7684 331 -11798
7685 261 -11838
7686 153 -12242
7687 169 -12258
7688 97 -12146
7689 297 -12278
7690 139 -12174
7691 161 -12218
7692 275 -12254
7693 277 -12274
7694 207 -11962
7695 95 -12006
7696 53 -11870
7697 59 -11774
7698 -23 -11878
7699 83 -11630
7700 -47 -11746
7701 59 -11798
7702 145 -12062
7703 85 -11610
7704 45 -11758
7705 -43 -11786
7706 -131 -11942
7707 -99 -11794
7708 95 -11762
7709 -7 -11630
7710 -97 -11846
7711 -251 -11998
7712 -337 -12146
7713 -493 -12198
7714 -435 -12238
7715 -529 -12506
7716 -523 -12470
7717 -563 -11982
7718 -481 -11950
7719 -471 -12006
7720 -475 -12178
7721 -455 -12110
7722 -221 -12002
7723 -167 -11890
7724 -45 -12006
7725 81 -11970
7726 29 -12010
7727 -73 -11810
7728 -59 -11914
7729 -63 -11754
7730 31 -11742
7731 -7 -11774
7732 -135 -12014
7733 81 -12074
7734 107 -11914
7735 51 -12146
7736 103 -12006
7737 161 -12162
7738 99 -12102
7739 223 -12230
7740 237 -12018
7741 235 -11950
7742 349 -12046
7743 347 -12010
7744 517 -12026
7745 569 -12106
7746 729 -12038
7747 741 -12286
7748 831 -12254
7749 829 -12226
7750 919 -12022
7751 763 -12170
7752 765 -11954
7753 959 -12366
7754 801 -12250
7755 659 -12382
7756 699 -12554
7757 797 -12354
7758 949 -12234
7759 873 -12210
7760 985 -12222
7761 1201 -12326
7762 1207 -12294
7763 1215 -12246
7764 1247 -12310
7765 1253 -12054
7766 1223 -12014
7767 1493 -12198
7768 1527 -12198
7769 1455 -12150
7770 1431 -12266
7771 1317 -12038
7772 1453 -12082
7773 1421 -11946
7774 1473 -12062
7775 1515 -11998
7776 1541 -12042
7777 1533 -11974
7778 1565 -11970
7779 1679 -11830
7780 1399 -11790
7781 1379 -11802
7782 1373 -11926
7783 1429 -12034
7784 1575 -12186
7785 1761 -12194
7786 1673 -12162
7787 1625 -12018
7788 1635 -12038
7789 1699 -12006
7790 1711 -11794
7791 1657 -12218
7792 1665 -12166
7793 1547 -12306
7794 1409 -12306
7795 1373 -12382
7796 1357 -12346
7797 1337 -12366
7798 1261 -12230
7799 1159 -12158
7800 1177 -12078
7801 1059 -11726
7802 1243 -11914
7803 1039 -11894
7804 1137 -12154
7805 1109 -11794
7806 1169 -12066
7807 1191 -12326
7808 1049 -12022
7809 1041 -12194
7810 983 -12158
7811 787 -12354
7812 805 -12214
7813 957 -12298
7814 1049 -12006
7815 1047 -12102
7816 1109 -12202
7817 1145 -12002
7818 801 -11914
7819 785 -11894
7820 713 -12062
7821 731 -12250
7822 799 -12454
7823 835 -12090
7824 809 -12010
7825 907 -12010
7826 831 -12118
7827 735 -11770
7828 697 -11698
7829 707 -12002
7830 751 -11946
7831 935 -11830
7832 989 -11878
7833 953 -12066
7834 943 -12042
7835 793 -12246
7836 609 -12170
7837 633 -12018
7838 637 -11946
7839 665 -11826
7840 759 -11862
7841 619 -12058
7842 603 -12046
7843 653 -11998
7844 513 -12006
7845 445 -11938
7846 241 -11882
7847 311 -11762
7848 185 -12082
7849 311 -11958
7850 299 -11994
7851 245 -11974
7852 185 -12018
7853 301 -12238
7854 361 -12154
7855 357 -12150
7856 425 -12198
7857 427 -11942
7858 543 -11898
7859 809 -11922
7860 851 -11958
7861 799 -12018
7862 691 -11750
7863 553 -11794
7864 751 -12062
7865 867 -11886
7866 859 -12058
7867 907 -12218
7868 951 -12426
7869 1037 -12366
7870 1025 -12398
7871 1079 -12210
7872 1051 -12098
7873 951 -12126
7874 1161 -12446
7875 1199 -12402
7876 1055 -12298
7877 1043 -12326
7878 1057 -12474
7879 1289 -12470
7880 1201 -12554
7881 1171 -12474
7882 1203 -12494
7883 1261 -12382
7884 1429 -12342
7885 1269 -11966
7886 1141 -12150
7887 985 -12098
7888 915 -11802
7889 887 -11710
7890 817 -11770
7891 571 -11790
7892 603 -12174
7893 593 -12178
7894 571 -11870
7895 473 -11814
7896 469 -11638
7897 459 -11890
7898 581 -11818
7899 641 -11954
7900 659 -12150
7901 477 -12162
7902 481 -12062
7903 525 -11870
7904 607 -11922
7905 473 -11970
7906 361 -12018
7907 265 -11806
7908 431 -11774
7909 359 -11838
7910 423 -11670
7911 423 -11878
7912 231 -12082
7913 213 -12126
7914 427 -12102
7915 469 -11818
7916 401 -11738
7917 275 -11806
7918 315 -11890
7919 213 -12022
7920 105 -11874
7921 107 -11902
7922 301 -11926
7923 283 -11686
7924 343 -11514
7925 163 -11438
7926 235 -11430
7927 339 -11694
7928 287 -11470
7929 185 -11234
7930 293 -11402
7931 357 -11310
7932 253 -11746
7933 275 -11498
7934 237 -11482
7935 353 -11466
7936 389 -11570
7937 423 -11774
7938 515 -11506
7939 403 -11646
7940 433 -11738
7941 475 -11858
7942 715 -11822
7943 603 -11890
7944 543 -11910
7945 347 -11798
7946 299 -11774
7947 105 -12094
7948 185 -11982
7949 203 -11914
7950 121 -12090
7951 163 -11978
7952 19 -11938
7953 -59 -11870
7954 -87 -11778
7955 -197 -11798
7956 -203 -11990
7957 -123 -12010
7958 -331 -12078
7959 -301 -12150
7960 -285 -11958
7961 -403 -11946
7962 -367 -11686
7963 -469 -11914
7964 -375 -11762
7965 -463 -11874
7966 -287 -11674
7967 -373 -11694
7968 -487 -11642
7969 -537 -12010
7970 -485 -12018
7971 -403 -11846
7972 -551 -11790
7973 -447 -11750
7974 -417 -11774
7975 -529 -11906
7976 -425 -11850
7977 -505 -11818
7978 -683 -11934
7979 -501 -11874
7980 -497 -11850
7981 -571 -11814
7982 -775 -11818
7983 -863 -11814
7984 -797 -12006
7985 -673 -11922
7986 -861 -11894
7987 -1101 -12030
7988 -1263 -12370
7989 -1221 -12346
7990 -1087 -12434
7991 -1147 -12406
7992 -1253 -12506
7993 -1297 -12450
7994 -1259 -12238
7995 -1141 -12354
7996 -1075 -12386
7997 -943 -12242
7998 -905 -12358
7999 -931 -12114
8000 -825 -12330
8001 -797 -12454
8002 -699 -11946
8003 -635 -11946
8004 -457 -12190
8005 -519 -12110
8006 -715 -12026
8007 -889 -12302
8008 -777 -12154
8009 -799 -12022
8010 -711 -11718
8011 -641 -11826
8012 -447 -11990
8013 -483 -11930
8014 -453 -11822
8015 -479 -11894
8016 -455 -11826
8017 -637 -11982
8018 -627 -11894
8019 -671 -11646
8020 -703 -11746
8021 -703 -11490
8022 -627 -11830
8023 -587 -11802
8024 -647 -11818
8025 -727 -11990
8026 -811 -12126
8027 -813 -12122
8028 -861 -12490
8029 -807 -12554
8030 -709 -12530
8031 -385 -12530
8032 -459 -12438
8033 -387 -12490
8034 -521 -12606
8035 -523 -12590
8036 -491 -12618
8037 -575 -12374
8038 -499 -12454
8039 -379 -12122
8040 -105 -12242
8041 1 -12258
8042 15 -12034
8043 -75 -12202
8044 -41 -12142
8045 35 -12050
8046 27 -12194
8047 153 -12034
8048 47 -12074
8049 -11 -12070
8050 3 -12250
8051 -119 -12242
8052 -115 -12334
8053 -15 -12226
8054 -151 -12330
8055 -97 -12450
8056 -29 -12214
8057 -37 -12430
8058 -181 -12314
8059 -179 -12242
8060 -73 -12122
8061 -45 -11934
8062 -193 -11778
8063 -199 -11818
8064 -215 -11846
8065 -127 -11878
8066 -115 -11958
8067 -29 -12034
8068 -83 -12238
8069 -173 -12446
8070 -225 -12526
8071 -265 -12650
8072 -299 -12462
8073 -215 -12286
8074 -113 -12222
8075 -187 -11974
8076 -363 -11958
8077 -343 -12158
8078 -321 -12270
8079 -269 -12538
8080 -169 -12306
8081 -277 -12298
8082 -207 -12334
8083 -239 -12366
8084 -393 -12294
8085 -417 -12306
8086 -423 -12134
8087 -685 -12110
8088 -691 -12018
8089 -523 -12242
8090 -447 -12174
8091 -451 -12294
8092 -519 -12458
8093 -341 -12594
8094 -223 -12402
8095 -245 -12566
8096 -163 -12358
8097 -117 -12226
8098 -53 -12298
8099 -127 -12250
8100 -245 -12178
8101 -407 -12274
8102 -379 -12410
8103 -399 -12262
8104 -345 -11814
8105 -471 -12090
8106 -337 -12250
8107 -269 -12314
8108 -393 -11946
8109 -439 -11790
8110 -621 -11878
8111 -857 -12326
8112 -925 -12218
8113 -849 -12294
8114 -839 -12270
8115 -1001 -12106
8116 -861 -12130
8117 -793 -12174
8118 -679 -12002
8119 -677 -12214
8120 -563 -12206
8121 -539 -11862
8122 -373 -11902
8123 -503 -11814
8124 -341 -11766
8125 -365 -11574
8126 -503 -11622
8127 -443 -12010
8128 -417 -12238
8129 -371 -12378
8130 -467 -12166
8131 -413 -12254
8132 -455 -12158
8133 -479 -12026
8134 -461 -11834
8135 -455 -12050
8136 -303 -11958
8137 -385 -11842
8138 -355 -11998
8139 -497 -12202
8140 -545 -12146
8141 -447 -12078
8142 -435 -12130
8143 -357 -12162
8144 -385 -12058
8145 -559 -12058
8146 -501 -12086
8147 -391 -12034
8148 -305 -11822
8149 -395 -11982
8150 -571 -12002
8151 -549 -11850
8152 -437 -12034
8153 -495 -12154
8154 -445 -11934
8155 -407 -11986
8156 -353 -12158
8157 -371 -11910
8158 -495 -12158
8159 -511 -11826
8160 -659 -12070
8161 -501 -11914
8162 -199 -12158
8163 -185 -12062
8164 -127 -12186
8165 41 -11862
8166 127 -12070
8167 85 -11962
8168 29 -12134
8169 49 -12066
8170 -209 -12046
8171 -383 -12002
8172 -493 -12334
8173 -603 -12098
8174 -619 -12182
8175 -741 -12090
8176 -669 -11938
8177 -823 -12054
8178 -729 -12014
8179 -597 -12318
8180 -547 -12310
8181 -513 -12050
8182 -541 -11990
8183 -563 -12382
8184 -465 -12182
8185 -465 -12242
8186 -359 -12090
8187 -403 -12202
8188 -415 -12370
8189 -409 -12298
8190 -325 -12262
8191 -411 -12154
8192 -471 -12150
8193 -497 -12202
8194 -357 -12278
8195 -339 -12242
8196 -217 -12022
8197 -225 -11822
8198 -235 -11986
8199 -143 -12222
8200 -31 -12350
8201 -169 -12294
8202 -231 -12258
8203 -137 -12042
8204 -155 -12198
8205 33 -11958
8206 83 -12050
8207 67 -11946
8208 93 -11970
8209 7 -11802
8210 63 -11870
8211 -115 -12190
8212 -131 -11906
8213 -133 -12042
8214 -147 -12026
8215 -265 -12010
8216 -135 -11930
8217 -25 -12078
8218 -163 -11894
8219 -89 -12082
8220 -211 -12022
8221 -413 -12098
8222 -387 -12002
8223 -327 -11914
8224 -223 -11858
8225 -199 -11942
8226 -269 -11810
8227 -217 -12058
8228 -297 -12210
8229 -203 -12034
8230 -103 -12314
8231 -1 -12214
8232 -37 -12118
8233 -27 -12266
8234 -29 -12254
8235 177 -12102
8236 175 -12102
8237 233 -11846
8238 113 -12030
8239 93 -11978
8240 175 -12106
8241 -21 -11930
8242 163 -11810
8243 23 -12030
8244 -91 -12002
8245 37 -12078
8246 147 -12094
8247 209 -11906
8248 299 -11698
8249 165 -11722
8250 197 -11746
8251 103 -11458
8252 129 -11470
8253 175 -11618
8254 151 -11430
8255 5 -11518
8256 1 -11766
8257 -93 -11862
8258 63 -11858
8259 -3 -12062
8260 15 -11626
8261 -143 -11602
8262 -75 -11694
8263 -267 -11838
8264 -195 -11766
8265 -185 -11862
8266 -213 -11838
8267 -161 -11978
8268 15 -11906
8269 -5 -11954
8270 -73 -11718
8271 11 -12074
8272 31 -12146
8273 77 -12050
8274 199 -11958
8275 195 -11830
8276 187 -11822
8277 193 -12078
8278 273 -11886
8279 267 -12010
8280 387 -12198
8281 331 -11946
8282 273 -12106
8283 215 -12246
8284 161 -12062
8285 47 -11954
8286 -7 -12302
8287 -85 -12370
8288 -37 -12386
8289 -101 -12630
8290 -209 -12334
8291 -73 -12230
8292 -171 -12146
8293 -233 -12294
8294 -261 -12298
8295 -11 -12446
8296 -73 -11994
8297 -109 -12378
8298 -215 -12426
8299 -211 -12542
8300 -243 -12382
8301 -171 -12198
8302 -221 -12446
8303 -215 -12390
8304 -101 -12430
8305 -119 -12398
8306 21 -12134
8307 -17 -12430
8308 -93 -12266
8309 -19 -12014
8310 11 -12138
8311 -189 -12186
8312 -235 -12022
8313 -411 -11798
8314 -615 -11914
8315 -703 -12118
8316 -657 -12074
8317 -505 -11858
8318 -331 -12230
8319 -385 -12354
8320 -295 -12286
8321 -435 -12270
8322 -537 -12258
8323 -489 -12378
8324 -313 -12546
8325 -337 -12282
8326 -299 -12346
8327 -567 -12154
8328 -651 -12274
8329 -553 -12398
8330 -721 -12286
8331 -733 -12190
8332 -703 -12270
8333 -729 -12026
8334 -799 -11806
8335 -741 -12086
8336 -783 -12170
8337 -683 -12102
8338 -715 -12314
8339 -693 -12238
8340 -545 -12162
8341 -583 -12022
8342 -579 -12002
8343 -635 -12082
8344 -519 -12078
8345 -417 -11818
8346 -309 -12062
8347 -185 -12058
8348 -159 -11942
8349 13 -11834
8350 73 -11606
8351 75 -11606
8352 83 -11818
8353 163 -11990
8354 147 -11982
8355 165 -11790
8356 191 -11894
8357 197 -11730
8358 43 -11630
8359 -51 -11794
8360 73 -12082
8361 -23 -12282
8362 -283 -11830
8363 -349 -12170
8364 -335 -12206
8365 -247 -12122
8366 -407 -11718
8367 -291 -11990
8368 -323 -11874
8369 -287 -12094
8370 -329 -12138
8371 -153 -12042
8372 -337 -12042
8373 -353 -12242
8374 -87 -12246
8375 -167 -12206
8376 -297 -11902
8377 -327 -12022
8378 -141 -11946
8379 -257 -12006
8380 -205 -12082
8381 -135 -12126
8382 25 -12062
8383 165 -11950
8384 193 -12002
8385 355 -11850
8386 329 -12174
8387 71 -12014
8388 33 -12214
8389 33 -12146
8390 -25 -12034
8391 73 -11982
8392 7 -12226
8393 155 -12630
8394 209 -12566
8395 259 -12410
8396 199 -12138
8397 283 -12018
8398 231 -12078
8399 401 -12166
8400 331 -12462
8401 259 -12282
8402 309 -12474
8403 31 -12398
8404 131 -12674
8405 89 -12442
8406 63 -12746
8407 -181 -12786
8408 -303 -12342
8409 -333 -12394
8410 -451 -12198
8411 -451 -12258
8412 -399 -12558
8413 -397 -12770
8414 -435 -12466
8415 -411 -12250
8416 -473 -12402
8417 -611 -12206
8418 -759 -12482
8419 -795 -12326
8420 -815 -12238
8421 -643 -12038
8422 -529 -12162
8423 -517 -12222
8424 -397 -12270
8425 -541 -12130
8426 -543 -12234
8427 -491 -12438
8428 -563 -12578
8429 -669 -12518
8430 -617 -12226
8431 -457 -12346
8432 -539 -12126
8433 -389 -12382
8434 -299 -12086
8435 -215 -12262
8436 -185 -12530
8437 -41 -12538
8438 79 -12306
8439 263 -12230
8440 529 -12342
8441 455 -12122
8442 451 -11826
8443 677 -11734
8444 653 -12134
8445 491 -12274
8446 529 -12118
8447 455 -12086
8448 597 -11914
8449 487 -12090
8450 405 -11938
8451 579 -12010
8452 843 -11778
8453 867 -12002
8454 713 -11994
8455 715 -12150
8456 681 -12006
8457 663 -12242
8458 697 -12022
8459 783 -12010
8460 789 -12046
8461 859 -11878
8462 911 -12266
8463 907 -12410
8464 1025 -11914
8465 1059 -12238
8466 1287 -12362
8467 1327 -12490
8468 1301 -12386
8469 1095 -12286
8470 1053 -12362
8471 1149 -12090
8472 1093 -12142
8473 985 -12302
8474 1047 -12274
8475 861 -12034
8476 747 -11982
8477 773 -12082
8478 533 -12370
8479 549 -12274
8480 393 -12050
8481 383 -12050
8482 331 -12158
8483 261 -12242
8484 481 -12218
8485 473 -12142
8486 411 -12338
8487 287 -12170
8488 377 -12130
8489 425 -12158
8490 371 -12210
8491 303 -11926
8492 523 -11974
8493 571 -11882
8494 577 -11810
8495 757 -11646
8496 975 -11866
8497 779 -12162
8498 647 -12042
8499 757 -12006
8500 793 -11986
8501 985 -12006
8502 1015 -11882
8503 983 -11930
8504 983 -12086
8505 1061 -12062
8506 1141 -11930
8507 1123 -11894
8508 1189 -11998
8509 1089 -11994
8510 1141 -11702
8511 1337 -11866
8512 1223 -11910
8513 973 -11998
8514 941 -11806
8515 897 -11882
8516 985 -11910
8517 953 -11786
8518 865 -11882
8519 951 -11966
8520 959 -11982
8521 925 -11822
8522 935 -11950
8523 1019 -11694
8524 893 -11566
8525 961 -11598
8526 925 -11654
8527 905 -11770
8528 955 -11662
8529 1009 -11574
8530 1199 -11654
8531 1187 -11670
8532 1115 -11674
8533 1097 -11822
8534 1071 -11822
8535 1045 -11966
8536 1103 -11762
8537 899 -11390
8538 931 -11702
8539 937 -11870
8540 981 -11890
8541 1155 -11946
8542 1073 -11862
8543 769 -11918
8544 909 -11938
8545 1077 -12046
8546 1037 -12178
8547 1031 -12406
8548 927 -12162
8549 855 -12146
8550 785 -12002
8551 709 -12166
8552 845 -11814
8553 867 -11838
8554 1003 -11790
8555 1119 -11814
8556 1283 -12010
8557 1225 -11874
8558 1219 -11982
8559 969 -11926
8560 927 -12126
8561 1215 -12070
8562 1253 -11954
8563 1217 -11798
8564 1177 -11786
8565 1205 -11854
8566 1207 -11670
8567 1209 -11590
8568 1147 -11586
8569 1269 -12026
8570 1135 -12098
8571 1159 -12082
8572 1207 -12182
8573 1033 -12022
8574 899 -11966
8575 945 -11906
8576 837 -12090
8577 573 -11934
8578 631 -12222
8579 533 -11782
8580 617 -11886
8581 335 -11802
8582 281 -11962
8583 155 -11726
8584 117 -11930
8585 173 -12154
8586 263 -12026
8587 387 -11854
8588 371 -11974
8589 453 -11942
8590 487 -12026
8591 691 -11934
8592 603 -12030
8593 567 -11966
8594 465 -11878
8595 613 -11938
8596 777 -11914
8597 669 -11978
8598 661 -12054
8599 765 -12078
8600 815 -12138
8601 937 -12142
8602 785 -12182
8603 735 -12062
8604 961 -11930
8605 827 -11998
8606 971 -11870
8607 931 -11758
8608 905 -11914
8609 1055 -11862
8610 1065 -11958
8611 1261 -12050
8612 1327 -12426
8613 1453 -12510
8614 1491 -12406
8615 1407 -12390
8616 1585 -12322
8617 1587 -12194
8618 1567 -12262
8619 1455 -12318
8620 1453 -12222
8621 1509 -12074
8622 1517 -11730
8623 1555 -11938
8624 1589 -11694
8625 1491 -11978
8626 1569 -11934
8627 1507 -12026
8628 1549 -12122
8629 1671 -12362
8630 1617 -12278
8631 1749 -12294
8632 1863 -12382
8633 1817 -12330
8634 1735 -12402
8635 1991 -12530
8636 2065 -12742
8637 2003 -12618
8638 2069 -12538
8639 2023 -12538
8640 2123 -12514
8641 2221 -12546
8642 2171 -12218
8643 2095 -12598
8644 1945 -12374
8645 1967 -12206
8646 2005 -11958
8647 2055 -12014
8648 2039 -11874
8649 1991 -11902
8650 1925 -12018
8651 1893 -11854
8652 2095 -12346
8653 2035 -12270
8654 2011 -12310
8655 1783 -11922
8656 1787 -11894
8657 1777 -11974
8658 1817 -11598
8659 1839 -11974
8660 1971 -12262
8661 1901 -11930
8662 1919 -12374
8663 1841 -12190
8664 1975 -12138
8665 1793 -12142
8666 1761 -12178
8667 1735 -11986
8668 1709 -11986
8669 1705 -11834
8670 1617 -11906
8671 1607 -11978
8672 1309 -11750
8673 1285 -11678
8674 1365 -11874
8675 1339 -11906
8676 1479 -11814
8677 1571 -11770
8678 1689 -11946
8679 1603 -12022
8680 1671 -11986
8681 1685 -11882
8682 1597 -12002
8683 1665 -12002
8684 1537 -11882
8685 1689 -12158
8686 1625 -12026
8687 1607 -11862
8688 1751 -12014
8689 1887 -12206
8690 1821 -12118
8691 1823 -12046
8692 1813 -11854
8693 1857 -11966
8694 1781 -12138
8695 1651 -12062
8696 1451 -11846
8697 1537 -12230
8698 1309 -12138
8699 1375 -12118
8700 1191 -12314
8701 1167 -11978
8702 1159 -12042
8703 1173 -12002
8704 1293 -12114
8705 1405 -11934
8706 1473 -11702
8707 1235 -11870
8708 1313 -12046
8709 1279 -11910
8710 1131 -12146
8711 1239 -12186
8712 1139 -12254
8713 1097 -11858
8714 1047 -12090
8715 1225 -12102
8716 1057 -12086
8717 1063 -11914
8718 923 -11766
8719 975 -11682
8720 867 -11850
8721 661 -11846
8722 659 -11922
8723 519 -12070
8724 675 -12286
8725 769 -12202
8726 917 -12038
8727 881 -12114
8728 955 -12266
8729 921 -12270
8730 959 -12286
8731 839 -12094
8732 1053 -12270
8733 1087 -12146
8734 1033 -12026
8735 1001 -12054
8736 1051 -12258
8737 1159 -12294
8738 1049 -12126
8739 1049 -11970
8740 1123 -11802
8741 1203 -11790
8742 1095 -11914
8743 1119 -11810
8744 1061 -11422
8745 1123 -11602
8746 1379 -11866
8747 1287 -11978
8748 1197 -11682
8749 1229 -11894
8750 1167 -12094
8751 1191 -12026
8752 1143 -12430
8753 1087 -12330
8754 1051 -12210
8755 893 -12098
8756 753 -12110
8757 705 -12286
8758 717 -12210
8759 825 -11846
8760 897 -11758
8761 1043 -11822
8762 1009 -12026
8763 1033 -11866
8764 907 -11874
8765 991 -11882
8766 1073 -12058
8767 1077 -12274
8768 979 -12130
8769 895 -12002
8770 1003 -11974
8771 1011 -12038
8772 905 -11914
8773 925 -12046
8774 927 -11978
8775 1119 -12070
8776 1045 -12190
8777 1051 -12330
8778 1071 -12010
8779 1029 -11906
8780 1017 -11942
8781 943 -11846
8782 835 -11946
8783 881 -11922
8784 817 -11898
8785 615 -11914
8786 891 -11890
8787 931 -12042
8788 945 -12010
8789 793 -11786
8790 857 -12178
8791 947 -12238
8792 899 -11934
8793 1005 -12234
8794 943 -11942
8795 1001 -11714
8796 1095 -11830
8797 1175 -12166
8798 1527 -11938
8799 1565 -12006
8800 1569 -12010
8801 1625 -11866
8802 1825 -12082
8803 1979 -12046
8804 1973 -11946
8805 1973 -12134
8806 1783 -11814
8807 1851 -11970
8808 1933 -11834
8809 1803 -11694
8810 1767 -11882
8811 2027 -12038
8812 1963 -12130
8813 2003 -12194
8814 1975 -12118
8815 1935 -11938
8816 1867 -11942
8817 1879 -11774
8818 1903 -11858
8819 1851 -12122
8820 1705 -12058
8821 1755 -11946
8822 1755 -11986
8823 1753 -11822
8824 1813 -11722
8825 1857 -12002
8826 1981 -12102
8827 1917 -12158
8828 1929 -11962
8829 1703 -12042
8830 1741 -12290
8831 1821 -12142
8832 1851 -12070
8833 2047 -12018
8834 2023 -11862
8835 2077 -12102
8836 1939 -12094
8837 2009 -12082
8838 1975 -12002
8839 1947 -12014
8840 1903 -12102
8841 2073 -12294
8842 2115 -11946
8843 2159 -11986
8844 2309 -11894
8845 2405 -12394
8846 2467 -12378
8847 2341 -12142
8848 2331 -11930
8849 2321 -12118
8850 2251 -12094
8851 2213 -12126
8852 2215 -12258
8853 2317 -12106
8854 2207 -12002
8855 2185 -12026
8856 2215 -12050
8857 2221 -12186
8858 2347 -11942
8859 2211 -12070
8860 2151 -12242
8861 2157 -12114
8862 2217 -12086
8863 2139 -12302
8864 2049 -12098
8865 2185 -12342
8866 2193 -12130
8867 2065 -11878
8868 2073 -12082
8869 2269 -12302
8870 2325 -12146
8871 2251 -12306
8872 2291 -12322
8873 2273 -12222
8874 2179 -12066
8875 2103 -11850
8876 2145 -11786
8877 2197 -11774
8878 2123 -11866
8879 2179 -11846
8880 2119 -11978
8881 2057 -11730
8882 2207 -11646
8883 2313 -11794
8884 2091 -12042
8885 2057 -12006
8886 2051 -11886
8887 2161 -11878
8888 1923 -11770
8889 1699 -11638
8890 1779 -11810
8891 1979 -11626
8892 2027 -11614
8893 2091 -11906
8894 2063 -11706
8895 2169 -11822
8896 2125 -11954
8897 2161 -12018
8898 2125 -11962
8899 2107 -11882
8900 1933 -11702
8901 1857 -11838
8902 1843 -11974
8903 1799 -12142
8904 1847 -12170
8905 1829 -11998
8906 1831 -12242
8907 1827 -12178
8908 1755 -12130
8909 1557 -12186
8910 1461 -12186
8911 1571 -12502
8912 1555 -12290
8913 1625 -12242
8914 1371 -12106
8915 1073 -11846
8916 1077 -11954
8917 1037 -11946
8918 1153 -12170
8919 1049 -12038
8920 995 -11930
8921 1037 -11858
8922 1015 -11786
8923 913 -11726
8924 921 -12010
8925 925 -12070
8926 897 -11906
8927 847 -11898
8928 1049 -11818
8929 971 -11690
8930 929 -11730
8931 773 -11610
8932 851 -11814
8933 729 -11986
8934 639 -11946
8935 741 -12094
8936 883 -12154
8937 635 -12018
8938 527 -12050
8939 433 -11998
8940 285 -12282
8941 311 -12062
8942 527 -12214
8943 491 -12070
8944 239 -12282
8945 373 -12114
8946 461 -12294
8947 413 -12206
8948 419 -12058
8949 499 -12038
8950 537 -12006
8951 589 -12198
8952 671 -12066
8953 565 -12142
8954 647 -12122
8955 595 -11798
8956 697 -11714
8957 519 -12102
8958 463 -11994
8959 297 -12062
8960 193 -12094
8961 217 -11894
8962 163 -11586
8963 233 -11942
8964 201 -12106
8965 85 -11922
8966 -13 -11914
8967 105 -12010
8968 341 -12114
8969 389 -12082
8970 329 -12138
8971 379 -12094
8972 417 -12078
8973 299 -12162
8974 367 -12090
8975 419 -11994
8976 515 -12162
8977 871 -12378
8978 839 -12090
8979 785 -11818
8980 883 -11858
8981 701 -12006
8982 807 -12174
8983 693 -11746
8984 773 -11730
8985 749 -11766
8986 793 -11914
8987 815 -12058
8988 791 -11926
8989 861 -12134
8990 711 -12198
8991 477 -12102
8992 509 -12290
8993 317 -12406
8994 217 -12262
8995 123 -12302
8996 113 -12294
8997 17 -12350
8998 1 -12558
8999 -125 -12478
9000 -295 -12398
9001 -355 -12202
9002 -275 -12258
9003 -419 -12258
9004 -453 -12654
9005 -363 -12542
9006 -277 -12438
9007 -309 -12446
9008 -163 -12542
9009 75 -12342
9010 107 -12498
9011 107 -12298
9012 -59 -12086
9013 -95 -12338
9014 -223 -12318
9015 -147 -12382
9016 -367 -12278
9017 -275 -12050
9018 -237 -12270
9019 -321 -12218
9020 -399 -12230
9021 -417 -12026
9022 -361 -11878
9023 -229 -11746
9024 -207 -11946
9025 -273 -11826
9026 -257 -11914
9027 -277 -11782
9028 -271 -11962
9029 -479 -12106
9030 -499 -12166
9031 -555 -11942
9032 -669 -12114
9033 -589 -12290
9034 -635 -12338
9035 -689 -11910
9036 -701 -12102
9037 -753 -12114
9038 -725 -12058
9039 -701 -11938
9040 -593 -12082
9041 -693 -12286
9042 -701 -12362
9043 -695 -12218
9044 -925 -12382
9045 -1107 -12490
9046 -1113 -12550
9047 -1069 -12698
9048 -1035 -12466
9049 -915 -12382
9050 -993 -12510
9051 -1021 -12698
9052 -1019 -12614
9053 -1143 -12830
9054 -1279 -12698
9055 -1337 -12746
9056 -1217 -12694
9057 -1151 -12866
9058 -1307 -12674
9059 -1159 -12746
9060 -1085 -12778
9061 -1235 -12638
9062 -1117 -12622
9063 -1193 -12386
9064 -1235 -12386
9065 -1357 -12870
9066 -1379 -12878
9067 -1245 -12650
9068 -1359 -12626
9069 -1459 -12818
9070 -1527 -12914
9071 -1473 -12786
9072 -1365 -12558
9073 -1437 -12650
9074 -1601 -12710
9075 -1515 -12498
9076 -1515 -12386
9077 -1425 -12410
9078 -1395 -12542
9079 -1451 -12530
9080 -1511 -12302
9081 -1403 -12378
9082 -1405 -12266
9083 -1387 -12258
9084 -1285 -12250
9085 -1261 -12262
9086 -1267 -12222
9087 -1243 -12162
9088 -1225 -12310
9089 -1197 -12358
9090 -1219 -12274
9091 -1249 -12334
9092 -1211 -12354
9093 -985 -12042
9094 -1045 -12094
9095 -1121 -12014
9096 -1195 -12006
9097 -1101 -12086
9098 -1043 -12062
9099 -939 -12158
9100 -957 -12026
9101 -827 -12290
9102 -793 -12154
9103 -817 -12446
9104 -779 -12134
9105 -849 -12106
9106 -729 -12142
9107 -725 -11978
9108 -651 -11734
9109 -727 -11834
9110 -691 -11990
9111 -665 -12058
9112 -661 -12222
9113 -467 -12202
9114 -365 -12342
9115 -533 -12246
9116 -583 -12334
9117 -479 -12490
9118 -441 -12478
9119 -467 -12250
9120 -369 -12198
9121 -349 -12038
9122 -419 -12018
9123 -323 -12146
9124 -129 -12026
9125 -115 -12010
9126 -45 -11838
9127 -169 -11878
9128 -307 -11862
9129 -199 -11802
9130 -35 -11530
9131 -83 -11342
9132 105 -11574
9133 -27 -11906
9134 -249 -11918
9135 -77 -11818
9136 -151 -12146
9137 -93 -12030
9138 -73 -11906
9139 91 -12038
9140 277 -12002
9141 357 -12086
9142 277 -12066
9143 331 -11650
9144 467 -12074
9145 453 -11878
9146 271 -12102
9147 223 -12030
9148 183 -11758
9149 179 -11602
9150 157 -11586
9151 115 -11634
9152 163 -11518
9153 41 -11742
9154 -183 -11886
9155 -229 -11790
9156 -269 -11506
9157 -179 -11598
9158 -175 -11294
9159 -277 -11386
9160 -155 -11398
9161 25 -11550
9162 39 -11718
9163 -35 -11778
9164 -63 -11798
9165 -209 -12158
9166 -105 -12242
9167 109 -12346
9168 69 -12186
9169 173 -11866
9170 23 -12138
9171 -207 -12426
9172 -111 -12578
9173 -39 -12362
9174 221 -12366
9175 139 -12518
9176 229 -12202
9177 473 -12138
9178 547 -12102
9179 565 -12238
9180 511 -12106
9181 595 -12014
9182 461 -12010
9183 483 -12262
9184 229 -12178
9185 243 -12014
9186 125 -12062
9187 83 -12146
9188 191 -12238
9189 93 -12062
9190 215 -12410
9191 223 -12298
9192 315 -12378
9193 363 -12486
9194 383 -12586
9195 511 -12402
9196 423 -12378
9197 339 -12310
9198 289 -12422
9199 325 -12478
9200 437 -12682
9201 455 -12226
9202 469 -12270
9203 427 -12430
9204 381 -12382
9205 141 -12466
9206 351 -12734
9207 477 -12430
9208 495 -12182
9209 391 -12406
9210 431 -12262
9211 511 -12174
9212 621 -12114
9213 629 -12146
9214 677 -11998
9215 631 -11946
9216 607 -11974
9217 659 -12078
9218 685 -12206
9219 525 -12202
9220 449 -12086
9221 503 -12350
9222 451 -12426
9223 473 -12306
9224 493 -12326
9225 553 -12578
9226 735 -12542
9227 721 -12530
9228 743 -12766
9229 807 -12646
9230 911 -12570
9231 1025 -12522
9232 1111 -12502
9233 1169 -12534
9234 1273 -12550
9235 1009 -12402
9236 775 -12138
9237 989 -12366
9238 1065 -12310
9239 1207 -12130
9240 1267 -12058
9241 1221 -11846
9242 1209 -11978
9243 1055 -12222
9244 1015 -12090
9245 1041 -12202
9246 1097 -12286
9247 969 -12346
9248 1027 -12290
9249 1013 -12190
9250 995 -12074
9251 1083 -12050
9252 929 -12174
9253 1031 -12106
9254 1235 -12194
9255 1131 -11966
9256 1241 -12122
9257 1077 -12042
9258 1003 -11886
9259 805 -11814
9260 931 -11838
9261 1055 -11986
9262 1041 -12018
9263 1113 -11942
9264 1279 -12006
9265 1217 -11862
9266 1191 -11938
9267 1029 -11734
9268 1029 -11806
9269 1131 -11986
9270 1217 -11994
9271 1307 -12022
9272 1347 -12122
9273 1319 -12178
9274 1455 -12010
9275 1483 -12062
9276 1229 -11906
9277 1217 -11706
9278 1197 -11474
9279 1185 -11514
9280 1185 -11914
9281 1065 -11714
9282 963 -11910
9283 1021 -11722
9284 1027 -11966
9285 979 -11922
9286 1061 -12254
9287 983 -12398
9288 853 -12338
9289 851 -12454
9290 789 -12266
9291 977 -12390
9292 1041 -12354
9293 1125 -12274
9294 1097 -12002
9295 1093 -12058
9296 1169 -12038
9297 1203 -12106
9298 1263 -11758
9299 1099 -11782
9300 969 -11878
9301 1159 -12098
9302 1201 -12030
9303 1151 -12142
9304 1107 -12038
9305 987 -12046
9306 865 -12110
9307 875 -12230
9308 819 -12250
9309 897 -12018
9310 991 -12010
9311 1039 -12050
9312 875 -12302
9313 683 -12230
9314 611 -11966
9315 665 -11782
9316 735 -11718
9317 747 -11890
9318 801 -11794
9319 725 -11922
9320 749 -12078
9321 553 -12042
9322 469 -12158
9323 423 -12194
9324 335 -12046
9325 513 -11722
9326 463 -11614
9327 277 -11642
9328 425 -11926
9329 327 -12046
9330 191 -12110
9331 141 -12282
9332 -37 -12182
9333 25 -12162
9334 151 -11962
9335 49 -12162
9336 149 -12138
9337 -37 -11890
9338 161 -11730
9339 61 -11870
9340 75 -11902
9341 179 -11882
9342 195 -11690
9343 135 -11722
9344 145 -11690
9345 -101 -11462
9346 -57 -11502
9347 -103 -11782
9348 -227 -12062
9349 -127 -11834
9350 71 -11782
9351 209 -11658
9352 341 -11790
9353 257 -11886
9354 129 -12342
9355 89 -11962
9356 93 -12030
9357 -145 -12070
9358 -69 -11926
9359 -29 -11998
9360 115 -11810
9361 233 -11794
9362 293 -11902
9363 361 -11494
9364 221 -11706
9365 103 -11894
9366 49 -11930
9367 45 -11790
9368 197 -11906
9369 85 -11750
9370 211 -12110
9371 191 -12058
9372 139 -12126
9373 41 -12118
9374 -63 -12082
9375 129 -11886
9376 285 -11762
9377 353 -11634
9378 551 -11882
9379 405 -11686
9380 201 -11682
9381 -19 -11702
9382 -79 -11574
9383 123 -11510
9384 365 -11490
9385 481 -11682
9386 595 -11642
9387 777 -11854
9388 821 -11834
9389 687 -11838
9390 721 -12286
9391 809 -11978
9392 645 -12074
9393 585 -11986
9394 525 -11870
9395 573 -12118
9396 675 -12002
9397 673 -12214
9398 649 -11742
9399 745 -12022
9400 719 -12138
9401 759 -12166
9402 777 -12106
9403 595 -11898
9404 719 -12202
9405 783 -12214
9406 609 -12066
9407 543 -11998
9408 573 -11994
9409 497 -11858
9410 471 -11910
9411 365 -11850
9412 363 -11910
9413 195 -11974
9414 201 -11938
9415 231 -11982
9416 243 -12182
9417 115 -11814
9418 251 -12054
9419 363 -12046
9420 421 -12298
9421 443 -12106
9422 415 -12154
9423 517 -11966
9424 529 -11826
9425 537 -12118
9426 755 -12186
9427 695 -12350
9428 393 -12094
9429 95 -11822
9430 83 -11670
9431 169 -11738
9432 181 -11258
9433 301 -11566
9434 349 -11522
9435 451 -11450
9436 389 -11818
9437 705 -11826
9438 615 -11674
9439 583 -11634
9440 647 -12030
9441 735 -11882
9442 679 -11814
9443 849 -12154
9444 569 -11974
9445 637 -12102
9446 823 -11902
9447 753 -11994
9448 849 -11782
9449 899 -11886
9450 777 -11794
9451 675 -11674
9452 699 -11674
9453 733 -11794
9454 827 -11894
9455 975 -12126
9456 1129 -12082
9457 989 -12042
9458 957 -11982
9459 1005 -12130
9460 987 -11842
9461 1121 -11958
9462 1031 -12094
9463 1093 -12038
9464 1145 -12230
9465 1269 -12258
9466 1361 -12350
9467 1357 -12158
9468 1277 -12154
9469 1241 -12274
9470 1157 -12378
9471 1091 -12194
9472 1217 -12562
9473 1149 -12622
9474 1113 -12306
9475 997 -12246
9476 851 -12318
9477 857 -12422
9478 959 -12218
9479 775 -12090
9480 657 -12386
9481 713 -12530
9482 891 -12342
9483 1155 -12362
9484 1129 -12258
9485 1079 -12262
9486 1079 -12646
9487 1185 -12342
9488 1051 -12066
9489 1099 -12070
9490 1127 -12338
9491 1045 -12386
9492 1043 -12486
9493 1155 -12370
9494 1131 -12514
9495 1057 -12234
9496 1233 -12174
9497 1183 -12146
9498 1121 -12090
9499 1167 -12074
9500 1171 -12034
9501 1321 -12210
9502 1223 -12218
9503 1217 -11958
9504 1107 -12066
9505 1179 -11854
9506 1127 -11910
9507 983 -12170
9508 1117 -11922
9509 1077 -12106
9510 1059 -12078
9511 953 -11862
9512 939 -12026
9513 689 -12242
9514 881 -12270
9515 701 -12226
9516 551 -12138
9517 489 -12034
9518 421 -12062
9519 585 -12262
9520 639 -12110
9521 571 -12134
9522 509 -11766
9523 637 -11850
9524 801 -12142
9525 705 -12042
9526 747 -12230
9527 719 -12126
9528 685 -12386
9529 663 -11970
9530 619 -12050
9531 427 -12014
9532 503 -12102
9533 411 -12290
9534 523 -12302
9535 481 -12186
9536 681 -12042
9537 795 -12030
9538 715 -11830
9539 637 -11946
9540 547 -11842
9541 547 -11778
9542 577 -11562
9543 547 -11538
9544 391 -11470
9545 209 -11498
9546 41 -11554
9547 11 -11254
9548 -33 -11250
9549 63 -11594
9550 131 -11590
9551 101 -11694
9552 109 -11910
9553 -59 -11822
9554 87 -11950
9555 81 -11838
9556 23 -11814
9557 -105 -11914
9558 -49 -11850
9559 -99 -11658
9560 -235 -11930
9561 -271 -11914
9562 -245 -11778
9563 -487 -11626
9564 -575 -11754
9565 -645 -11962
9566 -575 -11658
9567 -383 -11994
9568 -281 -11802
9569 -467 -11862
9570 -309 -11542
9571 -209 -11706
9572 -243 -11906
9573 -167 -12066
9574 -101 -12278
9575 -107 -11854
9576 35 -11546
9577 83 -11450
9578 137 -11614
9579 145 -11414
9580 -27 -11534
9581 -191 -11642
9582 -163 -11858
9583 -303 -11850
9584 -475 -11722
9585 -335 -11870
9586 -289 -11874
9587 -459 -12166
9588 -517 -12218
9589 -561 -12442
9590 -551 -12386
9591 -505 -12174
9592 -547 -12110
9593 -563 -11966
9594 -349 -11982
9595 -203 -12086
9596 -103 -12154
9597 -29 -11990
9598 -97 -12206
9599 -31 -12234
9600 -55 -12478
9601 51 -12538
9602 97 -12550
9603 25 -12650
9604 75 -12534
9605 79 -12710
9606 23 -12742
9607 141 -12354
9608 191 -12474
9609 137 -12434
9610 221 -12606
9611 451 -12270
9612 481 -12346
9613 373 -12158
9614 447 -12026
9615 513 -12022
9616 535 -12230
9617 673 -12474
9618 833 -12182
9619 959 -12114
9620 947 -12354
9621 899 -12678
9622 915 -12430
9623 851 -12410
9624 731 -12186
9625 701 -12390
9626 747 -12314
9627 653 -12230
9628 623 -12462
9629 613 -12314
9630 653 -12650
9631 741 -12394
9632 661 -12498
9633 681 -12298
9634 619 -12362
9635 691 -12270
9636 587 -12402
9637 469 -12270
9638 563 -12106
9639 473 -12278
9640 363 -12078
9641 433 -12030
9642 405 -11834
9643 291 -11866
9644 429 -12166
9645 393 -12062
9646 359 -12234
9647 465 -12122
9648 509 -12202
9649 575 -12334
9650 605 -12362
9651 459 -12346
9652 373 -12474
9653 335 -12214
9654 399 -12070
9655 233 -12042
9656 153 -12086
9657 375 -11990
9658 431 -12154
9659 307 -11862
9660 255 -12138
9661 409 -12158
9662 507 -11998
9663 605 -12150
9664 695 -12198
9665 555 -12394
9666 459 -12066
9667 373 -12022
9668 423 -12034
9669 513 -12310
9670 261 -12246
9671 229 -12002
9672 241 -11818
9673 437 -12162
9674 463 -11898
9675 485 -11738
9676 479 -11918
9677 431 -11890
9678 265 -11922
9679 153 -12102
9680 261 -12086
9681 297 -12298
9682 219 -12446
9683 289 -12538
9684 239 -12286
9685 181 -12266
9686 283 -12354
9687 307 -11926
9688 537 -12014
9689 459 -11990
9690 529 -12010
9691 477 -11834
9692 481 -11894
9693 343 -12006
9694 341 -11938
9695 239 -12230
9696 383 -11946
9697 391 -11658
9698 579 -12030
9699 603 -12066
9700 649 -12246
9701 523 -12306
9702 403 -12502
9703 365 -12294
9704 293 -12298
9705 221 -12170
9706 235 -12362
9707 159 -11998
9708 145 -12190
9709 11 -12298
9710 -1 -12146
9711 -111 -12006
9712 -245 -12130
9713 -369 -12122
9714 -285 -12190
9715 -245 -12210
9716 -371 -12254
9717 -495 -12034
9718 -457 -11998
9719 -483 -11914
9720 -555 -11926
9721 -499 -11854
9722 -641 -11774
9723 -519 -11738
9724 -679 -11654
9725 -867 -11762
9726 -893 -11774
9727 -813 -11818
9728 -681 -12038
9729 -727 -12062
9730 -679 -12258
9731 -675 -12066
9732 -677 -12154
9733 -691 -12246
9734 -787 -12346
9735 -761 -12314
9736 -653 -12546
9737 -785 -12322
9738 -737 -12522
9739 -665 -12490
9740 -485 -12450
9741 -579 -12398
9742 -441 -12302
9743 -351 -12234
9744 -269 -12310
9745 -219 -12246
9746 -261 -12230
9747 -223 -11978
9748 -511 -12050
9749 -623 -12226
9750 -585 -12046
9751 -633 -11806
9752 -763 -11818
9753 -657 -11950
9754 -809 -11946
9755 -851 -11846
9756 -737 -11678
9757 -897 -11846
9758 -799 -11810
9759 -879 -12078
9760 -911 -11994
9761 -689 -11962
9762 -825 -12070
9763 -869 -12106
9764 -959 -12098
9765 -835 -12102
9766 -815 -12150
9767 -721 -12270
9768 -875 -12282
9769 -1015 -12282
9770 -997 -12198
9771 -1037 -12294
9772 -903 -12462
9773 -1153 -12410
9774 -1187 -12350
9775 -1169 -12258
9776 -955 -12522
9777 -777 -12386
9778 -773 -12382
9779 -787 -12154
9780 -895 -12282
9781 -927 -12358
9782 -775 -12418
9783 -803 -12558
9784 -831 -12362
9785 -765 -12418
9786 -631 -12426
9787 -551 -12462
9788 -467 -12326
9789 -541 -12238
9790 -587 -12446
9791 -637 -12498
9792 -453 -12254
9793 -451 -12202
9794 -405 -12178
9795 -349 -12018
9796 -319 -11994
9797 -143 -12162
9798 -125 -12282
9799 -203 -12366
9800 -179 -12130
9801 -211 -12002
9802 -253 -12074
9803 -383 -12034
9804 -477 -12354
9805 -507 -12162
9806 -449 -12082
9807 -425 -11994
9808 -559 -12078
9809 -599 -12246
9810 -543 -12278
9811 -613 -12010
9812 -557 -12066
9813 -579 -12170
9814 -513 -12346
9815 -493 -12394
9816 -555 -12362
9817 -571 -12406
9818 -709 -12234
9819 -683 -12306
9820 -653 -12074
9821 -537 -12206
9822 -555 -12274
9823 -487 -12286
9824 -673 -12658
9825 -603 -12458
9826 -731 -12566
9827 -697 -12354
9828 -623 -12462
9829 -565 -12286
9830 -653 -12102
9831 -511 -12150
9832 -397 -12214
9833 -403 -12378
9834 -175 -12374
9835 -209 -12266
9836 -147 -12174
9837 -235 -12226
9838 -429 -11958
9839 -441 -12142
9840 -449 -12186
9841 -443 -12030
9842 -305 -11982
9843 -227 -11806
9844 -217 -12078
9845 -175 -12118
9846 -253 -12146
9847 -213 -12294
9848 -69 -12118
9849 -205 -12362
9850 -163 -12254
9851 -269 -12222
9852 -179 -12342
9853 -5 -12182
9854 111 -12278
9855 193 -12046
9856 313 -12154
9857 177 -12262
9858 -25 -12298
9859 45 -12134
9860 151 -11862
9861 -13 -11730
9862 -151 -11826
9863 -397 -11934
9864 -337 -12098
9865 -279 -12154
9866 -313 -12314
9867 -323 -12394
9868 -93 -12118
9869 -149 -12058
9870 -117 -12354
9871 -65 -12102
9872 -103 -11766
9873 -117 -11778
9874 25 -11674
9875 139 -11694
9876 23 -12042
9877 183 -11982
9878 151 -11842
9879 39 -12014
9880 -29 -11838
9881 57 -12278
9882 -31 -12242
9883 -11 -12130
9884 -179 -12038
9885 -375 -11842
9886 -575 -12094
9887 -501 -12034
9888 -567 -11990
9889 -715 -12486
9890 -623 -12590
9891 -719 -12510
9892 -707 -12442
9893 -677 -12118
9894 -685 -12418
9895 -733 -12070
9896 -759 -12314
9897 -727 -12142
9898 -759 -11982
9899 -795 -12050
9900 -697 -12094
9901 -907 -12194
9902 -915 -11854
9903 -787 -11698
9904 -755 -11802
9905 -723 -11918
9906 -769 -12058
9907 -795 -11970
9908 -835 -11914
9909 -681 -11746
9910 -647 -11782
9911 -729 -11526
9912 -603 -11766
9913 -787 -11930
9914 -821 -11966
9915 -675 -11878
9916 -603 -11990
9917 -521 -12126
9918 -481 -11910
9919 -609 -11818
9920 -463 -11874
9921 -573 -11766
9922 -457 -11922
9923 -407 -12070
9924 -361 -12014
9925 -463 -11946
9926 -627 -11762
9927 -405 -11742
9928 -431 -11914
9929 -461 -11950
9930 -489 -12202
9931 -147 -12026
9932 -107 -12010
9933 -57 -11714
9934 53 -11438
9935 107 -11446
9936 123 -12118
9937 165 -12282
9938 31 -12022
9939 161 -11998
9940 141 -11810
9941 35 -11474
9942 237 -11682
9943 227 -11902
9944 235 -11734
9945 183 -11874
9946 373 -11750
9947 315 -11826
9948 359 -11674
9949 391 -11418
9950 455 -11558
9951 451 -11714
9952 557 -11674
9953 665 -11886
9954 469 -11934
9955 381 -11910
9956 489 -11838
9957 851 -12054
9958 819 -11994
9959 839 -11906
9960 903 -11942
9961 759 -11838
9962 957 -12162
9963 743 -12138
9964 779 -12022
9965 773 -11670
9966 541 -11894
9967 405 -12210
9968 489 -12246
9969 607 -12254
9970 669 -12574
9971 543 -12494
9972 423 -12502
9973 435 -12230
9974 371 -12370
9975 401 -12010
9976 403 -11842
9977 419 -11990
9978 469 -11822
9979 491 -11930
9980 455 -11862
9981 321 -11914
9982 141 -11602
9983 149 -12062
9984 -101 -11930
9985 -43 -11818
9986 -273 -12026
9987 -257 -11942
9988 -229 -12242
9989 -113 -11906
9990 -323 -12162
9991 -191 -12078
9992 -83 -12094
9993 -59 -11966
9994 -71 -12006
9995 63 -11950
9996 115 -12210
9997 319 -12166
9998 449 -12106
9999 267 -12034
