0 95 -6034
1 85 -7458
2 151 -8598
3 165 -8782
4 79 -9086
5 -133 -9506
6 -387 -9722
7 -395 -9914
8 -303 -10274
9 -381 -10314
10 -317 -10242
11 -421 -10278
12 -493 -10250
13 -447 -10350
14 -367 -10442
15 -567 -10550
16 -661 -10502
17 -669 -10466
18 -771 -10390
19 -775 -10238
20 -829 -10286
21 -799 -10478
22 -769 -10434
23 -803 -10126
24 -735 -9982
25 -585 -9930
26 -691 -10158
27 -597 -10306
28 -673 -10434
29 -677 -10206
30 -697 -10238
31 -781 -10518
32 -729 -10446
33 -551 -10482
34 -515 -10482
35 -511 -10490
36 -405 -10538
37 -415 -10590
38 -551 -10566
39 -527 -10482
40 -417 -10558
41 -603 -10490
42 -577 -10382
43 -783 -10366
44 -719 -10282
45 -505 -10142
46 -503 -10290
47 -403 -10266
48 -421 -10078
49 -431 -10182
50 -489 -10154
51 -555 -9886
52 -429 -10022
53 -333 -9962
54 -303 -10262
55 -277 -9954
56 -299 -10186
57 -383 -10246
58 -495 -10346
59 -383 -10486
60 -293 -10506
61 -523 -10642
62 -481 -10502
63 -503 -10154
64 -289 -10318
65 -173 -10382
66 -91 -10046
67 39 -10370
68 1 -10606
69 17 -10738
70 79 -10806
71 -27 -10710
72 -205 -10290
73 -205 -10446
74 -317 -10278
75 -443 -10266
76 -365 -10314
77 -165 -10210
78 -289 -10354
79 -123 -10234
80 -157 -10402
81 -219 -10250
82 -59 -10434
83 -123 -10526
84 -281 -10678
85 -299 -10474
86 -503 -10554
87 -407 -10506
88 -503 -10478
89 -343 -10594
90 -449 -10430
91 -419 -10686
92 -557 -10666
93 -543 -10298
94 -441 -10330
95 -461 -10538
96 -425 -10638
97 -507 -10390
98 -421 -10058
99 -495 -10042
100 -663 -10446
101 -549 -10282
102 -465 -9878
103 -513 -9906
104 -463 -10074
105 -459 -10222
106 -619 -10438
107 -709 -10446
108 -767 -10362
109 -647 -10334
110 -383 -10130
111 -199 -10030
112 -97 -10162
113 -51 -10466
114 -115 -10278
115 -79 -10294
116 -21 -10306
117 -49 -10490
118 33 -10586
119 -55 -10546
120 91 -10542
121 181 -10270
122 249 -10414
123 359 -10378
124 345 -10350
125 515 -10494
126 309 -10522
127 441 -10782
128 391 -10626
129 447 -10858
130 671 -10906
131 765 -10602
132 823 -11026
133 763 -11198
134 649 -10926
135 689 -10954
136 591 -10858
137 641 -10894
138 653 -11146
139 691 -11042
140 587 -10878
141 639 -10806
142 533 -10478
143 567 -10782
144 741 -10926
145 677 -10810
146 555 -10994
147 599 -10846
148 589 -11006
149 649 -10498
150 723 -10498
151 593 -10434
152 679 -10346
153 373 -10394
154 285 -10438
155 467 -10314
156 475 -10310
157 495 -10202
158 633 -10346
159 587 -10234
160 681 -10426
161 913 -10274
162 857 -10346
163 989 -10498
164 1023 -10378
165 1191 -10282
166 1411 -10562
167 1397 -10690
168 1165 -10794
169 1379 -10846
170 1379 -10590
171 1183 -10814
172 1311 -10574
173 1097 -10434
174 897 -10622
175 865 -10410
176 975 -10786
177 1013 -10718
178 1049 -10734
179 1019 -10654
180 795 -10626
181 837 -10826
182 793 -10658
183 777 -11014
184 859 -11082
185 791 -10866
186 725 -10702
187 915 -10486
188 819 -10586
189 675 -10542
190 749 -10254
191 683 -10350
192 473 -10674
193 295 -10578
194 263 -10902
195 177 -10790
196 63 -10690
197 79 -10802
198 -7 -10698
199 -1 -10598
200 -47 -10318
201 -233 -10426
202 -3 -10530
203 -19 -10366
204 -131 -10230
205 -189 -10482
206 -295 -10450
207 -449 -10622
208 -521 -10702
209 -457 -10754
210 -459 -10386
211 -557 -10478
212 -407 -10378
213 -593 -10526
214 -521 -10370
215 -317 -10526
216 -233 -10706
217 -291 -10590
218 -239 -10558
219 -333 -10486
220 -407 -10710
221 -303 -10954
222 -379 -10518
223 -323 -10902
224 -205 -10638
225 -257 -10554
226 -117 -10546
227 -213 -10338
228 -137 -10402
229 -63 -10234
230 -147 -10262
231 -203 -10030
232 -219 -10294
233 -141 -10174
234 -165 -10338
235 111 -10350
236 -45 -10574
237 -3 -10322
238 -35 -10114
239 -219 -10154
240 -341 -10202
241 -399 -10242
242 -503 -10518
243 -595 -10282
244 -477 -10286
245 -505 -10286
246 -485 -10330
247 -535 -10322
248 -523 -10474
249 -323 -10586
250 -361 -10834
251 -513 -10910
252 -485 -10718
253 -471 -10730
254 -497 -10618
255 -511 -10706
256 -463 -10562
257 -685 -10358
258 -615 -10302
259 -843 -10406
260 -799 -10310
261 -841 -10346
262 -755 -10694
263 -865 -10630
264 -927 -10622
265 -803 -10334
266 -793 -10242
267 -493 -10126
268 -417 -10606
269 -537 -10390
270 -595 -10278
271 -399 -10458
272 -273 -10530
273 -193 -10446
274 -211 -10106
275 -293 -10150
276 -315 -10342
277 -583 -10358
278 -673 -10502
279 -679 -10266
280 -775 -10518
281 -773 -10434
282 -885 -10262
283 -939 -10358
284 -1035 -10686
285 -893 -10762
286 -715 -10754
287 -725 -10646
288 -637 -10422
289 -813 -10566
290 -839 -10654
291 -759 -10842
292 -619 -10918
293 -429 -10706
294 -361 -10630
295 -287 -10506
296 -293 -10594
297 -575 -10726
298 -387 -10302
299 -425 -10286
300 -413 -10518
301 -485 -10706
302 -755 -10646
303 -695 -10806
304 -693 -10874
305 -855 -10838
306 -779 -11062
307 -765 -11018
308 -719 -10870
309 -609 -10394
310 -473 -10402
311 -331 -10446
312 -229 -10226
313 -223 -10398
314 -3 -10378
315 -67 -10398
316 -61 -10522
317 -13 -10734
318 -201 -10594
319 -367 -10626
320 -355 -10398
321 -109 -10054
322 -177 -10250
323 -179 -10130
324 -1 -10058
325 -43 -10194
326 55 -10446
327 75 -10446
328 185 -10502
329 285 -10310
330 401 -10378
331 425 -10494
332 405 -10542
333 331 -10526
334 339 -10506
335 291 -10654
336 331 -10770
337 395 -10938
338 417 -10714
339 345 -10454
340 341 -10658
341 275 -10602
342 55 -10530
343 97 -10574
344 -11 -10582
345 87 -10626
346 -93 -10474
347 -133 -10682
348 -305 -10422
349 -347 -10554
350 -465 -10438
351 -453 -10446
352 -419 -10642
353 -465 -10654
354 -589 -10474
355 -359 -10802
356 -173 -10750
357 -305 -10746
358 -235 -10638
359 -237 -10466
360 -275 -10334
361 -177 -10358
362 -59 -10026
363 -259 -10274
364 -369 -10626
365 -251 -10450
366 -227 -10674
367 -95 -10614
368 -49 -10578
369 -383 -10550
370 -293 -10462
371 -405 -10474
372 -269 -10722
373 -175 -10766
374 -163 -10594
375 -173 -10338
376 -235 -10390
377 -7 -10166
378 79 -10570
379 255 -10290
380 553 -10366
381 491 -10510
382 337 -10326
383 269 -10282
384 211 -10610
385 291 -10554
386 207 -10582
387 101 -10434
388 107 -10490
389 75 -10522
390 107 -10486
391 157 -10970
392 295 -10890
393 463 -10458
394 557 -10362
395 515 -10330
396 627 -10642
397 665 -10690
398 517 -10626
399 399 -10774
400 353 -10582
401 155 -10678
402 171 -10830
403 221 -10978
404 69 -10626
405 -59 -10350
406 -127 -10534
407 19 -10438
408 -123 -10318
409 -213 -10350
410 -189 -10446
411 -231 -10486
412 -121 -10358
413 -189 -10750
414 -139 -10518
415 -129 -10750
416 -251 -10754
417 -195 -10810
418 -109 -10422
419 -43 -10578
420 59 -10614
421 -91 -10786
422 -115 -10670
423 -161 -10630
424 -283 -10690
425 -103 -10610
426 -21 -10618
427 15 -10782
428 75 -10534
429 49 -10586
430 77 -10818
431 155 -10590
432 263 -10710
433 351 -10666
434 269 -10558
435 425 -10314
436 313 -10354
437 121 -10578
438 109 -10842
439 7 -10758
440 -3 -10818
441 121 -10766
442 109 -10562
443 75 -10446
444 -23 -10442
445 -47 -10514
446 -83 -10466
447 -33 -10518
448 -71 -10726
449 -85 -10722
450 217 -10558
451 181 -10486
452 67 -10350
453 137 -10678
454 17 -10730
455 41 -10490
456 147 -10534
457 195 -10802
458 349 -10478
459 465 -10326
460 357 -10222
461 519 -10478
462 397 -10158
463 509 -10398
464 485 -10578
465 367 -10334
466 311 -10294
467 335 -10594
468 69 -10714
469 99 -10178
470 23 -10302
471 115 -10422
472 157 -10170
473 61 -10014
474 65 -10206
475 -73 -10442
476 -273 -10498
477 -227 -10426
478 -223 -10374
479 -317 -10510
480 -165 -10490
481 -309 -10534
482 -353 -10710
483 -635 -10658
484 -791 -10574
485 -475 -9994
486 -407 -10046
487 -289 -10310
488 -403 -10378
489 -375 -10366
490 -471 -10426
491 -491 -10526
492 -547 -10410
493 -391 -10338
494 -377 -10214
495 -385 -10322
496 -411 -10438
497 -349 -10374
498 -443 -10354
499 -399 -10494
500 -285 -10882
501 -509 -10954
502 -507 -10922
503 -571 -10830
504 -491 -10570
505 -393 -10794
506 -455 -10818
507 -511 -10674
508 -421 -10766
509 -449 -10722
510 -525 -10638
511 -691 -10758
512 -663 -10510
513 -637 -10406
514 -511 -10518
515 -687 -10258
516 -691 -10538
517 -699 -10726
518 -503 -10438
519 -445 -10862
520 -361 -10594
521 -181 -10754
522 53 -10678
523 195 -10278
524 337 -10278
525 585 -10250
526 545 -10318
527 561 -10678
528 555 -10710
529 579 -10438
530 679 -10346
531 761 -10494
532 761 -10590
533 853 -10806
534 809 -10222
535 719 -10690
536 563 -10678
537 609 -10598
538 495 -10550
539 525 -10566
540 495 -10250
541 603 -10354
542 475 -10434
543 241 -10534
544 259 -10666
545 327 -10546
546 401 -10510
547 577 -10562
548 487 -10626
549 445 -10754
550 425 -10802
551 451 -10714
552 411 -10634
553 539 -10722
554 797 -10546
555 661 -10746
556 539 -10630
557 569 -10530
558 463 -10466
559 463 -10518
560 407 -10594
561 499 -10630
562 539 -10258
563 599 -10526
564 717 -10586
565 715 -10514
566 773 -10358
567 719 -10558
568 571 -10582
569 571 -10706
570 561 -10474
571 355 -10526
572 481 -10566
573 731 -10506
574 735 -10426
575 711 -10622
576 811 -10582
577 1055 -10246
578 1199 -10154
579 1067 -10418
580 1009 -10654
581 861 -10486
582 651 -10578
583 677 -10482
584 845 -10434
585 905 -10738
586 761 -10154
587 1071 -10502
588 1253 -10658
589 1183 -10658
590 1267 -10258
591 1241 -10374
592 1149 -10290
593 1315 -10130
594 1413 -10346
595 1499 -10382
596 1381 -10422
597 1315 -10290
598 1269 -10530
599 1445 -10506
600 1469 -10302
601 1273 -10366
602 1279 -10454
603 1525 -10342
604 1411 -10098
605 1375 -10142
606 1179 -10126
607 1087 -10134
608 1257 -10450
609 1093 -10506
610 1139 -10558
611 997 -10258
612 995 -10406
613 921 -10354
614 695 -10418
615 637 -10566
616 383 -10570
617 523 -10438
618 541 -10798
619 531 -10714
620 693 -10602
621 867 -10730
622 929 -10406
623 1013 -10674
624 1109 -10494
625 1045 -10154
626 999 -10186
627 1063 -10374
628 915 -10554
629 859 -10570
630 1047 -10822
631 957 -10558
632 879 -10622
633 869 -10778
634 747 -10630
635 661 -10486
636 789 -10694
637 975 -10626
638 785 -10390
639 679 -10450
640 715 -10486
641 637 -10790
642 601 -10682
643 653 -10518
644 565 -10846
645 437 -10578
646 429 -10710
647 465 -10286
648 613 -10602
649 621 -10602
650 643 -10598
651 839 -10690
652 695 -10658
653 607 -10430
654 579 -10478
655 705 -10470
656 913 -10710
657 991 -10498
658 1079 -10554
659 1107 -10594
660 1135 -10354
661 1127 -10442
662 899 -10402
663 841 -10174
664 1027 -10302
665 1013 -10506
666 845 -10322
667 939 -10282
668 779 -10254
669 783 -10574
670 921 -10650
671 975 -10386
672 925 -10326
673 745 -10434
674 703 -9922
675 831 -10002
676 899 -10114
677 979 -9942
678 989 -9906
679 1139 -9914
680 1101 -10114
681 1203 -10186
682 1041 -10506
683 1013 -10498
684 989 -10206
685 973 -10042
686 1139 -10162
687 1419 -10146
688 1677 -10230
689 1795 -10298
690 1703 -10602
691 1715 -10378
692 1585 -10498
693 1655 -10410
694 1665 -10362
695 1621 -10598
696 1449 -10402
697 1375 -10478
698 1271 -10614
699 1323 -10374
700 1373 -10718
701 1211 -10342
702 1195 -10366
703 1223 -10450
704 1183 -10446
705 1279 -10342
706 1505 -10494
707 1225 -10490
708 1071 -10750
709 1165 -10738
710 1375 -10782
711 1303 -10958
712 1249 -10818
713 1275 -10726
714 1259 -10666
715 1219 -10718
716 1235 -10986
717 1093 -10606
718 1063 -10410
719 1021 -10274
720 919 -10142
721 703 -9990
722 615 -10082
723 453 -10070
724 407 -10222
725 289 -10142
726 97 -10250
727 143 -10178
728 155 -10502
729 81 -10598
730 239 -10362
731 135 -10346
732 153 -10098
733 93 -10422
734 -43 -10434
735 -271 -10386
736 -531 -10402
737 -377 -10294
738 -361 -10530
739 -413 -10386
740 -371 -10454
741 -239 -10478
742 -329 -10406
743 -415 -10446
744 -765 -10550
745 -741 -10314
746 -877 -10310
747 -775 -10526
748 -825 -10574
749 -877 -10810
750 -925 -10702
751 -1031 -10682
752 -925 -10350
753 -951 -10298
754 -789 -10558
755 -681 -10638
756 -609 -10570
757 -543 -10470
758 -557 -10298
759 -521 -10554
760 -567 -10562
761 -553 -10534
762 -535 -10370
763 -567 -10606
764 -483 -10570
765 -407 -10190
766 -423 -10370
767 -409 -10306
768 -397 -10110
769 -531 -10414
770 -577 -10294
771 -249 -10378
772 -61 -10286
773 -225 -10066
774 -101 -9970
775 -81 -10214
776 -149 -10534
777 43 -10430
778 97 -10662
779 27 -10370
780 -29 -10570
781 -249 -10658
782 -533 -10662
783 -575 -10338
784 -621 -10326
785 -577 -10322
786 -417 -10526
787 -323 -10546
788 -331 -10590
789 -647 -10666
790 -601 -10678
791 -699 -10914
792 -743 -10962
793 -707 -10694
794 -511 -10534
795 -617 -10538
796 -611 -10734
797 -635 -10566
798 -475 -10470
799 -647 -10722
800 -467 -10802
801 -405 -10618
802 -531 -10402
803 -737 -10582
804 -711 -10462
805 -845 -10538
806 -853 -10394
807 -761 -10410
808 -627 -10598
809 -551 -10654
810 -275 -10602
811 -237 -10502
812 -281 -10422
813 -119 -10482
814 -283 -10418
815 -269 -10502
816 -417 -10726
817 -403 -10394
818 -387 -10470
819 -343 -10666
820 -461 -10686
821 -573 -10574
822 -665 -10618
823 -855 -10630
824 -861 -10694
825 -831 -10670
826 -727 -10914
827 -701 -10922
828 -813 -10822
829 -651 -10882
830 -755 -10786
831 -693 -10942
832 -771 -10998
833 -635 -10834
834 -725 -10626
835 -775 -10730
836 -749 -10486
837 -797 -10694
838 -847 -10446
839 -673 -10634
840 -587 -10870
841 -673 -11042
842 -623 -10766
843 -543 -10914
844 -581 -10854
845 -527 -10918
846 -491 -10702
847 -289 -10746
848 -205 -10642
849 -151 -10674
850 -287 -10398
851 -231 -10126
852 -165 -10202
853 -213 -10306
854 -445 -10370
855 -391 -10594
856 -279 -10646
857 -209 -10574
858 -151 -10538
859 -15 -10602
860 -77 -10782
861 -87 -10414
862 -243 -10858
863 -129 -10674
864 -109 -10522
865 -163 -10498
866 -347 -10350
867 -343 -10290
868 -313 -10498
869 -145 -10370
870 -9 -10566
871 77 -10570
872 225 -10414
873 193 -10486
874 535 -10506
875 523 -10434
876 509 -10382
877 415 -10126
878 351 -10346
879 469 -10158
880 399 -10394
881 593 -10426
882 543 -10598
883 359 -10490
884 503 -10366
885 475 -10522
886 437 -10334
887 421 -10630
888 373 -10418
889 273 -10294
890 251 -10350
891 363 -10238
892 393 -10522
893 257 -10858
894 171 -10442
895 319 -10298
896 309 -10106
897 323 -10266
898 615 -10230
899 679 -10222
900 773 -10490
901 751 -10530
902 737 -10306
903 589 -10334
904 677 -10618
905 793 -10526
906 673 -10362
907 609 -10282
908 867 -10422
909 805 -10318
910 811 -10234
911 835 -10566
912 663 -10426
913 489 -10634
914 607 -10734
915 561 -10634
916 421 -10354
917 565 -10458
918 579 -10542
919 577 -10530
920 551 -10666
921 241 -10518
922 487 -10414
923 383 -10278
924 283 -10466
925 317 -10474
926 145 -10330
927 125 -10466
928 201 -10314
929 295 -10526
930 275 -10578
931 257 -10678
932 241 -10606
933 -169 -10594
934 -1 -10470
935 -175 -10394
936 -81 -10558
937 -1 -10450
938 -105 -10602
939 81 -10282
940 -71 -10358
941 53 -10110
942 31 -10298
943 145 -10486
944 79 -10402
945 93 -10210
946 -7 -10542
947 127 -10502
948 307 -10458
949 199 -10530
950 117 -10314
951 319 -10358
952 417 -10422
953 321 -10418
954 145 -10386
955 163 -10422
956 161 -10290
957 -87 -10338
958 -337 -10846
959 -353 -10586
960 -389 -10478
961 -433 -10342
962 -485 -10102
963 -429 -10250
964 -505 -10466
965 -547 -10770
966 -527 -10554
967 -503 -10322
968 -369 -10598
969 -395 -10530
970 -351 -10618
971 -95 -10266
972 -167 -10650
973 21 -10310
974 -71 -10286
975 -345 -10530
976 -503 -10382
977 -509 -10610
978 -401 -10638
979 -607 -10882
980 -629 -10946
981 -781 -10914
982 -963 -10854
983 -941 -10574
984 -1001 -10570
985 -1011 -10722
986 -983 -10570
987 -1065 -10706
988 -941 -10614
989 -891 -10610
990 -875 -10522
991 -765 -10250
992 -791 -10546
993 -943 -10382
994 -909 -10438
995 -833 -10450
996 -767 -10622
997 -861 -10726
998 -875 -10842
999 -979 -10714
1000 -1077 -10634
1001 -1027 -10638
1002 -955 -10738
1003 -1027 -10738
1004 -913 -10722
1005 -923 -10618
1006 -621 -10622
1007 -687 -10714
1008 -599 -10742
1009 -717 -10486
1010 -761 -10730
1011 -481 -10850
1012 -417 -10890
1013 -473 -10754
1014 -385 -10718
1015 -509 -10586
1016 -379 -10658
1017 -295 -10842
1018 -203 -10406
1019 -135 -10538
1020 -211 -10522
1021 -33 -10514
1022 -57 -10630
1023 73 -10418
1024 103 -10470
1025 19 -10474
1026 161 -10474
1027 217 -10410
1028 361 -10550
1029 439 -10582
1030 453 -10438
1031 533 -10430
1032 569 -10622
1033 565 -10434
1034 653 -10470
1035 589 -10422
1036 505 -10546
1037 599 -10662
1038 755 -10386
1039 579 -10462
1040 447 -10546
1041 317 -10570
1042 -103 -10370
1043 -45 -10358
1044 25 -10582
1045 -83 -10474
1046 -35 -10526
1047 -185 -10654
1048 -141 -10662
1049 105 -10526
1050 213 -10414
1051 175 -10466
1052 117 -10558
1053 169 -10726
1054 145 -10502
1055 -9 -10514
1056 -17 -10694
1057 -11 -10614
1058 43 -10570
1059 67 -10662
1060 5 -10634
1061 105 -10682
1062 141 -10462
1063 151 -10370
1064 155 -10234
1065 139 -10526
1066 391 -10574
1067 613 -10490
1068 637 -10522
1069 623 -10842
1070 637 -10402
1071 511 -10562
1072 461 -10466
1073 437 -10298
1074 385 -9974
1075 565 -10226
1076 453 -10038
1077 525 -10002
1078 463 -10174
1079 671 -10246
1080 745 -10242
1081 731 -10438
1082 709 -10146
1083 735 -10158
1084 717 -10286
1085 707 -10442
1086 673 -10362
1087 611 -10318
1088 553 -10138
1089 621 -10210
1090 693 -10286
1091 653 -10142
1092 609 -10242
1093 673 -9946
1094 687 -10078
1095 819 -10006
1096 865 -10502
1097 901 -10346
1098 839 -10362
1099 1009 -10554
1100 1127 -10574
1101 1303 -10578
1102 1319 -10642
1103 1201 -10582
1104 1259 -10454
1105 1331 -10474
1106 1137 -10538
1107 999 -10386
1108 849 -10242
1109 909 -10602
1110 871 -10646
1111 869 -10670
1112 965 -10694
1113 1049 -10846
1114 1027 -11010
1115 843 -10882
1116 863 -10978
1117 651 -10706
1118 653 -10610
1119 619 -10602
1120 393 -10834
1121 329 -10766
1122 85 -11026
1123 339 -10910
1124 379 -11010
1125 407 -10890
1126 397 -10674
1127 337 -10874
1128 569 -10786
1129 525 -10830
1130 569 -10762
1131 693 -10762
1132 663 -10730
1133 659 -10778
1134 499 -10558
1135 345 -10570
1136 329 -10678
1137 375 -10758
1138 387 -10846
1139 501 -10426
1140 597 -10254
1141 405 -10470
1142 673 -10386
1143 615 -10798
1144 597 -10742
1145 679 -10526
1146 601 -10814
1147 619 -10542
1148 663 -10482
1149 691 -10610
1150 575 -10578
1151 803 -10442
1152 733 -10898
1153 661 -10914
1154 639 -10566
1155 669 -10682
1156 483 -10630
1157 585 -10442
1158 583 -10446
1159 549 -10646
1160 457 -10606
1161 359 -10918
1162 323 -10786
1163 451 -10934
1164 495 -10918
1165 719 -10686
1166 523 -10614
1167 463 -10726
1168 443 -10694
1169 575 -10598
1170 517 -10746
1171 553 -10570
1172 595 -10506
1173 795 -10350
1174 1033 -10398
1175 1081 -10602
1176 997 -10598
1177 1105 -10878
1178 1091 -10758
1179 1023 -10526
1180 713 -10514
1181 467 -10594
1182 569 -10558
1183 635 -10686
1184 531 -10646
1185 421 -10750
1186 481 -10458
1187 451 -10586
1188 411 -10750
1189 247 -10810
1190 175 -10634
1191 81 -10538
1192 103 -10818
1193 3 -10614
1194 143 -10782
1195 107 -10694
1196 195 -10506
1197 239 -10554
1198 317 -10558
1199 113 -10606
1200 37 -10566
1201 61 -10738
1202 -7 -10570
1203 -163 -10434
1204 19 -10618
1205 163 -10678
1206 45 -10382
1207 217 -10562
1208 151 -10502
1209 99 -10614
1210 113 -10798
1211 -51 -10634
1212 -165 -11006
1213 -63 -10806
1214 -45 -10618
1215 -299 -10634
1216 -545 -10454
1217 -635 -10294
1218 -539 -10418
1219 -697 -10382
1220 -601 -10550
1221 -725 -10622
1222 -697 -10558
1223 -505 -10402
1224 -605 -10234
1225 -679 -10542
1226 -657 -10638
1227 -529 -10270
1228 -501 -10510
1229 -441 -10362
1230 -439 -10582
1231 -305 -10438
1232 47 -10294
1233 -79 -10354
1234 -97 -10426
1235 -27 -10498
1236 67 -10382
1237 185 -10218
1238 77 -10398
1239 43 -10690
1240 243 -10966
1241 233 -10998
1242 283 -11042
1243 267 -11054
1244 293 -10854
1245 215 -10694
1246 231 -10710
1247 313 -10814
1248 235 -10666
1249 -57 -10646
1250 -19 -10438
1251 103 -10326
1252 81 -10694
1253 -93 -10214
1254 -225 -10390
1255 15 -10398
1256 115 -10634
1257 27 -10358
1258 283 -10582
1259 -27 -10386
1260 79 -10398
1261 35 -10198
1262 21 -10494
1263 149 -10526
1264 271 -10370
1265 309 -10382
1266 203 -10306
1267 143 -10270
1268 205 -10478
1269 357 -10518
1270 327 -10378
1271 307 -10530
1272 343 -10534
1273 385 -10366
1274 355 -10534
1275 335 -10514
1276 373 -10646
1277 275 -10274
1278 355 -10366
1279 477 -10490
1280 465 -10878
1281 431 -10702
1282 375 -10870
1283 257 -10674
1284 273 -10662
1285 225 -10606
1286 9 -10626
1287 51 -10782
1288 -55 -10634
1289 -181 -10378
1290 -257 -10534
1291 -333 -10222
1292 -277 -10450
1293 -181 -10618
1294 -331 -10706
1295 -113 -10754
1296 -87 -10582
1297 -187 -10726
1298 -145 -10770
1299 -133 -10718
1300 -121 -10610
1301 -139 -10466
1302 -133 -10618
1303 -139 -10230
1304 -63 -10302
1305 69 -10290
1306 107 -10250
1307 101 -10378
1308 291 -10242
1309 411 -10242
1310 463 -10506
1311 451 -10126
1312 623 -10026
1313 691 -10410
1314 761 -10038
1315 725 -10150
1316 731 -10278
1317 721 -10210
1318 727 -10134
1319 753 -10182
1320 829 -10190
1321 693 -10222
1322 905 -10406
1323 991 -10414
1324 1055 -10314
1325 855 -10414
1326 925 -10490
1327 785 -10494
1328 759 -10690
1329 807 -10614
1330 715 -10206
1331 773 -10486
1332 565 -10846
1333 627 -10914
1334 661 -11034
1335 477 -10734
1336 555 -10850
1337 445 -10642
1338 473 -10458
1339 459 -10646
1340 589 -10394
1341 507 -10406
1342 639 -10706
1343 439 -10598
1344 563 -10426
1345 513 -10302
1346 367 -10626
1347 335 -10758
1348 395 -10650
1349 223 -10442
1350 331 -10402
1351 427 -10598
1352 507 -10466
1353 375 -10546
1354 313 -10666
1355 321 -10490
1356 351 -10478
1357 373 -10834
1358 363 -10474
1359 413 -10430
1360 457 -10702
1361 455 -10982
1362 361 -10702
1363 461 -10750
1364 299 -10846
1365 237 -10862
1366 203 -10690
1367 197 -10662
1368 121 -10582
1369 -25 -10662
1370 119 -10642
1371 279 -10782
1372 385 -10534
1373 195 -10798
1374 77 -10558
1375 -47 -10270
1376 -183 -10286
1377 -103 -10250
1378 -263 -10230
1379 -119 -10462
1380 -11 -10154
1381 13 -10602
1382 -47 -10238
1383 -33 -10374
1384 81 -10302
1385 13 -10330
1386 137 -10410
1387 213 -10418
1388 487 -10622
1389 337 -10298
1390 485 -10510
1391 509 -10322
1392 545 -10518
1393 565 -10506
1394 399 -10318
1395 277 -10342
1396 253 -10454
1397 295 -10202
1398 355 -10562
1399 285 -10710
1400 107 -10442
1401 179 -10702
1402 317 -10558
1403 423 -10442
1404 519 -10466
1405 433 -10382
1406 365 -10226
1407 327 -10418
1408 347 -10374
1409 245 -10378
1410 351 -10490
1411 357 -10454
1412 361 -10454
1413 307 -10330
1414 365 -10238
1415 449 -10318
1416 461 -10338
1417 395 -10278
1418 519 -10458
1419 597 -10426
1420 633 -10394
1421 669 -10390
1422 595 -10394
1423 757 -10490
1424 655 -10410
1425 635 -10538
1426 623 -10486
1427 637 -10274
1428 575 -10362
1429 705 -10586
1430 775 -10574
1431 635 -10746
1432 553 -10802
1433 855 -10702
1434 1015 -10954
1435 973 -10830
1436 893 -10770
1437 939 -10722
1438 773 -10718
1439 779 -10414
1440 733 -10274
1441 695 -10458
1442 465 -10586
1443 413 -10538
1444 215 -10834
1445 419 -10754
1446 609 -10786
1447 657 -10718
1448 703 -10474
1449 673 -10738
1450 895 -10662
1451 1013 -10654
1452 841 -10430
1453 893 -10306
1454 829 -10482
1455 757 -10414
1456 551 -10554
1457 679 -10438
1458 671 -10330
1459 771 -10478
1460 841 -10874
1461 753 -10698
1462 677 -10534
1463 501 -10450
1464 481 -10442
1465 497 -10498
1466 505 -10618
1467 649 -10906
1468 453 -10730
1469 445 -10602
1470 575 -10454
1471 517 -10682
1472 513 -10602
1473 445 -10490
1474 257 -10522
1475 565 -10770
1476 437 -10846
1477 331 -10918
1478 227 -10958
1479 493 -11030
1480 493 -11082
1481 653 -10650
1482 715 -10730
1483 767 -10762
1484 899 -10702
1485 1153 -10778
1486 1171 -10698
1487 1251 -10830
1488 1135 -10526
1489 1011 -10398
1490 1031 -10518
1491 887 -10630
1492 873 -10538
1493 1079 -10682
1494 985 -10530
1495 1043 -10322
1496 897 -10398
1497 807 -10342
1498 961 -10298
1499 1177 -10442
1500 1169 -10554
1501 1123 -10458
1502 1267 -10374
1503 1313 -10422
1504 1157 -10490
1505 1273 -10470
1506 1215 -10274
1507 1337 -10654
1508 1217 -10410
1509 1331 -10518
1510 1263 -10546
1511 981 -10434
1512 985 -10370
1513 803 -10474
1514 683 -10486
1515 655 -10594
1516 813 -10358
1517 1035 -10666
1518 1053 -10598
1519 1003 -10850
1520 1095 -10778
1521 961 -10886
1522 859 -10690
1523 871 -10578
1524 887 -10870
1525 731 -10710
1526 903 -10470
1527 1133 -10662
1528 897 -10486
1529 933 -10402
1530 1141 -10282
1531 1047 -10282
1532 1087 -10178
1533 1137 -10554
1534 1221 -10458
1535 1231 -10666
1536 1137 -10606
1537 1275 -10486
1538 1373 -10738
1539 1139 -10714
1540 1337 -10958
1541 1121 -10854
1542 1007 -10718
1543 1067 -10414
1544 977 -10550
1545 979 -10638
1546 1213 -10682
1547 953 -10702
1548 781 -10706
1549 827 -10778
1550 615 -10798
1551 587 -11130
1552 511 -10802
1553 439 -10866
1554 609 -11190
1555 401 -10946
1556 369 -10622
1557 421 -10806
1558 429 -10694
1559 435 -10878
1560 443 -10754
1561 585 -10430
1562 655 -10458
1563 709 -10370
1564 659 -10226
1565 823 -10310
1566 871 -10710
1567 629 -10350
1568 555 -10626
1569 445 -10654
1570 153 -10546
1571 133 -10674
1572 183 -10706
1573 355 -10858
1574 301 -10806
1575 331 -10938
1576 225 -10926
1577 3 -11042
1578 -193 -10990
1579 -157 -10950
1580 7 -10786
1581 19 -10822
1582 -105 -10522
1583 -37 -10630
1584 61 -10850
1585 13 -10950
1586 179 -10654
1587 61 -10670
1588 117 -10830
1589 69 -10806
1590 199 -10602
1591 149 -10630
1592 217 -10514
1593 259 -10326
1594 227 -10434
1595 295 -10294
1596 153 -10486
1597 209 -10622
1598 105 -10490
1599 277 -10626
1600 279 -10674
1601 235 -10482
1602 301 -10714
1603 195 -10486
1604 199 -10582
1605 261 -10286
1606 255 -10418
1607 -59 -10494
1608 15 -10534
1609 -151 -10778
1610 -225 -10670
1611 -291 -10690
1612 -531 -10450
1613 -665 -10478
1614 -701 -10450
1615 -437 -10638
1616 -285 -10762
1617 -223 -10610
1618 -349 -10714
1619 -435 -10706
1620 -423 -10782
1621 -333 -10598
1622 -289 -10638
1623 -243 -10686
1624 -389 -10622
1625 -273 -10722
1626 -315 -11010
1627 -197 -10566
1628 -287 -10750
1629 -533 -11090
1630 -607 -11286
1631 -597 -10782
1632 -765 -10758
1633 -869 -10626
1634 -813 -10478
1635 -725 -10414
1636 -719 -10306
1637 -981 -10550
1638 -969 -10146
1639 -759 -10330
1640 -957 -10542
1641 -1025 -10402
1642 -1031 -10370
1643 -1315 -10574
1644 -1491 -10762
1645 -1417 -10762
1646 -1501 -10726
1647 -1457 -10938
1648 -1427 -10970
1649 -1325 -10786
1650 -1279 -10762
1651 -1221 -10878
1652 -1151 -11110
1653 -919 -10978
1654 -1027 -10770
1655 -1171 -10650
1656 -1033 -10670
1657 -1081 -10490
1658 -937 -10594
1659 -825 -10490
1660 -923 -10402
1661 -863 -10370
1662 -889 -10294
1663 -953 -10422
1664 -943 -10194
1665 -867 -10158
1666 -873 -10026
1667 -953 -10394
1668 -1041 -10262
1669 -959 -10398
1670 -855 -10374
1671 -967 -10450
1672 -1189 -10442
1673 -1135 -10770
1674 -1063 -10590
1675 -1107 -10674
1676 -981 -10586
1677 -953 -10566
1678 -973 -10650
1679 -721 -10558
1680 -707 -10810
1681 -631 -10922
1682 -671 -10730
1683 -961 -10646
1684 -855 -10658
1685 -741 -10590
1686 -777 -10750
1687 -927 -10634
1688 -937 -10878
1689 -869 -11006
1690 -643 -10546
1691 -673 -10402
1692 -547 -10466
1693 -549 -10670
1694 -339 -10798
1695 -169 -10758
1696 25 -10918
1697 169 -10646
1698 139 -11010
1699 187 -11166
1700 121 -10934
1701 41 -10950
1702 43 -10994
1703 141 -10934
1704 169 -10802
1705 471 -10642
1706 577 -10566
1707 523 -10386
1708 571 -10450
1709 243 -10334
1710 385 -10358
1711 311 -10434
1712 85 -10618
1713 245 -10462
1714 199 -10318
1715 9 -10234
1716 187 -10466
1717 115 -10718
1718 65 -10666
1719 113 -10606
1720 173 -10598
1721 267 -10490
1722 361 -10374
1723 345 -10314
1724 271 -10426
1725 439 -10310
1726 363 -10398
1727 299 -10230
1728 331 -10210
1729 423 -10398
1730 301 -10766
1731 291 -10782
1732 399 -10642
1733 457 -10486
1734 217 -10270
1735 395 -10326
1736 323 -10258
1737 575 -10294
1738 583 -10410
1739 631 -10082
1740 625 -10022
1741 859 -10222
1742 1049 -10282
1743 1107 -10382
1744 1181 -10582
1745 1191 -10414
1746 1323 -10250
1747 1387 -10146
1748 1331 -10442
1749 1401 -10490
1750 1431 -10942
1751 1243 -10598
1752 1297 -10830
1753 1447 -11098
1754 1285 -10458
1755 1527 -10534
1756 1563 -10738
1757 1499 -10790
1758 1471 -10858
1759 1609 -10542
1760 1539 -10534
1761 1703 -10498
1762 1687 -10510
1763 1709 -10466
1764 1551 -10546
1765 1553 -10618
1766 1277 -10678
1767 1269 -10678
1768 1037 -10550
1769 1141 -10526
1770 1343 -10846
1771 1295 -10986
1772 1363 -10986
1773 1291 -10878
1774 1251 -10506
1775 1341 -10438
1776 1169 -10298
1777 1153 -10566
1778 1045 -10642
1779 1029 -10370
1780 899 -10374
1781 759 -10430
1782 869 -10202
1783 841 -10286
1784 929 -10258
1785 953 -10382
1786 817 -10410
1787 871 -10458
1788 957 -10502
1789 997 -10666
1790 859 -10694
1791 805 -10574
1792 687 -10270
1793 671 -10006
1794 503 -10358
1795 397 -10430
1796 435 -10246
1797 371 -10266
1798 399 -10678
1799 325 -10530
1800 389 -10570
1801 509 -10422
1802 427 -10326
1803 455 -10302
1804 539 -10162
1805 381 -10350
1806 447 -10566
1807 561 -10458
1808 645 -10546
1809 727 -10582
1810 675 -10642
1811 695 -10710
1812 985 -10586
1813 1037 -10542
1814 899 -10590
1815 757 -10466
1816 785 -10574
1817 677 -10462
1818 705 -10390
1819 525 -10074
1820 261 -10086
1821 149 -10330
1822 25 -10390
1823 89 -10418
1824 -17 -10646
1825 -189 -10146
1826 -359 -10474
1827 -477 -10302
1828 -485 -10090
1829 -467 -10746
1830 -355 -10458
1831 -363 -10310
1832 -249 -10186
1833 -269 -10518
1834 -331 -10762
1835 -355 -10422
1836 -421 -10390
1837 -379 -10414
1838 -427 -10546
1839 -597 -10674
1840 -815 -10826
1841 -503 -10514
1842 -521 -10422
1843 -375 -10282
1844 -413 -10398
1845 -383 -10682
1846 -417 -10706
1847 -575 -10542
1848 -549 -10334
1849 -505 -10646
1850 -595 -10482
1851 -575 -10398
1852 -589 -10474
1853 -753 -10574
1854 -791 -10538
1855 -833 -10798
1856 -869 -10622
1857 -761 -10470
1858 -833 -10434
1859 -847 -10734
1860 -751 -10722
1861 -653 -10970
1862 -667 -11010
1863 -385 -10894
1864 -523 -10882
1865 -537 -10514
1866 -511 -10710
1867 -569 -10438
1868 -649 -10650
1869 -651 -10558
1870 -697 -10546
1871 -719 -10738
1872 -685 -10678
1873 -631 -10810
1874 -489 -10714
1875 -607 -10926
1876 -375 -10842
1877 -327 -10830
1878 -241 -10566
1879 -157 -10386
1880 -23 -10346
1881 -209 -10614
1882 -259 -10746
1883 -151 -10802
1884 -279 -10618
1885 -359 -10602
1886 -409 -10558
1887 -309 -10878
1888 -117 -10950
1889 -163 -10730
1890 -227 -10558
1891 -219 -10926
1892 -355 -10762
1893 -367 -10910
1894 -523 -10906
1895 -471 -10850
1896 -463 -10658
1897 -441 -10846
1898 -421 -10706
1899 -499 -10618
1900 -447 -10546
1901 -637 -10546
1902 -721 -10606
1903 -741 -10658
1904 -871 -10682
1905 -741 -10758
1906 -655 -10802
1907 -421 -10930
1908 -463 -11010
1909 -333 -10810
1910 -321 -10946
1911 -285 -10922
1912 -31 -10546
1913 -271 -10430
1914 -347 -10374
1915 -203 -10482
1916 -337 -10442
1917 -53 -10462
1918 63 -10442
1919 295 -10582
1920 317 -10474
1921 291 -10282
1922 161 -9962
1923 249 -10186
1924 251 -10074
1925 261 -10502
1926 227 -10486
1927 293 -10430
1928 133 -10194
1929 171 -10198
1930 263 -10322
1931 265 -10538
1932 173 -10690
1933 157 -10570
1934 123 -10682
1935 41 -10778
1936 -185 -10706
1937 -149 -10450
1938 -249 -10502
1939 -163 -10774
1940 -1 -10946
1941 39 -10746
1942 27 -10602
1943 17 -10570
1944 -23 -10830
1945 11 -10966
1946 -151 -10702
1947 -69 -10546
1948 -37 -10486
1949 -3 -10526
1950 55 -10482
1951 -65 -10502
1952 89 -10522
1953 41 -10470
1954 17 -10646
1955 -59 -10690
1956 -37 -10646
1957 -43 -10858
1958 -183 -10870
1959 27 -11014
1960 -17 -11102
1961 17 -11018
1962 -15 -10738
1963 107 -10850
1964 83 -10778
1965 37 -10650
1966 -25 -10586
1967 67 -10454
1968 -39 -10450
1969 -329 -10486
1970 -147 -10642
1971 -169 -10586
1972 -211 -10502
1973 -227 -10530
1974 -365 -10794
1975 -255 -10470
1976 -185 -10446
1977 -237 -10442
1978 -329 -10698
1979 -421 -10954
1980 -261 -10538
1981 -53 -10566
1982 119 -10766
1983 5 -10686
1984 193 -10758
1985 91 -10910
1986 287 -11034
1987 151 -10734
1988 173 -10722
1989 11 -10778
1990 -171 -10430
1991 -299 -10646
1992 -363 -10894
1993 -237 -10958
1994 -105 -10606
1995 -269 -10598
1996 -225 -10282
1997 -253 -10530
1998 -163 -10534
1999 -219 -10638
2000 41 -10334
2001 57 -10158
2002 119 -10166
2003 301 -10150
2004 323 -10382
2005 467 -10366
2006 435 -10274
2007 619 -10214
2008 577 -10302
2009 333 -10158
2010 499 -10306
2011 545 -10286
2012 673 -10434
2013 677 -10474
2014 757 -10458
2015 749 -10446
2016 889 -10474
2017 1031 -10358
2018 851 -10438
2019 833 -10662
2020 901 -10694
2021 831 -10482
2022 819 -10682
2023 519 -10478
2024 509 -10434
2025 657 -10330
2026 503 -10362
2027 451 -10370
2028 389 -10354
2029 405 -10486
2030 371 -10342
2031 347 -9870
2032 305 -10030
2033 213 -10134
2034 517 -9966
2035 547 -9886
2036 643 -10222
2037 721 -10414
2038 593 -10626
2039 517 -10686
2040 411 -10918
2041 355 -10826
2042 393 -10986
2043 451 -10634
2044 309 -10646
2045 379 -10714
2046 269 -10890
2047 295 -10754
2048 241 -10846
2049 165 -10902
2050 95 -10978
2051 -15 -10642
2052 37 -10442
2053 169 -10826
2054 217 -10674
2055 295 -10678
2056 303 -10638
2057 409 -10462
2058 503 -10162
2059 375 -10358
2060 401 -10494
2061 321 -10554
2062 369 -10706
2063 383 -10522
2064 485 -10670
2065 655 -10594
2066 471 -10494
2067 503 -10450
2068 651 -10174
2069 619 -10158
2070 333 -10378
2071 567 -10586
2072 553 -10594
2073 623 -10510
2074 565 -10606
2075 535 -10570
2076 367 -10306
2077 377 -10514
2078 283 -10734
2079 113 -10798
2080 93 -10774
2081 73 -10906
2082 93 -11046
2083 -67 -10794
2084 -81 -10554
2085 -53 -10718
2086 -67 -10586
2087 105 -10326
2088 -67 -10458
2089 3 -10446
2090 89 -10278
2091 137 -10206
2092 329 -10538
2093 317 -10322
2094 281 -10466
2095 373 -10494
2096 127 -10374
2097 9 -10486
2098 1 -10218
2099 61 -9814
2100 -53 -10162
2101 -1 -10666
2102 73 -10446
2103 -35 -10502
2104 -179 -10850
2105 -61 -10498
2106 115 -11010
2107 -1 -10730
2108 179 -10834
2109 331 -10834
2110 347 -10706
2111 229 -10638
2112 365 -10578
2113 133 -10622
2114 277 -10506
2115 285 -10598
2116 159 -10498
2117 197 -10398
2118 137 -10534
2119 53 -10362
2120 75 -10510
2121 153 -10302
2122 355 -10250
2123 397 -10442
2124 405 -10398
2125 465 -10442
2126 373 -10554
2127 413 -10478
2128 461 -10454
2129 345 -10714
2130 321 -10486
2131 449 -10494
2132 421 -10670
2133 589 -10694
2134 535 -10682
2135 417 -10698
2136 509 -10710
2137 563 -10622
2138 555 -10462
2139 677 -10454
2140 665 -10242
2141 601 -10222
2142 513 -9950
2143 283 -10362
2144 439 -10298
2145 515 -10426
2146 611 -10810
2147 443 -10778
2148 505 -10714
2149 521 -10526
2150 539 -10442
2151 435 -10694
2152 549 -10774
2153 623 -10666
2154 513 -10538
2155 307 -10830
2156 343 -10718
2157 281 -10842
2158 267 -10990
2159 187 -10838
2160 229 -10834
2161 85 -11098
2162 -45 -10990
2163 -35 -10742
2164 117 -10598
2165 219 -10546
2166 245 -10578
2167 455 -10606
2168 479 -10750
2169 329 -10442
2170 203 -10190
2171 47 -10330
2172 149 -10242
2173 287 -10610
2174 445 -10290
2175 393 -10554
2176 203 -10670
2177 229 -10566
2178 121 -10510
2179 225 -10554
2180 317 -10442
2181 205 -10386
2182 63 -10214
2183 -1 -10162
2184 225 -10258
2185 261 -10274
2186 201 -10334
2187 215 -10330
2188 125 -10270
2189 105 -10330
2190 181 -10274
2191 219 -10418
2192 299 -10602
2193 395 -10442
2194 339 -10114
2195 325 -10174
2196 371 -10234
2197 561 -10422
2198 763 -10558
2199 709 -10622
2200 671 -10334
2201 623 -10406
2202 407 -10590
2203 495 -10306
2204 469 -10606
2205 293 -10418
2206 377 -10346
2207 389 -10738
2208 519 -10914
2209 529 -10702
2210 337 -10778
2211 429 -10590
2212 617 -10530
2213 847 -10598
2214 675 -10458
2215 831 -10358
2216 939 -10178
2217 1117 -10634
2218 1199 -10514
2219 1465 -10378
2220 1485 -10278
2221 1307 -10058
2222 1147 -10354
2223 935 -10238
2224 741 -10038
2225 651 -10218
2226 647 -10446
2227 711 -10694
2228 619 -10746
2229 701 -10910
2230 945 -10682
2231 787 -10674
2232 689 -10822
2233 569 -10658
2234 607 -11002
2235 629 -10966
2236 703 -10906
2237 447 -10770
2238 557 -10794
2239 385 -10790
2240 333 -10786
2241 421 -10754
2242 475 -10682
2243 477 -10670
2244 419 -10878
2245 157 -10938
2246 187 -10782
2247 319 -10706
2248 409 -10606
2249 477 -10718
2250 495 -10918
2251 457 -10490
2252 453 -10446
2253 267 -10442
2254 127 -10438
2255 59 -10170
2256 171 -10526
2257 297 -10298
2258 237 -10458
2259 103 -10250
2260 85 -10078
2261 -53 -10246
2262 -129 -10358
2263 -135 -10370
2264 -271 -10290
2265 -373 -10366
2266 -273 -10614
2267 -205 -10670
2268 -183 -10382
2269 -103 -10510
2270 -177 -10366
2271 -391 -10410
2272 -259 -10246
2273 -295 -10246
2274 -393 -10386
2275 -275 -10378
2276 -239 -10390
2277 -351 -10042
2278 -259 -10470
2279 -197 -10586
2280 -163 -10542
2281 -193 -10734
2282 -109 -10750
2283 41 -10378
2284 -169 -10502
2285 -275 -10210
2286 -263 -10458
2287 -299 -10258
2288 -333 -10642
2289 -331 -10462
2290 -225 -10418
2291 -227 -10630
2292 -403 -10386
2293 -459 -10346
2294 -403 -10694
2295 -473 -10778
2296 -253 -10602
2297 -309 -10474
2298 -407 -10582
2299 -311 -10370
2300 -267 -10430
2301 -245 -10778
2302 -83 -10770
2303 -189 -10882
2304 -47 -10614
2305 75 -10606
2306 183 -10494
2307 333 -10414
2308 175 -10482
2309 -75 -10526
2310 -81 -10466
2311 -27 -10278
2312 159 -10462
2313 235 -10486
2314 309 -10970
2315 87 -10854
2316 -11 -10906
2317 -45 -10722
2318 -169 -10510
2319 -231 -10578
2320 -167 -10526
2321 -143 -10710
2322 -153 -10778
2323 27 -10718
2324 -85 -10726
2325 -129 -10678
2326 -245 -10342
2327 -53 -10174
2328 117 -10482
2329 51 -10634
2330 -75 -10370
2331 -41 -10550
2332 57 -10450
2333 5 -10534
2334 79 -10522
2335 115 -10622
2336 -37 -10550
2337 -123 -10706
2338 -25 -10742
2339 -1 -10630
2340 -133 -10814
2341 -149 -10610
2342 -193 -10534
2343 -125 -10554
2344 -47 -10686
2345 -165 -10622
2346 -243 -10422
2347 -227 -10514
2348 -339 -10598
2349 -217 -10626
2350 -263 -10610
2351 -355 -10562
2352 -365 -10394
2353 -171 -10438
2354 -71 -10230
2355 187 -10222
2356 275 -10434
2357 309 -10266
2358 343 -9970
2359 559 -10186
2360 615 -10282
2361 767 -10394
2362 647 -10146
2363 623 -10070
2364 661 -9710
2365 523 -9790
2366 681 -9846
2367 765 -10234
2368 605 -10358
2369 641 -10490
2370 733 -10426
2371 793 -10730
2372 933 -10730
2373 877 -10782
2374 787 -10634
2375 773 -10654
2376 523 -10394
2377 623 -10294
2378 583 -10398
2379 457 -10330
2380 451 -10234
2381 377 -10238
2382 361 -10330
2383 359 -10530
2384 97 -10774
2385 315 -11182
2386 349 -11202
2387 287 -10794
2388 233 -10846
2389 -19 -10586
2390 -83 -10610
2391 -83 -10490
2392 51 -10234
2393 -23 -10554
2394 131 -10586
2395 103 -10478
2396 171 -10310
2397 165 -10318
2398 251 -10342
2399 125 -10442
2400 117 -10538
2401 209 -10514
2402 209 -10438
2403 329 -10618
2404 197 -10882
2405 387 -10646
2406 389 -10518
2407 513 -10610
2408 545 -10430
2409 635 -10426
2410 719 -10314
2411 683 -10670
2412 731 -10682
2413 567 -10786
2414 515 -10626
2415 527 -10506
2416 727 -10382
2417 919 -10774
2418 815 -10702
2419 773 -10642
2420 839 -10486
2421 881 -10178
2422 1091 -10262
2423 1133 -10218
2424 1079 -10290
2425 1101 -10394
2426 1049 -10142
2427 953 -10090
2428 1037 -10310
2429 1069 -10350
2430 1161 -10350
2431 869 -10278
2432 643 -10330
2433 831 -10194
2434 835 -10338
2435 789 -10498
2436 893 -10298
2437 891 -10426
2438 979 -10334
2439 977 -10518
2440 747 -10642
2441 605 -10658
2442 651 -10586
2443 751 -10482
2444 627 -10450
2445 555 -10366
2446 601 -10606
2447 647 -10562
2448 913 -10374
2449 811 -10426
2450 825 -10222
2451 819 -10206
2452 829 -10458
2453 901 -10466
2454 827 -10342
2455 1039 -10262
2456 1145 -10510
2457 1001 -10430
2458 1311 -10254
2459 1075 -10450
2460 1165 -10786
2461 1193 -10674
2462 883 -10330
2463 925 -10134
2464 937 -10238
2465 993 -10198
2466 1009 -10426
2467 869 -10286
2468 781 -10302
2469 671 -10214
2470 775 -10050
2471 917 -10154
2472 1193 -10130
2473 1109 -10042
2474 1149 -10254
2475 1081 -10550
2476 1049 -10594
2477 1093 -10478
2478 1043 -10770
2479 1117 -10706
2480 1091 -10566
2481 1081 -10494
2482 1045 -10374
2483 1173 -10774
2484 925 -10678
2485 825 -10322
2486 841 -10326
2487 809 -10698
2488 859 -10750
2489 847 -10742
2490 879 -10642
2491 945 -10230
2492 813 -10250
2493 761 -10554
2494 687 -10326
2495 781 -10534
2496 889 -10686
2497 919 -10670
2498 689 -10762
2499 717 -10506
2500 829 -10346
2501 817 -10338
2502 629 -10290
2503 461 -10262
2504 501 -10462
2505 517 -10618
2506 643 -10410
2507 793 -10470
2508 673 -10290
2509 811 -10634
2510 927 -10778
2511 961 -10858
2512 939 -10842
2513 927 -10554
2514 727 -10610
2515 763 -10642
2516 731 -10842
2517 663 -10742
2518 751 -10622
2519 527 -10266
2520 433 -10258
2521 477 -10498
2522 225 -10166
2523 297 -10078
2524 265 -10094
2525 153 -10150
2526 97 -10362
2527 63 -10282
2528 131 -10226
2529 -169 -10170
2530 -227 -10450
2531 -143 -10670
2532 -181 -10542
2533 -15 -10658
2534 -75 -10502
2535 -1 -10418
2536 9 -10274
2537 37 -10546
2538 -1 -10674
2539 -3 -10766
2540 -217 -10706
2541 -227 -10630
2542 -137 -10810
2543 -177 -10842
2544 -63 -10634
2545 -149 -10614
2546 -123 -10694
2547 -209 -10794
2548 -95 -10722
2549 -47 -10822
2550 -131 -10838
2551 -147 -10702
2552 -339 -10398
2553 -429 -10574
2554 -615 -10734
2555 -411 -10646
2556 -391 -10774
2557 -325 -10682
2558 -173 -10790
2559 -225 -10590
2560 -269 -10538
2561 -153 -10502
2562 -223 -10338
2563 -197 -10418
2564 -217 -10458
2565 -395 -10270
2566 -429 -10282
2567 -341 -10370
2568 -229 -10610
2569 -41 -10470
2570 -131 -10422
2571 -295 -10150
2572 -253 -10490
2573 25 -10422
2574 -113 -10550
2575 -77 -10590
2576 -207 -10418
2577 -403 -10542
2578 -521 -10442
2579 -791 -10422
2580 -607 -10454
2581 -667 -10226
2582 -605 -10238
2583 -685 -10502
2584 -579 -10642
2585 -757 -10590
2586 -877 -10606
2587 -749 -10978
2588 -613 -10518
2589 -503 -10706
2590 -579 -10778
2591 -651 -10722
2592 -687 -10602
2593 -625 -10586
2594 -515 -10446
2595 -587 -10526
2596 -587 -10722
2597 -407 -10610
2598 -401 -10574
2599 -389 -10418
2600 -257 -10590
2601 -215 -10482
2602 -429 -10710
2603 -467 -10734
2604 -365 -10822
2605 -227 -10678
2606 -277 -10698
2607 -291 -10618
2608 -177 -10390
2609 -159 -10294
2610 -177 -10494
2611 -105 -10518
2612 87 -10378
2613 133 -10382
2614 201 -10374
2615 185 -10518
2616 103 -10766
2617 -47 -10742
2618 -189 -10590
2619 -99 -10274
2620 63 -10562
2621 83 -10530
2622 -39 -10502
2623 187 -10470
2624 223 -10470
2625 99 -10474
2626 31 -10574
2627 25 -10490
2628 -51 -10482
2629 -43 -10358
2630 -113 -10450
2631 -155 -10362
2632 -33 -10254
2633 -117 -10526
2634 -301 -10486
2635 -393 -10582
2636 -551 -10662
2637 -363 -10678
2638 -423 -10838
2639 -535 -10770
2640 -533 -10714
2641 -563 -10286
2642 -449 -10298
2643 -487 -10630
2644 -575 -10682
2645 -323 -10490
2646 -147 -10402
2647 9 -10234
2648 39 -10318
2649 -67 -10370
2650 -129 -10506
2651 -401 -10354
2652 -321 -10346
2653 -515 -10282
2654 -457 -10418
2655 -303 -10606
2656 -195 -10786
2657 -255 -10618
2658 -57 -10678
2659 -43 -10794
2660 -7 -11102
2661 -155 -11122
2662 -219 -10718
2663 -93 -11022
2664 5 -10814
2665 -63 -10666
2666 -149 -10658
2667 -37 -10822
2668 -93 -10858
2669 -45 -10802
2670 7 -10682
2671 -1 -10742
2672 -93 -10858
2673 -299 -10854
2674 -307 -10738
2675 -217 -10866
2676 -401 -10678
2677 -339 -10678
2678 -243 -10714
2679 -163 -11090
2680 -37 -11106
2681 -75 -10722
2682 -115 -10722
2683 -97 -10706
2684 -73 -10870
2685 -159 -10734
2686 -217 -10606
2687 -109 -10578
2688 -199 -10506
2689 -297 -10522
2690 -239 -10386
2691 -173 -10670
2692 -313 -10906
2693 -307 -10986
2694 -421 -10922
2695 -325 -10494
2696 -337 -10534
2697 -329 -10262
2698 -635 -10202
2699 -751 -10350
2700 -657 -10418
2701 -709 -10650
2702 -541 -10542
2703 -689 -10410
2704 -727 -10414
2705 -641 -10366
2706 -793 -10382
2707 -927 -10410
2708 -763 -10578
2709 -737 -10462
2710 -751 -10378
2711 -687 -10050
2712 -611 -10374
2713 -535 -10182
2714 -441 -10154
2715 -343 -10250
2716 -331 -10730
2717 -327 -10758
2718 -223 -10622
2719 -347 -10450
2720 -273 -10434
2721 -197 -10518
2722 -69 -10302
2723 -41 -10390
2724 37 -10170
2725 -81 -10430
2726 -1 -10642
2727 -135 -10370
2728 -55 -10234
2729 -125 -10218
2730 -117 -10258
2731 85 -10498
2732 201 -10386
2733 235 -10498
2734 353 -10186
2735 153 -9950
2736 185 -10158
2737 255 -10186
2738 201 -10566
2739 257 -10258
2740 183 -10210
2741 37 -10250
2742 99 -10478
2743 -27 -10562
2744 231 -10678
2745 219 -10806
2746 171 -10530
2747 335 -10314
2748 461 -10686
2749 511 -10534
2750 625 -10626
2751 605 -10694
2752 549 -10486
2753 585 -10618
2754 607 -10454
2755 835 -10518
2756 555 -10630
2757 581 -10610
2758 637 -10722
2759 717 -10554
2760 731 -10590
2761 571 -10706
2762 805 -10374
2763 787 -10410
2764 977 -10454
2765 1083 -10662
2766 1077 -10486
2767 1221 -10406
2768 1103 -10426
2769 1015 -10330
2770 1017 -10246
2771 935 -10226
2772 1043 -10302
2773 1159 -10126
2774 1221 -10302
2775 1341 -10334
2776 1321 -10418
2777 1219 -10694
2778 1341 -10830
2779 1579 -10658
2780 1573 -10586
2781 1553 -10570
2782 1573 -10682
2783 1613 -10730
2784 1781 -10770
2785 1545 -10822
2786 1605 -10734
2787 1343 -10562
2788 1149 -10418
2789 1213 -10310
2790 1401 -10250
2791 1279 -10350
2792 1427 -10426
2793 1327 -10798
2794 1357 -10630
2795 1201 -10658
2796 1299 -10750
2797 1335 -10886
2798 1215 -10750
2799 955 -10778
2800 1059 -11038
2801 1125 -11150
2802 977 -10990
2803 1021 -10774
2804 1113 -10714
2805 1147 -10814
2806 1205 -10842
2807 1069 -10890
2808 1073 -10706
2809 909 -10746
2810 725 -10658
2811 633 -10662
2812 571 -10538
2813 313 -10522
2814 401 -10510
2815 317 -10226
2816 457 -10486
2817 565 -10526
2818 675 -10438
2819 567 -10414
2820 347 -10418
2821 331 -10438
2822 297 -10414
2823 175 -10546
2824 113 -10610
2825 67 -10434
2826 -15 -10510
2827 -57 -10602
2828 -65 -10542
2829 -5 -10526
2830 107 -10710
2831 249 -10910
2832 213 -10794
2833 189 -10606
2834 5 -10806
2835 -13 -10550
2836 -247 -10522
2837 -191 -10638
2838 -127 -10382
2839 -101 -10630
2840 -205 -10630
2841 -237 -10406
2842 -33 -10306
2843 117 -10342
2844 163 -10142
2845 261 -10382
2846 223 -10418
2847 175 -10414
2848 85 -10522
2849 69 -10482
2850 -1 -10306
2851 -75 -10350
2852 -45 -10242
2853 -45 -10238
2854 121 -10074
2855 77 -10314
2856 83 -10270
2857 17 -10622
2858 -165 -10502
2859 -265 -10334
2860 -233 -10386
2861 -85 -10374
2862 -39 -10214
2863 9 -10374
2864 -121 -10650
2865 123 -10706
2866 13 -10486
2867 31 -10522
2868 101 -10494
2869 163 -10838
2870 387 -10542
2871 435 -10914
2872 421 -10790
2873 459 -10714
2874 585 -10718
2875 653 -10682
2876 671 -10790
2877 651 -10674
2878 715 -10782
2879 713 -10718
2880 701 -10582
2881 695 -10658
2882 601 -10642
2883 565 -10470
2884 649 -10642
2885 747 -10514
2886 863 -10634
2887 713 -10518
2888 773 -10266
2889 1001 -10342
2890 1167 -10466
2891 1177 -10330
2892 1071 -10350
2893 1013 -10310
2894 1127 -10526
2895 1069 -10498
2896 1127 -10654
2897 1151 -10486
2898 1173 -10574
2899 1101 -10626
2900 1051 -10442
2901 1239 -10554
2902 1259 -10534
2903 1207 -10378
2904 1057 -10210
2905 1127 -10478
2906 1035 -10602
2907 1013 -10678
2908 917 -10866
2909 901 -10554
2910 775 -10390
2911 579 -10434
2912 497 -10630
2913 389 -10614
2914 489 -10310
2915 373 -10562
2916 235 -10578
2917 51 -10766
2918 195 -10706
2919 155 -10798
2920 129 -10682
2921 295 -10710
2922 229 -10474
2923 263 -10542
2924 229 -10682
2925 189 -10562
2926 53 -10442
2927 63 -10710
2928 65 -10594
2929 -63 -10510
2930 31 -10462
2931 -21 -10306
2932 -27 -10238
2933 -193 -10090
2934 -17 -10338
2935 -101 -10338
2936 -115 -10442
2937 -139 -10618
2938 -189 -10794
2939 -191 -10830
2940 -105 -10654
2941 -81 -10426
2942 191 -10510
2943 135 -11006
2944 81 -11234
2945 83 -10926
2946 273 -10954
2947 267 -11082
2948 153 -10930
2949 9 -10742
2950 -99 -10730
2951 -65 -11002
2952 -77 -10806
2953 49 -10974
2954 49 -11058
2955 -1 -10722
2956 -273 -10746
2957 -175 -10906
2958 -55 -10846
2959 159 -10986
2960 99 -10862
2961 201 -10602
2962 231 -10286
2963 343 -10482
2964 443 -10706
2965 209 -10686
2966 311 -10750
2967 445 -10778
2968 579 -10478
2969 527 -10354
2970 449 -10238
2971 449 -10174
2972 287 -10102
2973 187 -10230
2974 115 -10342
2975 93 -10330
2976 267 -10430
2977 289 -10350
2978 331 -10274
2979 447 -10294
2980 495 -10670
2981 393 -10578
2982 645 -10494
2983 605 -10258
2984 533 -10202
2985 309 -10370
2986 401 -10394
2987 465 -10502
2988 439 -10414
2989 545 -10494
2990 511 -10302
2991 737 -10226
2992 569 -10178
2993 385 -10406
2994 631 -10534
2995 615 -10554
2996 443 -10578
2997 325 -10334
2998 415 -10114
2999 533 -10182
3000 509 -9966
3001 403 -9998
3002 249 -10266
3003 201 -10254
3004 213 -10122
3005 369 -10330
3006 407 -10206
3007 521 -10230
3008 511 -10334
3009 517 -10178
3010 577 -10342
3011 747 -10394
3012 795 -10442
3013 549 -10330
3014 619 -10386
3015 611 -10282
3016 663 -10122
3017 549 -10246
3018 439 -10222
3019 499 -10502
3020 471 -10766
3021 699 -10794
3022 859 -10950
3023 1073 -10994
3024 1037 -10746
3025 1075 -10514
3026 985 -10446
3027 1043 -10430
3028 873 -10514
3029 807 -10490
3030 629 -10546
3031 409 -10454
3032 173 -10422
3033 261 -10574
3034 385 -10350
3035 367 -10606
3036 287 -10566
3037 153 -10438
3038 217 -10374
3039 227 -10506
3040 99 -10366
3041 -103 -10082
3042 155 -10374
3043 187 -10390
3044 69 -10322
3045 211 -10518
3046 165 -10326
3047 321 -10486
3048 277 -10462
3049 255 -10782
3050 245 -10546
3051 171 -10542
3052 147 -10270
3053 253 -10458
3054 247 -10622
3055 107 -10758
3056 195 -10726
3057 349 -10758
3058 421 -10782
3059 285 -10746
3060 507 -10798
3061 607 -10502
3062 609 -10414
3063 275 -10430
3064 353 -10486
3065 351 -10454
3066 407 -10586
3067 183 -10334
3068 303 -10418
3069 215 -10314
3070 315 -10238
3071 393 -10706
3072 341 -10850
3073 371 -10666
3074 277 -10838
3075 267 -10666
3076 323 -10610
3077 415 -10874
3078 335 -11082
3079 311 -10938
3080 411 -10518
3081 457 -10534
3082 639 -10570
3083 765 -10590
3084 499 -10306
3085 285 -10302
3086 341 -10746
3087 277 -10310
3088 433 -10518
3089 599 -10638
3090 599 -10598
3091 643 -10290
3092 441 -10274
3093 427 -10690
3094 479 -10454
3095 443 -10454
3096 493 -10246
3097 509 -10246
3098 563 -10294
3099 685 -10310
3100 821 -10442
3101 781 -10514
3102 849 -10350
3103 673 -10230
3104 543 -10366
3105 689 -10434
3106 769 -10358
3107 837 -10294
3108 1005 -10414
3109 1071 -10290
3110 991 -10330
3111 947 -10326
3112 1109 -10410
3113 937 -10498
3114 993 -10478
3115 873 -10506
3116 919 -10534
3117 779 -10762
3118 645 -10702
3119 819 -10878
3120 703 -10754
3121 693 -10534
3122 663 -10446
3123 637 -10366
3124 651 -10390
3125 539 -10614
3126 483 -10778
3127 515 -10678
3128 431 -10498
3129 303 -10554
3130 371 -10526
3131 335 -10782
3132 317 -10750
3133 397 -10998
3134 371 -10622
3135 491 -10802
3136 511 -11046
3137 421 -10950
3138 311 -10442
3139 259 -10594
3140 261 -10354
3141 231 -10466
3142 419 -10574
3143 413 -10554
3144 325 -10654
3145 337 -10466
3146 397 -10514
3147 319 -10578
3148 353 -10706
3149 241 -10622
3150 -75 -10894
3151 91 -10558
3152 243 -10674
3153 217 -10870
3154 75 -10350
3155 -83 -10330
3156 1 -10214
3157 -241 -10414
3158 -205 -10566
3159 -277 -10378
3160 -257 -10290
3161 -169 -10262
3162 -241 -10410
3163 -225 -10342
3164 -217 -10558
3165 -543 -10486
3166 -531 -10514
3167 -723 -10470
3168 -623 -10406
3169 -797 -10718
3170 -683 -10682
3171 -671 -10902
3172 -697 -10806
3173 -799 -10942
3174 -657 -10890
3175 -567 -10738
3176 -449 -10390
3177 -421 -10458
3178 -405 -10434
3179 -433 -10178
3180 -513 -10242
3181 -415 -10346
3182 -399 -10354
3183 -449 -10202
3184 -521 -10586
3185 -715 -10818
3186 -867 -10726
3187 -935 -10414
3188 -971 -10502
3189 -855 -10306
3190 -853 -10202
3191 -687 -10330
3192 -771 -9982
3193 -679 -10274
3194 -787 -10666
3195 -689 -10514
3196 -673 -10406
3197 -603 -10362
3198 -629 -10370
3199 -641 -10306
3200 -669 -10346
3201 -351 -10498
3202 -431 -10638
3203 -571 -10674
3204 -499 -10618
3205 -473 -10346
3206 -379 -10562
3207 -301 -10682
3208 -281 -10634
3209 -215 -10430
3210 -213 -10330
3211 -53 -10354
3212 23 -10226
3213 -15 -10334
3214 -101 -10470
3215 -265 -10270
3216 -325 -10214
3217 -167 -10454
3218 39 -10438
3219 -3 -10374
3220 147 -10526
3221 -87 -10842
3222 -77 -10702
3223 -153 -10650
3224 -301 -10562
3225 -355 -10502
3226 -51 -10354
3227 -3 -10478
3228 -1 -10542
3229 -175 -10698
3230 -131 -10770
3231 -141 -10622
3232 -213 -10454
3233 -111 -10314
3234 -197 -10486
3235 -337 -10458
3236 -377 -10550
3237 -417 -10578
3238 -495 -10610
3239 -427 -10622
3240 -567 -10486
3241 -465 -10598
3242 -663 -10790
3243 -667 -10926
3244 -585 -10826
3245 -459 -10658
3246 -529 -10490
3247 -573 -10670
3248 -471 -10518
3249 -565 -10902
3250 -443 -10730
3251 -243 -10530
3252 -247 -10570
3253 -77 -10806
3254 -203 -10710
3255 -275 -10966
3256 -79 -10794
3257 -219 -10654
3258 -225 -10486
3259 -205 -10462
3260 -181 -10582
3261 -93 -10738
3262 -111 -10626
3263 -129 -10918
3264 -171 -10502
3265 -101 -10670
3266 -133 -11046
3267 -111 -10858
3268 57 -10410
3269 75 -10462
3270 -149 -10510
3271 -131 -10666
3272 -75 -10758
3273 -87 -10670
3274 21 -10354
3275 -145 -10462
3276 63 -10466
3277 3 -10314
3278 -111 -10666
3279 -85 -10974
3280 -107 -10998
3281 61 -10966
3282 -19 -11002
3283 -147 -10870
3284 -193 -10354
3285 -303 -10538
3286 -361 -10890
3287 -433 -10722
3288 -455 -10950
3289 -585 -10830
3290 -577 -10554
3291 -647 -10554
3292 -539 -10390
3293 -543 -10118
3294 -695 -10170
3295 -555 -9926
3296 -493 -10138
3297 -605 -10222
3298 -471 -10262
3299 -835 -10454
3300 -799 -10538
3301 -911 -10362
3302 -885 -10506
3303 -759 -10574
3304 -877 -10382
3305 -883 -10322
3306 -1091 -10570
3307 -1213 -10314
3308 -1217 -10462
3309 -1075 -10622
3310 -917 -10754
3311 -983 -10378
3312 -1001 -10382
3313 -955 -10298
3314 -749 -10386
3315 -837 -10614
3316 -823 -10730
3317 -591 -10606
3318 -609 -10382
3319 -415 -10222
3320 -145 -10514
3321 -101 -10502
3322 -233 -10810
3323 -103 -10382
3324 -57 -10310
3325 -201 -10406
3326 -59 -10318
3327 -167 -10214
3328 -411 -10470
3329 -363 -10658
3330 -279 -10654
3331 -551 -10822
3332 -467 -10354
3333 -555 -10362
3334 -597 -10302
3335 -527 -10158
3336 -611 -10090
3337 -589 -10138
3338 -687 -10206
3339 -635 -10430
3340 -571 -10586
3341 -725 -10734
3342 -885 -10658
3343 -779 -10534
3344 -835 -10694
3345 -747 -10566
3346 -521 -10450
3347 -329 -10314
3348 -475 -10250
3349 -403 -10230
3350 -309 -10318
3351 -433 -10458
3352 -483 -10430
3353 -301 -10386
3354 -215 -10282
3355 -221 -10294
3356 -361 -10458
3357 -131 -10342
3358 -235 -10334
3359 -179 -10414
3360 -177 -10326
3361 -169 -10254
3362 -83 -10462
3363 -287 -10758
3364 -531 -10982
3365 -545 -10906
3366 -493 -10750
3367 -387 -10586
3368 -465 -10502
3369 -531 -10502
3370 -681 -10810
3371 -639 -10442
3372 -717 -10458
3373 -607 -10370
3374 -729 -10622
3375 -661 -10414
3376 -597 -10494
3377 -539 -10850
3378 -477 -10786
3379 -389 -10334
3380 -457 -10766
3381 -131 -10982
3382 129 -10578
3383 69 -11090
3384 -3 -11334
3385 75 -11090
3386 43 -11026
3387 -47 -10822
3388 51 -10506
3389 97 -10530
3390 231 -10654
3391 249 -10574
3392 263 -10434
3393 341 -10626
3394 169 -10478
3395 181 -10462
3396 147 -10322
3397 79 -10346
3398 59 -10322
3399 -95 -10454
3400 -253 -10246
3401 -477 -10162
3402 -271 -10370
3403 -293 -10438
3404 -537 -10490
3405 -641 -10522
3406 -599 -10542
3407 -555 -10698
3408 -343 -10522
3409 -187 -10278
3410 -193 -10646
3411 -115 -10634
3412 -235 -10590
3413 -181 -10326
3414 -281 -10786
3415 -433 -10498
3416 -357 -10630
3417 -263 -10650
3418 -161 -10298
3419 -65 -10478
3420 89 -10362
3421 -29 -10326
3422 131 -10554
3423 109 -10482
3424 3 -10590
3425 19 -10822
3426 111 -10522
3427 43 -10606
3428 95 -10474
3429 369 -10634
3430 421 -10722
3431 437 -10538
3432 381 -10534
3433 333 -10902
3434 343 -10574
3435 249 -10678
3436 339 -10362
3437 427 -10594
3438 389 -10658
3439 381 -10638
3440 561 -10774
3441 587 -10718
3442 481 -10618
3443 401 -10654
3444 427 -10574
3445 639 -10466
3446 543 -10482
3447 487 -10770
3448 511 -10602
3449 559 -10726
3450 483 -10722
3451 527 -10838
3452 431 -10438
3453 441 -10422
3454 399 -10202
3455 719 -10594
3456 995 -10466
3457 907 -10226
3458 961 -10278
3459 853 -10534
3460 691 -10502
3461 559 -10370
3462 647 -10330
3463 693 -10502
3464 599 -10486
3465 519 -10522
3466 573 -10578
3467 393 -10690
3468 353 -10762
3469 173 -10558
3470 13 -10538
3471 -73 -10738
3472 -123 -10606
3473 -109 -10558
3474 -401 -10402
3475 -311 -10538
3476 -185 -10414
3477 -303 -10622
3478 -177 -10526
3479 -157 -9958
3480 -65 -10194
3481 5 -10194
3482 121 -10166
3483 27 -10266
3484 53 -10590
3485 37 -10310
3486 159 -10742
3487 -29 -10890
3488 23 -10818
3489 93 -10478
3490 115 -10226
3491 97 -10814
3492 63 -10782
3493 133 -10602
3494 259 -10554
3495 251 -10406
3496 155 -10466
3497 185 -10490
3498 89 -10482
3499 99 -10322
3500 123 -10230
3501 141 -10286
3502 233 -10566
3503 117 -10814
3504 131 -11042
3505 225 -10938
3506 347 -10650
3507 147 -10570
3508 25 -10522
3509 73 -10742
3510 -13 -10422
3511 73 -10438
3512 61 -10614
3513 107 -10650
3514 305 -10790
3515 415 -10526
3516 421 -10386
3517 487 -10178
3518 469 -10302
3519 363 -10430
3520 297 -10406
3521 275 -10242
3522 251 -10410
3523 221 -10398
3524 311 -10198
3525 303 -10274
3526 313 -10594
3527 531 -10722
3528 593 -10678
3529 647 -10674
3530 701 -10578
3531 629 -10546
3532 669 -10362
3533 633 -10574
3534 587 -10566
3535 663 -10430
3536 633 -10558
3537 611 -10582
3538 429 -10598
3539 533 -10738
3540 533 -10910
3541 569 -10674
3542 587 -10510
3543 493 -10518
3544 513 -10362
3545 475 -10482
3546 419 -10362
3547 541 -10462
3548 511 -10378
3549 653 -10066
3550 605 -10102
3551 765 -10438
3552 651 -10510
3553 429 -10326
3554 409 -10790
3555 483 -10486
3556 441 -10490
3557 623 -10522
3558 795 -10418
3559 901 -10478
3560 803 -10498
3561 857 -10710
3562 785 -10338
3563 477 -10254
3564 261 -10206
3565 439 -10366
3566 345 -10254
3567 213 -10118
3568 333 -10238
3569 301 -10458
3570 279 -10470
3571 355 -10458
3572 389 -10310
3573 309 -10318
3574 205 -10430
3575 85 -10326
3576 159 -10262
3577 121 -10350
3578 5 -10186
3579 -7 -10258
3580 -107 -10374
3581 -69 -10530
3582 -31 -10530
3583 63 -10374
3584 17 -10334
3585 -125 -10462
3586 -11 -10526
3587 37 -10226
3588 -73 -10318
3589 -7 -10322
3590 -49 -10338
3591 -85 -10698
3592 -33 -10886
3593 -107 -10738
3594 -171 -10850
3595 -251 -10822
3596 -201 -10786
3597 -299 -10334
3598 -125 -10558
3599 -43 -10634
3600 203 -10558
3601 385 -10590
3602 305 -10598
3603 389 -10790
3604 329 -10670
3605 285 -10778
3606 223 -10686
3607 153 -10802
3608 33 -10970
3609 49 -10830
3610 261 -11030
3611 69 -10914
3612 55 -10722
3613 165 -10902
3614 147 -11022
3615 133 -11078
3616 -175 -10826
3617 -113 -10482
3618 -95 -10574
3619 -137 -10714
3620 -259 -10502
3621 -267 -10334
3622 -379 -10562
3623 -403 -10894
3624 -443 -10702
3625 -523 -10654
3626 -693 -10770
3627 -581 -10598
3628 -699 -10618
3629 -357 -10626
3630 -285 -10522
3631 -341 -10686
3632 -129 -10598
3633 -303 -10486
3634 -159 -10682
3635 -133 -10626
3636 -137 -10506
3637 -199 -10414
3638 -275 -10562
3639 -1 -10522
3640 57 -10578
3641 137 -10626
3642 -29 -10578
3643 -97 -10218
3644 -329 -10606
3645 -229 -10494
3646 -179 -10398
3647 -179 -10262
3648 -61 -10550
3649 1 -10426
3650 -31 -10422
3651 153 -10398
3652 257 -10718
3653 267 -10298
3654 113 -10830
3655 93 -10898
3656 111 -11306
3657 237 -11094
3658 223 -10898
3659 103 -10654
3660 215 -10846
3661 225 -10610
3662 543 -10574
3663 401 -10626
3664 273 -10638
3665 133 -10682
3666 65 -10414
3667 267 -10390
3668 35 -10334
3669 129 -10658
3670 273 -10630
3671 269 -10458
3672 299 -10582
3673 225 -10674
3674 393 -10650
3675 123 -10494
3676 97 -10534
3677 -21 -10590
3678 -5 -10382
3679 15 -10282
3680 -91 -10362
3681 -137 -10486
3682 15 -10510
3683 -41 -10974
3684 -161 -10682
3685 -137 -10574
3686 -109 -10450
3687 -23 -10522
3688 81 -10406
3689 129 -10470
3690 125 -10586
3691 149 -10730
3692 109 -10534
3693 -91 -10566
3694 -89 -10318
3695 -117 -10362
3696 -105 -10422
3697 -65 -10478
3698 -51 -10634
3699 33 -10502
3700 -105 -10562
3701 21 -10582
3702 -15 -10742
3703 1 -10562
3704 -19 -10586
3705 1 -10662
3706 59 -10290
3707 -37 -10438
3708 99 -10494
3709 163 -10386
3710 213 -10254
3711 363 -10398
3712 313 -10586
3713 471 -10634
3714 469 -10534
3715 327 -10586
3716 275 -10722
3717 339 -10582
3718 95 -10510
3719 41 -10590
3720 43 -10422
3721 277 -10278
3722 357 -10422
3723 411 -10530
3724 589 -10614
3725 615 -10598
3726 637 -10586
3727 719 -10482
3728 727 -10670
3729 753 -10558
3730 553 -10230
3731 687 -10366
3732 685 -10330
3733 573 -10422
3734 691 -10354
3735 827 -10314
3736 825 -10430
3737 547 -10546
3738 479 -10342
3739 439 -10590
3740 535 -10570
3741 475 -10474
3742 569 -10470
3743 509 -10342
3744 429 -10478
3745 391 -10694
3746 525 -10626
3747 573 -10666
3748 539 -10490
3749 611 -10474
3750 721 -10522
3751 645 -10518
3752 779 -10470
3753 669 -10538
3754 599 -10890
3755 497 -10510
3756 529 -10834
3757 147 -10630
3758 157 -10450
3759 85 -10318
3760 -157 -10270
3761 -301 -10378
3762 -513 -10166
3763 -515 -10258
3764 -157 -10086
3765 -337 -10426
3766 -207 -10166
3767 -267 -10178
3768 -527 -10578
3769 -613 -10498
3770 -807 -10678
3771 -795 -10770
3772 -659 -10890
3773 -517 -10722
3774 -761 -10754
3775 -797 -10974
3776 -665 -10710
3777 -791 -10802
3778 -861 -10490
3779 -955 -10654
3780 -977 -10606
3781 -1041 -10782
3782 -901 -10886
3783 -825 -10654
3784 -853 -10382
3785 -865 -10550
3786 -783 -10518
3787 -841 -10654
3788 -1159 -10878
3789 -1161 -10510
3790 -1085 -10738
3791 -1171 -10702
3792 -1195 -10998
3793 -1179 -10670
3794 -1251 -10710
3795 -1147 -10814
3796 -1127 -10510
3797 -1201 -10722
3798 -1239 -10790
3799 -1139 -10654
3800 -1041 -10746
3801 -1109 -10698
3802 -1007 -10682
3803 -961 -10510
3804 -877 -10826
3805 -895 -10650
3806 -739 -10674
3807 -923 -10718
3808 -881 -10806
3809 -1041 -10754
3810 -919 -10742
3811 -837 -10722
3812 -995 -10702
3813 -1141 -10738
3814 -1219 -10742
3815 -1331 -10906
3816 -1487 -10842
3817 -1617 -10726
3818 -1727 -10646
3819 -1701 -10642
3820 -1625 -10518
3821 -1723 -10642
3822 -1705 -10722
3823 -1739 -10574
3824 -1945 -10610
3825 -1915 -10466
3826 -1791 -10274
3827 -1963 -10290
3828 -1917 -10494
3829 -1821 -10526
3830 -1777 -10506
3831 -1809 -10646
3832 -1929 -10710
3833 -1697 -10978
3834 -1635 -10794
3835 -1715 -10826
3836 -1611 -10686
3837 -1467 -10870
3838 -1507 -11086
3839 -1503 -11098
3840 -1361 -11074
3841 -1531 -10770
3842 -1289 -10706
3843 -1271 -10546
3844 -1267 -10854
3845 -1357 -10586
3846 -1361 -10594
3847 -1313 -10798
3848 -1283 -10814
3849 -1103 -10302
3850 -1071 -10390
3851 -1021 -10578
3852 -1027 -10502
3853 -1119 -10470
3854 -1281 -10546
3855 -1207 -10558
3856 -1343 -10622
3857 -1151 -10690
3858 -1233 -10674
3859 -1091 -10678
3860 -983 -10542
3861 -1137 -10766
3862 -1111 -10790
3863 -1081 -10818
3864 -1121 -10902
3865 -1239 -10878
3866 -1223 -11134
3867 -1267 -11166
3868 -1133 -10894
3869 -1185 -11190
3870 -1091 -11198
3871 -975 -11018
3872 -989 -10794
3873 -819 -10618
3874 -739 -10626
3875 -757 -10478
3876 -729 -10570
3877 -881 -10674
3878 -773 -10838
3879 -727 -10826
3880 -863 -10658
3881 -739 -10802
3882 -681 -10622
3883 -763 -10578
3884 -679 -10450
3885 -593 -10514
3886 -333 -10202
3887 -617 -10198
3888 -477 -10334
3889 -697 -10338
3890 -707 -10530
3891 -707 -10498
3892 -623 -10598
3893 -521 -10526
3894 -543 -10606
3895 -831 -10738
3896 -705 -10758
3897 -657 -10474
3898 -687 -10746
3899 -585 -10746
3900 -659 -10738
3901 -689 -10850
3902 -639 -10942
3903 -623 -10778
3904 -657 -10734
3905 -729 -10474
3906 -943 -10486
3907 -835 -10662
3908 -999 -10774
3909 -981 -10754
3910 -693 -10402
3911 -893 -10430
3912 -821 -10434
3913 -591 -10550
3914 -747 -10634
3915 -689 -10622
3916 -695 -10518
3917 -845 -10678
3918 -1003 -10494
3919 -1037 -10550
3920 -1187 -10362
3921 -1249 -10370
3922 -1183 -10618
3923 -1095 -10670
3924 -1107 -10754
3925 -945 -10690
3926 -907 -10314
3927 -865 -10490
3928 -681 -10314
3929 -781 -10490
3930 -483 -10810
3931 -389 -10666
3932 -231 -10810
3933 -103 -10682
3934 -41 -10762
3935 -65 -10718
3936 -155 -10654
3937 17 -10566
3938 177 -10630
3939 185 -10862
3940 221 -10502
3941 275 -10270
3942 423 -10322
3943 249 -10390
3944 247 -10434
3945 347 -10538
3946 325 -10554
3947 327 -10418
3948 283 -10902
3949 185 -10962
3950 235 -10906
3951 249 -10970
3952 215 -10926
3953 133 -10870
3954 255 -10862
3955 119 -10894
3956 115 -10854
3957 175 -10522
3958 27 -10546
3959 -39 -10546
3960 189 -10534
3961 161 -10326
3962 259 -10254
3963 333 -10162
3964 41 -10286
3965 143 -10514
3966 247 -10710
3967 355 -10450
3968 271 -10482
3969 321 -10470
3970 455 -10666
3971 491 -10262
3972 657 -10110
3973 589 -10390
3974 435 -10326
3975 289 -10334
3976 187 -10582
3977 123 -10590
3978 317 -10582
3979 429 -10662
3980 337 -10314
3981 315 -10366
3982 209 -10550
3983 15 -10366
3984 189 -10634
3985 365 -10510
3986 431 -10306
3987 403 -10550
3988 321 -10446
3989 311 -10590
3990 669 -10670
3991 519 -10550
3992 465 -10298
3993 367 -10322
3994 449 -10394
3995 333 -10606
3996 297 -10546
3997 437 -10470
3998 651 -10578
3999 709 -10618
4000 587 -10462
4001 621 -10286
4002 555 -10342
4003 599 -10466
4004 693 -10374
4005 775 -10378
4006 831 -10498
4007 997 -10558
4008 1135 -10378
4009 1111 -10546
4010 1141 -10650
4011 1121 -10350
4012 1221 -10486
4013 1155 -10294
4014 1053 -10238
4015 1283 -10122
4016 1265 -10374
4017 1195 -10362
4018 1245 -10310
4019 1233 -10082
4020 1201 -10162
4021 1187 -10370
4022 1239 -10466
4023 1331 -10522
4024 1287 -10578
4025 1309 -10534
4026 1127 -10570
4027 1277 -10378
4028 1441 -10302
4029 1501 -10470
4030 1433 -10570
4031 1461 -10602
4032 1475 -10342
4033 1387 -10634
4034 1211 -10710
4035 1199 -10630
4036 1035 -10818
4037 1059 -10894
4038 1185 -10914
4039 1155 -10878
4040 1057 -10858
4041 997 -10990
4042 1113 -10782
4043 1111 -10702
4044 1023 -10758
4045 1033 -10878
4046 987 -10618
4047 1031 -10726
4048 983 -10618
4049 723 -10758
4050 721 -10442
4051 685 -10514
4052 817 -10230
4053 919 -10370
4054 1079 -10434
4055 913 -10310
4056 855 -10474
4057 889 -10358
4058 865 -10342
4059 943 -10406
4060 1031 -10634
4061 1015 -10486
4062 1147 -10470
4063 1147 -10490
4064 1163 -10582
4065 1297 -10414
4066 1231 -10634
4067 1367 -10490
4068 1381 -10426
4069 1479 -10650
4070 1467 -10746
4071 1329 -10402
4072 1213 -10338
4073 1381 -10402
4074 1603 -10846
4075 1509 -10590
4076 1485 -10502
4077 1253 -10034
4078 1263 -10310
4079 1121 -10546
4080 1195 -10718
4081 1177 -10678
4082 1247 -10962
4083 1061 -10642
4084 869 -10442
4085 851 -10462
4086 893 -10482
4087 885 -10518
4088 791 -10414
4089 743 -10526
4090 691 -10414
4091 759 -10650
4092 567 -10370
4093 641 -10626
4094 525 -10426
4095 301 -10402
4096 257 -9998
4097 425 -10506
4098 389 -10366
4099 471 -10394
4100 687 -10186
4101 503 -10218
4102 425 -10102
4103 317 -10194
4104 309 -9966
4105 213 -10042
4106 369 -10242
4107 195 -10170
4108 103 -10154
4109 -35 -10426
4110 -127 -10494
4111 -85 -10494
4112 -175 -10454
4113 -199 -10526
4114 -197 -10474
4115 -241 -10378
4116 -91 -10322
4117 -83 -10506
4118 -293 -10382
4119 -349 -10450
4120 -409 -10386
4121 -447 -10238
4122 -261 -10570
4123 -183 -10546
4124 -211 -10666
4125 1 -10814
4126 101 -10518
4127 -73 -10430
4128 125 -10358
4129 277 -10562
4130 129 -10706
4131 153 -10702
4132 99 -10322
4133 153 -10182
4134 223 -10590
4135 213 -10338
4136 295 -10622
4137 477 -10486
4138 435 -10614
4139 525 -10482
4140 399 -10546
4141 221 -10630
4142 245 -10538
4143 127 -10062
4144 37 -10374
4145 197 -10442
4146 159 -10466
4147 273 -10630
4148 303 -10454
4149 347 -10426
4150 245 -10346
4151 289 -10486
4152 479 -10814
4153 613 -10614
4154 605 -10474
4155 353 -10550
4156 317 -10366
4157 269 -10714
4158 287 -11034
4159 393 -10966
4160 371 -10934
4161 267 -10698
4162 69 -10466
4163 67 -10670
4164 -19 -10726
4165 -131 -10586
4166 -361 -10662
4167 -475 -10742
4168 -455 -10658
4169 -537 -10674
4170 -473 -10670
4171 -371 -10842
4172 -443 -10778
4173 -445 -10386
4174 -653 -10726
4175 -771 -10898
4176 -903 -11062
4177 -853 -10946
4178 -731 -10834
4179 -811 -10934
4180 -495 -10814
4181 -223 -10810
4182 -347 -10666
4183 -333 -10554
4184 -281 -10558
4185 -241 -10862
4186 -435 -10670
4187 -201 -10766
4188 -157 -10406
4189 187 -10346
4190 293 -10290
4191 343 -10310
4192 425 -10206
4193 215 -10170
4194 365 -10086
4195 443 -10026
4196 683 -10430
4197 683 -10222
4198 687 -10746
4199 589 -10430
4200 467 -10454
4201 669 -10818
4202 535 -10558
4203 395 -10146
4204 607 -10386
4205 565 -10306
4206 547 -10570
4207 439 -10346
4208 453 -10538
4209 569 -10618
4210 601 -10442
4211 489 -10298
4212 367 -10230
4213 569 -10394
4214 513 -10258
4215 539 -10186
4216 525 -10434
4217 431 -10646
4218 509 -10594
4219 563 -10622
4220 629 -10878
4221 477 -10822
4222 489 -10562
4223 375 -10666
4224 421 -10566
4225 373 -10542
4226 495 -10502
4227 553 -10818
4228 421 -10802
4229 451 -10598
4230 529 -10518
4231 393 -10638
4232 507 -10890
4233 499 -10778
4234 549 -10750
4235 627 -10430
4236 777 -10582
4237 593 -10670
4238 509 -10526
4239 387 -10710
4240 463 -10786
4241 591 -10550
4242 683 -10758
4243 637 -10590
4244 597 -10446
4245 277 -10306
4246 141 -10286
4247 315 -10238
4248 407 -10306
4249 399 -10338
4250 419 -10402
4251 497 -10430
4252 399 -10586
4253 349 -10538
4254 319 -10430
4255 325 -10382
4256 297 -10574
4257 123 -10574
4258 459 -10566
4259 549 -10606
4260 691 -10630
4261 503 -10606
4262 475 -10282
4263 481 -10558
4264 419 -10558
4265 287 -10642
4266 337 -10590
4267 137 -10542
4268 97 -10578
4269 25 -10562
4270 139 -10678
4271 107 -11042
4272 81 -11018
4273 -7 -10838
4274 -193 -10842
4275 -345 -10870
4276 -553 -10830
4277 -413 -10818
4278 -565 -10710
4279 -463 -10814
4280 -527 -10654
4281 -519 -10670
4282 -461 -10482
4283 -487 -10654
4284 -531 -10482
4285 -179 -10742
4286 -395 -10834
4287 -535 -11102
4288 -609 -10862
4289 -655 -10938
4290 -731 -10822
4291 -751 -10958
4292 -609 -10946
4293 -751 -10690
4294 -617 -10698
4295 -473 -10902
4296 -273 -10814
4297 -417 -10274
4298 -555 -10386
4299 -473 -10358
4300 -271 -10410
4301 -237 -10374
4302 -263 -10634
4303 -211 -10674
4304 -263 -10482
4305 -233 -10538
4306 -235 -10730
4307 -615 -10662
4308 -585 -10562
4309 -571 -10594
4310 -565 -10326
4311 -599 -10398
4312 -625 -10530
4313 -575 -10382
4314 -729 -10470
4315 -503 -10118
4316 -501 -10414
4317 -333 -10370
4318 -495 -10418
4319 -479 -10574
4320 -345 -10402
4321 -531 -10434
4322 -611 -10434
4323 -633 -10542
4324 -729 -10442
4325 -617 -10382
4326 -591 -9962
4327 -751 -10390
4328 -719 -10558
4329 -877 -10722
4330 -869 -10586
4331 -743 -10934
4332 -441 -10762
4333 -491 -11114
4334 -517 -10946
4335 -581 -10878
4336 -425 -10546
4337 -211 -10522
4338 -229 -10462
4339 -351 -10642
4340 -281 -10418
4341 -363 -10374
4342 -335 -10622
4343 -239 -10470
4344 -357 -10470
4345 -413 -10574
4346 -439 -10630
4347 -407 -10382
4348 -563 -10546
4349 -473 -10834
4350 -561 -10754
4351 -365 -10610
4352 -337 -10514
4353 -335 -10650
4354 -291 -10750
4355 -423 -10726
4356 -595 -10686
4357 -423 -10662
4358 -325 -11022
4359 -127 -10850
4360 11 -10882
4361 259 -11002
4362 449 -11018
4363 457 -11050
4364 371 -10746
4365 213 -10926
4366 319 -10958
4367 299 -10794
4368 109 -10610
4369 167 -10706
4370 355 -10910
4371 591 -10970
4372 571 -10794
4373 713 -10954
4374 857 -10814
4375 655 -10786
4376 757 -10914
4377 691 -10946
4378 709 -10766
4379 827 -10526
4380 939 -10278
4381 947 -10298
4382 787 -10494
4383 747 -10686
4384 677 -10334
4385 575 -10746
4386 545 -10566
4387 501 -10646
4388 279 -10554
4389 189 -10478
4390 119 -10478
4391 159 -10318
4392 -27 -10178
4393 83 -10226
4394 137 -10142
4395 155 -10254
4396 181 -10238
4397 241 -10434
4398 185 -10306
4399 367 -10106
4400 167 -10406
4401 353 -10306
4402 143 -10790
4403 405 -10854
4404 271 -11202
4405 287 -10998
4406 393 -10850
4407 449 -10630
4408 359 -10502
4409 593 -10202
4410 697 -10302
4411 661 -10234
4412 729 -10554
4413 763 -10394
4414 681 -10378
4415 647 -10378
4416 597 -10310
4417 565 -10370
4418 419 -10254
4419 473 -10034
4420 437 -9858
4421 515 -9950
4422 651 -10234
4423 675 -10594
4424 713 -10394
4425 731 -10582
4426 791 -10486
4427 881 -10418
4428 847 -10422
4429 1051 -10842
4430 851 -10762
4431 905 -10946
4432 1017 -10510
4433 775 -10638
4434 593 -10694
4435 461 -10586
4436 379 -10274
4437 393 -10346
4438 633 -10514
4439 557 -10102
4440 553 -10414
4441 371 -10350
4442 473 -10506
4443 157 -10466
4444 151 -10674
4445 147 -10694
4446 215 -10586
4447 227 -10262
4448 77 -10370
4449 339 -10394
4450 379 -10190
4451 279 -10338
4452 419 -10326
4453 135 -10338
4454 -21 -10446
4455 95 -10766
4456 125 -10534
4457 143 -10358
4458 227 -10610
4459 -73 -10670
4460 -13 -10506
4461 65 -10278
4462 125 -10438
4463 -55 -10442
4464 -149 -10394
4465 -145 -10550
4466 -289 -10498
4467 -387 -10570
4468 -375 -10658
4469 -339 -10990
4470 -145 -10882
4471 1 -10846
4472 153 -10726
4473 129 -10594
4474 -53 -10162
4475 99 -10138
4476 111 -10158
4477 343 -10226
4478 451 -10086
4479 483 -10246
4480 245 -10338
4481 183 -10006
4482 363 -10318
4483 473 -10390
4484 635 -10498
4485 615 -10606
4486 659 -10486
4487 573 -10206
4488 623 -10290
4489 545 -10306
4490 403 -10274
4491 435 -10438
4492 359 -10778
4493 457 -10598
4494 567 -10682
4495 657 -10410
4496 487 -10650
4497 455 -10970
4498 205 -10810
4499 345 -10550
4500 333 -10614
4501 285 -10346
4502 275 -10206
4503 293 -10282
4504 433 -10390
4505 623 -10498
4506 531 -10570
4507 427 -10726
4508 567 -10558
4509 805 -10410
4510 733 -10446
4511 835 -10662
4512 1047 -10698
4513 999 -10754
4514 969 -10534
4515 965 -10710
4516 1031 -10690
4517 897 -10686
4518 1113 -10862
4519 1013 -10662
4520 865 -10642
4521 1021 -10758
4522 891 -10594
4523 917 -10842
4524 977 -10550
4525 887 -10610
4526 819 -10882
4527 705 -10838
4528 667 -10758
4529 311 -10962
4530 321 -10622
4531 565 -10614
4532 601 -10514
4533 487 -10330
4534 629 -10734
4535 507 -10534
4536 543 -10330
4537 399 -10374
4538 391 -10406
4539 363 -10534
4540 369 -10554
4541 401 -10598
4542 409 -10862
4543 233 -10506
4544 119 -10678
4545 125 -10534
4546 211 -10678
4547 195 -10466
4548 -45 -10646
4549 59 -10530
4550 -27 -10466
4551 -263 -10334
4552 -165 -10434
4553 -197 -10442
4554 -289 -10458
4555 -385 -10274
4556 -505 -10350
4557 -415 -10518
4558 -599 -10682
4559 -543 -10570
4560 -711 -10210
4561 -683 -9974
4562 -699 -10506
4563 -599 -10190
4564 -707 -10122
4565 -787 -10150
4566 -923 -10074
4567 -749 -10334
4568 -691 -10222
4569 -699 -10418
4570 -857 -10426
4571 -705 -10162
4572 -891 -10438
4573 -1087 -10522
4574 -929 -10454
4575 -983 -10386
4576 -873 -10490
4577 -963 -10418
4578 -1125 -10514
4579 -1073 -10086
4580 -1005 -10382
4581 -1173 -10638
4582 -1109 -10298
4583 -1005 -10434
4584 -1119 -10442
4585 -1279 -10622
4586 -1287 -10818
4587 -1347 -10742
4588 -1471 -10798
4589 -1301 -10882
4590 -1163 -10762
4591 -983 -10694
4592 -1091 -10522
4593 -895 -10242
4594 -819 -10298
4595 -719 -10422
4596 -707 -10482
4597 -711 -10542
4598 -639 -10454
4599 -657 -10362
4600 -525 -10422
4601 -453 -10318
4602 -343 -10102
4603 -369 -10594
4604 -457 -10526
4605 -489 -10270
4606 -645 -10658
4607 -751 -10834
4608 -869 -10650
4609 -883 -10646
4610 -1071 -10626
4611 -1281 -10546
4612 -1137 -10434
4613 -1203 -10498
4614 -1269 -10306
4615 -1347 -10030
4616 -1457 -10062
4617 -1365 -9962
4618 -1109 -10242
4619 -979 -10286
4620 -913 -10266
4621 -907 -10218
4622 -841 -10366
4623 -1079 -10446
4624 -971 -10634
4625 -959 -10538
4626 -1033 -10518
4627 -1023 -10574
4628 -1049 -10770
4629 -1055 -10798
4630 -989 -10646
4631 -1085 -10314
4632 -831 -10586
4633 -947 -10562
4634 -1005 -10898
4635 -1091 -10562
4636 -1145 -10462
4637 -1189 -10594
4638 -1119 -10614
4639 -1197 -10606
4640 -1199 -10630
4641 -1099 -10398
4642 -1081 -10262
4643 -857 -10550
4644 -893 -10358
4645 -845 -10198
4646 -943 -10578
4647 -883 -10578
4648 -853 -10302
4649 -911 -10406
4650 -727 -10054
4651 -679 -10322
4652 -575 -10082
4653 -769 -10242
4654 -629 -10266
4655 -503 -10206
4656 -583 -10442
4657 -655 -10630
4658 -737 -10470
4659 -755 -10682
4660 -811 -10502
4661 -677 -10766
4662 -465 -10454
4663 -359 -10418
4664 -539 -10782
4665 -141 -10670
4666 -173 -10598
4667 159 -10466
4668 -63 -10722
4669 -221 -10494
4670 -165 -10770
4671 -249 -10526
4672 -59 -10494
4673 61 -10478
4674 39 -10594
4675 27 -10262
4676 -51 -10450
4677 -183 -10438
4678 -269 -10298
4679 -415 -10298
4680 -631 -10142
4681 -625 -10422
4682 -735 -10314
4683 -765 -10338
4684 -991 -10370
4685 -919 -10442
4686 -857 -10634
4687 -787 -10694
4688 -721 -10598
4689 -579 -10546
4690 -601 -10330
4691 -565 -10590
4692 -323 -10398
4693 -357 -10686
4694 -375 -10590
4695 -439 -10742
4696 -339 -10606
4697 -375 -10550
4698 -391 -10682
4699 -499 -10610
4700 -401 -10430
4701 -379 -10538
4702 -363 -10482
4703 -303 -10602
4704 -255 -10422
4705 -335 -10602
4706 -327 -10690
4707 -341 -10650
4708 -241 -10698
4709 -269 -10746
4710 -461 -10874
4711 -393 -10466
4712 -337 -10514
4713 -335 -10634
4714 -249 -10418
4715 -39 -10622
4716 -49 -10678
4717 -59 -11054
4718 9 -10778
4719 47 -10918
4720 -61 -10514
4721 -35 -10278
4722 81 -10570
4723 71 -10554
4724 65 -10682
4725 269 -10922
4726 223 -11018
4727 81 -10778
4728 -1 -10626
4729 5 -10822
4730 75 -10782
4731 27 -10722
4732 -115 -10726
4733 -275 -10814
4734 -215 -10634
4735 -217 -10546
4736 -131 -10726
4737 -251 -10330
4738 -105 -10446
4739 -267 -10354
4740 -477 -10346
4741 -351 -10354
4742 -271 -10618
4743 -149 -10478
4744 45 -10486
4745 -101 -10634
4746 -279 -10806
4747 -391 -10670
4748 -495 -10970
4749 -385 -10746
4750 -493 -10566
4751 -429 -10570
4752 -211 -10658
4753 -161 -10726
4754 25 -10694
4755 39 -10742
4756 233 -10806
4757 163 -10666
4758 113 -10638
4759 -25 -10654
4760 137 -10614
4761 41 -10670
4762 -111 -10842
4763 -161 -11090
4764 -69 -10510
4765 -221 -10578
4766 -287 -10374
4767 -199 -10502
4768 -255 -10478
4769 -89 -10474
4770 -51 -10374
4771 -137 -10602
4772 -229 -10578
4773 -447 -10134
4774 -499 -10146
4775 -459 -10214
4776 -519 -10198
4777 -531 -10362
4778 -407 -10266
4779 -323 -10530
4780 -299 -10386
4781 -327 -10370
4782 -209 -10282
4783 -45 -10606
4784 -37 -10522
4785 15 -10366
4786 -61 -10286
4787 15 -10246
4788 53 -10330
4789 -171 -10226
4790 -299 -10186
4791 -253 -10326
4792 -255 -10306
4793 -329 -10410
4794 -181 -10322
4795 -63 -10166
4796 -149 -10286
4797 -239 -10338
4798 -253 -10162
4799 -165 -10150
4800 -379 -10206
4801 -445 -10122
4802 -255 -9906
4803 -331 -9894
4804 -351 -9882
4805 -289 -10094
4806 -423 -10254
4807 -433 -10134
4808 -639 -10266
4809 -559 -10222
4810 -433 -10122
4811 -511 -10370
4812 -667 -10486
4813 -497 -10474
4814 -671 -10418
4815 -809 -10426
4816 -941 -10382
4817 -1061 -10370
4818 -1101 -10090
4819 -1161 -10282
4820 -1181 -10106
4821 -1371 -10350
4822 -1389 -10358
4823 -1385 -10318
4824 -1473 -10458
4825 -1455 -10026
4826 -1403 -10338
4827 -1469 -10382
4828 -1517 -10366
4829 -1695 -10518
4830 -1591 -10394
4831 -1707 -10250
4832 -1713 -10406
4833 -1731 -10574
4834 -1507 -10786
4835 -1289 -10314
4836 -1341 -10378
4837 -1399 -10390
4838 -1283 -10438
4839 -1371 -10290
4840 -1229 -10162
4841 -1125 -10350
4842 -1197 -10766
4843 -1239 -10650
4844 -1115 -11042
4845 -935 -10966
4846 -853 -10706
4847 -929 -10894
4848 -851 -10538
4849 -699 -10350
4850 -399 -10406
4851 -449 -10442
4852 -451 -10682
4853 -567 -10694
4854 -443 -10818
4855 -471 -10778
4856 -729 -10666
4857 -485 -10718
4858 -333 -10566
4859 -443 -10458
4860 -271 -10402
4861 -125 -10678
4862 -331 -10502
4863 -345 -10482
4864 -347 -10390
4865 -291 -10670
4866 -329 -10666
4867 -387 -10758
4868 -493 -10302
4869 -299 -10190
4870 -65 -10574
4871 -159 -10550
4872 -101 -10162
4873 -29 -10338
4874 -25 -10618
4875 -143 -10478
4876 -37 -10438
4877 -79 -10338
4878 -63 -10402
4879 -83 -10774
4880 -105 -10310
4881 -99 -10250
4882 -265 -10262
4883 -87 -10278
4884 -139 -10130
4885 -223 -10206
4886 -269 -10442
4887 -211 -10418
4888 -205 -10082
4889 -27 -10106
4890 -25 -10330
4891 -79 -10394
4892 -193 -10386
4893 -61 -10302
4894 -53 -10118
4895 -57 -10294
4896 -57 -10458
4897 -179 -10398
4898 -309 -10526
4899 -311 -10638
4900 -127 -10502
4901 -331 -10334
4902 -533 -10310
4903 -465 -10446
4904 -329 -10398
4905 -463 -10558
4906 -391 -10454
4907 -329 -10666
4908 -369 -10742
4909 -689 -10706
4910 -623 -10206
4911 -771 -10370
4912 -499 -10486
4913 -613 -10614
4914 -619 -10522
4915 -549 -10262
4916 -657 -10538
4917 -489 -10210
4918 -663 -10150
4919 -739 -10406
4920 -717 -10670
4921 -733 -10302
4922 -691 -10546
4923 -647 -10594
4924 -489 -10682
4925 -675 -10862
4926 -675 -10934
4927 -785 -10686
4928 -895 -10406
4929 -659 -10254
4930 -655 -10418
4931 -735 -10694
4932 -489 -10538
4933 -453 -10342
4934 -433 -10334
4935 -515 -10366
4936 -551 -10766
4937 -543 -10814
4938 -423 -10758
4939 -679 -10810
4940 -573 -10346
4941 -605 -10250
4942 -427 -10354
4943 -455 -10446
4944 -485 -10546
4945 -399 -10874
4946 -257 -10606
4947 -111 -10454
4948 65 -10250
4949 113 -10090
4950 199 -10530
4951 175 -10658
4952 247 -10590
4953 177 -10338
4954 189 -10230
4955 109 -10290
4956 45 -10418
4957 125 -10298
4958 111 -10206
4959 1 -10338
4960 51 -10030
4961 411 -10378
4962 279 -10430
4963 335 -10350
4964 345 -10170
4965 539 -9950
4966 591 -9778
4967 479 -9906
4968 517 -10082
4969 439 -10186
4970 447 -10170
4971 353 -10154
4972 457 -10470
4973 421 -10410
4974 299 -10374
4975 329 -10154
4976 271 -10402
4977 129 -10454
4978 159 -10218
4979 19 -10302
4980 19 -10402
4981 131 -10286
4982 173 -10434
4983 101 -10286
4984 207 -10530
4985 111 -10578
4986 185 -10834
4987 169 -10798
4988 83 -10766
4989 -93 -10838
4990 -119 -10870
4991 -99 -10662
4992 -269 -10662
4993 -301 -10598
4994 -147 -10518
4995 -163 -10658
4996 -243 -10690
4997 -447 -10558
4998 -453 -10502
4999 -275 -10710
5000 -241 -10470
5001 -157 -10658
5002 -223 -10598
5003 -185 -10446
5004 -293 -10478
5005 -343 -10282
5006 -347 -10150
5007 -239 -10414
5008 -69 -10534
5009 1 -10322
5010 51 -10674
5011 -31 -10562
5012 -41 -10698
5013 -123 -10638
5014 -79 -10510
5015 -75 -10254
5016 -135 -10386
5017 -211 -10418
5018 -191 -10646
5019 -117 -10342
5020 87 -10346
5021 -17 -10066
5022 -261 -10230
5023 -133 -10498
5024 23 -10498
5025 41 -10386
5026 -111 -10650
5027 -233 -10626
5028 -141 -10546
5029 -341 -10594
5030 -217 -10314
5031 -259 -10586
5032 -353 -10662
5033 -393 -10362
5034 -281 -10222
5035 -147 -10538
5036 -121 -10582
5037 -67 -10594
5038 -157 -10458
5039 -329 -10374
5040 -363 -10330
5041 -235 -10134
5042 -387 -10370
5043 -453 -10374
5044 -277 -10418
5045 -77 -10406
5046 -205 -10658
5047 -145 -10738
5048 -139 -10642
5049 -379 -10510
5050 -383 -10618
5051 -367 -10402
5052 -333 -10514
5053 -217 -10686
5054 -39 -10654
5055 -173 -10622
5056 -211 -10750
5057 -251 -10550
5058 -123 -10546
5059 -133 -10582
5060 -31 -10758
5061 -93 -11022
5062 -27 -10702
5063 -93 -11062
5064 -221 -11034
5065 -303 -10818
5066 -463 -10594
5067 -427 -10474
5068 -345 -10574
5069 -281 -10546
5070 -267 -10546
5071 -313 -10462
5072 -563 -10386
5073 -257 -10226
5074 -545 -10310
5075 -629 -10378
5076 -651 -10286
5077 -659 -10774
5078 -543 -10754
5079 -439 -10742
5080 -379 -10626
5081 -321 -10194
5082 -429 -10294
5083 -641 -10442
5084 -617 -10442
5085 -669 -10362
5086 -709 -10490
5087 -573 -10726
5088 -599 -10522
5089 -329 -10666
5090 -195 -10778
5091 -263 -10266
5092 -157 -10390
5093 -317 -10682
5094 -283 -10578
5095 5 -10538
5096 13 -10494
5097 47 -10474
5098 -37 -10434
5099 55 -10918
5100 171 -10774
5101 125 -10614
5102 -51 -10630
5103 45 -10830
5104 -1 -10630
5105 79 -10294
5106 327 -10354
5107 353 -9962
5108 405 -9998
5109 509 -10206
5110 529 -10478
5111 473 -10546
5112 425 -10766
5113 539 -10750
5114 527 -10526
5115 347 -10554
5116 415 -10634
5117 345 -10502
5118 449 -10386
5119 165 -10382
5120 85 -10222
5121 95 -10318
5122 -57 -10214
5123 -171 -10226
5124 -217 -10342
5125 -63 -10322
5126 -15 -10614
5127 101 -10290
5128 41 -10414
5129 187 -10494
5130 431 -10642
5131 219 -10582
5132 279 -10290
5133 269 -10538
5134 321 -10570
5135 143 -10398
5136 27 -10546
5137 -23 -10470
5138 -101 -10526
5139 29 -10758
5140 141 -10550
5141 117 -10594
5142 49 -10518
5143 77 -10430
5144 365 -10218
5145 287 -10158
5146 339 -10150
5147 373 -10262
5148 429 -10246
5149 431 -10014
5150 303 -10198
5151 357 -10350
5152 265 -10498
5153 109 -10342
5154 349 -10370
5155 321 -10406
5156 373 -10270
5157 371 -10426
5158 479 -10214
5159 399 -10290
5160 303 -10446
5161 19 -10362
5162 -25 -10314
5163 -47 -10442
5164 -231 -10222
5165 -159 -10346
5166 -167 -10258
5167 -189 -10230
5168 -159 -10282
5169 -279 -10334
5170 -119 -10354
5171 -163 -10262
5172 -85 -10150
5173 -109 -10642
5174 -171 -10438
5175 -233 -10530
5176 -45 -10422
5177 219 -10190
5178 123 -10430
5179 207 -10538
5180 449 -10674
5181 503 -10418
5182 457 -10290
5183 545 -10666
5184 345 -10806
5185 285 -10826
5186 297 -10726
5187 189 -10770
5188 341 -10802
5189 391 -10554
5190 297 -10482
5191 -25 -10298
5192 -15 -10118
5193 -125 -10130
5194 -103 -10466
5195 -229 -10574
5196 -229 -10602
5197 -257 -10286
5198 -125 -10642
5199 -121 -10578
5200 -207 -10646
5201 -69 -10470
5202 13 -10414
5203 -25 -10378
5204 -169 -10574
5205 -169 -10526
5206 17 -10578
5207 125 -10582
5208 -107 -10694
5209 -157 -10514
5210 -187 -10550
5211 -51 -10814
5212 125 -10574
5213 -67 -10534
5214 -159 -10634
5215 -393 -10630
5216 -365 -10826
5217 -303 -10966
5218 -145 -10938
5219 -229 -10854
5220 -355 -10986
5221 -265 -10666
5222 -187 -10762
5223 -221 -10438
5224 -231 -10582
5225 -277 -10662
5226 -303 -10830
5227 -225 -10574
5228 -141 -10698
5229 -291 -10590
5230 -479 -10446
5231 -695 -10598
5232 -505 -10510
5233 -329 -10602
5234 -153 -10718
5235 -101 -10410
5236 -45 -10402
5237 -41 -10474
5238 -121 -10590
5239 -317 -10506
5240 -427 -10650
5241 -375 -10954
5242 -373 -10834
5243 -387 -10866
5244 -303 -10738
5245 -319 -10494
5246 -475 -10446
5247 -467 -10454
5248 -453 -10442
5249 -471 -10342
5250 -371 -10386
5251 -513 -10254
5252 -425 -10442
5253 -455 -10490
5254 -359 -10450
5255 -573 -10362
5256 -467 -10558
5257 -349 -10426
5258 -397 -10570
5259 -521 -10670
5260 -491 -10714
5261 -465 -10630
5262 -175 -10886
5263 -229 -10726
5264 -319 -10490
5265 -589 -10822
5266 -557 -10634
5267 -515 -10678
5268 -517 -10590
5269 -475 -10478
5270 -349 -10318
5271 -217 -10466
5272 -427 -10418
5273 -453 -10206
5274 -383 -10318
5275 -305 -10346
5276 -419 -10270
5277 -577 -10502
5278 -635 -10402
5279 -685 -10682
5280 -653 -10722
5281 -735 -10818
5282 -733 -10686
5283 -649 -10746
5284 -649 -10882
5285 -809 -10730
5286 -625 -10718
5287 -575 -10738
5288 -431 -10490
5289 -589 -10274
5290 -813 -10298
5291 -857 -9970
5292 -917 -9970
5293 -985 -10242
5294 -1019 -10266
5295 -905 -10454
5296 -801 -10490
5297 -671 -10114
5298 -643 -10294
5299 -681 -10422
5300 -571 -10506
5301 -677 -10346
5302 -733 -10466
5303 -815 -10442
5304 -1027 -10362
5305 -945 -10514
5306 -847 -10246
5307 -1053 -10454
5308 -947 -10646
5309 -1069 -10590
5310 -1013 -10806
5311 -771 -10794
5312 -707 -10598
5313 -777 -10650
5314 -739 -10546
5315 -855 -10586
5316 -963 -10902
5317 -863 -10710
5318 -963 -10702
5319 -919 -10466
5320 -1033 -10450
5321 -959 -10454
5322 -1011 -10626
5323 -795 -10610
5324 -741 -10402
5325 -707 -10402
5326 -869 -10158
5327 -679 -10482
5328 -791 -10738
5329 -715 -10770
5330 -505 -10518
5331 -613 -10730
5332 -663 -10730
5333 -809 -10858
5334 -913 -10746
5335 -885 -10498
5336 -1149 -10594
5337 -1247 -10542
5338 -1391 -10974
5339 -1329 -11078
5340 -1085 -10930
5341 -1049 -10970
5342 -1089 -10950
5343 -1091 -10742
5344 -1087 -10714
5345 -1127 -10690
5346 -977 -10786
5347 -967 -10794
5348 -1111 -10990
5349 -1117 -11018
5350 -1213 -10886
5351 -1087 -10798
5352 -1113 -10610
5353 -979 -10690
5354 -1013 -10690
5355 -921 -10758
5356 -749 -10786
5357 -917 -10674
5358 -733 -10714
5359 -771 -10758
5360 -851 -11062
5361 -751 -11010
5362 -597 -10626
5363 -559 -10882
5364 -651 -10706
5365 -665 -10618
5366 -661 -10558
5367 -605 -10298
5368 -603 -10326
5369 -665 -10390
5370 -853 -10378
5371 -865 -10202
5372 -809 -10306
5373 -807 -10538
5374 -851 -10586
5375 -789 -10670
5376 -749 -10570
5377 -713 -10550
5378 -613 -10594
5379 -539 -10474
5380 -567 -10598
5381 -575 -10698
5382 -561 -10734
5383 -683 -10658
5384 -707 -10774
5385 -635 -10674
5386 -683 -10450
5387 -629 -10386
5388 -707 -10458
5389 -717 -10586
5390 -785 -10726
5391 -881 -10690
5392 -647 -10546
5393 -645 -10686
5394 -839 -10498
5395 -915 -10690
5396 -787 -10534
5397 -859 -10486
5398 -885 -10374
5399 -689 -10434
5400 -505 -10486
5401 -481 -10322
5402 -417 -10414
5403 -213 -10150
5404 -277 -10458
5405 -351 -10518
5406 -495 -10438
5407 -447 -10334
5408 -401 -10302
5409 -403 -10522
5410 -317 -10326
5411 -261 -10174
5412 -147 -10306
5413 -249 -10594
5414 -223 -10486
5415 -165 -10266
5416 -141 -10234
5417 -237 -10438
5418 -175 -10258
5419 -29 -10138
5420 125 -10022
5421 267 -10122
5422 287 -10114
5423 317 -10222
5424 219 -10334
5425 121 -9898
5426 19 -10102
5427 -33 -10058
5428 61 -10202
5429 -133 -10138
5430 -205 -10258
5431 -139 -10390
5432 -145 -10674
5433 -61 -10782
5434 59 -10494
5435 31 -10350
5436 -3 -10414
5437 -93 -10218
5438 -271 -10514
5439 -359 -10630
5440 -43 -10298
5441 -59 -10174
5442 -155 -10238
5443 -271 -10486
5444 -227 -10382
5445 -395 -10266
5446 -347 -10322
5447 -291 -10350
5448 -131 -10374
5449 -111 -10306
5450 -163 -10346
5451 -181 -10326
5452 -311 -10334
5453 -417 -10450
5454 -395 -10450
5455 -463 -10470
5456 -663 -10342
5457 -655 -10338
5458 -681 -10430
5459 -559 -10286
5460 -619 -10658
5461 -421 -10730
5462 -301 -10618
5463 -313 -10698
5464 -397 -10254
5465 -651 -10386
5466 -511 -10402
5467 -593 -10598
5468 -727 -10518
5469 -589 -10382
5470 -635 -10466
5471 -581 -10646
5472 -749 -10714
5473 -605 -10754
5474 -891 -10690
5475 -897 -10370
5476 -729 -10462
5477 -605 -10678
5478 -607 -10774
5479 -785 -10906
5480 -635 -10958
5481 -829 -10814
5482 -795 -10510
5483 -937 -10742
5484 -997 -10606
5485 -905 -10498
5486 -819 -10330
5487 -693 -10270
5488 -539 -10198
5489 -663 -10266
5490 -661 -10310
5491 -835 -10566
5492 -675 -10682
5493 -689 -10874
5494 -555 -10598
5495 -689 -10742
5496 -585 -10922
5497 -531 -10874
5498 -591 -11054
5499 -633 -10902
5500 -459 -10854
5501 -543 -10790
5502 -781 -10374
5503 -917 -10674
5504 -737 -10710
5505 -747 -10566
5506 -597 -10534
5507 -529 -10646
5508 -413 -10766
5509 -365 -10786
5510 -345 -10822
5511 -363 -10846
5512 -351 -10890
5513 -341 -10646
5514 -445 -10878
5515 -421 -10734
5516 -429 -10842
5517 -225 -10710
5518 -343 -10738
5519 -505 -10770
5520 -587 -10786
5521 -411 -10714
5522 -331 -10586
5523 -407 -10546
5524 -457 -10690
5525 -419 -10674
5526 -425 -10678
5527 -405 -10490
5528 -443 -10234
5529 -365 -10230
5530 -293 -10342
5531 -211 -10362
5532 -49 -10378
5533 21 -10522
5534 11 -10270
5535 -73 -10378
5536 -25 -10326
5537 -111 -10450
5538 -213 -10894
5539 -217 -11046
5540 -91 -10790
5541 -19 -10602
5542 1 -10746
5543 -69 -10794
5544 137 -10662
5545 95 -10590
5546 23 -10958
5547 -25 -10906
5548 97 -10574
5549 81 -10362
5550 -33 -10774
5551 -89 -10546
5552 -287 -10482
5553 -409 -10686
5554 -333 -10718
5555 -219 -10330
5556 -257 -10234
5557 -155 -10178
5558 -167 -10050
5559 -99 -9758
5560 -31 -10050
5561 -105 -10230
5562 -23 -10166
5563 -199 -10294
5564 -189 -10398
5565 -469 -10338
5566 -473 -10386
5567 -445 -10338
5568 -425 -10226
5569 -373 -9950
5570 -619 -10142
5571 -679 -10178
5572 -581 -10390
5573 -507 -10414
5574 -613 -10410
5575 -607 -10494
5576 -491 -10282
5577 -291 -10246
5578 -297 -10466
5579 -313 -10394
5580 -423 -10334
5581 -267 -10426
5582 -485 -10498
5583 -573 -10530
5584 -519 -10454
5585 -465 -10614
5586 -353 -10710
5587 -293 -10678
5588 -213 -10774
5589 -229 -10714
5590 -159 -10598
5591 -261 -10518
5592 -333 -10706
5593 -255 -11006
5594 -331 -10990
5595 -335 -10862
5596 -395 -10838
5597 -553 -10750
5598 -647 -10562
5599 -607 -10334
5600 -739 -10398
5601 -891 -10570
5602 -875 -10482
5603 -787 -10242
5604 -765 -10278
5605 -1053 -10546
5606 -1059 -10546
5607 -1011 -10742
5608 -983 -10582
5609 -1013 -10738
5610 -911 -10786
5611 -869 -10938
5612 -707 -10762
5613 -877 -10650
5614 -945 -10406
5615 -877 -10682
5616 -821 -10378
5617 -929 -10502
5618 -905 -10594
5619 -981 -10514
5620 -1025 -10694
5621 -801 -10562
5622 -813 -10510
5623 -967 -10698
5624 -943 -10742
5625 -1095 -10570
5626 -1171 -10518
5627 -1323 -10486
5628 -1311 -10430
5629 -1315 -10530
5630 -1353 -10214
5631 -1611 -10514
5632 -1607 -10782
5633 -1769 -10522
5634 -1867 -10398
5635 -1881 -10550
5636 -1981 -10730
5637 -1837 -10826
5638 -1743 -10674
5639 -1859 -10718
5640 -1955 -10682
5641 -1869 -10678
5642 -1781 -10702
5643 -1653 -10634
5644 -1703 -10646
5645 -1673 -10698
5646 -1689 -10402
5647 -1687 -10594
5648 -1635 -10498
5649 -1413 -10482
5650 -1559 -10358
5651 -1525 -10394
5652 -1639 -10362
5653 -1731 -10486
5654 -1731 -10606
5655 -1813 -10678
5656 -1753 -10682
5657 -1731 -10422
5658 -1809 -10418
5659 -1699 -10534
5660 -1559 -10494
5661 -1405 -10790
5662 -1161 -10618
5663 -1025 -10706
5664 -1045 -10582
5665 -1047 -10566
5666 -1049 -10650
5667 -1103 -10486
5668 -1063 -10506
5669 -1107 -10474
5670 -1135 -10474
5671 -1293 -10378
5672 -1253 -10558
5673 -1343 -10646
5674 -1303 -10754
5675 -1231 -10950
5676 -1123 -10510
5677 -1067 -10578
5678 -891 -10646
5679 -927 -10582
5680 -779 -10514
5681 -827 -10542
5682 -955 -10694
5683 -871 -10586
5684 -611 -10458
5685 -603 -10758
5686 -739 -10350
5687 -675 -10214
5688 -677 -10474
5689 -561 -10390
5690 -453 -10342
5691 -279 -10310
5692 7 -10262
5693 -149 -10530
5694 -35 -10150
5695 -83 -10150
5696 -167 -10142
5697 -115 -10022
5698 -79 -10250
5699 99 -10058
5700 -83 -10002
5701 -175 -9926
5702 -149 -9942
5703 -101 -9962
5704 -111 -10406
5705 -91 -10450
5706 17 -10574
5707 119 -10694
5708 19 -10374
5709 55 -10554
5710 173 -10318
5711 269 -10126
5712 313 -10310
5713 375 -10342
5714 223 -10226
5715 145 -10342
5716 65 -10206
5717 61 -10366
5718 67 -10314
5719 71 -10430
5720 75 -10410
5721 87 -10282
5722 209 -10066
5723 213 -9862
5724 267 -10282
5725 257 -10358
5726 327 -10194
5727 351 -10430
5728 209 -10590
5729 349 -10434
5730 397 -10438
5731 463 -10818
5732 445 -10702
5733 247 -10542
5734 405 -10662
5735 269 -10858
5736 233 -10758
5737 321 -10834
5738 193 -10846
5739 297 -10842
5740 403 -10610
5741 397 -10626
5742 417 -10730
5743 295 -10562
5744 341 -10670
5745 457 -10750
5746 367 -10674
5747 129 -10498
5748 -165 -10562
5749 -91 -10430
5750 -23 -10426
5751 -23 -10322
5752 -121 -10302
5753 97 -10162
5754 -5 -10190
5755 31 -10658
5756 -87 -10542
5757 -19 -10510
5758 -169 -10550
5759 -169 -10418
5760 -131 -10558
5761 -37 -10818
5762 115 -10654
5763 245 -10362
5764 439 -10566
5765 649 -10330
5766 805 -10554
5767 793 -10558
5768 717 -10618
5769 465 -10750
5770 429 -10686
5771 417 -10426
5772 261 -10426
5773 247 -10646
5774 389 -10418
5775 337 -10210
5776 399 -10578
5777 419 -10318
5778 335 -10502
5779 155 -10618
5780 165 -10494
5781 375 -10774
5782 491 -10714
5783 781 -10746
5784 547 -10678
5785 379 -10698
5786 399 -10906
5787 369 -10966
5788 253 -11002
5789 267 -10858
5790 155 -10750
5791 141 -10674
5792 167 -10654
5793 213 -10666
5794 141 -10606
5795 161 -10330
5796 293 -10446
5797 199 -10518
5798 235 -10470
5799 125 -10590
5800 217 -10678
5801 227 -10578
5802 55 -10494
5803 -11 -10378
5804 -19 -10530
5805 -19 -10434
5806 69 -10466
5807 -163 -10574
5808 -1 -10454
5809 11 -10314
5810 173 -10694
5811 249 -10558
5812 387 -10774
5813 275 -10662
5814 447 -10614
5815 597 -10454
5816 523 -10210
5817 513 -10090
5818 487 -10342
5819 481 -10398
5820 261 -10090
5821 245 -10490
5822 135 -10490
5823 193 -10410
5824 139 -10338
5825 79 -10426
5826 147 -10538
5827 257 -10614
5828 109 -10286
5829 189 -10194
5830 207 -10182
5831 257 -10654
5832 285 -10454
5833 527 -10526
5834 519 -10430
5835 623 -10942
5836 357 -10798
5837 529 -10774
5838 497 -10822
5839 407 -10814
5840 305 -10586
5841 119 -10834
5842 101 -10786
5843 -41 -10718
5844 -123 -10878
5845 -163 -10594
5846 87 -10958
5847 251 -10886
5848 245 -10858
5849 239 -10658
5850 241 -10618
5851 211 -10794
5852 145 -10566
5853 53 -10394
5854 -51 -10650
5855 113 -10738
5856 -73 -10922
5857 23 -11034
5858 75 -10710
5859 127 -10874
5860 119 -10782
5861 -39 -10550
5862 75 -10514
5863 93 -10718
5864 127 -11110
5865 -23 -10606
5866 201 -10486
5867 -81 -10546
5868 -153 -10610
5869 -207 -10878
5870 -219 -10702
5871 27 -10662
5872 -207 -10658
5873 -369 -10702
5874 -115 -10654
5875 -319 -10842
5876 -137 -10710
5877 -95 -10534
5878 -197 -10742
5879 -305 -10578
5880 -165 -10554
5881 -71 -10466
5882 -115 -10938
5883 -53 -10790
5884 25 -10626
5885 245 -10662
5886 253 -10570
5887 221 -10786
5888 387 -10694
5889 193 -10790
5890 107 -10578
5891 331 -11046
5892 315 -10814
5893 257 -10610
5894 231 -10622
5895 237 -10706
5896 445 -10690
5897 307 -10646
5898 363 -10702
5899 187 -10782
5900 251 -10534
5901 301 -10574
5902 113 -10598
5903 273 -10630
5904 41 -10178
5905 109 -10262
5906 101 -10334
5907 95 -10326
5908 -31 -10370
5909 59 -10718
5910 271 -10462
5911 73 -10390
5912 -89 -10638
5913 163 -10554
5914 61 -10594
5915 115 -10570
5916 67 -10418
5917 -7 -10838
5918 33 -10714
5919 -25 -10654
5920 -177 -10390
5921 -239 -10298
5922 -357 -10486
5923 -295 -10358
5924 -295 -10562
5925 -167 -10334
5926 -183 -10626
5927 -317 -10602
5928 -313 -10938
5929 -387 -10674
5930 -329 -10742
5931 -293 -10762
5932 5 -10766
5933 -241 -10622
5934 -255 -10350
5935 -159 -10662
5936 -99 -10486
5937 -75 -10342
5938 -63 -10514
5939 -87 -10502
5940 -117 -10474
5941 -63 -10602
5942 -57 -10642
5943 -129 -10694
5944 -65 -10414
5945 -217 -10278
5946 -291 -10238
5947 -361 -10410
5948 -487 -10382
5949 -673 -10238
5950 -373 -10562
5951 -275 -10610
5952 -307 -10454
5953 -403 -10298
5954 -217 -10634
5955 -275 -10702
5956 -269 -10654
5957 -67 -10554
5958 -33 -10618
5959 5 -10678
5960 213 -10646
5961 387 -10750
5962 457 -10910
5963 287 -10782
5964 415 -10742
5965 451 -10702
5966 413 -10590
5967 413 -10662
5968 237 -10758
5969 161 -10650
5970 3 -10586
5971 155 -10534
5972 315 -10586
5973 539 -10550
5974 709 -10474
5975 827 -10694
5976 987 -10650
5977 833 -10442
5978 587 -10486
5979 599 -10162
5980 455 -10374
5981 471 -10290
5982 435 -10294
5983 237 -10158
5984 183 -10250
5985 399 -10106
5986 531 -10198
5987 447 -10374
5988 429 -10534
5989 491 -10402
5990 487 -10118
5991 655 -10154
5992 627 -10030
5993 397 -10254
5994 339 -10354
5995 417 -10322
5996 421 -10438
5997 627 -10622
5998 587 -10406
5999 549 -10386
6000 513 -10402
6001 283 -10426
6002 131 -10362
6003 41 -10078
6004 135 -10194
6005 71 -10482
6006 99 -10374
6007 -107 -10282
6008 39 -10458
6009 -75 -10322
6010 -23 -10214
6011 55 -10266
6012 3 -10546
6013 49 -10590
6014 87 -10526
6015 127 -10366
6016 97 -10334
6017 -219 -10474
6018 -359 -10342
6019 -237 -10490
6020 -21 -10266
6021 -181 -10110
6022 -233 -10318
6023 -239 -10322
6024 -313 -10370
6025 -367 -10254
6026 -687 -9966
6027 -845 -9898
6028 -539 -10150
6029 -431 -10022
6030 -345 -10230
6031 -497 -10414
6032 -365 -10462
6033 -391 -10434
6034 -313 -10302
6035 -377 -10618
6036 -387 -10534
6037 -485 -10618
6038 -485 -10530
6039 -447 -10530
6040 -323 -10590
6041 -479 -10454
6042 -423 -10510
6043 -423 -10318
6044 -519 -10710
6045 -525 -10294
6046 -577 -10770
6047 -567 -10550
6048 -457 -10322
6049 -443 -10414
6050 -381 -10522
6051 -341 -10370
6052 -511 -10354
6053 -439 -10646
6054 -451 -10406
6055 -495 -10298
6056 -439 -10498
6057 -509 -10498
6058 -497 -10530
6059 -633 -10658
6060 -643 -10770
6061 -725 -10486
6062 -451 -10606
6063 -549 -10910
6064 -691 -10770
6065 -553 -10666
6066 -459 -10726
6067 -387 -10790
6068 -321 -10634
6069 -381 -10606
6070 -109 -10606
6071 175 -10718
6072 17 -10878
6073 143 -10746
6074 149 -10618
6075 143 -10450
6076 147 -10810
6077 79 -10894
6078 -233 -10602
6079 -321 -10578
6080 -369 -10622
6081 -233 -10638
6082 -95 -10746
6083 33 -10502
6084 17 -10274
6085 143 -10374
6086 149 -10442
6087 233 -10570
6088 61 -10626
6089 31 -10578
6090 -65 -10650
6091 65 -10510
6092 203 -10298
6093 215 -10258
6094 171 -10402
6095 291 -10526
6096 147 -10502
6097 171 -10570
6098 31 -10390
6099 71 -10246
6100 -45 -9986
6101 -147 -10526
6102 -183 -10410
6103 -119 -10362
6104 -171 -10230
6105 -259 -10314
6106 -273 -10246
6107 -283 -9998
6108 -215 -10066
6109 -169 -10130
6110 -39 -10118
6111 -51 -10674
6112 -177 -10414
6113 -249 -10398
6114 -341 -10290
6115 -121 -10342
6116 59 -10066
6117 -23 -10318
6118 37 -10382
6119 41 -10454
6120 -181 -10186
6121 123 -10062
6122 125 -10154
6123 89 -10270
6124 9 -10130
6125 87 -10086
6126 127 -10190
6127 71 -10326
6128 41 -10066
6129 125 -9962
6130 165 -9982
6131 105 -10194
6132 199 -10334
6133 175 -10222
6134 95 -10230
6135 5 -10070
6136 -5 -10274
6137 -113 -10330
6138 -357 -10054
6139 -149 -10494
6140 -107 -10682
6141 -295 -10166
6142 -253 -10138
6143 -259 -10306
6144 -251 -10398
6145 -237 -10482
6146 -157 -10414
6147 -131 -10446
6148 3 -10354
6149 -81 -10278
6150 -53 -9974
6151 -139 -10318
6152 -189 -10202
6153 -245 -10630
6154 -277 -10254
6155 -145 -10242
6156 -179 -10562
6157 -393 -10266
6158 -433 -10310
6159 -529 -10366
6160 -545 -10422
6161 -431 -10342
6162 -493 -10678
6163 -587 -10742
6164 -373 -10570
6165 -107 -10626
6166 -147 -10874
6167 49 -10834
6168 -55 -10722
6169 23 -10814
6170 173 -10906
6171 97 -10714
6172 325 -10558
6173 415 -10614
6174 261 -10730
6175 337 -10778
6176 283 -10570
6177 311 -10566
6178 455 -10354
6179 329 -10286
6180 199 -10498
6181 -7 -10478
6182 -91 -10230
6183 -67 -10214
6184 -121 -10202
6185 61 -10318
6186 -37 -10338
6187 -165 -10382
6188 -189 -10450
6189 -81 -10538
6190 -73 -10582
6191 117 -10558
6192 219 -10678
6193 287 -10750
6194 317 -10526
6195 271 -10874
6196 245 -10866
6197 349 -10746
6198 241 -10838
6199 105 -10910
6200 35 -10770
6201 -59 -10562
6202 -179 -10782
6203 -197 -10674
6204 -163 -10874
6205 -167 -10674
6206 -113 -11090
6207 -261 -10906
6208 -345 -11022
6209 -351 -11086
6210 -349 -10934
6211 -337 -10554
6212 -333 -10326
6213 -345 -10662
6214 -401 -10890
6215 -251 -10678
6216 -353 -10558
6217 -431 -10550
6218 -523 -10554
6219 -351 -10714
6220 -421 -10490
6221 -443 -10506
6222 -579 -10322
6223 -551 -10342
6224 -465 -10274
6225 -411 -10246
6226 -365 -10418
6227 -271 -10646
6228 -225 -10594
6229 -339 -10622
6230 -425 -10742
6231 -491 -10694
6232 -299 -10626
6233 -337 -10866
6234 -401 -10758
6235 -295 -10386
6236 -109 -10546
6237 -75 -10562
6238 -89 -10666
6239 -229 -10898
6240 -359 -10642
6241 -415 -10530
6242 -451 -10678
6243 -651 -10806
6244 -765 -10770
6245 -773 -11010
6246 -761 -10810
6247 -901 -10754
6248 -815 -10930
6249 -811 -10882
6250 -665 -11014
6251 -641 -10770
6252 -763 -10682
6253 -733 -10782
6254 -733 -11166
6255 -833 -10954
6256 -779 -10718
6257 -837 -10814
6258 -593 -10342
6259 -695 -10310
6260 -675 -10306
6261 -805 -10322
6262 -861 -10494
6263 -945 -10698
6264 -851 -10862
6265 -713 -10646
6266 -801 -10990
6267 -903 -10918
6268 -715 -10650
6269 -753 -10806
6270 -833 -10430
6271 -865 -10386
6272 -841 -10554
6273 -749 -10514
6274 -715 -10278
6275 -799 -10522
6276 -573 -10578
6277 -563 -10630
6278 -493 -10766
6279 -509 -10714
6280 -363 -10670
6281 -325 -10530
6282 -327 -10986
6283 -65 -10882
6284 -297 -10930
6285 -325 -10818
6286 -397 -10678
6287 -429 -10766
6288 -393 -10730
6289 -697 -10866
6290 -771 -10858
6291 -711 -10410
6292 -811 -10370
6293 -753 -10422
6294 -821 -10186
6295 -737 -10482
6296 -723 -10718
6297 -545 -10386
6298 -503 -10514
6299 -491 -10810
6300 -551 -10602
6301 -353 -10438
6302 -543 -10406
6303 -711 -10738
6304 -573 -10802
6305 -481 -10490
6306 -403 -10262
6307 -419 -10382
6308 -387 -10282
6309 -637 -10658
6310 -835 -10550
6311 -621 -10566
6312 -891 -10370
6313 -871 -10138
6314 -853 -10274
6315 -853 -10286
6316 -909 -10146
6317 -865 -10226
6318 -635 -10526
6319 -689 -10554
6320 -565 -10314
6321 -679 -10578
6322 -775 -10486
6323 -617 -10502
6324 -643 -10590
6325 -651 -10554
6326 -689 -10750
6327 -441 -10702
6328 -399 -10518
6329 -325 -10574
6330 -135 -10854
6331 -211 -10470
6332 -385 -10394
6333 -431 -10522
6334 -501 -10678
6335 -427 -10554
6336 -377 -10634
6337 -387 -10706
6338 -321 -10830
6339 -289 -10674
6340 -267 -10458
6341 -447 -10678
6342 -423 -10506
6343 -349 -10762
6344 -429 -10590
6345 -329 -10458
6346 -265 -10422
6347 -237 -10206
6348 -275 -10166
6349 -309 -10362
6350 -509 -10266
6351 -713 -10214
6352 -721 -10058
6353 -649 -10234
6354 -731 -10158
6355 -655 -10330
6356 -603 -10154
6357 -697 -10350
6358 -595 -10314
6359 -743 -10258
6360 -945 -10174
6361 -937 -10430
6362 -1061 -10678
6363 -1129 -10246
6364 -1087 -10298
6365 -1081 -10486
6366 -1243 -10518
6367 -1039 -10482
6368 -1079 -10438
6369 -1057 -10814
6370 -1187 -10810
6371 -1145 -10574
6372 -963 -10462
6373 -907 -10698
6374 -1019 -10642
6375 -937 -10410
6376 -945 -10410
6377 -797 -10094
6378 -815 -10334
6379 -1069 -10362
6380 -1015 -10442
6381 -1055 -10530
6382 -1109 -10918
6383 -1213 -10946
6384 -1121 -11014
6385 -1079 -10706
6386 -979 -10682
6387 -919 -10706
6388 -551 -10750
6389 -595 -10758
6390 -343 -10742
6391 -201 -10482
6392 -101 -10850
6393 -51 -10718
6394 69 -10818
6395 39 -10502
6396 -15 -10818
6397 -43 -10890
6398 -31 -10802
6399 -19 -10810
6400 -163 -10614
6401 -181 -10750
6402 -315 -10810
6403 -319 -10814
6404 -149 -10694
6405 -17 -10410
6406 31 -10530
6407 -31 -10702
6408 -73 -10598
6409 9 -10686
6410 51 -10462
6411 -37 -10454
6412 -39 -10658
6413 27 -10650
6414 -81 -10686
6415 -11 -10558
6416 7 -10750
6417 155 -10802
6418 113 -10630
6419 19 -10562
6420 -93 -10774
6421 93 -11062
6422 417 -11094
6423 417 -10986
6424 547 -10762
6425 561 -10738
6426 401 -10590
6427 353 -10630
6428 283 -10486
6429 475 -10658
6430 483 -10926
6431 595 -10922
6432 479 -10950
6433 353 -10930
6434 437 -10750
6435 439 -10758
6436 333 -10822
6437 515 -10870
6438 493 -10902
6439 537 -10854
6440 811 -10722
6441 605 -10494
6442 663 -10470
6443 819 -10538
6444 535 -10822
6445 511 -10238
6446 435 -9854
6447 481 -10142
6448 703 -10090
6449 769 -10138
6450 681 -10258
6451 651 -10482
6452 629 -10346
6453 565 -10942
6454 635 -11022
6455 453 -11122
6456 507 -10802
6457 591 -11094
6458 605 -11034
6459 659 -10850
6460 733 -10958
6461 677 -10554
6462 795 -10534
6463 893 -10458
6464 913 -10750
6465 833 -10910
6466 595 -10414
6467 713 -10374
6468 743 -10562
6469 923 -10378
6470 867 -10410
6471 741 -10146
6472 751 -10418
6473 859 -10610
6474 819 -10706
6475 857 -10746
6476 813 -10754
6477 735 -10630
6478 753 -10326
6479 713 -10514
6480 727 -10198
6481 481 -10486
6482 747 -10546
6483 695 -10322
6484 833 -10242
6485 725 -10426
6486 719 -10770
6487 649 -10690
6488 845 -10870
6489 715 -10750
6490 745 -10506
6491 781 -10538
6492 653 -10454
6493 459 -10318
6494 439 -10218
6495 147 -10450
6496 341 -10586
6497 261 -10450
6498 371 -10346
6499 17 -10386
6500 -27 -10502
6501 -155 -10354
6502 -65 -10438
6503 23 -10438
6504 -121 -10622
6505 -97 -10646
6506 25 -10642
6507 -57 -10350
6508 -181 -10202
6509 -229 -10510
6510 -239 -10302
6511 -465 -10438
6512 -333 -10582
6513 -291 -10450
6514 -291 -10434
6515 -373 -10418
6516 -265 -10406
6517 -263 -10458
6518 -149 -10482
6519 71 -10654
6520 227 -10826
6521 265 -10410
6522 185 -10430
6523 335 -10594
6524 297 -10302
6525 255 -10350
6526 385 -10490
6527 377 -10626
6528 409 -10566
6529 287 -10586
6530 303 -10694
6531 359 -10834
6532 365 -10594
6533 89 -10478
6534 249 -10662
6535 247 -10622
6536 89 -10422
6537 -13 -10654
6538 -21 -10478
6539 235 -10478
6540 401 -10234
6541 501 -10186
6542 399 -10366
6543 407 -10438
6544 479 -10254
6545 431 -10142
6546 271 -10282
6547 341 -10470
6548 353 -10234
6549 359 -10402
6550 297 -10446
6551 117 -10514
6552 131 -10382
6553 87 -10346
6554 141 -10374
6555 117 -10594
6556 -119 -10430
6557 -145 -10274
6558 -407 -10286
6559 -397 -10438
6560 -473 -10566
6561 -481 -10598
6562 -371 -10514
6563 -139 -10810
6564 -171 -10742
6565 -205 -10466
6566 -269 -10530
6567 -193 -10838
6568 -393 -10626
6569 -335 -10750
6570 -381 -10702
6571 -153 -10614
6572 65 -10774
6573 93 -10490
6574 -111 -10650
6575 -367 -10862
6576 -467 -10926
6577 -371 -10858
6578 -257 -10874
6579 -559 -10954
6580 -449 -11006
6581 -511 -10958
6582 -561 -10706
6583 -687 -10830
6584 -495 -10822
6585 -451 -10550
6586 -491 -10754
6587 -613 -10930
6588 -721 -10498
6589 -875 -10442
6590 -767 -10470
6591 -859 -10494
6592 -903 -10606
6593 -977 -10630
6594 -1209 -10474
6595 -1351 -10502
6596 -1085 -10638
6597 -987 -10390
6598 -753 -10438
6599 -697 -10366
6600 -641 -10398
6601 -823 -10326
6602 -637 -10350
6603 -613 -10294
6604 -749 -10030
6605 -479 -10258
6606 -253 -10378
6607 -171 -10438
6608 -211 -10566
6609 -219 -10762
6610 -291 -10650
6611 -535 -10582
6612 -831 -10594
6613 -1001 -10710
6614 -967 -10570
6615 -1079 -10614
6616 -1385 -10614
6617 -1169 -10558
6618 -977 -10410
6619 -1079 -10278
6620 -983 -10434
6621 -839 -10494
6622 -659 -10498
6623 -599 -10214
6624 -489 -10574
6625 -577 -10446
6626 -673 -10482
6627 -615 -10342
6628 -693 -10314
6629 -691 -10326
6630 -593 -10390
6631 -891 -10598
6632 -777 -10726
6633 -729 -10954
6634 -893 -10286
6635 -653 -10458
6636 -709 -10478
6637 -719 -10314
6638 -755 -10354
6639 -613 -10610
6640 -511 -10534
6641 -347 -10302
6642 -381 -10210
6643 -381 -10334
6644 -179 -10438
6645 -105 -10218
6646 -275 -10190
6647 -363 -10470
6648 -389 -10738
6649 -125 -10534
6650 19 -10594
6651 137 -10774
6652 5 -10606
6653 23 -10466
6654 221 -10742
6655 193 -10590
6656 205 -10678
6657 109 -10178
6658 229 -10198
6659 -37 -10438
6660 -47 -10494
6661 -75 -10630
6662 -397 -10742
6663 -397 -10570
6664 -305 -10714
6665 -399 -10802
6666 -589 -10806
6667 -783 -10770
6668 -507 -10538
6669 -703 -10726
6670 -767 -10438
6671 -539 -10650
6672 -635 -10286
6673 -673 -10522
6674 -585 -10446
6675 -483 -10382
6676 -733 -10398
6677 -885 -10674
6678 -701 -10566
6679 -705 -10534
6680 -863 -10934
6681 -893 -10910
6682 -949 -10910
6683 -867 -10926
6684 -859 -10754
6685 -603 -10598
6686 -595 -10722
6687 -607 -10350
6688 -697 -10346
6689 -795 -10590
6690 -761 -10510
6691 -821 -10598
6692 -973 -10702
6693 -999 -10662
6694 -843 -10398
6695 -897 -10566
6696 -901 -10634
6697 -737 -10314
6698 -681 -10242
6699 -515 -10074
6700 -513 -10150
6701 -501 -10178
6702 -439 -9974
6703 -425 -10018
6704 -527 -10322
6705 -423 -10362
6706 -471 -10590
6707 -509 -10642
6708 -661 -10682
6709 -619 -10598
6710 -609 -10598
6711 -559 -10658
6712 -537 -10622
6713 -441 -10838
6714 -465 -10874
6715 -461 -10642
6716 -391 -10738
6717 -321 -10490
6718 -407 -10382
6719 -501 -10338
6720 -639 -10522
6721 -755 -10626
6722 -565 -10594
6723 -739 -10418
6724 -729 -10462
6725 -711 -10506
6726 -473 -10070
6727 -557 -10174
6728 -541 -9838
6729 -647 -9790
6730 -837 -9630
6731 -749 -9718
6732 -669 -10070
6733 -563 -10314
6734 -355 -10278
6735 -445 -10498
6736 -405 -10546
6737 -371 -10670
6738 -227 -10702
6739 -205 -10774
6740 -3 -10858
6741 -19 -10622
6742 21 -10566
6743 29 -10762
6744 289 -10174
6745 249 -10318
6746 461 -10262
6747 341 -10102
6748 239 -10394
6749 81 -10186
6750 95 -10390
6751 129 -10102
6752 109 -10266
6753 73 -10334
6754 95 -10302
6755 151 -10062
6756 87 -10194
6757 23 -10490
6758 65 -10562
6759 199 -10466
6760 131 -10486
6761 109 -10738
6762 157 -10666
6763 145 -10662
6764 -123 -10438
6765 -111 -10346
6766 -115 -10274
6767 -131 -10478
6768 -283 -10410
6769 -229 -10666
6770 -119 -10778
6771 -339 -10490
6772 -529 -10646
6773 -427 -10562
6774 -513 -10114
6775 -597 -10238
6776 -723 -10234
6777 -605 -10298
6778 -533 -10314
6779 -647 -10150
6780 -911 -10470
6781 -953 -10570
6782 -1017 -10498
6783 -1087 -10446
6784 -973 -10618
6785 -1065 -10606
6786 -951 -10610
6787 -749 -10434
6788 -713 -10618
6789 -693 -10574
6790 -685 -10606
6791 -737 -10302
6792 -885 -10218
6793 -899 -10358
6794 -849 -10510
6795 -1171 -10566
6796 -1099 -10762
6797 -1161 -10506
6798 -1301 -10626
6799 -1235 -10366
6800 -1071 -10518
6801 -963 -10434
6802 -1005 -10466
6803 -1101 -10446
6804 -1069 -10454
6805 -1019 -10346
6806 -1043 -10414
6807 -1123 -10482
6808 -1233 -10498
6809 -1297 -10550
6810 -1385 -10590
6811 -1393 -10754
6812 -1309 -10750
6813 -1213 -10598
6814 -1141 -10698
6815 -937 -10206
6816 -1085 -10542
6817 -1163 -10206
6818 -1279 -10398
6819 -1425 -10246
6820 -1309 -10226
6821 -1325 -10378
6822 -1375 -10378
6823 -1159 -10242
6824 -1093 -10382
6825 -901 -10354
6826 -1015 -10602
6827 -983 -10342
6828 -1077 -10462
6829 -1093 -10458
6830 -1039 -10274
6831 -933 -10350
6832 -993 -10522
6833 -763 -10374
6834 -883 -10530
6835 -777 -10538
6836 -557 -10886
6837 -643 -10778
6838 -689 -10918
6839 -615 -10522
6840 -693 -10674
6841 -795 -10210
6842 -579 -10666
6843 -435 -10550
6844 -559 -10454
6845 -477 -10642
6846 -397 -10586
6847 -385 -10794
6848 -167 -10446
6849 -349 -10478
6850 -477 -10518
6851 -481 -10686
6852 -403 -10802
6853 -489 -10414
6854 -405 -10478
6855 -333 -10594
6856 -229 -10802
6857 -109 -10846
6858 -277 -10530
6859 -201 -10626
6860 -365 -10454
6861 -545 -10430
6862 -769 -10298
6863 -873 -10550
6864 -829 -10526
6865 -749 -10622
6866 -683 -10330
6867 -521 -10582
6868 -545 -10498
6869 -507 -10498
6870 -665 -10674
6871 -715 -10538
6872 -749 -10538
6873 -841 -10462
6874 -653 -10530
6875 -535 -10586
6876 -411 -10682
6877 -303 -10674
6878 -277 -10698
6879 -419 -10418
6880 -393 -10186
6881 -369 -10462
6882 -567 -10478
6883 -793 -10282
6884 -827 -10074
6885 -999 -10462
6886 -1019 -10410
6887 -935 -10394
6888 -1011 -10574
6889 -1059 -10542
6890 -1091 -10554
6891 -983 -10422
6892 -1037 -10558
6893 -1005 -10630
6894 -1019 -10582
6895 -915 -10562
6896 -1045 -10394
6897 -1085 -10398
6898 -1035 -10486
6899 -1215 -10462
6900 -1055 -10562
6901 -1125 -10530
6902 -1085 -10354
6903 -1115 -10514
6904 -1135 -10554
6905 -1041 -10526
6906 -1117 -10690
6907 -1041 -10882
6908 -935 -10698
6909 -957 -10690
6910 -1191 -10466
6911 -1039 -10530
6912 -1231 -10386
6913 -1359 -10646
6914 -1431 -10866
6915 -1395 -10506
6916 -1469 -10806
6917 -1347 -10450
6918 -1197 -10618
6919 -1075 -10770
6920 -1117 -10610
6921 -1131 -10378
6922 -1063 -10554
6923 -1025 -10626
6924 -1003 -10506
6925 -1069 -10410
6926 -1051 -9990
6927 -1003 -10230
6928 -905 -10250
6929 -1047 -10318
6930 -919 -10638
6931 -815 -10414
6932 -821 -10334
6933 -895 -10382
6934 -845 -10538
6935 -861 -10690
6936 -909 -10874
6937 -719 -10534
6938 -671 -10610
6939 -531 -10630
6940 -493 -10486
6941 -495 -10594
6942 -569 -10486
6943 -479 -10522
6944 -537 -10522
6945 -575 -10590
6946 -419 -10626
6947 -477 -10590
6948 -521 -10774
6949 -385 -10294
6950 -209 -10138
6951 -249 -10370
6952 -223 -10618
6953 -479 -10402
6954 -439 -10098
6955 -651 -10106
6956 -599 -10494
6957 -743 -10694
6958 -605 -10818
6959 -447 -10514
6960 -311 -10618
6961 -337 -10798
6962 -353 -10734
6963 -323 -10898
6964 -477 -11090
6965 -407 -10946
6966 -457 -10830
6967 -407 -10782
6968 -447 -10506
6969 -441 -10278
6970 -583 -10522
6971 -539 -10386
6972 -733 -10186
6973 -741 -10274
6974 -755 -10646
6975 -733 -10306
6976 -731 -10362
6977 -723 -10526
6978 -811 -10510
6979 -749 -10762
6980 -657 -10662
6981 -703 -10410
6982 -763 -10278
6983 -641 -10338
6984 -803 -10258
6985 -515 -10294
6986 -557 -10454
6987 -629 -10234
6988 -553 -10654
6989 -713 -10714
6990 -733 -10886
6991 -815 -11050
6992 -951 -11018
6993 -989 -10858
6994 -1115 -10942
6995 -1005 -10826
6996 -891 -10898
6997 -1009 -10986
6998 -1209 -11026
6999 -1265 -10846
7000 -1165 -10330
7001 -1225 -10642
7002 -1251 -10778
7003 -1205 -10534
7004 -1191 -10674
7005 -1193 -10522
7006 -1237 -10350
7007 -1177 -10330
7008 -1237 -10630
7009 -1239 -10442
7010 -1101 -10582
7011 -1017 -10778
7012 -1045 -10638
7013 -1123 -10530
7014 -1085 -10474
7015 -999 -10250
7016 -983 -10546
7017 -1009 -10578
7018 -799 -10678
7019 -571 -10942
7020 -611 -10630
7021 -603 -10486
7022 -661 -10510
7023 -513 -10254
7024 -447 -10802
7025 -359 -10514
7026 -469 -10478
7027 -587 -10458
7028 -545 -10450
7029 -511 -10326
7030 -521 -10390
7031 -483 -10258
7032 -593 -10486
7033 -747 -10422
7034 -749 -10318
7035 -671 -10222
7036 -747 -10250
7037 -795 -10426
7038 -841 -10378
7039 -707 -10250
7040 -607 -10238
7041 -239 -10718
7042 -429 -10430
7043 -557 -10634
7044 -699 -10650
7045 -677 -10778
7046 -645 -10794
7047 -539 -10570
7048 -879 -10158
7049 -747 -10010
7050 -625 -10106
7051 -631 -10098
7052 -509 -10170
7053 -231 -10158
7054 -307 -10358
7055 -285 -10610
7056 -421 -10262
7057 -347 -10578
7058 -249 -10598
7059 -539 -10546
7060 -303 -10738
7061 -249 -10490
7062 -131 -10282
7063 -187 -10246
7064 23 -10286
7065 -201 -10350
7066 -181 -10246
7067 -403 -10190
7068 -299 -10198
7069 -349 -10134
7070 -359 -10302
7071 -441 -10438
7072 -305 -10322
7073 -283 -10242
7074 -233 -10258
7075 -61 -10418
7076 -145 -10474
7077 -93 -10470
7078 -195 -10350
7079 -69 -10802
7080 -27 -10754
7081 -95 -10450
7082 -175 -10498
7083 -307 -10582
7084 -373 -10422
7085 -287 -10474
7086 -307 -10602
7087 -293 -10586
7088 -221 -10750
7089 -145 -10578
7090 -39 -10570
7091 -57 -10330
7092 -45 -10562
7093 -19 -10378
7094 145 -10502
7095 63 -10654
7096 1 -10646
7097 271 -10662
7098 199 -10678
7099 297 -10754
7100 489 -10606
7101 455 -10634
7102 555 -10490
7103 639 -10314
7104 519 -10346
7105 679 -10414
7106 763 -10266
7107 517 -10498
7108 449 -10586
7109 287 -10554
7110 249 -10702
7111 271 -10402
7112 209 -10274
7113 313 -10358
7114 295 -10454
7115 269 -10446
7116 295 -10578
7117 379 -10622
7118 419 -10570
7119 483 -10554
7120 381 -10430
7121 225 -10698
7122 177 -10466
7123 155 -10570
7124 185 -10670
7125 365 -10702
7126 327 -10474
7127 431 -10550
7128 485 -10578
7129 645 -10730
7130 733 -10842
7131 715 -10658
7132 531 -10522
7133 549 -10490
7134 639 -10522
7135 943 -10598
7136 973 -10134
7137 929 -10094
7138 837 -10490
7139 951 -10670
7140 969 -10554
7141 1017 -10506
7142 1155 -10570
7143 1117 -10474
7144 1021 -10542
7145 1131 -10674
7146 1507 -10726
7147 1203 -10426
7148 1245 -10534
7149 1329 -10562
7150 1273 -10642
7151 1387 -10370
7152 1431 -10242
7153 1169 -10082
7154 1089 -10354
7155 1025 -10358
7156 1203 -10586
7157 1229 -10518
7158 1251 -10642
7159 1179 -10614
7160 1189 -10822
7161 1167 -10966
7162 1181 -10738
7163 1049 -10794
7164 1093 -10758
7165 1215 -10782
7166 1223 -10802
7167 1273 -10682
7168 1215 -10394
7169 1203 -10430
7170 1201 -10430
7171 891 -10334
7172 851 -10450
7173 971 -10346
7174 1161 -10578
7175 1175 -10638
7176 1211 -10470
7177 1185 -10574
7178 1247 -10322
7179 1105 -10182
7180 1167 -10214
7181 1247 -10570
7182 1233 -10710
7183 1089 -10578
7184 1179 -10730
7185 1401 -10758
7186 1273 -10890
7187 1349 -10818
7188 1219 -10726
7189 1111 -10702
7190 1143 -10954
7191 1385 -10678
7192 1227 -10866
7193 1297 -10666
7194 1357 -10662
7195 1287 -10714
7196 1325 -10822
7197 1331 -10626
7198 1481 -10674
7199 1477 -10658
7200 1623 -10866
7201 1405 -10714
7202 1467 -10818
7203 1409 -10918
7204 1285 -10778
7205 1179 -10474
7206 1151 -10530
7207 1113 -10594
7208 1113 -10614
7209 1251 -10694
7210 1267 -10954
7211 1093 -10970
7212 983 -10982
7213 1031 -10718
7214 1091 -10770
7215 1001 -10750
7216 901 -10506
7217 1025 -10798
7218 863 -11066
7219 823 -10846
7220 753 -10754
7221 893 -10678
7222 805 -10586
7223 917 -10254
7224 811 -10430
7225 903 -10322
7226 843 -10466
7227 933 -10702
7228 857 -10702
7229 665 -10634
7230 629 -10690
7231 751 -10754
7232 707 -10718
7233 525 -10894
7234 537 -10682
7235 477 -10794
7236 399 -10598
7237 399 -10690
7238 387 -10606
7239 237 -10822
7240 207 -10838
7241 145 -10382
7242 107 -10542
7243 111 -10386
7244 315 -10498
7245 279 -10966
7246 257 -10698
7247 177 -10418
7248 199 -10418
7249 -29 -10230
7250 -105 -10322
7251 -125 -10522
7252 -179 -10658
7253 95 -10318
7254 -1 -10218
7255 -7 -10422
7256 67 -10186
7257 37 -10494
7258 115 -10274
7259 -125 -10398
7260 -171 -10642
7261 -255 -10390
7262 -81 -10446
7263 -31 -10334
7264 137 -10410
7265 93 -10342
7266 101 -10346
7267 321 -10498
7268 265 -10410
7269 459 -10374
7270 287 -10418
7271 173 -10586
7272 107 -10750
7273 73 -10470
7274 -77 -10482
7275 -123 -10602
7276 -27 -10502
7277 -75 -10582
7278 -51 -10598
7279 -207 -10722
7280 -175 -10758
7281 -95 -10666
7282 -43 -10582
7283 117 -10654
7284 89 -10602
7285 81 -10746
7286 103 -10754
7287 159 -10834
7288 219 -10422
7289 53 -10026
7290 69 -10394
7291 83 -10406
7292 163 -10418
7293 115 -10370
7294 -73 -10186
7295 -117 -10282
7296 -43 -10422
7297 -55 -10334
7298 -5 -10266
7299 -43 -10510
7300 -131 -10790
7301 -127 -10802
7302 -145 -10446
7303 -61 -10470
7304 -129 -10698
7305 -51 -10626
7306 -33 -10882
7307 -1 -10506
7308 197 -10726
7309 217 -10526
7310 127 -10214
7311 239 -10226
7312 303 -10438
7313 317 -10578
7314 491 -10754
7315 449 -10682
7316 537 -10634
7317 499 -10598
7318 427 -10742
7319 343 -10906
7320 471 -10738
7321 567 -10242
7322 575 -10422
7323 585 -10610
7324 693 -10490
7325 797 -10826
7326 639 -10714
7327 585 -10730
7328 451 -10706
7329 377 -10874
7330 347 -10846
7331 413 -10930
7332 445 -10970
7333 325 -11066
7334 327 -10770
7335 405 -10990
7336 321 -10930
7337 217 -10738
7338 191 -10890
7339 197 -10990
7340 1 -11254
7341 81 -10858
7342 95 -10910
7343 -177 -10814
7344 -393 -10990
7345 -225 -10802
7346 -331 -10786
7347 -445 -10502
7348 -603 -10626
7349 -647 -10846
7350 -579 -10454
7351 -537 -10486
7352 -545 -10698
7353 -415 -10814
7354 -301 -10970
7355 -331 -10882
7356 -327 -10610
7357 -393 -10534
7358 -365 -10250
7359 -263 -10218
7360 -341 -9806
7361 -403 -10334
7362 -605 -10378
7363 -681 -10242
7364 -775 -10358
7365 -651 -10406
7366 -553 -10394
7367 -381 -10466
7368 -395 -10398
7369 -325 -10522
7370 -393 -10846
7371 -425 -10698
7372 -405 -10358
7373 -425 -10754
7374 -281 -10686
7375 -349 -10538
7376 -321 -10742
7377 -257 -10590
7378 -217 -10698
7379 -291 -10478
7380 -91 -10630
7381 29 -10646
7382 -45 -10614
7383 51 -10634
7384 45 -10286
7385 155 -10346
7386 137 -10662
7387 -211 -10626
7388 -119 -10542
7389 -151 -10762
7390 21 -10426
7391 25 -10250
7392 -17 -10450
7393 -125 -10294
7394 -133 -10262
7395 -9 -10546
7396 25 -10738
7397 17 -10654
7398 85 -10746
7399 -9 -10750
7400 -167 -10370
7401 -199 -10638
7402 -241 -10626
7403 -91 -10802
7404 73 -10806
7405 115 -10586
7406 355 -10634
7407 323 -10842
7408 623 -10646
7409 499 -10314
7410 687 -10558
7411 753 -10514
7412 793 -10422
7413 807 -10406
7414 701 -10098
7415 653 -10178
7416 861 -10350
7417 947 -10354
7418 921 -10194
7419 771 -10038
7420 1007 -10438
7421 1059 -10554
7422 1195 -10490
7423 1161 -10562
7424 1109 -10698
7425 1041 -10562
7426 947 -10566
7427 1047 -10534
7428 943 -10938
7429 1053 -10866
7430 849 -11190
7431 745 -11002
7432 867 -10866
7433 765 -10510
7434 625 -10146
7435 629 -10198
7436 611 -10390
7437 639 -10514
7438 589 -10298
7439 427 -10366
7440 529 -10322
7441 747 -10294
7442 845 -10618
7443 763 -10598
7444 893 -10626
7445 785 -10778
7446 871 -11010
7447 819 -11134
7448 749 -10950
7449 739 -10638
7450 681 -10642
7451 531 -10558
7452 787 -10706
7453 829 -10702
7454 727 -10590
7455 659 -11014
7456 729 -10934
7457 671 -10902
7458 485 -10730
7459 383 -11006
7460 233 -10982
7461 331 -10714
7462 549 -10630
7463 437 -10706
7464 413 -10514
7465 411 -10466
7466 501 -10566
7467 535 -10610
7468 403 -10430
7469 399 -10626
7470 303 -10386
7471 457 -10334
7472 545 -10538
7473 551 -10578
7474 597 -10542
7475 629 -10846
7476 555 -10750
7477 715 -11022
7478 889 -11238
7479 1033 -10958
7480 871 -10666
7481 1145 -10710
7482 1097 -10470
7483 1053 -10274
7484 959 -10234
7485 845 -10266
7486 837 -10242
7487 937 -10126
7488 863 -10330
7489 795 -10374
7490 763 -10518
7491 691 -10474
7492 733 -10350
7493 651 -10082
7494 497 -10170
7495 297 -10294
7496 351 -10422
7497 333 -10206
7498 109 -10250
7499 -123 -10214
7500 -269 -10194
7501 -115 -10114
7502 -199 -10146
7503 -327 -10206
7504 -241 -10418
7505 -385 -10438
7506 -111 -10294
7507 -269 -10362
7508 -265 -10350
7509 -327 -10530
7510 -403 -10714
7511 -247 -10654
7512 -257 -10554
7513 -253 -10446
7514 -261 -10462
7515 -315 -10662
7516 -91 -10550
7517 -249 -10582
7518 -217 -10706
7519 -177 -10778
7520 -183 -10898
7521 -187 -10658
7522 -173 -10738
7523 -271 -10546
7524 -145 -10538
7525 -105 -10690
7526 -109 -11046
7527 -107 -10618
7528 -103 -10770
7529 -53 -10674
7530 -183 -10922
7531 -441 -10982
7532 -399 -10954
7533 -355 -11082
7534 -385 -10834
7535 -531 -10638
7536 -653 -10574
7537 -593 -10994
7538 -695 -10866
7539 -739 -10554
7540 -1053 -10598
7541 -865 -10498
7542 -887 -10294
7543 -797 -10162
7544 -843 -10434
7545 -605 -10270
7546 -397 -10482
7547 -523 -10522
7548 -545 -10570
7549 -411 -10450
7550 -365 -10738
7551 -405 -10470
7552 -281 -10486
7553 -403 -10546
7554 -445 -10450
7555 -711 -10414
7556 -741 -10594
7557 -707 -10454
7558 -891 -10618
7559 -917 -10670
7560 -881 -10638
7561 -857 -10642
7562 -991 -10534
7563 -1061 -10374
7564 -1189 -10142
7565 -1111 -10302
7566 -1245 -10434
7567 -1013 -10626
7568 -1123 -10622
7569 -903 -10510
7570 -921 -10434
7571 -897 -10142
7572 -875 -10386
7573 -953 -10250
7574 -887 -10450
7575 -757 -10598
7576 -1061 -10686
7577 -965 -10506
7578 -815 -10538
7579 -945 -10866
7580 -879 -10634
7581 -883 -10634
7582 -963 -10678
7583 -777 -10646
7584 -745 -10686
7585 -607 -10706
7586 -659 -10806
7587 -613 -10518
7588 -533 -10454
7589 -775 -11118
7590 -845 -10718
7591 -719 -10610
7592 -799 -10326
7593 -827 -10366
7594 -825 -10186
7595 -861 -10314
7596 -725 -10306
7597 -649 -10266
7598 -543 -10282
7599 -439 -10242
7600 -417 -10346
7601 -413 -10382
7602 -599 -10322
7603 -447 -9942
7604 -587 -10178
7605 -557 -10006
7606 -635 -10274
7607 -517 -10054
7608 -685 -9982
7609 -731 -10262
7610 -547 -10022
7611 -589 -10202
7612 -519 -10410
7613 -537 -10598
7614 -569 -10458
7615 -695 -10578
7616 -623 -10902
7617 -705 -10538
7618 -785 -10558
7619 -747 -10466
7620 -811 -10234
7621 -801 -10362
7622 -917 -10122
7623 -989 -10106
7624 -893 -10050
7625 -903 -10374
7626 -973 -10206
7627 -1039 -10254
7628 -893 -10274
7629 -797 -10218
7630 -607 -10210
7631 -561 -10330
7632 -621 -10610
7633 -475 -10330
7634 -521 -10442
7635 -551 -10318
7636 -289 -10218
7637 -329 -10066
7638 -315 -10138
7639 -263 -9998
7640 -221 -9982
7641 -137 -9994
7642 -105 -9826
7643 109 -10338
7644 -163 -10178
7645 -151 -10534
7646 -7 -10350
7647 -125 -10390
7648 -149 -10226
7649 -141 -10062
7650 -361 -10022
7651 -301 -10078
7652 -203 -10290
7653 -149 -10182
7654 177 -10402
7655 347 -10262
7656 421 -10370
7657 441 -10610
7658 81 -10470
7659 121 -10434
7660 267 -10266
7661 117 -9942
7662 5 -10318
7663 127 -10302
7664 193 -10306
7665 527 -10370
7666 363 -10462
7667 431 -10642
7668 767 -10582
7669 869 -10630
7670 799 -10790
7671 799 -10610
7672 829 -10746
7673 773 -10730
7674 673 -10766
7675 389 -10714
7676 375 -10670
7677 -77 -10782
7678 -81 -10682
7679 -71 -10638
7680 201 -10538
7681 379 -10522
7682 383 -10750
7683 487 -10370
7684 625 -10334
7685 539 -10206
7686 615 -10634
7687 531 -10666
7688 591 -10566
7689 641 -10762
7690 567 -10302
7691 373 -10190
7692 355 -10310
7693 601 -10414
7694 649 -10546
7695 643 -10622
7696 603 -10670
7697 513 -10498
7698 549 -10258
7699 379 -10214
7700 321 -10442
7701 351 -10314
7702 391 -10350
7703 323 -10098
7704 333 -10042
7705 393 -10430
7706 411 -10402
7707 433 -10634
7708 631 -10498
7709 381 -10582
7710 379 -10610
7711 141 -10626
7712 277 -10686
7713 333 -10702
7714 385 -10602
7715 543 -10570
7716 523 -10350
7717 219 -10582
7718 223 -10482
7719 167 -10654
7720 -189 -10618
7721 -247 -10878
7722 -211 -10930
7723 -203 -10922
7724 -203 -10518
7725 -185 -10630
7726 -193 -10262
7727 -105 -10750
7728 89 -10770
7729 -27 -10574
7730 -27 -10534
7731 -21 -10366
7732 57 -10370
7733 -11 -10394
7734 13 -10342
7735 129 -10150
7736 459 -10222
7737 681 -10386
7738 665 -10422
7739 639 -10426
7740 525 -10534
7741 473 -10202
7742 273 -10058
7743 329 -10606
7744 353 -10322
7745 439 -10218
7746 261 -10418
7747 311 -10738
7748 333 -10502
7749 317 -10806
7750 391 -10614
7751 457 -10670
7752 323 -10526
7753 257 -10502
7754 229 -10286
7755 205 -10490
7756 141 -10330
7757 165 -10618
7758 257 -10266
7759 301 -10298
7760 507 -10446
7761 341 -10150
7762 333 -10246
7763 295 -10510
7764 179 -10222
7765 255 -10426
7766 323 -10234
7767 333 -10246
7768 191 -10338
7769 87 -10318
7770 -73 -10262
7771 3 -10078
7772 5 -10314
7773 -43 -10314
7774 19 -10350
7775 101 -10198
7776 -17 -10178
7777 153 -10246
7778 -41 -10246
7779 -163 -10074
7780 -269 -10082
7781 -337 -9906
7782 -301 -10186
7783 -395 -10170
7784 -309 -10226
7785 -133 -10170
7786 -419 -10674
7787 -583 -10754
7788 -467 -10550
7789 -529 -10462
7790 -709 -10578
7791 -623 -10430
7792 -475 -10298
7793 -613 -10402
7794 -479 -10718
7795 -569 -10650
7796 -465 -10542
7797 -347 -10914
7798 -583 -10858
7799 -525 -11042
7800 -345 -10882
7801 -113 -10818
7802 -199 -10978
7803 -229 -10650
7804 -325 -10574
7805 -251 -10494
7806 -55 -10406
7807 -135 -10646
7808 -137 -10658
7809 49 -10770
7810 1 -10606
7811 -73 -10538
7812 -51 -10482
7813 167 -10494
7814 241 -10482
7815 111 -10630
7816 -39 -10478
7817 -53 -10198
7818 -47 -10142
7819 107 -10282
7820 175 -10638
7821 345 -10846
7822 195 -10882
7823 287 -10786
7824 437 -10722
7825 517 -10750
7826 497 -10706
7827 495 -10702
7828 671 -10602
7829 731 -10606
7830 577 -10302
7831 557 -10546
7832 591 -10774
7833 629 -10538
7834 549 -10450
7835 803 -10242
7836 859 -10402
7837 811 -10474
7838 875 -10474
7839 831 -10434
7840 1005 -10574
7841 1185 -10502
7842 1229 -10670
7843 1071 -10466
7844 1233 -10602
7845 1261 -10410
7846 1297 -10662
7847 1347 -10578
7848 1499 -10662
7849 1617 -10622
7850 1617 -10746
7851 1807 -10534
7852 2003 -10670
7853 1795 -10534
7854 1717 -10910
7855 1621 -10658
7856 1525 -10690
7857 1625 -10646
7858 1667 -10646
7859 1485 -10486
7860 1449 -10454
7861 1197 -10510
7862 1097 -10558
7863 917 -10586
7864 817 -10282
7865 1043 -10330
7866 1129 -10482
7867 1171 -10242
7868 1189 -10190
7869 1089 -10194
7870 1109 -10114
7871 937 -9986
7872 1001 -10114
7873 751 -10150
7874 823 -10030
7875 1081 -10178
7876 927 -10458
7877 939 -10522
7878 843 -10626
7879 881 -10650
7880 983 -10666
7881 947 -10466
7882 887 -10514
7883 835 -10078
7884 741 -10186
7885 637 -10058
7886 537 -10262
7887 461 -10450
7888 477 -10550
7889 461 -10678
7890 433 -10570
7891 413 -10706
7892 499 -10402
7893 409 -10394
7894 283 -10582
7895 293 -10818
7896 499 -11006
7897 519 -10702
7898 513 -10502
7899 503 -10610
7900 547 -10750
7901 459 -10726
7902 465 -10662
7903 591 -10674
7904 571 -10618
7905 577 -10426
7906 603 -10714
7907 875 -10750
7908 877 -10978
7909 891 -10914
7910 841 -10730
7911 849 -10762
7912 949 -10974
7913 869 -11058
7914 685 -10974
7915 687 -10714
7916 649 -10690
7917 561 -10738
7918 403 -10778
7919 569 -10814
7920 477 -10786
7921 419 -10894
7922 361 -11154
7923 391 -10662
7924 275 -10382
7925 201 -10642
7926 351 -10462
7927 421 -10406
7928 619 -10422
7929 731 -10430
7930 619 -10442
7931 717 -10414
7932 667 -10714
7933 727 -10882
7934 607 -10406
7935 179 -10626
7936 185 -10654
7937 167 -10506
7938 109 -10470
7939 189 -10454
7940 93 -10690
7941 143 -10594
7942 87 -10638
7943 169 -10442
7944 289 -10474
7945 357 -10350
7946 139 -10618
7947 247 -10414
7948 343 -10546
7949 401 -10646
7950 295 -10630
7951 473 -10622
7952 493 -10970
7953 355 -10782
7954 217 -10846
7955 71 -10822
7956 233 -10862
7957 375 -10790
7958 105 -10626
7959 213 -10618
7960 225 -10674
7961 223 -10526
7962 179 -10558
7963 413 -10610
7964 431 -10750
7965 435 -10590
7966 503 -10446
7967 421 -10378
7968 535 -10658
7969 627 -10662
7970 527 -10502
7971 253 -10514
7972 185 -10702
7973 -33 -10634
7974 125 -10554
7975 -21 -10594
7976 -293 -10590
7977 -323 -10678
7978 -343 -10658
7979 -271 -10506
7980 -301 -10334
7981 -317 -10522
7982 -183 -10462
7983 -13 -10462
7984 -205 -10350
7985 -165 -10498
7986 -431 -10322
7987 -597 -10630
7988 -643 -10794
7989 -655 -10678
7990 -569 -10422
7991 -547 -10534
7992 -559 -10590
7993 -473 -10374
7994 -483 -10590
7995 -215 -10690
7996 -159 -10942
7997 -163 -10682
7998 -317 -10598
7999 -147 -10458
8000 -239 -10762
8001 -331 -10686
8002 -119 -10738
8003 -15 -10574
8004 -157 -10378
8005 -117 -10498
8006 -229 -10562
8007 -369 -10614
8008 -423 -10522
8009 -371 -10594
8010 -543 -10862
8011 -561 -10662
8012 -383 -10862
8013 -551 -10654
8014 -663 -10698
8015 -685 -10646
8016 -617 -10574
8017 -487 -10482
8018 -613 -10378
8019 -739 -10610
8020 -587 -10662
8021 -789 -10682
8022 -653 -10442
8023 -545 -10474
8024 -507 -10290
8025 -495 -10350
8026 -803 -10150
8027 -831 -10390
8028 -839 -10746
8029 -963 -10558
8030 -849 -10826
8031 -715 -10550
8032 -821 -11138
8033 -883 -10878
8034 -701 -10802
8035 -975 -10606
8036 -979 -10594
8037 -1151 -10338
8038 -1237 -10358
8039 -1223 -10222
8040 -1241 -10354
8041 -1353 -10422
8042 -1285 -10370
8043 -1357 -10550
8044 -1423 -10490
8045 -1479 -10622
8046 -1363 -10502
8047 -1327 -10474
8048 -1141 -10314
8049 -909 -10478
8050 -821 -10550
8051 -707 -10354
8052 -377 -10254
8053 -151 -10342
8054 -31 -10298
8055 91 -10366
8056 115 -10662
8057 275 -10798
8058 323 -11094
8059 503 -10778
8060 347 -10794
8061 509 -10894
8062 531 -10714
8063 581 -10802
8064 539 -10778
8065 591 -10770
8066 567 -10690
8067 607 -10702
8068 575 -10722
8069 643 -11006
8070 613 -10814
8071 761 -10894
8072 587 -10622
8073 473 -10698
8074 295 -10554
8075 261 -10502
8076 131 -10482
8077 241 -10170
8078 23 -10170
8079 141 -10078
8080 131 -10558
8081 139 -10638
8082 243 -10498
8083 221 -10662
8084 137 -10302
8085 293 -10406
8086 391 -10450
8087 301 -10502
8088 257 -10602
8089 303 -10726
8090 133 -10830
8091 353 -10570
8092 135 -10482
8093 229 -10558
8094 263 -10550
8095 233 -10662
8096 57 -10530
8097 89 -10626
8098 51 -10290
8099 23 -10362
8100 27 -10390
8101 123 -10138
8102 265 -10302
8103 361 -10454
8104 537 -10510
8105 621 -10578
8106 455 -10462
8107 751 -10718
8108 833 -10582
8109 659 -10526
8110 719 -10434
8111 681 -10554
8112 733 -10918
8113 861 -10626
8114 989 -10746
8115 983 -10646
8116 1045 -10638
8117 1287 -10802
8118 1341 -11090
8119 1165 -10646
8120 1313 -10554
8121 1223 -10666
8122 1157 -10862
8123 1049 -10738
8124 939 -10318
8125 899 -10482
8126 785 -10214
8127 839 -10606
8128 955 -10262
8129 751 -10490
8130 893 -10666
8131 835 -10506
8132 591 -10342
8133 443 -10370
8134 465 -10254
8135 233 -10178
8136 381 -10454
8137 233 -10402
8138 87 -10130
8139 113 -9806
8140 -41 -10078
8141 -39 -10434
8142 -71 -10574
8143 -221 -10542
8144 -277 -10454
8145 -239 -10418
8146 -39 -10290
8147 115 -10290
8148 227 -10062
8149 207 -10502
8150 173 -10798
8151 155 -10738
8152 463 -10730
8153 545 -10642
8154 625 -10422
8155 551 -10542
8156 553 -10522
8157 371 -10414
8158 253 -10722
8159 135 -10874
8160 -19 -10970
8161 47 -10826
8162 -97 -10718
8163 -187 -10486
8164 -69 -10414
8165 -61 -10598
8166 151 -10642
8167 257 -10654
8168 457 -10314
8169 355 -10602
8170 485 -10598
8171 357 -10638
8172 285 -10730
8173 403 -10390
8174 507 -10482
8175 595 -10466
8176 645 -10706
8177 667 -10970
8178 835 -10882
8179 691 -11038
8180 567 -10922
8181 655 -10870
8182 545 -10702
8183 353 -10690
8184 285 -10586
8185 215 -10466
8186 243 -10218
8187 -39 -10434
8188 219 -10306
8189 81 -10522
8190 -37 -10390
8191 25 -10482
8192 -23 -10314
8193 67 -10314
8194 181 -10250
8195 249 -10534
8196 379 -10514
8197 383 -10458
8198 345 -10442
8199 329 -10258
8200 289 -10502
8201 159 -10646
8202 153 -10618
8203 269 -10782
8204 587 -10746
8205 583 -10778
8206 633 -10510
8207 477 -10810
8208 277 -10898
8209 59 -10738
8210 -137 -10610
8211 -155 -10666
8212 -239 -10450
8213 -245 -10286
8214 -199 -10454
8215 -207 -10310
8216 -91 -10358
8217 -171 -10218
8218 49 -10242
8219 -15 -9986
8220 47 -10270
8221 297 -10258
8222 463 -10050
8223 479 -10058
8224 351 -10314
8225 417 -10014
8226 485 -10258
8227 379 -10242
8228 293 -10450
8229 541 -10438
8230 525 -10170
8231 609 -10298
8232 379 -10358
8233 513 -10298
8234 517 -10550
8235 425 -10274
8236 241 -10474
8237 159 -10430
8238 181 -10510
8239 51 -10378
8240 81 -10470
8241 -1 -10194
8242 -89 -10262
8243 -69 -10758
8244 -159 -10722
8245 -151 -10354
8246 -153 -10474
8247 -329 -10658
8248 -121 -10730
8249 65 -10666
8250 149 -10598
8251 205 -10206
8252 -33 -10470
8253 85 -10386
8254 -81 -10554
8255 31 -10598
8256 105 -10494
8257 225 -10330
8258 325 -10402
8259 177 -10502
8260 275 -10434
8261 377 -10494
8262 365 -10470
8263 609 -10630
8264 771 -10402
8265 767 -10578
8266 673 -10554
8267 671 -10638
8268 559 -10350
8269 765 -10342
8270 849 -10362
8271 731 -10278
8272 657 -10546
8273 795 -10470
8274 821 -10350
8275 645 -10134
8276 757 -10250
8277 907 -10534
8278 883 -10474
8279 791 -10250
8280 897 -10490
8281 915 -10418
8282 999 -10358
8283 981 -10610
8284 1041 -10414
8285 1017 -10442
8286 757 -10486
8287 815 -10386
8288 823 -10370
8289 583 -10606
8290 607 -10814
8291 511 -10642
8292 337 -10406
8293 359 -10830
8294 113 -10694
8295 -7 -10630
8296 13 -10530
8297 29 -10358
8298 47 -10462
8299 1 -10586
8300 -29 -10766
8301 -171 -10654
8302 -223 -10566
8303 -75 -10590
8304 -289 -10482
8305 -485 -10394
8306 -313 -10214
8307 -177 -10382
8308 -197 -10246
8309 -315 -10282
8310 -483 -10158
8311 -505 -9994
8312 -303 -10414
8313 -97 -10010
8314 167 -10210
8315 161 -10058
8316 131 -10158
8317 365 -10390
8318 401 -10450
8319 389 -10298
8320 245 -10202
8321 445 -10486
8322 565 -10354
8323 593 -10158
8324 627 -9882
8325 943 -10358
8326 903 -10266
8327 905 -10114
8328 753 -10018
8329 755 -10018
8330 781 -10102
8331 675 -9982
8332 565 -10110
8333 801 -10358
8334 851 -10242
8335 689 -10366
8336 727 -10294
8337 851 -10130
8338 965 -10402
8339 983 -10390
8340 893 -10346
8341 1219 -10382
8342 939 -10090
8343 821 -10098
8344 749 -9958
8345 835 -10266
8346 783 -10214
8347 745 -10102
8348 621 -10258
8349 589 -10298
8350 527 -10442
8351 635 -10506
8352 583 -10530
8353 437 -10574
8354 631 -10422
8355 573 -10642
8356 333 -10450
8357 295 -10042
8358 247 -10130
8359 163 -10370
8360 71 -10302
8361 -101 -10318
8362 3 -10054
8363 -171 -10290
8364 -351 -10198
8365 -363 -9990
8366 -439 -10170
8367 -409 -10442
8368 -307 -10390
8369 -567 -10510
8370 -481 -10478
8371 -571 -10306
8372 -509 -10470
8373 -331 -10414
8374 -319 -10502
8375 -489 -10470
8376 -465 -10418
8377 -317 -10346
8378 -381 -10522
8379 -189 -10174
8380 -145 -10202
8381 29 -10158
8382 123 -10090
8383 135 -10102
8384 -5 -10046
8385 17 -9878
8386 123 -10138
8387 -69 -10010
8388 127 -9962
8389 35 -10006
8390 39 -9950
8391 71 -10174
8392 -227 -10218
8393 -1 -10326
8394 -67 -10182
8395 69 -10398
8396 191 -10126
8397 187 -10142
8398 51 -10338
8399 205 -10406
8400 283 -10346
8401 389 -10250
8402 293 -10386
8403 313 -10230
8404 141 -10086
8405 187 -10298
8406 229 -10334
8407 115 -10362
8408 -219 -10302
8409 -171 -10318
8410 -187 -10430
8411 -101 -10610
8412 -175 -10282
8413 -137 -10186
8414 -103 -10162
8415 -193 -10406
8416 -147 -10578
8417 -203 -10490
8418 -289 -10678
8419 -311 -10542
8420 -165 -10630
8421 -7 -10766
8422 13 -10550
8423 135 -10598
8424 295 -10902
8425 279 -10854
8426 313 -10994
8427 319 -10954
8428 261 -10906
8429 211 -10810
8430 189 -10822
8431 83 -10662
8432 109 -10366
8433 25 -10430
8434 -161 -10414
8435 -191 -10574
8436 -317 -10278
8437 -57 -10626
8438 95 -10654
8439 219 -10414
8440 127 -10650
8441 189 -10262
8442 243 -10098
8443 353 -10422
8444 363 -10366
8445 353 -10526
8446 501 -10714
8447 425 -10614
8448 307 -10386
8449 213 -10354
8450 427 -10818
8451 445 -10666
8452 501 -10726
8453 363 -10714
8454 349 -10514
8455 455 -10390
8456 369 -10262
8457 205 -10090
8458 109 -10390
8459 147 -10370
8460 239 -10762
8461 257 -10770
8462 247 -10474
8463 227 -10506
8464 209 -10562
8465 131 -10514
8466 159 -10250
8467 261 -10462
8468 573 -10710
8469 473 -10738
8470 465 -10586
8471 365 -10670
8472 287 -10534
8473 107 -10522
8474 43 -10250
8475 249 -10222
8476 147 -10278
8477 119 -10138
8478 7 -10206
8479 -231 -10362
8480 -299 -10454
8481 -303 -10746
8482 -117 -10598
8483 -259 -10558
8484 -411 -10270
8485 -439 -10542
8486 -421 -10422
8487 -447 -10490
8488 -409 -10646
8489 -445 -10486
8490 -349 -10330
8491 -369 -10202
8492 -329 -10434
8493 -353 -10114
8494 -67 -10362
8495 -91 -10758
8496 -35 -10538
8497 -85 -10410
8498 -151 -10734
8499 -283 -10390
8500 -509 -10566
8501 -425 -10458
8502 -507 -10378
8503 -407 -10366
8504 -545 -10266
8505 -443 -10306
8506 -383 -10378
8507 -237 -10382
8508 -125 -10706
8509 -107 -10350
8510 -315 -10654
8511 -479 -10602
8512 -399 -10506
8513 -475 -10482
8514 -573 -10214
8515 -361 -10298
8516 -509 -10390
8517 -443 -10266
8518 -361 -10094
8519 -321 -10614
8520 -263 -10774
8521 -213 -10674
8522 -93 -10722
8523 -21 -10458
8524 -23 -10318
8525 -103 -10370
8526 -189 -10246
8527 -65 -10274
8528 -165 -10386
8529 -79 -10506
8530 151 -10514
8531 95 -10494
8532 439 -10378
8533 353 -10626
8534 413 -10666
8535 547 -10594
8536 599 -10534
8537 815 -10618
8538 689 -10506
8539 835 -10666
8540 903 -10878
8541 975 -10942
8542 907 -10790
8543 1129 -10914
8544 1169 -10942
8545 1169 -11066
8546 1225 -11210
8547 1337 -10942
8548 1263 -10730
8549 1373 -10598
8550 1381 -10666
8551 1303 -10962
8552 1389 -10906
8553 1373 -10822
8554 1473 -10746
8555 1495 -10742
8556 1537 -10746
8557 1441 -10606
8558 1497 -10654
8559 1675 -10866
8560 1595 -10802
8561 1477 -10930
8562 1583 -10774
8563 1475 -10966
8564 1589 -11210
8565 1477 -10786
8566 1361 -10606
8567 1351 -10566
8568 1379 -10662
8569 1283 -10746
8570 1365 -10606
8571 1189 -10726
8572 1123 -10590
8573 975 -10466
8574 867 -10462
8575 873 -10266
8576 915 -10274
8577 1045 -10318
8578 1091 -10286
8579 977 -10326
8580 1065 -10490
8581 1001 -10646
8582 893 -10574
8583 759 -10438
8584 651 -10450
8585 695 -10554
8586 823 -10722
8587 833 -10674
8588 761 -10538
8589 877 -10738
8590 899 -10914
8591 869 -10882
8592 811 -10822
8593 875 -11070
8594 973 -10690
8595 929 -10926
8596 965 -10970
8597 857 -10822
8598 907 -10622
8599 1023 -10882
8600 1079 -10650
8601 913 -10794
8602 799 -10410
8603 789 -10250
8604 859 -10322
8605 745 -10470
8606 725 -10338
8607 605 -10358
8608 579 -10506
8609 515 -10458
8610 591 -10598
8611 591 -10782
8612 603 -11022
8613 743 -11270
8614 853 -10930
8615 1105 -11098
8616 1099 -10694
8617 825 -10742
8618 885 -10482
8619 707 -10542
8620 699 -10390
8621 575 -10570
8622 645 -10498
8623 503 -10374
8624 569 -10478
8625 481 -10486
8626 445 -10454
8627 705 -10554
8628 633 -10354
8629 549 -10650
8630 627 -10534
8631 659 -10426
8632 855 -10418
8633 869 -10650
8634 1051 -10786
8635 1011 -10630
8636 983 -10666
8637 957 -10586
8638 919 -10414
8639 925 -10282
8640 945 -10294
8641 789 -10410
8642 727 -10250
8643 595 -10302
8644 825 -10466
8645 779 -10406
8646 791 -10334
8647 689 -10270
8648 551 -10474
8649 579 -10426
8650 717 -10742
8651 667 -10702
8652 523 -10742
8653 441 -10398
8654 463 -10490
8655 475 -10426
8656 443 -10734
8657 583 -10930
8658 423 -10754
8659 245 -10738
8660 235 -10398
8661 -37 -10302
8662 51 -10618
8663 163 -10398
8664 37 -10610
8665 21 -10686
8666 17 -10790
8667 27 -11042
8668 201 -10802
8669 101 -10714
8670 143 -10626
8671 97 -10738
8672 57 -10846
8673 227 -10534
8674 337 -10742
8675 381 -10934
8676 281 -10834
8677 363 -10626
8678 493 -10866
8679 543 -11038
8680 261 -10942
8681 213 -11266
8682 279 -11026
8683 501 -10906
8684 557 -11010
8685 335 -10870
8686 355 -10910
8687 285 -10970
8688 255 -10762
8689 101 -10786
8690 111 -10614
8691 93 -10658
8692 217 -10778
8693 105 -10718
8694 87 -10606
8695 351 -10634
8696 263 -10630
8697 399 -10366
8698 231 -10438
8699 237 -10486
8700 169 -10578
8701 -179 -10742
8702 -369 -10662
8703 -309 -10686
8704 -243 -10730
8705 -155 -10814
8706 -395 -10754
8707 -337 -10426
8708 -465 -10730
8709 -427 -10910
8710 -485 -10630
8711 -129 -10546
8712 -109 -10450
8713 -337 -10682
8714 -237 -10442
8715 -293 -10434
8716 -279 -10614
8717 -269 -10778
8718 -359 -10830
8719 -335 -10922
8720 -333 -11010
8721 -469 -10506
8722 -421 -10582
8723 -527 -10686
8724 -563 -10574
8725 -457 -10562
8726 -403 -10730
8727 -555 -10434
8728 -741 -10638
8729 -537 -10702
8730 -439 -10718
8731 -271 -10674
8732 -383 -10762
8733 -553 -10866
8734 -413 -11018
8735 -515 -10742
8736 -565 -10610
8737 -623 -10442
8738 -489 -10670
8739 -361 -10770
8740 -319 -10350
8741 -633 -10746
8742 -377 -10862
8743 -221 -10694
8744 -363 -10614
8745 -413 -10498
8746 -355 -10578
8747 -557 -10562
8748 -599 -10526
8749 -607 -10718
8750 -549 -10826
8751 -571 -10482
8752 -455 -10778
8753 -515 -10578
8754 -531 -10786
8755 -523 -10950
8756 -503 -10918
8757 -611 -10682
8758 -441 -10406
8759 -583 -10666
8760 -533 -10794
8761 -509 -10570
8762 -687 -10582
8763 -641 -10594
8764 -677 -10438
8765 -481 -10346
8766 -479 -10574
8767 -515 -10578
8768 -373 -10706
8769 -445 -10630
8770 -369 -10686
8771 -311 -10698
8772 -293 -10762
8773 -181 -10354
8774 -489 -10130
8775 -511 -10446
8776 -513 -10414
8777 -573 -10638
8778 -619 -10550
8779 -355 -10570
8780 -319 -10558
8781 -467 -10506
8782 -291 -10394
8783 -215 -10566
8784 -153 -10338
8785 -223 -10470
8786 -315 -10570
8787 -293 -10506
8788 -331 -10518
8789 -341 -10618
8790 -341 -10514
8791 -369 -10726
8792 -497 -10822
8793 -531 -10594
8794 -529 -10810
8795 -457 -10978
8796 -395 -11058
8797 -155 -10606
8798 -121 -10802
8799 -193 -10594
8800 -95 -10694
8801 -241 -10446
8802 -175 -10458
8803 -441 -10610
8804 -427 -10478
8805 -359 -10662
8806 -193 -10694
8807 -305 -10770
8808 -401 -11078
8809 -619 -10782
8810 -777 -10638
8811 -745 -10514
8812 -911 -10470
8813 -1095 -10590
8814 -1239 -10670
8815 -1175 -10670
8816 -1233 -10538
8817 -1141 -10230
8818 -1083 -10426
8819 -1189 -10570
8820 -1141 -10490
8821 -1123 -10530
8822 -1123 -10558
8823 -937 -10286
8824 -1057 -10522
8825 -1069 -10626
8826 -991 -10386
8827 -935 -10470
8828 -911 -10234
8829 -637 -10502
8830 -693 -10526
8831 -791 -10226
8832 -921 -10330
8833 -889 -10362
8834 -1097 -10562
8835 -1055 -10666
8836 -1023 -10594
8837 -975 -10462
8838 -1079 -10782
8839 -943 -10718
8840 -739 -10402
8841 -643 -10422
8842 -865 -10530
8843 -1087 -10582
8844 -979 -10626
8845 -1101 -10614
8846 -1053 -10446
8847 -859 -10794
8848 -657 -10494
8849 -341 -10714
8850 -411 -10622
8851 -405 -10546
8852 -215 -10438
8853 -161 -10270
8854 -367 -10274
8855 -421 -10374
8856 -579 -10374
8857 -615 -10570
8858 -647 -10406
8859 -605 -10614
8860 -617 -10466
8861 -551 -10502
8862 -639 -10358
8863 -533 -10234
8864 -671 -10546
8865 -691 -10698
8866 -661 -10334
8867 -819 -10362
8868 -731 -10722
8869 -663 -10578
8870 -495 -10582
8871 -673 -10854
8872 -653 -10690
8873 -641 -10678
8874 -715 -10638
8875 -699 -10730
8876 -743 -10542
8877 -769 -10626
8878 -491 -11042
8879 -437 -10830
8880 -491 -10638
8881 -617 -10518
8882 -735 -10614
8883 -719 -10622
8884 -453 -10562
8885 -449 -10594
8886 -667 -10542
8887 -579 -10422
8888 -563 -10254
8889 -595 -10438
8890 -441 -10066
8891 -371 -10086
8892 -263 -10102
8893 -323 -10250
8894 -117 -10586
8895 -91 -10506
8896 -107 -10174
8897 -41 -10654
8898 -81 -10874
8899 -121 -10950
8900 -175 -10906
8901 -225 -10818
8902 -229 -10802
8903 -187 -10642
8904 -157 -10542
8905 -221 -10526
8906 -299 -10606
8907 -433 -10382
8908 -397 -10346
8909 -395 -10446
8910 -281 -10522
8911 -421 -10366
8912 -153 -10506
8913 13 -10594
8914 35 -10494
8915 -35 -10434
8916 41 -10246
8917 165 -10506
8918 249 -10422
8919 179 -10554
8920 171 -10634
8921 413 -10378
8922 431 -10506
8923 365 -10622
8924 263 -10778
8925 283 -10454
8926 219 -10478
8927 231 -10486
8928 281 -10550
8929 203 -10170
8930 123 -10402
8931 117 -10182
8932 31 -10310
8933 157 -10450
8934 311 -10290
8935 383 -10154
8936 405 -10346
8937 481 -10414
8938 567 -10622
8939 579 -10418
8940 835 -10450
8941 781 -10526
8942 817 -10650
8943 769 -10610
8944 867 -10538
8945 749 -10498
8946 731 -10590
8947 549 -10398
8948 623 -10342
8949 627 -10566
8950 525 -10590
8951 523 -10718
8952 277 -10642
8953 277 -10370
8954 449 -10474
8955 269 -10606
8956 325 -10414
8957 411 -10254
8958 579 -10382
8959 613 -10246
8960 567 -10398
8961 597 -10378
8962 507 -10502
8963 609 -10422
8964 455 -10266
8965 713 -10498
8966 787 -10598
8967 835 -10542
8968 943 -10470
8969 835 -10702
8970 623 -10750
8971 791 -10694
8972 759 -10330
8973 809 -10626
8974 1041 -10654
8975 1105 -10398
8976 931 -10446
8977 795 -10318
8978 845 -10354
8979 903 -10570
8980 859 -10670
8981 965 -10454
8982 983 -10262
8983 981 -10126
8984 1173 -10262
8985 1161 -10378
8986 1237 -10454
8987 1303 -10550
8988 1255 -10686
8989 1235 -10706
8990 1003 -10762
8991 1055 -10534
8992 1121 -10862
8993 1143 -10778
8994 1053 -10734
8995 861 -10486
8996 837 -10566
8997 653 -10642
8998 701 -10442
8999 769 -10206
9000 883 -10618
9001 899 -10330
9002 1009 -10290
9003 967 -10186
9004 941 -10138
9005 949 -10234
9006 1093 -10246
9007 947 -10326
9008 1027 -10570
9009 1083 -10558
9010 943 -10458
9011 1047 -10226
9012 1025 -10430
9013 1169 -10350
9014 1105 -10414
9015 1029 -10438
9016 1073 -10458
9017 1123 -10374
9018 1053 -10330
9019 1119 -10650
9020 981 -10466
9021 903 -10154
9022 633 -10006
9023 473 -10126
9024 501 -10386
9025 499 -10246
9026 513 -10110
9027 643 -10350
9028 647 -10490
9029 731 -10498
9030 757 -10286
9031 955 -10638
9032 859 -10470
9033 983 -10502
9034 965 -10578
9035 1053 -10310
9036 1103 -10566
9037 1267 -10254
9038 1317 -10294
9039 1181 -10322
9040 1077 -10522
9041 961 -10470
9042 999 -10202
9043 847 -10378
9044 995 -10658
9045 1177 -10726
9046 1235 -10554
9047 1397 -10442
9048 1253 -10482
9049 1055 -10554
9050 931 -10454
9051 915 -10722
9052 1009 -10646
9053 925 -10718
9054 869 -10682
9055 1015 -10918
9056 933 -10750
9057 973 -10834
9058 1081 -10594
9059 877 -10366
9060 861 -10458
9061 883 -10566
9062 853 -10342
9063 803 -10330
9064 761 -10398
9065 619 -10222
9066 505 -10470
9067 539 -10562
9068 547 -10502
9069 583 -10242
9070 585 -10258
9071 701 -10222
9072 765 -10206
9073 815 -10202
9074 961 -10362
9075 911 -10286
9076 1061 -10470
9077 999 -10730
9078 889 -10482
9079 867 -10470
9080 791 -10470
9081 885 -10214
9082 877 -10286
9083 839 -10602
9084 1075 -10530
9085 1129 -10410
9086 1035 -10474
9087 1079 -10582
9088 1247 -10650
9089 1335 -10706
9090 1335 -10654
9091 1243 -10626
9092 1297 -10726
9093 1223 -10458
9094 1393 -10602
9095 1177 -10762
9096 1273 -10522
9097 1055 -10558
9098 995 -10570
9099 1007 -10470
9100 871 -10494
9101 875 -10450
9102 841 -10386
9103 755 -10298
9104 577 -10414
9105 679 -10658
9106 407 -10902
9107 191 -11066
9108 257 -10714
9109 149 -10518
9110 273 -10734
9111 143 -10626
9112 57 -10626
9113 147 -10490
9114 281 -10570
9115 251 -10790
9116 173 -10714
9117 271 -10906
9118 311 -10814
9119 307 -10846
9120 373 -10734
9121 411 -10530
9122 559 -10698
9123 487 -10790
9124 507 -10758
9125 479 -10606
9126 333 -10370
9127 69 -10590
9128 213 -10466
9129 273 -10450
9130 361 -10578
9131 377 -10678
9132 613 -10646
9133 413 -10506
9134 369 -10670
9135 493 -10658
9136 447 -10782
9137 319 -10466
9138 341 -10654
9139 323 -10486
9140 137 -10506
9141 227 -10494
9142 241 -10690
9143 353 -10418
9144 319 -10314
9145 63 -10190
9146 7 -10362
9147 39 -10294
9148 141 -10274
9149 89 -10434
9150 75 -10314
9151 257 -10546
9152 375 -10538
9153 371 -10346
9154 423 -10082
9155 653 -10366
9156 653 -10150
9157 807 -10330
9158 733 -10098
9159 859 -10226
9160 753 -10098
9161 815 -10294
9162 581 -10150
9163 623 -10406
9164 747 -10426
9165 693 -10326
9166 855 -10490
9167 567 -10438
9168 583 -10450
9169 665 -10586
9170 535 -10494
9171 553 -10282
9172 455 -10430
9173 443 -10258
9174 299 -10378
9175 191 -10366
9176 137 -10502
9177 327 -10574
9178 257 -10454
9179 307 -10382
9180 271 -10518
9181 545 -10150
9182 377 -10426
9183 363 -10562
9184 335 -10566
9185 553 -10450
9186 297 -10526
9187 435 -10230
9188 541 -10118
9189 519 -10002
9190 481 -10270
9191 441 -10318
9192 517 -10350
9193 475 -10454
9194 355 -10466
9195 403 -10442
9196 281 -10106
9197 159 -9978
9198 163 -9986
9199 301 -10066
9200 213 -10286
9201 163 -10326
9202 241 -10470
9203 -185 -10570
9204 -443 -10334
9205 -347 -10342
9206 -437 -10314
9207 -505 -10266
9208 -421 -10254
9209 -475 -10362
9210 -431 -10370
9211 -377 -10482
9212 -509 -10142
9213 -381 -10290
9214 -287 -10318
9215 -307 -10606
9216 -431 -10530
9217 -301 -10410
9218 -281 -10122
9219 -151 -10334
9220 -183 -10202
9221 -275 -10526
9222 -237 -10422
9223 -159 -10618
9224 -499 -10674
9225 -325 -10458
9226 -533 -10422
9227 -483 -10502
9228 -445 -10402
9229 -577 -10458
9230 -633 -10458
9231 -561 -10382
9232 -635 -10370
9233 -939 -10550
9234 -749 -10734
9235 -815 -10538
9236 -565 -10510
9237 -399 -10502
9238 -361 -10546
9239 -395 -10586
9240 -315 -10590
9241 -349 -10538
9242 -251 -10462
9243 -323 -10550
9244 -419 -10310
9245 -215 -10390
9246 -263 -10834
9247 -145 -10694
9248 -65 -10786
9249 -95 -10634
9250 -51 -10194
9251 -181 -10182
9252 -205 -10398
9253 -207 -10394
9254 -273 -10766
9255 -151 -10798
9256 -293 -10550
9257 -281 -10490
9258 -365 -10950
9259 -285 -11050
9260 27 -10918
9261 -13 -10670
9262 77 -10670
9263 113 -10606
9264 139 -10710
9265 193 -10762
9266 133 -10558
9267 71 -10790
9268 75 -10778
9269 -5 -10894
9270 -165 -11106
9271 -175 -10914
9272 -353 -11166
9273 -479 -10794
9274 -621 -10826
9275 -613 -10902
9276 -795 -10986
9277 -843 -10954
9278 -957 -10994
9279 -1089 -10826
9280 -1037 -10626
9281 -1081 -10390
9282 -1085 -10418
9283 -1119 -10406
9284 -1113 -10438
9285 -1041 -10558
9286 -995 -10078
9287 -1051 -10454
9288 -1059 -10502
9289 -837 -10654
9290 -689 -10546
9291 -637 -10550
9292 -615 -10594
9293 -623 -10798
9294 -503 -10850
9295 -503 -10594
9296 -493 -10702
9297 -669 -10582
9298 -715 -10306
9299 -839 -10562
9300 -817 -10578
9301 -877 -10674
9302 -907 -10542
9303 -873 -10578
9304 -1169 -10554
9305 -1261 -10518
9306 -1275 -10670
9307 -1263 -10314
9308 -1343 -10642
9309 -1273 -10618
9310 -1209 -10630
9311 -1395 -10686
9312 -1165 -10554
9313 -1215 -10650
9314 -1197 -10730
9315 -901 -10762
9316 -817 -10530
9317 -773 -10562
9318 -745 -10490
9319 -779 -10590
9320 -955 -10214
9321 -933 -10258
9322 -977 -10510
9323 -913 -10414
9324 -821 -10698
9325 -585 -10426
9326 -585 -10490
9327 -805 -10222
9328 -825 -10446
9329 -659 -10526
9330 -817 -10634
9331 -709 -10346
9332 -593 -10546
9333 -351 -10478
9334 -155 -10618
9335 -21 -10586
9336 123 -10286
9337 -71 -10206
9338 -81 -10230
9339 -65 -10506
9340 -1 -10470
9341 99 -10590
9342 55 -10426
9343 -53 -10390
9344 37 -10202
9345 47 -10010
9346 159 -10106
9347 -89 -10498
9348 107 -10346
9349 1 -10174
9350 9 -10538
9351 63 -10578
9352 -85 -10414
9353 95 -10358
9354 145 -10450
9355 251 -10226
9356 65 -9918
9357 15 -10258
9358 177 -10366
9359 177 -10398
9360 241 -10298
9361 101 -10454
9362 153 -10302
9363 79 -10438
9364 3 -10234
9365 -245 -10470
9366 -239 -10534
9367 -193 -10574
9368 -231 -10538
9369 -7 -10606
9370 -79 -10326
9371 -111 -10614
9372 -287 -10486
9373 -277 -10518
9374 -107 -10610
9375 -35 -10402
9376 -117 -10538
9377 -193 -10466
9378 -29 -10734
9379 219 -10646
9380 437 -10886
9381 501 -10422
9382 669 -10438
9383 759 -10606
9384 543 -10558
9385 363 -10466
9386 425 -10582
9387 639 -10574
9388 621 -10654
9389 807 -10498
9390 497 -10582
9391 595 -10694
9392 595 -10410
9393 605 -10574
9394 789 -10686
9395 899 -10538
9396 1079 -10626
9397 993 -10626
9398 1179 -10726
9399 1165 -10446
9400 1055 -10242
9401 973 -10702
9402 1045 -10606
9403 1039 -10710
9404 877 -10522
9405 801 -10682
9406 1045 -10618
9407 1105 -10650
9408 1127 -10850
9409 935 -10434
9410 853 -10430
9411 949 -10298
9412 1059 -10282
9413 889 -10078
9414 839 -10138
9415 789 -10426
9416 767 -10534
9417 851 -10674
9418 607 -10754
9419 679 -10598
9420 619 -10594
9421 531 -10642
9422 431 -10678
9423 301 -10510
9424 311 -10690
9425 317 -10958
9426 345 -10990
9427 575 -11194
9428 533 -11006
9429 599 -10910
9430 615 -10854
9431 581 -10814
9432 529 -10698
9433 453 -10650
9434 459 -10650
9435 549 -10594
9436 571 -10450
9437 629 -10534
9438 851 -10286
9439 761 -10238
9440 791 -10294
9441 883 -10298
9442 795 -10346
9443 759 -10318
9444 835 -10250
9445 843 -10414
9446 847 -10490
9447 669 -10206
9448 729 -10314
9449 631 -10398
9450 713 -10610
9451 663 -10582
9452 615 -10626
9453 737 -10514
9454 687 -10318
9455 715 -10638
9456 539 -10554
9457 599 -10646
9458 541 -10470
9459 351 -10486
9460 109 -10470
9461 -15 -10446
9462 -341 -10642
9463 -335 -10658
9464 -451 -10850
9465 -377 -10626
9466 -381 -10758
9467 -501 -10490
9468 -341 -10498
9469 -397 -10574
9470 -215 -10666
9471 -253 -10554
9472 -337 -10526
9473 -221 -10614
9474 -407 -10578
9475 -485 -10982
9476 -441 -11126
9477 -451 -10646
9478 -373 -10710
9479 -447 -10646
9480 -425 -10574
9481 -323 -10530
9482 -389 -10710
9483 -333 -10482
9484 -407 -10406
9485 -303 -10458
9486 -139 -10414
9487 -143 -10218
9488 79 -10382
9489 -103 -10490
9490 -35 -10598
9491 -103 -10762
9492 -85 -10526
9493 -277 -10466
9494 -365 -10594
9495 -381 -10394
9496 -313 -10586
9497 -535 -10506
9498 -795 -10822
9499 -663 -10626
9500 -533 -10774
9501 -555 -10574
9502 -629 -10406
9503 -793 -10270
9504 -735 -10002
9505 -701 -10010
9506 -739 -10326
9507 -635 -10218
9508 -421 -10250
9509 -505 -9966
9510 -519 -10174
9511 -613 -10210
9512 -523 -10222
9513 -453 -10302
9514 -667 -10534
9515 -825 -10598
9516 -905 -10486
9517 -761 -10426
9518 -593 -10398
9519 -697 -10362
9520 -639 -10126
9521 -825 -10378
9522 -811 -10506
9523 -821 -10278
9524 -881 -10146
9525 -821 -10066
9526 -635 -10158
9527 -577 -10266
9528 -475 -10466
9529 -393 -10362
9530 -267 -10330
9531 -333 -10190
9532 -195 -10478
9533 -81 -10550
9534 -223 -10622
9535 -277 -10682
9536 -275 -10418
9537 -187 -10282
9538 -189 -10462
9539 -197 -10402
9540 -355 -10562
9541 -165 -10434
9542 9 -10318
9543 -153 -10150
9544 -205 -10042
9545 -49 -10522
9546 93 -10530
9547 223 -10790
9548 133 -10722
9549 89 -10650
9550 225 -10954
9551 135 -10578
9552 233 -10306
9553 329 -10502
9554 589 -10802
9555 589 -10850
9556 441 -10646
9557 385 -10526
9558 311 -10486
9559 249 -10654
9560 61 -10542
9561 -53 -10986
9562 -151 -10782
9563 -197 -10502
9564 -279 -10766
9565 -27 -10814
9566 -5 -10458
9567 -117 -10470
9568 -383 -10322
9569 -289 -10642
9570 -241 -10570
9571 -89 -10466
9572 115 -10078
9573 171 -10466
9574 -33 -10482
9575 33 -10658
9576 105 -10450
9577 241 -10446
9578 241 -10414
9579 381 -10534
9580 283 -10346
9581 513 -10190
9582 511 -10226
9583 635 -10378
9584 747 -10370
9585 635 -10458
9586 739 -10574
9587 605 -10490
9588 535 -10462
9589 605 -10434
9590 553 -10370
9591 497 -10702
9592 459 -10482
9593 689 -10606
9594 657 -10458
9595 869 -10386
9596 961 -10602
9597 1235 -10510
9598 1053 -10506
9599 965 -10670
9600 969 -10610
9601 923 -10738
9602 907 -10694
9603 907 -10858
9604 1013 -10838
9605 1035 -10590
9606 937 -10618
9607 727 -10510
9608 693 -10362
9609 627 -10394
9610 517 -10514
9611 617 -10326
9612 721 -10294
9613 805 -10386
9614 809 -10378
9615 827 -10598
9616 743 -10710
9617 665 -10746
9618 651 -10778
9619 677 -10498
9620 737 -10470
9621 847 -10778
9622 1165 -10650
9623 1147 -10466
9624 1179 -10430
9625 1247 -10646
9626 1049 -10522
9627 887 -10642
9628 823 -10854
9629 867 -10666
9630 941 -10546
9631 919 -10498
9632 881 -10446
9633 1029 -10470
9634 1167 -10506
9635 1105 -10398
9636 1017 -10238
9637 1181 -10410
9638 1341 -10810
9639 1463 -10474
9640 1457 -10278
9641 1291 -10406
9642 1463 -10342
9643 1335 -10254
9644 1381 -10294
9645 1429 -10514
9646 1559 -10414
9647 1383 -10542
9648 1345 -10610
9649 1247 -10746
9650 1221 -10718
9651 1071 -10538
9652 1119 -10630
9653 899 -10562
9654 871 -10438
9655 941 -10478
9656 823 -10566
9657 761 -10574
9658 811 -10086
9659 611 -10190
9660 555 -10118
9661 595 -10182
9662 633 -10366
9663 897 -10358
9664 827 -10406
9665 747 -10538
9666 833 -10346
9667 901 -10502
9668 903 -10522
9669 827 -10494
9670 915 -10482
9671 733 -10306
9672 699 -10550
9673 899 -10714
9674 979 -10838
9675 1115 -10794
9676 1195 -10686
9677 1281 -10754
9678 1285 -10874
9679 1099 -10958
9680 931 -10710
9681 651 -10802
9682 793 -10706
9683 757 -10926
9684 827 -10958
9685 627 -11082
9686 567 -10594
9687 443 -10770
9688 515 -10634
9689 641 -10366
9690 541 -10518
9691 453 -10578
9692 471 -10506
9693 201 -10382
9694 255 -10466
9695 253 -10458
9696 -3 -10526
9697 75 -10562
9698 -15 -10602
9699 -35 -10714
9700 -149 -10714
9701 -229 -10946
9702 -185 -10826
9703 -293 -10874
9704 -175 -10602
9705 -387 -10798
9706 -337 -10514
9707 -411 -10686
9708 -271 -10594
9709 -271 -10642
9710 -327 -10674
9711 -335 -10694
9712 -309 -10578
9713 -229 -10490
9714 -353 -10454
9715 -341 -10094
9716 -349 -10306
9717 -333 -10578
9718 -443 -10626
9719 -463 -10350
9720 -453 -10342
9721 -409 -10314
9722 -335 -10230
9723 -443 -9982
9724 -479 -10226
9725 -343 -10458
9726 -363 -10402
9727 -597 -10334
9728 -715 -10282
9729 -635 -10238
9730 -799 -9982
9731 -721 -9966
9732 -769 -10250
9733 -675 -10402
9734 -697 -10390
9735 -937 -10078
9736 -783 -10182
9737 -909 -10370
9738 -907 -10222
9739 -805 -10398
9740 -879 -10758
9741 -901 -10658
9742 -703 -10574
9743 -579 -10590
9744 -455 -10386
9745 -419 -10218
9746 -387 -10138
9747 -167 -10490
9748 53 -10338
9749 -25 -10170
9750 115 -10066
9751 -21 -9862
9752 3 -10110
9753 119 -10254
9754 181 -10202
9755 249 -10210
9756 395 -10242
9757 261 -10194
9758 259 -10334
9759 281 -10310
9760 75 -10414
9761 207 -10614
9762 267 -10350
9763 277 -10398
9764 161 -10550
9765 163 -10450
9766 101 -10566
9767 -25 -10298
9768 55 -10294
9769 137 -10394
9770 -133 -10218
9771 -127 -9870
9772 -91 -10290
9773 251 -10470
9774 303 -10530
9775 401 -10174
9776 333 -10014
9777 -1 -10210
9778 -37 -10362
9779 -159 -10406
9780 -247 -10314
9781 -207 -10498
9782 -433 -10530
9783 -291 -10646
9784 -293 -10402
9785 -299 -10542
9786 -321 -10542
9787 -295 -10398
9788 -299 -10330
9789 -567 -10454
9790 -653 -10418
9791 -605 -10318
9792 -663 -10298
9793 -661 -10562
9794 -897 -10462
9795 -1077 -10574
9796 -1081 -10498
9797 -1189 -10466
9798 -1135 -10594
9799 -1173 -10254
9800 -931 -10398
9801 -927 -10462
9802 -1129 -10306
9803 -1305 -10490
9804 -1487 -10682
9805 -1393 -10770
9806 -1167 -10646
9807 -1267 -10294
9808 -929 -10470
9809 -859 -10434
9810 -657 -10218
9811 -481 -10166
9812 -329 -10478
9813 -187 -10402
9814 -23 -10310
9815 19 -10110
9816 65 -10294
9817 1 -10610
9818 -3 -10354
9819 259 -10402
9820 123 -10330
9821 -121 -10694
9822 -147 -10330
9823 -125 -10354
9824 -159 -10282
9825 -169 -10370
9826 -287 -10282
9827 -419 -10286
9828 -483 -10642
9829 -747 -10706
9830 -955 -10706
9831 -797 -10626
9832 -727 -10494
9833 -1007 -10630
9834 -1119 -10638
9835 -975 -10858
9836 -853 -10926
9837 -729 -10790
9838 -601 -10882
9839 -715 -10478
9840 -677 -10286
9841 -559 -10590
9842 -473 -10530
9843 -509 -10522
9844 -425 -10722
9845 -255 -10526
9846 -269 -10610
9847 -255 -10598
9848 -145 -10446
9849 -225 -10638
9850 -217 -10582
9851 -199 -10622
9852 -71 -10558
9853 -309 -10630
9854 -311 -10706
9855 -141 -10798
9856 -33 -10730
9857 51 -10626
9858 -141 -10470
9859 89 -10478
9860 209 -10334
9861 235 -10418
9862 365 -10630
9863 375 -10138
9864 519 -10338
9865 593 -10354
9866 635 -10418
9867 525 -10562
9868 343 -10430
9869 209 -10494
9870 253 -10198
9871 199 -10434
9872 -9 -10450
9873 215 -10426
9874 443 -10458
9875 327 -10606
9876 245 -10482
9877 389 -10270
9878 355 -10430
9879 435 -10554
9880 445 -10462
9881 589 -10406
9882 591 -10386
9883 397 -10514
9884 491 -10646
9885 483 -10438
9886 485 -10498
9887 869 -10666
9888 895 -10474
9889 911 -10746
9890 923 -10662
9891 897 -10582
9892 1127 -10586
9893 1165 -10418
9894 1235 -10558
9895 1177 -10542
9896 1067 -10426
9897 1045 -10634
9898 849 -10846
9899 849 -10830
9900 883 -10802
9901 963 -10642
9902 1151 -10610
9903 1301 -10814
9904 1337 -11074
9905 1375 -10710
9906 1265 -10782
9907 1157 -10622
9908 1111 -10446
9909 869 -10610
9910 885 -10606
9911 841 -10578
9912 753 -10614
9913 937 -10538
9914 823 -10722
9915 1129 -10730
9916 1217 -10422
9917 1309 -10782
9918 1303 -10598
9919 1213 -10442
9920 999 -10514
9921 973 -10442
9922 877 -10374
9923 929 -10598
9924 779 -10674
9925 657 -10558
9926 575 -10710
9927 747 -10774
9928 725 -10402
9929 695 -10322
9930 817 -10386
9931 777 -10630
9932 637 -10690
9933 707 -10614
9934 703 -10530
9935 851 -10606
9936 771 -10598
9937 861 -10738
9938 909 -10674
9939 953 -10482
9940 857 -10378
9941 751 -10446
9942 669 -10478
9943 795 -10542
9944 947 -10402
9945 1067 -10538
9946 949 -10498
9947 967 -10486
9948 897 -10534
9949 1045 -10494
9950 1419 -10702
9951 1419 -10690
9952 1581 -10894
9953 1661 -10918
9954 1709 -10850
9955 1663 -10846
9956 1605 -10742
9957 1469 -10410
9958 1443 -10242
9959 1461 -10238
9960 1507 -10614
9961 1399 -10610
9962 1621 -10738
9963 1687 -10454
9964 1775 -10438
9965 1781 -10418
9966 1613 -10498
9967 1509 -10678
9968 1535 -10498
9969 1537 -10398
9970 1625 -10822
9971 1595 -10782
9972 1567 -10662
9973 1451 -10674
9974 1495 -10566
9975 1533 -10534
9976 1383 -10654
9977 1393 -10674
9978 1463 -10622
9979 1381 -10638
9980 1443 -10566
9981 1325 -10642
9982 1479 -10486
9983 1403 -10758
9984 1433 -10790
9985 1325 -10878
9986 1361 -11046
9987 1645 -10898
9988 1527 -10778
9989 1735 -10878
9990 1657 -10730
9991 1689 -10838
9992 1689 -10390
9993 1457 -10494
9994 1547 -10686
9995 1473 -10718
9996 1695 -10942
9997 1767 -11014
9998 1723 -10806
9999 1847 -10762
