0 -111 -5838
1 41 -7466
2 123 -8462
3 223 -8830
4 251 -8934
5 -17 -9478
6 27 -9686
7 55 -9706
8 97 -9834
9 111 -10066
10 81 -9926
11 189 -10062
12 203 -10086
13 65 -10170
14 43 -10374
15 217 -10034
16 7 -10406
17 -75 -10566
18 93 -10446
19 187 -10334
20 199 -10634
21 -141 -10650
22 47 -10722
23 35 -10606
24 113 -10622
25 77 -10666
26 109 -10990
27 139 -10874
28 161 -10662
29 131 -10726
30 33 -10690
31 181 -10546
32 273 -10342
33 287 -10382
34 205 -10206
35 309 -10218
36 295 -10286
37 193 -10302
38 243 -10518
39 69 -10510
40 95 -10266
41 155 -10226
42 199 -10298
43 185 -10446
44 195 -10450
45 283 -10350
46 355 -10446
47 217 -10374
48 191 -10490
49 387 -10350
50 399 -10554
51 333 -10682
52 311 -10414
53 205 -10378
54 367 -10398
55 537 -10382
56 739 -10542
57 661 -10478
58 423 -10366
59 633 -10346
60 489 -10138
61 305 -10114
62 389 -10466
63 425 -10282
64 541 -10498
65 435 -10578
66 273 -10630
67 345 -10122
68 373 -10094
69 301 -10262
70 167 -10158
71 127 -10162
72 271 -10306
73 319 -10294
74 319 -10514
75 -69 -10634
76 -67 -10774
77 -45 -10566
78 -51 -10682
79 149 -10658
80 273 -10434
81 349 -10438
82 219 -10686
83 243 -10814
84 169 -10670
85 21 -10626
86 61 -10302
87 135 -10474
88 283 -10618
89 473 -10410
90 535 -10218
91 311 -10398
92 91 -10258
93 69 -10218
94 429 -10474
95 435 -10306
96 399 -10410
97 207 -10586
98 361 -10402
99 581 -10414
100 439 -10430
101 307 -10402
102 213 -10570
103 57 -10358
104 21 -10250
105 237 -10450
106 185 -10378
107 -113 -10626
108 -175 -10746
109 -293 -10526
110 -301 -10650
111 -419 -10778
112 -509 -10422
113 -309 -10550
114 -165 -10654
115 -151 -10910
116 -145 -10546
117 -229 -10470
118 -175 -10210
119 -339 -10266
120 -373 -10346
121 -485 -10210
122 -83 -10394
123 -23 -10338
124 23 -10830
125 -19 -10698
126 139 -10854
127 323 -10846
128 309 -10710
129 343 -10706
130 289 -10374
131 197 -10282
132 171 -10242
133 185 -10286
134 9 -10290
135 97 -10134
136 -115 -10190
137 -107 -10390
138 51 -10374
139 -93 -10422
140 -129 -10434
141 41 -10462
142 -51 -10202
143 31 -10166
144 171 -10290
145 181 -10614
146 207 -10630
147 159 -10386
148 103 -10390
149 -117 -10678
150 -19 -10762
151 25 -10538
152 -161 -10514
153 -71 -10702
154 -179 -10510
155 -17 -10402
156 -117 -10278
157 -321 -10486
158 -99 -10226
159 -3 -10350
160 15 -10430
161 81 -10590
162 -83 -10578
163 -287 -10270
164 -369 -10254
165 -285 -10390
166 -277 -10182
167 -259 -10274
168 -325 -10358
169 -531 -10482
170 -439 -10498
171 -421 -10118
172 -267 -10302
173 -309 -10106
174 -471 -10082
175 -393 -10054
176 -145 -10174
177 -1 -9986
178 31 -9798
179 47 -10250
180 57 -10430
181 307 -10630
182 109 -10730
183 -53 -10394
184 -1 -10298
185 -131 -10278
186 -301 -10350
187 -361 -10366
188 -335 -10538
189 -355 -10558
190 -357 -10682
191 -301 -10562
192 -197 -10538
193 -199 -10302
194 -233 -10410
195 -93 -10718
196 25 -10722
197 -77 -10638
198 -75 -10422
199 -243 -10590
200 -375 -10546
201 -381 -10494
202 -149 -10470
203 -205 -10362
204 -39 -10230
205 -99 -10354
206 -43 -10498
207 -3 -10698
208 59 -10486
209 191 -10414
210 65 -10454
211 129 -10418
212 61 -10258
213 297 -10322
214 391 -10322
215 241 -10242
216 293 -10186
217 179 -10438
218 -21 -10542
219 -91 -10814
220 -363 -10830
221 -327 -10718
222 -351 -10670
223 -441 -10694
224 -409 -10642
225 -373 -10678
226 -417 -10774
227 -477 -10634
228 -433 -10410
229 -557 -10570
230 -675 -10310
231 -707 -10622
232 -887 -10846
233 -945 -10522
234 -965 -10722
235 -1057 -11062
236 -895 -10942
237 -871 -11074
238 -909 -10642
239 -807 -10586
240 -733 -10502
241 -879 -10598
242 -707 -10234
243 -823 -10602
244 -855 -10446
245 -927 -10630
246 -941 -10302
247 -755 -10318
248 -623 -10586
249 -533 -10418
250 -539 -10046
251 -309 -10214
252 -253 -10402
253 -431 -10214
254 -395 -10266
255 -539 -10262
256 -453 -10430
257 -471 -10690
258 -435 -10478
259 -469 -10470
260 -447 -10534
261 -611 -10286
262 -611 -10170
263 -601 -10110
264 -605 -10186
265 -561 -10098
266 -825 -10098
267 -735 -10374
268 -785 -10222
269 -813 -10270
270 -839 -10246
271 -817 -10374
272 -901 -10762
273 -769 -10706
274 -871 -10810
275 -1051 -10718
276 -811 -10206
277 -671 -10518
278 -539 -10154
279 -549 -10286
280 -511 -10162
281 -425 -10014
282 -187 -10106
283 -61 -9994
284 17 -10002
285 15 -10222
286 61 -10354
287 15 -10342
288 51 -10378
289 379 -10270
290 247 -10298
291 59 -10246
292 -67 -10318
293 -133 -10238
294 -105 -10218
295 -243 -10190
296 -227 -10294
297 -367 -10230
298 -495 -10326
299 -497 -10202
300 -587 -10326
301 -755 -10538
302 -859 -10170
303 -735 -10334
304 -727 -10434
305 -789 -10462
306 -741 -10338
307 -601 -10478
308 -781 -10270
309 -907 -10354
310 -1017 -10258
311 -843 -10370
312 -931 -10506
313 -1033 -10510
314 -1009 -10614
315 -1103 -10374
316 -1131 -10682
317 -1055 -10570
318 -943 -10338
319 -867 -10558
320 -965 -10398
321 -887 -10214
322 -691 -10410
323 -781 -10574
324 -767 -10258
325 -567 -10254
326 -603 -10202
327 -367 -10198
328 -237 -10170
329 -397 -10282
330 -465 -10386
331 -419 -9838
332 -695 -10202
333 -991 -10474
334 -1115 -10502
335 -1083 -10262
336 -1239 -10134
337 -1243 -10318
338 -1213 -10534
339 -1419 -10454
340 -1425 -10454
341 -1475 -10670
342 -1381 -10614
343 -1475 -10942
344 -1369 -10686
345 -1415 -10606
346 -1515 -10602
347 -1567 -10790
348 -1613 -10766
349 -1597 -10662
350 -1617 -10878
351 -1567 -10738
352 -1537 -10678
353 -1317 -10522
354 -1363 -10722
355 -1267 -10426
356 -1487 -10626
357 -1709 -10746
358 -1667 -10690
359 -1661 -10634
360 -1663 -10438
361 -1579 -10406
362 -1407 -10574
363 -1487 -10502
364 -1529 -10378
365 -1549 -10314
366 -1467 -10194
367 -1357 -10438
368 -1269 -10346
369 -1329 -10478
370 -1431 -10346
371 -1451 -10306
372 -1653 -10230
373 -1667 -10414
374 -1723 -10478
375 -1589 -10386
376 -1537 -10310
377 -1567 -10146
378 -1525 -10394
379 -1397 -10258
380 -1523 -10446
381 -1525 -10454
382 -1297 -10742
383 -1347 -10686
384 -1373 -10470
385 -1241 -10662
386 -1079 -10258
387 -1015 -10450
388 -1005 -10490
389 -1025 -10682
390 -1085 -10794
391 -1149 -10830
392 -929 -10630
393 -901 -10778
394 -795 -10758
395 -945 -10394
396 -1009 -10486
397 -851 -10322
398 -705 -10354
399 -739 -10234
400 -603 -10122
401 -701 -10310
402 -665 -10566
403 -793 -10538
404 -643 -10670
405 -597 -10326
406 -751 -10574
407 -799 -10586
408 -753 -10414
409 -747 -10510
410 -665 -10342
411 -627 -10586
412 -873 -10706
413 -823 -10954
414 -857 -10802
415 -727 -10642
416 -547 -10630
417 -439 -10218
418 -483 -10526
419 -399 -10554
420 -507 -10698
421 -495 -10638
422 -309 -10570
423 -249 -10518
424 -207 -10614
425 -309 -10738
426 -323 -10822
427 -257 -10650
428 -259 -10726
429 -353 -10542
430 -499 -10646
431 -311 -10618
432 -521 -10486
433 -589 -10246
434 -553 -10378
435 -665 -10270
436 -541 -10418
437 -617 -10530
438 -631 -10458
439 -411 -10506
440 -405 -10454
441 -311 -10606
442 -409 -10122
443 -509 -10162
444 -395 -10362
445 -461 -10218
446 -427 -10130
447 -425 -10274
448 -509 -10130
449 -573 -10058
450 -483 -10102
451 -377 -10170
452 -473 -10266
453 -459 -10182
454 -505 -10190
455 -431 -10262
456 -515 -10326
457 -545 -10218
458 -625 -10310
459 -649 -10490
460 -639 -10482
461 -849 -10794
462 -839 -10494
463 -861 -10250
464 -1127 -10242
465 -1041 -10366
466 -967 -10470
467 -903 -10566
468 -675 -10574
469 -605 -10438
470 -541 -10630
471 -471 -10518
472 -537 -10482
473 -555 -10874
474 -513 -10622
475 -609 -10454
476 -551 -10602
477 -545 -10646
478 -539 -10362
479 -601 -10226
480 -559 -10358
481 -679 -10454
482 -667 -10662
483 -915 -10614
484 -837 -10482
485 -859 -10486
486 -963 -10570
487 -939 -10586
488 -999 -10410
489 -905 -10354
490 -595 -10466
491 -519 -10526
492 -535 -10586
493 -535 -10678
494 -731 -10722
495 -617 -10714
496 -677 -10578
497 -561 -10574
498 -461 -10502
499 -133 -10238
500 -109 -10310
501 -257 -10318
502 -237 -10542
503 -285 -10322
504 -27 -10466
505 127 -10950
506 15 -10602
507 -35 -10310
508 -43 -10138
509 7 -10166
510 165 -9842
511 297 -10042
512 187 -10194
513 17 -10294
514 -383 -10206
515 -345 -10170
516 -265 -10230
517 -227 -10014
518 -103 -9990
519 -205 -9994
520 -327 -10070
521 -359 -10050
522 -451 -10130
523 -455 -10362
524 -457 -10426
525 -633 -10542
526 -483 -10426
527 -465 -10482
528 -475 -10450
529 -313 -10462
530 -431 -10230
531 -411 -10502
532 -173 -10578
533 -199 -10442
534 -71 -10282
535 -131 -10426
536 -103 -10510
537 7 -10386
538 -51 -10230
539 -175 -10218
540 -195 -10274
541 27 -10526
542 -19 -10466
543 37 -10394
544 -147 -10486
545 -47 -10574
546 -19 -10390
547 -119 -10342
548 49 -10546
549 -13 -10558
550 -151 -10218
551 -139 -10426
552 -341 -10346
553 -315 -10390
554 -151 -10494
555 -157 -10442
556 -131 -10574
557 -279 -10498
558 -431 -10322
559 -397 -10118
560 -411 -10198
561 -447 -10610
562 -521 -10506
563 -153 -10218
564 -279 -10178
565 -353 -9918
566 -339 -9998
567 -575 -10050
568 -501 -10218
569 -475 -10270
570 -661 -10402
571 -649 -10138
572 -689 -10374
573 -545 -10314
574 -731 -10546
575 -799 -10358
576 -573 -10238
577 -701 -10594
578 -683 -10398
579 -497 -10466
580 -557 -10442
581 -607 -10286
582 -523 -10466
583 -373 -10402
584 -391 -10634
585 -537 -10326
586 -341 -10094
587 -487 -10254
588 -371 -10282
589 -265 -10066
590 -459 -10210
591 -339 -10098
592 -303 -10186
593 -327 -10262
594 -363 -10446
595 -343 -10474
596 -407 -10206
597 -497 -10210
598 -587 -10286
599 -583 -10382
600 -619 -10290
601 -323 -10442
602 -405 -10466
603 -355 -10454
604 -285 -10590
605 -107 -10262
606 -199 -10510
607 -21 -10350
608 17 -10450
609 27 -10446
610 -229 -10310
611 -289 -10390
612 -281 -10474
613 -403 -10454
614 -377 -10710
615 -551 -10802
616 -437 -10750
617 -517 -10718
618 -605 -10570
619 -681 -10674
620 -767 -10626
621 -875 -10338
622 -847 -10446
623 -815 -10342
624 -655 -10482
625 -623 -10206
626 -559 -9994
627 -431 -10530
628 -165 -10474
629 65 -10470
630 125 -10550
631 79 -10450
632 181 -10334
633 379 -10246
634 187 -10218
635 -17 -10058
636 -45 -10254
637 1 -10018
638 7 -10006
639 55 -10070
640 71 -10250
641 117 -9998
642 159 -10230
643 261 -9998
644 345 -10074
645 397 -9842
646 333 -10134
647 283 -10126
648 323 -10070
649 519 -10210
650 573 -10262
651 603 -10242
652 799 -10482
653 805 -10194
654 1003 -9870
655 849 -9934
656 955 -10242
657 973 -10150
658 1055 -10506
659 1075 -10478
660 1161 -10534
661 1005 -10446
662 963 -10406
663 809 -10246
664 839 -10014
665 877 -10014
666 931 -10138
667 1101 -10382
668 969 -10102
669 865 -10050
670 795 -9878
671 1129 -9882
672 1047 -9962
673 945 -10042
674 811 -10274
675 837 -10154
676 911 -10034
677 1035 -9990
678 895 -10222
679 735 -10134
680 595 -10118
681 745 -10110
682 677 -10098
683 875 -10246
684 939 -10014
685 795 -10018
686 783 -10046
687 687 -10186
688 445 -10286
689 405 -10050
690 325 -10190
691 237 -9950
692 251 -9890
693 285 -9990
694 203 -9950
695 327 -9954
696 189 -10266
697 151 -10198
698 101 -10098
699 -43 -10206
700 -57 -10234
701 27 -10046
702 125 -9966
703 -7 -10002
704 129 -10030
705 65 -9810
706 79 -9698
707 51 -9558
708 7 -9726
709 135 -10114
710 95 -10170
711 -149 -10182
712 -125 -10062
713 -167 -10302
714 -47 -10366
715 -241 -10254
716 -265 -10546
717 -301 -10322
718 -145 -10354
719 -173 -10270
720 -179 -10150
721 -163 -9838
722 37 -10170
723 185 -10210
724 81 -10158
725 85 -10242
726 185 -10462
727 185 -10278
728 123 -10342
729 41 -10234
730 31 -10234
731 -349 -10298
732 -447 -10314
733 -389 -10290
734 -571 -10418
735 -591 -10322
736 -273 -10322
737 -273 -10490
738 -367 -10218
739 -383 -10466
740 -465 -10350
741 -439 -10414
742 -387 -10534
743 -339 -10734
744 -313 -10686
745 -117 -10162
746 -131 -10374
747 -167 -10358
748 -165 -10394
749 -401 -10454
750 -273 -10470
751 -231 -10350
752 -107 -10026
753 7 -10298
754 199 -10590
755 45 -10554
756 175 -10406
757 35 -10370
758 21 -10158
759 -125 -10270
760 -237 -10406
761 -243 -10358
762 -109 -10294
763 -41 -10494
764 73 -10366
765 203 -10058
766 81 -10310
767 21 -10390
768 -71 -10422
769 55 -10486
770 -93 -10322
771 -207 -10274
772 -343 -10046
773 -431 -10158
774 -599 -10230
775 -427 -10026
776 -403 -10226
777 -405 -10070
778 -579 -10022
779 -687 -10046
780 -857 -10482
781 -975 -10302
782 -949 -10746
783 -929 -10430
784 -1123 -10590
785 -1125 -10542
786 -1103 -10882
787 -1027 -10658
788 -943 -10730
789 -885 -10570
790 -1017 -10410
791 -993 -10422
792 -1193 -10574
793 -1221 -10506
794 -1051 -10618
795 -1087 -10526
796 -1135 -10578
797 -1105 -10414
798 -945 -10618
799 -1019 -10586
800 -1125 -10394
801 -1219 -10406
802 -1135 -10642
803 -1183 -10086
804 -1067 -10102
805 -1071 -10338
806 -689 -10134
807 -745 -10354
808 -889 -10306
809 -1103 -10498
810 -1111 -10442
811 -1263 -10494
812 -1281 -10350
813 -1267 -10478
814 -1183 -9970
815 -1067 -10230
816 -1069 -10318
817 -1107 -10174
818 -1259 -10390
819 -1185 -10462
820 -1133 -10206
821 -829 -10326
822 -711 -10306
823 -815 -10246
824 -1053 -10290
825 -1143 -10254
826 -1135 -10002
827 -1247 -10382
828 -1237 -10170
829 -1179 -10038
830 -1061 -9986
831 -1171 -10090
832 -1169 -10314
833 -1323 -10394
834 -1283 -10230
835 -1439 -10374
836 -1445 -10230
837 -1193 -10322
838 -1271 -10354
839 -1267 -10250
840 -1207 -10406
841 -1233 -10454
842 -1259 -10430
843 -1201 -10602
844 -1451 -10522
845 -1543 -10442
846 -1601 -10454
847 -1553 -10506
848 -1535 -10190
849 -1637 -10498
850 -1771 -10386
851 -1715 -10634
852 -1701 -10462
853 -1681 -10662
854 -1715 -10614
855 -1437 -10498
856 -1439 -10598
857 -1405 -10494
858 -1577 -10210
859 -1677 -10094
860 -1417 -10262
861 -1423 -10378
862 -1403 -10506
863 -1103 -10430
864 -1091 -10202
865 -1143 -10278
866 -967 -10262
867 -631 -9982
868 -779 -10294
869 -753 -10254
870 -685 -10146
871 -687 -10230
872 -869 -10014
873 -913 -10154
874 -1003 -10438
875 -829 -10706
876 -749 -10454
877 -509 -10426
878 -559 -10426
879 -457 -10290
880 -649 -10350
881 -745 -10514
882 -673 -10530
883 -789 -10394
884 -703 -10706
885 -747 -10518
886 -649 -10718
887 -577 -10446
888 -511 -10302
889 -561 -10374
890 -553 -10290
891 -515 -10342
892 -471 -10278
893 -515 -9938
894 -519 -10110
895 -437 -10230
896 -579 -10098
897 -621 -9890
898 -745 -9970
899 -633 -10098
900 -603 -10034
901 -483 -9966
902 -393 -10186
903 -453 -10366
904 -567 -10426
905 -651 -10454
906 -627 -10538
907 -499 -10570
908 -445 -10654
909 -541 -10462
910 -263 -10502
911 -193 -10786
912 -127 -10570
913 -89 -10586
914 -125 -10762
915 -301 -10586
916 -285 -10606
917 -205 -10638
918 -169 -10490
919 -195 -10450
920 -317 -10494
921 -297 -10382
922 -305 -10130
923 -311 -10202
924 -333 -10458
925 -89 -10646
926 -223 -10402
927 -87 -10362
928 -57 -10334
929 29 -10202
930 137 -10130
931 111 -10330
932 281 -10394
933 545 -10282
934 679 -10430
935 617 -10442
936 481 -10446
937 405 -10518
938 219 -10470
939 83 -10566
940 -5 -10598
941 -191 -10678
942 -315 -10550
943 -427 -10738
944 -221 -10350
945 -271 -10566
946 -359 -10322
947 -173 -10426
948 -409 -10502
949 -333 -10386
950 -187 -10454
951 -223 -10478
952 -231 -10546
953 -295 -10362
954 -533 -10298
955 -389 -10098
956 -457 -10282
957 -369 -10138
958 -443 -10106
959 -221 -10190
960 -423 -10318
961 -423 -10418
962 -407 -10350
963 -365 -10530
964 -367 -10222
965 -395 -10274
966 -481 -10162
967 -461 -10026
968 -317 -10290
969 -473 -10218
970 -621 -10226
971 -619 -10358
972 -537 -10358
973 -325 -10362
974 -383 -10378
975 -419 -10294
976 -67 -10386
977 -53 -10310
978 -113 -10386
979 -315 -10314
980 -387 -10326
981 -385 -10098
982 -713 -10410
983 -845 -10090
984 -999 -10346
985 -995 -10410
986 -1089 -10422
987 -1169 -10554
988 -1255 -10514
989 -1115 -10478
990 -1013 -10266
991 -727 -10482
992 -803 -10626
993 -675 -10414
994 -623 -10402
995 -771 -10366
996 -805 -10394
997 -843 -10526
998 -829 -10670
999 -731 -10226
1000 -789 -10190
1001 -885 -10342
1002 -1011 -10062
1003 -1275 -10142
1004 -1219 -10070
1005 -1221 -10314
1006 -1195 -10378
1007 -1277 -10486
1008 -1461 -10434
1009 -1285 -10650
1010 -1083 -10718
1011 -1037 -10562
1012 -1009 -10550
1013 -1145 -10330
1014 -1153 -10590
1015 -1263 -10446
1016 -1251 -10426
1017 -1347 -10394
1018 -1299 -10650
1019 -1223 -10734
1020 -1197 -10602
1021 -1133 -10610
1022 -1153 -10458
1023 -1133 -10098
1024 -1297 -10358
1025 -1371 -10342
1026 -1485 -10194
1027 -1617 -10022
1028 -1591 -9974
1029 -1357 -10066
1030 -1511 -9958
1031 -1571 -9962
1032 -1561 -10058
1033 -1587 -10014
1034 -1407 -9966
1035 -1505 -9954
1036 -1511 -10122
1037 -1509 -10130
1038 -1343 -9918
1039 -1531 -10182
1040 -1579 -10090
1041 -1451 -10274
1042 -1447 -10402
1043 -1489 -10302
1044 -1485 -10382
1045 -1367 -10242
1046 -1599 -10206
1047 -1585 -10314
1048 -1527 -10390
1049 -1189 -10274
1050 -1249 -10154
1051 -1355 -9914
1052 -1325 -10246
1053 -1201 -10158
1054 -1043 -10142
1055 -1193 -10150
1056 -1003 -10286
1057 -911 -10026
1058 -999 -10034
1059 -1079 -10250
1060 -1153 -10082
1061 -1075 -10322
1062 -893 -10274
1063 -921 -10250
1064 -1097 -10322
1065 -1097 -10290
1066 -1097 -10298
1067 -1045 -10294
1068 -1051 -10514
1069 -1029 -10702
1070 -993 -10498
1071 -1013 -10398
1072 -963 -10566
1073 -901 -10550
1074 -945 -10406
1075 -985 -10430
1076 -969 -10166
1077 -1079 -10194
1078 -911 -10502
1079 -799 -10322
1080 -665 -10142
1081 -585 -10230
1082 -595 -10366
1083 -745 -10494
1084 -795 -10494
1085 -797 -10490
1086 -761 -10678
1087 -739 -10730
1088 -685 -10734
1089 -579 -10430
1090 -547 -10442
1091 -391 -10562
1092 -361 -10430
1093 -611 -10426
1094 -685 -10642
1095 -607 -10438
1096 -467 -10342
1097 -527 -10550
1098 -229 -10390
1099 -111 -10178
1100 41 -10334
1101 257 -10338
1102 201 -10354
1103 123 -10698
1104 195 -10706
1105 385 -10854
1106 373 -10830
1107 397 -10698
1108 399 -10542
1109 413 -10630
1110 401 -10790
1111 393 -10610
1112 349 -10562
1113 297 -10554
1114 321 -10422
1115 383 -10262
1116 169 -10082
1117 255 -9998
1118 413 -10050
1119 347 -10322
1120 347 -10418
1121 303 -10658
1122 69 -10642
1123 97 -10630
1124 -55 -10726
1125 127 -10610
1126 335 -10810
1127 279 -10786
1128 233 -10434
1129 89 -10386
1130 119 -10666
1131 219 -10758
1132 263 -10762
1133 227 -10542
1134 363 -10818
1135 311 -10626
1136 273 -10390
1137 323 -10226
1138 273 -9962
1139 389 -10086
1140 487 -10538
1141 373 -10166
1142 619 -10294
1143 503 -10146
1144 593 -10338
1145 653 -10342
1146 755 -10494
1147 569 -10274
1148 499 -10266
1149 613 -10014
1150 623 -10358
1151 649 -10602
1152 741 -10290
1153 683 -10490
1154 591 -10306
1155 615 -10602
1156 789 -10754
1157 731 -10514
1158 463 -10566
1159 333 -10530
1160 137 -10362
1161 151 -10486
1162 75 -10514
1163 81 -10654
1164 -33 -10542
1165 -245 -10354
1166 -273 -10438
1167 -435 -10518
1168 -313 -10074
1169 -567 -10186
1170 -631 -10374
1171 -455 -10410
1172 -361 -10594
1173 -331 -10354
1174 -325 -10426
1175 -131 -10542
1176 -241 -10534
1177 -105 -10466
1178 -181 -10662
1179 -177 -10890
1180 -185 -10718
1181 -75 -10494
1182 45 -10326
1183 23 -10346
1184 53 -10406
1185 -1 -10490
1186 55 -10590
1187 -95 -10726
1188 -51 -10714
1189 -235 -10562
1190 -303 -10746
1191 -287 -10478
1192 -237 -10438
1193 -63 -10582
1194 -25 -10470
1195 -17 -10546
1196 -157 -10578
1197 -133 -10670
1198 -65 -10962
1199 -181 -10506
1200 -145 -10886
1201 -389 -10594
1202 -309 -10698
1203 -215 -10594
1204 -261 -10294
1205 -279 -10222
1206 -221 -10186
1207 -191 -10246
1208 -185 -10286
1209 1 -9934
1210 23 -10250
1211 95 -10282
1212 49 -10434
1213 43 -10514
1214 3 -10194
1215 -183 -10266
1216 -97 -10122
1217 43 -10150
1218 75 -10342
1219 -167 -10430
1220 -67 -10470
1221 -85 -10226
1222 -329 -10018
1223 -293 -10162
1224 -557 -10062
1225 -415 -10046
1226 -349 -10126
1227 -157 -10314
1228 -325 -10618
1229 -267 -10022
1230 -167 -10190
1231 -75 -10106
1232 -143 -10214
1233 -257 -10558
1234 -415 -10494
1235 -389 -10438
1236 -447 -10370
1237 -667 -10602
1238 -643 -10110
1239 -683 -10346
1240 -745 -10282
1241 -539 -10082
1242 -513 -9946
1243 -445 -10094
1244 -251 -10262
1245 -423 -10354
1246 -511 -10398
1247 -667 -10374
1248 -577 -10470
1249 -701 -10254
1250 -795 -10422
1251 -847 -10466
1252 -909 -10378
1253 -929 -10434
1254 -839 -10262
1255 -905 -10242
1256 -831 -10314
1257 -827 -10050
1258 -819 -9926
1259 -713 -10450
1260 -747 -10550
1261 -755 -10478
1262 -647 -10422
1263 -523 -10314
1264 -473 -10278
1265 -377 -10342
1266 -201 -10318
1267 -181 -10250
1268 -223 -10454
1269 -279 -10286
1270 -143 -10550
1271 -159 -10674
1272 -221 -10410
1273 -163 -10490
1274 -427 -10322
1275 -263 -10566
1276 -91 -10702
1277 -121 -10594
1278 -97 -10582
1279 -171 -10434
1280 -323 -10554
1281 -195 -10430
1282 -283 -10294
1283 -295 -10506
1284 63 -10514
1285 223 -10286
1286 79 -10258
1287 -119 -10270
1288 189 -10494
1289 225 -10538
1290 61 -10530
1291 281 -10466
1292 275 -10502
1293 65 -10566
1294 -65 -10490
1295 115 -10662
1296 125 -10494
1297 359 -10262
1298 643 -9954
1299 655 -9834
1300 587 -9902
1301 403 -10114
1302 421 -10254
1303 371 -10246
1304 555 -10370
1305 537 -10166
1306 765 -10082
1307 675 -10278
1308 593 -10254
1309 683 -10222
1310 675 -10174
1311 669 -10166
1312 607 -10630
1313 567 -10570
1314 655 -10218
1315 627 -10662
1316 499 -10598
1317 559 -10578
1318 613 -10498
1319 643 -10250
1320 599 -10086
1321 667 -9866
1322 541 -10266
1323 525 -10526
1324 375 -10862
1325 527 -10786
1326 273 -10486
1327 229 -10602
1328 99 -10334
1329 3 -10658
1330 -37 -10358
1331 -41 -10206
1332 -37 -10134
1333 -21 -10474
1334 -215 -10102
1335 -79 -10302
1336 73 -10430
1337 115 -10370
1338 115 -10150
1339 -9 -10282
1340 -31 -10222
1341 161 -10366
1342 49 -10414
1343 -47 -10450
1344 -101 -10310
1345 -215 -10318
1346 -297 -10326
1347 -309 -10430
1348 -323 -10350
1349 -231 -10286
1350 -57 -10382
1351 127 -10210
1352 -103 -10170
1353 -173 -9946
1354 -207 -10134
1355 -281 -10254
1356 -303 -10302
1357 -419 -10402
1358 -467 -10498
1359 -225 -10522
1360 -209 -10522
1361 -1 -10522
1362 69 -10406
1363 -209 -10298
1364 -51 -10658
1365 -67 -10702
1366 -63 -10362
1367 -111 -10298
1368 -101 -10322
1369 43 -10506
1370 -77 -10194
1371 31 -10266
1372 -231 -10386
1373 -385 -10326
1374 -411 -10222
1375 -343 -10478
1376 -327 -10406
1377 -393 -10358
1378 -463 -10334
1379 -315 -10442
1380 -395 -10010
1381 -143 -9934
1382 27 -10166
1383 -51 -10218
1384 -91 -10562
1385 -21 -10334
1386 169 -10494
1387 55 -10394
1388 -7 -10398
1389 127 -10454
1390 233 -10358
1391 481 -10306
1392 591 -10434
1393 779 -10050
1394 651 -9970
1395 713 -10086
1396 755 -10402
1397 755 -10002
1398 705 -10198
1399 687 -9898
1400 585 -10342
1401 615 -10130
1402 603 -10474
1403 529 -10322
1404 537 -10174
1405 567 -10254
1406 641 -10386
1407 867 -10454
1408 835 -10282
1409 829 -10226
1410 769 -10274
1411 693 -10338
1412 681 -10134
1413 527 -10442
1414 455 -10266
1415 339 -10126
1416 365 -10402
1417 413 -10526
1418 491 -10554
1419 603 -10326
1420 675 -10538
1421 451 -10766
1422 251 -10578
1423 187 -10530
1424 119 -10574
1425 251 -10918
1426 219 -10966
1427 401 -10850
1428 603 -10710
1429 747 -10466
1430 551 -10326
1431 645 -10106
1432 441 -10262
1433 587 -10022
1434 623 -10198
1435 505 -9938
1436 593 -10230
1437 513 -10626
1438 495 -10630
1439 613 -10570
1440 451 -10830
1441 389 -10634
1442 397 -10974
1443 255 -10482
1444 -87 -10590
1445 -155 -10486
1446 -315 -10650
1447 -337 -10322
1448 -355 -10330
1449 -425 -10310
1450 -551 -10286
1451 -607 -10126
1452 -753 -10494
1453 -671 -10186
1454 -503 -10290
1455 -507 -10354
1456 -359 -10202
1457 -461 -10338
1458 -585 -10294
1459 -445 -9966
1460 -421 -10206
1461 -643 -10474
1462 -603 -10626
1463 -631 -10554
1464 -657 -10482
1465 -467 -10558
1466 -367 -10554
1467 -437 -10290
1468 -405 -10370
1469 -515 -10554
1470 -231 -10446
1471 3 -10374
1472 93 -10554
1473 219 -10690
1474 351 -10534
1475 415 -10626
1476 417 -10782
1477 529 -10690
1478 603 -10910
1479 639 -10662
1480 685 -10634
1481 763 -10502
1482 773 -10474
1483 663 -10378
1484 637 -10298
1485 603 -10318
1486 645 -10226
1487 569 -10454
1488 839 -10694
1489 567 -10450
1490 837 -10326
1491 781 -10306
1492 823 -10410
1493 989 -10386
1494 991 -10422
1495 885 -10394
1496 945 -10314
1497 891 -10210
1498 749 -9930
1499 721 -9986
1500 661 -10238
1501 607 -10274
1502 759 -10098
1503 641 -10102
1504 717 -10194
1505 793 -10478
1506 923 -10502
1507 895 -10570
1508 1017 -10302
1509 1019 -10378
1510 1007 -10554
1511 961 -10466
1512 913 -10490
1513 847 -10342
1514 825 -10214
1515 603 -10178
1516 527 -10234
1517 365 -10558
1518 493 -10594
1519 319 -10266
1520 345 -10122
1521 353 -10270
1522 389 -10510
1523 303 -10546
1524 127 -10402
1525 -19 -10502
1526 167 -10566
1527 163 -10550
1528 49 -10302
1529 151 -10158
1530 49 -10250
1531 -13 -10542
1532 -311 -10686
1533 -217 -10550
1534 -65 -10546
1535 43 -10762
1536 331 -10514
1537 115 -10630
1538 -17 -10922
1539 -17 -10754
1540 103 -10726
1541 95 -10854
1542 171 -10694
1543 435 -10866
1544 429 -10682
1545 539 -10322
1546 527 -10578
1547 673 -10762
1548 575 -10402
1549 673 -10286
1550 723 -10122
1551 647 -10178
1552 895 -10342
1553 935 -10426
1554 1021 -10298
1555 1123 -10374
1556 1041 -10450
1557 977 -10514
1558 999 -10470
1559 907 -10546
1560 765 -10290
1561 677 -10394
1562 811 -10398
1563 957 -10550
1564 703 -10306
1565 519 -10446
1566 465 -10414
1567 315 -10554
1568 449 -10426
1569 551 -10322
1570 587 -10478
1571 535 -10622
1572 595 -10346
1573 685 -10414
1574 697 -10486
1575 693 -10130
1576 795 -10270
1577 581 -10170
1578 551 -10406
1579 671 -10318
1580 711 -10350
1581 681 -10578
1582 447 -10378
1583 341 -10326
1584 333 -10050
1585 217 -10094
1586 369 -10218
1587 261 -10014
1588 199 -10290
1589 329 -10578
1590 393 -10558
1591 507 -10390
1592 481 -10270
1593 691 -10410
1594 535 -10226
1595 701 -10054
1596 579 -10206
1597 537 -10170
1598 647 -10102
1599 723 -10310
1600 625 -10294
1601 409 -10206
1602 505 -10354
1603 471 -10346
1604 381 -10598
1605 387 -10474
1606 441 -10422
1607 363 -10414
1608 457 -10366
1609 309 -10058
1610 75 -10266
1611 217 -10458
1612 73 -10214
1613 -37 -10126
1614 -125 -10214
1615 -75 -10070
1616 -75 -10158
1617 -151 -10010
1618 -181 -10230
1619 -317 -10146
1620 -315 -10242
1621 -271 -10130
1622 -369 -10394
1623 -285 -10178
1624 -241 -10430
1625 -335 -9806
1626 -273 -10022
1627 -393 -9786
1628 -513 -10170
1629 -349 -10278
1630 -435 -9970
1631 -449 -10170
1632 -561 -9966
1633 -673 -10270
1634 -443 -10274
1635 -477 -10186
1636 -457 -10150
1637 -381 -10066
1638 -373 -10110
1639 -447 -9978
1640 -545 -10510
1641 -337 -10506
1642 -295 -10354
1643 -197 -10122
1644 -167 -10170
1645 -159 -10146
1646 -207 -10322
1647 -179 -10266
1648 -405 -10322
1649 -609 -10426
1650 -609 -10258
1651 -739 -10458
1652 -667 -10218
1653 -715 -10278
1654 -529 -10158
1655 -481 -10090
1656 -375 -10346
1657 -667 -10018
1658 -793 -10046
1659 -841 -9906
1660 -785 -9966
1661 -945 -9990
1662 -815 -9894
1663 -531 -9682
1664 -527 -9750
1665 -505 -9978
1666 -535 -9886
1667 -473 -10074
1668 -575 -10066
1669 -657 -10082
1670 -389 -10078
1671 -285 -10058
1672 -471 -10282
1673 -417 -10194
1674 -303 -10294
1675 -369 -10258
1676 -549 -10170
1677 -705 -10262
1678 -649 -10498
1679 -695 -10594
1680 -789 -10486
1681 -787 -10526
1682 -513 -10494
1683 -533 -10506
1684 -465 -10418
1685 -603 -10510
1686 -473 -10606
1687 -387 -10338
1688 -559 -10258
1689 -715 -10458
1690 -723 -10514
1691 -663 -10366
1692 -571 -10502
1693 -505 -10530
1694 -655 -10698
1695 -659 -10678
1696 -569 -10414
1697 -457 -10698
1698 -529 -10774
1699 -523 -10650
1700 -259 -10798
1701 -285 -10826
1702 -247 -10830
1703 -399 -10594
1704 -527 -10430
1705 -575 -10242
1706 -443 -10170
1707 -569 -10222
1708 -447 -10082
1709 -373 -10154
1710 -269 -10022
1711 -145 -9986
1712 -367 -9834
1713 -367 -9934
1714 -325 -10134
1715 -243 -10354
1716 -385 -10310
1717 -379 -10198
1718 -361 -10218
1719 -683 -10138
1720 -719 -10178
1721 -747 -10218
1722 -803 -10290
1723 -737 -10338
1724 -775 -10346
1725 -647 -10226
1726 -825 -10078
1727 -643 -10438
1728 -609 -10522
1729 -427 -10370
1730 -431 -10382
1731 -301 -10402
1732 -87 -10314
1733 -319 -10566
1734 -205 -10498
1735 -127 -10402
1736 -237 -10426
1737 -271 -10742
1738 -55 -10582
1739 -39 -10474
1740 57 -10546
1741 29 -10666
1742 7 -10394
1743 -137 -10442
1744 -63 -10558
1745 -73 -10582
1746 -9 -10646
1747 -191 -10450
1748 -373 -10378
1749 -237 -10242
1750 -479 -10318
1751 -471 -10134
1752 -491 -9790
1753 -299 -10090
1754 -219 -10142
1755 -263 -10206
1756 -307 -9838
1757 -293 -10210
1758 -177 -10014
1759 -261 -10318
1760 -425 -10518
1761 -423 -10442
1762 -383 -10466
1763 -341 -10038
1764 -203 -10106
1765 -273 -10070
1766 -347 -10394
1767 -413 -10394
1768 -537 -10322
1769 -451 -10306
1770 -671 -10290
1771 -713 -10262
1772 -659 -10034
1773 -465 -10046
1774 -329 -10374
1775 -255 -10326
1776 -445 -10402
1777 -433 -10518
1778 -353 -10554
1779 -393 -10434
1780 -615 -10542
1781 -529 -10258
1782 -443 -10466
1783 -359 -10642
1784 -299 -10514
1785 -247 -10386
1786 -337 -10058
1787 -121 -10258
1788 -211 -10410
1789 -263 -10298
1790 -395 -10394
1791 -359 -10542
1792 -209 -10630
1793 -249 -10530
1794 -357 -10470
1795 -223 -10722
1796 -163 -10690
1797 65 -10462
1798 117 -10494
1799 237 -10646
1800 435 -10498
1801 565 -10334
1802 411 -10350
1803 367 -10510
1804 533 -10470
1805 491 -10290
1806 289 -10302
1807 295 -10346
1808 219 -10314
1809 133 -10338
1810 229 -10534
1811 303 -10422
1812 357 -10550
1813 387 -10466
1814 743 -10390
1815 683 -10282
1816 469 -10450
1817 621 -10470
1818 731 -10378
1819 757 -10170
1820 605 -10342
1821 819 -10474
1822 711 -10494
1823 701 -10002
1824 463 -9902
1825 617 -10026
1826 545 -10074
1827 715 -10270
1828 785 -10290
1829 563 -10242
1830 609 -10242
1831 513 -10078
1832 575 -10062
1833 625 -10238
1834 785 -10258
1835 841 -10594
1836 853 -10430
1837 845 -10542
1838 811 -10810
1839 675 -10538
1840 713 -10710
1841 863 -10674
1842 897 -10698
1843 757 -10346
1844 805 -10342
1845 849 -10262
1846 1057 -10550
1847 1185 -10078
1848 1081 -10318
1849 1179 -10446
1850 1325 -10582
1851 1403 -10166
1852 1217 -10506
1853 1307 -10622
1854 1375 -10506
1855 1335 -10638
1856 1185 -10610
1857 1243 -10534
1858 1351 -10366
1859 1357 -10146
1860 1299 -10462
1861 1167 -10498
1862 1129 -10350
1863 889 -10506
1864 897 -10250
1865 681 -10258
1866 689 -10282
1867 881 -10198
1868 721 -10098
1869 791 -10262
1870 907 -10166
1871 1115 -10254
1872 1057 -9986
1873 1095 -10174
1874 1041 -10086
1875 935 -9962
1876 1011 -9874
1877 959 -10110
1878 755 -10250
1879 819 -10098
1880 837 -10030
1881 721 -10318
1882 773 -10310
1883 885 -10094
1884 939 -10298
1885 799 -10362
1886 747 -10150
1887 825 -10206
1888 813 -10074
1889 903 -10186
1890 1077 -10206
1891 1021 -10374
1892 1131 -10590
1893 1203 -10446
1894 1223 -10486
1895 1091 -10438
1896 1107 -10602
1897 1045 -10542
1898 947 -10334
1899 739 -10066
1900 713 -10354
1901 757 -10358
1902 819 -10230
1903 777 -10122
1904 909 -10238
1905 741 -9986
1906 793 -10130
1907 1047 -9938
1908 981 -10250
1909 1119 -10378
1910 1095 -10418
1911 1113 -10254
1912 997 -10102
1913 847 -10130
1914 839 -9946
1915 439 -9946
1916 351 -10046
1917 403 -9994
1918 125 -10106
1919 421 -10190
1920 331 -10174
1921 353 -10062
1922 505 -10078
1923 329 -10470
1924 255 -10246
1925 111 -10198
1926 111 -10490
1927 -19 -10570
1928 27 -10462
1929 109 -10462
1930 73 -10398
1931 11 -10354
1932 235 -10154
1933 283 -10354
1934 405 -10454
1935 537 -10502
1936 539 -10322
1937 547 -10454
1938 613 -10474
1939 803 -10514
1940 883 -10266
1941 951 -10310
1942 935 -10178
1943 955 -10530
1944 817 -10558
1945 607 -10266
1946 421 -10362
1947 601 -10106
1948 755 -9802
1949 581 -10178
1950 501 -10470
1951 443 -10414
1952 525 -10238
1953 715 -10206
1954 563 -10158
1955 311 -10146
1956 385 -10022
1957 193 -10086
1958 155 -10426
1959 153 -10378
1960 131 -10518
1961 61 -10198
1962 111 -10118
1963 317 -10138
1964 195 -10274
1965 43 -10422
1966 55 -10430
1967 49 -10338
1968 -31 -10190
1969 139 -10562
1970 93 -10386
1971 127 -10462
1972 183 -10346
1973 285 -10346
1974 237 -10258
1975 147 -10394
1976 109 -10410
1977 -109 -10434
1978 73 -10522
1979 45 -10666
1980 407 -10514
1981 377 -10522
1982 379 -10402
1983 383 -10506
1984 525 -10406
1985 315 -10386
1986 455 -10222
1987 647 -10218
1988 713 -10186
1989 543 -10454
1990 453 -10726
1991 637 -10734
1992 707 -10594
1993 607 -10382
1994 375 -10750
1995 315 -10706
1996 313 -10498
1997 471 -10542
1998 629 -10962
1999 567 -10962
2000 499 -10878
2001 421 -11034
2002 569 -11126
2003 401 -10934
2004 361 -10802
2005 261 -10642
2006 127 -10686
2007 -125 -10306
2008 -199 -10610
2009 -143 -10598
2010 -43 -10626
2011 -3 -10274
2012 -131 -10454
2013 -143 -10366
2014 -227 -10058
2015 -115 -10062
2016 -161 -10278
2017 -29 -10398
2018 -143 -10186
2019 -101 -10146
2020 -139 -10434
2021 -13 -10154
2022 53 -10482
2023 -21 -10326
2024 -89 -10610
2025 -131 -10186
2026 -17 -10118
2027 -145 -10042
2028 -147 -10042
2029 -265 -10062
2030 -223 -10234
2031 9 -10058
2032 37 -10174
2033 93 -10214
2034 221 -10318
2035 169 -10234
2036 -7 -10238
2037 -153 -10062
2038 -131 -10334
2039 -219 -10578
2040 -245 -10466
2041 -207 -10618
2042 -187 -10402
2043 -211 -10266
2044 -143 -10310
2045 -207 -10422
2046 -169 -10322
2047 -177 -10246
2048 21 -10362
2049 185 -10254
2050 113 -10230
2051 -47 -10418
2052 51 -10138
2053 -1 -10042
2054 -225 -10494
2055 -357 -10530
2056 -331 -10642
2057 -399 -10718
2058 -319 -10730
2059 -221 -10694
2060 -61 -10142
2061 -93 -10278
2062 -209 -10382
2063 -245 -10286
2064 -309 -9990
2065 -477 -10458
2066 -441 -10170
2067 -457 -10206
2068 -589 -10266
2069 -735 -10302
2070 -805 -10634
2071 -585 -10434
2072 -811 -10502
2073 -753 -10374
2074 -871 -10078
2075 -945 -10234
2076 -793 -9910
2077 -733 -10354
2078 -673 -10182
2079 -495 -10062
2080 -407 -10106
2081 -221 -10082
2082 -185 -10038
2083 -305 -9978
2084 -167 -10118
2085 -305 -10238
2086 -527 -10366
2087 -553 -10230
2088 -623 -10306
2089 -639 -9978
2090 -695 -10118
2091 -701 -10458
2092 -731 -10438
2093 -821 -10390
2094 -773 -10590
2095 -703 -10582
2096 -603 -10574
2097 -397 -10610
2098 -495 -10390
2099 -423 -10354
2100 -379 -10674
2101 -503 -10594
2102 -553 -10298
2103 -637 -10230
2104 -667 -10358
2105 -365 -10182
2106 -667 -10158
2107 -813 -10146
2108 -965 -10262
2109 -929 -10430
2110 -939 -10414
2111 -745 -10386
2112 -705 -10366
2113 -781 -10146
2114 -735 -10114
2115 -453 -10146
2116 -431 -10266
2117 -565 -10394
2118 -545 -10470
2119 -399 -10082
2120 -433 -10094
2121 -425 -10382
2122 -175 -10418
2123 -61 -10338
2124 -21 -10686
2125 -37 -10806
2126 37 -10822
2127 19 -10530
2128 21 -10398
2129 179 -10362
2130 307 -10370
2131 487 -10514
2132 517 -10410
2133 389 -10586
2134 377 -10374
2135 539 -10350
2136 435 -10554
2137 305 -10626
2138 231 -10886
2139 271 -10886
2140 253 -10734
2141 241 -10986
2142 283 -10910
2143 225 -10858
2144 177 -11046
2145 237 -11274
2146 231 -11010
2147 441 -10870
2148 439 -10662
2149 337 -10878
2150 347 -10846
2151 351 -10770
2152 365 -10906
2153 403 -10714
2154 301 -10574
2155 493 -10626
2156 403 -10434
2157 501 -10646
2158 467 -10910
2159 579 -10698
2160 577 -10542
2161 649 -10306
2162 557 -10370
2163 447 -10258
2164 535 -10150
2165 619 -10110
2166 359 -10370
2167 345 -10314
2168 61 -10486
2169 15 -10626
2170 -57 -10350
2171 -23 -10078
2172 13 -10174
2173 -159 -10318
2174 -305 -10386
2175 -237 -10058
2176 -127 -9970
2177 -215 -10146
2178 -55 -10242
2179 -35 -10754
2180 -3 -10378
2181 -3 -10358
2182 163 -10394
2183 163 -10506
2184 239 -10270
2185 165 -10390
2186 89 -10634
2187 -37 -10530
2188 37 -10638
2189 9 -10482
2190 -217 -10490
2191 -303 -10566
2192 -501 -10338
2193 -471 -10302
2194 -441 -10606
2195 -497 -10838
2196 -559 -10590
2197 -715 -10642
2198 -697 -10350
2199 -733 -10234
2200 -825 -10478
2201 -787 -10534
2202 -863 -10618
2203 -753 -10382
2204 -545 -10562
2205 -543 -10622
2206 -611 -10370
2207 -495 -10494
2208 -387 -10354
2209 -359 -10290
2210 -451 -10158
2211 -241 -10126
2212 -121 -10146
2213 -27 -10190
2214 -81 -10130
2215 -3 -10114
2216 299 -10214
2217 85 -10046
2218 85 -10258
2219 165 -10410
2220 177 -10418
2221 317 -10198
2222 399 -10214
2223 455 -10474
2224 119 -10458
2225 91 -10414
2226 35 -10486
2227 65 -10358
2228 59 -10442
2229 37 -10278
2230 131 -10642
2231 223 -10374
2232 413 -10370
2233 401 -10462
2234 561 -10506
2235 225 -10550
2236 183 -10394
2237 159 -10194
2238 73 -10262
2239 77 -10562
2240 373 -10078
2241 251 -9926
2242 399 -10242
2243 221 -10306
2244 383 -10158
2245 319 -10562
2246 213 -10350
2247 -23 -10126
2248 53 -10146
2249 165 -10278
2250 303 -10366
2251 301 -10566
2252 269 -10602
2253 197 -10642
2254 213 -10518
2255 413 -10570
2256 561 -10510
2257 571 -10594
2258 637 -10314
2259 721 -10310
2260 691 -10418
2261 863 -10498
2262 783 -10614
2263 713 -10278
2264 777 -10222
2265 753 -10154
2266 719 -10246
2267 649 -10074
2268 729 -10110
2269 873 -10218
2270 775 -10274
2271 927 -10234
2272 999 -10298
2273 963 -10286
2274 925 -9914
2275 1043 -10222
2276 871 -10278
2277 897 -10114
2278 689 -10302
2279 747 -10094
2280 691 -10242
2281 911 -10162
2282 1047 -10158
2283 977 -10050
2284 1191 -10182
2285 1201 -10090
2286 1199 -9954
2287 967 -10290
2288 1077 -10422
2289 1107 -10282
2290 969 -10306
2291 1093 -10018
2292 1019 -10230
2293 1265 -10430
2294 1287 -10290
2295 1429 -10698
2296 1423 -10774
2297 1409 -10782
2298 1503 -10758
2299 1541 -10522
2300 1565 -10202
2301 1527 -10362
2302 1441 -10574
2303 1463 -10730
2304 1243 -10658
2305 1107 -10546
2306 975 -10650
2307 949 -10686
2308 915 -10802
2309 791 -10598
2310 765 -10646
2311 807 -10618
2312 893 -10618
2313 987 -10646
2314 971 -10474
2315 1013 -10302
2316 875 -10466
2317 775 -10322
2318 755 -10390
2319 703 -10462
2320 437 -10186
2321 389 -10350
2322 445 -10302
2323 307 -10154
2324 361 -10318
2325 435 -10486
2326 335 -10426
2327 609 -10322
2328 733 -10362
2329 787 -10622
2330 719 -10406
2331 647 -10106
2332 505 -10078
2333 485 -10294
2334 385 -10314
2335 479 -10166
2336 683 -10218
2337 901 -10130
2338 899 -10222
2339 1005 -10430
2340 1095 -10750
2341 1203 -10682
2342 1203 -10538
2343 1187 -10698
2344 1071 -10406
2345 1085 -10394
2346 1207 -10510
2347 1053 -10538
2348 1115 -10546
2349 1085 -10726
2350 1049 -10594
2351 667 -10478
2352 693 -10734
2353 1107 -10678
2354 981 -10550
2355 721 -10362
2356 677 -10274
2357 597 -10270
2358 667 -10306
2359 767 -10538
2360 719 -10410
2361 651 -10378
2362 619 -9974
2363 437 -10094
2364 293 -10358
2365 55 -10214
2366 13 -10050
2367 -7 -10718
2368 -81 -10690
2369 93 -10678
2370 241 -10790
2371 329 -10174
2372 505 -10310
2373 415 -10330
2374 271 -10298
2375 201 -10570
2376 255 -10378
2377 433 -10518
2378 459 -10282
2379 275 -10546
2380 321 -10618
2381 439 -10094
2382 327 -10154
2383 363 -10058
2384 435 -10238
2385 569 -10322
2386 337 -10366
2387 345 -10138
2388 431 -10014
2389 377 -10010
2390 349 -10062
2391 279 -10338
2392 85 -10198
2393 -91 -10250
2394 -293 -10206
2395 -259 -10394
2396 -533 -10342
2397 -591 -10386
2398 -493 -10258
2399 -469 -10282
2400 -343 -10042
2401 -369 -10222
2402 -385 -10242
2403 -187 -10366
2404 -325 -10226
2405 -353 -10154
2406 -429 -10026
2407 -375 -10246
2408 -289 -10006
2409 -215 -10350
2410 139 -10534
2411 -5 -10398
2412 93 -10486
2413 219 -10294
2414 135 -10002
2415 165 -10346
2416 331 -10054
2417 307 -10014
2418 87 -10278
2419 -139 -10178
2420 63 -10482
2421 293 -10454
2422 261 -10398
2423 249 -10298
2424 119 -10350
2425 123 -10466
2426 191 -10318
2427 -3 -10526
2428 -107 -10474
2429 -187 -10518
2430 -179 -10486
2431 -211 -10522
2432 -305 -10406
2433 -375 -10306
2434 -141 -10394
2435 -379 -10490
2436 -447 -10306
2437 -599 -10310
2438 -523 -10462
2439 -467 -10542
2440 -489 -10506
2441 -447 -10558
2442 -385 -10466
2443 -321 -10558
2444 -271 -10450
2445 -213 -10270
2446 -255 -10370
2447 -241 -10754
2448 -299 -10478
2449 -397 -10390
2450 -419 -10594
2451 -437 -10530
2452 -573 -10526
2453 -739 -10694
2454 -813 -10594
2455 -705 -10682
2456 -655 -10658
2457 -631 -10750
2458 -325 -10918
2459 -381 -10746
2460 -373 -10482
2461 -165 -10454
2462 -47 -10342
2463 -125 -10458
2464 -251 -10418
2465 -351 -10634
2466 -317 -10774
2467 -129 -11050
2468 147 -10502
2469 57 -10198
2470 43 -10290
2471 -133 -10458
2472 -137 -10706
2473 -171 -10614
2474 -61 -10434
2475 -307 -10558
2476 -257 -10590
2477 -297 -10654
2478 -373 -10730
2479 -293 -10690
2480 -321 -11154
2481 -393 -11022
2482 -309 -10762
2483 -419 -10938
2484 -675 -10706
2485 -687 -10734
2486 -689 -10894
2487 -703 -10754
2488 -547 -10586
2489 -521 -10634
2490 -561 -10594
2491 -663 -10798
2492 -617 -10858
2493 -559 -10694
2494 -627 -10554
2495 -697 -10602
2496 -825 -10466
2497 -883 -10458
2498 -809 -10498
2499 -681 -10550
2500 -793 -10338
2501 -719 -10422
2502 -797 -10554
2503 -885 -10702
2504 -829 -10922
2505 -867 -10706
2506 -659 -10514
2507 -671 -10582
2508 -779 -10758
2509 -803 -10306
2510 -861 -10174
2511 -929 -10286
2512 -883 -10554
2513 -811 -10474
2514 -737 -10378
2515 -483 -10274
2516 -545 -10318
2517 -535 -10182
2518 -385 -10370
2519 -303 -10150
2520 -309 -10426
2521 -447 -10354
2522 -313 -10510
2523 -335 -10762
2524 -437 -10934
2525 -537 -10510
2526 -415 -10434
2527 -445 -10570
2528 -293 -10810
2529 -299 -10670
2530 -351 -10546
2531 -433 -10306
2532 -357 -9946
2533 -355 -10190
2534 -417 -10534
2535 -463 -10842
2536 -523 -10498
2537 -413 -10330
2538 -117 -10222
2539 -69 -10402
2540 -131 -10294
2541 -205 -9850
2542 -243 -10014
2543 -53 -10050
2544 -103 -10278
2545 -49 -10438
2546 -59 -10154
2547 -91 -10266
2548 179 -10174
2549 97 -10254
2550 169 -10158
2551 133 -10062
2552 125 -10350
2553 159 -10034
2554 75 -10054
2555 267 -10074
2556 221 -10182
2557 265 -10274
2558 375 -10262
2559 465 -10530
2560 637 -10498
2561 549 -10830
2562 487 -10650
2563 137 -10398
2564 465 -10610
2565 181 -10314
2566 335 -10170
2567 249 -10214
2568 339 -10158
2569 521 -10422
2570 575 -10510
2571 441 -10438
2572 421 -10410
2573 435 -10246
2574 397 -10362
2575 281 -10386
2576 297 -10510
2577 259 -10638
2578 253 -10438
2579 49 -10510
2580 171 -10402
2581 155 -10482
2582 305 -10630
2583 447 -10494
2584 303 -10538
2585 277 -10782
2586 383 -10786
2587 431 -10642
2588 319 -10726
2589 353 -10354
2590 223 -10374
2591 187 -10562
2592 375 -10406
2593 377 -10386
2594 249 -10526
2595 121 -10626
2596 -135 -10670
2597 -361 -10586
2598 -209 -10406
2599 -213 -10442
2600 -341 -10346
2601 -603 -10558
2602 -709 -10490
2603 -803 -10422
2604 -713 -10346
2605 -453 -10038
2606 -615 -10458
2607 -601 -10730
2608 -491 -10678
2609 -611 -10754
2610 -617 -10658
2611 -765 -10834
2612 -869 -10726
2613 -621 -10642
2614 -727 -10886
2615 -739 -11018
2616 -677 -10838
2617 -605 -10842
2618 -591 -10990
2619 -701 -10874
2620 -833 -10850
2621 -803 -10534
2622 -1009 -11146
2623 -979 -11018
2624 -1053 -10802
2625 -969 -10822
2626 -1023 -10390
2627 -1109 -10354
2628 -1167 -10174
2629 -1211 -10406
2630 -1195 -10562
2631 -1139 -10410
2632 -1195 -10662
2633 -1155 -10754
2634 -1183 -10802
2635 -1027 -10566
2636 -859 -10678
2637 -1093 -10694
2638 -999 -10582
2639 -811 -10782
2640 -747 -10862
2641 -771 -10750
2642 -607 -10930
2643 -533 -11054
2644 -493 -10722
2645 -445 -10334
2646 -375 -10354
2647 -413 -10594
2648 -383 -10414
2649 -411 -10502
2650 -363 -10482
2651 -473 -10646
2652 -257 -10562
2653 -177 -10562
2654 -141 -10494
2655 -121 -10538
2656 -225 -10470
2657 -119 -10314
2658 -189 -10026
2659 -149 -10186
2660 -81 -10302
2661 153 -10230
2662 45 -10338
2663 -39 -10554
2664 77 -10410
2665 215 -10366
2666 219 -10234
2667 271 -10174
2668 251 -10146
2669 175 -10222
2670 149 -10158
2671 -3 -10198
2672 -23 -10402
2673 91 -10506
2674 45 -10322
2675 -59 -10242
2676 -17 -10470
2677 55 -10270
2678 121 -10602
2679 -11 -10642
2680 -141 -10558
2681 -313 -10498
2682 -491 -10582
2683 -593 -10562
2684 -443 -10562
2685 -429 -10586
2686 -321 -10806
2687 -217 -10590
2688 -183 -10714
2689 -177 -10418
2690 -197 -10410
2691 -227 -10278
2692 -17 -10342
2693 -177 -10430
2694 -189 -10630
2695 -365 -10418
2696 -323 -10442
2697 -291 -10450
2698 -325 -10474
2699 -153 -10594
2700 -103 -10362
2701 -141 -10206
2702 129 -10130
2703 289 -10334
2704 121 -10130
2705 173 -9994
2706 155 -10190
2707 107 -10394
2708 171 -10498
2709 363 -10670
2710 309 -10622
2711 319 -10578
2712 357 -10530
2713 281 -10458
2714 371 -10454
2715 401 -10302
2716 211 -10090
2717 175 -10390
2718 183 -10154
2719 127 -10214
2720 287 -9918
2721 145 -10122
2722 -1 -10594
2723 7 -10698
2724 -105 -10358
2725 101 -10142
2726 245 -10190
2727 281 -10354
2728 151 -10086
2729 287 -10414
2730 243 -10142
2731 335 -10238
2732 399 -10426
2733 319 -10182
2734 151 -10342
2735 211 -10098
2736 225 -10210
2737 249 -10086
2738 299 -10258
2739 517 -10290
2740 585 -10194
2741 529 -9990
2742 617 -10026
2743 713 -10162
2744 611 -10182
2745 555 -10146
2746 583 -10170
2747 471 -9998
2748 703 -10210
2749 603 -10302
2750 659 -10130
2751 897 -10234
2752 817 -10238
2753 883 -10498
2754 811 -10550
2755 755 -10394
2756 935 -10294
2757 801 -10462
2758 629 -10406
2759 507 -10314
2760 481 -10370
2761 411 -10342
2762 339 -10518
2763 227 -10478
2764 215 -10498
2765 297 -10510
2766 157 -10602
2767 117 -10770
2768 529 -10554
2769 611 -10638
2770 569 -10526
2771 681 -10542
2772 797 -10486
2773 893 -10174
2774 941 -10442
2775 863 -10230
2776 589 -10178
2777 567 -10314
2778 495 -10050
2779 667 -10066
2780 687 -9998
2781 697 -9962
2782 509 -9806
2783 385 -10142
2784 307 -9998
2785 309 -10102
2786 259 -10098
2787 469 -10262
2788 609 -10534
2789 675 -10438
2790 617 -10474
2791 887 -10306
2792 585 -10402
2793 543 -10542
2794 499 -10734
2795 507 -10642
2796 367 -10418
2797 241 -10654
2798 137 -10590
2799 111 -10494
2800 125 -10286
2801 315 -10242
2802 233 -10134
2803 171 -10182
2804 171 -10482
2805 165 -10266
2806 133 -10342
2807 139 -10510
2808 -59 -10546
2809 -173 -10378
2810 -207 -10382
2811 -347 -10166
2812 -425 -10242
2813 -401 -10174
2814 -259 -10178
2815 -179 -10274
2816 -167 -10250
2817 -251 -10062
2818 -91 -10078
2819 5 -10162
2820 15 -10174
2821 163 -10002
2822 71 -10130
2823 -11 -10138
2824 117 -9934
2825 29 -10302
2826 -187 -10426
2827 -419 -10446
2828 -579 -10126
2829 -569 -10278
2830 -437 -10410
2831 -419 -10406
2832 -361 -10270
2833 -471 -10482
2834 -447 -10370
2835 -421 -10490
2836 -317 -10374
2837 -405 -10334
2838 -389 -10698
2839 -343 -10774
2840 -271 -10550
2841 -251 -10138
2842 -245 -10090
2843 -13 -10090
2844 -23 -10118
2845 143 -10190
2846 89 -10258
2847 75 -10174
2848 -165 -10282
2849 -263 -10206
2850 -171 -10426
2851 -309 -10490
2852 -387 -10450
2853 -511 -10422
2854 -429 -10454
2855 -429 -10586
2856 -253 -10522
2857 -71 -10334
2858 -81 -10242
2859 -121 -10442
2860 -263 -10290
2861 -207 -10702
2862 -203 -10542
2863 -329 -10482
2864 -355 -10374
2865 -221 -10478
2866 -377 -10354
2867 -279 -10378
2868 -285 -10406
2869 -403 -10478
2870 -371 -10102
2871 -439 -10154
2872 -325 -10342
2873 -329 -10118
2874 -401 -10330
2875 -115 -10434
2876 7 -10554
2877 -225 -10378
2878 -77 -10230
2879 -143 -10350
2880 -211 -10474
2881 -87 -10470
2882 -219 -10382
2883 -121 -10502
2884 -121 -10326
2885 1 -10486
2886 -45 -10498
2887 117 -10302
2888 179 -10230
2889 131 -10118
2890 95 -9950
2891 133 -10270
2892 227 -10210
2893 313 -10158
2894 405 -10370
2895 285 -10262
2896 259 -9934
2897 421 -10218
2898 221 -10206
2899 379 -10102
2900 217 -10382
2901 461 -10342
2902 305 -10030
2903 359 -10006
2904 479 -10014
2905 381 -10110
2906 251 -10054
2907 219 -10318
2908 111 -10150
2909 85 -10102
2910 163 -10218
2911 151 -9910
2912 -3 -10118
2913 49 -10042
2914 45 -10194
2915 69 -10242
2916 -173 -10426
2917 111 -10366
2918 -103 -10126
2919 117 -10290
2920 145 -10130
2921 305 -10338
2922 671 -10438
2923 663 -10326
2924 733 -10414
2925 641 -10390
2926 685 -10334
2927 717 -10082
2928 595 -10038
2929 669 -10002
2930 599 -10290
2931 725 -10050
2932 637 -10006
2933 461 -9918
2934 145 -9962
2935 373 -10110
2936 283 -10050
2937 389 -10254
2938 403 -9866
2939 365 -10098
2940 189 -10106
2941 201 -10074
2942 223 -10242
2943 285 -10342
2944 215 -10366
2945 297 -10294
2946 405 -10342
2947 205 -10306
2948 213 -10206
2949 221 -9986
2950 269 -10154
2951 359 -10338
2952 345 -10186
2953 465 -10254
2954 403 -10342
2955 305 -10374
2956 367 -10306
2957 329 -10010
2958 441 -10230
2959 339 -10078
2960 369 -10306
2961 235 -10250
2962 183 -10410
2963 145 -10534
2964 221 -10514
2965 -3 -10370
2966 9 -10630
2967 -229 -10646
2968 -117 -10718
2969 -89 -10370
2970 27 -10254
2971 133 -10174
2972 109 -10294
2973 67 -10306
2974 45 -10302
2975 -145 -10214
2976 -293 -10146
2977 -57 -10186
2978 -57 -10218
2979 -369 -10278
2980 -517 -10338
2981 -445 -10446
2982 -301 -10350
2983 -167 -10126
2984 -169 -9794
2985 31 -9846
2986 97 -10038
2987 149 -9814
2988 -3 -9810
2989 -41 -10006
2990 23 -9802
2991 -27 -9986
2992 33 -10202
2993 19 -10206
2994 -75 -10194
2995 -211 -10266
2996 -279 -10170
2997 -441 -10402
2998 -441 -10134
2999 -637 -10150
3000 -821 -10030
3001 -661 -10222
3002 -501 -10638
3003 -423 -10698
3004 -185 -10662
3005 -97 -10298
3006 -111 -10230
3007 -83 -10246
3008 51 -10430
3009 -11 -10170
3010 -43 -10466
3011 101 -10402
3012 45 -10370
3013 77 -10462
3014 -11 -10482
3015 95 -10550
3016 95 -10594
3017 125 -10714
3018 53 -10658
3019 -97 -10630
3020 -15 -10250
3021 -143 -10094
3022 -213 -10182
3023 -195 -10730
3024 9 -10342
3025 -1 -10214
3026 57 -10310
3027 -37 -10338
3028 -87 -10498
3029 -201 -10506
3030 -139 -10614
3031 -129 -10702
3032 -63 -10506
3033 -277 -10478
3034 -289 -10506
3035 -379 -10394
3036 -255 -10398
3037 -173 -10266
3038 -161 -10202
3039 -143 -10186
3040 -259 -10154
3041 -379 -10270
3042 -645 -10418
3043 -865 -10326
3044 -1083 -10214
3045 -1027 -10122
3046 -1119 -10302
3047 -1131 -10226
3048 -943 -10146
3049 -803 -10278
3050 -649 -10018
3051 -615 -10182
3052 -533 -10262
3053 -729 -10166
3054 -661 -10450
3055 -605 -10362
3056 -727 -10570
3057 -603 -10430
3058 -499 -10354
3059 -407 -10346
3060 -387 -10402
3061 -579 -10162
3062 -483 -10310
3063 -251 -10550
3064 -27 -10550
3065 -237 -10350
3066 -263 -10234
3067 23 -9974
3068 -31 -10066
3069 221 -10138
3070 119 -9978
3071 127 -10122
3072 187 -10190
3073 365 -10014
3074 463 -10206
3075 581 -10014
3076 569 -10054
3077 627 -10166
3078 405 -10082
3079 391 -10250
3080 299 -10042
3081 403 -10282
3082 471 -9950
3083 573 -9994
3084 497 -9882
3085 663 -10186
3086 663 -10302
3087 563 -10306
3088 577 -10326
3089 671 -10266
3090 713 -10414
3091 657 -10522
3092 631 -10294
3093 615 -10514
3094 629 -10630
3095 893 -10414
3096 919 -10678
3097 881 -10526
3098 973 -10570
3099 1035 -10750
3100 1161 -10446
3101 1123 -10378
3102 1069 -10590
3103 893 -10202
3104 741 -10398
3105 903 -10654
3106 959 -10586
3107 1107 -10622
3108 875 -10542
3109 605 -10310
3110 357 -10346
3111 413 -10518
3112 579 -10146
3113 651 -10186
3114 649 -10150
3115 431 -9842
3116 407 -9794
3117 463 -10070
3118 405 -10098
3119 433 -10138
3120 703 -10154
3121 695 -10030
3122 599 -10030
3123 513 -9914
3124 435 -10098
3125 351 -10278
3126 367 -10226
3127 431 -10230
3128 581 -10182
3129 537 -9902
3130 521 -10330
3131 549 -10218
3132 771 -9994
3133 615 -10022
3134 621 -9858
3135 753 -9942
3136 773 -10086
3137 909 -10162
3138 1033 -10034
3139 1087 -10234
3140 1063 -10102
3141 1189 -10090
3142 1099 -10122
3143 1031 -10334
3144 917 -10518
3145 789 -10522
3146 763 -10170
3147 661 -10186
3148 663 -10070
3149 683 -10086
3150 663 -10078
3151 733 -10230
3152 753 -10206
3153 633 -10422
3154 489 -10590
3155 647 -10482
3156 633 -10458
3157 497 -10222
3158 423 -10382
3159 603 -10146
3160 601 -10118
3161 781 -10302
3162 765 -10382
3163 851 -10318
3164 735 -10262
3165 649 -10274
3166 653 -10410
3167 783 -10122
3168 745 -10210
3169 799 -10330
3170 933 -10078
3171 631 -9982
3172 507 -9974
3173 419 -9834
3174 215 -10170
3175 369 -10178
3176 275 -10290
3177 167 -10146
3178 87 -10030
3179 163 -10322
3180 261 -10190
3181 215 -10026
3182 27 -10230
3183 19 -10194
3184 -41 -9902
3185 51 -9834
3186 -111 -9922
3187 -237 -9986
3188 -209 -10162
3189 -287 -10274
3190 -257 -10334
3191 -193 -10278
3192 -67 -10286
3193 -119 -10438
3194 -117 -10210
3195 -51 -10378
3196 -201 -10206
3197 -377 -10478
3198 -121 -10642
3199 -139 -10358
3200 -63 -10258
3201 43 -10674
3202 -103 -10574
3203 -25 -10638
3204 101 -10710
3205 203 -10546
3206 247 -10550
3207 159 -10226
3208 171 -10622
3209 221 -10662
3210 189 -10446
3211 51 -10574
3212 -105 -10242
3213 -131 -10282
3214 -267 -10150
3215 -55 -10054
3216 -59 -9886
3217 -125 -10482
3218 39 -10358
3219 -109 -10254
3220 -87 -10134
3221 -103 -10558
3222 -291 -10638
3223 -225 -10566
3224 -295 -10426
3225 -521 -10618
3226 -377 -10614
3227 -395 -10302
3228 -445 -10202
3229 -587 -10274
3230 -897 -10454
3231 -841 -10434
3232 -779 -10434
3233 -681 -10514
3234 -693 -10518
3235 -785 -10674
3236 -979 -10694
3237 -1027 -10478
3238 -1021 -10550
3239 -917 -10438
3240 -647 -10490
3241 -649 -10582
3242 -601 -10130
3243 -619 -10194
3244 -343 -10502
3245 -257 -10382
3246 -225 -10642
3247 -277 -10638
3248 -239 -10382
3249 -235 -10154
3250 -553 -10226
3251 -393 -10250
3252 -491 -10214
3253 -671 -10186
3254 -481 -10270
3255 -585 -10142
3256 -589 -10090
3257 -395 -10378
3258 -435 -10542
3259 -407 -10646
3260 -303 -10562
3261 -275 -10498
3262 -355 -10470
3263 -467 -10574
3264 -271 -10658
3265 -433 -10690
3266 -399 -10710
3267 -317 -10786
3268 -317 -10898
3269 -237 -10578
3270 -345 -10758
3271 -293 -10390
3272 -365 -10462
3273 -357 -10382
3274 -481 -10226
3275 -503 -10514
3276 -473 -10658
3277 -423 -10402
3278 -433 -10490
3279 -295 -10650
3280 -299 -10374
3281 -341 -10234
3282 -85 -10198
3283 -65 -10294
3284 113 -10374
3285 -73 -10210
3286 -125 -10214
3287 -209 -10086
3288 -183 -10342
3289 -273 -10218
3290 -247 -10298
3291 -197 -10310
3292 -253 -10426
3293 95 -10750
3294 269 -10546
3295 439 -10534
3296 785 -10570
3297 789 -10518
3298 841 -10558
3299 727 -10654
3300 703 -10534
3301 761 -10594
3302 661 -10746
3303 643 -10506
3304 625 -10454
3305 537 -10578
3306 541 -10466
3307 431 -10826
3308 521 -10514
3309 451 -10518
3310 609 -10594
3311 557 -10338
3312 559 -10134
3313 523 -10206
3314 657 -10190
3315 557 -10226
3316 787 -10378
3317 669 -10602
3318 849 -10586
3319 947 -10442
3320 897 -10506
3321 925 -10482
3322 927 -10486
3323 871 -10458
3324 725 -10358
3325 719 -10130
3326 589 -10286
3327 505 -10258
3328 509 -10166
3329 649 -10190
3330 669 -10334
3331 607 -10194
3332 505 -10478
3333 605 -10810
3334 709 -10502
3335 647 -10178
3336 677 -10226
3337 601 -10338
3338 635 -10590
3339 679 -10498
3340 555 -10506
3341 423 -10150
3342 309 -10218
3343 341 -10478
3344 535 -10486
3345 549 -10634
3346 423 -10366
3347 343 -10170
3348 163 -10218
3349 47 -10238
3350 -119 -10162
3351 -77 -10502
3352 -43 -10530
3353 65 -10398
3354 -89 -10618
3355 -339 -10570
3356 -179 -10450
3357 -83 -10450
3358 113 -10002
3359 73 -10214
3360 77 -10302
3361 -61 -10350
3362 -141 -10142
3363 -223 -10266
3364 -313 -10250
3365 -261 -10214
3366 -343 -10254
3367 -495 -10198
3368 -341 -10226
3369 -479 -10418
3370 -421 -10190
3371 -533 -10366
3372 -639 -10266
3373 -563 -10118
3374 -545 -10410
3375 -471 -10130
3376 -459 -10262
3377 -287 -10054
3378 -199 -10274
3379 35 -10430
3380 89 -10378
3381 51 -9978
3382 -41 -10094
3383 -27 -10298
3384 -75 -10294
3385 -51 -10278
3386 7 -10026
3387 -87 -10270
3388 -83 -10422
3389 37 -10346
3390 175 -10466
3391 189 -10250
3392 165 -10278
3393 489 -10186
3394 573 -10458
3395 617 -10474
3396 593 -10406
3397 487 -10578
3398 679 -10558
3399 471 -10250
3400 403 -10134
3401 387 -10186
3402 437 -10350
3403 393 -10354
3404 281 -10438
3405 289 -10506
3406 91 -10414
3407 -25 -10446
3408 139 -10578
3409 95 -10666
3410 113 -10622
3411 111 -10274
3412 47 -10666
3413 -103 -10262
3414 -163 -10282
3415 -133 -10250
3416 -85 -10210
3417 85 -10318
3418 139 -10178
3419 183 -10122
3420 77 -10358
3421 59 -10610
3422 73 -10502
3423 117 -10166
3424 317 -10482
3425 267 -10514
3426 231 -10466
3427 35 -10678
3428 123 -10506
3429 79 -10282
3430 87 -10522
3431 185 -10642
3432 235 -10542
3433 179 -10474
3434 113 -10394
3435 -7 -10474
3436 -129 -10530
3437 -361 -10518
3438 -307 -10398
3439 -313 -10374
3440 -199 -10662
3441 -357 -10818
3442 -171 -10674
3443 -179 -10626
3444 -65 -10674
3445 -147 -10518
3446 -205 -10438
3447 -269 -10490
3448 -311 -10422
3449 -439 -10374
3450 -635 -10426
3451 -375 -10406
3452 -385 -10190
3453 -421 -10462
3454 -279 -10090
3455 -277 -10334
3456 -307 -10394
3457 -401 -10334
3458 -281 -10382
3459 -131 -10334
3460 -65 -10442
3461 -191 -10662
3462 99 -10614
3463 39 -10278
3464 137 -10522
3465 29 -10370
3466 107 -10370
3467 133 -10274
3468 145 -10306
3469 203 -10574
3470 201 -10786
3471 295 -10570
3472 165 -10386
3473 297 -10350
3474 109 -10362
3475 83 -10382
3476 -117 -10278
3477 -263 -10030
3478 -271 -10098
3479 -339 -10542
3480 -345 -10630
3481 -329 -10778
3482 -271 -10722
3483 -51 -10594
3484 -17 -10574
3485 55 -10482
3486 137 -10474
3487 241 -10290
3488 69 -10154
3489 -55 -10394
3490 -63 -10350
3491 -169 -10330
3492 -215 -10338
3493 -221 -10358
3494 -323 -10174
3495 -477 -10014
3496 -599 -9870
3497 -505 -10274
3498 -419 -10006
3499 -485 -10254
3500 -339 -10398
3501 -353 -10574
3502 -219 -10578
3503 -291 -10718
3504 -329 -10754
3505 -277 -10694
3506 -187 -10818
3507 -359 -10598
3508 -441 -10310
3509 -413 -10378
3510 -405 -10634
3511 -145 -10386
3512 -161 -10602
3513 -79 -10602
3514 -45 -10658
3515 -27 -10542
3516 -29 -10534
3517 261 -10334
3518 249 -10522
3519 323 -10774
3520 99 -10690
3521 3 -10830
3522 137 -10534
3523 205 -10438
3524 73 -10530
3525 -153 -10382
3526 -181 -10174
3527 -125 -10118
3528 -147 -10358
3529 -257 -10150
3530 -383 -10430
3531 -303 -10670
3532 -315 -10322
3533 -285 -10126
3534 -395 -10074
3535 -547 -10138
3536 -627 -10302
3537 -755 -10246
3538 -631 -10286
3539 -745 -10162
3540 -765 -10106
3541 -599 -10170
3542 -535 -10434
3543 -299 -10490
3544 -377 -10066
3545 -229 -10222
3546 -437 -10326
3547 -561 -10186
3548 -579 -10230
3549 -787 -10290
3550 -897 -10198
3551 -607 -10550
3552 -773 -10514
3553 -879 -10466
3554 -923 -10370
3555 -865 -10442
3556 -697 -10430
3557 -755 -10538
3558 -933 -10510
3559 -1233 -10514
3560 -1163 -10350
3561 -1247 -10514
3562 -1245 -10178
3563 -1053 -10394
3564 -1169 -10378
3565 -981 -10366
3566 -925 -10666
3567 -913 -10602
3568 -841 -10466
3569 -857 -10334
3570 -969 -10534
3571 -721 -10418
3572 -741 -10582
3573 -563 -10354
3574 -591 -10450
3575 -373 -10614
3576 -373 -10506
3577 -329 -10610
3578 -157 -10310
3579 -3 -10402
3580 11 -10310
3581 249 -10502
3582 319 -10450
3583 407 -10514
3584 457 -10466
3585 451 -10486
3586 251 -10710
3587 283 -10222
3588 129 -10254
3589 153 -10118
3590 69 -10110
3591 103 -10134
3592 173 -10098
3593 67 -10126
3594 121 -9962
3595 -65 -9802
3596 -37 -10070
3597 69 -10122
3598 51 -10110
3599 -1 -10394
3600 -247 -10154
3601 -291 -10086
3602 -253 -10454
3603 -307 -10086
3604 -319 -10498
3605 -75 -10530
3606 -309 -10450
3607 -299 -10490
3608 -315 -10390
3609 -273 -10550
3610 -257 -10550
3611 -305 -10486
3612 -311 -10558
3613 -247 -10354
3614 -317 -10078
3615 -559 -10130
3616 -607 -10318
3617 -661 -10466
3618 -587 -10606
3619 -669 -10406
3620 -787 -10690
3621 -875 -10634
3622 -675 -10634
3623 -633 -10646
3624 -645 -10686
3625 -683 -10774
3626 -541 -10630
3627 -807 -10430
3628 -743 -10406
3629 -635 -10518
3630 -399 -10490
3631 -383 -10530
3632 -323 -10482
3633 -295 -10794
3634 -391 -10594
3635 -303 -10490
3636 -451 -10706
3637 -327 -10466
3638 -267 -10630
3639 -287 -10742
3640 -529 -10930
3641 -505 -10782
3642 -553 -10658
3643 -599 -10302
3644 -551 -10230
3645 -353 -10310
3646 -371 -10314
3647 -501 -10130
3648 -727 -10446
3649 -683 -10578
3650 -677 -10798
3651 -759 -10894
3652 -575 -10698
3653 -369 -10686
3654 -285 -10658
3655 -175 -10574
3656 -29 -10658
3657 145 -10662
3658 111 -10734
3659 305 -10594
3660 321 -10586
3661 283 -10642
3662 361 -10414
3663 249 -10514
3664 477 -10302
3665 339 -10350
3666 201 -10178
3667 79 -10098
3668 115 -10374
3669 253 -10398
3670 99 -10590
3671 113 -10546
3672 87 -10418
3673 35 -10382
3674 71 -10478
3675 -1 -10098
3676 199 -10074
3677 215 -10010
3678 287 -10030
3679 247 -10398
3680 19 -10310
3681 127 -10406
3682 -87 -10370
3683 -41 -10434
3684 15 -10354
3685 83 -10586
3686 287 -10478
3687 227 -10478
3688 179 -10514
3689 229 -10650
3690 -1 -10438
3691 3 -10266
3692 49 -10218
3693 -21 -10170
3694 119 -9842
3695 377 -10154
3696 453 -10106
3697 415 -10206
3698 315 -10398
3699 555 -10366
3700 665 -10534
3701 783 -10390
3702 645 -10170
3703 619 -10354
3704 707 -10310
3705 687 -10518
3706 755 -10554
3707 723 -10614
3708 737 -10670
3709 913 -10618
3710 1023 -10350
3711 965 -10382
3712 1141 -10550
3713 1245 -10658
3714 1335 -10806
3715 1459 -10706
3716 1401 -10662
3717 1247 -10302
3718 1403 -10566
3719 1351 -10786
3720 1209 -10590
3721 1027 -10466
3722 881 -10366
3723 719 -10270
3724 521 -10510
3725 501 -10466
3726 383 -10434
3727 175 -10302
3728 181 -10338
3729 225 -10386
3730 95 -10514
3731 389 -10562
3732 439 -10794
3733 333 -10810
3734 259 -10694
3735 249 -10402
3736 353 -10270
3737 403 -10410
3738 533 -10342
3739 569 -10118
3740 671 -10382
3741 623 -10522
3742 461 -10298
3743 437 -10474
3744 465 -10418
3745 523 -10390
3746 701 -10482
3747 597 -10702
3748 527 -10710
3749 431 -10778
3750 439 -10858
3751 495 -10986
3752 449 -10758
3753 425 -10706
3754 447 -10662
3755 533 -10950
3756 401 -10926
3757 497 -10618
3758 605 -10518
3759 459 -10546
3760 561 -10690
3761 605 -10850
3762 855 -10718
3763 1009 -10846
3764 893 -10694
3765 625 -10550
3766 795 -10702
3767 771 -10470
3768 731 -10558
3769 779 -10290
3770 467 -10478
3771 345 -10462
3772 235 -10414
3773 261 -10562
3774 297 -10258
3775 81 -10370
3776 31 -10498
3777 39 -10458
3778 -39 -10354
3779 89 -10558
3780 235 -10322
3781 307 -10438
3782 283 -10394
3783 227 -10158
3784 195 -9974
3785 189 -10466
3786 249 -10674
3787 381 -10490
3788 393 -10570
3789 489 -10434
3790 451 -10370
3791 339 -10298
3792 205 -10306
3793 435 -10562
3794 475 -10134
3795 399 -10190
3796 313 -10714
3797 291 -10754
3798 361 -10430
3799 367 -10478
3800 281 -10502
3801 433 -10550
3802 337 -10354
3803 107 -10614
3804 -43 -10402
3805 -137 -10498
3806 187 -10274
3807 133 -10554
3808 211 -10418
3809 231 -10350
3810 275 -10338
3811 91 -10306
3812 9 -10362
3813 -11 -10430
3814 -101 -10530
3815 9 -10362
3816 -109 -10270
3817 -103 -10318
3818 -15 -10254
3819 -91 -10350
3820 -61 -10426
3821 -29 -10670
3822 -73 -10470
3823 -3 -10542
3824 -3 -10462
3825 -115 -10154
3826 -215 -10002
3827 -251 -10366
3828 -39 -10358
3829 61 -10334
3830 27 -10386
3831 45 -10714
3832 85 -10634
3833 377 -10586
3834 443 -10490
3835 409 -10438
3836 255 -10294
3837 63 -10070
3838 151 -10274
3839 157 -10166
3840 -1 -10518
3841 111 -10358
3842 311 -10274
3843 267 -10194
3844 127 -10490
3845 -27 -10426
3846 -221 -10438
3847 -159 -10030
3848 -235 -10358
3849 -201 -10142
3850 -379 -10286
3851 -415 -10010
3852 -311 -10158
3853 -387 -10182
3854 -353 -10286
3855 -325 -10438
3856 -307 -10354
3857 -537 -10162
3858 -631 -10294
3859 -655 -10434
3860 -633 -10398
3861 -453 -10506
3862 -413 -10410
3863 -431 -10250
3864 -461 -10222
3865 -121 -10418
3866 -197 -10486
3867 -147 -10446
3868 -161 -10458
3869 -5 -10262
3870 -101 -10378
3871 -311 -10286
3872 -317 -10090
3873 -523 -10082
3874 -451 -10202
3875 -395 -10326
3876 -437 -10738
3877 -421 -10394
3878 -409 -10626
3879 -575 -10390
3880 -529 -10190
3881 -433 -10302
3882 -199 -10426
3883 -57 -10510
3884 -301 -10754
3885 -163 -10550
3886 -87 -10494
3887 -157 -10342
3888 -31 -10482
3889 5 -10294
3890 43 -10414
3891 29 -10402
3892 303 -10330
3893 271 -10462
3894 339 -10702
3895 393 -10550
3896 119 -10734
3897 53 -10586
3898 171 -10402
3899 111 -10502
3900 101 -10586
3901 153 -10514
3902 -23 -10410
3903 15 -10422
3904 -127 -10438
3905 -37 -10230
3906 93 -10346
3907 129 -10366
3908 323 -10482
3909 311 -10518
3910 255 -10538
3911 357 -10526
3912 343 -10522
3913 389 -10930
3914 461 -10910
3915 303 -10778
3916 287 -10650
3917 147 -10650
3918 -63 -10402
3919 43 -10730
3920 -21 -10342
3921 103 -10350
3922 -135 -10330
3923 101 -10594
3924 -141 -10682
3925 -291 -10766
3926 -239 -10682
3927 -201 -10590
3928 -251 -10514
3929 -261 -10466
3930 -85 -10418
3931 17 -10470
3932 121 -10562
3933 167 -10410
3934 143 -10426
3935 213 -10230
3936 337 -10322
3937 495 -10662
3938 725 -10522
3939 577 -10542
3940 551 -10270
3941 501 -10442
3942 269 -10514
3943 295 -10182
3944 277 -10266
3945 361 -10350
3946 563 -10490
3947 703 -10774
3948 697 -10482
3949 557 -10666
3950 453 -10686
3951 481 -10342
3952 655 -10442
3953 689 -10378
3954 665 -10370
3955 511 -10066
3956 445 -10458
3957 409 -10418
3958 489 -10434
3959 349 -10586
3960 429 -10442
3961 205 -10474
3962 187 -10362
3963 21 -10438
3964 -5 -10394
3965 1 -10406
3966 -109 -10334
3967 -85 -10350
3968 -105 -10114
3969 83 -10322
3970 3 -10266
3971 -161 -10178
3972 -175 -10298
3973 -71 -10358
3974 189 -9842
3975 233 -10154
3976 247 -10034
3977 231 -10318
3978 117 -10450
3979 -119 -10506
3980 -23 -10262
3981 -153 -10418
3982 -139 -10310
3983 -263 -10390
3984 -197 -10106
3985 -127 -10238
3986 -385 -10318
3987 -449 -10158
3988 -479 -10330
3989 -383 -10350
3990 -463 -10426
3991 -357 -10354
3992 -201 -10062
3993 -115 -10310
3994 -67 -10166
3995 -1 -10274
3996 65 -10150
3997 -165 -10150
3998 -353 -10038
3999 -341 -10058
4000 -87 -10202
4001 -191 -10154
4002 -43 -10206
4003 -11 -10554
4004 61 -10534
4005 239 -10466
4006 195 -10322
4007 153 -10486
4008 319 -10602
4009 177 -10238
4010 -3 -10646
4011 189 -10710
4012 163 -10466
4013 313 -10202
4014 341 -10158
4015 317 -10126
4016 393 -10414
4017 321 -10162
4018 307 -10410
4019 397 -10434
4020 265 -10338
4021 423 -10714
4022 517 -10678
4023 635 -10474
4024 603 -10586
4025 697 -10822
4026 661 -10570
4027 735 -10438
4028 707 -10522
4029 565 -10310
4030 481 -10294
4031 401 -10170
4032 263 -10094
4033 305 -10294
4034 193 -10170
4035 41 -10066
4036 189 -10526
4037 377 -10574
4038 327 -10630
4039 153 -10502
4040 153 -10406
4041 159 -10494
4042 217 -10618
4043 211 -10842
4044 235 -10694
4045 351 -10486
4046 167 -10554
4047 111 -10538
4048 165 -10606
4049 249 -10622
4050 465 -10546
4051 401 -10606
4052 443 -10182
4053 571 -10158
4054 447 -10414
4055 513 -10506
4056 475 -10522
4057 655 -10394
4058 647 -10554
4059 609 -10514
4060 609 -10386
4061 547 -10430
4062 277 -10154
4063 183 -10290
4064 283 -10414
4065 183 -10706
4066 73 -10470
4067 235 -10534
4068 103 -10482
4069 91 -10610
4070 133 -10446
4071 309 -10390
4072 293 -10054
4073 367 -10306
4074 113 -10306
4075 -19 -10350
4076 83 -10610
4077 73 -10394
4078 169 -10558
4079 255 -10186
4080 385 -10578
4081 447 -10578
4082 407 -10318
4083 357 -10662
4084 679 -10842
4085 805 -10746
4086 749 -10702
4087 521 -10354
4088 479 -10406
4089 419 -10350
4090 259 -10130
4091 271 -10114
4092 347 -10550
4093 463 -10622
4094 401 -10278
4095 335 -10466
4096 43 -10834
4097 -69 -10802
4098 -163 -10774
4099 -257 -10882
4100 -273 -10470
4101 -439 -10478
4102 -561 -10806
4103 -657 -10546
4104 -557 -10498
4105 -697 -10514
4106 -673 -10442
4107 -611 -10502
4108 -689 -10726
4109 -717 -10722
4110 -925 -10758
4111 -991 -10818
4112 -1137 -10426
4113 -1155 -10494
4114 -1165 -10330
4115 -1157 -10222
4116 -1037 -10126
4117 -999 -10134
4118 -1205 -10266
4119 -1177 -10290
4120 -1125 -10410
4121 -1105 -10442
4122 -1269 -10354
4123 -1223 -10570
4124 -1183 -10246
4125 -1331 -10498
4126 -1337 -10422
4127 -1233 -10618
4128 -1047 -10742
4129 -839 -10366
4130 -929 -10150
4131 -973 -10214
4132 -827 -10158
4133 -839 -10178
4134 -777 -10274
4135 -489 -10286
4136 -679 -10434
4137 -655 -10434
4138 -583 -10342
4139 -747 -10762
4140 -545 -10718
4141 -531 -10598
4142 -465 -10682
4143 -475 -10506
4144 -331 -10646
4145 -407 -10526
4146 -439 -10334
4147 -387 -10158
4148 -323 -10042
4149 -239 -10074
4150 -143 -10154
4151 -19 -10634
4152 -41 -10490
4153 -17 -10590
4154 105 -10338
4155 -11 -10294
4156 251 -10062
4157 163 -10186
4158 119 -10366
4159 -37 -10374
4160 141 -10322
4161 -3 -10254
4162 19 -10658
4163 -83 -10546
4164 3 -10558
4165 -41 -10394
4166 -175 -10206
4167 -349 -10462
4168 -517 -10150
4169 -499 -10282
4170 -549 -10390
4171 -491 -10402
4172 -505 -10226
4173 -337 -10294
4174 -375 -10134
4175 -205 -10194
4176 -207 -10474
4177 -299 -10502
4178 -227 -10478
4179 -35 -10510
4180 -131 -10630
4181 67 -10538
4182 131 -10550
4183 175 -10394
4184 293 -10726
4185 521 -10786
4186 677 -10610
4187 631 -10358
4188 635 -10538
4189 403 -10546
4190 419 -10402
4191 411 -10522
4192 345 -10378
4193 177 -10242
4194 169 -10538
4195 67 -10462
4196 -101 -10458
4197 -47 -10578
4198 5 -10498
4199 97 -10454
4200 -91 -10750
4201 -247 -10466
4202 -197 -10598
4203 -113 -10242
4204 -99 -10410
4205 -89 -10246
4206 -125 -10266
4207 -69 -10330
4208 -353 -10422
4209 -49 -10462
4210 -109 -10418
4211 -11 -10446
4212 125 -10022
4213 225 -10142
4214 257 -9862
4215 79 -10282
4216 43 -9974
4217 103 -10230
4218 197 -10226
4219 109 -10102
4220 33 -9970
4221 109 -10354
4222 9 -10250
4223 173 -10014
4224 223 -10018
4225 477 -10474
4226 489 -10362
4227 693 -10282
4228 543 -10194
4229 349 -9942
4230 269 -10174
4231 461 -10194
4232 603 -10178
4233 743 -10374
4234 711 -10418
4235 723 -10586
4236 671 -10550
4237 617 -10698
4238 537 -10670
4239 439 -10530
4240 557 -10502
4241 453 -10282
4242 171 -10686
4243 331 -10462
4244 359 -10274
4245 389 -10026
4246 237 -10386
4247 189 -10054
4248 333 -10282
4249 301 -10298
4250 309 -10366
4251 277 -10202
4252 389 -10306
4253 337 -10346
4254 415 -10462
4255 361 -10342
4256 427 -10446
4257 227 -10338
4258 279 -10406
4259 47 -10210
4260 143 -10170
4261 113 -10386
4262 -75 -10386
4263 -95 -10522
4264 -29 -10282
4265 131 -10110
4266 309 -10142
4267 301 -10166
4268 309 -10550
4269 193 -10310
4270 207 -10222
4271 147 -10390
4272 307 -10482
4273 399 -10630
4274 337 -10450
4275 363 -9962
4276 291 -10474
4277 471 -10450
4278 463 -10610
4279 177 -10402
4280 173 -10270
4281 235 -10374
4282 189 -10250
4283 183 -10358
4284 57 -10446
4285 89 -10450
4286 37 -10322
4287 73 -10270
4288 191 -10358
4289 147 -10194
4290 119 -10474
4291 243 -10338
4292 121 -10258
4293 143 -10194
4294 87 -10282
4295 17 -10342
4296 19 -10314
4297 -219 -10294
4298 -233 -10142
4299 -323 -10246
4300 -305 -10250
4301 -249 -10382
4302 -399 -10374
4303 -265 -10434
4304 -283 -10406
4305 -443 -10394
4306 -507 -10806
4307 -389 -10434
4308 -439 -10414
4309 -435 -10342
4310 -421 -10450
4311 -335 -10478
4312 -365 -10478
4313 -485 -10494
4314 -299 -10514
4315 -369 -10530
4316 -355 -10474
4317 -397 -10486
4318 -301 -10778
4319 -269 -10554
4320 -303 -10546
4321 -321 -10646
4322 -493 -10722
4323 -647 -10674
4324 -729 -10450
4325 -707 -10378
4326 -989 -10342
4327 -853 -10430
4328 -941 -10554
4329 -1199 -10462
4330 -1419 -10474
4331 -1377 -10442
4332 -1557 -10390
4333 -1495 -10210
4334 -1407 -10334
4335 -1231 -10270
4336 -1307 -10190
4337 -1365 -10114
4338 -1203 -10138
4339 -1241 -10162
4340 -1019 -10194
4341 -981 -9782
4342 -909 -10022
4343 -869 -9990
4344 -753 -10122
4345 -753 -10194
4346 -737 -9834
4347 -677 -9714
4348 -381 -10066
4349 -253 -10050
4350 -295 -10358
4351 -327 -10150
4352 -283 -10406
4353 -381 -10370
4354 -433 -10730
4355 -429 -10486
4356 -555 -10422
4357 -609 -10398
4358 -359 -10182
4359 -371 -10226
4360 -327 -9926
4361 -267 -9998
4362 -615 -10142
4363 -491 -10218
4364 -441 -10146
4365 -403 -10030
4366 -507 -10098
4367 -579 -10122
4368 -755 -10010
4369 -787 -10234
4370 -859 -10150
4371 -697 -10070
4372 -677 -10334
4373 -627 -10262
4374 -709 -10350
4375 -689 -10234
4376 -745 -10102
4377 -409 -10278
4378 -437 -10362
4379 -363 -10678
4380 -399 -10438
4381 -531 -10386
4382 -475 -10546
4383 -479 -10514
4384 -523 -10378
4385 -591 -10462
4386 -315 -10574
4387 -67 -10650
4388 13 -10446
4389 -85 -10654
4390 -233 -10378
4391 -269 -10386
4392 -215 -10346
4393 -51 -10294
4394 -57 -10202
4395 -207 -10262
4396 -415 -10270
4397 -321 -10454
4398 -141 -10554
4399 -105 -10662
4400 -217 -10898
4401 3 -10850
4402 159 -10570
4403 13 -10702
4404 -85 -10926
4405 -245 -10698
4406 -51 -10442
4407 -227 -10466
4408 -341 -10486
4409 -509 -10690
4410 -431 -10394
4411 -595 -10394
4412 -785 -10258
4413 -579 -10206
4414 -593 -10210
4415 -677 -10274
4416 -741 -10354
4417 -763 -10194
4418 -785 -10302
4419 -767 -10230
4420 -805 -10338
4421 -723 -9798
4422 -765 -9962
4423 -703 -10150
4424 -887 -10290
4425 -993 -10306
4426 -935 -10338
4427 -987 -10350
4428 -971 -10386
4429 -957 -10534
4430 -675 -10298
4431 -891 -10462
4432 -1003 -10282
4433 -893 -10474
4434 -787 -10438
4435 -651 -10554
4436 -559 -10478
4437 -535 -10306
4438 -363 -10674
4439 -213 -10658
4440 -217 -10558
4441 33 -10566
4442 105 -10454
4443 43 -10630
4444 -27 -10334
4445 65 -10450
4446 199 -10386
4447 303 -10506
4448 -7 -10394
4449 -283 -10386
4450 -275 -10338
4451 -261 -10266
4452 -343 -10370
4453 -345 -10014
4454 -387 -10106
4455 -349 -10170
4456 -273 -10258
4457 -321 -10150
4458 -277 -9794
4459 -315 -10194
4460 -181 -9994
4461 -143 -9862
4462 -39 -9798
4463 59 -10286
4464 59 -10402
4465 189 -10358
4466 7 -10262
4467 79 -10250
4468 23 -10358
4469 3 -10518
4470 23 -10282
4471 -143 -10250
4472 -195 -10346
4473 -271 -10422
4474 -331 -10126
4475 -379 -10402
4476 -521 -10210
4477 -577 -10262
4478 -833 -10486
4479 -763 -10490
4480 -869 -10426
4481 -877 -10438
4482 -895 -10422
4483 -953 -10050
4484 -941 -10646
4485 -933 -10534
4486 -855 -10458
4487 -891 -10270
4488 -713 -10438
4489 -645 -10602
4490 -549 -10158
4491 -669 -10234
4492 -687 -10246
4493 -685 -10146
4494 -637 -9986
4495 -731 -10022
4496 -729 -10162
4497 -675 -10150
4498 -913 -10290
4499 -951 -10274
4500 -775 -10334
4501 -779 -10226
4502 -731 -10198
4503 -617 -10514
4504 -583 -10478
4505 -555 -10558
4506 -645 -10646
4507 -825 -10454
4508 -719 -10134
4509 -579 -10174
4510 -701 -10318
4511 -535 -10242
4512 -633 -10286
4513 -485 -10250
4514 -435 -10382
4515 -431 -10238
4516 -311 -10174
4517 -589 -10038
4518 -725 -10286
4519 -461 -10082
4520 -479 -10098
4521 -631 -10074
4522 -545 -9962
4523 -421 -9902
4524 -427 -10106
4525 -425 -9886
4526 -405 -10130
4527 -311 -10322
4528 -325 -10194
4529 -299 -10166
4530 -319 -10330
4531 -351 -10506
4532 -401 -10566
4533 -345 -10526
4534 -433 -10502
4535 -507 -10630
4536 -595 -10390
4537 -457 -10306
4538 -375 -10058
4539 -357 -10002
4540 -391 -10126
4541 -155 -10430
4542 -79 -10202
4543 -143 -10106
4544 -211 -10118
4545 -177 -10162
4546 -363 -10478
4547 -423 -10290
4548 -481 -10354
4549 -623 -10442
4550 -477 -10426
4551 -315 -10178
4552 -501 -10078
4553 -729 -10342
4554 -905 -10122
4555 -991 -9978
4556 -1007 -10198
4557 -901 -9974
4558 -1025 -9922
4559 -1171 -10230
4560 -1117 -10158
4561 -1037 -10158
4562 -1161 -10338
4563 -1211 -10534
4564 -1115 -9942
4565 -1017 -10154
4566 -827 -10306
4567 -925 -10286
4568 -807 -10358
4569 -853 -10638
4570 -745 -10570
4571 -725 -10162
4572 -499 -10006
4573 -305 -10182
4574 -243 -10134
4575 -269 -10426
4576 -17 -10374
4577 13 -10462
4578 -59 -10278
4579 -1 -10390
4580 35 -10326
4581 -45 -10242
4582 -289 -10438
4583 -217 -10238
4584 -335 -10358
4585 -565 -10430
4586 -787 -10666
4587 -619 -10710
4588 -683 -10534
4589 -431 -10234
4590 -573 -10154
4591 -531 -10562
4592 -521 -10646
4593 -571 -10746
4594 -753 -10338
4595 -577 -10638
4596 -559 -10306
4597 -431 -10346
4598 -423 -10302
4599 -401 -10482
4600 -579 -10494
4601 -405 -10470
4602 -369 -10446
4603 -95 -10278
4604 -85 -10430
4605 -77 -10362
4606 41 -10498
4607 19 -10574
4608 -51 -10526
4609 -265 -10466
4610 -177 -10730
4611 -205 -10410
4612 -177 -10434
4613 -361 -10574
4614 -209 -10598
4615 -337 -10662
4616 -421 -10614
4617 -283 -10426
4618 -487 -10654
4619 -499 -10938
4620 -571 -10830
4621 -647 -10694
4622 -441 -10442
4623 -297 -10874
4624 -391 -10518
4625 -279 -10522
4626 -123 -10570
4627 -43 -10702
4628 -59 -10466
4629 103 -10414
4630 103 -10734
4631 115 -10874
4632 175 -10546
4633 249 -10302
4634 347 -10342
4635 81 -10314
4636 -87 -10358
4637 115 -10418
4638 169 -10466
4639 101 -10630
4640 -71 -10614
4641 -179 -10814
4642 25 -10898
4643 73 -10802
4644 109 -10730
4645 29 -10502
4646 -41 -10378
4647 275 -10634
4648 281 -10730
4649 227 -10414
4650 319 -10250
4651 287 -10330
4652 255 -9918
4653 349 -9922
4654 383 -10090
4655 275 -10194
4656 135 -10166
4657 31 -10354
4658 -9 -10518
4659 199 -10434
4660 121 -10634
4661 185 -10510
4662 125 -10502
4663 39 -10294
4664 387 -10298
4665 385 -10290
4666 203 -10346
4667 69 -10114
4668 83 -10278
4669 105 -10094
4670 -33 -10202
4671 -255 -10042
4672 -325 -10498
4673 -363 -10426
4674 -401 -10426
4675 -373 -10486
4676 -243 -10466
4677 -193 -10094
4678 -389 -10038
4679 -277 -9994
4680 -343 -10070
4681 -563 -10522
4682 -361 -10642
4683 -347 -10694
4684 -383 -10394
4685 -167 -10186
4686 -17 -10286
4687 109 -10322
4688 19 -10266
4689 187 -10422
4690 53 -10434
4691 111 -10650
4692 225 -10506
4693 223 -10570
4694 439 -10814
4695 373 -10802
4696 325 -10530
4697 339 -10738
4698 207 -10646
4699 197 -10578
4700 271 -10322
4701 167 -10190
4702 275 -9954
4703 367 -10094
4704 301 -9998
4705 339 -10114
4706 383 -10022
4707 215 -10118
4708 97 -9954
4709 -103 -9962
4710 -57 -10194
4711 -95 -10538
4712 -55 -10438
4713 -155 -10214
4714 -207 -10034
4715 -209 -10178
4716 -379 -10346
4717 -427 -10462
4718 -379 -10522
4719 -625 -10530
4720 -497 -10534
4721 -541 -10494
4722 -323 -10630
4723 -357 -10982
4724 -441 -10654
4725 -459 -10886
4726 -491 -10830
4727 -485 -10638
4728 -505 -10498
4729 -459 -10478
4730 -357 -10314
4731 -409 -10338
4732 -189 -10554
4733 -79 -10350
4734 133 -10394
4735 79 -10162
4736 25 -10366
4737 109 -10030
4738 -59 -10190
4739 153 -10454
4740 325 -10430
4741 321 -10234
4742 373 -10494
4743 271 -10334
4744 397 -10206
4745 541 -10442
4746 721 -10162
4747 875 -10302
4748 975 -10378
4749 899 -10278
4750 681 -10254
4751 659 -10302
4752 761 -10326
4753 927 -10538
4754 1057 -10586
4755 1061 -10658
4756 1073 -10614
4757 1015 -10666
4758 951 -10506
4759 953 -10758
4760 939 -10450
4761 773 -10386
4762 579 -10278
4763 605 -9938
4764 379 -9946
4765 471 -10182
4766 357 -10190
4767 477 -10470
4768 391 -10538
4769 409 -10490
4770 301 -10482
4771 -9 -10490
4772 41 -10586
4773 131 -10762
4774 -179 -10706
4775 -183 -10622
4776 -179 -10534
4777 -55 -10442
4778 -361 -10538
4779 -297 -10650
4780 -109 -10618
4781 -51 -10430
4782 15 -10618
4783 -247 -10386
4784 -57 -10294
4785 -29 -10210
4786 -231 -9782
4787 -79 -10190
4788 -307 -10410
4789 -317 -10650
4790 -243 -10414
4791 -51 -10214
4792 -155 -10326
4793 -157 -10130
4794 -179 -10382
4795 -347 -10346
4796 -263 -10106
4797 -143 -10330
4798 -207 -10650
4799 -269 -10622
4800 -215 -10462
4801 -125 -10586
4802 -143 -10494
4803 -35 -10274
4804 -185 -10550
4805 -165 -10626
4806 -199 -10458
4807 -169 -10702
4808 -189 -10570
4809 -87 -10550
4810 -289 -10078
4811 -189 -10354
4812 -249 -10146
4813 -179 -10570
4814 -379 -10598
4815 -223 -10566
4816 -95 -10710
4817 201 -10262
4818 135 -10338
4819 55 -10486
4820 147 -10546
4821 201 -10514
4822 241 -10418
4823 409 -10586
4824 585 -10602
4825 439 -10450
4826 441 -10502
4827 675 -10494
4828 625 -10350
4829 505 -10386
4830 637 -10170
4831 671 -10158
4832 853 -10618
4833 691 -10734
4834 697 -10762
4835 601 -10490
4836 447 -10330
4837 541 -10322
4838 457 -10374
4839 605 -10350
4840 607 -10482
4841 669 -10230
4842 829 -10222
4843 971 -10082
4844 849 -10422
4845 759 -10486
4846 675 -10482
4847 477 -10422
4848 695 -10602
4849 833 -10574
4850 825 -10350
4851 731 -10230
4852 777 -10466
4853 919 -10422
4854 785 -10510
4855 771 -10498
4856 601 -10386
4857 709 -10234
4858 879 -10482
4859 1079 -10530
4860 929 -10482
4861 829 -10458
4862 733 -10338
4863 755 -10254
4864 853 -10558
4865 839 -10554
4866 763 -10458
4867 747 -10370
4868 837 -10366
4869 941 -10158
4870 1097 -10138
4871 939 -10142
4872 767 -10130
4873 745 -10254
4874 513 -10014
4875 431 -10010
4876 491 -10258
4877 485 -10370
4878 539 -10262
4879 621 -10306
4880 521 -10466
4881 471 -10382
4882 617 -10562
4883 373 -10674
4884 393 -10850
4885 437 -10870
4886 361 -10942
4887 247 -10570
4888 373 -10482
4889 379 -10446
4890 329 -10242
4891 415 -10410
4892 455 -10606
4893 235 -10586
4894 197 -10598
4895 189 -10726
4896 237 -10654
4897 241 -10586
4898 179 -10498
4899 239 -10350
4900 363 -10346
4901 425 -10442
4902 315 -10270
4903 413 -10370
4904 511 -10322
4905 575 -10434
4906 573 -10214
4907 507 -10194
4908 635 -10182
4909 477 -10450
4910 367 -10842
4911 527 -10814
4912 443 -10610
4913 527 -10394
4914 525 -10546
4915 679 -10578
4916 621 -10438
4917 729 -10450
4918 697 -10478
4919 731 -10386
4920 779 -10442
4921 799 -10426
4922 819 -10486
4923 747 -10566
4924 847 -10266
4925 1045 -10158
4926 921 -10350
4927 855 -10434
4928 751 -10374
4929 323 -10182
4930 197 -10334
4931 47 -10178
4932 175 -10346
4933 223 -10390
4934 21 -10638
4935 83 -10610
4936 145 -10510
4937 -31 -10422
4938 -63 -10534
4939 19 -10482
4940 163 -10230
4941 179 -10118
4942 337 -10226
4943 335 -10182
4944 611 -10158
4945 475 -10458
4946 427 -10302
4947 361 -10030
4948 351 -10326
4949 371 -10566
4950 383 -10398
4951 273 -10226
4952 153 -10066
4953 179 -10002
4954 173 -10274
4955 137 -10206
4956 -59 -10070
4957 -177 -10310
4958 -221 -10014
4959 -239 -10006
4960 -309 -10010
4961 -337 -10050
4962 -367 -10090
4963 -177 -10262
4964 -151 -10378
4965 83 -10382
4966 -109 -10266
4967 -253 -10134
4968 -497 -10354
4969 -431 -10198
4970 -531 -10258
4971 -695 -10174
4972 -651 -10054
4973 -783 -10154
4974 -775 -10390
4975 -655 -10574
4976 -531 -10474
4977 -559 -10318
4978 -497 -10098
4979 -549 -10026
4980 -343 -9978
4981 -373 -10402
4982 -301 -10570
4983 -353 -10838
4984 -273 -10634
4985 -107 -10790
4986 87 -10638
4987 307 -10462
4988 129 -10398
4989 247 -10654
4990 275 -10518
4991 181 -10546
4992 155 -10362
4993 -47 -10326
4994 -87 -10254
4995 13 -10226
4996 -99 -10398
4997 -207 -10222
4998 -163 -10034
4999 -335 -10182
5000 -293 -10002
5001 -55 -9962
5002 -199 -10222
5003 -243 -10190
5004 -359 -10170
5005 -323 -10354
5006 -383 -10438
5007 -545 -10718
5008 -535 -10582
5009 -587 -10518
5010 -517 -10338
5011 -701 -10458
5012 -613 -10422
5013 -663 -10470
5014 -551 -10630
5015 -507 -10638
5016 -547 -10826
5017 -741 -10322
5018 -707 -10402
5019 -637 -10722
5020 -407 -10570
5021 -253 -10394
5022 -227 -10362
5023 -181 -10166
5024 -189 -10446
5025 27 -10570
5026 -227 -10470
5027 -371 -10414
5028 -455 -10594
5029 -387 -10314
5030 -369 -10422
5031 -517 -10214
5032 -527 -10138
5033 -685 -10170
5034 -617 -10402
5035 -399 -10238
5036 -467 -10162
5037 -617 -10226
5038 -829 -10282
5039 -655 -10174
5040 -687 -10298
5041 -603 -10234
5042 -405 -10174
5043 -531 -10506
5044 -529 -10470
5045 -753 -10526
5046 -855 -10070
5047 -899 -10102
5048 -863 -10234
5049 -817 -10454
5050 -559 -10250
5051 -491 -10430
5052 -515 -10382
5053 -623 -10410
5054 -739 -10126
5055 -775 -10234
5056 -661 -10398
5057 -661 -10718
5058 -451 -10370
5059 -443 -10098
5060 -427 -10286
5061 -269 -10478
5062 -143 -10094
5063 -107 -10366
5064 -257 -10306
5065 -197 -10086
5066 -237 -10122
5067 -255 -10078
5068 -203 -9914
5069 -111 -10382
5070 -183 -10394
5071 -191 -10438
5072 -319 -10370
5073 -383 -10610
5074 -99 -10338
5075 -139 -10338
5076 -187 -10658
5077 -137 -10558
5078 -169 -10350
5079 -359 -10570
5080 -301 -10358
5081 -385 -10290
5082 -457 -10334
5083 -377 -10190
5084 -269 -10426
5085 -233 -10342
5086 -309 -10298
5087 -289 -9906
5088 -483 -10066
5089 -489 -10122
5090 -493 -10398
5091 -467 -10602
5092 -293 -10382
5093 -133 -10466
5094 -141 -10322
5095 -179 -10222
5096 -187 -10142
5097 -7 -10018
5098 -47 -10166
5099 65 -10106
5100 17 -9994
5101 223 -10170
5102 49 -9986
5103 185 -10094
5104 71 -10166
5105 -109 -9994
5106 67 -9966
5107 253 -10038
5108 133 -10334
5109 9 -10474
5110 139 -10498
5111 243 -10442
5112 447 -10338
5113 677 -10062
5114 561 -10230
5115 581 -10282
5116 467 -10470
5117 463 -10222
5118 593 -10438
5119 591 -10518
5120 419 -10418
5121 315 -10678
5122 283 -10494
5123 403 -10542
5124 223 -10354
5125 71 -10534
5126 99 -10718
5127 357 -10602
5128 183 -10430
5129 93 -10630
5130 123 -10794
5131 169 -10686
5132 333 -10914
5133 369 -10686
5134 339 -10766
5135 465 -10714
5136 433 -10538
5137 265 -10662
5138 249 -10954
5139 363 -10670
5140 269 -10590
5141 101 -10630
5142 107 -10462
5143 29 -10414
5144 67 -10638
5145 -173 -10570
5146 -365 -10690
5147 -491 -10478
5148 -305 -10602
5149 -527 -10690
5150 -553 -10434
5151 -641 -10350
5152 -737 -10578
5153 -753 -10394
5154 -813 -10514
5155 -821 -10478
5156 -991 -10554
5157 -939 -10506
5158 -821 -10326
5159 -863 -10218
5160 -625 -10394
5161 -751 -10694
5162 -629 -10534
5163 -795 -10722
5164 -717 -10866
5165 -693 -10666
5166 -701 -10674
5167 -767 -10618
5168 -841 -10494
5169 -739 -10782
5170 -801 -10894
5171 -371 -10930
5172 -221 -10690
5173 -281 -10258
5174 -415 -10450
5175 -429 -10434
5176 -369 -10282
5177 -453 -10674
5178 -519 -10362
5179 -737 -10490
5180 -529 -10382
5181 -683 -10518
5182 -693 -10398
5183 -633 -10286
5184 -605 -10398
5185 -653 -10266
5186 -671 -10090
5187 -573 -10070
5188 -425 -10154
5189 -607 -10190
5190 -707 -10522
5191 -745 -10558
5192 -705 -10518
5193 -447 -10362
5194 -437 -10370
5195 -419 -10422
5196 -585 -10362
5197 -609 -10278
5198 -511 -10382
5199 -661 -10506
5200 -687 -10590
5201 -757 -10658
5202 -565 -10366
5203 -559 -10622
5204 -375 -10358
5205 -201 -10246
5206 -267 -10274
5207 -271 -10366
5208 -481 -10466
5209 -461 -10194
5210 -299 -10262
5211 -339 -10378
5212 -273 -10270
5213 -165 -10142
5214 -29 -10330
5215 127 -10274
5216 -145 -10294
5217 -83 -10474
5218 -233 -10618
5219 -229 -10354
5220 -177 -10566
5221 -299 -10442
5222 -361 -10330
5223 -405 -10298
5224 -239 -10266
5225 -75 -10434
5226 67 -10366
5227 21 -10206
5228 109 -10510
5229 -1 -10530
5230 -63 -10370
5231 -25 -10306
5232 -127 -10502
5233 -151 -10358
5234 59 -10394
5235 37 -10342
5236 37 -10150
5237 -9 -10126
5238 11 -10318
5239 45 -10186
5240 -213 -10158
5241 -53 -10458
5242 -209 -10218
5243 -97 -10410
5244 191 -10514
5245 11 -10238
5246 -61 -10554
5247 115 -10738
5248 25 -10438
5249 107 -10458
5250 63 -10478
5251 -255 -10374
5252 -273 -10538
5253 -409 -10298
5254 -533 -10330
5255 -471 -10178
5256 -589 -10110
5257 -429 -10158
5258 -421 -10470
5259 -613 -10502
5260 -541 -10606
5261 -599 -10502
5262 -591 -10490
5263 -393 -10342
5264 -361 -10302
5265 -441 -10358
5266 -387 -10490
5267 -451 -10558
5268 -395 -10438
5269 -499 -10546
5270 -347 -10526
5271 -141 -10746
5272 -183 -10442
5273 -301 -10210
5274 -199 -10398
5275 -85 -10494
5276 -259 -10654
5277 -357 -10538
5278 -489 -10654
5279 -581 -10686
5280 -575 -10494
5281 -601 -10458
5282 -537 -10342
5283 -533 -10178
5284 -573 -10358
5285 -611 -10518
5286 -517 -10542
5287 -383 -10626
5288 -337 -10582
5289 -353 -10306
5290 -397 -10418
5291 -329 -10326
5292 -465 -10498
5293 -283 -10578
5294 -193 -10394
5295 -249 -10302
5296 -415 -10342
5297 -329 -10098
5298 -239 -10630
5299 -53 -10322
5300 -29 -10314
5301 -225 -10154
5302 -343 -10466
5303 -235 -10558
5304 -215 -10362
5305 -113 -10438
5306 -201 -10182
5307 -307 -10282
5308 -207 -10258
5309 -97 -10450
5310 45 -10646
5311 245 -10458
5312 369 -10462
5313 417 -10330
5314 367 -10506
5315 457 -10318
5316 511 -10338
5317 401 -10362
5318 515 -10234
5319 555 -10402
5320 655 -10490
5321 719 -10546
5322 723 -10586
5323 815 -10462
5324 743 -10254
5325 613 -10398
5326 649 -10222
5327 529 -9970
5328 669 -10150
5329 811 -10190
5330 577 -10106
5331 673 -10478
5332 709 -10238
5333 653 -10526
5334 595 -10174
5335 517 -10234
5336 611 -10806
5337 445 -10342
5338 273 -10258
5339 305 -10102
5340 137 -10122
5341 41 -10146
5342 195 -10222
5343 245 -10146
5344 45 -10078
5345 161 -10006
5346 131 -10286
5347 127 -10090
5348 153 -10158
5349 -45 -10218
5350 79 -10214
5351 15 -9930
5352 35 -10110
5353 89 -10066
5354 23 -10058
5355 109 -10046
5356 119 -10302
5357 189 -10498
5358 225 -10530
5359 113 -10478
5360 237 -10174
5361 151 -10318
5362 53 -10274
5363 -15 -10502
5364 55 -10242
5365 45 -10374
5366 67 -10658
5367 -39 -10530
5368 43 -10330
5369 -109 -10378
5370 -127 -10242
5371 -241 -10502
5372 -91 -10254
5373 -19 -10226
5374 -65 -10170
5375 51 -10086
5376 143 -10510
5377 37 -10402
5378 -43 -10566
5379 -73 -10882
5380 -95 -10474
5381 177 -10390
5382 217 -10566
5383 281 -10350
5384 319 -10414
5385 581 -10578
5386 481 -10450
5387 401 -10214
5388 323 -9898
5389 371 -10110
5390 175 -10130
5391 53 -10394
5392 125 -10798
5393 121 -10602
5394 71 -10382
5395 33 -10518
5396 -133 -10786
5397 -215 -10614
5398 -225 -10658
5399 -317 -10558
5400 -383 -10694
5401 -551 -10778
5402 -523 -10618
5403 -543 -10754
5404 -393 -10562
5405 -419 -10402
5406 -329 -10454
5407 -333 -10722
5408 -553 -10710
5409 -425 -10502
5410 -281 -10238
5411 -115 -10498
5412 -13 -10526
5413 -97 -10314
5414 -341 -10466
5415 -351 -10450
5416 -213 -10566
5417 -261 -10386
5418 -363 -10314
5419 -229 -10242
5420 -179 -10270
5421 -249 -10394
5422 -103 -10570
5423 -267 -10834
5424 -319 -10978
5425 -151 -10742
5426 -265 -10434
5427 -307 -10110
5428 -233 -10346
5429 -187 -10834
5430 -133 -10778
5431 -189 -10758
5432 -117 -10882
5433 -187 -10814
5434 -123 -10242
5435 -39 -10202
5436 -135 -10250
5437 -141 -10198
5438 67 -10442
5439 -25 -10266
5440 157 -10374
5441 75 -10362
5442 7 -10370
5443 -103 -10450
5444 -63 -10394
5445 -35 -10474
5446 25 -10450
5447 -27 -10422
5448 -47 -10526
5449 -159 -10406
5450 -89 -10422
5451 -115 -10438
5452 -131 -10054
5453 -183 -10582
5454 -133 -10458
5455 -181 -10630
5456 -273 -10638
5457 -247 -10458
5458 -365 -10382
5459 -305 -10414
5460 -315 -10434
5461 -65 -10302
5462 153 -10378
5463 197 -10198
5464 303 -10002
5465 285 -10366
5466 281 -10230
5467 307 -10426
5468 355 -10422
5469 221 -10534
5470 371 -10518
5471 311 -10666
5472 323 -10422
5473 239 -10426
5474 301 -10394
5475 429 -10418
5476 573 -10418
5477 691 -10414
5478 617 -10246
5479 563 -10322
5480 629 -10146
5481 441 -10086
5482 383 -10162
5483 603 -10322
5484 649 -10426
5485 523 -10262
5486 647 -9994
5487 765 -10110
5488 605 -10206
5489 605 -10202
5490 815 -10246
5491 867 -10002
5492 781 -10262
5493 755 -10490
5494 817 -10474
5495 763 -10626
5496 801 -10666
5497 663 -10674
5498 865 -10590
5499 833 -10410
5500 877 -10386
5501 761 -10218
5502 933 -10374
5503 871 -10382
5504 753 -10382
5505 925 -10510
5506 855 -10254
5507 979 -10626
5508 933 -10234
5509 999 -10326
5510 1005 -10366
5511 855 -10398
5512 789 -10518
5513 667 -10506
5514 693 -10502
5515 831 -10522
5516 865 -10170
5517 851 -10334
5518 1025 -10586
5519 1009 -10402
5520 1085 -10670
5521 1123 -10410
5522 953 -10350
5523 869 -10454
5524 757 -10606
5525 863 -10522
5526 883 -10390
5527 881 -10250
5528 999 -10046
5529 1081 -10062
5530 841 -10110
5531 777 -10178
5532 639 -10342
5533 481 -10186
5534 507 -10286
5535 591 -10210
5536 787 -10418
5537 849 -10766
5538 717 -10802
5539 589 -10690
5540 637 -10674
5541 645 -10466
5542 441 -10186
5543 361 -10210
5544 147 -10150
5545 85 -10146
5546 259 -9790
5547 137 -10102
5548 225 -9986
5549 309 -9782
5550 453 -9886
5551 421 -9774
5552 653 -10266
5553 867 -10110
5554 789 -10394
5555 635 -10450
5556 461 -10410
5557 433 -10254
5558 357 -10122
5559 475 -10454
5560 279 -10470
5561 361 -10410
5562 367 -10150
5563 221 -10406
5564 169 -10158
5565 -143 -10294
5566 -239 -9898
5567 -293 -9854
5568 -443 -10306
5569 -655 -10090
5570 -531 -10326
5571 -433 -10446
5572 -349 -10522
5573 -311 -10470
5574 -345 -10062
5575 -247 -9890
5576 -91 -10246
5577 1 -10230
5578 43 -10158
5579 71 -9754
5580 71 -9918
5581 165 -9894
5582 49 -9806
5583 131 -10158
5584 325 -10562
5585 285 -10510
5586 313 -10510
5587 261 -10594
5588 205 -10650
5589 379 -10498
5590 591 -10546
5591 411 -10174
5592 435 -10526
5593 351 -10526
5594 381 -10686
5595 585 -10474
5596 293 -10594
5597 49 -10426
5598 15 -10314
5599 -37 -10418
5600 -15 -10502
5601 -207 -10302
5602 -369 -10238
5603 -233 -10230
5604 -353 -10490
5605 -465 -10786
5606 -555 -10874
5607 -413 -10666
5608 -335 -10782
5609 -309 -10498
5610 -227 -10538
5611 -215 -10486
5612 -137 -10838
5613 -221 -10466
5614 -241 -10618
5615 -327 -10834
5616 -329 -10490
5617 -399 -10622
5618 -411 -10742
5619 -237 -10550
5620 -401 -10782
5621 -567 -10606
5622 -765 -10742
5623 -957 -10666
5624 -1049 -10710
5625 -1031 -10730
5626 -775 -10414
5627 -717 -10582
5628 -821 -10542
5629 -921 -10342
5630 -1063 -10382
5631 -953 -10426
5632 -1091 -10002
5633 -1063 -10298
5634 -1113 -10574
5635 -1245 -10610
5636 -1237 -10762
5637 -1011 -10414
5638 -1151 -10726
5639 -1105 -10554
5640 -1193 -10526
5641 -1279 -10710
5642 -1107 -10742
5643 -985 -10514
5644 -881 -10498
5645 -795 -10238
5646 -731 -10162
5647 -707 -10214
5648 -793 -10086
5649 -757 -9858
5650 -539 -10190
5651 -343 -10038
5652 -331 -10266
5653 -517 -10266
5654 -761 -10302
5655 -671 -10226
5656 -721 -10198
5657 -823 -10422
5658 -1031 -10318
5659 -775 -10398
5660 -733 -10386
5661 -789 -10622
5662 -699 -10734
5663 -559 -10438
5664 -587 -10366
5665 -373 -10206
5666 -509 -10294
5667 -697 -10402
5668 -591 -10226
5669 -679 -10094
5670 -659 -9930
5671 -545 -9858
5672 -513 -9866
5673 -565 -10062
5674 -411 -9726
5675 -411 -9758
5676 -517 -9902
5677 -239 -10374
5678 -269 -10162
5679 -177 -10226
5680 -237 -10406
5681 -279 -10406
5682 -393 -10622
5683 -559 -10170
5684 -483 -9990
5685 -615 -10122
5686 -611 -10570
5687 -895 -10442
5688 -729 -10394
5689 -687 -10206
5690 -763 -10386
5691 -669 -10238
5692 -633 -10366
5693 -547 -10318
5694 -589 -10294
5695 -717 -10466
5696 -773 -10282
5697 -663 -9986
5698 -587 -10134
5699 -445 -9858
5700 -581 -10142
5701 -601 -10058
5702 -581 -10118
5703 -641 -10254
5704 -1019 -10270
5705 -961 -10102
5706 -923 -10014
5707 -687 -10182
5708 -1015 -10602
5709 -1041 -10458
5710 -959 -10230
5711 -803 -10066
5712 -749 -10030
5713 -775 -10118
5714 -937 -10402
5715 -827 -10338
5716 -793 -10374
5717 -811 -10486
5718 -625 -10482
5719 -615 -10434
5720 -653 -10410
5721 -767 -10506
5722 -899 -10782
5723 -829 -10790
5724 -667 -10910
5725 -573 -10526
5726 -507 -10454
5727 -595 -10590
5728 -863 -10162
5729 -1045 -10418
5730 -955 -10578
5731 -841 -10450
5732 -727 -10746
5733 -711 -10542
5734 -647 -10334
5735 -711 -10526
5736 -555 -10510
5737 -489 -10726
5738 -445 -10502
5739 -427 -10554
5740 -389 -10258
5741 -95 -10322
5742 -27 -10482
5743 65 -10758
5744 -1 -10466
5745 -55 -10510
5746 -31 -10454
5747 -101 -10438
5748 115 -10246
5749 81 -10438
5750 61 -10358
5751 59 -10690
5752 -37 -10322
5753 -119 -10330
5754 -79 -10334
5755 -139 -10126
5756 -115 -10286
5757 -73 -10266
5758 -143 -10618
5759 -7 -10642
5760 153 -10494
5761 133 -10654
5762 89 -10486
5763 111 -10366
5764 -81 -10662
5765 67 -10838
5766 159 -10698
5767 43 -10486
5768 177 -10430
5769 165 -10530
5770 191 -10570
5771 177 -10502
5772 97 -10358
5773 209 -10618
5774 73 -10838
5775 181 -10334
5776 225 -10322
5777 299 -10314
5778 245 -10366
5779 253 -10398
5780 305 -10382
5781 107 -10326
5782 185 -10354
5783 -7 -10326
5784 -363 -10386
5785 -363 -10214
5786 -235 -10306
5787 -347 -10418
5788 -323 -10254
5789 -41 -10274
5790 37 -10398
5791 -21 -10074
5792 149 -10258
5793 393 -10366
5794 415 -10326
5795 397 -10514
5796 253 -10394
5797 79 -10314
5798 -171 -10262
5799 -195 -10330
5800 -107 -10170
5801 107 -10146
5802 3 -10270
5803 41 -10630
5804 -257 -10594
5805 -367 -10670
5806 -389 -10318
5807 -337 -10282
5808 -409 -10478
5809 -479 -10430
5810 -289 -10574
5811 -347 -10762
5812 7 -10678
5813 15 -10842
5814 -77 -10558
5815 -1 -10658
5816 27 -10546
5817 41 -10542
5818 -5 -10386
5819 -33 -10582
5820 95 -10614
5821 45 -10666
5822 99 -10518
5823 247 -10378
5824 189 -10074
5825 155 -10414
5826 187 -10490
5827 91 -10530
5828 127 -10426
5829 119 -10370
5830 169 -10410
5831 109 -10622
5832 -173 -10714
5833 -133 -10538
5834 -95 -10522
5835 -25 -10174
5836 11 -10314
5837 -65 -10422
5838 -35 -10186
5839 231 -10326
5840 -9 -10242
5841 233 -9930
5842 161 -10310
5843 181 -10154
5844 9 -10406
5845 45 -10090
5846 191 -10318
5847 33 -10266
5848 -63 -10382
5849 -33 -10514
5850 17 -10330
5851 203 -10286
5852 249 -10574
5853 321 -10530
5854 163 -10354
5855 35 -10302
5856 -241 -10038
5857 -33 -10026
5858 -81 -10178
5859 -5 -10182
5860 -111 -10514
5861 -175 -10254
5862 -289 -10310
5863 -463 -10298
5864 -447 -10242
5865 -589 -10206
5866 -519 -10322
5867 -301 -10266
5868 -337 -10258
5869 -171 -10274
5870 -225 -10770
5871 -295 -10562
5872 -373 -10458
5873 -331 -10662
5874 -329 -10478
5875 -511 -10218
5876 -493 -10170
5877 -441 -10466
5878 -503 -10510
5879 -459 -10430
5880 -281 -10422
5881 -393 -10442
5882 -389 -10398
5883 -487 -10398
5884 -425 -10638
5885 -425 -10122
5886 -383 -10370
5887 -281 -10442
5888 -101 -10434
5889 -227 -10654
5890 -201 -10358
5891 -285 -10494
5892 -539 -10634
5893 -523 -10814
5894 -623 -10830
5895 -471 -10954
5896 -435 -10718
5897 -465 -10830
5898 -575 -10522
5899 -487 -10530
5900 -523 -10274
5901 -529 -10402
5902 -651 -10530
5903 -627 -10502
5904 -689 -10342
5905 -599 -10374
5906 -875 -10302
5907 -747 -10526
5908 -669 -10490
5909 -725 -10574
5910 -661 -10642
5911 -693 -10610
5912 -621 -10306
5913 -763 -10370
5914 -673 -10758
5915 -555 -10666
5916 -535 -10646
5917 -727 -10514
5918 -745 -10546
5919 -735 -10598
5920 -803 -10574
5921 -757 -10786
5922 -809 -10670
5923 -997 -10562
5924 -1177 -10594
5925 -1179 -10722
5926 -1147 -11002
5927 -907 -11030
5928 -975 -11078
5929 -1085 -10750
5930 -819 -10366
5931 -731 -10862
5932 -747 -10786
5933 -619 -10810
5934 -663 -10722
5935 -845 -10770
5936 -893 -10650
5937 -787 -10718
5938 -767 -11042
5939 -619 -10882
5940 -777 -10582
5941 -819 -10518
5942 -803 -10658
5943 -901 -10874
5944 -957 -11082
5945 -975 -10810
5946 -607 -10726
5947 -595 -10522
5948 -685 -10638
5949 -339 -10642
5950 -355 -10726
5951 -337 -10550
5952 -439 -10486
5953 -219 -10202
5954 -143 -10110
5955 -97 -9874
5956 -237 -9986
5957 -409 -10210
5958 -263 -10162
5959 -393 -10214
5960 -355 -10210
5961 -563 -10358
5962 -721 -10410
5963 -641 -10314
5964 -891 -10302
5965 -941 -10354
5966 -981 -10414
5967 -1013 -10194
5968 -1075 -10262
5969 -1259 -10242
5970 -1335 -10350
5971 -1217 -10362
5972 -1137 -10310
5973 -1051 -10442
5974 -1249 -10654
5975 -1147 -10646
5976 -1277 -10342
5977 -1377 -10550
5978 -1371 -10402
5979 -1299 -10378
5980 -1271 -10690
5981 -1265 -10762
5982 -1243 -10902
5983 -1063 -10786
5984 -969 -10618
5985 -1065 -10530
5986 -1175 -10578
5987 -999 -10526
5988 -985 -10494
5989 -983 -10598
5990 -663 -10530
5991 -397 -10570
5992 -525 -10454
5993 -623 -10334
5994 -553 -10462
5995 -579 -10426
5996 -529 -10422
5997 -523 -10374
5998 -465 -10386
5999 -369 -10598
6000 -451 -10702
6001 -653 -10946
6002 -751 -10686
6003 -831 -10834
6004 -903 -10926
6005 -759 -10782
6006 -883 -10882
6007 -737 -10882
6008 -557 -10590
6009 -449 -10442
6010 -247 -10718
6011 -321 -10682
6012 -413 -10538
6013 -293 -10530
6014 -505 -10674
6015 -569 -10506
6016 -461 -10406
6017 -291 -10682
6018 -131 -10434
6019 -263 -10162
6020 -273 -10666
6021 -111 -10578
6022 -87 -10526
6023 37 -10530
6024 13 -10666
6025 -53 -10822
6026 -21 -10662
6027 -85 -10466
6028 -141 -10534
6029 3 -10270
6030 157 -10298
6031 165 -10054
6032 195 -10150
6033 79 -10294
6034 -35 -10078
6035 -115 -10214
6036 -321 -10178
6037 -391 -10274
6038 -267 -10282
6039 -397 -10210
6040 -665 -10222
6041 -565 -10210
6042 -723 -10234
6043 -731 -10290
6044 -647 -10506
6045 -717 -10466
6046 -831 -10310
6047 -889 -10358
6048 -795 -10318
6049 -1183 -10314
6050 -1249 -10442
6051 -1331 -10702
6052 -1449 -10626
6053 -1259 -10490
6054 -1139 -10734
6055 -985 -10386
6056 -929 -10378
6057 -707 -10518
6058 -833 -10666
6059 -727 -10550
6060 -711 -10642
6061 -847 -10678
6062 -917 -10702
6063 -707 -10702
6064 -799 -10774
6065 -727 -10818
6066 -621 -11030
6067 -605 -11038
6068 -477 -11070
6069 -483 -11010
6070 -369 -10442
6071 -361 -10306
6072 -505 -10550
6073 -561 -10578
6074 -525 -10542
6075 -803 -10310
6076 -709 -10214
6077 -887 -10358
6078 -917 -10394
6079 -909 -10622
6080 -873 -10406
6081 -701 -10502
6082 -707 -10234
6083 -689 -10474
6084 -745 -10470
6085 -701 -10630
6086 -873 -10646
6087 -915 -10342
6088 -825 -10634
6089 -891 -10682
6090 -963 -10794
6091 -729 -10726
6092 -793 -10454
6093 -963 -10154
6094 -1095 -10230
6095 -831 -9830
6096 -1025 -9998
6097 -1049 -10218
6098 -1017 -9962
6099 -1025 -9970
6100 -855 -9706
6101 -1105 -9818
6102 -1387 -10202
6103 -1417 -10314
6104 -1377 -10294
6105 -1601 -10542
6106 -1431 -10626
6107 -1527 -10574
6108 -1581 -10626
6109 -1549 -10538
6110 -1625 -10626
6111 -1493 -10406
6112 -1461 -10438
6113 -1503 -10494
6114 -1385 -10550
6115 -1295 -10330
6116 -1527 -10230
6117 -1343 -10210
6118 -1537 -10458
6119 -1363 -10526
6120 -1353 -10346
6121 -1577 -10030
6122 -1451 -10410
6123 -1375 -10582
6124 -1295 -10594
6125 -1179 -10366
6126 -1313 -10178
6127 -1473 -10378
6128 -1353 -10278
6129 -1295 -10174
6130 -1527 -10418
6131 -1591 -10070
6132 -1433 -10018
6133 -1619 -10382
6134 -1393 -10086
6135 -1499 -10102
6136 -1579 -10394
6137 -1613 -10290
6138 -1569 -10314
6139 -1479 -10514
6140 -1529 -10274
6141 -1479 -10182
6142 -1691 -10254
6143 -1607 -10354
6144 -1591 -10466
6145 -1605 -10306
6146 -1495 -10378
6147 -1513 -10502
6148 -1437 -10126
6149 -1579 -10362
6150 -1561 -10122
6151 -1341 -10426
6152 -1427 -10402
6153 -1257 -10426
6154 -1181 -10410
6155 -1313 -10514
6156 -1149 -10582
6157 -1229 -10610
6158 -1081 -10286
6159 -1011 -10562
6160 -941 -10614
6161 -995 -10778
6162 -1053 -11010
6163 -927 -10578
6164 -837 -10526
6165 -837 -10670
6166 -981 -10482
6167 -947 -10278
6168 -1039 -10486
6169 -1347 -10582
6170 -1429 -10678
6171 -1611 -10874
6172 -1685 -10990
6173 -1593 -11122
6174 -1491 -10594
6175 -1403 -10626
6176 -1361 -10542
6177 -1303 -10650
6178 -1423 -10418
6179 -1197 -10446
6180 -1237 -10510
6181 -1283 -10458
6182 -1259 -10466
6183 -1155 -10346
6184 -1133 -10562
6185 -823 -10302
6186 -821 -10242
6187 -1047 -10442
6188 -951 -10606
6189 -999 -10654
6190 -969 -10718
6191 -1057 -10526
6192 -1089 -10394
6193 -995 -10418
6194 -619 -10450
6195 -699 -10338
6196 -587 -10698
6197 -591 -10418
6198 -733 -10418
6199 -739 -10462
6200 -877 -10590
6201 -959 -10526
6202 -1029 -10502
6203 -635 -10318
6204 -599 -10302
6205 -675 -10194
6206 -605 -10222
6207 -473 -10370
6208 -525 -10502
6209 -399 -10626
6210 -623 -10750
6211 -577 -10630
6212 -505 -10494
6213 -593 -10818
6214 -485 -10490
6215 -661 -10646
6216 -473 -10454
6217 -265 -10466
6218 -329 -10270
6219 -267 -10202
6220 -177 -10314
6221 -135 -10242
6222 -261 -10098
6223 -161 -10526
6224 -141 -10322
6225 -239 -10538
6226 -183 -10374
6227 -273 -10194
6228 -177 -10366
6229 -67 -10382
6230 31 -10582
6231 159 -10470
6232 59 -10474
6233 235 -10622
6234 387 -10566
6235 389 -10570
6236 297 -10598
6237 379 -10614
6238 433 -10402
6239 379 -10350
6240 525 -10306
6241 355 -10598
6242 275 -10446
6243 147 -10210
6244 187 -10178
6245 163 -10438
6246 69 -10130
6247 71 -9986
6248 -109 -10086
6249 -181 -10002
6250 -1 -10138
6251 -39 -10290
6252 109 -10366
6253 9 -10602
6254 -5 -10666
6255 7 -10338
6256 7 -10722
6257 123 -10390
6258 193 -10374
6259 339 -10274
6260 419 -10326
6261 305 -10418
6262 259 -10258
6263 197 -10386
6264 327 -10306
6265 283 -10046
6266 399 -10442
6267 349 -10582
6268 313 -10438
6269 377 -10434
6270 457 -10286
6271 677 -10126
6272 435 -10062
6273 573 -10138
6274 553 -9962
6275 367 -10126
6276 479 -10158
6277 491 -10094
6278 505 -9934
6279 439 -10210
6280 441 -10378
6281 333 -10214
6282 541 -10018
6283 581 -10282
6284 491 -10186
6285 491 -10202
6286 471 -9950
6287 419 -10450
6288 225 -10250
6289 113 -9870
6290 167 -10022
6291 125 -10290
6292 -5 -10170
6293 31 -10206
6294 -47 -10154
6295 341 -10418
6296 419 -10230
6297 287 -10286
6298 49 -10366
6299 11 -10458
6300 33 -10646
6301 227 -10474
6302 153 -10546
6303 161 -10454
6304 199 -10446
6305 431 -10714
6306 393 -10606
6307 345 -10470
6308 321 -10510
6309 301 -10718
6310 307 -10326
6311 441 -10322
6312 341 -10358
6313 263 -10494
6314 61 -10354
6315 111 -10090
6316 67 -10250
6317 -91 -10138
6318 -173 -10190
6319 -421 -9998
6320 -611 -10202
6321 -539 -10350
6322 -375 -10086
6323 -355 -10258
6324 -479 -10342
6325 -505 -10066
6326 -459 -10198
6327 -567 -10262
6328 -641 -10438
6329 -625 -10514
6330 -469 -10454
6331 -589 -10638
6332 -567 -10578
6333 -503 -10586
6334 -317 -10670
6335 -225 -10574
6336 -41 -10394
6337 -133 -9986
6338 -105 -9934
6339 -123 -10198
6340 -157 -10186
6341 -225 -10174
6342 -143 -10254
6343 39 -10326
6344 -13 -10426
6345 -161 -10406
6346 -191 -10438
6347 -195 -10466
6348 -215 -10722
6349 -7 -10534
6350 -35 -10438
6351 23 -10538
6352 -247 -10562
6353 -493 -10678
6354 -475 -10450
6355 -515 -10502
6356 -645 -10310
6357 -587 -10314
6358 -391 -10370
6359 -403 -10222
6360 -575 -10374
6361 -411 -10162
6362 -507 -9954
6363 -451 -10198
6364 -255 -10154
6365 -255 -10174
6366 -329 -10598
6367 -355 -10598
6368 -439 -10482
6369 -191 -10566
6370 -25 -10462
6371 -109 -10402
6372 -97 -10450
6373 -73 -10634
6374 143 -10270
6375 -19 -10502
6376 -119 -10238
6377 -103 -10210
6378 -171 -10366
6379 -83 -10194
6380 -277 -10446
6381 -343 -10338
6382 -255 -10102
6383 -383 -10158
6384 -437 -10330
6385 -303 -10382
6386 -255 -10850
6387 -265 -10726
6388 -291 -10482
6389 -171 -10670
6390 -77 -10418
6391 -103 -10510
6392 -37 -10354
6393 77 -10254
6394 57 -10370
6395 83 -10238
6396 85 -10278
6397 -75 -10302
6398 -55 -10390
6399 -129 -10434
6400 -51 -10378
6401 21 -10498
6402 75 -10378
6403 55 -10490
6404 153 -10866
6405 161 -10766
6406 359 -10562
6407 669 -10662
6408 609 -10662
6409 581 -10850
6410 523 -10718
6411 653 -10562
6412 851 -10590
6413 695 -10566
6414 647 -10646
6415 667 -10774
6416 719 -10470
6417 537 -10430
6418 477 -10298
6419 343 -10370
6420 327 -10138
6421 247 -10370
6422 375 -10530
6423 241 -10406
6424 -49 -10366
6425 89 -10290
6426 -115 -10246
6427 -61 -9810
6428 -257 -10098
6429 -351 -10566
6430 -359 -10606
6431 -43 -10526
6432 -149 -10402
6433 -203 -10490
6434 -51 -10462
6435 -65 -10622
6436 17 -10550
6437 -31 -10438
6438 -125 -10378
6439 -483 -10110
6440 -261 -10146
6441 -177 -9994
6442 -311 -10326
6443 -345 -10386
6444 -249 -10322
6445 -117 -10502
6446 -137 -10314
6447 -69 -10210
6448 -45 -10362
6449 -175 -10398
6450 -125 -10422
6451 -179 -10050
6452 -241 -10098
6453 1 -10314
6454 -177 -10350
6455 -43 -10186
6456 -139 -10234
6457 -219 -10278
6458 -249 -10046
6459 -93 -10090
6460 -5 -9842
6461 105 -9818
6462 37 -10106
6463 -185 -10318
6464 -113 -10174
6465 -17 -10210
6466 -35 -10234
6467 -127 -10154
6468 -267 -9874
6469 -177 -10194
6470 -429 -10198
6471 -471 -10162
6472 -299 -10234
6473 -397 -10238
6474 -465 -10202
6475 -533 -10326
6476 -687 -9902
6477 -733 -10098
6478 -799 -10062
6479 -679 -9982
6480 -697 -10290
6481 -699 -10162
6482 -867 -10418
6483 -843 -10390
6484 -759 -10322
6485 -885 -10302
6486 -737 -10494
6487 -593 -10414
6488 -801 -10242
6489 -861 -10222
6490 -763 -10170
6491 -787 -10230
6492 -713 -10298
6493 -589 -10342
6494 -615 -9990
6495 -565 -10130
6496 -437 -10190
6497 -627 -10370
6498 -769 -10086
6499 -759 -10366
6500 -527 -10430
6501 -601 -10086
6502 -781 -10046
6503 -611 -10142
6504 -549 -10154
6505 -591 -9894
6506 -587 -10142
6507 -649 -10370
6508 -599 -10398
6509 -685 -10162
6510 -671 -10350
6511 -745 -10214
6512 -773 -10182
6513 -679 -10030
6514 -855 -9830
6515 -783 -10086
6516 -995 -10138
6517 -993 -10250
6518 -985 -10310
6519 -935 -10510
6520 -1035 -10390
6521 -973 -10194
6522 -1095 -10210
6523 -959 -10374
6524 -897 -10354
6525 -973 -10494
6526 -997 -10066
6527 -997 -10186
6528 -997 -10014
6529 -971 -10034
6530 -1329 -10590
6531 -1169 -10610
6532 -899 -10474
6533 -779 -10506
6534 -927 -10434
6535 -749 -10402
6536 -827 -10490
6537 -907 -10374
6538 -985 -10162
6539 -967 -10214
6540 -991 -10110
6541 -881 -10442
6542 -801 -10310
6543 -701 -10342
6544 -791 -10634
6545 -815 -10590
6546 -701 -10718
6547 -531 -10746
6548 -425 -10394
6549 -485 -10474
6550 -437 -10178
6551 -259 -10206
6552 -351 -10358
6553 -325 -10314
6554 -341 -10470
6555 -393 -10526
6556 -115 -10230
6557 127 -10250
6558 419 -10130
6559 565 -10182
6560 469 -10074
6561 361 -10406
6562 375 -10018
6563 497 -10346
6564 307 -10510
6565 185 -10386
6566 79 -10450
6567 61 -10174
6568 123 -10366
6569 255 -10070
6570 161 -10514
6571 399 -10430
6572 265 -10334
6573 141 -10122
6574 -33 -10318
6575 77 -10414
6576 305 -10490
6577 71 -10258
6578 -179 -10310
6579 -355 -10630
6580 -217 -10694
6581 -59 -10614
6582 -173 -10482
6583 -215 -10570
6584 -57 -10526
6585 -77 -10282
6586 159 -10254
6587 35 -10238
6588 -151 -10454
6589 -237 -10518
6590 -101 -10518
6591 -11 -10434
6592 17 -10510
6593 367 -10566
6594 339 -10370
6595 385 -10562
6596 269 -10654
6597 461 -10498
6598 459 -10286
6599 657 -10146
6600 613 -10114
6601 797 -9922
6602 977 -10110
6603 933 -10330
6604 789 -10474
6605 703 -10410
6606 557 -10314
6607 451 -10318
6608 473 -10038
6609 461 -10190
6610 311 -10294
6611 -9 -10298
6612 -37 -10338
6613 -161 -10410
6614 -229 -10666
6615 -33 -10486
6616 23 -10466
6617 75 -10310
6618 53 -10722
6619 51 -10510
6620 75 -10290
6621 131 -10262
6622 7 -10266
6623 -81 -10266
6624 77 -10138
6625 35 -10294
6626 -17 -10390
6627 -83 -10254
6628 -115 -10134
6629 -81 -10270
6630 -43 -10514
6631 71 -10602
6632 -39 -10798
6633 129 -10862
6634 45 -10606
6635 157 -10730
6636 207 -10806
6637 145 -10518
6638 303 -10270
6639 157 -10218
6640 157 -10510
6641 -31 -10646
6642 45 -10690
6643 129 -10310
6644 109 -10370
6645 129 -10646
6646 81 -10130
6647 11 -10354
6648 117 -10222
6649 187 -10214
6650 17 -10250
6651 -9 -10438
6652 135 -10110
6653 165 -10018
6654 375 -10166
6655 215 -10122
6656 57 -10246
6657 3 -10090
6658 -125 -10214
6659 -77 -9978
6660 -117 -10018
6661 -185 -10022
6662 -189 -10138
6663 -187 -10238
6664 -215 -10418
6665 -259 -10442
6666 -305 -10446
6667 -195 -10210
6668 -425 -10278
6669 -225 -10262
6670 -305 -10154
6671 -303 -10302
6672 -543 -10142
6673 -547 -10106
6674 -633 -10134
6675 -841 -10194
6676 -695 -10238
6677 -589 -10322
6678 -781 -10530
6679 -761 -10410
6680 -921 -10178
6681 -913 -10534
6682 -829 -10542
6683 -885 -10558
6684 -557 -10298
6685 -555 -10626
6686 -411 -10650
6687 -593 -10498
6688 -707 -10382
6689 -633 -10462
6690 -549 -10518
6691 -463 -10418
6692 -763 -10166
6693 -549 -10178
6694 -491 -10178
6695 -529 -10374
6696 -527 -10402
6697 -593 -10606
6698 -501 -10670
6699 -499 -10750
6700 -509 -10542
6701 -623 -10690
6702 -681 -10434
6703 -597 -10486
6704 -501 -10350
6705 -543 -10390
6706 -561 -10322
6707 -693 -10438
6708 -563 -10202
6709 -691 -10390
6710 -711 -10538
6711 -641 -10542
6712 -613 -10410
6713 -425 -10254
6714 -563 -10246
6715 -787 -10390
6716 -903 -10506
6717 -823 -10690
6718 -841 -10458
6719 -793 -10442
6720 -703 -10458
6721 -609 -10342
6722 -647 -10434
6723 -613 -10290
6724 -653 -10326
6725 -755 -10582
6726 -605 -10538
6727 -707 -10378
6728 -497 -10314
6729 -409 -10386
6730 -439 -10478
6731 -309 -10418
6732 -379 -10322
6733 -537 -10370
6734 -491 -10318
6735 -349 -9994
6736 -419 -10070
6737 -489 -10034
6738 -443 -10222
6739 -457 -10362
6740 -343 -10290
6741 -377 -10098
6742 -603 -9950
6743 -439 -10134
6744 -531 -9994
6745 -573 -9942
6746 -675 -10038
6747 -791 -10114
6748 -805 -10542
6749 -909 -10454
6750 -891 -10114
6751 -1029 -10326
6752 -959 -10386
6753 -845 -10206
6754 -961 -10526
6755 -905 -10682
6756 -855 -10678
6757 -877 -10798
6758 -705 -10542
6759 -659 -10546
6760 -823 -10558
6761 -637 -10842
6762 -829 -10894
6763 -687 -10694
6764 -723 -10722
6765 -651 -10706
6766 -675 -10518
6767 -585 -10626
6768 -469 -10366
6769 -555 -10102
6770 -611 -10098
6771 -473 -10162
6772 -409 -10462
6773 -483 -10382
6774 -337 -10526
6775 -133 -10414
6776 7 -10330
6777 -9 -10174
6778 -67 -10498
6779 -215 -10174
6780 -221 -10194
6781 -549 -10238
6782 -679 -10126
6783 -611 -10158
6784 -535 -10150
6785 -267 -10098
6786 -433 -10254
6787 -395 -10234
6788 -321 -10030
6789 -327 -10222
6790 -335 -10422
6791 -209 -10466
6792 -101 -10286
6793 -201 -10470
6794 -251 -10506
6795 -405 -10554
6796 -245 -10510
6797 -305 -10278
6798 -127 -10418
6799 -209 -10630
6800 -137 -10610
6801 -129 -10710
6802 -111 -10630
6803 -133 -10642
6804 -223 -10618
6805 -215 -10510
6806 -301 -10782
6807 -273 -10686
6808 -41 -10686
6809 -197 -10462
6810 -119 -10510
6811 -185 -10414
6812 -443 -10274
6813 -633 -10542
6814 -525 -10490
6815 -643 -10542
6816 -839 -10278
6817 -651 -10354
6818 -819 -10502
6819 -729 -10146
6820 -831 -10270
6821 -815 -10394
6822 -817 -10482
6823 -833 -10470
6824 -765 -10294
6825 -719 -10078
6826 -705 -10190
6827 -561 -10342
6828 -443 -10506
6829 -589 -10394
6830 -617 -10350
6831 -605 -10314
6832 -413 -10162
6833 -485 -10258
6834 -683 -10098
6835 -825 -10250
6836 -827 -10194
6837 -869 -9970
6838 -773 -10198
6839 -701 -9786
6840 -581 -9898
6841 -699 -9726
6842 -853 -10058
6843 -839 -10314
6844 -815 -10298
6845 -969 -10170
6846 -1011 -10174
6847 -953 -10138
6848 -897 -10238
6849 -781 -10222
6850 -821 -10294
6851 -907 -10638
6852 -585 -10274
6853 -523 -10198
6854 -395 -10262
6855 -365 -10322
6856 -225 -10506
6857 -391 -10638
6858 -551 -10350
6859 -545 -10410
6860 -335 -10498
6861 -111 -10406
6862 -183 -10066
6863 -275 -10374
6864 -199 -10302
6865 -293 -10286
6866 -63 -10166
6867 -161 -10442
6868 -61 -10602
6869 -155 -10450
6870 -77 -10378
6871 -81 -10422
6872 -87 -10482
6873 223 -10214
6874 231 -10238
6875 171 -10338
6876 151 -10618
6877 85 -10690
6878 107 -10634
6879 -11 -10258
6880 117 -10086
6881 101 -10142
6882 -155 -10030
6883 -75 -10250
6884 -85 -10242
6885 -145 -10246
6886 -43 -10210
6887 -173 -10234
6888 -161 -9894
6889 -77 -10214
6890 -91 -10202
6891 -225 -10266
6892 -147 -10322
6893 -101 -10194
6894 -223 -10542
6895 -123 -10574
6896 -325 -10574
6897 -369 -10434
6898 -275 -10302
6899 -91 -10218
6900 -131 -10486
6901 55 -10266
6902 -37 -10410
6903 117 -10386
6904 129 -10470
6905 133 -10442
6906 179 -10306
6907 57 -10350
6908 169 -10466
6909 235 -10438
6910 99 -10318
6911 117 -10262
6912 33 -10450
6913 -25 -10218
6914 -51 -10402
6915 45 -10450
6916 153 -10586
6917 235 -10642
6918 337 -10306
6919 329 -10318
6920 291 -10346
6921 277 -10302
6922 43 -10310
6923 79 -10130
6924 -41 -10242
6925 -213 -10146
6926 -225 -10166
6927 -139 -10302
6928 -301 -10422
6929 -179 -10054
6930 61 -9946
6931 -101 -10250
6932 -57 -10270
6933 -15 -10386
6934 -23 -10254
6935 85 -10074
6936 -95 -10210
6937 -89 -10126
6938 -53 -10186
6939 -21 -9962
6940 135 -9938
6941 45 -10150
6942 389 -10066
6943 435 -10174
6944 353 -10414
6945 329 -10238
6946 117 -10078
6947 137 -10010
6948 169 -10126
6949 151 -9810
6950 159 -10006
6951 371 -10078
6952 305 -9990
6953 251 -10150
6954 185 -10426
6955 37 -10478
6956 -19 -10434
6957 -231 -10546
6958 -191 -10710
6959 -277 -10470
6960 -293 -10434
6961 -383 -10530
6962 -521 -10366
6963 -527 -10590
6964 -453 -10394
6965 -527 -10474
6966 -475 -10318
6967 -585 -10662
6968 -451 -10698
6969 -505 -10910
6970 -415 -10694
6971 -561 -10750
6972 -553 -10818
6973 -595 -11042
6974 -677 -10954
6975 -565 -10714
6976 -665 -10694
6977 -651 -10758
6978 -743 -10622
6979 -747 -10542
6980 -521 -10350
6981 -509 -10158
6982 -519 -10294
6983 -695 -10198
6984 -931 -10362
6985 -775 -10542
6986 -793 -10554
6987 -653 -10606
6988 -541 -10374
6989 -689 -10122
6990 -681 -10322
6991 -551 -10498
6992 -645 -10434
6993 -667 -10470
6994 -619 -10478
6995 -619 -10326
6996 -523 -10178
6997 -535 -10418
6998 -489 -10266
6999 -523 -10282
7000 -543 -10258
7001 -483 -10318
7002 -609 -10610
7003 -549 -10546
7004 -501 -10250
7005 -311 -10266
7006 -195 -10322
7007 -209 -10046
7008 -343 -10246
7009 -473 -10486
7010 -297 -10362
7011 -289 -10234
7012 -529 -10338
7013 -367 -10518
7014 -423 -10298
7015 -327 -10618
7016 -389 -10594
7017 -281 -10458
7018 -277 -10598
7019 -111 -10466
7020 -113 -10602
7021 -111 -10886
7022 -87 -10522
7023 -141 -10342
7024 -35 -9986
7025 -333 -10158
7026 -337 -10158
7027 -259 -10382
7028 -245 -10538
7029 -75 -10326
7030 -53 -10234
7031 -235 -10338
7032 -207 -10182
7033 -371 -10222
7034 -427 -10146
7035 -375 -10010
7036 -401 -9858
7037 -377 -10138
7038 -509 -9974
7039 -617 -9842
7040 -571 -10070
7041 -581 -10166
7042 -673 -10658
7043 -675 -10746
7044 -729 -10498
7045 -511 -10554
7046 -589 -10558
7047 -811 -10342
7048 -729 -10262
7049 -621 -10178
7050 -385 -10374
7051 -447 -10066
7052 -495 -9962
7053 -563 -10058
7054 -429 -10170
7055 -361 -10158
7056 -549 -10426
7057 -713 -10526
7058 -881 -10234
7059 -883 -10214
7060 -955 -10494
7061 -1021 -10246
7062 -1015 -10502
7063 -679 -10670
7064 -789 -10598
7065 -951 -10702
7066 -915 -10422
7067 -1127 -10474
7068 -1289 -10518
7069 -1397 -10318
7070 -1355 -10546
7071 -1307 -10658
7072 -1473 -10494
7073 -1209 -10250
7074 -1195 -10394
7075 -1263 -10482
7076 -1433 -10418
7077 -1457 -10294
7078 -1289 -10482
7079 -1255 -10534
7080 -1373 -10586
7081 -1203 -10342
7082 -975 -10350
7083 -1025 -10358
7084 -959 -10202
7085 -1059 -10370
7086 -909 -10334
7087 -835 -10682
7088 -671 -10666
7089 -561 -10550
7090 -411 -10534
7091 -395 -10554
7092 -361 -10434
7093 -357 -10458
7094 -203 -10730
7095 -123 -10678
7096 -187 -10630
7097 -83 -10498
7098 -223 -10590
7099 -167 -10514
7100 -79 -10726
7101 -107 -10614
7102 -3 -10662
7103 -17 -10642
7104 3 -10430
7105 235 -10554
7106 177 -10346
7107 67 -10314
7108 127 -10450
7109 433 -10270
7110 393 -10226
7111 559 -10010
7112 613 -10302
7113 421 -10174
7114 175 -10442
7115 137 -10334
7116 257 -10210
7117 215 -10326
7118 187 -10386
7119 303 -10398
7120 381 -10618
7121 191 -10610
7122 101 -10458
7123 117 -10406
7124 47 -10474
7125 37 -10230
7126 -51 -10214
7127 -201 -10326
7128 -81 -10194
7129 63 -10146
7130 -117 -10190
7131 -57 -10294
7132 -65 -10194
7133 -153 -10290
7134 -45 -10698
7135 -109 -10446
7136 15 -10854
7137 -89 -10610
7138 115 -10610
7139 149 -10606
7140 259 -10386
7141 401 -10402
7142 477 -10530
7143 563 -10586
7144 627 -10394
7145 745 -10318
7146 857 -10270
7147 683 -10082
7148 567 -9942
7149 609 -9954
7150 441 -10098
7151 323 -10306
7152 99 -10354
7153 -29 -10118
7154 23 -10066
7155 163 -10038
7156 463 -10086
7157 429 -10150
7158 243 -10002
7159 231 -9998
7160 213 -9866
7161 371 -10146
7162 215 -10570
7163 193 -10486
7164 93 -10202
7165 209 -10134
7166 297 -10282
7167 129 -10218
7168 211 -10022
7169 97 -10002
7170 -27 -10186
7171 -215 -10382
7172 -343 -10554
7173 -213 -10338
7174 -193 -10230
7175 -265 -10346
7176 -311 -10390
7177 -243 -10298
7178 -141 -10410
7179 -367 -10526
7180 -355 -10570
7181 -425 -10674
7182 -675 -10374
7183 -441 -10446
7184 -553 -10230
7185 -561 -10366
7186 -353 -10514
7187 -225 -10134
7188 -229 -10206
7189 -227 -10230
7190 -121 -10350
7191 -169 -10154
7192 -7 -10222
7193 -155 -10134
7194 -229 -10198
7195 -59 -10342
7196 109 -10046
7197 195 -10158
7198 417 -10390
7199 355 -10170
7200 535 -10338
7201 487 -10334
7202 417 -10622
7203 383 -10782
7204 253 -10450
7205 439 -10114
7206 383 -10394
7207 351 -10434
7208 535 -10318
7209 293 -10510
7210 455 -10438
7211 231 -10586
7212 299 -10338
7213 429 -10414
7214 399 -10238
7215 413 -10650
7216 361 -10482
7217 479 -10370
7218 543 -10390
7219 589 -10162
7220 501 -10090
7221 665 -10166
7222 707 -10094
7223 675 -9902
7224 269 -9846
7225 41 -10206
7226 113 -10102
7227 303 -9982
7228 345 -10034
7229 137 -10246
7230 259 -10022
7231 139 -10126
7232 31 -10202
7233 -37 -10134
7234 19 -10318
7235 -111 -10186
7236 -287 -10382
7237 -169 -10278
7238 -203 -10426
7239 -379 -10386
7240 -565 -10206
7241 -297 -10230
7242 -253 -10382
7243 -247 -10382
7244 -373 -10446
7245 -225 -10502
7246 -311 -10398
7247 -167 -10342
7248 -363 -10218
7249 -341 -10582
7250 -195 -10702
7251 -31 -10566
7252 -99 -10442
7253 -35 -10450
7254 23 -10646
7255 17 -10570
7256 135 -10450
7257 -53 -10398
7258 -249 -10454
7259 -239 -10298
7260 -397 -10246
7261 -489 -10430
7262 -445 -10602
7263 -333 -10194
7264 -307 -10206
7265 -447 -10550
7266 -461 -10714
7267 -549 -10574
7268 -331 -10634
7269 -555 -10518
7270 -555 -10306
7271 -521 -10566
7272 -587 -10626
7273 -639 -10578
7274 -587 -10666
7275 -437 -10642
7276 -309 -10562
7277 -279 -10654
7278 -187 -10458
7279 71 -10582
7280 155 -10538
7281 -7 -10566
7282 207 -10558
7283 129 -10558
7284 87 -10706
7285 231 -10526
7286 179 -10578
7287 105 -10110
7288 49 -10394
7289 -15 -10034
7290 -51 -10178
7291 101 -10162
7292 213 -10302
7293 17 -10410
7294 145 -10522
7295 139 -10598
7296 433 -10522
7297 319 -10506
7298 495 -10454
7299 473 -10574
7300 559 -10230
7301 673 -10286
7302 685 -10178
7303 493 -9930
7304 537 -10090
7305 565 -10186
7306 505 -10502
7307 593 -10674
7308 415 -10554
7309 535 -10554
7310 573 -10414
7311 541 -10334
7312 731 -10554
7313 577 -10378
7314 521 -10414
7315 569 -10590
7316 373 -10230
7317 375 -10310
7318 425 -10362
7319 503 -10362
7320 479 -10322
7321 281 -10314
7322 301 -10402
7323 433 -10254
7324 285 -10366
7325 381 -10250
7326 489 -10262
7327 529 -10430
7328 357 -10170
7329 509 -10286
7330 521 -10386
7331 353 -10406
7332 521 -10714
7333 643 -10678
7334 621 -10542
7335 793 -10286
7336 695 -10270
7337 473 -10046
7338 231 -10102
7339 125 -10178
7340 -15 -10118
7341 -85 -10074
7342 -407 -10314
7343 -587 -10062
7344 -359 -10242
7345 -161 -10450
7346 -147 -10206
7347 -241 -10054
7348 -169 -10358
7349 -83 -10314
7350 -155 -10190
7351 35 -10186
7352 197 -10222
7353 33 -10202
7354 109 -10062
7355 69 -10238
7356 3 -10194
7357 61 -10078
7358 139 -10294
7359 211 -10554
7360 211 -10438
7361 177 -10262
7362 3 -10434
7363 -51 -10522
7364 -57 -10698
7365 -95 -10486
7366 -43 -10654
7367 13 -10302
7368 -35 -10226
7369 47 -10058
7370 73 -10026
7371 85 -10078
7372 341 -10322
7373 203 -10418
7374 491 -10422
7375 487 -10250
7376 597 -10558
7377 465 -10370
7378 579 -10194
7379 553 -10374
7380 395 -10358
7381 401 -10086
7382 537 -10230
7383 319 -10282
7384 359 -10314
7385 555 -10646
7386 657 -10426
7387 473 -10586
7388 457 -10634
7389 357 -10494
7390 347 -10322
7391 401 -10270
7392 449 -10614
7393 461 -10582
7394 291 -10594
7395 467 -10594
7396 601 -10558
7397 601 -10590
7398 649 -10442
7399 587 -10394
7400 625 -10498
7401 637 -10530
7402 481 -10294
7403 549 -10222
7404 425 -10074
7405 431 -10230
7406 331 -10402
7407 351 -10534
7408 325 -10658
7409 95 -10502
7410 143 -10390
7411 55 -10358
7412 -93 -10222
7413 -69 -10246
7414 -49 -10234
7415 -57 -10314
7416 -135 -10494
7417 -267 -10478
7418 -273 -10362
7419 -283 -10078
7420 -331 -10002
7421 -255 -10406
7422 -251 -10114
7423 -341 -9814
7424 -333 -9850
7425 -133 -9750
7426 -233 -10002
7427 -215 -9974
7428 -339 -9870
7429 -289 -9782
7430 -189 -10114
7431 -235 -9894
7432 -371 -10170
7433 -519 -10466
7434 -571 -10762
7435 -311 -10630
7436 -175 -10314
7437 -393 -10638
7438 -439 -10694
7439 -381 -10234
7440 -397 -10078
7441 -311 -10090
7442 -269 -10166
7443 -67 -10418
7444 -199 -10238
7445 -163 -10210
7446 -271 -9842
7447 -149 -10206
7448 17 -10250
7449 49 -10390
7450 171 -10270
7451 147 -10550
7452 19 -10330
7453 -77 -10130
7454 -111 -9946
7455 -373 -9994
7456 -333 -10266
7457 -335 -10354
7458 -413 -10326
7459 -435 -10026
7460 -621 -10186
7461 -863 -10314
7462 -863 -10206
7463 -1013 -10330
7464 -985 -10374
7465 -899 -10046
7466 -1029 -10286
7467 -783 -10282
7468 -825 -10466
7469 -803 -10370
7470 -559 -10202
7471 -693 -10242
7472 -847 -10134
7473 -1015 -10446
7474 -1005 -10142
7475 -999 -10574
7476 -999 -10422
7477 -947 -10138
7478 -855 -10226
7479 -773 -10318
7480 -629 -10106
7481 -385 -9882
7482 -435 -10150
7483 -251 -10334
7484 -29 -10114
7485 35 -10094
7486 95 -10042
7487 165 -10282
7488 57 -10258
7489 59 -10250
7490 -245 -10330
7491 -151 -10094
7492 -139 -10254
7493 -105 -10190
7494 -75 -10222
7495 -151 -10110
7496 -155 -10166
7497 -85 -10126
7498 -129 -10198
7499 -101 -10270
7500 -85 -10270
7501 -245 -10042
7502 -299 -10078
7503 -413 -10010
7504 -617 -10086
7505 -653 -10426
7506 -609 -10510
7507 -769 -10138
7508 -1023 -10246
7509 -995 -10322
7510 -1095 -10294
7511 -991 -10578
7512 -939 -10418
7513 -1009 -10278
7514 -989 -10242
7515 -1065 -10278
7516 -1237 -10338
7517 -1165 -10526
7518 -1073 -10282
7519 -1435 -10290
7520 -1513 -10318
7521 -1591 -10446
7522 -1627 -10474
7523 -1661 -10546
7524 -1599 -10514
7525 -1579 -10174
7526 -1447 -10298
7527 -1273 -10134
7528 -1271 -10314
7529 -1089 -10390
7530 -1171 -10214
7531 -1249 -10330
7532 -1413 -10602
7533 -1363 -10306
7534 -1635 -10326
7535 -1405 -10554
7536 -1063 -10570
7537 -789 -10514
7538 -891 -10574
7539 -897 -10622
7540 -717 -10678
7541 -779 -10686
7542 -719 -10230
7543 -677 -10166
7544 -711 -10226
7545 -425 -10194
7546 -395 -10218
7547 -289 -10158
7548 -275 -10202
7549 -437 -10350
7550 -499 -10354
7551 -597 -10626
7552 -733 -10650
7553 -793 -10726
7554 -625 -10430
7555 -705 -10454
7556 -687 -10506
7557 -745 -10238
7558 -779 -10402
7559 -791 -10614
7560 -1037 -10398
7561 -905 -10430
7562 -891 -10246
7563 -771 -10006
7564 -1009 -10306
7565 -1005 -10126
7566 -1075 -10174
7567 -1139 -10106
7568 -959 -10210
7569 -873 -10254
7570 -749 -10510
7571 -785 -10398
7572 -889 -10266
7573 -823 -10454
7574 -743 -10234
7575 -711 -10554
7576 -777 -10658
7577 -905 -10570
7578 -1013 -10610
7579 -901 -10714
7580 -797 -10414
7581 -943 -10710
7582 -993 -10478
7583 -981 -10394
7584 -733 -10262
7585 -583 -10586
7586 -735 -10738
7587 -791 -10666
7588 -547 -10642
7589 -391 -10686
7590 -393 -10354
7591 -501 -10354
7592 -679 -10482
7593 -797 -10562
7594 -547 -10346
7595 -555 -10398
7596 -533 -10634
7597 -529 -10618
7598 -491 -10762
7599 -529 -10830
7600 -395 -10462
7601 -395 -10638
7602 -405 -10298
7603 -161 -10406
7604 -153 -10050
7605 -203 -10246
7606 -153 -10002
7607 9 -10266
7608 213 -10410
7609 295 -10542
7610 305 -10382
7611 313 -10326
7612 513 -10306
7613 591 -10286
7614 519 -10118
7615 585 -10322
7616 513 -10350
7617 649 -10618
7618 469 -10482
7619 513 -10454
7620 361 -10326
7621 453 -10310
7622 441 -10238
7623 251 -10170
7624 333 -10242
7625 331 -10250
7626 53 -10014
7627 -1 -9902
7628 47 -9958
7629 167 -10022
7630 327 -9982
7631 429 -9778
7632 561 -10218
7633 517 -10134
7634 331 -9966
7635 113 -10038
7636 119 -10090
7637 91 -9918
7638 161 -9886
7639 253 -9970
7640 103 -9910
7641 79 -10290
7642 -7 -10266
7643 27 -10198
7644 -41 -10466
7645 145 -10382
7646 279 -10474
7647 351 -10378
7648 233 -10478
7649 267 -10518
7650 233 -10670
7651 283 -10438
7652 223 -10166
7653 245 -9882
7654 131 -10050
7655 137 -10250
7656 131 -9914
7657 3 -10126
7658 133 -10218
7659 211 -9958
7660 235 -10090
7661 187 -9818
7662 295 -10014
7663 129 -10314
7664 61 -10418
7665 75 -10442
7666 85 -10342
7667 201 -10210
7668 143 -10094
7669 91 -10334
7670 87 -10478
7671 -137 -10634
7672 -169 -10546
7673 -223 -10642
7674 -151 -10450
7675 -67 -10234
7676 -69 -10414
7677 -137 -10406
7678 -277 -10418
7679 -165 -10126
7680 -279 -10050
7681 -307 -10218
7682 -177 -10390
7683 -193 -10494
7684 -119 -10174
7685 -163 -10174
7686 -117 -10486
7687 31 -10594
7688 5 -10402
7689 -149 -10482
7690 -227 -10562
7691 -153 -10590
7692 -101 -10462
7693 -85 -10442
7694 65 -10226
7695 -83 -10090
7696 -89 -10250
7697 -321 -10446
7698 -155 -10554
7699 -311 -10638
7700 -377 -10610
7701 -491 -10718
7702 -767 -10582
7703 -859 -10510
7704 -769 -10586
7705 -861 -10434
7706 -857 -10530
7707 -891 -10334
7708 -1071 -10290
7709 -1091 -10518
7710 -1233 -10566
7711 -1335 -10442
7712 -1259 -10594
7713 -1319 -10562
7714 -1171 -10458
7715 -1321 -10650
7716 -1361 -10490
7717 -1045 -10434
7718 -921 -10394
7719 -917 -10274
7720 -961 -10478
7721 -921 -10566
7722 -731 -10706
7723 -733 -10550
7724 -789 -10274
7725 -553 -10262
7726 -663 -10234
7727 -995 -10334
7728 -955 -10146
7729 -927 -10350
7730 -919 -10334
7731 -809 -10514
7732 -727 -10294
7733 -625 -10378
7734 -559 -10334
7735 -331 -10370
7736 -329 -10326
7737 -599 -10154
7738 -703 -10246
7739 -783 -9798
7740 -753 -10098
7741 -619 -10010
7742 -429 -9830
7743 -503 -9962
7744 -621 -10198
7745 -531 -10090
7746 -485 -9958
7747 -153 -10162
7748 -35 -10002
7749 -61 -10158
7750 -39 -10186
7751 147 -10250
7752 -21 -10218
7753 -69 -10342
7754 -45 -10410
7755 59 -10318
7756 165 -10026
7757 339 -10226
7758 241 -10262
7759 323 -10182
7760 313 -10374
7761 279 -10482
7762 241 -10218
7763 345 -10154
7764 271 -10118
7765 207 -10262
7766 315 -10418
7767 399 -10546
7768 445 -10250
7769 471 -10278
7770 381 -10282
7771 299 -10162
7772 305 -10026
7773 467 -10086
7774 347 -10010
7775 327 -10238
7776 327 -9930
7777 295 -10142
7778 301 -10154
7779 149 -10186
7780 233 -10090
7781 187 -10190
7782 -13 -10162
7783 -157 -10278
7784 -27 -10386
7785 -37 -10574
7786 -91 -10342
7787 -9 -10338
7788 65 -10474
7789 151 -10458
7790 121 -10414
7791 -17 -10214
7792 11 -10270
7793 157 -10590
7794 193 -10430
7795 303 -10594
7796 227 -10654
7797 141 -10578
7798 201 -10322
7799 219 -10190
7800 291 -10354
7801 283 -10258
7802 183 -10170
7803 157 -10114
7804 147 -10170
7805 295 -10374
7806 323 -10446
7807 299 -10330
7808 173 -10622
7809 133 -10514
7810 141 -10158
7811 213 -10202
7812 79 -10398
7813 -11 -10354
7814 -81 -10346
7815 139 -10310
7816 -11 -10242
7817 5 -10114
7818 83 -9926
7819 -21 -9974
7820 -163 -9870
7821 -419 -9954
7822 -587 -10078
7823 -695 -9950
7824 -653 -9898
7825 -779 -9902
7826 -855 -10006
7827 -637 -10342
7828 -557 -10562
7829 -631 -10390
7830 -563 -10302
7831 -667 -10290
7832 -449 -10326
7833 -561 -10178
7834 -691 -10290
7835 -673 -10218
7836 -667 -10166
7837 -785 -10302
7838 -743 -10438
7839 -565 -10438
7840 -455 -10458
7841 -409 -10502
7842 -405 -10478
7843 -439 -10554
7844 -583 -10338
7845 -589 -10318
7846 -619 -10438
7847 -701 -10546
7848 -745 -10574
7849 -831 -10702
7850 -593 -10634
7851 -719 -10582
7852 -591 -10358
7853 -331 -10170
7854 -339 -10082
7855 -127 -10362
7856 -93 -10378
7857 -57 -10454
7858 -67 -10342
7859 -137 -10494
7860 -101 -10422
7861 -31 -10366
7862 -25 -10542
7863 249 -10486
7864 353 -10266
7865 427 -10306
7866 669 -10610
7867 679 -10738
7868 743 -10378
7869 669 -10370
7870 431 -10434
7871 333 -10486
7872 229 -10410
7873 207 -10554
7874 51 -10886
7875 109 -10606
7876 -49 -10302
7877 131 -10734
7878 183 -10414
7879 185 -10434
7880 171 -10398
7881 183 -10574
7882 359 -10326
7883 223 -10190
7884 53 -10274
7885 133 -10326
7886 225 -10402
7887 207 -10610
7888 113 -10634
7889 -105 -10594
7890 -51 -10674
7891 -163 -10574
7892 -187 -10414
7893 -389 -10578
7894 -433 -10510
7895 -355 -10910
7896 -539 -10438
7897 -449 -10550
7898 -465 -10394
7899 -271 -10294
7900 -141 -10454
7901 -67 -10238
7902 -89 -10234
7903 -217 -10146
7904 -457 -10342
7905 -363 -10142
7906 -209 -10350
7907 -197 -10202
7908 -265 -10182
7909 -247 -10134
7910 -259 -10262
7911 -9 -10402
7912 -149 -10294
7913 -5 -10406
7914 161 -10346
7915 109 -10138
7916 43 -10510
7917 -43 -10454
7918 -127 -10546
7919 -227 -10438
7920 -279 -10382
7921 -341 -10422
7922 -441 -10366
7923 -349 -10290
7924 -391 -10746
7925 -411 -10814
7926 -429 -10490
7927 -349 -10578
7928 -87 -10566
7929 -237 -10614
7930 -95 -10798
7931 -13 -10710
7932 -53 -10598
7933 149 -10626
7934 341 -10674
7935 149 -10454
7936 117 -10334
7937 -45 -10294
7938 57 -10282
7939 111 -10458
7940 149 -10490
7941 117 -10430
7942 85 -10354
7943 181 -10266
7944 119 -10482
7945 9 -10310
7946 79 -10298
7947 223 -9970
7948 145 -10142
7949 -41 -10206
7950 -229 -10462
7951 -153 -10358
7952 -205 -10086
7953 -273 -10246
7954 -247 -10458
7955 -271 -10814
7956 -325 -10646
7957 -231 -10630
7958 -231 -10654
7959 -221 -11002
7960 -149 -10598
7961 -103 -10630
7962 -157 -10646
7963 -25 -10558
7964 19 -10378
7965 167 -10606
7966 119 -10250
7967 35 -10598
7968 217 -10402
7969 245 -10714
7970 201 -10738
7971 155 -10686
7972 167 -10478
7973 183 -10446
7974 -21 -10318
7975 -3 -10046
7976 -183 -10142
7977 -157 -10306
7978 -225 -10442
7979 -239 -10158
7980 -237 -10242
7981 -177 -10374
7982 -299 -10438
7983 -267 -10642
7984 -177 -10494
7985 -233 -10618
7986 -207 -10438
7987 -241 -10546
7988 -235 -10630
7989 -273 -10518
7990 -171 -10458
7991 -349 -10574
7992 -451 -10458
7993 -459 -10370
7994 -293 -10146
7995 -267 -10054
7996 -349 -10142
7997 -493 -9934
7998 -357 -10090
7999 -333 -10158
8000 -321 -9990
8001 -463 -10226
8002 -303 -10110
8003 -197 -9950
8004 -117 -9918
8005 -233 -9890
8006 -273 -10114
8007 -277 -10106
8008 -117 -10026
8009 3 -10262
8010 -181 -10158
8011 -363 -10090
8012 -281 -10018
8013 -239 -10014
8014 -381 -10418
8015 -477 -10334
8016 -331 -10290
8017 -365 -10302
8018 -277 -10182
8019 -169 -10422
8020 23 -10398
8021 143 -10526
8022 -47 -10530
8023 75 -10270
8024 329 -10254
8025 381 -9970
8026 409 -10042
8027 115 -9934
8028 53 -10154
8029 121 -10074
8030 255 -10186
8031 273 -10034
8032 97 -10154
8033 169 -10326
8034 79 -10034
8035 157 -10438
8036 221 -10798
8037 269 -10546
8038 473 -10450
8039 537 -10510
8040 495 -10246
8041 395 -9986
8042 483 -9806
8043 529 -9894
8044 669 -10174
8045 377 -9806
8046 567 -9930
8047 651 -10030
8048 585 -10046
8049 825 -10018
8050 947 -10242
8051 863 -9986
8052 865 -10174
8053 833 -10182
8054 897 -10286
8055 813 -10302
8056 893 -10126
8057 1027 -10538
8058 945 -10438
8059 625 -10570
8060 783 -10454
8061 731 -10370
8062 813 -10426
8063 973 -10414
8064 1281 -10326
8065 1145 -10302
8066 1163 -10398
8067 1263 -10294
8068 1239 -10034
8069 1423 -10286
8070 1483 -10374
8071 1559 -10074
8072 1565 -10254
8073 1439 -10042
8074 1423 -10466
8075 1405 -10626
8076 1201 -10194
8077 1203 -9950
8078 1403 -10290
8079 1397 -10254
8080 1327 -10322
8081 1195 -10470
8082 1015 -10286
8083 1037 -10310
8084 759 -10462
8085 903 -10446
8086 907 -10630
8087 825 -10514
8088 809 -10406
8089 657 -10530
8090 871 -10574
8091 809 -10658
8092 841 -10682
8093 791 -10534
8094 807 -10702
8095 713 -10590
8096 903 -10618
8097 685 -10578
8098 651 -10594
8099 497 -10378
8100 439 -10266
8101 383 -10590
8102 581 -10486
8103 609 -10526
8104 643 -10650
8105 547 -10790
8106 377 -10710
8107 313 -10626
8108 161 -10522
8109 319 -10534
8110 155 -10298
8111 223 -10142
8112 357 -9978
8113 395 -10262
8114 255 -10122
8115 153 -10058
8116 -33 -9850
8117 -105 -9718
8118 -115 -10078
8119 -301 -10190
8120 -253 -10238
8121 -387 -10298
8122 -293 -10406
8123 -151 -10490
8124 -149 -10286
8125 -303 -10342
8126 -193 -10338
8127 -281 -10598
8128 -217 -10658
8129 -227 -10942
8130 -145 -10730
8131 -219 -10626
8132 -201 -10518
8133 -203 -10390
8134 -95 -10454
8135 71 -10434
8136 -263 -10486
8137 -455 -10310
8138 -481 -10506
8139 -525 -10242
8140 -647 -10394
8141 -595 -10366
8142 -499 -10326
8143 -485 -10402
8144 -415 -10334
8145 -473 -10322
8146 -409 -10294
8147 -155 -10326
8148 -167 -10294
8149 -293 -10058
8150 -297 -9982
8151 -411 -10134
8152 -553 -10094
8153 -563 -10158
8154 -805 -10038
8155 -791 -10286
8156 -773 -10490
8157 -857 -10522
8158 -917 -10650
8159 -1053 -10490
8160 -835 -10150
8161 -565 -10258
8162 -591 -10378
8163 -297 -10206
8164 -335 -10362
8165 -385 -10302
8166 -467 -10346
8167 -507 -10158
8168 -531 -10226
8169 -465 -10294
8170 -583 -10270
8171 -449 -10578
8172 -487 -10274
8173 -553 -10598
8174 -557 -10594
8175 -477 -10626
8176 -439 -10518
8177 -595 -10530
8178 -699 -10490
8179 -529 -10414
8180 -345 -10482
8181 -229 -10454
8182 -385 -10458
8183 -253 -10490
8184 -35 -10574
8185 25 -10410
8186 3 -10238
8187 61 -10418
8188 -37 -10378
8189 -47 -10394
8190 -267 -10294
8191 -151 -10170
8192 -135 -10182
8193 -35 -10278
8194 137 -10210
8195 83 -10246
8196 39 -10310
8197 153 -10338
8198 123 -10370
8199 221 -10202
8200 287 -10302
8201 347 -10406
8202 433 -10186
8203 281 -10170
8204 259 -10006
8205 97 -10162
8206 47 -10430
8207 37 -10306
8208 -17 -10286
8209 -117 -10494
8210 -43 -10610
8211 57 -10842
8212 73 -10570
8213 207 -10610
8214 67 -10410
8215 27 -10418
8216 -85 -10342
8217 -3 -10014
8218 -55 -10158
8219 -83 -10234
8220 -55 -10438
8221 -25 -10314
8222 113 -10186
8223 53 -10026
8224 73 -10074
8225 241 -10150
8226 251 -10254
8227 99 -10374
8228 125 -10546
8229 207 -10290
8230 173 -10426
8231 221 -10474
8232 299 -10362
8233 265 -10074
8234 199 -10082
8235 289 -10150
8236 275 -10326
8237 199 -10310
8238 241 -10442
8239 153 -10474
8240 255 -10298
8241 67 -10530
8242 255 -10638
8243 247 -10430
8244 183 -10334
8245 159 -10062
8246 51 -10054
8247 -43 -10182
8248 -161 -10278
8249 -201 -10406
8250 -201 -10534
8251 -253 -10130
8252 -83 -10146
8253 -237 -10250
8254 -369 -10366
8255 -315 -10070
8256 -283 -10046
8257 -359 -10326
8258 -195 -10318
8259 -427 -10362
8260 -331 -10366
8261 -197 -10282
8262 -135 -10226
8263 -155 -10314
8264 43 -10066
8265 -317 -10126
8266 -369 -10082
8267 -369 -10102
8268 -381 -10070
8269 -355 -10230
8270 -419 -10522
8271 -525 -10626
8272 -549 -10550
8273 -605 -10542
8274 -537 -10474
8275 -577 -10522
8276 -463 -10250
8277 -565 -10294
8278 -267 -10298
8279 -297 -10290
8280 -277 -10274
8281 -211 -10406
8282 -149 -10386
8283 -185 -10518
8284 19 -10566
8285 -103 -10362
8286 79 -10298
8287 43 -10670
8288 3 -10478
8289 41 -10494
8290 23 -10602
8291 109 -10462
8292 247 -10690
8293 185 -10842
8294 177 -10554
8295 275 -10474
8296 289 -10770
8297 77 -10662
8298 307 -10474
8299 199 -10146
8300 173 -10142
8301 157 -10086
8302 137 -9990
8303 289 -9938
8304 335 -9938
8305 535 -9998
8306 557 -9850
8307 451 -9718
8308 529 -10166
8309 399 -10194
8310 393 -10462
8311 289 -10286
8312 427 -10590
8313 389 -10238
8314 135 -10294
8315 121 -9894
8316 -27 -9902
8317 -79 -10078
8318 121 -10250
8319 15 -10286
8320 87 -10442
8321 15 -10370
8322 179 -10258
8323 337 -10370
8324 51 -10214
8325 217 -10326
8326 153 -10330
8327 231 -10614
8328 291 -10410
8329 255 -10494
8330 373 -10318
8331 421 -10330
8332 135 -10074
8333 305 -10154
8334 185 -10210
8335 287 -10246
8336 205 -10286
8337 -3 -10254
8338 -107 -10134
8339 -133 -10182
8340 -103 -10234
8341 -199 -10178
8342 -79 -10190
8343 -31 -10110
8344 -5 -9990
8345 -67 -9962
8346 -33 -10014
8347 191 -10306
8348 259 -10166
8349 351 -10186
8350 241 -10270
8351 415 -10322
8352 455 -10374
8353 429 -10522
8354 513 -10370
8355 297 -10118
8356 117 -10334
8357 157 -10442
8358 223 -10462
8359 391 -10510
8360 265 -10258
8361 369 -10194
8362 467 -10274
8363 367 -10830
8364 243 -10570
8365 99 -10502
8366 57 -10446
8367 35 -10466
8368 -35 -10446
8369 37 -10314
8370 79 -10314
8371 57 -10258
8372 87 -10030
8373 77 -9918
8374 241 -10058
8375 351 -10318
8376 307 -10114
8377 271 -10098
8378 427 -10202
8379 483 -10498
8380 317 -10518
8381 201 -10674
8382 133 -10850
8383 -37 -10730
8384 33 -10626
8385 -43 -10390
8386 -115 -10406
8387 157 -10426
8388 135 -10378
8389 299 -10050
8390 267 -10378
8391 85 -10302
8392 65 -10150
8393 19 -10574
8394 95 -10518
8395 -99 -10498
8396 -33 -10450
8397 -201 -10754
8398 -73 -10730
8399 -21 -10378
8400 -159 -10450
8401 -215 -10438
8402 -315 -10346
8403 -249 -10054
8404 -161 -10362
8405 -77 -10338
8406 -51 -10682
8407 107 -10438
8408 13 -10466
8409 35 -10326
8410 19 -10622
8411 -11 -10754
8412 -43 -10702
8413 49 -10190
8414 117 -10306
8415 161 -10202
8416 163 -10806
8417 -29 -10730
8418 -59 -10822
8419 149 -10714
8420 365 -10646
8421 251 -10242
8422 247 -10282
8423 195 -10398
8424 219 -10478
8425 189 -10738
8426 13 -10774
8427 1 -10982
8428 149 -10826
8429 -25 -11158
8430 115 -10982
8431 183 -10810
8432 135 -10634
8433 111 -10490
8434 -29 -10486
8435 -141 -10298
8436 -123 -10274
8437 -233 -10366
8438 -299 -10426
8439 -297 -10694
8440 -275 -10630
8441 -387 -10438
8442 -639 -10398
8443 -767 -10810
8444 -697 -10606
8445 -677 -10442
8446 -641 -10650
8447 -405 -10514
8448 -421 -10350
8449 -491 -10318
8450 -431 -10762
8451 -515 -10662
8452 -635 -10546
8453 -871 -10762
8454 -987 -10786
8455 -1239 -10878
8456 -1297 -10774
8457 -1165 -10906
8458 -1029 -10582
8459 -985 -10738
8460 -925 -10598
8461 -1135 -10682
8462 -1235 -10642
8463 -1267 -10434
8464 -1391 -10298
8465 -1399 -10266
8466 -1177 -10166
8467 -957 -10094
8468 -931 -10182
8469 -991 -10242
8470 -1005 -10454
8471 -911 -10454
8472 -883 -10214
8473 -833 -10254
8474 -629 -10390
8475 -631 -10322
8476 -791 -10514
8477 -749 -10478
8478 -625 -10706
8479 -453 -10510
8480 -341 -10550
8481 -177 -10746
8482 -385 -10758
8483 -519 -10654
8484 -339 -10350
8485 -287 -10558
8486 -431 -10518
8487 -395 -10410
8488 -391 -10278
8489 -325 -10202
8490 -257 -10186
8491 -193 -10314
8492 -159 -9930
8493 -251 -10082
8494 -145 -10282
8495 -351 -10022
8496 -289 -10042
8497 -297 -10254
8498 -55 -10506
8499 89 -10506
8500 95 -10482
8501 39 -10458
8502 -27 -10450
8503 -41 -10474
8504 21 -10554
8505 29 -10334
8506 -125 -10310
8507 -65 -10518
8508 -43 -10546
8509 -101 -10550
8510 -123 -10910
8511 -51 -10734
8512 -41 -10714
8513 -69 -10550
8514 -5 -10478
8515 -177 -10422
8516 -181 -10062
8517 -87 -10302
8518 53 -10246
8519 195 -10298
8520 159 -10382
8521 127 -10246
8522 -17 -10302
8523 -121 -10506
8524 -153 -10606
8525 -47 -10738
8526 21 -10718
8527 189 -10650
8528 291 -10478
8529 533 -10390
8530 651 -10350
8531 485 -10494
8532 461 -10418
8533 483 -10402
8534 493 -10398
8535 489 -10434
8536 617 -10754
8537 689 -10698
8538 513 -10786
8539 281 -10486
8540 211 -10686
8541 295 -10646
8542 521 -10298
8543 487 -10506
8544 375 -10678
8545 553 -10458
8546 361 -10314
8547 311 -10742
8548 411 -10578
8549 239 -10550
8550 131 -10538
8551 87 -10470
8552 181 -10438
8553 181 -10350
8554 169 -10386
8555 187 -10290
8556 99 -10466
8557 79 -10306
8558 93 -10190
8559 223 -10322
8560 173 -10046
8561 -41 -9982
8562 37 -10118
8563 51 -10322
8564 -25 -10418
8565 63 -10494
8566 63 -10302
8567 155 -10290
8568 271 -10298
8569 243 -10118
8570 -37 -10122
8571 -183 -10202
8572 -275 -10358
8573 -87 -10246
8574 -97 -10190
8575 -107 -10242
8576 -157 -10726
8577 -115 -10474
8578 25 -10326
8579 -121 -10162
8580 -219 -10490
8581 -367 -10474
8582 -185 -10426
8583 -173 -10394
8584 -179 -10154
8585 -273 -10258
8586 -9 -10178
8587 -11 -9918
8588 49 -10298
8589 -165 -10266
8590 -171 -10158
8591 -241 -10210
8592 -111 -10182
8593 -35 -10202
8594 -255 -10466
8595 -13 -10598
8596 -169 -10494
8597 37 -10318
8598 -29 -10250
8599 93 -10342
8600 71 -10162
8601 45 -10290
8602 79 -10286
8603 61 -10282
8604 217 -10450
8605 233 -10354
8606 311 -10358
8607 277 -10022
8608 373 -10322
8609 271 -10462
8610 377 -10234
8611 479 -10170
8612 429 -10050
8613 487 -10214
8614 455 -10338
8615 459 -10294
8616 415 -10178
8617 635 -10386
8618 755 -10362
8619 731 -10174
8620 775 -10310
8621 581 -10402
8622 649 -10438
8623 449 -10382
8624 467 -10278
8625 537 -10030
8626 517 -10222
8627 463 -9938
8628 737 -10110
8629 831 -10526
8630 947 -10294
8631 887 -10406
8632 1031 -10574
8633 897 -10498
8634 955 -10446
8635 1027 -10630
8636 1081 -10690
8637 859 -10702
8638 1033 -10538
8639 1055 -10590
8640 957 -10302
8641 959 -10554
8642 1129 -10246
8643 1227 -10538
8644 1235 -10714
8645 1389 -10682
8646 1227 -10746
8647 1381 -10614
8648 1591 -10274
8649 1651 -10306
8650 1503 -10246
8651 1603 -10258
8652 1579 -10250
8653 1523 -10490
8654 1607 -10430
8655 1487 -10270
8656 1425 -10470
8657 1533 -10306
8658 1401 -10478
8659 1407 -10254
8660 1367 -10534
8661 1189 -10222
8662 1253 -10418
8663 1409 -10254
8664 1471 -10270
8665 1497 -10178
8666 1307 -10398
8667 1325 -10566
8668 1303 -10322
8669 1473 -10582
8670 1345 -10574
8671 1219 -10418
8672 1123 -10278
8673 1063 -10186
8674 1047 -10002
8675 1123 -10158
8676 1203 -10422
8677 1377 -10498
8678 1287 -10490
8679 1237 -10390
8680 1101 -10482
8681 973 -10330
8682 913 -10414
8683 685 -10474
8684 937 -10602
8685 905 -10722
8686 785 -10326
8687 733 -10194
8688 585 -10338
8689 703 -10210
8690 637 -10202
8691 491 -10190
8692 489 -10170
8693 185 -10346
8694 259 -10366
8695 187 -10098
8696 257 -9990
8697 293 -9990
8698 383 -10390
8699 363 -10234
8700 327 -10442
8701 389 -10238
8702 589 -10166
8703 405 -10218
8704 227 -10146
8705 289 -10122
8706 477 -10394
8707 373 -10258
8708 389 -10398
8709 513 -10666
8710 479 -10658
8711 387 -10638
8712 329 -10694
8713 289 -10618
8714 347 -10358
8715 405 -10302
8716 375 -10210
8717 291 -10150
8718 317 -9982
8719 189 -10234
8720 101 -10174
8721 525 -10290
8722 419 -10266
8723 421 -10242
8724 531 -10486
8725 665 -10550
8726 671 -10794
8727 763 -10622
8728 701 -10794
8729 611 -10718
8730 403 -10506
8731 201 -10298
8732 109 -10722
8733 197 -10550
8734 227 -10614
8735 351 -10438
8736 485 -10474
8737 471 -10538
8738 225 -10494
8739 149 -10382
8740 65 -10062
8741 129 -10122
8742 149 -10118
8743 199 -10178
8744 367 -10286
8745 435 -10290
8746 497 -10250
8747 429 -10118
8748 577 -10170
8749 493 -10282
8750 657 -10534
8751 601 -10542
8752 721 -10802
8753 795 -10466
8754 735 -10398
8755 951 -10782
8756 787 -10494
8757 809 -10514
8758 655 -10362
8759 709 -10414
8760 797 -10594
8761 959 -10598
8762 1085 -10458
8763 1131 -10222
8764 1211 -10454
8765 1073 -10510
8766 989 -10290
8767 965 -10326
8768 975 -10294
8769 1005 -10306
8770 937 -10298
8771 865 -10282
8772 525 -10034
8773 499 -10042
8774 323 -10134
8775 245 -10210
8776 345 -10122
8777 277 -10038
8778 253 -9994
8779 293 -9934
8780 37 -9766
8781 9 -9798
8782 -121 -10126
8783 -293 -10246
8784 -313 -10314
8785 -149 -10658
8786 -43 -10518
8787 227 -10358
8788 233 -10410
8789 181 -10654
8790 63 -10450
8791 11 -10374
8792 -65 -10450
8793 -11 -10186
8794 -107 -10106
8795 -175 -10166
8796 -219 -10338
8797 -135 -10098
8798 -165 -10162
8799 -217 -10278
8800 -261 -10146
8801 -115 -10374
8802 -165 -10246
8803 -141 -10582
8804 -57 -10594
8805 45 -10682
8806 -11 -10646
8807 113 -10746
8808 5 -10914
8809 -187 -11074
8810 -285 -10514
8811 -243 -10726
8812 -49 -10802
8813 11 -10582
8814 -43 -10194
8815 311 -10618
8816 209 -10902
8817 199 -10734
8818 149 -10442
8819 -53 -10418
8820 -369 -10618
8821 -419 -10574
8822 -409 -10478
8823 -357 -10494
8824 -203 -10378
8825 -317 -10186
8826 -235 -10334
8827 -221 -10362
8828 -401 -10426
8829 -453 -10418
8830 -401 -10442
8831 -539 -10342
8832 -467 -10370
8833 -207 -10602
8834 -127 -10518
8835 -23 -10702
8836 165 -10646
8837 95 -10550
8838 21 -10578
8839 -91 -10750
8840 -75 -10642
8841 -55 -10686
8842 -97 -10446
8843 103 -10670
8844 199 -10650
8845 21 -10398
8846 -21 -10658
8847 75 -10686
8848 555 -10630
8849 555 -10542
8850 449 -10822
8851 515 -10770
8852 587 -10746
8853 479 -10526
8854 501 -10690
8855 583 -10382
8856 689 -10586
8857 865 -10350
8858 869 -10302
8859 1093 -10542
8860 1067 -10382
8861 1011 -10522
8862 1129 -10098
8863 1187 -10490
8864 1033 -10514
8865 1047 -10346
8866 1139 -10482
8867 1095 -10538
8868 1035 -10198
8869 1115 -10698
8870 1233 -10358
8871 1189 -10426
8872 1253 -10334
8873 1101 -10534
8874 1227 -10634
8875 1299 -10606
8876 1193 -10386
8877 1211 -10250
8878 1347 -9946
8879 1441 -10082
8880 1353 -10078
8881 1511 -10374
8882 1545 -10326
8883 1445 -10234
8884 1331 -10354
8885 1315 -10134
8886 1197 -10502
8887 1345 -10426
8888 1449 -10386
8889 1459 -10530
8890 1365 -10650
8891 1415 -10538
8892 1491 -10630
8893 1483 -10506
8894 1529 -10486
8895 1501 -10582
8896 1399 -10326
8897 1435 -10550
8898 1571 -10534
8899 1561 -10298
8900 1469 -10174
8901 1407 -10162
8902 1197 -10242
8903 1257 -10194
8904 1133 -10138
8905 1055 -10206
8906 873 -10374
8907 617 -10162
8908 713 -10398
8909 645 -10354
8910 481 -10294
8911 515 -10446
8912 357 -10174
8913 389 -10362
8914 173 -10182
8915 123 -10174
8916 319 -10218
8917 413 -9934
8918 377 -9902
8919 191 -10162
8920 293 -10390
8921 127 -10182
8922 181 -10022
8923 241 -10214
8924 93 -10106
8925 243 -10142
8926 125 -10126
8927 215 -10218
8928 133 -9866
8929 117 -9966
8930 275 -9898
8931 377 -10090
8932 277 -10226
8933 439 -10186
8934 561 -10190
8935 555 -10090
8936 559 -10386
8937 671 -10094
8938 673 -10242
8939 935 -10426
8940 817 -10310
8941 923 -10482
8942 1045 -10282
8943 1017 -10230
8944 961 -10358
8945 965 -10498
8946 1127 -10746
8947 1163 -10586
8948 1153 -10638
8949 1249 -10362
8950 823 -10638
8951 805 -10554
8952 707 -10570
8953 641 -10554
8954 907 -10546
8955 935 -10690
8956 885 -10714
8957 1187 -10922
8958 1227 -10786
8959 1269 -10638
8960 1441 -10518
8961 1441 -10654
8962 1357 -10714
8963 1421 -10694
8964 1355 -10438
8965 1241 -10510
8966 1203 -10470
8967 1301 -10454
8968 1249 -10494
8969 1361 -10514
8970 1417 -10330
8971 1407 -10518
8972 1469 -10758
8973 1495 -10802
8974 1391 -10498
8975 1327 -10322
8976 1267 -10214
8977 1223 -10258
8978 1099 -10306
8979 1139 -10542
8980 1003 -10498
8981 885 -10458
8982 1031 -10238
8983 1247 -10422
8984 1147 -10366
8985 1123 -10182
8986 1169 -10134
8987 1023 -9838
8988 693 -9886
8989 591 -10250
8990 451 -10466
8991 409 -10370
8992 275 -10498
8993 321 -10550
8994 141 -10378
8995 99 -10338
8996 -7 -10338
8997 97 -10274
8998 73 -10226
8999 -1 -10258
9000 -129 -10598
9001 -123 -10190
9002 -247 -10354
9003 -59 -10146
9004 -37 -10190
9005 -103 -9934
9006 -95 -10294
9007 -25 -10526
9008 -37 -10458
9009 -129 -10222
9010 -253 -9986
9011 -123 -10026
9012 -85 -10310
9013 -165 -10242
9014 137 -10074
9015 361 -10166
9016 315 -10026
9017 241 -10198
9018 127 -10242
9019 107 -10330
9020 -53 -10166
9021 -25 -9858
9022 47 -10170
9023 -185 -10182
9024 -475 -10006
9025 -399 -10018
9026 -325 -10026
9027 -253 -9842
9028 -125 -9814
9029 3 -9890
9030 19 -10014
9031 239 -10090
9032 411 -10150
9033 355 -10254
9034 287 -10082
9035 113 -10230
9036 -57 -10362
9037 -77 -10442
9038 -115 -10358
9039 -119 -10222
9040 -161 -10586
9041 -15 -10642
9042 -13 -10430
9043 -85 -10342
9044 -61 -10362
9045 61 -10258
9046 -43 -10510
9047 -11 -10382
9048 -15 -10186
9049 -15 -10174
9050 149 -10070
9051 219 -10462
9052 51 -10422
9053 93 -10386
9054 325 -10414
9055 255 -10430
9056 159 -10478
9057 287 -10414
9058 267 -10326
9059 125 -10270
9060 9 -10414
9061 29 -10538
9062 53 -10570
9063 -83 -10238
9064 -147 -10546
9065 -69 -10666
9066 -73 -10522
9067 -5 -10506
9068 -75 -10098
9069 -251 -10326
9070 -315 -10542
9071 -205 -10394
9072 -203 -10174
9073 -165 -10422
9074 -247 -10586
9075 -275 -10602
9076 -473 -10506
9077 -531 -10730
9078 -523 -10546
9079 -515 -10502
9080 -553 -10274
9081 -477 -10410
9082 -439 -10198
9083 -469 -10378
9084 -287 -10614
9085 -483 -10514
9086 -437 -10258
9087 -641 -10458
9088 -677 -10294
9089 -713 -10270
9090 -831 -10654
9091 -865 -10666
9092 -621 -10326
9093 -583 -10586
9094 -741 -10574
9095 -1083 -10638
9096 -1105 -10262
9097 -1079 -10282
9098 -1027 -10506
9099 -1049 -10318
9100 -945 -10286
9101 -939 -10246
9102 -799 -10342
9103 -793 -10050
9104 -621 -10162
9105 -759 -10142
9106 -773 -10082
9107 -893 -10034
9108 -799 -10210
9109 -833 -10326
9110 -893 -10310
9111 -733 -10386
9112 -721 -10338
9113 -713 -10134
9114 -579 -9858
9115 -605 -9782
9116 -661 -9950
9117 -893 -10118
9118 -843 -10010
9119 -855 -10190
9120 -681 -10206
9121 -489 -10222
9122 -515 -10342
9123 -649 -10498
9124 -687 -10538
9125 -789 -10550
9126 -761 -10446
9127 -741 -10546
9128 -803 -10190
9129 -771 -10374
9130 -559 -10230
9131 -571 -10314
9132 -477 -10222
9133 -669 -10386
9134 -681 -10378
9135 -803 -10082
9136 -709 -9842
9137 -631 -10050
9138 -453 -10134
9139 -533 -10298
9140 -495 -10306
9141 -407 -10050
9142 -707 -10322
9143 -1003 -10126
9144 -1085 -10082
9145 -1095 -10126
9146 -1203 -10326
9147 -1205 -10270
9148 -1359 -10170
9149 -1451 -10354
9150 -1371 -10294
9151 -1421 -10294
9152 -1473 -10194
9153 -1287 -10106
9154 -1319 -10194
9155 -1363 -10510
9156 -1457 -10758
9157 -1345 -10538
9158 -1289 -10358
9159 -1407 -10606
9160 -1415 -10550
9161 -1299 -10726
9162 -1377 -10466
9163 -1245 -10446
9164 -1265 -10674
9165 -1411 -10818
9166 -1485 -10798
9167 -1617 -10750
9168 -1719 -10498
9169 -1913 -10546
9170 -1853 -10410
9171 -1777 -10490
9172 -1747 -10446
9173 -1793 -10478
9174 -1643 -10618
9175 -1519 -10654
9176 -1589 -10490
9177 -1629 -10358
9178 -1665 -10410
9179 -1771 -10442
9180 -1759 -10566
9181 -1779 -10274
9182 -1785 -10190
9183 -1625 -10482
9184 -1771 -10538
9185 -1681 -10286
9186 -1533 -10278
9187 -1261 -10506
9188 -1211 -10586
9189 -1163 -10758
9190 -1227 -10630
9191 -1261 -10514
9192 -1283 -10558
9193 -1173 -10794
9194 -1251 -10634
9195 -1419 -10678
9196 -1285 -10494
9197 -1251 -10662
9198 -1077 -10562
9199 -831 -10590
9200 -927 -10642
9201 -1013 -10482
9202 -1047 -10458
9203 -953 -10546
9204 -799 -10514
9205 -619 -10310
9206 -553 -10562
9207 -439 -10598
9208 -353 -10626
9209 -761 -10530
9210 -733 -10474
9211 -669 -10194
9212 -719 -10146
9213 -795 -10346
9214 -729 -10290
9215 -809 -9922
9216 -865 -10102
9217 -779 -10354
9218 -811 -10314
9219 -789 -10414
9220 -719 -10246
9221 -425 -10134
9222 -505 -10366
9223 -391 -10370
9224 -301 -10394
9225 -203 -10378
9226 -173 -10578
9227 -91 -10470
9228 75 -10542
9229 237 -10574
9230 439 -10498
9231 353 -10642
9232 403 -10370
9233 487 -10418
9234 311 -10694
9235 265 -10782
9236 147 -10642
9237 149 -10958
9238 179 -10774
9239 277 -10730
9240 425 -10790
9241 453 -10810
9242 335 -10698
9243 255 -10502
9244 301 -10418
9245 255 -10210
9246 67 -10330
9247 65 -10302
9248 89 -10162
9249 -11 -10206
9250 -239 -9982
9251 -351 -10038
9252 -621 -9958
9253 -537 -9942
9254 -603 -10158
9255 -623 -9878
9256 -495 -10122
9257 -633 -10422
9258 -485 -10410
9259 -609 -10370
9260 -581 -10786
9261 -523 -10542
9262 -603 -10674
9263 -575 -10770
9264 -423 -10758
9265 -363 -10462
9266 -261 -10518
9267 -243 -10430
9268 -111 -10478
9269 -35 -10530
9270 -235 -10270
9271 -219 -10258
9272 -255 -10370
9273 -295 -10390
9274 -373 -10590
9275 -361 -10850
9276 -103 -10578
9277 -159 -10542
9278 -181 -10474
9279 -141 -10122
9280 -3 -10426
9281 109 -10366
9282 313 -10390
9283 273 -10426
9284 283 -10722
9285 317 -10894
9286 301 -10778
9287 383 -10378
9288 193 -10406
9289 215 -10342
9290 -107 -10542
9291 -111 -10302
9292 -137 -10538
9293 -159 -10514
9294 -123 -10918
9295 -173 -10894
9296 -335 -10694
9297 -497 -10482
9298 -479 -10018
9299 -465 -10206
9300 -259 -10422
9301 79 -10242
9302 89 -10398
9303 87 -10514
9304 161 -10534
9305 201 -10602
9306 215 -10574
9307 343 -10594
9308 485 -10230
9309 549 -10442
9310 661 -10502
9311 637 -10438
9312 637 -10386
9313 679 -10278
9314 713 -10066
9315 739 -10314
9316 787 -10074
9317 721 -10330
9318 749 -10114
9319 771 -10294
9320 821 -10482
9321 723 -10510
9322 623 -10406
9323 599 -10498
9324 731 -10278
9325 761 -10458
9326 715 -10386
9327 589 -10622
9328 641 -10666
9329 759 -10766
9330 965 -10562
9331 1041 -10154
9332 1123 -9874
9333 1089 -10022
9334 1081 -9954
9335 1083 -10102
9336 907 -9994
9337 903 -10166
9338 885 -9930
9339 887 -10062
9340 885 -10110
9341 867 -9906
9342 927 -9822
9343 1139 -10170
9344 1135 -10318
9345 1033 -10246
9346 1099 -10066
9347 999 -10206
9348 989 -10138
9349 963 -10194
9350 1119 -10358
9351 1061 -10278
9352 1077 -10206
9353 1117 -10098
9354 1009 -10218
9355 987 -10282
9356 745 -10394
9357 561 -10354
9358 539 -10338
9359 685 -10370
9360 791 -10322
9361 705 -10490
9362 821 -10594
9363 819 -10446
9364 945 -10254
9365 1099 -10550
9366 807 -10622
9367 665 -10350
9368 631 -10286
9369 639 -10246
9370 619 -10214
9371 763 -10330
9372 725 -10358
9373 761 -10258
9374 527 -10306
9375 427 -10114
9376 395 -10142
9377 501 -9838
9378 521 -9986
9379 521 -10074
9380 517 -10194
9381 563 -10170
9382 547 -10366
9383 309 -10306
9384 167 -10566
9385 95 -10534
9386 7 -10470
9387 -91 -10386
9388 -93 -10502
9389 -187 -10118
9390 -193 -10054
9391 -115 -10134
9392 -243 -10126
9393 -271 -10010
9394 -21 -10002
9395 41 -10242
9396 -103 -10406
9397 -275 -10546
9398 -285 -10750
9399 -325 -10770
9400 -281 -10730
9401 -279 -10666
9402 -247 -10630
9403 -263 -10558
9404 -99 -10562
9405 -41 -10458
9406 -171 -10654
9407 -173 -10454
9408 15 -10686
9409 -125 -10314
9410 -215 -10230
9411 -403 -10122
9412 -335 -10102
9413 -5 -10318
9414 153 -10378
9415 363 -10534
9416 413 -10474
9417 379 -10346
9418 383 -10602
9419 207 -10558
9420 243 -10034
9421 243 -10218
9422 467 -10050
9423 295 -10362
9424 261 -10514
9425 167 -10454
9426 143 -10666
9427 -1 -10666
9428 15 -10714
9429 -41 -10562
9430 179 -10526
9431 167 -10538
9432 147 -10334
9433 389 -10346
9434 319 -10454
9435 187 -10394
9436 229 -10278
9437 297 -10486
9438 45 -10514
9439 107 -10530
9440 -53 -10506
9441 -77 -10554
9442 85 -10186
9443 -27 -10178
9444 -67 -10206
9445 -161 -10114
9446 19 -10234
9447 -197 -10114
9448 -327 -10166
9449 -67 -10282
9450 55 -10150
9451 107 -10382
9452 -87 -10290
9453 9 -10070
9454 -185 -10146
9455 -497 -10158
9456 -677 -10130
9457 -387 -10062
9458 -477 -10098
9459 -455 -10310
9460 -427 -10354
9461 -325 -10250
9462 -329 -10190
9463 -657 -9882
9464 -647 -9954
9465 -545 -9838
9466 -487 -9938
9467 -461 -10002
9468 -253 -10010
9469 -317 -9882
9470 -367 -10102
9471 -291 -9930
9472 -91 -10066
9473 29 -10310
9474 259 -10490
9475 287 -10522
9476 307 -10566
9477 379 -10486
9478 271 -10494
9479 397 -10534
9480 431 -10634
9481 419 -10718
9482 345 -10738
9483 379 -10538
9484 241 -10482
9485 169 -10378
9486 -63 -10346
9487 -85 -10394
9488 -1 -10258
9489 -103 -9950
9490 115 -10118
9491 25 -10306
9492 41 -10210
9493 -277 -10410
9494 -31 -10630
9495 -165 -10746
9496 -51 -10686
9497 -129 -10698
9498 -213 -10486
9499 -233 -10430
9500 -337 -10330
9501 -117 -10526
9502 -183 -10610
9503 -311 -10498
9504 -453 -10502
9505 -499 -10286
9506 -567 -10234
9507 -645 -10538
9508 -441 -10466
9509 -141 -10130
9510 -49 -10126
9511 181 -10450
9512 163 -10530
9513 -213 -10238
9514 -349 -10206
9515 -397 -10258
9516 -531 -10154
9517 -543 -10254
9518 -513 -10486
9519 -465 -10450
9520 -417 -10366
9521 -527 -10398
9522 -683 -10386
9523 -565 -10714
9524 -507 -10438
9525 -657 -10398
9526 -441 -10362
9527 -345 -10526
9528 -433 -10586
9529 -141 -10710
9530 -135 -10742
9531 -95 -10998
9532 -159 -10954
9533 -139 -10730
9534 -105 -10982
9535 -323 -10546
9536 11 -10510
9537 -145 -10306
9538 -275 -10482
9539 -257 -10586
9540 -75 -10582
9541 -313 -10534
9542 -447 -10350
9543 -453 -10394
9544 -427 -10566
9545 -513 -10730
9546 -567 -10730
9547 -441 -10646
9548 -469 -10578
9549 -507 -10582
9550 -393 -10482
9551 -415 -10550
9552 -419 -10514
9553 -551 -10506
9554 -609 -10446
9555 -551 -10266
9556 -535 -10138
9557 -341 -10198
9558 -291 -9798
9559 -223 -10182
9560 -203 -10266
9561 -325 -10322
9562 -121 -10426
9563 -219 -10330
9564 -195 -10290
9565 -207 -10026
9566 -195 -10122
9567 -81 -10298
9568 9 -10202
9569 87 -10370
9570 -89 -10034
9571 15 -10314
9572 -69 -10002
9573 -103 -10210
9574 -217 -10106
9575 -249 -10094
9576 -165 -10114
9577 55 -10038
9578 -93 -10194
9579 -99 -10414
9580 -19 -10258
9581 -79 -10398
9582 -59 -10454
9583 -89 -10314
9584 -33 -10270
9585 27 -10322
9586 49 -10314
9587 -205 -10334
9588 -237 -10714
9589 -327 -10518
9590 -193 -10282
9591 -345 -10406
9592 -373 -10178
9593 -273 -10286
9594 -309 -10098
9595 -397 -10230
9596 -261 -9938
9597 -311 -10210
9598 -137 -10358
9599 -267 -10110
9600 -157 -9826
9601 -229 -10186
9602 -241 -10286
9603 -301 -10314
9604 -225 -10142
9605 -313 -10014
9606 -57 -10118
9607 -11 -10182
9608 -123 -9950
9609 -349 -10206
9610 -229 -10494
9611 -185 -10526
9612 -301 -10278
9613 -205 -10430
9614 -373 -10422
9615 -381 -10346
9616 -387 -10366
9617 -385 -10278
9618 -315 -9922
9619 -515 -10358
9620 -761 -10750
9621 -855 -10542
9622 -947 -10602
9623 -689 -10518
9624 -945 -10482
9625 -841 -10618
9626 -953 -10342
9627 -929 -10418
9628 -777 -10666
9629 -705 -10390
9630 -649 -10450
9631 -301 -10222
9632 -371 -10414
9633 -447 -10398
9634 -561 -10278
9635 -551 -10230
9636 -409 -10114
9637 -411 -10382
9638 -489 -10474
9639 -409 -10414
9640 -105 -10382
9641 -311 -10338
9642 -113 -10486
9643 -187 -10554
9644 -279 -10742
9645 -221 -10762
9646 -191 -10710
9647 -295 -10402
9648 -267 -10690
9649 -9 -10302
9650 -101 -10534
9651 -81 -10414
9652 5 -10486
9653 -53 -10434
9654 -7 -10394
9655 -3 -10714
9656 -61 -10290
9657 -133 -10490
9658 -71 -10490
9659 -181 -10170
9660 -299 -10354
9661 -413 -10146
9662 -529 -10398
9663 -639 -10242
9664 -509 -10254
9665 -471 -10434
9666 -473 -10654
9667 -443 -10490
9668 -475 -10410
9669 -433 -10270
9670 -237 -10202
9671 -243 -10286
9672 -131 -9994
9673 -131 -10062
9674 -47 -9970
9675 9 -10050
9676 131 -9866
9677 255 -9694
9678 395 -9950
9679 279 -9910
9680 181 -9954
9681 253 -10106
9682 483 -9978
9683 577 -10050
9684 545 -10054
9685 609 -10254
9686 533 -10450
9687 627 -10466
9688 717 -10446
9689 789 -10358
9690 843 -10090
9691 807 -10550
9692 987 -10438
9693 1001 -10458
9694 1059 -10598
9695 993 -10358
9696 713 -10210
9697 823 -10374
9698 691 -10074
9699 741 -10178
9700 685 -10190
9701 619 -10218
9702 563 -10018
9703 693 -10206
9704 749 -10270
9705 801 -10134
9706 619 -10362
9707 431 -10042
9708 421 -10030
9709 455 -10114
9710 595 -10426
9711 347 -10482
9712 409 -10362
9713 269 -10242
9714 289 -10154
9715 95 -10490
9716 -145 -10454
9717 -113 -10482
9718 -203 -10214
9719 -207 -10526
9720 -185 -10494
9721 -199 -10566
9722 -215 -10486
9723 -141 -10394
9724 -217 -10170
9725 -223 -10150
9726 -179 -10210
9727 -57 -10618
9728 53 -10122
9729 -5 -10282
9730 85 -10302
9731 -119 -10386
9732 -87 -10386
9733 -183 -10750
9734 -295 -10578
9735 -349 -10614
9736 -365 -10670
9737 -531 -10338
9738 -451 -10554
9739 -479 -10318
9740 -429 -10302
9741 -297 -10298
9742 -289 -10490
9743 -213 -10430
9744 -289 -10550
9745 -287 -10234
9746 -57 -10290
9747 119 -9878
9748 15 -10298
9749 -23 -10394
9750 -13 -10622
9751 1 -10694
9752 289 -10682
9753 71 -10646
9754 57 -10662
9755 93 -10734
9756 189 -10390
9757 105 -10466
9758 191 -10242
9759 -75 -10478
9760 81 -10506
9761 89 -10642
9762 183 -10738
9763 163 -10558
9764 315 -10386
9765 311 -10662
9766 273 -10726
9767 303 -10466
9768 231 -10406
9769 173 -10286
9770 197 -10070
9771 113 -10226
9772 273 -10526
9773 165 -10202
9774 225 -10446
9775 341 -10254
9776 357 -10094
9777 237 -10294
9778 367 -10494
9779 283 -10602
9780 423 -10578
9781 269 -10282
9782 349 -10170
9783 189 -10282
9784 297 -9986
9785 385 -10246
9786 423 -10006
9787 387 -10206
9788 335 -10310
9789 407 -9830
9790 293 -10050
9791 339 -9966
9792 295 -10226
9793 217 -10238
9794 177 -10378
9795 461 -10082
9796 217 -10470
9797 249 -10266
9798 137 -10502
9799 207 -10206
9800 15 -9962
9801 35 -10098
9802 191 -10114
9803 393 -10462
9804 467 -10486
9805 381 -10526
9806 325 -10582
9807 239 -10474
9808 261 -10570
9809 91 -10714
9810 1 -10926
9811 -57 -10598
9812 -183 -10794
9813 -219 -10518
9814 -351 -10462
9815 -279 -10350
9816 -163 -10230
9817 -93 -9970
9818 -213 -9922
9819 -437 -9942
9820 -431 -10138
9821 -285 -10178
9822 -303 -10334
9823 -263 -10182
9824 -251 -10730
9825 -461 -10474
9826 -443 -10330
9827 -407 -9882
9828 -463 -10150
9829 -501 -10274
9830 -529 -10142
9831 -411 -10318
9832 -403 -10442
9833 -247 -10266
9834 -137 -10306
9835 -279 -10354
9836 -299 -10222
9837 -367 -10270
9838 -323 -10202
9839 -325 -10058
9840 -307 -10110
9841 -513 -10486
9842 -557 -10082
9843 -527 -10178
9844 -633 -10122
9845 -479 -10470
9846 -517 -10550
9847 -391 -10794
9848 -431 -10722
9849 -497 -10654
9850 -419 -10658
9851 -419 -10470
9852 -311 -10582
9853 -443 -10458
9854 -519 -10222
9855 -469 -10190
9856 -595 -10314
9857 -877 -10366
9858 -755 -10098
9859 -799 -9918
9860 -625 -9934
9861 -621 -10202
9862 -627 -10166
9863 -717 -10246
9864 -681 -10334
9865 -781 -10082
9866 -653 -10022
9867 -575 -10094
9868 -575 -9902
9869 -803 -10098
9870 -807 -10710
9871 -873 -10110
9872 -849 -10394
9873 -1001 -10042
9874 -1145 -10078
9875 -1077 -10162
9876 -1325 -10042
9877 -1261 -10402
9878 -1193 -10286
9879 -973 -10282
9880 -633 -10390
9881 -585 -10382
9882 -583 -10662
9883 -471 -10606
9884 -455 -10474
9885 -367 -10170
9886 -217 -10202
9887 -225 -10294
9888 -181 -10362
9889 -119 -10070
9890 -359 -10094
9891 -365 -10098
9892 -335 -10050
9893 -303 -9826
9894 -307 -10266
9895 -251 -10074
9896 -229 -9958
9897 -73 -9942
9898 -77 -10190
9899 159 -10286
9900 281 -10490
9901 339 -10358
9902 485 -10258
9903 263 -10202
9904 169 -10354
9905 273 -10334
9906 257 -10254
9907 425 -10250
9908 581 -10602
9909 581 -10466
9910 439 -10310
9911 389 -10258
9912 469 -10282
9913 343 -10018
9914 519 -10010
9915 559 -10006
9916 659 -10194
9917 563 -10462
9918 479 -10410
9919 455 -10130
9920 581 -10282
9921 519 -10250
9922 403 -10242
9923 479 -10314
9924 611 -10418
9925 655 -10822
9926 729 -10606
9927 827 -10382
9928 857 -10598
9929 959 -10614
9930 919 -10686
9931 871 -10626
9932 1035 -10710
9933 811 -10626
9934 527 -10586
9935 529 -10686
9936 627 -10614
9937 493 -10594
9938 479 -10362
9939 447 -10494
9940 717 -10398
9941 621 -10290
9942 789 -10254
9943 661 -10386
9944 481 -10134
9945 623 -9954
9946 431 -10270
9947 365 -10350
9948 241 -10502
9949 67 -10314
9950 -3 -10270
9951 129 -10334
9952 335 -10522
9953 433 -10354
9954 591 -10314
9955 411 -10338
9956 269 -10274
9957 203 -10378
9958 401 -10154
9959 439 -10242
9960 543 -10446
9961 349 -10410
9962 423 -10594
9963 405 -10226
9964 381 -10270
9965 353 -10374
9966 437 -10510
9967 631 -10742
9968 407 -10514
9969 231 -10298
9970 291 -10382
9971 307 -10446
9972 435 -10426
9973 497 -10466
9974 625 -10534
9975 671 -10494
9976 669 -10702
9977 473 -10526
9978 529 -10510
9979 719 -10498
9980 545 -10562
9981 401 -10810
9982 447 -10678
9983 563 -10578
9984 657 -10378
9985 607 -10618
9986 577 -10426
9987 705 -10314
9988 533 -10374
9989 559 -10354
9990 535 -10490
9991 405 -10570
9992 707 -10470
9993 957 -10662
9994 849 -10506
9995 681 -10358
9996 473 -10362
9997 435 -10290
9998 569 -10490
9999 623 -10602
