0 -67 -5582
1 -21 -7486
2 115 -8410
3 147 -9006
4 389 -9174
5 497 -9430
6 471 -9638
7 99 -9546
8 211 -9790
9 131 -9894
10 97 -9978
11 27 -9994
12 -13 -9854
13 -97 -10030
14 -179 -10082
15 -261 -9942
16 -391 -9946
17 -435 -10034
18 -521 -10186
19 -411 -10042
20 -243 -9970
21 -239 -10106
22 -413 -10266
23 -453 -10114
24 -495 -10314
25 -429 -10362
26 -163 -10270
27 -57 -10290
28 -171 -10050
29 -137 -10098
30 -313 -10170
31 -199 -9998
32 -183 -9970
33 -227 -10210
34 19 -10262
35 199 -10226
36 53 -9814
37 -175 -9826
38 -193 -9914
39 -297 -9938
40 -129 -9882
41 -373 -9894
42 -169 -9774
43 -105 -9754
44 -137 -9794
45 -43 -9786
46 139 -9798
47 81 -9714
48 33 -9718
49 11 -9758
50 123 -9982
51 87 -9982
52 177 -9770
53 373 -9570
54 431 -9666
55 559 -9442
56 233 -9590
57 271 -9682
58 393 -9618
59 243 -9770
60 299 -9986
61 327 -9946
62 365 -9814
63 391 -10006
64 407 -9862
65 361 -9774
66 531 -9894
67 573 -9890
68 483 -10014
69 797 -9726
70 687 -9674
71 661 -9826
72 547 -9922
73 637 -9990
74 695 -9926
75 749 -10066
76 789 -9922
77 625 -9906
78 611 -9862
79 945 -9942
80 1073 -9742
81 1177 -9898
82 1033 -9714
83 889 -9714
84 1037 -9766
85 955 -9930
86 923 -9910
87 843 -9738
88 939 -9686
89 873 -10170
90 765 -10026
91 931 -10114
92 913 -10266
93 891 -10258
94 809 -10126
95 823 -9910
96 877 -9798
97 873 -9854
98 895 -9958
99 641 -9558
100 635 -9806
101 605 -9654
102 519 -9454
103 667 -9726
104 731 -10030
105 673 -10090
106 597 -10034
107 647 -9722
108 723 -9742
109 673 -9922
110 451 -9754
111 501 -9866
112 507 -9954
113 529 -9694
114 391 -9830
115 257 -10238
116 439 -10130
117 429 -10334
118 603 -10206
119 537 -10018
120 685 -9906
121 709 -10098
122 647 -10170
123 805 -10162
124 823 -10302
125 785 -10182
126 1011 -9930
127 1031 -9922
128 1013 -10050
129 1265 -10190
130 1339 -10166
131 1141 -9934
132 1237 -9874
133 1103 -9902
134 1053 -10194
135 1061 -9902
136 1003 -10054
137 1093 -9798
138 1197 -9762
139 1189 -9866
140 1223 -10014
141 1027 -10286
142 1147 -10218
143 1205 -9974
144 1239 -9918
145 1379 -9902
146 1459 -10366
147 1559 -10282
148 1611 -10098
149 1535 -10042
150 1623 -10162
151 1645 -10182
152 1729 -10154
153 1537 -9674
154 1575 -9718
155 1529 -9646
156 1711 -9690
157 1635 -9866
158 1741 -9966
159 1675 -10114
160 1487 -10026
161 1303 -9806
162 1065 -9938
163 885 -9946
164 1039 -9974
165 1053 -9958
166 1249 -9866
167 1203 -9762
168 921 -10150
169 1119 -9954
170 1175 -9926
171 1217 -9950
172 1291 -9842
173 1141 -10122
174 1267 -10002
175 1375 -10022
176 1369 -9890
177 1333 -9930
178 1209 -10054
179 1325 -10106
180 1169 -10142
181 1175 -10202
182 1235 -10274
183 1329 -10222
184 1047 -10210
185 977 -9942
186 941 -9818
187 925 -9922
188 659 -10002
189 639 -10046
190 713 -10026
191 533 -9938
192 567 -9954
193 509 -10174
194 513 -10130
195 413 -10098
196 403 -9930
197 463 -9950
198 521 -9918
199 595 -9862
200 647 -10146
201 659 -9778
202 409 -9990
203 313 -10114
204 327 -10098
205 391 -10090
206 535 -10202
207 421 -10046
208 229 -10326
209 145 -10290
210 57 -9990
211 295 -9906
212 83 -10074
213 249 -10346
214 177 -10146
215 91 -10222
216 253 -9934
217 127 -10214
218 45 -10006
219 107 -9858
220 291 -9902
221 101 -9878
222 -7 -9950
223 19 -9954
224 13 -9938
225 -213 -9874
226 -255 -9830
227 -369 -9822
228 -309 -9754
229 -341 -9922
230 -405 -10042
231 -665 -9998
232 -801 -9634
233 -747 -10170
234 -807 -9974
235 -847 -9986
236 -873 -9974
237 -589 -10134
238 -625 -9802
239 -971 -9862
240 -953 -9870
241 -969 -9914
242 -721 -10058
243 -701 -9922
244 -627 -9870
245 -605 -9702
246 -625 -9814
247 -651 -10054
248 -537 -10086
249 -593 -10062
250 -703 -10286
251 -833 -10190
252 -857 -10218
253 -953 -10014
254 -837 -9882
255 -945 -9958
256 -1005 -10026
257 -983 -10070
258 -793 -9774
259 -669 -9642
260 -645 -9798
261 -607 -9862
262 -665 -9710
263 -809 -9874
264 -699 -9822
265 -689 -9742
266 -821 -9874
267 -917 -9894
268 -765 -9642
269 -599 -9770
270 -575 -9722
271 -485 -9730
272 -519 -9830
273 -681 -10138
274 -377 -10078
275 -281 -10234
276 -293 -10054
277 -481 -10066
278 -389 -9654
279 -619 -9934
280 -705 -9818
281 -725 -9602
282 -527 -9766
283 -509 -10006
284 -513 -10182
285 -549 -10082
286 -579 -10198
287 -615 -9998
288 -377 -10022
289 -265 -10190
290 -27 -9790
291 -159 -10198
292 -259 -10102
293 -119 -10306
294 -175 -10158
295 -39 -10178
296 -187 -10030
297 -231 -10194
298 -353 -10186
299 -489 -10162
300 -571 -10034
301 -617 -10110
302 -671 -10170
303 -517 -10274
304 -439 -10298
305 -399 -10322
306 -445 -10266
307 -371 -10242
308 -441 -10494
309 -429 -10274
310 -149 -10202
311 -99 -10030
312 89 -9914
313 79 -10046
314 155 -9814
315 325 -10142
316 183 -10102
317 149 -9770
318 -85 -9730
319 91 -9838
320 23 -9890
321 7 -9758
322 57 -9906
323 35 -9798
324 129 -9846
325 119 -9682
326 87 -9586
327 245 -9662
328 255 -9802
329 235 -9834
330 101 -9978
331 -79 -9798
332 -89 -9926
333 145 -9670
334 -15 -9870
335 -113 -9834
336 -141 -9966
337 -329 -10030
338 -581 -10230
339 -739 -10290
340 -613 -10630
341 -665 -10298
342 -737 -10174
343 -503 -10170
344 -411 -9946
345 -303 -9978
346 -335 -10086
347 -237 -10486
348 -179 -10202
349 -83 -10198
350 77 -10162
351 -65 -10174
352 -41 -10122
353 -113 -10302
354 -211 -10022
355 -395 -9890
356 -439 -10222
357 -329 -10330
358 -441 -10322
359 -549 -10082
360 -679 -9838
361 -767 -9818
362 -1023 -9918
363 -845 -9942
364 -841 -9782
365 -803 -10210
366 -665 -9954
367 -639 -10194
368 -415 -10378
369 -401 -9830
370 -341 -10046
371 -467 -9814
372 -353 -9806
373 -345 -10286
374 -303 -10242
375 -289 -10282
376 -389 -10274
377 -363 -10366
378 -239 -10310
379 -179 -10526
380 -75 -10042
381 5 -10054
382 -201 -9822
383 -251 -9554
384 -233 -9818
385 -377 -9698
386 -281 -9778
387 -311 -9714
388 -421 -9818
389 -323 -9834
390 -387 -9958
391 -461 -9650
392 -547 -9614
393 -293 -9854
394 -381 -10222
395 -381 -9994
396 -361 -9890
397 -381 -9658
398 -393 -9666
399 -393 -9850
400 -229 -9898
401 -117 -9890
402 -365 -9970
403 -379 -9998
404 -155 -10094
405 49 -10222
406 215 -10102
407 79 -9946
408 103 -10074
409 91 -9954
410 147 -10062
411 117 -10158
412 31 -10126
413 163 -9798
414 265 -9706
415 307 -9906
416 297 -9754
417 61 -9638
418 101 -9594
419 123 -9670
420 31 -9686
421 49 -9654
422 -3 -9606
423 73 -9670
424 43 -9730
425 37 -9714
426 145 -10054
427 175 -10110
428 -65 -9978
429 65 -9886
430 197 -10222
431 277 -10254
432 361 -10194
433 441 -10398
434 423 -10422
435 563 -10066
436 375 -10058
437 315 -10170
438 369 -10262
439 189 -10390
440 127 -10386
441 145 -10146
442 121 -10198
443 15 -10058
444 -53 -10186
445 -23 -10338
446 13 -9914
447 115 -9922
448 -37 -9762
449 23 -9826
450 263 -9894
451 223 -10090
452 89 -9874
453 141 -10054
454 227 -10122
455 37 -9894
456 91 -9986
457 377 -10226
458 595 -10170
459 499 -9946
460 435 -9902
461 273 -9954
462 243 -10046
463 197 -9898
464 267 -9826
465 319 -9634
466 329 -9654
467 353 -9646
468 333 -9414
469 501 -9742
470 391 -9674
471 441 -9650
472 495 -9946
473 495 -9686
474 313 -10002
475 287 -9838
476 107 -9710
477 125 -9698
478 197 -9954
479 241 -9682
480 181 -9722
481 57 -9878
482 -111 -9770
483 -37 -9990
484 -163 -9834
485 -27 -9766
486 -297 -9630
487 -207 -9550
488 -171 -9726
489 -59 -10014
490 -239 -10006
491 -265 -9714
492 -277 -9870
493 -261 -9734
494 -121 -9602
495 -65 -9734
496 17 -9502
497 37 -9854
498 -87 -9790
499 -275 -10078
500 -307 -9890
501 -349 -10218
502 -555 -10190
503 -345 -10006
504 -313 -10062
505 -405 -10214
506 -403 -10042
507 -293 -10154
508 -285 -10178
509 -343 -10006
510 -355 -10002
511 -377 -9902
512 -457 -10002
513 -271 -9874
514 -309 -9714
515 -371 -10062
516 -393 -10126
517 -293 -10182
518 -363 -10090
519 -361 -9862
520 -421 -9870
521 -315 -10070
522 -303 -9826
523 -307 -9526
524 -73 -9770
525 -103 -9946
526 -205 -9802
527 -321 -9938
528 -347 -10042
529 -681 -10106
530 -693 -10230
531 -585 -10090
532 -463 -9918
533 -533 -9974
534 -707 -9862
535 -731 -9934
536 -863 -9778
537 -835 -9922
538 -723 -9818
539 -723 -9978
540 -687 -10206
541 -647 -10366
542 -735 -10542
543 -777 -10286
544 -637 -10074
545 -513 -9926
546 -457 -10106
547 -657 -10142
548 -481 -10150
549 -95 -9898
550 201 -9910
551 181 -10090
552 175 -9718
553 -15 -9606
554 195 -9646
555 177 -9758
556 105 -9926
557 41 -9934
558 137 -9750
559 -61 -9730
560 127 -9794
561 217 -9894
562 289 -9718
563 227 -9910
564 443 -9686
565 437 -9558
566 567 -9722
567 681 -9718
568 613 -9710
569 777 -9666
570 447 -9914
571 471 -10258
572 491 -9986
573 341 -9722
574 427 -9818
575 441 -10050
576 529 -10370
577 513 -10134
578 629 -10262
579 675 -10038
580 711 -9906
581 583 -10030
582 777 -9858
583 603 -9962
584 627 -10170
585 769 -9926
586 809 -10058
587 743 -9902
588 801 -9798
589 637 -9862
590 797 -9826
591 701 -9518
592 701 -9606
593 605 -9630
594 417 -9462
595 379 -9782
596 463 -9662
597 463 -9834
598 449 -9922
599 501 -9982
600 285 -9890
601 449 -10030
602 375 -10190
603 425 -9998
604 495 -10202
605 503 -9678
606 701 -9710
607 535 -9878
608 535 -9706
609 515 -9606
610 629 -9754
611 551 -9922
612 569 -9754
613 553 -9982
614 505 -10022
615 443 -9814
616 547 -9934
617 413 -10030
618 371 -9970
619 431 -9902
620 585 -10070
621 625 -9902
622 555 -9842
623 545 -9962
624 505 -9754
625 437 -9870
626 681 -9858
627 419 -10002
628 495 -9570
629 537 -9546
630 531 -9786
631 517 -9934
632 533 -9914
633 541 -9722
634 773 -9890
635 813 -9542
636 895 -9974
637 913 -9906
638 989 -9846
639 867 -9706
640 699 -9590
641 725 -10014
642 623 -10082
643 703 -10034
644 703 -10218
645 783 -9986
646 707 -10054
647 735 -10066
648 785 -9850
649 725 -10038
650 753 -9874
651 921 -9862
652 901 -9986
653 821 -10250
654 999 -10282
655 1093 -10246
656 965 -9974
657 1077 -10050
658 947 -10090
659 899 -10162
660 1139 -10034
661 1257 -9794
662 1043 -9862
663 1075 -9962
664 995 -10030
665 1033 -9990
666 1081 -10094
667 1003 -10198
668 1205 -10022
669 1127 -10206
670 1119 -10058
671 1103 -10114
672 1063 -10166
673 1117 -10086
674 1143 -9978
675 879 -10186
676 863 -10002
677 763 -10074
678 695 -9982
679 549 -9966
680 567 -10162
681 421 -10170
682 475 -10102
683 383 -10262
684 435 -10142
685 457 -10066
686 301 -10158
687 359 -10162
688 381 -10354
689 479 -10202
690 669 -10210
691 637 -10314
692 747 -10278
693 767 -9950
694 795 -9806
695 979 -9802
696 841 -9822
697 1007 -9654
698 749 -9946
699 769 -10018
700 865 -10170
701 903 -9950
702 785 -9950
703 753 -10010
704 707 -9954
705 765 -9826
706 673 -9734
707 567 -9826
708 319 -9594
709 321 -9622
710 281 -9782
711 303 -9678
712 463 -9802
713 395 -9734
714 351 -9634
715 221 -9950
716 157 -10014
717 201 -9982
718 183 -9882
719 61 -9882
720 93 -9826
721 -105 -9638
722 -197 -9742
723 -231 -9522
724 -207 -9446
725 -313 -9446
726 -275 -9666
727 -339 -9722
728 -319 -9498
729 -395 -9658
730 -371 -9994
731 -277 -9870
732 -91 -10158
733 -233 -9782
734 -421 -9682
735 -447 -9766
736 -453 -9718
737 -531 -9838
738 -577 -9658
739 -571 -10162
740 -463 -10042
741 -435 -10190
742 -363 -10078
743 -523 -9838
744 -373 -9694
745 -471 -9578
746 -683 -9758
747 -767 -9930
748 -879 -9774
749 -933 -9722
750 -941 -9922
751 -905 -9734
752 -939 -9878
753 -1079 -10066
754 -1111 -9934
755 -1197 -9754
756 -1037 -9874
757 -977 -10022
758 -961 -9914
759 -999 -9954
760 -975 -10182
761 -1027 -10270
762 -963 -9990
763 -1271 -10038
764 -1067 -10082
765 -1109 -10134
766 -1083 -10002
767 -929 -9810
768 -753 -9790
769 -473 -9790
770 -459 -9554
771 -379 -9758
772 -461 -9486
773 -575 -9526
774 -507 -9678
775 -447 -9722
776 -643 -9710
777 -625 -9598
778 -321 -9678
779 -437 -9942
780 -343 -9770
781 -255 -10002
782 -343 -10138
783 -207 -9958
784 -35 -9954
785 -51 -10054
786 -219 -9862
787 -171 -10166
788 -331 -9886
789 -295 -9962
790 -371 -10018
791 -335 -9790
792 -497 -10018
793 -453 -10130
794 -601 -9858
795 -429 -9958
796 -397 -10022
797 -423 -9734
798 -575 -9646
799 -457 -9614
800 -515 -9438
801 -419 -9566
802 -259 -9686
803 -369 -9878
804 -209 -9794
805 -187 -9994
806 -199 -9826
807 -375 -9870
808 -383 -10066
809 -345 -9950
810 -163 -9970
811 15 -9646
812 -17 -9802
813 -21 -9846
814 53 -10054
815 -227 -10074
816 -193 -9846
817 -255 -10122
818 -517 -10238
819 -341 -10154
820 -327 -10202
821 -135 -10154
822 -165 -9978
823 -189 -10182
824 -149 -9802
825 -229 -10034
826 -309 -9962
827 -197 -9910
828 -267 -9930
829 -235 -9718
830 -281 -9890
831 -69 -10198
832 -75 -10106
833 -3 -9850
834 -159 -9766
835 -339 -10102
836 -509 -10246
837 -367 -10274
838 -403 -10302
839 -319 -10262
840 -211 -10282
841 -281 -10450
842 -329 -10226
843 -255 -10190
844 -141 -10074
845 -235 -10122
846 -123 -9918
847 -39 -10038
848 -51 -10058
849 -31 -10070
850 -53 -9890
851 -253 -9746
852 -221 -9826
853 -191 -9982
854 -409 -9746
855 -347 -10154
856 -347 -10054
857 -399 -10130
858 -489 -10194
859 -473 -10102
860 -393 -9894
861 -339 -9830
862 -309 -9930
863 -285 -9990
864 -289 -9874
865 -393 -9846
866 -349 -10114
867 -333 -10358
868 27 -9890
869 127 -10290
870 207 -10238
871 189 -10198
872 249 -10070
873 155 -10066
874 55 -10310
875 167 -10370
876 225 -10398
877 143 -10158
878 347 -10238
879 345 -10162
880 203 -9682
881 105 -9958
882 -11 -9790
883 -63 -9850
884 -55 -9862
885 -167 -9866
886 -263 -9922
887 -171 -9962
888 -51 -9906
889 73 -9510
890 177 -9562
891 233 -9926
892 433 -9634
893 457 -10014
894 537 -10058
895 455 -10058
896 247 -9862
897 367 -9918
898 271 -10106
899 377 -10110
900 413 -10110
901 481 -10186
902 237 -9682
903 83 -9514
904 3 -9862
905 131 -9754
906 125 -9734
907 151 -9906
908 151 -9742
909 19 -9890
910 19 -9946
911 103 -10046
912 19 -9846
913 -107 -9790
914 -97 -9950
915 -57 -9818
916 283 -10090
917 355 -9838
918 335 -9930
919 425 -9850
920 423 -9834
921 429 -9886
922 389 -9666
923 433 -9966
924 515 -10022
925 565 -10138
926 429 -10050
927 453 -9934
928 431 -9810
929 301 -9838
930 215 -9902
931 -103 -9830
932 -55 -9882
933 -363 -9626
934 -389 -9862
935 -477 -9726
936 -185 -9794
937 127 -10038
938 217 -9986
939 109 -9946
940 179 -9998
941 353 -9786
942 199 -9738
943 7 -9834
944 -77 -9790
945 -191 -9850
946 -341 -9954
947 -341 -9978
948 -273 -9914
949 -331 -9886
950 -59 -9934
951 -11 -9838
952 -37 -9902
953 11 -9654
954 -97 -9790
955 19 -9702
956 201 -10054
957 407 -10018
958 403 -10150
959 539 -10418
960 499 -10162
961 441 -9982
962 689 -10018
963 779 -10174
964 769 -10422
965 805 -9918
966 855 -9806
967 871 -10094
968 973 -9870
969 1097 -9934
970 967 -9662
971 847 -9674
972 707 -9710
973 775 -9878
974 731 -9950
975 787 -9922
976 637 -10114
977 531 -9954
978 555 -9810
979 575 -9882
980 445 -9962
981 423 -10126
982 291 -10322
983 343 -10110
984 209 -9826
985 225 -9874
986 171 -10154
987 -7 -10078
988 227 -10094
989 -179 -10122
990 33 -9902
991 61 -10122
992 51 -9966
993 237 -10026
994 193 -10014
995 399 -10078
996 449 -10174
997 467 -10322
998 251 -10014
999 199 -9922
1000 195 -9770
1001 -27 -9658
1002 133 -9966
1003 261 -9998
1004 201 -10234
1005 305 -10214
1006 323 -10178
1007 347 -10206
1008 503 -10158
1009 617 -10030
1010 601 -10054
1011 633 -10054
1012 565 -10270
1013 339 -10022
1014 313 -10138
1015 385 -10238
1016 183 -10086
1017 243 -10206
1018 47 -10158
1019 -23 -10026
1020 121 -10282
1021 -25 -9874
1022 55 -9790
1023 -55 -9822
1024 199 -9842
1025 -73 -9854
1026 -19 -9686
1027 -231 -9742
1028 -397 -9610
1029 -259 -9742
1030 -549 -10082
1031 -469 -9826
1032 -539 -9802
1033 -545 -9450
1034 -351 -9694
1035 -457 -9818
1036 -589 -9578
1037 -695 -10074
1038 -755 -9754
1039 -819 -9614
1040 -893 -9634
1041 -743 -9798
1042 -707 -9838
1043 -587 -9910
1044 -611 -9938
1045 -549 -9958
1046 -533 -9582
1047 -657 -9774
1048 -475 -9702
1049 -415 -9878
1050 -419 -9822
1051 -335 -9794
1052 -389 -9910
1053 -411 -10182
1054 -401 -10210
1055 -263 -10350
1056 -421 -10214
1057 -309 -10406
1058 -417 -10334
1059 -391 -10222
1060 -453 -10090
1061 -439 -9954
1062 -315 -10278
1063 -243 -10186
1064 -355 -10362
1065 -221 -10430
1066 -97 -10426
1067 75 -10142
1068 51 -10082
1069 -1 -10082
1070 -17 -10010
1071 89 -9654
1072 41 -9826
1073 19 -9766
1074 -63 -9982
1075 -117 -10106
1076 -225 -10246
1077 -85 -10254
1078 -119 -10270
1079 -11 -10522
1080 77 -10246
1081 23 -10470
1082 45 -10390
1083 139 -10122
1084 17 -10102
1085 379 -9930
1086 243 -9658
1087 243 -9782
1088 69 -9718
1089 -45 -9954
1090 95 -10010
1091 15 -9962
1092 75 -10046
1093 107 -10206
1094 143 -10110
1095 -7 -10178
1096 165 -10070
1097 -71 -10086
1098 171 -9946
1099 311 -9914
1100 307 -10038
1101 499 -10262
1102 375 -10286
1103 309 -9866
1104 221 -9902
1105 33 -10374
1106 5 -9886
1107 -15 -9894
1108 -85 -9982
1109 -113 -10166
1110 -9 -9842
1111 -5 -10046
1112 -243 -9774
1113 -177 -9674
1114 -171 -9826
1115 -99 -9990
1116 11 -10218
1117 -189 -10166
1118 -175 -9986
1119 -311 -9850
1120 -641 -9910
1121 -865 -10090
1122 -639 -9998
1123 -671 -10030
1124 -561 -10358
1125 -543 -10058
1126 -147 -9958
1127 -173 -9994
1128 -139 -10254
1129 -277 -10078
1130 -211 -10210
1131 -333 -10410
1132 -351 -10234
1133 -285 -9842
1134 -343 -10058
1135 -305 -10214
1136 -417 -10138
1137 -443 -10238
1138 -431 -10094
1139 -491 -10290
1140 -405 -10314
1141 -475 -10150
1142 -521 -10134
1143 -697 -10310
1144 -781 -10590
1145 -823 -10346
1146 -757 -10538
1147 -705 -10562
1148 -679 -10306
1149 -685 -10074
1150 -545 -10194
1151 -623 -10178
1152 -475 -9962
1153 -417 -10006
1154 -635 -10126
1155 -399 -10002
1156 -311 -9966
1157 -391 -9990
1158 -343 -9858
1159 -113 -10050
1160 -133 -10186
1161 -77 -9918
1162 -287 -10194
1163 -303 -10078
1164 -417 -9830
1165 -385 -9430
1166 -347 -9470
1167 -259 -9682
1168 -151 -9770
1169 -181 -9926
1170 -195 -10054
1171 -189 -9890
1172 -163 -9798
1173 -415 -9866
1174 -351 -9534
1175 -371 -9390
1176 -197 -9534
1177 -167 -9782
1178 -37 -10042
1179 -159 -9886
1180 -123 -9758
1181 -49 -9918
1182 97 -10142
1183 199 -10242
1184 397 -10150
1185 523 -10330
1186 527 -10142
1187 549 -10198
1188 415 -10034
1189 395 -10030
1190 255 -10130
1191 267 -9922
1192 181 -9922
1193 251 -9918
1194 359 -9994
1195 227 -10022
1196 45 -10002
1197 93 -9930
1198 -21 -9930
1199 -87 -10098
1200 39 -9962
1201 41 -9702
1202 87 -9586
1203 33 -9690
1204 31 -9786
1205 -13 -9922
1206 243 -9718
1207 385 -9766
1208 465 -9614
1209 379 -9682
1210 105 -9938
1211 237 -9926
1212 239 -9822
1213 131 -9878
1214 449 -9746
1215 541 -9958
1216 621 -9794
1217 669 -9726
1218 651 -9794
1219 757 -9802
1220 777 -9762
1221 897 -9690
1222 705 -9622
1223 637 -9894
1224 707 -9830
1225 693 -9982
1226 647 -9626
1227 589 -10062
1228 631 -10214
1229 763 -10402
1230 625 -10326
1231 497 -10046
1232 423 -9974
1233 527 -10002
1234 827 -10110
1235 773 -10138
1236 801 -10114
1237 667 -9970
1238 843 -10102
1239 873 -10030
1240 867 -9906
1241 621 -9682
1242 649 -9734
1243 505 -9546
1244 499 -9594
1245 385 -9814
1246 213 -9846
1247 485 -10162
1248 461 -10038
1249 529 -10038
1250 289 -10086
1251 197 -9982
1252 -11 -10130
1253 215 -10278
1254 521 -10010
1255 525 -10162
1256 521 -9910
1257 607 -9922
1258 657 -10282
1259 667 -9970
1260 501 -10062
1261 291 -10050
1262 415 -10186
1263 443 -10050
1264 465 -10014
1265 249 -10030
1266 57 -10074
1267 1 -10178
1268 271 -10162
1269 263 -10262
1270 335 -10078
1271 139 -9726
1272 197 -10142
1273 105 -9754
1274 131 -9782
1275 145 -10026
1276 139 -10062
1277 171 -10246
1278 67 -10170
1279 171 -10226
1280 489 -10282
1281 421 -10302
1282 473 -10082
1283 353 -10254
1284 235 -10386
1285 171 -10190
1286 13 -10254
1287 -19 -10290
1288 -67 -10058
1289 -51 -10094
1290 67 -9998
1291 373 -9918
1292 317 -9750
1293 233 -9742
1294 189 -9942
1295 247 -9606
1296 377 -9778
1297 269 -9902
1298 411 -10218
1299 439 -9962
1300 481 -9862
1301 559 -9618
1302 319 -9734
1303 265 -9722
1304 381 -9858
1305 637 -9754
1306 677 -9774
1307 645 -9626
1308 607 -9610
1309 361 -9738
1310 691 -9678
1311 599 -9478
1312 547 -9638
1313 531 -9626
1314 373 -9650
1315 189 -9874
1316 167 -10214
1317 203 -9810
1318 273 -9878
1319 287 -9790
1320 283 -9894
1321 189 -9818
1322 375 -10170
1323 423 -10054
1324 579 -9878
1325 351 -9862
1326 607 -9806
1327 739 -10106
1328 855 -10238
1329 573 -9686
1330 615 -9866
1331 747 -9678
1332 997 -9890
1333 1167 -10046
1334 1091 -10098
1335 1185 -10194
1336 1201 -9862
1337 1183 -9774
1338 1203 -9974
1339 1047 -10026
1340 999 -10110
1341 833 -10126
1342 931 -9922
1343 941 -10106
1344 643 -10030
1345 685 -9798
1346 757 -9726
1347 721 -9722
1348 977 -9578
1349 737 -9526
1350 557 -9770
1351 827 -9846
1352 831 -9898
1353 877 -9766
1354 655 -9966
1355 527 -9886
1356 529 -9822
1357 497 -9854
1358 325 -9790
1359 365 -9958
1360 435 -9942
1361 467 -10082
1362 599 -10218
1363 597 -10130
1364 591 -10314
1365 553 -10130
1366 637 -10262
1367 485 -10302
1368 655 -10354
1369 627 -10238
1370 615 -10022
1371 599 -10038
1372 749 -10338
1373 755 -10210
1374 915 -10230
1375 887 -10282
1376 761 -10050
1377 823 -9994
1378 787 -9874
1379 657 -10186
1380 491 -9914
1381 577 -9730
1382 727 -9942
1383 815 -10026
1384 753 -10022
1385 587 -10194
1386 767 -10182
1387 993 -10138
1388 1083 -10366
1389 931 -10206
1390 899 -10182
1391 765 -10158
1392 653 -9938
1393 553 -10154
1394 681 -9910
1395 689 -9906
1396 663 -10082
1397 577 -10370
1398 529 -10114
1399 399 -9802
1400 563 -10126
1401 767 -10162
1402 629 -10086
1403 837 -10114
1404 755 -9938
1405 569 -9986
1406 501 -9946
1407 471 -10134
1408 413 -10070
1409 461 -10226
1410 441 -9942
1411 495 -10062
1412 653 -10294
1413 601 -10138
1414 667 -10126
1415 639 -9974
1416 747 -9970
1417 601 -10154
1418 763 -10158
1419 1053 -10054
1420 869 -10214
1421 869 -10270
1422 709 -10094
1423 897 -10066
1424 713 -10190
1425 587 -10458
1426 423 -10254
1427 405 -10094
1428 277 -10138
1429 187 -9970
1430 297 -9974
1431 417 -9666
1432 11 -9890
1433 -179 -9906
1434 -81 -10046
1435 -219 -10134
1436 -131 -10054
1437 33 -10230
1438 -67 -10226
1439 105 -10098
1440 359 -9810
1441 311 -10122
1442 301 -10006
1443 295 -9902
1444 385 -10050
1445 225 -10066
1446 375 -10062
1447 479 -9910
1448 307 -9914
1449 211 -10022
1450 195 -9898
1451 363 -9786
1452 391 -9926
1453 371 -10190
1454 269 -9806
1455 399 -9698
1456 389 -9798
1457 173 -9678
1458 43 -9938
1459 145 -10038
1460 277 -10386
1461 255 -10078
1462 173 -10002
1463 391 -10238
1464 257 -10082
1465 221 -10186
1466 273 -10118
1467 389 -10242
1468 293 -9894
1469 225 -10006
1470 91 -10126
1471 95 -10122
1472 143 -10102
1473 211 -10090
1474 363 -10382
1475 313 -10258
1476 255 -10454
1477 71 -10390
1478 179 -10102
1479 179 -9858
1480 185 -10030
1481 -11 -10046
1482 -19 -10074
1483 159 -10150
1484 221 -10282
1485 95 -10354
1486 173 -10242
1487 163 -10346
1488 79 -10462
1489 83 -10230
1490 149 -9926
1491 93 -9870
1492 1 -9822
1493 -1 -9442
1494 -3 -9818
1495 -151 -9474
1496 -201 -9854
1497 -305 -9822
1498 -331 -9974
1499 -413 -10134
1500 -105 -10030
1501 -129 -10142
1502 -237 -10274
1503 -371 -9930
1504 -367 -9902
1505 -353 -9818
1506 -361 -9738
1507 -457 -9546
1508 -315 -9582
1509 -293 -9650
1510 -487 -9778
1511 -561 -10218
1512 -495 -10202
1513 -411 -10050
1514 -349 -10062
1515 -111 -9930
1516 -127 -9774
1517 -41 -9778
1518 107 -9910
1519 47 -9682
1520 77 -9614
1521 133 -9886
1522 -29 -9806
1523 49 -9966
1524 -237 -10030
1525 -169 -9790
1526 -279 -9826
1527 -541 -9622
1528 -563 -9694
1529 -543 -9778
1530 -579 -9758
1531 -529 -9642
1532 -321 -9654
1533 -329 -9990
1534 -437 -10070
1535 -303 -9858
1536 -225 -10114
1537 -173 -9958
1538 -285 -10094
1539 -187 -10402
1540 -311 -10390
1541 -271 -10258
1542 -173 -10306
1543 -131 -9894
1544 -69 -10118
1545 43 -9878
1546 -35 -9906
1547 -27 -9762
1548 161 -10078
1549 151 -10034
1550 151 -10094
1551 159 -10298
1552 173 -10546
1553 165 -10262
1554 25 -10326
1555 71 -10490
1556 -101 -10438
1557 -93 -10350
1558 -67 -10198
1559 -169 -10030
1560 -69 -9854
1561 -35 -9898
1562 -1 -10042
1563 -219 -9722
1564 -399 -9694
1565 -595 -9694
1566 -545 -9630
1567 -515 -9606
1568 -497 -9882
1569 -511 -9794
1570 -341 -9718
1571 -321 -9634
1572 -421 -9650
1573 -487 -9758
1574 -487 -9718
1575 -607 -9838
1576 -565 -9946
1577 -685 -10054
1578 -663 -9906
1579 -717 -9886
1580 -543 -9874
1581 -419 -9770
1582 -567 -9838
1583 -435 -9786
1584 -619 -9990
1585 -607 -9854
1586 -489 -9830
1587 -371 -9994
1588 -565 -10266
1589 -617 -10014
1590 -819 -9914
1591 -837 -9822
1592 -969 -9898
1593 -853 -9922
1594 -795 -9858
1595 -583 -9914
1596 -773 -10022
1597 -623 -9846
1598 -729 -10062
1599 -893 -10010
1600 -1119 -10258
1601 -1177 -10314
1602 -1191 -10618
1603 -1127 -10306
1604 -1039 -10222
1605 -1029 -10202
1606 -893 -10182
1607 -839 -9994
1608 -797 -9982
1609 -865 -9874
1610 -869 -10154
1611 -871 -10006
1612 -787 -10054
1613 -775 -10106
1614 -703 -10054
1615 -843 -10246
1616 -585 -10306
1617 -493 -10238
1618 -343 -10082
1619 -149 -9874
1620 -9 -10062
1621 -131 -9966
1622 -97 -10198
1623 161 -10198
1624 299 -9862
1625 369 -9946
1626 373 -10014
1627 391 -10454
1628 609 -10110
1629 447 -10130
1630 387 -10138
1631 445 -10278
1632 661 -10278
1633 547 -10278
1634 825 -10250
1635 683 -9890
1636 533 -9810
1637 563 -9874
1638 605 -10114
1639 657 -9890
1640 505 -9858
1641 729 -9922
1642 709 -9646
1643 867 -9826
1644 617 -10010
1645 795 -9794
1646 805 -9574
1647 789 -9566
1648 573 -9806
1649 773 -10066
1650 827 -10142
1651 871 -9946
1652 1149 -9890
1653 1143 -10206
1654 931 -10282
1655 707 -10030
1656 795 -9758
1657 863 -9854
1658 671 -9638
1659 685 -9842
1660 593 -9738
1661 361 -9782
1662 145 -9402
1663 207 -9546
1664 -77 -9830
1665 61 -9662
1666 173 -9858
1667 223 -9798
1668 87 -9918
1669 -107 -10126
1670 -181 -10038
1671 -143 -9954
1672 -187 -9910
1673 -67 -9818
1674 -15 -9874
1675 -99 -9938
1676 -301 -9958
1677 -331 -10194
1678 -223 -10082
1679 -499 -10414
1680 -577 -9994
1681 -565 -9810
1682 -515 -9662
1683 -375 -9802
1684 -441 -9978
1685 -491 -9830
1686 -597 -9778
1687 -579 -9906
1688 -457 -9882
1689 -601 -10298
1690 -461 -10014
1691 -369 -9690
1692 -589 -9862
1693 -711 -9786
1694 -573 -9578
1695 -663 -9614
1696 -819 -9522
1697 -535 -9606
1698 -275 -9658
1699 85 -9742
1700 93 -10046
1701 -77 -10110
1702 7 -9954
1703 99 -9846
1704 81 -10054
1705 49 -9670
1706 201 -10002
1707 229 -10234
1708 111 -10086
1709 -55 -10354
1710 -125 -10026
1711 -129 -10022
1712 -45 -10106
1713 -167 -9946
1714 -105 -9906
1715 -21 -10082
1716 -37 -9918
1717 67 -9874
1718 1 -10030
1719 -117 -10178
1720 -113 -10118
1721 -101 -10334
1722 49 -10046
1723 295 -10222
1724 187 -10142
1725 265 -9882
1726 67 -9982
1727 99 -9986
1728 221 -10178
1729 187 -10102
1730 109 -9958
1731 267 -9922
1732 249 -9926
1733 291 -10062
1734 253 -10146
1735 103 -10498
1736 167 -10542
1737 331 -10554
1738 209 -10654
1739 171 -10486
1740 185 -10298
1741 161 -10414
1742 205 -10382
1743 21 -10422
1744 -11 -10046
1745 -149 -9974
1746 3 -10026
1747 17 -9922
1748 15 -10018
1749 139 -10062
1750 149 -10042
1751 261 -10022
1752 229 -10134
1753 51 -9958
1754 225 -10194
1755 75 -9982
1756 215 -10022
1757 153 -10206
1758 385 -10038
1759 459 -10270
1760 457 -9982
1761 537 -10034
1762 591 -10054
1763 313 -10298
1764 143 -9970
1765 315 -9966
1766 391 -10134
1767 465 -10086
1768 321 -10194
1769 297 -10086
1770 299 -9838
1771 411 -9718
1772 441 -9610
1773 259 -9722
1774 347 -9714
1775 283 -9754
1776 245 -9662
1777 431 -9650
1778 607 -9902
1779 539 -9990
1780 545 -9874
1781 609 -9854
1782 767 -9770
1783 689 -9986
1784 641 -9978
1785 379 -9598
1786 415 -9750
1787 591 -9594
1788 693 -9962
1789 813 -9906
1790 639 -9842
1791 563 -9558
1792 513 -9826
1793 573 -9942
1794 391 -9862
1795 403 -9898
1796 333 -10014
1797 427 -9750
1798 471 -9902
1799 467 -10150
1800 377 -10154
1801 287 -10058
1802 349 -9750
1803 447 -9678
1804 485 -9670
1805 423 -9986
1806 163 -9958
1807 207 -9882
1808 215 -9686
1809 75 -9982
1810 131 -9906
1811 51 -9846
1812 -19 -10006
1813 -107 -10042
1814 -289 -9906
1815 -281 -9790
1816 -265 -9990
1817 -211 -9950
1818 -279 -10170
1819 -251 -9966
1820 -279 -9850
1821 -219 -10026
1822 -133 -10262
1823 97 -9890
1824 51 -9882
1825 45 -9766
1826 19 -9690
1827 -17 -9714
1828 -117 -10118
1829 -67 -10086
1830 -133 -10082
1831 25 -9738
1832 165 -9934
1833 -91 -9950
1834 -103 -10178
1835 83 -10230
1836 -1 -10282
1837 -57 -10026
1838 -185 -10050
1839 -69 -10238
1840 -145 -10190
1841 93 -10354
1842 139 -10190
1843 119 -10294
1844 -197 -9958
1845 -3 -9682
1846 169 -9730
1847 33 -9806
1848 141 -9938
1849 179 -9790
1850 163 -9762
1851 195 -10290
1852 141 -10026
1853 157 -10094
1854 85 -10238
1855 149 -10370
1856 181 -10034
1857 199 -10150
1858 203 -10042
1859 173 -10222
1860 79 -10450
1861 47 -10246
1862 45 -9994
1863 33 -10218
1864 107 -9926
1865 -197 -9878
1866 -133 -10062
1867 -375 -10130
1868 -373 -10246
1869 -641 -10238
1870 -609 -10202
1871 -327 -10034
1872 -355 -9730
1873 -389 -10042
1874 -127 -10398
1875 -159 -10102
1876 -173 -9814
1877 133 -9842
1878 105 -9914
1879 89 -9726
1880 247 -9454
1881 273 -9702
1882 343 -9510
1883 353 -9734
1884 231 -9986
1885 519 -9814
1886 507 -9986
1887 799 -10158
1888 797 -10142
1889 851 -10354
1890 873 -10206
1891 947 -10274
1892 875 -10262
1893 743 -10446
1894 647 -10246
1895 533 -10110
1896 403 -9970
1897 575 -10030
1898 597 -9858
1899 651 -10178
1900 575 -10034
1901 543 -10234
1902 665 -10258
1903 363 -10354
1904 431 -10254
1905 493 -10282
1906 395 -10450
1907 333 -10314
1908 155 -10322
1909 215 -10434
1910 89 -10174
1911 27 -9986
1912 127 -9826
1913 -133 -9786
1914 -189 -9774
1915 -293 -9798
1916 -221 -9850
1917 -391 -9862
1918 -409 -9946
1919 -305 -9846
1920 -605 -9858
1921 -595 -10290
1922 -679 -10158
1923 -647 -9958
1924 -619 -9850
1925 -755 -9942
1926 -817 -10042
1927 -999 -9990
1928 -941 -9786
1929 -899 -10158
1930 -981 -10182
1931 -947 -9850
1932 -1139 -10042
1933 -1121 -10222
1934 -1091 -10098
1935 -1119 -10266
1936 -1043 -10098
1937 -933 -10106
1938 -807 -10098
1939 -739 -10070
1940 -695 -10126
1941 -849 -10286
1942 -831 -10098
1943 -1013 -10098
1944 -1125 -10066
1945 -1147 -10298
1946 -1003 -10286
1947 -1179 -10254
1948 -1059 -10218
1949 -1243 -10110
1950 -1181 -10370
1951 -1129 -10142
1952 -1109 -9862
1953 -1087 -10058
1954 -913 -10094
1955 -859 -10158
1956 -937 -10242
1957 -877 -10046
1958 -899 -9938
1959 -1069 -9850
1960 -1375 -9874
1961 -1267 -9886
1962 -1293 -9834
1963 -1147 -10078
1964 -1177 -9838
1965 -1193 -10006
1966 -1069 -9982
1967 -1067 -9730
1968 -951 -9638
1969 -841 -9918
1970 -785 -9674
1971 -811 -9850
1972 -825 -9794
1973 -763 -9886
1974 -981 -9986
1975 -883 -9918
1976 -783 -10138
1977 -703 -9946
1978 -557 -9918
1979 -353 -9866
1980 -255 -9778
1981 -455 -9834
1982 -317 -9862
1983 -291 -10158
1984 -375 -9870
1985 -207 -10078
1986 -317 -9802
1987 -511 -10066
1988 -509 -9746
1989 -585 -10350
1990 -397 -10146
1991 -297 -9818
1992 -337 -9806
1993 -415 -9966
1994 -453 -9978
1995 -393 -9918
1996 -413 -9958
1997 -263 -10018
1998 -209 -9794
1999 -123 -9682
2000 -231 -9826
2001 -355 -9922
2002 -359 -10066
2003 -379 -10210
2004 -379 -10074
2005 -575 -10518
2006 -423 -10350
2007 -201 -10098
2008 19 -10258
2009 11 -10590
2010 27 -10318
2011 131 -10326
2012 161 -10518
2013 41 -10382
2014 85 -10462
2015 67 -10190
2016 -151 -10066
2017 -271 -10006
2018 -293 -9734
2019 -375 -10186
2020 -323 -10066
2021 -307 -9858
2022 -279 -9774
2023 -283 -9750
2024 -421 -9910
2025 -419 -9930
2026 -677 -9806
2027 -753 -9910
2028 -651 -9926
2029 -569 -10366
2030 -341 -10130
2031 -329 -10146
2032 -321 -9942
2033 -39 -9810
2034 -75 -10010
2035 15 -9906
2036 -159 -10030
2037 -373 -10094
2038 -437 -10118
2039 -301 -10174
2040 -205 -9994
2041 -157 -10002
2042 -313 -9982
2043 -347 -10022
2044 -321 -10042
2045 -247 -9726
2046 -173 -10018
2047 -107 -9954
2048 45 -9986
2049 53 -10014
2050 -45 -9934
2051 -119 -9590
2052 93 -9846
2053 191 -9698
2054 205 -9722
2055 143 -9610
2056 255 -9658
2057 187 -9818
2058 139 -9754
2059 251 -9770
2060 49 -9826
2061 111 -9990
2062 -181 -9934
2063 -223 -9710
2064 -205 -9602
2065 -199 -9614
2066 -23 -9506
2067 -103 -9714
2068 -137 -9658
2069 -39 -9766
2070 137 -9634
2071 305 -9786
2072 353 -10026
2073 581 -10022
2074 507 -9918
2075 423 -9978
2076 369 -9978
2077 339 -9794
2078 307 -10082
2079 289 -9846
2080 449 -10102
2081 383 -9926
2082 325 -9978
2083 137 -9806
2084 27 -9702
2085 153 -9694
2086 271 -9698
2087 217 -9918
2088 175 -9970
2089 129 -9886
2090 133 -9914
2091 195 -9798
2092 233 -10130
2093 199 -9974
2094 207 -10090
2095 49 -9982
2096 141 -9718
2097 51 -9926
2098 241 -10170
2099 333 -9966
2100 199 -10234
2101 251 -10346
2102 23 -10094
2103 199 -9766
2104 5 -10006
2105 67 -9998
2106 35 -10066
2107 313 -9698
2108 263 -9814
2109 275 -9566
2110 321 -9938
2111 299 -9722
2112 451 -9866
2113 477 -9786
2114 655 -9626
2115 425 -9914
2116 485 -9914
2117 247 -9822
2118 287 -10050
2119 251 -9726
2120 191 -9754
2121 51 -9982
2122 -29 -9882
2123 -171 -9854
2124 -293 -9922
2125 -219 -9634
2126 -313 -9942
2127 -337 -10014
2128 -203 -9786
2129 -271 -9918
2130 -305 -9898
2131 -391 -10206
2132 -527 -9894
2133 -663 -9890
2134 -591 -9694
2135 -903 -9918
2136 -941 -10046
2137 -857 -9798
2138 -827 -10106
2139 -815 -9938
2140 -803 -9614
2141 -543 -9914
2142 -599 -9914
2143 -571 -9918
2144 -563 -9954
2145 -637 -9854
2146 -611 -9926
2147 -605 -9930
2148 -569 -9614
2149 -541 -9866
2150 -469 -9906
2151 -387 -9826
2152 -379 -9898
2153 -247 -9678
2154 -171 -9882
2155 -127 -9826
2156 -17 -9758
2157 165 -9582
2158 287 -9614
2159 231 -9702
2160 -33 -9506
2161 -157 -9362
2162 -87 -9334
2163 77 -9426
2164 31 -9346
2165 279 -9490
2166 481 -9490
2167 525 -9670
2168 359 -9506
2169 527 -9786
2170 645 -9902
2171 611 -10174
2172 611 -10202
2173 563 -10034
2174 617 -10122
2175 765 -10314
2176 825 -10578
2177 699 -10286
2178 555 -10322
2179 589 -10186
2180 535 -10278
2181 719 -10366
2182 517 -10130
2183 627 -10238
2184 765 -10290
2185 773 -10014
2186 609 -9930
2187 615 -9854
2188 527 -9942
2189 387 -9878
2190 543 -10062
2191 337 -10290
2192 461 -10042
2193 443 -10286
2194 321 -10186
2195 249 -10118
2196 157 -10182
2197 81 -10478
2198 67 -10230
2199 -19 -10078
2200 115 -9838
2201 245 -9898
2202 219 -9818
2203 233 -9930
2204 271 -9942
2205 445 -10130
2206 409 -9994
2207 285 -9622
2208 159 -9870
2209 147 -10038
2210 135 -10098
2211 207 -10226
2212 117 -10010
2213 273 -9846
2214 219 -10154
2215 85 -9990
2216 -41 -10138
2217 -261 -10054
2218 -317 -10214
2219 -191 -9978
2220 -155 -9910
2221 -213 -9738
2222 -243 -9862
2223 -77 -9838
2224 -117 -9886
2225 -359 -9810
2226 -209 -9910
2227 -291 -9862
2228 -261 -9730
2229 -147 -9426
2230 -183 -9766
2231 -179 -9654
2232 -81 -9818
2233 149 -9706
2234 175 -9814
2235 15 -9878
2236 -31 -9806
2237 149 -9874
2238 53 -9714
2239 57 -10046
2240 -3 -10114
2241 -83 -9782
2242 49 -9846
2243 -137 -9718
2244 79 -9862
2245 -187 -9802
2246 -55 -9762
2247 17 -9790
2248 225 -9582
2249 33 -9526
2250 -21 -9754
2251 -17 -9666
2252 71 -9874
2253 49 -9674
2254 57 -9654
2255 -63 -9830
2256 -119 -9806
2257 -25 -9794
2258 -153 -9766
2259 -69 -9830
2260 -39 -9846
2261 -23 -9730
2262 -41 -9714
2263 93 -10066
2264 161 -9634
2265 469 -9682
2266 417 -9654
2267 271 -9914
2268 209 -9890
2269 -15 -10078
2270 -55 -10062
2271 -99 -9898
2272 -47 -9938
2273 31 -9886
2274 -21 -10018
2275 -47 -10030
2276 53 -9914
2277 135 -9758
2278 103 -9706
2279 203 -9466
2280 141 -9582
2281 257 -9574
2282 321 -9818
2283 369 -9714
2284 389 -9862
2285 243 -9750
2286 87 -9746
2287 313 -9958
2288 315 -10226
2289 475 -10450
2290 547 -10350
2291 625 -10166
2292 531 -9942
2293 579 -10074
2294 529 -10118
2295 633 -10070
2296 451 -10202
2297 115 -10110
2298 131 -10142
2299 -71 -10018
2300 -37 -9890
2301 -163 -9954
2302 -83 -10018
2303 -21 -9914
2304 -9 -9950
2305 -37 -10006
2306 19 -10238
2307 -47 -10398
2308 -51 -10254
2309 -49 -10182
2310 -143 -10258
2311 -253 -9930
2312 -291 -10098
2313 -273 -9862
2314 -213 -9802
2315 -41 -9870
2316 -89 -9710
2317 31 -9754
2318 125 -10050
2319 207 -10122
2320 237 -10162
2321 431 -10414
2322 543 -10374
2323 349 -10274
2324 407 -10358
2325 337 -10306
2326 505 -10278
2327 495 -10034
2328 521 -10182
2329 437 -10374
2330 415 -10254
2331 323 -10130
2332 589 -10318
2333 377 -10054
2334 371 -10074
2335 265 -10134
2336 329 -10122
2337 507 -9774
2338 331 -9634
2339 627 -9590
2340 811 -9454
2341 881 -9538
2342 849 -9658
2343 1035 -10062
2344 839 -9942
2345 875 -9826
2346 745 -9666
2347 531 -9686
2348 801 -9494
2349 659 -9882
2350 759 -9870
2351 725 -9870
2352 489 -10034
2353 369 -9978
2354 151 -9898
2355 213 -10078
2356 267 -10038
2357 -117 -10098
2358 31 -9894
2359 193 -9998
2360 235 -9990
2361 261 -9818
2362 81 -10106
2363 -85 -10066
2364 -217 -9910
2365 -211 -9726
2366 -83 -9754
2367 -79 -9786
2368 65 -9994
2369 -71 -10302
2370 -99 -10154
2371 -121 -10434
2372 -35 -10298
2373 -97 -10438
2374 -83 -10074
2375 -199 -10334
2376 -323 -10302
2377 -301 -10298
2378 -127 -10194
2379 -113 -10366
2380 -83 -10294
2381 3 -10162
2382 -139 -9994
2383 -257 -10254
2384 -297 -10030
2385 -309 -9862
2386 -259 -9754
2387 -157 -9858
2388 -35 -9958
2389 -45 -9826
2390 79 -9974
2391 71 -9786
2392 45 -9730
2393 -7 -9702
2394 105 -9626
2395 139 -9522
2396 89 -9438
2397 159 -9514
2398 183 -9710
2399 69 -9666
2400 65 -9634
2401 -99 -9550
2402 69 -9734
2403 43 -9854
2404 217 -9782
2405 75 -9738
2406 -107 -9642
2407 -51 -10170
2408 173 -10254
2409 167 -9758
2410 -35 -9714
2411 -39 -9722
2412 -25 -9526
2413 9 -9882
2414 -107 -9850
2415 -351 -9798
2416 3 -9934
2417 -89 -9862
2418 -71 -9922
2419 41 -9898
2420 -43 -10098
2421 31 -10078
2422 -73 -10286
2423 -39 -10086
2424 -149 -10034
2425 -403 -10002
2426 -487 -9946
2427 -523 -9834
2428 -653 -9750
2429 -643 -9842
2430 -667 -9898
2431 -617 -9998
2432 -389 -9982
2433 -263 -10074
2434 -329 -10010
2435 -129 -9714
2436 -309 -9818
2437 -417 -10130
2438 -495 -10006
2439 -599 -9734
2440 -345 -9750
2441 -127 -10118
2442 -133 -9878
2443 -301 -10110
2444 -353 -10282
2445 -229 -9974
2446 -317 -10230
2447 -379 -10254
2448 -535 -10446
2449 -493 -10090
2450 -475 -9990
2451 -483 -9706
2452 -461 -9778
2453 -531 -10006
2454 -541 -10286
2455 -569 -10378
2456 -577 -9934
2457 -669 -9530
2458 -601 -9638
2459 -513 -9890
2460 -469 -9990
2461 -681 -10222
2462 -605 -10118
2463 -557 -9914
2464 -357 -9746
2465 -539 -9874
2466 -351 -9710
2467 -453 -9726
2468 -461 -9738
2469 -459 -9818
2470 -475 -10018
2471 -447 -9886
2472 -351 -9878
2473 -5 -9866
2474 223 -9906
2475 121 -10194
2476 91 -10382
2477 29 -10050
2478 75 -10206
2479 -115 -10326
2480 -159 -10270
2481 -259 -10346
2482 -367 -10578
2483 -147 -10146
2484 -145 -10246
2485 -133 -10142
2486 -79 -10070
2487 51 -9902
2488 -169 -10030
2489 -83 -9838
2490 -213 -9786
2491 -303 -9722
2492 -411 -9826
2493 -197 -9766
2494 -281 -9842
2495 -335 -9822
2496 -377 -9922
2497 -535 -10126
2498 -431 -9946
2499 -435 -10154
2500 -577 -9970
2501 -515 -10118
2502 -323 -10210
2503 -219 -10138
2504 -125 -9910
2505 -141 -9846
2506 -59 -9594
2507 101 -9738
2508 69 -10074
2509 -9 -9998
2510 -207 -9970
2511 -5 -9738
2512 -31 -9790
2513 109 -9826
2514 349 -9630
2515 459 -9738
2516 533 -10174
2517 361 -10006
2518 281 -10342
2519 117 -10274
2520 229 -10186
2521 339 -9934
2522 287 -10174
2523 103 -10138
2524 163 -10066
2525 305 -9830
2526 377 -9798
2527 287 -9870
2528 275 -10026
2529 409 -9838
2530 363 -9886
2531 511 -10030
2532 425 -9898
2533 375 -9850
2534 329 -9962
2535 213 -9690
2536 187 -9894
2537 105 -10178
2538 131 -9946
2539 241 -9818
2540 253 -9622
2541 -67 -9614
2542 -179 -9630
2543 -127 -9794
2544 -173 -9970
2545 -195 -10074
2546 -173 -10186
2547 -193 -10158
2548 -179 -9914
2549 -59 -10126
2550 -43 -10074
2551 -231 -10146
2552 121 -10026
2553 27 -10046
2554 -3 -10062
2555 -89 -10054
2556 -105 -10350
2557 71 -10202
2558 257 -10142
2559 275 -9994
2560 337 -9950
2561 543 -9970
2562 349 -9978
2563 407 -10046
2564 671 -9942
2565 589 -10006
2566 577 -10134
2567 707 -9946
2568 753 -9862
2569 615 -10082
2570 651 -10078
2571 789 -10130
2572 713 -9954
2573 495 -10030
2574 267 -10182
2575 351 -10282
2576 399 -9870
2577 237 -10202
2578 31 -10334
2579 11 -10014
2580 -79 -10046
2581 -63 -10102
2582 -17 -9714
2583 -193 -9810
2584 -71 -9966
2585 -229 -10006
2586 -299 -10102
2587 -207 -10078
2588 -355 -9986
2589 -535 -10186
2590 -629 -10038
2591 -649 -10122
2592 -631 -10154
2593 -851 -10378
2594 -613 -10134
2595 -457 -10126
2596 -407 -10010
2597 -289 -9902
2598 -5 -9670
2599 81 -9934
2600 11 -10150
2601 43 -10110
2602 -41 -10110
2603 -167 -10362
2604 -331 -10382
2605 -327 -10750
2606 -263 -10326
2607 -197 -10202
2608 109 -10522
2609 215 -10034
2610 223 -10090
2611 319 -9818
2612 201 -10026
2613 137 -10282
2614 215 -10170
2615 257 -10110
2616 469 -9802
2617 379 -9922
2618 149 -9930
2619 179 -10070
2620 -17 -9910
2621 161 -9610
2622 3 -9866
2623 15 -9790
2624 189 -9942
2625 109 -9830
2626 -13 -9898
2627 -47 -9834
2628 -17 -9926
2629 -195 -10150
2630 -219 -9850
2631 -297 -9950
2632 -495 -10030
2633 -423 -10038
2634 -607 -10042
2635 -419 -9862
2636 -255 -9930
2637 -235 -9794
2638 -537 -9978
2639 -737 -9942
2640 -639 -9886
2641 -599 -9778
2642 -381 -9862
2643 -489 -9886
2644 -331 -9706
2645 -361 -9918
2646 -425 -9690
2647 -343 -10090
2648 -129 -9902
2649 43 -10082
2650 -19 -10130
2651 -63 -10166
2652 9 -10194
2653 17 -10186
2654 -33 -10214
2655 39 -10034
2656 -223 -10118
2657 -293 -10166
2658 -229 -10174
2659 -351 -10298
2660 -331 -10094
2661 -73 -10230
2662 -245 -10122
2663 -297 -10070
2664 -333 -10378
2665 -325 -10286
2666 -259 -10154
2667 -231 -10062
2668 11 -9898
2669 -83 -9842
2670 65 -10006
2671 281 -10222
2672 253 -9938
2673 279 -9978
2674 175 -10246
2675 137 -10242
2676 101 -10198
2677 175 -10414
2678 149 -10638
2679 33 -10266
2680 -1 -10334
2681 -125 -10106
2682 -417 -9902
2683 -587 -9890
2684 -613 -9998
2685 -695 -10194
2686 -423 -10402
2687 -547 -10366
2688 -563 -10194
2689 -371 -10042
2690 -403 -10046
2691 -483 -10074
2692 -633 -9690
2693 -443 -9938
2694 -469 -9738
2695 -407 -10154
2696 -325 -10230
2697 -373 -10122
2698 -379 -10034
2699 -453 -10102
2700 -471 -10046
2701 -443 -10214
2702 -405 -10018
2703 -181 -10050
2704 -235 -10362
2705 -403 -10138
2706 -335 -9770
2707 -397 -9842
2708 -387 -9862
2709 -463 -9830
2710 -461 -9986
2711 -447 -9794
2712 -485 -9682
2713 -393 -9922
2714 -399 -9890
2715 -331 -10034
2716 -393 -9582
2717 -261 -9478
2718 -19 -9802
2719 73 -9926
2720 255 -9734
2721 57 -9922
2722 95 -9934
2723 47 -9922
2724 -79 -10146
2725 -195 -9794
2726 -189 -9898
2727 -151 -10094
2728 -215 -10030
2729 -229 -10126
2730 -49 -10234
2731 -85 -10150
2732 -43 -10010
2733 -255 -9942
2734 -251 -9790
2735 -373 -9754
2736 -275 -9970
2737 -21 -9798
2738 39 -10138
2739 75 -10030
2740 169 -9894
2741 135 -10142
2742 243 -9894
2743 143 -10314
2744 113 -10226
2745 -101 -10034
2746 -37 -10110
2747 51 -10142
2748 41 -10330
2749 -93 -10382
2750 -61 -10262
2751 -93 -10106
2752 25 -9902
2753 -9 -10190
2754 107 -10154
2755 103 -9874
2756 -81 -10070
2757 -13 -9814
2758 109 -9934
2759 25 -9346
2760 -123 -9598
2761 -213 -9858
2762 -249 -9550
2763 -375 -9550
2764 -583 -9522
2765 -609 -9746
2766 -687 -9746
2767 -771 -9646
2768 -707 -9438
2769 -717 -9426
2770 -787 -9730
2771 -675 -9670
2772 -581 -9838
2773 -385 -10054
2774 -381 -9938
2775 -561 -9734
2776 -737 -10086
2777 -553 -9786
2778 -357 -9722
2779 -235 -9670
2780 -107 -9750
2781 7 -10022
2782 -65 -10118
2783 133 -10378
2784 167 -10242
2785 141 -10390
2786 -63 -10362
2787 89 -10442
2788 73 -10094
2789 255 -10030
2790 131 -9722
2791 71 -9738
2792 85 -9690
2793 29 -9870
2794 103 -9790
2795 71 -9846
2796 135 -9898
2797 393 -9894
2798 477 -9826
2799 431 -9774
2800 413 -9902
2801 643 -9914
2802 597 -10078
2803 599 -10086
2804 511 -10098
2805 419 -10078
2806 247 -9790
2807 305 -10022
2808 363 -10262
2809 405 -10238
2810 471 -9838
2811 489 -10094
2812 207 -10146
2813 229 -10046
2814 145 -10278
2815 111 -10298
2816 51 -10146
2817 -135 -10342
2818 -353 -10030
2819 -299 -10082
2820 -147 -10258
2821 -121 -9898
2822 -123 -9954
2823 -389 -10038
2824 -325 -10038
2825 -199 -9886
2826 -113 -9914
2827 -153 -9926
2828 -103 -9598
2829 -261 -9858
2830 -109 -10022
2831 -183 -9846
2832 -247 -10046
2833 -343 -9882
2834 -261 -9806
2835 -247 -9658
2836 -309 -9734
2837 -431 -9606
2838 -367 -9878
2839 -659 -9914
2840 -639 -9814
2841 -563 -9894
2842 -549 -9878
2843 -599 -10034
2844 -659 -10126
2845 -669 -9914
2846 -701 -10202
2847 -681 -10350
2848 -743 -10354
2849 -729 -10342
2850 -689 -10202
2851 -589 -10142
2852 -643 -10322
2853 -541 -10142
2854 -501 -9926
2855 -471 -9934
2856 -487 -9894
2857 -609 -10098
2858 -591 -10058
2859 -625 -9838
2860 -727 -9730
2861 -687 -9698
2862 -681 -9514
2863 -595 -9746
2864 -703 -10110
2865 -971 -10142
2866 -943 -9826
2867 -855 -10118
2868 -859 -9818
2869 -837 -9830
2870 -893 -10006
2871 -775 -9886
2872 -811 -9606
2873 -641 -9798
2874 -847 -9746
2875 -951 -9982
2876 -1107 -9966
2877 -965 -9962
2878 -1143 -9730
2879 -959 -9830
2880 -663 -9354
2881 -671 -9798
2882 -541 -9946
2883 -429 -9938
2884 -383 -9994
2885 -273 -9874
2886 -207 -10066
2887 -313 -10142
2888 -225 -10070
2889 -495 -10278
2890 -565 -10186
2891 -473 -10022
2892 -547 -10074
2893 -655 -10218
2894 -685 -10186
2895 -643 -10182
2896 -591 -10082
2897 -705 -10318
2898 -827 -10150
2899 -837 -10166
2900 -859 -10386
2901 -803 -10082
2902 -701 -10078
2903 -687 -10210
2904 -607 -9878
2905 -623 -10230
2906 -683 -10478
2907 -541 -10114
2908 -551 -10262
2909 -415 -10018
2910 -411 -9942
2911 -507 -9634
2912 -247 -9918
2913 -285 -9774
2914 -173 -9734
2915 -3 -9738
2916 85 -9838
2917 239 -9482
2918 115 -9954
2919 99 -10018
2920 81 -10026
2921 29 -10106
2922 -193 -9902
2923 -253 -9722
2924 -203 -9630
2925 -343 -9522
2926 -371 -9662
2927 -353 -9718
2928 -413 -9742
2929 -473 -9654
2930 -505 -9810
2931 -627 -10014
2932 -539 -10146
2933 -717 -10434
2934 -795 -10258
2935 -961 -10166
2936 -1041 -10286
2937 -991 -10062
2938 -1079 -10466
2939 -1109 -10310
2940 -1115 -10274
2941 -1169 -10186
2942 -1241 -10102
2943 -1109 -10158
2944 -1047 -9902
2945 -1143 -10246
2946 -1287 -10046
2947 -1191 -9978
2948 -1195 -10166
2949 -999 -10050
2950 -943 -10174
2951 -979 -9886
2952 -1071 -10022
2953 -997 -10250
2954 -781 -10202
2955 -809 -10334
2956 -769 -10146
2957 -599 -10018
2958 -425 -10094
2959 -363 -9826
2960 -367 -9826
2961 -279 -9974
2962 -307 -10130
2963 -215 -10178
2964 -293 -10054
2965 -139 -10086
2966 -323 -10002
2967 -303 -10142
2968 -215 -10022
2969 91 -9630
2970 -19 -9650
2971 85 -9990
2972 -169 -9638
2973 -193 -9550
2974 -345 -9818
2975 -283 -9994
2976 -333 -9834
2977 -259 -9858
2978 -113 -9774
2979 -129 -9830
2980 -217 -9802
2981 -259 -9978
2982 -145 -9778
2983 -23 -9774
2984 11 -9630
2985 91 -9710
2986 173 -9810
2987 43 -9674
2988 3 -9682
2989 147 -9514
2990 299 -9422
2991 369 -10006
2992 229 -9982
2993 249 -10122
2994 177 -10094
2995 73 -9894
2996 75 -9978
2997 27 -9878
2998 27 -9994
2999 -53 -9854
3000 -95 -9814
3001 -47 -10154
3002 -175 -9958
3003 -147 -10066
3004 -157 -9902
3005 -261 -10034
3006 -81 -10034
3007 -201 -10030
3008 -169 -9678
3009 -87 -9762
3010 -11 -10154
3011 -63 -10034
3012 -159 -9946
3013 -107 -9814
3014 -87 -9690
3015 -7 -10102
3016 -57 -10098
3017 -153 -10038
3018 -341 -9906
3019 -305 -9774
3020 -311 -10070
3021 -303 -10226
3022 -355 -10002
3023 -439 -10314
3024 -581 -10154
3025 -523 -10206
3026 -499 -9954
3027 -541 -10074
3028 -663 -10006
3029 -509 -9842
3030 -415 -9834
3031 -359 -10018
3032 -345 -10046
3033 -453 -9682
3034 -563 -9662
3035 -635 -9534
3036 -657 -9722
3037 -695 -9738
3038 -531 -10058
3039 -399 -9926
3040 -247 -9818
3041 -451 -9678
3042 -409 -9702
3043 -365 -9910
3044 -505 -9646
3045 -483 -9706
3046 -291 -9910
3047 -205 -9918
3048 -249 -10082
3049 -367 -9918
3050 -501 -10214
3051 -521 -10210
3052 -561 -10082
3053 -403 -9954
3054 -657 -10026
3055 -511 -10146
3056 -577 -10202
3057 -501 -10222
3058 -529 -10022
3059 -603 -9886
3060 -691 -9994
3061 -791 -10226
3062 -895 -10006
3063 -975 -10070
3064 -963 -10102
3065 -949 -9966
3066 -979 -10270
3067 -1097 -10386
3068 -913 -10170
3069 -787 -10142
3070 -755 -10082
3071 -795 -10038
3072 -743 -9934
3073 -739 -9862
3074 -821 -9746
3075 -791 -9902
3076 -699 -9666
3077 -641 -9958
3078 -669 -9754
3079 -661 -9886
3080 -873 -9690
3081 -849 -9690
3082 -983 -9606
3083 -1061 -9822
3084 -1285 -10022
3085 -1041 -10090
3086 -1021 -10118
3087 -953 -9742
3088 -935 -9702
3089 -1085 -9794
3090 -881 -9634
3091 -857 -9746
3092 -525 -9970
3093 -677 -9918
3094 -529 -9914
3095 -563 -9894
3096 -491 -10046
3097 -553 -10010
3098 -591 -10126
3099 -377 -10262
3100 -227 -10122
3101 -405 -10118
3102 -321 -9950
3103 -399 -10186
3104 -341 -10262
3105 -311 -9946
3106 -445 -10298
3107 -323 -10410
3108 -175 -10018
3109 -105 -9974
3110 27 -10106
3111 169 -9962
3112 133 -10418
3113 -69 -10318
3114 -253 -10366
3115 -141 -10182
3116 -401 -10338
3117 -581 -10202
3118 -571 -10026
3119 -627 -10126
3120 -407 -10106
3121 -437 -9970
3122 -367 -10050
3123 -357 -10014
3124 -397 -9674
3125 -545 -9694
3126 -623 -9638
3127 -681 -9682
3128 -635 -9978
3129 -687 -10018
3130 -699 -9950
3131 -689 -9950
3132 -623 -9790
3133 -651 -9766
3134 -643 -9638
3135 -471 -9714
3136 -389 -9606
3137 -379 -9646
3138 -525 -9694
3139 -447 -9670
3140 -617 -9646
3141 -867 -9522
3142 -907 -9586
3143 -843 -9934
3144 -905 -9702
3145 -905 -9958
3146 -527 -9690
3147 -565 -9814
3148 -443 -10130
3149 -671 -10030
3150 -545 -10102
3151 -397 -10110
3152 -557 -9930
3153 -709 -9726
3154 -727 -9534
3155 -725 -9734
3156 -747 -9758
3157 -719 -9918
3158 -661 -9846
3159 -727 -9690
3160 -485 -9542
3161 -467 -9630
3162 -433 -10062
3163 -389 -9742
3164 -167 -10258
3165 -221 -9866
3166 -163 -9894
3167 -237 -9974
3168 -271 -9922
3169 -237 -10150
3170 -31 -9742
3171 -167 -9922
3172 -191 -9750
3173 -49 -9934
3174 237 -10150
3175 211 -10114
3176 147 -10186
3177 45 -10054
3178 -163 -10230
3179 -299 -9958
3180 -377 -10038
3181 -511 -10250
3182 -489 -10114
3183 -469 -9998
3184 -487 -9986
3185 -443 -9978
3186 -255 -9758
3187 -335 -9978
3188 -489 -10106
3189 -499 -10078
3190 -351 -9782
3191 -395 -10038
3192 -499 -10026
3193 -331 -9490
3194 -291 -9702
3195 -253 -9822
3196 -211 -9574
3197 -317 -9710
3198 -243 -10062
3199 -53 -9954
3200 -161 -10066
3201 -351 -9910
3202 -273 -9958
3203 -361 -9942
3204 -271 -9694
3205 -459 -10170
3206 -359 -10574
3207 -271 -10330
3208 -229 -10382
3209 61 -9938
3210 -35 -9838
3211 87 -9966
3212 107 -10086
3213 -39 -9982
3214 -21 -9986
3215 -169 -9958
3216 -19 -9870
3217 81 -10014
3218 -13 -9930
3219 113 -9930
3220 351 -9918
3221 433 -9806
3222 399 -9850
3223 441 -9810
3224 619 -9938
3225 635 -9926
3226 631 -9738
3227 435 -9710
3228 317 -9886
3229 99 -10002
3230 101 -10146
3231 35 -9918
3232 -27 -10014
3233 -189 -10190
3234 -145 -10270
3235 -99 -10038
3236 53 -9942
3237 91 -10110
3238 -49 -9918
3239 -97 -10070
3240 -303 -10058
3241 -427 -10094
3242 -355 -10130
3243 -551 -10398
3244 -613 -10266
3245 -591 -10126
3246 -761 -10218
3247 -479 -9946
3248 -517 -9822
3249 -579 -9602
3250 -455 -9662
3251 -453 -9758
3252 -307 -9890
3253 -319 -10002
3254 -251 -9962
3255 -231 -9898
3256 -305 -9958
3257 -369 -9926
3258 -449 -9658
3259 -455 -9762
3260 -347 -9818
3261 -387 -9758
3262 -407 -9666
3263 -401 -9874
3264 -253 -9926
3265 -309 -10122
3266 -51 -9894
3267 -171 -9854
3268 -231 -9890
3269 -29 -10074
3270 119 -10138
3271 201 -10278
3272 429 -9902
3273 457 -9870
3274 229 -9622
3275 23 -9838
3276 -67 -9846
3277 -93 -9698
3278 -349 -9734
3279 -379 -9786
3280 -319 -10090
3281 -287 -10034
3282 -195 -10206
3283 -185 -10058
3284 -173 -10254
3285 -197 -10194
3286 -345 -10130
3287 -315 -9994
3288 -377 -10018
3289 -509 -10114
3290 -451 -9858
3291 -153 -10026
3292 -177 -10150
3293 -61 -10234
3294 -105 -10250
3295 -291 -10074
3296 -251 -9626
3297 -327 -9602
3298 -275 -9986
3299 -203 -10138
3300 -401 -9954
3301 -407 -10158
3302 -313 -10026
3303 -347 -9842
3304 -531 -10202
3305 -669 -10134
3306 -449 -10134
3307 -331 -10154
3308 -523 -10110
3309 -491 -10018
3310 -491 -10058
3311 -485 -10274
3312 -443 -9858
3313 -531 -10014
3314 -595 -10078
3315 -783 -10210
3316 -701 -10262
3317 -689 -10226
3318 -761 -9766
3319 -775 -9842
3320 -633 -10198
3321 -403 -9906
3322 -311 -9818
3323 -373 -9758
3324 -265 -9774
3325 -237 -9478
3326 -77 -9658
3327 -15 -9678
3328 -39 -9738
3329 -187 -9702
3330 -247 -9626
3331 -259 -9858
3332 -437 -9630
3333 -245 -9670
3334 -71 -9794
3335 -281 -9726
3336 -75 -9802
3337 -407 -9634
3338 -603 -9706
3339 -611 -9894
3340 -531 -10122
3341 -341 -10022
3342 -383 -10162
3343 -389 -9898
3344 -385 -10050
3345 -467 -10162
3346 -565 -10070
3347 -643 -10250
3348 -747 -10010
3349 -729 -9746
3350 -941 -9838
3351 -933 -9858
3352 -915 -9850
3353 -943 -9850
3354 -903 -10030
3355 -905 -9850
3356 -699 -9878
3357 -639 -10090
3358 -569 -9810
3359 -239 -9930
3360 -141 -9850
3361 -117 -10118
3362 -283 -10102
3363 -151 -10246
3364 -97 -9998
3365 -213 -9758
3366 -189 -9802
3367 -29 -10030
3368 -129 -10170
3369 239 -9958
3370 309 -9946
3371 269 -9874
3372 281 -9842
3373 193 -9974
3374 127 -9810
3375 53 -9906
3376 113 -9746
3377 11 -9702
3378 -23 -10062
3379 -69 -9902
3380 -113 -9858
3381 17 -9926
3382 43 -9642
3383 -33 -9838
3384 -171 -9922
3385 -191 -9754
3386 -151 -9874
3387 -53 -9978
3388 89 -10238
3389 45 -10090
3390 81 -10082
3391 -39 -10094
3392 13 -10294
3393 145 -10078
3394 263 -9938
3395 261 -10174
3396 141 -9670
3397 145 -9778
3398 265 -9926
3399 285 -9946
3400 291 -9870
3401 215 -9702
3402 323 -10114
3403 209 -10054
3404 235 -10098
3405 147 -9598
3406 387 -9546
3407 397 -10010
3408 489 -9934
3409 485 -9966
3410 317 -9806
3411 253 -9782
3412 491 -9710
3413 373 -9838
3414 557 -9922
3415 553 -9878
3416 495 -9870
3417 577 -9878
3418 727 -9914
3419 605 -9934
3420 747 -10206
3421 595 -10214
3422 435 -9894
3423 387 -9998
3424 355 -9946
3425 291 -9770
3426 303 -9926
3427 219 -9786
3428 405 -9646
3429 205 -9710
3430 233 -9878
3431 191 -9674
3432 403 -9614
3433 265 -9926
3434 205 -10218
3435 145 -10374
3436 269 -10434
3437 239 -10174
3438 83 -10134
3439 339 -10102
3440 175 -9794
3441 321 -9818
3442 313 -9978
3443 343 -9694
3444 375 -9742
3445 499 -10046
3446 551 -10218
3447 333 -10198
3448 399 -9770
3449 265 -10170
3450 259 -10210
3451 345 -10338
3452 305 -10366
3453 437 -10430
3454 521 -10378
3455 571 -10094
3456 589 -10126
3457 741 -10146
3458 637 -10166
3459 695 -10354
3460 717 -9934
3461 689 -10078
3462 531 -9918
3463 427 -9750
3464 361 -10094
3465 379 -9974
3466 419 -9878
3467 331 -10074
3468 209 -10290
3469 161 -10158
3470 215 -10142
3471 371 -10250
3472 409 -10338
3473 391 -9946
3474 195 -10018
3475 79 -10330
3476 283 -10266
3477 345 -10162
3478 293 -10194
3479 435 -10182
3480 505 -9910
3481 383 -9866
3482 403 -9862
3483 607 -10046
3484 417 -10122
3485 339 -10206
3486 331 -10374
3487 329 -10166
3488 393 -9946
3489 429 -10010
3490 291 -9654
3491 219 -9734
3492 201 -9770
3493 159 -9962
3494 259 -10242
3495 177 -9918
3496 325 -9922
3497 723 -9746
3498 767 -9574
3499 963 -9690
3500 939 -9546
3501 785 -9710
3502 731 -9830
3503 457 -9878
3504 549 -9498
3505 657 -9642
3506 613 -10114
3507 533 -9942
3508 499 -10002
3509 383 -10026
3510 457 -9990
3511 465 -10182
3512 371 -9986
3513 513 -10086
3514 317 -9914
3515 95 -10010
3516 -7 -10090
3517 131 -10302
3518 261 -9874
3519 177 -10018
3520 213 -9930
3521 35 -9958
3522 77 -10038
3523 121 -10046
3524 85 -10122
3525 129 -10022
3526 237 -10214
3527 81 -10230
3528 271 -10102
3529 263 -10198
3530 241 -10014
3531 31 -9942
3532 3 -10034
3533 161 -10022
3534 219 -9746
3535 153 -9830
3536 223 -9890
3537 201 -9846
3538 229 -9514
3539 219 -9798
3540 393 -10062
3541 467 -10130
3542 405 -9862
3543 241 -10030
3544 119 -9906
3545 -51 -10022
3546 -205 -10046
3547 -313 -10202
3548 -403 -10062
3549 -345 -9930
3550 -239 -10078
3551 -95 -9886
3552 -335 -10010
3553 -307 -9810
3554 -357 -10050
3555 -445 -9942
3556 -439 -10130
3557 -551 -10146
3558 -589 -10126
3559 -687 -10282
3560 -657 -10254
3561 -531 -10070
3562 -681 -10038
3563 -895 -10270
3564 -1083 -9958
3565 -1139 -9810
3566 -1279 -9870
3567 -1243 -10034
3568 -1161 -10010
3569 -1189 -10070
3570 -1113 -9854
3571 -989 -9914
3572 -825 -9998
3573 -831 -9966
3574 -641 -9946
3575 -687 -9878
3576 -607 -9750
3577 -741 -9874
3578 -799 -9962
3579 -873 -10190
3580 -875 -10422
3581 -985 -10302
3582 -1161 -10146
3583 -1127 -10070
3584 -1237 -10258
3585 -1325 -10094
3586 -1145 -9802
3587 -989 -9798
3588 -777 -9954
3589 -709 -10210
3590 -711 -9962
3591 -593 -9886
3592 -685 -10006
3593 -535 -9910
3594 -657 -9570
3595 -725 -9902
3596 -557 -9962
3597 -731 -9990
3598 -625 -10038
3599 -451 -10046
3600 -511 -9770
3601 -431 -9642
3602 -459 -9570
3603 -683 -9698
3604 -765 -9558
3605 -691 -9882
3606 -655 -9910
3607 -799 -9714
3608 -729 -10022
3609 -691 -10086
3610 -681 -9994
3611 -529 -10330
3612 -393 -10042
3613 -257 -9922
3614 -161 -9858
3615 -19 -9750
3616 71 -9818
3617 -29 -9722
3618 5 -9602
3619 91 -9846
3620 -63 -9938
3621 -65 -9750
3622 -211 -10238
3623 -319 -9990
3624 -187 -9858
3625 -249 -9918
3626 -433 -9806
3627 -543 -9910
3628 -441 -9946
3629 -403 -9974
3630 -365 -10198
3631 -409 -9998
3632 -399 -9838
3633 -387 -9754
3634 -415 -9886
3635 -505 -9850
3636 -491 -10014
3637 -559 -10190
3638 -467 -10046
3639 -501 -10038
3640 -685 -10026
3641 -817 -10034
3642 -1159 -10142
3643 -1155 -10026
3644 -1231 -10230
3645 -1151 -9926
3646 -1091 -10270
3647 -853 -9950
3648 -1007 -10270
3649 -901 -9942
3650 -1015 -9914
3651 -805 -9782
3652 -931 -9874
3653 -837 -9566
3654 -791 -9826
3655 -831 -9918
3656 -881 -10058
3657 -1051 -10018
3658 -937 -10306
3659 -1073 -10298
3660 -885 -10250
3661 -1037 -10250
3662 -769 -10238
3663 -631 -10134
3664 -671 -10082
3665 -771 -10138
3666 -687 -10074
3667 -545 -10174
3668 -621 -9646
3669 -437 -9842
3670 -457 -9994
3671 -305 -10158
3672 -117 -10238
3673 -113 -9826
3674 43 -9898
3675 185 -9854
3676 279 -9926
3677 273 -9774
3678 233 -9694
3679 189 -9734
3680 431 -9806
3681 373 -9642
3682 161 -9742
3683 311 -9846
3684 293 -10002
3685 377 -9914
3686 469 -9638
3687 467 -9678
3688 633 -10002
3689 491 -9966
3690 527 -9962
3691 275 -9878
3692 233 -9978
3693 205 -9718
3694 349 -9682
3695 565 -9830
3696 469 -9666
3697 235 -9714
3698 229 -9810
3699 321 -9950
3700 171 -9742
3701 299 -9746
3702 351 -10022
3703 573 -9906
3704 513 -10102
3705 591 -10138
3706 673 -10190
3707 711 -10050
3708 789 -9986
3709 893 -10070
3710 853 -10162
3711 1097 -10042
3712 1079 -9938
3713 955 -9638
3714 895 -9766
3715 677 -9822
3716 569 -9566
3717 327 -9830
3718 441 -9778
3719 331 -9906
3720 391 -10014
3721 309 -9926
3722 149 -9614
3723 183 -9754
3724 23 -9998
3725 257 -9870
3726 181 -9858
3727 297 -9718
3728 227 -9598
3729 165 -9786
3730 7 -10146
3731 1 -9958
3732 17 -9994
3733 -105 -9890
3734 -65 -10118
3735 -103 -9966
3736 -291 -10006
3737 -449 -9910
3738 -367 -10170
3739 -499 -9878
3740 -479 -9878
3741 -377 -10018
3742 -529 -9986
3743 -467 -9978
3744 -381 -9794
3745 -401 -9662
3746 -273 -9854
3747 -51 -9970
3748 -103 -9886
3749 -225 -9958
3750 -337 -9854
3751 -437 -9626
3752 -377 -9810
3753 -341 -9838
3754 -405 -9762
3755 -517 -9978
3756 -599 -9698
3757 -455 -9854
3758 -293 -10038
3759 -337 -10014
3760 -361 -10050
3761 -431 -10350
3762 -341 -10006
3763 -399 -9930
3764 -511 -9998
3765 -583 -10230
3766 -415 -9938
3767 -389 -9946
3768 -511 -9942
3769 -497 -10102
3770 -623 -9882
3771 -557 -9682
3772 -621 -9930
3773 -711 -9798
3774 -669 -9866
3775 -729 -9946
3776 -647 -10014
3777 -603 -10278
3778 -573 -9970
3779 -425 -10054
3780 -557 -9662
3781 -647 -9926
3782 -633 -9946
3783 -447 -10102
3784 -477 -10214
3785 -545 -9966
3786 -563 -9886
3787 -567 -9906
3788 -473 -10062
3789 -353 -10174
3790 -397 -9942
3791 -505 -10050
3792 -641 -10022
3793 -689 -10262
3794 -491 -10134
3795 -399 -10182
3796 -445 -9946
3797 -83 -9922
3798 -171 -10014
3799 -385 -10114
3800 -189 -9862
3801 -237 -9846
3802 -185 -9646
3803 -93 -9786
3804 -107 -9738
3805 -131 -9674
3806 107 -9890
3807 -87 -9922
3808 -27 -10126
3809 -81 -10262
3810 -77 -10486
3811 37 -10602
3812 177 -10498
3813 29 -10634
3814 101 -10334
3815 -197 -10390
3816 -41 -10442
3817 -23 -10234
3818 -167 -9794
3819 -101 -9742
3820 -87 -9778
3821 -247 -9830
3822 -225 -9834
3823 31 -9686
3824 51 -9954
3825 77 -9686
3826 113 -9846
3827 -85 -9762
3828 87 -9762
3829 -145 -9750
3830 -209 -9754
3831 -103 -9898
3832 -99 -9526
3833 -19 -9610
3834 -73 -9426
3835 75 -9350
3836 -67 -9490
3837 33 -9570
3838 -9 -9678
3839 -1 -9594
3840 -129 -9610
3841 -65 -9962
3842 -179 -9674
3843 -87 -10146
3844 -51 -10190
3845 -179 -10182
3846 -11 -10094
3847 -127 -10378
3848 -55 -10206
3849 -295 -10130
3850 -435 -9998
3851 -415 -10018
3852 -513 -9802
3853 -453 -10074
3854 -465 -10362
3855 -527 -10318
3856 -493 -9854
3857 -459 -10298
3858 -523 -10050
3859 -577 -9970
3860 -551 -10110
3861 -417 -9842
3862 -311 -9766
3863 -253 -9938
3864 -113 -9938
3865 -97 -9922
3866 -325 -10034
3867 -355 -9938
3868 -599 -10126
3869 -563 -10150
3870 -587 -9962
3871 -535 -10046
3872 -671 -10062
3873 -529 -9834
3874 -617 -9938
3875 -579 -9850
3876 -501 -9814
3877 -621 -10102
3878 -635 -9922
3879 -711 -9906
3880 -739 -9894
3881 -975 -10054
3882 -911 -10134
3883 -843 -9994
3884 -827 -10342
3885 -821 -10254
3886 -833 -9994
3887 -865 -10110
3888 -1035 -10294
3889 -931 -10174
3890 -979 -9970
3891 -1013 -9926
3892 -1099 -9898
3893 -957 -9762
3894 -859 -9650
3895 -687 -9682
3896 -587 -9786
3897 -557 -10186
3898 -707 -9982
3899 -731 -9974
3900 -639 -10154
3901 -609 -10154
3902 -493 -10102
3903 -475 -9842
3904 -409 -9742
3905 -415 -9750
3906 -641 -9774
3907 -569 -9902
3908 -339 -10114
3909 -441 -9790
3910 -503 -9806
3911 -619 -9954
3912 -501 -10134
3913 -673 -10070
3914 -535 -10090
3915 -533 -10070
3916 -615 -10006
3917 -491 -9982
3918 -685 -10074
3919 -673 -10242
3920 -845 -9826
3921 -719 -9782
3922 -701 -9850
3923 -899 -9438
3924 -1061 -9718
3925 -1309 -9882
3926 -1167 -9982
3927 -1197 -9990
3928 -1051 -10202
3929 -1193 -10266
3930 -1027 -10222
3931 -1041 -10038
3932 -895 -9834
3933 -1031 -9858
3934 -837 -9922
3935 -869 -9798
3936 -909 -9998
3937 -963 -10290
3938 -903 -10198
3939 -1047 -10206
3940 -1195 -10134
3941 -1137 -9926
3942 -911 -10078
3943 -829 -10182
3944 -859 -10078
3945 -827 -10146
3946 -669 -10314
3947 -725 -10178
3948 -753 -10254
3949 -751 -10134
3950 -697 -9982
3951 -559 -10254
3952 -465 -10334
3953 -393 -10158
3954 -525 -10158
3955 -643 -10074
3956 -621 -9750
3957 -411 -9926
3958 -585 -10210
3959 -525 -9962
3960 -467 -9910
3961 -325 -9846
3962 -337 -9894
3963 -429 -9850
3964 -383 -9782
3965 -381 -9714
3966 -389 -9758
3967 -417 -9730
3968 -669 -9918
3969 -743 -9978
3970 -863 -9922
3971 -601 -9794
3972 -723 -9730
3973 -897 -9914
3974 -879 -10026
3975 -853 -10330
3976 -927 -9970
3977 -965 -10262
3978 -819 -9890
3979 -771 -10062
3980 -693 -10286
3981 -519 -10114
3982 -573 -9966
3983 -577 -10086
3984 -545 -10170
3985 -465 -9890
3986 -403 -9730
3987 -147 -9942
3988 -261 -9974
3989 -411 -9954
3990 -303 -10094
3991 -287 -9998
3992 -265 -10434
3993 -213 -9962
3994 -353 -10222
3995 -487 -10010
3996 -325 -9974
3997 -253 -9858
3998 -133 -10102
3999 -155 -9850
4000 -131 -9738
4001 -111 -9646
4002 119 -9698
4003 359 -10038
4004 445 -10058
4005 639 -10182
4006 841 -9978
4007 845 -10138
4008 601 -10294
4009 663 -10222
4010 655 -10126
4011 783 -10010
4012 697 -9966
4013 635 -9834
4014 733 -9886
4015 813 -9986
4016 751 -9990
4017 941 -10090
4018 965 -10182
4019 889 -9910
4020 747 -10142
4021 623 -10082
4022 525 -10002
4023 575 -10074
4024 401 -10174
4025 419 -10070
4026 343 -9890
4027 107 -10006
4028 269 -10166
4029 237 -10106
4030 111 -10130
4031 115 -10226
4032 93 -9794
4033 -39 -9874
4034 -101 -9762
4035 75 -9918
4036 -49 -9970
4037 -223 -9766
4038 -19 -9958
4039 -19 -10022
4040 -69 -9930
4041 95 -9966
4042 103 -9630
4043 173 -9954
4044 229 -9838
4045 345 -9774
4046 371 -9738
4047 367 -9922
4048 37 -10202
4049 285 -9902
4050 323 -10034
4051 283 -10242
4052 195 -10046
4053 -73 -10114
4054 -83 -10102
4055 -145 -9990
4056 -119 -9762
4057 -259 -9638
4058 -65 -9466
4059 -155 -9610
4060 -73 -9498
4061 -53 -9478
4062 -219 -9442
4063 -427 -9470
4064 -677 -9862
4065 -621 -9982
4066 -705 -9958
4067 -525 -9838
4068 -533 -9806
4069 -679 -10090
4070 -481 -10006
4071 -641 -9950
4072 -547 -10014
4073 -487 -9830
4074 -499 -9806
4075 -523 -10014
4076 -429 -9818
4077 -271 -9878
4078 -195 -10110
4079 -335 -10274
4080 -421 -10422
4081 -333 -10122
4082 -309 -10022
4083 -401 -9938
4084 -359 -10002
4085 -637 -9790
4086 -651 -9882
4087 -323 -9922
4088 -125 -9694
4089 -47 -9822
4090 -69 -9686
4091 -219 -9722
4092 -347 -9830
4093 13 -9526
4094 161 -9366
4095 277 -9706
4096 177 -9662
4097 135 -9878
4098 123 -9822
4099 409 -10082
4100 265 -10022
4101 441 -9906
4102 317 -10002
4103 161 -10070
4104 33 -10198
4105 -79 -10210
4106 23 -10090
4107 33 -10218
4108 287 -10246
4109 459 -10010
4110 423 -10198
4111 129 -10134
4112 141 -9994
4113 201 -9858
4114 209 -10010
4115 85 -9986
4116 39 -9982
4117 -133 -10234
4118 -47 -10182
4119 -265 -9890
4120 -205 -9910
4121 -61 -10102
4122 -87 -10318
4123 -163 -10274
4124 -113 -10134
4125 115 -9982
4126 75 -9890
4127 -181 -10022
4128 -365 -10002
4129 -303 -9910
4130 -357 -9662
4131 -321 -9918
4132 -547 -9938
4133 -657 -9918
4134 -703 -10274
4135 -545 -10226
4136 -703 -10050
4137 -571 -10190
4138 -633 -10358
4139 -881 -10266
4140 -1039 -10362
4141 -933 -10006
4142 -967 -10110
4143 -1079 -9658
4144 -1107 -9986
4145 -1029 -9954
4146 -937 -10054
4147 -673 -10018
4148 -691 -9902
4149 -571 -9838
4150 -587 -10042
4151 -507 -10146
4152 -741 -10250
4153 -831 -10266
4154 -725 -10286
4155 -707 -10286
4156 -391 -10234
4157 -323 -10158
4158 -493 -10130
4159 -809 -10066
4160 -779 -9734
4161 -755 -9866
4162 -581 -9854
4163 -631 -10086
4164 -611 -9762
4165 -515 -9650
4166 -639 -9846
4167 -729 -10022
4168 -661 -9682
4169 -663 -9646
4170 -531 -9630
4171 -499 -9610
4172 -561 -9730
4173 -693 -9822
4174 -725 -9726
4175 -565 -9694
4176 -363 -9850
4177 -377 -9962
4178 -355 -9894
4179 -313 -9878
4180 -333 -9718
4181 -461 -9706
4182 -329 -9798
4183 -469 -9754
4184 -669 -9866
4185 -377 -10078
4186 -269 -10334
4187 -149 -10158
4188 15 -10126
4189 -43 -10154
4190 -45 -10242
4191 -25 -10362
4192 13 -10070
4193 129 -10258
4194 189 -10046
4195 511 -9946
4196 591 -9906
4197 745 -9906
4198 667 -9978
4199 795 -10286
4200 631 -10034
4201 751 -9958
4202 575 -9890
4203 869 -10182
4204 931 -10066
4205 931 -10310
4206 951 -10078
4207 1017 -9846
4208 981 -10006
4209 875 -10082
4210 875 -10054
4211 1127 -10130
4212 957 -10266
4213 901 -10262
4214 885 -10022
4215 699 -9942
4216 555 -10026
4217 585 -10242
4218 585 -10162
4219 595 -9914
4220 637 -9922
4221 581 -9890
4222 407 -9982
4223 589 -9854
4224 421 -9866
4225 459 -9862
4226 611 -9878
4227 577 -9806
4228 575 -9786
4229 333 -9906
4230 363 -10034
4231 343 -9894
4232 313 -9950
4233 73 -10062
4234 247 -9854
4235 327 -9858
4236 303 -9822
4237 209 -9950
4238 77 -9926
4239 153 -9910
4240 13 -9758
4241 -53 -9642
4242 -329 -9782
4243 -555 -9654
4244 -459 -9630
4245 -527 -9610
4246 -785 -9522
4247 -857 -9530
4248 -789 -9894
4249 -591 -9866
4250 -711 -9970
4251 -575 -9642
4252 -643 -9714
4253 -593 -9942
4254 -491 -10038
4255 -533 -9726
4256 -477 -9922
4257 -459 -9890
4258 -299 -9822
4259 -11 -9802
4260 -199 -9670
4261 -151 -9550
4262 -59 -9754
4263 -263 -9798
4264 -345 -9866
4265 -201 -10122
4266 -259 -10178
4267 -203 -10386
4268 41 -10246
4269 53 -10126
4270 -81 -10290
4271 -245 -10238
4272 -215 -10282
4273 -95 -10334
4274 -135 -10214
4275 -127 -10286
4276 -327 -10126
4277 -601 -10194
4278 -557 -10222
4279 -557 -10110
4280 -669 -10166
4281 -805 -10018
4282 -797 -9798
4283 -665 -9718
4284 -641 -9738
4285 -705 -9802
4286 -641 -10006
4287 -635 -10078
4288 -529 -10106
4289 -595 -10030
4290 -801 -9922
4291 -565 -9954
4292 -461 -9922
4293 -437 -9754
4294 -349 -9790
4295 -221 -9726
4296 -295 -9742
4297 -181 -9762
4298 -165 -10046
4299 -299 -9862
4300 -363 -9822
4301 -301 -10230
4302 -427 -10038
4303 -571 -10146
4304 -559 -10106
4305 -589 -9846
4306 -487 -9770
4307 -449 -9746
4308 -547 -9750
4309 -587 -9674
4310 -607 -9778
4311 -661 -9966
4312 -577 -9986
4313 -381 -9846
4314 -421 -9714
4315 -401 -9806
4316 -317 -9842
4317 -513 -9722
4318 -597 -9922
4319 -719 -10002
4320 -635 -9794
4321 -625 -9754
4322 -575 -9850
4323 -619 -9618
4324 -497 -9686
4325 -599 -9750
4326 -687 -10038
4327 -759 -9986
4328 -661 -9910
4329 -785 -9982
4330 -641 -9950
4331 -393 -10130
4332 -293 -9970
4333 -307 -10006
4334 -245 -9950
4335 -201 -10106
4336 -159 -10066
4337 69 -9886
4338 73 -9810
4339 -45 -9930
4340 -193 -9902
4341 -209 -10042
4342 -163 -10126
4343 -317 -9830
4344 -217 -9918
4345 -227 -9882
4346 -357 -10126
4347 -303 -10310
4348 -443 -10142
4349 -233 -10286
4350 -143 -10098
4351 -37 -9890
4352 67 -9842
4353 195 -9694
4354 197 -9962
4355 73 -9742
4356 189 -9926
4357 139 -9502
4358 261 -9422
4359 221 -9466
4360 267 -9730
4361 265 -9982
4362 219 -9814
4363 121 -9850
4364 339 -10002
4365 301 -9822
4366 343 -9982
4367 415 -10058
4368 553 -9918
4369 495 -10030
4370 559 -9858
4371 519 -9822
4372 379 -10066
4373 509 -9802
4374 615 -10050
4375 513 -9890
4376 719 -10094
4377 685 -10034
4378 637 -9782
4379 763 -10226
4380 775 -10382
4381 751 -10366
4382 597 -9966
4383 541 -10290
4384 381 -10214
4385 501 -10182
4386 303 -9974
4387 193 -9874
4388 245 -9822
4389 219 -9910
4390 57 -9938
4391 -99 -9806
4392 -135 -10098
4393 -177 -10194
4394 25 -10062
4395 117 -10150
4396 199 -10082
4397 59 -9794
4398 127 -10026
4399 165 -10054
4400 -37 -10150
4401 -155 -9754
4402 -29 -9678
4403 -61 -9826
4404 -53 -9890
4405 197 -9846
4406 97 -10170
4407 219 -9934
4408 149 -10066
4409 63 -10230
4410 91 -10110
4411 39 -10030
4412 239 -10222
4413 159 -10242
4414 309 -10218
4415 247 -10498
4416 275 -10078
4417 155 -10042
4418 203 -9978
4419 121 -10074
4420 -103 -9790
4421 -205 -10058
4422 -87 -10130
4423 -147 -10218
4424 -291 -10166
4425 -397 -10182
4426 -173 -10314
4427 -239 -9974
4428 -177 -10006
4429 -127 -10102
4430 -149 -10162
4431 -107 -10122
4432 -83 -9954
4433 -33 -9886
4434 -199 -10022
4435 37 -9978
4436 165 -9866
4437 -57 -9774
4438 91 -9658
4439 61 -9742
4440 -27 -9554
4441 3 -9674
4442 -91 -9898
4443 147 -9774
4444 5 -9754
4445 107 -9762
4446 -289 -9746
4447 -87 -9582
4448 -65 -9514
4449 -127 -9610
4450 -123 -9878
4451 -165 -9794
4452 -23 -9746
4453 67 -9730
4454 -133 -9814
4455 -331 -9850
4456 -85 -9730
4457 -255 -9870
4458 -279 -9922
4459 -471 -9754
4460 -357 -10018
4461 -331 -9830
4462 -197 -9966
4463 -185 -9866
4464 -95 -9978
4465 -87 -10002
4466 -115 -9938
4467 -7 -9830
4468 377 -10014
4469 377 -9718
4470 485 -9946
4471 333 -9882
4472 259 -9990
4473 279 -9970
4474 345 -9534
4475 285 -9950
4476 419 -10078
4477 343 -9854
4478 31 -9966
4479 -47 -9838
4480 -19 -10026
4481 -167 -9942
4482 -109 -9814
4483 -61 -9910
4484 -61 -9738
4485 -247 -9946
4486 -233 -9802
4487 -437 -9782
4488 -325 -9662
4489 -233 -9570
4490 -393 -9706
4491 -387 -9730
4492 -473 -9418
4493 -269 -9590
4494 -161 -9762
4495 -159 -9574
4496 191 -9846
4497 79 -9726
4498 125 -9786
4499 97 -10114
4500 39 -9742
4501 175 -9618
4502 223 -9758
4503 -79 -9526
4504 -247 -9686
4505 -377 -9798
4506 -257 -9706
4507 -557 -9842
4508 -463 -10066
4509 -601 -10014
4510 -701 -9850
4511 -465 -10142
4512 -289 -10146
4513 -55 -10042
4514 -193 -9894
4515 -181 -9690
4516 -89 -9962
4517 -193 -10010
4518 -201 -10234
4519 -415 -10194
4520 -429 -10142
4521 -185 -9922
4522 -365 -10226
4523 -435 -10022
4524 -315 -10106
4525 -233 -9926
4526 -103 -10054
4527 -49 -10142
4528 -181 -10018
4529 -151 -9986
4530 -81 -10150
4531 -19 -10138
4532 -137 -9918
4533 -81 -9990
4534 83 -10198
4535 215 -9938
4536 93 -10138
4537 117 -9934
4538 247 -10158
4539 191 -9846
4540 167 -9874
4541 207 -10070
4542 195 -9970
4543 179 -9966
4544 245 -10182
4545 125 -9970
4546 149 -10094
4547 -135 -10030
4548 -369 -10338
4549 -357 -10118
4550 -209 -10142
4551 -273 -9994
4552 -183 -10034
4553 -85 -9802
4554 77 -9946
4555 117 -10006
4556 147 -9898
4557 159 -9478
4558 233 -9690
4559 325 -9654
4560 449 -9670
4561 509 -9658
4562 527 -9870
4563 631 -9886
4564 913 -9874
4565 861 -10014
4566 1013 -9950
4567 947 -9682
4568 1081 -9690
4569 1001 -9494
4570 905 -9602
4571 873 -9782
4572 801 -9858
4573 569 -9746
4574 711 -9658
4575 831 -9614
4576 637 -9694
4577 707 -10174
4578 745 -9994
4579 499 -9946
4580 571 -9926
4581 589 -9882
4582 509 -10118
4583 523 -9746
4584 625 -9942
4585 713 -10034
4586 499 -9690
4587 399 -9558
4588 427 -9594
4589 79 -9826
4590 93 -9906
4591 -65 -9562
4592 -19 -9898
4593 -107 -9882
4594 -13 -9646
4595 35 -9686
4596 123 -9894
4597 -21 -9846
4598 29 -10110
4599 31 -9846
4600 167 -9870
4601 103 -9990
4602 313 -9826
4603 391 -10094
4604 379 -10130
4605 363 -10190
4606 489 -10198
4607 529 -10094
4608 415 -10034
4609 569 -10010
4610 527 -9934
4611 323 -9942
4612 365 -9642
4613 577 -9850
4614 571 -10174
4615 509 -10034
4616 389 -10038
4617 265 -10406
4618 201 -10382
4619 247 -10146
4620 263 -10174
4621 285 -10102
4622 325 -10054
4623 307 -10038
4624 417 -10138
4625 427 -10042
4626 549 -10086
4627 551 -9898
4628 397 -9742
4629 467 -9714
4630 453 -9690
4631 523 -9986
4632 687 -10058
4633 549 -10114
4634 663 -10178
4635 479 -10158
4636 549 -10170
4637 665 -10074
4638 525 -10190
4639 471 -10006
4640 339 -10098
4641 449 -10142
4642 551 -10070
4643 341 -10194
4644 291 -10002
4645 179 -10134
4646 277 -10026
4647 269 -10022
4648 123 -10038
4649 263 -10042
4650 343 -10026
4651 391 -10186
4652 311 -10194
4653 403 -10202
4654 483 -9910
4655 269 -9810
4656 255 -9766
4657 263 -9794
4658 191 -9982
4659 133 -9770
4660 123 -10070
4661 197 -10062
4662 203 -10114
4663 217 -10326
4664 163 -10026
4665 213 -9882
4666 131 -9762
4667 -97 -9534
4668 59 -9882
4669 -101 -10178
4670 -237 -9998
4671 -157 -9706
4672 35 -9978
4673 -87 -9890
4674 49 -10018
4675 313 -9850
4676 229 -9970
4677 153 -10294
4678 55 -10238
4679 209 -10062
4680 375 -10078
4681 331 -10074
4682 203 -10098
4683 349 -9934
4684 221 -9774
4685 153 -9842
4686 -121 -9886
4687 -121 -9826
4688 -241 -9970
4689 -37 -9850
4690 -57 -9638
4691 -65 -9850
4692 -41 -9998
4693 -21 -9770
4694 -127 -9574
4695 55 -9674
4696 17 -9810
4697 119 -9846
4698 123 -9762
4699 133 -10018
4700 255 -9806
4701 299 -9710
4702 437 -10174
4703 375 -10298
4704 321 -9918
4705 453 -9738
4706 327 -9902
4707 221 -10054
4708 329 -10070
4709 495 -9770
4710 617 -9822
4711 577 -9926
4712 723 -9814
4713 711 -9726
4714 635 -9818
4715 551 -9914
4716 537 -10166
4717 647 -9886
4718 677 -9958
4719 489 -10278
4720 499 -10382
4721 605 -10170
4722 621 -10134
4723 529 -10490
4724 453 -10182
4725 387 -10106
4726 367 -10082
4727 391 -10262
4728 155 -10298
4729 -93 -10186
4730 -59 -10174
4731 1 -9926
4732 71 -9650
4733 83 -10050
4734 317 -9894
4735 375 -9826
4736 523 -9766
4737 517 -9838
4738 631 -9806
4739 481 -9862
4740 427 -9778
4741 271 -9970
4742 265 -9826
4743 359 -10170
4744 283 -9994
4745 287 -9998
4746 427 -10014
4747 483 -9922
4748 429 -9738
4749 237 -9838
4750 295 -10138
4751 191 -10050
4752 339 -9854
4753 531 -10090
4754 765 -10114
4755 717 -10110
4756 711 -9974
4757 745 -9962
4758 655 -10246
4759 645 -10058
4760 733 -10194
4761 571 -9810
4762 599 -9834
4763 693 -10002
4764 595 -9902
4765 555 -9806
4766 293 -9618
4767 497 -9914
4768 451 -9578
4769 395 -9546
4770 365 -9590
4771 435 -9450
4772 285 -9502
4773 19 -9778
4774 -127 -9682
4775 -1 -9534
4776 -89 -9818
4777 -107 -9858
4778 -3 -10230
4779 -107 -10222
4780 -39 -10214
4781 -93 -9938
4782 -29 -10158
4783 5 -9830
4784 23 -10182
4785 -157 -10242
4786 -211 -9978
4787 -301 -9946
4788 -237 -9702
4789 -61 -9850
4790 -103 -9782
4791 21 -9798
4792 -99 -10182
4793 -23 -10082
4794 -71 -9962
4795 -69 -9822
4796 67 -9910
4797 -23 -9670
4798 91 -9642
4799 247 -9878
4800 443 -9898
4801 421 -9810
4802 503 -9870
4803 335 -9602
4804 105 -9646
4805 89 -9682
4806 115 -9710
4807 39 -9590
4808 91 -9818
4809 229 -9818
4810 229 -10070
4811 243 -9762
4812 193 -9934
4813 127 -9846
4814 51 -9830
4815 55 -9774
4816 83 -9826
4817 181 -9862
4818 263 -10090
4819 289 -9982
4820 203 -9882
4821 103 -10058
4822 109 -10062
4823 -63 -9970
4824 -59 -9974
4825 -91 -9818
4826 -197 -10030
4827 -165 -9666
4828 -285 -9730
4829 -103 -9790
4830 -137 -9798
4831 -219 -9730
4832 -67 -9846
4833 -153 -9994
4834 147 -9938
4835 -19 -9906
4836 -285 -10098
4837 -87 -10134
4838 -109 -9970
4839 37 -10098
4840 55 -9886
4841 -1 -9734
4842 -181 -9978
4843 -337 -9802
4844 -241 -9878
4845 -67 -10058
4846 -75 -9922
4847 -257 -9878
4848 -199 -10426
4849 -279 -10226
4850 -287 -10034
4851 -153 -10114
4852 -381 -9814
4853 -389 -9930
4854 -475 -9934
4855 -335 -9934
4856 -577 -10006
4857 -517 -10126
4858 -479 -10090
4859 -477 -10098
4860 1 -9910
4861 89 -10158
4862 101 -10198
4863 55 -10022
4864 81 -10010
4865 -159 -9838
4866 -235 -9870
4867 31 -9886
4868 147 -10178
4869 155 -10118
4870 115 -10090
4871 21 -9902
4872 -263 -10038
4873 -381 -10178
4874 -389 -10094
4875 -241 -10254
4876 -197 -10082
4877 33 -10126
4878 13 -9994
4879 41 -9750
4880 -223 -9774
4881 -343 -9910
4882 -393 -10106
4883 -385 -10266
4884 -465 -10466
4885 -383 -10674
4886 -425 -10526
4887 -347 -10290
4888 -367 -10214
4889 -471 -9982
4890 -381 -10230
4891 -249 -10118
4892 -31 -10074
4893 1 -9942
4894 -57 -9842
4895 -435 -9942
4896 -489 -9590
4897 -405 -9810
4898 -375 -9930
4899 -345 -10102
4900 -575 -9922
4901 -521 -9902
4902 -621 -9726
4903 -723 -9690
4904 -661 -9842
4905 -613 -9958
4906 -663 -9898
4907 -669 -9962
4908 -781 -10166
4909 -697 -9774
4910 -609 -9826
4911 -519 -9982
4912 -385 -10266
4913 -467 -10178
4914 -535 -9950
4915 -503 -10230
4916 -383 -9706
4917 -323 -9802
4918 -213 -9838
4919 -91 -9798
4920 -247 -9946
4921 -51 -9986
4922 -221 -10210
4923 -287 -10098
4924 -293 -10230
4925 -129 -9858
4926 -81 -9990
4927 -113 -9802
4928 -25 -10070
4929 9 -10074
4930 -155 -9974
4931 -187 -10234
4932 79 -10198
4933 207 -10058
4934 195 -10210
4935 219 -10342
4936 309 -10018
4937 453 -10214
4938 499 -9830
4939 471 -9758
4940 305 -9898
4941 415 -9878
4942 353 -9906
4943 161 -9826
4944 195 -9810
4945 359 -9850
4946 297 -10026
4947 191 -9958
4948 85 -9942
4949 -193 -9994
4950 -405 -9902
4951 -455 -9978
4952 -575 -10022
4953 -487 -9962
4954 -315 -9858
4955 -295 -10102
4956 -375 -9886
4957 -313 -10078
4958 -621 -9730
4959 -581 -9770
4960 -525 -9842
4961 -437 -9694
4962 -503 -9738
4963 -367 -9982
4964 -451 -9942
4965 -245 -10006
4966 -313 -9986
4967 -289 -9978
4968 -389 -10358
4969 -503 -10226
4970 -531 -10238
4971 -583 -10202
4972 -651 -10270
4973 -593 -10286
4974 -585 -9946
4975 -437 -10058
4976 -379 -9546
4977 -455 -9698
4978 -527 -9878
4979 -699 -9926
4980 -917 -9450
4981 -805 -9898
4982 -903 -10042
4983 -963 -10430
4984 -1061 -9994
4985 -1297 -9938
4986 -1063 -10130
4987 -1033 -9782
4988 -981 -9574
4989 -1131 -9946
4990 -1297 -9714
4991 -1343 -9754
4992 -1375 -10070
4993 -1547 -10090
4994 -1477 -9962
4995 -1421 -9770
4996 -1525 -9610
4997 -1627 -9742
4998 -1435 -9794
4999 -1387 -9694
5000 -1231 -9870
5001 -1191 -9826
5002 -1021 -9874
5003 -1029 -10070
5004 -1101 -10186
5005 -1041 -9862
5006 -1015 -10346
5007 -951 -10054
5008 -997 -10010
5009 -1015 -9946
5010 -1047 -10042
5011 -787 -10098
5012 -761 -10050
5013 -577 -10070
5014 -495 -10050
5015 -397 -10030
5016 -671 -10130
5017 -627 -10166
5018 -599 -10130
5019 -545 -10034
5020 -551 -10174
5021 -605 -10218
5022 -587 -10190
5023 -701 -10050
5024 -593 -10026
5025 -375 -9698
5026 -359 -10122
5027 -337 -9962
5028 -227 -9918
5029 45 -9938
5030 -33 -9782
5031 -133 -9862
5032 -17 -10038
5033 -23 -9774
5034 -49 -9818
5035 -201 -9942
5036 -267 -10122
5037 -269 -10046
5038 -331 -10058
5039 -219 -9914
5040 -257 -10270
5041 -425 -10050
5042 -447 -10062
5043 -367 -10202
5044 -529 -10038
5045 -441 -10414
5046 -529 -10250
5047 -455 -10258
5048 -647 -10314
5049 -609 -10142
5050 -711 -10226
5051 -435 -10374
5052 -455 -10438
5053 -417 -10142
5054 -339 -10190
5055 -473 -10310
5056 -399 -10046
5057 -191 -10134
5058 -391 -10022
5059 -309 -9894
5060 -239 -10218
5061 -335 -10042
5062 -219 -9938
5063 -183 -9958
5064 113 -9646
5065 59 -9802
5066 101 -10050
5067 19 -10014
5068 -57 -10170
5069 -43 -9982
5070 99 -10098
5071 71 -9910
5072 67 -9990
5073 109 -9806
5074 181 -9630
5075 125 -10026
5076 305 -10146
5077 313 -10190
5078 191 -9710
5079 217 -9902
5080 179 -9838
5081 149 -10022
5082 -5 -9758
5083 139 -9874
5084 275 -9738
5085 135 -9874
5086 297 -10054
5087 385 -10350
5088 333 -10254
5089 233 -10070
5090 411 -9950
5091 369 -10150
5092 587 -10178
5093 697 -10174
5094 595 -9946
5095 387 -9838
5096 583 -9838
5097 673 -9978
5098 681 -9738
5099 635 -9810
5100 901 -9890
5101 937 -9946
5102 859 -9950
5103 903 -10230
5104 761 -10286
5105 685 -10098
5106 817 -10142
5107 883 -9930
5108 619 -10122
5109 553 -10178
5110 631 -10218
5111 573 -10030
5112 525 -10214
5113 623 -10210
5114 735 -10358
5115 757 -10290
5116 801 -10162
5117 765 -10190
5118 653 -9974
5119 613 -9866
5120 637 -9890
5121 259 -9870
5122 267 -10042
5123 507 -9986
5124 487 -10338
5125 679 -9942
5126 575 -9934
5127 653 -9998
5128 545 -9774
5129 453 -10122
5130 659 -9914
5131 709 -9930
5132 701 -9674
5133 741 -9798
5134 655 -10066
5135 767 -9886
5136 683 -9662
5137 645 -9842
5138 617 -9910
5139 509 -9922
5140 675 -9670
5141 613 -10086
5142 823 -10114
5143 641 -9926
5144 537 -9938
5145 411 -9786
5146 323 -9654
5147 321 -9594
5148 389 -9678
5149 519 -9702
5150 487 -9786
5151 475 -9746
5152 523 -9938
5153 413 -9686
5154 347 -9958
5155 103 -9762
5156 -169 -10038
5157 -431 -10106
5158 -555 -9926
5159 -571 -10126
5160 -629 -10022
5161 -573 -9882
5162 -579 -9966
5163 -477 -9714
5164 -735 -9826
5165 -465 -9842
5166 -167 -10226
5167 29 -10282
5168 41 -10438
5169 -105 -10794
5170 67 -10510
5171 99 -10482
5172 -41 -10278
5173 -253 -10202
5174 -331 -10002
5175 -57 -10138
5176 -181 -10014
5177 -163 -9974
5178 -169 -10254
5179 -121 -10170
5180 -43 -10110
5181 -203 -10298
5182 -275 -10166
5183 -317 -10386
5184 -409 -10234
5185 -399 -10066
5186 -319 -9954
5187 -313 -10046
5188 -225 -9834
5189 -135 -9810
5190 -191 -9754
5191 -133 -9730
5192 -229 -9682
5193 -187 -9858
5194 -289 -9690
5195 -271 -9706
5196 -613 -10062
5197 -709 -10050
5198 -717 -10058
5199 -777 -10166
5200 -869 -9746
5201 -933 -9834
5202 -711 -9958
5203 -605 -10014
5204 -705 -10006
5205 -461 -9754
5206 -391 -9666
5207 -417 -9638
5208 -415 -9590
5209 -247 -9530
5210 -433 -9770
5211 -341 -9842
5212 21 -9922
5213 -17 -9886
5214 -89 -9922
5215 -273 -9946
5216 -69 -9690
5217 -145 -9702
5218 -29 -9786
5219 -215 -9810
5220 -69 -9902
5221 -159 -9846
5222 -89 -9830
5223 -303 -9854
5224 -377 -9790
5225 -537 -9774
5226 -549 -9898
5227 -441 -9882
5228 -473 -10262
5229 -419 -10410
5230 -389 -10258
5231 -381 -9846
5232 -211 -9930
5233 -61 -10086
5234 -183 -10094
5235 -519 -9998
5236 -449 -10014
5237 -533 -10114
5238 -485 -10050
5239 -521 -9982
5240 -345 -10222
5241 -329 -10286
5242 -237 -10322
5243 -389 -9998
5244 -419 -10206
5245 -319 -10210
5246 -427 -10330
5247 -501 -10250
5248 -349 -10262
5249 -517 -10022
5250 -435 -9926
5251 -487 -9818
5252 -393 -10206
5253 -419 -9982
5254 -331 -10338
5255 -401 -10134
5256 -589 -10030
5257 -397 -10310
5258 -539 -9998
5259 -347 -9802
5260 -229 -9798
5261 -107 -9898
5262 -65 -9978
5263 -247 -10178
5264 -193 -10174
5265 -293 -10178
5266 -159 -10098
5267 -135 -9834
5268 251 -10006
5269 173 -10026
5270 -177 -10026
5271 -139 -9826
5272 -265 -9778
5273 -217 -10026
5274 61 -10094
5275 73 -10154
5276 165 -10170
5277 -11 -10138
5278 -29 -10134
5279 11 -10330
5280 237 -9982
5281 65 -9842
5282 209 -9994
5283 257 -9754
5284 169 -9678
5285 -181 -9654
5286 -17 -9614
5287 -219 -9470
5288 -469 -9654
5289 -479 -9666
5290 -405 -9706
5291 -281 -9726
5292 -307 -9926
5293 -429 -10050
5294 -695 -9810
5295 -621 -9970
5296 -559 -9926
5297 -373 -9670
5298 -513 -9750
5299 -481 -10070
5300 -581 -10106
5301 -553 -10282
5302 -525 -10370
5303 -703 -10210
5304 -701 -10162
5305 -503 -10186
5306 -545 -10330
5307 -633 -10226
5308 -529 -9946
5309 -605 -9950
5310 -717 -9854
5311 -755 -9854
5312 -455 -9834
5313 -417 -10014
5314 -415 -10062
5315 -421 -10062
5316 -215 -9886
5317 -307 -9758
5318 -237 -10118
5319 -319 -9942
5320 -325 -9802
5321 -315 -9926
5322 -425 -9670
5323 -453 -9682
5324 -675 -9722
5325 -705 -9978
5326 -511 -9938
5327 -297 -9846
5328 -161 -9822
5329 -153 -9822
5330 65 -9818
5331 1 -9402
5332 -223 -9642
5333 -239 -9582
5334 -423 -9670
5335 -339 -9670
5336 -483 -9674
5337 -385 -9582
5338 -599 -9822
5339 -437 -9654
5340 -555 -9658
5341 -491 -9950
5342 -217 -10150
5343 -161 -9950
5344 -3 -10022
5345 -121 -9578
5346 5 -9830
5347 -43 -9746
5348 -85 -9930
5349 -205 -10030
5350 -225 -9998
5351 -265 -10018
5352 -167 -9766
5353 -169 -9846
5354 -215 -9738
5355 -57 -9926
5356 135 -9882
5357 -1 -10066
5358 -141 -10122
5359 -221 -9878
5360 -247 -10142
5361 -147 -9874
5362 -211 -9886
5363 -103 -9910
5364 -43 -9666
5365 7 -9898
5366 73 -10074
5367 133 -9986
5368 237 -10066
5369 185 -10046
5370 337 -9874
5371 195 -9734
5372 13 -9918
5373 3 -9834
5374 47 -9742
5375 65 -9730
5376 -89 -9666
5377 -107 -9706
5378 -159 -9750
5379 -89 -9978
5380 -161 -9798
5381 -155 -9930
5382 -135 -9658
5383 -89 -9998
5384 -187 -10106
5385 -119 -10106
5386 -77 -9726
5387 -43 -9654
5388 -1 -9818
5389 -3 -9950
5390 -139 -9942
5391 15 -9886
5392 47 -9738
5393 -65 -9978
5394 11 -10130
5395 -63 -10046
5396 -139 -10154
5397 -371 -10074
5398 -275 -10142
5399 -247 -9910
5400 -175 -9858
5401 -247 -10014
5402 -289 -10046
5403 -417 -10222
5404 -403 -10206
5405 -499 -10098
5406 -531 -10370
5407 -415 -10406
5408 -467 -10282
5409 -721 -10158
5410 -407 -10118
5411 -475 -9886
5412 -451 -9906
5413 -409 -10158
5414 -599 -10210
5415 -349 -10442
5416 -127 -10162
5417 91 -10122
5418 -3 -9938
5419 -7 -9982
5420 37 -9846
5421 5 -9910
5422 53 -9862
5423 -151 -9966
5424 -149 -10086
5425 -211 -9946
5426 -91 -9674
5427 125 -9778
5428 241 -9874
5429 191 -10014
5430 165 -10126
5431 181 -10038
5432 291 -9982
5433 389 -10130
5434 351 -9910
5435 171 -10166
5436 57 -9930
5437 91 -10090
5438 129 -9906
5439 101 -9826
5440 -23 -9834
5441 -269 -10146
5442 -497 -10078
5443 -733 -9994
5444 -803 -9690
5445 -809 -9730
5446 -859 -9590
5447 -907 -9422
5448 -921 -9674
5449 -823 -9258
5450 -783 -9626
5451 -893 -9570
5452 -757 -9870
5453 -647 -9934
5454 -515 -9766
5455 -325 -9978
5456 -429 -9818
5457 -675 -10002
5458 -609 -10022
5459 -525 -9902
5460 -407 -9842
5461 -207 -9810
5462 -137 -9994
5463 -119 -10094
5464 -109 -10078
5465 -179 -9918
5466 -133 -9862
5467 -81 -9914
5468 25 -9882
5469 -165 -9666
5470 -269 -9646
5471 -139 -9778
5472 -87 -10078
5473 -91 -9862
5474 -93 -9846
5475 -205 -9994
5476 -235 -9878
5477 -377 -9914
5478 -459 -9498
5479 -623 -9734
5480 -649 -9786
5481 -449 -9874
5482 -245 -9778
5483 -173 -10102
5484 -135 -9866
5485 -179 -9734
5486 -433 -9802
5487 -701 -9418
5488 -487 -9790
5489 -493 -9786
5490 -555 -9962
5491 -677 -10378
5492 -545 -10306
5493 -665 -9906
5494 -585 -9970
5495 -409 -9938
5496 -221 -9842
5497 -267 -9958
5498 -281 -9758
5499 -293 -9770
5500 -533 -9606
5501 -503 -9550
5502 -421 -9882
5503 -633 -9906
5504 -435 -9846
5505 -561 -9970
5506 -561 -9990
5507 -781 -10138
5508 -763 -10038
5509 -701 -10078
5510 -599 -9898
5511 -519 -9914
5512 -485 -9938
5513 -327 -10066
5514 -199 -10042
5515 -207 -9798
5516 -211 -10302
5517 -353 -10130
5518 -279 -10110
5519 -227 -9994
5520 -255 -10186
5521 -197 -10310
5522 -175 -10314
5523 13 -10062
5524 237 -10302
5525 285 -10314
5526 149 -10178
5527 125 -10142
5528 103 -9894
5529 173 -9926
5530 179 -9990
5531 -21 -9926
5532 -173 -9746
5533 -149 -9990
5534 -155 -9954
5535 -147 -9966
5536 -33 -9714
5537 49 -9870
5538 81 -9822
5539 -35 -9934
5540 -179 -10002
5541 -359 -10086
5542 -207 -9946
5543 -407 -10030
5544 -247 -9874
5545 -137 -9738
5546 -61 -9626
5547 49 -9706
5548 -109 -9746
5549 45 -9686
5550 69 -9790
5551 129 -9950
5552 155 -9782
5553 141 -10042
5554 141 -10022
5555 247 -9974
5556 365 -10270
5557 433 -10414
5558 341 -10186
5559 281 -10238
5560 401 -10198
5561 501 -10054
5562 319 -10110
5563 375 -10102
5564 287 -9574
5565 285 -9766
5566 255 -10002
5567 215 -10066
5568 -43 -9882
5569 -105 -10006
5570 -111 -9942
5571 -149 -9826
5572 -357 -9550
5573 -379 -9782
5574 -291 -9742
5575 -421 -9686
5576 -65 -9558
5577 -215 -9906
5578 -311 -9958
5579 -417 -9802
5580 -339 -9862
5581 -253 -10042
5582 -283 -10006
5583 -219 -9886
5584 -97 -9862
5585 29 -9958
5586 -177 -9738
5587 -23 -9758
5588 123 -9862
5589 137 -9710
5590 63 -10050
5591 123 -9890
5592 -17 -10090
5593 245 -10038
5594 165 -10058
5595 215 -10446
5596 187 -10142
5597 115 -10118
5598 87 -10278
5599 143 -10158
5600 191 -10294
5601 311 -10322
5602 171 -10310
5603 43 -10046
5604 129 -9718
5605 -85 -10062
5606 -101 -9974
5607 181 -9994
5608 223 -9826
5609 269 -10006
5610 351 -9766
5611 379 -9782
5612 395 -9802
5613 277 -9898
5614 479 -9878
5615 329 -9970
5616 287 -10042
5617 145 -10134
5618 193 -10190
5619 279 -10142
5620 231 -10246
5621 357 -10206
5622 375 -10342
5623 243 -10434
5624 409 -10142
5625 439 -9818
5626 563 -10034
5627 601 -10018
5628 901 -10330
5629 669 -10282
5630 653 -10106
5631 635 -10106
5632 751 -10134
5633 665 -10294
5634 695 -10218
5635 491 -9598
5636 405 -9974
5637 219 -10282
5638 407 -10166
5639 287 -10242
5640 185 -10150
5641 211 -10246
5642 163 -10134
5643 41 -10030
5644 -71 -10014
5645 81 -10090
5646 237 -10006
5647 209 -10026
5648 239 -10194
5649 205 -10110
5650 237 -9950
5651 319 -10086
5652 339 -9794
5653 453 -9810
5654 499 -9966
5655 507 -9950
5656 497 -9738
5657 361 -9758
5658 287 -9970
5659 183 -9886
5660 103 -9790
5661 -93 -10030
5662 -133 -10010
5663 -261 -10014
5664 -577 -9722
5665 -585 -9994
5666 -333 -9670
5667 -427 -9994
5668 -423 -10022
5669 -87 -9950
5670 -81 -9906
5671 -117 -9954
5672 -197 -9626
5673 -251 -9634
5674 -395 -9662
5675 -359 -9562
5676 -387 -9846
5677 -443 -9902
5678 -579 -9922
5679 -415 -9942
5680 -291 -10042
5681 -115 -9958
5682 11 -9978
5683 -13 -9930
5684 117 -9810
5685 57 -9998
5686 175 -10010
5687 165 -10074
5688 49 -9890
5689 171 -9782
5690 195 -9566
5691 133 -9786
5692 407 -10102
5693 443 -10282
5694 483 -9862
5695 479 -9770
5696 351 -9842
5697 463 -9854
5698 401 -10006
5699 437 -10110
5700 367 -10070
5701 205 -9962
5702 151 -10174
5703 43 -10322
5704 47 -10134
5705 275 -9974
5706 217 -9830
5707 243 -9646
5708 325 -9830
5709 215 -9818
5710 197 -9938
5711 387 -9838
5712 507 -9850
5713 463 -10174
5714 575 -10174
5715 639 -10254
5716 725 -10130
5717 603 -9690
5718 485 -10046
5719 653 -9838
5720 621 -9918
5721 761 -10282
5722 845 -10238
5723 961 -10438
5724 1119 -10138
5725 1137 -10154
5726 1061 -10034
5727 997 -10106
5728 859 -10030
5729 963 -10434
5730 843 -10006
5731 795 -10158
5732 875 -9942
5733 967 -9894
5734 1045 -9874
5735 1205 -10066
5736 1287 -10062
5737 1019 -9954
5738 1037 -10174
5739 949 -10390
5740 917 -10134
5741 1047 -10506
5742 1245 -10622
5743 1213 -10254
5744 1141 -10058
5745 873 -10102
5746 749 -10086
5747 729 -9762
5748 741 -9858
5749 963 -9962
5750 855 -10058
5751 715 -10038
5752 787 -10086
5753 841 -9894
5754 889 -9990
5755 707 -10090
5756 539 -10010
5757 763 -9714
5758 651 -9870
5759 701 -9770
5760 667 -9798
5761 711 -10022
5762 679 -10170
5763 685 -10118
5764 681 -10002
5765 753 -10034
5766 721 -9894
5767 673 -10098
5768 681 -10138
5769 817 -10150
5770 919 -9910
5771 967 -9918
5772 907 -10306
5773 905 -10418
5774 957 -10466
5775 765 -10518
5776 679 -10190
5777 363 -10122
5778 495 -9974
5779 643 -9810
5780 489 -9834
5781 617 -10354
5782 509 -10410
5783 677 -10178
5784 579 -10298
5785 669 -10270
5786 667 -10422
5787 785 -10438
5788 813 -10346
5789 885 -10262
5790 995 -10002
5791 993 -9858
5792 883 -10086
5793 1021 -10118
5794 769 -9694
5795 777 -9542
5796 747 -9826
5797 551 -9846
5798 347 -9690
5799 347 -9814
5800 161 -9822
5801 195 -9850
5802 277 -9830
5803 263 -10038
5804 217 -10126
5805 299 -10418
5806 335 -10322
5807 443 -10170
5808 733 -10198
5809 719 -9846
5810 773 -10118
5811 791 -10202
5812 769 -10022
5813 637 -9902
5814 617 -9874
5815 401 -10050
5816 421 -9910
5817 443 -9718
5818 431 -9746
5819 409 -9622
5820 381 -9594
5821 427 -9754
5822 619 -9726
5823 591 -10018
5824 287 -9878
5825 317 -9866
5826 463 -9790
5827 489 -9710
5828 423 -9714
5829 415 -10086
5830 299 -9818
5831 177 -9946
5832 191 -10026
5833 97 -9902
5834 87 -10082
5835 -29 -10274
5836 -35 -9718
5837 67 -9918
5838 97 -9834
5839 89 -9970
5840 125 -9822
5841 53 -9718
5842 -7 -9886
5843 -1 -9778
5844 63 -9742
5845 215 -9930
5846 271 -9890
5847 207 -10130
5848 199 -10090
5849 189 -10010
5850 189 -9834
5851 321 -9994
5852 163 -9970
5853 39 -9926
5854 47 -9798
5855 -11 -10158
5856 -69 -9922
5857 -169 -10218
5858 -191 -10066
5859 -213 -10094
5860 -31 -10202
5861 -87 -10242
5862 -267 -10314
5863 -349 -10342
5864 -129 -10494
5865 -317 -10042
5866 -261 -10150
5867 -133 -10150
5868 -113 -10090
5869 -169 -9930
5870 -115 -10218
5871 -43 -10214
5872 -193 -10510
5873 -43 -10290
5874 -15 -10242
5875 57 -10322
5876 -29 -10406
5877 -41 -10354
5878 -91 -10418
5879 -25 -10466
5880 193 -10386
5881 223 -10486
5882 407 -10078
5883 423 -9946
5884 437 -9770
5885 431 -9850
5886 399 -9758
5887 447 -10182
5888 379 -10370
5889 461 -10390
5890 435 -10050
5891 281 -10170
5892 147 -10274
5893 291 -10170
5894 241 -9726
5895 -73 -9742
5896 -119 -9810
5897 -147 -10110
5898 27 -10018
5899 79 -9902
5900 127 -9898
5901 217 -10014
5902 239 -9878
5903 25 -9814
5904 25 -9806
5905 -63 -9946
5906 -97 -10154
5907 -45 -10410
5908 41 -10418
5909 87 -10386
5910 91 -9638
5911 131 -9862
5912 163 -9866
5913 59 -9886
5914 299 -9670
5915 121 -10074
5916 215 -9994
5917 113 -9970
5918 25 -9966
5919 -73 -9726
5920 -87 -9874
5921 17 -10126
5922 19 -10350
5923 105 -10214
5924 99 -10098
5925 89 -10222
5926 183 -10038
5927 177 -10126
5928 401 -10098
5929 617 -9962
5930 659 -9882
5931 517 -9950
5932 387 -9746
5933 317 -9686
5934 105 -9350
5935 77 -9770
5936 29 -9890
5937 29 -9762
5938 39 -10182
5939 129 -10254
5940 11 -10278
5941 15 -10302
5942 35 -10110
5943 53 -10230
5944 -9 -10186
5945 63 -10026
5946 165 -9910
5947 85 -10034
5948 33 -10306
5949 103 -9974
5950 191 -10226
5951 77 -10034
5952 167 -9938
5953 225 -9966
5954 149 -9870
5955 123 -9998
5956 147 -9870
5957 259 -10010
5958 415 -9798
5959 489 -9878
5960 681 -10078
5961 865 -10186
5962 713 -10074
5963 611 -9994
5964 613 -9902
5965 643 -9682
5966 869 -9658
5967 897 -9710
5968 829 -9518
5969 779 -9846
5970 735 -9594
5971 919 -9794
5972 959 -9938
5973 995 -9790
5974 1141 -9950
5975 1059 -9690
5976 1019 -9770
5977 995 -9762
5978 1139 -9802
5979 1055 -9842
5980 839 -9802
5981 829 -9746
5982 743 -9694
5983 867 -9846
5984 831 -9774
5985 657 -10110
5986 779 -10038
5987 743 -10118
5988 691 -10018
5989 637 -9758
5990 523 -9862
5991 475 -9838
5992 441 -9734
5993 429 -9770
5994 425 -9626
5995 269 -9678
5996 199 -10162
5997 161 -9858
5998 289 -9750
5999 367 -9910
6000 373 -9938
6001 409 -10114
6002 391 -9970
6003 427 -9858
6004 541 -9734
6005 629 -9506
6006 895 -9778
6007 819 -9810
6008 811 -9706
6009 959 -9686
6010 829 -9826
6011 699 -9942
6012 499 -9942
6013 459 -10018
6014 419 -10330
6015 271 -10270
6016 399 -10238
6017 123 -10274
6018 125 -10262
6019 285 -9510
6020 139 -9410
6021 207 -9506
6022 287 -9738
6023 227 -9982
6024 479 -10098
6025 491 -10186
6026 533 -10174
6027 733 -10266
6028 647 -10018
6029 757 -9934
6030 743 -10162
6031 715 -10358
6032 779 -10270
6033 755 -10434
6034 639 -10538
6035 731 -10266
6036 747 -10382
6037 603 -10298
6038 453 -10186
6039 605 -10134
6040 745 -10038
6041 761 -10002
6042 801 -9970
6043 795 -10038
6044 687 -9918
6045 597 -9942
6046 529 -10102
6047 511 -10078
6048 479 -10026
6049 463 -10130
6050 213 -10258
6051 -3 -10158
6052 101 -10242
6053 205 -10126
6054 101 -10002
6055 -5 -10246
6056 35 -10202
6057 61 -10222
6058 189 -10318
6059 229 -10454
6060 193 -10134
6061 161 -10038
6062 341 -9862
6063 357 -10046
6064 173 -10246
6065 363 -10002
6066 205 -10330
6067 83 -10034
6068 -9 -10190
6069 -185 -10134
6070 -165 -9966
6071 -285 -10162
6072 -327 -10234
6073 -189 -10034
6074 -91 -10194
6075 -115 -10274
6076 -287 -9898
6077 -205 -10174
6078 -199 -10186
6079 -149 -10090
6080 -49 -9906
6081 3 -9862
6082 -333 -9930
6083 -549 -9906
6084 -437 -9862
6085 -305 -10074
6086 -479 -9974
6087 -425 -9962
6088 -341 -9910
6089 -519 -9882
6090 -443 -9802
6091 -261 -9982
6092 -201 -10066
6093 -111 -10530
6094 -129 -10366
6095 -83 -10150
6096 -137 -10226
6097 -269 -10134
6098 -121 -9990
6099 -3 -10094
6100 79 -10446
6101 -253 -10230
6102 35 -10234
6103 217 -10206
6104 -27 -9958
6105 49 -9858
6106 -9 -9682
6107 5 -9810
6108 19 -9834
6109 -213 -10062
6110 -519 -9922
6111 -501 -10066
6112 -297 -9998
6113 -243 -10162
6114 -71 -10226
6115 -137 -10246
6116 85 -9986
6117 49 -10054
6118 -57 -10106
6119 -91 -10278
6120 -57 -10014
6121 -91 -10010
6122 199 -9950
6123 25 -9714
6124 77 -9542
6125 -35 -9902
6126 9 -9966
6127 65 -10270
6128 213 -10178
6129 305 -10294
6130 81 -10182
6131 -73 -10090
6132 -175 -10038
6133 105 -10018
6134 23 -9854
6135 67 -10074
6136 -15 -9786
6137 -153 -9742
6138 -103 -9862
6139 -161 -9994
6140 -223 -9998
6141 -69 -10018
6142 199 -10030
6143 257 -10198
6144 307 -9970
6145 107 -9966
6146 21 -9834
6147 -111 -10146
6148 -285 -9862
6149 -3 -10086
6150 129 -10186
6151 257 -10214
6152 321 -10174
6153 343 -10058
6154 351 -10106
6155 279 -10098
6156 113 -10006
6157 195 -9838
6158 327 -9582
6159 377 -9774
6160 543 -9758
6161 451 -9750
6162 413 -10026
6163 371 -9966
6164 85 -10026
6165 69 -9850
6166 -79 -9854
6167 -21 -9922
6168 -17 -10126
6169 119 -10082
6170 -21 -10138
6171 -123 -10386
6172 -127 -10414
6173 -69 -10310
6174 79 -10650
6175 131 -10526
6176 147 -10418
6177 123 -10254
6178 -49 -10234
6179 207 -10314
6180 219 -10314
6181 -47 -10322
6182 51 -10270
6183 163 -10482
6184 275 -10562
6185 431 -10394
6186 433 -10014
6187 347 -10126
6188 257 -10078
6189 77 -9694
6190 209 -9834
6191 241 -9758
6192 297 -9742
6193 531 -10110
6194 327 -10162
6195 349 -9658
6196 557 -9698
6197 387 -10022
6198 627 -10038
6199 669 -10074
6200 733 -10126
6201 753 -10066
6202 721 -9982
6203 465 -9562
6204 455 -9818
6205 425 -9986
6206 551 -9910
6207 429 -10054
6208 377 -9862
6209 193 -9726
6210 169 -9786
6211 131 -10058
6212 167 -9842
6213 191 -9614
6214 203 -9814
6215 119 -9814
6216 71 -9882
6217 159 -9714
6218 439 -9954
6219 549 -9830
6220 615 -9746
6221 829 -10154
6222 899 -10126
6223 915 -10122
6224 807 -10142
6225 695 -10038
6226 593 -9826
6227 813 -9854
6228 901 -9886
6229 1033 -9858
6230 1083 -9706
6231 1307 -9686
6232 1125 -9850
6233 769 -9962
6234 633 -9842
6235 703 -10114
6236 757 -10018
6237 705 -9854
6238 865 -9818
6239 981 -9958
6240 869 -9994
6241 811 -10402
6242 679 -10214
6243 669 -9758
6244 637 -9570
6245 579 -9150
6246 927 -9794
6247 1059 -9746
6248 1297 -9810
6249 1351 -9838
6250 1281 -10046
6251 1095 -10162
6252 1013 -10254
6253 965 -10250
6254 1219 -10238
6255 1095 -10178
6256 1185 -10358
6257 899 -10162
6258 1057 -10078
6259 1221 -9986
6260 1201 -10186
6261 1253 -10134
6262 1313 -10154
6263 1129 -10410
6264 1083 -10138
6265 1171 -9834
6266 1099 -9998
6267 1269 -9730
6268 1351 -9818
6269 1315 -9898
6270 1073 -9926
6271 903 -9978
6272 723 -9978
6273 725 -9994
6274 513 -9846
6275 407 -9986
6276 261 -9918
6277 487 -10050
6278 653 -10114
6279 793 -10022
6280 803 -9858
6281 973 -10010
6282 841 -10146
6283 853 -10374
6284 831 -10406
6285 983 -10174
6286 873 -10206
6287 1035 -10198
6288 921 -10102
6289 993 -10118
6290 1103 -9962
6291 1215 -10098
6292 1319 -10030
6293 1193 -9842
6294 1241 -9914
6295 1379 -9994
6296 1205 -9490
6297 1281 -9818
6298 1013 -9622
6299 897 -9802
6300 1003 -9734
6301 975 -9766
6302 1037 -10114
6303 1129 -9834
6304 891 -9802
6305 963 -10094
6306 901 -10202
6307 827 -10138
6308 903 -10230
6309 771 -10402
6310 749 -10194
6311 559 -10386
6312 719 -10454
6313 875 -10222
6314 1099 -10378
6315 1119 -10106
6316 1209 -10250
6317 1083 -10378
6318 1267 -10426
6319 1055 -10502
6320 1011 -10362
6321 949 -10282
6322 751 -10122
6323 889 -10002
6324 713 -9606
6325 743 -9810
6326 699 -9966
6327 719 -10122
6328 715 -10258
6329 775 -9890
6330 759 -9750
6331 671 -9786
6332 851 -10062
6333 759 -9842
6334 831 -9938
6335 845 -10002
6336 733 -10162
6337 837 -10078
6338 777 -10098
6339 639 -9886
6340 671 -10126
6341 509 -10090
6342 487 -10018
6343 491 -10058
6344 539 -9926
6345 369 -9946
6346 287 -10234
6347 237 -9918
6348 397 -9910
6349 295 -9742
6350 441 -9930
6351 613 -10174
6352 579 -10122
6353 599 -9886
6354 527 -9766
6355 379 -10006
6356 311 -10038
6357 355 -9978
6358 205 -9830
6359 267 -9902
6360 177 -9974
6361 237 -9950
6362 81 -10150
6363 73 -10122
6364 115 -10002
6365 143 -9782
6366 285 -9774
6367 273 -9726
6368 499 -9866
6369 249 -9758
6370 341 -9954
6371 187 -9854
6372 199 -9966
6373 269 -9934
6374 369 -10150
6375 339 -10154
6376 167 -10062
6377 227 -10098
6378 359 -10254
6379 285 -10022
6380 385 -9934
6381 441 -9622
6382 559 -9766
6383 577 -9934
6384 429 -9934
6385 509 -9750
6386 515 -9974
6387 467 -9862
6388 505 -10126
6389 407 -9858
6390 485 -10062
6391 387 -10110
6392 141 -10150
6393 -49 -10054
6394 -53 -9962
6395 1 -9914
6396 -47 -9834
6397 -169 -9962
6398 -299 -9942
6399 -93 -9718
6400 5 -9806
6401 -223 -9890
6402 -131 -9890
6403 -135 -9630
6404 -145 -9782
6405 -207 -9774
6406 -311 -9742
6407 -191 -9566
6408 -225 -9446
6409 -353 -9510
6410 -485 -9582
6411 -457 -9526
6412 -423 -9538
6413 -517 -9602
6414 -303 -9822
6415 -181 -9742
6416 -147 -9894
6417 -229 -9694
6418 -293 -9730
6419 -151 -10050
6420 -47 -9902
6421 -69 -10206
6422 -189 -10230
6423 -75 -10238
6424 163 -10194
6425 463 -10194
6426 455 -9918
6427 225 -9678
6428 103 -10002
6429 -127 -10158
6430 -69 -10122
6431 -135 -10138
6432 -67 -10122
6433 267 -9950
6434 503 -9958
6435 475 -9914
6436 449 -10142
6437 483 -9914
6438 553 -9830
6439 545 -9882
6440 319 -9910
6441 383 -10098
6442 365 -10094
6443 379 -9942
6444 451 -10070
6445 641 -9986
6446 703 -10018
6447 741 -9882
6448 691 -9990
6449 613 -9938
6450 597 -10010
6451 405 -9814
6452 617 -9806
6453 659 -9806
6454 745 -10138
6455 513 -10010
6456 559 -10070
6457 543 -10238
6458 545 -10170
6459 413 -10154
6460 303 -10094
6461 161 -10250
6462 195 -10350
6463 237 -10190
6464 295 -10154
6465 383 -10118
6466 405 -10118
6467 731 -10430
6468 761 -10266
6469 845 -9918
6470 821 -9806
6471 1003 -9906
6472 1065 -10110
6473 1191 -10010
6474 1141 -9778
6475 1169 -9898
6476 1071 -9738
6477 879 -10078
6478 801 -10294
6479 691 -10110
6480 631 -9958
6481 681 -10122
6482 515 -9938
6483 357 -10050
6484 393 -10054
6485 431 -9942
6486 309 -10226
6487 481 -10186
6488 413 -9970
6489 515 -10182
6490 495 -10166
6491 661 -10402
6492 613 -9998
6493 485 -10122
6494 515 -9758
6495 565 -9718
6496 651 -9694
6497 673 -9998
6498 649 -9786
6499 523 -9962
6500 375 -9954
6501 423 -10142
6502 705 -9918
6503 695 -10222
6504 803 -10130
6505 477 -10302
6506 513 -9858
6507 491 -10050
6508 317 -9986
6509 359 -9694
6510 491 -10022
6511 433 -10290
6512 355 -10062
6513 389 -10210
6514 525 -10038
6515 533 -10258
6516 693 -10090
6517 849 -10082
6518 941 -10250
6519 895 -10190
6520 859 -10046
6521 837 -9874
6522 889 -9786
6523 901 -9962
6524 715 -10054
6525 851 -9802
6526 681 -9838
6527 587 -10006
6528 579 -10394
6529 641 -10126
6530 675 -10162
6531 801 -10198
6532 583 -10070
6533 765 -10330
6534 707 -10526
6535 653 -10082
6536 891 -10230
6537 773 -10278
6538 929 -10290
6539 891 -10118
6540 847 -10158
6541 807 -9974
6542 705 -10006
6543 587 -10142
6544 599 -9942
6545 453 -9810
6546 487 -9930
6547 423 -10314
6548 661 -10230
6549 521 -10154
6550 549 -9750
6551 471 -9854
6552 657 -10022
6553 387 -10126
6554 435 -9902
6555 369 -9790
6556 561 -9882
6557 541 -10030
6558 593 -10070
6559 453 -10126
6560 453 -10054
6561 435 -9862
6562 403 -9974
6563 749 -9954
6564 603 -9950
6565 479 -10242
6566 455 -9982
6567 247 -10270
6568 225 -10002
6569 307 -9794
6570 321 -9986
6571 455 -9678
6572 329 -10090
6573 415 -9758
6574 287 -10010
6575 149 -9890
6576 177 -10194
6577 257 -9710
6578 197 -9766
6579 235 -9874
6580 437 -9826
6581 509 -9710
6582 429 -9882
6583 537 -9842
6584 645 -9714
6585 655 -9614
6586 517 -9470
6587 493 -9622
6588 575 -9734
6589 427 -9866
6590 335 -10146
6591 333 -9890
6592 307 -9890
6593 301 -10126
6594 177 -10178
6595 149 -10238
6596 -197 -10050
6597 -209 -9770
6598 -293 -9998
6599 -285 -10318
6600 -327 -10438
6601 -281 -9990
6602 -361 -10050
6603 -213 -9818
6604 -77 -9890
6605 -11 -10006
6606 89 -9978
6607 43 -10114
6608 25 -10058
6609 -131 -10410
6610 97 -10130
6611 333 -10282
6612 217 -10106
6613 363 -10110
6614 453 -9902
6615 305 -9854
6616 207 -9746
6617 309 -10006
6618 223 -9950
6619 -15 -9734
6620 -109 -9630
6621 -127 -9830
6622 -75 -9614
6623 63 -9662
6624 175 -9650
6625 303 -9766
6626 45 -9622
6627 107 -9770
6628 233 -9954
6629 233 -9870
6630 271 -9966
6631 397 -9578
6632 485 -9894
6633 389 -9978
6634 355 -9814
6635 291 -9842
6636 357 -10002
6637 261 -10182
6638 507 -10146
6639 583 -10502
6640 701 -10346
6641 581 -10302
6642 563 -10006
6643 487 -10206
6644 321 -10130
6645 285 -10038
6646 351 -9934
6647 543 -10038
6648 347 -10070
6649 233 -9830
6650 363 -9990
6651 263 -9990
6652 225 -9910
6653 379 -10054
6654 423 -9966
6655 535 -9698
6656 559 -9582
6657 417 -9558
6658 517 -9930
6659 511 -9774
6660 305 -9670
6661 409 -9806
6662 165 -10034
6663 93 -10022
6664 97 -10226
6665 177 -10186
6666 293 -10258
6667 469 -10214
6668 321 -9938
6669 113 -10154
6670 103 -9934
6671 -29 -9994
6672 -175 -9962
6673 -23 -9834
6674 -213 -9774
6675 -3 -9734
6676 -19 -9530
6677 49 -9446
6678 -83 -9566
6679 -81 -9738
6680 -223 -9698
6681 -109 -9910
6682 -163 -9878
6683 -7 -9858
6684 127 -9558
6685 -7 -10110
6686 -43 -9994
6687 -113 -9974
6688 -93 -9826
6689 -233 -10134
6690 -113 -9798
6691 -225 -9690
6692 -81 -9762
6693 -79 -9934
6694 -145 -9994
6695 -387 -10126
6696 -389 -10150
6697 -373 -10130
6698 -633 -9766
6699 -809 -9926
6700 -733 -9850
6701 -841 -10102
6702 -807 -10046
6703 -807 -10082
6704 -759 -10018
6705 -811 -9990
6706 -823 -10242
6707 -979 -10438
6708 -757 -10402
6709 -931 -10286
6710 -963 -10170
6711 -945 -9898
6712 -811 -9882
6713 -603 -10130
6714 -771 -10026
6715 -841 -10078
6716 -949 -9998
6717 -775 -10074
6718 -695 -10190
6719 -611 -10110
6720 -643 -10146
6721 -495 -9826
6722 -345 -9978
6723 -399 -9598
6724 -277 -9430
6725 -251 -9958
6726 -291 -9878
6727 -387 -10170
6728 -319 -9994
6729 -379 -9914
6730 -329 -10202
6731 -297 -10206
6732 -329 -10274
6733 -9 -9902
6734 -9 -10306
6735 135 -10338
6736 91 -10062
6737 -13 -10070
6738 -35 -10098
6739 -109 -10218
6740 3 -10410
6741 43 -10658
6742 25 -10194
6743 61 -9778
6744 69 -10230
6745 9 -10126
6746 133 -10202
6747 -123 -10174
6748 -185 -10058
6749 -409 -9910
6750 -357 -9906
6751 -189 -9978
6752 -267 -9946
6753 -345 -10070
6754 -355 -10062
6755 -533 -10010
6756 -443 -10006
6757 -431 -10046
6758 -335 -10038
6759 -219 -9822
6760 -423 -9738
6761 -199 -9770
6762 -253 -9814
6763 -301 -9838
6764 -395 -9786
6765 -315 -9666
6766 -103 -9554
6767 -127 -9702
6768 -273 -9830
6769 -143 -9694
6770 -251 -9710
6771 -339 -9674
6772 -483 -9774
6773 -515 -9882
6774 -609 -9830
6775 -519 -10030
6776 -375 -10090
6777 -449 -10094
6778 -523 -10190
6779 -593 -10014
6780 -581 -9686
6781 -651 -9730
6782 -455 -9714
6783 -317 -9822
6784 -227 -9918
6785 -179 -9814
6786 -389 -9934
6787 -231 -10158
6788 -279 -10002
6789 -317 -9746
6790 -91 -9842
6791 -31 -10234
6792 55 -10022
6793 -69 -9834
6794 63 -9866
6795 215 -10290
6796 233 -10006
6797 121 -10054
6798 39 -10010
6799 -93 -10054
6800 -23 -9942
6801 145 -9922
6802 191 -10010
6803 129 -9814
6804 179 -10018
6805 155 -9922
6806 149 -10002
6807 333 -9990
6808 327 -9922
6809 341 -9858
6810 509 -9950
6811 655 -9718
6812 523 -9822
6813 661 -9862
6814 639 -9930
6815 673 -10038
6816 567 -9894
6817 555 -10014
6818 571 -9738
6819 573 -10262
6820 593 -10242
6821 529 -10126
6822 443 -9986
6823 389 -9858
6824 487 -10098
6825 315 -9862
6826 391 -10042
6827 357 -9978
6828 99 -10202
6829 19 -10142
6830 165 -9762
6831 115 -9802
6832 111 -9910
6833 103 -9754
6834 127 -10098
6835 199 -9878
6836 409 -9934
6837 301 -9850
6838 505 -9758
6839 301 -9766
6840 383 -9866
6841 299 -10170
6842 119 -10098
6843 81 -10138
6844 65 -10294
6845 -5 -10354
6846 -137 -10066
6847 -165 -10122
6848 -313 -9994
6849 -217 -9790
6850 -109 -9538
6851 23 -9570
6852 -33 -9446
6853 -105 -9690
6854 -151 -9954
6855 -169 -10202
6856 -319 -10318
6857 -549 -9978
6858 -651 -10138
6859 -767 -10290
6860 -673 -10290
6861 -813 -10158
6862 -819 -10274
6863 -777 -10250
6864 -847 -10190
6865 -1059 -10174
6866 -1075 -10286
6867 -1003 -10242
6868 -1049 -10194
6869 -1027 -9946
6870 -1039 -10090
6871 -1085 -10318
6872 -1193 -10186
6873 -1257 -10406
6874 -1389 -10298
6875 -1253 -10178
6876 -1363 -10126
6877 -1259 -10054
6878 -1171 -9970
6879 -1159 -9898
6880 -1107 -9998
6881 -1239 -9746
6882 -1293 -9742
6883 -1089 -10042
6884 -1019 -9890
6885 -919 -10110
6886 -699 -9762
6887 -587 -10002
6888 -469 -10166
6889 -481 -10190
6890 -481 -9958
6891 -551 -9734
6892 -433 -9910
6893 -309 -9798
6894 -311 -9750
6895 -311 -9686
6896 -243 -9730
6897 -187 -9878
6898 -237 -9850
6899 -483 -9954
6900 -287 -9818
6901 -357 -9774
6902 -229 -9830
6903 -89 -9918
6904 -181 -9978
6905 -243 -10050
6906 -313 -10246
6907 -233 -9718
6908 -287 -9630
6909 -361 -10078
6910 -85 -9774
6911 -137 -9794
6912 -89 -9902
6913 105 -9758
6914 -91 -10022
6915 -15 -10150
6916 -255 -9986
6917 -317 -10138
6918 -447 -10114
6919 -201 -9990
6920 55 -10194
6921 -85 -10078
6922 -167 -9934
6923 -89 -9894
6924 -207 -9622
6925 -71 -9790
6926 -41 -9914
6927 219 -10122
6928 345 -9954
6929 565 -9926
6930 501 -9970
6931 353 -9678
6932 371 -9910
6933 247 -9846
6934 309 -9866
6935 251 -9690
6936 229 -9578
6937 323 -9790
6938 353 -9774
6939 201 -9962
6940 295 -9958
6941 127 -10062
6942 163 -10198
6943 87 -10162
6944 -133 -10182
6945 -325 -10030
6946 -287 -9854
6947 -313 -9970
6948 -97 -10154
6949 -175 -10106
6950 -33 -9962
6951 25 -10046
6952 203 -10138
6953 137 -10190
6954 19 -10234
6955 -1 -10158
6956 63 -10186
6957 151 -10394
6958 281 -10330
6959 403 -10250
6960 483 -10130
6961 351 -10010
6962 347 -10054
6963 439 -9990
6964 573 -9970
6965 527 -10146
6966 635 -10350
6967 507 -10118
6968 433 -10282
6969 211 -10322
6970 81 -10306
6971 23 -10074
6972 -21 -10482
6973 -19 -10414
6974 -45 -10358
6975 -79 -10282
6976 19 -10230
6977 123 -10278
6978 33 -10314
6979 -147 -10430
6980 -333 -9838
6981 -445 -9858
6982 -445 -9834
6983 -419 -9958
6984 -299 -10266
6985 -177 -10218
6986 -165 -9966
6987 -179 -10186
6988 -237 -10058
6989 -281 -10246
6990 -369 -10042
6991 -277 -10086
6992 -145 -10014
6993 -131 -9974
6994 -219 -9926
6995 -241 -10046
6996 -85 -9946
6997 -67 -9978
6998 -223 -9990
6999 -361 -9654
7000 -353 -9602
7001 -447 -9730
7002 -343 -9782
7003 -407 -9870
7004 -431 -9842
7005 -511 -9978
7006 -467 -9662
7007 -381 -9638
7008 -223 -9874
7009 -305 -9966
7010 -343 -10054
7011 -375 -10142
7012 -339 -9990
7013 -395 -9918
7014 -391 -9646
7015 -363 -9862
7016 -455 -10070
7017 -475 -10238
7018 -389 -10502
7019 -417 -10198
7020 -293 -10062
7021 -437 -10178
7022 -551 -10106
7023 -419 -10070
7024 -235 -9998
7025 -225 -9910
7026 -95 -9874
7027 -167 -10154
7028 -173 -10050
7029 -257 -9894
7030 -179 -9982
7031 -63 -9862
7032 -1 -9970
7033 87 -10078
7034 -115 -9594
7035 -15 -9906
7036 5 -10370
7037 -209 -10238
7038 -175 -10154
7039 -421 -10190
7040 -435 -10226
7041 -125 -10330
7042 -9 -10350
7043 -271 -10278
7044 -383 -10194
7045 -311 -10310
7046 -403 -10218
7047 -411 -10434
7048 -417 -10706
7049 -421 -10626
7050 -369 -10614
7051 -385 -10306
7052 -489 -10566
7053 -517 -10554
7054 -575 -10158
7055 -499 -10434
7056 -513 -10326
7057 -461 -10426
7058 -729 -10210
7059 -825 -10294
7060 -595 -10054
7061 -727 -10110
7062 -793 -10318
7063 -575 -10126
7064 -345 -10246
7065 -385 -10370
7066 -373 -10238
7067 -405 -10314
7068 -319 -10282
7069 -217 -10002
7070 -79 -10042
7071 -295 -10070
7072 -237 -10290
7073 -185 -10358
7074 -301 -10174
7075 -415 -10006
7076 -341 -10074
7077 -397 -9750
7078 -355 -9762
7079 -293 -9878
7080 -327 -9794
7081 -411 -9878
7082 -515 -10074
7083 -477 -10226
7084 -355 -10230
7085 -359 -9938
7086 -509 -9886
7087 -195 -9850
7088 103 -9878
7089 419 -9742
7090 361 -10118
7091 71 -9902
7092 117 -9914
7093 269 -9994
7094 507 -9886
7095 541 -9674
7096 637 -9634
7097 381 -9790
7098 303 -9638
7099 345 -9586
7100 255 -9710
7101 539 -9806
7102 515 -9846
7103 617 -9838
7104 677 -9902
7105 619 -9818
7106 423 -9682
7107 459 -9722
7108 557 -9410
7109 715 -9718
7110 771 -10030
7111 1047 -9966
7112 973 -9770
7113 729 -9670
7114 787 -9882
7115 755 -9954
7116 771 -9974
7117 783 -9934
7118 677 -9850
7119 709 -9902
7120 589 -10202
7121 685 -9838
7122 703 -9730
7123 841 -9642
7124 691 -9850
7125 707 -10306
7126 811 -10462
7127 853 -10266
7128 641 -10118
7129 751 -10162
7130 673 -10202
7131 647 -10162
7132 733 -10158
7133 725 -10126
7134 959 -10106
7135 925 -10294
7136 869 -9878
7137 825 -9842
7138 745 -10166
7139 569 -10038
7140 819 -10234
7141 559 -10290
7142 595 -10206
7143 649 -10114
7144 609 -10182
7145 547 -10042
7146 213 -10238
7147 145 -10154
7148 -77 -10106
7149 -295 -10158
7150 -339 -10438
7151 -179 -10378
7152 -295 -10066
7153 -111 -10042
7154 -205 -9918
7155 -129 -9850
7156 -339 -10302
7157 -273 -10234
7158 -351 -10162
7159 -33 -10226
7160 -157 -9978
7161 -145 -10050
7162 -89 -10146
7163 -191 -10354
7164 -237 -9994
7165 -179 -10150
7166 -93 -9942
7167 67 -10002
7168 35 -9786
7169 97 -9810
7170 201 -9902
7171 135 -9978
7172 237 -10226
7173 183 -9946
7174 131 -9874
7175 261 -10082
7176 145 -9962
7177 107 -9614
7178 -71 -9706
7179 191 -9762
7180 285 -9638
7181 463 -9582
7182 409 -9706
7183 349 -9990
7184 307 -10090
7185 421 -9954
7186 417 -9954
7187 231 -9766
7188 367 -9902
7189 251 -10058
7190 103 -9938
7191 107 -9838
7192 69 -9642
7193 179 -9670
7194 -77 -9590
7195 -195 -9674
7196 -325 -9950
7197 -197 -9638
7198 -37 -9830
7199 59 -9590
7200 -121 -9670
7201 -43 -9578
7202 27 -9750
7203 29 -9594
7204 93 -9674
7205 211 -10002
7206 217 -10082
7207 135 -10086
7208 -5 -10118
7209 17 -9942
7210 -141 -9898
7211 53 -9934
7212 97 -9890
7213 165 -9786
7214 143 -9742
7215 23 -9762
7216 7 -9690
7217 1 -10022
7218 -29 -9926
7219 87 -9774
7220 63 -9822
7221 307 -9890
7222 659 -9994
7223 609 -10142
7224 377 -10042
7225 431 -9922
7226 257 -9882
7227 305 -9962
7228 293 -10066
7229 201 -10210
7230 159 -10342
7231 257 -10074
7232 341 -10214
7233 413 -10030
7234 425 -10570
7235 329 -10462
7236 237 -10378
7237 203 -10110
7238 23 -9754
7239 1 -9934
7240 -9 -9918
7241 -129 -9930
7242 -249 -9770
7243 -341 -9562
7244 -135 -9654
7245 -211 -9966
7246 -543 -9798
7247 -489 -10126
7248 -487 -9898
7249 -539 -10074
7250 -353 -10034
7251 -367 -10102
7252 -261 -10006
7253 -191 -10054
7254 -45 -10122
7255 115 -9938
7256 277 -10334
7257 181 -10418
7258 387 -10102
7259 291 -10218
7260 373 -10402
7261 361 -10178
7262 349 -10130
7263 287 -9938
7264 293 -9894
7265 523 -10394
7266 541 -9974
7267 507 -10162
7268 303 -10046
7269 259 -9818
7270 443 -9894
7271 359 -10030
7272 353 -10058
7273 217 -9898
7274 -5 -10066
7275 -81 -10050
7276 -67 -10402
7277 15 -10150
7278 57 -9870
7279 117 -10050
7280 227 -10010
7281 335 -10010
7282 165 -9794
7283 387 -9866
7284 451 -10030
7285 789 -9766
7286 817 -9914
7287 859 -10070
7288 659 -10350
7289 747 -10286
7290 847 -10210
7291 993 -10170
7292 807 -9970
7293 633 -9986
7294 477 -9886
7295 373 -10062
7296 345 -9994
7297 285 -9650
7298 77 -10094
7299 -65 -10218
7300 -157 -10142
7301 -235 -10102
7302 -81 -10006
7303 -21 -9974
7304 -47 -10310
7305 73 -9938
7306 7 -9842
7307 -83 -10030
7308 -45 -10046
7309 -125 -9838
7310 -155 -9746
7311 -33 -9726
7312 -3 -9818
7313 21 -9770
7314 117 -9762
7315 -39 -9802
7316 -9 -9978
7317 -245 -10222
7318 -31 -10178
7319 -43 -10330
7320 -17 -10110
7321 67 -9922
7322 63 -9858
7323 97 -9654
7324 245 -9622
7325 359 -10090
7326 271 -9926
7327 259 -9942
7328 337 -10102
7329 425 -10090
7330 229 -9810
7331 265 -9838
7332 401 -9894
7333 411 -9938
7334 435 -10066
7335 405 -10122
7336 47 -10030
7337 31 -9922
7338 -175 -9770
7339 -205 -10034
7340 -157 -9894
7341 -131 -10042
7342 -245 -10102
7343 -383 -10162
7344 -243 -10114
7345 -457 -10246
7346 -599 -10242
7347 -523 -10022
7348 -465 -9934
7349 -633 -9714
7350 -521 -9870
7351 -559 -9974
7352 -609 -9670
7353 -763 -9850
7354 -635 -9874
7355 -725 -9890
7356 -841 -10014
7357 -843 -9958
7358 -651 -9870
7359 -423 -9966
7360 -129 -9886
7361 -121 -9962
7362 -41 -9806
7363 29 -9738
7364 103 -10190
7365 177 -10074
7366 97 -10222
7367 221 -10014
7368 23 -10174
7369 109 -10262
7370 177 -10322
7371 365 -10138
7372 331 -9982
7373 347 -10190
7374 183 -10190
7375 193 -10082
7376 401 -10362
7377 347 -10370
7378 519 -10306
7379 409 -9882
7380 399 -9598
7381 267 -9650
7382 293 -9878
7383 365 -10242
7384 235 -10022
7385 367 -10126
7386 175 -9822
7387 -133 -9954
7388 -113 -9870
7389 27 -9762
7390 241 -10054
7391 227 -10326
7392 93 -10222
7393 211 -10126
7394 143 -10150
7395 157 -10262
7396 153 -10066
7397 223 -10026
7398 85 -9950
7399 211 -10118
7400 83 -10274
7401 55 -10430
7402 189 -10162
7403 223 -10230
7404 155 -10118
7405 233 -10046
7406 213 -10046
7407 139 -10070
7408 43 -10306
7409 163 -10286
7410 79 -10022
7411 121 -10242
7412 195 -10182
7413 205 -10358
7414 245 -10318
7415 253 -10150
7416 159 -9886
7417 223 -9926
7418 261 -9786
7419 445 -9978
7420 367 -9926
7421 493 -9938
7422 585 -10046
7423 445 -10090
7424 313 -10118
7425 355 -10090
7426 521 -10078
7427 421 -10238
7428 435 -10294
7429 189 -10486
7430 189 -10342
7431 233 -10194
7432 233 -9802
7433 395 -9882
7434 277 -9830
7435 457 -9838
7436 507 -9738
7437 489 -9414
7438 483 -9682
7439 515 -9682
7440 389 -9714
7441 133 -9930
7442 157 -10054
7443 121 -10034
7444 133 -9846
7445 81 -9870
7446 -9 -10238
7447 -55 -10086
7448 -15 -10142
7449 -191 -9994
7450 -153 -9650
7451 -271 -9870
7452 -291 -9886
7453 -255 -10150
7454 -247 -10226
7455 -465 -10250
7456 -281 -10090
7457 -439 -9814
7458 -327 -9838
7459 -423 -9966
7460 -563 -9950
7461 -537 -9990
7462 -475 -10114
7463 -419 -10102
7464 -387 -9798
7465 -517 -9790
7466 -447 -9710
7467 -275 -9734
7468 -381 -9702
7469 -349 -9942
7470 -307 -9722
7471 -323 -9938
7472 -373 -9906
7473 -273 -9690
7474 -171 -9966
7475 -109 -9846
7476 -87 -9550
7477 57 -9698
7478 299 -9870
7479 363 -10090
7480 221 -10042
7481 165 -9930
7482 301 -9998
7483 365 -10086
7484 343 -10002
7485 373 -9938
7486 407 -9874
7487 309 -9766
7488 211 -9782
7489 207 -9918
7490 235 -9842
7491 283 -9798
7492 237 -9970
7493 173 -9846
7494 -77 -10310
7495 33 -10322
7496 133 -10206
7497 -151 -10190
7498 -145 -10214
7499 -19 -10338
7500 -13 -10254
7501 -21 -10194
7502 -139 -10106
7503 -131 -9862
7504 -113 -10058
7505 -91 -9994
7506 17 -10094
7507 69 -10182
7508 -205 -10038
7509 -225 -9978
7510 -329 -9998
7511 -183 -10074
7512 11 -10178
7513 -117 -10262
7514 -97 -10330
7515 -49 -10290
7516 -87 -10118
7517 -107 -10102
7518 49 -9770
7519 -281 -9834
7520 -345 -10146
7521 -315 -10158
7522 -221 -9966
7523 -139 -9890
7524 -67 -9770
7525 -43 -9742
7526 -235 -9806
7527 -371 -9826
7528 -37 -9890
7529 -33 -9782
7530 91 -9702
7531 139 -9718
7532 287 -9926
7533 221 -9906
7534 347 -9942
7535 257 -9778
7536 445 -9894
7537 311 -9738
7538 193 -10002
7539 61 -10278
7540 35 -10046
7541 -281 -10106
7542 -307 -9894
7543 -237 -9934
7544 -115 -9666
7545 31 -9718
7546 307 -9662
7547 295 -9902
7548 215 -9834
7549 235 -9926
7550 121 -10466
7551 213 -10214
7552 331 -9966
7553 107 -9898
7554 61 -9782
7555 13 -9590
7556 157 -9666
7557 87 -9866
7558 23 -9930
7559 147 -9918
7560 169 -10126
7561 211 -10214
7562 57 -9990
7563 -21 -9898
7564 -167 -9742
7565 -235 -9706
7566 -233 -9758
7567 -395 -9746
7568 -275 -9462
7569 -255 -9586
7570 -207 -9990
7571 -239 -9978
7572 -139 -10134
7573 -411 -10086
7574 -495 -9938
7575 -285 -9790
7576 -397 -10074
7577 -397 -10106
7578 -447 -10294
7579 -571 -10082
7580 -785 -10186
7581 -811 -10338
7582 -797 -10170
7583 -817 -9802
7584 -645 -9650
7585 -761 -9774
7586 -765 -9746
7587 -723 -9834
7588 -509 -10230
7589 -329 -9978
7590 -287 -10042
7591 -241 -9882
7592 -255 -9806
7593 -397 -9934
7594 -677 -9978
7595 -609 -10074
7596 -561 -10018
7597 -415 -9726
7598 -489 -9822
7599 -417 -9570
7600 -297 -9782
7601 -251 -9918
7602 -537 -9954
7603 -525 -9854
7604 -517 -10182
7605 -777 -9890
7606 -783 -9834
7607 -595 -9942
7608 -599 -9902
7609 -569 -10198
7610 -623 -9830
7611 -561 -10118
7612 -631 -10150
7613 -591 -10062
7614 -577 -10034
7615 -443 -10038
7616 -555 -10198
7617 -541 -9898
7618 -657 -9734
7619 -547 -9682
7620 -547 -9854
7621 -673 -9890
7622 -773 -9954
7623 -771 -9678
7624 -677 -9926
7625 -625 -10058
7626 -661 -10062
7627 -791 -9918
7628 -681 -10094
7629 -513 -10062
7630 -517 -10102
7631 -727 -10142
7632 -805 -10042
7633 -645 -9926
7634 -709 -9842
7635 -623 -10106
7636 -291 -9942
7637 -413 -9926
7638 -241 -9798
7639 -187 -9934
7640 -231 -9614
7641 -207 -9706
7642 -391 -9790
7643 -413 -9758
7644 -365 -9582
7645 -219 -9518
7646 -115 -9742
7647 -45 -9666
7648 -165 -9842
7649 -231 -9418
7650 -153 -9594
7651 181 -9698
7652 291 -9634
7653 215 -9978
7654 327 -10022
7655 365 -9674
7656 709 -9898
7657 527 -10158
7658 383 -9986
7659 235 -9846
7660 199 -9526
7661 63 -9814
7662 -3 -9710
7663 -19 -9694
7664 23 -9578
7665 -3 -9758
7666 81 -9958
7667 73 -9706
7668 81 -9766
7669 203 -9878
7670 223 -9826
7671 311 -9894
7672 359 -9766
7673 339 -9998
7674 301 -10066
7675 327 -9886
7676 329 -9898
7677 385 -9566
7678 503 -9746
7679 683 -9598
7680 753 -9542
7681 699 -9762
7682 925 -10026
7683 693 -9786
7684 655 -9630
7685 613 -9494
7686 777 -9786
7687 669 -9658
7688 645 -9382
7689 653 -9522
7690 635 -9646
7691 671 -9718
7692 583 -9694
7693 459 -9994
7694 293 -10054
7695 103 -10274
7696 -77 -9938
7697 -103 -9862
7698 -137 -9862
7699 -149 -9682
7700 -147 -10162
7701 -111 -9970
7702 -75 -10250
7703 -229 -10210
7704 -141 -10074
7705 173 -10106
7706 183 -10170
7707 195 -10162
7708 -11 -10062
7709 141 -10066
7710 135 -10354
7711 -155 -10350
7712 -127 -10154
7713 13 -10390
7714 -9 -10174
7715 53 -10354
7716 -31 -10294
7717 -185 -10234
7718 -255 -9898
7719 -157 -10050
7720 -183 -10206
7721 -221 -10410
7722 -273 -10094
7723 -277 -10062
7724 -541 -10122
7725 -519 -10330
7726 -625 -10438
7727 -725 -10406
7728 -711 -10430
7729 -639 -10190
7730 -637 -10206
7731 -491 -9974
7732 -339 -10346
7733 -413 -10362
7734 -409 -10270
7735 -463 -10038
7736 -335 -10042
7737 -91 -9830
7738 -59 -9526
7739 -157 -9590
7740 -345 -9862
7741 -311 -9602
7742 -417 -9666
7743 -349 -9926
7744 -291 -9966
7745 -439 -10058
7746 -243 -9674
7747 -297 -9854
7748 -137 -10226
7749 -221 -9862
7750 -189 -9734
7751 -47 -9790
7752 -129 -9574
7753 215 -9586
7754 125 -9786
7755 -67 -9738
7756 -291 -9758
7757 -137 -9798
7758 -43 -10014
7759 35 -9882
7760 -9 -9566
7761 -45 -9742
7762 101 -9806
7763 213 -10110
7764 179 -10038
7765 231 -9962
7766 -81 -9842
7767 -13 -9898
7768 -17 -9554
7769 -121 -9646
7770 -95 -9462
7771 -75 -9618
7772 117 -9926
7773 1 -10014
7774 -109 -9698
7775 -51 -9894
7776 -35 -9918
7777 -141 -10042
7778 -231 -10046
7779 -449 -9830
7780 -439 -9926
7781 -429 -9698
7782 -429 -9550
7783 -425 -9822
7784 -445 -9738
7785 -399 -9974
7786 -449 -9958
7787 -445 -10190
7788 -381 -10138
7789 -47 -10014
7790 3 -10166
7791 93 -10514
7792 183 -10446
7793 3 -10186
7794 -91 -10046
7795 -51 -9922
7796 -93 -10074
7797 -111 -9806
7798 -1 -9754
7799 -187 -9934
7800 -115 -9646
7801 -267 -9550
7802 -355 -9866
7803 -315 -9966
7804 -315 -10102
7805 -431 -9954
7806 -311 -9694
7807 -381 -9826
7808 -359 -9426
7809 -537 -9514
7810 -505 -9642
7811 -353 -9746
7812 -531 -9666
7813 -501 -9758
7814 -541 -9838
7815 -671 -10102
7816 -625 -9854
7817 -541 -9974
7818 -631 -9946
7819 -497 -10082
7820 -297 -10258
7821 -231 -9666
7822 -241 -9910
7823 -223 -9994
7824 -35 -9954
7825 -183 -9902
7826 -163 -9818
7827 -277 -10026
7828 -115 -9794
7829 47 -9702
7830 275 -9578
7831 341 -9398
7832 279 -9654
7833 301 -9890
7834 269 -9934
7835 303 -9734
7836 173 -9734
7837 197 -9818
7838 201 -9758
7839 369 -9906
7840 517 -9814
7841 579 -9686
7842 621 -10050
7843 467 -9766
7844 397 -9766
7845 249 -9838
7846 89 -9806
7847 179 -9970
7848 -37 -9854
7849 -23 -10070
7850 -35 -10078
7851 35 -9938
7852 -3 -9846
7853 19 -9514
7854 -25 -9978
7855 -23 -10354
7856 179 -10242
7857 143 -9918
7858 37 -9958
7859 91 -9866
7860 149 -10034
7861 139 -9966
7862 85 -9626
7863 41 -9934
7864 195 -9502
7865 423 -9782
7866 191 -9962
7867 173 -9982
7868 13 -10046
7869 43 -10054
7870 89 -9998
7871 163 -10250
7872 113 -9930
7873 229 -10186
7874 57 -10246
7875 57 -10102
7876 111 -10006
7877 -269 -10234
7878 -391 -10358
7879 -541 -10458
7880 -503 -10282
7881 -617 -10354
7882 -591 -10270
7883 -657 -10154
7884 -613 -10186
7885 -487 -10390
7886 -369 -10646
7887 -367 -10354
7888 -315 -10046
7889 -335 -9942
7890 -279 -10038
7891 -71 -9814
7892 11 -9802
7893 125 -9686
7894 247 -9898
7895 381 -10126
7896 355 -10122
7897 299 -10058
7898 233 -10114
7899 365 -9990
7900 341 -10050
7901 533 -10086
7902 353 -10242
7903 281 -10734
7904 371 -10434
7905 419 -9854
7906 301 -10110
7907 275 -10086
7908 341 -10162
7909 341 -9982
7910 253 -9886
7911 181 -9682
7912 85 -9918
7913 49 -9786
7914 137 -9674
7915 223 -9590
7916 169 -9926
7917 131 -9922
7918 129 -9870
7919 117 -9990
7920 215 -9698
7921 197 -9934
7922 209 -9846
7923 181 -10102
7924 115 -10030
7925 69 -10002
7926 285 -9874
7927 249 -9694
7928 359 -9990
7929 385 -9790
7930 593 -9794
7931 659 -9786
7932 677 -9754
7933 711 -9998
7934 599 -9874
7935 655 -9826
7936 783 -9834
7937 861 -10094
7938 489 -10194
7939 487 -9950
7940 439 -9814
7941 253 -9914
7942 281 -9850
7943 301 -9822
7944 457 -9842
7945 509 -10054
7946 321 -9894
7947 265 -9842
7948 243 -9930
7949 423 -9970
7950 415 -10166
7951 403 -10058
7952 113 -10126
7953 65 -10106
7954 -5 -9866
7955 13 -9958
7956 207 -10090
7957 245 -10102
7958 417 -10166
7959 471 -10258
7960 565 -10686
7961 557 -10694
7962 411 -10190
7963 397 -10314
7964 407 -10514
7965 305 -10258
7966 221 -10050
7967 149 -10258
7968 117 -10030
7969 59 -10022
7970 -63 -10006
7971 -143 -9926
7972 -165 -9946
7973 -275 -10038
7974 -187 -10350
7975 -381 -10218
7976 -315 -10118
7977 -281 -9906
7978 -77 -9782
7979 163 -9954
7980 187 -9802
7981 155 -10002
7982 165 -10078
7983 91 -9974
7984 275 -9934
7985 209 -9646
7986 271 -9594
7987 393 -9498
7988 389 -9462
7989 163 -9678
7990 37 -9698
7991 27 -9718
7992 -17 -9562
7993 183 -10014
7994 267 -9790
7995 311 -9874
7996 511 -9870
7997 481 -9802
7998 549 -9706
7999 531 -9698
8000 457 -9958
8001 319 -9722
8002 171 -9794
8003 95 -9802
8004 33 -10042
8005 63 -9874
8006 -55 -10142
8007 -91 -9998
8008 -23 -9710
8009 91 -9766
8010 137 -9838
8011 91 -9786
8012 97 -9942
8013 65 -9930
8014 103 -9862
8015 49 -9922
8016 -85 -9982
8017 -33 -10230
8018 59 -9918
8019 195 -10018
8020 393 -9998
8021 355 -10078
8022 365 -10258
8023 283 -9994
8024 79 -9946
8025 -123 -9922
8026 -235 -9966
8027 -217 -9802
8028 -265 -9738
8029 -269 -9934
8030 -231 -10022
8031 -299 -9950
8032 -229 -9738
8033 -467 -9906
8034 -411 -9874
8035 -443 -9898
8036 -473 -9818
8037 -529 -9854
8038 -539 -9910
8039 -653 -9938
8040 -773 -9814
8041 -821 -9642
8042 -577 -9854
8043 -605 -9878
8044 -703 -9750
8045 -657 -9906
8046 -731 -9970
8047 -827 -9874
8048 -911 -10054
8049 -819 -9762
8050 -871 -10062
8051 -921 -10266
8052 -689 -10138
8053 -731 -9818
8054 -461 -10002
8055 -427 -9998
8056 -291 -9814
8057 -27 -9698
8058 -135 -9806
8059 -273 -9838
8060 -319 -9778
8061 -77 -9690
8062 51 -9922
8063 117 -9962
8064 51 -9862
8065 165 -10074
8066 -15 -9806
8067 55 -9742
8068 169 -9742
8069 451 -9478
8070 157 -9734
8071 215 -9754
8072 221 -10090
8073 191 -9838
8074 173 -9870
8075 305 -9906
8076 413 -9986
8077 535 -10178
8078 547 -9894
8079 549 -9946
8080 547 -9802
8081 535 -9886
8082 501 -9922
8083 571 -10058
8084 533 -10090
8085 545 -10254
8086 509 -9966
8087 497 -9870
8088 449 -9986
8089 553 -10218
8090 743 -9970
8091 609 -10026
8092 501 -9974
8093 383 -9982
8094 337 -9842
8095 577 -9814
8096 403 -9870
8097 129 -9910
8098 289 -9930
8099 369 -9934
8100 491 -9998
8101 691 -9914
8102 511 -10046
8103 477 -10098
8104 499 -10206
8105 545 -10198
8106 649 -10150
8107 601 -10006
8108 643 -10178
8109 357 -10326
8110 327 -10354
8111 533 -10526
8112 407 -10070
8113 273 -9802
8114 319 -9998
8115 377 -9662
8116 107 -9894
8117 249 -9734
8118 323 -9986
8119 455 -10042
8120 445 -10094
8121 347 -10006
8122 -31 -9962
8123 -155 -9662
8124 -63 -9870
8125 99 -9874
8126 -21 -9898
8127 157 -9998
8128 15 -10034
8129 -53 -10290
8130 -183 -9850
8131 -113 -9818
8132 -43 -9982
8133 -181 -9666
8134 -327 -9886
8135 -351 -9850
8136 -517 -10022
8137 -551 -10306
8138 -661 -10214
8139 -743 -10322
8140 -713 -10190
8141 -843 -10278
8142 -879 -10226
8143 -899 -10274
8144 -1035 -10214
8145 -1057 -10250
8146 -1029 -10350
8147 -893 -10198
8148 -1015 -10322
8149 -1223 -10378
8150 -1233 -10222
8151 -1307 -10086
8152 -1125 -10146
8153 -1245 -10146
8154 -1131 -10186
8155 -1209 -10054
8156 -1277 -9866
8157 -1169 -10010
8158 -1199 -10026
8159 -1171 -9642
8160 -1179 -9814
8161 -1175 -9618
8162 -1087 -9666
8163 -1043 -9970
8164 -1139 -10138
8165 -1171 -9814
8166 -1153 -9902
8167 -1099 -9786
8168 -1143 -9806
8169 -1125 -10198
8170 -1009 -10186
8171 -1059 -9970
8172 -1209 -10158
8173 -1137 -10010
8174 -1087 -10254
8175 -939 -10126
8176 -1085 -10250
8177 -1023 -10306
8178 -1201 -10390
8179 -997 -10158
8180 -981 -10358
8181 -933 -10070
8182 -753 -10058
8183 -597 -10062
8184 -607 -9814
8185 -565 -9730
8186 -611 -10050
8187 -791 -9998
8188 -753 -10066
8189 -857 -10522
8190 -793 -10238
8191 -791 -10210
8192 -739 -9990
8193 -659 -9894
8194 -699 -9810
8195 -843 -10090
8196 -907 -9966
8197 -1025 -9902
8198 -1009 -9766
8199 -1191 -9882
8200 -1307 -9798
8201 -1203 -9726
8202 -1065 -9562
8203 -1025 -9842
8204 -965 -9918
8205 -1033 -10178
8206 -1147 -9994
8207 -1007 -10098
8208 -925 -10030
8209 -915 -10042
8210 -551 -9650
8211 -471 -9786
8212 -321 -9926
8213 -385 -10202
8214 -315 -10150
8215 -423 -10042
8216 -431 -9902
8217 -355 -9846
8218 -243 -10082
8219 -241 -10038
8220 -205 -10070
8221 -47 -10026
8222 171 -10098
8223 323 -10102
8224 539 -10354
8225 521 -10006
8226 481 -10142
8227 515 -9822
8228 555 -10182
8229 637 -10366
8230 687 -10318
8231 731 -10366
8232 647 -10254
8233 921 -10310
8234 859 -10202
8235 677 -10106
8236 665 -9722
8237 635 -9550
8238 609 -9718
8239 661 -9634
8240 721 -9882
8241 685 -10202
8242 421 -10022
8243 259 -10322
8244 149 -10174
8245 277 -10106
8246 291 -9646
8247 185 -9882
8248 -103 -9810
8249 -301 -9950
8250 -395 -10086
8251 -249 -9906
8252 -341 -10114
8253 -349 -10214
8254 -657 -10274
8255 -729 -10210
8256 -899 -9666
8257 -661 -9882
8258 -609 -9806
8259 -537 -10118
8260 -527 -10086
8261 -497 -9926
8262 -413 -10230
8263 -395 -10282
8264 -359 -10222
8265 -493 -10014
8266 -275 -10202
8267 -297 -10018
8268 -259 -9954
8269 -269 -9962
8270 -159 -9890
8271 -177 -10054
8272 -223 -10034
8273 -87 -9926
8274 -97 -10202
8275 -223 -10070
8276 -15 -9686
8277 -123 -9718
8278 -191 -9682
8279 -383 -9710
8280 -391 -9474
8281 -655 -9678
8282 -855 -9702
8283 -501 -9786
8284 -679 -9642
8285 -499 -9850
8286 -535 -9798
8287 -535 -10078
8288 -371 -10174
8289 -445 -9938
8290 -375 -9850
8291 -285 -9994
8292 -481 -10026
8293 -435 -9914
8294 -497 -9898
8295 -453 -9702
8296 -457 -9878
8297 -269 -9822
8298 -79 -9642
8299 -393 -9930
8300 -249 -10090
8301 -359 -10226
8302 -129 -9802
8303 -277 -9710
8304 -255 -9750
8305 -289 -9602
8306 -171 -9674
8307 -89 -9774
8308 -117 -9822
8309 -255 -9766
8310 -197 -9698
8311 -41 -10102
8312 41 -9898
8313 185 -10010
8314 123 -9946
8315 -53 -10154
8316 -155 -10022
8317 -187 -10078
8318 -219 -10038
8319 -111 -9766
8320 -49 -9922
8321 -47 -9970
8322 41 -10098
8323 109 -9982
8324 -5 -9954
8325 9 -10250
8326 73 -9782
8327 299 -9750
8328 367 -9698
8329 255 -10070
8330 279 -10082
8331 311 -10098
8332 221 -9950
8333 181 -10086
8334 15 -9998
8335 -133 -9958
8336 -295 -9642
8337 -101 -9950
8338 -185 -10026
8339 -227 -9758
8340 -173 -9710
8341 -275 -9710
8342 -61 -9498
8343 51 -9578
8344 -187 -9626
8345 -59 -9810
8346 -105 -9642
8347 -17 -9694
8348 201 -9782
8349 231 -10058
8350 167 -9806
8351 269 -9570
8352 375 -10058
8353 417 -10058
8354 419 -9838
8355 503 -9806
8356 607 -9818
8357 559 -10010
8358 527 -10034
8359 303 -9934
8360 401 -9782
8361 525 -10106
8362 465 -10234
8363 507 -10234
8364 545 -10226
8365 605 -10166
8366 701 -10070
8367 807 -9742
8368 871 -10034
8369 1091 -10062
8370 1083 -10102
8371 1123 -10078
8372 1125 -10110
8373 885 -10102
8374 1037 -9774
8375 969 -10074
8376 867 -10186
8377 785 -10338
8378 875 -10334
8379 969 -10134
8380 1041 -10058
8381 937 -9850
8382 857 -9918
8383 673 -9886
8384 429 -9842
8385 531 -9978
8386 415 -10074
8387 459 -9890
8388 337 -9874
8389 301 -9866
8390 333 -9938
8391 479 -9934
8392 407 -9778
8393 481 -9954
8394 575 -10270
8395 499 -9910
8396 611 -9958
8397 523 -9618
8398 475 -9778
8399 289 -9970
8400 379 -9882
8401 571 -9986
8402 343 -9770
8403 269 -9466
8404 357 -9486
8405 319 -9350
8406 281 -9394
8407 215 -9674
8408 105 -9742
8409 377 -9790
8410 -35 -9674
8411 -183 -10086
8412 -175 -9962
8413 -153 -10022
8414 -253 -9990
8415 -477 -10238
8416 -583 -10198
8417 -543 -9890
8418 -715 -9910
8419 -703 -9838
8420 -649 -9842
8421 -517 -9730
8422 -659 -9874
8423 -563 -9706
8424 -813 -9730
8425 -855 -9838
8426 -615 -9890
8427 -575 -9850
8428 -681 -9746
8429 -409 -9714
8430 -631 -10050
8431 -619 -10014
8432 -579 -9982
8433 -637 -10082
8434 -667 -9998
8435 -747 -9998
8436 -555 -9958
8437 -665 -10030
8438 -639 -10086
8439 -365 -10170
8440 -375 -10318
8441 -361 -9994
8442 -195 -10186
8443 -219 -9890
8444 -171 -9982
8445 -311 -10298
8446 -317 -10414
8447 -275 -10026
8448 -83 -10098
8449 -63 -9938
8450 45 -9946
8451 -41 -9710
8452 13 -9726
8453 53 -9794
8454 141 -9826
8455 -53 -9922
8456 -225 -9966
8457 -273 -10146
8458 -221 -10482
8459 1 -10302
8460 235 -10590
8461 121 -10202
8462 125 -9914
8463 37 -9838
8464 261 -10058
8465 355 -10058
8466 287 -10018
8467 299 -9970
8468 297 -9806
8469 405 -9946
8470 317 -10122
8471 209 -10346
8472 75 -10418
8473 75 -10238
8474 -1 -9786
8475 133 -9790
8476 47 -9782
8477 143 -9938
8478 233 -10262
8479 403 -10162
8480 189 -10022
8481 247 -10054
8482 157 -9994
8483 281 -9950
8484 109 -9962
8485 47 -9986
8486 -27 -9922
8487 81 -9782
8488 -41 -9934
8489 99 -10042
8490 261 -10114
8491 283 -10090
8492 163 -10106
8493 179 -9870
8494 99 -9894
8495 95 -9914
8496 241 -9878
8497 303 -9854
8498 447 -10182
8499 495 -9998
8500 383 -10042
8501 531 -10258
8502 573 -10342
8503 697 -10354
8504 481 -10370
8505 457 -10290
8506 233 -10150
8507 207 -10266
8508 373 -10114
8509 343 -10034
8510 625 -10014
8511 575 -10058
8512 491 -10170
8513 421 -10030
8514 571 -9950
8515 531 -10138
8516 395 -9906
8517 349 -9910
8518 499 -9982
8519 463 -10090
8520 393 -10314
8521 453 -10190
8522 469 -9806
8523 167 -10002
8524 225 -10234
8525 245 -10050
8526 177 -9762
8527 293 -9606
8528 445 -9654
8529 411 -9890
8530 107 -9746
8531 351 -9710
8532 455 -9826
8533 435 -10082
8534 479 -10222
8535 419 -10054
8536 429 -10470
8537 561 -10342
8538 683 -10274
8539 813 -10070
8540 893 -10002
8541 799 -10282
8542 899 -10062
8543 957 -10046
8544 713 -9646
8545 629 -9686
8546 595 -9894
8547 399 -9942
8548 467 -9898
8549 355 -9802
8550 189 -9870
8551 345 -9702
8552 383 -9882
8553 375 -10222
8554 549 -10298
8555 491 -10194
8556 317 -9966
8557 241 -10010
8558 251 -9790
8559 197 -9850
8560 255 -9934
8561 333 -10030
8562 277 -10002
8563 395 -10106
8564 485 -10274
8565 603 -10282
8566 417 -10146
8567 469 -10110
8568 425 -10074
8569 649 -9890
8570 619 -10066
8571 529 -10178
8572 527 -9954
8573 709 -10246
8574 709 -10062
8575 783 -9890
8576 845 -10018
8577 931 -9798
8578 953 -10042
8579 765 -10146
8580 715 -10410
8581 679 -10230
8582 451 -10426
8583 363 -10098
8584 333 -10146
8585 237 -10422
8586 237 -10254
8587 181 -10046
8588 -1 -9942
8589 131 -9866
8590 253 -10054
8591 351 -10094
8592 337 -9918
8593 467 -10034
8594 451 -10122
8595 403 -10102
8596 365 -9890
8597 575 -10094
8598 427 -10402
8599 285 -10166
8600 391 -9842
8601 287 -9830
8602 361 -9694
8603 167 -9554
8604 25 -9778
8605 149 -9706
8606 105 -9658
8607 157 -9438
8608 313 -9958
8609 195 -9622
8610 169 -9630
8611 227 -9498
8612 291 -9594
8613 285 -9654
8614 189 -9558
8615 19 -9558
8616 57 -9766
8617 213 -10070
8618 191 -10222
8619 117 -10070
8620 347 -9866
8621 425 -9834
8622 279 -9638
8623 351 -9938
8624 405 -9630
8625 147 -9746
8626 187 -10010
8627 245 -9662
8628 205 -9554
8629 177 -9826
8630 129 -10050
8631 -61 -9606
8632 -105 -9870
8633 -27 -9882
8634 -83 -9690
8635 41 -9718
8636 17 -9906
8637 -9 -9670
8638 -103 -9758
8639 -11 -9394
8640 61 -9758
8641 -35 -9762
8642 67 -9706
8643 271 -9938
8644 243 -10034
8645 371 -10330
8646 357 -10186
8647 199 -10210
8648 153 -10342
8649 215 -10334
8650 141 -10382
8651 213 -10290
8652 237 -10158
8653 195 -10126
8654 185 -10126
8655 245 -9682
8656 405 -9886
8657 479 -10098
8658 655 -10150
8659 613 -9894
8660 567 -10090
8661 411 -10166
8662 547 -10058
8663 471 -9990
8664 441 -9630
8665 81 -9586
8666 151 -9638
8667 15 -9718
8668 -83 -10146
8669 -5 -10154
8670 -31 -10042
8671 79 -9850
8672 -15 -9906
8673 -13 -9806
8674 -35 -9790
8675 -13 -9898
8676 -113 -10154
8677 -275 -10230
8678 -495 -10274
8679 -583 -10142
8680 -353 -9782
8681 -403 -10066
8682 -343 -10158
8683 -333 -9870
8684 -189 -9818
8685 -251 -10094
8686 -335 -10002
8687 -347 -9766
8688 -425 -9870
8689 -401 -10074
8690 -325 -9922
8691 -323 -10070
8692 -453 -10006
8693 -387 -10002
8694 -321 -10006
8695 -189 -9914
8696 -31 -9802
8697 -65 -9730
8698 -83 -9870
8699 161 -10190
8700 129 -9958
8701 205 -9886
8702 421 -9870
8703 341 -9834
8704 307 -9706
8705 315 -9894
8706 283 -9922
8707 223 -10002
8708 381 -10070
8709 377 -9926
8710 191 -10090
8711 275 -9934
8712 227 -10166
8713 377 -10014
8714 239 -10398
8715 197 -10306
8716 69 -10090
8717 -177 -9918
8718 -253 -10090
8719 109 -10234
8720 213 -9830
8721 133 -9646
8722 197 -9850
8723 253 -9942
8724 279 -9730
8725 357 -9786
8726 455 -10046
8727 607 -10126
8728 533 -9914
8729 439 -10086
8730 339 -9934
8731 323 -9890
8732 269 -9898
8733 125 -9702
8734 219 -9474
8735 263 -9526
8736 239 -9538
8737 381 -9678
8738 477 -9986
8739 449 -9930
8740 441 -10186
8741 379 -10002
8742 431 -10102
8743 555 -9938
8744 633 -10182
8745 687 -10518
8746 843 -10186
8747 859 -10086
8748 611 -9870
8749 807 -9946
8750 687 -9686
8751 681 -9894
8752 731 -9938
8753 639 -10102
8754 317 -10102
8755 487 -10078
8756 617 -9770
8757 769 -10186
8758 801 -10174
8759 719 -9894
8760 699 -10098
8761 783 -9894
8762 625 -10010
8763 729 -9646
8764 665 -9730
8765 747 -9738
8766 755 -9986
8767 723 -9802
8768 655 -9686
8769 799 -9738
8770 509 -9990
8771 491 -10070
8772 449 -10054
8773 559 -10162
8774 653 -10450
8775 733 -10310
8776 689 -10178
8777 709 -10086
8778 633 -9970
8779 581 -9866
8780 685 -9730
8781 779 -9874
8782 515 -9950
8783 569 -9894
8784 479 -9786
8785 631 -10034
8786 631 -10074
8787 655 -9974
8788 615 -10234
8789 647 -10042
8790 497 -9814
8791 761 -10086
8792 1047 -10006
8793 1097 -10058
8794 1327 -9802
8795 1363 -9954
8796 1161 -9906
8797 1239 -9874
8798 1237 -10134
8799 1109 -9934
8800 945 -10082
8801 803 -9690
8802 795 -9750
8803 1045 -9790
8804 1149 -9866
8805 1135 -9854
8806 1067 -9582
8807 903 -9674
8808 885 -9666
8809 913 -9846
8810 945 -9850
8811 977 -9734
8812 973 -9954
8813 941 -10054
8814 921 -10250
8815 873 -10090
8816 741 -10142
8817 839 -10062
8818 599 -9974
8819 393 -9894
8820 397 -10326
8821 217 -10434
8822 167 -10390
8823 267 -10138
8824 407 -9894
8825 335 -9822
8826 371 -9922
8827 507 -10018
8828 403 -9770
8829 327 -9782
8830 483 -9978
8831 441 -9762
8832 409 -9914
8833 463 -9842
8834 581 -9786
8835 643 -9786
8836 807 -9898
8837 997 -9950
8838 1059 -10086
8839 1075 -10070
8840 941 -9906
8841 825 -10038
8842 845 -9606
8843 825 -10034
8844 797 -10018
8845 761 -9770
8846 889 -9894
8847 741 -9894
8848 961 -10058
8849 921 -9890
8850 1015 -10030
8851 797 -9958
8852 825 -10238
8853 653 -10098
8854 613 -9982
8855 753 -9814
8856 585 -9926
8857 611 -9762
8858 665 -9538
8859 849 -9754
8860 767 -9794
8861 1061 -9846
8862 1123 -9786
8863 1231 -10030
8864 1189 -10042
8865 881 -10146
8866 675 -10014
8867 555 -9882
8868 517 -10050
8869 479 -9654
8870 419 -9990
8871 445 -9934
8872 469 -9930
8873 507 -9754
8874 617 -9402
8875 429 -9770
8876 615 -9950
8877 561 -10198
8878 691 -10158
8879 801 -9934
8880 857 -9998
8881 933 -10118
8882 969 -9902
8883 1081 -10054
8884 993 -9998
8885 865 -10258
8886 613 -10158
8887 509 -10326
8888 473 -10134
8889 609 -9982
8890 591 -10338
8891 619 -10446
8892 423 -10306
8893 321 -10358
8894 223 -10214
8895 39 -9962
8896 45 -10166
8897 13 -9930
8898 -61 -9990
8899 -89 -9942
8900 -215 -10150
8901 -313 -9882
8902 -305 -9986
8903 -395 -9950
8904 -353 -10170
8905 -411 -10238
8906 -165 -10118
8907 -85 -10154
8908 341 -10118
8909 255 -10006
8910 219 -10246
8911 447 -9854
8912 497 -9470
8913 585 -9758
8914 477 -9610
8915 199 -9758
8916 113 -9790
8917 269 -9690
8918 145 -9650
8919 423 -9926
8920 549 -10022
8921 773 -10038
8922 525 -10054
8923 429 -10018
8924 305 -10118
8925 211 -9878
8926 365 -9814
8927 189 -9646
8928 -71 -9686
8929 315 -9826
8930 351 -9658
8931 329 -9662
8932 289 -9726
8933 347 -9974
8934 347 -9870
8935 105 -9758
8936 -131 -9982
8937 -59 -9886
8938 -95 -9838
8939 -189 -9790
8940 -303 -9714
8941 -299 -9674
8942 -433 -9938
8943 -595 -9982
8944 -591 -10066
8945 -615 -10034
8946 -687 -9906
8947 -537 -9878
8948 -507 -9878
8949 -525 -9922
8950 -413 -10102
8951 -355 -10170
8952 -307 -10298
8953 -353 -10182
8954 -401 -10338
8955 -287 -10622
8956 -549 -10414
8957 -617 -10130
8958 -647 -10038
8959 -389 -10390
8960 -415 -10106
8961 -535 -10214
8962 -493 -10294
8963 -453 -10274
8964 -365 -10134
8965 -223 -10038
8966 -323 -10182
8967 -383 -10142
8968 -411 -10086
8969 -523 -10382
8970 -599 -10162
8971 -427 -10274
8972 -233 -10106
8973 -211 -9722
8974 -221 -9954
8975 -195 -9982
8976 -185 -9774
8977 -285 -9734
8978 -211 -9902
8979 -385 -9886
8980 -261 -9954
8981 -67 -10102
8982 35 -10110
8983 273 -10314
8984 467 -10106
8985 333 -10026
8986 475 -9974
8987 365 -9870
8988 345 -9990
8989 601 -9950
8990 527 -9826
8991 455 -9754
8992 431 -9642
8993 287 -9786
8994 371 -9886
8995 489 -9806
8996 551 -9710
8997 399 -9738
8998 569 -10002
8999 617 -10286
9000 601 -10246
9001 481 -10274
9002 439 -10454
9003 359 -10458
9004 427 -10454
9005 465 -10182
9006 585 -10130
9007 785 -10262
9008 903 -10274
9009 809 -10014
9010 961 -10166
9011 941 -10142
9012 837 -10034
9013 765 -9978
9014 671 -10046
9015 467 -9970
9016 233 -9870
9017 249 -9922
9018 339 -9778
9019 311 -9518
9020 277 -9726
9021 193 -9554
9022 521 -9786
9023 453 -9754
9024 323 -9682
9025 419 -9762
9026 781 -9878
9027 747 -10062
9028 909 -10010
9029 783 -9894
9030 915 -10006
9031 801 -10166
9032 731 -9798
9033 693 -9950
9034 607 -9758
9035 509 -9822
9036 441 -9966
9037 423 -10042
9038 345 -10118
9039 297 -10010
9040 155 -9774
9041 153 -9826
9042 177 -9898
9043 209 -9706
9044 63 -10002
9045 -71 -9914
9046 -159 -10146
9047 -179 -10002
9048 -125 -10282
9049 59 -9970
9050 47 -10050
9051 -33 -10110
9052 -117 -9702
9053 -239 -10038
9054 -135 -10058
9055 -181 -10230
9056 -201 -9986
9057 -51 -10034
9058 107 -9994
9059 1 -10122
9060 -361 -10098
9061 -527 -10090
9062 -363 -10162
9063 -371 -10350
9064 -309 -10278
9065 -281 -10034
9066 -277 -9946
9067 -465 -10158
9068 -365 -10366
9069 -459 -10262
9070 -461 -10258
9071 -501 -10314
9072 -453 -10398
9073 -311 -10082
9074 -501 -10090
9075 -609 -9882
9076 -631 -9958
9077 -793 -9862
9078 -521 -9974
9079 -535 -9850
9080 -213 -9902
9081 -191 -9826
9082 -137 -9826
9083 -45 -9342
9084 -183 -9550
9085 -37 -9714
9086 31 -9866
9087 237 -9714
9088 147 -9914
9089 195 -10078
9090 53 -9818
9091 31 -10046
9092 -61 -10066
9093 -99 -10078
9094 -211 -9730
9095 -257 -9398
9096 -433 -9682
9097 -369 -9606
9098 -343 -9998
9099 -231 -9810
9100 -45 -9790
9101 93 -9810
9102 -27 -9970
9103 -13 -9690
9104 9 -9818
9105 -3 -10030
9106 29 -9950
9107 -75 -10114
9108 -107 -10058
9109 -163 -9926
9110 -279 -10002
9111 -199 -10010
9112 -263 -10226
9113 -269 -10114
9114 -241 -9994
9115 -143 -9822
9116 -95 -9890
9117 -257 -9966
9118 -169 -9854
9119 -333 -9758
9120 -439 -9954
9121 -537 -9802
9122 -583 -9818
9123 -545 -9750
9124 -569 -9794
9125 -499 -9890
9126 -563 -9854
9127 -449 -9866
9128 -419 -9834
9129 -435 -9610
9130 -419 -9738
9131 -455 -9950
9132 -503 -9666
9133 -353 -9534
9134 -265 -9830
9135 -99 -9794
9136 -63 -9882
9137 -59 -9990
9138 93 -9962
9139 9 -10026
9140 121 -9886
9141 175 -9894
9142 425 -10198
9143 617 -10146
9144 425 -10278
9145 249 -10286
9146 177 -10102
9147 123 -10274
9148 201 -10218
9149 425 -10210
9150 597 -10266
9151 391 -10314
9152 487 -10306
9153 389 -10166
9154 375 -10210
9155 379 -10010
9156 263 -9990
9157 241 -9894
9158 49 -10062
9159 -31 -9818
9160 157 -9726
9161 257 -9770
9162 321 -10014
9163 467 -9946
9164 247 -9866
9165 479 -10074
9166 323 -9746
9167 275 -9938
9168 417 -9730
9169 249 -9830
9170 255 -10082
9171 263 -10038
9172 251 -9930
9173 403 -9990
9174 467 -9974
9175 421 -9970
9176 615 -10374
9177 657 -10330
9178 803 -10094
9179 751 -9926
9180 673 -10042
9181 611 -9650
9182 687 -9938
9183 621 -9890
9184 629 -9842
9185 611 -9918
9186 589 -10198
9187 255 -10158
9188 235 -10066
9189 173 -10182
9190 27 -9978
9191 89 -10182
9192 -55 -10146
9193 181 -10230
9194 249 -10086
9195 263 -10222
9196 361 -10050
9197 323 -10158
9198 355 -9758
9199 371 -9914
9200 247 -10050
9201 219 -10110
9202 275 -10106
9203 155 -9946
9204 349 -9954
9205 271 -9818
9206 131 -9890
9207 257 -10178
9208 397 -10038
9209 323 -9966
9210 315 -9686
9211 145 -9974
9212 -17 -10062
9213 -39 -10058
9214 -1 -9622
9215 -119 -9810
9216 -347 -9734
9217 -293 -9702
9218 -363 -9858
9219 -151 -9838
9220 -291 -9990
9221 -539 -10286
9222 -547 -10154
9223 -499 -10274
9224 -533 -10058
9225 -505 -10178
9226 -437 -10154
9227 -297 -10058
9228 -175 -10154
9229 -227 -10182
9230 -165 -9882
9231 -181 -9950
9232 -147 -10030
9233 -251 -10074
9234 -145 -10250
9235 -247 -10462
9236 -143 -10574
9237 -227 -10074
9238 -287 -10106
9239 -567 -10134
9240 -587 -10086
9241 -545 -10130
9242 -337 -10058
9243 -491 -10002
9244 -453 -10094
9245 -401 -9902
9246 -493 -9938
9247 -201 -9798
9248 -135 -10026
9249 -69 -10254
9250 -121 -9946
9251 -227 -9958
9252 -141 -9722
9253 13 -9918
9254 -15 -9786
9255 -3 -9842
9256 19 -9974
9257 17 -9958
9258 -29 -10122
9259 -163 -9818
9260 -79 -9682
9261 -187 -9626
9262 -219 -9818
9263 -55 -9802
9264 -5 -9942
9265 85 -9590
9266 123 -9454
9267 183 -9638
9268 169 -9674
9269 141 -9634
9270 -1 -9734
9271 -247 -9870
9272 -307 -9894
9273 -161 -10182
9274 -13 -9998
9275 65 -9882
9276 105 -10270
9277 -35 -10274
9278 -17 -10150
9279 -73 -10126
9280 -89 -10094
9281 -65 -10010
9282 35 -9926
9283 -171 -9814
9284 -323 -10122
9285 -211 -10070
9286 -111 -9922
9287 -207 -9970
9288 -141 -10162
9289 -101 -10214
9290 -191 -10114
9291 -237 -10058
9292 -339 -9894
9293 -309 -9902
9294 -289 -9910
9295 -295 -9990
9296 -467 -10026
9297 -399 -9650
9298 -271 -9750
9299 -63 -9630
9300 -33 -9878
9301 -357 -10126
9302 -369 -10202
9303 -191 -10150
9304 -143 -10238
9305 -131 -9814
9306 -245 -9686
9307 -147 -9826
9308 -67 -10058
9309 -261 -9998
9310 -327 -9846
9311 -267 -9962
9312 -435 -9946
9313 -291 -10038
9314 -113 -10050
9315 -309 -9954
9316 -225 -9990
9317 -145 -9954
9318 -305 -9934
9319 -399 -10026
9320 -567 -9906
9321 -597 -9910
9322 -603 -10054
9323 -599 -9770
9324 -389 -9670
9325 -189 -9710
9326 -147 -9482
9327 -175 -9722
9328 -135 -9598
9329 -181 -9498
9330 -99 -9318
9331 -23 -9838
9332 1 -9858
9333 -37 -9938
9334 -41 -10022
9335 -13 -10066
9336 -101 -10102
9337 -305 -10178
9338 -233 -10210
9339 53 -10054
9340 69 -10222
9341 229 -10330
9342 177 -9950
9343 229 -9970
9344 275 -9782
9345 163 -10198
9346 329 -9906
9347 187 -10018
9348 287 -10114
9349 215 -9890
9350 165 -10142
9351 215 -10150
9352 119 -10022
9353 1 -10142
9354 27 -10234
9355 -9 -10238
9356 -89 -9994
9357 -7 -9754
9358 -211 -9782
9359 33 -9830
9360 -75 -9758
9361 -127 -9734
9362 -161 -9918
9363 -233 -9758
9364 -319 -9942
9365 -425 -9982
9366 -277 -10070
9367 -499 -10398
9368 -331 -10254
9369 -253 -10142
9370 -185 -9882
9371 -87 -9738
9372 -83 -10110
9373 -87 -9586
9374 103 -9822
9375 201 -9914
9376 285 -10202
9377 165 -9970
9378 247 -10066
9379 123 -10302
9380 -65 -10002
9381 -285 -10006
9382 -301 -10070
9383 -377 -10046
9384 -223 -9886
9385 -381 -9906
9386 -261 -9914
9387 -185 -9810
9388 -123 -9846
9389 103 -10130
9390 35 -9866
9391 -133 -10186
9392 -223 -10126
9393 -299 -9906
9394 -197 -9938
9395 -157 -9730
9396 159 -9830
9397 -3 -9766
9398 -81 -9558
9399 7 -9538
9400 -15 -9806
9401 -257 -9582
9402 -83 -9462
9403 -147 -9542
9404 67 -9818
9405 19 -9570
9406 123 -9662
9407 227 -9526
9408 39 -9734
9409 33 -9874
9410 -95 -9714
9411 -95 -9802
9412 -73 -9886
9413 -153 -10086
9414 -225 -10022
9415 -269 -9986
9416 -127 -9830
9417 -223 -9810
9418 -239 -9938
9419 -71 -9814
9420 -157 -9906
9421 -187 -9826
9422 -73 -9662
9423 -217 -9814
9424 -253 -9494
9425 -175 -9690
9426 -421 -9842
9427 -287 -9614
9428 -177 -9434
9429 -119 -9802
9430 -239 -10290
9431 -215 -10266
9432 -227 -10230
9433 -87 -10114
9434 -221 -10018
9435 -103 -9678
9436 249 -9794
9437 213 -9670
9438 67 -10194
9439 315 -10054
9440 273 -10030
9441 307 -9934
9442 421 -9742
9443 295 -9862
9444 225 -9878
9445 -11 -9942
9446 -107 -9874
9447 -289 -9934
9448 -419 -9862
9449 -439 -9974
9450 -437 -9958
9451 -569 -9774
9452 -517 -10102
9453 -541 -10134
9454 -457 -9966
9455 -519 -9958
9456 -449 -9854
9457 -473 -10070
9458 -557 -9890
9459 -539 -10074
9460 -419 -10118
9461 -451 -9830
9462 -385 -9766
9463 -293 -10046
9464 -165 -9714
9465 -253 -9830
9466 -305 -9806
9467 -345 -9926
9468 -283 -9902
9469 -237 -9866
9470 -337 -9882
9471 -325 -9750
9472 -279 -9850
9473 -463 -9882
9474 -433 -9610
9475 -491 -9798
9476 -325 -9726
9477 -381 -9678
9478 -283 -9706
9479 -101 -10018
9480 107 -9710
9481 149 -9974
9482 1 -10010
9483 69 -9798
9484 159 -9858
9485 97 -10066
9486 43 -9854
9487 113 -10158
9488 317 -10402
9489 347 -10146
9490 361 -9922
9491 563 -9930
9492 559 -10022
9493 671 -10250
9494 261 -10106
9495 305 -9942
9496 195 -10262
9497 193 -10286
9498 -9 -10362
9499 65 -9902
9500 165 -9766
9501 -57 -9722
9502 -9 -10082
9503 129 -9946
9504 111 -9838
9505 121 -9674
9506 105 -9806
9507 -5 -9738
9508 239 -9958
9509 321 -9682
9510 409 -9890
9511 419 -9838
9512 271 -9810
9513 149 -10050
9514 9 -10078
9515 -99 -10498
9516 -45 -10134
9517 -221 -10162
9518 19 -10234
9519 73 -10234
9520 165 -10206
9521 293 -10398
9522 137 -10422
9523 207 -10014
9524 203 -10130
9525 395 -10338
9526 327 -10166
9527 41 -9990
9528 -101 -9906
9529 -41 -9914
9530 19 -10150
9531 -25 -10166
9532 -313 -9986
9533 -207 -9854
9534 -331 -9962
9535 -351 -9878
9536 -399 -9954
9537 -339 -9886
9538 -657 -9942
9539 -803 -9758
9540 -683 -9738
9541 -617 -9778
9542 -527 -9698
9543 -647 -9822
9544 -577 -9902
9545 -543 -9962
9546 -537 -10014
9547 -663 -9986
9548 -643 -9978
9549 -661 -9958
9550 -829 -10226
9551 -791 -10146
9552 -619 -9906
9553 -545 -9686
9554 -365 -9746
9555 -293 -9670
9556 -323 -9758
9557 -155 -9846
9558 -1 -9926
9559 -57 -9990
9560 -63 -9802
9561 -73 -9702
9562 -225 -9742
9563 -331 -9758
9564 -455 -9862
9565 -501 -9806
9566 -479 -10062
9567 -355 -9734
9568 -329 -9770
9569 -379 -9762
9570 -433 -9730
9571 -219 -9838
9572 -309 -9798
9573 -373 -9798
9574 -473 -9878
9575 -459 -9982
9576 -555 -9858
9577 -699 -9786
9578 -671 -9754
9579 -691 -9714
9580 -771 -9774
9581 -655 -10114
9582 -631 -10006
9583 -605 -9810
9584 -601 -10074
9585 -659 -9914
9586 -791 -9714
9587 -793 -9646
9588 -695 -10038
9589 -795 -10038
9590 -573 -9850
9591 -419 -9750
9592 -415 -9802
9593 -489 -9890
9594 -409 -10058
9595 -255 -10238
9596 -297 -10066
9597 -239 -10110
9598 -305 -10058
9599 -641 -10162
9600 -319 -10014
9601 -381 -10214
9602 -149 -9986
9603 -71 -9810
9604 -19 -9702
9605 121 -9686
9606 85 -9854
9607 145 -9950
9608 245 -10130
9609 239 -10006
9610 177 -10002
9611 99 -10082
9612 455 -10126
9613 629 -9854
9614 507 -9934
9615 495 -9946
9616 375 -9690
9617 431 -9862
9618 377 -9862
9619 211 -10258
9620 247 -10022
9621 301 -10118
9622 259 -9998
9623 209 -9902
9624 41 -10158
9625 99 -10086
9626 105 -10146
9627 97 -10066
9628 15 -10006
9629 85 -9874
9630 -75 -9938
9631 -73 -9830
9632 -217 -9722
9633 -127 -9778
9634 -1 -10002
9635 99 -9706
9636 9 -9630
9637 95 -9714
9638 161 -9902
9639 251 -10050
9640 359 -9698
9641 301 -9874
9642 403 -9698
9643 257 -9890
9644 189 -10022
9645 223 -10010
9646 105 -9890
9647 -43 -9854
9648 -205 -9906
9649 -307 -9942
9650 -389 -9826
9651 -287 -9690
9652 -187 -10206
9653 93 -10006
9654 -11 -10110
9655 139 -10114
9656 59 -10110
9657 175 -10058
9658 -105 -10050
9659 15 -9834
9660 27 -9858
9661 -171 -10094
9662 -315 -10090
9663 -499 -10046
9664 -555 -9954
9665 -363 -9794
9666 -155 -9622
9667 -215 -9778
9668 -141 -9818
9669 -413 -9658
9670 -101 -10018
9671 -165 -9686
9672 -81 -9742
9673 -123 -9830
9674 -169 -10094
9675 -67 -10214
9676 9 -10178
9677 133 -10122
9678 171 -9922
9679 225 -10078
9680 371 -9902
9681 163 -10106
9682 215 -10290
9683 201 -10094
9684 161 -10122
9685 265 -9826
9686 391 -9698
9687 477 -9742
9688 283 -9774
9689 395 -9514
9690 147 -9810
9691 135 -9938
9692 -55 -10210
9693 -145 -10218
9694 -327 -10018
9695 -375 -10122
9696 -389 -10066
9697 -283 -10262
9698 -351 -10514
9699 -337 -10186
9700 -343 -10442
9701 -273 -10346
9702 -317 -10166
9703 -169 -10110
9704 -191 -10102
9705 -159 -9930
9706 -215 -10038
9707 -375 -10146
9708 -203 -10050
9709 -133 -10130
9710 -227 -9914
9711 -137 -9866
9712 -103 -10274
9713 -189 -10030
9714 -163 -9730
9715 -223 -9574
9716 15 -9718
9717 -19 -9762
9718 -37 -9990
9719 105 -9778
9720 167 -10102
9721 111 -10102
9722 149 -9870
9723 157 -10282
9724 229 -10186
9725 319 -10398
9726 199 -10370
9727 313 -10170
9728 453 -10138
9729 337 -10134
9730 329 -9926
9731 485 -9770
9732 385 -9650
9733 469 -9914
9734 335 -10226
9735 441 -9866
9736 311 -10050
9737 259 -10006
9738 241 -9634
9739 245 -9542
9740 197 -9846
9741 391 -9966
9742 285 -9946
9743 319 -9898
9744 281 -9922
9745 271 -9994
9746 265 -9866
9747 205 -10006
9748 33 -9862
9749 -205 -9766
9750 -467 -9870
9751 -429 -9762
9752 -515 -10042
9753 -685 -9818
9754 -829 -9850
9755 -849 -9922
9756 -771 -9994
9757 -785 -9642
9758 -721 -9742
9759 -739 -9750
9760 -959 -9766
9761 -883 -9566
9762 -897 -9570
9763 -797 -9674
9764 -1097 -9938
9765 -1105 -9902
9766 -1171 -9822
9767 -1213 -10034
9768 -1315 -9622
9769 -1285 -9506
9770 -1403 -9750
9771 -1707 -9726
9772 -1601 -9846
9773 -1491 -10222
9774 -1399 -9994
9775 -1431 -9838
9776 -1311 -9474
9777 -1209 -9618
9778 -1185 -9630
9779 -1307 -9638
9780 -1403 -9910
9781 -1243 -10158
9782 -1153 -9966
9783 -1161 -9918
9784 -1201 -9846
9785 -1241 -10158
9786 -1191 -9822
9787 -1153 -9986
9788 -1159 -10042
9789 -1123 -10182
9790 -1017 -9838
9791 -919 -9646
9792 -781 -9838
9793 -597 -9962
9794 -669 -9586
9795 -729 -9866
9796 -613 -9938
9797 -629 -9974
9798 -681 -9974
9799 -799 -10074
9800 -887 -9962
9801 -815 -9962
9802 -771 -10266
9803 -595 -10294
9804 -439 -9982
9805 -531 -10170
9806 -479 -10258
9807 -269 -10214
9808 -289 -10286
9809 -119 -9966
9810 -299 -9938
9811 -249 -10230
9812 -305 -10022
9813 -451 -10026
9814 -493 -10006
9815 -633 -9894
9816 -735 -9898
9817 -675 -10214
9818 -637 -10042
9819 -541 -9902
9820 -727 -10278
9821 -829 -10198
9822 -895 -10394
9823 -813 -10402
9824 -945 -10446
9825 -787 -10330
9826 -709 -9818
9827 -707 -10082
9828 -651 -10326
9829 -843 -10506
9830 -809 -10182
9831 -953 -10230
9832 -901 -10038
9833 -741 -10034
9834 -819 -10050
9835 -613 -10322
9836 -703 -10174
9837 -845 -9866
9838 -657 -10006
9839 -619 -9962
9840 -547 -9962
9841 -537 -10306
9842 -363 -9946
9843 -317 -10030
9844 -255 -10214
9845 -447 -10142
9846 -261 -10322
9847 -179 -10314
9848 -173 -10094
9849 -295 -10038
9850 -177 -10054
9851 -339 -9998
9852 -193 -10210
9853 -191 -9958
9854 -89 -10470
9855 -63 -10198
9856 7 -10314
9857 7 -10290
9858 39 -10146
9859 33 -10106
9860 49 -10142
9861 95 -10262
9862 13 -10038
9863 -131 -10114
9864 -261 -10090
9865 -201 -10018
9866 -291 -10062
9867 -257 -10318
9868 -185 -10162
9869 -283 -10306
9870 -373 -10182
9871 -265 -10378
9872 -471 -10366
9873 -429 -10194
9874 -445 -10210
9875 -445 -10062
9876 -343 -9878
9877 -121 -9926
9878 -67 -10190
9879 -109 -10054
9880 -37 -9990
9881 75 -10010
9882 21 -9894
9883 323 -9886
9884 431 -9878
9885 357 -9902
9886 389 -10094
9887 629 -10130
9888 473 -10042
9889 575 -9918
9890 367 -10126
9891 431 -10070
9892 529 -9902
9893 535 -9862
9894 589 -10198
9895 305 -10242
9896 345 -9886
9897 383 -9902
9898 395 -9862
9899 247 -9806
9900 285 -10038
9901 373 -9694
9902 547 -9874
9903 553 -9866
9904 449 -9746
9905 355 -9842
9906 97 -9802
9907 113 -9942
9908 5 -9958
9909 83 -9842
9910 231 -10046
9911 501 -9998
9912 435 -10318
9913 405 -10294
9914 507 -9898
9915 479 -10058
9916 189 -9922
9917 177 -9678
9918 185 -9774
9919 245 -9682
9920 87 -10138
9921 257 -9786
9922 117 -9862
9923 -19 -9718
9924 175 -9618
9925 349 -9610
9926 173 -9906
9927 31 -9774
9928 -21 -9778
9929 71 -9966
9930 -135 -9794
9931 -235 -9930
9932 -193 -10046
9933 -293 -9926
9934 -413 -9686
9935 -307 -9962
9936 -237 -10266
9937 -71 -10122
9938 45 -10038
9939 75 -9970
9940 -5 -10042
9941 -51 -10034
9942 -125 -10014
9943 -17 -10102
9944 53 -9994
9945 -3 -9658
9946 -267 -9798
9947 -161 -9574
9948 -143 -9630
9949 -135 -9818
9950 -181 -9750
9951 -223 -10238
9952 -61 -10230
9953 -169 -10430
9954 -153 -10214
9955 -217 -10278
9956 -179 -10342
9957 -289 -10238
9958 -333 -10354
9959 -299 -10354
9960 -339 -10098
9961 -123 -10206
9962 -83 -10354
9963 -99 -10070
9964 -85 -10026
9965 -115 -10094
9966 -245 -10018
9967 -269 -10130
9968 -377 -10298
9969 -121 -10198
9970 -177 -9938
9971 -75 -10206
9972 35 -10114
9973 211 -10366
9974 315 -10442
9975 359 -10390
9976 365 -10590
9977 473 -10214
9978 671 -9962
9979 791 -10094
9980 681 -9906
9981 629 -9778
9982 641 -9746
9983 969 -9702
9984 753 -9914
9985 739 -9734
9986 591 -9986
9987 403 -10002
9988 321 -9970
9989 475 -9670
9990 723 -9622
9991 657 -9758
9992 907 -9590
9993 855 -9818
9994 909 -9658
9995 913 -9502
9996 861 -9670
9997 981 -9678
9998 957 -9902
9999 893 -9862
