0 23 -5650
1 245 -7674
2 397 -8366
3 445 -8714
4 411 -8806
5 383 -9102
6 225 -9510
7 205 -9434
8 411 -9482
9 113 -9734
10 233 -9770
11 415 -9646
12 489 -9862
13 445 -9754
14 617 -9762
15 573 -9834
16 517 -9922
17 517 -10074
18 825 -9890
19 755 -9766
20 705 -9538
21 633 -9922
22 711 -9758
23 551 -9442
24 531 -9562
25 381 -9778
26 355 -10066
27 415 -10022
28 453 -10234
29 559 -10090
30 651 -9926
31 631 -9886
32 771 -10238
33 641 -9962
34 597 -10258
35 613 -10102
36 869 -10222
37 977 -9946
38 1045 -10018
39 1001 -9974
40 887 -10026
41 943 -10210
42 905 -10138
43 773 -10102
44 715 -10134
45 845 -10290
46 1043 -10378
47 917 -10414
48 871 -10294
49 729 -9994
50 667 -10238
51 557 -10090
52 555 -10102
53 573 -9958
54 593 -10166
55 777 -10174
56 727 -10290
57 601 -10158
58 527 -10130
59 205 -9698
60 403 -9586
61 161 -9842
62 73 -9702
63 151 -9874
64 149 -9638
65 187 -9730
66 127 -9666
67 -59 -9970
68 -83 -9878
69 -91 -9914
70 -117 -9914
71 -95 -9762
72 -89 -10022
73 3 -10094
74 -5 -9970
75 171 -10142
76 351 -10186
77 407 -10150
78 337 -10002
79 315 -10110
80 171 -10234
81 305 -10226
82 195 -10422
83 251 -10078
84 261 -9934
85 373 -9878
86 303 -9854
87 363 -9902
88 405 -9826
89 519 -10074
90 559 -9922
91 401 -10158
92 1 -10158
93 237 -10018
94 569 -9998
95 699 -10066
96 579 -10198
97 591 -10262
98 539 -10206
99 633 -10242
100 439 -10158
101 391 -10334
102 261 -10538
103 389 -10250
104 583 -10330
105 661 -10322
106 477 -10174
107 445 -10334
108 365 -10178
109 361 -10222
110 493 -10454
111 257 -10450
112 247 -10410
113 223 -10598
114 367 -10354
115 299 -10266
116 341 -10334
117 377 -10410
118 275 -10310
119 61 -10298
120 -89 -10298
121 -255 -10362
122 -33 -10334
123 -199 -9954
124 -305 -9942
125 -235 -10114
126 -189 -10302
127 -209 -10402
128 69 -10134
129 51 -9778
130 -259 -10142
131 -285 -10058
132 -33 -10142
133 5 -10178
134 -61 -10174
135 5 -10114
136 -125 -10290
137 -97 -10278
138 -7 -9950
139 -89 -10066
140 -159 -9918
141 -399 -10110
142 -267 -10106
143 -459 -10258
144 -527 -10274
145 -367 -10174
146 -303 -10390
147 -439 -10358
148 -423 -10442
149 -187 -10298
150 -121 -10146
151 -81 -10010
152 -143 -10030
153 -159 -10142
154 -93 -9954
155 9 -10090
156 27 -10074
157 -37 -10038
158 -195 -9890
159 -233 -10198
160 -105 -10278
161 -21 -10386
162 33 -9698
163 95 -10094
164 75 -10098
165 -41 -9914
166 -107 -10266
167 -11 -10282
168 -27 -10294
169 67 -10354
170 91 -10250
171 133 -10098
172 -109 -10442
173 -129 -10238
174 -271 -10330
175 -445 -10274
176 -491 -10478
177 -391 -10362
178 -199 -10170
179 -55 -10182
180 -179 -10210
181 5 -10318
182 -107 -10370
183 11 -10318
184 -193 -10326
185 -191 -10170
186 -143 -10202
187 -97 -10214
188 -65 -9906
189 -161 -10062
190 -161 -10382
191 -17 -10418
192 -157 -10450
193 -93 -10082
194 -125 -10210
195 -57 -10314
196 -137 -10286
197 -61 -10086
198 -173 -10378
199 -233 -10214
200 -285 -9854
201 -383 -10094
202 -487 -10118
203 -683 -10258
204 -675 -10234
205 -817 -10050
206 -949 -10146
207 -835 -10010
208 -815 -10130
209 -855 -10402
210 -949 -10258
211 -1033 -10598
212 -1097 -10782
213 -1165 -10322
214 -1017 -10354
215 -965 -10294
216 -927 -10286
217 -1169 -10270
218 -1223 -10186
219 -1241 -10302
220 -1295 -10386
221 -1133 -10174
222 -919 -9990
223 -861 -10338
224 -865 -10510
225 -749 -10170
226 -731 -10110
227 -659 -10018
228 -579 -10286
229 -729 -9926
230 -739 -10250
231 -741 -10342
232 -719 -10646
233 -585 -10386
234 -375 -10170
235 -261 -10094
236 -193 -10206
237 -225 -10458
238 -227 -10522
239 -85 -10566
240 -241 -10334
241 -263 -10282
242 -71 -10110
243 87 -10170
244 53 -10206
245 119 -10138
246 87 -9950
247 119 -9974
248 -1 -10394
249 95 -10302
250 279 -10050
251 331 -10094
252 671 -10222
253 543 -10362
254 573 -10274
255 835 -10202
256 677 -10062
257 371 -10338
258 -3 -10490
259 175 -10382
260 143 -10482
261 239 -10622
262 229 -10654
263 203 -10470
264 269 -10654
265 183 -10702
266 339 -10590
267 479 -10706
268 555 -10310
269 655 -10198
270 673 -10106
271 535 -10114
272 587 -10066
273 351 -10234
274 471 -10018
275 243 -10158
276 235 -10198
277 165 -10058
278 203 -10082
279 447 -10406
280 571 -10346
281 381 -10322
282 417 -10290
283 287 -10262
284 409 -10278
285 569 -10366
286 499 -10438
287 415 -10162
288 335 -10414
289 593 -10310
290 481 -10130
291 485 -10498
292 61 -10146
293 -15 -10438
294 81 -10682
295 145 -10322
296 149 -10270
297 229 -10218
298 301 -10206
299 203 -10158
300 223 -10466
301 445 -10346
302 647 -10566
303 331 -10406
304 447 -10218
305 565 -10426
306 563 -10154
307 581 -10298
308 555 -10330
309 567 -10622
310 473 -10470
311 441 -10210
312 367 -10162
313 337 -10134
314 333 -10038
315 471 -9982
316 325 -10138
317 293 -10238
318 189 -10314
319 289 -9994
320 267 -10270
321 427 -10230
322 573 -10350
323 693 -10258
324 783 -10474
325 793 -10558
326 667 -10550
327 521 -10326
328 525 -10314
329 453 -10542
330 353 -10522
331 321 -10826
332 165 -10522
333 209 -10362
334 123 -10430
335 239 -10370
336 121 -10378
337 131 -10278
338 351 -9994
339 517 -10182
340 473 -9906
341 529 -10050
342 519 -10270
343 573 -10334
344 627 -10298
345 421 -10234
346 411 -10122
347 299 -10070
348 339 -10038
349 281 -9938
350 73 -10114
351 161 -10006
352 193 -10010
353 151 -10266
354 149 -10030
355 99 -10042
356 153 -10270
357 -21 -10258
358 -107 -10062
359 -215 -10074
360 -333 -10182
361 -121 -10178
362 179 -10194
363 309 -10058
364 319 -10066
365 459 -10046
366 679 -9994
367 861 -9906
368 823 -9954
369 759 -9770
370 797 -9722
371 703 -9554
372 645 -9846
373 755 -9902
374 685 -10058
375 531 -10026
376 615 -9966
377 671 -9918
378 713 -10310
379 913 -10206
380 935 -10374
381 739 -10346
382 917 -10214
383 935 -10406
384 981 -10338
385 981 -10662
386 955 -10406
387 1057 -10438
388 1001 -10286
389 895 -10350
390 953 -10210
391 963 -10238
392 739 -10442
393 719 -10282
394 971 -10250
395 943 -10186
396 903 -10242
397 949 -10302
398 869 -10510
399 821 -10394
400 721 -10654
401 761 -10326
402 667 -10378
403 649 -10370
404 599 -10282
405 605 -10278
406 641 -10358
407 633 -10522
408 475 -10642
409 323 -10522
410 267 -10378
411 229 -10474
412 331 -10274
413 205 -10218
414 197 -10122
415 93 -10158
416 227 -10174
417 45 -10062
418 55 -10166
419 109 -9926
420 21 -10018
421 -17 -10290
422 -17 -9914
423 -69 -10094
424 173 -10106
425 197 -10302
426 209 -10258
427 121 -10242
428 107 -10142
429 331 -10346
430 343 -9902
431 343 -9930
432 191 -10178
433 79 -9982
434 7 -10254
435 283 -10190
436 353 -9838
437 217 -9898
438 119 -9682
439 155 -9922
440 -147 -9818
441 -119 -9794
442 157 -9834
443 193 -10278
444 283 -10042
445 457 -10098
446 291 -10222
447 277 -10094
448 233 -9778
449 229 -9986
450 101 -10302
451 -149 -10198
452 -1 -10154
453 15 -9942
454 41 -10166
455 213 -10062
456 359 -10162
457 317 -10038
458 17 -10182
459 -175 -10122
460 -215 -9986
461 -285 -9830
462 -377 -9886
463 -563 -9970
464 -817 -9814
465 -963 -10246
466 -957 -10250
467 -1019 -9902
468 -939 -10254
469 -1055 -10110
470 -965 -10122
471 -915 -10118
472 -949 -10062
473 -897 -10034
474 -887 -10098
475 -507 -9882
476 -351 -9938
477 -259 -9934
478 -511 -10142
479 -365 -10030
480 -389 -9942
481 -237 -10110
482 -177 -10062
483 -231 -10086
484 -103 -10146
485 -183 -10334
486 -123 -10350
487 -35 -10314
488 -85 -10146
489 -263 -9938
490 -43 -10174
491 13 -10162
492 95 -10230
493 51 -10150
494 -39 -10134
495 -53 -10110
496 -51 -10186
497 -71 -10230
498 -231 -9970
499 -387 -10286
500 -201 -9958
501 -245 -10074
502 -437 -9986
503 -503 -10222
504 -331 -10210
505 -339 -10382
506 -473 -10442
507 -541 -10082
508 -523 -9910
509 -375 -10126
510 -375 -10214
511 -291 -10434
512 -117 -10330
513 -91 -10154
514 -81 -10114
515 -183 -10210
516 -11 -10106
517 -81 -10046
518 -21 -10366
519 -169 -10174
520 -457 -9886
521 -341 -9862
522 -173 -10058
523 -113 -10238
524 -109 -10118
525 -27 -10094
526 -163 -10562
527 -121 -10170
528 -105 -10130
529 -163 -10222
530 -49 -10158
531 -45 -10426
532 -75 -10322
533 -89 -10390
534 -73 -10442
535 53 -10086
536 371 -10026
537 327 -10250
538 309 -10098
539 185 -10214
540 427 -10134
541 527 -10118
542 609 -10098
543 657 -9962
544 759 -10378
545 761 -10422
546 811 -10478
547 693 -10402
548 835 -10422
549 853 -10534
550 835 -10226
551 867 -10134
552 773 -10130
553 993 -10262
554 1137 -10266
555 785 -10494
556 609 -10390
557 749 -10366
558 759 -10118
559 931 -10038
560 879 -10054
561 1003 -10330
562 1091 -10414
563 933 -10270
564 943 -10326
565 813 -10210
566 861 -9930
567 901 -9654
568 785 -9930
569 617 -9906
570 619 -10042
571 611 -10086
572 617 -10174
573 411 -10130
574 273 -9974
575 457 -10246
576 429 -9946
577 473 -10022
578 507 -9938
579 413 -9830
580 561 -9758
581 385 -9990
582 483 -10006
583 525 -10022
584 607 -9826
585 613 -10114
586 815 -10150
587 875 -10174
588 757 -10374
589 999 -10254
590 945 -10218
591 1161 -10118
592 1207 -10130
593 1389 -10406
594 1333 -10542
595 1233 -10506
596 1137 -10502
597 931 -10422
598 695 -10334
599 835 -10154
600 819 -10258
601 727 -10526
602 809 -10302
603 649 -10238
604 591 -10098
605 481 -10418
606 565 -10462
607 351 -10254
608 209 -10462
609 173 -10306
610 23 -10662
611 111 -10570
612 125 -10534
613 -59 -10498
614 -71 -10594
615 -41 -10590
616 -97 -10518
617 59 -10438
618 141 -10138
619 179 -10174
620 123 -10346
621 -25 -10230
622 -199 -10086
623 -173 -10110
624 -113 -10238
625 37 -10042
626 -29 -10066
627 -25 -10070
628 -59 -10474
629 7 -10346
630 -137 -10134
631 -119 -10098
632 11 -10402
633 -213 -10238
634 -175 -10130
635 -135 -10202
636 -225 -10110
637 -235 -10250
638 -307 -10042
639 -559 -10254
640 -545 -10118
641 -621 -10326
642 -549 -10062
643 -637 -9898
644 -649 -9878
645 -689 -10126
646 -563 -10122
647 -357 -10034
648 -339 -10186
649 -309 -10110
650 -289 -9794
651 -217 -10206
652 -145 -10218
653 -11 -10094
654 101 -9998
655 -71 -10018
656 -267 -10370
657 -57 -10094
658 -117 -10334
659 -67 -10218
660 -61 -10266
661 3 -10290
662 -53 -10322
663 -191 -10466
664 -197 -10330
665 -53 -10382
666 -75 -10186
667 -49 -10282
668 -3 -10358
669 227 -10374
670 169 -10322
671 27 -10218
672 -27 -10334
673 29 -10182
674 -71 -10154
675 -57 -10566
676 -157 -10150
677 -299 -10274
678 -437 -10238
679 -399 -10198
680 -205 -9986
681 -275 -10298
682 -235 -10382
683 -63 -10166
684 -33 -10326
685 -39 -10170
686 -77 -10282
687 -45 -10394
688 -33 -10502
689 149 -10658
690 71 -10326
691 133 -10386
692 55 -10342
693 3 -10474
694 205 -10286
695 211 -10238
696 279 -10366
697 145 -10718
698 51 -10398
699 303 -10322
700 11 -10534
701 27 -10350
702 -27 -10518
703 -25 -10502
704 -121 -10430
705 57 -10198
706 -41 -10106
707 -47 -10262
708 -71 -10214
709 -95 -10254
710 -239 -10422
711 -161 -10322
712 -305 -10346
713 -323 -10590
714 -179 -10442
715 -257 -10454
716 -223 -10270
717 -347 -10354
718 -331 -10238
719 -393 -10070
720 -455 -10262
721 -439 -9938
722 -679 -10050
723 -859 -10162
724 -869 -9966
725 -965 -10366
726 -849 -10302
727 -871 -10338
728 -995 -10122
729 -1039 -10078
730 -931 -10138
731 -921 -10426
732 -993 -10206
733 -1107 -10298
734 -833 -10310
735 -899 -10594
736 -937 -10290
737 -905 -10346
738 -923 -10402
739 -885 -10422
740 -809 -10426
741 -669 -10190
742 -639 -10346
743 -517 -10314
744 -587 -10026
745 -409 -10162
746 -507 -10038
747 -459 -9950
748 -407 -10110
749 -411 -9958
750 -437 -9838
751 -349 -10210
752 -239 -10038
753 -163 -9978
754 -193 -10054
755 -279 -10186
756 -543 -10046
757 -511 -10098
758 -453 -10138
759 -483 -10522
760 -413 -10270
761 -473 -10518
762 -465 -10394
763 -425 -10446
764 -309 -10318
765 -371 -10426
766 -383 -10442
767 -315 -10374
768 -335 -10146
769 -403 -10102
770 -455 -10086
771 -405 -9926
772 -265 -10126
773 -11 -9902
774 -3 -10050
775 85 -10370
776 173 -10502
777 159 -10606
778 351 -10458
779 461 -10242
780 589 -10474
781 811 -10346
782 867 -10114
783 757 -10170
784 657 -10090
785 609 -10170
786 701 -10294
787 803 -10374
788 415 -10126
789 627 -10354
790 507 -10266
791 579 -10026
792 611 -9934
793 559 -10114
794 409 -10178
795 249 -10158
796 247 -9990
797 287 -9906
798 329 -9862
799 109 -9986
800 253 -10018
801 161 -10186
802 127 -9930
803 147 -10362
804 281 -10390
805 99 -10254
806 113 -10314
807 -169 -10618
808 -111 -10554
809 -97 -10242
810 -5 -10246
811 -31 -10298
812 19 -10594
813 41 -10482
814 83 -10490
815 93 -10342
816 275 -10466
817 395 -10118
818 285 -10182
819 367 -10150
820 267 -10238
821 401 -10014
822 381 -9986
823 257 -9970
824 375 -10146
825 491 -10174
826 509 -9730
827 469 -9846
828 499 -9970
829 533 -10022
830 401 -9922
831 279 -10018
832 57 -9994
833 93 -10046
834 -203 -10282
835 -229 -10194
836 -173 -10434
837 -175 -10594
838 -219 -10662
839 -155 -10398
840 -101 -10254
841 -81 -9862
842 3 -10010
843 75 -10114
844 59 -9998
845 -211 -9930
846 -49 -10218
847 7 -10314
848 27 -10238
849 -369 -9922
850 -475 -10258
851 -469 -10098
852 -511 -9846
853 -327 -9786
854 -319 -9726
855 -257 -9958
856 -181 -10134
857 -85 -10274
858 -61 -10118
859 -215 -10226
860 -81 -10214
861 75 -9942
862 27 -9622
863 13 -9894
864 175 -9862
865 283 -10122
866 275 -9942
867 325 -9926
868 431 -10146
869 447 -10310
870 369 -10286
871 309 -10530
872 -147 -10110
873 -313 -10226
874 -267 -10210
875 -541 -10278
876 -557 -10194
877 -477 -10118
878 -475 -9954
879 -375 -10194
880 -479 -10102
881 -521 -10182
882 -467 -10226
883 -467 -10490
884 -413 -10406
885 -295 -10426
886 -323 -10258
887 -545 -10478
888 -507 -10442
889 -357 -10718
890 -307 -10342
891 -129 -10390
892 -235 -10518
893 -157 -10530
894 -83 -10510
895 147 -10714
896 165 -10502
897 101 -10542
898 505 -10778
899 305 -10762
900 267 -10330
901 227 -10162
902 193 -10178
903 285 -10082
904 187 -10298
905 343 -10162
906 407 -10338
907 439 -10342
908 465 -10330
909 497 -10230
910 455 -10202
911 745 -10510
912 845 -10438
913 961 -10798
914 1015 -10550
915 1107 -10322
916 1277 -10722
917 1403 -10834
918 1339 -10434
919 1349 -10630
920 1145 -10306
921 1277 -10438
922 1221 -10642
923 1461 -10630
924 1459 -10574
925 1497 -10642
926 1465 -10398
927 1541 -10470
928 1335 -10374
929 1287 -10486
930 1119 -10470
931 1175 -10510
932 1029 -10354
933 1121 -10546
934 1083 -10114
935 1037 -10030
936 1023 -10150
937 1187 -10210
938 1227 -10250
939 1271 -10214
940 1343 -10106
941 1433 -10306
942 1237 -10094
943 1007 -10166
944 939 -10074
945 989 -10206
946 913 -10522
947 959 -10390
948 995 -10394
949 1069 -10390
950 963 -10206
951 915 -10278
952 993 -10146
953 973 -10106
954 897 -10534
955 799 -10266
956 775 -10146
957 809 -10090
958 885 -10042
959 673 -10314
960 593 -10198
961 823 -10014
962 685 -9990
963 571 -10058
964 497 -10102
965 553 -10178
966 379 -10050
967 309 -9850
968 363 -10110
969 159 -10362
970 231 -10402
971 335 -10566
972 353 -10454
973 461 -10326
974 285 -10270
975 395 -10162
976 545 -10394
977 573 -10158
978 539 -10154
979 563 -10006
980 683 -10338
981 649 -10258
982 667 -10478
983 631 -10602
984 763 -10430
985 833 -10374
986 867 -10334
987 739 -10214
988 711 -10114
989 849 -9750
990 683 -9610
991 577 -9874
992 779 -9790
993 639 -9926
994 677 -10122
995 569 -10174
996 465 -9894
997 357 -9862
998 349 -9874
999 289 -10038
1000 317 -10098
1001 213 -10258
1002 173 -9906
1003 283 -9858
1004 367 -9690
1005 345 -9802
1006 151 -9734
1007 193 -10146
1008 -115 -10002
1009 23 -9690
1010 47 -9986
1011 -61 -9970
1012 17 -10082
1013 19 -9802
1014 115 -9966
1015 189 -10026
1016 123 -9694
1017 159 -9854
1018 -31 -9790
1019 -59 -9762
1020 -255 -9722
1021 -103 -9698
1022 -193 -9970
1023 -169 -10150
1024 -127 -10254
1025 -87 -10054
1026 -35 -10214
1027 131 -10146
1028 -169 -10082
1029 -219 -10366
1030 -421 -10306
1031 -339 -10226
1032 -319 -10230
1033 -295 -10150
1034 -113 -10422
1035 -101 -10314
1036 -19 -10022
1037 -65 -10278
1038 279 -9974
1039 363 -10138
1040 133 -10186
1041 281 -9990
1042 181 -9994
1043 93 -10010
1044 61 -10154
1045 255 -10366
1046 31 -10190
1047 -141 -10314
1048 77 -10638
1049 13 -10402
1050 -73 -10242
1051 25 -10382
1052 3 -10354
1053 -247 -10222
1054 13 -10430
1055 -93 -10114
1056 -217 -10330
1057 -139 -10054
1058 -45 -9866
1059 43 -10002
1060 139 -9894
1061 -3 -9922
1062 -11 -9662
1063 67 -9566
1064 35 -9734
1065 91 -9778
1066 39 -9762
1067 215 -9934
1068 -1 -9794
1069 97 -10198
1070 -1 -9862
1071 33 -10130
1072 121 -9786
1073 343 -9854
1074 393 -10122
1075 397 -9986
1076 381 -9918
1077 385 -9782
1078 279 -9802
1079 247 -9942
1080 263 -10034
1081 175 -10034
1082 111 -10114
1083 181 -10166
1084 157 -9934
1085 375 -10018
1086 333 -10202
1087 433 -10318
1088 407 -10594
1089 505 -10666
1090 401 -10450
1091 365 -10086
1092 433 -10250
1093 323 -9942
1094 259 -10066
1095 241 -9878
1096 147 -9826
1097 191 -10058
1098 25 -9794
1099 103 -9954
1100 73 -10050
1101 157 -9882
1102 189 -9818
1103 235 -10286
1104 213 -10274
1105 193 -10322
1106 227 -10246
1107 267 -10238
1108 431 -10174
1109 595 -10162
1110 787 -10502
1111 773 -10458
1112 557 -10438
1113 587 -10394
1114 639 -10522
1115 365 -10390
1116 331 -10390
1117 345 -10306
1118 261 -10218
1119 355 -10546
1120 353 -10630
1121 229 -10354
1122 193 -10454
1123 105 -10434
1124 285 -10250
1125 275 -10138
1126 127 -10234
1127 -5 -10002
1128 -55 -10166
1129 29 -10290
1130 -145 -10326
1131 -79 -10498
1132 -75 -10446
1133 -111 -10682
1134 -333 -10358
1135 -211 -10486
1136 43 -10134
1137 91 -10206
1138 -23 -10314
1139 -3 -10414
1140 5 -10786
1141 13 -10702
1142 -69 -10554
1143 -139 -10526
1144 -199 -10414
1145 -69 -10110
1146 57 -10146
1147 -77 -10138
1148 67 -10042
1149 141 -10154
1150 71 -10150
1151 49 -10274
1152 -67 -9942
1153 -209 -9754
1154 -139 -10278
1155 -101 -10342
1156 161 -10278
1157 435 -10186
1158 633 -10330
1159 613 -10150
1160 689 -10074
1161 615 -10266
1162 475 -10478
1163 487 -10750
1164 489 -10590
1165 361 -10310
1166 439 -10138
1167 655 -10426
1168 779 -10298
1169 773 -10110
1170 703 -10158
1171 685 -10326
1172 801 -10314
1173 731 -10442
1174 845 -10470
1175 797 -10650
1176 705 -10558
1177 591 -10606
1178 423 -10426
1179 369 -10326
1180 409 -10238
1181 293 -10178
1182 381 -10146
1183 321 -10070
1184 107 -10366
1185 -13 -9886
1186 -205 -10006
1187 -229 -10182
1188 -361 -10314
1189 -221 -10570
1190 -91 -10362
1191 -89 -10074
1192 -265 -10238
1193 -317 -10234
1194 -279 -10078
1195 -247 -10134
1196 -323 -10290
1197 -261 -10218
1198 -307 -9978
1199 -517 -10014
1200 -601 -10026
1201 -553 -10074
1202 -619 -9946
1203 -563 -10086
1204 -489 -10154
1205 -471 -10130
1206 -493 -9854
1207 -297 -10050
1208 -341 -9998
1209 -541 -10114
1210 -545 -9858
1211 -585 -9758
1212 -531 -9854
1213 -643 -10050
1214 -691 -10222
1215 -481 -10174
1216 -433 -10318
1217 -389 -10194
1218 -223 -10130
1219 -233 -10234
1220 -265 -10478
1221 -115 -10242
1222 -297 -10338
1223 -331 -10286
1224 -393 -10346
1225 -313 -10434
1226 -209 -10514
1227 -107 -10266
1228 -227 -10254
1229 -145 -10358
1230 -135 -10346
1231 -43 -10486
1232 -69 -10210
1233 -111 -10046
1234 109 -10014
1235 127 -10086
1236 153 -10046
1237 117 -10138
1238 97 -10322
1239 121 -9938
1240 117 -9918
1241 133 -10298
1242 -129 -10238
1243 -105 -10122
1244 -369 -10206
1245 -251 -10414
1246 -389 -10310
1247 -385 -10302
1248 -357 -10210
1249 -503 -10030
1250 -407 -10206
1251 -423 -10198
1252 -241 -9966
1253 -167 -9922
1254 -41 -10018
1255 81 -10050
1256 -5 -10162
1257 -265 -10214
1258 -297 -10178
1259 -429 -10254
1260 -301 -10374
1261 -347 -10314
1262 -439 -10302
1263 -513 -10178
1264 -467 -10170
1265 -361 -10066
1266 -395 -10374
1267 -303 -10502
1268 -301 -10474
1269 -135 -10262
1270 -297 -10426
1271 -269 -10094
1272 -261 -9910
1273 -197 -10098
1274 -225 -10198
1275 -183 -10626
1276 -79 -10326
1277 -153 -10418
1278 -265 -10266
1279 -177 -10210
1280 -325 -10082
1281 -331 -10170
1282 -249 -10054
1283 -219 -10406
1284 -297 -10306
1285 -217 -10386
1286 -265 -10330
1287 -155 -10146
1288 -177 -10342
1289 -265 -10294
1290 -153 -10254
1291 -281 -10218
1292 -383 -10422
1293 -425 -10510
1294 -547 -10266
1295 -349 -10302
1296 -243 -9978
1297 -233 -9978
1298 -379 -10194
1299 -365 -9938
1300 -119 -9954
1301 -39 -10242
1302 -73 -10362
1303 37 -10678
1304 31 -10802
1305 7 -10682
1306 115 -10798
1307 111 -10502
1308 -91 -10538
1309 -73 -10426
1310 -77 -10386
1311 -3 -10470
1312 -27 -10130
1313 -223 -10214
1314 -467 -10270
1315 -399 -10070
1316 -359 -10318
1317 -293 -10110
1318 -223 -10250
1319 -83 -10350
1320 -203 -10298
1321 -51 -10266
1322 -123 -10642
1323 -131 -10310
1324 -51 -10322
1325 37 -10038
1326 161 -10050
1327 217 -10294
1328 215 -10306
1329 297 -10042
1330 291 -10038
1331 289 -9798
1332 283 -9982
1333 97 -9826
1334 -27 -9766
1335 231 -9914
1336 203 -9718
1337 87 -9714
1338 61 -9790
1339 65 -10018
1340 49 -9942
1341 9 -9926
1342 31 -9806
1343 153 -10062
1344 249 -9922
1345 145 -10278
1346 451 -10142
1347 423 -10038
1348 445 -10042
1349 555 -9834
1350 609 -9790
1351 627 -10010
1352 689 -9846
1353 541 -9766
1354 599 -10374
1355 457 -10382
1356 585 -10270
1357 577 -10010
1358 551 -10390
1359 575 -10414
1360 489 -10282
1361 551 -10414
1362 635 -10546
1363 881 -10602
1364 669 -10354
1365 729 -10110
1366 701 -10150
1367 721 -10354
1368 519 -10130
1369 737 -10202
1370 657 -10074
1371 641 -10258
1372 611 -10310
1373 565 -10266
1374 437 -10294
1375 439 -10142
1376 381 -10210
1377 485 -10174
1378 513 -10238
1379 381 -10334
1380 433 -10086
1381 623 -10062
1382 585 -10182
1383 423 -10394
1384 219 -10286
1385 269 -10106
1386 -3 -10062
1387 -137 -10238
1388 -285 -10250
1389 -319 -10134
1390 -239 -10026
1391 -245 -10162
1392 -73 -10406
1393 -181 -10234
1394 -95 -10158
1395 -219 -10378
1396 -151 -9934
1397 -233 -9894
1398 -241 -10154
1399 -205 -10254
1400 -95 -10298
1401 -331 -10186
1402 -243 -10050
1403 -363 -10018
1404 -281 -9966
1405 -239 -9986
1406 -201 -10054
1407 103 -10138
1408 211 -10174
1409 289 -10010
1410 227 -9978
1411 301 -9966
1412 569 -10098
1413 363 -10134
1414 221 -10142
1415 -115 -10230
1416 -17 -10142
1417 143 -10082
1418 277 -10442
1419 327 -10442
1420 355 -10434
1421 427 -10242
1422 579 -10226
1423 775 -10426
1424 809 -10394
1425 759 -10454
1426 663 -10426
1427 873 -10442
1428 959 -10418
1429 983 -10158
1430 1059 -10146
1431 1059 -10334
1432 1161 -10230
1433 1225 -10158
1434 1253 -10442
1435 1207 -10222
1436 1413 -10474
1437 1373 -10418
1438 1293 -10530
1439 1235 -10482
1440 1355 -10358
1441 1305 -10514
1442 1263 -10306
1443 1181 -10418
1444 1323 -10658
1445 1109 -10714
1446 843 -10358
1447 947 -10410
1448 1091 -10246
1449 1087 -10322
1450 1149 -10346
1451 1039 -10254
1452 1079 -10190
1453 993 -10378
1454 777 -10610
1455 731 -10334
1456 723 -10238
1457 613 -10274
1458 629 -10126
1459 647 -10290
1460 751 -10314
1461 621 -10202
1462 531 -10086
1463 617 -10094
1464 755 -10126
1465 1009 -10126
1466 983 -10374
1467 781 -10182
1468 817 -10214
1469 933 -10082
1470 925 -10254
1471 761 -10174
1472 715 -10146
1473 661 -10034
1474 695 -10026
1475 751 -9978
1476 669 -10086
1477 859 -10358
1478 645 -10258
1479 625 -10302
1480 599 -10190
1481 523 -10182
1482 519 -10430
1483 761 -10374
1484 691 -10170
1485 421 -10090
1486 295 -10382
1487 221 -10114
1488 267 -10378
1489 511 -10346
1490 655 -10418
1491 807 -10478
1492 525 -10506
1493 455 -10538
1494 303 -10578
1495 453 -10482
1496 427 -10714
1497 623 -10742
1498 585 -10762
1499 571 -10590
1500 555 -10462
1501 465 -10358
1502 607 -10306
1503 367 -10530
1504 503 -10338
1505 357 -10278
1506 373 -10222
1507 495 -10366
1508 409 -10478
1509 437 -10342
1510 433 -10230
1511 441 -10190
1512 403 -10550
1513 563 -10582
1514 663 -10718
1515 725 -10638
1516 741 -10358
1517 769 -10390
1518 669 -10458
1519 717 -10606
1520 653 -10642
1521 641 -10582
1522 569 -10562
1523 561 -10390
1524 489 -10186
1525 293 -10278
1526 217 -10074
1527 11 -10638
1528 -63 -10478
1529 -77 -10398
1530 -89 -10142
1531 -203 -10386
1532 -199 -10514
1533 -71 -10642
1534 -103 -10826
1535 -147 -10658
1536 -49 -10522
1537 -93 -10274
1538 -165 -10254
1539 -71 -10478
1540 -161 -10374
1541 -241 -10590
1542 -171 -10410
1543 -203 -10294
1544 -413 -10286
1545 -483 -10030
1546 -421 -10430
1547 -319 -10486
1548 -293 -10390
1549 -269 -10514
1550 -97 -10306
1551 15 -10422
1552 73 -10494
1553 65 -10534
1554 91 -10078
1555 237 -10070
1556 389 -10126
1557 433 -10374
1558 403 -10286
1559 497 -10094
1560 433 -10326
1561 317 -10166
1562 471 -10042
1563 615 -10142
1564 601 -10338
1565 497 -10310
1566 615 -10322
1567 605 -10646
1568 671 -10778
1569 703 -10582
1570 897 -10582
1571 1063 -10434
1572 881 -10706
1573 1027 -10446
1574 1017 -10242
1575 1075 -10206
1576 1229 -10346
1577 1123 -10242
1578 1041 -10190
1579 843 -10254
1580 851 -10042
1581 709 -10230
1582 589 -10246
1583 563 -10034
1584 673 -10378
1585 487 -10150
1586 485 -10434
1587 529 -10658
1588 299 -10462
1589 531 -10354
1590 377 -10334
1591 237 -10474
1592 379 -10326
1593 459 -10494
1594 319 -10326
1595 287 -10322
1596 199 -10326
1597 85 -10194
1598 33 -10090
1599 123 -10082
1600 61 -10190
1601 119 -10298
1602 87 -10294
1603 189 -10350
1604 127 -10322
1605 63 -10342
1606 3 -10598
1607 315 -10678
1608 337 -10486
1609 509 -10458
1610 389 -10510
1611 367 -9950
1612 603 -10074
1613 597 -10138
1614 639 -10334
1615 635 -10314
1616 691 -10206
1617 515 -10050
1618 521 -10214
1619 625 -10490
1620 573 -10434
1621 449 -10530
1622 485 -10378
1623 529 -10266
1624 441 -10250
1625 597 -10162
1626 609 -10146
1627 573 -9942
1628 371 -10146
1629 413 -10210
1630 681 -10354
1631 591 -10270
1632 313 -10218
1633 429 -10094
1634 245 -10394
1635 263 -10422
1636 531 -10570
1637 481 -10174
1638 429 -10270
1639 137 -10306
1640 225 -10078
1641 325 -10374
1642 397 -10214
1643 371 -10310
1644 367 -10026
1645 481 -10098
1646 371 -10114
1647 365 -9858
1648 283 -9886
1649 -27 -9826
1650 -75 -10090
1651 -77 -10226
1652 -257 -10358
1653 -177 -10514
1654 -145 -10282
1655 -41 -10038
1656 375 -9958
1657 243 -9962
1658 357 -10142
1659 289 -10222
1660 459 -10190
1661 369 -10262
1662 403 -10202
1663 443 -10170
1664 369 -9902
1665 593 -10066
1666 587 -9918
1667 443 -10002
1668 375 -10194
1669 421 -10234
1670 275 -10218
1671 191 -10282
1672 383 -10450
1673 273 -10502
1674 257 -10514
1675 443 -10562
1676 529 -10542
1677 793 -10570
1678 693 -10382
1679 617 -10366
1680 535 -10234
1681 623 -10306
1682 653 -10266
1683 593 -10394
1684 577 -10426
1685 599 -10174
1686 481 -10146
1687 457 -10426
1688 477 -10362
1689 487 -10178
1690 413 -10222
1691 499 -10446
1692 523 -10554
1693 499 -10302
1694 581 -10354
1695 645 -10418
1696 325 -10150
1697 463 -10214
1698 425 -10118
1699 383 -10026
1700 365 -9882
1701 491 -10262
1702 311 -10482
1703 417 -10386
1704 325 -10142
1705 231 -10202
1706 303 -9962
1707 301 -10226
1708 175 -10502
1709 105 -10370
1710 219 -10302
1711 297 -10262
1712 437 -10282
1713 601 -10266
1714 527 -10242
1715 545 -10250
1716 617 -10006
1717 877 -9978
1718 705 -10146
1719 693 -10078
1720 671 -9870
1721 677 -9866
1722 659 -9954
1723 639 -9898
1724 611 -9682
1725 689 -10002
1726 627 -10026
1727 627 -10334
1728 655 -10402
1729 693 -10482
1730 535 -10334
1731 639 -10486
1732 629 -10022
1733 473 -10066
1734 499 -10126
1735 159 -10230
1736 73 -10342
1737 -35 -10490
1738 -183 -10142
1739 -151 -10374
1740 -227 -10478
1741 -327 -10366
1742 -221 -10594
1743 -255 -10454
1744 -35 -10446
1745 -77 -10242
1746 13 -10206
1747 63 -10474
1748 -117 -10558
1749 -151 -10722
1750 -25 -10398
1751 -151 -10670
1752 -43 -10430
1753 159 -10582
1754 145 -10678
1755 379 -10674
1756 451 -10502
1757 583 -10394
1758 707 -10598
1759 601 -10266
1760 459 -10226
1761 347 -10118
1762 171 -10050
1763 129 -10226
1764 189 -9890
1765 405 -9934
1766 429 -10230
1767 323 -10154
1768 107 -9990
1769 65 -10058
1770 49 -9990
1771 -113 -9942
1772 -339 -9946
1773 -453 -10066
1774 -543 -10254
1775 -509 -10390
1776 -437 -10262
1777 -523 -10242
1778 -549 -10350
1779 -633 -10414
1780 -623 -10254
1781 -601 -10290
1782 -423 -10438
1783 -341 -10218
1784 -391 -10130
1785 -247 -9822
1786 -455 -10178
1787 -375 -10230
1788 -587 -10378
1789 -511 -10290
1790 -691 -10034
1791 -607 -10034
1792 -429 -10066
1793 -379 -9990
1794 -309 -9850
1795 -279 -9886
1796 -263 -10090
1797 -269 -9762
1798 -355 -9566
1799 -169 -9774
1800 49 -9870
1801 121 -9778
1802 241 -10018
1803 281 -10242
1804 71 -10506
1805 -125 -10554
1806 31 -10202
1807 21 -10138
1808 -167 -10026
1809 -109 -10146
1810 -133 -10294
1811 -333 -10010
1812 -401 -10174
1813 -309 -10162
1814 -311 -10118
1815 -223 -10370
1816 -153 -10154
1817 -249 -10010
1818 -145 -9934
1819 -159 -10354
1820 -89 -10402
1821 -257 -10446
1822 -299 -10358
1823 -425 -10226
1824 -559 -10378
1825 -529 -10578
1826 -649 -10678
1827 -687 -10570
1828 -481 -10218
1829 -513 -10010
1830 -643 -10138
1831 -739 -10190
1832 -813 -10178
1833 -713 -10270
1834 -567 -10318
1835 -349 -10334
1836 -335 -10470
1837 -269 -10202
1838 -297 -10098
1839 -181 -10006
1840 -147 -9854
1841 19 -9854
1842 281 -10070
1843 97 -10130
1844 9 -10054
1845 -9 -10146
1846 139 -10178
1847 -79 -10166
1848 -105 -10082
1849 67 -10166
1850 89 -10266
1851 219 -10366
1852 309 -10210
1853 167 -10282
1854 69 -10354
1855 213 -10238
1856 243 -10142
1857 223 -10294
1858 335 -9950
1859 73 -10278
1860 79 -10066
1861 -103 -10266
1862 -75 -10198
1863 -277 -10310
1864 -347 -10438
1865 -473 -10490
1866 -549 -10670
1867 -577 -10446
1868 -425 -10514
1869 -273 -10466
1870 -183 -10262
1871 -41 -10146
1872 -277 -10162
1873 -215 -10430
1874 -243 -10446
1875 -145 -10238
1876 -25 -10198
1877 -57 -10294
1878 153 -10214
1879 143 -9958
1880 399 -9918
1881 409 -10098
1882 337 -10190
1883 361 -10142
1884 149 -10210
1885 139 -9878
1886 73 -10242
1887 203 -10134
1888 249 -10470
1889 95 -10234
1890 97 -9882
1891 149 -9994
1892 -41 -10050
1893 -163 -9822
1894 -113 -9958
1895 33 -10154
1896 307 -10222
1897 327 -10230
1898 409 -10074
1899 263 -10270
1900 187 -10302
1901 229 -10218
1902 235 -10198
1903 317 -9986
1904 227 -10246
1905 -31 -10222
1906 -31 -10470
1907 69 -10446
1908 173 -10366
1909 233 -10394
1910 321 -10362
1911 367 -10394
1912 331 -10294
1913 357 -10374
1914 173 -10422
1915 159 -10410
1916 89 -10130
1917 -115 -10294
1918 -169 -10046
1919 -121 -10302
1920 -191 -10334
1921 -107 -10422
1922 -157 -10650
1923 -113 -10566
1924 -249 -10314
1925 -147 -9966
1926 -199 -10326
1927 -75 -10334
1928 -155 -10382
1929 -135 -10262
1930 -381 -9990
1931 -405 -9714
1932 -429 -10038
1933 -527 -10230
1934 -361 -10186
1935 -427 -10362
1936 -417 -10286
1937 -395 -9854
1938 -429 -9802
1939 -341 -9782
1940 -275 -10214
1941 -185 -10266
1942 -187 -10258
1943 -203 -9958
1944 -359 -10018
1945 -429 -9994
1946 -501 -10338
1947 -573 -10006
1948 -421 -10062
1949 -553 -10190
1950 -669 -10162
1951 -573 -10242
1952 -471 -10102
1953 -455 -9926
1954 -215 -9946
1955 -257 -10106
1956 -255 -10106
1957 -37 -10190
1958 -133 -10258
1959 -137 -10090
1960 -315 -10078
1961 -267 -10050
1962 -265 -9906
1963 -105 -10070
1964 -75 -10298
1965 -55 -10298
1966 -291 -10342
1967 -245 -10358
1968 -195 -10154
1969 -91 -10198
1970 -61 -10154
1971 -121 -10142
1972 -59 -10202
1973 -217 -10310
1974 -219 -10398
1975 -205 -10442
1976 -145 -10478
1977 -35 -10494
1978 97 -10530
1979 -21 -10414
1980 1 -10154
1981 35 -9994
1982 -125 -9806
1983 143 -10074
1984 297 -9994
1985 411 -9858
1986 523 -9958
1987 561 -10102
1988 625 -10246
1989 413 -10382
1990 293 -10234
1991 193 -10286
1992 291 -10218
1993 637 -10270
1994 799 -10142
1995 591 -10314
1996 677 -10370
1997 577 -10394
1998 695 -10390
1999 635 -10406
2000 435 -10334
2001 739 -10374
2002 873 -10158
2003 857 -10262
2004 821 -10438
2005 915 -10222
2006 689 -10346
2007 851 -10174
2008 863 -10374
2009 837 -10214
2010 857 -10262
2011 1057 -10466
2012 827 -10578
2013 803 -10322
2014 717 -10406
2015 837 -10642
2016 709 -10542
2017 691 -10566
2018 591 -10614
2019 621 -10450
2020 689 -10362
2021 935 -10186
2022 1079 -10078
2023 1133 -10114
2024 1257 -10250
2025 1357 -10290
2026 1419 -10022
2027 1511 -10122
2028 1397 -10186
2029 1347 -10330
2030 1413 -10358
2031 1485 -10486
2032 1587 -10434
2033 1411 -10454
2034 1539 -10526
2035 1645 -10650
2036 1757 -10350
2037 1753 -10614
2038 1775 -10786
2039 1763 -10650
2040 1967 -10502
2041 1951 -10518
2042 1743 -10230
2043 1901 -10378
2044 1865 -10662
2045 2101 -10710
2046 1875 -10770
2047 1767 -10642
2048 1897 -10394
2049 1823 -10402
2050 1767 -10686
2051 1797 -10758
2052 1721 -10490
2053 1667 -10374
2054 1539 -10638
2055 1391 -10534
2056 1301 -10770
2057 1327 -10598
2058 1381 -10634
2059 1385 -10506
2060 1477 -10442
2061 1295 -10410
2062 1163 -10458
2063 1077 -10450
2064 999 -10486
2065 1005 -10458
2066 999 -10090
2067 1047 -10198
2068 1181 -10170
2069 1167 -10210
2070 1189 -10142
2071 1077 -10206
2072 987 -10162
2073 879 -10278
2074 931 -10426
2075 789 -10570
2076 813 -10658
2077 855 -10206
2078 843 -10062
2079 495 -10222
2080 611 -10046
2081 405 -10062
2082 399 -9894
2083 537 -10182
2084 497 -10134
2085 413 -9902
2086 361 -10198
2087 319 -10558
2088 269 -10570
2089 359 -10154
2090 293 -10062
2091 173 -10258
2092 223 -10146
2093 313 -10270
2094 263 -10250
2095 383 -10142
2096 509 -9978
2097 481 -9950
2098 547 -10058
2099 531 -10338
2100 345 -10354
2101 37 -10374
2102 219 -10398
2103 103 -10314
2104 105 -10006
2105 51 -10254
2106 83 -10526
2107 -5 -10234
2108 -195 -10450
2109 -161 -10510
2110 -117 -10550
2111 -263 -10158
2112 -257 -10266
2113 -305 -10198
2114 -333 -10198
2115 -297 -10050
2116 -255 -10278
2117 -241 -10350
2118 -303 -10178
2119 -465 -10354
2120 -339 -10262
2121 -431 -10202
2122 -465 -10138
2123 -391 -10502
2124 -455 -10474
2125 -675 -10278
2126 -569 -10386
2127 -729 -10410
2128 -653 -10394
2129 -621 -10430
2130 -659 -10354
2131 -779 -10286
2132 -871 -10198
2133 -811 -10134
2134 -1025 -10202
2135 -945 -10110
2136 -819 -10086
2137 -905 -10382
2138 -885 -10162
2139 -765 -10178
2140 -795 -9850
2141 -641 -10086
2142 -715 -9758
2143 -757 -9962
2144 -901 -10034
2145 -783 -10198
2146 -603 -10370
2147 -455 -10142
2148 -495 -10186
2149 -457 -10470
2150 -549 -10362
2151 -623 -10310
2152 -777 -10610
2153 -779 -10306
2154 -983 -10510
2155 -915 -10074
2156 -1003 -10010
2157 -1047 -9974
2158 -915 -10074
2159 -1039 -10114
2160 -1009 -10142
2161 -863 -10346
2162 -795 -10502
2163 -907 -10426
2164 -859 -10550
2165 -665 -10182
2166 -581 -9938
2167 -453 -10054
2168 -659 -10138
2169 -623 -10078
2170 -657 -10218
2171 -613 -10302
2172 -625 -10394
2173 -673 -10338
2174 -773 -10362
2175 -859 -10490
2176 -981 -9986
2177 -863 -10118
2178 -725 -10078
2179 -619 -9878
2180 -585 -9942
2181 -553 -9986
2182 -515 -9822
2183 -403 -10078
2184 -415 -9842
2185 -341 -10082
2186 -213 -10134
2187 -81 -10098
2188 61 -9814
2189 387 -9754
2190 433 -9850
2191 101 -9658
2192 103 -9778
2193 215 -10026
2194 267 -10014
2195 -9 -9934
2196 -83 -9990
2197 -107 -10186
2198 -29 -10262
2199 -33 -10210
2200 43 -10290
2201 91 -10394
2202 305 -10374
2203 307 -10050
2204 555 -9970
2205 821 -10146
2206 809 -10006
2207 501 -9830
2208 485 -9950
2209 605 -10126
2210 641 -10154
2211 469 -10162
2212 481 -10102
2213 477 -10322
2214 515 -10178
2215 473 -10170
2216 251 -9998
2217 351 -10174
2218 397 -10414
2219 577 -10262
2220 729 -10210
2221 823 -10538
2222 715 -10382
2223 619 -10314
2224 505 -10042
2225 447 -10246
2226 279 -10490
2227 257 -10278
2228 155 -10406
2229 335 -10474
2230 271 -10386
2231 153 -10406
2232 81 -10522
2233 47 -10590
2234 57 -10286
2235 103 -10318
2236 137 -10326
2237 -13 -10446
2238 153 -10430
2239 385 -10486
2240 453 -10394
2241 507 -10146
2242 535 -10374
2243 299 -10506
2244 97 -10254
2245 147 -10546
2246 131 -10630
2247 337 -10462
2248 503 -10430
2249 517 -10166
2250 647 -10086
2251 617 -10162
2252 641 -10130
2253 677 -9962
2254 763 -10150
2255 849 -10102
2256 625 -9970
2257 691 -10274
2258 763 -9974
2259 695 -9986
2260 389 -10050
2261 71 -10162
2262 29 -10070
2263 245 -10062
2264 201 -10106
2265 349 -10002
2266 565 -9982
2267 525 -10338
2268 449 -10242
2269 441 -9910
2270 413 -9974
2271 509 -10106
2272 429 -10190
2273 497 -10182
2274 645 -10234
2275 733 -10406
2276 579 -10338
2277 579 -10262
2278 527 -10086
2279 463 -10374
2280 393 -10222
2281 403 -10462
2282 387 -10118
2283 235 -10298
2284 39 -10234
2285 149 -10482
2286 115 -10214
2287 125 -9954
2288 65 -10034
2289 -1 -9974
2290 97 -9818
2291 -109 -10002
2292 -175 -10042
2293 -123 -10262
2294 -113 -9982
2295 -325 -10110
2296 -115 -10274
2297 -37 -10390
2298 -93 -10098
2299 -71 -10062
2300 39 -9886
2301 -165 -10218
2302 -125 -10170
2303 -201 -10258
2304 113 -10534
2305 47 -10426
2306 99 -10130
2307 23 -10178
2308 -35 -10338
2309 -101 -9974
2310 -155 -9918
2311 -155 -10170
2312 -235 -10226
2313 -101 -10406
2314 -163 -10202
2315 7 -10322
2316 -9 -10402
2317 21 -10070
2318 -135 -10074
2319 -217 -10270
2320 -253 -9894
2321 -161 -9866
2322 -273 -10234
2323 -299 -10518
2324 -505 -10210
2325 -379 -10218
2326 -279 -10170
2327 -227 -10138
2328 -361 -10090
2329 -263 -10290
2330 -237 -10218
2331 69 -10218
2332 21 -10422
2333 91 -10234
2334 -263 -10002
2335 -87 -9826
2336 171 -9518
2337 257 -9446
2338 181 -9586
2339 217 -10034
2340 239 -10098
2341 383 -9882
2342 353 -9822
2343 375 -10086
2344 403 -9790
2345 525 -10166
2346 397 -10198
2347 423 -10018
2348 421 -9850
2349 421 -9998
2350 371 -9982
2351 387 -9746
2352 371 -9906
2353 285 -9902
2354 69 -10110
2355 45 -10006
2356 191 -10046
2357 359 -10266
2358 331 -10250
2359 425 -10226
2360 327 -10190
2361 267 -10002
2362 307 -9866
2363 249 -10090
2364 273 -10282
2365 235 -10114
2366 109 -9830
2367 113 -10034
2368 179 -9810
2369 221 -9774
2370 195 -10126
2371 399 -10202
2372 369 -10338
2373 513 -10198
2374 319 -9942
2375 463 -10262
2376 453 -10150
2377 561 -10098
2378 621 -10214
2379 625 -10078
2380 759 -10278
2381 821 -10290
2382 741 -10238
2383 587 -10118
2384 599 -10186
2385 795 -10166
2386 753 -9934
2387 779 -9874
2388 857 -9918
2389 897 -9694
2390 967 -9842
2391 695 -9842
2392 551 -10066
2393 667 -10070
2394 743 -9914
2395 847 -10042
2396 837 -9878
2397 761 -9862
2398 553 -10078
2399 517 -10190
2400 501 -10342
2401 567 -10170
2402 469 -9906
2403 499 -10146
2404 621 -10190
2405 729 -10102
2406 515 -10246
2407 517 -10198
2408 535 -10390
2409 521 -10410
2410 379 -10286
2411 383 -10318
2412 321 -10486
2413 209 -10406
2414 297 -10542
2415 273 -10386
2416 325 -10374
2417 233 -10478
2418 319 -10670
2419 451 -10250
2420 505 -10390
2421 525 -10358
2422 627 -10318
2423 517 -9946
2424 375 -9906
2425 393 -9906
2426 117 -9794
2427 -131 -10134
2428 -33 -9990
2429 -73 -9990
2430 -131 -10090
2431 5 -10234
2432 23 -10146
2433 55 -9934
2434 99 -9746
2435 211 -9802
2436 177 -9582
2437 53 -9986
2438 223 -10078
2439 287 -10146
2440 255 -10150
2441 351 -10230
2442 413 -10318
2443 559 -10306
2444 543 -9978
2445 425 -10010
2446 353 -9874
2447 381 -9810
2448 261 -9898
2449 71 -9782
2450 29 -10038
2451 103 -9806
2452 -97 -10230
2453 -163 -10122
2454 27 -10290
2455 71 -10258
2456 -99 -10022
2457 79 -10106
2458 79 -10022
2459 29 -9858
2460 55 -9694
2461 71 -9654
2462 53 -10022
2463 87 -10006
2464 187 -10110
2465 -109 -10070
2466 -193 -10410
2467 -49 -10294
2468 -143 -10026
2469 -245 -10214
2470 -177 -10026
2471 -259 -10446
2472 -223 -10754
2473 -373 -10966
2474 -469 -10786
2475 -461 -10702
2476 -275 -10446
2477 -379 -10438
2478 -235 -10562
2479 -273 -10362
2480 -383 -10370
2481 -329 -10306
2482 -221 -10726
2483 -175 -10374
2484 -109 -10430
2485 -185 -10342
2486 -91 -10374
2487 -149 -10022
2488 -179 -10010
2489 -189 -10318
2490 -213 -10106
2491 -257 -10330
2492 -141 -10398
2493 -59 -10426
2494 133 -10266
2495 243 -10058
2496 187 -9806
2497 163 -10014
2498 197 -9858
2499 297 -9934
2500 307 -10022
2501 395 -10102
2502 273 -9778
2503 347 -10094
2504 69 -10058
2505 133 -10106
2506 253 -10198
2507 211 -10186
2508 315 -10406
2509 357 -10214
2510 179 -10050
2511 465 -10310
2512 379 -10214
2513 599 -10006
2514 677 -10046
2515 729 -10026
2516 845 -10318
2517 695 -10162
2518 497 -10202
2519 429 -10166
2520 457 -10386
2521 243 -10290
2522 213 -10546
2523 279 -10346
2524 353 -10326
2525 515 -10450
2526 483 -10290
2527 467 -10278
2528 351 -10254
2529 377 -10030
2530 369 -10058
2531 377 -9934
2532 347 -10070
2533 413 -9686
2534 513 -9922
2535 413 -9826
2536 271 -9966
2537 153 -9922
2538 57 -10102
2539 75 -10470
2540 263 -10426
2541 445 -10722
2542 493 -10482
2543 475 -10854
2544 507 -10594
2545 579 -10470
2546 525 -10490
2547 533 -10366
2548 611 -10430
2549 665 -10458
2550 661 -10178
2551 801 -10314
2552 915 -10374
2553 991 -10274
2554 929 -10410
2555 1039 -10318
2556 977 -10390
2557 893 -10370
2558 903 -10326
2559 815 -10138
2560 679 -10226
2561 645 -10062
2562 739 -9982
2563 939 -10114
2564 943 -10450
2565 985 -10530
2566 871 -10414
2567 623 -10414
2568 645 -10582
2569 459 -10522
2570 573 -10478
2571 463 -10582
2572 459 -10154
2573 433 -10014
2574 347 -10150
2575 293 -9890
2576 219 -9598
2577 61 -9590
2578 135 -9806
2579 217 -9706
2580 337 -9710
2581 345 -9914
2582 303 -10146
2583 133 -10222
2584 287 -10122
2585 367 -9894
2586 131 -9830
2587 203 -9734
2588 291 -10062
2589 383 -9830
2590 337 -9710
2591 407 -10074
2592 283 -10254
2593 495 -10386
2594 421 -10710
2595 439 -10478
2596 267 -10514
2597 185 -10462
2598 295 -10306
2599 181 -10214
2600 165 -10474
2601 65 -10238
2602 -35 -10250
2603 71 -10482
2604 137 -10630
2605 217 -10250
2606 -19 -10478
2607 195 -10702
2608 105 -10434
2609 127 -10598
2610 -9 -10546
2611 187 -10670
2612 169 -11130
2613 255 -10758
2614 377 -10870
2615 331 -10674
2616 151 -10682
2617 151 -10638
2618 187 -10566
2619 -5 -10350
2620 47 -10370
2621 119 -10790
2622 179 -10374
2623 151 -10306
2624 131 -10426
2625 103 -10190
2626 111 -10194
2627 5 -10302
2628 -87 -10130
2629 -21 -10178
2630 -119 -10106
2631 -145 -10014
2632 -161 -10378
2633 -373 -10598
2634 -365 -10490
2635 -375 -10842
2636 -589 -10410
2637 -721 -10074
2638 -805 -10190
2639 -887 -9938
2640 -917 -10186
2641 -821 -10406
2642 -813 -10458
2643 -911 -10458
2644 -537 -10466
2645 -349 -10366
2646 -531 -10570
2647 -559 -10590
2648 -815 -10510
2649 -729 -10142
2650 -623 -10358
2651 -617 -10302
2652 -539 -9890
2653 -523 -9998
2654 -823 -9930
2655 -617 -9938
2656 -543 -10166
2657 -535 -10258
2658 -421 -10386
2659 -269 -10278
2660 -223 -10322
2661 -243 -10386
2662 -103 -10362
2663 -317 -10478
2664 -317 -10278
2665 -429 -10270
2666 -321 -10478
2667 -315 -10294
2668 -437 -10578
2669 -345 -10342
2670 -341 -10502
2671 -251 -10278
2672 -443 -10454
2673 -429 -10414
2674 -521 -10302
2675 -647 -10014
2676 -815 -10426
2677 -887 -10498
2678 -629 -10386
2679 -549 -10390
2680 -623 -10310
2681 -529 -10154
2682 -611 -10054
2683 -657 -9822
2684 -569 -9850
2685 -499 -10058
2686 -557 -9910
2687 -649 -10070
2688 -725 -9982
2689 -835 -10058
2690 -639 -10126
2691 -779 -10090
2692 -809 -10110
2693 -993 -10178
2694 -1301 -10150
2695 -1051 -10294
2696 -1101 -10242
2697 -899 -10202
2698 -719 -10310
2699 -685 -10266
2700 -587 -10242
2701 -485 -9902
2702 -419 -10118
2703 -351 -9990
2704 -203 -10186
2705 -299 -9934
2706 -185 -9986
2707 -269 -10166
2708 -335 -10262
2709 -233 -10058
2710 -341 -10210
2711 -251 -10110
2712 -295 -10030
2713 -175 -10346
2714 -315 -10410
2715 -477 -10494
2716 -535 -10622
2717 -491 -10342
2718 -513 -10038
2719 -521 -10546
2720 -561 -10162
2721 -541 -10074
2722 -543 -10178
2723 -767 -10298
2724 -691 -10206
2725 -673 -10498
2726 -497 -10310
2727 -389 -10334
2728 -255 -10470
2729 -157 -10446
2730 -275 -10366
2731 -141 -10430
2732 -103 -10418
2733 165 -10306
2734 219 -10430
2735 183 -10182
2736 253 -10014
2737 227 -10114
2738 265 -9866
2739 409 -10142
2740 419 -10106
2741 143 -10114
2742 111 -9846
2743 189 -10018
2744 287 -10142
2745 243 -10130
2746 329 -10246
2747 235 -10306
2748 151 -10046
2749 55 -9970
2750 -155 -10034
2751 -137 -10118
2752 -153 -10314
2753 -425 -9978
2754 -339 -9966
2755 -333 -9934
2756 -323 -10190
2757 -261 -10094
2758 -1 -10206
2759 69 -10222
2760 133 -10370
2761 93 -10286
2762 101 -10042
2763 -43 -10066
2764 75 -10322
2765 3 -10078
2766 -37 -9722
2767 111 -9850
2768 219 -9870
2769 395 -9958
2770 319 -10262
2771 207 -10002
2772 207 -10142
2773 151 -9974
2774 -13 -9818
2775 -61 -10214
2776 47 -10302
2777 9 -10278
2778 15 -10382
2779 7 -10230
2780 205 -10430
2781 161 -10174
2782 225 -10318
2783 241 -10042
2784 387 -10250
2785 271 -9990
2786 445 -10098
2787 499 -9950
2788 607 -10122
2789 875 -10022
2790 947 -9986
2791 719 -10178
2792 661 -10182
2793 677 -10314
2794 613 -10246
2795 579 -10130
2796 631 -9962
2797 679 -10246
2798 711 -9962
2799 833 -10338
2800 965 -10534
2801 955 -10530
2802 815 -10646
2803 943 -10490
2804 811 -10558
2805 883 -10534
2806 831 -10546
2807 665 -10574
2808 715 -10754
2809 667 -10586
2810 563 -10370
2811 723 -9970
2812 761 -9926
2813 633 -10034
2814 607 -10138
2815 875 -10258
2816 785 -10498
2817 739 -10362
2818 365 -10498
2819 547 -10234
2820 609 -10630
2821 673 -10270
2822 771 -10002
2823 919 -10058
2824 901 -10206
2825 1127 -10226
2826 1135 -10218
2827 1173 -10330
2828 1241 -10282
2829 1163 -10750
2830 1291 -10490
2831 1125 -10006
2832 1177 -10302
2833 1175 -9950
2834 1181 -10526
2835 1203 -10286
2836 939 -10094
2837 901 -10110
2838 917 -10190
2839 907 -10086
2840 983 -10318
2841 879 -10358
2842 873 -10342
2843 1053 -10566
2844 1011 -10370
2845 969 -10462
2846 985 -10366
2847 971 -10562
2848 857 -10570
2849 955 -10262
2850 949 -10470
2851 1091 -10398
2852 931 -10214
2853 877 -10010
2854 787 -10186
2855 687 -10126
2856 611 -10270
2857 653 -10262
2858 647 -10326
2859 593 -10382
2860 369 -10222
2861 379 -10382
2862 415 -10470
2863 545 -10158
2864 485 -10330
2865 499 -10226
2866 643 -10258
2867 627 -10562
2868 985 -10186
2869 971 -10066
2870 769 -10170
2871 865 -10230
2872 867 -10286
2873 845 -10434
2874 611 -10646
2875 695 -10470
2876 593 -10298
2877 639 -10294
2878 553 -9802
2879 679 -9850
2880 653 -10046
2881 673 -10058
2882 773 -9974
2883 859 -10330
2884 845 -9974
2885 841 -10146
2886 869 -10214
2887 1065 -10462
2888 1085 -10394
2889 1017 -10066
2890 791 -10366
2891 735 -10538
2892 903 -10726
2893 821 -10526
2894 775 -10734
2895 953 -10634
2896 967 -10726
2897 1055 -10650
2898 1021 -10534
2899 869 -10686
2900 865 -10538
2901 909 -10862
2902 979 -10522
2903 975 -10526
2904 1019 -10670
2905 1037 -10374
2906 1055 -10246
2907 1131 -10274
2908 979 -10326
2909 1009 -10478
2910 1025 -10506
2911 1059 -10406
2912 1143 -10514
2913 1065 -10474
2914 1063 -10494
2915 911 -10378
2916 875 -10174
2917 709 -10254
2918 839 -10294
2919 739 -10366
2920 705 -10414
2921 891 -10506
2922 913 -10370
2923 1021 -10470
2924 1119 -10498
2925 1091 -10466
2926 1161 -10754
2927 1127 -10658
2928 925 -10874
2929 1055 -10530
2930 1035 -10562
2931 831 -10666
2932 835 -10654
2933 629 -10454
2934 769 -10478
2935 925 -10306
2936 805 -9970
2937 713 -10110
2938 679 -10330
2939 675 -10346
2940 933 -10182
2941 973 -10206
2942 737 -10298
2943 591 -10190
2944 765 -10162
2945 797 -10106
2946 897 -10426
2947 845 -10278
2948 683 -10474
2949 773 -10414
2950 609 -10206
2951 479 -10266
2952 595 -10194
2953 299 -9998
2954 595 -10122
2955 503 -9942
2956 429 -10002
2957 417 -10282
2958 401 -10122
2959 115 -10206
2960 57 -9946
2961 247 -9966
2962 267 -9926
2963 399 -10102
2964 99 -10126
2965 175 -9954
2966 345 -10006
2967 297 -10086
2968 345 -9982
2969 349 -9886
2970 331 -10046
2971 545 -10110
2972 319 -10174
2973 149 -10162
2974 -41 -10374
2975 -53 -10306
2976 -83 -10362
2977 -53 -10438
2978 -35 -10338
2979 3 -10378
2980 153 -10254
2981 159 -10538
2982 149 -10114
2983 151 -10046
2984 117 -10166
2985 79 -10174
2986 -13 -9902
2987 47 -10058
2988 93 -10198
2989 215 -10078
2990 497 -10214
2991 427 -10370
2992 239 -10066
2993 19 -10182
2994 141 -10122
2995 125 -10282
2996 67 -10334
2997 237 -10234
2998 257 -10194
2999 361 -10398
3000 399 -10594
3001 243 -10562
3002 305 -10422
3003 199 -10242
3004 227 -9982
3005 197 -10222
3006 91 -10174
3007 125 -10222
3008 359 -10458
3009 257 -10490
3010 155 -10454
3011 117 -10314
3012 325 -10094
3013 287 -10130
3014 393 -10146
3015 531 -10226
3016 671 -10198
3017 457 -9982
3018 375 -9918
3019 489 -9982
3020 357 -9918
3021 195 -10102
3022 241 -10226
3023 207 -10094
3024 343 -10370
3025 297 -10370
3026 605 -10422
3027 583 -10142
3028 757 -10126
3029 803 -10342
3030 591 -10134
3031 599 -9962
3032 451 -10006
3033 519 -9946
3034 577 -10250
3035 787 -10438
3036 607 -10054
3037 635 -10134
3038 689 -10510
3039 607 -10310
3040 773 -10002
3041 721 -10014
3042 671 -9986
3043 595 -10278
3044 729 -10082
3045 651 -10094
3046 491 -9722
3047 731 -9958
3048 783 -10246
3049 741 -10182
3050 557 -10250
3051 409 -10046
3052 371 -10178
3053 191 -10254
3054 191 -10262
3055 155 -10166
3056 161 -10306
3057 197 -10330
3058 153 -10210
3059 111 -10058
3060 3 -9934
3061 85 -10050
3062 -91 -9938
3063 -75 -9878
3064 -189 -10538
3065 -367 -10258
3066 -373 -10286
3067 -395 -10126
3068 -635 -9874
3069 -539 -9902
3070 -493 -10042
3071 -523 -10090
3072 -581 -9810
3073 -393 -9906
3074 -449 -10066
3075 -415 -9922
3076 -223 -9962
3077 -203 -9978
3078 -27 -10134
3079 -327 -9954
3080 -477 -10098
3081 -319 -10050
3082 -251 -10354
3083 -239 -10366
3084 -299 -10366
3085 -285 -10674
3086 -195 -10494
3087 -369 -10330
3088 -507 -10142
3089 -529 -10202
3090 -621 -10402
3091 -465 -10430
3092 -461 -10258
3093 -297 -10126
3094 -511 -10014
3095 -739 -10010
3096 -839 -9918
3097 -801 -9874
3098 -823 -9990
3099 -873 -10158
3100 -663 -10074
3101 -713 -9910
3102 -695 -9898
3103 -805 -9818
3104 -765 -9974
3105 -669 -10058
3106 -511 -10126
3107 -519 -10286
3108 -521 -10058
3109 -391 -9982
3110 -493 -9970
3111 -687 -10126
3112 -735 -10042
3113 -609 -10110
3114 -607 -10242
3115 -399 -10026
3116 -307 -10186
3117 -399 -10166
3118 -363 -10154
3119 -477 -9854
3120 -417 -10038
3121 -563 -10094
3122 -543 -10070
3123 -429 -10098
3124 -331 -9978
3125 -493 -10134
3126 -611 -10358
3127 -567 -10138
3128 -669 -10182
3129 -941 -10150
3130 -817 -9922
3131 -833 -9998
3132 -827 -10282
3133 -795 -10274
3134 -691 -10302
3135 -609 -10366
3136 -651 -10418
3137 -799 -10538
3138 -721 -10414
3139 -763 -10298
3140 -715 -10370
3141 -919 -10134
3142 -907 -10230
3143 -805 -10174
3144 -761 -10358
3145 -589 -10110
3146 -605 -9970
3147 -713 -10266
3148 -693 -9914
3149 -595 -10030
3150 -361 -10170
3151 -283 -10150
3152 -287 -10310
3153 -193 -10074
3154 -171 -10066
3155 -153 -9902
3156 -271 -10094
3157 -319 -10302
3158 -503 -10318
3159 -559 -10042
3160 -477 -10218
3161 -753 -9998
3162 -607 -10138
3163 -685 -10102
3164 -825 -9754
3165 -729 -9714
3166 -527 -9898
3167 -505 -9818
3168 -505 -9882
3169 -451 -9834
3170 -487 -9930
3171 -531 -10070
3172 -505 -10146
3173 -475 -10094
3174 -385 -10182
3175 -445 -10166
3176 -397 -9870
3177 -451 -9906
3178 -383 -10274
3179 -215 -10214
3180 -397 -10146
3181 -433 -9934
3182 -415 -10166
3183 -395 -10270
3184 -413 -10114
3185 -409 -10222
3186 -437 -9938
3187 -349 -9786
3188 -263 -10094
3189 -315 -9926
3190 -365 -9870
3191 -281 -9910
3192 -63 -9830
3193 -175 -9810
3194 -227 -9882
3195 7 -9706
3196 83 -10042
3197 -63 -10002
3198 -83 -10010
3199 -447 -10054
3200 -391 -9894
3201 -211 -9958
3202 -403 -10086
3203 -259 -10018
3204 -235 -10054
3205 -387 -9922
3206 -493 -9958
3207 -533 -10206
3208 -437 -10266
3209 -171 -10346
3210 -295 -10322
3211 29 -10306
3212 135 -10458
3213 193 -10254
3214 293 -10462
3215 489 -10246
3216 651 -10014
3217 519 -10106
3218 513 -10030
3219 451 -9970
3220 433 -10154
3221 493 -9970
3222 533 -9982
3223 579 -9950
3224 631 -10006
3225 603 -10142
3226 677 -10294
3227 833 -10238
3228 847 -10302
3229 809 -10518
3230 1019 -10250
3231 909 -10286
3232 941 -10262
3233 983 -10150
3234 915 -10418
3235 753 -10398
3236 789 -10410
3237 801 -10314
3238 573 -10034
3239 603 -10094
3240 445 -10062
3241 433 -9842
3242 335 -9902
3243 415 -9926
3244 417 -9782
3245 279 -10074
3246 307 -10154
3247 233 -10298
3248 -13 -10282
3249 -33 -10290
3250 -115 -10150
3251 -173 -10078
3252 -255 -10158
3253 -93 -10366
3254 95 -10254
3255 223 -10218
3256 33 -10322
3257 241 -10230
3258 295 -10450
3259 271 -10582
3260 41 -10294
3261 15 -10178
3262 39 -10354
3263 7 -10138
3264 257 -9738
3265 283 -9842
3266 25 -9926
3267 141 -10486
3268 117 -10238
3269 25 -10250
3270 67 -10098
3271 165 -9858
3272 91 -9882
3273 -183 -9826
3274 -367 -9714
3275 -343 -9658
3276 -381 -9998
3277 -633 -9986
3278 -433 -10086
3279 -503 -10082
3280 -635 -10314
3281 -453 -10278
3282 -497 -10466
3283 -605 -10370
3284 -579 -10538
3285 -751 -10486
3286 -719 -10178
3287 -555 -10118
3288 -637 -10302
3289 -519 -10186
3290 -483 -9982
3291 -629 -9994
3292 -695 -10006
3293 -595 -10094
3294 -763 -9942
3295 -649 -10018
3296 -735 -10002
3297 -667 -9918
3298 -531 -10010
3299 -541 -10146
3300 -387 -10210
3301 -363 -10034
3302 -339 -10038
3303 -383 -10182
3304 -287 -10178
3305 -297 -10206
3306 -417 -10602
3307 -605 -10378
3308 -615 -10030
3309 -587 -10158
3310 -631 -10226
3311 -555 -10350
3312 -407 -10382
3313 -405 -10082
3314 -435 -9942
3315 -523 -10298
3316 -413 -10242
3317 -655 -10098
3318 -719 -10150
3319 -553 -9886
3320 -387 -10074
3321 -445 -10114
3322 -417 -9950
3323 -583 -10254
3324 -497 -10114
3325 -499 -9990
3326 -633 -10138
3327 -739 -10278
3328 -687 -10326
3329 -715 -10202
3330 -701 -10214
3331 -595 -10118
3332 -685 -10510
3333 -623 -10290
3334 -439 -10494
3335 -369 -10346
3336 -423 -10338
3337 -493 -10262
3338 -535 -10138
3339 -431 -9950
3340 -519 -10262
3341 -565 -10186
3342 -653 -10130
3343 -613 -10374
3344 -579 -10186
3345 -545 -9882
3346 -629 -9790
3347 -411 -10086
3348 -477 -10186
3349 -283 -10314
3350 -279 -9982
3351 -131 -10358
3352 81 -10350
3353 109 -10222
3354 -45 -10270
3355 -153 -10550
3356 -407 -10506
3357 -499 -10282
3358 -685 -10250
3359 -749 -10146
3360 -691 -10434
3361 -661 -10338
3362 -763 -10378
3363 -529 -10586
3364 -257 -10674
3365 -89 -10798
3366 -33 -10190
3367 41 -10478
3368 157 -10678
3369 139 -10458
3370 173 -10746
3371 213 -10714
3372 261 -10650
3373 145 -10666
3374 75 -10766
3375 -77 -10610
3376 -173 -10550
3377 -57 -10618
3378 -61 -10570
3379 155 -10694
3380 133 -11006
3381 23 -10750
3382 -135 -10514
3383 -121 -10498
3384 -303 -10510
3385 -317 -10734
3386 -665 -10442
3387 -855 -10786
3388 -947 -10574
3389 -893 -10614
3390 -843 -10502
3391 -919 -10550
3392 -939 -10526
3393 -987 -10786
3394 -995 -10806
3395 -1057 -10770
3396 -919 -10522
3397 -757 -10562
3398 -843 -10310
3399 -1077 -10506
3400 -1109 -10486
3401 -1031 -10606
3402 -985 -10262
3403 -1057 -10030
3404 -1033 -10094
3405 -1115 -10202
3406 -1053 -10114
3407 -1053 -10042
3408 -1105 -9958
3409 -1069 -10094
3410 -1251 -10114
3411 -1161 -10242
3412 -1207 -10338
3413 -969 -10310
3414 -969 -10062
3415 -857 -10238
3416 -891 -10046
3417 -945 -10238
3418 -897 -10318
3419 -1021 -10298
3420 -937 -10302
3421 -969 -10154
3422 -1007 -10014
3423 -979 -9898
3424 -959 -10158
3425 -671 -10130
3426 -717 -10254
3427 -1027 -10114
3428 -771 -10154
3429 -721 -10262
3430 -897 -10322
3431 -791 -9966
3432 -687 -10050
3433 -649 -10298
3434 -611 -10230
3435 -605 -10106
3436 -595 -10402
3437 -827 -10166
3438 -1037 -10258
3439 -1055 -10318
3440 -1093 -10326
3441 -971 -10398
3442 -981 -10578
3443 -885 -10638
3444 -963 -10470
3445 -1081 -10602
3446 -887 -10194
3447 -1091 -10066
3448 -1141 -10038
3449 -1259 -10422
3450 -1319 -10474
3451 -1107 -10346
3452 -1093 -10398
3453 -1031 -10158
3454 -1053 -10122
3455 -1191 -10482
3456 -1193 -10182
3457 -1555 -10478
3458 -1649 -10470
3459 -1769 -10846
3460 -1795 -10814
3461 -1853 -10486
3462 -1781 -10250
3463 -1883 -10534
3464 -1823 -10394
3465 -1857 -10386
3466 -1687 -10362
3467 -1651 -10446
3468 -1505 -10158
3469 -1639 -10022
3470 -1587 -10202
3471 -1449 -10394
3472 -1449 -10362
3473 -1331 -10110
3474 -1337 -10234
3475 -1361 -10602
3476 -1399 -10590
3477 -1465 -10554
3478 -1391 -10746
3479 -1463 -10506
3480 -1221 -10086
3481 -1151 -10362
3482 -1285 -10614
3483 -1387 -10658
3484 -1377 -10686
3485 -1337 -10678
3486 -1491 -10814
3487 -1245 -10994
3488 -1227 -10710
3489 -1057 -10662
3490 -1059 -10426
3491 -897 -10322
3492 -907 -10258
3493 -561 -10174
3494 -463 -10182
3495 -487 -10230
3496 -451 -10238
3497 -425 -9986
3498 -501 -9990
3499 -619 -10126
3500 -509 -10110
3501 -409 -10234
3502 -519 -10342
3503 -335 -10090
3504 -155 -10106
3505 -9 -10258
3506 -229 -10210
3507 -225 -10278
3508 -287 -10106
3509 -315 -10126
3510 -267 -10122
3511 -279 -10214
3512 -197 -10454
3513 -465 -10162
3514 -761 -10194
3515 -623 -9954
3516 -385 -9986
3517 -415 -10130
3518 -523 -10446
3519 -519 -10434
3520 -211 -10354
3521 -193 -10166
3522 -141 -10254
3523 -105 -10438
3524 -1 -10530
3525 77 -10474
3526 127 -10346
3527 139 -10178
3528 219 -10098
3529 91 -10310
3530 -89 -10186
3531 -271 -9974
3532 -445 -10126
3533 -591 -10170
3534 -585 -10046
3535 -453 -10074
3536 -423 -10222
3537 -339 -10302
3538 -281 -10342
3539 -15 -10322
3540 79 -10434
3541 103 -10338
3542 -61 -10238
3543 -101 -10422
3544 -277 -10386
3545 -221 -10442
3546 -447 -10410
3547 -527 -10346
3548 -525 -10270
3549 -505 -10282
3550 -583 -10154
3551 -711 -10198
3552 -651 -9958
3553 -591 -10102
3554 -469 -10150
3555 -449 -10254
3556 -487 -10210
3557 -343 -10498
3558 -375 -10190
3559 -493 -10370
3560 -529 -10462
3561 -577 -10402
3562 -601 -10382
3563 -777 -10546
3564 -777 -10522
3565 -581 -10522
3566 -577 -10486
3567 -483 -10178
3568 -525 -10242
3569 -489 -10106
3570 -425 -10290
3571 -371 -10350
3572 -437 -10526
3573 -453 -10234
3574 -621 -10482
3575 -723 -10330
3576 -697 -10378
3577 -641 -10582
3578 -471 -10626
3579 -467 -10690
3580 -539 -10334
3581 -449 -10186
3582 -349 -10086
3583 -287 -10210
3584 -303 -10402
3585 -317 -10338
3586 -173 -10306
3587 -281 -10422
3588 -171 -10454
3589 -199 -10270
3590 -93 -10270
3591 -119 -10426
3592 17 -10190
3593 -163 -10282
3594 -259 -10530
3595 -135 -10458
3596 -123 -10546
3597 -193 -10394
3598 -167 -10186
3599 -57 -10226
3600 59 -10278
3601 101 -10310
3602 217 -10014
3603 -27 -10278
3604 129 -10514
3605 -103 -10390
3606 -99 -10186
3607 -35 -10094
3608 49 -10182
3609 115 -10154
3610 31 -10386
3611 107 -10230
3612 183 -10282
3613 399 -10358
3614 321 -10310
3615 413 -10414
3616 419 -10426
3617 287 -9978
3618 219 -10150
3619 171 -10226
3620 11 -10374
3621 -25 -10554
3622 51 -10498
3623 157 -10630
3624 71 -10514
3625 87 -10386
3626 59 -10462
3627 23 -10302
3628 185 -10146
3629 337 -10254
3630 165 -10362
3631 279 -10266
3632 347 -10182
3633 587 -10226
3634 585 -10098
3635 611 -10226
3636 805 -10054
3637 723 -10262
3638 981 -10546
3639 877 -10062
3640 1021 -9954
3641 1099 -10282
3642 1055 -10194
3643 997 -10250
3644 1079 -10294
3645 1003 -10242
3646 1023 -10158
3647 1001 -10226
3648 1115 -10174
3649 885 -10042
3650 933 -10230
3651 805 -10010
3652 847 -10186
3653 725 -10282
3654 569 -10178
3655 621 -10006
3656 555 -10102
3657 555 -10134
3658 589 -10122
3659 487 -10234
3660 359 -10318
3661 451 -10414
3662 631 -10318
3663 711 -10122
3664 511 -10090
3665 399 -10090
3666 475 -10370
3667 553 -10326
3668 347 -10274
3669 285 -10310
3670 433 -10462
3671 477 -10654
3672 437 -10226
3673 537 -10278
3674 477 -10202
3675 473 -10038
3676 355 -10066
3677 311 -10298
3678 201 -10026
3679 83 -10190
3680 39 -10222
3681 37 -10358
3682 265 -10346
3683 377 -10550
3684 307 -10678
3685 523 -10250
3686 509 -10646
3687 459 -10474
3688 523 -10234
3689 507 -10238
3690 583 -10258
3691 615 -10122
3692 663 -10106
3693 463 -10306
3694 477 -10054
3695 551 -9914
3696 593 -9954
3697 389 -9862
3698 125 -9842
3699 143 -9994
3700 121 -10090
3701 175 -9970
3702 193 -10102
3703 141 -10390
3704 7 -10658
3705 69 -10402
3706 101 -10314
3707 11 -10110
3708 121 -10086
3709 67 -10302
3710 143 -10326
3711 127 -10522
3712 17 -10326
3713 -57 -10534
3714 -125 -10222
3715 -7 -10322
3716 127 -10414
3717 -5 -10230
3718 -51 -10126
3719 -55 -9878
3720 -133 -10002
3721 -383 -10090
3722 -489 -10262
3723 -691 -10282
3724 -671 -10386
3725 -515 -10402
3726 -309 -10370
3727 -259 -10370
3728 -369 -10310
3729 -565 -10142
3730 -803 -10178
3731 -867 -10634
3732 -893 -10522
3733 -829 -10406
3734 -931 -10698
3735 -1003 -10702
3736 -969 -10686
3737 -947 -10518
3738 -753 -10306
3739 -975 -10270
3740 -973 -10134
3741 -931 -10182
3742 -1105 -10518
3743 -1041 -10614
3744 -1115 -10494
3745 -1163 -10390
3746 -1203 -10506
3747 -1001 -10298
3748 -885 -10226
3749 -711 -10138
3750 -769 -9918
3751 -715 -10254
3752 -645 -10290
3753 -517 -9938
3754 -503 -10226
3755 -497 -10174
3756 -559 -9970
3757 -559 -10150
3758 -477 -10186
3759 -549 -10250
3760 -687 -10546
3761 -703 -10670
3762 -565 -10446
3763 -507 -10706
3764 -497 -10574
3765 -559 -10446
3766 -391 -10042
3767 -399 -10310
3768 -303 -10166
3769 -525 -10054
3770 -369 -10170
3771 -491 -9930
3772 -475 -9846
3773 -491 -9978
3774 -479 -9814
3775 -429 -9762
3776 -403 -9918
3777 -445 -9826
3778 -315 -9742
3779 -489 -10106
3780 -433 -10122
3781 -351 -10062
3782 -393 -10146
3783 -461 -10302
3784 -285 -10262
3785 -241 -10370
3786 -319 -10474
3787 -273 -10362
3788 -173 -10366
3789 -203 -10062
3790 -181 -10130
3791 -27 -10074
3792 -111 -10162
3793 -111 -10182
3794 -243 -10350
3795 -83 -10490
3796 -233 -10422
3797 -453 -10250
3798 -465 -10122
3799 -357 -10270
3800 -469 -10130
3801 -511 -10206
3802 -617 -10462
3803 -557 -10498
3804 -521 -10218
3805 -309 -10230
3806 -217 -10046
3807 -389 -9958
3808 -527 -9922
3809 -295 -10042
3810 -471 -9914
3811 -463 -9954
3812 -563 -9858
3813 -431 -9982
3814 -433 -10034
3815 -497 -9802
3816 -527 -9898
3817 -589 -10142
3818 -477 -10318
3819 -427 -10138
3820 -247 -10306
3821 -289 -10198
3822 -167 -10038
3823 25 -10082
3824 -43 -9834
3825 -131 -10126
3826 -263 -9898
3827 -67 -10134
3828 -219 -10198
3829 -301 -10258
3830 -247 -10130
3831 -375 -10322
3832 -257 -10390
3833 -215 -10386
3834 197 -10330
3835 51 -10554
3836 7 -10286
3837 71 -10374
3838 159 -10082
3839 247 -10066
3840 435 -9846
3841 455 -9942
3842 661 -10098
3843 855 -9986
3844 909 -9878
3845 877 -10102
3846 873 -10314
3847 575 -10142
3848 487 -10186
3849 513 -10170
3850 383 -10114
3851 421 -10078
3852 487 -10262
3853 551 -10254
3854 733 -10094
3855 581 -9930
3856 359 -10070
3857 185 -10058
3858 361 -10170
3859 153 -10098
3860 81 -10094
3861 -29 -10218
3862 -31 -10002
3863 -33 -10210
3864 -221 -10166
3865 -15 -10386
3866 9 -10286
3867 -93 -10138
3868 -115 -10282
3869 53 -10210
3870 13 -10246
3871 105 -10766
3872 143 -10350
3873 159 -10454
3874 105 -10358
3875 -5 -10438
3876 -145 -10246
3877 -245 -10214
3878 -263 -10338
3879 -281 -10418
3880 -203 -10214
3881 -403 -10206
3882 -421 -10218
3883 -481 -10294
3884 -409 -10354
3885 -343 -10066
3886 -293 -10166
3887 -407 -10186
3888 -369 -10242
3889 -227 -10326
3890 -375 -10206
3891 -537 -10270
3892 -601 -10498
3893 -833 -10514
3894 -905 -10478
3895 -965 -10326
3896 -849 -10382
3897 -887 -10310
3898 -683 -10166
3899 -549 -9970
3900 -667 -9782
3901 -605 -9934
3902 -513 -9962
3903 -435 -10006
3904 -647 -10110
3905 -719 -10210
3906 -693 -10346
3907 -599 -10642
3908 -439 -10266
3909 -589 -10022
3910 -373 -9990
3911 -363 -10118
3912 -611 -10506
3913 -729 -10230
3914 -763 -10318
3915 -803 -10298
3916 -621 -9974
3917 -689 -10146
3918 -721 -10110
3919 -679 -10186
3920 -675 -10342
3921 -613 -9998
3922 -573 -10170
3923 -643 -10214
3924 -583 -10418
3925 -561 -10242
3926 -801 -10058
3927 -791 -9966
3928 -841 -10314
3929 -975 -10114
3930 -921 -9954
3931 -1179 -9850
3932 -1239 -9870
3933 -1377 -10206
3934 -1177 -10162
3935 -1329 -10174
3936 -1331 -10118
3937 -1053 -10222
3938 -1157 -10030
3939 -1155 -10410
3940 -1109 -10214
3941 -1061 -10466
3942 -1163 -10602
3943 -1173 -10626
3944 -1281 -10574
3945 -1211 -10722
3946 -1063 -10494
3947 -1219 -10526
3948 -1377 -10434
3949 -1313 -10430
3950 -1213 -10222
3951 -1443 -10362
3952 -1445 -10118
3953 -1467 -10558
3954 -1383 -10426
3955 -1259 -10282
3956 -1433 -10322
3957 -1379 -10450
3958 -1391 -10234
3959 -1325 -10434
3960 -1271 -10754
3961 -1399 -10586
3962 -1287 -10670
3963 -1195 -10362
3964 -1083 -10174
3965 -1219 -10338
3966 -1245 -10474
3967 -1131 -10366
3968 -997 -10354
3969 -1017 -10314
3970 -899 -10286
3971 -1039 -10366
3972 -755 -10514
3973 -831 -10642
3974 -707 -10290
3975 -519 -9974
3976 -555 -9978
3977 -565 -9842
3978 -623 -10158
3979 -773 -10170
3980 -737 -10554
3981 -735 -10370
3982 -597 -10306
3983 -395 -9910
3984 -297 -10002
3985 -359 -10174
3986 -251 -10330
3987 -203 -10314
3988 -225 -10362
3989 -291 -10158
3990 -243 -10386
3991 -99 -10122
3992 -107 -10274
3993 -91 -10318
3994 -17 -10338
3995 57 -10062
3996 201 -10082
3997 155 -10170
3998 87 -10322
3999 -119 -10338
4000 -243 -10290
4001 -151 -10078
4002 185 -9998
4003 101 -9998
4004 209 -10046
4005 337 -10362
4006 49 -10126
4007 -7 -10122
4008 -7 -10234
4009 105 -10042
4010 139 -9778
4011 11 -9934
4012 89 -9950
4013 195 -10154
4014 353 -9978
4015 273 -9946
4016 383 -9894
4017 355 -10254
4018 371 -10006
4019 429 -10018
4020 313 -10194
4021 25 -10322
4022 69 -10286
4023 27 -10374
4024 47 -10418
4025 49 -10466
4026 55 -10170
4027 -65 -10118
4028 -221 -10086
4029 -149 -10170
4030 -203 -10406
4031 -173 -10474
4032 -233 -10306
4033 -201 -10350
4034 -425 -10186
4035 -195 -10042
4036 -131 -9846
4037 -9 -10046
4038 -137 -10438
4039 -301 -10090
4040 -385 -10014
4041 -391 -10134
4042 -407 -10306
4043 -505 -10106
4044 -585 -10270
4045 -649 -10234
4046 -507 -10066
4047 -583 -9998
4048 -435 -9794
4049 -355 -9646
4050 -397 -9766
4051 -225 -9890
4052 -249 -9986
4053 -27 -10142
4054 -275 -10150
4055 -305 -10002
4056 -283 -10222
4057 -201 -10382
4058 -139 -10210
4059 -115 -10182
4060 -191 -10218
4061 -319 -10282
4062 -303 -9814
4063 -247 -9810
4064 -131 -9794
4065 -315 -10066
4066 -263 -10118
4067 -437 -10098
4068 -461 -9778
4069 -423 -9854
4070 -193 -9926
4071 -349 -9562
4072 -315 -9866
4073 -375 -9782
4074 -283 -9886
4075 -579 -9730
4076 -533 -9938
4077 -493 -9958
4078 -455 -9822
4079 -365 -9930
4080 -385 -10386
4081 -205 -10274
4082 -201 -10350
4083 43 -10126
4084 145 -10010
4085 35 -10126
4086 1 -10034
4087 39 -10018
4088 11 -10222
4089 43 -10026
4090 153 -9758
4091 175 -10062
4092 151 -10206
4093 145 -10422
4094 287 -10090
4095 319 -10270
4096 317 -10402
4097 199 -10494
4098 185 -10366
4099 149 -10434
4100 93 -10458
4101 35 -10154
4102 65 -10006
4103 -67 -10078
4104 -79 -10218
4105 -181 -10234
4106 -251 -10194
4107 -177 -10058
4108 -223 -9850
4109 -315 -10330
4110 -127 -10318
4111 -45 -10126
4112 131 -10318
4113 289 -10066
4114 267 -10138
4115 213 -10198
4116 -13 -10250
4117 37 -10078
4118 -277 -10142
4119 -247 -10146
4120 -191 -10094
4121 -141 -9998
4122 -233 -10178
4123 -277 -10470
4124 -307 -10114
4125 -295 -10414
4126 -299 -10438
4127 -193 -10542
4128 -295 -10370
4129 -289 -10322
4130 -435 -10562
4131 -441 -10674
4132 -211 -10566
4133 -293 -10526
4134 -435 -10430
4135 -201 -10434
4136 -33 -10486
4137 85 -10042
4138 39 -10266
4139 -45 -10426
4140 -115 -10422
4141 -39 -10366
4142 13 -10230
4143 -155 -10486
4144 -55 -10298
4145 85 -9950
4146 1 -9894
4147 107 -9986
4148 23 -10242
4149 -77 -10218
4150 129 -10354
4151 101 -10158
4152 389 -10142
4153 401 -9966
4154 263 -10062
4155 439 -10210
4156 453 -10010
4157 651 -10098
4158 661 -10138
4159 585 -10422
4160 543 -10254
4161 427 -10202
4162 287 -10186
4163 571 -10198
4164 471 -10434
4165 453 -10502
4166 389 -10474
4167 335 -10662
4168 363 -10710
4169 465 -10570
4170 251 -10202
4171 71 -10222
4172 207 -10162
4173 179 -10302
4174 155 -10486
4175 103 -10498
4176 193 -10398
4177 1 -10450
4178 5 -10518
4179 -181 -10170
4180 -175 -10150
4181 15 -10158
4182 -201 -9942
4183 -23 -9990
4184 11 -10238
4185 -73 -10454
4186 -49 -10302
4187 -267 -10294
4188 -193 -10202
4189 -115 -10374
4190 9 -10002
4191 179 -9902
4192 135 -10246
4193 301 -10326
4194 399 -10374
4195 569 -10454
4196 527 -10662
4197 445 -10806
4198 489 -10798
4199 377 -10586
4200 203 -10390
4201 403 -10474
4202 81 -10538
4203 31 -10450
4204 -145 -10242
4205 -35 -10410
4206 -73 -10518
4207 -59 -10562
4208 -55 -10374
4209 -51 -10330
4210 -119 -10394
4211 25 -10090
4212 87 -10086
4213 23 -10270
4214 57 -10254
4215 -49 -10286
4216 -87 -10430
4217 -187 -10250
4218 -119 -10346
4219 -269 -10350
4220 -239 -10134
4221 -167 -10242
4222 -187 -10138
4223 -275 -10242
4224 -273 -10218
4225 -415 -10058
4226 -513 -10082
4227 -463 -10238
4228 -379 -10110
4229 -385 -10042
4230 -371 -10174
4231 -433 -10294
4232 -257 -10258
4233 -253 -10210
4234 -237 -10154
4235 -139 -10370
4236 -121 -10318
4237 -161 -10370
4238 -121 -10334
4239 7 -10218
4240 33 -10218
4241 31 -10342
4242 139 -10390
4243 1 -10258
4244 87 -10034
4245 -51 -9978
4246 -123 -9850
4247 -257 -9990
4248 -191 -9962
4249 -411 -9922
4250 -331 -10166
4251 -343 -10390
4252 -667 -10178
4253 -537 -10386
4254 -557 -10274
4255 -629 -10234
4256 -411 -10438
4257 -611 -10358
4258 -589 -10246
4259 -401 -10386
4260 -439 -10338
4261 -507 -10358
4262 -673 -10146
4263 -601 -10102
4264 -527 -9886
4265 -559 -10166
4266 -465 -9990
4267 -373 -10010
4268 -361 -10070
4269 -345 -10226
4270 -485 -10014
4271 -587 -10062
4272 -485 -10034
4273 -489 -10138
4274 -441 -10094
4275 -505 -10114
4276 -339 -10130
4277 -183 -10262
4278 -203 -10374
4279 -281 -10238
4280 -477 -10218
4281 -399 -10134
4282 -251 -10414
4283 -371 -10222
4284 -293 -10074
4285 -407 -10038
4286 -129 -10054
4287 -311 -10198
4288 -179 -10102
4289 -219 -10126
4290 -395 -10454
4291 -387 -10250
4292 -315 -10254
4293 -371 -10258
4294 -261 -10218
4295 -113 -10134
4296 -85 -10306
4297 -169 -10430
4298 -373 -10186
4299 -431 -9990
4300 -565 -9982
4301 -627 -9910
4302 -553 -10342
4303 -527 -10318
4304 -563 -10126
4305 -621 -10194
4306 -443 -10150
4307 -247 -10238
4308 -201 -10166
4309 -39 -10238
4310 75 -9738
4311 99 -10146
4312 215 -10094
4313 3 -10210
4314 -33 -10102
4315 71 -10286
4316 85 -10510
4317 151 -10382
4318 165 -10446
4319 55 -10294
4320 203 -10310
4321 -15 -10466
4322 117 -10554
4323 211 -10330
4324 27 -10334
4325 63 -10350
4326 -135 -9958
4327 -147 -9990
4328 -269 -10218
4329 -397 -10246
4330 -453 -10258
4331 -589 -10474
4332 -681 -10582
4333 -581 -10586
4334 -485 -10554
4335 -333 -10562
4336 -469 -10502
4337 -445 -10602
4338 -551 -10486
4339 -491 -10278
4340 -511 -10462
4341 -545 -10682
4342 -803 -10510
4343 -633 -10678
4344 -693 -10414
4345 -723 -10134
4346 -643 -10282
4347 -451 -10070
4348 -349 -10146
4349 -541 -10298
4350 -567 -10382
4351 -671 -10438
4352 -657 -10418
4353 -577 -10062
4354 -461 -10250
4355 -465 -10110
4356 -433 -10146
4357 -461 -10198
4358 -341 -10282
4359 -385 -10474
4360 -225 -10290
4361 -129 -10362
4362 -233 -10246
4363 -343 -10078
4364 -313 -10314
4365 -457 -10050
4366 -427 -10090
4367 -425 -10118
4368 -451 -10190
4369 -583 -10406
4370 -567 -10462
4371 -449 -10190
4372 -375 -10166
4373 -333 -10082
4374 -253 -10238
4375 -31 -9902
4376 99 -9974
4377 -41 -10262
4378 71 -10138
4379 123 -10094
4380 161 -10078
4381 137 -10158
4382 181 -10158
4383 29 -10238
4384 -203 -10030
4385 -167 -10266
4386 -105 -10434
4387 -171 -10006
4388 -417 -9978
4389 -451 -10150
4390 -367 -10202
4391 -497 -10126
4392 -469 -10238
4393 -385 -10178
4394 -359 -10202
4395 -317 -9974
4396 -355 -10050
4397 -369 -10122
4398 -353 -10074
4399 -385 -10266
4400 -503 -10174
4401 -365 -10182
4402 -427 -10122
4403 -407 -10186
4404 -595 -10006
4405 -503 -10070
4406 -651 -10022
4407 -459 -9918
4408 -407 -9926
4409 -567 -10086
4410 -617 -10178
4411 -683 -10482
4412 -681 -10238
4413 -571 -10398
4414 -375 -10458
4415 -301 -10762
4416 -319 -10526
4417 -277 -10206
4418 -353 -10326
4419 -285 -10030
4420 -263 -10098
4421 -413 -9986
4422 -145 -9846
4423 -239 -9986
4424 -345 -10122
4425 -333 -9946
4426 -315 -10230
4427 -343 -10462
4428 -433 -9838
4429 -421 -9886
4430 -271 -9874
4431 -59 -9798
4432 -151 -9950
4433 -183 -9550
4434 -417 -9966
4435 -405 -10122
4436 -475 -9978
4437 -461 -9722
4438 -345 -9858
4439 -263 -9942
4440 -323 -9942
4441 -513 -9934
4442 -395 -10146
4443 -291 -10142
4444 -239 -10114
4445 -201 -10078
4446 119 -10122
4447 -103 -10362
4448 -175 -10390
4449 -283 -10158
4450 -61 -10398
4451 23 -10238
4452 -315 -9974
4453 -545 -9946
4454 -731 -10026
4455 -705 -10314
4456 -759 -10178
4457 -657 -10062
4458 -743 -10254
4459 -751 -10154
4460 -877 -10230
4461 -927 -10086
4462 -1095 -10306
4463 -1157 -10378
4464 -1109 -10294
4465 -1035 -10086
4466 -1029 -9870
4467 -1169 -10018
4468 -1015 -9930
4469 -927 -9742
4470 -929 -9874
4471 -1009 -9970
4472 -965 -10394
4473 -737 -10414
4474 -585 -10470
4475 -587 -10422
4476 -735 -10426
4477 -795 -10330
4478 -871 -10446
4479 -927 -10306
4480 -1065 -10342
4481 -927 -9858
4482 -879 -10282
4483 -769 -10170
4484 -639 -10406
4485 -553 -10274
4486 -381 -10298
4487 -389 -10118
4488 -475 -10054
4489 -389 -10054
4490 -473 -10318
4491 -433 -10402
4492 -353 -10402
4493 -85 -10318
4494 -185 -10198
4495 -355 -9954
4496 -289 -10054
4497 -105 -10046
4498 -169 -9974
4499 -367 -9926
4500 -369 -10066
4501 -333 -9902
4502 -371 -9938
4503 -429 -9850
4504 -279 -10026
4505 -357 -10062
4506 -279 -9918
4507 -325 -10094
4508 -399 -9998
4509 -351 -10262
4510 -279 -9850
4511 -243 -10202
4512 -139 -9986
4513 -213 -10166
4514 -181 -10266
4515 -93 -10230
4516 -175 -10218
4517 -293 -10194
4518 -195 -10006
4519 -179 -10162
4520 -221 -10002
4521 -125 -9922
4522 -275 -9918
4523 -53 -9918
4524 -39 -9654
4525 241 -10010
4526 243 -9870
4527 215 -9854
4528 285 -9834
4529 387 -9878
4530 217 -10098
4531 235 -9878
4532 187 -10054
4533 17 -10210
4534 25 -10058
4535 1 -9794
4536 -181 -9906
4537 -539 -10014
4538 -551 -10190
4539 -735 -9958
4540 -695 -10134
4541 -583 -10150
4542 -479 -10186
4543 -731 -10070
4544 -551 -10266
4545 -539 -10242
4546 -635 -10354
4547 -575 -10414
4548 -537 -10542
4549 -503 -10454
4550 -355 -10198
4551 -299 -10242
4552 -239 -10298
4553 -239 -10478
4554 -253 -10274
4555 -99 -10266
4556 87 -10122
4557 85 -10142
4558 207 -9962
4559 325 -10294
4560 335 -10470
4561 345 -10358
4562 451 -10410
4563 603 -10370
4564 491 -10446
4565 327 -10590
4566 291 -10454
4567 215 -10574
4568 361 -10342
4569 -1 -10598
4570 -5 -10594
4571 53 -10450
4572 37 -10366
4573 13 -10110
4574 89 -10190
4575 -83 -10114
4576 19 -10118
4577 -119 -10126
4578 71 -10258
4579 27 -10242
4580 19 -10138
4581 -135 -10050
4582 -301 -9994
4583 -291 -10050
4584 -229 -10202
4585 -269 -10406
4586 -301 -10038
4587 -459 -9930
4588 -441 -10078
4589 -621 -10102
4590 -637 -10130
4591 -573 -10118
4592 -567 -10410
4593 -693 -10022
4594 -581 -10010
4595 -539 -10090
4596 -395 -9962
4597 -297 -9694
4598 -227 -9846
4599 -147 -9970
4600 -77 -9738
4601 -49 -10014
4602 -3 -9906
4603 -319 -10054
4604 -133 -10346
4605 -61 -10346
4606 305 -10346
4607 241 -10298
4608 295 -10438
4609 59 -10366
4610 37 -10330
4611 -15 -10222
4612 -57 -10590
4613 -39 -10646
4614 113 -10318
4615 161 -10206
4616 31 -10598
4617 205 -10598
4618 219 -10530
4619 329 -10674
4620 257 -10414
4621 473 -10406
4622 433 -10466
4623 473 -10498
4624 461 -10590
4625 337 -10254
4626 65 -10006
4627 -97 -10106
4628 -13 -10526
4629 163 -10510
4630 335 -10666
4631 431 -10770
4632 625 -10734
4633 601 -10498
4634 559 -10798
4635 571 -10610
4636 317 -10546
4637 303 -10322
4638 59 -10422
4639 -209 -10558
4640 -121 -10566
4641 -283 -10130
4642 -179 -9938
4643 -125 -10378
4644 -77 -10298
4645 -3 -10170
4646 -175 -10194
4647 -33 -10134
4648 81 -10094
4649 39 -10094
4650 77 -10174
4651 47 -10082
4652 119 -10110
4653 9 -10302
4654 213 -10366
4655 349 -10738
4656 373 -10778
4657 449 -10526
4658 569 -10358
4659 513 -10542
4660 425 -10450
4661 321 -10326
4662 367 -10466
4663 309 -10442
4664 429 -10462
4665 465 -10314
4666 397 -10442
4667 231 -10394
4668 201 -10598
4669 -5 -10370
4670 -5 -10342
4671 -27 -9938
4672 81 -10482
4673 15 -10538
4674 -21 -10270
4675 -95 -10462
4676 7 -10458
4677 -129 -10342
4678 -331 -10390
4679 -131 -10422
4680 45 -10110
4681 147 -10198
4682 193 -10626
4683 241 -10498
4684 209 -10186
4685 -21 -10334
4686 63 -10082
4687 145 -9990
4688 219 -10110
4689 135 -9878
4690 -5 -9602
4691 -23 -9902
4692 -55 -9950
4693 177 -10006
4694 13 -9978
4695 -91 -10074
4696 63 -9690
4697 141 -10098
4698 147 -10030
4699 423 -10046
4700 407 -10234
4701 451 -10142
4702 503 -10226
4703 483 -10218
4704 495 -10266
4705 607 -10174
4706 619 -10378
4707 545 -10418
4708 625 -10262
4709 525 -9950
4710 445 -10062
4711 411 -10182
4712 529 -10210
4713 585 -10514
4714 543 -10370
4715 685 -10098
4716 723 -10242
4717 777 -10426
4718 1019 -10270
4719 1111 -10578
4720 955 -10378
4721 609 -10046
4722 395 -10270
4723 485 -10170
4724 395 -10222
4725 339 -10270
4726 205 -10158
4727 139 -10046
4728 -39 -9882
4729 223 -10246
4730 341 -10018
4731 325 -10102
4732 179 -10198
4733 37 -10354
4734 -127 -10418
4735 -199 -10274
4736 -85 -10450
4737 -67 -10478
4738 121 -10306
4739 -5 -10370
4740 -281 -10430
4741 -287 -10218
4742 -251 -10070
4743 -55 -9882
4744 -1 -9950
4745 7 -10306
4746 39 -10290
4747 197 -10290
4748 131 -10290
4749 65 -10470
4750 29 -10278
4751 43 -10078
4752 -77 -10338
4753 19 -10286
4754 185 -10078
4755 301 -10210
4756 363 -10114
4757 293 -10166
4758 517 -10334
4759 689 -10402
4760 735 -10022
4761 831 -10182
4762 667 -10034
4763 771 -10294
4764 785 -10226
4765 721 -10262
4766 921 -10390
4767 1153 -10386
4768 1235 -10610
4769 1141 -10294
4770 1037 -10422
4771 1049 -10478
4772 1097 -10466
4773 995 -10258
4774 1059 -10238
4775 1063 -10282
4776 979 -9946
4777 899 -10402
4778 873 -10254
4779 841 -10002
4780 793 -9870
4781 665 -9826
4782 677 -9838
4783 561 -10034
4784 365 -9974
4785 261 -10118
4786 211 -10138
4787 493 -10334
4788 383 -10170
4789 349 -10142
4790 227 -10046
4791 343 -10026
4792 515 -10254
4793 581 -10210
4794 461 -10150
4795 329 -10162
4796 163 -10134
4797 129 -10086
4798 277 -10006
4799 213 -9918
4800 247 -10030
4801 219 -10186
4802 493 -10322
4803 641 -10342
4804 611 -10074
4805 669 -10338
4806 711 -10402
4807 731 -10206
4808 867 -10222
4809 843 -10266
4810 1043 -10046
4811 1199 -10394
4812 1367 -10322
4813 1303 -10418
4814 1383 -10554
4815 1403 -10734
4816 1393 -10678
4817 1423 -10470
4818 1381 -10482
4819 1399 -10278
4820 1381 -10378
4821 1475 -10434
4822 1525 -10442
4823 1413 -10230
4824 1397 -10178
4825 1319 -9958
4826 1317 -10226
4827 1237 -10034
4828 1293 -10070
4829 1059 -10366
4830 1187 -10178
4831 1181 -10086
4832 979 -10106
4833 1101 -10082
4834 1085 -10194
4835 1115 -10158
4836 1249 -10090
4837 975 -10174
4838 1045 -10326
4839 1055 -10238
4840 1035 -10286
4841 995 -10250
4842 835 -10486
4843 833 -10406
4844 797 -10606
4845 889 -10518
4846 823 -10746
4847 695 -10666
4848 807 -10638
4849 785 -10386
4850 851 -10378
4851 917 -10254
4852 911 -10206
4853 777 -10138
4854 877 -10198
4855 863 -10390
4856 633 -10262
4857 569 -10214
4858 721 -10482
4859 703 -10538
4860 719 -10538
4861 567 -10542
4862 479 -10278
4863 379 -10242
4864 489 -10382
4865 651 -10202
4866 559 -10158
4867 409 -10462
4868 129 -10454
4869 379 -10306
4870 343 -10274
4871 325 -10270
4872 323 -10366
4873 195 -10410
4874 -47 -10430
4875 89 -10294
4876 -15 -10186
4877 -121 -10246
4878 -137 -10086
4879 -93 -10334
4880 157 -10470
4881 199 -10286
4882 401 -10270
4883 365 -10302
4884 319 -10450
4885 437 -10550
4886 215 -10182
4887 -9 -10106
4888 -125 -10102
4889 71 -10334
4890 207 -10582
4891 143 -10598
4892 259 -10430
4893 3 -10338
4894 -235 -10218
4895 -281 -10422
4896 -383 -10290
4897 -431 -10306
4898 -445 -10374
4899 -577 -10190
4900 -673 -10222
4901 -717 -10306
4902 -707 -10230
4903 -575 -10022
4904 -623 -10110
4905 -577 -10174
4906 -605 -10174
4907 -619 -10318
4908 -647 -10010
4909 -737 -10302
4910 -785 -10378
4911 -915 -9998
4912 -997 -9926
4913 -957 -9970
4914 -915 -10262
4915 -781 -10102
4916 -741 -10038
4917 -791 -9938
4918 -1085 -10302
4919 -1063 -10462
4920 -1083 -10198
4921 -1019 -10082
4922 -867 -10126
4923 -963 -10050
4924 -989 -9982
4925 -817 -9762
4926 -703 -9710
4927 -777 -9694
4928 -657 -9634
4929 -697 -9670
4930 -799 -9966
4931 -645 -10214
4932 -511 -10154
4933 -411 -9894
4934 -383 -9826
4935 -341 -9878
4936 -357 -9798
4937 -219 -10030
4938 -447 -10606
4939 -469 -10366
4940 -421 -10446
4941 -673 -10402
4942 -671 -10110
4943 -871 -10094
4944 -999 -10210
4945 -859 -10234
4946 -891 -10410
4947 -793 -10334
4948 -583 -10262
4949 -609 -10146
4950 -315 -10318
4951 -367 -10130
4952 -315 -10478
4953 -277 -10362
4954 -349 -10638
4955 -373 -10650
4956 -439 -10658
4957 -317 -10446
4958 -469 -10486
4959 -461 -10270
4960 -597 -10302
4961 -719 -10302
4962 -741 -10278
4963 -693 -10102
4964 -665 -10170
4965 -603 -10098
4966 -677 -9962
4967 -741 -10134
4968 -751 -10010
4969 -915 -10202
4970 -1039 -10094
4971 -1123 -10258
4972 -933 -10014
4973 -857 -10122
4974 -919 -9982
4975 -1007 -9974
4976 -941 -10034
4977 -873 -9810
4978 -877 -9922
4979 -873 -10002
4980 -857 -10130
4981 -949 -10402
4982 -869 -10434
4983 -969 -10302
4984 -977 -10234
4985 -821 -10026
4986 -693 -9978
4987 -903 -9970
4988 -757 -9858
4989 -993 -10018
4990 -995 -10014
4991 -1045 -9902
4992 -1211 -9974
4993 -1267 -10006
4994 -1297 -10294
4995 -1379 -10306
4996 -1311 -10230
4997 -1259 -10318
4998 -1161 -10130
4999 -1211 -10174
5000 -1073 -10022
5001 -1119 -10142
5002 -1099 -10322
5003 -1087 -10394
5004 -1105 -10538
5005 -1173 -10334
5006 -1103 -10350
5007 -1249 -10506
5008 -1421 -10682
5009 -1601 -10574
5010 -1387 -10322
5011 -1171 -10270
5012 -1021 -10234
5013 -1083 -10242
5014 -1107 -10450
5015 -1139 -10090
5016 -957 -10266
5017 -961 -9986
5018 -937 -9970
5019 -1017 -9946
5020 -1017 -10214
5021 -965 -10122
5022 -739 -10378
5023 -911 -10414
5024 -977 -10402
5025 -835 -10190
5026 -887 -10334
5027 -819 -10258
5028 -641 -10434
5029 -699 -10254
5030 -721 -10378
5031 -805 -10630
5032 -833 -10710
5033 -863 -10442
5034 -733 -10302
5035 -797 -10326
5036 -747 -10530
5037 -651 -10298
5038 -723 -10334
5039 -709 -10230
5040 -755 -10094
5041 -673 -10086
5042 -673 -10282
5043 -549 -10410
5044 -499 -10526
5045 -253 -10378
5046 -397 -10558
5047 -389 -10530
5048 -211 -10534
5049 -417 -10546
5050 -219 -10314
5051 -43 -10314
5052 -119 -10254
5053 -259 -10534
5054 -179 -10306
5055 47 -10086
5056 45 -10174
5057 241 -10194
5058 411 -10242
5059 279 -10410
5060 173 -10218
5061 267 -10118
5062 401 -10270
5063 177 -10362
5064 27 -10366
5065 3 -10190
5066 -129 -10002
5067 -331 -10130
5068 -319 -10102
5069 -1 -10050
5070 263 -10174
5071 223 -10414
5072 241 -10554
5073 295 -10890
5074 241 -10710
5075 409 -10590
5076 389 -10538
5077 515 -10418
5078 491 -10306
5079 427 -10222
5080 263 -10354
5081 221 -10222
5082 149 -10258
5083 -13 -10206
5084 3 -9982
5085 41 -10274
5086 -27 -10594
5087 65 -10570
5088 151 -10666
5089 251 -10530
5090 149 -10642
5091 129 -10738
5092 -121 -10794
5093 15 -11082
5094 -21 -10610
5095 -303 -10766
5096 -197 -10870
5097 -113 -10454
5098 -201 -10358
5099 -79 -10358
5100 -97 -10246
5101 -433 -10238
5102 -359 -10694
5103 -483 -10330
5104 -431 -10274
5105 -483 -10134
5106 -437 -10154
5107 -347 -10338
5108 -633 -10386
5109 -467 -10318
5110 -357 -10266
5111 -309 -10294
5112 -423 -10274
5113 -399 -10230
5114 -79 -10274
5115 -205 -10058
5116 -305 -10030
5117 -411 -10258
5118 -333 -10182
5119 -467 -9970
5120 -629 -9950
5121 -725 -10078
5122 -645 -10046
5123 -647 -9922
5124 -735 -9874
5125 -753 -9922
5126 -751 -9942
5127 -939 -9958
5128 -971 -10138
5129 -939 -9902
5130 -811 -10150
5131 -677 -9910
5132 -769 -10058
5133 -1003 -10022
5134 -1155 -10066
5135 -1093 -10130
5136 -1205 -10018
5137 -1053 -9966
5138 -1221 -10010
5139 -1077 -10118
5140 -1227 -10234
5141 -1177 -9950
5142 -1093 -10046
5143 -995 -9910
5144 -989 -10202
5145 -1119 -10110
5146 -1057 -9862
5147 -1039 -10394
5148 -793 -10282
5149 -591 -10186
5150 -605 -10278
5151 -633 -10366
5152 -777 -10322
5153 -773 -10030
5154 -859 -10162
5155 -837 -9954
5156 -735 -10174
5157 -637 -10250
5158 -801 -10258
5159 -689 -10250
5160 -673 -10178
5161 -553 -10262
5162 -431 -10058
5163 -631 -10138
5164 -383 -10386
5165 -357 -10058
5166 -427 -9834
5167 -579 -9982
5168 -871 -9966
5169 -979 -10062
5170 -779 -9962
5171 -855 -10130
5172 -785 -10226
5173 -773 -10190
5174 -649 -10402
5175 -773 -10290
5176 -741 -10102
5177 -557 -10058
5178 -745 -10150
5179 -729 -10482
5180 -629 -10466
5181 -627 -10474
5182 -723 -10510
5183 -723 -10326
5184 -723 -10538
5185 -671 -10434
5186 -577 -10338
5187 -565 -10122
5188 -513 -10146
5189 -561 -10050
5190 -461 -10098
5191 -655 -10118
5192 -687 -10034
5193 -691 -9954
5194 -745 -10474
5195 -749 -10302
5196 -875 -10482
5197 -731 -10258
5198 -647 -9870
5199 -603 -9922
5200 -515 -9874
5201 -559 -9546
5202 -619 -9678
5203 -703 -9786
5204 -567 -10186
5205 -627 -10278
5206 -515 -10262
5207 -503 -10194
5208 -611 -10370
5209 -521 -10170
5210 -301 -9902
5211 -245 -9770
5212 -413 -9850
5213 -483 -9950
5214 -451 -9850
5215 -379 -10114
5216 -251 -10046
5217 -307 -10354
5218 -29 -9986
5219 5 -10030
5220 -275 -10358
5221 -101 -10266
5222 -35 -10326
5223 99 -10374
5224 253 -10198
5225 275 -10298
5226 477 -10278
5227 511 -10306
5228 517 -10058
5229 493 -10410
5230 559 -10398
5231 547 -10266
5232 409 -10374
5233 459 -10298
5234 341 -10306
5235 567 -10246
5236 781 -10514
5237 917 -10326
5238 901 -10230
5239 925 -10422
5240 975 -10274
5241 913 -10194
5242 987 -9970
5243 1099 -10030
5244 1007 -10290
5245 823 -10394
5246 739 -10026
5247 671 -10094
5248 563 -9898
5249 565 -10098
5250 709 -9926
5251 531 -9998
5252 377 -10158
5253 369 -10258
5254 319 -10022
5255 287 -10334
5256 275 -10502
5257 377 -10478
5258 621 -10522
5259 549 -10438
5260 585 -10014
5261 501 -10014
5262 367 -10138
5263 383 -9918
5264 337 -10178
5265 323 -10102
5266 347 -10166
5267 329 -10090
5268 307 -10314
5269 421 -10418
5270 331 -10398
5271 509 -10678
5272 583 -10542
5273 511 -10542
5274 585 -10354
5275 523 -10142
5276 345 -10170
5277 143 -10122
5278 101 -10550
5279 -31 -10594
5280 83 -10418
5281 55 -10470
5282 101 -10338
5283 113 -10282
5284 57 -10146
5285 219 -10358
5286 191 -10270
5287 175 -10734
5288 11 -10578
5289 -57 -10414
5290 109 -10354
5291 227 -10286
5292 201 -10498
5293 411 -10630
5294 587 -10362
5295 603 -10390
5296 649 -10282
5297 541 -10294
5298 571 -10266
5299 615 -10522
5300 415 -10462
5301 497 -10314
5302 421 -10214
5303 213 -10290
5304 145 -10458
5305 57 -10166
5306 -39 -10002
5307 43 -10202
5308 59 -10298
5309 143 -10366
5310 111 -10186
5311 -21 -10158
5312 21 -10438
5313 -169 -10350
5314 -295 -10278
5315 -395 -10062
5316 -527 -10162
5317 -427 -10250
5318 -351 -10230
5319 -321 -10098
5320 -383 -10178
5321 -883 -10130
5322 -1107 -10454
5323 -1151 -10478
5324 -1177 -10674
5325 -1141 -10678
5326 -1043 -10898
5327 -893 -10806
5328 -789 -10374
5329 -961 -10330
5330 -803 -10570
5331 -823 -10470
5332 -701 -10630
5333 -641 -10682
5334 -829 -10410
5335 -823 -10418
5336 -851 -10490
5337 -611 -10198
5338 -799 -10286
5339 -765 -10522
5340 -653 -10166
5341 -681 -10458
5342 -543 -10450
5343 -353 -10434
5344 -347 -10558
5345 -435 -10458
5346 -375 -10178
5347 -365 -10182
5348 -423 -10174
5349 -419 -10014
5350 -295 -10374
5351 -129 -10322
5352 -145 -10282
5353 -25 -10234
5354 -77 -10070
5355 -7 -10102
5356 141 -10410
5357 123 -10322
5358 147 -10198
5359 155 -9842
5360 199 -9998
5361 227 -10150
5362 271 -10270
5363 341 -10166
5364 157 -10258
5365 145 -10110
5366 203 -10226
5367 55 -10298
5368 135 -10426
5369 167 -10438
5370 -3 -10278
5371 149 -10026
5372 141 -10118
5373 195 -10278
5374 193 -10174
5375 133 -10222
5376 157 -10486
5377 87 -10378
5378 67 -10622
5379 257 -10722
5380 -13 -10818
5381 67 -10622
5382 175 -10638
5383 -49 -10582
5384 -101 -10198
5385 37 -10214
5386 -33 -10134
5387 -235 -10274
5388 -295 -10066
5389 -315 -10374
5390 -293 -10038
5391 -141 -9730
5392 -129 -10162
5393 -31 -10134
5394 -269 -10302
5395 -431 -10202
5396 -467 -10638
5397 -331 -10346
5398 -273 -10202
5399 -479 -10358
5400 -453 -10358
5401 -595 -10402
5402 -777 -10430
5403 -775 -10546
5404 -705 -10278
5405 -575 -10514
5406 -413 -10534
5407 -363 -10302
5408 -447 -10090
5409 -329 -10098
5410 -169 -9962
5411 15 -9970
5412 177 -10078
5413 -63 -10242
5414 -105 -10018
5415 -21 -10370
5416 177 -10350
5417 185 -10370
5418 225 -10802
5419 301 -10618
5420 367 -10238
5421 433 -10242
5422 485 -10086
5423 511 -9898
5424 373 -10074
5425 259 -10090
5426 349 -10362
5427 405 -10430
5428 571 -10406
5429 591 -10634
5430 539 -10726
5431 625 -10518
5432 371 -10374
5433 425 -10094
5434 307 -10222
5435 11 -10174
5436 59 -10110
5437 41 -10418
5438 197 -10158
5439 37 -10078
5440 -127 -9826
5441 -81 -10058
5442 -315 -9910
5443 -305 -10014
5444 -151 -10078
5445 -163 -10230
5446 25 -9926
5447 -187 -10226
5448 -353 -10326
5449 -313 -9818
5450 -299 -9846
5451 -173 -10062
5452 -135 -10122
5453 -39 -10266
5454 85 -10502
5455 145 -10206
5456 209 -10202
5457 117 -10178
5458 31 -10326
5459 -91 -10378
5460 -63 -10526
5461 -147 -10530
5462 -93 -10646
5463 81 -10466
5464 119 -10378
5465 177 -10178
5466 381 -10294
5467 179 -10494
5468 207 -10506
5469 351 -10446
5470 169 -10606
5471 237 -10598
5472 237 -10814
5473 91 -10618
5474 87 -10738
5475 215 -10406
5476 171 -10394
5477 213 -10074
5478 145 -10442
5479 223 -10410
5480 147 -10362
5481 189 -10366
5482 87 -9978
5483 -125 -10146
5484 -139 -10246
5485 -23 -10350
5486 -147 -10198
5487 -411 -10090
5488 -687 -10194
5489 -685 -9990
5490 -521 -10094
5491 -367 -10150
5492 -275 -10198
5493 -245 -9834
5494 -151 -9946
5495 -309 -10022
5496 -239 -9898
5497 -529 -10066
5498 -511 -10194
5499 -421 -10234
5500 -341 -10094
5501 -275 -10066
5502 -237 -10014
5503 -213 -10162
5504 -263 -10062
5505 -353 -10182
5506 -327 -9970
5507 -315 -10006
5508 -447 -10074
5509 -581 -10382
5510 -423 -10262
5511 -529 -10282
5512 -457 -10254
5513 -393 -10198
5514 -381 -10546
5515 -213 -10802
5516 -317 -10674
5517 -173 -10782
5518 -177 -10814
5519 -343 -10762
5520 -501 -10866
5521 -501 -10922
5522 -451 -10722
5523 -217 -10714
5524 -207 -10654
5525 -137 -10606
5526 -175 -10710
5527 -349 -10722
5528 -383 -10550
5529 -269 -10454
5530 -109 -10522
5531 -165 -10566
5532 -115 -10226
5533 -115 -10438
5534 -235 -10178
5535 -91 -10102
5536 15 -10370
5537 45 -10470
5538 21 -10218
5539 25 -10334
5540 71 -10274
5541 -49 -9926
5542 -81 -10146
5543 -167 -10130
5544 -11 -10334
5545 -241 -10390
5546 -7 -10262
5547 129 -10330
5548 107 -10342
5549 89 -10442
5550 61 -10782
5551 -103 -10502
5552 -235 -10378
5553 -69 -10342
5554 -35 -10170
5555 19 -10318
5556 97 -10326
5557 175 -10462
5558 195 -10502
5559 171 -10490
5560 231 -10638
5561 399 -10226
5562 555 -10218
5563 589 -10366
5564 579 -10190
5565 799 -10178
5566 815 -10242
5567 887 -10170
5568 975 -10154
5569 953 -10074
5570 849 -10414
5571 801 -10330
5572 725 -10590
5573 709 -10234
5574 703 -10314
5575 715 -10502
5576 573 -10582
5577 693 -10490
5578 921 -10478
5579 1019 -10246
5580 957 -10178
5581 917 -10222
5582 777 -10330
5583 567 -10454
5584 415 -10570
5585 391 -10582
5586 237 -10502
5587 159 -10438
5588 195 -10358
5589 71 -10386
5590 85 -10302
5591 93 -10542
5592 75 -10398
5593 103 -10462
5594 243 -10378
5595 139 -10346
5596 63 -10758
5597 -39 -10758
5598 65 -10646
5599 -39 -10514
5600 -267 -10654
5601 -157 -10486
5602 -143 -10522
5603 97 -10154
5604 -99 -10086
5605 189 -10294
5606 251 -10246
5607 315 -10034
5608 323 -10246
5609 339 -10322
5610 395 -10278
5611 345 -10562
5612 233 -10618
5613 223 -10502
5614 197 -10474
5615 447 -10422
5616 481 -10570
5617 311 -10402
5618 279 -10386
5619 351 -10082
5620 403 -10242
5621 355 -10150
5622 359 -10642
5623 267 -10454
5624 263 -10350
5625 143 -10218
5626 63 -10134
5627 -43 -9862
5628 -161 -9914
5629 -221 -10138
5630 -193 -10206
5631 -87 -10094
5632 -109 -9938
5633 3 -9986
5634 69 -9854
5635 93 -9918
5636 39 -9942
5637 -57 -9934
5638 39 -10138
5639 115 -9846
5640 127 -10122
5641 -15 -10142
5642 173 -10242
5643 177 -10338
5644 375 -10194
5645 215 -10086
5646 207 -10302
5647 163 -10142
5648 57 -10310
5649 49 -10650
5650 -117 -10446
5651 -47 -10346
5652 133 -10486
5653 89 -10142
5654 -129 -9914
5655 -67 -10014
5656 23 -10166
5657 23 -10186
5658 27 -10146
5659 -131 -10158
5660 -257 -10038
5661 -259 -10042
5662 -397 -9978
5663 -353 -10002
5664 -375 -10110
5665 -357 -10194
5666 -143 -10162
5667 101 -10258
5668 157 -10186
5669 309 -10230
5670 157 -10150
5671 185 -10530
5672 399 -10366
5673 389 -10486
5674 293 -10602
5675 293 -10422
5676 131 -10518
5677 189 -10314
5678 239 -10378
5679 127 -10474
5680 295 -10598
5681 435 -10670
5682 311 -10434
5683 281 -10414
5684 231 -10566
5685 249 -10534
5686 347 -10474
5687 511 -10314
5688 447 -10190
5689 489 -10378
5690 463 -10314
5691 399 -10286
5692 185 -10066
5693 269 -10222
5694 355 -10282
5695 183 -10386
5696 105 -10398
5697 141 -10230
5698 -37 -10486
5699 -215 -10294
5700 -265 -10398
5701 -217 -10426
5702 -213 -10230
5703 -121 -10402
5704 -243 -10242
5705 -427 -10154
5706 -637 -10050
5707 -673 -10022
5708 -663 -10170
5709 -619 -10314
5710 -735 -10354
5711 -723 -10342
5712 -915 -10350
5713 -883 -10382
5714 -767 -10342
5715 -773 -10310
5716 -763 -10138
5717 -401 -10190
5718 -497 -9950
5719 -563 -10282
5720 -531 -10042
5721 -457 -10026
5722 -289 -10226
5723 -367 -10310
5724 -257 -10394
5725 -211 -10322
5726 -465 -10122
5727 -415 -10082
5728 -375 -10178
5729 -353 -10046
5730 -413 -10214
5731 -297 -10354
5732 -517 -10154
5733 -523 -10150
5734 -577 -10394
5735 -791 -10366
5736 -843 -10266
5737 -869 -10466
5738 -785 -10262
5739 -701 -10106
5740 -675 -10258
5741 -647 -10258
5742 -641 -10438
5743 -641 -10522
5744 -463 -10618
5745 -489 -10378
5746 -473 -10466
5747 -671 -10274
5748 -663 -10286
5749 -679 -10418
5750 -875 -10326
5751 -845 -10398
5752 -893 -10214
5753 -1087 -10602
5754 -1273 -10742
5755 -1389 -10410
5756 -1233 -10254
5757 -1335 -10178
5758 -1287 -10038
5759 -1225 -10214
5760 -1179 -10278
5761 -925 -10470
5762 -915 -10266
5763 -1013 -10362
5764 -683 -10378
5765 -721 -10630
5766 -643 -10410
5767 -279 -10114
5768 -203 -10306
5769 -135 -10010
5770 -41 -10154
5771 -35 -10126
5772 -71 -10174
5773 -177 -10170
5774 -215 -10158
5775 -175 -9938
5776 -97 -10434
5777 13 -10446
5778 -95 -10334
5779 -213 -10286
5780 -283 -10402
5781 -351 -10418
5782 -151 -10538
5783 -121 -10522
5784 -63 -10170
5785 13 -10062
5786 207 -10314
5787 307 -10138
5788 141 -9958
5789 21 -10362
5790 3 -10330
5791 21 -10294
5792 195 -10326
5793 333 -10234
5794 73 -10254
5795 145 -10478
5796 391 -10614
5797 241 -10466
5798 161 -10490
5799 299 -10494
5800 347 -10286
5801 255 -10398
5802 315 -10386
5803 389 -10102
5804 143 -9926
5805 -41 -10126
5806 141 -10022
5807 175 -10006
5808 -11 -10006
5809 49 -9758
5810 67 -9394
5811 3 -9534
5812 -33 -9606
5813 -35 -9710
5814 -231 -9958
5815 -107 -9886
5816 -133 -9982
5817 -157 -10102
5818 -167 -10130
5819 -81 -9838
5820 -53 -9958
5821 -151 -10158
5822 -115 -10210
5823 -61 -10478
5824 -51 -10318
5825 -207 -10458
5826 -127 -10338
5827 -127 -10418
5828 -169 -10254
5829 -101 -10374
5830 -5 -10250
5831 -135 -10278
5832 -47 -10230
5833 -187 -10130
5834 -9 -10042
5835 39 -9878
5836 77 -10098
5837 173 -10014
5838 57 -10130
5839 73 -10130
5840 39 -10278
5841 -77 -10138
5842 -293 -9986
5843 -353 -10122
5844 -225 -10350
5845 -293 -10358
5846 -331 -10326
5847 -215 -10218
5848 -87 -10210
5849 -23 -9970
5850 -95 -10254
5851 -197 -10214
5852 -263 -10194
5853 1 -10278
5854 177 -10114
5855 353 -10186
5856 223 -10014
5857 101 -9958
5858 453 -10262
5859 523 -10142
5860 691 -10278
5861 465 -10250
5862 441 -10162
5863 559 -10194
5864 515 -10134
5865 643 -10170
5866 711 -10378
5867 625 -10506
5868 539 -10350
5869 567 -10278
5870 501 -10186
5871 293 -10174
5872 265 -10114
5873 81 -10310
5874 199 -10294
5875 75 -9994
5876 217 -10066
5877 161 -10166
5878 119 -10390
5879 77 -10294
5880 291 -10258
5881 403 -10202
5882 393 -10578
5883 333 -10426
5884 401 -10438
5885 409 -10310
5886 413 -10458
5887 333 -10226
5888 161 -10434
5889 163 -10158
5890 209 -10262
5891 415 -10238
5892 455 -10250
5893 423 -10534
5894 537 -10182
5895 463 -10026
5896 497 -10154
5897 457 -9722
5898 609 -10114
5899 547 -10034
5900 543 -10062
5901 483 -10094
5902 579 -10302
5903 539 -10246
5904 665 -10162
5905 513 -10286
5906 561 -10154
5907 749 -9854
5908 529 -9886
5909 457 -9794
5910 469 -9898
5911 509 -10238
5912 609 -9962
5913 567 -9882
5914 483 -9946
5915 493 -9690
5916 487 -10134
5917 465 -10078
5918 529 -10090
5919 663 -9986
5920 777 -10174
5921 575 -10222
5922 545 -10194
5923 573 -10014
5924 407 -9838
5925 375 -10238
5926 247 -10310
5927 301 -10166
5928 297 -9806
5929 553 -10114
5930 507 -9810
5931 417 -9870
5932 315 -9774
5933 287 -9978
5934 283 -10062
5935 139 -10186
5936 307 -10146
5937 321 -10214
5938 235 -10074
5939 479 -10074
5940 281 -10194
5941 143 -10230
5942 -1 -10142
5943 -115 -9990
5944 -391 -9986
5945 -341 -10154
5946 -521 -10222
5947 -639 -10510
5948 -605 -10450
5949 -613 -9958
5950 -537 -10058
5951 -407 -9930
5952 -333 -9918
5953 -375 -9818
5954 -263 -10102
5955 -289 -10182
5956 -131 -9958
5957 -195 -9942
5958 -235 -10062
5959 -171 -10002
5960 -53 -10026
5961 -149 -9990
5962 -157 -10218
5963 -405 -10514
5964 -353 -10178
5965 -265 -10418
5966 -339 -10358
5967 -355 -10438
5968 -211 -10390
5969 -195 -10294
5970 -363 -10370
5971 -361 -10238
5972 -171 -10030
5973 -341 -10214
5974 -329 -10374
5975 -331 -10014
5976 -469 -10206
5977 -467 -10130
5978 -365 -10174
5979 -305 -10214
5980 -161 -10306
5981 -369 -10010
5982 -193 -10210
5983 -237 -10102
5984 -163 -10486
5985 -425 -10550
5986 -197 -10514
5987 -183 -10602
5988 -359 -10322
5989 -377 -10434
5990 -341 -10574
5991 -173 -10726
5992 -141 -10322
5993 -235 -10442
5994 -215 -10370
5995 -107 -10354
5996 -103 -10614
5997 -57 -10710
5998 17 -10554
5999 -107 -10510
6000 -163 -10478
6001 -107 -10394
6002 -131 -10134
6003 -17 -9982
6004 -67 -9870
6005 -163 -10266
6006 -199 -10134
6007 -105 -10070
6008 -205 -10138
6009 -281 -10114
6010 -197 -10082
6011 -143 -9998
6012 73 -10438
6013 151 -10310
6014 149 -10222
6015 307 -10442
6016 49 -10302
6017 47 -10262
6018 69 -10190
6019 261 -10054
6020 451 -10358
6021 435 -10298
6022 387 -10498
6023 429 -10154
6024 595 -9990
6025 571 -10046
6026 403 -9854
6027 305 -9854
6028 305 -10054
6029 465 -9814
6030 451 -9770
6031 321 -9786
6032 403 -9954
6033 255 -10122
6034 325 -10018
6035 513 -10026
6036 567 -10138
6037 599 -10470
6038 761 -10194
6039 751 -10674
6040 847 -10470
6041 971 -10790
6042 925 -10654
6043 757 -10610
6044 795 -10326
6045 803 -10254
6046 773 -10198
6047 703 -10326
6048 405 -10598
6049 623 -10534
6050 665 -10374
6051 585 -10518
6052 389 -10530
6053 459 -10342
6054 453 -10114
6055 561 -10378
6056 655 -10714
6057 657 -10538
6058 745 -10354
6059 617 -10634
6060 597 -10630
6061 353 -10674
6062 337 -10506
6063 299 -10646
6064 293 -10178
6065 321 -10442
6066 299 -10474
6067 303 -10426
6068 413 -10226
6069 503 -10494
6070 423 -10454
6071 333 -10382
6072 95 -10130
6073 67 -10342
6074 -79 -10194
6075 -17 -10286
6076 -139 -10410
6077 -45 -10094
6078 21 -10218
6079 29 -10226
6080 -17 -10198
6081 -23 -10274
6082 79 -10102
6083 175 -10198
6084 387 -10178
6085 413 -10282
6086 347 -10286
6087 557 -9910
6088 383 -10202
6089 453 -10250
6090 421 -10410
6091 347 -9986
6092 353 -10098
6093 221 -9830
6094 151 -10166
6095 303 -10266
6096 171 -10278
6097 49 -10130
6098 167 -10422
6099 249 -10342
6100 283 -10282
6101 289 -10042
6102 261 -10126
6103 303 -10234
6104 469 -10234
6105 507 -10226
6106 713 -10174
6107 645 -10178
6108 629 -10198
6109 751 -10062
6110 835 -9918
6111 785 -10282
6112 767 -10346
6113 775 -9998
6114 1051 -10234
6115 889 -10390
6116 887 -10318
6117 909 -10374
6118 991 -10322
6119 1159 -10458
6120 1121 -10394
6121 1095 -10374
6122 1057 -10374
6123 1115 -10378
6124 1173 -10318
6125 1125 -10302
6126 1231 -10086
6127 1085 -10222
6128 947 -10122
6129 969 -9974
6130 823 -9818
6131 857 -9886
6132 1023 -9774
6133 987 -9894
6134 1109 -10102
6135 1247 -10542
6136 1197 -10402
6137 1063 -10430
6138 1117 -10378
6139 1315 -10374
6140 1185 -10258
6141 1009 -10166
6142 1079 -10102
6143 1117 -9934
6144 999 -9794
6145 715 -9966
6146 557 -10122
6147 655 -9934
6148 693 -10218
6149 773 -10394
6150 601 -10426
6151 617 -10318
6152 689 -10358
6153 635 -10010
6154 741 -9878
6155 649 -10126
6156 523 -10190
6157 551 -10050
6158 399 -10090
6159 365 -10318
6160 453 -10102
6161 439 -10190
6162 401 -10334
6163 371 -10134
6164 421 -10026
6165 503 -10062
6166 549 -9926
6167 599 -9890
6168 479 -9950
6169 261 -10038
6170 227 -10154
6171 141 -10290
6172 157 -10270
6173 141 -10194
6174 315 -10314
6175 283 -10034
6176 239 -10222
6177 227 -10146
6178 83 -10426
6179 -19 -10350
6180 -91 -10322
6181 -77 -10478
6182 -63 -10210
6183 -63 -10502
6184 -101 -10402
6185 -87 -10338
6186 33 -10586
6187 -365 -10378
6188 -267 -10330
6189 -57 -9902
6190 103 -10054
6191 159 -10118
6192 265 -10050
6193 293 -10210
6194 101 -10174
6195 81 -10206
6196 133 -10330
6197 -51 -10202
6198 -147 -10038
6199 -209 -10182
6200 -251 -10106
6201 -143 -10306
6202 -303 -10314
6203 -371 -10150
6204 -373 -10462
6205 -263 -10326
6206 -205 -10386
6207 -225 -10298
6208 -413 -10066
6209 -297 -10258
6210 -247 -10230
6211 -81 -9890
6212 -125 -9934
6213 -255 -10018
6214 -171 -10094
6215 -287 -10278
6216 -337 -10398
6217 -347 -10090
6218 -317 -10418
6219 -435 -10370
6220 -473 -10122
6221 -411 -10222
6222 -361 -10018
6223 -423 -10022
6224 -589 -9914
6225 -575 -10014
6226 -609 -10014
6227 -459 -10134
6228 -463 -10270
6229 -295 -10322
6230 -337 -10290
6231 -329 -10342
6232 -223 -10462
6233 -129 -10602
6234 -291 -10458
6235 -379 -10510
6236 -293 -10550
6237 -357 -10394
6238 -325 -10514
6239 -517 -10578
6240 -467 -10398
6241 -365 -10238
6242 -549 -10126
6243 -571 -9958
6244 -557 -10178
6245 -417 -10362
6246 -319 -10378
6247 -443 -10258
6248 -583 -10322
6249 -701 -10474
6250 -675 -10178
6251 -687 -10434
6252 -807 -10490
6253 -991 -10566
6254 -849 -10422
6255 -833 -10518
6256 -667 -10346
6257 -699 -10554
6258 -561 -10422
6259 -505 -10474
6260 -587 -10434
6261 -493 -10342
6262 -517 -10346
6263 -401 -10274
6264 -311 -10094
6265 -337 -10226
6266 -381 -10198
6267 -387 -9846
6268 -693 -10210
6269 -661 -10066
6270 -711 -10022
6271 -693 -10062
6272 -631 -9902
6273 -627 -9742
6274 -535 -9778
6275 -673 -9906
6276 -553 -10034
6277 -655 -10202
6278 -763 -10370
6279 -837 -10070
6280 -873 -10174
6281 -659 -10274
6282 -581 -10174
6283 -423 -10018
6284 -235 -10242
6285 -135 -10126
6286 -97 -10294
6287 -141 -10170
6288 -83 -10498
6289 59 -10098
6290 -9 -10126
6291 -59 -10342
6292 -41 -10442
6293 89 -10246
6294 65 -10330
6295 377 -10282
6296 349 -10174
6297 279 -10262
6298 257 -10270
6299 275 -10282
6300 145 -10378
6301 161 -10270
6302 -41 -10306
6303 -41 -10246
6304 1 -10370
6305 -55 -10298
6306 -25 -10018
6307 33 -10170
6308 -23 -9946
6309 63 -9838
6310 37 -9834
6311 197 -9786
6312 177 -9822
6313 215 -9598
6314 403 -9894
6315 319 -9762
6316 445 -9814
6317 665 -9962
6318 547 -10110
6319 475 -10238
6320 629 -10086
6321 603 -10186
6322 423 -10106
6323 271 -10406
6324 197 -10454
6325 149 -10082
6326 201 -10066
6327 333 -10078
6328 321 -9846
6329 497 -9746
6330 387 -10062
6331 515 -9822
6332 563 -10078
6333 591 -9930
6334 641 -9934
6335 639 -9918
6336 565 -9894
6337 633 -10114
6338 513 -9850
6339 415 -9934
6340 279 -9982
6341 525 -9958
6342 445 -9974
6343 437 -9930
6344 463 -9898
6345 507 -10146
6346 535 -10246
6347 471 -9754
6348 281 -10054
6349 187 -10254
6350 141 -9950
6351 159 -10042
6352 79 -9942
6353 57 -10006
6354 165 -9954
6355 369 -10038
6356 469 -10214
6357 527 -9902
6358 737 -10142
6359 931 -9918
6360 943 -9670
6361 779 -9718
6362 859 -10158
6363 1047 -10154
6364 971 -10394
6365 825 -10630
6366 753 -10382
6367 811 -10642
6368 893 -10442
6369 793 -10410
6370 611 -10438
6371 665 -10850
6372 691 -10326
6373 711 -10266
6374 565 -10330
6375 365 -10506
6376 251 -10186
6377 311 -10022
6378 325 -10146
6379 319 -9954
6380 353 -10146
6381 423 -10314
6382 283 -10514
6383 275 -10170
6384 351 -10022
6385 639 -10430
6386 741 -10354
6387 625 -10270
6388 617 -10094
6389 487 -10198
6390 565 -10130
6391 377 -10162
6392 393 -10134
6393 341 -10170
6394 353 -10314
6395 353 -10422
6396 273 -10630
6397 281 -10238
6398 111 -10254
6399 157 -10270
6400 285 -10266
6401 267 -10042
6402 393 -9762
6403 289 -9818
6404 331 -9986
6405 351 -10450
6406 211 -10382
6407 243 -10090
6408 241 -9938
6409 243 -10138
6410 213 -9998
6411 147 -10382
6412 385 -10274
6413 347 -10406
6414 333 -10018
6415 81 -10178
6416 123 -10310
6417 89 -10146
6418 -45 -10182
6419 -29 -10174
6420 -111 -10294
6421 -353 -10070
6422 -375 -10046
6423 -309 -9942
6424 -207 -10030
6425 -143 -10158
6426 -335 -9978
6427 -423 -10062
6428 -527 -10026
6429 -773 -9842
6430 -555 -9878
6431 -527 -9910
6432 -527 -10158
6433 -339 -10134
6434 -159 -10290
6435 -87 -10274
6436 -149 -10362
6437 41 -10354
6438 -27 -10398
6439 115 -10398
6440 69 -10186
6441 -7 -10014
6442 -115 -10214
6443 -277 -10178
6444 -403 -10194
6445 -339 -10266
6446 -255 -10182
6447 -177 -10178
6448 -189 -10142
6449 -65 -10158
6450 -141 -10358
6451 -27 -10214
6452 143 -10018
6453 -147 -10138
6454 -211 -10282
6455 -187 -10470
6456 -39 -10454
6457 37 -10490
6458 -9 -10550
6459 -7 -10214
6460 19 -10158
6461 -41 -10266
6462 -63 -9982
6463 -207 -10022
6464 -221 -9918
6465 -383 -10414
6466 -491 -10130
6467 -469 -10334
6468 -501 -10626
6469 -727 -10446
6470 -723 -10038
6471 -763 -10178
6472 -725 -10258
6473 -543 -10242
6474 -611 -10226
6475 -791 -10138
6476 -945 -9938
6477 -831 -10214
6478 -747 -10310
6479 -697 -10202
6480 -797 -10202
6481 -631 -10366
6482 -625 -10262
6483 -625 -10126
6484 -877 -10298
6485 -1167 -10430
6486 -1201 -10338
6487 -1313 -10254
6488 -1211 -10246
6489 -1015 -10146
6490 -1093 -10282
6491 -1003 -10210
6492 -877 -10174
6493 -851 -10098
6494 -769 -10122
6495 -851 -10094
6496 -687 -9966
6497 -555 -10310
6498 -627 -10302
6499 -517 -10234
6500 -617 -10014
6501 -545 -10202
6502 -695 -10258
6503 -787 -10458
6504 -727 -10582
6505 -805 -10174
6506 -919 -10222
6507 -787 -10342
6508 -699 -10146
6509 -551 -10142
6510 -501 -10222
6511 -571 -10378
6512 -673 -10614
6513 -525 -10582
6514 -475 -10378
6515 -435 -10554
6516 -479 -10490
6517 -583 -10310
6518 -393 -10302
6519 -265 -10294
6520 -237 -10598
6521 -75 -10542
6522 -123 -10174
6523 -65 -10366
6524 -91 -10278
6525 -149 -10130
6526 -99 -10566
6527 135 -10322
6528 -51 -10522
6529 -81 -10258
6530 -83 -10558
6531 -29 -10318
6532 -129 -10434
6533 -207 -10378
6534 -239 -10222
6535 -289 -9910
6536 -131 -10138
6537 -251 -10318
6538 -329 -10278
6539 -329 -10506
6540 -383 -10630
6541 -419 -10658
6542 -341 -10146
6543 -159 -10322
6544 -169 -10170
6545 -231 -10310
6546 -481 -10558
6547 -507 -10386
6548 -569 -10394
6549 -721 -10154
6550 -765 -10294
6551 -853 -10586
6552 -833 -10866
6553 -601 -10810
6554 -579 -10862
6555 -581 -10434
6556 -621 -10534
6557 -719 -10438
6558 -931 -10310
6559 -845 -10378
6560 -737 -10754
6561 -779 -10618
6562 -629 -10046
6563 -561 -10258
6564 -541 -10498
6565 -801 -10470
6566 -817 -10130
6567 -715 -10110
6568 -673 -10418
6569 -693 -10210
6570 -805 -10022
6571 -809 -10066
6572 -701 -10082
6573 -583 -9926
6574 -509 -10058
6575 -345 -10046
6576 -427 -10202
6577 -429 -10378
6578 -411 -10418
6579 -501 -10370
6580 -347 -10662
6581 -205 -10614
6582 -279 -10338
6583 -223 -10334
6584 -137 -10622
6585 13 -10594
6586 241 -10690
6587 253 -10802
6588 397 -10486
6589 393 -10514
6590 445 -10566
6591 327 -10490
6592 345 -10334
6593 291 -10566
6594 287 -10458
6595 315 -10470
6596 209 -10354
6597 155 -10474
6598 151 -10418
6599 105 -10102
6600 49 -10142
6601 71 -10386
6602 -11 -10374
6603 -15 -10114
6604 119 -10110
6605 229 -10082
6606 155 -10082
6607 183 -10382
6608 225 -10090
6609 55 -10234
6610 -153 -10154
6611 -165 -10306
6612 123 -10358
6613 247 -10478
6614 405 -10450
6615 481 -10554
6616 247 -10402
6617 273 -10266
6618 89 -10186
6619 37 -10198
6620 47 -10094
6621 145 -10142
6622 -41 -10146
6623 221 -10110
6624 253 -10210
6625 343 -10394
6626 159 -10246
6627 203 -10126
6628 147 -9998
6629 101 -10098
6630 -171 -10338
6631 -129 -10202
6632 -9 -10338
6633 49 -10346
6634 -59 -10322
6635 -25 -10190
6636 101 -10322
6637 219 -10358
6638 221 -10282
6639 199 -10162
6640 175 -10282
6641 379 -10350
6642 403 -10378
6643 329 -10266
6644 179 -10178
6645 53 -10210
6646 307 -10130
6647 473 -10282
6648 531 -10246
6649 441 -10234
6650 603 -10206
6651 629 -10450
6652 487 -10050
6653 491 -10342
6654 401 -10110
6655 345 -10366
6656 689 -10374
6657 697 -10282
6658 565 -10410
6659 517 -10066
6660 551 -10246
6661 685 -10430
6662 539 -10670
6663 497 -10578
6664 483 -10570
6665 555 -10430
6666 413 -10330
6667 397 -10126
6668 241 -9966
6669 355 -10070
6670 129 -10346
6671 159 -10414
6672 7 -10430
6673 259 -10090
6674 395 -10266
6675 289 -10466
6676 285 -10206
6677 187 -9926
6678 183 -10322
6679 -81 -10342
6680 -171 -10258
6681 -307 -10310
6682 -391 -10210
6683 -111 -10042
6684 -285 -10142
6685 -393 -10266
6686 -401 -9930
6687 -653 -10094
6688 -677 -10022
6689 -821 -10082
6690 -905 -10498
6691 -793 -10450
6692 -883 -10594
6693 -921 -10726
6694 -905 -10486
6695 -847 -10378
6696 -951 -10614
6697 -961 -10706
6698 -1137 -10630
6699 -1199 -10782
6700 -855 -10710
6701 -751 -10826
6702 -707 -10570
6703 -767 -10362
6704 -789 -10622
6705 -835 -10614
6706 -775 -10314
6707 -697 -10358
6708 -559 -10318
6709 -465 -10330
6710 -387 -10354
6711 -239 -10570
6712 -341 -10410
6713 -269 -10330
6714 -423 -10270
6715 -303 -10330
6716 -203 -10502
6717 -335 -10606
6718 -345 -10706
6719 -523 -10598
6720 -577 -10470
6721 -669 -10250
6722 -797 -10682
6723 -941 -10342
6724 -1193 -10350
6725 -1173 -10118
6726 -1041 -10090
6727 -931 -10198
6728 -1059 -10214
6729 -1205 -10222
6730 -999 -10422
6731 -931 -10270
6732 -835 -10222
6733 -849 -10322
6734 -711 -10218
6735 -741 -10610
6736 -735 -10342
6737 -1001 -10150
6738 -1039 -10106
6739 -1061 -10230
6740 -917 -10326
6741 -747 -10306
6742 -695 -10366
6743 -477 -10258
6744 -519 -10326
6745 -593 -10354
6746 -543 -10202
6747 -715 -10026
6748 -577 -9958
6749 -777 -9978
6750 -853 -9642
6751 -897 -9874
6752 -919 -9826
6753 -701 -9802
6754 -797 -9966
6755 -579 -9890
6756 -467 -10074
6757 -527 -10014
6758 -477 -10102
6759 -517 -10050
6760 -377 -10090
6761 -317 -10234
6762 -371 -10334
6763 -431 -10366
6764 -397 -10286
6765 -511 -10438
6766 -565 -10374
6767 -541 -10286
6768 -525 -10274
6769 -667 -10198
6770 -509 -10378
6771 -485 -10094
6772 -333 -9942
6773 -315 -10042
6774 -179 -10350
6775 -123 -10246
6776 -43 -10410
6777 -141 -10410
6778 -153 -10266
6779 -133 -10162
6780 -137 -10450
6781 -123 -10338
6782 -295 -10370
6783 -449 -10270
6784 -607 -10514
6785 -519 -10518
6786 -265 -10238
6787 -139 -10534
6788 -15 -10450
6789 -127 -10646
6790 -325 -9994
6791 -333 -9822
6792 -357 -9922
6793 -187 -10026
6794 -501 -10130
6795 -487 -10182
6796 -281 -10490
6797 -213 -10394
6798 -191 -10134
6799 -317 -10366
6800 -313 -10614
6801 -257 -10394
6802 -99 -10234
6803 -27 -10046
6804 133 -10190
6805 223 -10538
6806 141 -10650
6807 259 -10278
6808 315 -10306
6809 489 -10186
6810 407 -10002
6811 437 -10146
6812 307 -10262
6813 227 -9982
6814 79 -10062
6815 45 -9974
6816 127 -10022
6817 -19 -10258
6818 75 -10174
6819 61 -10106
6820 337 -10242
6821 253 -10366
6822 463 -10494
6823 373 -10258
6824 635 -10162
6825 737 -10246
6826 897 -10346
6827 963 -10078
6828 899 -10114
6829 903 -9858
6830 809 -9850
6831 807 -9762
6832 1061 -9854
6833 909 -10258
6834 809 -10342
6835 895 -10346
6836 831 -10298
6837 715 -10254
6838 727 -10290
6839 899 -10442
6840 905 -10266
6841 797 -10366
6842 737 -10070
6843 745 -10270
6844 677 -10070
6845 623 -10050
6846 505 -10110
6847 439 -10302
6848 325 -10278
6849 441 -10254
6850 313 -10378
6851 229 -10010
6852 311 -10054
6853 407 -10082
6854 283 -10078
6855 415 -9930
6856 357 -9746
6857 435 -9906
6858 551 -10066
6859 495 -9946
6860 879 -9862
6861 927 -9802
6862 761 -9946
6863 587 -9702
6864 611 -9874
6865 723 -9658
6866 729 -9878
6867 761 -9906
6868 739 -9938
6869 979 -9838
6870 893 -9818
6871 837 -9954
6872 645 -10106
6873 603 -10086
6874 615 -9950
6875 651 -9958
6876 593 -10146
6877 587 -10022
6878 575 -9882
6879 611 -10062
6880 607 -10266
6881 597 -10110
6882 917 -9942
6883 891 -10154
6884 1007 -10370
6885 1169 -10290
6886 1261 -10158
6887 1363 -10246
6888 1185 -10146
6889 1243 -10066
6890 1221 -10022
6891 1369 -10258
6892 1233 -10286
6893 1359 -10314
6894 1177 -10126
6895 1475 -10550
6896 1419 -10330
6897 1143 -10190
6898 1209 -10286
6899 1209 -10418
6900 1205 -10198
6901 1115 -10402
6902 1069 -10490
6903 943 -10446
6904 887 -10522
6905 639 -10262
6906 565 -10118
6907 675 -10406
6908 621 -10294
6909 785 -10650
6910 811 -10442
6911 819 -10426
6912 831 -10378
6913 841 -10250
6914 859 -10202
6915 1007 -10314
6916 1099 -10426
6917 1135 -10114
6918 945 -10454
6919 869 -10474
6920 915 -10302
6921 1179 -10370
6922 1127 -10234
6923 1077 -10374
6924 1169 -10522
6925 1211 -10630
6926 1137 -10478
6927 1041 -10302
6928 1083 -10354
6929 1061 -10238
6930 1043 -10278
6931 993 -9994
6932 1109 -10174
6933 1083 -10446
6934 1219 -10478
6935 1111 -10198
6936 1047 -10494
6937 1123 -10258
6938 1035 -10130
6939 935 -9998
6940 769 -10114
6941 623 -10210
6942 491 -9882
6943 395 -9822
6944 361 -10354
6945 471 -10398
6946 167 -10134
6947 261 -10310
6948 63 -10074
6949 61 -10194
6950 -17 -10170
6951 77 -10022
6952 -11 -9906
6953 -43 -10146
6954 -29 -10090
6955 83 -10306
6956 -1 -10438
6957 -21 -10138
6958 -3 -10350
6959 -19 -10318
6960 -121 -10322
6961 -77 -10258
6962 -135 -9998
6963 -363 -10142
6964 -523 -9858
6965 -579 -9958
6966 -733 -10158
6967 -589 -10426
6968 -483 -10434
6969 -389 -10466
6970 -493 -10230
6971 -453 -10498
6972 -427 -10186
6973 -481 -10334
6974 -461 -10438
6975 -589 -10254
6976 -451 -10258
6977 -751 -10438
6978 -575 -10574
6979 -331 -10470
6980 -269 -10306
6981 -221 -10326
6982 -37 -10242
6983 15 -10394
6984 51 -10086
6985 175 -10054
6986 223 -10062
6987 419 -9906
6988 441 -9974
6989 841 -10190
6990 725 -9974
6991 829 -9986
6992 741 -10234
6993 697 -10090
6994 665 -10002
6995 645 -9974
6996 477 -10154
6997 491 -10306
6998 489 -10138
6999 435 -10370
7000 337 -10150
7001 187 -10326
7002 271 -10558
7003 213 -10426
7004 417 -10430
7005 513 -10214
7006 521 -10278
7007 469 -10074
7008 281 -10102
7009 277 -10010
7010 395 -9862
7011 461 -9890
7012 547 -10066
7013 517 -10062
7014 455 -10090
7015 325 -9834
7016 381 -10054
7017 523 -9886
7018 519 -10002
7019 441 -10238
7020 615 -10094
7021 531 -10098
7022 531 -10170
7023 435 -10206
7024 207 -10166
7025 213 -9942
7026 167 -10082
7027 155 -10318
7028 35 -10254
7029 353 -10350
7030 127 -10274
7031 195 -10434
7032 27 -10314
7033 133 -10070
7034 129 -10338
7035 -105 -10214
7036 -91 -10214
7037 -123 -10386
7038 -65 -10326
7039 125 -10330
7040 31 -10378
7041 -39 -10298
7042 193 -9958
7043 247 -9794
7044 425 -10090
7045 459 -10274
7046 465 -10434
7047 495 -10038
7048 507 -10094
7049 539 -10162
7050 517 -10030
7051 521 -10114
7052 315 -10170
7053 365 -10262
7054 375 -10398
7055 307 -10346
7056 231 -10278
7057 109 -10262
7058 65 -10294
7059 -25 -10334
7060 -221 -9994
7061 -9 -9898
7062 13 -10266
7063 -131 -10182
7064 -129 -10218
7065 -181 -9874
7066 -377 -9822
7067 -429 -9694
7068 -393 -10210
7069 -529 -9918
7070 -579 -10158
7071 -801 -9710
7072 -959 -9834
7073 -819 -10106
7074 -729 -10154
7075 -751 -10062
7076 -913 -10102
7077 -733 -10006
7078 -659 -10014
7079 -541 -10234
7080 -431 -10098
7081 -443 -10078
7082 -399 -10174
7083 -411 -10222
7084 -603 -9906
7085 -805 -10174
7086 -897 -10006
7087 -1099 -10150
7088 -949 -10182
7089 -891 -10158
7090 -723 -10262
7091 -843 -10350
7092 -755 -10230
7093 -819 -10198
7094 -733 -9914
7095 -699 -9810
7096 -655 -10006
7097 -869 -10018
7098 -929 -9922
7099 -1141 -10042
7100 -1083 -9862
7101 -877 -9906
7102 -897 -9690
7103 -775 -9902
7104 -559 -10314
7105 -589 -10102
7106 -799 -10170
7107 -687 -10282
7108 -573 -9954
7109 -693 -10138
7110 -529 -10138
7111 -665 -10130
7112 -561 -10106
7113 -805 -10090
7114 -929 -10018
7115 -1131 -10102
7116 -1187 -10162
7117 -1295 -10158
7118 -1489 -10242
7119 -1321 -10314
7120 -1469 -10358
7121 -1347 -9978
7122 -1281 -10282
7123 -1351 -10450
7124 -1257 -10550
7125 -1109 -10654
7126 -965 -10306
7127 -891 -10226
7128 -801 -10106
7129 -729 -10246
7130 -763 -10146
7131 -691 -10382
7132 -665 -10254
7133 -565 -10430
7134 -499 -10338
7135 -593 -10330
7136 -345 -10394
7137 -333 -10550
7138 -387 -10442
7139 -359 -10562
7140 -167 -10486
7141 -183 -10330
7142 -129 -10314
7143 -15 -10078
7144 69 -10370
7145 -191 -10318
7146 -109 -10186
7147 -51 -10494
7148 -101 -10370
7149 85 -10198
7150 -29 -10338
7151 -141 -10206
7152 -171 -10042
7153 -177 -10330
7154 -197 -10358
7155 -311 -10474
7156 -309 -10274
7157 -359 -10178
7158 -505 -10226
7159 -681 -10186
7160 -391 -10466
7161 -403 -10322
7162 -345 -10250
7163 -303 -10486
7164 -439 -10490
7165 -525 -10498
7166 -521 -10366
7167 -395 -10514
7168 -483 -10286
7169 -373 -10326
7170 -299 -10478
7171 -175 -10690
7172 -157 -10518
7173 -237 -10334
7174 -119 -10398
7175 73 -10566
7176 129 -10354
7177 123 -10110
7178 73 -10390
7179 81 -10286
7180 105 -10506
7181 101 -10330
7182 -89 -10146
7183 5 -10210
7184 -105 -10322
7185 3 -10110
7186 -77 -10622
7187 55 -10134
7188 69 -10282
7189 -25 -10362
7190 -157 -10362
7191 -43 -10178
7192 -125 -10110
7193 -11 -10494
7194 73 -10206
7195 323 -10302
7196 427 -10474
7197 561 -10610
7198 795 -10666
7199 927 -10618
7200 803 -10566
7201 715 -10550
7202 631 -10262
7203 579 -10406
7204 513 -10402
7205 485 -10146
7206 427 -10238
7207 407 -10318
7208 409 -10278
7209 277 -10274
7210 81 -10334
7211 15 -10510
7212 -77 -10386
7213 -115 -10598
7214 -145 -10282
7215 -191 -10374
7216 -167 -10502
7217 -267 -10558
7218 -387 -10330
7219 -23 -10138
7220 -119 -10366
7221 -137 -10126
7222 -93 -10374
7223 -199 -10170
7224 -73 -10166
7225 141 -10094
7226 -37 -10338
7227 91 -10214
7228 59 -10366
7229 -325 -10430
7230 -371 -10210
7231 -387 -10206
7232 -261 -10194
7233 -491 -10142
7234 -501 -10322
7235 -441 -10478
7236 -373 -10194
7237 -389 -10214
7238 -345 -10302
7239 -245 -10366
7240 -253 -10434
7241 -433 -10274
7242 -623 -9998
7243 -677 -10150
7244 -673 -10154
7245 -521 -10114
7246 -603 -10142
7247 -353 -9934
7248 -325 -9874
7249 -339 -10170
7250 -401 -10042
7251 -315 -10082
7252 -261 -9994
7253 -35 -10206
7254 -153 -10142
7255 -153 -10226
7256 -149 -10470
7257 -155 -10086
7258 -51 -10346
7259 153 -10454
7260 83 -10546
7261 201 -10254
7262 211 -10358
7263 399 -10330
7264 417 -10086
7265 529 -10138
7266 487 -10266
7267 227 -10190
7268 243 -10210
7269 231 -10538
7270 299 -10346
7271 267 -10134
7272 253 -10306
7273 447 -10250
7274 391 -10254
7275 343 -10382
7276 5 -10414
7277 79 -10458
7278 27 -10238
7279 31 -9950
7280 209 -10078
7281 335 -10122
7282 301 -10294
7283 197 -10158
7284 335 -10006
7285 237 -10106
7286 105 -10186
7287 35 -10330
7288 201 -10250
7289 319 -10450
7290 387 -10326
7291 425 -10290
7292 303 -10458
7293 313 -10402
7294 507 -10090
7295 343 -10382
7296 249 -10434
7297 207 -10558
7298 113 -10538
7299 115 -10494
7300 267 -10414
7301 93 -10514
7302 87 -10446
7303 125 -10514
7304 313 -10698
7305 289 -10566
7306 177 -10886
7307 25 -10658
7308 -141 -10330
7309 -37 -10446
7310 111 -10438
7311 141 -10390
7312 295 -10586
7313 299 -10698
7314 155 -10650
7315 181 -10826
7316 233 -10570
7317 241 -10558
7318 339 -10210
7319 271 -10366
7320 161 -10306
7321 61 -10330
7322 47 -10010
7323 -69 -10322
7324 -99 -10546
7325 -33 -10350
7326 101 -10342
7327 -61 -10398
7328 -91 -10234
7329 -229 -10446
7330 23 -10546
7331 69 -10070
7332 -21 -10026
7333 153 -9966
7334 191 -10114
7335 201 -10010
7336 151 -10046
7337 115 -10382
7338 241 -10466
7339 443 -10478
7340 547 -10302
7341 465 -10286
7342 499 -10190
7343 461 -10270
7344 267 -10358
7345 127 -10302
7346 223 -10178
7347 129 -10074
7348 99 -9946
7349 121 -10122
7350 53 -9862
7351 95 -10242
7352 237 -10290
7353 341 -10102
7354 323 -9838
7355 57 -9654
7356 53 -10006
7357 91 -10370
7358 173 -10250
7359 131 -10346
7360 147 -10290
7361 291 -10146
7362 179 -10242
7363 365 -10278
7364 265 -10322
7365 263 -10198
7366 413 -10282
7367 501 -10162
7368 457 -10638
7369 431 -10474
7370 549 -10638
7371 561 -10274
7372 641 -10414
7373 757 -10482
7374 745 -10426
7375 799 -10338
7376 783 -10298
7377 675 -10434
7378 663 -10338
7379 601 -10394
7380 641 -10026
7381 417 -10034
7382 249 -10158
7383 239 -10042
7384 161 -10134
7385 205 -9838
7386 121 -9970
7387 231 -10102
7388 337 -10314
7389 207 -10162
7390 323 -10074
7391 325 -10214
7392 395 -10406
7393 313 -10426
7394 411 -10458
7395 581 -10706
7396 575 -10686
7397 675 -10578
7398 677 -10482
7399 727 -10626
7400 737 -10734
7401 723 -10666
7402 677 -10882
7403 735 -10522
7404 759 -10238
7405 789 -10242
7406 699 -10274
7407 721 -10746
7408 667 -10682
7409 743 -10602
7410 761 -10486
7411 915 -10586
7412 787 -10458
7413 827 -10554
7414 813 -10622
7415 875 -10222
7416 975 -10194
7417 875 -10046
7418 803 -10282
7419 723 -10198
7420 619 -9990
7421 669 -10206
7422 757 -10326
7423 837 -9994
7424 633 -10050
7425 507 -10314
7426 661 -10526
7427 629 -10338
7428 761 -10398
7429 901 -10442
7430 771 -10278
7431 709 -10102
7432 691 -10222
7433 823 -10498
7434 845 -10462
7435 821 -10634
7436 769 -10398
7437 827 -10166
7438 997 -10174
7439 893 -10138
7440 769 -10142
7441 785 -10118
7442 1013 -9982
7443 973 -9966
7444 1047 -10134
7445 1029 -10474
7446 905 -10230
7447 1021 -10362
7448 1241 -10442
7449 1303 -10166
7450 1401 -9978
7451 959 -10162
7452 1025 -10342
7453 1025 -10358
7454 1007 -10254
7455 725 -10198
7456 687 -10298
7457 801 -10554
7458 643 -10398
7459 515 -10758
7460 561 -10618
7461 425 -10486
7462 385 -10350
7463 359 -10238
7464 301 -10294
7465 407 -10250
7466 391 -10258
7467 429 -10262
7468 395 -10558
7469 489 -10630
7470 383 -10466
7471 417 -10330
7472 383 -10458
7473 459 -10466
7474 387 -10598
7475 307 -10750
7476 491 -10610
7477 625 -10374
7478 783 -10562
7479 751 -10698
7480 813 -10746
7481 707 -10710
7482 897 -10442
7483 1073 -10646
7484 1217 -10294
7485 1109 -10482
7486 1219 -10394
7487 1147 -10350
7488 1275 -10402
7489 1091 -10178
7490 1073 -10370
7491 869 -10382
7492 665 -10406
7493 633 -9986
7494 429 -10210
7495 459 -10290
7496 377 -10374
7497 369 -10414
7498 435 -10154
7499 377 -10354
7500 505 -10258
7501 625 -10670
7502 651 -10394
7503 533 -10202
7504 687 -10218
7505 553 -10238
7506 649 -10462
7507 733 -10290
7508 729 -10450
7509 709 -10390
7510 651 -10218
7511 735 -10170
7512 791 -10238
7513 783 -10134
7514 895 -9858
7515 713 -10022
7516 825 -10114
7517 445 -10218
7518 447 -9950
7519 477 -10006
7520 413 -10318
7521 511 -9926
7522 377 -10134
7523 249 -10122
7524 243 -9886
7525 241 -10058
7526 355 -9882
7527 373 -10134
7528 315 -10006
7529 297 -9970
7530 33 -10386
7531 69 -10146
7532 147 -10226
7533 231 -9926
7534 153 -10014
7535 115 -10338
7536 107 -10166
7537 147 -10010
7538 77 -9902
7539 -77 -10150
7540 -7 -9814
7541 -47 -9810
7542 -127 -9818
7543 -45 -9574
7544 95 -9826
7545 91 -10086
7546 3 -10234
7547 -237 -10434
7548 -357 -10214
7549 -257 -10126
7550 -211 -10138
7551 -307 -10074
7552 -389 -10218
7553 -315 -10230
7554 -401 -10310
7555 -445 -10334
7556 -323 -10278
7557 -417 -10138
7558 -419 -10222
7559 -249 -10390
7560 -197 -10158
7561 -103 -10054
7562 -121 -10026
7563 -255 -10174
7564 -303 -10394
7565 -407 -10590
7566 -455 -10514
7567 -439 -10358
7568 -393 -10330
7569 -333 -10270
7570 -7 -10362
7571 -123 -10370
7572 -201 -10010
7573 -125 -10194
7574 -121 -10150
7575 -85 -10242
7576 -137 -10118
7577 -15 -10046
7578 43 -9990
7579 -47 -10178
7580 29 -9918
7581 -89 -9982
7582 9 -10170
7583 -15 -10094
7584 3 -9990
7585 305 -10210
7586 353 -9978
7587 569 -10106
7588 585 -10030
7589 637 -9998
7590 563 -9950
7591 667 -10194
7592 595 -10038
7593 307 -9766
7594 357 -9846
7595 205 -9742
7596 99 -10018
7597 -7 -9826
7598 71 -9730
7599 -135 -9702
7600 -65 -9698
7601 -61 -10014
7602 -249 -10010
7603 -303 -9678
7604 -461 -9906
7605 -527 -10070
7606 -483 -9978
7607 -531 -9826
7608 -601 -10014
7609 -735 -10118
7610 -673 -10054
7611 -499 -10170
7612 -523 -10038
7613 -613 -10074
7614 -699 -10030
7615 -613 -10194
7616 -501 -10074
7617 -599 -10242
7618 -485 -10162
7619 -543 -10150
7620 -713 -10154
7621 -725 -10310
7622 -851 -10578
7623 -795 -10494
7624 -839 -10754
7625 -825 -10746
7626 -807 -10770
7627 -587 -10374
7628 -633 -10454
7629 -845 -10418
7630 -869 -10002
7631 -677 -10098
7632 -785 -10486
7633 -865 -10386
7634 -681 -10438
7635 -635 -10190
7636 -679 -10170
7637 -727 -10322
7638 -719 -9974
7639 -523 -10358
7640 -535 -10082
7641 -629 -10246
7642 -703 -9938
7643 -737 -10078
7644 -563 -10154
7645 -575 -10142
7646 -527 -10030
7647 -429 -10286
7648 -503 -10362
7649 -559 -10254
7650 -801 -10498
7651 -763 -10574
7652 -721 -10494
7653 -761 -10326
7654 -711 -10314
7655 -711 -10218
7656 -795 -10290
7657 -825 -9990
7658 -913 -10354
7659 -1033 -10050
7660 -1075 -10162
7661 -1131 -10190
7662 -1045 -10362
7663 -913 -10154
7664 -715 -10354
7665 -659 -10186
7666 -537 -10434
7667 -645 -10622
7668 -745 -10674
7669 -669 -10562
7670 -699 -10730
7671 -619 -10438
7672 -783 -10438
7673 -851 -10430
7674 -893 -10270
7675 -809 -10802
7676 -793 -10582
7677 -897 -10394
7678 -717 -10342
7679 -775 -10198
7680 -661 -10170
7681 -775 -10154
7682 -749 -9974
7683 -597 -10046
7684 -413 -10434
7685 -379 -10462
7686 -633 -10222
7687 -719 -10338
7688 -767 -10214
7689 -749 -10410
7690 -657 -10262
7691 -539 -10306
7692 -625 -10314
7693 -637 -10318
7694 -735 -10326
7695 -739 -10446
7696 -797 -10546
7697 -651 -10346
7698 -645 -10486
7699 -815 -10642
7700 -809 -10486
7701 -783 -10418
7702 -643 -10486
7703 -645 -10334
7704 -673 -10398
7705 -677 -10514
7706 -669 -10578
7707 -529 -10334
7708 -457 -10286
7709 -531 -10198
7710 -613 -10014
7711 -499 -10314
7712 -541 -10066
7713 -661 -10234
7714 -541 -10050
7715 -475 -10338
7716 -441 -10298
7717 -479 -10234
7718 -573 -10170
7719 -689 -10026
7720 -481 -10154
7721 -635 -10142
7722 -623 -10150
7723 -775 -10430
7724 -905 -10510
7725 -665 -10462
7726 -755 -10442
7727 -535 -10266
7728 -513 -10302
7729 -331 -10226
7730 -359 -10178
7731 -325 -10106
7732 -245 -10302
7733 -213 -10366
7734 -367 -10442
7735 -511 -10242
7736 -515 -10074
7737 -407 -10054
7738 -319 -10310
7739 -65 -10142
7740 65 -10098
7741 -3 -10342
7742 21 -10250
7743 -51 -10330
7744 -131 -10262
7745 -213 -10138
7746 -169 -10270
7747 -117 -10102
7748 -103 -10230
7749 -83 -9950
7750 13 -9846
7751 43 -10050
7752 -9 -9906
7753 -1 -10118
7754 -75 -9986
7755 -143 -10014
7756 -61 -10066
7757 81 -10034
7758 165 -10214
7759 331 -9966
7760 235 -10062
7761 -9 -10218
7762 -179 -9930
7763 -389 -10090
7764 -223 -10142
7765 -245 -10050
7766 -277 -10190
7767 -215 -10006
7768 -173 -9866
7769 -67 -10186
7770 -171 -9950
7771 -113 -10122
7772 -135 -10394
7773 121 -10382
7774 343 -10178
7775 363 -10370
7776 167 -10346
7777 99 -10330
7778 203 -10438
7779 209 -10554
7780 71 -10646
7781 19 -10382
7782 53 -10458
7783 71 -10274
7784 35 -10342
7785 103 -10314
7786 -33 -10206
7787 41 -10206
7788 -45 -10226
7789 -73 -10246
7790 -175 -10490
7791 -243 -10506
7792 -191 -10354
7793 -109 -10358
7794 -113 -10406
7795 -117 -10538
7796 -125 -10486
7797 -145 -10498
7798 -53 -10462
7799 5 -10558
7800 -41 -10226
7801 65 -10366
7802 -181 -10530
7803 47 -10678
7804 137 -10142
7805 -15 -10242
7806 -67 -10114
7807 -95 -10162
7808 -213 -10034
7809 -179 -9978
7810 -343 -9954
7811 -235 -10026
7812 -259 -9978
7813 -301 -10038
7814 -295 -10194
7815 -169 -10330
7816 -13 -10338
7817 -159 -10086
7818 7 -10158
7819 57 -10214
7820 -23 -10318
7821 239 -10370
7822 233 -10574
7823 93 -10426
7824 -61 -10370
7825 -209 -10126
7826 -151 -10438
7827 -11 -10638
7828 -51 -10618
7829 -11 -10486
7830 -97 -10218
7831 11 -10138
7832 -121 -10222
7833 -205 -10122
7834 -365 -10010
7835 -507 -10282
7836 -455 -10230
7837 -365 -10422
7838 -183 -10194
7839 -57 -10074
7840 -207 -10238
7841 -211 -9970
7842 -295 -10118
7843 -207 -10002
7844 -383 -10058
7845 -187 -9998
7846 -71 -9778
7847 -119 -10438
7848 -5 -10246
7849 -105 -10062
7850 -77 -10278
7851 -145 -10146
7852 -51 -10122
7853 -101 -10214
7854 -133 -10418
7855 -67 -10262
7856 -53 -10230
7857 -87 -10354
7858 119 -10218
7859 91 -10182
7860 -5 -10018
7861 -7 -10162
7862 -85 -10290
7863 -75 -9974
7864 -187 -10146
7865 57 -10170
7866 123 -10062
7867 169 -10066
7868 75 -10442
7869 189 -10194
7870 141 -9902
7871 -1 -10226
7872 -49 -10266
7873 -123 -10058
7874 -43 -9938
7875 95 -10062
7876 179 -10474
7877 97 -10370
7878 155 -10414
7879 157 -10122
7880 111 -10278
7881 -29 -10774
7882 11 -10318
7883 -11 -10242
7884 -211 -10174
7885 -377 -10074
7886 -225 -10186
7887 -243 -10342
7888 -199 -9982
7889 -165 -10210
7890 -255 -10318
7891 -285 -10466
7892 -221 -10386
7893 -67 -10214
7894 27 -10086
7895 53 -10142
7896 171 -10170
7897 221 -10218
7898 415 -10274
7899 465 -10350
7900 401 -10098
7901 535 -9958
7902 577 -10062
7903 461 -10250
7904 295 -10090
7905 343 -10130
7906 243 -10078
7907 191 -10266
7908 223 -10422
7909 275 -10582
7910 391 -10690
7911 631 -10610
7912 595 -10518
7913 523 -10314
7914 409 -10454
7915 419 -10802
7916 261 -10598
7917 287 -10818
7918 203 -10510
7919 249 -10642
7920 335 -10318
7921 381 -10426
7922 261 -10218
7923 111 -10406
7924 -91 -10286
7925 -147 -10386
7926 -161 -10266
7927 -49 -10478
7928 -73 -10502
7929 29 -10378
7930 25 -10554
7931 229 -10282
7932 159 -10390
7933 255 -10362
7934 213 -10366
7935 271 -10226
7936 281 -10322
7937 211 -10446
7938 183 -10334
7939 167 -10558
7940 257 -10498
7941 257 -10438
7942 307 -10526
7943 59 -10438
7944 -209 -10402
7945 -155 -10234
7946 81 -10398
7947 119 -10226
7948 63 -10318
7949 271 -10326
7950 231 -10370
7951 -25 -10486
7952 -235 -10442
7953 -321 -10442
7954 -251 -10314
7955 -267 -10214
7956 -171 -10370
7957 -187 -10298
7958 -119 -10386
7959 -185 -10310
7960 -143 -10266
7961 -139 -10014
7962 -427 -9858
7963 -253 -9938
7964 -155 -10126
7965 -259 -10066
7966 -341 -10226
7967 -479 -10398
7968 -381 -10218
7969 -211 -10498
7970 -163 -10502
7971 -241 -10586
7972 -161 -10330
7973 -313 -10442
7974 -69 -10514
7975 -109 -10478
7976 -149 -10442
7977 -253 -10482
7978 -361 -10454
7979 -375 -10346
7980 -197 -10358
7981 -471 -10226
7982 -327 -10702
7983 -333 -10698
7984 -37 -10578
7985 -81 -10386
7986 -27 -10450
7987 -15 -10202
7988 -191 -10470
7989 -173 -10514
7990 -29 -10406
7991 83 -10338
7992 27 -9962
7993 265 -10246
7994 183 -10246
7995 109 -10274
7996 319 -10250
7997 435 -10034
7998 281 -10206
7999 305 -10162
8000 393 -10050
8001 307 -10094
8002 171 -9982
8003 179 -10054
8004 221 -9826
8005 311 -9974
8006 485 -10154
8007 511 -10198
8008 285 -10314
8009 331 -10418
8010 347 -10142
8011 511 -10150
8012 609 -10234
8013 905 -10326
8014 813 -10118
8015 697 -10414
8016 723 -10354
8017 765 -10494
8018 583 -10538
8019 693 -10514
8020 543 -10590
8021 283 -10438
8022 143 -10634
8023 49 -10386
8024 -9 -10110
8025 73 -10098
8026 293 -9994
8027 313 -9838
8028 237 -9866
8029 187 -10422
8030 89 -10306
8031 77 -10318
8032 -85 -10350
8033 103 -10450
8034 69 -10506
8035 317 -10530
8036 65 -10238
8037 -17 -10242
8038 97 -10442
8039 35 -10110
8040 -87 -10254
8041 -65 -10210
8042 -255 -10094
8043 -511 -9830
8044 -569 -10006
8045 -253 -9878
8046 11 -9934
8047 149 -10306
8048 -73 -10230
8049 129 -10350
8050 241 -10410
8051 117 -10294
8052 325 -10238
8053 111 -10086
8054 -25 -10410
8055 31 -10330
8056 57 -9790
8057 135 -9862
8058 27 -9898
8059 -139 -9910
8060 -31 -9994
8061 -177 -9798
8062 -153 -9882
8063 -31 -10302
8064 9 -10522
8065 -1 -10058
8066 -257 -9970
8067 -177 -10014
8068 -13 -10034
8069 53 -9954
8070 -43 -9930
8071 47 -10166
8072 235 -10054
8073 459 -9954
8074 493 -10110
8075 387 -10034
8076 301 -9982
8077 173 -10070
8078 165 -9914
8079 71 -10242
8080 163 -10054
8081 229 -9946
8082 125 -10050
8083 187 -9834
8084 397 -9978
8085 559 -9878
8086 737 -9990
8087 647 -10218
8088 519 -9938
8089 615 -9850
8090 567 -10034
8091 453 -10534
8092 579 -10278
8093 663 -10142
8094 631 -10246
8095 643 -10142
8096 433 -10318
8097 413 -10162
8098 335 -10122
8099 299 -10054
8100 385 -10374
8101 317 -9846
8102 391 -10190
8103 525 -10122
8104 503 -10138
8105 597 -10158
8106 645 -10242
8107 787 -10262
8108 855 -10218
8109 699 -10178
8110 773 -10098
8111 675 -9986
8112 657 -10030
8113 875 -10230
8114 537 -10106
8115 337 -10230
8116 193 -10258
8117 139 -10402
8118 105 -10374
8119 37 -10394
8120 -37 -10346
8121 -15 -10382
8122 69 -9658
8123 119 -10130
8124 211 -10258
8125 341 -10334
8126 215 -10202
8127 375 -10454
8128 319 -10494
8129 245 -10222
8130 109 -10230
8131 65 -10098
8132 -73 -10322
8133 -285 -10286
8134 -221 -10514
8135 -31 -10746
8136 -111 -10474
8137 3 -10378
8138 -109 -10270
8139 -107 -10258
8140 -83 -10118
8141 -307 -10174
8142 -411 -10182
8143 -485 -10230
8144 -169 -10470
8145 -301 -10442
8146 -287 -10406
8147 -179 -10294
8148 -357 -9962
8149 -385 -10202
8150 -549 -10150
8151 -387 -10122
8152 -255 -10130
8153 -291 -10270
8154 -221 -10110
8155 -363 -10318
8156 -457 -10518
8157 -561 -10218
8158 -587 -10262
8159 -529 -10066
8160 -607 -9982
8161 -709 -10010
8162 -759 -10186
8163 -771 -10450
8164 -693 -10242
8165 -683 -10590
8166 -647 -10566
8167 -533 -10526
8168 -349 -10418
8169 -273 -10402
8170 -253 -10214
8171 -433 -10282
8172 -455 -10110
8173 -311 -10258
8174 -305 -10158
8175 -467 -10530
8176 -565 -10086
8177 -625 -10110
8178 -765 -10270
8179 -743 -10098
8180 -593 -10018
8181 -617 -10358
8182 -527 -10310
8183 -359 -10194
8184 -341 -10190
8185 -385 -10230
8186 -315 -10390
8187 -397 -10398
8188 -195 -10370
8189 -77 -10466
8190 51 -10570
8191 39 -10458
8192 85 -10354
8193 27 -10070
8194 -119 -10078
8195 -211 -10226
8196 -131 -10458
8197 -289 -10194
8198 -255 -10186
8199 -245 -10334
8200 -435 -10426
8201 -363 -10422
8202 -461 -10310
8203 -443 -10438
8204 -511 -10634
8205 -553 -10798
8206 -519 -10630
8207 -487 -10662
8208 -713 -10614
8209 -583 -10542
8210 -571 -10318
8211 -277 -10514
8212 -399 -10278
8213 -331 -10346
8214 -435 -10194
8215 -555 -10314
8216 -499 -10390
8217 -329 -10370
8218 -57 -10486
8219 -1 -10554
8220 3 -10462
8221 -31 -10182
8222 -55 -10410
8223 -131 -10314
8224 -187 -10230
8225 -319 -10166
8226 -223 -10030
8227 -327 -9794
8228 -337 -10062
8229 -399 -10206
8230 -305 -10218
8231 -239 -10026
8232 -133 -10322
8233 -197 -10314
8234 -411 -10182
8235 -315 -10102
8236 -323 -10206
8237 -371 -10338
8238 -281 -10426
8239 -361 -10154
8240 -271 -10190
8241 -203 -10034
8242 -233 -10050
8243 -347 -10182
8244 -85 -10182
8245 -289 -10054
8246 -307 -10270
8247 -363 -10326
8248 -403 -10578
8249 -391 -10282
8250 -391 -10226
8251 -403 -10134
8252 -247 -10334
8253 -219 -10582
8254 -43 -10474
8255 -37 -10302
8256 -63 -10190
8257 -155 -10182
8258 -29 -10110
8259 -35 -10050
8260 -29 -9846
8261 -45 -9982
8262 -27 -10226
8263 -69 -10042
8264 -25 -10066
8265 -41 -10042
8266 -81 -10214
8267 -25 -9878
8268 -155 -9998
8269 -179 -10106
8270 -193 -10122
8271 13 -10310
8272 75 -10142
8273 163 -10314
8274 -101 -10290
8275 -247 -10050
8276 -291 -10106
8277 -333 -10030
8278 -359 -9978
8279 -441 -10266
8280 -555 -10346
8281 -759 -10294
8282 -647 -10166
8283 -611 -10094
8284 -561 -9934
8285 -445 -10002
8286 -445 -9862
8287 -277 -9866
8288 -183 -9818
8289 -283 -10030
8290 -307 -10206
8291 -305 -10226
8292 -167 -10306
8293 -289 -10278
8294 -209 -10246
8295 -381 -10190
8296 -421 -10066
8297 -325 -10150
8298 -425 -10066
8299 -489 -10002
8300 -473 -10126
8301 -487 -10166
8302 -349 -9998
8303 -217 -10374
8304 -209 -10610
8305 -261 -10662
8306 -277 -10478
8307 -229 -10298
8308 -361 -10202
8309 -167 -10122
8310 -83 -10470
8311 -39 -10198
8312 -159 -10562
8313 21 -9974
8314 109 -10178
8315 103 -9922
8316 -3 -10126
8317 -153 -10186
8318 -263 -10310
8319 -205 -10330
8320 -33 -10186
8321 15 -10222
8322 -123 -10258
8323 -141 -10298
8324 -25 -10294
8325 15 -10022
8326 49 -10246
8327 181 -10238
8328 245 -10430
8329 165 -10714
8330 91 -10710
8331 75 -10382
8332 151 -10202
8333 209 -10230
8334 61 -10114
8335 221 -10258
8336 285 -10322
8337 251 -9930
8338 263 -9918
8339 281 -10374
8340 383 -10562
8341 423 -10370
8342 535 -10198
8343 513 -10318
8344 369 -10242
8345 287 -10282
8346 245 -10298
8347 163 -10338
8348 153 -10258
8349 181 -10246
8350 171 -10338
8351 277 -10150
8352 277 -10166
8353 171 -10198
8354 141 -10294
8355 241 -10250
8356 217 -9838
8357 -17 -10126
8358 11 -9966
8359 -17 -10230
8360 -87 -10442
8361 -133 -10130
8362 -7 -9990
8363 -125 -10286
8364 -31 -10186
8365 53 -10230
8366 -51 -9830
8367 217 -10258
8368 159 -10194
8369 -137 -10114
8370 -125 -9758
8371 -27 -10034
8372 57 -9898
8373 -19 -9990
8374 81 -10006
8375 -35 -9998
8376 -119 -10198
8377 187 -10566
8378 191 -10234
8379 97 -10414
8380 113 -10590
8381 261 -10422
8382 483 -10490
8383 545 -10482
8384 409 -10394
8385 403 -10354
8386 357 -10382
8387 389 -10066
8388 277 -10058
8389 339 -10146
8390 437 -10174
8391 309 -9946
8392 243 -9798
8393 209 -9930
8394 83 -9954
8395 115 -10270
8396 39 -10146
8397 105 -10182
8398 -61 -10034
8399 -81 -10090
8400 11 -9914
8401 141 -10062
8402 249 -10222
8403 79 -10142
8404 39 -10150
8405 37 -10138
8406 43 -10138
8407 13 -10106
8408 3 -9974
8409 47 -9926
8410 17 -9798
8411 37 -10234
8412 131 -10002
8413 273 -10122
8414 265 -9786
8415 161 -10002
8416 333 -10278
8417 263 -10090
8418 395 -10090
8419 411 -10230
8420 517 -10150
8421 505 -10082
8422 681 -10174
8423 759 -10014
8424 483 -9794
8425 377 -10122
8426 309 -10026
8427 375 -10074
8428 301 -10018
8429 349 -9850
8430 429 -9894
8431 395 -9850
8432 435 -9746
8433 395 -9834
8434 537 -10018
8435 305 -10162
8436 399 -9830
8437 479 -10106
8438 635 -10054
8439 457 -9782
8440 661 -10026
8441 655 -10126
8442 785 -10218
8443 667 -10294
8444 589 -10314
8445 607 -10318
8446 537 -10138
8447 675 -10246
8448 715 -10098
8449 679 -10166
8450 719 -10218
8451 569 -10450
8452 783 -10354
8453 713 -10310
8454 853 -10138
8455 925 -10402
8456 997 -10214
8457 1171 -10234
8458 1093 -10122
8459 1105 -10246
8460 809 -10398
8461 897 -10442
8462 949 -10094
8463 971 -9962
8464 1107 -9942
8465 1037 -10030
8466 1217 -10002
8467 1379 -10114
8468 1313 -10294
8469 1233 -10406
8470 1275 -10718
8471 1341 -10870
8472 1363 -10918
8473 1315 -10718
8474 1323 -10402
8475 1175 -10242
8476 1053 -10418
8477 1135 -10434
8478 1263 -10338
8479 1187 -10438
8480 1049 -10734
8481 1053 -10522
8482 897 -10254
8483 951 -10254
8484 1095 -10194
8485 1053 -9962
8486 985 -10506
8487 895 -10354
8488 791 -10394
8489 611 -10470
8490 605 -10450
8491 505 -10270
8492 621 -10490
8493 445 -10630
8494 565 -10334
8495 683 -10582
8496 629 -10390
8497 727 -10014
8498 787 -9918
8499 773 -10106
8500 793 -10310
8501 945 -10234
8502 937 -10242
8503 805 -10238
8504 1063 -10182
8505 1139 -10574
8506 1139 -10406
8507 1167 -10426
8508 955 -10202
8509 1049 -9958
8510 927 -10222
8511 779 -10314
8512 659 -10246
8513 645 -10442
8514 637 -10186
8515 541 -10222
8516 451 -10054
8517 555 -10278
8518 553 -10362
8519 635 -10394
8520 633 -10534
8521 579 -10274
8522 605 -10302
8523 403 -10106
8524 445 -10186
8525 471 -10174
8526 535 -10118
8527 417 -10174
8528 405 -9954
8529 459 -10158
8530 547 -10222
8531 645 -10462
8532 527 -10474
8533 479 -10318
8534 491 -10378
8535 479 -10338
8536 509 -10274
8537 699 -10254
8538 599 -10266
8539 717 -10294
8540 853 -10110
8541 849 -9950
8542 841 -10154
8543 963 -10294
8544 953 -9954
8545 923 -9918
8546 937 -10334
8547 811 -10514
8548 951 -10442
8549 945 -10550
8550 973 -10706
8551 659 -10418
8552 611 -10318
8553 533 -10230
8554 471 -10218
8555 673 -10118
8556 633 -9918
8557 605 -9906
8558 673 -9894
8559 491 -10038
8560 751 -9890
8561 687 -9746
8562 483 -9870
8563 557 -9866
8564 449 -9534
8565 361 -9710
8566 407 -10138
8567 279 -10170
8568 385 -10138
8569 451 -10090
8570 331 -10026
8571 223 -10058
8572 427 -10154
8573 493 -10198
8574 589 -10162
8575 487 -10178
8576 299 -10230
8577 153 -9930
8578 219 -9978
8579 309 -9786
8580 523 -10046
8581 533 -10190
8582 613 -10234
8583 665 -10158
8584 643 -10222
8585 583 -9982
8586 581 -10374
8587 695 -10110
8588 665 -10222
8589 613 -10402
8590 467 -10230
8591 537 -10174
8592 141 -10502
8593 247 -10446
8594 297 -10294
8595 149 -10250
8596 121 -10206
8597 211 -9914
8598 363 -9878
8599 595 -9914
8600 541 -9906
8601 573 -9878
8602 521 -10014
8603 467 -10034
8604 421 -9830
8605 281 -9602
8606 207 -9958
8607 195 -9986
8608 169 -9886
8609 -145 -9926
8610 -83 -10114
8611 51 -10146
8612 -7 -10198
8613 1 -10258
8614 149 -10254
8615 -73 -9982
8616 -113 -10106
8617 -125 -9858
8618 -267 -9938
8619 -207 -10110
8620 -31 -10166
8621 -149 -10086
8622 -95 -10034
8623 -167 -10066
8624 -241 -10242
8625 -229 -10314
8626 -137 -10286
8627 -143 -10378
8628 -257 -10282
8629 -483 -10334
8630 -123 -10318
8631 171 -10406
8632 289 -10594
8633 57 -10382
8634 -5 -10438
8635 -75 -10286
8636 9 -10494
8637 31 -10690
8638 75 -10374
8639 -201 -10454
8640 -267 -10434
8641 -317 -10378
8642 -291 -10294
8643 -189 -10410
8644 -263 -10538
8645 -315 -10734
8646 -405 -10470
8647 -397 -10450
8648 -305 -10070
8649 -287 -10094
8650 -301 -10378
8651 -131 -10058
8652 -5 -10006
8653 11 -10218
8654 93 -10162
8655 -103 -10186
8656 -183 -10326
8657 -235 -10318
8658 -131 -10018
8659 -345 -10142
8660 -307 -10278
8661 -155 -10302
8662 -171 -10286
8663 -177 -10278
8664 49 -10234
8665 53 -10402
8666 37 -10062
8667 83 -10150
8668 13 -10262
8669 -19 -10034
8670 -7 -10050
8671 -345 -10114
8672 -487 -10350
8673 -631 -10478
8674 -539 -10322
8675 -517 -10174
8676 -625 -10334
8677 -657 -10278
8678 -613 -10062
8679 -683 -10374
8680 -459 -10018
8681 -407 -10122
8682 -497 -10114
8683 -379 -10450
8684 -393 -10318
8685 -387 -10230
8686 -443 -10102
8687 -373 -9966
8688 -611 -9878
8689 -651 -9994
8690 -633 -9790
8691 -547 -9946
8692 -607 -10186
8693 -601 -10070
8694 -563 -10186
8695 -523 -10098
8696 -435 -10354
8697 -561 -10198
8698 -557 -10294
8699 -453 -10430
8700 -547 -10214
8701 -567 -10134
8702 -841 -10146
8703 -815 -10114
8704 -807 -9922
8705 -855 -9726
8706 -1077 -9822
8707 -1149 -9522
8708 -1175 -10198
8709 -1153 -10118
8710 -867 -10066
8711 -1105 -10118
8712 -1177 -10302
8713 -1013 -10086
8714 -1095 -10074
8715 -1167 -10142
8716 -1191 -10002
8717 -1357 -10342
8718 -1373 -10542
8719 -1405 -10346
8720 -1517 -10190
8721 -1311 -10458
8722 -1411 -10546
8723 -1285 -10682
8724 -1149 -10306
8725 -1229 -10054
8726 -1081 -10358
8727 -1105 -10638
8728 -1007 -10410
8729 -933 -10430
8730 -1029 -10082
8731 -1165 -10158
8732 -929 -9798
8733 -981 -9578
8734 -1047 -9862
8735 -955 -9890
8736 -955 -9922
8737 -821 -9790
8738 -807 -9634
8739 -761 -9994
8740 -889 -10034
8741 -1069 -10098
8742 -1025 -10330
8743 -939 -10362
8744 -807 -10066
8745 -747 -10038
8746 -787 -9902
8747 -603 -9954
8748 -595 -9882
8749 -595 -10026
8750 -707 -9894
8751 -727 -10098
8752 -707 -9962
8753 -877 -10042
8754 -1013 -10026
8755 -979 -10022
8756 -1151 -9978
8757 -1221 -10062
8758 -1101 -10218
8759 -921 -10138
8760 -1023 -10238
8761 -901 -10190
8762 -879 -10218
8763 -863 -10246
8764 -1029 -10282
8765 -1107 -10418
8766 -1187 -10042
8767 -1323 -10114
8768 -1099 -10254
8769 -985 -10434
8770 -1103 -10434
8771 -1121 -10186
8772 -1191 -9934
8773 -1151 -10046
8774 -1029 -10174
8775 -1021 -10178
8776 -919 -10150
8777 -1137 -9978
8778 -1129 -9874
8779 -1107 -10098
8780 -997 -10054
8781 -1169 -10206
8782 -1035 -10186
8783 -1087 -10078
8784 -931 -10078
8785 -969 -10178
8786 -905 -10042
8787 -731 -10290
8788 -621 -10062
8789 -573 -10090
8790 -499 -9946
8791 -721 -10010
8792 -839 -10150
8793 -665 -10026
8794 -687 -10222
8795 -719 -10310
8796 -689 -10314
8797 -917 -10050
8798 -975 -10030
8799 -955 -9814
8800 -1033 -10214
8801 -921 -10114
8802 -825 -10434
8803 -845 -10466
8804 -877 -10006
8805 -485 -10182
8806 -557 -10378
8807 -699 -10350
8808 -677 -10534
8809 -619 -10282
8810 -671 -10286
8811 -491 -10302
8812 -485 -10006
8813 -561 -10054
8814 -451 -9894
8815 -453 -9954
8816 -545 -10050
8817 -607 -10298
8818 -443 -10434
8819 -455 -9958
8820 -111 -10210
8821 -251 -9846
8822 -335 -9834
8823 -345 -9946
8824 -327 -9978
8825 -213 -10262
8826 -213 -10310
8827 -263 -10286
8828 -287 -10458
8829 -119 -10458
8830 -111 -10674
8831 -17 -10446
8832 91 -10350
8833 -77 -10426
8834 7 -10558
8835 -15 -10638
8836 15 -10546
8837 51 -10374
8838 91 -10370
8839 185 -10250
8840 239 -10310
8841 257 -9902
8842 111 -10082
8843 35 -10122
8844 -107 -10026
8845 -167 -10306
8846 -367 -10506
8847 -443 -10538
8848 -287 -10622
8849 -301 -10554
8850 -311 -10694
8851 -177 -10654
8852 -183 -10526
8853 -307 -10674
8854 -323 -10774
8855 -493 -10538
8856 -579 -10554
8857 -477 -10774
8858 -389 -10482
8859 -315 -10314
8860 -91 -10286
8861 103 -10198
8862 123 -10210
8863 -85 -10062
8864 -265 -10130
8865 -97 -10178
8866 15 -10294
8867 13 -10086
8868 3 -10210
8869 21 -10350
8870 269 -10058
8871 129 -10038
8872 91 -10330
8873 165 -10202
8874 123 -10286
8875 125 -10082
8876 -9 -10102
8877 -127 -9650
8878 -135 -9978
8879 -271 -10150
8880 -299 -10346
8881 -469 -10506
8882 -147 -10322
8883 -199 -9942
8884 -297 -10326
8885 -363 -10306
8886 -601 -10206
8887 -371 -10338
8888 -443 -10314
8889 -131 -10438
8890 -177 -10394
8891 -227 -10422
8892 -131 -10282
8893 -191 -10278
8894 -167 -10146
8895 -361 -9978
8896 -377 -9922
8897 -433 -10074
8898 -469 -10090
8899 -363 -10338
8900 -195 -10390
8901 -167 -10054
8902 -171 -10086
8903 -251 -10158
8904 -397 -10374
8905 -311 -10458
8906 -327 -10382
8907 -325 -10426
8908 -379 -10158
8909 -477 -10282
8910 -765 -9874
8911 -907 -9914
8912 -969 -10126
8913 -761 -10070
8914 -915 -10002
8915 -841 -9902
8916 -841 -9894
8917 -943 -10070
8918 -1067 -9994
8919 -807 -10186
8920 -589 -9954
8921 -647 -10078
8922 -593 -10158
8923 -759 -10046
8924 -809 -10186
8925 -769 -10038
8926 -719 -10130
8927 -705 -10094
8928 -457 -10010
8929 -635 -10198
8930 -349 -10318
8931 -151 -10638
8932 -157 -10398
8933 -141 -10590
8934 -131 -10354
8935 -95 -10358
8936 -129 -10378
8937 -27 -10318
8938 -25 -10378
8939 -131 -10318
8940 -73 -10278
8941 23 -10382
8942 173 -10226
8943 15 -10506
8944 -91 -10394
8945 -193 -10430
8946 23 -10302
8947 19 -10246
8948 87 -10218
8949 143 -10038
8950 277 -10038
8951 331 -9942
8952 291 -10202
8953 343 -10466
8954 221 -10626
8955 111 -10350
8956 177 -10022
8957 73 -10094
8958 -63 -9950
8959 -83 -9982
8960 7 -9982
8961 3 -10094
8962 -85 -10346
8963 -123 -10134
8964 -119 -10318
8965 -151 -9982
8966 -25 -10042
8967 -101 -10158
8968 -147 -10110
8969 -157 -9870
8970 -87 -10030
8971 -21 -10094
8972 221 -10054
8973 187 -10418
8974 17 -10274
8975 -101 -10242
8976 -239 -10306
8977 89 -10174
8978 55 -10458
8979 23 -10546
8980 55 -10398
8981 73 -10022
8982 353 -10074
8983 397 -10074
8984 549 -10182
8985 465 -10334
8986 429 -10626
8987 365 -10458
8988 469 -10262
8989 481 -10290
8990 513 -10246
8991 355 -10234
8992 247 -10118
8993 273 -10246
8994 201 -10222
8995 183 -10310
8996 115 -10234
8997 -9 -10210
8998 -75 -10234
8999 155 -10338
9000 213 -10306
9001 365 -10158
9002 353 -10238
9003 257 -10230
9004 197 -10482
9005 -29 -10738
9006 -163 -10466
9007 -151 -10170
9008 -139 -10258
9009 -257 -10234
9010 -185 -10138
9011 -261 -10350
9012 -477 -10630
9013 -511 -10514
9014 -467 -10670
9015 -475 -10542
9016 -771 -10334
9017 -951 -10390
9018 -861 -10422
9019 -675 -10610
9020 -661 -10318
9021 -799 -10462
9022 -581 -10466
9023 -543 -10758
9024 -481 -10374
9025 -597 -10374
9026 -607 -10158
9027 -595 -10230
9028 -589 -10118
9029 -613 -10482
9030 -563 -10410
9031 -545 -10334
9032 -665 -10486
9033 -661 -10186
9034 -587 -10434
9035 -629 -10266
9036 -371 -10002
9037 -381 -10514
9038 -555 -10610
9039 -493 -10246
9040 -395 -10182
9041 -287 -10218
9042 -89 -9962
9043 -161 -10306
9044 -149 -10086
9045 -217 -10074
9046 -173 -10318
9047 -159 -10062
9048 -207 -10202
9049 -227 -10022
9050 -169 -10190
9051 -115 -10322
9052 -135 -10302
9053 -73 -10122
9054 -311 -10162
9055 -449 -10146
9056 -343 -10166
9057 -283 -10278
9058 -97 -10226
9059 -101 -10262
9060 -307 -10262
9061 -377 -10290
9062 -495 -10122
9063 -417 -10138
9064 -443 -10258
9065 -335 -10362
9066 -157 -10094
9067 -129 -10138
9068 -99 -9802
9069 -133 -10190
9070 -149 -10074
9071 -37 -10182
9072 -109 -9998
9073 39 -10174
9074 -101 -10178
9075 -289 -10046
9076 -323 -10190
9077 -303 -10162
9078 -259 -9938
9079 -49 -9966
9080 43 -10026
9081 27 -10074
9082 -165 -10098
9083 -377 -9950
9084 -517 -10002
9085 -375 -10158
9086 -453 -10218
9087 -407 -10290
9088 -229 -10322
9089 -107 -10230
9090 -111 -10258
9091 -101 -10438
9092 -167 -10170
9093 -237 -10154
9094 -247 -10590
9095 -329 -10342
9096 -267 -10226
9097 -323 -10498
9098 -287 -10194
9099 -205 -10354
9100 -323 -10222
9101 -609 -10066
9102 -347 -10066
9103 -375 -9966
9104 -205 -9990
9105 -187 -10038
9106 -259 -10046
9107 -247 -10038
9108 -331 -9990
9109 -87 -9910
9110 -233 -9842
9111 -123 -9906
9112 -11 -9898
9113 111 -9994
9114 301 -10366
9115 319 -10158
9116 369 -10302
9117 485 -10134
9118 509 -10098
9119 501 -9854
9120 455 -10042
9121 601 -10298
9122 711 -10406
9123 883 -10306
9124 779 -10058
9125 753 -10102
9126 743 -10046
9127 819 -10010
9128 923 -9890
9129 789 -10026
9130 673 -9814
9131 689 -9906
9132 543 -9862
9133 473 -9966
9134 403 -10054
9135 405 -10042
9136 317 -10002
9137 123 -10006
9138 189 -10006
9139 3 -10170
9140 -23 -10134
9141 -83 -10098
9142 -151 -10202
9143 -43 -10150
9144 -143 -9982
9145 -175 -9914
9146 -113 -9822
9147 -207 -10034
9148 -411 -10178
9149 -23 -10254
9150 -39 -10174
9151 -119 -10006
9152 -245 -10210
9153 -123 -10366
9154 -255 -10038
9155 -245 -10290
9156 173 -10306
9157 49 -10406
9158 65 -10190
9159 95 -10230
9160 221 -9982
9161 211 -10194
9162 285 -10318
9163 311 -10246
9164 161 -10230
9165 271 -9962
9166 181 -10118
9167 161 -10190
9168 255 -10462
9169 133 -10174
9170 131 -10070
9171 125 -9866
9172 63 -9898
9173 31 -9974
9174 135 -10074
9175 35 -10050
9176 -33 -10054
9177 -119 -9990
9178 -449 -10202
9179 -287 -9990
9180 -295 -10034
9181 -321 -10234
9182 -579 -10110
9183 -753 -10178
9184 -639 -10274
9185 -527 -10270
9186 -623 -10198
9187 -409 -10258
9188 -239 -10218
9189 -11 -10234
9190 13 -10270
9191 171 -10314
9192 203 -10262
9193 225 -10394
9194 -23 -10310
9195 105 -10466
9196 61 -10318
9197 307 -10454
9198 347 -10438
9199 395 -10422
9200 531 -10306
9201 367 -10214
9202 373 -10414
9203 153 -10514
9204 73 -10286
9205 65 -10026
9206 259 -10082
9207 243 -10138
9208 245 -10222
9209 73 -9942
9210 209 -10034
9211 279 -10002
9212 381 -10066
9213 373 -10014
9214 433 -10134
9215 505 -9914
9216 429 -9598
9217 457 -9878
9218 435 -10034
9219 471 -9858
9220 453 -10006
9221 513 -10234
9222 581 -10134
9223 691 -10038
9224 555 -10234
9225 551 -10218
9226 361 -10106
9227 497 -10086
9228 643 -10086
9229 521 -10198
9230 579 -10170
9231 495 -10202
9232 437 -10166
9233 357 -10330
9234 269 -10626
9235 381 -10566
9236 241 -10282
9237 219 -10306
9238 97 -10374
9239 -49 -10194
9240 137 -10178
9241 257 -10382
9242 383 -10066
9243 359 -10226
9244 283 -10130
9245 309 -10038
9246 513 -10142
9247 711 -10002
9248 587 -10078
9249 467 -10190
9250 335 -10234
9251 383 -10174
9252 415 -10198
9253 709 -9910
9254 591 -10130
9255 661 -10046
9256 813 -9910
9257 805 -9770
9258 769 -10086
9259 863 -10018
9260 1111 -9934
9261 1205 -10166
9262 1143 -10066
9263 1095 -10214
9264 1065 -10214
9265 1017 -10006
9266 793 -10042
9267 607 -10118
9268 697 -10358
9269 777 -10146
9270 857 -9958
9271 687 -9834
9272 373 -10238
9273 453 -10162
9274 433 -10014
9275 347 -10074
9276 119 -10014
9277 3 -10058
9278 107 -9974
9279 177 -9942
9280 271 -9958
9281 379 -9842
9282 325 -9930
9283 337 -9658
9284 205 -9958
9285 341 -9942
9286 383 -10510
9287 337 -10318
9288 223 -10318
9289 177 -10610
9290 21 -10614
9291 -89 -10794
9292 165 -10302
9293 39 -10382
9294 95 -10246
9295 159 -10514
9296 173 -10570
9297 119 -10446
9298 -13 -10014
9299 -65 -10154
9300 -95 -10378
9301 -213 -10262
9302 -319 -10134
9303 -303 -10010
9304 -189 -10142
9305 -313 -10214
9306 -359 -9962
9307 -379 -10406
9308 -601 -10538
9309 -613 -10406
9310 -547 -10142
9311 -411 -10162
9312 -265 -10122
9313 -113 -10150
9314 -171 -10014
9315 3 -10142
9316 -35 -10350
9317 63 -10178
9318 125 -10098
9319 73 -9938
9320 -71 -9862
9321 -7 -9998
9322 -45 -9906
9323 -103 -10042
9324 69 -10050
9325 113 -9750
9326 221 -9882
9327 273 -9946
9328 157 -10158
9329 335 -10194
9330 321 -10378
9331 223 -10314
9332 235 -10334
9333 127 -10310
9334 13 -10178
9335 -57 -10270
9336 191 -10410
9337 299 -10206
9338 179 -9998
9339 287 -10050
9340 391 -10058
9341 337 -10294
9342 415 -10362
9343 407 -10202
9344 261 -10258
9345 183 -10058
9346 337 -10122
9347 381 -10194
9348 533 -10086
9349 535 -10158
9350 571 -10254
9351 477 -10274
9352 505 -10458
9353 463 -10238
9354 443 -10122
9355 585 -10366
9356 543 -10334
9357 473 -10558
9358 473 -10370
9359 445 -10434
9360 593 -10194
9361 511 -10426
9362 593 -10554
9363 499 -10350
9364 395 -10526
9365 129 -10418
9366 35 -10554
9367 119 -10850
9368 57 -10510
9369 121 -10366
9370 227 -10202
9371 99 -10394
9372 205 -10402
9373 55 -10454
9374 -185 -10282
9375 -273 -10122
9376 -149 -10098
9377 -273 -10174
9378 -273 -10510
9379 -189 -10318
9380 -99 -10274
9381 -157 -10430
9382 -233 -10338
9383 -385 -10182
9384 -175 -9978
9385 -157 -9954
9386 -159 -10230
9387 -221 -10414
9388 -243 -10130
9389 -233 -10114
9390 -281 -10294
9391 -269 -10322
9392 -215 -10098
9393 -255 -9966
9394 -365 -9942
9395 -435 -10066
9396 -331 -10170
9397 -179 -10410
9398 -147 -10638
9399 -247 -10630
9400 -427 -10538
9401 -405 -10314
9402 -607 -9974
9403 -589 -9826
9404 -533 -10062
9405 -629 -9774
9406 -463 -9978
9407 -291 -10106
9408 -431 -10230
9409 -407 -10226
9410 -299 -10478
9411 -379 -10346
9412 -239 -10534
9413 -333 -10270
9414 -349 -10026
9415 -427 -10258
9416 -539 -9986
9417 -543 -9902
9418 -575 -10118
9419 -781 -10462
9420 -799 -10262
9421 -721 -10270
9422 -653 -10178
9423 -703 -10134
9424 -827 -10190
9425 -853 -9982
9426 -761 -10270
9427 -509 -10078
9428 -563 -10366
9429 -651 -10302
9430 -593 -10354
9431 -741 -10742
9432 -847 -10586
9433 -893 -10562
9434 -915 -10362
9435 -937 -10366
9436 -913 -10278
9437 -913 -10146
9438 -709 -10402
9439 -529 -10454
9440 -579 -10374
9441 -737 -10270
9442 -547 -10118
9443 -465 -9810
9444 -511 -9926
9445 -391 -10058
9446 -563 -10050
9447 -553 -10006
9448 -651 -9906
9449 -737 -9902
9450 -633 -9826
9451 -595 -9830
9452 -591 -9958
9453 -427 -9914
9454 -315 -10106
9455 -305 -10070
9456 -155 -10150
9457 -117 -10058
9458 -201 -10114
9459 -375 -10186
9460 -141 -10230
9461 -11 -10374
9462 87 -10666
9463 181 -10282
9464 99 -10330
9465 213 -9974
9466 173 -10190
9467 275 -10082
9468 315 -9878
9469 247 -9742
9470 345 -9906
9471 121 -10026
9472 89 -9938
9473 169 -9662
9474 255 -10002
9475 127 -10242
9476 97 -10194
9477 87 -10122
9478 127 -10106
9479 187 -10254
9480 245 -9990
9481 365 -10122
9482 201 -9990
9483 209 -10050
9484 5 -10338
9485 -79 -10434
9486 -143 -10502
9487 11 -10314
9488 -65 -10066
9489 -99 -10218
9490 -321 -10530
9491 -329 -10426
9492 -351 -10214
9493 -129 -9938
9494 -113 -10078
9495 -349 -10210
9496 -423 -10050
9497 -351 -10270
9498 -469 -10162
9499 -469 -9810
9500 -155 -9950
9501 -277 -10030
9502 -255 -9706
9503 -247 -9754
9504 -369 -9874
9505 -265 -10306
9506 -373 -10258
9507 -283 -10330
9508 -169 -10294
9509 -301 -10214
9510 -261 -10462
9511 -333 -10330
9512 -481 -10306
9513 -641 -10118
9514 -669 -10106
9515 -685 -9750
9516 -513 -9814
9517 -239 -10126
9518 -173 -10246
9519 -203 -10166
9520 -381 -10130
9521 -461 -10434
9522 -519 -10202
9523 -337 -10046
9524 -361 -10278
9525 -381 -10278
9526 -291 -10466
9527 -385 -10430
9528 -487 -10262
9529 -563 -10306
9530 -715 -10446
9531 -577 -10122
9532 -385 -9806
9533 -507 -10114
9534 -355 -10018
9535 -245 -10114
9536 -247 -10130
9537 -291 -10170
9538 -313 -10294
9539 -173 -10450
9540 -135 -10194
9541 -241 -9990
9542 -325 -9918
9543 -263 -9962
9544 -207 -9930
9545 -255 -10046
9546 -271 -9922
9547 -223 -9990
9548 -337 -9966
9549 -595 -10102
9550 -563 -10158
9551 -625 -10146
9552 -641 -10230
9553 -547 -10378
9554 -595 -10490
9555 -465 -10066
9556 -499 -10062
9557 -741 -10026
9558 -697 -9950
9559 -683 -10002
9560 -621 -9902
9561 -509 -9902
9562 -357 -10278
9563 -193 -10042
9564 -269 -10326
9565 -361 -10298
9566 -399 -10282
9567 -461 -10358
9568 -409 -10554
9569 -199 -10190
9570 -69 -10450
9571 -73 -9958
9572 -57 -9858
9573 -61 -10050
9574 -121 -10246
9575 -241 -10314
9576 -111 -10306
9577 -219 -10282
9578 -237 -10234
9579 -259 -10086
9580 -91 -10254
9581 -63 -10414
9582 89 -10434
9583 -111 -10374
9584 -127 -10566
9585 -397 -10314
9586 -395 -10410
9587 -283 -10298
9588 -147 -10182
9589 -287 -10046
9590 -469 -10126
9591 -217 -10194
9592 -217 -9978
9593 -169 -10294
9594 67 -10198
9595 -7 -9938
9596 57 -10074
9597 93 -10346
9598 5 -10442
9599 -125 -10518
9600 -235 -10722
9601 -271 -10502
9602 -237 -10426
9603 -87 -10530
9604 -57 -10518
9605 -127 -10346
9606 -171 -10158
9607 -111 -10098
9608 -241 -10286
9609 -531 -10274
9610 -483 -10310
9611 -607 -10078
9612 -799 -10574
9613 -777 -10566
9614 -787 -10690
9615 -691 -10654
9616 -633 -10714
9617 -643 -10638
9618 -593 -10486
9619 -599 -10406
9620 -563 -10694
9621 -397 -10414
9622 -391 -10374
9623 -483 -10182
9624 -643 -10062
9625 -643 -10210
9626 -681 -10110
9627 -841 -10134
9628 -803 -10022
9629 -1001 -10174
9630 -1073 -10314
9631 -1275 -10198
9632 -1097 -10162
9633 -1063 -10182
9634 -891 -10214
9635 -771 -10094
9636 -891 -9986
9637 -685 -10122
9638 -855 -10178
9639 -863 -10410
9640 -873 -9846
9641 -891 -9934
9642 -835 -9754
9643 -773 -9954
9644 -849 -10102
9645 -1005 -10230
9646 -965 -10166
9647 -763 -10066
9648 -759 -9962
9649 -705 -10058
9650 -539 -10358
9651 -433 -10178
9652 -473 -10294
9653 -521 -9970
9654 -545 -10194
9655 -541 -10162
9656 -635 -10254
9657 -741 -10486
9658 -641 -10042
9659 -457 -9994
9660 -611 -9998
9661 -563 -10130
9662 -449 -10082
9663 -429 -10354
9664 -425 -10158
9665 -413 -10026
9666 -217 -10118
9667 -375 -10298
9668 -147 -10082
9669 29 -10366
9670 19 -10254
9671 131 -10618
9672 345 -10438
9673 325 -10678
9674 275 -10174
9675 461 -10450
9676 571 -10434
9677 509 -10594
9678 393 -10250
9679 351 -10322
9680 337 -10298
9681 475 -10330
9682 479 -10418
9683 655 -10238
9684 771 -10278
9685 639 -10330
9686 599 -10474
9687 441 -10370
9688 315 -10254
9689 275 -9966
9690 5 -9726
9691 103 -9878
9692 -17 -9694
9693 -209 -10110
9694 -177 -10194
9695 -135 -10030
9696 -157 -10074
9697 -113 -10302
9698 -55 -10094
9699 -1 -10202
9700 -367 -10030
9701 -313 -10018
9702 -163 -9830
9703 -171 -10082
9704 -161 -10002
9705 -157 -10194
9706 -151 -10282
9707 -9 -10158
9708 223 -10306
9709 173 -10410
9710 141 -10558
9711 207 -10434
9712 335 -10294
9713 287 -10446
9714 455 -10286
9715 463 -10138
9716 329 -10146
9717 303 -10206
9718 279 -10318
9719 299 -10134
9720 395 -10158
9721 393 -10086
9722 313 -10070
9723 179 -10270
9724 165 -10270
9725 157 -10490
9726 185 -10282
9727 -15 -10386
9728 -149 -10506
9729 -109 -10438
9730 -199 -10370
9731 -243 -10242
9732 -231 -10162
9733 -95 -10206
9734 -71 -10250
9735 -37 -10098
9736 -17 -10034
9737 -33 -9938
9738 13 -9950
9739 -31 -10338
9740 33 -10346
9741 -139 -10706
9742 -187 -10646
9743 -339 -10574
9744 -403 -10606
9745 -445 -10446
9746 -345 -10362
9747 -427 -10114
9748 -357 -10150
9749 -191 -10562
9750 -149 -10718
9751 -109 -10466
9752 -115 -10670
9753 -235 -10638
9754 -159 -10534
9755 -179 -10546
9756 -85 -10274
9757 -117 -10550
9758 -209 -10406
9759 -257 -10274
9760 -297 -10166
9761 -345 -10402
9762 -459 -10346
9763 -569 -10294
9764 -495 -10370
9765 -441 -10166
9766 -313 -10306
9767 -351 -10318
9768 -363 -10350
9769 -453 -10566
9770 -383 -10542
9771 -191 -10526
9772 -435 -10446
9773 -229 -10098
9774 -397 -10194
9775 -325 -10170
9776 -257 -10378
9777 -119 -10114
9778 -361 -10234
9779 -183 -10250
9780 -361 -10154
9781 -483 -10038
9782 -615 -10042
9783 -467 -10254
9784 -523 -10446
9785 -559 -10422
9786 -507 -10286
9787 -451 -10006
9788 -611 -10154
9789 -489 -10182
9790 -493 -10310
9791 -405 -10230
9792 -157 -10114
9793 -133 -10190
9794 -217 -10110
9795 -201 -10114
9796 -273 -10094
9797 -119 -10066
9798 -261 -10074
9799 -273 -10190
9800 -349 -10274
9801 -307 -10242
9802 -281 -10330
9803 -329 -10262
9804 -29 -10122
9805 81 -10366
9806 -55 -10210
9807 -9 -10450
9808 -13 -10350
9809 -49 -10434
9810 -13 -10578
9811 -65 -10478
9812 -29 -10314
9813 7 -10114
9814 277 -9974
9815 375 -9810
9816 481 -9994
9817 561 -10018
9818 605 -9950
9819 683 -10134
9820 783 -10194
9821 991 -10354
9822 1015 -10306
9823 999 -10046
9824 883 -10214
9825 651 -10178
9826 703 -10106
9827 559 -10062
9828 767 -10218
9829 707 -10166
9830 539 -10242
9831 401 -10166
9832 277 -10314
9833 243 -10274
9834 283 -10194
9835 231 -10278
9836 261 -10210
9837 331 -10250
9838 317 -10234
9839 279 -10050
9840 379 -10214
9841 683 -10658
9842 641 -10350
9843 613 -10142
9844 367 -10098
9845 447 -10422
9846 629 -10446
9847 555 -10494
9848 539 -10538
9849 361 -10538
9850 467 -10522
9851 293 -10278
9852 357 -10262
9853 333 -10302
9854 433 -10406
9855 401 -10390
9856 511 -10342
9857 501 -10270
9858 329 -10706
9859 143 -10278
9860 287 -10310
9861 321 -10510
9862 413 -10562
9863 189 -10178
9864 233 -10550
9865 167 -10598
9866 185 -10470
9867 207 -10698
9868 299 -10610
9869 25 -10506
9870 -127 -10558
9871 -207 -10430
9872 -451 -10446
9873 -317 -10314
9874 -307 -10498
9875 -401 -10398
9876 -285 -10382
9877 -229 -10310
9878 -233 -10178
9879 -323 -10450
9880 -449 -10278
9881 -619 -10346
9882 -597 -10222
9883 -543 -10078
9884 -623 -9890
9885 -657 -10226
9886 -437 -9954
9887 -411 -9994
9888 -305 -10378
9889 -209 -10434
9890 -295 -10238
9891 -157 -10282
9892 -203 -10138
9893 -75 -10054
9894 -299 -10138
9895 -125 -10074
9896 -155 -10030
9897 -59 -10334
9898 -165 -10334
9899 -137 -10198
9900 -143 -10374
9901 -161 -10262
9902 -163 -10306
9903 -227 -10362
9904 -277 -9914
9905 -147 -10118
9906 -313 -10150
9907 -351 -9822
9908 -339 -9842
9909 -189 -10050
9910 -31 -10126
9911 -107 -10106
9912 -25 -10226
9913 29 -10202
9914 -25 -10242
9915 215 -9942
9916 191 -9926
9917 121 -9822
9918 161 -9918
9919 -45 -10058
9920 -147 -10178
9921 -131 -10230
9922 -145 -9994
9923 67 -10250
9924 309 -10274
9925 371 -10126
9926 335 -10090
9927 209 -10078
9928 293 -9994
9929 47 -10402
9930 -109 -10522
9931 -113 -10418
9932 -159 -10278
9933 -125 -10534
9934 -139 -10470
9935 -127 -10386
9936 -137 -10234
9937 -173 -10466
9938 -127 -10138
9939 -135 -10090
9940 -231 -10238
9941 -103 -10278
9942 -15 -10230
9943 -45 -9838
9944 -131 -10178
9945 -251 -10210
9946 -295 -9978
9947 -453 -9998
9948 -463 -10414
9949 -451 -10154
9950 -421 -10330
9951 -539 -10398
9952 -573 -10426
9953 -463 -10254
9954 -615 -10206
9955 -613 -10210
9956 -827 -10282
9957 -591 -10078
9958 -743 -10402
9959 -917 -10074
9960 -991 -10350
9961 -1011 -10050
9962 -1039 -10486
9963 -1113 -10674
9964 -1053 -10534
9965 -1011 -10290
9966 -1131 -10366
9967 -1071 -10514
9968 -967 -10638
9969 -1013 -10630
9970 -1097 -10826
9971 -1047 -10598
9972 -1153 -10446
9973 -1121 -10310
9974 -835 -10414
9975 -829 -10598
9976 -627 -10426
9977 -661 -10546
9978 -579 -10606
9979 -565 -10354
9980 -371 -10242
9981 -441 -10154
9982 -493 -10274
9983 -407 -10494
9984 -229 -10282
9985 -165 -10454
9986 -289 -10382
9987 -321 -10622
9988 -303 -10066
9989 -405 -10218
9990 -369 -10278
9991 -315 -10254
9992 -255 -10438
9993 -201 -10186
9994 -269 -10238
9995 -221 -10050
9996 -177 -9930
9997 -407 -10322
9998 -459 -10378
9999 -347 -10346
