0 183 -5886
1 243 -7294
2 207 -7862
3 169 -8402
4 -135 -8786
5 141 -8762
6 259 -8618
7 305 -8734
8 325 -8894
9 323 -9102
10 455 -9074
11 319 -9186
12 295 -9242
13 437 -8950
14 475 -8926
15 603 -9078
16 633 -9274
17 567 -9154
18 513 -9306
19 523 -9274
20 425 -9026
21 537 -9042
22 419 -9182
23 335 -9146
24 285 -9074
25 187 -9330
26 241 -9538
27 427 -9470
28 353 -9030
29 461 -9238
30 383 -9090
31 477 -8994
32 525 -9070
33 489 -9150
34 527 -8970
35 719 -9202
36 577 -9414
37 387 -9222
38 591 -9126
39 771 -9134
40 889 -9214
41 887 -9214
42 795 -9114
43 747 -9366
44 861 -9322
45 717 -9426
46 565 -9330
47 481 -9270
48 449 -9110
49 469 -9378
50 459 -9118
51 371 -9234
52 387 -9194
53 401 -9102
54 513 -9194
55 411 -9198
56 439 -9194
57 495 -9030
58 455 -8822
59 315 -8870
60 405 -9170
61 321 -9090
62 355 -8934
63 235 -8922
64 399 -8874
65 601 -9014
66 761 -8966
67 585 -8942
68 447 -8990
69 675 -8994
70 755 -8922
71 831 -9226
72 665 -9210
73 839 -9030
74 887 -9102
75 923 -9238
76 769 -9418
77 793 -9234
78 801 -9326
79 919 -9174
80 1065 -8862
81 1125 -8882
82 985 -9166
83 1163 -9362
84 1065 -9638
85 1041 -9402
86 1035 -9270
87 1095 -9598
88 1127 -9378
89 1107 -9066
90 1183 -9526
91 1293 -9226
92 1299 -9394
93 1211 -9202
94 1095 -9186
95 1081 -9258
96 1001 -9278
97 1055 -9078
98 953 -8898
99 747 -9102
100 733 -9222
101 837 -8658
102 713 -8902
103 719 -8810
104 665 -8978
105 559 -9158
106 643 -9362
107 429 -9346
108 469 -9326
109 403 -8906
110 369 -9194
111 329 -9054
112 391 -9278
113 215 -9110
114 361 -8650
115 225 -8894
116 285 -8838
117 293 -8994
118 335 -9034
119 273 -8842
120 139 -9130
121 23 -9158
122 -65 -9110
123 -183 -9090
124 -151 -9650
125 -33 -9290
126 167 -9510
127 395 -9358
128 85 -9274
129 49 -9266
130 -69 -9194
131 -285 -9258
132 -291 -9406
133 -345 -9294
134 -279 -9162
135 -145 -9422
136 -5 -9202
137 75 -9150
138 63 -9230
139 -53 -9066
140 -3 -8990
141 -55 -8886
142 35 -9126
143 59 -8998
144 7 -9026
145 125 -9030
146 51 -9070
147 -23 -9282
148 83 -9502
149 79 -9434
150 -107 -9374
151 21 -9238
152 95 -9238
153 -21 -9114
154 -93 -9130
155 -189 -9218
156 -71 -8938
157 -131 -9126
158 -127 -9154
159 -35 -8998
160 -213 -9122
161 -229 -9314
162 -291 -9386
163 -151 -9270
164 -27 -9434
165 171 -9286
166 21 -9302
167 175 -9202
168 85 -9374
169 -53 -9602
170 -91 -9478
171 -45 -9238
172 201 -9026
173 465 -9010
174 539 -9046
175 257 -9118
176 131 -9134
177 205 -9170
178 121 -9134
179 239 -9226
180 155 -9370
181 177 -9294
182 217 -9102
183 91 -9026
184 -25 -9142
185 225 -9294
186 281 -9114
187 257 -9370
188 329 -9466
189 397 -9450
190 357 -9362
191 193 -9414
192 211 -9522
193 301 -9518
194 133 -9278
195 53 -9334
196 -15 -9238
197 241 -9122
198 41 -9026
199 -95 -8954
200 239 -8806
201 275 -9198
202 193 -9314
203 451 -9446
204 543 -9562
205 409 -9494
206 405 -9198
207 407 -9222
208 323 -9058
209 279 -9230
210 101 -9170
211 -121 -9102
212 -299 -9170
213 -305 -9146
214 -193 -8998
215 -365 -9030
216 -311 -9002
217 -223 -9174
218 -173 -9162
219 -115 -9114
220 -95 -9046
221 -25 -9122
222 -129 -8886
223 -97 -8954
224 -41 -9214
225 -47 -9214
226 101 -9422
227 89 -9286
228 -55 -8918
229 -109 -9194
230 -151 -9354
231 -149 -9314
232 -119 -9210
233 -283 -9258
234 -321 -9302
235 -555 -9430
236 -431 -9530
237 -445 -9586
238 -405 -9470
239 -491 -9438
240 -451 -9582
241 -237 -9122
242 -317 -9294
243 -565 -9510
244 -681 -9454
245 -725 -9382
246 -407 -9334
247 -423 -9102
248 -305 -9134
249 -259 -9170
250 -403 -9102
251 -213 -9318
252 -237 -9054
253 -217 -8862
254 -149 -9150
255 53 -9246
256 -69 -9462
257 -271 -9406
258 -401 -9278
259 -261 -9414
260 -205 -9426
261 -145 -9322
262 -245 -9374
263 -75 -9286
264 -297 -9110
265 -359 -9354
266 -453 -9346
267 -391 -9254
268 -655 -9522
269 -585 -9498
270 -537 -9406
271 -271 -9450
272 -215 -9266
273 -77 -9246
274 -177 -9290
275 7 -9354
276 23 -9570
277 -139 -9178
278 -233 -9398
279 -239 -9478
280 -245 -9574
281 -425 -9386
282 -301 -9326
283 -69 -9394
284 121 -9178
285 171 -9346
286 145 -9426
287 253 -9294
288 391 -9278
289 381 -9170
290 473 -9466
291 453 -9374
292 379 -9470
293 655 -9502
294 403 -9282
295 433 -9426
296 313 -9486
297 321 -9286
298 333 -9186
299 49 -9094
300 191 -9198
301 -179 -9422
302 -17 -9162
303 43 -9254
304 209 -9174
305 97 -9162
306 153 -9230
307 -49 -9170
308 -181 -9214
309 7 -9358
310 -25 -9246
311 -113 -9226
312 -1 -9334
313 37 -9358
314 -165 -9534
315 -215 -9362
316 23 -9234
317 -41 -9082
318 133 -9210
319 -3 -8894
320 -53 -9378
321 -73 -9294
322 29 -9122
323 35 -8926
324 207 -9138
325 129 -9306
326 227 -9266
327 245 -9526
328 91 -9166
329 -119 -9114
330 -155 -9226
331 -3 -8978
332 199 -9074
333 173 -9174
334 363 -9330
335 327 -9318
336 329 -9322
337 367 -8642
338 141 -9238
339 315 -8974
340 467 -9242
341 591 -9270
342 443 -9014
343 377 -9202
344 343 -8990
345 323 -9142
346 369 -9310
347 327 -9106
348 381 -9170
349 377 -9322
350 257 -9310
351 339 -9170
352 107 -9382
353 -43 -9166
354 -15 -9194
355 -225 -9026
356 -203 -9058
357 37 -8822
358 209 -9014
359 175 -8982
360 -71 -9114
361 -95 -9098
362 -27 -9226
363 -91 -9174
364 -115 -9206
365 -83 -9310
366 -129 -9130
367 -253 -9150
368 -79 -9186
369 -147 -9446
370 7 -9186
371 163 -9438
372 255 -9410
373 347 -9158
374 247 -9266
375 195 -9014
376 83 -9294
377 -17 -9338
378 -103 -9262
379 -341 -9194
380 -345 -9242
381 -89 -9422
382 -243 -9114
383 -421 -9110
384 -481 -9126
385 -403 -9270
386 -681 -9390
387 -783 -9434
388 -729 -9270
389 -677 -9286
390 -457 -9098
391 -277 -9082
392 -227 -8958
393 -319 -9098
394 -195 -9078
395 -371 -9274
396 -325 -8826
397 -301 -9086
398 -245 -9154
399 -51 -9338
400 275 -9010
401 455 -9102
402 507 -9262
403 621 -9410
404 559 -9202
405 435 -9090
406 381 -9190
407 447 -9322
408 361 -9274
409 79 -9338
410 179 -9378
411 -31 -9254
412 99 -9402
413 81 -9390
414 391 -9238
415 419 -9182
416 317 -9330
417 407 -9230
418 301 -9046
419 113 -8966
420 349 -9086
421 491 -9274
422 449 -8862
423 477 -8978
424 425 -8958
425 147 -9274
426 -19 -9174
427 21 -9322
428 243 -9282
429 249 -9438
430 173 -9794
431 251 -9322
432 337 -9214
433 33 -9338
434 -129 -9474
435 -241 -9246
436 -177 -9490
437 -51 -9366
438 -89 -9314
439 -311 -9234
440 -303 -9458
441 -271 -9562
442 -165 -9490
443 -131 -9386
444 -235 -9458
445 -323 -9446
446 -123 -9410
447 -113 -8986
448 61 -9102
449 143 -8870
450 251 -9210
451 121 -8774
452 -11 -9242
453 151 -9062
454 -99 -9422
455 75 -9482
456 215 -9398
457 345 -9354
458 13 -9250
459 -59 -9254
460 -139 -9158
461 -231 -9362
462 -237 -9190
463 31 -9138
464 29 -9238
465 -49 -9278
466 -87 -9258
467 -11 -9354
468 -205 -9134
469 -59 -9170
470 -59 -9158
471 -21 -9102
472 -99 -9462
473 -195 -9602
474 -355 -9242
475 -319 -9554
476 -527 -9322
477 -485 -9346
478 -355 -9310
479 -337 -9234
480 -405 -9102
481 -301 -9442
482 -211 -9534
483 -351 -9422
484 -171 -9458
485 -105 -9270
486 -103 -9434
487 -103 -9286
488 -235 -9342
489 -271 -9358
490 -311 -9478
491 -289 -9686
492 -101 -9538
493 -101 -9590
494 -117 -9318
495 -245 -9386
496 -279 -9282
497 -375 -9170
498 -467 -9206
499 -323 -9170
500 -479 -9190
501 -631 -9442
502 -513 -9330
503 -353 -9050
504 -435 -9478
505 -491 -9242
506 -505 -9242
507 -537 -8902
508 -435 -9006
509 -509 -9210
510 -515 -9314
511 -717 -9314
512 -759 -9454
513 -601 -9234
514 -657 -9354
515 -617 -9426
516 -629 -9322
517 -595 -9442
518 -537 -9758
519 -709 -9438
520 -593 -9258
521 -593 -9062
522 -615 -9302
523 -587 -9346
524 -373 -9154
525 -529 -9242
526 -409 -9258
527 -481 -9378
528 -643 -9486
529 -617 -9246
530 -723 -9342
531 -869 -9398
532 -889 -9250
533 -747 -9390
534 -663 -9434
535 -639 -9350
536 -645 -9490
537 -689 -9570
538 -539 -9274
539 -453 -9214
540 -421 -9122
541 -343 -9302
542 -337 -9310
543 -343 -9062
544 -457 -9430
545 -223 -9330
546 -339 -9346
547 -73 -9614
548 -111 -9762
549 113 -9590
550 -83 -9426
551 -127 -9546
552 -157 -9338
553 43 -9466
554 123 -9294
555 333 -9250
556 463 -9286
557 341 -9482
558 385 -9442
559 587 -9270
560 449 -9626
561 393 -9418
562 459 -9562
563 643 -9382
564 631 -9170
565 637 -9310
566 507 -9450
567 577 -9206
568 449 -9322
569 357 -9238
570 245 -9422
571 221 -9462
572 327 -9506
573 267 -9302
574 233 -9262
575 363 -9494
576 9 -9470
577 -65 -9622
578 45 -9502
579 13 -9246
580 -133 -9390
581 -121 -9134
582 -97 -8946
583 163 -9058
584 235 -9162
585 41 -9362
586 227 -9422
587 473 -9526
588 239 -9262
589 149 -9450
590 53 -9578
591 33 -9530
592 97 -9506
593 -99 -9270
594 -49 -9170
595 73 -9158
596 -79 -9206
597 -115 -9234
598 243 -9414
599 -35 -9018
600 -83 -9086
601 -45 -9122
602 7 -9154
603 67 -9074
604 137 -9322
605 307 -9114
606 213 -9154
607 151 -9030
608 -55 -9106
609 -187 -9170
610 -89 -9526
611 1 -9422
612 97 -9106
613 215 -9430
614 317 -9430
615 167 -9462
616 159 -9282
617 93 -9194
618 159 -9150
619 175 -9254
620 83 -9338
621 41 -9554
622 -175 -9162
623 -217 -9430
624 -269 -9314
625 -301 -9258
626 -367 -9306
627 -275 -8998
628 -213 -9162
629 53 -9170
630 -33 -9142
631 135 -8866
632 113 -8878
633 385 -8814
634 249 -8990
635 313 -8938
636 365 -9038
637 419 -9150
638 293 -8938
639 515 -8886
640 307 -9074
641 251 -9042
642 85 -9274
643 17 -9478
644 129 -9578
645 237 -9482
646 333 -9582
647 263 -9538
648 333 -9410
649 441 -9286
650 561 -9114
651 493 -9046
652 377 -8978
653 681 -9234
654 633 -9218
655 637 -9038
656 511 -9134
657 389 -9190
658 473 -9090
659 531 -9194
660 491 -9030
661 561 -9246
662 641 -9546
663 649 -9586
664 803 -9434
665 765 -9322
666 601 -9446
667 573 -9550
668 521 -9326
669 443 -9530
670 369 -9346
671 269 -9458
672 393 -9198
673 287 -9694
674 191 -9394
675 -175 -9606
676 -23 -9382
677 223 -9582
678 175 -9374
679 145 -9322
680 111 -9182
681 49 -8942
682 59 -9186
683 259 -9174
684 191 -9066
685 211 -9086
686 53 -9150
687 137 -9362
688 -19 -9226
689 -51 -9314
690 -67 -9414
691 -141 -9470
692 -29 -9606
693 -99 -9354
694 -241 -9214
695 -387 -9418
696 -301 -9430
697 -361 -9374
698 -381 -9098
699 -375 -9062
700 -443 -9166
701 -461 -9194
702 -395 -9382
703 -393 -9382
704 -221 -9410
705 -273 -9310
706 -261 -9262
707 -161 -9090
708 -205 -9342
709 -253 -9238
710 3 -9046
711 13 -9038
712 243 -9154
713 -1 -9102
714 35 -9350
715 -149 -9450
716 3 -9446
717 -95 -9454
718 -3 -9370
719 -19 -9142
720 -15 -9086
721 -173 -9158
722 -145 -9102
723 -183 -9074
724 -137 -9354
725 -157 -9494
726 -245 -9526
727 -465 -9358
728 -503 -9322
729 -651 -9534
730 -743 -9402
731 -473 -9530
732 -439 -9414
733 -441 -9354
734 -555 -9362
735 -411 -9170
736 -481 -9010
737 -409 -8998
738 -477 -9062
739 -537 -9222
740 -527 -9458
741 -657 -9198
742 -597 -9050
743 -579 -9174
744 -845 -9414
745 -777 -9334
746 -623 -9006
747 -335 -9074
748 -727 -8866
749 -527 -9202
750 -265 -9318
751 -229 -9222
752 -121 -9102
753 -181 -9190
754 -251 -9326
755 -147 -9118
756 -71 -9038
757 -59 -8890
758 -209 -9378
759 -153 -8962
760 -201 -9070
761 161 -9026
762 469 -9030
763 295 -9178
764 183 -9126
765 153 -9226
766 1 -9142
767 225 -9370
768 121 -8942
769 253 -9066
770 325 -9250
771 343 -9270
772 513 -9234
773 457 -9126
774 375 -9302
775 339 -9434
776 325 -9522
777 141 -9330
778 51 -9398
779 225 -9314
780 301 -9158
781 249 -9046
782 37 -9230
783 -39 -9074
784 -267 -9182
785 -71 -9194
786 -339 -9358
787 -351 -9294
788 -439 -9318
789 -419 -9370
790 -369 -9730
791 -299 -9642
792 -301 -9398
793 -217 -9258
794 -47 -9338
795 -51 -9594
796 -53 -9250
797 59 -9294
798 31 -9534
799 65 -9542
800 -21 -9170
801 -79 -9370
802 -45 -9346
803 -235 -8918
804 -27 -8802
805 -145 -9334
806 39 -9170
807 41 -9106
808 -109 -8938
809 -303 -9254
810 -381 -9350
811 -477 -9550
812 -539 -9826
813 -457 -9310
814 -709 -9150
815 -565 -9014
816 -655 -9270
817 -589 -9174
818 -357 -9078
819 -121 -9142
820 -291 -8886
821 -209 -9050
822 -245 -9122
823 -253 -9246
824 -61 -9186
825 21 -9246
826 -197 -9326
827 -93 -9486
828 -143 -9522
829 -131 -9434
830 -37 -9382
831 67 -9206
832 295 -9422
833 323 -9266
834 413 -8974
835 751 -8758
836 573 -8878
837 773 -9158
838 681 -9138
839 697 -9154
840 635 -9098
841 751 -9194
842 695 -9494
843 661 -9166
844 489 -9126
845 641 -9254
846 633 -9130
847 681 -9162
848 559 -9134
849 623 -9482
850 523 -9350
851 577 -9394
852 723 -9550
853 999 -9658
854 893 -9690
855 863 -9434
856 951 -9558
857 935 -9434
858 987 -9382
859 945 -9354
860 983 -9386
861 923 -9410
862 1041 -9366
863 1067 -9126
864 841 -8934
865 915 -9106
866 903 -9226
867 905 -8974
868 1039 -9190
869 1083 -9266
870 1117 -9242
871 1227 -9230
872 1043 -9158
873 1001 -9190
874 855 -9182
875 773 -9270
876 791 -9022
877 793 -9322
878 795 -9458
879 745 -9230
880 605 -9334
881 549 -9494
882 463 -9306
883 265 -9130
884 437 -9110
885 321 -9190
886 307 -9398
887 289 -9134
888 347 -9222
889 173 -9170
890 261 -9130
891 195 -8982
892 297 -9362
893 421 -9570
894 491 -9494
895 565 -9550
896 415 -9430
897 471 -9630
898 355 -9554
899 309 -9390
900 327 -9454
901 281 -9478
902 233 -9234
903 163 -9062
904 415 -9282
905 321 -9442
906 289 -9178
907 325 -9194
908 607 -9058
909 797 -9258
910 681 -9046
911 841 -9202
912 601 -9270
913 553 -9322
914 377 -9238
915 443 -9142
916 503 -9558
917 381 -9298
918 353 -9294
919 385 -9362
920 179 -9170
921 -9 -9302
922 57 -9170
923 145 -9282
924 139 -9102
925 69 -9050
926 143 -9366
927 285 -9246
928 363 -8794
929 345 -8762
930 307 -8922
931 331 -8886
932 505 -9114
933 507 -9078
934 461 -8942
935 783 -9258
936 831 -8810
937 909 -8922
938 1029 -9022
939 907 -9242
940 753 -9310
941 809 -9498
942 647 -9430
943 761 -9358
944 831 -9586
945 757 -9462
946 793 -9426
947 667 -9318
948 641 -9326
949 847 -9226
950 727 -9274
951 795 -9378
952 829 -9270
953 849 -9270
954 763 -9046
955 651 -8914
956 729 -8986
957 487 -8966
958 461 -9102
959 489 -9298
960 669 -9530
961 449 -9518
962 399 -9694
963 257 -9346
964 281 -9310
965 475 -9458
966 255 -9218
967 337 -9474
968 99 -9350
969 31 -9098
970 117 -9210
971 225 -9338
972 511 -9290
973 315 -9298
974 363 -9010
975 195 -8990
976 335 -9046
977 439 -9154
978 337 -9266
979 317 -9282
980 407 -9022
981 411 -8874
982 373 -9282
983 225 -9194
984 87 -9230
985 49 -9050
986 49 -9326
987 -133 -9062
988 -167 -9334
989 113 -9666
990 209 -9370
991 163 -9210
992 25 -9146
993 95 -9142
994 35 -9366
995 69 -9482
996 137 -9298
997 223 -9302
998 173 -9266
999 373 -9166
1000 325 -9318
1001 379 -9226
1002 299 -9202
1003 333 -9458
1004 251 -9194
1005 337 -9374
1006 409 -9314
1007 475 -9226
1008 357 -9110
1009 451 -9342
1010 269 -9186
1011 299 -9150
1012 157 -9238
1013 41 -9226
1014 225 -9274
1015 403 -9354
1016 535 -9202
1017 635 -9282
1018 617 -9366
1019 563 -9254
1020 497 -9094
1021 691 -9370
1022 645 -9370
1023 541 -9438
1024 659 -9190
1025 761 -9042
1026 709 -9018
1027 703 -8938
1028 809 -8922
1029 845 -8990
1030 707 -8766
1031 667 -8974
1032 701 -9194
1033 619 -9010
1034 581 -8838
1035 595 -9290
1036 537 -9438
1037 665 -9182
1038 715 -9306
1039 405 -9294
1040 361 -9386
1041 215 -9138
1042 177 -9158
1043 181 -9350
1044 141 -9350
1045 45 -9118
1046 65 -9306
1047 -73 -9218
1048 -339 -9126
1049 -461 -8946
1050 -569 -9210
1051 -537 -9158
1052 -781 -9210
1053 -687 -9446
1054 -599 -9154
1055 -701 -9254
1056 -651 -9298
1057 -583 -8870
1058 -751 -9230
1059 -471 -9290
1060 -503 -9142
1061 -519 -9306
1062 -489 -9238
1063 -521 -9162
1064 -621 -9390
1065 -523 -9322
1066 -315 -9150
1067 -121 -8958
1068 45 -9322
1069 101 -9266
1070 157 -8962
1071 83 -9302
1072 -155 -8906
1073 -169 -9110
1074 -117 -9334
1075 39 -9566
1076 -171 -9282
1077 -243 -9390
1078 -267 -9334
1079 -297 -9422
1080 -287 -9514
1081 -123 -9370
1082 -241 -9358
1083 59 -9450
1084 95 -9054
1085 -11 -9390
1086 -217 -9730
1087 -293 -9330
1088 -157 -9334
1089 -269 -9502
1090 -401 -9502
1091 -179 -9302
1092 -259 -9258
1093 -161 -9242
1094 -283 -9538
1095 -191 -9398
1096 -67 -9378
1097 71 -9494
1098 55 -9398
1099 131 -9258
1100 47 -9310
1101 135 -9266
1102 11 -9314
1103 -139 -9242
1104 -139 -9234
1105 5 -9014
1106 -213 -9126
1107 -231 -9078
1108 -247 -9242
1109 -155 -9118
1110 -229 -9190
1111 -203 -8942
1112 -75 -8926
1113 -193 -9150
1114 41 -9078
1115 215 -9258
1116 293 -9234
1117 337 -8942
1118 399 -8926
1119 307 -9266
1120 219 -9422
1121 -27 -9498
1122 -169 -9442
1123 -251 -9658
1124 -239 -9542
1125 -105 -9350
1126 -127 -9450
1127 -121 -9658
1128 -229 -9466
1129 -227 -9430
1130 -155 -9334
1131 -159 -9658
1132 21 -9326
1133 -93 -9186
1134 -257 -9406
1135 -77 -9658
1136 -189 -9410
1137 -39 -9318
1138 51 -9522
1139 103 -9198
1140 -61 -9410
1141 -157 -9474
1142 -155 -9030
1143 -125 -9290
1144 -73 -8970
1145 -35 -9002
1146 -109 -9118
1147 -131 -9158
1148 143 -9186
1149 11 -9238
1150 -107 -9202
1151 -187 -9282
1152 -141 -9478
1153 -159 -9106
1154 -291 -8970
1155 -201 -9046
1156 -259 -9114
1157 -215 -9178
1158 -191 -9490
1159 -129 -9138
1160 -71 -9102
1161 -5 -9050
1162 71 -9238
1163 129 -9230
1164 -59 -9366
1165 -53 -9442
1166 13 -9234
1167 -95 -9190
1168 -61 -9126
1169 -103 -9022
1170 -329 -9182
1171 -277 -9334
1172 -395 -9458
1173 -485 -9542
1174 -621 -9350
1175 -653 -9378
1176 -577 -9354
1177 -359 -9318
1178 -207 -9278
1179 -113 -9438
1180 29 -9262
1181 103 -9374
1182 47 -9242
1183 7 -9138
1184 71 -9258
1185 67 -9242
1186 -1 -9166
1187 -213 -8942
1188 -245 -9086
1189 -273 -9370
1190 -301 -9434
1191 -429 -9134
1192 -439 -9294
1193 -481 -9074
1194 -537 -9226
1195 -491 -9306
1196 -517 -9250
1197 -431 -9282
1198 -473 -9342
1199 -583 -9158
1200 -665 -9374
1201 -879 -9302
1202 -729 -9354
1203 -659 -9478
1204 -619 -9486
1205 -547 -9374
1206 -635 -9158
1207 -641 -9394
1208 -671 -9454
1209 -575 -9330
1210 -567 -9570
1211 -401 -9478
1212 -499 -9562
1213 -409 -9302
1214 -581 -9642
1215 -435 -9342
1216 -473 -9570
1217 -545 -9286
1218 -323 -9366
1219 -331 -9298
1220 -355 -9302
1221 -363 -8994
1222 -507 -8906
1223 -273 -9118
1224 -51 -9106
1225 -135 -9082
1226 -127 -9058
1227 99 -9082
1228 151 -9126
1229 277 -9022
1230 189 -9018
1231 213 -9178
1232 203 -9142
1233 221 -9138
1234 181 -9238
1235 83 -9158
1236 119 -9198
1237 59 -9434
1238 171 -9270
1239 145 -9030
1240 -23 -9102
1241 29 -9022
1242 19 -9238
1243 155 -8946
1244 429 -8962
1245 381 -9010
1246 439 -8910
1247 293 -8850
1248 347 -8994
1249 541 -9010
1250 807 -8842
1251 453 -8658
1252 437 -8706
1253 297 -8622
1254 473 -8658
1255 343 -8866
1256 319 -9022
1257 121 -9002
1258 -93 -9086
1259 -55 -8802
1260 -107 -8830
1261 7 -9242
1262 147 -9322
1263 183 -9206
1264 171 -9058
1265 225 -9294
1266 279 -9450
1267 329 -9342
1268 237 -9330
1269 77 -9202
1270 95 -9098
1271 -23 -9254
1272 165 -9118
1273 177 -9374
1274 93 -9258
1275 -75 -9006
1276 151 -9250
1277 5 -9430
1278 301 -9406
1279 497 -9430
1280 421 -9262
1281 589 -9286
1282 641 -9258
1283 453 -9126
1284 347 -9174
1285 257 -8990
1286 259 -9174
1287 343 -9182
1288 207 -9198
1289 133 -9150
1290 401 -9094
1291 359 -9266
1292 369 -9478
1293 181 -9338
1294 447 -9478
1295 617 -9270
1296 477 -9406
1297 285 -9278
1298 263 -9370
1299 569 -9198
1300 675 -9494
1301 415 -9218
1302 459 -9634
1303 459 -9570
1304 425 -9470
1305 359 -9486
1306 329 -9506
1307 301 -9502
1308 297 -9794
1309 257 -9938
1310 419 -9454
1311 345 -9586
1312 333 -9458
1313 473 -9538
1314 535 -9562
1315 491 -9414
1316 415 -9202
1317 267 -9058
1318 79 -9282
1319 205 -9238
1320 355 -9066
1321 333 -9102
1322 249 -8926
1323 141 -9050
1324 129 -8970
1325 87 -8962
1326 19 -9118
1327 -135 -9202
1328 -227 -9166
1329 -257 -9050
1330 -229 -9194
1331 -169 -9102
1332 -283 -8998
1333 -271 -9194
1334 -237 -9026
1335 -221 -9078
1336 -355 -9394
1337 -305 -9506
1338 -301 -9534
1339 -165 -9254
1340 -11 -9306
1341 -195 -9282
1342 -265 -9130
1343 -319 -9422
1344 -401 -8946
1345 -323 -8950
1346 -341 -9130
1347 -397 -9398
1348 -585 -9274
1349 -463 -9206
1350 -453 -8998
1351 -387 -9358
1352 -293 -9254
1353 -205 -9478
1354 -93 -9522
1355 -165 -9586
1356 -197 -9478
1357 -409 -9450
1358 -299 -9262
1359 -331 -9330
1360 -289 -9482
1361 -301 -9350
1362 -319 -9438
1363 -565 -8954
1364 -369 -9158
1365 -237 -8866
1366 -555 -8846
1367 -489 -9090
1368 -775 -9146
1369 -671 -9138
1370 -963 -9126
1371 -1067 -9146
1372 -1035 -9298
1373 -1197 -9658
1374 -1143 -9322
1375 -1029 -9178
1376 -859 -9158
1377 -733 -8966
1378 -811 -9018
1379 -847 -9290
1380 -689 -9238
1381 -643 -9122
1382 -491 -9106
1383 -531 -9334
1384 -595 -9158
1385 -469 -9338
1386 -443 -8990
1387 -267 -9194
1388 -373 -9394
1389 -283 -9510
1390 -189 -9254
1391 -183 -9278
1392 -231 -9262
1393 -349 -9130
1394 -383 -9298
1395 -627 -9050
1396 -487 -9166
1397 -265 -9370
1398 -493 -9234
1399 -251 -9074
1400 -347 -9394
1401 -169 -9146
1402 -137 -9246
1403 -137 -9238
1404 -155 -9338
1405 -149 -9342
1406 -207 -9126
1407 -169 -9114
1408 -283 -9190
1409 -293 -9430
1410 -439 -9070
1411 -375 -9218
1412 -609 -9098
1413 -395 -9042
1414 -759 -8998
1415 -541 -9130
1416 -563 -9406
1417 -595 -9322
1418 -757 -8930
1419 -893 -9338
1420 -667 -9054
1421 -727 -8998
1422 -811 -8990
1423 -877 -9066
1424 -673 -9050
1425 -499 -9234
1426 -565 -9442
1427 -559 -9238
1428 -517 -9502
1429 -647 -9294
1430 -703 -9510
1431 -513 -9174
1432 -327 -9574
1433 -147 -9354
1434 -57 -9434
1435 -107 -9418
1436 119 -9618
1437 241 -9414
1438 259 -9574
1439 307 -9458
1440 201 -9346
1441 97 -9290
1442 173 -9446
1443 279 -9646
1444 109 -9554
1445 397 -9618
1446 361 -9634
1447 399 -9618
1448 485 -9446
1449 407 -9310
1450 193 -9074
1451 11 -9274
1452 -11 -9254
1453 59 -9270
1454 145 -9402
1455 379 -9686
1456 419 -9606
1457 419 -9786
1458 481 -9794
1459 523 -9630
1460 623 -9618
1461 555 -9766
1462 713 -9346
1463 689 -9374
1464 615 -9194
1465 617 -9362
1466 645 -9294
1467 577 -9182
1468 365 -9282
1469 235 -9374
1470 79 -9262
1471 -97 -9262
1472 -75 -9250
1473 15 -9286
1474 31 -9558
1475 229 -9514
1476 265 -9518
1477 195 -9370
1478 -23 -9398
1479 -83 -9374
1480 17 -9366
1481 -109 -9430
1482 67 -9518
1483 -35 -9562
1484 -13 -9522
1485 -25 -9542
1486 -149 -9466
1487 37 -9414
1488 445 -9194
1489 217 -9074
1490 -29 -8826
1491 -91 -8962
1492 -11 -8914
1493 311 -8998
1494 479 -8978
1495 503 -9158
1496 487 -9478
1497 459 -9230
1498 135 -8998
1499 -23 -9210
1500 -51 -9222
1501 -59 -9170
1502 -43 -9146
1503 31 -9266
1504 85 -8950
1505 325 -9134
1506 177 -9226
1507 251 -9330
1508 -87 -9390
1509 -7 -9566
1510 -111 -9550
1511 -199 -9586
1512 23 -9406
1513 41 -9374
1514 -87 -9386
1515 -119 -9246
1516 -85 -9294
1517 47 -9230
1518 285 -9242
1519 185 -9182
1520 213 -9114
1521 339 -9050
1522 267 -9010
1523 253 -9098
1524 289 -9186
1525 353 -9302
1526 219 -9270
1527 -75 -9378
1528 -71 -9102
1529 85 -9306
1530 -35 -9190
1531 -171 -9246
1532 -191 -9130
1533 -61 -8986
1534 -51 -9118
1535 -177 -9094
1536 -209 -9126
1537 -229 -9370
1538 -365 -9210
1539 -391 -9162
1540 -463 -9250
1541 -213 -9454
1542 -367 -9130
1543 -307 -9170
1544 -477 -9046
1545 -413 -9010
1546 -503 -9242
1547 -597 -9442
1548 -549 -9598
1549 -555 -9642
1550 -565 -9254
1551 -505 -9398
1552 -605 -9334
1553 -533 -9234
1554 -729 -9170
1555 -637 -9270
1556 -487 -9318
1557 -443 -9286
1558 -499 -9574
1559 -425 -9658
1560 -315 -9710
1561 -11 -9530
1562 -79 -9222
1563 -225 -9278
1564 33 -9486
1565 243 -9414
1566 363 -9422
1567 27 -9398
1568 -73 -9186
1569 -205 -9306
1570 -255 -9410
1571 -197 -9042
1572 -53 -9302
1573 35 -9250
1574 105 -9078
1575 -43 -9198
1576 3 -9054
1577 15 -9150
1578 163 -9218
1579 153 -9118
1580 -23 -9358
1581 97 -9406
1582 -1 -9466
1583 109 -9174
1584 229 -8818
1585 321 -9038
1586 365 -9138
1587 461 -8938
1588 273 -8998
1589 93 -9094
1590 57 -9062
1591 -81 -9130
1592 -81 -9270
1593 77 -8950
1594 75 -8970
1595 261 -8930
1596 253 -8918
1597 219 -9114
1598 157 -9110
1599 135 -9774
1600 129 -9482
1601 195 -9194
1602 259 -9358
1603 283 -9314
1604 207 -9106
1605 415 -9074
1606 457 -9222
1607 487 -9346
1608 509 -9090
1609 601 -9190
1610 525 -8926
1611 489 -9042
1612 451 -9058
1613 177 -9146
1614 381 -9310
1615 579 -9226
1616 607 -9414
1617 461 -9382
1618 485 -9478
1619 439 -9526
1620 425 -9382
1621 663 -9482
1622 527 -9170
1623 739 -9222
1624 595 -9230
1625 575 -9378
1626 455 -9230
1627 619 -9422
1628 637 -9490
1629 669 -9586
1630 533 -9386
1631 599 -9470
1632 551 -9274
1633 335 -9310
1634 319 -9250
1635 333 -9374
1636 295 -9382
1637 283 -9378
1638 485 -9166
1639 371 -9306
1640 329 -9438
1641 501 -9122
1642 543 -9350
1643 433 -9290
1644 297 -9158
1645 383 -9466
1646 291 -9298
1647 313 -9490
1648 489 -9630
1649 479 -9554
1650 417 -9290
1651 397 -9350
1652 375 -9574
1653 359 -9670
1654 241 -9550
1655 163 -9790
1656 121 -9658
1657 -215 -9506
1658 -131 -9386
1659 -113 -9318
1660 -35 -8954
1661 -195 -9046
1662 -317 -9194
1663 -377 -9254
1664 -425 -9194
1665 -317 -9202
1666 -251 -8986
1667 -209 -9146
1668 -71 -8998
1669 -195 -9018
1670 -377 -8754
1671 -409 -9038
1672 -381 -8806
1673 -407 -8926
1674 -355 -8978
1675 -103 -9038
1676 -63 -9170
1677 57 -9122
1678 -23 -9110
1679 -61 -9326
1680 -169 -9286
1681 65 -9294
1682 -59 -8922
1683 -233 -9038
1684 -205 -9150
1685 -143 -9394
1686 -277 -9554
1687 -283 -9422
1688 -385 -9442
1689 -267 -9682
1690 -283 -9062
1691 -345 -9466
1692 -375 -9142
1693 -125 -8990
1694 -13 -8934
1695 -21 -9234
1696 -39 -9390
1697 -49 -9498
1698 -31 -9082
1699 -119 -9266
1700 -91 -9038
1701 -179 -9018
1702 -165 -9346
1703 -151 -9174
1704 -225 -9214
1705 -221 -9530
1706 -199 -9274
1707 -353 -9358
1708 -401 -9158
1709 -263 -9154
1710 -327 -9186
1711 -149 -9166
1712 -37 -9286
1713 369 -9670
1714 295 -9902
1715 457 -9422
1716 543 -9394
1717 567 -9198
1718 615 -9226
1719 733 -9378
1720 643 -9390
1721 433 -9398
1722 319 -9390
1723 261 -9266
1724 497 -9502
1725 517 -9558
1726 303 -9374
1727 351 -9158
1728 181 -9298
1729 67 -9454
1730 103 -9366
1731 13 -9546
1732 83 -9558
1733 157 -9326
1734 99 -9350
1735 -93 -9282
1736 -193 -8882
1737 -275 -8894
1738 -119 -8906
1739 -133 -8810
1740 -205 -8774
1741 -163 -9238
1742 -291 -9218
1743 -285 -9098
1744 -131 -8718
1745 -71 -8650
1746 -207 -9126
1747 -229 -9086
1748 -253 -9190
1749 -171 -9266
1750 -147 -9158
1751 -203 -9658
1752 -267 -9546
1753 -467 -9622
1754 -471 -9514
1755 -467 -9386
1756 -475 -9334
1757 -269 -9186
1758 -167 -9182
1759 -95 -9210
1760 -133 -9502
1761 -101 -9238
1762 -215 -9146
1763 -203 -8922
1764 -261 -9270
1765 -317 -9246
1766 -315 -9238
1767 -87 -9386
1768 13 -9350
1769 29 -9390
1770 -3 -9126
1771 -143 -9282
1772 -167 -9258
1773 -157 -9162
1774 -99 -9166
1775 -13 -9258
1776 -43 -9142
1777 -33 -9254
1778 99 -9150
1779 137 -9274
1780 351 -9130
1781 405 -8894
1782 325 -9002
1783 93 -9358
1784 -45 -9386
1785 -109 -9258
1786 -207 -9430
1787 -23 -9158
1788 -51 -9174
1789 -249 -9298
1790 -219 -9418
1791 -211 -9694
1792 -279 -9482
1793 -323 -9402
1794 -489 -9422
1795 -441 -9594
1796 -289 -9310
1797 -77 -9058
1798 -35 -9174
1799 45 -8970
1800 91 -9294
1801 153 -9450
1802 -53 -9314
1803 -123 -9250
1804 -279 -9222
1805 -199 -9154
1806 -135 -9022
1807 -309 -8974
1808 -107 -9238
1809 193 -8874
1810 57 -8898
1811 29 -9142
1812 -137 -9162
1813 -81 -9494
1814 97 -9222
1815 307 -9334
1816 -31 -9286
1817 9 -8958
1818 -179 -9118
1819 -155 -9254
1820 -221 -9310
1821 -131 -9242
1822 -121 -9142
1823 -365 -9430
1824 -361 -9374
1825 -545 -9250
1826 -435 -9014
1827 -293 -9114
1828 -219 -9362
1829 57 -9286
1830 91 -9174
1831 61 -9178
1832 81 -9246
1833 219 -9450
1834 97 -9362
1835 -145 -9370
1836 -197 -9106
1837 -303 -9038
1838 -407 -9434
1839 -243 -9302
1840 -67 -9350
1841 -147 -9418
1842 -61 -9126
1843 3 -9426
1844 109 -9314
1845 143 -9358
1846 -51 -9434
1847 -1 -9098
1848 165 -8990
1849 487 -9330
1850 583 -9326
1851 487 -9338
1852 353 -9318
1853 101 -9286
1854 407 -9278
1855 317 -9190
1856 237 -9338
1857 171 -9306
1858 297 -9326
1859 -107 -9498
1860 -85 -9254
1861 -27 -9034
1862 -65 -8970
1863 -39 -9266
1864 -175 -9198
1865 -135 -9042
1866 -315 -9390
1867 -379 -9102
1868 -321 -8990
1869 -395 -8806
1870 -559 -8762
1871 -747 -9342
1872 -613 -9214
1873 -603 -9374
1874 -395 -9510
1875 -415 -9278
1876 -337 -9090
1877 -235 -9378
1878 -183 -9306
1879 157 -9602
1880 261 -9250
1881 219 -9314
1882 319 -8974
1883 291 -9210
1884 -27 -8926
1885 -173 -9134
1886 -167 -9118
1887 -427 -9046
1888 -471 -9230
1889 -579 -9262
1890 -541 -9114
1891 -595 -9410
1892 -463 -9486
1893 -199 -9482
1894 85 -9278
1895 41 -9382
1896 -17 -8982
1897 37 -8990
1898 -65 -9238
1899 -225 -9326
1900 -305 -9158
1901 -133 -9214
1902 -93 -9146
1903 -49 -9258
1904 -145 -9054
1905 -275 -9022
1906 -355 -9050
1907 -115 -9266
1908 37 -9038
1909 23 -8998
1910 105 -9094
1911 49 -9266
1912 199 -9294
1913 167 -9302
1914 -25 -9262
1915 13 -8958
1916 125 -8926
1917 53 -9062
1918 293 -9254
1919 495 -9138
1920 445 -9254
1921 305 -9278
1922 277 -9314
1923 375 -9422
1924 403 -9382
1925 523 -9578
1926 433 -9046
1927 303 -8878
1928 173 -9178
1929 103 -9190
1930 -139 -9034
1931 -217 -8974
1932 -153 -9350
1933 -313 -9398
1934 -389 -9446
1935 -235 -9150
1936 -205 -9310
1937 -205 -9150
1938 -87 -9258
1939 -161 -9342
1940 -303 -9378
1941 -291 -9330
1942 -281 -9174
1943 -351 -9310
1944 -329 -9338
1945 -303 -9066
1946 -301 -9186
1947 -365 -9090
1948 -241 -8918
1949 -347 -9126
1950 -243 -9418
1951 21 -9062
1952 -47 -8998
1953 -75 -9330
1954 -101 -9098
1955 -9 -9086
1956 97 -9086
1957 307 -9010
1958 219 -9206
1959 463 -9314
1960 509 -9310
1961 355 -9326
1962 437 -9002
1963 475 -9242
1964 491 -9094
1965 635 -9082
1966 537 -9250
1967 571 -9146
1968 687 -9250
1969 587 -9354
1970 643 -9470
1971 623 -9458
1972 495 -9470
1973 431 -9090
1974 301 -9094
1975 277 -9102
1976 513 -9250
1977 481 -8898
1978 441 -9042
1979 337 -9054
1980 421 -9058
1981 53 -8998
1982 57 -8954
1983 57 -9114
1984 297 -9162
1985 251 -9270
1986 243 -9010
1987 337 -9070
1988 385 -9234
1989 261 -8826
1990 -25 -9186
1991 27 -9038
1992 -41 -9202
1993 -163 -9374
1994 -145 -9494
1995 267 -9374
1996 233 -9390
1997 65 -9158
1998 51 -9262
1999 305 -9070
2000 571 -9010
2001 727 -9150
2002 541 -9246
2003 451 -9330
2004 213 -9038
2005 187 -9198
2006 271 -9370
2007 127 -9114
2008 117 -9070
2009 -145 -9050
2010 31 -9122
2011 49 -8922
2012 193 -8878
2013 187 -8930
2014 153 -8914
2015 263 -9434
2016 129 -9258
2017 303 -9442
2018 103 -9346
2019 87 -9158
2020 65 -9418
2021 199 -9602
2022 223 -9206
2023 -33 -9198
2024 -75 -9414
2025 -319 -9410
2026 -229 -9534
2027 -63 -9554
2028 161 -9510
2029 223 -9478
2030 135 -9154
2031 177 -9166
2032 141 -9166
2033 201 -9538
2034 227 -9442
2035 109 -9314
2036 259 -9414
2037 365 -9434
2038 227 -9446
2039 173 -9422
2040 -1 -9246
2041 115 -9498
2042 195 -9462
2043 343 -9298
2044 487 -9410
2045 381 -9410
2046 467 -9262
2047 427 -9294
2048 775 -9342
2049 615 -9450
2050 617 -9486
2051 663 -9362
2052 809 -9374
2053 781 -9594
2054 711 -9386
2055 693 -9346
2056 843 -9326
2057 811 -9214
2058 677 -9370
2059 617 -9546
2060 701 -9522
2061 421 -9314
2062 489 -9002
2063 467 -9046
2064 403 -9310
2065 365 -8862
2066 305 -9018
2067 213 -9142
2068 65 -9090
2069 -147 -8954
2070 -275 -9042
2071 -309 -8970
2072 -359 -8870
2073 -229 -9042
2074 -221 -8938
2075 -239 -9002
2076 -219 -9106
2077 145 -9282
2078 71 -9214
2079 15 -9290
2080 -177 -9310
2081 -279 -9246
2082 -299 -9426
2083 -247 -9446
2084 -113 -9026
2085 125 -9070
2086 97 -8738
2087 137 -8686
2088 137 -9022
2089 331 -9190
2090 217 -9034
2091 227 -9258
2092 133 -9090
2093 29 -9106
2094 45 -9358
2095 93 -9170
2096 135 -8950
2097 95 -8930
2098 149 -8918
2099 387 -9034
2100 541 -9250
2101 577 -8894
2102 483 -9158
2103 297 -9434
2104 471 -9570
2105 271 -9190
2106 227 -9490
2107 359 -9390
2108 319 -9026
2109 337 -9078
2110 235 -9274
2111 85 -9518
2112 57 -9462
2113 89 -9450
2114 -39 -9142
2115 167 -9418
2116 17 -9446
2117 -73 -9458
2118 -31 -9466
2119 -309 -9530
2120 -435 -9186
2121 -409 -9086
2122 -449 -9386
2123 -359 -9378
2124 -477 -9334
2125 -359 -8974
2126 -309 -9210
2127 -125 -9314
2128 -261 -9486
2129 -333 -9226
2130 -277 -9158
2131 -251 -9218
2132 -281 -9162
2133 -439 -9310
2134 -401 -9490
2135 -337 -9354
2136 -113 -9390
2137 59 -9450
2138 157 -9302
2139 -5 -9602
2140 -27 -9378
2141 151 -9458
2142 143 -9326
2143 391 -9294
2144 399 -9202
2145 197 -9110
2146 455 -9258
2147 433 -9122
2148 335 -9054
2149 435 -8982
2150 385 -9082
2151 491 -8906
2152 451 -8662
2153 535 -9046
2154 407 -9090
2155 351 -9154
2156 305 -8994
2157 199 -8974
2158 277 -9106
2159 337 -8974
2160 251 -8846
2161 233 -9282
2162 453 -9046
2163 521 -9438
2164 511 -9518
2165 625 -9478
2166 705 -9266
2167 763 -9438
2168 695 -9334
2169 757 -9134
2170 563 -9366
2171 623 -9246
2172 527 -9538
2173 445 -9490
2174 399 -9534
2175 409 -9370
2176 463 -9062
2177 767 -9298
2178 779 -9462
2179 633 -9438
2180 605 -9494
2181 519 -9566
2182 353 -9342
2183 451 -9434
2184 311 -9454
2185 237 -9450
2186 463 -9422
2187 427 -9870
2188 475 -9438
2189 471 -9574
2190 445 -9914
2191 417 -9910
2192 243 -9558
2193 299 -9510
2194 177 -9082
2195 263 -9278
2196 353 -9110
2197 521 -8974
2198 305 -9006
2199 379 -8998
2200 425 -9350
2201 577 -9246
2202 569 -9082
2203 545 -9310
2204 533 -9402
2205 563 -9298
2206 623 -9670
2207 541 -9530
2208 667 -9710
2209 525 -9342
2210 549 -9638
2211 713 -9530
2212 839 -9454
2213 711 -9362
2214 695 -9146
2215 783 -9014
2216 871 -9138
2217 677 -9298
2218 681 -9234
2219 631 -9226
2220 673 -9066
2221 605 -9314
2222 585 -9338
2223 593 -9454
2224 505 -9374
2225 485 -9290
2226 447 -9202
2227 461 -9218
2228 359 -9222
2229 211 -9318
2230 -151 -9386
2231 -321 -9190
2232 -267 -9142
2233 -363 -9070
2234 -441 -9286
2235 -443 -9142
2236 -475 -9094
2237 -569 -9142
2238 -503 -9166
2239 -411 -9166
2240 -347 -9070
2241 -323 -8906
2242 -93 -9170
2243 -249 -9138
2244 -291 -9006
2245 -163 -8918
2246 -235 -9062
2247 -281 -9146
2248 -135 -9018
2249 -177 -8922
2250 -181 -9038
2251 -129 -8886
2252 17 -8710
2253 -43 -9070
2254 -203 -8902
2255 -223 -9142
2256 -153 -9118
2257 -99 -9178
2258 -11 -9338
2259 -129 -9170
2260 -33 -9026
2261 51 -9346
2262 87 -9286
2263 73 -9050
2264 -9 -8902
2265 213 -9086
2266 171 -9162
2267 45 -9290
2268 45 -9290
2269 63 -9462
2270 -111 -9338
2271 107 -9506
2272 91 -9454
2273 179 -9494
2274 29 -9450
2275 93 -9542
2276 29 -9570
2277 85 -9394
2278 33 -9186
2279 25 -9322
2280 -13 -9262
2281 63 -9218
2282 -123 -8954
2283 -155 -8986
2284 -53 -9106
2285 -139 -9102
2286 -287 -9158
2287 -361 -9358
2288 -385 -9378
2289 -533 -9374
2290 -401 -9450
2291 -497 -9206
2292 -527 -9258
2293 -495 -9482
2294 -407 -8974
2295 -335 -9322
2296 -253 -9406
2297 -231 -9258
2298 -41 -9274
2299 41 -9438
2300 -95 -9466
2301 -147 -9482
2302 -93 -9198
2303 -393 -9290
2304 -121 -9318
2305 -45 -9266
2306 -73 -9242
2307 -59 -9190
2308 89 -9038
2309 189 -9258
2310 367 -9070
2311 377 -9058
2312 433 -9050
2313 435 -9370
2314 669 -9314
2315 515 -8966
2316 395 -9090
2317 385 -8998
2318 643 -9114
2319 499 -9154
2320 449 -9298
2321 451 -9230
2322 311 -9234
2323 317 -9294
2324 149 -8970
2325 -9 -9090
2326 -15 -9262
2327 -253 -9550
2328 -145 -9306
2329 -61 -9282
2330 -113 -9250
2331 -327 -9370
2332 -365 -9246
2333 -453 -9218
2334 -329 -9434
2335 -469 -9238
2336 -489 -9202
2337 -483 -8986
2338 -771 -9258
2339 -809 -9250
2340 -619 -9002
2341 -469 -8942
2342 -323 -8942
2343 -77 -8954
2344 -165 -9078
2345 -113 -8858
2346 -29 -9054
2347 -33 -9282
2348 37 -9306
2349 -55 -9254
2350 7 -9342
2351 -21 -9426
2352 249 -9346
2353 377 -9218
2354 339 -9450
2355 295 -9458
2356 367 -9654
2357 513 -9390
2358 253 -9230
2359 429 -9122
2360 299 -9174
2361 393 -9222
2362 281 -9258
2363 383 -9306
2364 331 -9290
2365 175 -9310
2366 -93 -9434
2367 -173 -9554
2368 -185 -9402
2369 -275 -9366
2370 -171 -9138
2371 15 -8950
2372 -185 -8922
2373 -161 -9110
2374 -283 -9262
2375 -135 -9138
2376 -177 -9326
2377 -83 -9202
2378 -119 -9542
2379 53 -9226
2380 -55 -9350
2381 -13 -9382
2382 -75 -9210
2383 -329 -9410
2384 -323 -9534
2385 -235 -9102
2386 -179 -9238
2387 -35 -9406
2388 105 -9642
2389 249 -9358
2390 -19 -9166
2391 3 -9298
2392 61 -9582
2393 19 -9278
2394 -155 -9226
2395 29 -9246
2396 -141 -9374
2397 -147 -9034
2398 19 -8942
2399 -55 -9414
2400 -71 -9570
2401 17 -9402
2402 5 -9426
2403 -25 -9530
2404 115 -9090
2405 159 -9246
2406 199 -9358
2407 63 -9258
2408 21 -9430
2409 -21 -9278
2410 -311 -9158
2411 -451 -9294
2412 -379 -9230
2413 -171 -9146
2414 -133 -9082
2415 -101 -8886
2416 -173 -8986
2417 -433 -9186
2418 -333 -9062
2419 -149 -9246
2420 -263 -9330
2421 -97 -9334
2422 -43 -9806
2423 -15 -9682
2424 71 -9538
2425 141 -9366
2426 103 -9358
2427 -141 -9266
2428 -247 -9030
2429 17 -9234
2430 303 -9282
2431 499 -9242
2432 801 -9458
2433 843 -9326
2434 677 -9102
2435 571 -8882
2436 469 -8934
2437 403 -8854
2438 409 -9238
2439 443 -9406
2440 449 -9246
2441 557 -9258
2442 379 -8930
2443 379 -8718
2444 253 -9070
2445 339 -9026
2446 377 -8962
2447 331 -8754
2448 405 -8630
2449 341 -8922
2450 189 -8818
2451 71 -8850
2452 165 -8778
2453 403 -9206
2454 269 -9518
2455 223 -9446
2456 173 -9542
2457 367 -9294
2458 543 -9242
2459 301 -9114
2460 373 -8914
2461 309 -9110
2462 283 -9366
2463 313 -9234
2464 307 -9038
2465 135 -9046
2466 143 -9190
2467 137 -9270
2468 207 -9286
2469 137 -9526
2470 -7 -9398
2471 -181 -9406
2472 -257 -9502
2473 -139 -9474
2474 -179 -9486
2475 -193 -8990
2476 -73 -9190
2477 -227 -9362
2478 -453 -9346
2479 -441 -9318
2480 -399 -9506
2481 -419 -9198
2482 -389 -9254
2483 -373 -9406
2484 -305 -9358
2485 -373 -9450
2486 -489 -9118
2487 -509 -9270
2488 -441 -8982
2489 -553 -9226
2490 -599 -9110
2491 -723 -9202
2492 -919 -9274
2493 -833 -8978
2494 -833 -9014
2495 -787 -9246
2496 -831 -9054
2497 -957 -9230
2498 -831 -9062
2499 -611 -9294
2500 -557 -9422
2501 -481 -9574
2502 -387 -9262
2503 -277 -9274
2504 -89 -9350
2505 21 -9458
2506 109 -9290
2507 141 -9442
2508 259 -9730
2509 163 -9734
2510 77 -9414
2511 289 -9242
2512 369 -9458
2513 329 -9514
2514 325 -9382
2515 207 -9462
2516 109 -9454
2517 141 -9414
2518 35 -9382
2519 201 -9206
2520 139 -9678
2521 167 -9266
2522 453 -9246
2523 555 -9418
2524 379 -9286
2525 187 -9386
2526 119 -9534
2527 33 -9354
2528 249 -9106
2529 147 -9178
2530 49 -9114
2531 67 -9050
2532 163 -9026
2533 89 -9206
2534 -5 -9134
2535 -231 -9250
2536 -271 -8990
2537 -307 -8870
2538 -343 -9042
2539 -453 -9046
2540 -489 -9066
2541 -479 -9210
2542 -473 -9214
2543 -393 -9030
2544 -193 -8994
2545 -489 -9214
2546 -643 -9058
2547 -833 -9038
2548 -823 -9062
2549 -1031 -9370
2550 -1083 -9202
2551 -1025 -9306
2552 -943 -9218
2553 -905 -9338
2554 -973 -9010
2555 -913 -9094
2556 -765 -9214
2557 -691 -9306
2558 -839 -9222
2559 -933 -9054
2560 -727 -8986
2561 -869 -9238
2562 -777 -9302
2563 -705 -9066
2564 -439 -9082
2565 -337 -9134
2566 -239 -9462
2567 -139 -9298
2568 -279 -9226
2569 -241 -9174
2570 -373 -9006
2571 -181 -9122
2572 -145 -9282
2573 -53 -9302
2574 -5 -9090
2575 -9 -9478
2576 97 -9566
2577 -21 -9418
2578 261 -9254
2579 237 -9090
2580 259 -9178
2581 283 -9158
2582 317 -9102
2583 229 -9010
2584 155 -8990
2585 221 -8814
2586 379 -8750
2587 581 -9014
2588 717 -9322
2589 639 -9018
2590 415 -9134
2591 465 -8962
2592 389 -9330
2593 395 -9526
2594 483 -9418
2595 389 -9154
2596 525 -9262
2597 543 -9214
2598 415 -9330
2599 305 -9302
2600 233 -9494
2601 227 -9478
2602 421 -9326
2603 387 -9342
2604 267 -9278
2605 141 -9190
2606 183 -9350
2607 175 -9138
2608 195 -9106
2609 419 -9206
2610 385 -9286
2611 301 -9030
2612 447 -8950
2613 285 -9094
2614 177 -9186
2615 -51 -9114
2616 9 -9058
2617 35 -9174
2618 155 -9010
2619 47 -9210
2620 151 -9182
2621 77 -9198
2622 201 -9546
2623 239 -9314
2624 131 -9334
2625 171 -9262
2626 259 -9146
2627 315 -9406
2628 381 -9158
2629 529 -9254
2630 581 -9286
2631 591 -9278
2632 415 -9266
2633 327 -9230
2634 391 -9670
2635 457 -9442
2636 419 -9458
2637 353 -9510
2638 407 -9270
2639 405 -9270
2640 425 -9226
2641 551 -9474
2642 633 -9414
2643 705 -9146
2644 685 -9046
2645 889 -9246
2646 733 -9054
2647 643 -9322
2648 659 -9418
2649 501 -9286
2650 647 -9546
2651 739 -9634
2652 525 -9478
2653 607 -9254
2654 501 -9150
2655 363 -9214
2656 207 -9098
2657 15 -9174
2658 27 -9050
2659 -5 -9118
2660 45 -9294
2661 -61 -9306
2662 -75 -9150
2663 -29 -9522
2664 -55 -9686
2665 -15 -9442
2666 -51 -9698
2667 83 -9658
2668 151 -9546
2669 227 -9466
2670 179 -9414
2671 145 -9442
2672 241 -9402
2673 299 -9290
2674 363 -9278
2675 507 -9270
2676 223 -9082
2677 175 -9294
2678 429 -9254
2679 613 -9178
2680 713 -9202
2681 831 -9046
2682 1175 -9270
2683 961 -9482
2684 879 -9410
2685 637 -9326
2686 629 -9426
2687 713 -9382
2688 573 -9150
2689 455 -9350
2690 251 -9422
2691 209 -9154
2692 237 -9222
2693 127 -9166
2694 229 -9214
2695 185 -9026
2696 163 -9254
2697 205 -9446
2698 15 -9298
2699 137 -9038
2700 -65 -9142
2701 -197 -9150
2702 -13 -9430
2703 -261 -9482
2704 -381 -9410
2705 -295 -9350
2706 -281 -9390
2707 -219 -9058
2708 -83 -9426
2709 37 -9366
2710 -129 -9078
2711 -335 -9266
2712 -453 -9266
2713 -233 -9190
2714 -279 -9102
2715 -51 -9138
2716 89 -9178
2717 293 -9234
2718 387 -9290
2719 377 -9338
2720 125 -9042
2721 157 -8730
2722 239 -8646
2723 103 -8758
2724 -149 -9218
2725 -273 -9086
2726 -185 -9018
2727 -151 -9394
2728 -195 -8922
2729 -215 -9206
2730 -217 -9134
2731 -153 -9018
2732 -241 -8918
2733 -179 -9078
2734 -351 -9274
2735 -315 -9166
2736 -377 -8970
2737 -397 -9070
2738 -405 -9098
2739 -487 -9198
2740 -327 -9222
2741 -357 -9158
2742 -361 -9150
2743 -309 -9154
2744 -183 -9134
2745 -217 -9094
2746 -383 -9162
2747 -669 -8910
2748 -751 -8782
2749 -527 -9094
2750 -437 -9198
2751 -433 -9230
2752 -613 -9194
2753 -813 -9506
2754 -779 -9438
2755 -905 -9306
2756 -1031 -9138
2757 -1123 -9030
2758 -1115 -9066
2759 -969 -9098
2760 -827 -9070
2761 -831 -8870
2762 -657 -8970
2763 -547 -8934
2764 -551 -9074
2765 -591 -9062
2766 -557 -9118
2767 -469 -8986
2768 -283 -8946
2769 -261 -9346
2770 -339 -9238
2771 -125 -9178
2772 -193 -9378
2773 -147 -9382
2774 -187 -9182
2775 -41 -8818
2776 89 -9062
2777 123 -8934
2778 -7 -8882
2779 -79 -8986
2780 79 -9042
2781 305 -8526
2782 211 -8850
2783 119 -8982
2784 -21 -9098
2785 -273 -9286
2786 -321 -9646
2787 -413 -9694
2788 -629 -9678
2789 -579 -9558
2790 -523 -9566
2791 -665 -9518
2792 -351 -9742
2793 -263 -9442
2794 -89 -9414
2795 123 -9478
2796 229 -9274
2797 203 -9322
2798 189 -9078
2799 121 -9246
2800 207 -9390
2801 277 -9470
2802 173 -9506
2803 45 -9446
2804 157 -9590
2805 181 -9454
2806 -73 -9310
2807 -123 -8994
2808 -205 -9118
2809 -207 -9170
2810 -165 -9162
2811 -287 -9102
2812 -127 -9282
2813 -233 -9126
2814 -133 -9174
2815 -301 -8946
2816 -163 -9114
2817 -79 -9274
2818 -305 -8946
2819 -29 -9118
2820 -53 -9150
2821 7 -9238
2822 -23 -9062
2823 1 -9106
2824 -173 -9294
2825 -117 -9238
2826 -293 -9222
2827 -173 -9130
2828 51 -9014
2829 75 -8786
2830 95 -9138
2831 -7 -8910
2832 1 -9174
2833 39 -9162
2834 33 -9214
2835 133 -9362
2836 213 -9158
2837 187 -9098
2838 55 -9242
2839 -115 -9254
2840 -185 -9290
2841 -223 -9162
2842 -287 -9206
2843 -275 -9150
2844 -209 -9342
2845 -125 -8966
2846 -9 -9134
2847 13 -9162
2848 165 -9410
2849 261 -9206
2850 61 -9198
2851 211 -9234
2852 193 -8970
2853 173 -9206
2854 263 -9394
2855 287 -9406
2856 335 -9230
2857 355 -9110
2858 299 -9218
2859 205 -9102
2860 285 -9430
2861 259 -9126
2862 457 -8962
2863 265 -8958
2864 283 -9206
2865 249 -9266
2866 177 -8966
2867 155 -9194
2868 187 -9138
2869 365 -9226
2870 591 -9202
2871 523 -9302
2872 543 -9234
2873 397 -8986
2874 149 -9162
2875 55 -9070
2876 75 -9074
2877 227 -9230
2878 163 -9438
2879 235 -9414
2880 303 -9726
2881 123 -9522
2882 397 -9354
2883 433 -9502
2884 513 -9278
2885 475 -9194
2886 255 -9070
2887 263 -9462
2888 377 -9266
2889 337 -9338
2890 305 -9626
2891 177 -9338
2892 269 -9578
2893 229 -9486
2894 191 -9474
2895 177 -9650
2896 343 -9354
2897 461 -9322
2898 405 -9182
2899 681 -9330
2900 683 -9326
2901 749 -9130
2902 771 -9518
2903 571 -9354
2904 565 -9358
2905 723 -9294
2906 705 -9462
2907 673 -9202
2908 761 -8990
2909 641 -8946
2910 339 -9114
2911 359 -9530
2912 351 -9394
2913 819 -9486
2914 697 -9418
2915 561 -8950
2916 453 -9314
2917 613 -9098
2918 387 -9034
2919 519 -8846
2920 481 -8994
2921 541 -9070
2922 687 -9046
2923 729 -9338
2924 715 -9106
2925 1017 -9238
2926 915 -9438
2927 1027 -9286
2928 915 -9314
2929 1017 -9406
2930 935 -9610
2931 1005 -9466
2932 1045 -9438
2933 921 -9074
2934 825 -9026
2935 843 -8950
2936 553 -9230
2937 547 -9218
2938 489 -9462
2939 815 -9422
2940 639 -9454
2941 453 -9730
2942 355 -9522
2943 407 -9602
2944 471 -9530
2945 599 -9406
2946 617 -9570
2947 719 -9310
2948 675 -9322
2949 719 -9382
2950 825 -9194
2951 795 -9450
2952 763 -9454
2953 581 -9410
2954 419 -9270
2955 381 -9630
2956 173 -9250
2957 259 -9266
2958 379 -9166
2959 431 -9470
2960 437 -9170
2961 357 -9066
2962 407 -9022
2963 493 -9122
2964 615 -9018
2965 649 -9154
2966 1003 -9210
2967 1123 -9194
2968 1281 -9322
2969 1395 -9002
2970 1319 -9222
2971 1343 -9162
2972 1269 -9546
2973 1311 -9710
2974 1281 -9706
2975 1359 -9626
2976 1453 -9518
2977 1071 -9646
2978 1295 -9514
2979 1403 -9382
2980 1275 -9518
2981 1263 -8994
2982 1141 -9086
2983 881 -9274
2984 857 -9274
2985 745 -9422
2986 865 -9522
2987 667 -9362
2988 637 -9058
2989 523 -9134
2990 621 -9262
2991 669 -9002
2992 499 -9230
2993 455 -8942
2994 211 -8786
2995 243 -8794
2996 137 -9134
2997 263 -9178
2998 27 -9506
2999 141 -9054
3000 231 -9070
3001 219 -9066
3002 259 -9438
3003 309 -9390
3004 267 -9178
3005 345 -9398
3006 293 -9286
3007 73 -9206
3008 -99 -9170
3009 -237 -9314
3010 -61 -8954
3011 -183 -8806
3012 -63 -8966
3013 -95 -8842
3014 -223 -8934
3015 -363 -9174
3016 -393 -9214
3017 -401 -9438
3018 -293 -9194
3019 -233 -9030
3020 -155 -9110
3021 -233 -9202
3022 -41 -9298
3023 -85 -9238
3024 73 -8978
3025 -121 -8846
3026 -117 -9014
3027 113 -9086
3028 151 -9158
3029 25 -9202
3030 125 -9110
3031 101 -9174
3032 239 -9314
3033 219 -9098
3034 253 -9382
3035 375 -9358
3036 511 -9414
3037 497 -9486
3038 627 -9486
3039 509 -9658
3040 227 -9766
3041 277 -9474
3042 29 -9342
3043 -163 -9406
3044 11 -9150
3045 119 -9050
3046 261 -9066
3047 329 -9262
3048 235 -9346
3049 259 -9122
3050 377 -9030
3051 317 -9038
3052 281 -9130
3053 349 -9402
3054 441 -9402
3055 433 -9618
3056 507 -9514
3057 343 -9250
3058 515 -9314
3059 611 -9294
3060 563 -9378
3061 603 -8966
3062 519 -9002
3063 247 -9106
3064 255 -9514
3065 189 -9462
3066 -13 -9438
3067 17 -9410
3068 263 -9478
3069 475 -9222
3070 399 -9250
3071 527 -9066
3072 623 -9294
3073 647 -9418
3074 509 -9186
3075 529 -9162
3076 593 -9254
3077 439 -9326
3078 477 -9190
3079 579 -9198
3080 659 -9402
3081 447 -9222
3082 541 -9226
3083 493 -9190
3084 475 -9354
3085 493 -9454
3086 543 -9270
3087 439 -9286
3088 513 -9170
3089 287 -9430
3090 35 -9078
3091 35 -9022
3092 145 -9214
3093 217 -9174
3094 83 -9138
3095 89 -9374
3096 21 -9342
3097 -189 -9190
3098 -19 -9246
3099 -7 -9066
3100 -111 -8902
3101 -151 -9114
3102 -259 -9054
3103 -257 -9114
3104 -345 -9090
3105 -361 -9438
3106 -265 -9526
3107 -293 -9374
3108 -49 -9390
3109 -169 -9298
3110 -249 -9478
3111 -321 -9022
3112 -45 -8962
3113 -145 -9238
3114 -235 -9050
3115 -285 -8922
3116 -345 -8922
3117 -505 -9126
3118 -501 -9018
3119 -449 -9110
3120 -365 -8982
3121 -165 -8922
3122 -59 -9150
3123 -129 -9378
3124 -207 -9286
3125 -5 -9370
3126 -153 -9354
3127 -235 -9470
3128 -355 -9490
3129 -417 -9678
3130 -443 -9342
3131 -441 -9322
3132 -411 -9310
3133 -153 -8854
3134 -395 -9106
3135 -109 -8734
3136 47 -8878
3137 -81 -8754
3138 -107 -8786
3139 -345 -8990
3140 -473 -9334
3141 -379 -9266
3142 -397 -9146
3143 -453 -9458
3144 -325 -9146
3145 -423 -8994
3146 -549 -8814
3147 -659 -8910
3148 -673 -9050
3149 -661 -8894
3150 -607 -8890
3151 -713 -9182
3152 -779 -9286
3153 -845 -9610
3154 -731 -9282
3155 -479 -9258
3156 -663 -9486
3157 -583 -9566
3158 -549 -9490
3159 -439 -9538
3160 -241 -9638
3161 -347 -9354
3162 -281 -9382
3163 -151 -9370
3164 -201 -9310
3165 -175 -9234
3166 -271 -9414
3167 -259 -9370
3168 -103 -9310
3169 -1 -8830
3170 -59 -9094
3171 15 -9222
3172 47 -9330
3173 95 -9154
3174 349 -8930
3175 295 -8954
3176 273 -9202
3177 249 -9366
3178 199 -9222
3179 165 -9106
3180 -23 -9246
3181 133 -9254
3182 89 -9354
3183 133 -9578
3184 1 -9486
3185 131 -9262
3186 115 -9110
3187 235 -8962
3188 327 -8810
3189 113 -9182
3190 45 -8986
3191 211 -9234
3192 297 -9234
3193 387 -9190
3194 387 -9390
3195 313 -9378
3196 171 -9122
3197 287 -8818
3198 215 -9238
3199 251 -9206
3200 229 -9598
3201 271 -9422
3202 395 -9542
3203 307 -9450
3204 195 -9534
3205 167 -9402
3206 71 -9214
3207 39 -9050
3208 275 -9086
3209 203 -9270
3210 225 -9334
3211 109 -9234
3212 377 -9130
3213 415 -9390
3214 325 -9198
3215 201 -9214
3216 239 -9086
3217 387 -9050
3218 341 -9094
3219 255 -9110
3220 279 -9262
3221 393 -9226
3222 469 -9450
3223 365 -9270
3224 423 -9150
3225 409 -8906
3226 457 -8902
3227 463 -9118
3228 549 -9394
3229 783 -9438
3230 815 -9242
3231 749 -9382
3232 545 -9242
3233 613 -9206
3234 541 -9470
3235 603 -9250
3236 589 -9262
3237 605 -9402
3238 399 -9270
3239 239 -9386
3240 263 -9058
3241 171 -9114
3242 325 -9190
3243 181 -9246
3244 91 -9026
3245 93 -9182
3246 -75 -8882
3247 -191 -9026
3248 -39 -9106
3249 139 -9070
3250 23 -8990
3251 103 -9450
3252 -61 -9210
3253 -165 -9226
3254 -447 -9278
3255 -561 -9510
3256 -603 -9694
3257 -487 -9522
3258 -211 -9178
3259 -159 -9238
3260 -219 -9378
3261 -305 -9334
3262 -343 -9318
3263 -147 -9650
3264 -189 -9626
3265 -321 -9418
3266 -277 -9542
3267 -237 -9486
3268 -183 -9274
3269 -439 -8914
3270 -693 -9190
3271 -753 -9322
3272 -751 -9214
3273 -653 -9310
3274 -387 -9130
3275 -245 -9382
3276 -235 -9070
3277 -323 -8906
3278 -375 -8770
3279 -401 -8946
3280 -383 -8994
3281 -35 -9010
3282 -43 -9050
3283 -297 -9230
3284 -459 -9186
3285 -447 -9334
3286 -401 -9238
3287 -339 -9026
3288 -405 -9014
3289 -281 -9054
3290 -365 -8990
3291 -257 -9302
3292 -175 -9454
3293 -157 -9214
3294 -205 -9114
3295 -67 -8978
3296 -223 -9030
3297 -89 -8934
3298 -81 -9002
3299 21 -9246
3300 -141 -9254
3301 -37 -9506
3302 203 -9314
3303 127 -9622
3304 185 -9570
3305 199 -9786
3306 237 -9710
3307 309 -9470
3308 263 -9674
3309 119 -9618
3310 299 -9442
3311 265 -9422
3312 167 -9306
3313 133 -9342
3314 241 -9250
3315 319 -9578
3316 489 -9530
3317 615 -9390
3318 407 -9286
3319 411 -9366
3320 431 -9278
3321 189 -9338
3322 117 -9366
3323 305 -9362
3324 329 -9206
3325 323 -9210
3326 377 -9298
3327 315 -9262
3328 559 -9278
3329 727 -9382
3330 745 -9258
3331 797 -9510
3332 753 -9590
3333 489 -9478
3334 367 -9282
3335 305 -9434
3336 245 -9010
3337 267 -9338
3338 259 -9250
3339 173 -9626
3340 321 -9474
3341 245 -9270
3342 443 -9370
3343 517 -8970
3344 605 -9194
3345 663 -9438
3346 895 -9262
3347 967 -9286
3348 769 -9314
3349 855 -9186
3350 677 -9278
3351 603 -9162
3352 675 -9466
3353 627 -9398
3354 505 -9158
3355 333 -9134
3356 165 -9486
3357 219 -9602
3358 271 -9426
3359 281 -9258
3360 287 -9150
3361 413 -9214
3362 393 -9282
3363 365 -9286
3364 257 -9202
3365 309 -9222
3366 325 -9246
3367 489 -9178
3368 449 -9370
3369 489 -9226
3370 535 -8950
3371 467 -9090
3372 399 -9046
3373 291 -9250
3374 341 -9374
3375 83 -9082
3376 105 -8822
3377 173 -8810
3378 229 -8966
3379 281 -8958
3380 -67 -8762
3381 -103 -8978
3382 31 -8802
3383 -45 -9078
3384 -105 -9050
3385 -159 -9134
3386 -53 -8946
3387 217 -9006
3388 381 -8974
3389 291 -8762
3390 213 -8770
3391 429 -8786
3392 285 -9190
3393 35 -9246
3394 63 -9182
3395 -55 -9370
3396 33 -9166
3397 -107 -9302
3398 -71 -9442
3399 41 -9270
3400 -33 -9194
3401 -267 -9226
3402 37 -9398
3403 301 -9350
3404 381 -9362
3405 445 -9270
3406 123 -9486
3407 21 -9486
3408 5 -9258
3409 15 -9378
3410 19 -9358
3411 5 -9186
3412 -113 -9266
3413 -205 -9366
3414 -375 -9334
3415 -247 -9150
3416 -235 -9470
3417 -375 -9538
3418 -343 -9610
3419 -367 -9514
3420 -273 -9794
3421 -139 -9674
3422 -69 -9514
3423 -169 -9326
3424 -35 -9362
3425 -117 -9482
3426 -109 -9566
3427 -157 -9658
3428 -219 -9498
3429 -231 -9506
3430 -109 -9542
3431 55 -9394
3432 -55 -9250
3433 -31 -9058
3434 -11 -9206
3435 43 -9406
3436 51 -9318
3437 -101 -9550
3438 -213 -9738
3439 -291 -9514
3440 -655 -9530
3441 -603 -9490
3442 -501 -9422
3443 -549 -9538
3444 -517 -9330
3445 -665 -9138
3446 -521 -8850
3447 -531 -9114
3448 -461 -9486
3449 -463 -9650
3450 -397 -9562
3451 -411 -9610
3452 -553 -9478
3453 -565 -9214
3454 -535 -9382
3455 -493 -9354
3456 -521 -9622
3457 -639 -9470
3458 -619 -9422
3459 -623 -9290
3460 -471 -9326
3461 -661 -9198
3462 -631 -9218
3463 -627 -9178
3464 -319 -9190
3465 -223 -9222
3466 -287 -9030
3467 -493 -9142
3468 -453 -9186
3469 -399 -9262
3470 -189 -9282
3471 -153 -9122
3472 -149 -9130
3473 -23 -9278
3474 -37 -9362
3475 -169 -9398
3476 -297 -9278
3477 -207 -9426
3478 -37 -9466
3479 -297 -9570
3480 -245 -9406
3481 -281 -9306
3482 -309 -9126
3483 -373 -9058
3484 -343 -9134
3485 -443 -8938
3486 -351 -8826
3487 -307 -9154
3488 -421 -9166
3489 -319 -9134
3490 -431 -9190
3491 -349 -9366
3492 -493 -9042
3493 -539 -8826
3494 -581 -9170
3495 -259 -9122
3496 -275 -9174
3497 -309 -9250
3498 -311 -9270
3499 -395 -9234
3500 -477 -9034
3501 -509 -9150
3502 -601 -9046
3503 -583 -9118
3504 -657 -9086
3505 -651 -9230
3506 -723 -9198
3507 -667 -9242
3508 -555 -9322
3509 -661 -9402
3510 -595 -9386
3511 -605 -9126
3512 -641 -9022
3513 -757 -9066
3514 -763 -9218
3515 -883 -9214
3516 -833 -9154
3517 -1009 -9214
3518 -863 -9126
3519 -731 -9046
3520 -575 -8774
3521 -565 -8926
3522 -539 -8998
3523 -375 -8770
3524 -367 -9150
3525 -235 -9342
3526 -371 -9150
3527 -387 -9234
3528 -319 -9046
3529 -397 -9122
3530 -347 -9030
3531 -163 -9158
3532 33 -9086
3533 -7 -9342
3534 49 -9170
3535 -297 -9058
3536 -307 -9074
3537 -127 -9266
3538 -379 -9386
3539 -77 -9550
3540 -175 -9634
3541 -267 -9502
3542 -181 -9294
3543 -291 -9046
3544 -123 -9322
3545 -51 -9254
3546 131 -9422
3547 229 -9538
3548 235 -9590
3549 19 -9394
3550 49 -9174
3551 -75 -9130
3552 -87 -9078
3553 -11 -9378
3554 241 -9414
3555 219 -9590
3556 239 -9290
3557 245 -8978
3558 215 -9266
3559 123 -9390
3560 275 -9338
3561 325 -9066
3562 285 -9266
3563 119 -9446
3564 -69 -9630
3565 -69 -9626
3566 -209 -9462
3567 -243 -9562
3568 -329 -9418
3569 -191 -9538
3570 -81 -9498
3571 63 -9562
3572 -7 -9566
3573 -135 -9674
3574 125 -9466
3575 39 -9082
3576 -49 -8918
3577 -193 -8742
3578 -1 -8982
3579 -87 -9262
3580 -303 -9130
3581 -155 -9294
3582 -257 -9178
3583 -405 -9062
3584 -83 -8686
3585 5 -8898
3586 287 -9090
3587 415 -9186
3588 333 -9502
3589 327 -9718
3590 401 -9394
3591 405 -9430
3592 73 -9298
3593 -219 -9290
3594 -313 -9502
3595 -341 -9614
3596 -525 -9546
3597 -549 -9466
3598 -623 -9350
3599 -487 -9318
3600 -603 -9218
3601 -435 -9502
3602 -543 -9310
3603 -397 -9230
3604 -377 -9398
3605 -351 -9302
3606 1 -9458
3607 239 -9346
3608 71 -9414
3609 221 -9338
3610 415 -9226
3611 245 -9522
3612 179 -9522
3613 15 -9582
3614 -39 -9550
3615 -89 -9550
3616 39 -9450
3617 -147 -9350
3618 -25 -9442
3619 117 -9266
3620 351 -9174
3621 123 -9078
3622 1 -9130
3623 139 -9142
3624 177 -8910
3625 211 -9118
3626 199 -9346
3627 185 -9230
3628 411 -9494
3629 563 -9430
3630 449 -9258
3631 245 -9282
3632 379 -9302
3633 637 -8806
3634 527 -9006
3635 647 -9046
3636 631 -9090
3637 803 -9062
3638 767 -9002
3639 873 -8942
3640 719 -9110
3641 861 -9170
3642 1009 -9270
3643 939 -9206
3644 839 -9150
3645 813 -8954
3646 1137 -9238
3647 943 -8990
3648 1045 -9310
3649 929 -9146
3650 745 -9106
3651 767 -9370
3652 585 -9522
3653 411 -9518
3654 207 -9378
3655 -55 -9282
3656 -15 -9242
3657 81 -9210
3658 217 -9026
3659 331 -8862
3660 177 -9026
3661 365 -8846
3662 397 -9238
3663 479 -9266
3664 447 -9258
3665 343 -9334
3666 317 -9346
3667 477 -9174
3668 533 -9534
3669 649 -9310
3670 643 -9694
3671 419 -9626
3672 315 -9454
3673 383 -9602
3674 515 -9610
3675 397 -9502
3676 469 -9402
3677 335 -9534
3678 191 -9510
3679 379 -9226
3680 203 -9378
3681 259 -9230
3682 331 -9382
3683 377 -9530
3684 77 -9314
3685 119 -9338
3686 -41 -9346
3687 -7 -9490
3688 -75 -9334
3689 61 -9362
3690 57 -9194
3691 123 -9394
3692 279 -9454
3693 395 -9258
3694 167 -9414
3695 161 -9566
3696 329 -9490
3697 541 -9534
3698 713 -9534
3699 565 -9394
3700 503 -9258
3701 509 -9142
3702 677 -9458
3703 661 -9290
3704 337 -9002
3705 241 -9358
3706 169 -9302
3707 241 -9706
3708 265 -9350
3709 351 -9498
3710 143 -9578
3711 117 -9498
3712 -87 -9370
3713 -53 -8894
3714 -179 -8798
3715 -1 -8942
3716 -61 -9098
3717 -23 -9122
3718 35 -8998
3719 -19 -9202
3720 141 -8966
3721 241 -9026
3722 127 -9118
3723 -91 -9118
3724 -157 -9030
3725 -173 -8878
3726 -371 -8838
3727 -319 -9202
3728 -329 -9278
3729 -359 -9318
3730 -209 -9150
3731 -181 -9298
3732 -183 -9294
3733 -167 -9302
3734 -35 -9162
3735 -181 -9114
3736 -139 -9018
3737 -289 -8886
3738 -315 -9546
3739 85 -9286
3740 231 -9014
3741 349 -9082
3742 473 -9082
3743 557 -9262
3744 243 -9210
3745 173 -9246
3746 89 -8930
3747 123 -9094
3748 97 -8902
3749 251 -8778
3750 417 -8902
3751 229 -8842
3752 423 -8750
3753 461 -8986
3754 545 -8718
3755 663 -8986
3756 679 -9066
3757 627 -9138
3758 883 -9222
3759 941 -9434
3760 1125 -9634
3761 1287 -9678
3762 1311 -9462
3763 1101 -9490
3764 1071 -9326
3765 835 -9030
3766 897 -9098
3767 565 -9206
3768 719 -9014
3769 501 -9222
3770 195 -9382
3771 335 -9534
3772 499 -9378
3773 325 -9358
3774 399 -9770
3775 347 -9470
3776 373 -9206
3777 325 -9362
3778 159 -9358
3779 -147 -9478
3780 -35 -9222
3781 -87 -9054
3782 -279 -8974
3783 -363 -9278
3784 -409 -9198
3785 -515 -9318
3786 -493 -9414
3787 -689 -9326
3788 -603 -9110
3789 -687 -9274
3790 -725 -9286
3791 -831 -9234
3792 -773 -9442
3793 -815 -9362
3794 -675 -9414
3795 -597 -9142
3796 -261 -9286
3797 -247 -9326
3798 -257 -9526
3799 -347 -9166
3800 -373 -9254
3801 -487 -9258
3802 -639 -9406
3803 -815 -9314
3804 -809 -9278
3805 -921 -9074
3806 -921 -9246
3807 -783 -9426
3808 -789 -9370
3809 -673 -9542
3810 -659 -9214
3811 -577 -9302
3812 -699 -9210
3813 -913 -9482
3814 -789 -9358
3815 -895 -9190
3816 -849 -9410
3817 -661 -9518
3818 -783 -9454
3819 -875 -9682
3820 -885 -9502
3821 -971 -9110
3822 -1031 -9354
3823 -995 -9394
3824 -1023 -9714
3825 -1019 -9366
3826 -865 -9374
3827 -939 -8978
3828 -893 -9078
3829 -823 -8670
3830 -857 -8990
3831 -825 -9014
3832 -693 -8858
3833 -639 -8762
3834 -345 -9070
3835 -451 -9146
3836 -325 -9054
3837 -291 -9122
3838 -431 -9106
3839 -577 -9242
3840 -625 -9366
3841 -735 -9294
3842 -999 -8998
3843 -1247 -9018
3844 -1397 -9126
3845 -1171 -9246
3846 -1253 -9522
3847 -1239 -9374
3848 -1111 -9522
3849 -1125 -9354
3850 -1201 -9246
3851 -1205 -9210
3852 -931 -9274
3853 -921 -9250
3854 -1037 -9258
3855 -961 -9558
3856 -885 -9554
3857 -1059 -9658
3858 -847 -9410
3859 -943 -9462
3860 -963 -9202
3861 -835 -9126
3862 -827 -9294
3863 -705 -9518
3864 -761 -9226
3865 -735 -9134
3866 -683 -9334
3867 -485 -9170
3868 -583 -9250
3869 -423 -9414
3870 -387 -9534
3871 -335 -9394
3872 -177 -9350
3873 35 -9410
3874 31 -9166
3875 99 -9078
3876 163 -9254
3877 285 -9214
3878 395 -9550
3879 275 -9474
3880 429 -9490
3881 195 -9318
3882 253 -9286
3883 121 -9438
3884 285 -9598
3885 335 -9590
3886 223 -9406
3887 -19 -9114
3888 -191 -9206
3889 -145 -9282
3890 -61 -9134
3891 -123 -9154
3892 -303 -9386
3893 -245 -9422
3894 -471 -9322
3895 -505 -9118
3896 -631 -8578
3897 -627 -8682
3898 -669 -8598
3899 -589 -8726
3900 -615 -8814
3901 -653 -8682
3902 -859 -8566
3903 -863 -8970
3904 -915 -8926
3905 -655 -9078
3906 -589 -9294
3907 -437 -9150
3908 -355 -9350
3909 -255 -9490
3910 -31 -9558
3911 -57 -9394
3912 -265 -9550
3913 -361 -9278
3914 -133 -9194
3915 -245 -9210
3916 -197 -9314
3917 -213 -9626
3918 -253 -9650
3919 -289 -9430
3920 -247 -9282
3921 -283 -9250
3922 -185 -9482
3923 -109 -9602
3924 -123 -9662
3925 -213 -9666
3926 -149 -9482
3927 -215 -9362
3928 -199 -9270
3929 -161 -9374
3930 -107 -9038
3931 -143 -8922
3932 -47 -9234
3933 63 -9190
3934 273 -9490
3935 83 -9290
3936 9 -9346
3937 143 -9098
3938 381 -9574
3939 457 -9414
3940 239 -9578
3941 233 -9570
3942 65 -9438
3943 103 -9306
3944 45 -9602
3945 -147 -9666
3946 -193 -9438
3947 -299 -9130
3948 -301 -9302
3949 -115 -9090
3950 -241 -9266
3951 -205 -9074
3952 -119 -9098
3953 -169 -9266
3954 -157 -9150
3955 -225 -9250
3956 -183 -9142
3957 -227 -9334
3958 -127 -9370
3959 171 -9394
3960 83 -9454
3961 59 -9290
3962 137 -9222
3963 239 -8994
3964 271 -9150
3965 431 -9186
3966 465 -9298
3967 181 -9350
3968 245 -9162
3969 375 -9310
3970 445 -9218
3971 499 -8718
3972 647 -9018
3973 733 -9006
3974 861 -9134
3975 851 -9222
3976 893 -9242
3977 867 -9326
3978 751 -9178
3979 745 -9454
3980 789 -9298
3981 719 -9318
3982 687 -9770
3983 555 -9506
3984 427 -9578
3985 511 -9558
3986 271 -9626
3987 143 -9562
3988 11 -9698
3989 259 -9182
3990 297 -9078
3991 453 -9298
3992 479 -9410
3993 547 -9554
3994 595 -9662
3995 437 -9546
3996 417 -9354
3997 513 -9398
3998 523 -9090
3999 445 -9174
4000 149 -8894
4001 135 -9078
4002 95 -9210
4003 81 -9150
4004 119 -9358
4005 357 -9438
4006 271 -9530
4007 51 -9246
4008 139 -9450
4009 -167 -9370
4010 -365 -9090
4011 -441 -9250
4012 -463 -9054
4013 -503 -9182
4014 -511 -9258
4015 -689 -9054
4016 -433 -9054
4017 11 -9178
4018 99 -9066
4019 285 -9338
4020 203 -9346
4021 109 -9434
4022 -5 -9490
4023 -57 -9454
4024 11 -9362
4025 173 -9454
4026 229 -9474
4027 337 -9506
4028 211 -9314
4029 231 -9394
4030 205 -8994
4031 143 -8874
4032 13 -8762
4033 179 -8666
4034 135 -8966
4035 185 -9046
4036 193 -9050
4037 203 -9210
4038 185 -9190
4039 39 -9058
4040 175 -9082
4041 277 -8982
4042 217 -9302
4043 357 -9306
4044 329 -9374
4045 217 -9446
4046 361 -9534
4047 319 -9118
4048 435 -9354
4049 367 -9522
4050 435 -9470
4051 229 -9566
4052 81 -9434
4053 83 -9458
4054 -25 -9694
4055 -173 -9650
4056 21 -9338
4057 23 -9490
4058 -105 -9438
4059 -59 -9266
4060 31 -9342
4061 -131 -9414
4062 -129 -9302
4063 59 -9054
4064 191 -9478
4065 -77 -9110
4066 -177 -9274
4067 -27 -9198
4068 189 -9186
4069 223 -9362
4070 73 -9458
4071 139 -9446
4072 265 -9386
4073 65 -9278
4074 115 -9462
4075 157 -9270
4076 141 -9270
4077 19 -9202
4078 243 -8974
4079 153 -9154
4080 321 -9170
4081 231 -9230
4082 97 -9342
4083 103 -9226
4084 21 -9226
4085 161 -9310
4086 27 -9150
4087 -21 -9042
4088 -27 -9042
4089 5 -9226
4090 -157 -9134
4091 -283 -9018
4092 -87 -9066
4093 29 -9194
4094 -87 -9150
4095 -161 -9230
4096 -223 -9314
4097 -65 -9390
4098 45 -9186
4099 15 -9174
4100 1 -9134
4101 -81 -9106
4102 -145 -9322
4103 -255 -9326
4104 -317 -9054
4105 -363 -9274
4106 -299 -9270
4107 -385 -9266
4108 -477 -9174
4109 -441 -9182
4110 -397 -9146
4111 -511 -9386
4112 -471 -9390
4113 -251 -8994
4114 -159 -9486
4115 -19 -9202
4116 -3 -9362
4117 -39 -9162
4118 51 -8694
4119 -203 -9058
4120 -251 -8974
4121 -251 -8786
4122 -161 -8982
4123 -69 -9042
4124 67 -8786
4125 103 -8842
4126 263 -9094
4127 411 -9246
4128 463 -9130
4129 333 -9262
4130 211 -9154
4131 167 -9226
4132 117 -9298
4133 -173 -9098
4134 3 -9322
4135 87 -9082
4136 -161 -8790
4137 -339 -9062
4138 -325 -9182
4139 -267 -9262
4140 7 -9258
4141 -203 -9226
4142 -239 -9418
4143 -193 -9330
4144 -103 -9154
4145 -273 -9326
4146 -279 -8958
4147 -95 -9106
4148 -89 -8898
4149 -155 -8866
4150 -419 -9170
4151 -389 -9274
4152 -361 -9314
4153 -173 -8990
4154 -249 -9166
4155 -103 -9182
4156 95 -9278
4157 137 -9186
4158 221 -9210
4159 371 -8946
4160 215 -8954
4161 223 -9026
4162 259 -9530
4163 -27 -9290
4164 -115 -9402
4165 -123 -9454
4166 -95 -9346
4167 -55 -9442
4168 -137 -9666
4169 -155 -9170
4170 -27 -8998
4171 -159 -8914
4172 -445 -9002
4173 -533 -9066
4174 -249 -9138
4175 -127 -9050
4176 -175 -9062
4177 -115 -8990
4178 -167 -9270
4179 81 -9014
4180 65 -8994
4181 -133 -9394
4182 -327 -9426
4183 -263 -9070
4184 -257 -9250
4185 -319 -8950
4186 -135 -8930
4187 -231 -9082
4188 -187 -8890
4189 -55 -9006
4190 -251 -9118
4191 -271 -9330
4192 -407 -9034
4193 -269 -8830
4194 -197 -8858
4195 -341 -8978
4196 -281 -9090
4197 -345 -9274
4198 -681 -9202
4199 -685 -9142
4200 -485 -8966
4201 -409 -9122
4202 -391 -8950
4203 -569 -9078
4204 -431 -9066
4205 -585 -8986
4206 -545 -9054
4207 -597 -9070
4208 -409 -9294
4209 -553 -9370
4210 -565 -9234
4211 -351 -9082
4212 -539 -9410
4213 -365 -9142
4214 -251 -9374
4215 -151 -9138
4216 -105 -9098
4217 -255 -9234
4218 -191 -9354
4219 -267 -9494
4220 -121 -9422
4221 -179 -9190
4222 -31 -9246
4223 69 -9190
4224 53 -9382
4225 25 -9094
4226 75 -9410
4227 267 -9294
4228 193 -9346
4229 81 -9414
4230 -41 -9446
4231 103 -9342
4232 105 -9314
4233 -73 -9102
4234 -147 -9330
4235 -109 -9066
4236 -91 -9286
4237 111 -9398
4238 285 -9302
4239 49 -8918
4240 55 -9106
4241 31 -9042
4242 87 -8930
4243 -113 -9194
4244 -249 -9342
4245 -211 -9430
4246 -81 -9230
4247 -61 -9574
4248 -113 -9318
4249 -11 -9418
4250 101 -9422
4251 51 -9058
4252 -15 -9178
4253 -77 -9170
4254 -157 -9386
4255 -147 -9094
4256 -299 -9366
4257 -335 -9030
4258 -407 -8834
4259 -533 -8878
4260 -491 -8886
4261 -379 -9058
4262 -185 -8982
4263 -161 -9030
4264 -105 -9422
4265 -5 -9406
4266 45 -9642
4267 161 -9522
4268 -49 -9246
4269 -63 -9238
4270 263 -9226
4271 267 -9530
4272 407 -9606
4273 413 -9442
4274 359 -9374
4275 441 -9442
4276 479 -9354
4277 429 -9474
4278 473 -9142
4279 495 -9066
4280 543 -9458
4281 415 -9402
4282 469 -9190
4283 373 -9094
4284 301 -9226
4285 355 -9490
4286 413 -9430
4287 431 -9330
4288 563 -9566
4289 693 -9406
4290 683 -9250
4291 687 -9206
4292 979 -9366
4293 1047 -9226
4294 977 -9406
4295 1047 -9350
4296 1017 -9550
4297 777 -9494
4298 721 -9366
4299 619 -9182
4300 411 -9346
4301 299 -9314
4302 251 -9010
4303 417 -9278
4304 223 -9110
4305 315 -8982
4306 449 -8850
4307 415 -8894
4308 535 -9106
4309 635 -9294
4310 665 -9338
4311 487 -9162
4312 573 -9418
4313 479 -9618
4314 385 -9582
4315 405 -9250
4316 367 -9130
4317 543 -9046
4318 453 -9090
4319 583 -9178
4320 655 -9094
4321 687 -9062
4322 747 -9178
4323 725 -8974
4324 733 -9166
4325 787 -9170
4326 669 -9222
4327 651 -9178
4328 645 -9314
4329 389 -9342
4330 267 -9070
4331 243 -9286
4332 409 -9354
4333 111 -8894
4334 165 -8910
4335 -43 -9254
4336 -139 -9194
4337 -119 -9026
4338 -201 -9094
4339 -429 -9026
4340 -477 -9258
4341 -279 -9342
4342 -363 -9294
4343 -339 -9106
4344 -289 -9254
4345 -193 -9174
4346 -165 -9098
4347 -213 -9194
4348 -171 -9118
4349 -183 -9190
4350 -35 -9026
4351 -145 -9266
4352 -395 -8806
4353 -393 -8822
4354 -525 -8994
4355 -503 -8962
4356 -561 -8954
4357 -413 -9222
4358 -339 -9442
4359 -487 -9526
4360 -481 -9134
4361 -373 -9218
4362 -241 -9118
4363 -45 -9266
4364 -119 -9262
4365 47 -9062
4366 -139 -9338
4367 -59 -9378
4368 -377 -9362
4369 -211 -9354
4370 -267 -9150
4371 -223 -9222
4372 -259 -9018
4373 -477 -9270
4374 -235 -9354
4375 -133 -9286
4376 -183 -9354
4377 -51 -9270
4378 17 -9166
4379 311 -9290
4380 305 -9114
4381 167 -9294
4382 165 -9602
4383 369 -9402
4384 405 -9394
4385 277 -9422
4386 335 -9234
4387 525 -9038
4388 613 -9178
4389 601 -9198
4390 631 -8906
4391 657 -8982
4392 667 -9034
4393 571 -9178
4394 599 -8950
4395 749 -8958
4396 813 -9074
4397 841 -8950
4398 721 -8954
4399 373 -9050
4400 477 -8954
4401 457 -9094
4402 417 -9254
4403 645 -9106
4404 655 -9110
4405 693 -9206
4406 557 -9350
4407 629 -9110
4408 507 -9030
4409 463 -9230
4410 401 -8834
4411 163 -9058
4412 93 -9082
4413 219 -8910
4414 137 -9030
4415 277 -9010
4416 495 -9214
4417 517 -9122
4418 327 -9238
4419 347 -9418
4420 221 -9282
4421 215 -9182
4422 219 -9270
4423 333 -9226
4424 461 -9018
4425 467 -9366
4426 277 -9554
4427 353 -9290
4428 179 -9314
4429 5 -9114
4430 -135 -9146
4431 -309 -9142
4432 -315 -8974
4433 -285 -9018
4434 27 -9226
4435 47 -9418
4436 81 -9234
4437 97 -9114
4438 23 -9102
4439 -233 -9414
4440 -157 -9278
4441 -217 -8942
4442 -289 -9198
4443 -327 -9438
4444 -265 -9026
4445 -241 -9190
4446 -375 -9394
4447 -487 -9134
4448 -439 -9290
4449 -669 -9538
4450 -623 -9474
4451 -655 -9326
4452 -495 -9170
4453 -543 -9038
4454 -449 -9138
4455 -707 -9386
4456 -585 -9462
4457 -553 -9166
4458 -493 -9226
4459 -357 -9346
4460 -515 -9122
4461 -427 -9338
4462 -287 -9294
4463 -269 -9146
4464 -277 -9178
4465 -287 -9350
4466 -157 -9262
4467 -271 -9414
4468 -211 -9174
4469 -175 -9034
4470 -209 -9150
4471 -291 -9362
4472 -363 -9634
4473 -245 -9558
4474 -267 -9314
4475 -281 -9250
4476 -313 -9302
4477 -213 -9154
4478 -85 -8950
4479 25 -9334
4480 -1 -9246
4481 -221 -9210
4482 -293 -9022
4483 -89 -9150
4484 -153 -8982
4485 -245 -9106
4486 -285 -9070
4487 -191 -9290
4488 -291 -9318
4489 -305 -9110
4490 -525 -9238
4491 -475 -8998
4492 -539 -8930
4493 -531 -8958
4494 -693 -9014
4495 -599 -9050
4496 -527 -9038
4497 -625 -9126
4498 -667 -9278
4499 -691 -9426
4500 -623 -9390
4501 -577 -9594
4502 -621 -9342
4503 -723 -9486
4504 -787 -9574
4505 -911 -9370
4506 -955 -9390
4507 -807 -9630
4508 -773 -9438
4509 -701 -9306
4510 -713 -9386
4511 -561 -9658
4512 -243 -9258
4513 -317 -9142
4514 -297 -9042
4515 -205 -9066
4516 -117 -9018
4517 -117 -9194
4518 -167 -9342
4519 79 -9194
4520 57 -9162
4521 101 -8918
4522 253 -8906
4523 209 -8994
4524 225 -8902
4525 53 -8830
4526 73 -9086
4527 -11 -9106
4528 -117 -9118
4529 -225 -8886
4530 -115 -8998
4531 -95 -9006
4532 -379 -9174
4533 -435 -9330
4534 -391 -9034
4535 -249 -9170
4536 -299 -9378
4537 -341 -9190
4538 -399 -9250
4539 -293 -9022
4540 -343 -9078
4541 -359 -9350
4542 -417 -9322
4543 -251 -9534
4544 -371 -9378
4545 -379 -9294
4546 -477 -9246
4547 -399 -9266
4548 -443 -9226
4549 -595 -9358
4550 -391 -8986
4551 -249 -9022
4552 -251 -8794
4553 -201 -8918
4554 -133 -8646
4555 -17 -8990
4556 217 -9302
4557 55 -9330
4558 -69 -9314
4559 101 -9098
4560 -87 -9298
4561 -123 -9206
4562 -25 -9314
4563 131 -9130
4564 233 -9030
4565 189 -9110
4566 65 -9102
4567 -9 -8962
4568 -47 -9030
4569 -7 -9366
4570 -41 -9394
4571 -61 -9306
4572 -31 -9314
4573 -35 -9270
4574 -265 -9262
4575 -87 -9130
4576 -103 -9082
4577 25 -9158
4578 179 -9250
4579 137 -9254
4580 277 -9078
4581 223 -8798
4582 371 -9214
4583 293 -9186
4584 471 -9258
4585 589 -9342
4586 615 -9218
4587 721 -9178
4588 639 -9166
4589 999 -9278
4590 731 -9466
4591 1015 -9526
4592 965 -9330
4593 661 -9574
4594 697 -9386
4595 753 -9054
4596 681 -9222
4597 539 -9410
4598 317 -9846
4599 321 -9546
4600 437 -9310
4601 323 -9322
4602 461 -9326
4603 301 -9342
4604 337 -9130
4605 299 -9102
4606 411 -9194
4607 281 -9142
4608 331 -9466
4609 171 -9266
4610 149 -9510
4611 243 -9274
4612 163 -9230
4613 309 -9378
4614 193 -9466
4615 291 -9454
4616 395 -9294
4617 331 -9550
4618 555 -9534
4619 601 -9162
4620 321 -9434
4621 95 -9358
4622 239 -9326
4623 151 -9210
4624 157 -9186
4625 251 -9442
4626 215 -9394
4627 211 -9390
4628 249 -9250
4629 109 -9330
4630 283 -9346
4631 475 -9030
4632 337 -9058
4633 359 -9170
4634 49 -9162
4635 5 -9074
4636 65 -9150
4637 39 -9254
4638 -137 -9342
4639 -63 -9378
4640 3 -9366
4641 43 -9150
4642 11 -9050
4643 107 -9090
4644 117 -9266
4645 105 -9510
4646 155 -9322
4647 415 -9614
4648 633 -9410
4649 585 -9270
4650 533 -9454
4651 457 -9326
4652 349 -9762
4653 389 -9690
4654 371 -9790
4655 493 -9742
4656 551 -9566
4657 369 -9634
4658 245 -9182
4659 307 -9254
4660 619 -9222
4661 665 -9354
4662 565 -9294
4663 531 -9190
4664 703 -8774
4665 851 -9262
4666 843 -8938
4667 597 -9038
4668 411 -8870
4669 507 -8974
4670 507 -8866
4671 499 -8778
4672 685 -9126
4673 567 -9202
4674 517 -9222
4675 621 -8834
4676 741 -9022
4677 753 -8974
4678 691 -8850
4679 823 -9162
4680 673 -9026
4681 725 -9030
4682 643 -9150
4683 775 -9170
4684 843 -9034
4685 611 -8874
4686 681 -9046
4687 723 -9302
4688 649 -9194
4689 641 -9278
4690 421 -9022
4691 253 -9114
4692 41 -9262
4693 151 -9442
4694 169 -9306
4695 257 -9210
4696 297 -8786
4697 175 -9038
4698 153 -8922
4699 187 -9350
4700 375 -9258
4701 237 -9402
4702 163 -9278
4703 159 -9254
4704 313 -9282
4705 281 -8606
4706 243 -8926
4707 221 -9306
4708 263 -9218
4709 287 -9226
4710 193 -9034
4711 115 -9010
4712 99 -8826
4713 101 -9106
4714 115 -8954
4715 287 -9542
4716 477 -9430
4717 437 -9278
4718 471 -9302
4719 333 -9322
4720 173 -9110
4721 171 -9334
4722 -59 -9370
4723 -191 -9150
4724 -123 -9542
4725 -239 -9290
4726 -225 -8970
4727 -307 -9138
4728 -289 -9438
4729 -339 -9250
4730 -257 -9298
4731 -257 -9274
4732 -381 -9142
4733 -393 -9258
4734 -295 -9338
4735 -281 -9162
4736 -303 -9050
4737 -347 -9306
4738 -463 -9342
4739 -103 -9358
4740 -287 -9270
4741 33 -9410
4742 113 -9254
4743 -185 -9462
4744 -165 -9342
4745 -145 -9494
4746 -133 -9286
4747 -345 -9282
4748 -347 -9426
4749 -481 -9718
4750 -491 -9578
4751 -413 -9262
4752 -403 -9230
4753 -319 -9174
4754 -465 -9506
4755 -463 -9562
4756 -715 -9534
4757 -645 -9418
4758 -713 -9286
4759 -483 -9406
4760 -433 -9234
4761 -445 -9086
4762 -581 -8954
4763 -451 -8886
4764 -417 -9114
4765 -299 -9218
4766 -365 -9490
4767 -375 -9302
4768 -291 -9182
4769 -417 -9230
4770 -297 -9218
4771 -305 -9034
4772 -307 -9142
4773 -189 -9146
4774 -13 -9054
4775 -107 -9458
4776 -5 -9226
4777 7 -9126
4778 -131 -9330
4779 -309 -9014
4780 -177 -9030
4781 -289 -9106
4782 -367 -8878
4783 -339 -8994
4784 -189 -8998
4785 -141 -9302
4786 87 -9102
4787 97 -9382
4788 -59 -9562
4789 -169 -9382
4790 -163 -9582
4791 -185 -9402
4792 39 -9214
4793 129 -9194
4794 99 -9354
4795 167 -9470
4796 77 -9598
4797 -81 -9258
4798 -33 -9250
4799 -49 -9366
4800 -23 -9306
4801 -73 -9410
4802 11 -9390
4803 101 -9482
4804 177 -9594
4805 275 -9546
4806 103 -9198
4807 119 -9534
4808 113 -9266
4809 129 -9134
4810 -103 -9322
4811 79 -9454
4812 219 -9638
4813 223 -9690
4814 189 -9606
4815 289 -9346
4816 171 -9378
4817 151 -9462
4818 153 -9542
4819 95 -9438
4820 329 -9338
4821 357 -9522
4822 133 -9386
4823 327 -9530
4824 267 -9442
4825 71 -9274
4826 109 -9554
4827 -139 -9398
4828 -185 -9146
4829 -311 -9202
4830 -291 -9282
4831 3 -9462
4832 -233 -9306
4833 -189 -9558
4834 -261 -9578
4835 -207 -9530
4836 -227 -9510
4837 -381 -9202
4838 -275 -9122
4839 -369 -9182
4840 -305 -9310
4841 -335 -9278
4842 -305 -9066
4843 -167 -8734
4844 -135 -8562
4845 -143 -9030
4846 3 -8854
4847 99 -8930
4848 85 -9106
4849 109 -9078
4850 245 -9046
4851 317 -8974
4852 283 -9162
4853 393 -9126
4854 267 -9362
4855 443 -9374
4856 505 -9198
4857 239 -9202
4858 299 -9118
4859 293 -9314
4860 431 -9430
4861 307 -9002
4862 203 -9106
4863 -7 -9126
4864 -93 -9262
4865 -3 -8966
4866 31 -8850
4867 29 -9066
4868 -69 -8890
4869 101 -8810
4870 205 -9014
4871 147 -9038
4872 103 -9470
4873 25 -9230
4874 -115 -8990
4875 -339 -9206
4876 -321 -9198
4877 -367 -9286
4878 -557 -9198
4879 -597 -9062
4880 -423 -9042
4881 -175 -9038
4882 -153 -9482
4883 -221 -9594
4884 -365 -9518
4885 -317 -9202
4886 -303 -9154
4887 -391 -9274
4888 -317 -9270
4889 -351 -9146
4890 35 -9022
4891 13 -9226
4892 79 -9306
4893 93 -9206
4894 243 -8866
4895 295 -8826
4896 23 -9102
4897 -43 -9162
4898 115 -9382
4899 197 -9382
4900 305 -9482
4901 131 -9474
4902 9 -9314
4903 -267 -9482
4904 -145 -9102
4905 -93 -8834
4906 57 -8894
4907 57 -9134
4908 195 -9394
4909 279 -9458
4910 309 -9434
4911 269 -9122
4912 101 -9206
4913 -43 -9030
4914 -301 -9178
4915 -283 -9242
4916 -327 -9014
4917 -247 -9310
4918 -385 -9306
4919 -665 -9394
4920 -687 -9182
4921 -731 -9258
4922 -615 -9150
4923 -577 -9394
4924 -541 -9406
4925 -629 -9270
4926 -605 -9418
4927 -813 -9486
4928 -605 -9382
4929 -463 -9194
4930 -371 -9330
4931 -343 -9130
4932 -181 -9178
4933 -27 -9198
4934 -165 -9510
4935 -67 -9066
4936 -145 -8838
4937 -59 -9002
4938 -1 -9298
4939 25 -9138
4940 83 -9162
4941 443 -9006
4942 395 -9230
4943 363 -9174
4944 313 -9222
4945 301 -8950
4946 291 -9386
4947 415 -9330
4948 387 -9422
4949 547 -9542
4950 697 -9794
4951 655 -9410
4952 497 -9198
4953 471 -9098
4954 561 -9054
4955 405 -9206
4956 451 -9326
4957 195 -9458
4958 371 -9162
4959 309 -9510
4960 179 -9302
4961 279 -9350
4962 171 -9042
4963 217 -9302
4964 35 -9050
4965 25 -9294
4966 177 -9134
4967 307 -9534
4968 241 -9350
4969 291 -9374
4970 255 -9502
4971 475 -9534
4972 215 -9534
4973 275 -9462
4974 121 -9566
4975 245 -9342
4976 269 -9338
4977 235 -9202
4978 343 -9254
4979 405 -9278
4980 429 -9138
4981 419 -9062
4982 329 -8890
4983 421 -8930
4984 437 -8934
4985 361 -8866
4986 365 -8906
4987 465 -9350
4988 513 -9190
4989 487 -9066
4990 509 -8974
4991 743 -9274
4992 589 -9106
4993 519 -9166
4994 741 -9214
4995 547 -9234
4996 431 -9530
4997 505 -9330
4998 305 -9230
4999 141 -9350
5000 -117 -8874
5001 -231 -8898
5002 -125 -9002
5003 -177 -8694
5004 -281 -9158
5005 -135 -9130
5006 -103 -9026
5007 193 -8790
5008 329 -8902
5009 383 -9094
5010 269 -9122
5011 103 -9098
5012 95 -9218
5013 45 -9366
5014 187 -9354
5015 143 -9510
5016 261 -9166
5017 47 -9334
5018 33 -9578
5019 -55 -9854
5020 87 -9326
5021 -67 -9386
5022 -213 -9314
5023 -187 -9210
5024 -233 -8998
5025 -63 -8962
5026 -329 -9254
5027 -255 -9154
5028 -353 -8954
5029 -413 -9078
5030 -487 -9270
5031 -373 -8986
5032 -215 -9358
5033 -363 -9322
5034 -333 -9106
5035 -295 -9070
5036 -417 -8966
5037 -277 -9198
5038 -59 -9062
5039 67 -9078
5040 151 -9114
5041 61 -9358
5042 179 -9598
5043 195 -9214
5044 57 -9266
5045 -27 -9314
5046 19 -9354
5047 135 -9246
5048 193 -8874
5049 115 -8930
5050 121 -9046
5051 103 -9294
5052 51 -9118
5053 91 -9258
5054 247 -9014
5055 249 -9042
5056 459 -9150
5057 471 -9182
5058 353 -9178
5059 -91 -9298
5060 -141 -9230
5061 -45 -9174
5062 115 -9586
5063 189 -9474
5064 57 -9470
5065 117 -9434
5066 -163 -9214
5067 -149 -8950
5068 -139 -9518
5069 -15 -9342
5070 5 -9394
5071 145 -9282
5072 225 -9242
5073 133 -9030
5074 243 -9354
5075 227 -9358
5076 195 -9290
5077 137 -9114
5078 73 -9358
5079 59 -9502
5080 55 -9294
5081 153 -9510
5082 285 -9350
5083 247 -9190
5084 335 -9030
5085 271 -9094
5086 249 -9150
5087 333 -9446
5088 191 -9410
5089 375 -9098
5090 389 -9146
5091 353 -9218
5092 287 -9378
5093 183 -9518
5094 433 -9666
5095 335 -9174
5096 481 -9154
5097 479 -8946
5098 357 -9350
5099 107 -9030
5100 45 -8782
5101 163 -8942
5102 305 -9286
5103 67 -9474
5104 73 -9222
5105 203 -9450
5106 19 -9482
5107 -103 -9274
5108 -95 -9218
5109 -261 -9318
5110 -377 -9574
5111 -261 -9250
5112 -379 -9338
5113 -467 -9342
5114 -429 -9326
5115 -647 -9202
5116 -589 -9294
5117 -249 -9202
5118 -261 -9074
5119 -221 -9202
5120 -263 -9430
5121 -389 -9298
5122 -371 -9438
5123 -287 -9270
5124 -321 -9194
5125 -181 -9286
5126 -131 -9070
5127 -127 -9062
5128 -209 -9162
5129 -143 -8986
5130 -131 -9246
5131 -255 -9206
5132 -297 -9290
5133 -301 -9550
5134 -245 -9534
5135 -411 -9346
5136 -441 -9382
5137 -215 -9194
5138 -187 -9250
5139 -147 -9318
5140 -113 -9266
5141 -173 -9178
5142 -369 -9034
5143 -373 -9286
5144 -357 -9434
5145 -205 -8978
5146 -139 -9278
5147 -253 -9442
5148 -241 -9154
5149 -157 -9306
5150 -3 -9194
5151 93 -9150
5152 -9 -9374
5153 115 -9210
5154 103 -9182
5155 179 -9182
5156 -59 -9290
5157 -171 -9186
5158 -215 -8998
5159 -185 -9090
5160 -183 -9030
5161 -235 -9302
5162 -243 -9122
5163 -277 -9202
5164 -229 -9266
5165 -111 -9338
5166 -5 -9030
5167 -65 -9038
5168 -83 -9010
5169 -23 -9330
5170 -65 -9322
5171 -25 -9186
5172 -203 -9038
5173 -81 -9130
5174 -247 -9106
5175 -51 -9218
5176 29 -9218
5177 1 -9430
5178 181 -9314
5179 15 -9154
5180 -117 -9526
5181 -113 -9358
5182 -61 -9430
5183 -69 -9202
5184 -31 -9118
5185 -99 -9226
5186 -59 -9046
5187 -115 -9166
5188 -43 -8666
5189 7 -8966
5190 45 -8874
5191 171 -9242
5192 375 -9350
5193 175 -9238
5194 133 -9138
5195 109 -9130
5196 383 -9134
5197 439 -9078
5198 399 -9194
5199 583 -9078
5200 385 -9126
5201 291 -9314
5202 221 -9178
5203 179 -9362
5204 267 -9134
5205 325 -9138
5206 337 -9150
5207 273 -9270
5208 185 -9214
5209 253 -9174
5210 217 -8890
5211 155 -8930
5212 -7 -9094
5213 -131 -9218
5214 -127 -8998
5215 -173 -8978
5216 -87 -8994
5217 -71 -9290
5218 -131 -9226
5219 105 -9390
5220 -89 -9142
5221 57 -9566
5222 61 -9334
5223 141 -9330
5224 59 -9042
5225 117 -8990
5226 -1 -9014
5227 3 -8982
5228 -51 -9018
5229 -149 -8990
5230 -289 -9002
5231 -259 -9082
5232 -237 -9138
5233 -491 -9158
5234 -475 -8990
5235 -501 -8822
5236 -577 -9382
5237 -531 -9578
5238 -553 -9458
5239 -425 -9242
5240 -431 -9186
5241 -425 -9314
5242 -231 -9590
5243 -277 -9510
5244 -341 -9634
5245 -451 -9470
5246 -315 -9214
5247 -355 -8986
5248 -529 -8966
5249 -391 -9290
5250 -587 -9258
5251 -473 -9094
5252 -517 -8978
5253 -495 -9162
5254 -655 -9010
5255 -569 -9010
5256 -609 -8994
5257 -657 -9198
5258 -581 -9430
5259 -747 -9310
5260 -909 -9138
5261 -807 -9070
5262 -861 -9170
5263 -775 -9330
5264 -643 -9442
5265 -403 -9134
5266 -193 -9342
5267 -53 -9066
5268 97 -9190
5269 155 -9238
5270 485 -9150
5271 561 -9238
5272 719 -9046
5273 1037 -9142
5274 1055 -9230
5275 961 -9290
5276 781 -8962
5277 907 -9174
5278 1047 -9318
5279 979 -9442
5280 1025 -9458
5281 1009 -9422
5282 989 -9454
5283 981 -9690
5284 1083 -9426
5285 953 -9506
5286 903 -9374
5287 1021 -9366
5288 919 -9358
5289 637 -9250
5290 449 -9614
5291 421 -9334
5292 333 -9366
5293 247 -9206
5294 287 -8998
5295 65 -9446
5296 133 -9170
5297 107 -9138
5298 -125 -9370
5299 -131 -9442
5300 25 -9198
5301 -189 -9190
5302 -215 -9262
5303 -329 -9318
5304 -235 -9146
5305 -211 -8906
5306 -213 -9070
5307 -189 -9298
5308 -229 -9126
5309 -125 -9478
5310 -263 -9174
5311 -145 -9210
5312 -217 -9254
5313 -39 -9174
5314 -53 -9254
5315 -233 -9302
5316 -53 -9054
5317 -71 -9086
5318 -85 -9106
5319 -273 -9098
5320 -159 -9338
5321 -329 -9250
5322 -253 -9190
5323 -353 -9130
5324 -69 -9066
5325 -29 -9310
5326 45 -9070
5327 337 -9434
5328 83 -9258
5329 79 -9366
5330 53 -9302
5331 295 -9114
5332 231 -9182
5333 283 -9202
5334 161 -9358
5335 -25 -8966
5336 -61 -8954
5337 -57 -8934
5338 -71 -8954
5339 -163 -8982
5340 -327 -9190
5341 -489 -8934
5342 -285 -9134
5343 -319 -9242
5344 -275 -9418
5345 -475 -9314
5346 -449 -9470
5347 -535 -9626
5348 -385 -9542
5349 -213 -9494
5350 -347 -9526
5351 -375 -9642
5352 -231 -9522
5353 -213 -9318
5354 -345 -9422
5355 -313 -9286
5356 -205 -9082
5357 5 -9102
5358 33 -9058
5359 351 -8922
5360 439 -9122
5361 213 -9070
5362 413 -9414
5363 257 -9330
5364 399 -9422
5365 413 -9218
5366 525 -9154
5367 593 -9078
5368 435 -9026
5369 277 -9234
5370 127 -9150
5371 45 -9030
5372 -53 -9070
5373 -189 -9166
5374 -189 -9090
5375 -183 -8970
5376 -321 -9030
5377 -401 -9222
5378 -241 -9098
5379 -141 -9226
5380 -69 -9022
5381 -203 -8986
5382 -89 -9030
5383 -35 -9306
5384 -77 -9234
5385 -197 -8986
5386 -243 -8934
5387 -329 -9266
5388 -429 -9122
5389 -399 -9042
5390 -325 -9294
5391 -131 -9142
5392 -109 -8978
5393 -115 -9090
5394 -93 -8994
5395 -83 -9030
5396 77 -9094
5397 67 -9054
5398 159 -9234
5399 187 -9302
5400 77 -9346
5401 -59 -9374
5402 -15 -9426
5403 -121 -9430
5404 111 -9126
5405 219 -9418
5406 57 -9354
5407 341 -9190
5408 375 -9370
5409 301 -9466
5410 389 -9522
5411 537 -9534
5412 485 -9622
5413 635 -9718
5414 533 -9466
5415 619 -9654
5416 357 -9658
5417 173 -9382
5418 17 -9382
5419 -215 -9522
5420 -183 -9330
5421 -81 -9510
5422 -81 -9206
5423 167 -9318
5424 173 -8838
5425 -31 -9350
5426 153 -9142
5427 289 -9550
5428 -55 -9438
5429 -225 -9246
5430 -351 -9434
5431 -543 -9286
5432 -529 -9270
5433 -515 -9262
5434 -367 -9134
5435 -277 -9198
5436 -339 -9278
5437 -483 -9386
5438 -295 -9482
5439 -231 -9610
5440 -127 -9630
5441 91 -9642
5442 -161 -9538
5443 -167 -9294
5444 -33 -9414
5445 -61 -9426
5446 -1 -9566
5447 119 -9378
5448 11 -9054
5449 3 -9150
5450 -1 -9370
5451 -59 -9274
5452 -149 -9174
5453 -117 -9326
5454 -347 -9334
5455 -431 -9274
5456 -487 -9350
5457 -245 -9238
5458 -141 -9170
5459 103 -9406
5460 7 -9290
5461 -205 -9218
5462 -253 -9382
5463 115 -9278
5464 203 -9118
5465 187 -9242
5466 109 -9506
5467 163 -9422
5468 173 -9478
5469 91 -9398
5470 239 -9190
5471 211 -9634
5472 239 -9678
5473 245 -9202
5474 253 -9346
5475 225 -9186
5476 375 -9098
5477 155 -9178
5478 113 -9322
5479 -53 -9626
5480 -241 -9562
5481 -259 -9298
5482 -369 -9278
5483 -529 -9470
5484 -539 -9170
5485 -503 -9326
5486 -465 -9230
5487 -563 -9334
5488 -553 -9254
5489 -235 -9442
5490 -303 -9290
5491 -387 -9298
5492 -327 -9018
5493 -401 -9186
5494 -377 -9402
5495 -455 -9294
5496 -355 -9414
5497 -317 -9250
5498 -357 -9610
5499 -343 -9434
5500 -339 -9398
5501 -239 -9306
5502 -243 -9262
5503 -335 -9098
5504 -85 -9150
5505 -163 -9374
5506 -253 -9150
5507 -149 -9290
5508 -127 -8946
5509 -95 -9150
5510 49 -9262
5511 47 -9554
5512 5 -9422
5513 -205 -9378
5514 -189 -9430
5515 -131 -9234
5516 -479 -9110
5517 -557 -9166
5518 -549 -9450
5519 -347 -9710
5520 -445 -9258
5521 -247 -9274
5522 -153 -9266
5523 -159 -9246
5524 -125 -9102
5525 -17 -9102
5526 39 -9146
5527 109 -9266
5528 161 -8878
5529 121 -9086
5530 75 -9330
5531 71 -9362
5532 -53 -9374
5533 67 -9334
5534 23 -9666
5535 -137 -9438
5536 -247 -9298
5537 -207 -9138
5538 -87 -9022
5539 -407 -9034
5540 -415 -9262
5541 -261 -9190
5542 -217 -9314
5543 -255 -9862
5544 -315 -9578
5545 -215 -9502
5546 -127 -9750
5547 -261 -9930
5548 -335 -9710
5549 -367 -9566
5550 -463 -9470
5551 -575 -9234
5552 -601 -9230
5553 -839 -9250
5554 -985 -9446
5555 -931 -9594
5556 -1109 -9542
5557 -979 -9438
5558 -877 -9482
5559 -729 -9394
5560 -537 -9354
5561 -439 -9402
5562 -447 -9366
5563 -847 -9470
5564 -907 -9250
5565 -785 -9342
5566 -685 -9574
5567 -803 -9222
5568 -845 -9306
5569 -907 -9238
5570 -689 -9286
5571 -573 -9126
5572 -425 -9134
5573 -729 -9522
5574 -559 -9446
5575 -487 -9142
5576 -425 -8934
5577 -379 -9282
5578 -373 -9422
5579 -493 -9446
5580 -165 -9014
5581 -177 -9038
5582 -177 -9178
5583 -13 -9294
5584 -165 -9382
5585 -81 -9510
5586 -41 -9486
5587 83 -9406
5588 -283 -9166
5589 -401 -9274
5590 -415 -8798
5591 -291 -8834
5592 -377 -9002
5593 -219 -9254
5594 -267 -9602
5595 -143 -9426
5596 131 -9642
5597 387 -9310
5598 309 -9410
5599 311 -9294
5600 245 -9334
5601 121 -9342
5602 225 -9494
5603 -11 -9354
5604 -65 -9282
5605 -141 -9346
5606 39 -9230
5607 5 -9358
5608 221 -9518
5609 119 -9318
5610 39 -9354
5611 231 -9238
5612 345 -9606
5613 437 -9414
5614 499 -9262
5615 413 -8934
5616 409 -9106
5617 589 -9318
5618 289 -9118
5619 351 -8958
5620 287 -8974
5621 465 -9194
5622 329 -9286
5623 319 -9358
5624 293 -9198
5625 447 -9306
5626 251 -9366
5627 119 -9186
5628 69 -9022
5629 193 -9338
5630 297 -9494
5631 189 -9406
5632 355 -9014
5633 461 -9314
5634 377 -9334
5635 311 -9270
5636 333 -9174
5637 201 -9166
5638 145 -9158
5639 227 -9358
5640 271 -9290
5641 263 -9434
5642 173 -9226
5643 67 -8906
5644 -69 -9134
5645 131 -9410
5646 173 -9594
5647 173 -9306
5648 437 -9198
5649 457 -9438
5650 353 -9082
5651 371 -9166
5652 271 -8930
5653 173 -9202
5654 183 -9106
5655 255 -8858
5656 267 -8798
5657 -49 -8898
5658 61 -9054
5659 115 -9266
5660 281 -9542
5661 419 -9546
5662 319 -9198
5663 399 -9198
5664 405 -9102
5665 403 -9402
5666 365 -9542
5667 397 -9642
5668 435 -9478
5669 477 -9370
5670 531 -9406
5671 455 -9090
5672 423 -9218
5673 385 -8930
5674 451 -8958
5675 363 -9266
5676 433 -9330
5677 315 -9178
5678 307 -9210
5679 187 -8994
5680 255 -8994
5681 221 -9162
5682 339 -9866
5683 561 -9646
5684 637 -9390
5685 769 -9354
5686 561 -9346
5687 549 -9378
5688 579 -9370
5689 569 -8974
5690 437 -9006
5691 639 -9286
5692 451 -9002
5693 415 -9106
5694 341 -9134
5695 155 -9102
5696 169 -9546
5697 247 -9510
5698 297 -9410
5699 167 -9202
5700 173 -9170
5701 281 -9430
5702 353 -9510
5703 449 -9454
5704 247 -9274
5705 267 -9430
5706 389 -9662
5707 357 -9342
5708 427 -9350
5709 263 -9274
5710 165 -9174
5711 -39 -8954
5712 -41 -9026
5713 89 -9066
5714 129 -9178
5715 73 -9110
5716 -19 -9198
5717 125 -8750
5718 247 -8750
5719 87 -8742
5720 15 -8810
5721 -33 -9022
5722 67 -9254
5723 -149 -9170
5724 -225 -9038
5725 -247 -8998
5726 -305 -9126
5727 -563 -9342
5728 -733 -9066
5729 -641 -9134
5730 -689 -9026
5731 -747 -8886
5732 -849 -8794
5733 -851 -9166
5734 -1001 -9202
5735 -929 -9162
5736 -643 -9150
5737 -587 -9234
5738 -593 -9246
5739 -655 -9258
5740 -619 -9214
5741 -713 -9446
5742 -669 -9198
5743 -543 -9414
5744 -521 -9310
5745 -537 -9334
5746 -479 -9250
5747 -637 -9442
5748 -637 -9378
5749 -661 -9474
5750 -469 -9434
5751 -627 -9310
5752 -605 -9086
5753 -637 -9106
5754 -611 -9054
5755 -613 -9022
5756 -473 -8986
5757 -301 -9190
5758 -301 -9378
5759 -333 -9422
5760 -277 -8946
5761 -171 -9158
5762 -129 -9062
5763 -367 -9242
5764 -407 -9182
5765 -379 -9054
5766 -217 -9514
5767 -149 -9666
5768 105 -9418
5769 333 -9530
5770 345 -9446
5771 247 -9522
5772 267 -9526
5773 51 -9490
5774 97 -9562
5775 -135 -9534
5776 265 -9718
5777 173 -9494
5778 111 -9694
5779 237 -9402
5780 123 -9322
5781 209 -9286
5782 379 -9210
5783 343 -9598
5784 489 -9334
5785 463 -9594
5786 511 -9210
5787 461 -9386
5788 337 -9046
5789 235 -9138
5790 257 -9378
5791 51 -9426
5792 -155 -9470
5793 47 -9434
5794 91 -9338
5795 -77 -9390
5796 -139 -9298
5797 -235 -9318
5798 -177 -9342
5799 -97 -9398
5800 -147 -9658
5801 -91 -9206
5802 -199 -9294
5803 83 -9106
5804 77 -9378
5805 -149 -9286
5806 -179 -9558
5807 17 -9434
5808 -7 -9454
5809 47 -9674
5810 -75 -9486
5811 -49 -9546
5812 -59 -9530
5813 15 -9602
5814 39 -9426
5815 -59 -9650
5816 -119 -9370
5817 43 -9322
5818 -119 -9214
5819 77 -9410
5820 361 -9190
5821 317 -9466
5822 307 -9346
5823 223 -9262
5824 97 -9398
5825 31 -9882
5826 19 -9686
5827 55 -9282
5828 31 -9182
5829 253 -9474
5830 99 -9542
5831 273 -9350
5832 177 -9598
5833 289 -9650
5834 359 -9246
5835 207 -9386
5836 245 -9246
5837 185 -9202
5838 241 -9082
5839 305 -8930
5840 173 -8886
5841 231 -8902
5842 43 -9134
5843 -147 -9286
5844 -65 -9098
5845 13 -9018
5846 81 -9346
5847 -27 -9154
5848 -61 -9146
5849 -257 -9110
5850 -293 -9386
5851 -287 -9350
5852 -405 -9026
5853 -361 -9190
5854 -289 -9374
5855 -317 -9422
5856 -361 -9294
5857 -467 -9554
5858 -341 -9490
5859 -349 -9346
5860 -289 -9222
5861 -299 -9454
5862 -431 -9294
5863 -497 -8938
5864 -721 -9326
5865 -875 -9186
5866 -845 -9234
5867 -845 -9458
5868 -755 -9474
5869 -711 -9406
5870 -647 -9086
5871 -773 -9058
5872 -621 -8982
5873 -711 -9250
5874 -485 -9302
5875 -461 -9214
5876 -669 -8906
5877 -565 -9390
5878 -507 -9470
5879 -469 -9522
5880 -337 -9242
5881 -359 -9430
5882 -109 -9390
5883 -287 -9714
5884 -467 -9398
5885 -449 -9318
5886 -209 -9314
5887 -33 -9446
5888 -153 -9342
5889 65 -9606
5890 87 -9318
5891 139 -9046
5892 -77 -9250
5893 -45 -9138
5894 215 -8898
5895 233 -9306
5896 95 -9254
5897 145 -9414
5898 181 -9362
5899 115 -9438
5900 137 -9706
5901 149 -9598
5902 273 -9518
5903 209 -9570
5904 261 -9362
5905 311 -9622
5906 355 -9406
5907 153 -9490
5908 287 -9418
5909 227 -9222
5910 23 -9414
5911 109 -9302
5912 97 -9290
5913 351 -9150
5914 391 -9158
5915 239 -9042
5916 281 -9126
5917 -141 -8982
5918 -251 -9018
5919 109 -9234
5920 -93 -9202
5921 33 -9346
5922 -93 -9526
5923 89 -9466
5924 259 -9562
5925 397 -9302
5926 591 -9302
5927 683 -9342
5928 687 -9238
5929 697 -9486
5930 551 -9210
5931 315 -9142
5932 493 -9046
5933 379 -9110
5934 151 -9262
5935 285 -9198
5936 445 -9162
5937 615 -9366
5938 461 -9622
5939 435 -9506
5940 253 -9430
5941 161 -9302
5942 151 -9422
5943 103 -9426
5944 -239 -9302
5945 -459 -9086
5946 -469 -9294
5947 -631 -9446
5948 -387 -9362
5949 -427 -9438
5950 -291 -9378
5951 -203 -9514
5952 -123 -9554
5953 -83 -9502
5954 -251 -9346
5955 -409 -9290
5956 -165 -9162
5957 -31 -9430
5958 -113 -9394
5959 -373 -9270
5960 -329 -9190
5961 -547 -9214
5962 -399 -9130
5963 -459 -9326
5964 -471 -8946
5965 -531 -9182
5966 -665 -9134
5967 -815 -9238
5968 -649 -9198
5969 -673 -9170
5970 -627 -9070
5971 -435 -9002
5972 -283 -9190
5973 -193 -9338
5974 -17 -9222
5975 -233 -9210
5976 -319 -9450
5977 -109 -9182
5978 -179 -9166
5979 -263 -9234
5980 -315 -9126
5981 -273 -9194
5982 -215 -9246
5983 -165 -9214
5984 -167 -9250
5985 -165 -9398
5986 -147 -9302
5987 -41 -9258
5988 -145 -9502
5989 -231 -9394
5990 -605 -9242
5991 -713 -9098
5992 -653 -9142
5993 -611 -9374
5994 -627 -9526
5995 -327 -9258
5996 -407 -9226
5997 -331 -8962
5998 -405 -9358
5999 -401 -9330
6000 -247 -8878
6001 -127 -9010
6002 -161 -8774
6003 55 -8966
6004 5 -9490
6005 25 -9510
6006 173 -9418
6007 209 -9346
6008 163 -9086
6009 195 -9426
6010 131 -9390
6011 -33 -9226
6012 -225 -9222
6013 -215 -9310
6014 -299 -9126
6015 -465 -9486
6016 -531 -9238
6017 -291 -9522
6018 -383 -9574
6019 -247 -9474
6020 -333 -9122
6021 -401 -8946
6022 -251 -8918
6023 -131 -9038
6024 -529 -8978
6025 -459 -9290
6026 -323 -9386
6027 -543 -9390
6028 -463 -9446
6029 -385 -9178
6030 -467 -9226
6031 -471 -9158
6032 -465 -9074
6033 -441 -9050
6034 -225 -9278
6035 -139 -9178
6036 -77 -9082
6037 35 -9178
6038 141 -9182
6039 191 -9070
6040 -117 -8934
6041 -133 -9110
6042 -17 -9250
6043 -143 -9402
6044 -75 -9482
6045 -101 -9414
6046 -85 -9258
6047 -271 -9338
6048 -289 -9386
6049 -1 -9434
6050 1 -9694
6051 -51 -9462
6052 -73 -9662
6053 -203 -9410
6054 -399 -9410
6055 -249 -9446
6056 -101 -9362
6057 -11 -9642
6058 67 -9182
6059 15 -8994
6060 -59 -9250
6061 -53 -9578
6062 51 -9334
6063 89 -9374
6064 13 -9270
6065 249 -9310
6066 171 -9318
6067 131 -9222
6068 69 -9402
6069 95 -9258
6070 37 -9462
6071 -121 -9486
6072 -169 -9278
6073 -61 -9138
6074 -219 -9122
6075 -369 -9014
6076 -413 -9254
6077 -239 -8838
6078 -171 -9030
6079 -281 -9150
6080 -363 -8982
6081 -355 -9198
6082 -199 -9242
6083 11 -9302
6084 -195 -9462
6085 -101 -9782
6086 39 -9542
6087 -83 -9210
6088 -117 -9338
6089 -63 -9490
6090 -37 -9610
6091 -255 -9666
6092 -153 -9602
6093 -101 -9510
6094 173 -9650
6095 79 -9350
6096 255 -9338
6097 359 -9002
6098 367 -9034
6099 329 -8994
6100 359 -8826
6101 295 -8930
6102 341 -8934
6103 431 -9014
6104 337 -9014
6105 403 -9178
6106 523 -9166
6107 555 -9106
6108 573 -9022
6109 513 -9226
6110 537 -9218
6111 455 -8942
6112 341 -9242
6113 317 -9130
6114 375 -9250
6115 427 -9590
6116 391 -9558
6117 421 -9286
6118 197 -9074
6119 249 -9538
6120 281 -9382
6121 1 -9294
6122 263 -9158
6123 521 -9306
6124 449 -9298
6125 297 -9290
6126 465 -9270
6127 355 -9190
6128 457 -9334
6129 319 -9126
6130 325 -9390
6131 255 -9102
6132 85 -8966
6133 195 -8802
6134 37 -9182
6135 99 -9206
6136 113 -9270
6137 105 -9342
6138 93 -9158
6139 95 -9070
6140 43 -9246
6141 -67 -9262
6142 -1 -9138
6143 23 -9066
6144 91 -8914
6145 39 -9210
6146 -45 -9070
6147 -83 -9090
6148 -21 -9394
6149 63 -9582
6150 177 -9446
6151 -27 -9518
6152 113 -9418
6153 87 -9282
6154 165 -9562
6155 39 -9086
6156 -29 -9318
6157 123 -9278
6158 175 -9162
6159 -99 -9106
6160 -171 -9002
6161 -157 -9030
6162 -299 -8898
6163 -359 -8934
6164 -29 -8826
6165 319 -9118
6166 463 -9350
6167 515 -9398
6168 627 -9206
6169 439 -9242
6170 305 -9286
6171 -33 -9066
6172 -125 -9002
6173 -183 -8874
6174 -157 -9050
6175 -223 -8994
6176 -331 -9162
6177 -191 -9110
6178 -313 -9242
6179 -153 -9526
6180 -77 -9426
6181 -211 -9322
6182 -19 -9378
6183 77 -9198
6184 -71 -9266
6185 -123 -9170
6186 -149 -8946
6187 -277 -9090
6188 -427 -9202
6189 -373 -9346
6190 -313 -9250
6191 -257 -9410
6192 -273 -9398
6193 -225 -9278
6194 -237 -9322
6195 -75 -9206
6196 -41 -9242
6197 -101 -9326
6198 -323 -9306
6199 -341 -9106
6200 -253 -9258
6201 -187 -9034
6202 -239 -9014
6203 -195 -9238
6204 -331 -9242
6205 -529 -9330
6206 -769 -9526
6207 -819 -9470
6208 -741 -9202
6209 -761 -9434
6210 -669 -9514
6211 -541 -9578
6212 -411 -9406
6213 -345 -9034
6214 -251 -9238
6215 -153 -9066
6216 -35 -9158
6217 -1 -9194
6218 -55 -9210
6219 -143 -9114
6220 -145 -9622
6221 -239 -9290
6222 -261 -9094
6223 -269 -9170
6224 -111 -9382
6225 -23 -9326
6226 31 -9102
6227 179 -9082
6228 -165 -9202
6229 -185 -9398
6230 -295 -9442
6231 -333 -9266
6232 -315 -9118
6233 -607 -9086
6234 -507 -8970
6235 -331 -9030
6236 -141 -9110
6237 -259 -8914
6238 -473 -9010
6239 -761 -9570
6240 -809 -9382
6241 -947 -9318
6242 -989 -9330
6243 -1013 -9546
6244 -925 -9342
6245 -657 -9342
6246 -789 -9206
6247 -539 -9174
6248 -385 -9210
6249 -587 -9414
6250 -419 -9306
6251 -297 -9334
6252 -571 -9334
6253 -581 -9554
6254 -751 -9430
6255 -637 -9470
6256 -745 -9378
6257 -689 -9246
6258 -581 -9302
6259 -585 -9422
6260 -539 -9578
6261 -539 -9562
6262 -425 -9302
6263 -477 -9330
6264 -397 -9158
6265 -385 -9222
6266 -317 -9018
6267 -179 -9010
6268 -299 -9014
6269 -353 -9242
6270 -417 -9186
6271 -387 -9130
6272 -331 -9170
6273 -185 -9082
6274 -251 -8882
6275 -151 -9086
6276 -47 -9242
6277 71 -9102
6278 25 -9094
6279 7 -9130
6280 85 -9054
6281 -135 -9130
6282 3 -8934
6283 -153 -9026
6284 -405 -8870
6285 -383 -9198
6286 -261 -9146
6287 -51 -9258
6288 -15 -9334
6289 119 -9258
6290 157 -9266
6291 125 -9222
6292 113 -9170
6293 -9 -9458
6294 173 -9358
6295 177 -9286
6296 139 -9146
6297 259 -9306
6298 105 -9302
6299 89 -9358
6300 -11 -9082
6301 -277 -8950
6302 -179 -8826
6303 -135 -8890
6304 59 -9138
6305 91 -8982
6306 175 -9270
6307 55 -9126
6308 -85 -8986
6309 -135 -9246
6310 -289 -9194
6311 -45 -9022
6312 185 -9010
6313 127 -9074
6314 -131 -9094
6315 -191 -9238
6316 -201 -9002
6317 -235 -9106
6318 -329 -9266
6319 -263 -9014
6320 -111 -9194
6321 -151 -9242
6322 -179 -9246
6323 -15 -9258
6324 83 -9298
6325 -31 -9394
6326 -9 -8970
6327 -53 -8954
6328 -111 -9354
6329 -175 -9446
6330 -417 -9142
6331 -285 -9250
6332 -107 -9222
6333 -59 -9086
6334 -189 -9054
6335 -349 -9194
6336 -313 -9102
6337 -199 -9446
6338 -101 -9190
6339 -129 -9182
6340 -251 -9202
6341 -469 -9254
6342 -451 -9066
6343 -419 -9210
6344 -479 -9186
6345 -365 -9278
6346 -467 -9194
6347 -483 -9250
6348 -419 -9302
6349 -495 -9434
6350 -373 -9134
6351 -385 -8986
6352 -297 -9194
6353 -321 -8950
6354 -205 -8718
6355 -295 -8902
6356 -343 -9102
6357 -355 -9110
6358 -251 -8994
6359 -261 -9010
6360 -159 -9162
6361 -161 -9026
6362 -169 -9146
6363 -231 -9254
6364 -571 -9278
6365 -419 -8986
6366 -413 -9062
6367 -455 -9082
6368 -457 -9098
6369 -351 -9286
6370 -297 -9270
6371 -233 -9526
6372 37 -9526
6373 69 -9502
6374 77 -9450
6375 263 -9370
6376 255 -9206
6377 217 -9338
6378 17 -9042
6379 61 -9370
6380 213 -9406
6381 241 -9510
6382 131 -9502
6383 -67 -9490
6384 35 -9290
6385 231 -9186
6386 103 -9270
6387 71 -9470
6388 143 -9042
6389 481 -9134
6390 591 -9294
6391 637 -9186
6392 657 -9106
6393 421 -9350
6394 387 -9490
6395 513 -9350
6396 501 -9170
6397 609 -9294
6398 471 -9106
6399 395 -9162
6400 441 -9186
6401 393 -9186
6402 173 -9042
6403 207 -9010
6404 255 -9026
6405 101 -9250
6406 191 -9110
6407 443 -9130
6408 359 -9118
6409 327 -9314
6410 185 -9150
6411 213 -9350
6412 253 -9350
6413 147 -9246
6414 -67 -9326
6415 -113 -9202
6416 -353 -9174
6417 -449 -9130
6418 -447 -9274
6419 -463 -9038
6420 -465 -9518
6421 -501 -9598
6422 -273 -9486
6423 -269 -9322
6424 -243 -9194
6425 -151 -9102
6426 -393 -9162
6427 -189 -9238
6428 -131 -9278
6429 17 -9310
6430 -161 -9474
6431 31 -9414
6432 -55 -9546
6433 25 -9234
6434 29 -9234
6435 165 -9410
6436 145 -9622
6437 73 -9574
6438 233 -9310
6439 277 -9102
6440 243 -9270
6441 173 -9358
6442 53 -9182
6443 257 -9206
6444 39 -9602
6445 -83 -9490
6446 -57 -9158
6447 -103 -9058
6448 9 -9346
6449 189 -9270
6450 393 -9322
6451 483 -9266
6452 565 -9406
6453 547 -9162
6454 933 -9278
6455 1261 -9142
6456 1175 -9082
6457 1187 -9226
6458 1089 -9014
6459 1259 -9194
6460 951 -9314
6461 725 -9406
6462 713 -9170
6463 775 -9286
6464 645 -9242
6465 763 -9474
6466 743 -9210
6467 463 -9090
6468 627 -8894
6469 625 -9006
6470 851 -9394
6471 795 -9222
6472 959 -9194
6473 639 -9234
6474 825 -9342
6475 733 -9530
6476 851 -9418
6477 885 -9394
6478 863 -9438
6479 777 -9366
6480 997 -9194
6481 763 -9310
6482 633 -9378
6483 581 -9578
6484 651 -9190
6485 497 -9338
6486 233 -9158
6487 69 -9410
6488 61 -9478
6489 247 -9062
6490 63 -9010
6491 73 -9142
6492 135 -9102
6493 161 -9186
6494 227 -9090
6495 95 -9058
6496 141 -9214
6497 -39 -9078
6498 43 -9418
6499 175 -9198
6500 -257 -9010
6501 -233 -9194
6502 -323 -9282
6503 -361 -9226
6504 -245 -9074
6505 7 -9366
6506 9 -9434
6507 35 -9298
6508 -45 -9182
6509 -169 -9202
6510 -247 -9170
6511 -323 -9270
6512 -309 -9450
6513 -273 -9466
6514 -305 -9422
6515 -427 -9430
6516 -165 -9386
6517 -47 -9282
6518 15 -9102
6519 -19 -9110
6520 153 -9086
6521 217 -9354
6522 265 -9386
6523 105 -9358
6524 197 -8998
6525 259 -9222
6526 337 -9126
6527 337 -9342
6528 461 -9550
6529 329 -9166
6530 433 -9598
6531 343 -9226
6532 313 -9202
6533 261 -9458
6534 189 -9482
6535 149 -9302
6536 17 -9522
6537 -27 -9602
6538 7 -9518
6539 51 -9434
6540 -121 -9434
6541 -283 -9398
6542 -329 -9302
6543 -279 -9390
6544 -293 -9446
6545 -229 -9558
6546 -289 -9422
6547 -303 -9162
6548 -403 -8954
6549 -369 -9238
6550 -355 -9422
6551 -245 -9698
6552 -367 -9758
6553 -419 -9994
6554 -283 -9354
6555 -477 -9314
6556 -537 -9578
6557 -541 -9578
6558 -263 -9358
6559 -85 -9370
6560 347 -9250
6561 333 -9758
6562 297 -9518
6563 427 -9274
6564 319 -9022
6565 415 -9106
6566 303 -9010
6567 265 -9006
6568 269 -9130
6569 295 -9138
6570 115 -8894
6571 -53 -8898
6572 -11 -8918
6573 -97 -8902
6574 -285 -8822
6575 47 -8958
6576 61 -9066
6577 79 -9278
6578 -141 -9210
6579 -199 -9058
6580 -187 -9174
6581 -191 -9130
6582 -255 -9206
6583 -283 -9242
6584 -223 -9362
6585 -143 -9246
6586 -87 -9466
6587 -151 -9022
6588 -5 -9042
6589 13 -9154
6590 -41 -9194
6591 5 -8898
6592 211 -8834
6593 251 -8934
6594 183 -8634
6595 87 -8706
6596 -25 -9198
6597 -81 -9262
6598 23 -9462
6599 -43 -9314
6600 67 -9582
6601 277 -9670
6602 167 -9362
6603 93 -9434
6604 77 -9430
6605 -201 -9426
6606 -183 -9722
6607 -165 -9562
6608 -151 -9478
6609 -167 -9522
6610 -283 -9638
6611 -253 -9970
6612 -73 -9758
6613 37 -9574
6614 63 -9586
6615 -113 -9374
6616 -87 -9326
6617 131 -9494
6618 117 -9478
6619 111 -9166
6620 133 -9138
6621 173 -9094
6622 55 -8778
6623 -29 -8662
6624 -175 -8946
6625 -269 -9002
6626 -119 -8890
6627 45 -8910
6628 329 -8734
6629 329 -8870
6630 401 -9026
6631 149 -9030
6632 115 -9094
6633 99 -9674
6634 -65 -9738
6635 -185 -9730
6636 -279 -9326
6637 -235 -9226
6638 -105 -8962
6639 1 -9070
6640 -103 -9134
6641 47 -9066
6642 145 -9242
6643 173 -9194
6644 235 -9450
6645 151 -9130
6646 -53 -8914
6647 -123 -9322
6648 161 -9346
6649 -5 -9318
6650 95 -9306
6651 173 -9346
6652 69 -9202
6653 -41 -9310
6654 109 -8974
6655 1 -9434
6656 53 -9398
6657 -97 -9082
6658 -81 -9394
6659 -97 -9298
6660 -159 -9646
6661 177 -9470
6662 119 -9274
6663 217 -9134
6664 83 -9310
6665 133 -9322
6666 319 -9202
6667 283 -9302
6668 467 -9222
6669 533 -8890
6670 351 -8990
6671 327 -9222
6672 347 -9410
6673 183 -9334
6674 209 -9370
6675 179 -9462
6676 399 -9474
6677 397 -9178
6678 425 -9270
6679 409 -9330
6680 321 -9498
6681 -67 -9198
6682 -13 -9134
6683 -139 -9226
6684 39 -9042
6685 -185 -9186
6686 -71 -9414
6687 -53 -9630
6688 -17 -9818
6689 175 -9774
6690 257 -9790
6691 311 -9270
6692 329 -9318
6693 181 -9290
6694 145 -9226
6695 -113 -9094
6696 -201 -9142
6697 -139 -9198
6698 -171 -9298
6699 -33 -9214
6700 -277 -9270
6701 -435 -9382
6702 -391 -9402
6703 -243 -9330
6704 -283 -9274
6705 -401 -9098
6706 -695 -9050
6707 -675 -9234
6708 -769 -9118
6709 -669 -9174
6710 -765 -9330
6711 -627 -9074
6712 -691 -8926
6713 -573 -9122
6714 -541 -8954
6715 -623 -8774
6716 -659 -9026
6717 -629 -8878
6718 -723 -8934
6719 -745 -9330
6720 -591 -9226
6721 -575 -9318
6722 -669 -9406
6723 -715 -9202
6724 -687 -9154
6725 -689 -9142
6726 -763 -9322
6727 -631 -9298
6728 -515 -9358
6729 -641 -9322
6730 -517 -9478
6731 -221 -9234
6732 -93 -9266
6733 -45 -9418
6734 -37 -9174
6735 77 -9022
6736 167 -9258
6737 53 -9474
6738 157 -9190
6739 85 -9610
6740 135 -9362
6741 123 -9418
6742 17 -9578
6743 -15 -9558
6744 -59 -9574
6745 -197 -9234
6746 -85 -9310
6747 -99 -9098
6748 -79 -9382
6749 -93 -9386
6750 -229 -9310
6751 -261 -9106
6752 -373 -9422
6753 -495 -9582
6754 -259 -9586
6755 -321 -9070
6756 -207 -9486
6757 -115 -9622
6758 -139 -9566
6759 43 -9370
6760 -73 -9298
6761 345 -9090
6762 375 -9138
6763 211 -9370
6764 275 -9502
6765 221 -9334
6766 167 -9706
6767 103 -9354
6768 -185 -9614
6769 55 -9178
6770 -23 -9414
6771 41 -9158
6772 -59 -9174
6773 -59 -9074
6774 127 -9282
6775 133 -9122
6776 -89 -9342
6777 275 -9250
6778 317 -9550
6779 187 -9222
6780 49 -9402
6781 -31 -9246
6782 19 -9498
6783 -213 -9742
6784 -89 -9854
6785 17 -9402
6786 -71 -9474
6787 -95 -9282
6788 -125 -9210
6789 -207 -9234
6790 -315 -9274
6791 -263 -9186
6792 -201 -9262
6793 -141 -9446
6794 -105 -9554
6795 65 -9294
6796 -103 -9318
6797 -1 -9218
6798 -119 -9182
6799 -215 -9130
6800 -197 -9214
6801 -373 -9338
6802 -181 -9494
6803 -183 -9282
6804 -187 -9162
6805 -343 -9082
6806 -405 -9014
6807 -267 -9210
6808 7 -9158
6809 -195 -9414
6810 -299 -9318
6811 -345 -9354
6812 -529 -9034
6813 -321 -9270
6814 -377 -9494
6815 -353 -9474
6816 -85 -9386
6817 -3 -9134
6818 189 -9314
6819 105 -9390
6820 55 -9374
6821 231 -9634
6822 305 -9506
6823 339 -9750
6824 285 -9546
6825 311 -9362
6826 79 -9090
6827 -121 -9306
6828 -165 -9334
6829 -55 -9298
6830 -27 -9274
6831 -125 -9546
6832 275 -9322
6833 241 -9222
6834 383 -9290
6835 503 -8810
6836 543 -8814
6837 453 -9122
6838 521 -9206
6839 479 -9130
6840 581 -9282
6841 657 -9174
6842 719 -9394
6843 553 -9626
6844 629 -9282
6845 507 -9182
6846 611 -9350
6847 547 -9310
6848 765 -9126
6849 879 -9274
6850 749 -9110
6851 527 -8978
6852 609 -9190
6853 721 -9426
6854 747 -9454
6855 519 -9570
6856 505 -9598
6857 445 -9538
6858 761 -9594
6859 711 -9290
6860 585 -9114
6861 483 -8994
6862 473 -8922
6863 419 -8962
6864 563 -9246
6865 465 -9114
6866 401 -9054
6867 389 -9078
6868 293 -9230
6869 149 -9030
6870 311 -9162
6871 167 -9178
6872 45 -9158
6873 31 -9118
6874 237 -9134
6875 349 -9302
6876 423 -9418
6877 345 -9586
6878 325 -9054
6879 457 -9002
6880 475 -9014
6881 219 -8966
6882 19 -9010
6883 -57 -9158
6884 -53 -9274
6885 -107 -9334
6886 -67 -9218
6887 171 -9374
6888 25 -9202
6889 161 -8982
6890 335 -9366
6891 -33 -9298
6892 3 -9194
6893 -67 -9094
6894 11 -9370
6895 81 -9430
6896 63 -9246
6897 161 -9506
6898 293 -9274
6899 371 -9446
6900 575 -9502
6901 567 -9642
6902 653 -9294
6903 431 -9010
6904 535 -9278
6905 611 -9210
6906 753 -8794
6907 883 -9306
6908 913 -9166
6909 773 -9530
6910 649 -9354
6911 493 -9050
6912 103 -9274
6913 181 -9186
6914 189 -8910
6915 47 -9146
6916 1 -9402
6917 179 -9594
6918 79 -9278
6919 33 -9150
6920 119 -9174
6921 77 -9402
6922 19 -9370
6923 7 -9266
6924 185 -9362
6925 197 -9318
6926 -29 -9142
6927 -193 -9186
6928 -143 -9518
6929 87 -9582
6930 205 -9590
6931 131 -9470
6932 3 -9306
6933 -83 -9250
6934 -139 -8926
6935 -95 -9254
6936 -93 -9182
6937 17 -9354
6938 45 -9274
6939 111 -9370
6940 141 -9102
6941 -131 -9162
6942 -107 -8970
6943 -159 -9042
6944 -225 -9126
6945 -197 -9206
6946 -69 -9094
6947 -103 -8958
6948 119 -8978
6949 -83 -9186
6950 129 -9230
6951 121 -9270
6952 257 -9498
6953 319 -9326
6954 347 -9342
6955 205 -9258
6956 167 -9306
6957 199 -9318
6958 159 -9242
6959 319 -9014
6960 265 -9218
6961 177 -9102
6962 49 -9074
6963 9 -9138
6964 -101 -9266
6965 -67 -9002
6966 109 -9066
6967 111 -9266
6968 59 -9534
6969 273 -9218
6970 507 -9578
6971 587 -9682
6972 363 -9378
6973 355 -9434
6974 243 -9534
6975 149 -9222
6976 -17 -9262
6977 -63 -9234
6978 -33 -9354
6979 63 -9498
6980 85 -9610
6981 -17 -9778
6982 -93 -9546
6983 -353 -9330
6984 -415 -9214
6985 -523 -9370
6986 -455 -9510
6987 -669 -9394
6988 -669 -9342
6989 -569 -9210
6990 -647 -9150
6991 -825 -9174
6992 -623 -9122
6993 -427 -9270
6994 -373 -9274
6995 -521 -9298
6996 -509 -9470
6997 -803 -9534
6998 -931 -9206
6999 -827 -9226
7000 -477 -9310
7001 -221 -9198
7002 -157 -9102
7003 -169 -9174
7004 -217 -9090
7005 -143 -9010
7006 -47 -9114
7007 63 -9098
7008 267 -8982
7009 219 -9058
7010 201 -9294
7011 129 -9354
7012 61 -9166
7013 181 -9170
7014 223 -8846
7015 -39 -8982
7016 -167 -9298
7017 9 -9158
7018 53 -8982
7019 255 -9118
7020 103 -9270
7021 61 -9214
7022 63 -9230
7023 57 -9142
7024 205 -9090
7025 -49 -9106
7026 5 -9246
7027 109 -9178
7028 -1 -9282
7029 179 -9322
7030 149 -9442
7031 53 -9294
7032 127 -9418
7033 -27 -9430
7034 147 -9346
7035 273 -9214
7036 89 -9054
7037 27 -9090
7038 145 -8978
7039 169 -9002
7040 173 -9022
7041 73 -8874
7042 99 -9198
7043 263 -9230
7044 121 -9282
7045 155 -9298
7046 1 -9290
7047 19 -9214
7048 81 -9442
7049 67 -9410
7050 -25 -9610
7051 131 -9454
7052 169 -9530
7053 243 -9458
7054 131 -9474
7055 17 -9426
7056 -141 -9354
7057 45 -9138
7058 -65 -9526
7059 -67 -9250
7060 -31 -9194
7061 107 -9298
7062 161 -9226
7063 255 -9374
7064 233 -9394
7065 521 -9346
7066 577 -9438
7067 443 -9478
7068 521 -9418
7069 549 -9410
7070 397 -9250
7071 367 -9334
7072 421 -9070
7073 637 -9274
7074 393 -9374
7075 573 -9326
7076 417 -9130
7077 435 -9190
7078 725 -9362
7079 653 -9310
7080 527 -9242
7081 343 -9386
7082 289 -9226
7083 203 -9198
7084 83 -9094
7085 109 -9406
7086 145 -9254
7087 155 -9310
7088 127 -9258
7089 181 -9166
7090 331 -9242
7091 345 -9130
7092 333 -9270
7093 347 -9310
7094 61 -9358
7095 -79 -9390
7096 -39 -9258
7097 37 -9390
7098 111 -9226
7099 189 -9154
7100 455 -9470
7101 767 -9850
7102 857 -9614
7103 923 -9202
7104 889 -9106
7105 829 -9142
7106 859 -9230
7107 715 -8926
7108 775 -8974
7109 961 -9166
7110 919 -9250
7111 581 -9318
7112 573 -9126
7113 503 -8898
7114 499 -9390
7115 349 -9410
7116 287 -9150
7117 101 -9186
7118 251 -9142
7119 227 -9146
7120 127 -9002
7121 349 -9370
7122 389 -9574
7123 475 -9386
7124 285 -9270
7125 213 -9502
7126 151 -9482
7127 -81 -9442
7128 -31 -9346
7129 -13 -9150
7130 17 -8890
7131 -269 -9070
7132 -293 -9070
7133 -237 -9206
7134 -311 -8998
7135 -205 -9034
7136 -245 -8918
7137 -231 -9286
7138 -437 -9026
7139 -517 -9470
7140 -551 -8902
7141 -603 -9346
7142 -747 -9434
7143 -667 -9238
7144 -697 -9370
7145 -757 -9506
7146 -629 -9530
7147 -373 -9554
7148 -425 -9782
7149 -609 -9538
7150 -555 -9466
7151 -577 -9426
7152 -509 -9298
7153 -593 -9102
7154 -595 -9406
7155 -669 -9278
7156 -759 -9370
7157 -545 -9414
7158 -379 -9394
7159 -111 -9202
7160 161 -9302
7161 33 -9542
7162 327 -9662
7163 273 -9418
7164 141 -9166
7165 123 -9054
7166 -49 -9522
7167 95 -9042
7168 71 -9186
7169 -13 -9314
7170 37 -9266
7171 -15 -9338
7172 -95 -9422
7173 27 -9506
7174 -115 -9342
7175 -69 -9270
7176 -41 -9574
7177 83 -9422
7178 181 -9426
7179 143 -9506
7180 109 -9442
7181 115 -9282
7182 203 -9078
7183 135 -9270
7184 -53 -9226
7185 127 -9262
7186 87 -9514
7187 249 -9222
7188 173 -9118
7189 263 -9174
7190 369 -9346
7191 357 -9414
7192 109 -9222
7193 67 -9170
7194 179 -9118
7195 33 -9250
7196 -177 -9590
7197 -119 -9538
7198 -213 -9490
7199 -39 -9406
7200 71 -9486
7201 -15 -9430
7202 123 -9430
7203 219 -9226
7204 277 -8934
7205 341 -9126
7206 301 -9294
7207 281 -9238
7208 69 -9342
7209 297 -9514
7210 159 -9450
7211 -55 -9206
7212 -15 -9182
7213 -167 -9214
7214 -101 -9470
7215 -79 -9306
7216 -197 -9578
7217 -365 -9466
7218 -327 -9598
7219 -373 -9070
7220 -263 -9394
7221 -73 -9358
7222 -83 -9174
7223 -93 -8914
7224 -321 -9162
7225 -231 -8882
7226 -205 -8922
7227 -191 -9174
7228 -123 -9314
7229 -131 -9110
7230 -231 -9158
7231 -363 -9434
7232 -241 -9390
7233 -227 -9290
7234 -235 -9134
7235 -165 -9262
7236 -159 -9354
7237 -91 -9342
7238 -193 -9406
7239 -47 -9206
7240 -95 -9390
7241 -71 -8966
7242 -55 -9314
7243 -63 -9330
7244 -23 -9130
7245 -107 -9118
7246 -327 -9174
7247 -131 -9354
7248 -103 -9358
7249 -191 -9318
7250 -123 -9462
7251 -207 -9370
7252 -377 -9406
7253 -625 -9282
7254 -389 -9418
7255 1 -9422
7256 105 -9470
7257 101 -9086
7258 67 -9070
7259 55 -9022
7260 359 -9118
7261 305 -9382
7262 203 -9118
7263 185 -9250
7264 217 -9326
7265 243 -9278
7266 175 -9262
7267 355 -9094
7268 317 -9154
7269 455 -9506
7270 445 -9138
7271 403 -8958
7272 253 -9074
7273 81 -9242
7274 -79 -9146
7275 5 -9334
7276 295 -9250
7277 139 -9318
7278 1 -9338
7279 49 -9218
7280 111 -9442
7281 -3 -9398
7282 3 -9706
7283 137 -9434
7284 1 -9678
7285 99 -9514
7286 65 -9354
7287 53 -9282
7288 -41 -9250
7289 87 -9486
7290 137 -9558
7291 55 -9250
7292 161 -9422
7293 191 -9418
7294 101 -9142
7295 233 -9346
7296 353 -9550
7297 269 -9310
7298 303 -9290
7299 73 -9446
7300 63 -9466
7301 -3 -9234
7302 27 -9198
7303 81 -9254
7304 -151 -9298
7305 -77 -9326
7306 -73 -9110
7307 13 -8894
7308 9 -8942
7309 -127 -8998
7310 -77 -8990
7311 -195 -9138
7312 -335 -9142
7313 -71 -9174
7314 -59 -9190
7315 -147 -9486
7316 -211 -9610
7317 -253 -9630
7318 -367 -9426
7319 -209 -9282
7320 -165 -9094
7321 -155 -9058
7322 -91 -9170
7323 -147 -9410
7324 -367 -9202
7325 -375 -9258
7326 -387 -9166
7327 -351 -9550
7328 -321 -9246
7329 -363 -9238
7330 -481 -9598
7331 -625 -9250
7332 -677 -9158
7333 -731 -9118
7334 -567 -9178
7335 -589 -8890
7336 -533 -8898
7337 -521 -9074
7338 -583 -9090
7339 -601 -9142
7340 -515 -9134
7341 -401 -9450
7342 -217 -9330
7343 27 -9470
7344 -39 -9522
7345 -65 -9378
7346 -71 -9110
7347 -33 -9402
7348 -137 -9286
7349 -233 -9382
7350 -327 -9370
7351 -207 -9402
7352 -211 -9186
7353 -377 -9598
7354 -87 -9710
7355 -155 -9354
7356 -43 -9094
7357 -155 -9238
7358 -301 -9086
7359 -279 -9158
7360 -515 -8962
7361 -569 -8870
7362 -513 -8802
7363 -559 -8966
7364 -729 -9366
7365 -779 -9218
7366 -1025 -9290
7367 -967 -9274
7368 -765 -9214
7369 -603 -9262
7370 -663 -9266
7371 -641 -9490
7372 -551 -9314
7373 -469 -9426
7374 -481 -9414
7375 -505 -9486
7376 -515 -9242
7377 -599 -9402
7378 -593 -9366
7379 -633 -8930
7380 -683 -9094
7381 -547 -9278
7382 -621 -8786
7383 -713 -8970
7384 -307 -9034
7385 -177 -9122
7386 -83 -8954
7387 13 -9210
7388 -87 -8938
7389 89 -8822
7390 -135 -9014
7391 -79 -8870
7392 -111 -9122
7393 -71 -9418
7394 -127 -8870
7395 13 -8846
7396 113 -9074
7397 223 -9470
7398 227 -9398
7399 339 -9438
7400 417 -9470
7401 439 -9606
7402 335 -9570
7403 127 -9302
7404 43 -9450
7405 101 -9286
7406 -35 -9146
7407 53 -9302
7408 63 -9094
7409 155 -9354
7410 417 -9302
7411 285 -9158
7412 259 -9270
7413 145 -9130
7414 -63 -8990
7415 -153 -9234
7416 51 -9150
7417 157 -9158
7418 203 -9330
7419 333 -9442
7420 547 -9542
7421 703 -9546
7422 745 -9506
7423 377 -9590
7424 407 -9318
7425 429 -9314
7426 633 -9102
7427 643 -9242
7428 783 -9198
7429 567 -9462
7430 251 -9306
7431 395 -9062
7432 323 -9398
7433 397 -9582
7434 481 -9514
7435 401 -9502
7436 383 -9386
7437 103 -9618
7438 45 -9498
7439 -221 -9242
7440 81 -9122
7441 125 -9486
7442 9 -9382
7443 49 -9318
7444 243 -9542
7445 159 -9574
7446 -43 -9686
7447 163 -9522
7448 129 -9430
7449 77 -9470
7450 113 -8954
7451 -37 -9002
7452 147 -9330
7453 259 -9158
7454 215 -9130
7455 273 -9094
7456 365 -8982
7457 519 -9166
7458 559 -9294
7459 519 -9106
7460 415 -9178
7461 257 -9402
7462 221 -9254
7463 39 -8922
7464 -25 -9114
7465 25 -8934
7466 -157 -9106
7467 -5 -8982
7468 -93 -9162
7469 -83 -8998
7470 -199 -9006
7471 43 -9470
7472 67 -9250
7473 -81 -9326
7474 -265 -9054
7475 -469 -9206
7476 -531 -9110
7477 -723 -8898
7478 -819 -9182
7479 -751 -9234
7480 -713 -9438
7481 -557 -9310
7482 -531 -9186
7483 -529 -9114
7484 -745 -8790
7485 -905 -9154
7486 -1125 -8934
7487 -1057 -9118
7488 -715 -9194
7489 -857 -9226
7490 -829 -9022
7491 -785 -9018
7492 -787 -9170
7493 -645 -9006
7494 -665 -8930
7495 -911 -9358
7496 -809 -9378
7497 -781 -9350
7498 -797 -9470
7499 -693 -9562
7500 -675 -9318
7501 -891 -9310
7502 -891 -9314
7503 -965 -9250
7504 -1111 -9346
7505 -905 -9362
7506 -743 -9386
7507 -429 -9586
7508 -229 -9446
7509 21 -9450
7510 87 -9414
7511 239 -9138
7512 309 -9170
7513 227 -8982
7514 139 -9346
7515 -153 -9258
7516 97 -9398
7517 165 -9082
7518 327 -9386
7519 253 -9370
7520 59 -9342
7521 185 -9426
7522 155 -9318
7523 -37 -9306
7524 -11 -9410
7525 -71 -9810
7526 -21 -9558
7527 -117 -9526
7528 19 -9706
7529 51 -9470
7530 251 -9410
7531 233 -9522
7532 365 -9474
7533 391 -9258
7534 139 -9322
7535 241 -9278
7536 333 -9226
7537 375 -9126
7538 419 -8990
7539 519 -8994
7540 549 -8910
7541 397 -8998
7542 245 -9230
7543 151 -9050
7544 101 -9298
7545 43 -9274
7546 297 -9098
7547 437 -9038
7548 457 -9086
7549 549 -9134
7550 591 -9058
7551 653 -8958
7552 465 -9042
7553 391 -9022
7554 463 -9154
7555 517 -9042
7556 483 -9190
7557 361 -9342
7558 207 -9210
7559 139 -9274
7560 247 -9210
7561 287 -9074
7562 199 -8814
7563 67 -8938
7564 -287 -9198
7565 -155 -9054
7566 -49 -9058
7567 -79 -8870
7568 -141 -9202
7569 -91 -9238
7570 -219 -9298
7571 -117 -9206
7572 -109 -9198
7573 -33 -9642
7574 1 -9474
7575 75 -9450
7576 -35 -9346
7577 -57 -9238
7578 -137 -9538
7579 -85 -9582
7580 -115 -9886
7581 -217 -9210
7582 -419 -8830
7583 -483 -9314
7584 -445 -9310
7585 -233 -9234
7586 -333 -9058
7587 -367 -9250
7588 -441 -9186
7589 -469 -9130
7590 -561 -9078
7591 -639 -8982
7592 -781 -8958
7593 -803 -9210
7594 -761 -9466
7595 -915 -9314
7596 -979 -9114
7597 -677 -8910
7598 -503 -8910
7599 -657 -8990
7600 -631 -9214
7601 -657 -9094
7602 -425 -9242
7603 -457 -9346
7604 -541 -9150
7605 -627 -9386
7606 -735 -9458
7607 -713 -9478
7608 -769 -9626
7609 -657 -9530
7610 -533 -9158
7611 -637 -9510
7612 -693 -9538
7613 -747 -9562
7614 -647 -9358
7615 -515 -9206
7616 -499 -9270
7617 -319 -9074
7618 -265 -9210
7619 -141 -9250
7620 -345 -9210
7621 -327 -9182
7622 -221 -9074
7623 -37 -8874
7624 165 -9038
7625 9 -8946
7626 -69 -9374
7627 -61 -9502
7628 -207 -9350
7629 -163 -9390
7630 -69 -9458
7631 17 -9530
7632 49 -9686
7633 253 -9818
7634 179 -9778
7635 143 -9582
7636 161 -9442
7637 -33 -9414
7638 -23 -9226
7639 53 -9286
7640 -99 -9318
7641 -135 -9450
7642 -123 -9318
7643 -273 -9690
7644 -393 -9586
7645 -183 -9462
7646 -209 -9334
7647 -9 -9586
7648 87 -9738
7649 151 -9258
7650 239 -9222
7651 343 -9390
7652 383 -9238
7653 187 -9418
7654 9 -9286
7655 113 -9158
7656 151 -9338
7657 167 -9294
7658 217 -9226
7659 297 -9106
7660 501 -9302
7661 181 -9278
7662 -47 -9210
7663 -31 -9374
7664 -157 -9306
7665 -191 -9450
7666 113 -9078
7667 131 -8978
7668 135 -8986
7669 99 -9202
7670 -45 -9314
7671 -269 -9194
7672 -61 -9362
7673 -171 -9382
7674 -189 -9330
7675 -323 -9114
7676 -403 -9166
7677 -503 -8910
7678 -399 -9166
7679 -525 -9058
7680 -619 -9070
7681 -909 -8998
7682 -717 -9022
7683 -541 -8922
7684 -633 -9030
7685 -821 -9238
7686 -921 -9106
7687 -925 -9158
7688 -857 -9426
7689 -729 -9078
7690 -525 -9358
7691 -473 -9594
7692 -477 -9274
7693 -595 -9426
7694 -479 -9494
7695 -277 -9278
7696 -327 -9138
7697 -423 -9326
7698 -379 -9278
7699 -193 -9334
7700 -107 -9310
7701 -13 -9422
7702 -121 -9490
7703 19 -9398
7704 81 -9242
7705 79 -9590
7706 -37 -9610
7707 -99 -9346
7708 -177 -9342
7709 -379 -9310
7710 -357 -9226
7711 -499 -8902
7712 -437 -8954
7713 -337 -9010
7714 -213 -9174
7715 -237 -9258
7716 -269 -9402
7717 7 -8998
7718 1 -9118
7719 195 -8910
7720 -39 -8922
7721 -25 -9214
7722 -287 -9270
7723 -343 -9206
7724 -353 -9310
7725 -421 -9222
7726 -213 -9314
7727 -231 -9086
7728 -355 -9042
7729 -411 -9218
7730 -369 -9326
7731 -455 -9406
7732 -299 -9350
7733 -451 -9330
7734 -615 -9362
7735 -761 -9878
7736 -819 -9478
7737 -687 -9482
7738 -713 -9470
7739 -759 -9334
7740 -759 -9410
7741 -819 -9074
7742 -857 -9134
7743 -527 -9506
7744 -497 -9130
7745 -367 -9258
7746 -343 -9230
7747 -341 -9374
7748 -83 -9326
7749 -29 -9058
7750 145 -9250
7751 -27 -9162
7752 57 -9110
7753 -79 -9474
7754 25 -9314
7755 11 -9218
7756 -29 -9010
7757 97 -9338
7758 97 -9306
7759 109 -9410
7760 -27 -9370
7761 -153 -9406
7762 -163 -9454
7763 -75 -9530
7764 -137 -9294
7765 -207 -9450
7766 -29 -9426
7767 -125 -9370
7768 -105 -9426
7769 -93 -9450
7770 -199 -9326
7771 -77 -9038
7772 -155 -9274
7773 -209 -9498
7774 -195 -9654
7775 -209 -9202
7776 -417 -9434
7777 -321 -9322
7778 -243 -9314
7779 -175 -9618
7780 -117 -9562
7781 -581 -9570
7782 -579 -9554
7783 -553 -9794
7784 -355 -9550
7785 -121 -9526
7786 -123 -9354
7787 -375 -9298
7788 -443 -9358
7789 -353 -9454
7790 -429 -9354
7791 -453 -9278
7792 -285 -9206
7793 -385 -9314
7794 -597 -9182
7795 -675 -9290
7796 -669 -9342
7797 -709 -9094
7798 -777 -9086
7799 -743 -9202
7800 -967 -9350
7801 -809 -9398
7802 -773 -9126
7803 -723 -9138
7804 -445 -9110
7805 -559 -8922
7806 -415 -9278
7807 -389 -9334
7808 -333 -9310
7809 -303 -9050
7810 -427 -9130
7811 -445 -9070
7812 -377 -9198
7813 -305 -9446
7814 -329 -9054
7815 -535 -9486
7816 -465 -9578
7817 -209 -9190
7818 -291 -9214
7819 -71 -9254
7820 261 -9406
7821 175 -9222
7822 157 -9190
7823 189 -9286
7824 13 -9170
7825 -199 -9238
7826 -367 -9298
7827 -581 -9394
7828 -527 -9474
7829 -365 -9674
7830 -463 -9446
7831 -491 -9318
7832 -511 -9362
7833 -293 -9094
7834 -251 -9278
7835 -185 -9122
7836 -315 -9086
7837 -261 -9162
7838 -303 -9514
7839 -263 -9442
7840 -495 -9598
7841 -367 -9402
7842 -383 -9002
7843 -175 -9298
7844 -339 -9066
7845 -451 -9074
7846 -401 -9166
7847 -271 -9154
7848 -259 -9286
7849 -167 -9202
7850 -37 -9234
7851 53 -9154
7852 -97 -8986
7853 133 -8858
7854 29 -8638
7855 163 -8826
7856 475 -8782
7857 609 -9274
7858 569 -9282
7859 507 -9366
7860 393 -9150
7861 367 -9110
7862 387 -8910
7863 501 -8954
7864 627 -9086
7865 547 -8950
7866 515 -9246
7867 529 -9330
7868 375 -9290
7869 309 -9338
7870 321 -9566
7871 333 -9434
7872 287 -9458
7873 495 -9350
7874 595 -9466
7875 579 -9414
7876 619 -9194
7877 609 -9146
7878 669 -9106
7879 623 -9234
7880 387 -9670
7881 99 -9362
7882 263 -9358
7883 349 -9334
7884 317 -9106
7885 337 -9270
7886 433 -9354
7887 465 -9606
7888 349 -9502
7889 303 -8854
7890 -91 -9102
7891 195 -9298
7892 281 -9298
7893 305 -9166
7894 217 -9270
7895 203 -9110
7896 189 -9090
7897 265 -9266
7898 187 -9222
7899 145 -9338
7900 69 -9350
7901 281 -9358
7902 189 -9070
7903 139 -9166
7904 153 -9326
7905 191 -9002
7906 -123 -9246
7907 125 -9150
7908 49 -9066
7909 -103 -9154
7910 -53 -9470
7911 -103 -9398
7912 -85 -9258
7913 -95 -9134
7914 -109 -9014
7915 -9 -9158
7916 39 -9330
7917 -95 -9506
7918 -195 -9258
7919 -161 -9338
7920 189 -9502
7921 387 -9370
7922 363 -9382
7923 335 -9274
7924 89 -9258
7925 97 -9150
7926 -69 -9018
7927 -125 -9062
7928 -169 -9126
7929 -401 -9014
7930 -573 -8994
7931 -739 -9010
7932 -815 -9150
7933 -937 -8958
7934 -953 -8978
7935 -771 -8930
7936 -673 -9030
7937 -621 -9134
7938 -451 -9190
7939 -411 -9102
7940 -433 -9098
7941 -705 -8974
7942 -565 -8938
7943 -421 -9138
7944 -519 -9454
7945 -523 -9374
7946 -413 -9318
7947 -351 -9050
7948 -321 -8934
7949 -199 -8946
7950 -119 -9158
7951 193 -9298
7952 267 -9182
7953 171 -9478
7954 19 -9534
7955 47 -9414
7956 -79 -9358
7957 -95 -9438
7958 -29 -9438
7959 253 -9366
7960 301 -9526
7961 275 -9430
7962 319 -9626
7963 245 -9338
7964 377 -9410
7965 275 -9250
7966 317 -8946
7967 257 -9358
7968 291 -9206
7969 107 -9582
7970 85 -9142
7971 109 -9230
7972 63 -9142
7973 57 -9382
7974 97 -9186
7975 205 -9078
7976 419 -9318
7977 565 -9334
7978 515 -9406
7979 391 -9286
7980 343 -9190
7981 377 -9322
7982 573 -9546
7983 595 -9314
7984 491 -9294
7985 267 -9166
7986 309 -9398
7987 245 -8922
7988 53 -9062
7989 -105 -8978
7990 -79 -8866
7991 -11 -8982
7992 -157 -9026
7993 -113 -9318
7994 41 -9038
7995 81 -8878
7996 95 -8926
7997 -47 -9126
7998 -71 -9050
7999 145 -8778
8000 101 -9126
8001 185 -9038
8002 135 -8978
8003 97 -9150
8004 109 -9242
8005 -51 -9278
8006 13 -9234
8007 -65 -9394
8008 -443 -9506
8009 -489 -9322
8010 -507 -9214
8011 -775 -9178
8012 -825 -9274
8013 -873 -8950
8014 -949 -8962
8015 -977 -9146
8016 -729 -9138
8017 -787 -9038
8018 -795 -8914
8019 -847 -8754
8020 -605 -8866
8021 -507 -9066
8022 -377 -9254
8023 -415 -9286
8024 -517 -9522
8025 -651 -9518
8026 -643 -9222
8027 -739 -9126
8028 -773 -9230
8029 -773 -9202
8030 -821 -9058
8031 -797 -8942
8032 -841 -9154
8033 -801 -9238
8034 -697 -9278
8035 -487 -9114
8036 -551 -9098
8037 -605 -9282
8038 -709 -9486
8039 -443 -9414
8040 -375 -9462
8041 -291 -9550
8042 -259 -9318
8043 -287 -9314
8044 -253 -9386
8045 -319 -9334
8046 -303 -9538
8047 -189 -9150
8048 -409 -9170
8049 -251 -9150
8050 -97 -8830
8051 -145 -8850
8052 -201 -9038
8053 -225 -9178
8054 -123 -9286
8055 -159 -9250
8056 -101 -9330
8057 -25 -9582
8058 -75 -9350
8059 -325 -8994
8060 -217 -9118
8061 -443 -9302
8062 -387 -9290
8063 -345 -9322
8064 -359 -9398
8065 -555 -9210
8066 -649 -9286
8067 -407 -9366
8068 -447 -9238
8069 -465 -9310
8070 -589 -9498
8071 -551 -9110
8072 -325 -9362
8073 -275 -9186
8074 -511 -9186
8075 -575 -9018
8076 -631 -9430
8077 -621 -9458
8078 -711 -9382
8079 -807 -9050
8080 -701 -9218
8081 -585 -9310
8082 -601 -9130
8083 -843 -9062
8084 -881 -9290
8085 -889 -9298
8086 -837 -9458
8087 -829 -9370
8088 -795 -9074
8089 -595 -9174
8090 -571 -9310
8091 -737 -9462
8092 -717 -9326
8093 -799 -9414
8094 -959 -9558
8095 -1031 -9530
8096 -1061 -9326
8097 -1013 -9090
8098 -681 -8906
8099 -551 -8894
8100 -417 -8894
8101 -423 -9254
8102 -185 -9098
8103 -267 -9274
8104 -167 -9390
8105 -245 -9386
8106 -281 -9314
8107 -301 -9538
8108 -209 -9434
8109 -165 -9510
8110 -81 -9494
8111 -347 -9294
8112 -311 -9462
8113 -403 -9526
8114 -183 -9342
8115 -293 -9526
8116 -121 -9538
8117 245 -9342
8118 217 -9514
8119 285 -8994
8120 353 -9374
8121 271 -9482
8122 281 -9526
8123 473 -9802
8124 653 -9470
8125 597 -9534
8126 465 -9182
8127 123 -9174
8128 49 -9494
8129 143 -9570
8130 199 -9350
8131 487 -9170
8132 417 -9422
8133 345 -9514
8134 407 -9590
8135 331 -9606
8136 231 -9414
8137 55 -9322
8138 165 -9346
8139 205 -9386
8140 353 -9386
8141 243 -9518
8142 15 -9538
8143 -57 -9130
8144 23 -9198
8145 193 -9402
8146 157 -9526
8147 349 -9458
8148 545 -9526
8149 551 -9598
8150 731 -9342
8151 843 -9378
8152 687 -9270
8153 669 -9194
8154 777 -9226
8155 779 -9562
8156 675 -9398
8157 679 -9478
8158 763 -9506
8159 913 -9846
8160 831 -9958
8161 789 -9662
8162 667 -9482
8163 703 -9302
8164 671 -9362
8165 705 -9450
8166 685 -9070
8167 679 -9194
8168 785 -9178
8169 681 -9138
8170 597 -8998
8171 761 -9102
8172 673 -9314
8173 565 -9230
8174 689 -9098
8175 823 -8902
8176 703 -8942
8177 805 -9002
8178 787 -9122
8179 679 -9306
8180 671 -9294
8181 731 -9338
8182 547 -9362
8183 593 -9202
8184 657 -9014
8185 873 -8970
8186 917 -8818
8187 619 -8882
8188 619 -8802
8189 469 -9186
8190 573 -9450
8191 631 -9406
8192 551 -9346
8193 401 -9054
8194 447 -9098
8195 705 -9194
8196 647 -9390
8197 485 -9518
8198 601 -9710
8199 585 -9674
8200 329 -9582
8201 287 -9258
8202 263 -9242
8203 225 -9318
8204 195 -9182
8205 129 -9094
8206 53 -9190
8207 141 -9194
8208 39 -9610
8209 -67 -9354
8210 -235 -9034
8211 -169 -8926
8212 65 -9150
8213 241 -9306
8214 343 -9262
8215 285 -9150
8216 273 -9306
8217 155 -9382
8218 217 -9238
8219 37 -8922
8220 95 -9058
8221 15 -9158
8222 231 -9574
8223 415 -9674
8224 455 -9566
8225 439 -9450
8226 391 -9434
8227 363 -9154
8228 293 -9110
8229 287 -9330
8230 267 -9122
8231 163 -9054
8232 127 -9326
8233 -31 -9458
8234 -39 -9542
8235 -19 -9178
8236 41 -9422
8237 89 -8946
8238 33 -8974
8239 49 -9138
8240 259 -9146
8241 -39 -9130
8242 105 -9170
8243 -19 -9202
8244 47 -9322
8245 47 -9402
8246 9 -9106
8247 419 -9318
8248 463 -9274
8249 619 -9282
8250 593 -9302
8251 487 -9354
8252 567 -9038
8253 557 -9010
8254 569 -9138
8255 549 -8922
8256 455 -9062
8257 435 -9082
8258 103 -9290
8259 -41 -9430
8260 -49 -9558
8261 111 -9218
8262 -25 -9170
8263 185 -9378
8264 7 -9210
8265 -53 -9130
8266 -37 -9186
8267 69 -9146
8268 -259 -9446
8269 -365 -9298
8270 -67 -9306
8271 211 -9258
8272 221 -9222
8273 277 -9074
8274 359 -9266
8275 293 -8978
8276 549 -9058
8277 671 -9286
8278 731 -9210
8279 627 -9454
8280 565 -9086
8281 591 -9310
8282 529 -9222
8283 449 -9614
8284 607 -9526
8285 575 -9494
8286 753 -9198
8287 787 -9414
8288 883 -9166
8289 867 -8710
8290 1055 -9038
8291 829 -8962
8292 695 -9286
8293 615 -8994
8294 631 -9086
8295 461 -9114
8296 405 -9118
8297 561 -9202
8298 575 -9434
8299 247 -9330
8300 157 -9190
8301 -23 -9630
8302 125 -9630
8303 -27 -9446
8304 -9 -9590
8305 -57 -9518
8306 -159 -9410
8307 -59 -9146
8308 -121 -9362
8309 -5 -9098
8310 77 -9158
8311 -109 -9214
8312 -71 -9078
8313 55 -9378
8314 205 -9206
8315 77 -9154
8316 -19 -9494
8317 35 -9518
8318 53 -9526
8319 -47 -9462
8320 -61 -9774
8321 -261 -9530
8322 -427 -9486
8323 -119 -9430
8324 65 -9306
8325 123 -9334
8326 193 -9382
8327 49 -9250
8328 141 -9034
8329 -67 -9186
8330 33 -9190
8331 -53 -9190
8332 87 -9018
8333 61 -9134
8334 19 -9110
8335 59 -9222
8336 71 -9322
8337 -97 -9278
8338 -115 -9218
8339 -95 -9014
8340 -9 -8942
8341 59 -8822
8342 73 -9046
8343 -49 -9386
8344 55 -9314
8345 159 -9262
8346 145 -9046
8347 83 -8942
8348 159 -9334
8349 173 -9342
8350 185 -9282
8351 -101 -9318
8352 -143 -9470
8353 -307 -9506
8354 -323 -9466
8355 -141 -9346
8356 -287 -9266
8357 -329 -9482
8358 -469 -9342
8359 -501 -9166
8360 -639 -9330
8361 -443 -9246
8362 -391 -9250
8363 -153 -8870
8364 -131 -9278
8365 -69 -8970
8366 -71 -9050
8367 37 -9254
8368 49 -9426
8369 175 -9062
8370 395 -9298
8371 479 -9438
8372 439 -9506
8373 549 -9486
8374 459 -9434
8375 413 -9266
8376 429 -9270
8377 243 -9254
8378 261 -9446
8379 115 -9646
8380 325 -9674
8381 239 -9494
8382 263 -9606
8383 185 -9558
8384 37 -9594
8385 25 -9474
8386 -25 -9438
8387 -253 -9454
8388 -159 -9490
8389 -97 -9382
8390 -89 -9550
8391 57 -9414
8392 263 -9326
8393 413 -9242
8394 589 -9574
8395 287 -9162
8396 515 -9142
8397 409 -8870
8398 443 -8902
8399 815 -9098
8400 671 -9402
8401 591 -9442
8402 643 -9378
8403 597 -9674
8404 823 -9398
8405 823 -9442
8406 707 -9478
8407 575 -9366
8408 547 -9266
8409 375 -9262
8410 357 -9326
8411 429 -9222
8412 213 -9654
8413 259 -9278
8414 303 -9214
8415 307 -9226
8416 15 -9174
8417 139 -9510
8418 81 -9354
8419 189 -9286
8420 177 -9690
8421 273 -9378
8422 209 -9318
8423 235 -9394
8424 257 -9402
8425 295 -9242
8426 339 -9182
8427 395 -9306
8428 175 -9234
8429 123 -9546
8430 125 -9506
8431 115 -9546
8432 123 -9278
8433 51 -9070
8434 167 -9170
8435 265 -9074
8436 335 -9062
8437 341 -9034
8438 451 -9262
8439 435 -9258
8440 421 -9354
8441 475 -9490
8442 579 -9374
8443 483 -9102
8444 457 -9066
8445 295 -9330
8446 11 -9198
8447 -61 -9494
8448 -209 -9158
8449 -151 -8878
8450 53 -8878
8451 -63 -9218
8452 -77 -8934
8453 -19 -8994
8454 -21 -9066
8455 157 -9178
8456 57 -9322
8457 437 -9318
8458 523 -9330
8459 461 -9302
8460 685 -9274
8461 769 -9418
8462 807 -9478
8463 723 -9158
8464 407 -9330
8465 311 -9306
8466 361 -9050
8467 249 -9354
8468 339 -9270
8469 353 -9438
8470 257 -9446
8471 335 -9294
8472 209 -9358
8473 119 -9190
8474 141 -9182
8475 209 -9202
8476 263 -9242
8477 217 -9182
8478 377 -9270
8479 469 -9322
8480 571 -9390
8481 545 -9114
8482 525 -9054
8483 489 -9290
8484 529 -9118
8485 583 -9318
8486 435 -9506
8487 577 -9310
8488 409 -9138
8489 583 -9418
8490 667 -9110
8491 713 -9062
8492 813 -9190
8493 789 -9350
8494 805 -9110
8495 703 -9306
8496 773 -9322
8497 647 -9530
8498 455 -9634
8499 513 -9402
8500 761 -9210
8501 615 -9310
8502 459 -9054
8503 571 -9206
8504 651 -9426
8505 567 -9526
8506 467 -9382
8507 513 -9026
8508 393 -9070
8509 429 -9286
8510 591 -9494
8511 517 -9526
8512 591 -9306
8513 259 -9522
8514 475 -9138
8515 539 -9178
8516 511 -9718
8517 491 -9350
8518 371 -9174
8519 351 -9386
8520 177 -9402
8521 -59 -9622
8522 133 -9318
8523 207 -9026
8524 355 -9030
8525 457 -9518
8526 667 -9486
8527 531 -9578
8528 411 -9174
8529 387 -9194
8530 543 -9238
8531 735 -9326
8532 725 -9346
8533 873 -8794
8534 917 -9062
8535 975 -9278
8536 827 -9154
8537 1007 -9270
8538 913 -9102
8539 987 -8830
8540 871 -8994
8541 971 -9126
8542 931 -9210
8543 767 -9126
8544 607 -9186
8545 653 -9158
8546 649 -9230
8547 753 -9402
8548 743 -9182
8549 763 -8958
8550 603 -8878
8551 719 -8998
8552 587 -9474
8553 543 -9318
8554 531 -9454
8555 359 -9166
8556 333 -8986
8557 259 -9142
8558 53 -9198
8559 -103 -9074
8560 -121 -9198
8561 -59 -9134
8562 7 -9474
8563 -25 -9366
8564 115 -9078
8565 209 -9194
8566 83 -9266
8567 127 -9242
8568 -113 -9226
8569 -363 -9386
8570 -299 -9342
8571 -209 -9294
8572 9 -9414
8573 77 -9386
8574 -31 -9234
8575 85 -8998
8576 315 -9066
8577 729 -9302
8578 771 -9086
8579 761 -9322
8580 939 -9426
8581 795 -9490
8582 579 -9490
8583 353 -9266
8584 293 -9370
8585 69 -9334
8586 -73 -9514
8587 -27 -9078
8588 163 -9154
8589 335 -9338
8590 503 -9190
8591 545 -9150
8592 413 -9082
8593 341 -9242
8594 411 -9562
8595 557 -9458
8596 505 -9470
8597 415 -9458
8598 299 -9418
8599 337 -9622
8600 347 -9438
8601 467 -9386
8602 521 -9430
8603 537 -9302
8604 679 -9258
8605 607 -9318
8606 505 -9182
8607 549 -9054
8608 651 -9358
8609 805 -9478
8610 897 -9422
8611 859 -9346
8612 697 -9202
8613 819 -9062
8614 829 -9170
8615 753 -9310
8616 703 -9174
8617 543 -9234
8618 259 -9202
8619 187 -9242
8620 177 -9214
8621 105 -9310
8622 -81 -9194
8623 181 -9378
8624 379 -9474
8625 317 -9394
8626 289 -9442
8627 115 -9278
8628 181 -9014
8629 235 -9150
8630 399 -9062
8631 567 -9166
8632 495 -9098
8633 391 -9086
8634 385 -8906
8635 433 -9142
8636 485 -9190
8637 439 -9178
8638 283 -8942
8639 297 -9270
8640 387 -9426
8641 253 -9326
8642 -13 -9322
8643 -223 -9318
8644 -103 -9270
8645 -135 -9174
8646 -191 -8974
8647 -205 -9154
8648 -425 -9298
8649 -393 -9154
8650 -365 -9282
8651 -309 -9138
8652 -457 -8902
8653 -247 -9050
8654 -249 -9222
8655 -85 -9406
8656 -75 -9590
8657 -221 -9226
8658 -205 -9182
8659 -313 -9114
8660 -227 -9262
8661 -185 -9282
8662 -333 -9406
8663 -339 -9274
8664 -345 -9246
8665 -179 -9406
8666 -201 -9134
8667 -323 -9366
8668 -189 -9342
8669 -357 -9194
8670 -295 -8854
8671 -317 -9182
8672 -299 -8894
8673 -335 -8802
8674 -325 -8810
8675 -375 -9098
8676 -475 -9290
8677 -595 -9202
8678 -521 -9038
8679 -269 -9086
8680 -399 -9366
8681 -349 -9238
8682 -291 -8990
8683 -329 -9074
8684 -555 -9198
8685 -545 -9150
8686 -497 -9258
8687 -513 -8910
8688 -567 -9166
8689 -557 -9362
8690 -349 -8990
8691 -467 -8982
8692 -387 -9126
8693 -169 -9142
8694 159 -9018
8695 193 -9090
8696 191 -9194
8697 125 -9030
8698 -105 -9362
8699 -183 -9078
8700 -395 -8978
8701 -349 -9226
8702 -265 -9082
8703 -261 -8838
8704 -515 -9010
8705 -591 -9234
8706 -579 -9410
8707 -635 -9378
8708 -555 -9542
8709 -547 -9462
8710 -245 -9430
8711 -149 -9642
8712 -459 -9690
8713 -321 -9770
8714 -39 -9646
8715 15 -9306
8716 -217 -9162
8717 -235 -8906
8718 -377 -9234
8719 -495 -9250
8720 -387 -9306
8721 -433 -9206
8722 -323 -9506
8723 -443 -9422
8724 -437 -9218
8725 -445 -9030
8726 -407 -9094
8727 -387 -9398
8728 -597 -9358
8729 -527 -9174
8730 -401 -9406
8731 -243 -9422
8732 -285 -9442
8733 -441 -9394
8734 -611 -9546
8735 -655 -9518
8736 -709 -9582
8737 -459 -9390
8738 -431 -9230
8739 -551 -9310
8740 -405 -9370
8741 -387 -9354
8742 -427 -9490
8743 -259 -9290
8744 -151 -9354
8745 -17 -9258
8746 -115 -9430
8747 95 -9298
8748 135 -9378
8749 339 -9238
8750 501 -9086
8751 403 -9350
8752 443 -9370
8753 341 -9326
8754 189 -9594
8755 161 -9486
8756 113 -9298
8757 167 -9450
8758 171 -9186
8759 77 -9354
8760 -61 -9290
8761 147 -9350
8762 301 -9294
8763 167 -9474
8764 -41 -9250
8765 47 -9218
8766 -9 -9458
8767 163 -9402
8768 309 -9530
8769 203 -9294
8770 25 -9330
8771 125 -9330
8772 29 -9338
8773 69 -9634
8774 -67 -9310
8775 -89 -9310
8776 -59 -9298
8777 -189 -9202
8778 -43 -9126
8779 -249 -9206
8780 -189 -8874
8781 -329 -9142
8782 -193 -9386
8783 -255 -9226
8784 -21 -8986
8785 -37 -8874
8786 -71 -8982
8787 -145 -9050
8788 -395 -9298
8789 -633 -9362
8790 -577 -9438
8791 -703 -10030
8792 -575 -10034
8793 -321 -9622
8794 -493 -9286
8795 -517 -9470
8796 -569 -9498
8797 -503 -9538
8798 -535 -9354
8799 -493 -9190
8800 -643 -9410
8801 -637 -9454
8802 -593 -9242
8803 -399 -9426
8804 -337 -9314
8805 -467 -9710
8806 -463 -9682
8807 -485 -9406
8808 -407 -9346
8809 -335 -9270
8810 -197 -9462
8811 -293 -9342
8812 -373 -9206
8813 -257 -9058
8814 -205 -9126
8815 -139 -9170
8816 -203 -9158
8817 33 -9198
8818 15 -9222
8819 59 -9166
8820 25 -9110
8821 237 -9238
8822 287 -9258
8823 175 -9242
8824 -59 -9462
8825 -139 -9394
8826 -189 -9478
8827 -339 -9310
8828 -201 -9182
8829 -139 -9234
8830 -159 -8954
8831 -171 -8866
8832 -23 -8830
8833 69 -9178
8834 199 -9314
8835 -27 -9394
8836 -29 -9614
8837 -295 -9254
8838 -151 -9102
8839 -101 -9166
8840 -139 -9182
8841 -325 -9134
8842 -461 -9270
8843 -461 -9214
8844 -431 -9046
8845 -361 -9098
8846 -245 -9162
8847 -419 -9182
8848 -649 -9510
8849 -473 -9586
8850 -367 -9110
8851 -619 -9022
8852 -533 -9002
8853 -343 -9194
8854 -413 -9222
8855 -693 -9046
8856 -673 -8930
8857 -565 -9358
8858 -537 -9350
8859 -473 -9330
8860 -389 -8974
8861 -263 -8918
8862 -341 -9090
8863 -189 -9274
8864 -43 -9194
8865 -59 -9362
8866 47 -9302
8867 59 -9482
8868 225 -9626
8869 189 -9462
8870 23 -9582
8871 203 -9550
8872 287 -9622
8873 365 -9842
8874 201 -9542
8875 201 -9662
8876 147 -9702
8877 131 -10030
8878 355 -9738
8879 599 -9654
8880 521 -9594
8881 609 -9482
8882 437 -9070
8883 419 -8914
8884 607 -9190
8885 553 -8990
8886 417 -8914
8887 443 -9126
8888 509 -8990
8889 577 -9058
8890 691 -8922
8891 543 -9054
8892 483 -9222
8893 413 -9106
8894 537 -9154
8895 473 -9278
8896 275 -9570
8897 147 -9502
8898 263 -9450
8899 417 -9126
8900 235 -9354
8901 347 -9294
8902 367 -9182
8903 215 -8998
8904 249 -9330
8905 183 -9230
8906 61 -9090
8907 185 -8918
8908 99 -9190
8909 81 -9042
8910 -129 -9302
8911 -57 -9410
8912 -43 -9194
8913 -221 -9122
8914 -353 -9254
8915 -173 -9198
8916 99 -9134
8917 7 -9026
8918 157 -9170
8919 319 -9170
8920 331 -9286
8921 445 -9310
8922 297 -9426
8923 95 -9498
8924 147 -9066
8925 153 -8954
8926 105 -9226
8927 -129 -9042
8928 -295 -9154
8929 -267 -9266
8930 -57 -9338
8931 153 -9266
8932 105 -9130
8933 259 -9094
8934 225 -9382
8935 117 -9454
8936 -57 -9286
8937 173 -9270
8938 79 -9482
8939 273 -9614
8940 377 -9638
8941 347 -9274
8942 397 -9246
8943 493 -9466
8944 599 -9126
8945 675 -9370
8946 705 -9514
8947 593 -9230
8948 543 -9370
8949 507 -9170
8950 321 -9226
8951 115 -9210
8952 53 -9358
8953 105 -9162
8954 307 -9338
8955 297 -9438
8956 337 -9290
8957 299 -9306
8958 457 -9062
8959 379 -9354
8960 455 -9146
8961 317 -9246
8962 301 -9174
8963 437 -9302
8964 303 -9410
8965 387 -9330
8966 453 -9218
8967 389 -9466
8968 351 -9670
8969 119 -9286
8970 73 -9222
8971 203 -9442
8972 367 -9294
8973 361 -9526
8974 193 -9234
8975 281 -9406
8976 277 -9214
8977 395 -9578
8978 171 -9630
8979 235 -9326
8980 157 -9158
8981 -5 -9038
8982 133 -9214
8983 191 -9270
8984 129 -9298
8985 71 -9350
8986 237 -9446
8987 297 -9402
8988 309 -9162
8989 137 -9178
8990 339 -9062
8991 323 -8962
8992 219 -9210
8993 151 -9214
8994 365 -9366
8995 109 -9570
8996 191 -9386
8997 11 -9542
8998 57 -9498
8999 -19 -9314
9000 -67 -9450
9001 191 -9114
9002 17 -9078
9003 55 -9190
9004 177 -9218
9005 217 -9174
9006 371 -9106
9007 393 -9266
9008 369 -9374
9009 147 -9098
9010 -181 -9294
9011 -181 -9010
9012 -239 -9050
9013 -221 -9222
9014 -199 -8942
9015 -269 -9186
9016 -225 -8778
9017 105 -8982
9018 209 -9102
9019 331 -8994
9020 451 -9042
9021 491 -9150
9022 629 -9294
9023 741 -9082
9024 757 -9034
9025 755 -9322
9026 633 -9178
9027 635 -8898
9028 623 -8834
9029 595 -8942
9030 753 -9142
9031 511 -9274
9032 683 -9382
9033 695 -9214
9034 385 -9114
9035 433 -9242
9036 601 -9658
9037 593 -9706
9038 411 -9562
9039 447 -9290
9040 195 -9422
9041 279 -9122
9042 325 -9514
9043 515 -9218
9044 337 -9258
9045 263 -8914
9046 369 -8990
9047 443 -9010
9048 655 -9026
9049 629 -8966
9050 711 -9150
9051 745 -9198
9052 485 -8994
9053 427 -8754
9054 413 -8862
9055 383 -9114
9056 513 -9138
9057 597 -9170
9058 653 -9270
9059 461 -9266
9060 415 -9306
9061 351 -9174
9062 373 -9226
9063 237 -9278
9064 49 -9386
9065 59 -9170
9066 165 -9154
9067 177 -9266
9068 393 -9414
9069 239 -9274
9070 305 -9162
9071 505 -9298
9072 283 -9426
9073 409 -9654
9074 335 -9422
9075 259 -9410
9076 341 -9626
9077 313 -9374
9078 393 -9362
9079 447 -9326
9080 691 -9310
9081 459 -9378
9082 443 -9466
9083 647 -9358
9084 735 -9350
9085 505 -9270
9086 455 -9394
9087 501 -9322
9088 283 -9438
9089 145 -9298
9090 -35 -9250
9091 -105 -9362
9092 -147 -9046
9093 -275 -9010
9094 -49 -9198
9095 -115 -9062
9096 -261 -8914
9097 15 -8690
9098 89 -8730
9099 47 -9138
9100 169 -9102
9101 125 -8874
9102 -13 -8854
9103 89 -9006
9104 357 -9142
9105 141 -9074
9106 101 -9246
9107 233 -9202
9108 227 -9214
9109 299 -9246
9110 421 -9430
9111 299 -9294
9112 73 -9302
9113 -69 -9294
9114 91 -9170
9115 73 -8822
9116 35 -8990
9117 237 -9390
9118 265 -9654
9119 253 -9502
9120 445 -9230
9121 369 -9434
9122 257 -9502
9123 261 -9582
9124 167 -9618
9125 507 -9510
9126 541 -9554
9127 303 -9286
9128 285 -8934
9129 347 -8978
9130 309 -8890
9131 121 -9074
9132 295 -8966
9133 273 -8926
9134 243 -9270
9135 293 -9374
9136 197 -9354
9137 109 -9398
9138 137 -9378
9139 123 -9070
9140 -25 -9138
9141 -421 -8866
9142 -231 -9286
9143 -467 -9406
9144 -581 -9394
9145 -809 -9354
9146 -835 -9278
9147 -851 -9226
9148 -781 -9286
9149 -911 -9266
9150 -845 -9142
9151 -841 -9186
9152 -847 -9002
9153 -1069 -9318
9154 -1141 -9570
9155 -1335 -9362
9156 -1353 -9222
9157 -1309 -9158
9158 -1317 -9334
9159 -1393 -9486
9160 -1199 -9478
9161 -1127 -9570
9162 -885 -9698
9163 -1003 -9446
9164 -907 -9446
9165 -815 -9414
9166 -789 -9382
9167 -869 -9326
9168 -655 -9494
9169 -583 -9638
9170 -517 -9666
9171 -759 -9534
9172 -629 -9498
9173 -469 -9174
9174 -489 -9162
9175 -383 -8854
9176 -417 -8982
9177 -361 -8974
9178 -161 -9074
9179 -283 -8982
9180 -431 -9434
9181 -379 -9078
9182 -563 -9338
9183 -591 -9254
9184 -443 -9454
9185 -563 -9166
9186 -597 -9334
9187 -581 -9198
9188 -389 -9286
9189 -403 -9366
9190 -377 -9362
9191 -485 -9418
9192 -333 -9162
9193 -253 -8918
9194 -215 -9018
9195 -185 -9042
9196 -69 -8974
9197 123 -9022
9198 39 -9338
9199 99 -8962
9200 -23 -9190
9201 -147 -9202
9202 -361 -9110
9203 -371 -9094
9204 -245 -9126
9205 -79 -9402
9206 -77 -9662
9207 -107 -9510
9208 -231 -9354
9209 -107 -9294
9210 -113 -9394
9211 131 -9486
9212 171 -9502
9213 311 -9810
9214 429 -9798
9215 463 -9706
9216 599 -9662
9217 567 -9694
9218 547 -9486
9219 303 -9198
9220 349 -9630
9221 289 -9478
9222 445 -9454
9223 299 -9262
9224 165 -9354
9225 31 -9154
9226 -17 -9282
9227 245 -9394
9228 423 -9486
9229 393 -9422
9230 525 -9474
9231 465 -9350
9232 719 -9202
9233 471 -9146
9234 513 -9294
9235 451 -9454
9236 341 -9258
9237 479 -9014
9238 339 -9082
9239 159 -8994
9240 245 -9226
9241 79 -9174
9242 141 -9106
9243 241 -9126
9244 171 -9194
9245 1 -9286
9246 147 -9214
9247 95 -9170
9248 195 -9134
9249 37 -9210
9250 293 -8882
9251 383 -9058
9252 165 -9310
9253 -285 -9182
9254 -239 -9226
9255 -351 -8818
9256 -225 -9046
9257 -99 -9418
9258 -123 -9502
9259 -51 -9666
9260 -161 -9310
9261 -281 -9646
9262 -365 -9506
9263 -317 -9494
9264 -335 -9518
9265 -327 -9118
9266 -517 -9286
9267 -351 -9322
9268 -229 -9162
9269 -293 -9242
9270 -467 -9374
9271 -565 -9706
9272 -617 -9222
9273 -651 -9078
9274 -673 -9378
9275 -675 -9410
9276 -699 -9510
9277 -651 -9526
9278 -673 -9546
9279 -721 -9430
9280 -827 -9390
9281 -819 -9622
9282 -821 -9930
9283 -719 -9074
9284 -537 -9066
9285 -607 -9026
9286 -573 -9110
9287 -297 -9206
9288 -157 -9218
9289 -331 -9202
9290 -301 -9106
9291 99 -9014
9292 87 -9050
9293 81 -9114
9294 91 -8922
9295 -7 -9210
9296 -1 -9158
9297 -65 -9110
9298 93 -9022
9299 9 -9206
9300 1 -9194
9301 -223 -9270
9302 -105 -9286
9303 -171 -9370
9304 -339 -9330
9305 -393 -9198
9306 -463 -9402
9307 -247 -9250
9308 -447 -9330
9309 -355 -9106
9310 -441 -9206
9311 -277 -9518
9312 -247 -9210
9313 -329 -9362
9314 -259 -8986
9315 -347 -8858
9316 -537 -8874
9317 -599 -8946
9318 -569 -9094
9319 -657 -8838
9320 -529 -8938
9321 -477 -8970
9322 -275 -8990
9323 -653 -8870
9324 -671 -9282
9325 -811 -9414
9326 -645 -9294
9327 -655 -9246
9328 -679 -9110
9329 -763 -9050
9330 -1001 -9094
9331 -777 -8966
9332 -893 -9090
9333 -767 -9202
9334 -587 -8826
9335 -593 -8910
9336 -415 -8946
9337 -397 -9082
9338 -401 -9206
9339 -309 -9230
9340 -369 -9134
9341 -411 -9198
9342 -203 -9122
9343 -207 -9078
9344 -461 -9198
9345 -377 -9082
9346 -549 -8866
9347 -765 -9070
9348 -823 -9214
9349 -715 -9394
9350 -527 -9442
9351 -705 -9594
9352 -613 -9506
9353 -563 -9434
9354 -479 -9570
9355 -385 -9362
9356 -589 -9418
9357 -545 -9250
9358 -679 -9562
9359 -693 -9398
9360 -625 -9414
9361 -789 -9382
9362 -919 -9446
9363 -875 -9454
9364 -829 -9414
9365 -911 -9490
9366 -869 -9286
9367 -645 -9618
9368 -575 -9490
9369 -377 -9010
9370 -211 -9602
9371 87 -9418
9372 219 -9598
9373 205 -9586
9374 -47 -9446
9375 105 -9362
9376 23 -9234
9377 -185 -9438
9378 -95 -9214
9379 -133 -9226
9380 -201 -9210
9381 -315 -9494
9382 -89 -9690
9383 -187 -9710
9384 -55 -9546
9385 -215 -9574
9386 -123 -9398
9387 -35 -9298
9388 -121 -9270
9389 -111 -9314
9390 19 -9310
9391 -129 -9026
9392 19 -9130
9393 57 -9190
9394 151 -9314
9395 5 -9362
9396 43 -9342
9397 -49 -9434
9398 -193 -9470
9399 -121 -9294
9400 -129 -9154
9401 15 -9218
9402 51 -8818
9403 81 -8882
9404 -217 -8874
9405 -147 -8946
9406 -221 -9158
9407 -391 -9062
9408 -179 -8698
9409 -233 -8670
9410 -237 -8974
9411 -313 -8814
9412 -459 -8834
9413 -539 -8942
9414 -705 -9274
9415 -509 -9326
9416 -737 -9070
9417 -653 -9310
9418 -653 -9270
9419 -627 -9202
9420 -785 -9282
9421 -785 -9346
9422 -671 -9542
9423 -561 -9678
9424 -563 -9902
9425 -455 -9458
9426 -417 -9306
9427 -431 -8934
9428 -515 -9410
9429 -545 -9462
9430 -243 -9462
9431 -127 -9402
9432 -175 -9526
9433 -269 -9302
9434 -225 -9266
9435 -167 -9230
9436 -215 -9150
9437 -199 -9210
9438 -209 -9218
9439 95 -9110
9440 -91 -9286
9441 -159 -9450
9442 -117 -9378
9443 -79 -9226
9444 -55 -9742
9445 -21 -9546
9446 -1 -9638
9447 9 -9558
9448 103 -9422
9449 -47 -9406
9450 183 -9526
9451 -31 -9518
9452 67 -9234
9453 341 -9170
9454 285 -9410
9455 183 -9610
9456 263 -9254
9457 401 -9358
9458 487 -9090
9459 685 -8918
9460 855 -9154
9461 655 -9350
9462 649 -9190
9463 641 -9074
9464 843 -9090
9465 791 -9270
9466 931 -9246
9467 779 -9482
9468 869 -9386
9469 991 -9022
9470 965 -9346
9471 1335 -9214
9472 1305 -9282
9473 1487 -9094
9474 1557 -9126
9475 1403 -9110
9476 1205 -9118
9477 1057 -9198
9478 951 -9278
9479 1023 -9162
9480 1069 -9050
9481 1127 -9074
9482 1161 -9142
9483 955 -9242
9484 907 -9062
9485 815 -9286
9486 801 -9410
9487 843 -9354
9488 951 -9382
9489 713 -9186
9490 917 -9390
9491 817 -9286
9492 727 -8958
9493 545 -8858
9494 363 -8930
9495 511 -9202
9496 313 -9330
9497 247 -9318
9498 309 -9430
9499 241 -9254
9500 343 -9218
9501 357 -9270
9502 357 -9386
9503 279 -9482
9504 351 -9238
9505 421 -9038
9506 499 -9426
9507 495 -9314
9508 483 -9310
9509 301 -9502
9510 319 -9206
9511 147 -9206
9512 9 -9322
9513 269 -9378
9514 177 -9486
9515 269 -9266
9516 211 -9162
9517 185 -9130
9518 267 -9374
9519 341 -9334
9520 245 -9506
9521 415 -9454
9522 545 -9418
9523 631 -9666
9524 387 -9306
9525 565 -9198
9526 455 -9294
9527 425 -9486
9528 443 -9182
9529 97 -9322
9530 -23 -9282
9531 -15 -8986
9532 153 -9250
9533 121 -9514
9534 -39 -9478
9535 -51 -9350
9536 -167 -9498
9537 -225 -9234
9538 -127 -9274
9539 -49 -9010
9540 -163 -9002
9541 -95 -9518
9542 -269 -9046
9543 -303 -9314
9544 -231 -9342
9545 -197 -9202
9546 -511 -9330
9547 -547 -9206
9548 -595 -9338
9549 -709 -9254
9550 -667 -9154
9551 -621 -9126
9552 -799 -9310
9553 -741 -9558
9554 -939 -9350
9555 -969 -9190
9556 -1101 -9074
9557 -1071 -9094
9558 -905 -9250
9559 -995 -9210
9560 -929 -9410
9561 -953 -9310
9562 -915 -9154
9563 -729 -9142
9564 -949 -9438
9565 -963 -9398
9566 -923 -9190
9567 -915 -9074
9568 -1061 -9058
9569 -971 -8922
9570 -887 -9454
9571 -755 -9546
9572 -531 -9598
9573 -639 -9302
9574 -557 -9546
9575 -521 -9678
9576 -449 -9462
9577 -481 -9658
9578 -469 -9666
9579 -139 -9466
9580 65 -9534
9581 197 -9354
9582 231 -9474
9583 215 -9626
9584 117 -9374
9585 107 -9374
9586 137 -9534
9587 133 -9538
9588 -129 -9514
9589 151 -9538
9590 123 -9366
9591 385 -9334
9592 107 -9170
9593 125 -9198
9594 51 -9218
9595 173 -9026
9596 365 -8930
9597 175 -8902
9598 163 -9178
9599 199 -9258
9600 201 -9318
9601 271 -9542
9602 63 -9426
9603 -57 -9206
9604 -207 -9138
9605 -403 -9046
9606 -393 -8874
9607 -151 -8906
9608 -111 -9134
9609 -207 -9170
9610 -283 -9094
9611 -285 -9050
9612 -229 -9338
9613 43 -9262
9614 39 -9242
9615 131 -9514
9616 349 -9286
9617 283 -9138
9618 -39 -9294
9619 -13 -9582
9620 -33 -9418
9621 105 -9386
9622 125 -9286
9623 47 -9534
9624 7 -9242
9625 -5 -9402
9626 -109 -9354
9627 -107 -9102
9628 -275 -9126
9629 -191 -9278
9630 -51 -9006
9631 3 -9070
9632 -125 -9086
9633 -235 -9374
9634 -369 -9346
9635 -345 -9134
9636 -253 -9358
9637 -171 -9062
9638 -263 -9406
9639 -197 -9198
9640 -259 -9222
9641 -343 -9078
9642 -401 -8910
9643 -283 -9102
9644 -191 -9026
9645 -153 -9058
9646 -343 -9106
9647 -361 -9098
9648 -383 -9118
9649 -643 -9538
9650 -435 -9166
9651 -359 -9158
9652 -433 -9190
9653 -239 -9126
9654 -131 -9190
9655 -41 -9538
9656 -141 -9526
9657 -73 -9634
9658 -109 -9422
9659 -187 -9458
9660 -231 -9342
9661 -225 -9086
9662 -235 -9322
9663 -407 -9182
9664 -281 -8950
9665 -401 -9262
9666 -263 -9198
9667 -73 -8990
9668 -155 -9110
9669 -241 -9206
9670 -213 -9050
9671 -123 -8986
9672 -211 -9078
9673 -275 -9198
9674 -61 -9250
9675 -85 -9018
9676 71 -9094
9677 -79 -9182
9678 125 -9478
9679 -245 -9542
9680 -29 -9438
9681 -191 -9286
9682 -243 -9446
9683 -189 -9606
9684 -207 -9638
9685 -71 -9622
9686 -79 -9662
9687 -137 -9606
9688 -247 -9654
9689 -237 -9366
9690 -203 -9318
9691 -269 -9330
9692 -233 -9138
9693 -245 -9234
9694 -339 -9042
9695 -257 -9410
9696 -115 -9354
9697 -275 -9306
9698 -457 -9294
9699 -481 -9402
9700 -581 -9338
9701 -467 -9454
9702 -849 -9298
9703 -765 -9138
9704 -765 -9186
9705 -555 -9134
9706 -435 -9194
9707 -311 -9278
9708 -175 -9106
9709 -217 -9322
9710 -303 -9166
9711 -169 -8886
9712 73 -8778
9713 -21 -8746
9714 -31 -9086
9715 -59 -9090
9716 143 -9226
9717 529 -9206
9718 657 -9158
9719 363 -9230
9720 489 -9154
9721 361 -9222
9722 339 -9138
9723 615 -9062
9724 529 -9038
9725 645 -9018
9726 671 -9070
9727 517 -9286
9728 529 -9410
9729 513 -9270
9730 247 -9358
9731 91 -9086
9732 203 -9410
9733 147 -9242
9734 77 -9250
9735 -67 -9254
9736 -99 -9654
9737 -123 -9854
9738 -231 -9702
9739 -175 -9502
9740 45 -9282
9741 175 -9198
9742 63 -9334
9743 15 -9282
9744 171 -9130
9745 273 -9234
9746 219 -9326
9747 59 -9206
9748 -3 -9182
9749 69 -9214
9750 267 -9134
9751 133 -9102
9752 271 -9122
9753 161 -9342
9754 107 -9102
9755 95 -9330
9756 193 -9198
9757 307 -9246
9758 375 -9022
9759 303 -9706
9760 361 -9226
9761 315 -9126
9762 121 -9102
9763 151 -9086
9764 137 -9326
9765 -27 -9390
9766 123 -9514
9767 145 -9418
9768 137 -9334
9769 49 -9438
9770 -5 -9534
9771 -133 -9322
9772 -109 -9030
9773 -199 -9170
9774 183 -9246
9775 -1 -9326
9776 -85 -9302
9777 -171 -9374
9778 -129 -9306
9779 -61 -9254
9780 67 -9026
9781 215 -8886
9782 45 -9134
9783 127 -9398
9784 107 -9302
9785 83 -9426
9786 95 -9290
9787 -97 -9338
9788 -67 -9366
9789 111 -9498
9790 141 -9174
9791 327 -9198
9792 217 -9262
9793 217 -9134
9794 245 -9150
9795 241 -9134
9796 209 -9178
9797 105 -8990
9798 209 -8798
9799 135 -8934
9800 249 -8854
9801 375 -9126
9802 313 -9350
9803 197 -9246
9804 401 -9350
9805 263 -9534
9806 387 -9502
9807 299 -9434
9808 299 -9642
9809 419 -9338
9810 151 -9186
9811 351 -9110
9812 341 -8978
9813 265 -8694
9814 135 -9202
9815 19 -9010
9816 89 -9354
9817 -23 -9422
9818 -43 -9538
9819 245 -9366
9820 263 -9378
9821 151 -9490
9822 169 -9306
9823 139 -9250
9824 155 -9346
9825 63 -9314
9826 11 -9346
9827 -229 -9418
9828 -197 -8994
9829 -131 -9226
9830 21 -9194
9831 275 -9314
9832 145 -9326
9833 69 -9266
9834 265 -9078
9835 77 -9198
9836 53 -9178
9837 293 -9214
9838 277 -9618
9839 329 -9214
9840 255 -9014
9841 341 -9394
9842 461 -9314
9843 517 -9382
9844 419 -9386
9845 459 -9298
9846 599 -9126
9847 535 -9162
9848 479 -9214
9849 565 -9214
9850 367 -9118
9851 159 -9206
9852 243 -9338
9853 397 -9298
9854 313 -9342
9855 459 -9198
9856 277 -9414
9857 -47 -9038
9858 13 -9114
9859 7 -9398
9860 -163 -9126
9861 177 -9122
9862 281 -9286
9863 229 -9466
9864 235 -9566
9865 291 -9758
9866 263 -9406
9867 345 -9354
9868 371 -9582
9869 297 -9486
9870 297 -9486
9871 559 -9530
9872 625 -9186
9873 571 -9258
9874 741 -9398
9875 365 -9322
9876 391 -9078
9877 487 -9194
9878 477 -9306
9879 399 -9242
9880 299 -9214
9881 83 -9282
9882 389 -9174
9883 205 -9402
9884 183 -9358
9885 257 -9342
9886 309 -9250
9887 487 -9350
9888 289 -9302
9889 443 -9154
9890 421 -9022
9891 609 -9254
9892 545 -9226
9893 321 -9166
9894 167 -9270
9895 69 -9018
9896 143 -9150
9897 279 -9446
9898 171 -9478
9899 191 -9278
9900 111 -9346
9901 141 -9202
9902 33 -9094
9903 -237 -9166
9904 -463 -9130
9905 -597 -8978
9906 -501 -9214
9907 -643 -9142
9908 -661 -9190
9909 -895 -9118
9910 -905 -8998
9911 -783 -9234
9912 -847 -9282
9913 -1041 -9138
9914 -993 -8914
9915 -729 -8966
9916 -747 -8762
9917 -785 -8742
9918 -967 -9206
9919 -943 -9186
9920 -895 -9322
9921 -791 -9310
9922 -871 -9450
9923 -885 -9410
9924 -587 -9386
9925 -627 -9362
9926 -721 -9414
9927 -817 -9338
9928 -827 -9474
9929 -599 -9590
9930 -577 -9826
9931 -481 -9814
9932 -411 -9690
9933 -295 -9678
9934 -155 -9582
9935 -247 -9546
9936 -251 -9338
9937 -395 -9402
9938 -511 -9262
9939 -547 -9118
9940 -651 -9298
9941 -473 -9494
9942 -693 -9630
9943 -625 -9446
9944 -767 -9346
9945 -679 -8978
9946 -599 -9002
9947 -585 -9250
9948 -331 -9214
9949 -409 -9234
9950 -273 -9386
9951 -315 -9358
9952 -233 -9342
9953 -211 -9070
9954 -209 -9218
9955 -299 -9158
9956 -201 -9190
9957 -131 -9314
9958 -129 -9394
9959 -169 -9522
9960 -109 -9470
9961 -303 -9766
9962 -277 -9482
9963 -233 -9226
9964 -213 -9670
9965 -225 -9406
9966 -213 -9522
9967 -123 -9478
9968 -275 -9374
9969 -259 -9398
9970 -185 -9010
9971 -165 -9078
9972 -305 -9142
9973 -99 -9270
9974 -153 -9394
9975 -69 -9162
9976 213 -9046
9977 135 -9218
9978 67 -9026
9979 67 -8914
9980 137 -9126
9981 141 -9434
9982 119 -9298
9983 81 -9498
9984 107 -9110
9985 59 -8918
9986 265 -9118
9987 289 -9074
9988 227 -9218
9989 305 -9174
9990 157 -9398
9991 217 -9150
9992 137 -9214
9993 41 -8874
9994 147 -9070
9995 25 -9246
9996 -181 -9022
9997 -189 -9302
9998 -291 -9170
9999 -233 -9154
